date,time,symbol,open,high,low,close,volume,MA20,MA50,MA100,MA200,Price_Above_MA50,Price_Above_MA100,Price_Above_MA200,MA20_Above_MA50,MA20_Above_MA100,MA20_Above_MA200,Distance_MA20_%,Distance_MA50_%
2024-12-31,15:29:00,PNB,102.65,102.69,102.6,102.65,40912,,,,,False,False,False,False,False,False,,
2024-12-31,15:28:00,PNB,102.62,102.68,102.55,102.64,44810,,,,,False,False,False,False,False,False,,
2024-12-31,15:27:00,PNB,102.7,102.7,102.62,102.64,71847,,,,,False,False,False,False,False,False,,
2024-12-31,15:26:00,PNB,102.69,102.73,102.67,102.67,47622,,,,,False,False,False,False,False,False,,
2024-12-31,15:25:00,PNB,102.67,102.73,102.62,102.66,70670,,,,,False,False,False,False,False,False,,
2024-12-31,15:24:00,PNB,102.7,102.88,102.62,102.67,193364,,,,,False,False,False,False,False,False,,
2024-12-31,15:23:00,PNB,102.66,102.72,102.62,102.66,89812,,,,,False,False,False,False,False,False,,
2024-12-31,15:22:00,PNB,102.85,102.89,102.64,102.64,110330,,,,,False,False,False,False,False,False,,
2024-12-31,15:21:00,PNB,102.84,102.95,102.8,102.85,149610,,,,,False,False,False,False,False,False,,
2024-12-31,15:20:00,PNB,102.77,102.88,102.73,102.84,176214,,,,,False,False,False,False,False,False,,
2024-12-31,15:19:00,PNB,102.82,102.82,102.7,102.8,149007,,,,,False,False,False,False,False,False,,
2024-12-31,15:18:00,PNB,102.79,103.04,102.77,102.82,392849,,,,,False,False,False,False,False,False,,
2024-12-31,15:17:00,PNB,102.83,102.9,102.78,102.78,83076,,,,,False,False,False,False,False,False,,
2024-12-31,15:16:00,PNB,102.83,102.9,102.77,102.8,79434,,,,,False,False,False,False,False,False,,
2024-12-31,15:15:00,PNB,102.81,102.9,102.77,102.83,131416,,,,,False,False,False,False,False,False,,
2024-12-31,15:14:00,PNB,102.83,102.83,102.75,102.81,80168,,,,,False,False,False,False,False,False,,
2024-12-31,15:13:00,PNB,102.79,102.82,102.74,102.82,71459,,,,,False,False,False,False,False,False,,
2024-12-31,15:12:00,PNB,102.8,102.8,102.7,102.77,88123,,,,,False,False,False,False,False,False,,
2024-12-31,15:11:00,PNB,102.84,102.84,102.7,102.75,72676,,,,,False,False,False,False,False,False,,
2024-12-31,15:10:00,PNB,102.81,102.87,102.79,102.84,68847,102.747,,,,False,False,False,False,False,False,0.09,
2024-12-31,15:09:00,PNB,102.79,102.83,102.75,102.81,70453,102.755,,,,False,False,False,False,False,False,0.05,
2024-12-31,15:08:00,PNB,102.81,102.81,102.75,102.8,33024,102.763,,,,False,False,False,False,False,False,0.04,
2024-12-31,15:07:00,PNB,102.79,102.86,102.75,102.81,72226,102.77149999999999,,,,False,False,False,False,False,False,0.04,
2024-12-31,15:06:00,PNB,102.72,102.79,102.66,102.78,55962,102.777,,,,False,False,False,False,False,False,0.0,
2024-12-31,15:05:00,PNB,102.72,102.74,102.65,102.69,39273,102.77850000000001,,,,False,False,False,False,False,False,-0.09,
2024-12-31,15:04:00,PNB,102.73,102.79,102.65,102.68,106600,102.779,,,,False,False,False,False,False,False,-0.1,
2024-12-31,15:03:00,PNB,102.78,102.78,102.7,102.73,44704,102.7825,,,,False,False,False,False,False,False,-0.05,
2024-12-31,15:02:00,PNB,102.9,102.9,102.7,102.78,74639,102.7895,,,,False,False,False,False,False,False,-0.01,
2024-12-31,15:01:00,PNB,102.8,102.9,102.76,102.9,69108,102.792,,,,False,False,False,False,False,False,0.11,
2024-12-31,15:00:00,PNB,102.94,102.98,102.7,102.8,101352,102.78999999999999,,,,False,False,False,False,False,False,0.01,
2024-12-31,14:59:00,PNB,102.85,102.99,102.84,102.95,154420,102.79749999999999,,,,False,False,False,False,False,False,0.15,
2024-12-31,14:58:00,PNB,102.92,102.92,102.79,102.85,75743,102.799,,,,False,False,False,False,False,False,0.05,
2024-12-31,14:57:00,PNB,102.68,102.92,102.67,102.92,234494,102.806,,,,False,False,False,False,False,False,0.11,
2024-12-31,14:56:00,PNB,102.67,102.78,102.67,102.71,75713,102.8015,,,,False,False,False,False,False,False,-0.09,
2024-12-31,14:55:00,PNB,102.67,102.71,102.61,102.69,53230,102.7945,,,,False,False,False,False,False,False,-0.1,
2024-12-31,14:54:00,PNB,102.72,102.77,102.64,102.64,21832,102.78599999999999,,,,False,False,False,False,False,False,-0.14,
2024-12-31,14:53:00,PNB,102.76,102.78,102.72,102.72,39868,102.78099999999999,,,,False,False,False,False,False,False,-0.06,
2024-12-31,14:52:00,PNB,102.8,102.83,102.72,102.76,22295,102.7805,,,,False,False,False,False,False,False,-0.02,
2024-12-31,14:51:00,PNB,102.85,102.86,102.74,102.84,30771,102.78500000000001,,,,False,False,False,False,False,False,0.05,
2024-12-31,14:50:00,PNB,102.8,102.88,102.8,102.81,49759,102.7835,,,,False,False,False,False,False,False,0.03,
2024-12-31,14:49:00,PNB,102.87,102.87,102.76,102.8,37971,102.78299999999999,,,,False,False,False,False,False,False,0.02,
2024-12-31,14:48:00,PNB,102.82,102.89,102.78,102.82,17498,102.78399999999999,,,,False,False,False,False,False,False,0.04,
2024-12-31,14:47:00,PNB,102.85,102.89,102.8,102.8,36589,102.7835,,,,False,False,False,False,False,False,0.02,
2024-12-31,14:46:00,PNB,102.87,102.9,102.8,102.85,18743,102.78699999999999,,,,False,False,False,False,False,False,0.06,
2024-12-31,14:45:00,PNB,102.75,102.96,102.72,102.87,161708,102.796,,,,False,False,False,False,False,False,0.07,
2024-12-31,14:44:00,PNB,102.62,102.75,102.59,102.74,93504,102.799,,,,False,False,False,False,False,False,-0.06,
2024-12-31,14:43:00,PNB,102.6,102.63,102.51,102.62,29760,102.7935,,,,False,False,False,False,False,False,-0.17,
2024-12-31,14:42:00,PNB,102.52,102.6,102.45,102.55,59237,102.782,,,,False,False,False,False,False,False,-0.23,
2024-12-31,14:41:00,PNB,102.53,102.53,102.44,102.52,35743,102.76299999999999,,,,False,False,False,False,False,False,-0.24,
2024-12-31,14:40:00,PNB,102.6,102.61,102.5,102.53,16700,102.74949999999998,102.7542,,,False,False,False,False,False,False,-0.21,-0.22
2024-12-31,14:39:00,PNB,102.53,102.65,102.53,102.59,34175,102.73150000000001,102.75300000000001,,,False,False,False,False,False,False,-0.14,-0.16
2024-12-31,14:38:00,PNB,102.5,102.6,102.5,102.51,33152,102.7145,102.75040000000001,,,False,False,False,False,False,False,-0.2,-0.23
2024-12-31,14:37:00,PNB,102.61,102.61,102.49,102.52,8607,102.69449999999999,102.74799999999999,,,False,False,False,False,False,False,-0.17,-0.22
2024-12-31,14:36:00,PNB,102.5,102.61,102.5,102.61,56122,102.6895,102.74679999999998,,,False,False,False,False,False,False,-0.08,-0.13
2024-12-31,14:35:00,PNB,102.46,102.53,102.41,102.49,28922,102.6795,102.74340000000001,,,False,False,False,False,False,False,-0.18,-0.25
2024-12-31,14:34:00,PNB,102.58,102.6,102.45,102.46,32973,102.67049999999999,102.7392,,,False,False,False,False,False,False,-0.21,-0.27
2024-12-31,14:33:00,PNB,102.51,102.57,102.41,102.57,18719,102.66299999999998,102.7374,,,False,False,False,False,False,False,-0.09,-0.16
2024-12-31,14:32:00,PNB,102.42,102.55,102.4,102.46,82501,102.648,102.73380000000002,,,False,False,False,False,False,False,-0.18,-0.27
2024-12-31,14:31:00,PNB,102.34,102.45,102.3,102.4,29621,102.626,102.7248,,,False,False,False,False,False,False,-0.22,-0.32
2024-12-31,14:30:00,PNB,102.35,102.38,102.31,102.33,13831,102.602,102.71459999999999,,,False,False,False,False,False,False,-0.27,-0.37
2024-12-31,14:29:00,PNB,102.37,102.4,102.35,102.35,6822,102.57949999999998,102.70559999999999,,,False,False,False,False,False,False,-0.22,-0.35
2024-12-31,14:28:00,PNB,102.38,102.4,102.35,102.38,5853,102.5575,102.6968,,,False,False,False,False,False,False,-0.17,-0.31
2024-12-31,14:27:00,PNB,102.43,102.44,102.37,102.38,18410,102.5365,102.68880000000001,,,False,False,False,False,False,False,-0.15,-0.3
2024-12-31,14:26:00,PNB,102.41,102.45,102.4,102.43,7011,102.5155,102.6814,,,False,False,False,False,False,False,-0.08,-0.24
2024-12-31,14:25:00,PNB,102.39,102.44,102.32,102.41,19271,102.49249999999999,102.67300000000002,,,False,False,False,False,False,False,-0.08,-0.26
2024-12-31,14:24:00,PNB,102.37,102.44,102.36,102.36,34527,102.47349999999999,102.664,,,False,False,False,False,False,False,-0.11,-0.3
2024-12-31,14:23:00,PNB,102.42,102.44,102.32,102.35,17192,102.46,102.65459999999999,,,False,False,False,False,False,False,-0.11,-0.3
2024-12-31,14:22:00,PNB,102.45,102.45,102.3,102.38,70654,102.45149999999998,102.64679999999998,,,False,False,False,False,False,False,-0.07,-0.26
2024-12-31,14:21:00,PNB,102.46,102.5,102.4,102.45,13470,102.44800000000001,102.6408,,,False,False,False,False,False,False,0.0,-0.19
2024-12-31,14:20:00,PNB,102.55,102.56,102.42,102.45,22453,102.444,102.63300000000001,,,False,False,False,False,False,False,0.01,-0.18
2024-12-31,14:19:00,PNB,102.52,102.57,102.51,102.56,12037,102.4425,102.62799999999999,,,False,False,False,False,False,False,0.11,-0.07
2024-12-31,14:18:00,PNB,102.6,102.65,102.52,102.52,47228,102.44300000000001,102.6224,,,False,False,False,False,False,False,0.08,-0.1
2024-12-31,14:17:00,PNB,102.66,102.66,102.56,102.56,14955,102.44500000000001,102.6174,,,False,False,False,False,False,False,0.11,-0.06
2024-12-31,14:16:00,PNB,102.66,102.68,102.62,102.65,27257,102.447,102.6148,,,True,False,False,False,False,False,0.2,0.03
2024-12-31,14:15:00,PNB,102.66,102.72,102.6,102.62,26018,102.45349999999999,102.6134,,,True,False,False,False,False,False,0.16,0.01
2024-12-31,14:14:00,PNB,102.6,102.72,102.6,102.66,67406,102.4635,102.613,,,True,False,False,False,False,False,0.19,0.05
2024-12-31,14:13:00,PNB,102.66,102.7,102.6,102.64,34366,102.46700000000001,102.61120000000001,,,True,False,False,False,False,False,0.17,0.03
2024-12-31,14:12:00,PNB,102.67,102.69,102.62,102.66,4878,102.477,102.60879999999999,,,True,False,False,False,False,False,0.18,0.05
2024-12-31,14:11:00,PNB,102.73,102.73,102.65,102.67,7659,102.4905,102.6042,,,True,False,False,False,False,False,0.18,0.06
2024-12-31,14:10:00,PNB,102.68,102.75,102.66,102.71,65993,102.5095,102.6024,,,True,False,False,False,False,False,0.2,0.1
2024-12-31,14:09:00,PNB,102.65,102.67,102.61,102.66,14194,102.525,102.5966,,,True,False,False,False,False,False,0.13,0.06
2024-12-31,14:08:00,PNB,102.68,102.68,102.65,102.66,3329,102.53900000000002,102.59279999999998,,,True,False,False,False,False,False,0.12,0.07
2024-12-31,14:07:00,PNB,102.64,102.68,102.62,102.68,19435,102.554,102.58800000000001,,,True,False,False,False,False,False,0.12,0.09
2024-12-31,14:06:00,PNB,102.66,102.67,102.56,102.62,34616,102.5635,102.5862,,,True,False,False,False,False,False,0.06,0.03
2024-12-31,14:05:00,PNB,102.65,102.68,102.61,102.66,6429,102.576,102.5856,,,True,False,False,False,False,False,0.08,0.07
2024-12-31,14:04:00,PNB,102.66,102.69,102.6,102.6,26514,102.588,102.58480000000002,,,True,False,False,True,False,False,0.01,0.01
2024-12-31,14:03:00,PNB,102.59,102.66,102.59,102.65,21111,102.603,102.5834,,,True,False,False,True,False,False,0.05,0.06
2024-12-31,14:02:00,PNB,102.63,102.65,102.59,102.62,25203,102.61499999999998,102.58059999999999,,,True,False,False,True,False,False,0.0,0.04
2024-12-31,14:01:00,PNB,102.62,102.65,102.59,102.6,9342,102.62250000000002,102.5758,,,True,False,False,True,False,False,-0.02,0.02
2024-12-31,14:00:00,PNB,102.58,102.64,102.51,102.62,26970,102.631,102.572,,,True,False,False,True,False,False,-0.01,0.05
2024-12-31,13:59:00,PNB,102.57,102.61,102.53,102.54,14567,102.63,102.5668,,,False,False,False,True,False,False,-0.09,-0.03
2024-12-31,13:58:00,PNB,102.61,102.61,102.55,102.57,11685,102.63250000000001,102.5618,,,True,False,False,True,False,False,-0.06,0.01
2024-12-31,13:57:00,PNB,102.62,102.65,102.57,102.58,10502,102.6335,102.5574,,,True,False,False,True,False,False,-0.05,0.02
2024-12-31,13:56:00,PNB,102.57,102.64,102.56,102.58,27534,102.63,102.55199999999999,,,True,False,False,True,False,False,-0.05,0.03
2024-12-31,13:55:00,PNB,102.59,102.62,102.56,102.61,25640,102.62950000000001,102.5468,,,True,False,False,True,False,False,-0.02,0.06
2024-12-31,13:54:00,PNB,102.64,102.64,102.56,102.59,3569,102.626,102.5438,,,True,False,False,True,False,False,-0.04,0.05
2024-12-31,13:53:00,PNB,102.64,102.66,102.59,102.61,19002,102.62449999999998,102.54360000000001,,,True,False,False,True,False,False,-0.01,0.06
2024-12-31,13:52:00,PNB,102.58,102.65,102.58,102.63,35937,102.623,102.54520000000001,,,True,False,False,True,False,False,0.01,0.08
2024-12-31,13:51:00,PNB,102.59,102.63,102.55,102.56,5658,102.61749999999999,102.54599999999999,,,True,False,False,True,False,False,-0.06,0.01
2024-12-31,13:50:00,PNB,102.58,102.63,102.53,102.58,14739,102.61100000000002,102.54700000000001,102.6506,,True,False,False,True,False,False,-0.03,0.03
2024-12-31,13:49:00,PNB,102.6,102.64,102.5,102.53,39052,102.6045,102.5458,102.6494,,False,False,False,True,False,False,-0.07,-0.02
2024-12-31,13:48:00,PNB,102.64,102.65,102.59,102.59,9265,102.601,102.5474,102.6489,,True,False,False,True,False,False,-0.01,0.04
2024-12-31,13:47:00,PNB,102.62,102.65,102.6,102.61,9805,102.5975,102.5492,102.64859999999999,,True,False,False,True,False,False,0.01,0.06
2024-12-31,13:46:00,PNB,102.63,102.69,102.59,102.64,12607,102.59849999999999,102.54980000000002,102.6483,,True,False,False,True,False,False,0.04,0.09
2024-12-31,13:45:00,PNB,102.53,102.62,102.53,102.62,24657,102.59650000000002,102.55239999999999,102.64789999999999,,True,False,False,True,False,False,0.02,0.07
2024-12-31,13:44:00,PNB,102.62,102.64,102.51,102.54,14046,102.59349999999999,102.554,102.64659999999999,,False,False,False,True,False,False,-0.05,-0.01
2024-12-31,13:43:00,PNB,102.48,102.73,102.46,102.59,78991,102.59049999999999,102.5544,102.6459,,True,False,False,True,False,False,-0.0,0.03
2024-12-31,13:42:00,PNB,102.5,102.51,102.45,102.48,26511,102.5835,102.5548,102.6443,,False,False,False,True,False,False,-0.1,-0.07
2024-12-31,13:41:00,PNB,102.54,102.55,102.46,102.5,13936,102.5785,102.55680000000001,102.6408,,False,False,False,True,False,False,-0.08,-0.06
2024-12-31,13:40:00,PNB,102.59,102.62,102.5,102.55,23393,102.575,102.56120000000001,102.63789999999999,,False,False,False,True,False,False,-0.02,-0.01
2024-12-31,13:39:00,PNB,102.45,102.65,102.44,102.59,122856,102.57750000000001,102.566,102.6358,,True,False,False,True,False,False,0.01,0.02
2024-12-31,13:38:00,PNB,102.3,102.5,102.28,102.44,202593,102.571,102.5672,102.63199999999999,,False,False,False,True,False,False,-0.13,-0.12
2024-12-31,13:37:00,PNB,102.3,102.34,102.28,102.28,8266,102.556,102.56519999999999,102.62700000000001,,False,False,False,False,False,False,-0.27,-0.28
2024-12-31,13:36:00,PNB,102.28,102.34,102.23,102.3,49923,102.542,102.5626,102.62199999999999,,False,False,False,False,False,False,-0.24,-0.26
2024-12-31,13:35:00,PNB,102.25,102.28,102.25,102.25,6388,102.524,102.55939999999998,102.61619999999999,,False,False,False,False,False,False,-0.27,-0.3
2024-12-31,13:34:00,PNB,102.28,102.32,102.25,102.26,5852,102.50750000000001,102.5574,102.6107,,False,False,False,False,False,False,-0.24,-0.29
2024-12-31,13:33:00,PNB,102.25,102.36,102.25,102.28,138163,102.49100000000001,102.556,102.6053,,False,False,False,False,False,False,-0.21,-0.27
2024-12-31,13:32:00,PNB,102.35,102.35,102.24,102.25,29751,102.47200000000001,102.5534,102.6001,,False,False,False,False,False,False,-0.22,-0.3
2024-12-31,13:31:00,PNB,102.28,102.34,102.19,102.34,50507,102.46099999999998,102.5512,102.596,,False,False,False,False,False,False,-0.12,-0.21
2024-12-31,13:30:00,PNB,102.25,102.35,102.24,102.28,97587,102.446,102.5478,102.59039999999999,,False,False,False,False,False,False,-0.16,-0.26
2024-12-31,13:29:00,PNB,102.12,102.25,102.06,102.25,68918,102.43199999999999,102.5416,102.5848,,False,False,False,False,False,False,-0.18,-0.28
2024-12-31,13:28:00,PNB,102.1,102.13,102.07,102.12,22398,102.4085,102.5336,102.57800000000002,,False,False,False,False,False,False,-0.28,-0.4
2024-12-31,13:27:00,PNB,102.06,102.13,102.06,102.12,24226,102.384,102.52480000000001,102.57109999999999,,False,False,False,False,False,False,-0.26,-0.39
2024-12-31,13:26:00,PNB,102.11,102.13,102.02,102.07,24320,102.35549999999999,102.5132,102.56400000000002,,False,False,False,False,False,False,-0.28,-0.43
2024-12-31,13:25:00,PNB,102.12,102.16,102.07,102.11,22997,102.33,102.50299999999999,102.5582,,False,False,False,False,False,False,-0.21,-0.38
2024-12-31,13:24:00,PNB,102.1,102.13,102.06,102.12,23079,102.309,102.49220000000001,102.5526,,False,False,False,False,False,False,-0.18,-0.36
2024-12-31,13:23:00,PNB,102.18,102.2,102.06,102.09,82111,102.28399999999999,102.48119999999999,102.54620000000001,,False,False,False,False,False,False,-0.19,-0.38
2024-12-31,13:22:00,PNB,102.06,102.28,102.06,102.2,113884,102.27,102.47200000000001,102.54039999999999,,False,False,False,False,False,False,-0.07,-0.27
2024-12-31,13:21:00,PNB,102.06,102.1,102.02,102.09,23702,102.24950000000001,102.46039999999999,102.53229999999999,,False,False,False,False,False,False,-0.16,-0.36
2024-12-31,13:20:00,PNB,102.01,102.1,102.0,102.06,36206,102.225,102.4474,102.5249,,False,False,False,False,False,False,-0.16,-0.38
2024-12-31,13:19:00,PNB,101.92,102.02,101.92,102.01,104042,102.196,102.43440000000001,102.51549999999999,,False,False,False,False,False,False,-0.18,-0.41
2024-12-31,13:18:00,PNB,101.96,101.96,101.89,101.92,30801,102.17,102.4196,102.50619999999999,,False,False,False,False,False,False,-0.24,-0.49
2024-12-31,13:17:00,PNB,101.92,101.98,101.9,101.95,35379,102.1535,102.405,102.4965,,False,False,False,False,False,False,-0.2,-0.44
2024-12-31,13:16:00,PNB,101.91,102.0,101.9,101.92,34918,102.1345,102.391,102.4886,,False,False,False,False,False,False,-0.21,-0.46
2024-12-31,13:15:00,PNB,101.85,101.95,101.82,101.89,32301,102.1165,102.37559999999999,102.4806,,False,False,False,False,False,False,-0.22,-0.47
2024-12-31,13:14:00,PNB,101.8,101.89,101.8,101.85,26203,102.096,102.36059999999999,102.4727,,False,False,False,False,False,False,-0.24,-0.5
2024-12-31,13:13:00,PNB,101.83,101.83,101.8,101.8,23336,102.072,102.34360000000001,102.46349999999998,,False,False,False,False,False,False,-0.27,-0.53
2024-12-31,13:12:00,PNB,101.85,101.9,101.8,101.81,29696,102.05,102.3274,102.45400000000001,,False,False,False,False,False,False,-0.24,-0.51
2024-12-31,13:11:00,PNB,101.9,101.93,101.82,101.87,30970,102.0265,102.31279999999998,102.4443,,False,False,False,False,False,False,-0.15,-0.43
2024-12-31,13:10:00,PNB,101.9,101.92,101.81,101.9,23355,102.00750000000001,102.2984,102.43519999999998,,False,False,False,False,False,False,-0.11,-0.39
2024-12-31,13:09:00,PNB,101.85,102.0,101.8,101.9,110322,101.99,102.28559999999999,102.42620000000001,,False,False,False,False,False,False,-0.09,-0.38
2024-12-31,13:08:00,PNB,101.84,101.89,101.79,101.87,34800,101.9775,102.27159999999999,102.4167,,False,False,False,False,False,False,-0.11,-0.39
2024-12-31,13:07:00,PNB,101.95,101.97,101.77,101.79,24660,101.961,102.2558,102.4066,,False,False,False,False,False,False,-0.17,-0.46
2024-12-31,13:06:00,PNB,102.01,102.01,101.95,101.97,41082,101.956,102.2436,102.3978,,False,False,False,False,False,False,0.01,-0.27
2024-12-31,13:05:00,PNB,101.95,102.01,101.88,102.0,44205,101.9505,102.2314,102.3891,,False,False,False,False,False,False,0.05,-0.23
2024-12-31,13:04:00,PNB,101.96,101.96,101.86,101.95,36709,101.94200000000001,102.21859999999998,102.3812,,False,False,False,False,False,False,0.01,-0.26
2024-12-31,13:03:00,PNB,102.03,102.03,101.95,101.95,29766,101.935,102.20540000000001,102.37449999999998,,False,False,False,False,False,False,0.01,-0.25
2024-12-31,13:02:00,PNB,102.01,102.03,102.0,102.03,22771,101.9265,102.1934,102.36930000000001,,False,False,False,False,False,False,0.1,-0.16
2024-12-31,13:01:00,PNB,102.03,102.03,102.0,102.01,20217,101.9225,102.18240000000002,102.3642,,False,False,False,False,False,False,0.09,-0.17
2024-12-31,13:00:00,PNB,101.96,102.03,101.95,102.03,34839,101.921,102.1714,102.3592,,False,False,False,False,False,False,0.11,-0.14
2024-12-31,12:59:00,PNB,101.95,102.0,101.95,101.95,24369,101.918,102.15979999999999,102.3528,,False,False,False,False,False,False,0.03,-0.21
2024-12-31,12:58:00,PNB,102.0,102.01,101.95,101.95,70038,101.9195,102.14699999999999,102.34720000000002,,False,False,False,False,False,False,0.03,-0.19
2024-12-31,12:57:00,PNB,101.97,102.02,101.95,102.0,19976,101.922,102.1348,102.34200000000001,,False,False,False,False,False,False,0.08,-0.13
2024-12-31,12:56:00,PNB,102.03,102.04,101.95,101.97,45122,101.9245,102.1214,102.3356,,False,False,False,False,False,False,0.04,-0.15
2024-12-31,12:55:00,PNB,101.99,102.03,101.99,102.02,26939,101.931,102.10940000000001,102.3309,,False,False,False,False,False,False,0.09,-0.09
2024-12-31,12:54:00,PNB,102.0,102.0,101.95,101.99,27376,101.938,102.0984,102.32620000000001,,False,False,False,False,False,False,0.05,-0.11
2024-12-31,12:53:00,PNB,101.98,102.02,101.95,101.96,26753,101.946,102.0858,102.3201,,False,False,False,False,False,False,0.01,-0.12
2024-12-31,12:52:00,PNB,102.0,102.06,101.95,101.98,27651,101.95450000000001,102.0758,102.31530000000001,,False,False,False,False,False,False,0.03,-0.09
2024-12-31,12:51:00,PNB,102.1,102.15,102.0,102.0,23164,101.961,102.0658,102.31130000000002,,False,False,False,False,False,False,0.04,-0.06
2024-12-31,12:50:00,PNB,102.1,102.15,102.05,102.11,56462,101.97149999999999,102.057,102.3091,,True,False,False,False,False,False,0.14,0.05
2024-12-31,12:49:00,PNB,102.07,102.15,102.0,102.1,40793,101.98150000000001,102.04719999999999,102.3066,,True,False,False,False,False,False,0.12,0.05
2024-12-31,12:48:00,PNB,102.1,102.15,102.04,102.07,35071,101.9915,102.0398,102.3035,,True,False,False,False,False,False,0.08,0.03
2024-12-31,12:47:00,PNB,102.07,102.12,102.02,102.1,18034,102.00699999999999,102.03620000000001,102.30069999999999,,True,False,False,False,False,False,0.09,0.06
2024-12-31,12:46:00,PNB,102.1,102.15,102.03,102.12,30514,102.0145,102.0326,102.2976,,True,False,False,False,False,False,0.1,0.09
2024-12-31,12:45:00,PNB,102.14,102.14,102.04,102.1,17979,102.0195,102.02960000000002,102.29449999999999,,True,False,False,False,False,False,0.08,0.07
2024-12-31,12:44:00,PNB,102.11,102.17,102.04,102.14,19201,102.029,102.0272,102.29230000000001,,True,False,False,True,False,False,0.11,0.11
2024-12-31,12:43:00,PNB,101.95,102.16,101.91,102.11,124616,102.037,102.02380000000001,102.2899,,True,False,False,True,False,False,0.07,0.08
2024-12-31,12:42:00,PNB,101.85,102.0,101.85,102.0,73846,102.0355,102.01880000000001,102.28609999999999,,False,False,False,True,False,False,-0.03,-0.02
2024-12-31,12:41:00,PNB,101.82,101.85,101.76,101.85,8997,102.0275,102.009,102.2801,,False,False,False,True,False,False,-0.17,-0.16
2024-12-31,12:40:00,PNB,101.82,101.82,101.72,101.82,32463,102.017,101.99980000000001,102.2738,,False,False,False,True,False,False,-0.19,-0.18
2024-12-31,12:39:00,PNB,101.89,101.89,101.8,101.82,61563,102.0105,101.9912,102.26640000000002,,False,False,False,True,False,False,-0.19,-0.17
2024-12-31,12:38:00,PNB,101.9,101.92,101.86,101.89,23246,102.00750000000001,101.9866,102.26010000000001,,False,False,False,True,False,False,-0.12,-0.09
2024-12-31,12:37:00,PNB,101.91,101.92,101.88,101.9,20368,102.0025,101.98219999999999,102.2535,,False,False,False,True,False,False,-0.1,-0.08
2024-12-31,12:36:00,PNB,101.92,101.96,101.83,101.91,71940,101.9995,101.979,102.24610000000001,,False,False,False,True,False,False,-0.09,-0.07
2024-12-31,12:35:00,PNB,101.8,101.99,101.78,101.96,122950,101.9965,101.976,102.2395,,False,False,False,True,False,False,-0.04,-0.02
2024-12-31,12:34:00,PNB,101.69,101.81,101.65,101.75,56587,101.9845,101.96860000000001,102.2304,,False,False,False,True,False,False,-0.23,-0.21
2024-12-31,12:33:00,PNB,101.63,101.72,101.62,101.69,19991,101.971,101.96060000000001,102.2209,,False,False,False,True,False,False,-0.28,-0.27
2024-12-31,12:32:00,PNB,101.6,101.65,101.6,101.64,8509,101.954,101.94939999999998,102.21070000000002,,False,False,False,True,False,False,-0.31,-0.3
2024-12-31,12:31:00,PNB,101.57,101.7,101.57,101.66,29577,101.937,101.9408,102.20060000000001,,False,False,False,False,False,False,-0.27,-0.28
2024-12-31,12:30:00,PNB,101.65,101.65,101.51,101.59,40341,101.911,101.9314,102.1894,,False,False,False,False,False,False,-0.31,-0.33
2024-12-31,12:29:00,PNB,101.53,101.8,101.5,101.64,355153,101.888,101.92399999999999,102.1792,,False,False,False,False,False,False,-0.24,-0.28
2024-12-31,12:28:00,PNB,101.43,101.55,101.43,101.5,38460,101.8595,101.9156,102.16760000000001,,False,False,False,False,False,False,-0.35,-0.41
2024-12-31,12:27:00,PNB,101.44,101.44,101.42,101.42,3916,101.8255,101.905,102.155,,False,False,False,False,False,False,-0.4,-0.48
2024-12-31,12:26:00,PNB,101.45,101.47,101.4,101.44,8039,101.7915,101.8954,102.14320000000002,,False,False,False,False,False,False,-0.35,-0.45
2024-12-31,12:25:00,PNB,101.5,101.5,101.4,101.44,27376,101.7585,101.88640000000001,102.13099999999999,,False,False,False,False,False,False,-0.31,-0.44
2024-12-31,12:24:00,PNB,101.49,101.5,101.45,101.47,6261,101.725,101.8788,102.11970000000001,,False,False,False,False,False,False,-0.25,-0.4
2024-12-31,12:23:00,PNB,101.45,101.49,101.44,101.49,7713,101.694,101.8726,102.1081,,False,False,False,False,False,False,-0.2,-0.38
2024-12-31,12:22:00,PNB,101.42,101.45,101.41,101.45,4859,101.6665,101.86540000000001,102.09639999999999,,False,False,False,False,False,False,-0.21,-0.41
2024-12-31,12:21:00,PNB,101.4,101.49,101.38,101.41,39889,101.6445,101.8562,102.0845,,False,False,False,False,False,False,-0.23,-0.44
2024-12-31,12:20:00,PNB,101.32,101.4,101.31,101.39,35537,101.623,101.846,102.07220000000001,,False,False,False,False,False,False,-0.23,-0.45
2024-12-31,12:19:00,PNB,101.36,101.36,101.3,101.3,17090,101.59700000000001,101.834,102.0598,,False,False,False,False,False,False,-0.29,-0.52
2024-12-31,12:18:00,PNB,101.39,101.39,101.31,101.35,18084,101.57,101.8236,102.0476,,False,False,False,False,False,False,-0.22,-0.47
2024-12-31,12:17:00,PNB,101.35,101.4,101.35,101.38,4529,101.54400000000001,101.81540000000001,102.03559999999999,,False,False,False,False,False,False,-0.16,-0.43
2024-12-31,12:16:00,PNB,101.32,101.4,101.3,101.4,17697,101.51849999999999,101.804,102.02380000000001,,False,False,False,False,False,False,-0.12,-0.4
2024-12-31,12:15:00,PNB,101.32,101.38,101.31,101.32,12566,101.4865,101.7904,102.0109,,False,False,False,False,False,False,-0.16,-0.46
2024-12-31,12:14:00,PNB,101.37,101.37,101.3,101.32,13553,101.465,101.77780000000001,101.9982,,False,False,False,False,False,False,-0.14,-0.45
2024-12-31,12:13:00,PNB,101.35,101.43,101.33,101.37,17316,101.449,101.76619999999998,101.98580000000001,,False,False,False,False,False,False,-0.08,-0.39
2024-12-31,12:12:00,PNB,101.35,101.4,101.32,101.37,11568,101.4355,101.75299999999999,101.97319999999999,,False,False,False,False,False,False,-0.06,-0.38
2024-12-31,12:11:00,PNB,101.3,101.37,101.28,101.32,9132,101.4185,101.7392,101.9608,,False,False,False,False,False,False,-0.1,-0.41
2024-12-31,12:10:00,PNB,101.3,101.3,101.27,101.29,9522,101.4035,101.7244,101.9479,102.29924999999999,False,False,False,False,False,False,-0.11,-0.43
2024-12-31,12:09:00,PNB,101.3,101.31,101.27,101.3,3354,101.38649999999998,101.7114,101.9356,102.2925,False,False,False,False,False,False,-0.09,-0.4
2024-12-31,12:08:00,PNB,101.27,101.34,101.26,101.3,11044,101.3765,101.6984,101.9227,102.2858,False,False,False,False,False,False,-0.08,-0.39
2024-12-31,12:07:00,PNB,101.27,101.33,101.22,101.32,10039,101.3715,101.6848,101.90980000000002,102.2792,False,False,False,False,False,False,-0.05,-0.36
2024-12-31,12:06:00,PNB,101.31,101.34,101.2,101.27,31448,101.363,101.6708,101.89609999999999,102.27220000000001,False,False,False,False,False,False,-0.09,-0.39
2024-12-31,12:05:00,PNB,101.39,101.39,101.3,101.34,13821,101.35799999999999,101.65719999999999,101.8833,102.2656,False,False,False,False,False,False,-0.02,-0.31
2024-12-31,12:04:00,PNB,101.46,101.47,101.31,101.37,81935,101.353,101.64479999999999,101.8716,102.2591,False,False,False,False,False,False,0.02,-0.27
2024-12-31,12:03:00,PNB,101.5,101.52,101.46,101.48,52296,101.35249999999999,101.63519999999998,101.86049999999999,102.25319999999999,False,False,False,False,False,False,0.13,-0.15
2024-12-31,12:02:00,PNB,101.51,101.51,101.46,101.51,5982,101.3555,101.6258,101.85079999999999,102.24755,False,False,False,False,False,False,0.15,-0.11
2024-12-31,12:01:00,PNB,101.47,101.51,101.43,101.51,17892,101.3605,101.616,101.8409,102.24085,False,False,False,False,False,False,0.15,-0.1
2024-12-31,12:00:00,PNB,101.52,101.54,101.45,101.47,21354,101.36449999999999,101.6032,101.8301,102.23400000000001,False,False,False,False,False,False,0.1,-0.13
2024-12-31,11:59:00,PNB,101.45,101.52,101.4,101.52,33482,101.3755,101.5916,101.8194,102.2276,False,False,False,False,False,False,0.14,-0.07
2024-12-31,11:58:00,PNB,101.39,101.47,101.36,101.47,19790,101.3815,101.57960000000001,101.80969999999999,102.22084999999998,False,False,False,False,False,False,0.09,-0.11
2024-12-31,11:57:00,PNB,101.32,101.41,101.32,101.36,12351,101.3805,101.56479999999999,101.8005,102.21375,False,False,False,False,False,False,-0.02,-0.2
2024-12-31,11:56:00,PNB,101.27,101.37,101.25,101.32,54490,101.3765,101.54880000000001,101.7907,102.20635,False,False,False,False,False,False,-0.06,-0.23
2024-12-31,11:55:00,PNB,101.33,101.37,101.2,101.27,60247,101.374,101.53219999999999,101.7809,102.19855,False,False,False,False,False,False,-0.1,-0.26
2024-12-31,11:54:00,PNB,101.48,101.48,101.27,101.38,143520,101.377,101.51700000000001,101.7721,102.19140000000002,False,False,False,False,False,False,0.0,-0.13
2024-12-31,11:53:00,PNB,101.5,101.53,101.42,101.48,48563,101.38250000000001,101.50439999999999,101.7641,102.18469999999999,False,False,False,False,False,False,0.1,-0.02
2024-12-31,11:52:00,PNB,101.57,101.6,101.47,101.48,125512,101.388,101.494,101.7564,102.17825,False,False,False,False,False,False,0.09,-0.01
2024-12-31,11:51:00,PNB,101.6,101.65,101.56,101.59,11206,101.4015,101.48880000000001,101.74889999999999,102.17245000000001,True,False,False,False,False,False,0.19,0.1
2024-12-31,11:50:00,PNB,101.66,101.66,101.59,101.64,11513,101.41900000000001,101.48519999999999,101.7425,102.16645,True,False,False,False,False,False,0.22,0.15
2024-12-31,11:49:00,PNB,101.61,101.66,101.58,101.61,6319,101.4345,101.48100000000001,101.73610000000001,102.16045,True,False,False,False,False,False,0.17,0.13
2024-12-31,11:48:00,PNB,101.69,101.71,101.54,101.59,24217,101.449,101.475,101.7308,102.15440000000001,True,False,False,False,False,False,0.14,0.11
2024-12-31,11:47:00,PNB,101.75,101.77,101.66,101.73,21099,101.4695,101.4716,101.7269,102.149,True,True,False,False,False,False,0.26,0.25
2024-12-31,11:46:00,PNB,101.76,101.8,101.72,101.75,13321,101.4935,101.4684,101.7237,102.14385,True,True,False,True,False,False,0.25,0.28
2024-12-31,11:45:00,PNB,101.7,101.8,101.67,101.79,22273,101.516,101.465,101.72050000000002,102.13935,True,True,False,True,False,False,0.27,0.32
2024-12-31,11:44:00,PNB,101.65,101.76,101.65,101.73,20393,101.534,101.4646,101.7166,102.1346,True,True,False,True,False,False,0.19,0.26
2024-12-31,11:43:00,PNB,101.67,101.68,101.6,101.65,21557,101.54249999999999,101.46379999999999,101.7122,102.1292,True,False,False,True,False,False,0.11,0.18
2024-12-31,11:42:00,PNB,101.6,101.68,101.56,101.68,35607,101.551,101.4646,101.70700000000001,102.12369999999999,True,False,False,True,False,False,0.13,0.21
2024-12-31,11:41:00,PNB,101.53,101.6,101.51,101.59,10196,101.55499999999999,101.46320000000001,101.70200000000001,102.11715,True,False,False,True,False,False,0.03,0.12
2024-12-31,11:40:00,PNB,101.55,101.6,101.52,101.55,15969,101.559,101.4624,101.6969,102.1109,True,False,False,True,False,False,-0.01,0.09
2024-12-31,11:39:00,PNB,101.59,101.6,101.47,101.53,161210,101.5595,101.4602,101.69210000000001,102.1038,True,False,False,True,False,False,-0.03,0.07
2024-12-31,11:38:00,PNB,101.6,101.61,101.59,101.6,12050,101.566,101.4622,101.68890000000002,102.09755,True,False,False,True,False,False,0.03,0.14
2024-12-31,11:37:00,PNB,101.59,101.6,101.55,101.59,6707,101.5775,101.4656,101.68530000000001,102.0909,True,False,False,True,False,False,0.01,0.12
2024-12-31,11:36:00,PNB,101.63,101.64,101.52,101.59,51413,101.59100000000001,101.46860000000001,101.68199999999999,102.08529999999999,True,False,False,True,False,False,-0.0,0.12
2024-12-31,11:35:00,PNB,101.62,101.65,101.59,101.63,7063,101.60900000000001,101.4724,101.6794,102.08,True,False,False,True,False,False,0.02,0.16
2024-12-31,11:34:00,PNB,101.64,101.65,101.58,101.62,51329,101.62100000000001,101.47540000000001,101.6771,102.0749,True,False,False,True,False,False,-0.0,0.14
2024-12-31,11:33:00,PNB,101.55,101.66,101.54,101.63,13504,101.6285,101.4782,101.67540000000001,102.06945,True,False,False,True,False,False,0.0,0.15
2024-12-31,11:32:00,PNB,101.55,101.59,101.5,101.59,27940,101.634,101.48100000000001,101.6732,102.06360000000001,True,False,False,True,False,False,-0.04,0.11
2024-12-31,11:31:00,PNB,101.61,101.62,101.51,101.51,45332,101.63000000000001,101.48299999999999,101.6696,102.05695,True,False,False,True,False,False,-0.12,0.03
2024-12-31,11:30:00,PNB,101.78,101.79,101.61,101.61,42534,101.6285,101.4874,101.6667,102.05095,True,False,False,True,False,False,-0.02,0.12
2024-12-31,11:29:00,PNB,101.75,101.8,101.75,101.79,43279,101.6375,101.4972,101.6656,102.0459,True,True,False,True,False,False,0.15,0.29
2024-12-31,11:28:00,PNB,101.87,101.87,101.74,101.75,59454,101.6455,101.5052,101.6644,102.04055,True,True,False,True,False,False,0.1,0.24
2024-12-31,11:27:00,PNB,101.93,101.97,101.86,101.87,15342,101.6525,101.515,101.66519999999998,102.0359,True,True,False,True,False,False,0.21,0.35
2024-12-31,11:26:00,PNB,102.04,102.05,101.91,101.97,39731,101.66350000000001,101.52640000000001,101.6652,102.0315,True,True,False,True,False,False,0.3,0.44
2024-12-31,11:25:00,PNB,102.09,102.09,102.02,102.05,35948,101.6765,101.54099999999998,101.6657,102.0274,True,True,True,True,True,False,0.37,0.5
2024-12-31,11:24:00,PNB,102.06,102.09,102.05,102.06,7158,101.693,101.5558,101.66680000000001,102.024,True,True,True,True,True,False,0.36,0.5
2024-12-31,11:23:00,PNB,102.07,102.09,102.04,102.05,8652,101.713,101.5694,101.6678,102.02114999999999,True,True,True,True,True,False,0.33,0.47
2024-12-31,11:22:00,PNB,102.01,102.07,102.0,102.04,9362,101.73100000000001,101.5828,101.66789999999999,102.0186,True,True,True,True,True,False,0.3,0.45
2024-12-31,11:21:00,PNB,102.09,102.1,102.0,102.05,29976,101.754,101.5974,101.6683,102.01625,True,True,True,True,True,False,0.29,0.45
2024-12-31,11:20:00,PNB,102.09,102.1,102.05,102.09,50619,101.78099999999999,101.6134,101.66890000000001,102.01405000000001,True,True,True,True,True,False,0.3,0.47
2024-12-31,11:19:00,PNB,102.1,102.15,102.05,102.09,14478,101.809,101.6292,101.67030000000001,102.01155,True,True,True,True,True,False,0.28,0.45
2024-12-31,11:18:00,PNB,102.16,102.21,102.04,102.09,22378,101.8335,101.645,101.6717,102.00945,True,True,True,True,True,False,0.25,0.44
2024-12-31,11:17:00,PNB,102.28,102.28,102.15,102.19,29315,101.86350000000002,101.66240000000002,101.6736,102.00779999999999,True,True,True,True,True,False,0.32,0.52
2024-12-31,11:16:00,PNB,102.33,102.33,102.22,102.28,43642,101.898,101.68260000000001,101.6767,102.00614999999999,True,True,True,True,True,False,0.37,0.59
2024-12-31,11:15:00,PNB,102.32,102.35,102.27,102.33,47064,101.933,101.7024,101.6798,102.00534999999999,True,True,True,True,True,False,0.39,0.62
2024-12-31,11:14:00,PNB,102.26,102.33,102.25,102.32,19194,101.96799999999999,101.72139999999999,101.6831,102.00465,True,True,True,True,True,False,0.35,0.59
2024-12-31,11:13:00,PNB,102.17,102.35,102.17,102.3,57890,102.00150000000001,101.73780000000001,101.68650000000001,102.0033,True,True,True,True,True,False,0.29,0.55
2024-12-31,11:12:00,PNB,102.22,102.23,102.15,102.17,15432,102.03049999999999,101.751,101.6884,102.00185000000002,True,True,True,True,True,True,0.14,0.41
2024-12-31,11:11:00,PNB,102.22,102.25,102.17,102.22,28326,102.066,101.76520000000001,101.69059999999999,102.00094999999999,True,True,True,True,True,True,0.15,0.45
2024-12-31,11:10:00,PNB,102.23,102.23,102.1,102.22,58028,102.0965,101.78019999999998,101.6917,102.00039999999998,True,True,True,True,True,True,0.12,0.43
2024-12-31,11:09:00,PNB,102.12,102.24,102.05,102.23,26429,102.11850000000001,101.79440000000001,101.693,101.9998,True,True,True,True,True,True,0.11,0.43
2024-12-31,11:08:00,PNB,102.07,102.12,102.07,102.08,3209,102.135,101.8066,101.69310000000002,101.9983,True,True,True,True,True,True,-0.05,0.27
2024-12-31,11:07:00,PNB,102.12,102.15,102.08,102.12,39827,102.14750000000001,101.8218,101.6933,101.99700000000001,True,True,True,True,True,True,-0.03,0.29
2024-12-31,11:06:00,PNB,102.1,102.13,102.04,102.13,26529,102.15549999999999,101.838,101.6934,101.9955,True,True,True,True,True,True,-0.02,0.29
2024-12-31,11:05:00,PNB,102.07,102.1,102.04,102.06,23776,102.15599999999999,101.8538,101.69300000000001,101.99375,True,True,True,True,True,True,-0.09,0.2
2024-12-31,11:04:00,PNB,102.09,102.1,102.01,102.05,5585,102.1555,101.8672,101.6921,101.99220000000001,True,True,True,True,True,True,-0.1,0.18
2024-12-31,11:03:00,PNB,102.06,102.1,102.05,102.09,5930,102.1575,101.8794,101.6919,101.9909,True,True,True,True,True,True,-0.07,0.21
2024-12-31,11:02:00,PNB,102.1,102.13,102.06,102.1,11582,102.16049999999998,101.8918,101.69290000000001,101.9895,True,True,True,True,True,True,-0.06,0.2
2024-12-31,11:01:00,PNB,102.07,102.14,102.05,102.14,22979,102.16499999999999,101.90279999999998,101.6958,101.98795,True,True,True,True,True,True,-0.02,0.23
2024-12-31,11:00:00,PNB,102.07,102.14,102.06,102.1,3071,102.1655,101.912,101.6986,101.98620000000001,True,True,True,True,True,True,-0.06,0.18
2024-12-31,10:59:00,PNB,102.08,102.1,102.01,102.03,3152,102.1625,101.92039999999999,101.7007,101.98355,True,True,True,True,True,True,-0.13,0.11
2024-12-31,10:58:00,PNB,102.15,102.18,102.06,102.06,38109,102.161,101.9298,101.7024,101.98125,True,True,True,True,True,True,-0.1,0.13
2024-12-31,10:57:00,PNB,102.11,102.16,102.1,102.15,6867,102.15899999999999,101.9382,101.7049,101.9792,True,True,True,True,True,True,-0.01,0.21
2024-12-31,10:56:00,PNB,102.17,102.19,102.09,102.09,8062,102.1495,101.945,101.7067,101.9764,True,True,True,True,True,True,-0.06,0.14
2024-12-31,10:55:00,PNB,102.15,102.2,102.05,102.11,43713,102.1385,101.9514,101.70819999999999,101.97385,True,True,True,True,True,True,-0.03,0.16
2024-12-31,10:54:00,PNB,102.2,102.2,102.15,102.18,4260,102.1315,101.96039999999999,101.7125,101.97145,True,True,True,True,True,True,0.05,0.22
2024-12-31,10:53:00,PNB,102.21,102.25,102.13,102.2,42743,102.1265,101.97139999999999,101.7176,101.96925000000002,True,True,True,True,True,True,0.07,0.22
2024-12-31,10:52:00,PNB,102.05,102.25,102.01,102.25,147045,102.13050000000001,101.98279999999998,101.7237,101.9672,True,True,True,True,True,True,0.12,0.26
2024-12-31,10:51:00,PNB,102.05,102.05,102.0,102.05,9479,102.122,101.99199999999999,101.7276,101.9641,True,True,True,True,True,True,-0.07,0.06
2024-12-31,10:50:00,PNB,102.01,102.05,101.97,102.0,18659,102.111,102.001,101.7317,101.96055,False,True,True,True,True,True,-0.11,-0.0
2024-12-31,10:49:00,PNB,101.99,102.07,101.99,102.01,47122,102.1,102.0106,101.73539999999998,101.95729999999999,False,True,True,True,True,True,-0.09,-0.0
2024-12-31,10:48:00,PNB,102.02,102.05,101.9,102.01,21404,102.0965,102.01880000000001,101.7405,101.95405000000001,False,True,True,True,True,True,-0.08,-0.01
2024-12-31,10:47:00,PNB,102.01,102.06,101.92,102.02,32032,102.0915,102.0274,101.7465,101.95075000000001,False,True,True,True,True,True,-0.07,-0.01
2024-12-31,10:46:00,PNB,102.07,102.09,101.95,102.0,34839,102.08500000000001,102.03559999999999,101.75209999999998,101.94765000000001,False,True,True,True,True,True,-0.08,-0.03
2024-12-31,10:45:00,PNB,102.03,102.15,102.03,102.08,36692,102.086,102.04459999999999,101.7585,101.94475,True,True,True,True,True,True,-0.01,0.03
2024-12-31,10:44:00,PNB,102.04,102.1,102.03,102.03,5158,102.085,102.0528,101.7641,101.94189999999999,False,True,True,True,True,True,-0.05,-0.02
2024-12-31,10:43:00,PNB,102.0,102.1,102.0,102.02,19169,102.0815,102.0606,101.7694,101.93875,False,True,True,True,True,True,-0.06,-0.04
2024-12-31,10:42:00,PNB,102.05,102.06,101.97,102.05,17520,102.07900000000001,102.0698,101.7754,101.93589999999999,False,True,True,True,True,True,-0.03,-0.02
2024-12-31,10:41:00,PNB,102.02,102.1,101.97,102.03,21489,102.0735,102.0802,101.7816,101.93305000000001,False,True,True,False,True,True,-0.04,-0.05
2024-12-31,10:40:00,PNB,102.04,102.04,101.93,102.02,43731,102.0695,102.08840000000001,101.7879,101.93005000000001,False,True,True,False,True,True,-0.05,-0.07
2024-12-31,10:39:00,PNB,102.09,102.1,102.0,102.01,12302,102.0685,102.09279999999998,101.795,101.92739999999999,False,True,True,False,True,True,-0.06,-0.08
2024-12-31,10:38:00,PNB,102.1,102.15,102.0,102.04,28966,102.0675,102.0986,101.8019,101.92475,False,True,True,False,True,True,-0.03,-0.06
2024-12-31,10:37:00,PNB,102.18,102.2,102.1,102.1,40206,102.06500000000001,102.1032,101.80910000000002,101.92235,False,True,True,False,True,True,0.03,-0.0
2024-12-31,10:36:00,PNB,102.25,102.28,102.11,102.18,51457,102.06949999999999,102.1074,101.81689999999999,101.92035,True,True,True,False,True,True,0.11,0.07
2024-12-31,10:35:00,PNB,102.3,102.3,102.18,102.22,95243,102.075,102.11080000000001,101.8259,101.9184,True,True,True,False,True,True,0.14,0.11
2024-12-31,10:34:00,PNB,102.08,102.29,102.08,102.29,132600,102.0805,102.11540000000001,101.8356,101.9169,True,True,True,False,True,True,0.21,0.17
2024-12-31,10:33:00,PNB,101.87,102.08,101.85,102.06,25422,102.0735,102.1156,101.8425,101.91414999999999,False,True,True,False,True,True,-0.01,-0.05
2024-12-31,10:32:00,PNB,101.9,101.95,101.87,101.9,8670,102.056,102.11280000000001,101.8478,101.91050000000001,False,True,False,False,True,True,-0.15,-0.21
2024-12-31,10:31:00,PNB,101.89,101.94,101.82,101.9,3806,102.0485,102.10979999999999,101.8536,101.90719999999999,False,True,False,False,True,True,-0.15,-0.21
2024-12-31,10:30:00,PNB,101.81,101.96,101.81,101.89,11300,102.04299999999999,102.1058,101.85959999999999,101.90375,False,True,False,False,True,True,-0.15,-0.21
2024-12-31,10:29:00,PNB,101.9,101.9,101.79,101.86,58052,102.0355,102.1012,101.8652,101.90039999999999,False,False,False,False,True,True,-0.17,-0.24
2024-12-31,10:28:00,PNB,102.0,102.0,101.85,101.9,31204,102.03,102.0974,101.87119999999999,101.89695,False,True,True,False,True,True,-0.13,-0.19
2024-12-31,10:27:00,PNB,102.05,102.08,101.96,102.04,27442,102.031,102.0944,101.8784,101.8941,False,True,True,False,True,True,0.01,-0.05
2024-12-31,10:26:00,PNB,101.9,102.1,101.9,102.02,74374,102.03200000000001,102.0892,101.8859,101.891,False,True,True,False,True,True,-0.01,-0.07
2024-12-31,10:25:00,PNB,101.9,101.94,101.84,101.9,54578,102.023,102.08059999999999,101.89150000000001,101.8874,False,True,True,False,True,True,-0.12,-0.18
2024-12-31,10:24:00,PNB,101.87,101.9,101.84,101.9,10803,102.0165,102.07220000000001,101.8968,101.8842,False,True,True,False,True,True,-0.11,-0.17
2024-12-31,10:23:00,PNB,101.87,101.89,101.79,101.84,9548,102.0075,102.06300000000002,101.9004,101.88045,False,False,False,False,True,True,-0.16,-0.22
2024-12-31,10:22:00,PNB,101.77,101.88,101.77,101.88,10926,101.999,102.0572,101.9041,101.87745000000001,False,False,True,False,True,True,-0.12,-0.17
2024-12-31,10:21:00,PNB,101.85,101.9,101.76,101.8,18489,101.9875,102.04879999999999,101.90700000000001,101.87395000000001,False,False,False,False,True,True,-0.18,-0.24
2024-12-31,10:20:00,PNB,102.0,102.0,101.86,101.86,21468,101.9795,102.04160000000002,101.9109,101.8705,False,False,False,False,True,True,-0.12,-0.18
2024-12-31,10:19:00,PNB,101.96,102.07,101.88,101.94,46001,101.976,102.0358,101.9151,101.86725,False,True,True,False,True,True,-0.04,-0.09
2024-12-31,10:18:00,PNB,101.92,102.15,101.9,101.97,354337,101.9725,102.0336,101.9201,101.86489999999999,False,True,True,False,True,True,-0.0,-0.06
2024-12-31,10:17:00,PNB,101.83,101.9,101.81,101.9,43483,101.9625,102.0292,101.92550000000001,101.863,False,False,True,False,True,True,-0.06,-0.13
2024-12-31,10:16:00,PNB,101.79,101.9,101.7,101.8,40372,101.9435,102.0226,101.9303,101.86049999999999,False,False,False,False,True,True,-0.14,-0.22
2024-12-31,10:15:00,PNB,101.65,101.9,101.65,101.86,66059,101.9255,102.01859999999999,101.93620000000001,101.85855,False,False,True,False,False,True,-0.06,-0.16
2024-12-31,10:14:00,PNB,101.55,101.65,101.55,101.65,3719,101.8935,102.01060000000001,101.93890000000002,101.85549999999999,False,False,False,False,False,True,-0.24,-0.35
2024-12-31,10:13:00,PNB,101.5,101.55,101.46,101.55,40910,101.868,101.99980000000001,101.93959999999998,101.85185,False,False,False,False,False,True,-0.31,-0.44
2024-12-31,10:12:00,PNB,101.5,101.59,101.47,101.54,178280,101.85,101.9886,101.9402,101.8483,False,False,False,False,False,True,-0.3,-0.44
2024-12-31,10:11:00,PNB,101.5,101.54,101.42,101.47,19379,101.82849999999999,101.9752,101.939,101.84395,False,False,False,False,False,False,-0.35,-0.5
2024-12-31,10:10:00,PNB,101.5,101.56,101.47,101.5,91761,101.809,101.9632,101.9376,101.84005,False,False,False,False,False,False,-0.3,-0.45
2024-12-31,10:09:00,PNB,101.56,101.65,101.45,101.55,34177,101.7935,101.95360000000001,101.93700000000001,101.83655,False,False,False,False,False,False,-0.24,-0.4
2024-12-31,10:08:00,PNB,101.62,101.7,101.55,101.64,33254,101.78049999999999,101.9452,101.9375,101.83415000000001,False,False,False,False,False,False,-0.14,-0.3
2024-12-31,10:07:00,PNB,101.59,101.65,101.5,101.61,23243,101.75899999999999,101.93440000000001,101.93630000000002,101.8316,False,False,False,False,False,False,-0.15,-0.32
2024-12-31,10:06:00,PNB,101.68,101.68,101.4,101.51,110823,101.7335,101.92280000000001,101.9339,101.82879999999999,False,False,False,False,False,False,-0.22,-0.41
2024-12-31,10:05:00,PNB,101.79,101.81,101.63,101.68,47572,101.7225,101.9142,101.93279999999999,101.82664999999999,False,False,False,False,False,False,-0.04,-0.23
2024-12-31,10:04:00,PNB,101.84,101.93,101.8,101.8,35114,101.7175,101.9066,101.93350000000001,101.82504999999999,False,False,False,False,False,False,0.08,-0.1
2024-12-31,10:03:00,PNB,101.78,101.84,101.73,101.84,25155,101.7175,101.8994,101.93540000000002,101.82379999999999,False,False,True,False,False,False,0.12,-0.06
2024-12-31,10:02:00,PNB,101.84,101.85,101.75,101.78,14934,101.7125,101.89,101.93639999999999,101.8217,False,False,False,False,False,False,0.07,-0.11
2024-12-31,10:01:00,PNB,101.9,101.92,101.8,101.8,16314,101.7125,101.885,101.9385,101.82025,False,False,False,False,False,False,0.09,-0.08
2024-12-31,10:00:00,PNB,101.96,102.1,101.89,101.9,31470,101.7145,101.88300000000001,101.94200000000001,101.81945,True,False,True,False,False,False,0.18,0.02
2024-12-31,09:59:00,PNB,101.88,102.1,101.84,101.96,40491,101.7155,101.882,101.9463,101.8192,True,True,True,False,False,False,0.24,0.08
2024-12-31,09:58:00,PNB,101.9,101.92,101.85,101.87,8187,101.7105,101.8792,101.949,101.81895,False,False,True,False,False,False,0.16,-0.01
2024-12-31,09:57:00,PNB,101.95,102.06,101.83,101.9,37402,101.7105,101.8768,101.95209999999999,101.8187,True,False,True,False,False,False,0.19,0.02
2024-12-31,09:56:00,PNB,101.75,102.08,101.74,102.0,99218,101.7205,101.8768,101.95620000000001,101.81910000000002,True,True,True,False,False,False,0.27,0.12
2024-12-31,09:55:00,PNB,101.8,101.85,101.67,101.72,25686,101.71350000000001,101.8696,101.9571,101.81824999999999,False,False,False,False,False,False,0.01,-0.15
2024-12-31,09:54:00,PNB,101.7,101.87,101.7,101.85,16744,101.7235,101.86599999999999,101.9594,101.81825,False,False,True,False,False,False,0.12,-0.02
2024-12-31,09:53:00,PNB,101.64,101.7,101.58,101.7,3719,101.73100000000001,101.85960000000001,101.9601,101.81774999999999,False,False,False,False,False,False,-0.03,-0.16
2024-12-31,09:52:00,PNB,101.6,101.67,101.56,101.64,11060,101.736,101.8514,101.9606,101.8169,False,False,False,False,False,False,-0.09,-0.21
2024-12-31,09:51:00,PNB,101.62,101.65,101.57,101.62,14839,101.74350000000001,101.8432,101.96170000000001,101.81565,False,False,False,False,False,False,-0.12,-0.22
2024-12-31,09:50:00,PNB,101.68,101.73,101.61,101.64,11778,101.7505,101.8356,101.962,101.81434999999999,False,False,False,False,False,False,-0.11,-0.19
2024-12-31,09:49:00,PNB,101.67,101.74,101.64,101.69,8598,101.75750000000001,101.82920000000001,101.961,101.8133,False,False,False,False,False,False,-0.07,-0.14
2024-12-31,09:48:00,PNB,101.79,101.83,101.7,101.7,23854,101.76050000000001,101.8224,101.9605,101.81244999999998,False,False,False,False,False,False,-0.06,-0.12
2024-12-31,09:47:00,PNB,101.75,101.86,101.7,101.8,21741,101.77000000000001,101.81640000000002,101.95980000000002,101.8125,False,False,False,False,False,False,0.03,-0.02
2024-12-31,09:46:00,PNB,101.69,101.76,101.63,101.7,15459,101.7795,101.80680000000001,101.9571,101.81115,False,False,False,False,False,False,-0.08,-0.1
2024-12-31,09:45:00,PNB,101.71,101.77,101.6,101.69,73886,101.78,101.79619999999998,101.9535,101.8096,False,False,False,False,False,False,-0.09,-0.1
2024-12-31,09:44:00,PNB,101.79,101.85,101.69,101.69,53273,101.7745,101.7842,101.9498,101.8083,False,False,False,False,False,False,-0.08,-0.09
2024-12-31,09:43:00,PNB,101.73,101.94,101.61,101.79,143257,101.772,101.7788,101.9472,101.8075,True,False,False,False,False,False,0.02,0.01
2024-12-31,09:42:00,PNB,101.89,101.9,101.7,101.73,70801,101.76950000000001,101.77539999999999,101.94410000000002,101.806,False,False,False,False,False,False,-0.04,-0.04
2024-12-31,09:41:00,PNB,101.95,101.98,101.81,101.88,63995,101.7735,101.775,101.94239999999999,101.80535000000002,True,False,True,False,False,False,0.1,0.1
2024-12-31,09:40:00,PNB,101.94,101.98,101.88,101.92,39017,101.7745,101.7756,101.94069999999999,101.8048,True,False,True,False,False,False,0.14,0.14
2024-12-31,09:39:00,PNB,102.0,102.0,101.9,101.97,80987,101.775,101.77780000000001,101.9395,101.8049,True,True,True,False,False,False,0.19,0.19
2024-12-31,09:38:00,PNB,101.85,102.05,101.84,101.96,117182,101.7795,101.77900000000001,101.9382,101.80495,True,True,True,True,False,False,0.18,0.18
2024-12-31,09:37:00,PNB,101.84,101.9,101.74,101.84,79575,101.7765,101.775,101.9347,101.80415,True,False,True,True,False,False,0.06,0.06
2024-12-31,09:36:00,PNB,101.65,101.91,101.64,101.89,71053,101.77099999999999,101.7724,101.9308,101.80375,True,False,True,False,False,False,0.12,0.12
2024-12-31,09:35:00,PNB,101.49,101.64,101.41,101.64,81715,101.767,101.76720000000002,101.92389999999999,101.80185,False,False,False,False,False,False,-0.12,-0.12
2024-12-31,09:34:00,PNB,101.41,101.49,101.41,101.49,10266,101.749,101.759,101.9156,101.79935000000002,False,False,False,False,False,False,-0.25,-0.26
2024-12-31,09:33:00,PNB,101.45,101.5,101.4,101.46,51874,101.737,101.75139999999999,101.90719999999999,101.79684999999999,False,False,False,False,False,False,-0.27,-0.29
2024-12-31,09:32:00,PNB,101.44,101.52,101.41,101.45,32995,101.7275,101.7428,101.9,101.7942,False,False,False,False,False,False,-0.27,-0.29
2024-12-31,09:31:00,PNB,101.54,101.54,101.42,101.42,47042,101.7175,101.7352,101.89200000000001,101.79129999999999,False,False,False,False,False,False,-0.29,-0.31
2024-12-31,09:30:00,PNB,101.44,101.67,101.41,101.54,39135,101.7125,101.72879999999999,101.8852,101.78845,False,False,False,False,False,False,-0.17,-0.19
2024-12-31,09:29:00,PNB,101.47,101.5,101.33,101.44,129292,101.7,101.71880000000002,101.87730000000002,101.78514999999999,False,False,False,False,False,False,-0.26,-0.27
2024-12-31,09:28:00,PNB,101.69,101.7,101.45,101.45,80983,101.6875,101.7084,101.87099999999998,101.78205,False,False,False,False,False,False,-0.23,-0.25
2024-12-31,09:27:00,PNB,101.75,101.8,101.6,101.65,82364,101.68,101.7034,101.86630000000001,101.7798,False,False,False,False,False,False,-0.03,-0.05
2024-12-31,09:26:00,PNB,101.68,101.75,101.54,101.74,135728,101.68199999999999,101.70219999999999,101.8624,101.77789999999999,True,False,False,False,False,False,0.06,0.04
2024-12-31,09:25:00,PNB,101.84,101.91,101.63,101.68,126238,101.6815,101.6986,101.85860000000001,101.7758,False,False,False,False,False,False,-0.0,-0.02
2024-12-31,09:24:00,PNB,102.02,102.07,101.8,101.84,95153,101.68900000000001,101.7024,101.8565,101.7743,True,False,True,False,False,False,0.15,0.14
2024-12-31,09:23:00,PNB,101.65,102.06,101.61,102.05,154246,101.702,101.7124,101.85610000000001,101.774,True,True,True,False,False,False,0.34,0.33
2024-12-31,09:22:00,PNB,101.63,101.74,101.59,101.69,60843,101.7,101.71539999999999,101.852,101.77245,False,False,False,False,False,False,-0.01,-0.02
2024-12-31,09:21:00,PNB,101.79,101.8,101.6,101.68,113791,101.69,101.71960000000001,101.8474,101.77159999999999,False,False,False,False,False,False,-0.01,-0.04
2024-12-31,09:20:00,PNB,101.78,101.84,101.7,101.79,196746,101.68350000000001,101.72540000000001,101.8443,101.77144999999999,True,False,True,False,False,False,0.1,0.06
2024-12-31,09:19:00,PNB,101.56,101.84,101.52,101.82,80660,101.676,101.7308,101.84219999999999,101.77145,True,False,True,False,False,False,0.14,0.09
2024-12-31,09:18:00,PNB,101.4,101.6,101.34,101.57,75257,101.65650000000001,101.72939999999998,101.8373,101.76985,False,False,False,False,False,False,-0.09,-0.16
2024-12-31,09:17:00,PNB,101.57,101.63,101.36,101.42,62965,101.63550000000001,101.7256,101.83,101.76745,False,False,False,False,False,False,-0.21,-0.3
2024-12-31,09:16:00,PNB,101.6,101.7,101.41,101.61,140224,101.6215,101.7276,101.82520000000001,101.76594999999999,False,False,False,False,False,False,-0.01,-0.12
2024-12-31,09:15:00,PNB,101.0,101.85,101.0,101.67,237827,101.623,101.7274,101.8208,101.76449999999998,False,False,False,False,False,False,0.05,-0.06
2024-12-30,15:29:00,PNB,101.72,101.95,101.4,101.6,206377,101.6285,101.7234,101.815,101.76375,False,False,False,False,False,False,-0.03,-0.12
2024-12-30,15:28:00,PNB,101.6,102.05,101.4,101.72,627123,101.6415,101.721,101.81020000000001,101.7639,False,False,False,False,False,False,0.08,-0.0
2024-12-30,15:27:00,PNB,101.49,101.77,101.24,101.6,1277473,101.649,101.71740000000001,101.8037,101.76370000000001,False,False,False,False,False,False,-0.05,-0.12
2024-12-30,15:26:00,PNB,101.48,101.64,101.31,101.49,1370035,101.6525,101.7112,101.79809999999999,101.76285,False,False,False,False,False,False,-0.16,-0.22
2024-12-30,15:25:00,PNB,101.64,101.69,101.42,101.47,1308752,101.649,101.7026,101.79279999999999,101.76225000000001,False,False,False,False,False,False,-0.18,-0.23
2024-12-30,15:24:00,PNB,101.57,101.81,101.47,101.58,1586561,101.656,101.695,101.7885,101.76195000000001,False,False,False,False,False,False,-0.07,-0.11
2024-12-30,15:23:00,PNB,101.53,101.76,101.45,101.6,1736554,101.6635,101.68959999999998,101.7844,101.76245,False,False,False,False,False,False,-0.06,-0.09
2024-12-30,15:22:00,PNB,101.58,101.74,101.45,101.56,2023506,101.65899999999999,101.6828,101.7798,101.76315000000001,False,False,False,False,False,False,-0.1,-0.12
2024-12-30,15:21:00,PNB,101.66,101.71,101.45,101.59,1893623,101.65150000000001,101.67460000000001,101.7757,101.7639,False,False,False,False,False,False,-0.06,-0.08
2024-12-30,15:20:00,PNB,101.79,101.94,101.58,101.67,1899756,101.651,101.67360000000001,101.77159999999999,101.76504999999999,False,False,False,False,False,False,0.02,-0.0
2024-12-30,15:19:00,PNB,101.66,101.9,101.62,101.84,2024414,101.651,101.6734,101.7697,101.7669,True,True,True,False,False,False,0.19,0.16
2024-12-30,15:18:00,PNB,101.7,101.76,101.53,101.71,2078159,101.63399999999999,101.6736,101.7666,101.76799999999999,True,False,False,False,False,False,0.07,0.04
2024-12-30,15:17:00,PNB,101.66,101.79,101.53,101.7,1845057,101.63449999999999,101.67480000000002,101.7631,101.76925,True,False,False,False,False,False,0.06,0.02
2024-12-30,15:16:00,PNB,101.74,101.84,101.47,101.71,2080597,101.636,101.67660000000002,101.7599,101.77074999999999,True,False,False,False,False,False,0.07,0.03
2024-12-30,15:15:00,PNB,101.54,101.79,101.43,101.78,2188871,101.6355,101.6794,101.7575,101.7727,True,True,True,False,False,False,0.14,0.1
2024-12-30,15:14:00,PNB,101.43,101.59,101.38,101.49,2088662,101.619,101.6754,101.75230000000002,101.77365,False,False,False,False,False,False,-0.13,-0.18
2024-12-30,15:13:00,PNB,101.37,101.51,101.19,101.47,2196625,101.614,101.6708,101.7466,101.77425,False,False,False,False,False,False,-0.14,-0.2
2024-12-30,15:12:00,PNB,101.49,101.56,101.27,101.37,2174244,101.6115,101.6622,101.73929999999999,101.77420000000001,False,False,False,False,False,False,-0.24,-0.29
2024-12-30,15:11:00,PNB,101.8,101.89,101.45,101.53,2269285,101.6075,101.65879999999999,101.73280000000001,101.77485,False,False,False,False,False,False,-0.08,-0.13
2024-12-30,15:10:00,PNB,102.1,102.18,101.76,101.78,1969275,101.613,101.66059999999999,101.72840000000001,101.77715,True,True,True,False,False,False,0.16,0.12
2024-12-30,15:09:00,PNB,101.93,102.13,101.84,102.09,1897200,101.6375,101.66859999999998,101.72640000000001,101.781,True,True,True,False,False,False,0.45,0.41
2024-12-30,15:08:00,PNB,101.65,102.0,101.61,101.97,1884109,101.65,101.67219999999999,101.7255,101.78400000000002,True,True,True,False,False,False,0.31,0.29
2024-12-30,15:07:00,PNB,102.1,102.24,101.63,101.7,2087973,101.655,101.6716,101.7235,101.78564999999999,True,False,False,False,False,False,0.04,0.03
2024-12-30,15:06:00,PNB,102.0,102.14,101.92,102.07,1875173,101.684,101.67540000000001,101.7252,101.78939999999999,True,True,True,True,False,False,0.38,0.39
2024-12-30,15:05:00,PNB,102.13,102.23,101.92,102.01,2047383,101.711,101.6772,101.72640000000001,101.793,True,True,True,True,False,False,0.29,0.33
2024-12-30,15:04:00,PNB,102.05,102.31,102.01,102.16,1963267,101.74,101.68099999999998,101.7294,101.79729999999999,True,True,True,True,True,False,0.41,0.47
2024-12-30,15:03:00,PNB,102.04,102.2,102.0,102.05,1876445,101.7625,101.68279999999999,101.7309,101.80104999999999,True,True,True,True,True,False,0.28,0.36
2024-12-30,15:02:00,PNB,101.94,102.15,101.83,102.05,1979561,101.787,101.68700000000001,101.73100000000001,101.8047,True,True,True,True,True,False,0.26,0.36
2024-12-30,15:01:00,PNB,102.26,102.35,101.84,101.94,1989848,101.80449999999999,101.68799999999999,101.73020000000001,101.80805000000001,True,True,True,True,True,False,0.13,0.25
2024-12-30,15:00:00,PNB,101.85,102.38,101.78,102.3,2285252,101.836,101.70119999999999,101.7342,101.81285,True,True,True,True,True,True,0.46,0.59
2024-12-30,14:59:00,PNB,101.4,102.04,101.35,101.84,915273,101.83599999999998,101.70819999999999,101.73360000000001,101.8152,True,True,True,True,True,True,0.0,0.13
2024-12-30,14:58:00,PNB,101.51,101.56,101.34,101.4,174668,101.82050000000001,101.70700000000001,101.7292,101.81479999999999,False,False,False,True,True,True,-0.41,-0.3
2024-12-30,14:57:00,PNB,101.28,101.58,101.26,101.51,246523,101.811,101.70819999999999,101.72550000000001,101.81479999999999,False,False,False,True,True,False,-0.3,-0.19
2024-12-30,14:56:00,PNB,101.09,101.75,101.07,101.27,592177,101.789,101.7052,101.72019999999999,101.81360000000001,False,False,False,True,True,False,-0.51,-0.43
2024-12-30,14:55:00,PNB,101.12,101.17,101.04,101.07,121838,101.7535,101.6958,101.71230000000001,101.8116,False,False,False,True,True,False,-0.67,-0.62
2024-12-30,14:54:00,PNB,101.03,101.1,101.0,101.1,154572,101.73400000000001,101.689,101.70389999999999,101.80949999999999,False,False,False,True,True,False,-0.62,-0.58
2024-12-30,14:53:00,PNB,101.06,101.08,101.03,101.05,110758,101.713,101.68099999999998,101.69470000000001,101.8074,False,False,False,True,True,False,-0.65,-0.62
2024-12-30,14:52:00,PNB,101.09,101.2,101.05,101.07,191542,101.698,101.66940000000001,101.68639999999999,101.80595,False,False,False,True,True,False,-0.62,-0.59
2024-12-30,14:51:00,PNB,101.1,101.26,101.06,101.1,135354,101.6765,101.6566,101.6794,101.80485,False,False,False,True,False,False,-0.57,-0.55
2024-12-30,14:50:00,PNB,101.49,101.49,101.06,101.1,152375,101.6425,101.645,101.6718,101.804,False,False,False,False,False,False,-0.53,-0.54
2024-12-30,14:49:00,PNB,101.8,101.81,101.49,101.49,151322,101.6125,101.63799999999999,101.67020000000001,101.80455,False,False,False,False,False,False,-0.12,-0.15
2024-12-30,14:48:00,PNB,101.72,101.9,101.71,101.85,300070,101.6065,101.634,101.6732,101.8064,True,True,True,False,False,False,0.24,0.21
2024-12-30,14:47:00,PNB,101.7,101.78,101.68,101.77,132527,101.60999999999999,101.6356,101.6755,101.80785,True,True,False,False,False,False,0.16,0.13
2024-12-30,14:46:00,PNB,101.72,101.74,101.66,101.7,156339,101.5915,101.63600000000001,101.6778,101.8084,True,True,False,False,False,False,0.11,0.06
2024-12-30,14:45:00,PNB,101.57,101.78,101.57,101.72,196138,101.577,101.63459999999999,101.68,101.8088,True,True,False,False,False,False,0.14,0.08
2024-12-30,14:44:00,PNB,101.67,101.67,101.54,101.57,85822,101.54749999999999,101.62960000000001,101.68019999999999,101.80860000000001,False,False,False,False,False,False,0.02,-0.06
2024-12-30,14:43:00,PNB,101.66,101.72,101.56,101.68,190556,101.529,101.63179999999998,101.6806,101.80905000000001,True,False,False,False,False,False,0.15,0.05
2024-12-30,14:42:00,PNB,101.49,101.68,101.43,101.68,457793,101.51050000000001,101.637,101.6813,101.80879999999999,True,False,False,False,False,False,0.17,0.04
2024-12-30,14:41:00,PNB,101.34,101.5,101.31,101.49,196302,101.488,101.63459999999999,101.6811,101.8075,False,False,False,False,False,False,0.0,-0.14
2024-12-30,14:40:00,PNB,101.34,101.38,101.25,101.34,59051,101.44,101.62799999999999,101.6777,101.80525,False,False,False,False,False,False,-0.1,-0.28
2024-12-30,14:39:00,PNB,101.2,101.38,101.18,101.3,99724,101.413,101.62200000000001,101.67269999999999,101.8031,False,False,False,False,False,False,-0.11,-0.32
2024-12-30,14:38:00,PNB,101.1,101.24,101.07,101.24,66142,101.405,101.6124,101.6667,101.80104999999999,False,False,False,False,False,False,-0.16,-0.37
2024-12-30,14:37:00,PNB,101.03,101.1,101.01,101.08,42944,101.3835,101.60199999999999,101.65970000000002,101.79805,False,False,False,False,False,False,-0.3,-0.51
2024-12-30,14:36:00,PNB,101.03,101.08,101.02,101.04,10500,101.372,101.59299999999999,101.65209999999999,101.79530000000001,False,False,False,False,False,False,-0.33,-0.54
2024-12-30,14:35:00,PNB,101.05,101.11,101.01,101.03,49296,101.37,101.58419999999998,101.6434,101.79269999999998,False,False,False,False,False,False,-0.34,-0.55
2024-12-30,14:34:00,PNB,101.03,101.1,101.0,101.05,16033,101.36749999999999,101.57359999999998,101.6343,101.7903,False,False,False,False,False,False,-0.31,-0.52
2024-12-30,14:33:00,PNB,101.05,101.1,100.98,101.03,48565,101.3665,101.56220000000002,101.6259,101.78745,False,False,False,False,False,False,-0.33,-0.52
2024-12-30,14:32:00,PNB,100.99,101.12,100.95,101.05,39882,101.3655,101.55199999999999,101.6174,101.78475,False,False,False,False,False,False,-0.31,-0.49
2024-12-30,14:31:00,PNB,100.91,101.02,100.91,100.95,23261,101.35799999999999,101.5392,101.60690000000001,101.78155000000001,False,False,False,False,False,False,-0.4,-0.58
2024-12-30,14:30:00,PNB,100.85,100.96,100.83,100.93,62352,101.3495,101.52439999999999,101.59900000000002,101.77805000000001,False,False,False,False,False,False,-0.41,-0.59
2024-12-30,14:29:00,PNB,100.93,100.95,100.82,100.85,49452,101.3175,101.50460000000001,101.589,101.77420000000001,False,False,False,False,False,False,-0.46,-0.64
2024-12-30,14:28:00,PNB,101.0,101.05,100.94,100.94,76713,101.272,101.4892,101.58139999999999,101.77075,False,False,False,False,False,False,-0.33,-0.54
2024-12-30,14:27:00,PNB,101.0,101.02,100.91,101.02,332130,101.2345,101.4756,101.57520000000001,101.7679,False,False,False,False,False,False,-0.21,-0.45
2024-12-30,14:26:00,PNB,101.01,101.09,100.94,101.0,193867,101.1995,101.4614,101.569,101.76535,False,False,False,False,False,False,-0.2,-0.45
2024-12-30,14:25:00,PNB,100.93,101.13,100.85,101.04,239904,101.1655,101.4466,101.56299999999999,101.7625,False,False,False,False,False,False,-0.12,-0.4
2024-12-30,14:24:00,PNB,100.9,101.0,100.88,100.93,21682,101.1335,101.43540000000002,101.55539999999999,101.7582,False,False,False,False,False,False,-0.2,-0.5
2024-12-30,14:23:00,PNB,100.84,100.95,100.82,100.92,68834,101.0955,101.42439999999999,101.5476,101.75405,False,False,False,False,False,False,-0.17,-0.5
2024-12-30,14:22:00,PNB,100.97,100.99,100.8,100.84,109222,101.0535,101.4138,101.538,101.7489,False,False,False,False,False,False,-0.21,-0.57
2024-12-30,14:21:00,PNB,100.95,101.02,100.86,100.98,90844,101.02799999999999,101.40280000000001,101.5308,101.74395,False,False,False,False,False,False,-0.05,-0.42
2024-12-30,14:20:00,PNB,100.95,100.98,100.88,100.96,92584,101.009,101.38640000000001,101.5235,101.7385,False,False,False,False,False,False,-0.05,-0.42
2024-12-30,14:19:00,PNB,101.02,101.02,100.86,100.95,109479,100.9915,101.3636,101.5161,101.73295,False,False,False,False,False,False,-0.04,-0.41
2024-12-30,14:18:00,PNB,101.03,101.1,101.0,101.02,40734,100.9805,101.34459999999999,101.5084,101.7278,False,False,False,False,False,False,0.04,-0.32
2024-12-30,14:17:00,PNB,101.05,101.18,101.03,101.03,50389,100.978,101.33120000000001,101.50139999999999,101.72274999999999,False,False,False,False,False,False,0.05,-0.3
2024-12-30,14:16:00,PNB,101.01,101.05,100.96,101.05,47959,100.9785,101.3108,101.4931,101.71775,False,False,False,False,False,False,0.07,-0.26
2024-12-30,14:15:00,PNB,101.03,101.05,100.97,101.01,24883,100.97749999999999,101.2908,101.484,101.71235,False,False,False,False,False,False,0.03,-0.28
2024-12-30,14:14:00,PNB,101.04,101.1,100.99,101.03,26769,100.9765,101.26820000000002,101.47460000000001,101.70705,False,False,False,False,False,False,0.05,-0.24
2024-12-30,14:13:00,PNB,101.01,101.04,100.96,101.04,29094,100.977,101.248,101.46539999999999,101.7018,False,False,False,False,False,False,0.06,-0.21
2024-12-30,14:12:00,PNB,101.14,101.16,100.99,101.04,306315,100.97650000000002,101.2278,101.45739999999999,101.69605,False,False,False,False,False,False,0.06,-0.19
2024-12-30,14:11:00,PNB,100.81,101.14,100.8,101.14,366361,100.986,101.2118,101.4499,101.69035000000002,False,False,False,False,False,False,0.15,-0.07
2024-12-30,14:10:00,PNB,101.03,101.03,100.82,100.85,51267,100.982,101.1828,101.44200000000001,101.68295,False,False,False,False,False,False,-0.13,-0.33
2024-12-30,14:09:00,PNB,101.09,101.09,101.0,101.01,13302,100.99000000000001,101.1662,101.43720000000002,101.6764,False,False,False,False,False,False,0.02,-0.15
2024-12-30,14:08:00,PNB,101.07,101.15,101.06,101.1,19579,100.998,101.16019999999999,101.43360000000001,101.67040000000001,False,False,False,False,False,False,0.1,-0.06
2024-12-30,14:07:00,PNB,101.09,101.09,101.06,101.08,22543,101.001,101.1516,101.4299,101.66494999999999,False,False,False,False,False,False,0.08,-0.07
2024-12-30,14:06:00,PNB,101.07,101.12,101.05,101.1,9878,101.006,101.1482,101.42669999999998,101.65935000000002,False,False,False,False,False,False,0.09,-0.05
2024-12-30,14:05:00,PNB,101.06,101.07,100.95,101.07,21741,101.00750000000001,101.1482,101.42200000000001,101.65360000000001,False,False,False,False,False,False,0.06,-0.08
2024-12-30,14:04:00,PNB,100.97,101.19,100.96,101.06,63191,101.014,101.1474,101.4182,101.64775,False,False,False,False,False,False,0.05,-0.09
2024-12-30,14:03:00,PNB,100.95,100.99,100.9,100.98,32423,101.017,101.14599999999999,101.4135,101.64225,False,False,False,False,False,False,-0.04,-0.16
2024-12-30,14:02:00,PNB,100.87,100.99,100.85,100.98,26309,101.024,101.1442,101.40679999999999,101.63655,False,False,False,False,False,False,-0.04,-0.16
2024-12-30,14:01:00,PNB,100.92,100.95,100.82,100.91,47154,101.0205,101.14040000000001,101.39849999999998,101.63045,False,False,False,False,False,False,-0.11,-0.23
2024-12-30,14:00:00,PNB,101.05,101.05,100.9,100.93,142413,101.01899999999999,101.137,101.39099999999999,101.62480000000001,False,False,False,False,False,False,-0.09,-0.2
2024-12-30,13:59:00,PNB,101.05,101.07,101.02,101.05,20733,101.024,101.12819999999999,101.38310000000001,101.6198,False,False,False,False,False,False,0.03,-0.08
2024-12-30,13:58:00,PNB,101.08,101.08,101.02,101.07,22297,101.0265,101.1126,101.3733,101.6147,False,False,False,False,False,False,0.04,-0.04
2024-12-30,13:57:00,PNB,101.08,101.17,101.05,101.08,28107,101.029,101.09880000000001,101.3672,101.60959999999999,False,False,False,False,False,False,0.05,-0.02
2024-12-30,13:56:00,PNB,101.03,101.17,101.0,101.09,41087,101.031,101.0866,101.36130000000001,101.60435,True,False,False,False,False,False,0.06,0.0
2024-12-30,13:55:00,PNB,101.01,101.04,101.0,101.03,22959,101.03200000000001,101.0728,101.35369999999999,101.59899999999999,False,False,False,False,False,False,-0.0,-0.04
2024-12-30,13:54:00,PNB,101.02,101.05,101.0,101.02,19166,101.03150000000001,101.06179999999999,101.3457,101.59395,False,False,False,False,False,False,-0.01,-0.04
2024-12-30,13:53:00,PNB,101.06,101.06,101.0,101.02,72829,101.0305,101.04860000000001,101.34020000000001,101.58875,False,False,False,False,False,False,-0.01,-0.03
2024-12-30,13:52:00,PNB,101.08,101.1,101.02,101.02,29103,101.0295,101.0354,101.3362,101.5831,False,False,False,False,False,False,-0.01,-0.02
2024-12-30,13:51:00,PNB,101.04,101.15,101.02,101.11,34558,101.02799999999999,101.02780000000001,101.3312,101.5782,True,False,False,True,False,False,0.08,0.08
2024-12-30,13:50:00,PNB,101.11,101.2,101.01,101.01,44468,101.03599999999999,101.02120000000001,101.32459999999999,101.5727,False,False,False,True,False,False,-0.03,-0.01
2024-12-30,13:49:00,PNB,101.08,101.23,101.07,101.14,65565,101.04249999999999,101.01799999999999,101.32,101.5675,True,False,False,True,False,False,0.1,0.12
2024-12-30,13:48:00,PNB,101.07,101.13,101.03,101.1,54652,101.04249999999999,101.01520000000001,101.31379999999999,101.56199999999998,True,False,False,True,False,False,0.06,0.08
2024-12-30,13:47:00,PNB,101.1,101.15,101.03,101.05,40274,101.04100000000001,101.01460000000002,101.3083,101.55599999999998,True,False,False,True,False,False,0.01,0.04
2024-12-30,13:46:00,PNB,101.15,101.24,101.01,101.11,42439,101.0415,101.016,101.30449999999999,101.5513,True,False,False,True,False,False,0.07,0.09
2024-12-30,13:45:00,PNB,101.29,101.29,101.11,101.14,118180,101.045,101.01820000000002,101.30120000000001,101.54699999999998,True,False,False,True,False,False,0.09,0.12
2024-12-30,13:44:00,PNB,101.27,101.32,101.25,101.27,25358,101.05550000000001,101.0226,101.29810000000002,101.5433,True,False,False,True,False,False,0.21,0.24
2024-12-30,13:43:00,PNB,101.38,101.44,101.26,101.3,71508,101.0715,101.02799999999999,101.2951,101.53974999999998,True,True,False,True,False,False,0.23,0.27
2024-12-30,13:42:00,PNB,101.44,101.44,101.34,101.38,25703,101.0915,101.03460000000001,101.2933,101.53654999999999,True,True,False,True,False,False,0.29,0.34
2024-12-30,13:41:00,PNB,101.36,101.44,101.35,101.43,33567,101.11749999999999,101.04419999999999,101.2917,101.5337,True,True,False,True,False,False,0.31,0.38
2024-12-30,13:40:00,PNB,101.41,101.45,101.33,101.36,46864,101.139,101.0528,101.2886,101.5301,True,True,False,True,False,False,0.22,0.3
2024-12-30,13:39:00,PNB,101.36,101.53,101.36,101.43,61668,101.15799999999999,101.0644,101.28450000000001,101.5271,True,True,False,True,False,False,0.27,0.36
2024-12-30,13:38:00,PNB,101.6,101.64,101.37,101.37,310224,101.173,101.07300000000001,101.28109999999998,101.52385,True,True,False,True,False,False,0.19,0.29
2024-12-30,13:37:00,PNB,101.38,101.6,101.31,101.55,487560,101.1965,101.08359999999999,101.27960000000002,101.52135,True,True,True,True,False,False,0.35,0.46
2024-12-30,13:36:00,PNB,101.42,101.42,101.15,101.38,157379,101.21099999999998,101.09119999999999,101.27629999999999,101.51809999999999,True,True,False,True,False,False,0.17,0.29
2024-12-30,13:35:00,PNB,101.32,101.45,101.25,101.45,58797,101.232,101.0994,101.27300000000001,101.51525,True,True,False,True,False,False,0.22,0.35
2024-12-30,13:34:00,PNB,101.42,101.43,101.28,101.31,87866,101.2465,101.10699999999999,101.2712,101.51175,True,True,False,True,False,False,0.06,0.2
2024-12-30,13:33:00,PNB,101.43,101.44,101.37,101.42,65757,101.2665,101.117,101.27069999999999,101.50865,True,True,False,True,False,False,0.15,0.3
2024-12-30,13:32:00,PNB,101.41,101.5,101.4,101.43,60112,101.287,101.12880000000001,101.27130000000001,101.5053,True,True,False,True,True,False,0.14,0.3
2024-12-30,13:31:00,PNB,101.61,101.61,101.4,101.41,62412,101.30199999999999,101.1374,101.2701,101.50145,True,True,False,True,True,False,0.11,0.27
2024-12-30,13:30:00,PNB,101.6,101.7,101.6,101.61,21561,101.33200000000001,101.15039999999999,101.2684,101.4984,True,True,True,True,True,False,0.27,0.45
2024-12-30,13:29:00,PNB,101.73,101.73,101.55,101.59,61852,101.3545,101.1632,101.2634,101.4949,True,True,True,True,True,False,0.23,0.42
2024-12-30,13:28:00,PNB,101.6,101.75,101.59,101.7,61769,101.3845,101.1768,101.2607,101.49310000000001,True,True,True,True,True,False,0.31,0.52
2024-12-30,13:27:00,PNB,101.66,101.68,101.53,101.62,136759,101.413,101.1886,101.2599,101.4917,True,True,True,True,True,False,0.2,0.43
2024-12-30,13:26:00,PNB,101.83,101.83,101.62,101.67,128969,101.441,101.20099999999998,101.2559,101.49055,True,True,True,True,True,False,0.23,0.46
2024-12-30,13:25:00,PNB,101.92,101.93,101.81,101.83,55739,101.4755,101.2174,101.2541,101.49025,True,True,True,True,True,False,0.35,0.61
2024-12-30,13:24:00,PNB,102.0,102.01,101.91,101.92,24246,101.508,101.23519999999999,101.2517,101.49055,True,True,True,True,True,True,0.41,0.68
2024-12-30,13:23:00,PNB,102.0,102.03,101.95,102.01,21714,101.5435,101.2546,101.25130000000001,101.4911,True,True,True,True,True,True,0.46,0.75
2024-12-30,13:22:00,PNB,101.98,102.04,101.94,102.01,33393,101.575,101.274,101.25089999999999,101.49095,True,True,True,True,True,True,0.43,0.73
2024-12-30,13:21:00,PNB,102.09,102.09,101.98,101.99,28993,101.603,101.291,101.25140000000002,101.4908,True,True,True,True,True,True,0.38,0.69
2024-12-30,13:20:00,PNB,102.08,102.13,102.07,102.09,20176,101.63950000000001,101.3158,101.24929999999999,101.49175000000001,True,True,True,True,True,True,0.44,0.76
2024-12-30,13:19:00,PNB,102.09,102.11,102.05,102.08,7497,101.672,101.3372,101.2517,101.49265,True,True,True,True,True,True,0.4,0.73
2024-12-30,13:18:00,PNB,102.14,102.17,102.06,102.11,12562,101.70899999999999,101.3574,101.2588,101.494,True,True,True,True,True,True,0.39,0.74
2024-12-30,13:17:00,PNB,102.09,102.2,102.08,102.14,37056,101.7385,101.3786,101.2651,101.49529999999999,True,True,True,True,True,True,0.39,0.75
2024-12-30,13:16:00,PNB,102.0,102.14,101.99,102.09,48549,101.774,101.3984,101.2733,101.49674999999999,True,True,True,True,True,True,0.31,0.68
2024-12-30,13:15:00,PNB,102.06,102.09,101.93,102.03,45375,101.80300000000001,101.41760000000001,101.28289999999998,101.4976,True,True,True,True,True,True,0.22,0.6
2024-12-30,13:14:00,PNB,102.04,102.1,102.02,102.07,14221,101.84100000000001,101.43779999999998,101.29260000000001,101.49825000000001,True,True,True,True,True,True,0.22,0.62
2024-12-30,13:13:00,PNB,102.09,102.14,102.02,102.04,105564,101.872,101.45900000000002,101.3025,101.49859999999998,True,True,True,True,True,True,0.16,0.57
2024-12-30,13:12:00,PNB,102.1,102.13,102.08,102.1,20516,101.90549999999999,101.4814,101.31280000000001,101.49960000000002,True,True,True,True,True,True,0.19,0.61
2024-12-30,13:11:00,PNB,102.05,102.13,102.04,102.1,17628,101.94,101.5052,101.32279999999999,101.50110000000001,True,True,True,True,True,True,0.16,0.59
2024-12-30,13:10:00,PNB,102.03,102.1,102.01,102.06,11882,101.9625,101.52779999999998,101.33240000000002,101.50210000000001,True,True,True,True,True,True,0.1,0.52
2024-12-30,13:09:00,PNB,102.05,102.07,102.0,102.02,13100,101.98400000000001,101.54720000000002,101.33769999999998,101.50395,True,True,True,True,True,True,0.04,0.47
2024-12-30,13:08:00,PNB,102.05,102.08,102.03,102.05,27612,102.0015,101.5668,101.33970000000001,101.50645,True,True,True,True,True,True,0.05,0.48
2024-12-30,13:07:00,PNB,102.04,102.07,102.04,102.05,10565,102.023,101.58619999999999,101.3425,101.509,True,True,True,True,True,True,0.03,0.46
2024-12-30,13:06:00,PNB,102.05,102.09,102.03,102.06,25703,102.0425,101.6056,101.34609999999999,101.51195,True,True,True,True,True,True,0.02,0.45
2024-12-30,13:05:00,PNB,102.02,102.06,101.98,102.05,28413,102.0535,101.626,101.3494,101.51469999999999,True,True,True,True,True,True,-0.0,0.42
2024-12-30,13:04:00,PNB,102.03,102.08,102.0,102.03,30640,102.059,101.64620000000001,101.35400000000001,101.51709999999999,True,True,True,True,True,True,-0.03,0.38
2024-12-30,13:03:00,PNB,102.05,102.08,101.98,102.03,21110,102.06,101.6664,101.3575,101.51905000000001,True,True,True,True,True,True,-0.03,0.36
2024-12-30,13:02:00,PNB,102.02,102.13,101.99,102.05,39332,102.062,101.68700000000001,101.36120000000001,101.52125,True,True,True,True,True,True,-0.01,0.36
2024-12-30,13:01:00,PNB,102.07,102.09,101.94,101.98,131811,102.0615,101.7044,101.3661,101.5236,True,True,True,True,True,True,-0.08,0.27
2024-12-30,13:00:00,PNB,102.22,102.24,102.06,102.09,19837,102.0615,101.72599999999998,101.37360000000001,101.52565,True,True,True,True,True,True,0.03,0.36
2024-12-30,12:59:00,PNB,102.26,102.3,102.22,102.24,6769,102.0695,101.748,101.38300000000001,101.52785,True,True,True,True,True,True,0.17,0.48
2024-12-30,12:58:00,PNB,102.2,102.3,102.13,102.27,20060,102.07750000000001,101.7714,101.3933,101.53,True,True,True,True,True,True,0.19,0.49
2024-12-30,12:57:00,PNB,102.11,102.23,102.11,102.2,19777,102.0805,101.79439999999998,101.40449999999998,101.53209999999999,True,True,True,True,True,True,0.12,0.4
2024-12-30,12:56:00,PNB,102.08,102.15,102.07,102.13,30082,102.08250000000001,101.81479999999999,101.4154,101.53375,True,True,True,True,True,True,0.05,0.31
2024-12-30,12:55:00,PNB,102.13,102.17,102.05,102.12,46377,102.08699999999999,101.83439999999999,101.4263,101.53485,True,True,True,True,True,True,0.03,0.28
2024-12-30,12:54:00,PNB,102.22,102.27,102.12,102.12,24136,102.0895,101.8514,101.43700000000001,101.53564999999999,True,True,True,True,True,True,0.03,0.26
2024-12-30,12:53:00,PNB,102.27,102.27,102.12,102.2,32581,102.0975,101.8694,101.44869999999999,101.5373,True,True,True,True,True,True,0.1,0.32
2024-12-30,12:52:00,PNB,102.32,102.33,102.26,102.27,12686,102.10600000000001,101.88719999999999,101.4609,101.53914999999999,True,True,True,True,True,True,0.16,0.38
2024-12-30,12:51:00,PNB,102.18,102.35,102.18,102.33,22395,102.11749999999999,101.90520000000001,101.4747,101.5408,True,True,True,True,True,True,0.21,0.42
2024-12-30,12:50:00,PNB,102.23,102.28,102.13,102.17,72968,102.123,101.92139999999999,101.4871,101.54305000000001,True,True,True,True,True,True,0.05,0.24
2024-12-30,12:49:00,PNB,102.3,102.3,102.2,102.25,100126,102.1345,101.93779999999998,101.50110000000001,101.54504999999999,True,True,True,True,True,True,0.11,0.31
2024-12-30,12:48:00,PNB,102.33,102.35,102.3,102.3,22939,102.147,101.95639999999999,101.5147,101.54805,True,True,True,True,True,True,0.15,0.34
2024-12-30,12:47:00,PNB,102.36,102.45,102.3,102.32,22630,102.1605,101.9718,101.52770000000001,101.55144999999999,True,True,True,True,True,True,0.16,0.34
2024-12-30,12:46:00,PNB,102.45,102.45,102.32,102.38,97320,102.1765,101.9918,101.5415,101.55525,True,True,True,True,True,True,0.2,0.38
2024-12-30,12:45:00,PNB,102.32,102.5,102.3,102.45,56737,102.1965,102.01179999999998,101.55560000000001,101.55930000000001,True,True,True,True,True,True,0.25,0.43
2024-12-30,12:44:00,PNB,102.36,102.39,102.3,102.32,25519,102.211,102.03200000000001,101.5695,101.56245000000001,True,True,True,True,True,True,0.11,0.28
2024-12-30,12:43:00,PNB,102.4,102.47,102.33,102.38,23160,102.2285,102.05120000000001,101.58409999999999,101.56585000000001,True,True,True,True,True,True,0.15,0.32
2024-12-30,12:42:00,PNB,102.33,102.47,102.31,102.42,13834,102.247,102.07099999999998,101.59989999999999,101.56895,True,True,True,True,True,True,0.17,0.34
2024-12-30,12:41:00,PNB,102.27,102.38,102.26,102.35,53995,102.2655,102.0898,101.6136,101.57220000000001,True,True,True,True,True,True,0.08,0.25
2024-12-30,12:40:00,PNB,102.29,102.35,102.25,102.34,23000,102.27799999999999,102.1044,101.6274,101.57544999999999,True,True,True,True,True,True,0.06,0.23
2024-12-30,12:39:00,PNB,102.34,102.38,102.28,102.28,33942,102.28,102.1182,101.64070000000001,101.5784,True,True,True,True,True,True,0.0,0.16
2024-12-30,12:38:00,PNB,102.36,102.4,102.3,102.36,21628,102.2845,102.13140000000001,101.6541,101.58125,True,True,True,True,True,True,0.07,0.22
2024-12-30,12:37:00,PNB,102.3,102.45,102.3,102.34,36443,102.29150000000001,102.1458,101.6672,101.5843,True,True,True,True,True,True,0.05,0.19
2024-12-30,12:36:00,PNB,102.27,102.35,102.25,102.31,39531,102.3005,102.1586,101.6798,101.58644999999999,True,True,True,True,True,True,0.01,0.15
2024-12-30,12:35:00,PNB,102.35,102.38,102.25,102.27,28787,102.308,102.16740000000001,101.69239999999999,101.5882,True,True,True,True,True,True,-0.04,0.1
2024-12-30,12:34:00,PNB,102.43,102.46,102.35,102.35,53601,102.31949999999999,102.176,101.70559999999999,101.5901,True,True,True,True,True,True,0.03,0.17
2024-12-30,12:33:00,PNB,102.36,102.48,102.36,102.43,44651,102.33099999999999,102.18440000000001,101.71950000000001,101.59244999999999,True,True,True,True,True,True,0.1,0.24
2024-12-30,12:32:00,PNB,102.1,102.39,102.1,102.35,90177,102.335,102.1912,101.7326,101.595,True,True,True,True,True,True,0.01,0.16
2024-12-30,12:31:00,PNB,102.2,102.25,102.1,102.13,90001,102.325,102.194,101.7425,101.59620000000001,False,True,True,True,True,True,-0.19,-0.06
2024-12-30,12:30:00,PNB,102.32,102.35,102.2,102.24,42980,102.32849999999999,102.19699999999999,101.7564,101.5992,True,True,True,True,True,True,-0.09,0.04
2024-12-30,12:29:00,PNB,102.36,102.39,102.3,102.33,33970,102.3325,102.20200000000001,101.7696,101.60340000000001,True,True,True,True,True,True,-0.0,0.13
2024-12-30,12:28:00,PNB,102.46,102.48,102.31,102.39,63122,102.337,102.2076,101.7825,101.60805,True,True,True,True,True,True,0.05,0.18
2024-12-30,12:27:00,PNB,102.61,102.65,102.44,102.48,125686,102.345,102.21440000000001,101.7965,101.61319999999999,True,True,True,True,True,True,0.13,0.26
2024-12-30,12:26:00,PNB,102.66,102.69,102.6,102.61,38198,102.3565,102.2248,101.81160000000001,101.61915,True,True,True,True,True,True,0.25,0.38
2024-12-30,12:25:00,PNB,102.64,102.74,102.62,102.69,32697,102.3685,102.238,101.82779999999998,101.6249,True,True,True,True,True,True,0.31,0.44
2024-12-30,12:24:00,PNB,102.76,102.76,102.56,102.65,85620,102.385,102.24960000000002,101.84369999999998,101.63095000000001,True,True,True,True,True,True,0.26,0.39
2024-12-30,12:23:00,PNB,102.77,102.79,102.72,102.77,18194,102.40450000000001,102.2642,101.8616,101.63755,True,True,True,True,True,True,0.36,0.49
2024-12-30,12:22:00,PNB,102.76,102.84,102.75,102.8,29156,102.42349999999999,102.2782,101.87980000000002,101.6433,True,True,True,True,True,True,0.37,0.51
2024-12-30,12:21:00,PNB,102.8,102.84,102.76,102.78,20172,102.44500000000001,102.29179999999998,101.8985,101.6485,True,True,True,True,True,True,0.33,0.48
2024-12-30,12:20:00,PNB,102.8,102.84,102.77,102.81,10224,102.46849999999999,102.30680000000001,101.91730000000001,101.65415000000002,True,True,True,True,True,True,0.33,0.49
2024-12-30,12:19:00,PNB,102.79,102.84,102.79,102.82,12298,102.49549999999999,102.32279999999999,101.935,101.65905000000001,True,True,True,True,True,True,0.32,0.49
2024-12-30,12:18:00,PNB,102.75,102.83,102.75,102.82,38499,102.51849999999999,102.3382,101.9525,101.66290000000001,True,True,True,True,True,True,0.29,0.47
2024-12-30,12:17:00,PNB,102.81,102.85,102.75,102.76,13953,102.5395,102.3524,101.9693,101.66824999999999,True,True,True,True,True,True,0.22,0.4
2024-12-30,12:16:00,PNB,102.81,102.87,102.77,102.8,23853,102.564,102.3672,101.98639999999999,101.67385,True,True,True,True,True,True,0.23,0.42
2024-12-30,12:15:00,PNB,102.85,102.94,102.81,102.81,35835,102.59100000000001,102.3824,102.0042,101.67895,True,True,True,True,True,True,0.21,0.42
2024-12-30,12:14:00,PNB,102.87,102.88,102.76,102.85,21328,102.61600000000001,102.3988,102.0225,101.6841,True,True,True,True,True,True,0.23,0.44
2024-12-30,12:13:00,PNB,102.81,102.95,102.8,102.87,17376,102.638,102.41560000000001,102.041,101.69059999999999,True,True,True,True,True,True,0.23,0.44
2024-12-30,12:12:00,PNB,102.81,102.92,102.76,102.81,50793,102.66100000000002,102.4308,102.0589,101.69755,True,True,True,True,True,True,0.15,0.37
2024-12-30,12:11:00,PNB,102.77,102.83,102.75,102.82,36455,102.6955,102.44759999999998,102.07600000000001,101.70360000000001,True,True,True,True,True,True,0.12,0.36
2024-12-30,12:10:00,PNB,102.75,102.8,102.75,102.78,29370,102.7225,102.46140000000001,102.09370000000001,101.70915000000001,True,True,True,True,True,True,0.06,0.31
2024-12-30,12:09:00,PNB,102.83,102.83,102.75,102.76,22306,102.744,102.47179999999999,102.1099,101.71494999999999,True,True,True,True,True,True,0.02,0.28
2024-12-30,12:08:00,PNB,102.85,102.9,102.82,102.84,18683,102.7665,102.4832,102.12730000000002,101.72054999999999,True,True,True,True,True,True,0.07,0.35
2024-12-30,12:07:00,PNB,102.83,102.94,102.82,102.84,26518,102.78450000000001,102.49600000000001,102.1452,101.72675,True,True,True,True,True,True,0.05,0.34
2024-12-30,12:06:00,PNB,102.97,103.0,102.8,102.82,59705,102.795,102.5098,102.16230000000002,101.7334,True,True,True,True,True,True,0.02,0.3
2024-12-30,12:05:00,PNB,103.04,103.04,102.92,102.95,47130,102.80799999999999,102.52640000000001,102.18039999999999,101.7408,True,True,True,True,True,True,0.14,0.41
2024-12-30,12:04:00,PNB,103.03,103.1,103.03,103.05,18521,102.828,102.545,102.1982,101.74814999999998,True,True,True,True,True,True,0.22,0.49
2024-12-30,12:03:00,PNB,102.97,103.07,102.96,103.03,19658,102.84099999999998,102.5616,102.21549999999999,101.7553,True,True,True,True,True,True,0.18,0.46
2024-12-30,12:02:00,PNB,102.93,103.04,102.91,102.97,38118,102.84949999999999,102.5756,102.23140000000001,101.76234999999998,True,True,True,True,True,True,0.12,0.38
2024-12-30,12:01:00,PNB,103.01,103.02,102.93,102.94,17531,102.8575,102.5878,102.2465,101.7691,True,True,True,True,True,True,0.08,0.34
2024-12-30,12:00:00,PNB,103.07,103.13,103.01,103.01,25947,102.86749999999999,102.6046,102.26299999999999,101.7758,True,True,True,True,True,True,0.14,0.4
2024-12-30,11:59:00,PNB,103.09,103.17,103.06,103.06,8279,102.87950000000001,102.6208,102.2793,101.78190000000001,True,True,True,True,True,True,0.18,0.43
2024-12-30,11:58:00,PNB,103.07,103.15,103.05,103.15,38875,102.896,102.63780000000001,102.29710000000001,101.7891,True,True,True,True,True,True,0.25,0.5
2024-12-30,11:57:00,PNB,103.2,103.21,103.05,103.07,41553,102.9115,102.65280000000001,102.3123,101.79594999999999,True,True,True,True,True,True,0.15,0.41
2024-12-30,11:56:00,PNB,103.12,103.23,103.05,103.22,91815,102.9325,102.6696,102.3307,101.8035,True,True,True,True,True,True,0.28,0.54
2024-12-30,11:55:00,PNB,103.16,103.3,103.1,103.16,189865,102.95,102.6838,102.34779999999999,101.81039999999999,True,True,True,True,True,True,0.2,0.46
2024-12-30,11:54:00,PNB,103.08,103.2,103.05,103.17,100585,102.96599999999998,102.7008,102.3664,101.81880000000001,True,True,True,True,True,True,0.2,0.46
2024-12-30,11:53:00,PNB,103.15,103.18,103.05,103.12,90933,102.97850000000001,102.7156,102.3834,101.82705,True,True,True,True,True,True,0.14,0.39
2024-12-30,11:52:00,PNB,103.1,103.2,103.04,103.17,40642,102.99650000000001,102.73060000000001,102.4008,101.83605,True,True,True,True,True,True,0.17,0.43
2024-12-30,11:51:00,PNB,102.97,103.19,102.94,103.1,148444,103.01050000000001,102.7456,102.41770000000001,101.84389999999999,True,True,True,True,True,True,0.09,0.34
2024-12-30,11:50:00,PNB,102.99,103.08,102.94,102.98,109180,103.0205,102.7584,102.4314,101.84989999999999,True,True,True,True,True,True,-0.04,0.22
2024-12-30,11:49:00,PNB,102.93,102.99,102.9,102.96,25193,103.0305,102.772,102.44509999999998,101.85425,True,True,True,True,True,True,-0.07,0.18
2024-12-30,11:48:00,PNB,102.99,103.02,102.87,102.93,55011,103.035,102.78339999999999,102.45739999999999,101.85904999999998,True,True,True,True,True,True,-0.1,0.14
2024-12-30,11:47:00,PNB,102.8,103.0,102.78,102.99,77368,103.04249999999999,102.7964,102.47109999999999,101.86550000000001,True,True,True,True,True,True,-0.05,0.19
2024-12-30,11:46:00,PNB,102.75,102.84,102.74,102.82,25538,103.04249999999999,102.8066,102.4826,101.86925000000001,True,True,True,True,True,True,-0.22,0.01
2024-12-30,11:45:00,PNB,102.81,102.85,102.7,102.75,58073,103.0325,102.8162,102.4918,101.87295,False,True,True,True,True,True,-0.27,-0.06
2024-12-30,11:44:00,PNB,102.85,102.88,102.75,102.86,60223,103.023,102.82639999999999,102.50119999999998,101.87645,True,True,True,True,True,True,-0.16,0.03
2024-12-30,11:43:00,PNB,102.84,102.92,102.8,102.84,87403,103.0135,102.8346,102.50949999999999,101.88040000000001,True,True,True,True,True,True,-0.17,0.01
2024-12-30,11:42:00,PNB,102.72,102.9,102.7,102.84,66912,103.00699999999999,102.84440000000001,102.51780000000001,101.88435000000001,False,True,True,True,True,True,-0.16,-0.0
2024-12-30,11:41:00,PNB,102.74,102.82,102.7,102.74,31815,102.997,102.8566,102.52529999999999,101.88834999999999,False,True,True,True,True,True,-0.25,-0.11
2024-12-30,11:40:00,PNB,102.79,102.83,102.71,102.75,48326,102.984,102.8668,102.53190000000001,101.89059999999999,False,True,True,True,True,True,-0.23,-0.11
2024-12-30,11:39:00,PNB,102.78,102.87,102.71,102.79,100722,102.97049999999999,102.87599999999999,102.539,101.89535,False,True,True,True,True,True,-0.18,-0.08
2024-12-30,11:38:00,PNB,102.81,102.82,102.75,102.8,23512,102.953,102.8842,102.5459,101.90235000000001,False,True,True,True,True,True,-0.15,-0.08
2024-12-30,11:37:00,PNB,102.87,102.87,102.8,102.81,19058,102.93999999999998,102.8908,102.55259999999998,101.90885,False,True,True,True,True,True,-0.13,-0.08
2024-12-30,11:36:00,PNB,102.97,102.99,102.85,102.9,66481,102.924,102.89659999999999,102.56070000000001,101.91699999999999,True,True,True,True,True,True,-0.02,0.0
2024-12-30,11:35:00,PNB,103.06,103.1,102.95,102.97,75487,102.9145,102.90220000000001,102.5701,101.92649999999999,True,True,True,True,True,True,0.05,0.07
2024-12-30,11:34:00,PNB,103.08,103.12,103.03,103.06,64441,102.90899999999999,102.9104,102.58,101.93630000000002,True,True,True,False,True,True,0.15,0.15
2024-12-30,11:33:00,PNB,103.05,103.15,103.05,103.08,78215,102.907,102.9166,102.59039999999999,101.94645,True,True,True,False,True,True,0.17,0.16
2024-12-30,11:32:00,PNB,102.94,103.08,102.94,103.05,256948,102.901,102.9216,102.59989999999999,101.95635,True,True,True,False,True,True,0.14,0.12
2024-12-30,11:31:00,PNB,102.9,102.99,102.89,102.95,147026,102.89349999999999,102.925,102.6084,101.9656,True,True,True,False,True,True,0.05,0.02
2024-12-30,11:30:00,PNB,102.78,102.9,102.78,102.89,89414,102.88900000000001,102.9266,102.6167,101.97455,False,True,True,False,True,True,0.0,-0.04
2024-12-30,11:29:00,PNB,102.71,102.8,102.7,102.8,49640,102.881,102.92620000000001,102.62450000000001,101.98109999999998,False,True,True,False,True,True,-0.08,-0.12
2024-12-30,11:28:00,PNB,102.57,102.72,102.55,102.7,119326,102.86949999999999,102.92379999999999,102.631,101.98535,False,True,True,False,True,True,-0.16,-0.22
2024-12-30,11:27:00,PNB,102.44,102.63,102.44,102.6,52071,102.85,102.92060000000001,102.6365,101.9895,False,False,True,False,True,True,-0.24,-0.31
2024-12-30,11:26:00,PNB,102.35,102.45,102.35,102.44,55821,102.83099999999999,102.9134,102.64030000000001,101.9932,False,False,True,False,True,True,-0.38,-0.46
2024-12-30,11:25:00,PNB,102.41,102.45,102.32,102.36,52516,102.8115,102.90440000000001,102.6434,101.9964,False,False,True,False,True,True,-0.44,-0.53
2024-12-30,11:24:00,PNB,102.39,102.45,102.38,102.42,20602,102.7895,102.8958,102.64730000000002,102.00065,False,False,True,False,True,True,-0.36,-0.46
2024-12-30,11:23:00,PNB,102.26,102.4,102.25,102.39,21396,102.76700000000001,102.88619999999999,102.65090000000001,102.0042,False,False,True,False,True,True,-0.37,-0.48
2024-12-30,11:22:00,PNB,102.26,102.33,102.25,102.26,18726,102.73800000000001,102.8752,102.65299999999999,102.00710000000001,False,False,True,False,True,True,-0.47,-0.6
2024-12-30,11:21:00,PNB,102.31,102.31,102.24,102.25,12529,102.7135,102.86380000000001,102.6557,102.0109,False,False,True,False,True,True,-0.45,-0.6
2024-12-30,11:20:00,PNB,102.24,102.4,102.22,102.31,42147,102.69149999999999,102.85439999999998,102.65789999999998,102.01575000000001,False,False,True,False,True,True,-0.37,-0.53
2024-12-30,11:19:00,PNB,102.22,102.25,102.2,102.24,7296,102.66400000000002,102.84400000000001,102.65789999999998,102.02045,False,False,True,False,True,True,-0.41,-0.59
2024-12-30,11:18:00,PNB,102.14,102.23,102.14,102.22,23621,102.63499999999999,102.8316,102.6574,102.02535,False,False,True,False,False,True,-0.4,-0.59
2024-12-30,11:17:00,PNB,102.09,102.16,102.07,102.14,14038,102.60149999999999,102.8176,102.6568,102.03065000000001,False,False,True,False,False,True,-0.45,-0.66
2024-12-30,11:16:00,PNB,102.13,102.13,102.07,102.08,12587,102.5605,102.8028,102.65629999999999,102.03585000000001,False,False,True,False,False,True,-0.47,-0.7
2024-12-30,11:15:00,PNB,102.08,102.14,102.05,102.14,13790,102.519,102.78659999999999,102.6565,102.04140000000001,False,False,True,False,False,True,-0.37,-0.63
2024-12-30,11:14:00,PNB,102.08,102.1,102.05,102.08,14781,102.47,102.76720000000002,102.65609999999998,102.04654999999998,False,False,True,False,False,True,-0.38,-0.67
2024-12-30,11:13:00,PNB,102.11,102.14,102.06,102.06,8618,102.41900000000001,102.74779999999998,102.6547,102.0517,False,False,True,False,False,True,-0.35,-0.67
2024-12-30,11:12:00,PNB,102.11,102.11,102.07,102.11,13397,102.372,102.73060000000001,102.6531,102.057,False,False,True,False,False,True,-0.26,-0.6
2024-12-30,11:11:00,PNB,102.12,102.16,102.08,102.1,16075,102.3295,102.71379999999999,102.6508,102.06275,False,False,True,False,False,True,-0.22,-0.6
2024-12-30,11:10:00,PNB,102.05,102.17,102.01,102.12,46747,102.291,102.69599999999998,102.6503,102.06869999999999,False,False,True,False,False,True,-0.17,-0.56
2024-12-30,11:09:00,PNB,102.01,102.08,102.0,102.05,14165,102.2535,102.6758,102.6483,102.0747,False,False,False,False,False,True,-0.2,-0.61
2024-12-30,11:08:00,PNB,101.98,102.06,101.96,102.06,40030,102.22149999999999,102.654,102.64589999999998,102.0803,False,False,False,False,False,True,-0.16,-0.58
2024-12-30,11:07:00,PNB,102.04,102.1,101.98,102.0,47432,102.19149999999999,102.6326,102.64269999999999,102.0852,False,False,False,False,False,True,-0.19,-0.62
2024-12-30,11:06:00,PNB,102.03,102.1,102.0,102.04,11711,102.1715,102.609,102.6393,102.0904,False,False,False,False,False,True,-0.13,-0.55
2024-12-30,11:05:00,PNB,101.98,102.1,101.95,102.03,35991,102.155,102.5864,102.63510000000001,102.09535,False,False,False,False,False,True,-0.12,-0.54
2024-12-30,11:04:00,PNB,102.03,102.04,101.93,102.0,35490,102.13399999999999,102.56299999999999,102.6319,102.1007,False,False,False,False,False,True,-0.13,-0.55
2024-12-30,11:03:00,PNB,102.13,102.13,102.0,102.02,57791,102.11550000000001,102.541,102.6283,102.10619999999999,False,False,False,False,False,True,-0.09,-0.51
2024-12-30,11:02:00,PNB,102.19,102.21,102.12,102.14,26300,102.1095,102.5204,102.62550000000002,102.11269999999999,False,False,True,False,False,False,0.03,-0.37
2024-12-30,11:01:00,PNB,102.22,102.23,102.13,102.18,54395,102.10600000000001,102.50200000000001,102.62379999999999,102.11869999999999,False,False,True,False,False,False,0.07,-0.31
2024-12-30,11:00:00,PNB,102.26,102.29,102.22,102.23,9843,102.102,102.487,102.62270000000001,102.12504999999999,False,False,True,False,False,False,0.13,-0.25
2024-12-30,10:59:00,PNB,102.26,102.33,102.25,102.26,22589,102.103,102.473,102.6225,102.13159999999999,False,False,True,False,False,False,0.15,-0.21
2024-12-30,10:58:00,PNB,102.33,102.35,102.26,102.28,48985,102.10600000000001,102.46,102.6217,102.13789999999999,False,False,True,False,False,False,0.17,-0.18
2024-12-30,10:57:00,PNB,102.37,102.45,102.31,102.33,38838,102.1155,102.4468,102.6216,102.1444,False,False,True,False,False,False,0.21,-0.11
2024-12-30,10:56:00,PNB,102.45,102.49,102.35,102.35,35462,102.129,102.4374,102.62200000000001,102.15090000000001,False,False,True,False,False,False,0.22,-0.09
2024-12-30,10:55:00,PNB,102.55,102.57,102.39,102.45,34251,102.1445,102.4314,102.62380000000002,102.15809999999999,True,False,True,False,False,False,0.3,0.02
2024-12-30,10:54:00,PNB,102.64,102.65,102.55,102.55,19641,102.168,102.4252,102.6258,102.1657,True,False,True,False,False,True,0.37,0.12
2024-12-30,10:53:00,PNB,102.64,102.69,102.6,102.65,46205,102.1975,102.4214,102.62799999999999,102.17375,True,True,True,False,False,True,0.44,0.22
2024-12-30,10:52:00,PNB,102.71,102.71,102.59,102.61,53670,102.2225,102.41680000000001,102.6306,102.1816,True,False,True,False,False,True,0.38,0.19
2024-12-30,10:51:00,PNB,102.71,102.8,102.66,102.72,77238,102.2535,102.41640000000001,102.6365,102.1895,True,True,True,False,False,True,0.46,0.3
2024-12-30,10:50:00,PNB,102.76,102.8,102.65,102.71,67098,102.28299999999999,102.41560000000001,102.64120000000001,102.19879999999999,True,True,True,False,False,True,0.42,0.29
2024-12-30,10:49:00,PNB,102.64,102.8,102.64,102.76,81356,102.3185,102.415,102.64550000000001,102.20755000000001,True,True,True,False,False,True,0.43,0.34
2024-12-30,10:48:00,PNB,102.6,102.74,102.59,102.65,84275,102.348,102.412,102.6481,102.21529999999998,True,True,True,False,False,True,0.3,0.23
2024-12-30,10:47:00,PNB,102.6,102.65,102.59,102.62,43109,102.379,102.4082,102.64949999999999,102.22300000000001,True,False,True,False,False,True,0.24,0.21
2024-12-30,10:46:00,PNB,102.54,102.64,102.51,102.6,67388,102.40700000000001,102.40220000000001,102.64939999999999,102.23049999999999,True,False,True,True,False,True,0.19,0.19
2024-12-30,10:45:00,PNB,102.42,102.58,102.42,102.54,105600,102.4325,102.3936,102.6479,102.23785,True,False,True,True,False,True,0.1,0.14
2024-12-30,10:44:00,PNB,102.37,102.45,102.37,102.41,22643,102.453,102.38060000000002,102.64550000000001,102.2446,True,False,True,True,False,True,-0.04,0.03
2024-12-30,10:43:00,PNB,102.26,102.5,102.26,102.38,131867,102.471,102.36660000000002,102.6416,102.2516,True,False,True,True,False,True,-0.09,0.01
2024-12-30,10:42:00,PNB,102.25,102.35,102.22,102.26,19529,102.477,102.35079999999999,102.63619999999999,102.258,False,False,True,True,False,True,-0.21,-0.09
2024-12-30,10:41:00,PNB,102.3,102.31,102.2,102.25,28444,102.4805,102.3368,102.6309,102.26469999999999,False,False,False,True,False,True,-0.22,-0.08
2024-12-30,10:40:00,PNB,102.34,102.35,102.25,102.3,32116,102.484,102.325,102.6258,102.27154999999999,False,False,True,True,False,True,-0.18,-0.02
2024-12-30,10:39:00,PNB,102.33,102.38,102.3,102.31,16826,102.4865,102.3152,102.6207,102.27785,False,False,True,True,False,True,-0.17,-0.01
2024-12-30,10:38:00,PNB,102.24,102.45,102.21,102.31,90109,102.48800000000001,102.3074,102.6156,102.28405000000001,True,False,True,True,False,True,-0.17,0.0
2024-12-30,10:37:00,PNB,102.25,102.28,102.2,102.21,15664,102.482,102.2996,102.6101,102.28970000000001,False,False,False,True,False,True,-0.27,-0.09
2024-12-30,10:36:00,PNB,102.35,102.35,102.25,102.25,6686,102.477,102.2958,102.6046,102.2955,False,False,False,True,False,True,-0.22,-0.04
2024-12-30,10:35:00,PNB,102.22,102.4,102.22,102.29,52343,102.46900000000001,102.29439999999998,102.5994,102.3018,False,False,False,True,False,True,-0.17,-0.0
2024-12-30,10:34:00,PNB,102.18,102.3,102.16,102.22,59427,102.45249999999999,102.2904,102.59309999999999,102.30779999999999,False,False,False,True,False,True,-0.23,-0.07
2024-12-30,10:33:00,PNB,102.16,102.2,102.13,102.16,22332,102.428,102.2858,102.586,102.3135,False,False,False,True,False,True,-0.26,-0.12
2024-12-30,10:32:00,PNB,102.3,102.3,102.16,102.19,44675,102.407,102.2844,102.57979999999999,102.31935000000001,False,False,False,True,False,True,-0.21,-0.09
2024-12-30,10:31:00,PNB,102.36,102.47,102.26,102.28,87663,102.38499999999999,102.285,102.57440000000001,102.32520000000001,False,False,False,True,False,True,-0.1,-0.0
2024-12-30,10:30:00,PNB,102.3,102.4,102.27,102.36,109166,102.3675,102.286,102.5702,102.33194999999999,True,False,True,True,False,True,-0.01,0.07
2024-12-30,10:29:00,PNB,102.25,102.35,102.24,102.27,43465,102.343,102.28659999999999,102.5653,102.33760000000001,False,False,False,True,False,True,-0.07,-0.02
2024-12-30,10:28:00,PNB,102.24,102.25,102.21,102.25,31895,102.32300000000001,102.28720000000001,102.55939999999998,102.34335000000002,False,False,False,True,False,False,-0.07,-0.04
2024-12-30,10:27:00,PNB,102.21,102.25,102.2,102.25,7334,102.30449999999999,102.2894,102.55349999999999,102.34935000000002,False,False,False,True,False,False,-0.05,-0.04
2024-12-30,10:26:00,PNB,102.18,102.26,102.15,102.2,55064,102.28450000000001,102.29180000000001,102.54729999999999,102.3548,False,False,False,False,False,False,-0.08,-0.09
2024-12-30,10:25:00,PNB,102.21,102.23,102.16,102.19,20757,102.26700000000001,102.29279999999999,102.53970000000001,102.36005000000002,False,False,False,False,False,False,-0.08,-0.1
2024-12-30,10:24:00,PNB,102.18,102.22,102.12,102.19,32293,102.256,102.295,102.53109999999998,102.36465,False,False,False,False,False,False,-0.06,-0.1
2024-12-30,10:23:00,PNB,102.2,102.3,102.17,102.18,59625,102.24600000000001,102.29740000000001,102.5226,102.36905,False,False,False,False,False,False,-0.06,-0.11
2024-12-30,10:22:00,PNB,102.11,102.2,102.08,102.2,46040,102.24300000000001,102.2992,102.5149,102.37315000000001,False,False,False,False,False,False,-0.04,-0.1
2024-12-30,10:21:00,PNB,102.04,102.15,102.04,102.11,25624,102.236,102.2994,102.50660000000002,102.37655000000001,False,False,False,False,False,False,-0.12,-0.19
2024-12-30,10:20:00,PNB,102.15,102.15,102.04,102.06,22259,102.224,102.29820000000001,102.4971,102.38005,False,False,False,False,False,False,-0.16,-0.23
2024-12-30,10:19:00,PNB,102.1,102.18,102.05,102.15,56150,102.216,102.3002,102.488,102.38365,False,False,False,False,False,False,-0.06,-0.15
2024-12-30,10:18:00,PNB,102.16,102.16,102.06,102.15,60348,102.208,102.30199999999999,102.478,102.38755,False,False,False,False,False,False,-0.06,-0.15
2024-12-30,10:17:00,PNB,102.18,102.21,102.11,102.16,67062,102.2055,102.3052,102.46889999999999,102.3906,False,False,False,False,False,False,-0.04,-0.14
2024-12-30,10:16:00,PNB,102.15,102.21,102.13,102.18,32903,102.202,102.30799999999999,102.4585,102.39460000000001,False,False,False,False,False,False,-0.02,-0.13
2024-12-30,10:15:00,PNB,102.13,102.15,102.12,102.13,23424,102.194,102.31,102.44820000000001,102.398,False,False,False,False,False,False,-0.06,-0.18
2024-12-30,10:14:00,PNB,102.17,102.2,102.11,102.13,16765,102.1895,102.3126,102.43780000000001,102.40209999999999,False,False,False,False,False,False,-0.06,-0.18
2024-12-30,10:13:00,PNB,102.15,102.2,102.11,102.17,23100,102.19,102.31559999999999,102.4283,102.40584999999999,False,False,False,False,False,False,-0.02,-0.14
2024-12-30,10:12:00,PNB,102.27,102.35,102.11,102.16,88390,102.1885,102.316,102.4182,102.40950000000001,False,False,False,False,False,False,-0.03,-0.15
2024-12-30,10:11:00,PNB,102.16,102.31,102.16,102.3,66827,102.18950000000001,102.3184,102.41019999999999,102.41395,False,False,False,False,False,False,0.11,-0.02
2024-12-30,10:10:00,PNB,102.22,102.22,102.16,102.16,28392,102.17949999999999,102.31700000000001,102.402,102.4167,False,False,False,False,False,False,-0.02,-0.15
2024-12-30,10:09:00,PNB,102.05,102.24,102.04,102.22,43915,102.17699999999999,102.31620000000001,102.39460000000001,102.41984999999998,False,False,False,False,False,False,0.04,-0.09
2024-12-30,10:08:00,PNB,101.91,102.08,101.91,102.02,70700,102.1655,102.311,102.38550000000001,102.42145,False,False,False,False,False,False,-0.14,-0.28
2024-12-30,10:07:00,PNB,101.95,102.0,101.9,101.91,29326,102.1485,102.30259999999998,102.37470000000002,102.42289999999998,False,False,False,False,False,False,-0.23,-0.38
2024-12-30,10:06:00,PNB,102.11,102.15,101.94,101.95,46605,102.136,102.2946,102.36599999999999,102.4243,False,False,False,False,False,False,-0.18,-0.34
2024-12-30,10:05:00,PNB,102.09,102.15,101.95,102.11,63418,102.132,102.2878,102.35959999999999,102.42569999999999,False,False,False,False,False,False,-0.02,-0.17
2024-12-30,10:04:00,PNB,102.12,102.17,102.03,102.07,21993,102.126,102.2782,102.3517,102.42645,False,False,False,False,False,False,-0.05,-0.2
2024-12-30,10:03:00,PNB,102.24,102.3,102.12,102.15,66169,102.1245,102.2682,102.34479999999999,102.42715,False,False,False,False,False,False,0.02,-0.12
2024-12-30,10:02:00,PNB,102.12,102.25,102.1,102.23,82669,102.126,102.2606,102.3387,102.42825,False,False,False,False,False,False,0.1,-0.03
2024-12-30,10:01:00,PNB,102.04,102.3,102.04,102.14,123067,102.1275,102.249,102.3327,102.429,False,False,False,False,False,False,0.01,-0.11
2024-12-30,10:00:00,PNB,101.92,102.06,101.9,102.06,37046,102.1275,102.23599999999999,102.3258,102.42885,False,False,False,False,False,False,-0.07,-0.17
2024-12-30,09:59:00,PNB,101.96,101.98,101.83,101.9,40673,102.115,102.21880000000002,102.31689999999999,102.42795,False,False,False,False,False,False,-0.21,-0.31
2024-12-30,09:58:00,PNB,102.07,102.15,101.91,101.97,57681,102.106,102.2052,102.30860000000001,102.42725,False,False,False,False,False,False,-0.13,-0.23
2024-12-30,09:57:00,PNB,102.22,102.23,102.06,102.07,46840,102.1015,102.1942,102.30120000000001,102.4269,False,False,False,False,False,False,-0.03,-0.12
2024-12-30,09:56:00,PNB,102.19,102.23,102.16,102.23,36493,102.104,102.1868,102.29449999999999,102.4276,True,False,False,False,False,False,0.12,0.04
2024-12-30,09:55:00,PNB,102.25,102.33,102.15,102.15,86885,102.10499999999999,102.179,102.2863,102.4282,False,False,False,False,False,False,0.04,-0.03
2024-12-30,09:54:00,PNB,102.25,102.3,102.15,102.26,80938,102.1115,102.176,102.2783,102.42914999999999,True,False,False,False,False,False,0.15,0.08
2024-12-30,09:53:00,PNB,102.17,102.32,102.17,102.23,74278,102.11449999999999,102.17299999999999,102.26979999999999,102.4301,True,False,False,False,False,False,0.11,0.06
2024-12-30,09:52:00,PNB,102.14,102.2,102.14,102.18,43338,102.11550000000001,102.1714,102.26109999999998,102.4305,True,False,False,False,False,False,0.06,0.01
2024-12-30,09:51:00,PNB,102.15,102.17,102.07,102.17,92586,102.109,102.16980000000001,102.2533,102.43085,True,False,False,False,False,False,0.06,0.0
2024-12-30,09:50:00,PNB,102.06,102.2,102.06,102.18,95018,102.11,102.1674,102.24619999999999,102.43145,True,False,False,False,False,False,0.07,0.01
2024-12-30,09:49:00,PNB,102.07,102.18,102.05,102.09,60587,102.10350000000001,102.163,102.2391,102.43180000000001,False,False,False,False,False,False,-0.01,-0.07
2024-12-30,09:48:00,PNB,101.91,102.1,101.85,102.07,183042,102.10600000000001,102.1582,102.23279999999998,102.4319,False,False,False,False,False,False,-0.04,-0.09
2024-12-30,09:47:00,PNB,101.9,101.98,101.85,101.9,106613,102.10549999999999,102.152,102.22579999999999,102.43115,False,False,False,False,False,False,-0.2,-0.25
2024-12-30,09:46:00,PNB,101.87,101.98,101.8,101.9,80255,102.103,102.145,102.22040000000001,102.43035,False,False,False,False,False,False,-0.2,-0.24
2024-12-30,09:45:00,PNB,101.73,101.9,101.66,101.83,84093,102.089,102.1358,102.2151,102.42925,False,False,False,False,False,False,-0.25,-0.3
2024-12-30,09:44:00,PNB,101.58,101.79,101.58,101.73,58817,102.072,102.126,102.20819999999999,102.42775,False,False,False,False,False,False,-0.34,-0.39
2024-12-30,09:43:00,PNB,101.59,101.65,101.53,101.61,26637,102.045,102.115,102.2004,102.42564999999999,False,False,False,False,False,False,-0.43,-0.49
2024-12-30,09:42:00,PNB,101.79,101.81,101.5,101.57,68269,102.012,102.10259999999998,102.1935,102.42325,False,False,False,False,False,False,-0.43,-0.52
2024-12-30,09:41:00,PNB,101.4,101.9,101.37,101.8,226506,101.995,102.09299999999999,102.189,102.42235000000001,False,False,False,False,False,False,-0.19,-0.29
2024-12-30,09:40:00,PNB,101.35,101.4,101.27,101.37,26033,101.9605,102.0732,102.17960000000001,102.41875,False,False,False,False,False,False,-0.58,-0.69
2024-12-30,09:39:00,PNB,101.35,101.42,101.28,101.39,93956,101.935,102.0556,102.17110000000001,102.4145,False,False,False,False,False,False,-0.53,-0.65
2024-12-30,09:38:00,PNB,101.36,101.4,101.34,101.35,43559,101.90400000000001,102.0376,102.16239999999999,102.4099,False,False,False,False,False,False,-0.54,-0.67
2024-12-30,09:37:00,PNB,101.37,101.5,101.36,101.38,26504,101.8695,102.0202,102.1548,102.4058,False,False,False,False,False,False,-0.48,-0.63
2024-12-30,09:36:00,PNB,101.36,101.49,101.35,101.37,94776,101.82650000000001,102.0036,102.1477,102.40199999999999,False,False,False,False,False,False,-0.45,-0.62
2024-12-30,09:35:00,PNB,101.49,101.67,101.35,101.39,134719,101.7885,101.9876,102.14020000000001,102.39835000000001,False,False,False,False,False,False,-0.39,-0.59
2024-12-30,09:34:00,PNB,101.19,101.5,101.15,101.49,63619,101.75,101.9736,102.1343,102.3952,False,False,False,False,False,False,-0.26,-0.47
2024-12-30,09:33:00,PNB,101.34,101.35,101.18,101.21,68587,101.699,101.95419999999999,102.1258,102.39025,False,False,False,False,False,False,-0.48,-0.73
2024-12-30,09:32:00,PNB,101.28,101.5,101.27,101.34,48636,101.657,101.93699999999998,102.11810000000001,102.3856,False,False,False,False,False,False,-0.31,-0.59
2024-12-30,09:31:00,PNB,101.23,101.34,101.18,101.28,14444,101.6125,101.92040000000001,102.1099,102.38034999999999,False,False,False,False,False,False,-0.33,-0.63
2024-12-30,09:30:00,PNB,101.26,101.3,101.15,101.23,57531,101.565,101.90379999999999,102.101,102.37565000000001,False,False,False,False,False,False,-0.33,-0.66
2024-12-30,09:29:00,PNB,101.33,101.38,101.23,101.23,28118,101.52199999999999,101.8854,102.09280000000001,102.37055000000001,False,False,False,False,False,False,-0.29,-0.64
2024-12-30,09:28:00,PNB,101.3,101.45,101.25,101.36,105588,101.4865,101.8696,102.0858,102.36585000000001,False,False,False,False,False,False,-0.12,-0.5
2024-12-30,09:27:00,PNB,101.18,101.47,101.17,101.3,133524,101.4565,101.8524,102.07880000000002,102.36075000000001,False,False,False,False,False,False,-0.15,-0.54
2024-12-30,09:26:00,PNB,101.03,101.18,101.02,101.18,23560,101.4205,101.83239999999999,102.0702,102.35475000000001,False,False,False,False,False,False,-0.24,-0.64
2024-12-30,09:25:00,PNB,101.04,101.15,100.95,101.02,61512,101.38000000000001,101.81020000000001,102.06009999999998,102.3476,False,False,False,False,False,False,-0.36,-0.78
2024-12-30,09:24:00,PNB,101.03,101.1,100.95,101.04,116302,101.3455,101.7884,102.0505,102.34119999999999,False,False,False,False,False,False,-0.3,-0.74
2024-12-30,09:23:00,PNB,101.05,101.1,101.01,101.03,100532,101.31649999999999,101.76559999999999,102.04060000000001,102.33445,False,False,False,False,False,False,-0.28,-0.72
2024-12-30,09:22:00,PNB,101.24,101.25,101.05,101.06,25140,101.291,101.7436,102.0298,102.32764999999999,False,False,False,False,False,False,-0.23,-0.67
2024-12-30,09:21:00,PNB,101.44,101.55,101.09,101.2,81067,101.261,101.7216,102.02000000000002,102.32189999999999,False,False,False,False,False,False,-0.06,-0.51
2024-12-30,09:20:00,PNB,101.68,101.79,101.31,101.44,79330,101.2645,101.7072,102.01209999999999,102.31740000000002,False,False,False,False,False,False,0.17,-0.26
2024-12-30,09:19:00,PNB,101.18,101.78,101.15,101.64,130923,101.277,101.6956,102.0059,102.3142,False,False,False,False,False,False,0.36,-0.05
2024-12-30,09:18:00,PNB,101.17,101.25,101.1,101.2,80173,101.2695,101.6792,101.99510000000001,102.3084,False,False,False,False,False,False,-0.07,-0.47
2024-12-30,09:17:00,PNB,101.06,101.18,101.0,101.17,99417,101.259,101.6644,101.9835,102.30255,False,False,False,False,False,False,-0.09,-0.49
2024-12-30,09:16:00,PNB,101.02,101.18,100.92,101.05,157538,101.243,101.6464,101.97050000000002,102.29625,False,False,False,False,False,False,-0.19,-0.59
2024-12-30,09:15:00,PNB,101.64,101.89,100.74,101.02,280977,101.2245,101.62460000000002,101.9562,102.29,False,False,False,False,False,False,-0.2,-0.59
2024-12-27,15:29:00,PNB,101.69,101.7,101.58,101.7,40699,101.235,101.61720000000001,101.9477,102.28675,True,False,False,False,False,False,0.46,0.08
2024-12-27,15:28:00,PNB,101.67,101.71,101.66,101.7,47607,101.2595,101.6082,101.9382,102.28310000000002,True,False,False,False,False,False,0.44,0.09
2024-12-27,15:27:00,PNB,101.65,101.73,101.64,101.67,26559,101.276,101.59700000000001,101.9288,102.27969999999999,True,False,False,False,False,False,0.39,0.07
2024-12-27,15:26:00,PNB,101.56,101.76,101.51,101.7,96406,101.297,101.5882,101.91860000000001,102.27754999999999,True,False,False,False,False,False,0.4,0.11
2024-12-27,15:25:00,PNB,101.56,101.62,101.52,101.58,35319,101.31450000000001,101.57860000000001,101.90729999999999,102.27425000000001,True,False,False,False,False,False,0.26,0.0
2024-12-27,15:24:00,PNB,101.52,101.65,101.46,101.56,96549,101.331,101.5718,101.89529999999999,102.2704,False,False,False,False,False,False,0.23,-0.01
2024-12-27,15:23:00,PNB,101.52,101.57,101.51,101.52,33006,101.339,101.56279999999998,101.884,102.26604999999999,False,False,False,False,False,False,0.18,-0.04
2024-12-27,15:22:00,PNB,101.56,101.6,101.51,101.52,30508,101.35,101.5518,101.873,102.26125,False,False,False,False,False,False,0.17,-0.03
2024-12-27,15:21:00,PNB,101.47,101.6,101.4,101.58,146030,101.36999999999999,101.53880000000001,101.86280000000001,102.25609999999999,True,False,False,False,False,False,0.21,0.04
2024-12-27,15:20:00,PNB,101.4,101.5,101.34,101.5,233526,101.39399999999999,101.5258,101.8524,102.25014999999999,False,False,False,False,False,False,0.1,-0.03
2024-12-27,15:19:00,PNB,101.31,101.49,101.31,101.4,127296,101.412,101.50859999999999,101.8423,102.2439,False,False,False,False,False,False,-0.01,-0.11
2024-12-27,15:18:00,PNB,101.49,101.5,101.31,101.32,83306,101.4265,101.49040000000001,101.8317,102.23665,False,False,False,False,False,False,-0.11,-0.17
2024-12-27,15:17:00,PNB,101.55,101.57,101.49,101.5,43676,101.4485,101.4768,101.8241,102.23015,True,False,False,False,False,False,0.05,0.02
2024-12-27,15:16:00,PNB,101.62,101.67,101.55,101.55,68353,101.466,101.46439999999998,101.81710000000001,102.22399999999999,True,False,False,True,False,False,0.08,0.08
2024-12-27,15:15:00,PNB,101.6,101.69,101.54,101.67,117171,101.47749999999999,101.4542,101.8108,102.2183,True,False,False,True,False,False,0.19,0.21
2024-12-27,15:14:00,PNB,101.55,101.65,101.54,101.6,47706,101.4755,101.4444,101.80369999999999,102.2122,True,False,False,True,False,False,0.12,0.15
2024-12-27,15:13:00,PNB,101.55,101.6,101.53,101.59,30596,101.495,101.43480000000001,101.7965,102.20604999999999,True,False,False,True,False,False,0.09,0.15
2024-12-27,15:12:00,PNB,101.58,101.6,101.52,101.55,60995,101.514,101.42779999999999,101.7899,102.2,True,False,False,True,False,False,0.04,0.12
2024-12-27,15:11:00,PNB,101.6,101.63,101.53,101.58,52422,101.5405,101.4214,101.7832,102.1939,True,False,False,True,False,False,0.04,0.16
2024-12-27,15:10:00,PNB,101.45,101.64,101.44,101.6,86289,101.5695,101.41680000000001,101.7763,102.18785,True,False,False,True,False,False,0.03,0.18
2024-12-27,15:09:00,PNB,101.3,101.46,101.27,101.44,144122,101.5565,101.411,101.7685,102.1808,True,False,False,True,False,False,-0.11,0.03
2024-12-27,15:08:00,PNB,101.31,101.36,101.24,101.3,122243,101.5365,101.4048,101.7599,102.17295,False,False,False,True,False,False,-0.23,-0.1
2024-12-27,15:07:00,PNB,101.27,101.35,101.25,101.31,116508,101.51849999999999,101.3996,101.75110000000001,102.16544999999998,False,False,False,True,False,False,-0.21,-0.09
2024-12-27,15:06:00,PNB,101.3,101.41,101.21,101.27,179767,101.497,101.389,101.741,102.15769999999999,False,False,False,True,False,False,-0.22,-0.12
2024-12-27,15:05:00,PNB,101.41,101.47,101.3,101.32,125733,101.484,101.388,101.7306,102.15039999999999,False,False,False,True,False,False,-0.16,-0.07
2024-12-27,15:04:00,PNB,101.35,101.52,101.3,101.39,174428,101.4755,101.38799999999999,101.7218,102.14355000000002,True,False,False,True,False,False,-0.08,0.0
2024-12-27,15:03:00,PNB,101.48,101.52,101.34,101.36,172120,101.4675,101.3882,101.7129,102.13615,False,False,False,True,False,False,-0.11,-0.03
2024-12-27,15:02:00,PNB,101.55,101.57,101.45,101.49,137669,101.466,101.39039999999999,101.70530000000001,102.1294,True,False,False,True,False,False,0.02,0.1
2024-12-27,15:01:00,PNB,101.36,101.59,101.33,101.55,142067,101.4645,101.39399999999999,101.69879999999999,102.12305,True,False,False,True,False,False,0.08,0.15
2024-12-27,15:00:00,PNB,101.26,101.4,101.2,101.37,171067,101.458,101.3936,101.69059999999999,102.11515,False,False,False,True,False,False,-0.09,-0.02
2024-12-27,14:59:00,PNB,101.32,101.36,101.2,101.26,119484,101.451,101.389,101.68130000000001,102.1062,False,False,False,True,False,False,-0.19,-0.13
2024-12-27,14:58:00,PNB,101.34,101.44,101.26,101.32,144122,101.451,101.39120000000001,101.6727,102.09764999999999,False,False,False,True,False,False,-0.13,-0.07
2024-12-27,14:57:00,PNB,101.61,101.61,101.32,101.34,137439,101.44300000000001,101.39120000000001,101.6641,102.0895,False,False,False,True,False,False,-0.1,-0.05
2024-12-27,14:56:00,PNB,101.78,101.79,101.55,101.61,139154,101.446,101.39779999999999,101.6591,102.08285,True,False,False,True,False,False,0.16,0.21
2024-12-27,14:55:00,PNB,101.85,101.85,101.73,101.78,126274,101.4515,101.40880000000001,101.65629999999999,102.0767,True,True,False,True,False,False,0.32,0.37
2024-12-27,14:54:00,PNB,101.88,101.9,101.85,101.85,28348,101.464,101.42119999999998,101.6533,102.07065,True,True,False,True,False,False,0.38,0.42
2024-12-27,14:53:00,PNB,101.94,101.94,101.85,101.88,14650,101.4785,101.4316,101.6506,102.0643,True,True,False,True,False,False,0.4,0.44
2024-12-27,14:52:00,PNB,102.01,102.02,101.89,101.91,116247,101.4965,101.4438,101.64810000000001,102.05850000000001,True,True,False,True,False,False,0.41,0.46
2024-12-27,14:51:00,PNB,102.07,102.09,102.01,102.02,42078,101.5185,101.46060000000001,101.6465,102.0525,True,True,False,True,False,False,0.49,0.55
2024-12-27,14:50:00,PNB,102.17,102.19,102.05,102.08,46022,101.54249999999999,101.4818,101.64599999999999,102.04710000000001,True,True,True,True,False,False,0.53,0.59
2024-12-27,14:49:00,PNB,102.19,102.28,102.16,102.17,16138,101.57900000000001,101.5044,101.6464,102.04209999999999,True,True,True,True,False,False,0.58,0.66
2024-12-27,14:48:00,PNB,102.15,102.25,102.15,102.19,22321,101.62349999999999,101.5276,101.64659999999999,102.03745,True,True,True,True,False,False,0.56,0.65
2024-12-27,14:47:00,PNB,102.18,102.18,102.12,102.18,2949,101.667,101.55,101.6468,102.0325,True,True,True,True,True,False,0.5,0.62
2024-12-27,14:46:00,PNB,102.22,102.25,102.15,102.16,24874,101.7115,101.5692,101.64540000000001,102.02779999999998,True,True,True,True,True,False,0.44,0.58
2024-12-27,14:45:00,PNB,102.16,102.27,102.13,102.21,32744,101.756,101.58460000000001,101.64589999999998,102.02395,True,True,True,True,True,False,0.45,0.62
2024-12-27,14:44:00,PNB,102.14,102.16,102.11,102.16,12563,101.7945,101.595,101.6453,102.01995000000001,True,True,True,True,True,False,0.36,0.56
2024-12-27,14:43:00,PNB,102.11,102.15,102.11,102.14,2278,101.8335,101.61380000000001,101.6465,102.016,True,True,True,True,True,False,0.3,0.52
2024-12-27,14:42:00,PNB,102.13,102.17,102.11,102.14,6572,101.866,101.6332,101.6488,102.01174999999999,True,True,True,True,True,False,0.27,0.5
2024-12-27,14:41:00,PNB,102.17,102.18,102.11,102.17,6939,101.897,101.65559999999999,101.65100000000001,102.0085,True,True,True,True,True,False,0.27,0.51
2024-12-27,14:40:00,PNB,102.11,102.17,102.11,102.15,32555,101.936,101.6782,101.6514,102.0055,True,True,True,True,True,False,0.21,0.46
2024-12-27,14:39:00,PNB,102.12,102.16,102.1,102.1,55053,101.978,101.68619999999999,101.6517,102.0017,True,True,True,True,True,False,0.12,0.41
2024-12-27,14:38:00,PNB,102.11,102.12,102.07,102.09,10904,102.0165,101.694,101.6511,101.99795,True,True,True,True,True,True,0.07,0.39
2024-12-27,14:37:00,PNB,102.12,102.15,102.05,102.12,10061,102.0555,101.70299999999999,101.65,101.99435,True,True,True,True,True,True,0.06,0.41
2024-12-27,14:36:00,PNB,102.02,102.15,102.01,102.12,48691,102.08099999999999,101.7114,101.6498,101.99125,True,True,True,True,True,True,0.04,0.4
2024-12-27,14:35:00,PNB,102.05,102.08,102.03,102.04,11204,102.09400000000001,101.72059999999999,101.6496,101.9877,True,True,True,True,True,True,-0.05,0.31
2024-12-27,14:34:00,PNB,102.1,102.1,102.05,102.05,4465,102.10400000000001,101.73039999999999,101.6511,101.984,True,True,True,True,True,True,-0.05,0.31
2024-12-27,14:33:00,PNB,102.06,102.1,102.05,102.06,10002,102.113,101.7412,101.65199999999999,101.9803,True,True,True,True,True,True,-0.05,0.31
2024-12-27,14:32:00,PNB,102.1,102.11,102.05,102.05,4142,102.11999999999999,101.7518,101.65180000000001,101.9765,True,True,True,True,True,True,-0.07,0.29
2024-12-27,14:31:00,PNB,102.1,102.13,102.07,102.1,20660,102.124,101.76219999999999,101.65050000000001,101.9725,True,True,True,True,True,True,-0.02,0.33
2024-12-27,14:30:00,PNB,102.06,102.14,102.06,102.08,13372,102.124,101.7738,101.64980000000001,101.96805,True,True,True,True,True,True,-0.04,0.3
2024-12-27,14:29:00,PNB,102.09,102.1,102.04,102.06,5542,102.1185,101.787,101.6478,101.96304999999998,True,True,True,True,True,True,-0.06,0.27
2024-12-27,14:28:00,PNB,102.1,102.11,102.05,102.05,2809,102.1115,101.8016,101.64599999999999,101.95790000000001,True,True,True,True,True,True,-0.06,0.24
2024-12-27,14:27:00,PNB,102.02,102.11,102.01,102.11,11357,102.108,101.81379999999999,101.6453,101.9532,True,True,True,True,True,True,0.0,0.29
2024-12-27,14:26:00,PNB,102.02,102.04,102.01,102.01,6310,102.1005,101.82300000000001,101.64370000000001,101.94850000000001,True,True,True,True,True,True,-0.09,0.18
2024-12-27,14:25:00,PNB,102.06,102.08,102.02,102.04,5348,102.092,101.83040000000001,101.64229999999999,101.94425000000001,True,True,True,True,True,True,-0.05,0.21
2024-12-27,14:24:00,PNB,102.06,102.11,102.05,102.05,1810,102.0865,101.83940000000001,101.6419,101.94050000000001,True,True,True,True,True,True,-0.04,0.21
2024-12-27,14:23:00,PNB,102.02,102.13,102.02,102.12,32195,102.0855,101.85,101.6424,101.9376,True,True,True,True,True,True,0.03,0.27
2024-12-27,14:22:00,PNB,102.06,102.07,102.01,102.02,8912,102.07950000000001,101.85940000000001,101.6436,101.93469999999999,True,True,True,True,True,True,-0.06,0.16
2024-12-27,14:21:00,PNB,102.06,102.1,102.01,102.07,17552,102.0745,101.86919999999998,101.64529999999999,101.93285,True,True,True,True,True,True,-0.0,0.2
2024-12-27,14:20:00,PNB,102.07,102.11,102.0,102.07,32848,102.0705,101.8786,101.64769999999999,101.9314,True,True,True,True,True,True,-0.0,0.19
2024-12-27,14:19:00,PNB,102.17,102.18,102.06,102.1,18481,102.07050000000001,101.89179999999999,101.6514,101.92980000000001,True,True,True,True,True,True,0.03,0.2
2024-12-27,14:18:00,PNB,102.2,102.2,102.18,102.2,12600,102.076,101.90980000000002,101.65729999999999,101.92884999999998,True,True,True,True,True,True,0.12,0.28
2024-12-27,14:17:00,PNB,102.21,102.25,102.19,102.19,15534,102.0795,101.92739999999999,101.6635,101.9285,True,True,True,True,True,True,0.11,0.26
2024-12-27,14:16:00,PNB,102.2,102.24,102.17,102.2,49693,102.0835,101.946,101.6675,101.92825,True,True,True,True,True,True,0.11,0.25
2024-12-27,14:15:00,PNB,102.16,102.24,102.15,102.2,41660,102.0915,101.96359999999999,101.6758,101.92769999999999,True,True,True,True,True,True,0.11,0.23
2024-12-27,14:14:00,PNB,102.16,102.19,102.14,102.19,6787,102.0985,101.9796,101.68379999999999,101.92745000000001,True,True,True,True,True,True,0.09,0.21
2024-12-27,14:13:00,PNB,102.16,102.2,102.13,102.18,5478,102.1045,101.99600000000001,101.6921,101.92725,True,True,True,True,True,True,0.07,0.18
2024-12-27,14:12:00,PNB,102.22,102.22,102.15,102.21,13658,102.1125,102.0104,101.7004,101.9276,True,True,True,True,True,True,0.1,0.2
2024-12-27,14:11:00,PNB,102.21,102.25,102.2,102.2,33398,102.11749999999999,102.0234,101.7087,101.9282,True,True,True,True,True,True,0.08,0.17
2024-12-27,14:10:00,PNB,102.23,102.28,102.2,102.25,20604,102.126,102.041,101.7173,101.92875,True,True,True,True,True,True,0.12,0.2
2024-12-27,14:09:00,PNB,102.26,102.26,102.22,102.23,11347,102.1345,102.06039999999999,101.72470000000001,101.9295,True,True,True,True,True,True,0.09,0.17
2024-12-27,14:08:00,PNB,102.24,102.29,102.22,102.29,25271,102.1465,102.07979999999999,101.73549999999999,101.93065,True,True,True,True,True,True,0.14,0.21
2024-12-27,14:07:00,PNB,102.33,102.36,102.24,102.25,43298,102.1535,102.098,101.74459999999999,101.93135000000001,True,True,True,True,True,True,0.09,0.15
2024-12-27,14:06:00,PNB,102.23,102.36,102.19,102.3,27306,102.16799999999999,102.1118,101.75480000000002,101.93235,True,True,True,True,True,True,0.13,0.18
2024-12-27,14:05:00,PNB,102.27,102.29,102.2,102.23,1841,102.1775,102.1208,101.7648,101.9329,True,True,True,True,True,True,0.05,0.11
2024-12-27,14:04:00,PNB,102.3,102.3,102.22,102.29,16046,102.1895,102.12960000000001,101.77539999999999,101.9341,True,True,True,True,True,True,0.1,0.16
2024-12-27,14:03:00,PNB,102.33,102.4,102.3,102.32,33982,102.1995,102.1384,101.785,101.93540000000002,True,True,True,True,True,True,0.12,0.18
2024-12-27,14:02:00,PNB,102.24,102.33,102.24,102.33,38665,102.215,102.1468,101.79529999999998,101.93705,True,True,True,True,True,True,0.11,0.18
2024-12-27,14:01:00,PNB,102.25,102.28,102.23,102.24,11655,102.2235,102.15119999999999,101.80590000000001,101.93805,True,True,True,True,True,True,0.02,0.09
2024-12-27,14:00:00,PNB,102.21,102.25,102.18,102.24,14736,102.232,102.15439999999998,101.81810000000002,101.9391,True,True,True,True,True,True,0.01,0.08
2024-12-27,13:59:00,PNB,102.2,102.21,102.15,102.21,12008,102.2375,102.15519999999998,101.82979999999999,101.94015000000002,True,True,True,True,True,True,-0.03,0.05
2024-12-27,13:58:00,PNB,102.18,102.22,102.18,102.2,5744,102.2375,102.15540000000001,101.8415,101.94104999999999,True,True,True,True,True,True,-0.04,0.04
2024-12-27,13:57:00,PNB,102.23,102.23,102.18,102.2,812,102.238,102.1558,101.85289999999999,101.94135,True,True,True,True,True,True,-0.04,0.04
2024-12-27,13:56:00,PNB,102.21,102.27,102.18,102.19,19100,102.2375,102.15639999999999,101.8628,101.94140000000002,True,True,True,True,True,True,-0.05,0.03
2024-12-27,13:55:00,PNB,102.2,102.27,102.18,102.25,38450,102.24,102.15719999999999,101.8709,101.94150000000002,True,True,True,True,True,True,0.01,0.09
2024-12-27,13:54:00,PNB,102.11,102.2,102.08,102.2,38376,102.2405,102.15799999999999,101.8765,101.9412,True,True,True,True,True,True,-0.04,0.04
2024-12-27,13:53:00,PNB,102.11,102.11,102.06,102.1,7351,102.2365,102.15719999999999,101.88550000000001,101.94030000000001,False,True,True,True,True,True,-0.13,-0.06
2024-12-27,13:52:00,PNB,102.08,102.12,102.06,102.11,3420,102.23150000000001,102.1566,101.89489999999999,101.9392,False,True,True,True,True,True,-0.12,-0.05
2024-12-27,13:51:00,PNB,102.1,102.12,102.07,102.08,4839,102.2255,102.1548,101.90519999999998,101.93785,False,True,True,True,True,True,-0.14,-0.07
2024-12-27,13:50:00,PNB,102.13,102.13,102.1,102.12,2073,102.219,102.1542,101.9162,101.93619999999999,False,True,True,True,True,True,-0.1,-0.03
2024-12-27,13:49:00,PNB,102.12,102.14,102.09,102.13,12476,102.214,102.1548,101.92049999999999,101.9341,False,True,True,True,True,True,-0.08,-0.02
2024-12-27,13:48:00,PNB,102.05,102.14,102.03,102.11,22463,102.205,102.15520000000001,101.92460000000001,101.9314,False,True,True,True,True,True,-0.09,-0.04
2024-12-27,13:47:00,PNB,102.05,102.08,102.03,102.05,5783,102.19500000000001,102.1538,101.9284,101.9286,False,True,True,True,True,True,-0.14,-0.1
2024-12-27,13:46:00,PNB,102.03,102.08,102.03,102.05,3049,102.1825,102.1524,101.9319,101.92524999999999,False,True,True,True,True,True,-0.13,-0.1
2024-12-27,13:45:00,PNB,102.14,102.15,102.04,102.04,14211,102.173,102.1524,101.9365,101.92190000000001,False,True,True,True,True,True,-0.13,-0.11
2024-12-27,13:44:00,PNB,102.13,102.16,102.12,102.14,4624,102.1655,102.1542,101.94230000000002,101.91879999999999,False,True,True,True,True,True,-0.02,-0.01
2024-12-27,13:43:00,PNB,102.12,102.14,102.12,102.13,3878,102.15599999999999,102.15559999999999,101.9484,101.9162,False,True,True,True,True,True,-0.03,-0.03
2024-12-27,13:42:00,PNB,102.13,102.14,102.12,102.14,6454,102.1465,102.1574,101.95459999999999,101.9138,False,True,True,False,True,True,-0.01,-0.02
2024-12-27,13:41:00,PNB,102.11,102.14,102.11,102.13,14683,102.14099999999999,102.15800000000002,101.9601,101.91145,False,True,True,False,True,True,-0.01,-0.03
2024-12-27,13:40:00,PNB,102.12,102.14,102.05,102.11,5071,102.1345,102.1586,101.96619999999999,101.9093,False,True,True,False,True,True,-0.02,-0.05
2024-12-27,13:39:00,PNB,102.17,102.17,102.07,102.09,34810,102.1285,102.1592,101.97309999999999,101.9077,False,True,True,False,True,True,-0.04,-0.07
2024-12-27,13:38:00,PNB,102.05,102.18,102.05,102.14,21579,102.1255,102.16099999999999,101.9813,101.9065,False,True,True,False,True,True,0.01,-0.02
2024-12-27,13:37:00,PNB,102.04,102.05,101.98,102.05,4430,102.11800000000001,102.15979999999999,101.9868,101.90545,False,True,True,False,True,True,-0.07,-0.11
2024-12-27,13:36:00,PNB,102.0,102.04,101.98,102.01,39015,102.10900000000001,102.15979999999999,101.9914,101.90424999999999,False,True,True,False,True,True,-0.1,-0.15
2024-12-27,13:35:00,PNB,102.0,102.0,101.96,102.0,3694,102.0965,102.15899999999999,101.9947,101.90275,False,True,True,False,True,True,-0.09,-0.16
2024-12-27,13:34:00,PNB,102.0,102.0,101.96,101.96,15062,102.0845,102.15719999999999,101.9983,101.90100000000001,False,False,True,False,True,True,-0.12,-0.19
2024-12-27,13:33:00,PNB,102.0,102.0,101.97,102.0,1077,102.07950000000001,102.1548,102.0024,101.89945,False,False,True,False,True,True,-0.08,-0.15
2024-12-27,13:32:00,PNB,102.0,102.0,101.97,102.0,7074,102.074,102.15440000000001,102.00689999999999,101.8984,False,False,True,False,True,True,-0.07,-0.15
2024-12-27,13:31:00,PNB,102.04,102.04,102.0,102.03,2489,102.0715,102.15359999999998,102.0114,101.8973,False,True,True,False,True,True,-0.04,-0.12
2024-12-27,13:30:00,PNB,101.99,102.04,101.99,102.04,36365,102.06750000000001,102.15299999999999,102.0158,101.89605,False,True,True,False,True,True,-0.03,-0.11
2024-12-27,13:29:00,PNB,101.94,101.99,101.93,101.99,22121,102.0605,102.1508,102.02130000000001,101.89489999999999,False,False,True,False,True,True,-0.07,-0.16
2024-12-27,13:28:00,PNB,101.98,101.98,101.9,101.95,6576,102.05250000000001,102.1458,102.02779999999998,101.89385,False,False,True,False,True,True,-0.1,-0.19
2024-12-27,13:27:00,PNB,101.98,101.99,101.98,101.99,1765,102.0495,102.1418,102.0346,101.89285,False,False,True,False,True,True,-0.06,-0.15
2024-12-27,13:26:00,PNB,101.97,101.99,101.93,101.99,59759,102.0465,102.1376,102.04180000000001,101.89139999999999,False,False,True,False,True,True,-0.06,-0.14
2024-12-27,13:25:00,PNB,101.97,101.97,101.91,101.97,5963,102.04299999999999,102.13300000000001,102.0483,101.88945,False,False,True,False,False,True,-0.07,-0.16
2024-12-27,13:24:00,PNB,101.96,101.98,101.95,101.97,5377,102.0345,102.1286,102.0541,101.88795,False,False,True,False,False,True,-0.06,-0.16
2024-12-27,13:23:00,PNB,101.99,102.0,101.95,101.96,7649,102.026,102.12419999999999,102.0601,101.8865,False,False,True,False,False,True,-0.06,-0.16
2024-12-27,13:22:00,PNB,101.98,102.0,101.95,101.99,22577,102.01849999999999,102.1198,102.0651,101.88519999999998,False,False,True,False,False,True,-0.03,-0.13
2024-12-27,13:21:00,PNB,101.98,101.99,101.96,101.98,10350,102.011,102.1154,102.0694,101.88410000000002,False,False,True,False,False,True,-0.03,-0.13
2024-12-27,13:20:00,PNB,101.99,102.0,101.96,101.96,3839,102.0035,102.10959999999999,102.07530000000001,101.88295,False,False,True,False,False,True,-0.04,-0.15
2024-12-27,13:19:00,PNB,101.94,101.99,101.94,101.99,4910,101.9985,102.1048,102.0826,101.88195,False,False,True,False,False,True,-0.01,-0.11
2024-12-27,13:18:00,PNB,101.95,101.95,101.93,101.94,3566,101.9885,102.0978,102.08879999999999,101.88075,False,False,True,False,False,True,-0.05,-0.15
2024-12-27,13:17:00,PNB,101.96,101.97,101.91,101.95,13689,101.98349999999999,102.0918,102.0949,101.87950000000001,False,False,True,False,False,True,-0.03,-0.14
2024-12-27,13:16:00,PNB,101.93,101.94,101.91,101.94,16308,101.97999999999999,102.0846,102.09819999999999,101.87865,False,False,True,False,False,True,-0.04,-0.14
2024-12-27,13:15:00,PNB,101.96,101.96,101.86,101.93,6787,101.9765,102.0786,102.09970000000001,101.87800000000001,False,False,True,False,False,True,-0.05,-0.15
2024-12-27,13:14:00,PNB,102.03,102.05,101.95,101.95,20542,101.976,102.07179999999998,102.1007,101.87700000000001,False,False,True,False,False,True,-0.03,-0.12
2024-12-27,13:13:00,PNB,101.99,102.03,101.98,102.03,30221,101.9775,102.066,102.10220000000001,101.87639999999999,False,False,True,False,False,True,0.05,-0.04
2024-12-27,13:12:00,PNB,101.98,102.0,101.97,101.98,17207,101.97650000000002,102.059,102.10289999999999,101.87549999999999,False,False,True,False,False,True,0.0,-0.08
2024-12-27,13:11:00,PNB,101.93,101.98,101.86,101.98,30185,101.974,102.05380000000001,102.1025,101.87449999999998,False,False,True,False,False,True,0.01,-0.07
2024-12-27,13:10:00,PNB,101.87,101.95,101.86,101.93,23630,101.96849999999999,102.0476,102.101,101.8735,False,False,True,False,False,True,-0.04,-0.12
2024-12-27,13:09:00,PNB,101.8,101.87,101.78,101.87,13617,101.9625,102.0408,102.09800000000001,101.87219999999999,False,False,False,False,False,True,-0.09,-0.17
2024-12-27,13:08:00,PNB,101.84,101.89,101.8,101.8,23957,101.955,102.0328,102.0941,101.87035000000002,False,False,False,False,False,True,-0.15,-0.23
2024-12-27,13:07:00,PNB,101.85,101.89,101.83,101.84,7677,101.9475,102.0256,102.0907,101.86875,False,False,False,False,False,True,-0.11,-0.18
2024-12-27,13:06:00,PNB,101.85,101.9,101.82,101.85,9226,101.94050000000001,102.01880000000001,102.08760000000001,101.8665,False,False,False,False,False,True,-0.09,-0.17
2024-12-27,13:05:00,PNB,101.81,101.88,101.78,101.86,10749,101.935,102.01100000000001,102.08410000000002,101.865,False,False,False,False,False,True,-0.07,-0.15
2024-12-27,13:04:00,PNB,101.8,101.91,101.8,101.81,10681,101.92699999999999,102.00320000000002,102.08059999999999,101.86295,False,False,False,False,False,True,-0.11,-0.19
2024-12-27,13:03:00,PNB,101.8,101.8,101.79,101.8,5532,101.91900000000001,101.99719999999999,102.07719999999999,101.86185000000002,False,False,False,False,False,True,-0.12,-0.19
2024-12-27,13:02:00,PNB,101.77,101.79,101.75,101.79,12319,101.909,101.9908,102.0737,101.86125,False,False,False,False,False,True,-0.12,-0.2
2024-12-27,13:01:00,PNB,101.78,101.78,101.74,101.77,4847,101.8985,101.98460000000001,102.0697,101.86035,False,False,False,False,False,True,-0.13,-0.21
2024-12-27,13:00:00,PNB,101.8,101.8,101.68,101.74,47417,101.8875,101.97699999999999,102.06560000000002,101.8585,False,False,False,False,False,True,-0.14,-0.23
2024-12-27,12:59:00,PNB,101.83,101.86,101.75,101.79,33410,101.8775,101.9702,102.0625,101.8571,False,False,False,False,False,True,-0.09,-0.18
2024-12-27,12:58:00,PNB,101.92,101.92,101.83,101.86,14033,101.8735,101.96520000000001,102.06020000000001,101.85564999999998,False,False,True,False,False,True,-0.01,-0.1
2024-12-27,12:57:00,PNB,101.91,101.92,101.91,101.91,3285,101.8715,101.9624,102.0581,101.85404999999999,False,False,True,False,False,True,0.04,-0.05
2024-12-27,12:56:00,PNB,101.92,101.93,101.9,101.91,6266,101.87,101.95960000000001,102.056,101.85289999999999,False,False,True,False,False,True,0.04,-0.05
2024-12-27,12:55:00,PNB,101.95,101.95,101.92,101.92,4503,101.86949999999999,101.95720000000001,102.0548,101.8522,False,False,True,False,False,True,0.05,-0.04
2024-12-27,12:54:00,PNB,101.98,102.0,101.92,101.95,17996,101.8695,101.9534,102.05380000000001,101.85245,False,False,True,False,False,True,0.08,-0.0
2024-12-27,12:53:00,PNB,101.98,102.0,101.95,101.95,15781,101.8655,101.9498,102.0527,101.85235,True,False,True,False,False,True,0.08,0.0
2024-12-27,12:52:00,PNB,101.93,102.0,101.9,101.98,77334,101.8655,101.9466,102.05199999999999,101.8519,True,False,True,False,False,True,0.11,0.03
2024-12-27,12:51:00,PNB,101.94,101.94,101.9,101.93,2941,101.863,101.94259999999998,102.0503,101.85040000000001,False,False,True,False,False,True,0.07,-0.01
2024-12-27,12:50:00,PNB,101.93,101.94,101.9,101.94,8719,101.8635,101.9392,102.04889999999999,101.84935,True,False,True,False,False,True,0.08,0.0
2024-12-27,12:49:00,PNB,101.96,101.96,101.92,101.94,14563,101.86699999999999,101.93619999999999,102.0477,101.84774999999999,True,False,True,False,False,True,0.07,0.0
2024-12-27,12:48:00,PNB,101.94,101.96,101.94,101.95,1289,101.8745,101.9324,102.0467,101.84635,True,False,True,False,False,True,0.07,0.02
2024-12-27,12:47:00,PNB,101.94,101.96,101.91,101.93,14547,101.879,101.93,102.0449,101.8451,False,False,True,False,False,True,0.05,0.0
2024-12-27,12:46:00,PNB,101.96,101.96,101.95,101.96,6680,101.8845,101.929,102.04440000000001,101.84404999999998,True,False,True,False,False,True,0.07,0.03
2024-12-27,12:45:00,PNB,101.98,101.99,101.93,101.98,11564,101.8905,101.9286,102.0438,101.84304999999999,True,False,True,False,False,True,0.09,0.05
2024-12-27,12:44:00,PNB,101.93,102.0,101.9,101.95,14850,101.89750000000001,101.9284,102.04279999999999,101.84234999999998,True,False,True,False,False,True,0.05,0.02
2024-12-27,12:43:00,PNB,101.89,101.96,101.87,101.93,30900,101.904,101.927,102.04090000000001,101.84164999999999,True,False,True,False,False,True,0.03,0.0
2024-12-27,12:42:00,PNB,101.86,101.93,101.82,101.87,48863,101.90799999999999,101.9244,102.0394,101.8415,False,False,True,False,False,True,-0.04,-0.05
2024-12-27,12:41:00,PNB,101.82,101.88,101.75,101.82,22446,101.9105,101.92020000000001,102.0369,101.84109999999998,False,False,False,False,False,True,-0.09,-0.1
2024-12-27,12:40:00,PNB,101.93,101.93,101.8,101.81,83663,101.914,101.91560000000001,102.0343,101.84100000000001,False,False,False,False,False,True,-0.1,-0.1
2024-12-27,12:39:00,PNB,102.01,102.01,101.93,101.94,20938,101.92150000000001,101.91460000000001,102.0327,101.84205,True,False,True,True,False,True,0.02,0.02
2024-12-27,12:38:00,PNB,102.04,102.05,102.01,102.01,15103,101.929,101.9158,102.0308,101.84405000000001,True,False,True,True,False,True,0.08,0.09
2024-12-27,12:37:00,PNB,102.01,102.04,101.99,102.01,16888,101.934,101.91619999999999,102.029,101.84625,True,False,True,True,False,True,0.07,0.09
2024-12-27,12:36:00,PNB,102.0,102.01,101.99,102.0,4594,101.9385,101.9164,102.027,101.84724999999999,True,False,True,True,False,True,0.06,0.08
2024-12-27,12:35:00,PNB,101.98,102.0,101.93,102.0,34836,101.94250000000001,101.91699999999999,102.025,101.8504,True,False,True,True,False,True,0.06,0.08
2024-12-27,12:34:00,PNB,102.0,102.0,101.96,101.96,11055,101.94300000000001,101.91679999999998,102.0227,101.85325,True,False,True,True,False,True,0.02,0.04
2024-12-27,12:33:00,PNB,102.05,102.05,102.0,102.0,9522,101.94550000000001,101.91759999999998,102.0209,101.85650000000001,True,False,True,True,False,True,0.05,0.08
2024-12-27,12:32:00,PNB,101.95,102.05,101.95,102.05,16730,101.949,101.91879999999999,102.0193,101.85985000000001,True,True,True,True,False,True,0.1,0.13
2024-12-27,12:31:00,PNB,101.96,101.96,101.93,101.93,4188,101.949,101.9178,102.0166,101.86265000000002,True,False,True,True,False,True,-0.02,0.01
2024-12-27,12:30:00,PNB,101.96,101.98,101.93,101.95,3534,101.9495,101.91760000000001,102.01360000000001,101.86545,True,False,True,True,False,True,0.0,0.03
2024-12-27,12:29:00,PNB,101.98,101.98,101.96,101.96,4062,101.9505,101.917,102.0109,101.8678,True,False,True,True,False,True,0.01,0.04
2024-12-27,12:28:00,PNB,101.97,101.99,101.93,101.96,11084,101.951,101.9174,102.0076,101.87155000000001,True,False,True,True,False,True,0.01,0.04
2024-12-27,12:27:00,PNB,101.98,101.99,101.93,101.97,19862,101.953,101.9178,102.00479999999999,101.87470000000002,True,False,True,True,False,True,0.02,0.05
2024-12-27,12:26:00,PNB,101.95,101.98,101.95,101.96,6608,101.953,101.91820000000001,102.00139999999999,101.87809999999999,True,False,True,True,False,True,0.01,0.04
2024-12-27,12:25:00,PNB,101.91,101.97,101.91,101.97,14535,101.95250000000001,101.919,101.99879999999999,101.8818,True,False,True,True,False,True,0.02,0.05
2024-12-27,12:24:00,PNB,101.98,101.98,101.9,101.95,40041,101.9525,101.91900000000001,101.9954,101.88539999999999,True,False,True,True,False,True,-0.0,0.03
2024-12-27,12:23:00,PNB,101.95,101.98,101.95,101.97,5461,101.9545,101.91779999999999,101.9919,101.88844999999999,True,False,True,True,False,True,0.02,0.05
2024-12-27,12:22:00,PNB,101.98,101.99,101.95,101.95,6895,101.95849999999999,101.91720000000001,101.98810000000002,101.8917,True,False,True,True,False,True,-0.01,0.03
2024-12-27,12:21:00,PNB,102.0,102.0,101.95,101.95,15561,101.965,101.9166,101.98519999999999,101.89555,True,False,True,True,False,True,-0.01,0.03
2024-12-27,12:20:00,PNB,101.96,102.0,101.96,102.0,10620,101.9745,101.918,101.98279999999998,101.90045,True,True,True,True,False,True,0.03,0.08
2024-12-27,12:19:00,PNB,101.98,102.0,101.96,101.96,9751,101.9755,101.91980000000001,101.9803,101.90505000000002,True,False,True,True,False,True,-0.02,0.04
2024-12-27,12:18:00,PNB,102.02,102.03,101.96,101.98,11530,101.974,101.9234,101.9781,101.90979999999999,True,True,True,True,False,True,0.01,0.06
2024-12-27,12:17:00,PNB,102.0,102.05,101.95,102.04,45421,101.9755,101.92739999999999,101.97650000000002,101.91470000000001,True,True,True,True,False,True,0.06,0.11
2024-12-27,12:16:00,PNB,102.01,102.06,101.97,102.0,18078,101.9755,101.93039999999999,101.97460000000001,101.9187,True,True,True,True,True,True,0.02,0.07
2024-12-27,12:15:00,PNB,102.1,102.1,101.96,102.01,112814,101.976,101.9334,101.97219999999999,101.92154999999998,True,True,True,True,True,True,0.03,0.08
2024-12-27,12:14:00,PNB,102.13,102.15,102.1,102.1,12687,101.98299999999999,101.9392,101.9712,101.92385,True,True,True,True,True,True,0.11,0.16
2024-12-27,12:13:00,PNB,102.1,102.15,102.1,102.11,14536,101.9885,101.9454,101.97129999999999,101.92839999999998,True,True,True,True,True,True,0.12,0.16
2024-12-27,12:12:00,PNB,102.15,102.16,102.05,102.1,38899,101.991,101.95160000000001,101.97120000000001,101.93305000000001,True,True,True,True,True,True,0.11,0.15
2024-12-27,12:11:00,PNB,102.17,102.19,102.15,102.16,3082,102.0025,101.9594,101.97200000000001,101.93860000000001,True,True,True,True,True,True,0.15,0.2
2024-12-27,12:10:00,PNB,102.15,102.17,102.14,102.15,10385,102.0125,101.9676,101.97229999999999,101.94425000000001,True,True,True,True,True,True,0.13,0.18
2024-12-27,12:09:00,PNB,102.2,102.2,102.12,102.14,29671,102.0215,101.97460000000001,101.9724,101.94645,True,True,True,True,True,True,0.12,0.16
2024-12-27,12:08:00,PNB,102.17,102.21,102.17,102.19,2317,102.033,101.98119999999999,101.97319999999999,101.9489,True,True,True,True,True,True,0.15,0.2
2024-12-27,12:07:00,PNB,102.16,102.21,102.15,102.17,7085,102.04299999999999,101.98639999999999,101.9744,101.9514,True,True,True,True,True,True,0.12,0.18
2024-12-27,12:06:00,PNB,102.22,102.22,102.15,102.15,42133,102.0525,101.99119999999999,101.9754,101.95365,True,True,True,True,True,True,0.1,0.16
2024-12-27,12:05:00,PNB,102.27,102.27,102.2,102.22,23835,102.065,101.99719999999999,101.97720000000001,101.95684999999999,True,True,True,True,True,True,0.15,0.22
2024-12-27,12:04:00,PNB,102.3,102.3,102.25,102.27,5253,102.081,102.0036,101.97849999999998,101.9604,True,True,True,True,True,True,0.19,0.26
2024-12-27,12:03:00,PNB,102.3,102.31,102.25,102.3,7259,102.0975,102.01060000000001,101.98020000000001,101.96430000000001,True,True,True,True,True,True,0.2,0.28
2024-12-27,12:02:00,PNB,102.28,102.39,102.25,102.3,20714,102.115,102.017,101.9818,101.9682,True,True,True,True,True,True,0.18,0.28
2024-12-27,12:01:00,PNB,102.3,102.3,102.27,102.29,7553,102.13199999999999,102.02420000000001,101.9834,101.97175000000001,True,True,True,True,True,True,0.15,0.26
2024-12-27,12:00:00,PNB,102.29,102.3,102.26,102.3,7586,102.147,102.03139999999999,101.98530000000001,101.97575,True,True,True,True,True,True,0.15,0.26
2024-12-27,11:59:00,PNB,102.3,102.3,102.26,102.28,4120,102.163,102.0382,101.98720000000002,101.98015,True,True,True,True,True,True,0.11,0.24
2024-12-27,11:58:00,PNB,102.27,102.3,102.24,102.3,34314,102.179,102.04520000000001,101.9888,101.98505000000002,True,True,True,True,True,True,0.12,0.25
2024-12-27,11:57:00,PNB,102.3,102.3,102.25,102.27,23589,102.1905,102.052,101.991,101.9889,True,True,True,True,True,True,0.08,0.21
2024-12-27,11:56:00,PNB,102.32,102.35,102.3,102.32,15231,102.20649999999999,102.0592,101.9941,101.99275000000002,True,True,True,True,True,True,0.11,0.26
2024-12-27,11:55:00,PNB,102.32,102.32,102.3,102.32,3817,102.22200000000001,102.06599999999999,101.9973,101.99600000000001,True,True,True,True,True,True,0.1,0.25
2024-12-27,11:54:00,PNB,102.3,102.34,102.3,102.3,6386,102.232,102.073,102.00070000000001,101.99950000000001,True,True,True,True,True,True,0.07,0.22
2024-12-27,11:53:00,PNB,102.35,102.35,102.3,102.3,3481,102.2415,102.0804,102.00370000000001,102.00305,True,True,True,True,True,True,0.06,0.22
2024-12-27,11:52:00,PNB,102.3,102.35,102.28,102.35,4420,102.25399999999999,102.09,102.00720000000001,102.00704999999999,True,True,True,True,True,True,0.09,0.25
2024-12-27,11:51:00,PNB,102.26,102.32,102.23,102.28,12087,102.25999999999999,102.0992,102.0097,102.01055000000001,True,True,True,True,True,True,0.02,0.18
2024-12-27,11:50:00,PNB,102.24,102.26,102.23,102.26,12858,102.2655,102.1082,102.01189999999998,102.01385,True,True,True,True,True,True,-0.01,0.15
2024-12-27,11:49:00,PNB,102.25,102.26,102.23,102.26,3407,102.2715,102.1146,102.01459999999999,102.01795,True,True,True,True,True,True,-0.01,0.14
2024-12-27,11:48:00,PNB,102.26,102.26,102.23,102.26,10647,102.275,102.11959999999999,102.0177,102.02275,True,True,True,True,True,True,-0.01,0.14
2024-12-27,11:47:00,PNB,102.26,102.26,102.25,102.25,15657,102.27900000000001,102.12440000000001,102.0203,102.02745,True,True,True,True,True,True,-0.03,0.12
2024-12-27,11:46:00,PNB,102.31,102.31,102.25,102.26,9697,102.28450000000001,102.12960000000001,102.023,102.0324,True,True,True,True,True,True,-0.02,0.13
2024-12-27,11:45:00,PNB,102.37,102.41,102.3,102.3,8463,102.2885,102.13560000000001,102.02629999999999,102.03730000000002,True,True,True,True,True,True,0.01,0.16
2024-12-27,11:44:00,PNB,102.43,102.44,102.35,102.41,38023,102.29549999999999,102.14460000000001,102.0307,102.0424,True,True,True,True,True,True,0.11,0.26
2024-12-27,11:43:00,PNB,102.35,102.43,102.33,102.43,8956,102.30199999999999,102.15320000000001,102.0354,102.04775000000001,True,True,True,True,True,True,0.13,0.27
2024-12-27,11:42:00,PNB,102.35,102.44,102.32,102.35,17499,102.3045,102.1592,102.039,102.05205,True,True,True,True,True,True,0.04,0.19
2024-12-27,11:41:00,PNB,102.27,102.36,102.27,102.36,6783,102.308,102.1678,102.0428,102.0561,True,True,True,True,True,True,0.05,0.19
2024-12-27,11:40:00,PNB,102.27,102.3,102.25,102.3,1934,102.30799999999999,102.17479999999999,102.04619999999998,102.06075000000001,True,True,True,True,True,True,-0.01,0.12
2024-12-27,11:39:00,PNB,102.3,102.3,102.25,102.3,15642,102.309,102.1816,102.0493,102.06594999999999,True,True,True,True,True,True,-0.01,0.12
2024-12-27,11:38:00,PNB,102.23,102.32,102.23,102.3,9205,102.309,102.1884,102.05290000000001,102.07085,True,True,True,True,True,True,-0.01,0.11
2024-12-27,11:37:00,PNB,102.22,102.3,102.2,102.25,13831,102.308,102.194,102.05590000000001,102.07539999999999,True,True,True,True,True,True,-0.06,0.05
2024-12-27,11:36:00,PNB,102.2,102.23,102.18,102.23,31513,102.30350000000001,102.19939999999998,102.05879999999999,102.0785,True,True,True,True,True,True,-0.07,0.03
2024-12-27,11:35:00,PNB,102.23,102.23,102.16,102.2,13781,102.29749999999999,102.20400000000001,102.0615,102.08059999999999,False,True,True,True,True,True,-0.1,-0.0
2024-12-27,11:34:00,PNB,102.26,102.3,102.2,102.24,27954,102.2945,102.2098,102.0644,102.08255,True,True,True,True,True,True,-0.05,0.03
2024-12-27,11:33:00,PNB,102.33,102.36,102.2,102.3,111212,102.2945,102.21640000000001,102.0671,102.08465,True,True,True,True,True,True,0.01,0.08
2024-12-27,11:32:00,PNB,102.34,102.36,102.33,102.34,8501,102.29400000000001,102.22419999999998,102.0707,102.0868,True,True,True,True,True,True,0.04,0.11
2024-12-27,11:31:00,PNB,102.44,102.44,102.32,102.35,12992,102.2975,102.23219999999999,102.07440000000001,102.08845000000001,True,True,True,True,True,True,0.05,0.12
2024-12-27,11:30:00,PNB,102.45,102.54,102.33,102.41,98566,102.305,102.2404,102.0792,102.0901,True,True,True,True,True,True,0.1,0.17
2024-12-27,11:29:00,PNB,102.48,102.5,102.4,102.45,30339,102.3145,102.25019999999999,102.085,102.0915,True,True,True,True,True,True,0.13,0.2
2024-12-27,11:28:00,PNB,102.36,102.45,102.35,102.45,94773,102.324,102.2596,102.0915,102.09279999999998,True,True,True,True,True,True,0.12,0.19
2024-12-27,11:27:00,PNB,102.38,102.4,102.32,102.36,20717,102.3295,102.266,102.0967,102.09370000000001,True,True,True,True,True,True,0.03,0.09
2024-12-27,11:26:00,PNB,102.35,102.4,102.3,102.38,20676,102.3355,102.2736,102.10199999999999,102.09480000000002,True,True,True,True,True,True,0.04,0.1
2024-12-27,11:25:00,PNB,102.45,102.45,102.3,102.3,46987,102.3355,102.27940000000001,102.1064,102.09525,True,True,True,True,True,True,-0.03,0.02
2024-12-27,11:24:00,PNB,102.5,102.5,102.4,102.45,92283,102.3375,102.2864,102.1128,102.0967,True,True,True,True,True,True,0.11,0.16
2024-12-27,11:23:00,PNB,102.57,102.57,102.5,102.5,20346,102.341,102.2942,102.1198,102.0985,True,True,True,True,True,True,0.16,0.2
2024-12-27,11:22:00,PNB,102.59,102.61,102.55,102.57,8092,102.352,102.30359999999999,102.1276,102.10065,True,True,True,True,True,True,0.21,0.26
2024-12-27,11:21:00,PNB,102.56,102.65,102.54,102.6,7829,102.364,102.3124,102.1359,102.10279999999999,True,True,True,True,True,True,0.23,0.28
2024-12-27,11:20:00,PNB,102.63,102.66,102.53,102.53,64273,102.3755,102.32,102.1438,102.10470000000001,True,True,True,True,True,True,0.15,0.21
2024-12-27,11:19:00,PNB,102.66,102.66,102.6,102.6,17111,102.3905,102.3292,102.15190000000001,102.10719999999999,True,True,True,True,True,True,0.2,0.26
2024-12-27,11:18:00,PNB,102.75,102.75,102.65,102.65,17436,102.40799999999999,102.33840000000001,102.15979999999999,102.11,True,True,True,True,True,True,0.24,0.3
2024-12-27,11:17:00,PNB,102.77,102.79,102.69,102.75,33905,102.43299999999999,102.35,102.1682,102.11315,True,True,True,True,True,True,0.31,0.39
2024-12-27,11:16:00,PNB,102.79,102.8,102.77,102.79,3995,102.46099999999998,102.36280000000001,102.177,102.1165,True,True,True,True,True,True,0.32,0.42
2024-12-27,11:15:00,PNB,102.77,102.8,102.74,102.8,1786,102.49100000000001,102.37440000000001,102.1858,102.12029999999999,True,True,True,True,True,True,0.3,0.42
2024-12-27,11:14:00,PNB,102.82,102.83,102.7,102.77,52042,102.5175,102.38439999999999,102.194,102.12389999999999,True,True,True,True,True,True,0.25,0.38
2024-12-27,11:13:00,PNB,102.8,102.83,102.76,102.79,5618,102.54199999999999,102.39419999999998,102.2024,102.12754999999999,True,True,True,True,True,True,0.24,0.39
2024-12-27,11:12:00,PNB,102.83,102.83,102.78,102.8,1307,102.56500000000001,102.4042,102.21060000000001,102.1313,True,True,True,True,True,True,0.23,0.39
2024-12-27,11:11:00,PNB,102.75,102.84,102.75,102.79,9797,102.58700000000002,102.4142,102.2192,102.13475,True,True,True,True,True,True,0.2,0.37
2024-12-27,11:10:00,PNB,102.65,102.75,102.65,102.74,6799,102.60350000000001,102.42300000000002,102.2272,102.13805,True,True,True,True,True,True,0.13,0.31
2024-12-27,11:09:00,PNB,102.7,102.73,102.63,102.7,44648,102.61599999999999,102.43140000000001,102.23479999999999,102.14125,True,True,True,True,True,True,0.08,0.26
2024-12-27,11:08:00,PNB,102.68,102.71,102.64,102.7,9120,102.6285,102.4394,102.2423,102.1445,True,True,True,True,True,True,0.07,0.25
2024-12-27,11:07:00,PNB,102.65,102.73,102.65,102.65,12516,102.643,102.44699999999999,102.24950000000001,102.14720000000001,True,True,True,True,True,True,0.01,0.2
2024-12-27,11:06:00,PNB,102.7,102.76,102.6,102.64,66111,102.65599999999999,102.4534,102.2563,102.15035,True,True,True,True,True,True,-0.02,0.18
2024-12-27,11:05:00,PNB,102.67,102.74,102.66,102.7,5030,102.676,102.461,102.26350000000001,102.15365,True,True,True,True,True,True,0.02,0.23
2024-12-27,11:04:00,PNB,102.69,102.73,102.66,102.67,19227,102.68700000000001,102.4684,102.27070000000002,102.15674999999999,True,True,True,True,True,True,-0.02,0.2
2024-12-27,11:03:00,PNB,102.7,102.72,102.66,102.69,9846,102.69650000000001,102.4762,102.2783,102.15960000000001,True,True,True,True,True,True,-0.01,0.21
2024-12-27,11:02:00,PNB,102.7,102.75,102.7,102.7,3173,102.703,102.4832,102.28659999999999,102.163,True,True,True,True,True,True,-0.0,0.21
2024-12-27,11:01:00,PNB,102.73,102.77,102.7,102.75,9060,102.7105,102.4926,102.2959,102.1664,True,True,True,True,True,True,0.04,0.25
2024-12-27,11:00:00,PNB,102.74,102.78,102.71,102.73,5710,102.72049999999999,102.502,102.3051,102.1697,True,True,True,True,True,True,0.01,0.22
2024-12-27,10:59:00,PNB,102.82,102.82,102.73,102.74,48583,102.72749999999999,102.5116,102.31309999999999,102.17289999999998,True,True,True,True,True,True,0.01,0.22
2024-12-27,10:58:00,PNB,102.85,102.87,102.81,102.83,13606,102.7365,102.52300000000001,102.3213,102.17605000000002,True,True,True,True,True,True,0.09,0.3
2024-12-27,10:57:00,PNB,102.84,102.85,102.81,102.81,6408,102.73949999999999,102.5342,102.3293,102.17914999999999,True,True,True,True,True,True,0.07,0.27
2024-12-27,10:56:00,PNB,102.85,102.85,102.78,102.84,9857,102.742,102.5458,102.33769999999998,102.18234999999999,True,True,True,True,True,True,0.1,0.29
2024-12-27,10:55:00,PNB,102.76,102.83,102.71,102.83,17558,102.7435,102.5564,102.346,102.1855,True,True,True,True,True,True,0.08,0.27
2024-12-27,10:54:00,PNB,102.75,102.77,102.67,102.76,18216,102.74300000000001,102.5634,102.354,102.18834999999999,True,True,True,True,True,True,0.02,0.19
2024-12-27,10:53:00,PNB,102.83,102.83,102.73,102.74,58685,102.7405,102.5696,102.36140000000002,102.19115,True,True,True,True,True,True,-0.0,0.17
2024-12-27,10:52:00,PNB,102.8,102.87,102.76,102.83,5496,102.742,102.5792,102.3692,102.19425,True,True,True,True,True,True,0.09,0.24
2024-12-27,10:51:00,PNB,102.75,102.8,102.68,102.77,26268,102.74100000000001,102.5874,102.3776,102.19709999999999,True,True,True,True,True,True,0.03,0.18
2024-12-27,10:50:00,PNB,102.7,102.76,102.7,102.76,21022,102.742,102.5966,102.3857,102.19965,True,True,True,True,True,True,0.02,0.16
2024-12-27,10:49:00,PNB,102.66,102.7,102.65,102.68,33600,102.74100000000001,102.6042,102.3929,102.20190000000001,True,True,True,True,True,True,-0.06,0.07
2024-12-27,10:48:00,PNB,102.71,102.71,102.62,102.65,26933,102.7385,102.6112,102.3998,102.20369999999998,True,True,True,True,True,True,-0.09,0.04
2024-12-27,10:47:00,PNB,102.76,102.76,102.7,102.71,28926,102.7415,102.62039999999999,102.40720000000002,102.20599999999999,True,True,True,True,True,True,-0.03,0.09
2024-12-27,10:46:00,PNB,102.81,102.81,102.74,102.77,9171,102.748,102.6312,102.41529999999999,102.20835,True,True,True,True,True,True,0.02,0.14
2024-12-27,10:45:00,PNB,102.8,102.82,102.75,102.8,47384,102.753,102.6432,102.42360000000001,102.21119999999999,True,True,True,True,True,True,0.05,0.15
2024-12-27,10:44:00,PNB,102.86,102.86,102.75,102.81,50845,102.76000000000002,102.65459999999999,102.4322,102.21379999999999,True,True,True,True,True,True,0.05,0.15
2024-12-27,10:43:00,PNB,102.85,102.9,102.84,102.84,27184,102.7675,102.66539999999999,102.4409,102.2164,True,True,True,True,True,True,0.07,0.17
2024-12-27,10:42:00,PNB,102.91,102.93,102.83,102.85,15525,102.775,102.67560000000002,102.4499,102.219,True,True,True,True,True,True,0.07,0.17
2024-12-27,10:41:00,PNB,102.9,102.93,102.85,102.93,14917,102.78399999999999,102.68719999999999,102.45970000000001,102.22245,True,True,True,True,True,True,0.14,0.24
2024-12-27,10:40:00,PNB,102.93,102.96,102.9,102.9,18239,102.79249999999999,102.697,102.46870000000001,102.22575,True,True,True,True,True,True,0.1,0.2
2024-12-27,10:39:00,PNB,102.9,102.96,102.9,102.94,2610,102.80250000000001,102.7068,102.4785,102.22939999999998,True,True,True,True,True,True,0.13,0.23
2024-12-27,10:38:00,PNB,102.92,102.96,102.91,102.92,15004,102.80699999999999,102.71619999999999,102.48790000000001,102.233,True,True,True,True,True,True,0.11,0.2
2024-12-27,10:37:00,PNB,102.98,102.98,102.92,102.93,11107,102.81300000000002,102.7276,102.49679999999998,102.23665000000001,True,True,True,True,True,True,0.11,0.2
2024-12-27,10:36:00,PNB,103.01,103.05,102.92,102.92,17560,102.81700000000001,102.7384,102.50599999999999,102.24029999999999,True,True,True,True,True,True,0.1,0.18
2024-12-27,10:35:00,PNB,102.96,103.03,102.96,103.03,7493,102.827,102.75299999999999,102.51620000000001,102.2442,True,True,True,True,True,True,0.2,0.27
2024-12-27,10:34:00,PNB,103.09,103.15,102.95,102.96,28077,102.83700000000002,102.7632,102.52480000000001,102.248,True,True,True,True,True,True,0.12,0.19
2024-12-27,10:33:00,PNB,103.09,103.15,103.07,103.13,148959,102.85650000000001,102.7758,102.535,102.25314999999999,True,True,True,True,True,True,0.27,0.34
2024-12-27,10:32:00,PNB,103.05,103.1,103.04,103.05,17957,102.86749999999999,102.78540000000001,102.54449999999999,102.25785,True,True,True,True,True,True,0.18,0.26
2024-12-27,10:31:00,PNB,102.95,103.1,102.95,103.05,173616,102.8815,102.79440000000001,102.5534,102.26270000000001,True,True,True,True,True,True,0.16,0.25
2024-12-27,10:30:00,PNB,102.96,102.97,102.89,102.94,13774,102.8905,102.8026,102.56129999999999,102.2668,True,True,True,True,True,True,0.05,0.13
2024-12-27,10:29:00,PNB,102.91,102.98,102.91,102.96,11040,102.90450000000001,102.8098,102.5695,102.27095,True,True,True,True,True,True,0.05,0.15
2024-12-27,10:28:00,PNB,102.9,102.95,102.89,102.9,6937,102.917,102.81479999999999,102.5766,102.2749,True,True,True,True,True,True,-0.02,0.08
2024-12-27,10:27:00,PNB,102.82,102.9,102.82,102.9,22444,102.92649999999999,102.8178,102.5839,102.27915000000002,True,True,True,True,True,True,-0.03,0.08
2024-12-27,10:26:00,PNB,102.85,102.86,102.81,102.84,8708,102.92999999999999,102.81880000000001,102.5908,102.28310000000002,True,True,True,True,True,True,-0.09,0.02
2024-12-27,10:25:00,PNB,102.85,102.87,102.83,102.86,14887,102.93299999999999,102.82,102.59719999999999,102.2872,True,True,True,True,True,True,-0.07,0.04
2024-12-27,10:24:00,PNB,102.83,102.85,102.82,102.85,4146,102.93500000000002,102.82160000000002,102.60300000000001,102.29075,True,True,True,True,True,True,-0.08,0.03
2024-12-27,10:23:00,PNB,102.82,102.85,102.81,102.85,11636,102.9355,102.8228,102.6085,102.29435,True,True,True,True,True,True,-0.08,0.03
2024-12-27,10:22:00,PNB,102.83,102.86,102.76,102.85,21701,102.9355,102.8238,102.61399999999999,102.29790000000001,True,True,True,True,True,True,-0.08,0.03
2024-12-27,10:21:00,PNB,102.79,102.84,102.75,102.8,11168,102.929,102.82400000000001,102.6191,102.30125,False,True,True,True,True,True,-0.13,-0.02
2024-12-27,10:20:00,PNB,102.88,102.89,102.78,102.78,10157,102.923,102.8248,102.62389999999999,102.3046,False,True,True,True,True,True,-0.14,-0.04
2024-12-27,10:19:00,PNB,102.76,102.9,102.76,102.86,19850,102.91900000000001,102.82799999999999,102.6297,102.30845,True,True,True,True,True,True,-0.06,0.03
2024-12-27,10:18:00,PNB,102.83,102.85,102.74,102.76,26266,102.91099999999999,102.8292,102.6343,102.31154999999998,False,True,True,True,True,True,-0.15,-0.07
2024-12-27,10:17:00,PNB,102.87,102.92,102.83,102.83,25587,102.90599999999999,102.8328,102.6399,102.31545,False,True,True,True,True,True,-0.07,-0.0
2024-12-27,10:16:00,PNB,102.89,102.89,102.85,102.87,10808,102.90350000000001,102.8374,102.64540000000001,102.31975,True,True,True,True,True,True,-0.03,0.03
2024-12-27,10:15:00,PNB,102.93,102.94,102.86,102.86,8288,102.89500000000001,102.8406,102.6508,102.32405,True,True,True,True,True,True,-0.03,0.02
2024-12-27,10:14:00,PNB,102.96,102.96,102.92,102.93,9819,102.89349999999999,102.8458,102.65709999999999,102.32889999999999,True,True,True,True,True,True,0.04,0.08
2024-12-27,10:13:00,PNB,102.95,102.96,102.92,102.96,4634,102.88499999999999,102.85119999999999,102.6637,102.3337,True,True,True,True,True,True,0.07,0.11
2024-12-27,10:12:00,PNB,102.95,102.97,102.9,102.95,11280,102.88,102.85619999999999,102.66969999999999,102.33845,True,True,True,True,True,True,0.07,0.09
2024-12-27,10:11:00,PNB,102.95,102.99,102.92,102.95,13400,102.875,102.8602,102.67640000000002,102.34305,True,True,True,True,True,True,0.07,0.09
2024-12-27,10:10:00,PNB,102.88,102.98,102.86,102.98,32704,102.877,102.8652,102.68360000000001,102.34774999999999,True,True,True,True,True,True,0.1,0.11
2024-12-27,10:09:00,PNB,102.91,102.91,102.86,102.88,9053,102.873,102.86800000000001,102.68979999999999,102.35220000000001,True,True,True,True,True,True,0.01,0.01
2024-12-27,10:08:00,PNB,102.97,103.0,102.9,102.9,12143,102.873,102.86939999999998,102.6962,102.35695,True,True,True,True,True,True,0.03,0.03
2024-12-27,10:07:00,PNB,102.95,103.03,102.9,102.97,68647,102.8765,102.8726,102.7034,102.36184999999999,True,True,True,True,True,True,0.09,0.09
2024-12-27,10:06:00,PNB,102.87,102.95,102.84,102.95,107451,102.88199999999999,102.8748,102.7103,102.36665,True,True,True,True,True,True,0.07,0.07
2024-12-27,10:05:00,PNB,102.82,102.87,102.82,102.86,9444,102.88199999999999,102.87540000000001,102.7159,102.37110000000001,False,True,True,True,True,True,-0.02,-0.01
2024-12-27,10:04:00,PNB,102.9,102.9,102.82,102.86,14615,102.88250000000001,102.8774,102.72040000000001,102.37554999999999,False,True,True,True,True,True,-0.02,-0.02
2024-12-27,10:03:00,PNB,102.94,102.94,102.85,102.9,7689,102.88500000000002,102.8806,102.7251,102.38024999999999,True,True,True,True,True,True,0.01,0.02
2024-12-27,10:02:00,PNB,102.9,102.99,102.89,102.93,23365,102.88900000000001,102.8826,102.7309,102.38495,True,True,True,True,True,True,0.04,0.05
2024-12-27,10:01:00,PNB,102.89,102.98,102.88,102.94,27399,102.896,102.88599999999998,102.7367,102.38974999999999,True,True,True,True,True,True,0.04,0.05
2024-12-27,10:00:00,PNB,102.96,103.0,102.87,102.93,31329,102.90350000000001,102.88940000000001,102.74300000000001,102.3946,True,True,True,True,True,True,0.03,0.04
2024-12-27,09:59:00,PNB,103.03,103.04,102.9,102.96,25100,102.9085,102.895,102.74959999999999,102.39945000000002,True,True,True,True,True,True,0.05,0.06
2024-12-27,09:58:00,PNB,103.04,103.04,102.99,103.03,8690,102.922,102.9026,102.7569,102.4049,True,True,True,True,True,True,0.1,0.12
2024-12-27,09:57:00,PNB,103.02,103.07,103.0,103.04,7347,102.9325,102.9092,102.7648,102.41035,True,True,True,True,True,True,0.1,0.13
2024-12-27,09:56:00,PNB,103.08,103.08,102.99,103.04,10357,102.941,102.9146,102.7729,102.41584999999999,True,True,True,True,True,True,0.1,0.12
2024-12-27,09:55:00,PNB,103.1,103.14,103.0,103.08,39119,102.952,102.92020000000001,102.7817,102.4216,True,True,True,True,True,True,0.12,0.16
2024-12-27,09:54:00,PNB,103.09,103.14,103.05,103.1,90507,102.9605,102.926,102.7903,102.42734999999999,True,True,True,True,True,True,0.14,0.17
2024-12-27,09:53:00,PNB,102.88,103.08,102.86,103.08,79624,102.9665,102.9308,102.79810000000002,102.43260000000001,True,True,True,True,True,True,0.11,0.14
2024-12-27,09:52:00,PNB,102.85,102.9,102.83,102.9,27417,102.96400000000001,102.93180000000001,102.8037,102.43719999999999,False,True,True,True,True,True,-0.06,-0.03
2024-12-27,09:51:00,PNB,102.82,102.9,102.81,102.85,38529,102.95899999999999,102.9302,102.8087,102.44155,False,True,True,True,True,True,-0.11,-0.08
2024-12-27,09:50:00,PNB,102.79,102.81,102.7,102.81,35745,102.9505,102.9284,102.8127,102.44595,False,False,True,True,True,True,-0.14,-0.12
2024-12-27,09:49:00,PNB,102.81,102.85,102.78,102.78,4442,102.9455,102.9252,102.816,102.4505,False,False,True,True,True,True,-0.16,-0.14
2024-12-27,09:48:00,PNB,102.85,102.9,102.76,102.76,41148,102.9385,102.92200000000001,102.81909999999999,102.4553,False,False,True,True,True,True,-0.17,-0.16
2024-12-27,09:47:00,PNB,102.8,102.85,102.76,102.85,19113,102.9325,102.92039999999999,102.824,102.46035,False,True,True,True,True,True,-0.08,-0.07
2024-12-27,09:46:00,PNB,102.76,102.84,102.75,102.8,29396,102.925,102.91799999999999,102.82820000000001,102.4651,False,False,True,True,True,True,-0.12,-0.11
2024-12-27,09:45:00,PNB,102.68,102.8,102.68,102.78,22404,102.921,102.913,102.833,102.46969999999999,False,False,True,True,True,True,-0.14,-0.13
2024-12-27,09:44:00,PNB,102.72,102.77,102.68,102.68,16384,102.91199999999999,102.9074,102.8353,102.47405,False,False,True,True,True,True,-0.23,-0.22
2024-12-27,09:43:00,PNB,102.7,102.78,102.65,102.68,30054,102.901,102.8984,102.8371,102.47845,False,False,True,True,True,True,-0.21,-0.21
2024-12-27,09:42:00,PNB,102.7,102.7,102.6,102.69,58664,102.88900000000001,102.89119999999998,102.8383,102.48295,False,False,True,False,True,True,-0.19,-0.2
2024-12-27,09:41:00,PNB,102.64,102.85,102.64,102.7,43222,102.877,102.8842,102.83930000000001,102.4876,False,False,True,False,True,True,-0.17,-0.18
2024-12-27,09:40:00,PNB,102.7,102.73,102.64,102.64,26539,102.8625,102.87819999999999,102.8404,102.4921,False,False,True,False,True,True,-0.22,-0.23
2024-12-27,09:39:00,PNB,102.6,102.72,102.6,102.72,23209,102.85050000000001,102.8734,102.8416,102.49674999999999,False,False,True,False,True,True,-0.13,-0.15
2024-12-27,09:38:00,PNB,102.71,102.77,102.6,102.63,41911,102.83049999999999,102.86800000000001,102.8414,102.50060000000002,False,False,True,False,False,True,-0.19,-0.23
2024-12-27,09:37:00,PNB,102.76,102.8,102.64,102.71,29046,102.814,102.8642,102.84100000000001,102.50460000000001,False,False,True,False,False,True,-0.1,-0.15
2024-12-27,09:36:00,PNB,102.63,102.8,102.6,102.76,48543,102.8,102.86259999999999,102.8407,102.50885,False,False,True,False,False,True,-0.04,-0.1
2024-12-27,09:35:00,PNB,102.7,102.7,102.6,102.6,30274,102.776,102.8574,102.8387,102.51225000000001,False,False,True,False,False,True,-0.17,-0.25
2024-12-27,09:34:00,PNB,102.6,102.74,102.6,102.68,111602,102.755,102.854,102.83779999999999,102.5159,False,False,True,False,False,True,-0.07,-0.17
2024-12-27,09:33:00,PNB,102.68,102.7,102.57,102.6,57114,102.731,102.84899999999999,102.8359,102.51915,False,False,True,False,False,True,-0.13,-0.24
2024-12-27,09:32:00,PNB,102.85,102.85,102.61,102.69,77191,102.72049999999999,102.8458,102.8348,102.52269999999999,False,False,True,False,False,True,-0.03,-0.15
2024-12-27,09:31:00,PNB,102.93,102.94,102.8,102.85,105726,102.72049999999999,102.84679999999999,102.8354,102.5273,True,True,True,False,False,True,0.13,0.0
2024-12-27,09:30:00,PNB,102.94,103.04,102.88,102.89,53701,102.7245,102.84899999999999,102.8369,102.53205,True,True,True,False,False,True,0.16,0.04
2024-12-27,09:29:00,PNB,103.04,103.04,102.87,102.93,46767,102.732,102.85040000000001,102.8392,102.537,True,True,True,False,False,True,0.19,0.08
2024-12-27,09:28:00,PNB,103.05,103.1,103.0,103.04,22346,102.74600000000001,102.85600000000001,102.8426,102.54245,True,True,True,False,False,True,0.29,0.18
2024-12-27,09:27:00,PNB,102.92,103.12,102.91,103.09,107566,102.758,102.86120000000001,102.847,102.54825000000001,True,True,True,False,False,True,0.32,0.22
2024-12-27,09:26:00,PNB,103.08,103.08,102.91,102.92,42001,102.76400000000001,102.86220000000002,102.8498,102.55305,True,True,True,False,False,True,0.15,0.06
2024-12-27,09:25:00,PNB,103.1,103.14,103.03,103.08,37172,102.779,102.86660000000002,102.85359999999999,102.55855000000001,True,True,True,False,False,True,0.29,0.21
2024-12-27,09:24:00,PNB,103.02,103.15,103.02,103.1,61029,102.8,102.87,102.85789999999999,102.5643,True,True,True,False,False,True,0.29,0.22
2024-12-27,09:23:00,PNB,103.05,103.08,102.99,103.03,96045,102.8175,102.8714,102.86130000000001,102.5698,True,True,True,False,False,True,0.21,0.15
2024-12-27,09:22:00,PNB,103.12,103.16,103.02,103.04,121183,102.83500000000001,102.87320000000001,102.8647,102.57565000000001,True,True,True,False,False,True,0.2,0.16
2024-12-27,09:21:00,PNB,103.1,103.18,103.03,103.06,157132,102.853,102.87539999999998,102.8678,102.58185000000002,True,True,True,False,False,True,0.2,0.18
2024-12-27,09:20:00,PNB,103.01,103.2,103.01,103.1,114525,102.876,102.87780000000001,102.8715,102.5883,True,True,True,False,True,True,0.22,0.22
2024-12-27,09:19:00,PNB,102.93,103.1,102.9,103.0,78703,102.89000000000001,102.8802,102.8741,102.59360000000001,True,True,True,True,True,True,0.11,0.12
2024-12-27,09:18:00,PNB,102.94,102.98,102.87,102.93,84872,102.905,102.8808,102.8751,102.59819999999999,True,True,True,True,True,True,0.02,0.05
2024-12-27,09:17:00,PNB,103.0,103.05,102.9,102.94,101396,102.9165,102.8802,102.87639999999999,102.60285,True,True,True,True,True,True,0.02,0.06
2024-12-27,09:16:00,PNB,102.79,103.15,102.7,102.97,171456,102.92699999999999,102.88060000000002,102.8777,102.60770000000001,True,True,True,True,True,True,0.04,0.09
2024-12-27,09:15:00,PNB,102.25,102.9,102.25,102.78,435882,102.936,102.87899999999999,102.87719999999999,102.6116,False,False,True,True,True,True,-0.15,-0.1
2024-12-26,15:29:00,PNB,102.04,102.14,101.94,102.05,57797,102.90450000000001,102.86280000000001,102.87010000000001,102.61205,False,False,False,True,True,True,-0.83,-0.79
2024-12-26,15:28:00,PNB,102.12,102.15,102.0,102.04,80553,102.87650000000001,102.84560000000002,102.86309999999999,102.61224999999999,False,False,False,True,True,True,-0.81,-0.78
2024-12-26,15:27:00,PNB,102.15,102.19,102.11,102.12,57471,102.848,102.8294,102.85599999999998,102.6126,False,False,False,True,False,True,-0.71,-0.69
2024-12-26,15:26:00,PNB,102.19,102.25,102.11,102.15,64890,102.81300000000002,102.81360000000001,102.84980000000002,102.6137,False,False,False,False,False,True,-0.64,-0.65
2024-12-26,15:25:00,PNB,102.1,102.2,102.08,102.2,51149,102.77850000000001,102.79899999999999,102.8442,102.61495,False,False,False,False,False,True,-0.56,-0.58
2024-12-26,15:24:00,PNB,102.19,102.19,102.05,102.1,60988,102.737,102.7818,102.83840000000001,102.61564999999999,False,False,False,False,False,True,-0.62,-0.66
2024-12-26,15:23:00,PNB,102.19,102.2,102.13,102.19,18969,102.69449999999999,102.765,102.83380000000001,102.6168,False,False,False,False,False,True,-0.49,-0.56
2024-12-26,15:22:00,PNB,102.23,102.27,101.99,102.2,263656,102.65,102.74820000000001,102.82869999999998,102.61795000000001,False,False,False,False,False,True,-0.44,-0.53
2024-12-26,15:21:00,PNB,102.19,102.29,102.19,102.25,31954,102.6165,102.73240000000001,102.82350000000001,102.6194,False,False,False,False,False,False,-0.36,-0.47
2024-12-26,15:20:00,PNB,102.28,102.28,102.11,102.19,207223,102.572,102.71459999999999,102.81739999999999,102.62049999999999,False,False,False,False,False,False,-0.37,-0.51
2024-12-26,15:19:00,PNB,102.21,102.3,102.21,102.28,33813,102.53099999999999,102.6982,102.81210000000002,102.62215,False,False,False,False,False,False,-0.24,-0.41
2024-12-26,15:18:00,PNB,102.25,102.28,102.12,102.26,167170,102.49249999999999,102.68180000000001,102.80630000000001,102.62360000000001,False,False,False,False,False,False,-0.23,-0.41
2024-12-26,15:17:00,PNB,102.28,102.35,102.22,102.28,51130,102.45450000000001,102.66939999999998,102.80059999999999,102.62525,False,False,False,False,False,False,-0.17,-0.38
2024-12-26,15:16:00,PNB,102.33,102.43,102.25,102.32,97382,102.41749999999999,102.65880000000001,102.79449999999999,102.62709999999998,False,False,False,False,False,False,-0.1,-0.33
2024-12-26,15:15:00,PNB,102.44,102.55,102.29,102.33,247935,102.37899999999999,102.64920000000001,102.7888,102.62875,False,False,False,False,False,False,-0.05,-0.31
2024-12-26,15:14:00,PNB,102.34,102.49,102.33,102.44,76579,102.351,102.6424,102.78379999999999,102.63114999999999,False,False,False,False,False,False,0.09,-0.2
2024-12-26,15:13:00,PNB,102.22,102.35,102.18,102.33,69260,102.321,102.6338,102.77789999999999,102.6329,False,False,False,False,False,False,0.01,-0.3
2024-12-26,15:12:00,PNB,102.1,102.25,102.05,102.25,153936,102.2865,102.62180000000001,102.7711,102.63395,False,False,False,False,False,False,-0.04,-0.36
2024-12-26,15:11:00,PNB,102.14,102.14,102.08,102.1,36087,102.24300000000001,102.60780000000001,102.7629,102.63445,False,False,False,False,False,False,-0.14,-0.49
2024-12-26,15:10:00,PNB,102.11,102.14,102.05,102.13,45689,102.2105,102.59480000000002,102.75389999999999,102.63505,False,False,False,False,False,False,-0.08,-0.45
2024-12-26,15:09:00,PNB,101.98,102.22,101.96,102.12,350961,102.21400000000001,102.5836,102.74549999999999,102.63515,False,False,False,False,False,False,-0.09,-0.45
2024-12-26,15:08:00,PNB,101.96,102.0,101.94,101.98,11987,102.21099999999998,102.5696,102.734,102.6345,False,False,False,False,False,False,-0.23,-0.57
2024-12-26,15:07:00,PNB,101.98,102.0,101.94,101.95,25777,102.2025,102.55480000000001,102.72300000000001,102.63375,False,False,False,False,False,False,-0.25,-0.59
2024-12-26,15:06:00,PNB,101.98,102.02,101.95,102.0,36932,102.195,102.5408,102.7125,102.63295,False,False,False,False,False,False,-0.19,-0.53
2024-12-26,15:05:00,PNB,101.99,102.0,101.93,101.98,20150,102.184,102.5276,102.70290000000001,102.6321,False,False,False,False,False,False,-0.2,-0.53
2024-12-26,15:04:00,PNB,102.0,102.04,101.93,102.0,22937,102.179,102.5132,102.6933,102.6314,False,False,False,False,False,False,-0.18,-0.5
2024-12-26,15:03:00,PNB,101.95,102.06,101.94,101.97,71349,102.16799999999999,102.5,102.684,102.6303,False,False,False,False,False,False,-0.19,-0.52
2024-12-26,15:02:00,PNB,101.92,101.99,101.89,101.95,39211,102.1555,102.48479999999999,102.67450000000001,102.62919999999998,False,False,False,False,False,False,-0.2,-0.52
2024-12-26,15:01:00,PNB,101.91,101.94,101.88,101.89,8319,102.1375,102.46740000000001,102.665,102.62790000000001,False,False,False,False,False,False,-0.24,-0.56
2024-12-26,15:00:00,PNB,101.81,101.91,101.81,101.9,50521,102.123,102.4534,102.65540000000001,102.62629999999999,False,False,False,False,False,False,-0.22,-0.54
2024-12-26,14:59:00,PNB,101.83,101.84,101.81,101.81,15062,102.0995,102.436,102.645,102.624,False,False,False,False,False,False,-0.28,-0.61
2024-12-26,14:58:00,PNB,101.81,101.89,101.8,101.81,27277,102.07700000000001,102.42020000000001,102.63459999999999,102.62155000000001,False,False,False,False,False,False,-0.26,-0.6
2024-12-26,14:57:00,PNB,101.85,101.88,101.8,101.84,13290,102.055,102.4032,102.62450000000001,102.61925,False,False,False,False,False,False,-0.21,-0.55
2024-12-26,14:56:00,PNB,101.84,101.85,101.8,101.82,22215,102.03,102.3826,102.6147,102.6169,False,False,False,False,False,False,-0.21,-0.55
2024-12-26,14:55:00,PNB,101.85,101.85,101.78,101.84,10092,102.00550000000001,102.3616,102.6053,102.61460000000001,False,False,False,False,False,False,-0.16,-0.51
2024-12-26,14:54:00,PNB,101.9,101.91,101.79,101.82,10891,101.9745,102.33939999999998,102.5949,102.61230000000002,False,False,False,False,False,False,-0.15,-0.51
2024-12-26,14:53:00,PNB,101.82,101.93,101.77,101.89,14851,101.9525,102.31639999999999,102.5862,102.61025,False,False,False,False,False,False,-0.06,-0.42
2024-12-26,14:52:00,PNB,101.8,101.86,101.75,101.82,22211,101.93100000000001,102.29099999999998,102.57610000000001,102.608,False,False,False,False,False,False,-0.11,-0.46
2024-12-26,14:51:00,PNB,101.87,101.93,101.8,101.81,27116,101.9165,102.2688,102.56549999999999,102.60544999999998,False,False,False,False,False,False,-0.1,-0.45
2024-12-26,14:50:00,PNB,101.87,101.89,101.81,101.87,11591,101.9035,102.24459999999999,102.55560000000001,102.6032,False,False,False,False,False,False,-0.03,-0.37
2024-12-26,14:49:00,PNB,101.92,101.95,101.83,101.83,19035,101.889,102.2192,102.5446,102.60085,False,False,False,False,False,False,-0.06,-0.38
2024-12-26,14:48:00,PNB,101.95,101.95,101.88,101.88,5459,101.884,102.1962,102.53379999999999,102.59875,False,False,False,False,False,False,-0.0,-0.31
2024-12-26,14:47:00,PNB,102.01,102.01,101.83,101.91,44000,101.882,102.1736,102.5234,102.59655000000001,False,False,False,False,False,False,0.03,-0.26
2024-12-26,14:46:00,PNB,101.94,102.12,101.94,102.01,87143,101.88250000000001,102.1526,102.514,102.59519999999999,False,False,False,False,False,False,0.13,-0.14
2024-12-26,14:45:00,PNB,101.9,101.98,101.85,101.98,27395,101.88250000000001,102.13019999999999,102.50399999999999,102.59380000000002,False,False,False,False,False,False,0.1,-0.15
2024-12-26,14:44:00,PNB,101.86,101.92,101.83,101.9,24997,101.8775,102.1082,102.4942,102.59199999999998,False,False,False,False,False,False,0.02,-0.2
2024-12-26,14:43:00,PNB,101.74,101.86,101.74,101.83,53875,101.8705,102.0862,102.48349999999999,102.58985000000001,False,False,False,False,False,False,-0.04,-0.25
2024-12-26,14:42:00,PNB,101.72,101.78,101.69,101.77,16762,101.8615,102.06279999999998,102.47149999999999,102.58745,False,False,False,False,False,False,-0.09,-0.29
2024-12-26,14:41:00,PNB,101.7,101.72,101.66,101.72,30336,101.85300000000001,102.03779999999999,102.4592,102.58475,False,False,False,False,False,False,-0.13,-0.31
2024-12-26,14:40:00,PNB,101.67,101.75,101.66,101.72,11282,101.84400000000001,102.0166,102.4478,102.58184999999999,False,False,False,False,False,False,-0.12,-0.29
2024-12-26,14:39:00,PNB,101.68,101.7,101.66,101.69,7530,101.838,102.00939999999999,102.43610000000001,102.57824999999998,False,False,False,False,False,False,-0.15,-0.31
2024-12-26,14:38:00,PNB,101.7,101.71,101.64,101.7,26207,101.8325,102.0026,102.4241,102.57459999999999,False,False,False,False,False,False,-0.13,-0.3
2024-12-26,14:37:00,PNB,101.78,101.78,101.64,101.64,60415,101.8225,101.993,102.41120000000001,102.57105,False,False,False,False,False,False,-0.18,-0.35
2024-12-26,14:36:00,PNB,101.79,101.85,101.75,101.75,29116,101.819,101.985,102.3993,102.568,False,False,False,False,False,False,-0.07,-0.23
2024-12-26,14:35:00,PNB,101.79,101.81,101.75,101.79,11665,101.81649999999999,101.9768,102.38789999999999,102.56545,False,False,False,False,False,False,-0.03,-0.18
2024-12-26,14:34:00,PNB,101.88,101.88,101.76,101.8,10880,101.8155,101.9708,102.37630000000001,102.56295,False,False,False,False,False,False,-0.02,-0.17
2024-12-26,14:33:00,PNB,101.8,101.89,101.76,101.87,8871,101.81450000000001,101.96440000000001,102.3647,102.56080000000001,False,False,False,False,False,False,0.05,-0.09
2024-12-26,14:32:00,PNB,101.66,101.8,101.66,101.78,39203,101.8125,101.95599999999999,102.35210000000001,102.55845000000001,False,False,False,False,False,False,-0.03,-0.17
2024-12-26,14:31:00,PNB,101.9,101.9,101.64,101.65,98555,101.80449999999999,101.944,102.3382,102.55554999999998,False,False,False,False,False,False,-0.15,-0.29
2024-12-26,14:30:00,PNB,101.87,101.9,101.85,101.85,5872,101.80350000000001,101.93719999999999,102.3259,102.55380000000001,False,False,False,False,False,False,0.05,-0.09
2024-12-26,14:29:00,PNB,101.84,101.9,101.83,101.88,5399,101.806,101.9292,102.31369999999998,102.552,False,False,False,False,False,False,0.07,-0.05
2024-12-26,14:28:00,PNB,101.86,101.9,101.83,101.84,22028,101.804,101.9208,102.3013,102.54970000000002,False,False,False,False,False,False,0.04,-0.08
2024-12-26,14:27:00,PNB,101.9,101.94,101.86,101.88,8470,101.8025,101.9128,102.2911,102.5474,False,False,False,False,False,False,0.08,-0.03
2024-12-26,14:26:00,PNB,101.9,101.95,101.88,101.9,14893,101.797,101.90439999999998,102.2816,102.54514999999999,False,False,False,False,False,False,0.1,-0.0
2024-12-26,14:25:00,PNB,101.97,101.97,101.86,101.9,18362,101.79299999999999,101.8958,102.2725,102.54259999999998,True,False,False,False,False,False,0.11,0.0
2024-12-26,14:24:00,PNB,101.97,101.98,101.9,101.97,26023,101.79650000000001,101.88640000000001,102.26439999999998,102.5402,True,False,False,False,False,False,0.17,0.08
2024-12-26,14:23:00,PNB,101.98,102.05,101.95,102.0,13846,101.80499999999999,101.87980000000002,102.2568,102.53795,True,False,False,False,False,False,0.19,0.12
2024-12-26,14:22:00,PNB,101.98,102.05,101.96,101.99,22957,101.816,101.87460000000002,102.2482,102.5361,True,False,False,False,False,False,0.17,0.11
2024-12-26,14:21:00,PNB,101.99,101.99,101.95,101.97,1312,101.82849999999999,101.87200000000001,102.23989999999999,102.53405,True,False,False,False,False,False,0.14,0.1
2024-12-26,14:20:00,PNB,102.0,102.0,101.94,101.95,13451,101.84,101.86840000000001,102.2316,102.53229999999999,True,False,False,False,False,False,0.11,0.08
2024-12-26,14:19:00,PNB,101.97,102.02,101.97,101.97,13983,101.85400000000001,101.8654,102.2245,102.5299,True,False,False,False,False,False,0.11,0.1
2024-12-26,14:18:00,PNB,102.03,102.03,101.97,102.01,17564,101.8695,101.866,102.21780000000001,102.52744999999999,True,False,False,True,False,False,0.14,0.14
2024-12-26,14:17:00,PNB,102.0,102.04,102.0,102.03,6119,101.889,101.86759999999998,102.21119999999999,102.52475,True,False,False,True,False,False,0.14,0.16
2024-12-26,14:16:00,PNB,102.0,102.0,101.95,102.0,13518,101.9015,101.86759999999998,102.2042,102.52175000000001,True,False,False,True,False,False,0.1,0.13
2024-12-26,14:15:00,PNB,101.93,102.0,101.93,102.0,2749,101.912,101.868,102.19779999999999,102.5191,True,False,False,True,False,False,0.09,0.13
2024-12-26,14:14:00,PNB,101.91,101.98,101.9,101.96,15122,101.92,101.8672,102.1902,102.5159,True,False,False,True,False,False,0.04,0.09
2024-12-26,14:13:00,PNB,101.92,101.95,101.9,101.91,3298,101.922,101.866,102.183,102.51219999999999,True,False,False,True,False,False,-0.01,0.04
2024-12-26,14:12:00,PNB,102.06,102.07,101.92,101.92,69020,101.929,101.86540000000001,102.1751,102.50804999999998,True,False,False,True,False,False,-0.01,0.05
2024-12-26,14:11:00,PNB,102.05,102.07,102.01,102.06,4953,101.9495,101.8688,102.1681,102.5044,True,False,False,True,False,False,0.11,0.19
2024-12-26,14:10:00,PNB,102.01,102.07,102.01,102.02,6706,101.958,101.8712,102.1623,102.50050000000002,True,False,False,True,False,False,0.06,0.15
2024-12-26,14:09:00,PNB,102.03,102.08,102.0,102.01,17422,101.9645,101.87519999999999,102.1556,102.4967,True,False,False,True,False,False,0.04,0.13
2024-12-26,14:08:00,PNB,102.05,102.07,101.98,102.05,4590,101.975,101.88,102.15010000000001,102.49300000000001,True,False,False,True,False,False,0.07,0.17
2024-12-26,14:07:00,PNB,102.0,102.05,101.98,102.05,8356,101.9835,101.8842,102.1437,102.48925000000001,True,False,False,True,False,False,0.07,0.16
2024-12-26,14:06:00,PNB,101.99,102.08,101.99,102.0,64112,101.9885,101.88780000000001,102.13519999999998,102.48530000000001,True,False,False,True,False,False,0.01,0.11
2024-12-26,14:05:00,PNB,101.99,102.02,101.99,101.99,1634,101.99300000000001,101.8908,102.12620000000001,102.48154999999998,True,False,False,True,False,False,-0.0,0.1
2024-12-26,14:04:00,PNB,101.99,102.02,101.99,102.0,8879,101.9945,101.8944,102.1169,102.47805,True,False,False,True,False,False,0.01,0.1
2024-12-26,14:03:00,PNB,101.97,102.0,101.97,101.99,8503,101.994,101.8964,102.10640000000001,102.4745,True,False,False,True,False,False,-0.0,0.09
2024-12-26,14:02:00,PNB,101.97,102.04,101.92,101.96,27772,101.99249999999999,101.89920000000001,102.0951,102.47104999999999,True,False,False,True,False,False,-0.03,0.06
2024-12-26,14:01:00,PNB,101.88,101.97,101.88,101.97,10957,101.99249999999999,101.9024,102.08560000000001,102.46770000000001,True,False,False,True,False,False,-0.02,0.07
2024-12-26,14:00:00,PNB,101.94,101.99,101.86,101.93,53179,101.9915,101.90360000000001,102.0741,102.46385000000001,True,False,False,True,False,False,-0.06,0.03
2024-12-26,13:59:00,PNB,101.96,101.96,101.92,101.94,4439,101.99,101.9058,102.0625,102.4602,True,False,False,True,False,False,-0.05,0.03
2024-12-26,13:58:00,PNB,102.0,102.0,101.91,101.97,9735,101.988,101.9076,102.05189999999999,102.4566,True,False,False,True,False,False,-0.02,0.06
2024-12-26,13:57:00,PNB,102.0,102.03,101.96,101.96,6651,101.9845,101.9086,102.0411,102.45290000000001,True,False,False,True,False,False,-0.02,0.05
2024-12-26,13:56:00,PNB,102.04,102.06,101.99,102.03,14041,101.986,101.90899999999999,102.0308,102.44930000000001,True,False,False,True,False,False,0.04,0.12
2024-12-26,13:55:00,PNB,102.02,102.05,102.0,102.05,8898,101.9885,101.91040000000001,102.0203,102.44589999999998,True,True,False,True,False,False,0.06,0.14
2024-12-26,13:54:00,PNB,102.02,102.06,102.0,102.02,4553,101.9915,101.91279999999999,102.01050000000001,102.44229999999999,True,True,False,True,False,False,0.03,0.11
2024-12-26,13:53:00,PNB,101.98,102.06,101.98,102.05,12359,101.9985,101.9172,102.0017,102.4384,True,True,False,True,False,False,0.05,0.13
2024-12-26,13:52:00,PNB,101.96,102.01,101.96,102.0,6030,102.0025,101.9218,101.9923,102.43435000000001,True,True,False,True,True,False,-0.0,0.08
2024-12-26,13:51:00,PNB,102.07,102.07,101.93,101.96,49785,101.9975,101.9266,101.9822,102.42995,True,False,False,True,True,False,-0.04,0.03
2024-12-26,13:50:00,PNB,102.1,102.11,102.06,102.07,10995,102.0,101.93360000000001,101.9751,102.42614999999999,True,True,False,True,True,False,0.07,0.13
2024-12-26,13:49:00,PNB,102.14,102.14,102.05,102.09,15605,102.00399999999999,101.9416,101.97550000000001,102.42280000000001,True,True,False,True,True,False,0.08,0.15
2024-12-26,13:48:00,PNB,102.19,102.19,102.11,102.12,2055,102.0075,101.95,101.9763,102.41969999999999,True,True,False,True,True,False,0.11,0.17
2024-12-26,13:47:00,PNB,102.16,102.19,102.13,102.18,5713,102.014,101.9608,101.9769,102.41645,True,True,False,True,True,False,0.16,0.21
2024-12-26,13:46:00,PNB,102.16,102.2,102.15,102.16,15421,102.02199999999999,101.969,101.97699999999999,102.4134,True,True,False,True,True,False,0.14,0.19
2024-12-26,13:45:00,PNB,102.2,102.2,102.15,102.16,6868,102.03049999999999,101.9764,101.9766,102.4104,True,True,False,True,True,False,0.13,0.18
2024-12-26,13:44:00,PNB,102.19,102.25,102.17,102.2,5094,102.0405,101.98440000000001,101.9776,102.40799999999999,True,True,False,True,True,False,0.16,0.21
2024-12-26,13:43:00,PNB,102.12,102.3,102.12,102.2,91531,102.051,101.991,101.97769999999998,102.40575000000001,True,True,False,True,True,False,0.15,0.2
2024-12-26,13:42:00,PNB,102.05,102.18,102.04,102.15,11142,102.0605,101.9984,101.97720000000001,102.40295,True,True,False,True,True,False,0.09,0.15
2024-12-26,13:41:00,PNB,102.03,102.08,102.0,102.05,8534,102.0645,102.0064,101.9752,102.39935000000001,True,True,False,True,True,False,-0.01,0.04
2024-12-26,13:40:00,PNB,101.99,102.09,101.92,102.09,14849,102.0725,102.0112,101.9742,102.3958,True,True,False,True,True,False,0.02,0.08
2024-12-26,13:39:00,PNB,101.99,102.0,101.93,101.98,7344,102.0745,102.0132,101.9712,102.39165000000001,False,True,False,True,True,False,-0.09,-0.03
2024-12-26,13:38:00,PNB,101.96,102.03,101.94,101.98,27812,102.075,102.016,101.96839999999999,102.38735000000001,False,True,False,True,True,False,-0.09,-0.04
2024-12-26,13:37:00,PNB,102.19,102.2,101.93,101.96,42763,102.075,102.0176,101.96520000000001,102.3829,False,False,False,True,True,False,-0.11,-0.06
2024-12-26,13:36:00,PNB,102.09,102.19,102.01,102.19,19959,102.083,102.0234,101.96390000000001,102.3792,True,True,False,True,True,False,0.1,0.16
2024-12-26,13:35:00,PNB,101.97,102.1,101.87,102.09,54086,102.08500000000001,102.0272,101.96150000000002,102.37514999999999,True,True,False,True,True,False,0.0,0.06
2024-12-26,13:34:00,PNB,102.13,102.13,101.96,101.97,21890,102.08250000000001,102.0272,101.9568,102.3703,False,True,False,True,True,False,-0.11,-0.06
2024-12-26,13:33:00,PNB,102.23,102.23,102.13,102.14,6218,102.087,102.03,101.9549,102.3664,True,True,False,True,True,False,0.05,0.11
2024-12-26,13:32:00,PNB,102.22,102.25,102.2,102.2,21511,102.09700000000001,102.0342,101.9544,102.36274999999999,True,True,False,True,True,False,0.1,0.16
2024-12-26,13:31:00,PNB,102.2,102.24,102.13,102.2,5928,102.10900000000001,102.0388,101.9554,102.35915000000001,True,True,False,True,True,False,0.09,0.16
2024-12-26,13:30:00,PNB,102.14,102.25,102.11,102.18,18276,102.11449999999999,102.0434,101.9559,102.3549,True,True,False,True,True,False,0.06,0.13
2024-12-26,13:29:00,PNB,102.1,102.15,102.08,102.14,8975,102.11699999999999,102.0468,101.9561,102.35079999999999,True,True,False,True,True,False,0.02,0.09
2024-12-26,13:28:00,PNB,102.12,102.15,102.08,102.12,1807,102.117,102.04899999999999,101.9575,102.34575000000001,True,True,False,True,True,False,0.0,0.07
2024-12-26,13:27:00,PNB,102.15,102.19,102.11,102.15,12043,102.1155,102.05140000000002,101.95949999999999,102.34125,True,True,False,True,True,False,0.03,0.1
2024-12-26,13:26:00,PNB,102.14,102.15,102.11,102.11,2373,102.11300000000001,102.0536,101.9606,102.33655,True,True,False,True,True,False,-0.0,0.06
2024-12-26,13:25:00,PNB,102.13,102.15,102.11,102.11,3188,102.1105,102.05580000000002,101.9619,102.33239999999999,True,True,False,True,True,False,-0.0,0.05
2024-12-26,13:24:00,PNB,102.15,102.15,102.13,102.13,2979,102.107,102.0592,101.9632,102.32825000000001,True,True,False,True,True,False,0.02,0.07
2024-12-26,13:23:00,PNB,102.19,102.19,102.13,102.15,1647,102.1045,102.064,101.965,102.3245,True,True,False,True,True,False,0.04,0.08
2024-12-26,13:22:00,PNB,102.23,102.23,102.15,102.19,1886,102.10650000000001,102.0694,101.9674,102.32095,True,True,False,True,True,False,0.08,0.12
2024-12-26,13:21:00,PNB,102.13,102.23,102.13,102.19,14073,102.11350000000002,102.072,101.97040000000001,102.31769999999999,True,True,False,True,True,False,0.07,0.12
2024-12-26,13:20:00,PNB,102.13,102.15,102.1,102.15,2202,102.1165,102.07459999999999,101.9729,102.31415000000001,True,True,False,True,True,False,0.03,0.07
2024-12-26,13:19:00,PNB,102.15,102.16,102.1,102.13,36196,102.124,102.07700000000001,101.97609999999999,102.31055,True,True,False,True,True,False,0.01,0.05
2024-12-26,13:18:00,PNB,102.24,102.24,102.15,102.16,44347,102.133,102.0792,101.9796,102.3071,True,True,False,True,True,False,0.03,0.08
2024-12-26,13:17:00,PNB,102.2,102.25,102.17,102.21,8978,102.1455,102.08239999999999,101.9833,102.3039,True,True,False,True,True,False,0.06,0.12
2024-12-26,13:16:00,PNB,102.24,102.24,102.18,102.2,3459,102.146,102.0864,101.98710000000001,102.3009,True,True,False,True,True,False,0.05,0.11
2024-12-26,13:15:00,PNB,102.22,102.24,102.2,102.24,5824,102.1535,102.0914,101.9911,102.2982,True,True,False,True,True,False,0.08,0.15
2024-12-26,13:14:00,PNB,102.23,102.24,102.16,102.24,6941,102.167,102.09620000000001,101.9953,102.2951,True,True,False,True,True,False,0.07,0.14
2024-12-26,13:13:00,PNB,102.19,102.25,102.18,102.21,19567,102.1705,102.10060000000001,101.99849999999998,102.29235,True,True,False,True,True,False,0.04,0.11
2024-12-26,13:12:00,PNB,102.16,102.2,102.16,102.17,4857,102.169,102.10480000000001,102.002,102.28905,True,True,False,True,True,False,0.0,0.06
2024-12-26,13:11:00,PNB,102.17,102.18,102.12,102.18,4506,102.16799999999999,102.109,102.00569999999999,102.28560000000002,True,True,False,True,True,False,0.01,0.07
2024-12-26,13:10:00,PNB,102.12,102.2,102.09,102.17,19871,102.1675,102.1138,102.00869999999999,102.28215,True,True,False,True,True,False,0.0,0.06
2024-12-26,13:09:00,PNB,102.12,102.13,102.07,102.08,661,102.1645,102.1166,102.01119999999999,102.2779,False,True,False,True,True,False,-0.08,-0.04
2024-12-26,13:08:00,PNB,102.14,102.14,102.06,102.07,4442,102.162,102.1186,102.0131,102.27345000000001,False,True,False,True,True,False,-0.09,-0.05
2024-12-26,13:07:00,PNB,102.11,102.14,102.1,102.14,956,102.1615,102.12219999999999,102.01540000000001,102.2694,True,True,False,True,True,False,-0.02,0.02
2024-12-26,13:06:00,PNB,102.17,102.17,102.09,102.11,10167,102.16149999999999,102.12380000000002,102.01639999999999,102.26520000000001,False,True,False,True,True,False,-0.05,-0.01
2024-12-26,13:05:00,PNB,102.15,102.18,102.15,102.18,5836,102.16499999999999,102.12639999999999,102.0184,102.2612,True,True,False,True,True,False,0.01,0.05
2024-12-26,13:04:00,PNB,102.2,102.2,102.15,102.16,8026,102.16650000000001,102.1292,102.021,102.2576,True,True,False,True,True,False,-0.01,0.03
2024-12-26,13:03:00,PNB,102.19,102.22,102.15,102.2,8047,102.16900000000001,102.13220000000001,102.02470000000001,102.2541,True,True,False,True,True,False,0.03,0.07
2024-12-26,13:02:00,PNB,102.15,102.23,102.12,102.18,18094,102.1685,102.1358,102.0288,102.25014999999999,True,True,False,True,True,False,0.01,0.04
2024-12-26,13:01:00,PNB,102.09,102.15,102.09,102.12,7590,102.16499999999999,102.139,102.0328,102.24600000000001,False,True,False,True,True,False,-0.04,-0.02
2024-12-26,13:00:00,PNB,102.1,102.11,102.06,102.09,3279,102.162,102.13939999999998,102.03649999999999,102.24215,False,True,False,True,True,False,-0.07,-0.05
2024-12-26,12:59:00,PNB,102.13,102.17,102.09,102.09,7324,102.16,102.13940000000001,102.0405,102.23830000000002,False,True,False,True,True,False,-0.07,-0.05
2024-12-26,12:58:00,PNB,102.1,102.14,102.1,102.1,2431,102.15700000000001,102.13900000000001,102.04450000000001,102.2343,False,True,False,True,True,False,-0.06,-0.04
2024-12-26,12:57:00,PNB,102.1,102.14,102.09,102.1,8104,102.1515,102.1374,102.0491,102.23015,False,True,False,True,True,False,-0.05,-0.04
2024-12-26,12:56:00,PNB,102.12,102.14,102.04,102.1,19959,102.1465,102.1362,102.05259999999998,102.22595000000001,False,True,False,True,True,False,-0.05,-0.04
2024-12-26,12:55:00,PNB,102.15,102.17,102.1,102.12,8265,102.1405,102.13539999999999,102.05590000000001,102.2219,False,True,False,True,True,False,-0.02,-0.02
2024-12-26,12:54:00,PNB,102.18,102.18,102.13,102.15,6001,102.136,102.13439999999999,102.05939999999998,102.21785,True,True,False,True,True,False,0.01,0.02
2024-12-26,12:53:00,PNB,102.11,102.18,102.1,102.15,13456,102.133,102.1334,102.06219999999999,102.21345,True,True,False,False,True,False,0.02,0.02
2024-12-26,12:52:00,PNB,102.18,102.18,102.12,102.12,3660,102.13050000000001,102.1328,102.06559999999999,102.20884999999998,False,True,False,False,True,False,-0.01,-0.01
2024-12-26,12:51:00,PNB,102.12,102.18,102.12,102.16,11855,102.12950000000001,102.135,102.0707,102.20445000000001,True,True,False,False,True,False,0.03,0.02
2024-12-26,12:50:00,PNB,102.1,102.14,102.09,102.12,23782,102.127,102.1356,102.0734,102.19965,False,True,False,False,True,False,-0.01,-0.02
2024-12-26,12:49:00,PNB,102.1,102.14,102.1,102.1,4494,102.128,102.138,102.0756,102.19465,False,True,False,False,True,False,-0.03,-0.04
2024-12-26,12:48:00,PNB,102.16,102.16,102.09,102.12,13869,102.13050000000001,102.1408,102.0784,102.18984999999999,False,True,False,False,True,False,-0.01,-0.02
2024-12-26,12:47:00,PNB,102.17,102.17,102.13,102.13,4438,102.13,102.1442,102.08089999999999,102.186,False,True,False,False,True,False,0.0,-0.01
2024-12-26,12:46:00,PNB,102.11,102.18,102.11,102.13,16477,102.131,102.14300000000001,102.08319999999999,102.1824,False,True,False,False,True,False,-0.0,-0.01
2024-12-26,12:45:00,PNB,102.08,102.13,102.06,102.13,5660,102.1285,102.14380000000001,102.0855,102.17900000000002,False,True,False,False,True,False,0.0,-0.01
2024-12-26,12:44:00,PNB,102.06,102.14,102.04,102.08,20870,102.1245,102.146,102.0866,102.1755,False,False,False,False,True,False,-0.04,-0.06
2024-12-26,12:43:00,PNB,102.0,102.05,102.0,102.05,8211,102.11699999999999,102.14419999999998,102.0871,102.17195,False,False,False,False,True,False,-0.07,-0.09
2024-12-26,12:42:00,PNB,102.01,102.04,101.99,102.0,8146,102.108,102.1402,102.08720000000001,102.16769999999998,False,False,False,False,True,False,-0.11,-0.14
2024-12-26,12:41:00,PNB,102.0,102.04,101.99,102.02,4920,102.103,102.1366,102.0877,102.1638,False,False,False,False,True,False,-0.08,-0.11
2024-12-26,12:40:00,PNB,101.98,102.04,101.97,101.99,35938,102.098,102.13279999999999,102.08810000000001,102.15985,False,False,False,False,True,False,-0.11,-0.14
2024-12-26,12:39:00,PNB,101.89,101.98,101.88,101.95,4253,102.091,102.12899999999999,102.08789999999999,102.15620000000001,False,False,False,False,True,False,-0.14,-0.18
2024-12-26,12:38:00,PNB,101.85,101.92,101.85,101.92,21684,102.082,102.125,102.08699999999999,102.1524,False,False,False,False,False,False,-0.16,-0.2
2024-12-26,12:37:00,PNB,101.85,101.88,101.83,101.85,9206,102.0695,102.119,102.0852,102.1482,False,False,False,False,False,False,-0.22,-0.26
2024-12-26,12:36:00,PNB,101.83,101.87,101.83,101.86,4342,102.05749999999999,102.11399999999999,102.08380000000001,102.14399999999999,False,False,False,False,False,False,-0.19,-0.25
2024-12-26,12:35:00,PNB,101.74,101.91,101.74,101.86,81883,102.0445,102.10900000000001,102.08239999999999,102.1401,False,False,False,False,False,False,-0.18,-0.24
2024-12-26,12:34:00,PNB,101.77,101.77,101.71,101.72,15819,102.023,102.10079999999999,102.08,102.13510000000001,False,False,False,False,False,False,-0.3,-0.37
2024-12-26,12:33:00,PNB,101.76,101.79,101.7,101.71,25255,102.001,102.09199999999998,102.07799999999999,102.1305,False,False,False,False,False,False,-0.29,-0.37
2024-12-26,12:32:00,PNB,101.79,101.79,101.76,101.77,14804,101.98349999999999,102.0836,102.0765,102.1258,False,False,False,False,False,False,-0.21,-0.31
2024-12-26,12:31:00,PNB,101.85,101.86,101.76,101.81,25069,101.966,102.07599999999998,102.074,102.12105000000001,False,False,False,False,False,False,-0.15,-0.26
2024-12-26,12:30:00,PNB,101.82,101.88,101.8,101.86,46348,101.953,102.0702,102.0724,102.11734999999999,False,False,False,False,False,False,-0.09,-0.21
2024-12-26,12:29:00,PNB,101.76,101.85,101.76,101.85,13691,101.9405,102.06459999999998,102.0708,102.11319999999999,False,False,False,False,False,False,-0.09,-0.21
2024-12-26,12:28:00,PNB,101.79,101.8,101.76,101.8,4317,101.9245,102.0574,102.0683,102.1092,False,False,False,False,False,False,-0.12,-0.25
2024-12-26,12:27:00,PNB,101.77,101.84,101.74,101.8,47124,101.908,102.0492,102.0658,102.10475000000001,False,False,False,False,False,False,-0.11,-0.24
2024-12-26,12:26:00,PNB,101.81,101.81,101.7,101.77,53501,101.89,102.0406,102.0635,102.09935,False,False,False,False,False,False,-0.12,-0.27
2024-12-26,12:25:00,PNB,101.84,101.87,101.8,101.8,22065,101.8735,102.0318,102.0616,102.09389999999999,False,False,False,False,False,False,-0.07,-0.23
2024-12-26,12:24:00,PNB,101.85,101.86,101.8,101.82,22661,101.86049999999999,102.0234,102.0598,102.08834999999999,False,False,False,False,False,False,-0.04,-0.2
2024-12-26,12:23:00,PNB,101.88,101.89,101.82,101.87,3802,101.8515,102.0166,102.05859999999998,102.0825,False,False,False,False,False,False,0.02,-0.14
2024-12-26,12:22:00,PNB,101.81,101.88,101.77,101.85,32306,101.844,102.01019999999998,102.0575,102.07629999999999,False,False,False,False,False,False,0.01,-0.16
2024-12-26,12:21:00,PNB,101.82,101.86,101.8,101.85,16834,101.8355,102.0036,102.0563,102.07095,False,False,False,False,False,False,0.01,-0.15
2024-12-26,12:20:00,PNB,101.85,101.86,101.77,101.82,38146,101.827,101.9966,102.0552,102.06465,False,False,False,False,False,False,-0.01,-0.17
2024-12-26,12:19:00,PNB,101.96,101.99,101.85,101.85,16753,101.82199999999999,101.992,102.0543,102.0584,False,False,False,False,False,False,0.03,-0.14
2024-12-26,12:18:00,PNB,102.02,102.05,101.96,101.96,258214,101.824,101.9898,102.0542,102.05305,False,False,False,False,False,False,0.13,-0.03
2024-12-26,12:17:00,PNB,102.04,102.07,102.0,102.0,8661,101.83149999999999,101.98700000000001,102.0546,102.04785,True,False,False,False,False,False,0.17,0.01
2024-12-26,12:16:00,PNB,102.06,102.07,102.0,102.0,25823,101.8385,101.98479999999999,102.05429999999998,102.04254999999999,True,False,False,False,False,False,0.16,0.01
2024-12-26,12:15:00,PNB,102.04,102.09,101.99,102.05,23906,101.84799999999998,101.9822,102.0543,102.0373,True,False,True,False,False,False,0.2,0.07
2024-12-26,12:14:00,PNB,102.0,102.05,101.99,102.0,13007,101.862,101.97900000000001,102.0541,102.03229999999999,True,False,False,False,False,False,0.14,0.02
2024-12-26,12:13:00,PNB,101.99,102.07,101.97,102.03,9264,101.878,101.9756,102.0539,102.02780000000001,True,False,True,False,False,False,0.15,0.05
2024-12-26,12:12:00,PNB,102.08,102.08,101.97,101.99,9824,101.889,101.9718,102.05380000000001,102.02305,True,False,False,False,False,False,0.1,0.02
2024-12-26,12:11:00,PNB,102.08,102.1,102.02,102.05,3418,101.901,101.97040000000001,102.0547,102.01844999999999,True,False,True,False,False,False,0.15,0.08
2024-12-26,12:10:00,PNB,102.12,102.12,101.94,102.08,66972,101.912,101.9702,102.0548,102.01495000000001,True,True,True,False,False,False,0.16,0.11
2024-12-26,12:09:00,PNB,102.12,102.13,102.01,102.09,96721,101.92399999999999,101.9702,102.0548,102.01514999999999,True,True,True,False,False,False,0.16,0.12
2024-12-26,12:08:00,PNB,102.15,102.17,102.11,102.11,3581,101.9395,101.97039999999998,102.05470000000001,102.01550000000002,True,True,True,False,False,False,0.17,0.14
2024-12-26,12:07:00,PNB,102.2,102.23,102.12,102.17,15008,101.958,101.9718,102.05460000000001,102.01574999999998,True,True,True,False,False,False,0.21,0.19
2024-12-26,12:06:00,PNB,102.2,102.23,102.15,102.18,23228,101.9785,101.9734,102.0548,102.0159,True,True,True,True,False,False,0.2,0.2
2024-12-26,12:05:00,PNB,102.25,102.26,102.16,102.17,80830,101.997,101.9744,102.0549,102.01575000000001,True,True,True,True,False,False,0.17,0.19
2024-12-26,12:04:00,PNB,102.26,102.26,102.25,102.26,18388,102.019,101.9766,102.0555,102.01655000000001,True,True,True,True,False,True,0.24,0.28
2024-12-26,12:03:00,PNB,102.27,102.27,102.25,102.26,40836,102.0385,101.97879999999999,102.0561,102.0169,True,True,True,True,False,True,0.22,0.28
2024-12-26,12:02:00,PNB,102.25,102.29,102.25,102.25,3115,102.05850000000001,101.9814,102.05709999999999,102.01715,True,True,True,True,True,True,0.19,0.26
2024-12-26,12:01:00,PNB,102.29,102.3,102.25,102.3,17424,102.08099999999999,101.9842,102.0596,102.0174,True,True,True,True,True,True,0.21,0.31
2024-12-26,12:00:00,PNB,102.21,102.31,102.21,102.31,11075,102.10549999999999,101.98800000000001,102.0618,102.01799999999999,True,True,True,True,True,True,0.2,0.32
2024-12-26,11:59:00,PNB,102.21,102.24,102.21,102.24,7488,102.125,101.9908,102.0644,102.01780000000001,True,True,True,True,True,True,0.11,0.24
2024-12-26,11:58:00,PNB,102.22,102.25,102.2,102.23,3050,102.1385,101.993,102.0669,102.01764999999999,True,True,True,True,True,True,0.09,0.23
2024-12-26,11:57:00,PNB,102.21,102.3,102.21,102.25,12415,102.151,101.99539999999999,102.0698,102.0175,True,True,True,True,True,True,0.1,0.25
2024-12-26,11:56:00,PNB,102.22,102.27,102.21,102.25,1876,102.1635,101.99779999999998,102.07039999999999,102.01715,True,True,True,True,True,True,0.08,0.25
2024-12-26,11:55:00,PNB,102.3,102.31,102.2,102.22,8016,102.172,101.99959999999999,102.0717,102.0166,True,True,True,True,True,True,0.05,0.22
2024-12-26,11:54:00,PNB,102.31,102.36,102.29,102.3,2656,102.187,102.00399999999999,102.075,102.0159,True,True,True,True,True,True,0.11,0.29
2024-12-26,11:53:00,PNB,102.42,102.42,102.17,102.3,216364,102.2005,102.00900000000001,102.0766,102.01574999999998,True,True,True,True,True,True,0.1,0.29
2024-12-26,11:52:00,PNB,102.27,102.41,102.27,102.37,47584,102.21950000000001,102.01640000000002,102.0783,102.01634999999999,True,True,True,True,True,True,0.15,0.35
2024-12-26,11:51:00,PNB,102.3,102.35,102.26,102.28,13827,102.23100000000001,102.02159999999999,102.07910000000001,102.01725,True,True,True,True,True,True,0.05,0.25
2024-12-26,11:50:00,PNB,102.38,102.39,102.3,102.3,14230,102.24199999999999,102.02780000000001,102.08030000000001,102.01809999999999,True,True,True,True,True,True,0.06,0.27
2024-12-26,11:49:00,PNB,102.38,102.4,102.33,102.35,19470,102.25500000000001,102.0358,102.08239999999999,102.01925,True,True,True,True,True,True,0.09,0.31
2024-12-26,11:48:00,PNB,102.4,102.43,102.35,102.38,184173,102.26849999999999,102.045,102.085,102.02125,True,True,True,True,True,True,0.11,0.33
2024-12-26,11:47:00,PNB,102.4,102.43,102.34,102.43,28840,102.28150000000001,102.0566,102.0878,102.02365,True,True,True,True,True,True,0.15,0.37
2024-12-26,11:46:00,PNB,102.34,102.4,102.34,102.4,10712,102.29249999999999,102.06739999999999,102.0907,102.02565,True,True,True,True,True,True,0.11,0.33
2024-12-26,11:45:00,PNB,102.33,102.39,102.32,102.34,14680,102.301,102.07699999999998,102.09299999999999,102.02745,True,True,True,True,True,True,0.04,0.26
2024-12-26,11:44:00,PNB,102.34,102.38,102.32,102.34,1483,102.30499999999999,102.08940000000001,102.0951,102.02915000000002,True,True,True,True,True,True,0.03,0.25
2024-12-26,11:43:00,PNB,102.33,102.39,102.31,102.39,5756,102.3115,102.10300000000001,102.0975,102.03125,True,True,True,True,True,True,0.08,0.28
2024-12-26,11:42:00,PNB,102.35,102.38,102.3,102.33,5455,102.3155,102.1142,102.0989,102.03315,True,True,True,True,True,True,0.01,0.21
2024-12-26,11:41:00,PNB,102.38,102.45,102.35,102.35,8692,102.31800000000001,102.125,102.1005,102.03545,True,True,True,True,True,True,0.03,0.22
2024-12-26,11:40:00,PNB,102.31,102.38,102.3,102.38,17163,102.3215,102.13539999999999,102.1028,102.03784999999999,True,True,True,True,True,True,0.06,0.24
2024-12-26,11:39:00,PNB,102.34,102.36,102.23,102.35,30125,102.327,102.14540000000001,102.105,102.04055,True,True,True,True,True,True,0.02,0.2
2024-12-26,11:38:00,PNB,102.35,102.36,102.32,102.34,8105,102.33250000000001,102.15620000000001,102.10679999999998,102.0432,True,True,True,True,True,True,0.01,0.18
2024-12-26,11:37:00,PNB,102.44,102.47,102.35,102.36,22042,102.338,102.1674,102.1083,102.04580000000001,True,True,True,True,True,True,0.02,0.19
2024-12-26,11:36:00,PNB,102.5,102.5,102.37,102.42,34205,102.3465,102.1804,102.11049999999999,102.04879999999999,True,True,True,True,True,True,0.07,0.23
2024-12-26,11:35:00,PNB,102.62,102.64,102.5,102.54,15885,102.3625,102.1952,102.1135,102.0523,True,True,True,True,True,True,0.17,0.34
2024-12-26,11:34:00,PNB,102.62,102.67,102.58,102.62,25321,102.3785,102.21119999999999,102.1173,102.0563,True,True,True,True,True,True,0.24,0.4
2024-12-26,11:33:00,PNB,102.58,102.63,102.52,102.59,35701,102.393,102.2256,102.12110000000001,102.0598,True,True,True,True,True,True,0.19,0.36
2024-12-26,11:32:00,PNB,102.39,102.62,102.39,102.6,132755,102.40450000000001,102.24060000000001,102.12540000000001,102.06369999999998,True,True,True,True,True,True,0.19,0.35
2024-12-26,11:31:00,PNB,102.36,102.39,102.34,102.38,5851,102.40950000000001,102.25119999999998,102.1274,102.06655,True,True,True,True,True,True,-0.03,0.13
2024-12-26,11:30:00,PNB,102.29,102.37,102.29,102.36,9186,102.4125,102.262,102.1293,102.069,True,True,True,True,True,True,-0.05,0.1
2024-12-26,11:29:00,PNB,102.25,102.3,102.25,102.26,3584,102.40799999999999,102.2702,102.1311,102.07115,False,True,True,True,True,True,-0.14,-0.01
2024-12-26,11:28:00,PNB,102.23,102.29,102.2,102.28,17120,102.40299999999999,102.2766,102.1332,102.07315,True,True,True,True,True,True,-0.12,0.0
2024-12-26,11:27:00,PNB,102.25,102.27,102.23,102.25,3448,102.39399999999999,102.2816,102.13429999999998,102.07485000000001,False,True,True,True,True,True,-0.14,-0.03
2024-12-26,11:26:00,PNB,102.25,102.29,102.25,102.25,7406,102.3865,102.28659999999999,102.1357,102.07605000000001,False,True,True,True,True,True,-0.13,-0.04
2024-12-26,11:25:00,PNB,102.28,102.29,102.23,102.28,7155,102.3835,102.29119999999999,102.1367,102.07754999999999,False,True,True,True,True,True,-0.1,-0.01
2024-12-26,11:24:00,PNB,102.23,102.3,102.22,102.29,9719,102.381,102.29699999999998,102.138,102.07950000000001,False,True,True,True,True,True,-0.09,-0.01
2024-12-26,11:23:00,PNB,102.21,102.23,102.2,102.22,9766,102.3725,102.3008,102.1382,102.08144999999999,False,True,True,True,True,True,-0.15,-0.08
2024-12-26,11:22:00,PNB,102.23,102.24,102.2,102.2,5355,102.366,102.305,102.1384,102.08359999999999,False,True,True,True,True,True,-0.16,-0.1
2024-12-26,11:21:00,PNB,102.17,102.2,102.15,102.2,45946,102.35849999999999,102.30799999999999,102.1392,102.086,False,True,True,True,True,True,-0.15,-0.11
2024-12-26,11:20:00,PNB,102.19,102.2,102.15,102.18,36652,102.3485,102.31,102.1401,102.0883,False,True,True,True,True,True,-0.16,-0.13
2024-12-26,11:19:00,PNB,102.23,102.24,102.2,102.2,5183,102.34100000000001,102.31219999999999,102.14120000000001,102.09085,False,True,True,True,True,True,-0.14,-0.11
2024-12-26,11:18:00,PNB,102.28,102.29,102.22,102.22,19461,102.33500000000001,102.3144,102.1424,102.09344999999999,False,True,True,True,True,True,-0.11,-0.09
2024-12-26,11:17:00,PNB,102.3,102.34,102.24,102.3,20193,102.33200000000001,102.31700000000001,102.14439999999999,102.09675000000001,False,True,True,True,True,True,-0.03,-0.02
2024-12-26,11:16:00,PNB,102.43,102.44,102.3,102.34,18592,102.328,102.3202,102.1468,102.09970000000001,True,True,True,True,True,True,0.01,0.02
2024-12-26,11:15:00,PNB,102.24,102.47,102.24,102.4,93602,102.321,102.3248,102.14959999999999,102.10275,True,True,True,False,True,True,0.08,0.07
2024-12-26,11:14:00,PNB,102.22,102.24,102.16,102.21,19886,102.3005,102.3238,102.1502,102.1048,False,True,True,False,True,True,-0.09,-0.11
2024-12-26,11:13:00,PNB,102.19,102.24,102.15,102.22,44458,102.28200000000001,102.32300000000001,102.15090000000001,102.10654999999998,False,True,True,False,True,True,-0.06,-0.1
2024-12-26,11:12:00,PNB,102.24,102.25,102.18,102.22,8114,102.263,102.3224,102.15190000000001,102.10875,False,True,True,False,True,True,-0.04,-0.1
2024-12-26,11:11:00,PNB,102.24,102.25,102.2,102.2,11871,102.25399999999999,102.3204,102.1523,102.11150000000002,False,True,True,False,True,True,-0.05,-0.12
2024-12-26,11:10:00,PNB,102.15,102.25,102.14,102.24,33360,102.248,102.319,102.15349999999998,102.11345,False,True,True,False,True,True,-0.01,-0.08
2024-12-26,11:09:00,PNB,102.1,102.15,102.05,102.15,18512,102.2425,102.3172,102.15400000000001,102.1148,False,False,True,False,True,True,-0.09,-0.16
2024-12-26,11:08:00,PNB,102.13,102.13,102.05,102.11,14043,102.23400000000001,102.31480000000002,102.1539,102.11615,False,False,False,False,True,True,-0.12,-0.2
2024-12-26,11:07:00,PNB,102.15,102.16,102.06,102.1,8157,102.22650000000002,102.3118,102.15360000000001,102.11725,False,False,False,False,True,True,-0.12,-0.21
2024-12-26,11:06:00,PNB,102.17,102.18,102.11,102.12,6171,102.22,102.3092,102.15350000000001,102.11834999999999,False,False,True,False,True,True,-0.1,-0.18
2024-12-26,11:05:00,PNB,102.2,102.2,102.09,102.16,24630,102.214,102.30799999999999,102.1538,102.11965000000001,False,True,True,False,True,True,-0.05,-0.14
2024-12-26,11:04:00,PNB,102.22,102.22,102.16,102.2,50950,102.2095,102.306,102.155,102.1208,False,True,True,False,True,True,-0.01,-0.1
2024-12-26,11:03:00,PNB,102.22,102.25,102.2,102.2,8416,102.20849999999999,102.304,102.1565,102.12180000000001,False,True,True,False,True,True,-0.01,-0.1
2024-12-26,11:02:00,PNB,102.2,102.25,102.16,102.25,15602,102.211,102.3016,102.15899999999999,102.1231,False,True,True,False,True,True,0.04,-0.05
2024-12-26,11:01:00,PNB,102.15,102.25,102.11,102.2,15769,102.211,102.3,102.16080000000002,102.12425000000002,False,True,True,False,True,True,-0.01,-0.1
2024-12-26,11:00:00,PNB,102.08,102.15,102.04,102.15,14264,102.2095,102.29699999999998,102.16239999999999,102.12525,False,False,True,False,True,True,-0.06,-0.14
2024-12-26,10:59:00,PNB,102.13,102.14,102.0,102.08,62633,102.20349999999999,102.29160000000002,102.1637,102.1258,False,False,False,False,True,True,-0.12,-0.21
2024-12-26,10:58:00,PNB,102.05,102.15,102.02,102.13,16041,102.199,102.28659999999999,102.1658,102.12640000000002,False,False,True,False,True,True,-0.07,-0.15
2024-12-26,10:57:00,PNB,102.04,102.06,101.99,102.05,12962,102.1865,102.279,102.1678,102.1265,False,False,False,False,True,True,-0.13,-0.22
2024-12-26,10:56:00,PNB,101.96,102.06,101.95,102.04,35249,102.17150000000001,102.2718,102.16959999999999,102.1267,False,False,False,False,True,True,-0.13,-0.23
2024-12-26,10:55:00,PNB,101.99,102.0,101.9,101.97,26110,102.15,102.26440000000001,102.1707,102.12655,False,False,False,False,False,True,-0.18,-0.29
2024-12-26,10:54:00,PNB,101.97,102.04,101.96,101.99,18419,102.139,102.2574,102.1734,102.1267,False,False,False,False,False,True,-0.15,-0.26
2024-12-26,10:53:00,PNB,101.94,102.0,101.92,102.0,33990,102.128,102.24959999999999,102.17630000000001,102.12715,False,False,False,False,False,True,-0.13,-0.24
2024-12-26,10:52:00,PNB,101.9,101.93,101.8,101.91,35928,102.1125,102.24119999999999,102.1777,102.12710000000001,False,False,False,False,False,False,-0.2,-0.32
2024-12-26,10:51:00,PNB,102.07,102.07,101.86,101.93,134666,102.099,102.23280000000001,102.17890000000001,102.12645,False,False,False,False,False,False,-0.17,-0.3
2024-12-26,10:50:00,PNB,102.07,102.1,102.01,102.01,28827,102.0875,102.22540000000001,102.18039999999999,102.12639999999999,False,False,False,False,False,False,-0.08,-0.21
2024-12-26,10:49:00,PNB,102.12,102.13,102.05,102.07,25868,102.0835,102.21979999999999,102.18260000000001,102.1267,False,False,False,False,False,False,-0.01,-0.15
2024-12-26,10:48:00,PNB,102.19,102.19,102.1,102.13,40557,102.0845,102.2156,102.1859,102.12709999999998,False,False,True,False,False,False,0.04,-0.08
2024-12-26,10:47:00,PNB,102.24,102.25,102.19,102.2,11593,102.0895,102.2124,102.18990000000002,102.12785,False,True,True,False,False,False,0.11,-0.01
2024-12-26,10:46:00,PNB,102.22,102.25,102.16,102.24,16462,102.0955,102.2088,102.19460000000001,102.12904999999999,True,True,True,False,False,False,0.14,0.03
2024-12-26,10:45:00,PNB,102.29,102.29,102.2,102.24,11066,102.0995,102.20280000000001,102.199,102.1303,True,True,True,False,False,False,0.14,0.04
2024-12-26,10:44:00,PNB,102.35,102.35,102.27,102.29,13651,102.104,102.1962,102.20369999999998,102.13175000000001,True,True,True,False,False,False,0.18,0.09
2024-12-26,10:43:00,PNB,102.36,102.38,102.3,102.35,10385,102.1115,102.19139999999999,102.2085,102.13355,True,True,True,False,False,False,0.23,0.16
2024-12-26,10:42:00,PNB,102.26,102.37,102.26,102.37,20640,102.1175,102.18679999999999,102.2137,102.1356,True,True,True,False,False,False,0.25,0.18
2024-12-26,10:41:00,PNB,102.25,102.3,102.23,102.26,17203,102.1205,102.18440000000001,102.21780000000001,102.13705,True,True,True,False,False,False,0.14,0.07
2024-12-26,10:40:00,PNB,102.2,102.27,102.19,102.25,58826,102.1255,102.1822,102.22210000000001,102.13865,True,True,True,False,False,False,0.12,0.07
2024-12-26,10:39:00,PNB,102.18,102.2,102.15,102.2,6412,102.1315,102.18099999999998,102.2256,102.13995000000001,True,False,True,False,False,False,0.07,0.02
2024-12-26,10:38:00,PNB,102.24,102.26,102.16,102.16,42333,102.133,102.1786,102.2276,102.1409,False,False,True,False,False,False,0.03,-0.02
2024-12-26,10:37:00,PNB,102.21,102.26,102.2,102.24,7101,102.1425,102.1784,102.23,102.14229999999999,True,True,True,False,False,True,0.1,0.06
2024-12-26,10:36:00,PNB,102.16,102.27,102.16,102.21,17464,102.151,102.1776,102.2321,102.1432,True,False,True,False,False,True,0.06,0.03
2024-12-26,10:35:00,PNB,102.18,102.24,102.15,102.21,19652,102.163,102.17620000000001,102.23369999999998,102.14400000000002,True,False,True,False,False,True,0.05,0.03
2024-12-26,10:34:00,PNB,102.23,102.24,102.16,102.18,8502,102.1725,102.17399999999999,102.23549999999999,102.14480000000002,True,False,True,False,False,True,0.01,0.01
2024-12-26,10:33:00,PNB,102.2,102.23,102.15,102.2,17124,102.18249999999999,102.17360000000001,102.23720000000002,102.14554999999999,True,False,True,True,False,True,0.02,0.03
2024-12-26,10:32:00,PNB,102.22,102.28,102.18,102.18,50993,102.196,102.1732,102.2391,102.14644999999999,True,False,True,True,False,True,-0.02,0.01
2024-12-26,10:31:00,PNB,102.22,102.22,102.15,102.2,19275,102.2095,102.1732,102.2406,102.14765,True,False,True,True,False,True,-0.01,0.03
2024-12-26,10:30:00,PNB,102.27,102.27,102.18,102.2,18564,102.21900000000001,102.17360000000001,102.2418,102.1483,True,False,True,True,False,True,-0.02,0.03
2024-12-26,10:29:00,PNB,102.3,102.35,102.25,102.28,14159,102.2295,102.1752,102.24369999999999,102.14925,True,True,True,True,False,True,0.05,0.1
2024-12-26,10:28:00,PNB,102.31,102.4,102.29,102.35,12564,102.2405,102.1778,102.24609999999998,102.1504,True,True,True,True,False,True,0.11,0.17
2024-12-26,10:27:00,PNB,102.3,102.38,102.29,102.32,14992,102.2465,102.1782,102.24759999999998,102.1511,True,True,True,True,False,True,0.07,0.14
2024-12-26,10:26:00,PNB,102.43,102.43,102.37,102.37,13238,102.253,102.1788,102.24950000000001,102.15215,True,True,True,True,True,True,0.11,0.19
2024-12-26,10:25:00,PNB,102.45,102.45,102.43,102.43,11121,102.2625,102.1794,102.25210000000001,102.15350000000001,True,True,True,True,True,True,0.16,0.25
2024-12-26,10:24:00,PNB,102.39,102.5,102.34,102.5,31818,102.273,102.18520000000001,102.25450000000001,102.155,True,True,True,True,True,True,0.22,0.31
2024-12-26,10:23:00,PNB,102.36,102.4,102.32,102.39,5482,102.275,102.1886,102.2558,102.15594999999999,True,True,True,True,True,True,0.11,0.2
2024-12-26,10:22:00,PNB,102.2,102.34,102.15,102.34,60210,102.2735,102.191,102.2567,102.15690000000001,True,True,True,True,True,True,0.07,0.15
2024-12-26,10:21:00,PNB,102.23,102.24,102.15,102.15,47475,102.268,102.19,102.25519999999999,102.1574,False,False,False,True,True,True,-0.12,-0.04
2024-12-26,10:20:00,PNB,102.28,102.28,102.22,102.23,47434,102.267,102.18979999999999,102.2544,102.15810000000002,True,False,True,True,True,True,-0.04,0.04
2024-12-26,10:19:00,PNB,102.36,102.41,102.27,102.27,65742,102.2705,102.19220000000001,102.2547,102.15955,True,True,True,True,True,True,-0.0,0.08
2024-12-26,10:18:00,PNB,102.48,102.48,102.35,102.35,62535,102.28,102.19699999999999,102.2559,102.1614,True,True,True,True,True,True,0.07,0.15
2024-12-26,10:17:00,PNB,102.38,102.49,102.37,102.49,8511,102.2925,102.20479999999999,102.2583,102.16405,True,True,True,True,True,True,0.19,0.28
2024-12-26,10:16:00,PNB,102.4,102.45,102.4,102.41,15335,102.3025,102.21060000000001,102.2599,102.16515000000001,True,True,True,True,True,True,0.11,0.2
2024-12-26,10:15:00,PNB,102.39,102.46,102.37,102.46,10509,102.315,102.21660000000001,102.2623,102.167,True,True,True,True,True,True,0.14,0.24
2024-12-26,10:14:00,PNB,102.37,102.42,102.35,102.36,19914,102.324,102.21979999999999,102.26289999999999,102.16895000000001,True,True,True,True,True,True,0.04,0.14
2024-12-26,10:13:00,PNB,102.4,102.43,102.35,102.4,34151,102.334,102.2238,102.2639,102.17025,True,True,True,True,True,True,0.06,0.17
2024-12-26,10:12:00,PNB,102.56,102.59,102.35,102.42,53746,102.346,102.2272,102.26440000000001,102.17135,True,True,True,True,True,True,0.07,0.19
2024-12-26,10:11:00,PNB,102.58,102.6,102.5,102.59,26151,102.3655,102.235,102.2675,102.1733,True,True,True,True,True,True,0.22,0.35
2024-12-26,10:10:00,PNB,102.53,102.53,102.43,102.52,20721,102.38149999999999,102.24240000000002,102.2697,102.175,True,True,True,True,True,True,0.14,0.27
2024-12-26,10:09:00,PNB,102.55,102.58,102.5,102.55,24265,102.395,102.25179999999999,102.2717,102.17705,True,True,True,True,True,True,0.15,0.29
2024-12-26,10:08:00,PNB,102.49,102.6,102.49,102.57,25052,102.40599999999999,102.26060000000001,102.2736,102.1793,True,True,True,True,True,True,0.16,0.3
2024-12-26,10:07:00,PNB,102.59,102.59,102.4,102.48,117405,102.41399999999999,102.2692,102.2741,102.18095,True,True,True,True,True,True,0.06,0.21
2024-12-26,10:06:00,PNB,102.7,102.74,102.61,102.63,19606,102.42699999999999,102.281,102.27640000000001,102.18355,True,True,True,True,True,True,0.2,0.34
2024-12-26,10:05:00,PNB,102.68,102.74,102.64,102.69,16503,102.43999999999998,102.29539999999999,102.2799,102.18645000000001,True,True,True,True,True,True,0.24,0.39
2024-12-26,10:04:00,PNB,102.67,102.82,102.67,102.69,91489,102.44949999999999,102.30940000000001,102.2834,102.18924999999999,True,True,True,True,True,True,0.23,0.37
2024-12-26,10:03:00,PNB,102.59,102.65,102.51,102.65,61470,102.4625,102.3224,102.286,102.19175,True,True,True,True,True,True,0.18,0.32
2024-12-26,10:02:00,PNB,102.58,102.6,102.49,102.58,33580,102.47449999999999,102.3358,102.2885,102.1937,True,True,True,True,True,True,0.1,0.24
2024-12-26,10:01:00,PNB,102.6,102.65,102.5,102.54,79714,102.494,102.348,102.2904,102.19545,True,True,True,True,True,True,0.04,0.19
2024-12-26,10:00:00,PNB,102.57,102.65,102.53,102.6,44544,102.5125,102.35979999999999,102.29260000000001,102.1977,True,True,True,True,True,True,0.09,0.23
2024-12-26,09:59:00,PNB,102.45,102.59,102.45,102.59,50264,102.52850000000001,102.37020000000001,102.295,102.2,True,True,True,True,True,True,0.06,0.21
2024-12-26,09:58:00,PNB,102.45,102.5,102.42,102.45,25801,102.5335,102.3766,102.29610000000001,102.20145000000001,True,True,True,True,True,True,-0.08,0.07
2024-12-26,09:57:00,PNB,102.46,102.5,102.43,102.45,9698,102.53150000000001,102.38159999999999,102.29700000000001,102.20264999999999,True,True,True,True,True,True,-0.08,0.07
2024-12-26,09:56:00,PNB,102.55,102.57,102.45,102.45,79163,102.5335,102.3858,102.29729999999999,102.20389999999999,True,True,True,True,True,True,-0.08,0.06
2024-12-26,09:55:00,PNB,102.56,102.57,102.51,102.56,14884,102.5385,102.39219999999999,102.2975,102.20550000000001,True,True,True,True,True,True,0.02,0.16
2024-12-26,09:54:00,PNB,102.57,102.57,102.54,102.57,69832,102.549,102.39779999999999,102.29700000000001,102.20715,True,True,True,True,True,True,0.02,0.17
2024-12-26,09:53:00,PNB,102.54,102.57,102.5,102.57,37802,102.5575,102.40220000000001,102.2968,102.20895,True,True,True,True,True,True,0.01,0.16
2024-12-26,09:52:00,PNB,102.54,102.56,102.51,102.54,34657,102.5635,102.4056,102.29619999999998,102.2108,True,True,True,True,True,True,-0.02,0.13
2024-12-26,09:51:00,PNB,102.55,102.57,102.53,102.54,9370,102.561,102.41120000000001,102.29780000000001,102.21259999999998,True,True,True,True,True,True,-0.02,0.13
2024-12-26,09:50:00,PNB,102.57,102.6,102.52,102.55,23808,102.5625,102.41720000000001,102.29969999999999,102.2145,True,True,True,True,True,True,-0.01,0.13
2024-12-26,09:49:00,PNB,102.55,102.59,102.51,102.57,75433,102.5635,102.42460000000001,102.30279999999999,102.21695,True,True,True,True,True,True,0.01,0.14
2024-12-26,09:48:00,PNB,102.57,102.6,102.55,102.55,20042,102.5625,102.4324,102.30550000000001,102.21934999999999,True,True,True,True,True,True,-0.01,0.11
2024-12-26,09:47:00,PNB,102.6,102.62,102.53,102.61,52317,102.569,102.43979999999999,102.30910000000002,102.2217,True,True,True,True,True,True,0.04,0.17
2024-12-26,09:46:00,PNB,102.62,102.66,102.55,102.59,39752,102.56700000000001,102.4474,102.3125,102.22409999999999,True,True,True,True,True,True,0.02,0.14
2024-12-26,09:45:00,PNB,102.57,102.73,102.55,102.65,63790,102.56500000000001,102.4562,102.31620000000001,102.22644999999999,True,True,True,True,True,True,0.08,0.19
2024-12-26,09:44:00,PNB,102.57,102.61,102.51,102.55,73033,102.55799999999999,102.4636,102.3188,102.22840000000001,True,True,True,True,True,True,-0.01,0.08
2024-12-26,09:43:00,PNB,102.77,102.79,102.56,102.57,130134,102.554,102.47099999999999,102.3223,102.23025000000001,True,True,True,True,True,True,0.02,0.1
2024-12-26,09:42:00,PNB,102.79,102.79,102.72,102.77,35823,102.5635,102.48280000000001,102.32799999999999,102.2332,True,True,True,True,True,True,0.2,0.28
2024-12-26,09:41:00,PNB,102.9,102.9,102.75,102.79,56529,102.576,102.4946,102.3339,102.23655,True,True,True,True,True,True,0.21,0.29
2024-12-26,09:40:00,PNB,102.9,102.93,102.85,102.9,24474,102.59100000000001,102.50859999999999,102.34110000000001,102.2406,True,True,True,True,True,True,0.3,0.38
2024-12-26,09:39:00,PNB,102.85,102.98,102.75,102.92,91711,102.6075,102.5214,102.3483,102.24474999999998,True,True,True,True,True,True,0.3,0.39
2024-12-26,09:38:00,PNB,102.73,102.85,102.71,102.85,43892,102.62750000000001,102.53139999999999,102.35459999999999,102.2485,True,True,True,True,True,True,0.22,0.31
2024-12-26,09:37:00,PNB,102.74,102.77,102.7,102.73,120822,102.6415,102.5396,102.3589,102.25165000000001,True,True,True,True,True,True,0.09,0.19
2024-12-26,09:36:00,PNB,102.86,102.87,102.71,102.75,99038,102.65650000000001,102.54719999999999,102.36300000000001,102.25489999999999,True,True,True,True,True,True,0.09,0.2
2024-12-26,09:35:00,PNB,103.05,103.08,102.8,102.83,174733,102.67,102.55519999999999,102.36730000000001,102.25845,True,True,True,True,True,True,0.16,0.27
2024-12-26,09:34:00,PNB,103.07,103.1,103.01,103.06,53562,102.69450000000002,102.56639999999999,102.3758,102.26299999999999,True,True,True,True,True,True,0.36,0.48
2024-12-26,09:33:00,PNB,103.11,103.17,103.05,103.12,55978,102.72200000000001,102.581,102.38480000000001,102.26785,True,True,True,True,True,True,0.39,0.53
2024-12-26,09:32:00,PNB,103.22,103.25,103.11,103.13,103419,102.7515,102.5968,102.39389999999999,102.2729,True,True,True,True,True,True,0.37,0.52
2024-12-26,09:31:00,PNB,103.18,103.25,103.15,103.22,155650,102.7855,102.6182,102.4041,102.2782,True,True,True,True,True,True,0.42,0.59
2024-12-26,09:30:00,PNB,103.14,103.29,103.11,103.22,158238,102.819,102.63799999999999,102.41390000000001,102.2837,True,True,True,True,True,True,0.39,0.57
2024-12-26,09:29:00,PNB,103.1,103.15,103.0,103.11,163984,102.846,102.6548,102.42349999999999,102.28875,True,True,True,True,True,True,0.26,0.44
2024-12-26,09:28:00,PNB,102.98,103.16,102.96,103.1,231058,102.87349999999999,102.6698,102.4334,102.29365000000001,True,True,True,True,True,True,0.22,0.42
2024-12-26,09:27:00,PNB,102.7,103.0,102.64,102.95,133111,102.8905,102.67900000000002,102.4419,102.29775,True,True,True,True,True,True,0.06,0.26
2024-12-26,09:26:00,PNB,102.68,102.82,102.64,102.68,85458,102.89500000000001,102.68439999999998,102.4475,102.3005,False,True,True,True,True,True,-0.21,-0.0
2024-12-26,09:25:00,PNB,102.63,102.73,102.63,102.67,33602,102.896,102.6886,102.4526,102.3032,False,True,True,True,True,True,-0.22,-0.02
2024-12-26,09:24:00,PNB,102.65,102.73,102.61,102.69,68910,102.90299999999999,102.6952,102.4575,102.30625,False,True,True,True,True,True,-0.21,-0.01
2024-12-26,09:23:00,PNB,102.64,102.73,102.61,102.65,29828,102.907,102.70020000000001,102.462,102.30925,False,True,True,True,True,True,-0.25,-0.05
2024-12-26,09:22:00,PNB,102.73,102.8,102.6,102.61,62070,102.899,102.704,102.4656,102.31230000000001,False,True,True,True,True,True,-0.28,-0.09
2024-12-26,09:21:00,PNB,102.7,102.75,102.61,102.75,93977,102.897,102.7072,102.47109999999999,102.31595000000002,True,True,True,True,True,True,-0.14,0.04
2024-12-26,09:20:00,PNB,102.82,102.85,102.7,102.7,73218,102.88700000000001,102.7108,102.4766,102.31949999999999,False,True,True,True,True,True,-0.18,-0.01
2024-12-26,09:19:00,PNB,102.73,102.85,102.7,102.79,93229,102.88050000000001,102.71560000000001,102.48369999999998,102.32369999999999,True,True,True,True,True,True,-0.09,0.07
2024-12-26,09:18:00,PNB,102.78,102.8,102.68,102.73,49103,102.87450000000001,102.71879999999999,102.48970000000001,102.32775,True,True,True,True,True,True,-0.14,0.01
2024-12-26,09:17:00,PNB,102.55,102.8,102.46,102.74,88133,102.875,102.72399999999999,102.4966,102.33220000000001,True,True,True,True,True,True,-0.13,0.02
2024-12-26,09:16:00,PNB,102.67,102.67,102.42,102.45,72400,102.86000000000001,102.72040000000001,102.5007,102.33515000000001,False,False,True,True,True,True,-0.4,-0.26
2024-12-26,09:15:00,PNB,101.7,102.93,101.69,102.67,282121,102.852,102.72,102.5077,102.3392,False,True,True,True,True,True,-0.18,-0.05
2024-12-24,15:29:00,PNB,101.65,101.85,101.61,101.61,37991,102.77950000000001,102.6984,102.50389999999999,102.33865,False,False,False,True,True,True,-1.14,-1.06
2024-12-24,15:28:00,PNB,101.76,101.76,101.62,101.65,57160,102.70600000000002,102.6784,102.50039999999998,102.33835,False,False,False,True,True,True,-1.03,-1.0
2024-12-24,15:27:00,PNB,101.76,101.8,101.71,101.77,52509,102.638,102.66220000000001,102.499,102.33834999999999,False,False,False,False,True,True,-0.85,-0.87
2024-12-24,15:26:00,PNB,101.82,101.83,101.74,101.76,49740,102.56500000000001,102.64660000000002,102.4973,102.3381,False,False,False,False,True,True,-0.78,-0.86
2024-12-24,15:25:00,PNB,101.75,101.83,101.75,101.82,56807,102.495,102.631,102.4954,102.3379,False,False,False,False,False,True,-0.66,-0.79
2024-12-24,15:24:00,PNB,101.75,101.84,101.74,101.77,81517,102.428,102.6146,102.4924,102.3375,False,False,False,False,False,True,-0.64,-0.82
2024-12-24,15:23:00,PNB,101.79,101.84,101.74,101.75,64259,102.3605,102.6006,102.4886,102.33725,False,False,False,False,False,True,-0.6,-0.83
2024-12-24,15:22:00,PNB,101.74,101.85,101.74,101.79,59227,102.30250000000001,102.5874,102.48449999999998,102.33720000000001,False,False,False,False,False,False,-0.5,-0.78
2024-12-24,15:21:00,PNB,101.69,101.79,101.67,101.74,74228,102.25550000000001,102.57320000000001,102.47949999999999,102.33705,False,False,False,False,False,False,-0.5,-0.81
2024-12-24,15:20:00,PNB,101.73,101.83,101.67,101.68,201339,102.20599999999999,102.5556,102.4739,102.33645,False,False,False,False,False,False,-0.51,-0.85
2024-12-24,15:19:00,PNB,101.69,101.75,101.65,101.72,119637,102.1575,102.5386,102.46820000000001,102.33595000000001,False,False,False,False,False,False,-0.43,-0.8
2024-12-24,15:18:00,PNB,101.64,101.7,101.6,101.69,120132,102.1095,102.52099999999999,102.4616,102.33505,False,False,False,False,False,False,-0.41,-0.81
2024-12-24,15:17:00,PNB,101.56,101.69,101.55,101.61,69838,102.05949999999999,102.5024,102.454,102.33385,False,False,False,False,False,False,-0.44,-0.87
2024-12-24,15:16:00,PNB,101.56,101.62,101.52,101.55,84610,101.9995,102.4826,102.44689999999999,102.33235,False,False,False,False,False,False,-0.44,-0.91
2024-12-24,15:15:00,PNB,101.54,101.58,101.5,101.58,77896,101.9435,102.4632,102.44019999999999,102.33115,False,False,False,False,False,False,-0.36,-0.86
2024-12-24,15:14:00,PNB,101.5,101.56,101.49,101.54,72915,101.881,102.4426,102.43360000000001,102.32959999999999,False,False,False,False,False,False,-0.33,-0.88
2024-12-24,15:13:00,PNB,101.5,101.56,101.48,101.5,60299,101.81949999999999,102.4216,102.427,102.3273,False,False,False,False,False,False,-0.31,-0.9
2024-12-24,15:12:00,PNB,101.54,101.59,101.48,101.49,99280,101.757,102.39920000000001,102.41950000000001,102.32475000000001,False,False,False,False,False,False,-0.26,-0.89
2024-12-24,15:11:00,PNB,101.63,101.64,101.54,101.55,88530,101.712,102.3784,102.4129,102.3225,False,False,False,False,False,False,-0.16,-0.81
2024-12-24,15:10:00,PNB,101.62,101.69,101.57,101.62,114103,101.65950000000001,102.35780000000001,102.40700000000001,102.32035,False,False,False,False,False,False,-0.04,-0.72
2024-12-24,15:09:00,PNB,101.59,101.69,101.55,101.61,149101,101.65950000000001,102.339,102.4013,102.3184,False,False,False,False,False,False,-0.05,-0.71
2024-12-24,15:08:00,PNB,101.61,101.64,101.55,101.56,135746,101.655,102.31880000000001,102.39489999999999,102.31604999999999,False,False,False,False,False,False,-0.09,-0.74
2024-12-24,15:07:00,PNB,101.56,101.63,101.5,101.59,122663,101.646,102.29520000000001,102.389,102.31405000000001,False,False,False,False,False,False,-0.06,-0.69
2024-12-24,15:06:00,PNB,101.56,101.6,101.47,101.53,141609,101.6345,102.27,102.3823,102.31145000000001,False,False,False,False,False,False,-0.1,-0.72
2024-12-24,15:05:00,PNB,101.56,101.65,101.55,101.57,144783,101.622,102.24340000000001,102.376,102.3089,False,False,False,False,False,False,-0.05,-0.66
2024-12-24,15:04:00,PNB,101.62,101.67,101.54,101.56,119757,101.6115,102.21620000000001,102.36880000000001,102.30625,False,False,False,False,False,False,-0.05,-0.64
2024-12-24,15:03:00,PNB,101.6,101.68,101.55,101.62,115928,101.605,102.1916,102.36149999999999,102.3038,False,False,False,False,False,False,0.01,-0.56
2024-12-24,15:02:00,PNB,101.6,101.69,101.57,101.6,196772,101.59549999999999,102.16900000000001,102.35430000000001,102.30095000000001,False,False,False,False,False,False,0.0,-0.56
2024-12-24,15:01:00,PNB,101.69,101.75,101.59,101.59,132820,101.588,102.1458,102.34649999999999,102.29800000000002,False,False,False,False,False,False,0.0,-0.54
2024-12-24,15:00:00,PNB,101.67,101.8,101.66,101.69,135017,101.5885,102.123,102.3391,102.2956,False,False,False,False,False,False,0.1,-0.42
2024-12-24,14:59:00,PNB,101.7,101.74,101.65,101.72,35908,101.5885,102.09620000000001,102.3313,102.2929,False,False,False,False,False,False,0.13,-0.37
2024-12-24,14:58:00,PNB,101.7,101.73,101.62,101.7,72113,101.589,102.0678,102.32440000000001,102.29009999999998,False,False,False,False,False,False,0.11,-0.36
2024-12-24,14:57:00,PNB,101.67,101.69,101.63,101.69,57028,101.593,102.039,102.31790000000001,102.2873,False,False,False,False,False,False,0.1,-0.34
2024-12-24,14:56:00,PNB,101.73,101.8,101.67,101.67,140308,101.599,102.008,102.31310000000002,102.28415,False,False,False,False,False,False,0.07,-0.33
2024-12-24,14:55:00,PNB,101.47,101.79,101.46,101.73,102205,101.60650000000001,101.97820000000002,102.3081,102.28125,False,False,False,False,False,False,0.12,-0.24
2024-12-24,14:54:00,PNB,101.3,101.6,101.3,101.48,264002,101.6035,101.9456,102.3002,102.27745,False,False,False,False,False,False,-0.12,-0.46
2024-12-24,14:53:00,PNB,101.3,101.38,101.29,101.34,40649,101.5955,101.91040000000001,102.2901,102.273,False,False,False,False,False,False,-0.25,-0.56
2024-12-24,14:52:00,PNB,101.14,101.42,101.11,101.3,232721,101.586,101.8774,102.2782,102.26825000000001,False,False,False,False,False,False,-0.28,-0.57
2024-12-24,14:51:00,PNB,101.17,101.22,101.12,101.15,109681,101.566,101.8468,102.2656,102.26275,False,False,False,False,False,False,-0.41,-0.68
2024-12-24,14:50:00,PNB,101.16,101.21,101.15,101.18,30383,101.544,101.81700000000001,102.2528,102.25755,False,False,False,False,False,False,-0.36,-0.63
2024-12-24,14:49:00,PNB,101.21,101.24,101.15,101.19,32468,101.523,101.78699999999999,102.2411,102.25200000000001,False,False,False,False,False,False,-0.33,-0.59
2024-12-24,14:48:00,PNB,101.23,101.24,101.19,101.23,28009,101.5065,101.7586,102.22939999999998,102.24665,False,False,False,False,False,False,-0.27,-0.52
2024-12-24,14:47:00,PNB,101.2,101.24,101.18,101.24,10815,101.489,101.7312,102.21759999999999,102.241,False,False,False,False,False,False,-0.25,-0.48
2024-12-24,14:46:00,PNB,101.2,101.24,101.18,101.21,10891,101.473,101.7004,102.20379999999999,102.23564999999999,False,False,False,False,False,False,-0.26,-0.48
2024-12-24,14:45:00,PNB,101.27,101.29,101.18,101.24,34729,101.4565,101.67119999999998,102.191,102.23035,False,False,False,False,False,False,-0.21,-0.42
2024-12-24,14:44:00,PNB,101.25,101.3,101.21,101.26,31426,101.4415,101.64059999999999,102.1781,102.22489999999999,False,False,False,False,False,False,-0.18,-0.37
2024-12-24,14:43:00,PNB,101.25,101.29,101.2,101.25,22589,101.423,101.611,102.1649,102.21924999999999,False,False,False,False,False,False,-0.17,-0.36
2024-12-24,14:42:00,PNB,101.24,101.25,101.2,101.25,16140,101.4055,101.58120000000001,102.1526,102.21334999999999,False,False,False,False,False,False,-0.15,-0.33
2024-12-24,14:41:00,PNB,101.21,101.25,101.18,101.25,14283,101.3885,101.5572,102.13879999999999,102.20759999999999,False,False,False,False,False,False,-0.14,-0.3
2024-12-24,14:40:00,PNB,101.19,101.24,101.16,101.23,18189,101.36550000000001,101.5284,102.1242,102.20205,False,False,False,False,False,False,-0.13,-0.29
2024-12-24,14:39:00,PNB,101.14,101.22,101.14,101.21,10412,101.34,101.5204,102.10940000000001,102.1964,False,False,False,False,False,False,-0.13,-0.31
2024-12-24,14:38:00,PNB,101.16,101.2,101.13,101.14,11614,101.312,101.5102,102.0943,102.19014999999999,False,False,False,False,False,False,-0.17,-0.36
2024-12-24,14:37:00,PNB,101.16,101.2,101.14,101.16,10530,101.2855,101.49799999999999,102.0801,102.18430000000001,False,False,False,False,False,False,-0.12,-0.33
2024-12-24,14:36:00,PNB,101.09,101.17,101.09,101.16,23368,101.25999999999999,101.48599999999999,102.0663,102.17835,False,False,False,False,False,False,-0.1,-0.32
2024-12-24,14:35:00,PNB,101.07,101.1,101.06,101.08,9207,101.22749999999999,101.4712,102.05109999999999,102.17185,False,False,False,False,False,False,-0.15,-0.39
2024-12-24,14:34:00,PNB,101.09,101.1,101.05,101.09,7838,101.208,101.4576,102.0361,102.16555,False,False,False,False,False,False,-0.12,-0.36
2024-12-24,14:33:00,PNB,101.13,101.13,101.03,101.09,28923,101.1955,101.4444,102.0225,102.1593,False,False,False,False,False,False,-0.1,-0.35
2024-12-24,14:32:00,PNB,101.2,101.2,101.1,101.1,48071,101.1855,101.43060000000001,102.009,102.15299999999999,False,False,False,False,False,False,-0.08,-0.33
2024-12-24,14:31:00,PNB,101.19,101.2,101.19,101.19,9342,101.1875,101.41959999999999,101.99640000000001,102.14685,False,False,False,False,False,False,0.0,-0.23
2024-12-24,14:30:00,PNB,101.23,101.23,101.19,101.19,38818,101.188,101.40980000000002,101.98269999999998,102.1401,False,False,False,False,False,False,0.0,-0.22
2024-12-24,14:29:00,PNB,101.22,101.25,101.2,101.22,15728,101.1895,101.3998,101.9692,102.1331,False,False,False,False,False,False,0.03,-0.18
2024-12-24,14:28:00,PNB,101.17,101.24,101.15,101.21,8896,101.1885,101.3902,101.95559999999999,102.12620000000001,False,False,False,False,False,False,0.02,-0.18
2024-12-24,14:27:00,PNB,101.24,101.24,101.15,101.15,27016,101.184,101.381,101.9417,102.11895,False,False,False,False,False,False,-0.03,-0.23
2024-12-24,14:26:00,PNB,101.29,101.3,101.22,101.24,7994,101.1855,101.3748,101.92869999999999,102.11325000000001,False,False,False,False,False,False,0.05,-0.13
2024-12-24,14:25:00,PNB,101.33,101.33,101.22,101.28,27622,101.1875,101.3688,101.916,102.10785,False,False,False,False,False,False,0.09,-0.09
2024-12-24,14:24:00,PNB,101.34,101.34,101.24,101.28,24059,101.1885,101.36359999999999,101.90310000000001,102.10295,False,False,False,False,False,False,0.09,-0.08
2024-12-24,14:23:00,PNB,101.36,101.36,101.28,101.32,56378,101.192,101.36,101.8908,102.09814999999999,False,False,False,False,False,False,0.13,-0.04
2024-12-24,14:22:00,PNB,101.39,101.4,101.3,101.31,38712,101.195,101.3564,101.8778,102.09344999999999,False,False,False,False,False,False,0.11,-0.05
2024-12-24,14:21:00,PNB,101.29,101.4,101.29,101.39,55035,101.202,101.3532,101.8658,102.08914999999999,True,False,False,False,False,False,0.19,0.04
2024-12-24,14:20:00,PNB,101.33,101.37,101.29,101.33,42213,101.207,101.3474,101.8526,102.0844,False,False,False,False,False,False,0.12,-0.02
2024-12-24,14:19:00,PNB,101.33,101.34,101.27,101.32,54508,101.21249999999999,101.3416,101.84030000000001,102.07955,False,False,False,False,False,False,0.11,-0.02
2024-12-24,14:18:00,PNB,101.25,101.35,101.25,101.33,64895,101.22200000000001,101.33699999999999,101.82790000000001,102.0751,False,False,False,False,False,False,0.11,-0.01
2024-12-24,14:17:00,PNB,101.23,101.3,101.14,101.25,87112,101.2265,101.33019999999999,101.8127,102.07035,False,False,False,False,False,False,0.02,-0.08
2024-12-24,14:16:00,PNB,101.24,101.29,101.19,101.24,27417,101.2305,101.32440000000001,101.79720000000002,102.06555,False,False,False,False,False,False,0.01,-0.08
2024-12-24,14:15:00,PNB,101.33,101.33,101.16,101.26,35549,101.23949999999999,101.31819999999999,101.7808,102.06094999999999,False,False,False,False,False,False,0.02,-0.06
2024-12-24,14:14:00,PNB,101.29,101.36,101.25,101.29,56066,101.2495,101.31279999999998,101.76449999999998,102.0564,False,False,False,False,False,False,0.04,-0.02
2024-12-24,14:13:00,PNB,101.23,101.3,101.2,101.25,80568,101.25750000000001,101.30539999999999,101.7485,102.05155,False,False,False,False,False,False,-0.01,-0.05
2024-12-24,14:12:00,PNB,101.2,101.25,101.19,101.23,12948,101.264,101.29799999999999,101.73349999999999,102.04619999999998,False,False,False,False,False,False,-0.03,-0.07
2024-12-24,14:11:00,PNB,101.18,101.25,101.12,101.21,61707,101.265,101.2904,101.71809999999999,102.04054999999998,False,False,False,False,False,False,-0.05,-0.08
2024-12-24,14:10:00,PNB,101.19,101.24,101.15,101.23,42256,101.26700000000001,101.28119999999998,101.70209999999999,102.03470000000002,False,False,False,False,False,False,-0.04,-0.05
2024-12-24,14:09:00,PNB,101.14,101.19,101.1,101.19,34586,101.2655,101.2706,101.6834,102.02960000000002,False,False,False,False,False,False,-0.07,-0.08
2024-12-24,14:08:00,PNB,101.15,101.2,101.11,101.12,30956,101.261,101.259,101.66339999999998,102.0241,False,False,False,True,False,False,-0.14,-0.14
2024-12-24,14:07:00,PNB,101.15,101.15,101.11,101.15,10461,101.261,101.2482,101.6436,102.01875,False,False,False,True,False,False,-0.11,-0.1
2024-12-24,14:06:00,PNB,101.14,101.16,101.12,101.15,9877,101.25649999999999,101.23780000000001,101.62290000000002,102.01349999999998,False,False,False,True,False,False,-0.11,-0.09
2024-12-24,14:05:00,PNB,101.16,101.18,101.05,101.15,55708,101.25,101.22619999999999,101.6022,102.00805,False,False,False,True,False,False,-0.1,-0.08
2024-12-24,14:04:00,PNB,101.16,101.18,101.11,101.16,13823,101.244,101.21979999999999,101.5827,102.00309999999999,False,False,False,True,False,False,-0.08,-0.06
2024-12-24,14:03:00,PNB,101.19,101.19,101.13,101.16,18921,101.236,101.21619999999999,101.5633,101.99834999999999,False,False,False,True,False,False,-0.08,-0.06
2024-12-24,14:02:00,PNB,101.18,101.2,101.15,101.2,9145,101.2305,101.2142,101.5458,101.99385000000001,False,False,False,True,False,False,-0.03,-0.01
2024-12-24,14:01:00,PNB,101.18,101.22,101.1,101.15,21608,101.21849999999999,101.2142,101.53049999999999,101.98900000000002,False,False,False,True,False,False,-0.07,-0.06
2024-12-24,14:00:00,PNB,101.27,101.28,101.12,101.16,32569,101.21000000000001,101.21379999999999,101.51539999999999,101.98400000000001,False,False,False,False,False,False,-0.05,-0.05
2024-12-24,13:59:00,PNB,101.18,101.29,101.14,101.29,21401,101.2085,101.2158,101.50140000000002,101.97945,True,False,False,False,False,False,0.08,0.07
2024-12-24,13:58:00,PNB,101.29,101.29,101.14,101.18,36729,101.201,101.2148,101.48669999999998,101.97435,False,False,False,False,False,False,-0.02,-0.03
2024-12-24,13:57:00,PNB,101.41,101.41,101.28,101.28,52511,101.2025,101.2156,101.4734,101.96950000000001,True,False,False,False,False,False,0.08,0.06
2024-12-24,13:56:00,PNB,101.46,101.46,101.36,101.38,23668,101.2095,101.219,101.45970000000001,101.96539999999999,True,False,False,False,False,False,0.17,0.16
2024-12-24,13:55:00,PNB,101.45,101.5,101.45,101.46,23642,101.2195,101.2234,101.4473,101.96195000000002,True,True,False,False,False,False,0.24,0.23
2024-12-24,13:54:00,PNB,101.45,101.48,101.4,101.47,27310,101.2285,101.2276,101.4341,101.9589,True,True,False,True,False,False,0.24,0.24
2024-12-24,13:53:00,PNB,101.49,101.5,101.43,101.46,31408,101.239,101.2318,101.42139999999999,101.95554999999999,True,True,False,True,False,False,0.22,0.23
2024-12-24,13:52:00,PNB,101.44,101.49,101.41,101.49,55137,101.252,101.2366,101.40889999999999,101.95275,True,True,False,True,False,False,0.24,0.25
2024-12-24,13:51:00,PNB,101.45,101.47,101.37,101.44,68985,101.2635,101.2404,101.39880000000001,101.94974999999998,True,True,False,True,False,False,0.17,0.2
2024-12-24,13:50:00,PNB,101.47,101.5,101.45,101.46,58777,101.275,101.245,101.3867,101.94720000000001,True,True,False,True,False,False,0.18,0.21
2024-12-24,13:49:00,PNB,101.4,101.47,101.34,101.47,95024,101.28900000000002,101.2502,101.3853,101.9446,True,True,False,True,False,False,0.18,0.22
2024-12-24,13:48:00,PNB,101.35,101.4,101.32,101.4,52935,101.303,101.25540000000001,101.3828,101.9416,True,True,False,True,False,False,0.1,0.14
2024-12-24,13:47:00,PNB,101.3,101.38,101.3,101.35,49319,101.31299999999999,101.2592,101.3786,101.93879999999999,True,False,False,True,False,False,0.04,0.09
2024-12-24,13:46:00,PNB,101.24,101.3,101.24,101.29,31398,101.32000000000001,101.26180000000001,101.37389999999999,101.9356,True,False,False,True,False,False,-0.03,0.03
2024-12-24,13:45:00,PNB,101.13,101.25,101.12,101.24,64543,101.3245,101.265,101.3681,101.93175000000001,False,False,False,True,False,False,-0.08,-0.02
2024-12-24,13:44:00,PNB,101.13,101.15,101.09,101.12,24456,101.3225,101.2656,101.3616,101.927,False,False,False,True,False,False,-0.2,-0.14
2024-12-24,13:43:00,PNB,101.04,101.15,101.04,101.13,43376,101.321,101.26639999999999,101.35539999999999,101.92200000000001,False,False,False,True,False,False,-0.19,-0.13
2024-12-24,13:42:00,PNB,101.08,101.08,101.04,101.04,13329,101.313,101.2652,101.34790000000001,101.91619999999999,False,False,False,True,False,False,-0.27,-0.22
2024-12-24,13:41:00,PNB,101.1,101.1,101.05,101.08,22846,101.3095,101.263,101.3413,101.91040000000001,False,False,False,True,False,False,-0.23,-0.18
2024-12-24,13:40:00,PNB,101.18,101.19,101.1,101.11,58345,101.307,101.2614,101.3356,101.90475,False,False,False,True,False,False,-0.19,-0.15
2024-12-24,13:39:00,PNB,101.23,101.23,101.16,101.17,2927,101.301,101.2604,101.33009999999999,101.89914999999999,False,False,False,True,False,False,-0.13,-0.09
2024-12-24,13:38:00,PNB,101.19,101.23,101.16,101.23,13361,101.3035,101.2608,101.3255,101.89354999999999,False,False,False,True,False,False,-0.07,-0.03
2024-12-24,13:37:00,PNB,101.16,101.2,101.15,101.16,14312,101.2975,101.26099999999998,101.321,101.8875,False,False,False,True,False,False,-0.14,-0.1
2024-12-24,13:36:00,PNB,101.19,101.19,101.16,101.19,7699,101.288,101.26,101.31739999999999,101.88215,False,False,False,True,False,False,-0.1,-0.07
2024-12-24,13:35:00,PNB,101.19,101.2,101.17,101.19,6910,101.2745,101.2582,101.3135,101.87684999999999,False,False,False,True,False,False,-0.08,-0.07
2024-12-24,13:34:00,PNB,101.15,101.19,101.15,101.17,1251,101.2595,101.256,101.3098,101.8717,False,False,False,True,False,False,-0.09,-0.08
2024-12-24,13:33:00,PNB,101.21,101.21,101.15,101.17,11882,101.245,101.25299999999999,101.3065,101.86675,False,False,False,False,False,False,-0.07,-0.08
2024-12-24,13:32:00,PNB,101.2,101.23,101.17,101.17,5887,101.229,101.2502,101.3033,101.86140000000002,False,False,False,False,False,False,-0.06,-0.08
2024-12-24,13:31:00,PNB,101.22,101.26,101.2,101.23,5379,101.21849999999999,101.24700000000001,101.3001,101.85650000000001,False,False,False,False,False,False,0.01,-0.02
2024-12-24,13:30:00,PNB,101.22,101.27,101.19,101.25,68817,101.208,101.2454,101.29639999999999,101.8517,True,False,False,False,False,False,0.04,0.0
2024-12-24,13:29:00,PNB,101.18,101.22,101.16,101.22,13563,101.19550000000001,101.24340000000001,101.2925,101.84689999999999,False,False,False,False,False,False,0.02,-0.02
2024-12-24,13:28:00,PNB,101.21,101.21,101.15,101.18,14290,101.1845,101.24040000000001,101.28869999999999,101.8418,False,False,False,False,False,False,-0.0,-0.06
2024-12-24,13:27:00,PNB,101.21,101.27,101.21,101.21,1340,101.17750000000001,101.23960000000001,101.2849,101.83695,False,False,False,False,False,False,0.03,-0.03
2024-12-24,13:26:00,PNB,101.23,101.26,101.2,101.26,8785,101.176,101.24,101.28220000000002,101.83225,True,False,False,False,False,False,0.08,0.02
2024-12-24,13:25:00,PNB,101.26,101.32,101.24,101.27,9970,101.1775,101.2402,101.2792,101.8276,True,False,False,False,False,False,0.09,0.03
2024-12-24,13:24:00,PNB,101.31,101.32,101.25,101.28,8012,101.1855,101.24,101.2764,101.82260000000001,True,True,False,False,False,False,0.09,0.04
2024-12-24,13:23:00,PNB,101.28,101.32,101.26,101.32,4003,101.195,101.24140000000001,101.2734,101.81745,True,True,False,False,False,False,0.12,0.08
2024-12-24,13:22:00,PNB,101.24,101.35,101.22,101.27,139993,101.20649999999999,101.2422,101.2701,101.81219999999999,True,False,False,False,False,False,0.06,0.03
2024-12-24,13:21:00,PNB,101.24,101.25,101.2,101.24,11332,101.2145,101.2428,101.2666,101.80655,False,False,False,False,False,False,0.03,-0.0
2024-12-24,13:20:00,PNB,101.27,101.27,101.21,101.21,8407,101.2195,101.24240000000002,101.26180000000001,101.80045,False,False,False,False,False,False,-0.01,-0.03
2024-12-24,13:19:00,PNB,101.24,101.26,101.2,101.26,13860,101.224,101.2438,101.25720000000001,101.79424999999999,True,True,False,False,False,False,0.04,0.02
2024-12-24,13:18:00,PNB,101.25,101.25,101.16,101.23,24216,101.224,101.24600000000001,101.2525,101.78845,False,False,False,False,False,False,0.01,-0.02
2024-12-24,13:17:00,PNB,101.25,101.25,101.14,101.24,27629,101.228,101.24780000000001,101.24799999999999,101.78295,False,False,False,False,False,False,0.01,-0.01
2024-12-24,13:16:00,PNB,101.27,101.28,101.21,101.25,10097,101.231,101.2498,101.2438,101.77844999999999,True,True,False,False,False,False,0.02,0.0
2024-12-24,13:15:00,PNB,101.24,101.3,101.21,101.23,9600,101.233,101.25139999999999,101.2388,101.77345,False,False,False,False,False,False,-0.0,-0.02
2024-12-24,13:14:00,PNB,101.24,101.28,101.19,101.24,9150,101.2365,101.25300000000001,101.23639999999999,101.7683,False,True,False,False,True,False,0.0,-0.01
2024-12-24,13:13:00,PNB,101.2,101.26,101.18,101.19,8187,101.2375,101.25359999999999,101.2349,101.7625,False,False,False,False,True,False,-0.05,-0.06
2024-12-24,13:12:00,PNB,101.25,101.25,101.18,101.2,20273,101.239,101.25359999999999,101.2339,101.75605,False,False,False,False,True,False,-0.04,-0.05
2024-12-24,13:11:00,PNB,101.27,101.3,101.22,101.25,11413,101.24,101.2556,101.2349,101.75025,False,True,False,False,True,False,0.01,-0.01
2024-12-24,13:10:00,PNB,101.27,101.28,101.22,101.27,13726,101.24100000000001,101.2578,101.2358,101.74430000000001,True,True,False,False,True,False,0.03,0.01
2024-12-24,13:09:00,PNB,101.3,101.3,101.22,101.27,79690,101.24350000000001,101.2574,101.2366,101.73885,True,True,False,False,True,False,0.03,0.01
2024-12-24,13:08:00,PNB,101.29,101.34,101.25,101.29,22487,101.249,101.25959999999999,101.23720000000002,101.7333,True,True,False,False,True,False,0.04,0.03
2024-12-24,13:07:00,PNB,101.24,101.3,101.2,101.28,49743,101.2525,101.2596,101.23759999999999,101.7276,True,True,False,False,True,False,0.03,0.02
2024-12-24,13:06:00,PNB,101.33,101.33,101.22,101.24,52157,101.2515,101.2568,101.2379,101.72084999999998,False,True,False,False,True,False,-0.01,-0.02
2024-12-24,13:05:00,PNB,101.34,101.37,101.29,101.29,29940,101.2525,101.2534,101.2384,101.7147,True,True,False,False,True,False,0.04,0.04
2024-12-24,13:04:00,PNB,101.29,101.37,101.29,101.37,39690,101.25699999999999,101.25139999999999,101.2395,101.7088,True,True,False,True,True,False,0.11,0.12
2024-12-24,13:03:00,PNB,101.3,101.35,101.26,101.33,58076,101.25750000000001,101.24879999999999,101.2403,101.7026,True,True,False,True,True,False,0.07,0.08
2024-12-24,13:02:00,PNB,101.36,101.4,101.27,101.3,35412,101.259,101.245,101.2408,101.6967,True,True,False,True,True,False,0.04,0.05
2024-12-24,13:01:00,PNB,101.2,101.4,101.17,101.37,142734,101.2655,101.2436,101.242,101.6904,True,True,False,True,True,False,0.1,0.12
2024-12-24,13:00:00,PNB,101.17,101.22,101.16,101.17,20028,101.2635,101.23780000000001,101.24140000000001,101.6828,False,False,False,True,True,False,-0.09,-0.07
2024-12-24,12:59:00,PNB,101.19,101.2,101.1,101.18,51344,101.2595,101.23200000000001,101.24109999999999,101.67525000000002,False,False,False,True,True,False,-0.08,-0.05
2024-12-24,12:58:00,PNB,101.14,101.2,101.1,101.16,18504,101.256,101.2272,101.2413,101.6678,False,False,False,True,True,False,-0.09,-0.07
2024-12-24,12:57:00,PNB,101.1,101.15,101.08,101.13,24281,101.2505,101.2228,101.241,101.66054999999999,False,False,False,True,True,False,-0.12,-0.09
2024-12-24,12:56:00,PNB,101.06,101.13,101.05,101.1,31397,101.243,101.219,101.24040000000001,101.65335,False,False,False,True,True,False,-0.14,-0.12
2024-12-24,12:55:00,PNB,101.07,101.1,101.05,101.09,14605,101.236,101.21600000000001,101.24050000000001,101.6458,False,False,False,True,False,False,-0.14,-0.12
2024-12-24,12:54:00,PNB,101.07,101.1,101.03,101.06,10658,101.227,101.2148,101.2402,101.63814999999998,False,False,False,True,False,False,-0.16,-0.15
2024-12-24,12:53:00,PNB,101.07,101.08,101.01,101.07,31399,101.22099999999999,101.2136,101.24,101.63125,False,False,False,True,False,False,-0.15,-0.14
2024-12-24,12:52:00,PNB,101.03,101.07,101.01,101.05,8019,101.2135,101.2138,101.23949999999999,101.62425000000002,False,False,False,False,False,False,-0.16,-0.16
2024-12-24,12:51:00,PNB,101.07,101.07,101.01,101.06,5764,101.20400000000001,101.21339999999998,101.23819999999999,101.6173,False,False,False,False,False,False,-0.14,-0.15
2024-12-24,12:50:00,PNB,101.05,101.09,101.0,101.02,36603,101.19149999999999,101.2116,101.23649999999999,101.60959999999999,False,False,False,False,False,False,-0.17,-0.19
2024-12-24,12:49:00,PNB,101.09,101.1,101.01,101.05,27662,101.1805,101.2092,101.23479999999999,101.60199999999999,False,False,False,False,False,False,-0.13,-0.16
2024-12-24,12:48:00,PNB,101.05,101.11,101.03,101.1,11375,101.17099999999999,101.2066,101.23370000000001,101.59465,False,False,False,False,False,False,-0.07,-0.11
2024-12-24,12:47:00,PNB,101.16,101.16,101.05,101.08,16307,101.161,101.205,101.233,101.58734999999999,False,False,False,False,False,False,-0.08,-0.12
2024-12-24,12:46:00,PNB,101.15,101.22,101.12,101.16,54517,101.157,101.2044,101.2322,101.58045,False,False,False,False,False,False,0.0,-0.04
2024-12-24,12:45:00,PNB,101.13,101.22,101.12,101.2,19833,101.1525,101.20460000000001,101.2314,101.57369999999999,False,False,False,False,False,False,0.05,-0.0
2024-12-24,12:44:00,PNB,101.15,101.18,101.1,101.17,5993,101.1425,101.20460000000001,101.23029999999999,101.5667,False,False,False,False,False,False,0.03,-0.03
2024-12-24,12:43:00,PNB,101.15,101.18,101.1,101.1,8527,101.131,101.2032,101.2281,101.55945,False,False,False,False,False,False,-0.03,-0.1
2024-12-24,12:42:00,PNB,101.2,101.24,101.12,101.18,15976,101.125,101.2034,101.2268,101.5523,False,False,False,False,False,False,0.05,-0.02
2024-12-24,12:41:00,PNB,101.12,101.24,101.1,101.24,57158,101.11850000000001,101.2036,101.2253,101.54555,True,True,False,False,False,False,0.12,0.04
2024-12-24,12:40:00,PNB,101.16,101.18,101.09,101.14,40241,101.11699999999999,101.20139999999999,101.22339999999998,101.53800000000001,False,False,False,False,False,False,0.02,-0.06
2024-12-24,12:39:00,PNB,101.16,101.18,101.1,101.18,34497,101.11699999999999,101.20060000000001,101.222,101.53115,False,False,False,False,False,False,0.06,-0.02
2024-12-24,12:38:00,PNB,101.15,101.19,101.13,101.19,24488,101.1185,101.2008,101.22059999999999,101.52425,False,False,False,False,False,False,0.07,-0.01
2024-12-24,12:37:00,PNB,101.15,101.15,101.05,101.14,23484,101.119,101.19940000000001,101.21949999999998,101.51610000000001,False,False,False,False,False,False,0.02,-0.06
2024-12-24,12:36:00,PNB,101.06,101.18,101.02,101.15,16129,101.1215,101.1972,101.21860000000001,101.5079,False,False,False,False,False,False,0.03,-0.05
2024-12-24,12:35:00,PNB,101.0,101.14,100.93,101.06,93508,101.11999999999999,101.19300000000001,101.2166,101.49869999999999,False,False,False,False,False,False,-0.06,-0.13
2024-12-24,12:34:00,PNB,100.95,101.0,100.91,101.0,23090,101.11699999999999,101.18740000000001,101.2137,101.4891,False,False,False,False,False,False,-0.12,-0.19
2024-12-24,12:33:00,PNB,100.87,100.96,100.87,100.94,5841,101.1105,101.1798,101.21060000000001,101.47955,False,False,False,False,False,False,-0.17,-0.24
2024-12-24,12:32:00,PNB,100.95,100.95,100.83,100.92,46819,101.104,101.17280000000001,101.2075,101.47049999999999,False,False,False,False,False,False,-0.18,-0.25
2024-12-24,12:31:00,PNB,100.9,100.95,100.84,100.95,32991,101.0985,101.16699999999999,101.2049,101.4615,False,False,False,False,False,False,-0.15,-0.21
2024-12-24,12:30:00,PNB,100.88,100.9,100.81,100.85,13842,101.09,101.15979999999999,101.20110000000001,101.4516,False,False,False,False,False,False,-0.24,-0.31
2024-12-24,12:29:00,PNB,100.87,100.94,100.83,100.88,45073,101.0815,101.15220000000001,101.198,101.44069999999999,False,False,False,False,False,False,-0.2,-0.27
2024-12-24,12:28:00,PNB,100.89,100.94,100.83,100.92,109344,101.0725,101.146,101.196,101.42970000000001,False,False,False,False,False,False,-0.15,-0.22
2024-12-24,12:27:00,PNB,100.86,100.91,100.77,100.85,52281,101.061,101.1382,101.193,101.4183,False,False,False,False,False,False,-0.21,-0.28
2024-12-24,12:26:00,PNB,100.93,101.0,100.86,100.91,24342,101.0485,101.1314,101.19059999999999,101.40674999999999,False,False,False,False,False,False,-0.14,-0.22
2024-12-24,12:25:00,PNB,100.94,100.97,100.85,100.95,34117,101.036,101.12580000000001,101.18860000000001,101.39540000000001,False,False,False,False,False,False,-0.09,-0.17
2024-12-24,12:24:00,PNB,100.98,101.0,100.91,100.97,17631,101.026,101.12039999999999,101.1867,101.38470000000001,False,False,False,False,False,False,-0.06,-0.15
2024-12-24,12:23:00,PNB,100.94,101.0,100.92,100.98,16603,101.02000000000001,101.1162,101.1849,101.3741,False,False,False,False,False,False,-0.04,-0.13
2024-12-24,12:22:00,PNB,100.92,100.99,100.91,100.94,20135,101.00800000000001,101.111,101.1823,101.36405,False,False,False,False,False,False,-0.07,-0.17
2024-12-24,12:21:00,PNB,100.95,100.97,100.9,100.94,18987,100.993,101.10480000000001,101.1802,101.35535,False,False,False,False,False,False,-0.05,-0.16
2024-12-24,12:20:00,PNB,100.95,100.95,100.9,100.91,5303,100.98150000000001,101.0976,101.1777,101.34655,False,False,False,False,False,False,-0.07,-0.19
2024-12-24,12:19:00,PNB,100.95,100.97,100.91,100.91,4645,100.968,101.0904,101.17389999999999,101.33765,False,False,False,False,False,False,-0.06,-0.18
2024-12-24,12:18:00,PNB,100.9,100.95,100.86,100.93,13899,100.955,101.08320000000002,101.17139999999999,101.32905,False,False,False,False,False,False,-0.02,-0.15
2024-12-24,12:17:00,PNB,100.89,100.94,100.87,100.89,13820,100.94250000000001,101.07539999999999,101.1675,101.32045,False,False,False,False,False,False,-0.05,-0.18
2024-12-24,12:16:00,PNB,100.92,100.97,100.86,100.89,39564,100.92949999999999,101.0684,101.16259999999998,101.31115,False,False,False,False,False,False,-0.04,-0.18
2024-12-24,12:15:00,PNB,101.02,101.05,100.88,100.91,72798,100.922,101.0608,101.15710000000001,101.30220000000001,False,False,False,False,False,False,-0.01,-0.15
2024-12-24,12:14:00,PNB,101.03,101.09,101.01,101.01,24975,100.9225,101.0536,101.1525,101.2933,False,False,False,False,False,False,0.09,-0.04
2024-12-24,12:13:00,PNB,101.04,101.05,100.98,101.05,3349,100.928,101.04800000000002,101.1484,101.2849,True,False,False,False,False,False,0.12,0.0
2024-12-24,12:12:00,PNB,101.05,101.05,100.98,101.0,20656,100.93199999999999,101.042,101.1435,101.27619999999999,False,False,False,False,False,False,0.07,-0.04
2024-12-24,12:11:00,PNB,101.02,101.08,101.02,101.06,8592,100.9375,101.0358,101.13969999999999,101.26925,True,False,False,False,False,False,0.12,0.02
2024-12-24,12:10:00,PNB,101.02,101.08,101.02,101.03,14352,100.9465,101.03299999999999,101.1354,101.26105,False,False,False,False,False,False,0.08,-0.0
2024-12-24,12:09:00,PNB,101.05,101.07,100.99,101.02,15821,100.9535,101.0298,101.13089999999998,101.2581,False,False,False,False,False,False,0.07,-0.01
2024-12-24,12:08:00,PNB,101.08,101.08,101.0,101.05,11761,100.96000000000001,101.0276,101.1274,101.25509999999998,True,False,False,False,False,False,0.09,0.02
2024-12-24,12:07:00,PNB,101.04,101.08,101.0,101.08,8063,100.97149999999999,101.0266,101.12469999999999,101.25165000000001,True,False,False,False,False,False,0.11,0.05
2024-12-24,12:06:00,PNB,101.06,101.06,100.97,101.01,15778,100.9765,101.02480000000001,101.12190000000001,101.24789999999999,False,False,False,False,False,False,0.03,-0.01
2024-12-24,12:05:00,PNB,101.02,101.08,100.99,101.03,17770,100.98049999999999,101.0236,101.1198,101.24395,True,False,False,False,False,False,0.05,0.01
2024-12-24,12:04:00,PNB,101.0,101.02,100.88,101.0,56178,100.982,101.0224,101.11859999999999,101.2401,False,False,False,False,False,False,0.02,-0.02
2024-12-24,12:03:00,PNB,101.04,101.05,101.0,101.02,7230,100.984,101.0214,101.1175,101.23645,False,False,False,False,False,False,0.04,-0.0
2024-12-24,12:02:00,PNB,101.02,101.05,101.01,101.04,3488,100.989,101.0212,101.1175,101.23269999999998,True,False,False,False,False,False,0.05,0.02
2024-12-24,12:01:00,PNB,101.05,101.07,101.0,101.02,16836,100.99300000000001,101.02040000000001,101.11689999999999,101.2291,False,False,False,False,False,False,0.03,-0.0
2024-12-24,12:00:00,PNB,101.08,101.08,101.0,101.05,13627,101.0,101.021,101.11630000000001,101.22595,True,False,False,False,False,False,0.05,0.03
2024-12-24,11:59:00,PNB,101.03,101.08,101.03,101.08,7761,101.0085,101.02159999999999,101.11540000000001,101.22274999999999,True,False,False,False,False,False,0.07,0.06
2024-12-24,11:58:00,PNB,101.01,101.08,100.96,101.08,20496,101.016,101.02120000000001,101.1139,101.21969999999999,True,False,False,False,False,False,0.06,0.06
2024-12-24,11:57:00,PNB,101.05,101.08,101.02,101.02,13873,101.02250000000001,101.02,101.1125,101.21674999999999,False,False,False,True,False,False,-0.0,0.0
2024-12-24,11:56:00,PNB,101.0,101.05,100.98,101.05,13933,101.0305,101.0178,101.11110000000001,101.21425,True,False,False,True,False,False,0.02,0.03
2024-12-24,11:55:00,PNB,100.96,101.0,100.92,101.0,6821,101.035,101.01379999999999,101.1092,101.21135,False,False,False,True,False,False,-0.03,-0.01
2024-12-24,11:54:00,PNB,100.97,100.98,100.9,100.97,32768,101.033,101.0098,101.10719999999999,101.2085,False,False,False,True,False,False,-0.06,-0.04
2024-12-24,11:53:00,PNB,101.0,101.01,100.95,100.99,8382,101.03,101.0076,101.1054,101.20595000000002,False,False,False,True,False,False,-0.04,-0.02
2024-12-24,11:52:00,PNB,100.99,101.06,100.95,101.0,25741,101.03,101.00399999999999,101.1037,101.2035,False,False,False,True,False,False,-0.03,-0.0
2024-12-24,11:51:00,PNB,100.88,100.98,100.86,100.98,36505,101.026,100.99880000000002,101.1012,101.20065000000001,False,False,False,True,False,False,-0.05,-0.02
2024-12-24,11:50:00,PNB,100.9,100.91,100.82,100.87,61775,101.018,100.99340000000001,101.0974,101.1969,False,False,False,True,False,False,-0.15,-0.12
2024-12-24,11:49:00,PNB,100.89,100.91,100.83,100.9,18144,101.012,100.9878,101.0942,101.19335000000001,False,False,False,True,False,False,-0.11,-0.09
2024-12-24,11:48:00,PNB,100.9,100.93,100.87,100.9,23807,101.0045,100.98200000000001,101.09140000000001,101.19004999999999,False,False,False,True,False,False,-0.1,-0.08
2024-12-24,11:47:00,PNB,100.94,100.94,100.85,100.9,46971,100.9955,100.9772,101.0883,101.1866,False,False,False,True,False,False,-0.09,-0.08
2024-12-24,11:46:00,PNB,100.95,100.95,100.83,100.93,40752,100.9915,100.9728,101.085,101.18360000000001,False,False,False,True,False,False,-0.06,-0.04
2024-12-24,11:45:00,PNB,100.97,100.97,100.9,100.95,50008,100.9875,100.97059999999999,101.08179999999999,101.18050000000001,False,False,False,True,False,False,-0.04,-0.02
2024-12-24,11:44:00,PNB,100.94,100.98,100.91,100.94,23484,100.9845,100.9694,101.0784,101.17739999999999,False,False,False,True,False,False,-0.04,-0.03
2024-12-24,11:43:00,PNB,100.99,100.99,100.91,100.98,26888,100.9825,100.9702,101.075,101.1742,True,False,False,True,False,False,-0.0,0.01
2024-12-24,11:42:00,PNB,100.97,101.05,100.88,100.94,96125,100.97749999999999,100.97059999999999,101.0717,101.1709,False,False,False,True,False,False,-0.04,-0.03
2024-12-24,11:41:00,PNB,100.99,101.02,100.95,100.95,40986,100.974,100.97059999999999,101.06880000000001,101.16769999999998,False,False,False,True,False,False,-0.02,-0.02
2024-12-24,11:40:00,PNB,101.05,101.05,100.95,101.0,41184,100.9715,100.97359999999999,101.0667,101.16425,True,False,False,False,False,False,0.03,0.03
2024-12-24,11:39:00,PNB,101.01,101.06,100.97,101.05,39815,100.97,100.97699999999999,101.06459999999998,101.1609,True,False,False,False,False,False,0.08,0.07
2024-12-24,11:38:00,PNB,101.01,101.06,100.92,101.02,124069,100.967,100.979,101.0625,101.1575,True,False,False,False,False,False,0.05,0.04
2024-12-24,11:37:00,PNB,101.01,101.06,101.0,101.01,43923,100.9665,100.9822,101.06020000000001,101.1541,True,False,False,False,False,False,0.04,0.03
2024-12-24,11:36:00,PNB,101.16,101.19,100.97,101.05,232676,100.9665,100.985,101.0582,101.15100000000001,True,False,False,False,False,False,0.08,0.06
2024-12-24,11:35:00,PNB,101.18,101.18,101.1,101.17,33406,100.975,100.98939999999999,101.05760000000001,101.14820000000002,True,True,True,False,False,False,0.19,0.18
2024-12-24,11:34:00,PNB,101.13,101.2,101.12,101.14,51231,100.9835,100.9928,101.0566,101.1465,True,True,False,False,False,False,0.15,0.15
2024-12-24,11:33:00,PNB,101.3,101.33,101.1,101.13,88243,100.9905,100.9958,101.056,101.14545,True,True,False,False,False,False,0.14,0.13
2024-12-24,11:32:00,PNB,101.44,101.49,101.26,101.3,74106,101.0055,101.00300000000001,101.05699999999999,101.14545,True,True,True,True,False,False,0.29,0.29
2024-12-24,11:31:00,PNB,101.54,101.58,101.39,101.43,125687,101.02799999999999,101.01279999999998,101.05879999999999,101.14685000000001,True,True,True,True,False,False,0.4,0.41
2024-12-24,11:30:00,PNB,101.6,101.6,101.54,101.54,9912,101.0615,101.02539999999999,101.06150000000001,101.14865,True,True,True,True,False,False,0.47,0.51
2024-12-24,11:29:00,PNB,101.59,101.63,101.55,101.6,3708,101.09649999999999,101.0392,101.06479999999999,101.1507,True,True,True,True,True,False,0.5,0.56
2024-12-24,11:28:00,PNB,101.54,101.61,101.51,101.59,45711,101.131,101.05239999999999,101.06779999999999,101.1525,True,True,True,True,True,False,0.45,0.53
2024-12-24,11:27:00,PNB,101.7,101.71,101.53,101.54,101750,101.163,101.06540000000001,101.0704,101.154,True,True,True,True,True,True,0.37,0.47
2024-12-24,11:26:00,PNB,101.69,101.74,101.69,101.7,5522,101.2015,101.0816,101.075,101.15645,True,True,True,True,True,True,0.49,0.61
2024-12-24,11:25:00,PNB,101.77,101.77,101.69,101.69,19095,101.2385,101.09719999999999,101.079,101.15870000000001,True,True,True,True,True,True,0.45,0.59
2024-12-24,11:24:00,PNB,101.77,101.78,101.71,101.77,33342,101.28,101.1124,101.083,101.16125,True,True,True,True,True,True,0.48,0.65
2024-12-24,11:23:00,PNB,101.77,101.8,101.76,101.77,18532,101.3195,101.12679999999999,101.0874,101.16385,True,True,True,True,True,True,0.44,0.64
2024-12-24,11:22:00,PNB,101.77,101.8,101.75,101.77,35328,101.361,101.14219999999999,101.09209999999999,101.16645,True,True,True,True,True,True,0.4,0.62
2024-12-24,11:21:00,PNB,101.77,101.8,101.73,101.78,20446,101.4025,101.1566,101.0962,101.16910000000001,True,True,True,True,True,True,0.37,0.62
2024-12-24,11:20:00,PNB,101.76,101.8,101.72,101.77,16554,101.441,101.1714,101.1022,101.17179999999999,True,True,True,True,True,True,0.32,0.59
2024-12-24,11:19:00,PNB,101.74,101.77,101.7,101.76,9182,101.4765,101.18620000000001,101.108,101.17455,True,True,True,True,True,True,0.28,0.57
2024-12-24,11:18:00,PNB,101.71,101.8,101.7,101.74,18848,101.5125,101.2,101.11380000000001,101.17755,True,True,True,True,True,True,0.22,0.53
2024-12-24,11:17:00,PNB,101.75,101.75,101.7,101.75,13263,101.5495,101.21340000000001,101.12,101.1805,True,True,True,True,True,True,0.2,0.53
2024-12-24,11:16:00,PNB,101.68,101.75,101.66,101.72,21493,101.583,101.22759999999998,101.12619999999998,101.1833,True,True,True,True,True,True,0.13,0.49
2024-12-24,11:15:00,PNB,101.63,101.69,101.6,101.66,29098,101.6075,101.2402,101.13189999999999,101.18619999999999,True,True,True,True,True,True,0.05,0.41
2024-12-24,11:14:00,PNB,101.68,101.69,101.6,101.62,24106,101.6315,101.2526,101.1375,101.18884999999999,True,True,True,True,True,True,-0.01,0.36
2024-12-24,11:13:00,PNB,101.72,101.72,101.67,101.68,15122,101.659,101.2658,101.1436,101.19179999999999,True,True,True,True,True,True,0.02,0.41
2024-12-24,11:12:00,PNB,101.72,101.73,101.66,101.68,73115,101.678,101.27860000000001,101.14990000000002,101.1947,True,True,True,True,True,True,0.0,0.4
2024-12-24,11:11:00,PNB,101.71,101.75,101.71,101.72,5810,101.6925,101.29260000000001,101.1565,101.19735,True,True,True,True,True,True,0.03,0.42
2024-12-24,11:10:00,PNB,101.74,101.76,101.71,101.72,27367,101.7015,101.306,101.1635,101.2,True,True,True,True,True,True,0.02,0.41
2024-12-24,11:09:00,PNB,101.77,101.77,101.72,101.75,7264,101.70899999999999,101.3194,101.17049999999999,101.20265,True,True,True,True,True,True,0.04,0.42
2024-12-24,11:08:00,PNB,101.73,101.78,101.72,101.77,14878,101.71799999999999,101.33319999999999,101.1772,101.20545,True,True,True,True,True,True,0.05,0.43
2024-12-24,11:07:00,PNB,101.78,101.79,101.72,101.75,17354,101.7285,101.3478,101.1839,101.20845000000001,True,True,True,True,True,True,0.02,0.4
2024-12-24,11:06:00,PNB,101.78,101.8,101.75,101.78,12135,101.73249999999999,101.3624,101.1901,101.21115,True,True,True,True,True,True,0.05,0.41
2024-12-24,11:05:00,PNB,101.8,101.82,101.75,101.79,31023,101.7375,101.37819999999999,101.196,101.2137,True,True,True,True,True,True,0.05,0.41
2024-12-24,11:04:00,PNB,101.8,101.85,101.75,101.8,16839,101.739,101.39479999999999,101.20230000000001,101.2163,True,True,True,True,True,True,0.06,0.4
2024-12-24,11:03:00,PNB,101.84,101.86,101.79,101.82,16127,101.7415,101.41140000000001,101.2095,101.21880000000002,True,True,True,True,True,True,0.08,0.4
2024-12-24,11:02:00,PNB,101.87,101.88,101.79,101.84,40255,101.74499999999999,101.4282,101.21610000000001,101.22145,True,True,True,True,True,True,0.09,0.41
2024-12-24,11:01:00,PNB,101.79,101.89,101.79,101.87,16435,101.7495,101.44599999999998,101.2224,101.22385,True,True,True,True,True,True,0.12,0.42
2024-12-24,11:00:00,PNB,101.87,101.88,101.76,101.79,32550,101.7505,101.46440000000001,101.22890000000001,101.22615,True,True,True,True,True,True,0.04,0.32
2024-12-24,10:59:00,PNB,101.77,101.88,101.76,101.82,12268,101.7535,101.48280000000001,101.23530000000001,101.22865,True,True,True,True,True,True,0.07,0.33
2024-12-24,10:58:00,PNB,101.81,101.83,101.75,101.75,26431,101.75399999999999,101.4998,101.2409,101.23075,True,True,True,True,True,True,-0.0,0.25
2024-12-24,10:57:00,PNB,101.8,101.84,101.8,101.8,11056,101.7565,101.51780000000001,101.2475,101.2335,True,True,True,True,True,True,0.04,0.28
2024-12-24,10:56:00,PNB,101.8,101.82,101.75,101.82,3233,101.7615,101.53559999999999,101.25419999999998,101.23639999999999,True,True,True,True,True,True,0.06,0.28
2024-12-24,10:55:00,PNB,101.78,101.82,101.74,101.8,15121,101.7685,101.5526,101.2616,101.2391,True,True,True,True,True,True,0.03,0.24
2024-12-24,10:54:00,PNB,101.77,101.82,101.74,101.77,12193,101.776,101.5692,101.2693,101.2415,True,True,True,True,True,True,-0.01,0.2
2024-12-24,10:53:00,PNB,101.7,101.77,101.67,101.72,54301,101.77799999999999,101.584,101.27709999999999,101.24385000000001,True,True,True,True,True,True,-0.06,0.13
2024-12-24,10:52:00,PNB,101.71,101.76,101.7,101.73,12197,101.7805,101.5998,101.2852,101.24635,True,True,True,True,True,True,-0.05,0.13
2024-12-24,10:51:00,PNB,101.7,101.75,101.65,101.71,26806,101.78,101.615,101.2928,101.24885,True,True,True,True,True,True,-0.07,0.09
2024-12-24,10:50:00,PNB,101.79,101.79,101.7,101.7,31090,101.779,101.62900000000002,101.3013,101.25119999999998,True,True,True,True,True,True,-0.08,0.07
2024-12-24,10:49:00,PNB,101.79,101.87,101.75,101.8,66341,101.78150000000001,101.64399999999999,101.3105,101.25425,True,True,True,True,True,True,0.02,0.15
2024-12-24,10:48:00,PNB,101.75,101.8,101.75,101.8,3924,101.783,101.6596,101.3193,101.25765000000001,True,True,True,True,True,True,0.02,0.14
2024-12-24,10:47:00,PNB,101.75,101.79,101.71,101.75,35517,101.783,101.67439999999999,101.3283,101.26065,True,True,True,True,True,True,-0.03,0.07
2024-12-24,10:46:00,PNB,101.78,101.79,101.72,101.78,24699,101.783,101.68900000000002,101.337,101.2638,True,True,True,True,True,True,-0.0,0.09
2024-12-24,10:45:00,PNB,101.79,101.81,101.77,101.8,11513,101.78349999999999,101.7016,101.34549999999999,101.26705,True,True,True,True,True,True,0.02,0.1
2024-12-24,10:44:00,PNB,101.8,101.82,101.76,101.77,48565,101.782,101.7142,101.3535,101.2701,True,True,True,True,True,True,-0.01,0.05
2024-12-24,10:43:00,PNB,101.85,101.85,101.8,101.83,27466,101.7825,101.7282,101.36200000000001,101.27345,True,True,True,True,True,True,0.05,0.1
2024-12-24,10:42:00,PNB,101.85,101.9,101.8,101.82,16738,101.78150000000001,101.73859999999999,101.3708,101.27655,True,True,True,True,True,True,0.04,0.08
2024-12-24,10:41:00,PNB,101.85,101.91,101.81,101.86,13803,101.78099999999999,101.7472,101.38,101.28009999999999,True,True,True,True,True,True,0.08,0.11
2024-12-24,10:40:00,PNB,101.87,101.89,101.81,101.85,12199,101.784,101.7534,101.38940000000001,101.28354999999999,True,True,True,True,True,True,0.06,0.09
2024-12-24,10:39:00,PNB,101.93,101.97,101.86,101.88,59552,101.787,101.759,101.3991,101.28650000000002,True,True,True,True,True,True,0.09,0.12
2024-12-24,10:38:00,PNB,101.92,101.98,101.88,101.94,21928,101.79650000000001,101.76599999999999,101.4092,101.2903,True,True,True,True,True,True,0.14,0.17
2024-12-24,10:37:00,PNB,101.97,102.0,101.87,101.98,34296,101.8055,101.7748,101.4201,101.29379999999999,True,True,True,True,True,True,0.17,0.2
2024-12-24,10:36:00,PNB,101.95,102.02,101.92,101.98,14914,101.8135,101.78039999999999,101.431,101.2968,True,True,True,True,True,True,0.16,0.2
2024-12-24,10:35:00,PNB,101.97,102.0,101.9,101.96,42695,101.8215,101.7858,101.44149999999999,101.29929999999999,True,True,True,True,True,True,0.14,0.17
2024-12-24,10:34:00,PNB,101.96,102.0,101.92,101.96,49618,101.83099999999999,101.7896,101.45100000000001,101.30175000000001,True,True,True,True,True,True,0.13,0.17
2024-12-24,10:33:00,PNB,101.9,101.96,101.84,101.96,33033,101.84299999999999,101.7934,101.4601,101.30425000000001,True,True,True,True,True,True,0.11,0.16
2024-12-24,10:32:00,PNB,101.87,101.95,101.82,101.9,55185,101.8515,101.796,101.4691,101.3063,True,True,True,True,True,True,0.05,0.1
2024-12-24,10:31:00,PNB,101.8,101.9,101.8,101.86,14899,101.859,101.7976,101.47710000000001,101.3084,True,True,True,True,True,True,0.0,0.06
2024-12-24,10:30:00,PNB,101.85,101.89,101.8,101.81,31311,101.86449999999999,101.7984,101.4849,101.31015,True,True,True,True,True,True,-0.05,0.01
2024-12-24,10:29:00,PNB,101.81,101.88,101.8,101.85,27118,101.86699999999999,101.80019999999999,101.49320000000002,101.31205,True,True,True,True,True,True,-0.02,0.05
2024-12-24,10:28:00,PNB,101.87,101.89,101.82,101.84,15463,101.869,101.8022,101.50110000000001,101.31424999999999,True,True,True,True,True,True,-0.03,0.04
2024-12-24,10:27:00,PNB,101.87,101.94,101.86,101.87,16194,101.875,101.8046,101.509,101.31685000000002,True,True,True,True,True,True,-0.0,0.06
2024-12-24,10:26:00,PNB,101.93,101.94,101.86,101.9,23419,101.881,101.80820000000001,101.5179,101.3199,True,True,True,True,True,True,0.02,0.09
2024-12-24,10:25:00,PNB,101.9,101.93,101.9,101.93,62829,101.8875,101.8136,101.52690000000001,101.32334999999999,True,True,True,True,True,True,0.04,0.11
2024-12-24,10:24:00,PNB,101.89,101.95,101.89,101.9,45785,101.894,101.8192,101.5359,101.32725,True,True,True,True,True,True,0.01,0.08
2024-12-24,10:23:00,PNB,101.93,101.96,101.89,101.89,13687,101.89699999999999,101.8234,101.5446,101.33104999999999,True,True,True,True,True,True,-0.01,0.07
2024-12-24,10:22:00,PNB,101.99,102.0,101.89,101.96,58864,101.904,101.829,101.5538,101.33565,True,True,True,True,True,True,0.05,0.13
2024-12-24,10:21:00,PNB,101.93,102.0,101.9,101.99,71571,101.9105,101.8344,101.5635,101.34020000000001,True,True,True,True,True,True,0.08,0.15
2024-12-24,10:20:00,PNB,101.97,102.0,101.93,101.94,8810,101.91499999999999,101.83879999999999,101.5724,101.34434999999999,True,True,True,True,True,True,0.02,0.1
2024-12-24,10:19:00,PNB,101.95,102.02,101.92,101.97,15872,101.9195,101.8432,101.5813,101.34835000000001,True,True,True,True,True,True,0.05,0.12
2024-12-24,10:18:00,PNB,102.04,102.08,101.95,101.95,11923,101.92,101.8468,101.59,101.35195,True,True,True,True,True,True,0.03,0.1
2024-12-24,10:17:00,PNB,102.0,102.08,101.96,102.05,19878,101.9235,101.8528,101.60029999999999,101.35640000000001,True,True,True,True,True,True,0.12,0.19
2024-12-24,10:16:00,PNB,101.96,102.08,101.95,102.02,18742,101.9255,101.8576,101.61,101.36055,True,True,True,True,True,True,0.09,0.16
2024-12-24,10:15:00,PNB,101.98,102.03,101.94,101.97,32442,101.926,101.86120000000001,101.6197,101.36444999999999,True,True,True,True,True,True,0.04,0.11
2024-12-24,10:14:00,PNB,101.97,102.08,101.92,101.97,31867,101.9265,101.86460000000001,101.62970000000001,101.36845,True,True,True,True,True,True,0.04,0.1
2024-12-24,10:13:00,PNB,101.85,102.01,101.81,102.01,94733,101.929,101.86839999999998,101.6399,101.37265,True,True,True,True,True,True,0.08,0.14
2024-12-24,10:12:00,PNB,101.93,101.93,101.81,101.81,17701,101.9245,101.8678,101.648,101.37584999999999,False,True,True,True,True,True,-0.11,-0.06
2024-12-24,10:11:00,PNB,101.93,101.95,101.89,101.92,17285,101.92750000000001,101.86880000000001,101.6574,101.37929999999999,True,True,True,True,True,True,-0.01,0.05
2024-12-24,10:10:00,PNB,101.96,101.97,101.9,101.93,14685,101.93350000000001,101.8716,101.668,101.38269999999999,True,True,True,True,True,True,-0.0,0.06
2024-12-24,10:09:00,PNB,102.01,102.01,101.95,101.99,20467,101.9405,101.875,101.6789,101.38655,True,True,True,True,True,True,0.05,0.11
2024-12-24,10:08:00,PNB,102.02,102.04,101.97,102.0,19503,101.9485,101.88,101.6899,101.39065000000001,True,True,True,True,True,True,0.05,0.12
2024-12-24,10:07:00,PNB,101.99,102.05,101.98,102.02,10189,101.95599999999999,101.88439999999999,101.70110000000001,101.39470000000001,True,True,True,True,True,True,0.06,0.13
2024-12-24,10:06:00,PNB,102.09,102.09,101.96,101.99,4451,101.9605,101.88780000000001,101.71170000000001,101.39835,True,True,True,True,True,True,0.03,0.1
2024-12-24,10:05:00,PNB,102.0,102.08,101.94,102.08,16770,101.968,101.8934,101.72300000000001,101.4024,True,True,True,True,True,True,0.11,0.18
2024-12-24,10:04:00,PNB,102.01,102.03,101.97,101.98,16357,101.972,101.8976,101.7334,101.4059,True,True,True,True,True,True,0.01,0.08
2024-12-24,10:03:00,PNB,102.09,102.1,101.95,102.0,25830,101.97749999999999,101.9032,101.7436,101.4093,True,True,True,True,True,True,0.02,0.09
2024-12-24,10:02:00,PNB,102.11,102.11,102.05,102.09,19359,101.98400000000001,101.91040000000001,101.7551,101.4134,True,True,True,True,True,True,0.1,0.18
2024-12-24,10:01:00,PNB,102.09,102.15,102.05,102.1,17527,101.98949999999999,101.91820000000001,101.7666,101.41769999999998,True,True,True,True,True,True,0.11,0.18
2024-12-24,10:00:00,PNB,102.04,102.15,102.02,102.09,27689,101.997,101.92599999999999,101.7775,101.42209999999999,True,True,True,True,True,True,0.09,0.16
2024-12-24,09:59:00,PNB,101.85,102.08,101.85,102.0,35609,101.9985,101.93,101.787,101.4258,True,True,True,True,True,True,0.0,0.07
2024-12-24,09:58:00,PNB,101.8,101.9,101.8,101.86,9877,101.994,101.9312,101.79539999999999,101.42895,False,True,True,True,True,True,-0.13,-0.07
2024-12-24,09:57:00,PNB,101.79,101.85,101.75,101.8,26489,101.9815,101.93220000000001,101.8033,101.43175,False,False,True,True,True,True,-0.18,-0.13
2024-12-24,09:56:00,PNB,101.75,101.8,101.72,101.77,45393,101.969,101.93199999999999,101.8105,101.43435,False,False,True,True,True,True,-0.2,-0.16
2024-12-24,09:55:00,PNB,101.78,101.82,101.74,101.75,30176,101.958,101.931,101.81630000000001,101.43695,False,False,True,True,True,True,-0.2,-0.18
2024-12-24,09:54:00,PNB,101.83,101.91,101.77,101.79,46891,101.949,101.9314,101.8228,101.43969999999999,False,False,True,True,True,True,-0.16,-0.14
2024-12-24,09:53:00,PNB,101.98,102.02,101.82,101.85,64355,101.941,101.93180000000001,101.83,101.443,False,True,True,True,True,True,-0.09,-0.08
2024-12-24,09:52:00,PNB,102.05,102.06,101.96,101.96,64676,101.9485,101.9346,101.8366,101.4468,True,True,True,True,True,True,0.01,0.02
2024-12-24,09:51:00,PNB,102.0,102.09,102.0,102.05,12006,101.95500000000001,101.93839999999999,101.84280000000001,101.4508,True,True,True,True,True,True,0.09,0.11
2024-12-24,09:50:00,PNB,102.02,102.11,102.0,102.03,14583,101.96000000000001,101.94200000000001,101.84769999999999,101.45459999999999,True,True,True,True,True,True,0.07,0.09
2024-12-24,09:49:00,PNB,102.05,102.09,102.01,102.03,18826,101.962,101.945,101.852,101.4584,True,True,True,True,True,True,0.07,0.08
2024-12-24,09:48:00,PNB,102.11,102.14,102.05,102.07,23885,101.96549999999999,101.94760000000001,101.8568,101.46230000000001,True,True,True,True,True,True,0.1,0.12
2024-12-24,09:47:00,PNB,102.04,102.17,102.04,102.13,29661,101.971,101.9506,101.8627,101.46654999999998,True,True,True,True,True,True,0.16,0.18
2024-12-24,09:46:00,PNB,102.2,102.21,102.01,102.04,52289,101.9735,101.9518,101.8661,101.47055,True,True,True,True,True,True,0.07,0.09
2024-12-24,09:45:00,PNB,102.01,102.21,101.99,102.19,73908,101.979,101.95640000000002,101.87110000000001,101.47505,True,True,True,True,True,True,0.21,0.23
2024-12-24,09:44:00,PNB,101.96,102.05,101.91,102.04,81256,101.982,101.95800000000001,101.87379999999999,101.47840000000001,True,True,True,True,True,True,0.06,0.08
2024-12-24,09:43:00,PNB,101.96,102.0,101.9,101.96,24324,101.98,101.95800000000001,101.8757,101.48154999999998,True,True,True,True,True,True,-0.02,0.0
2024-12-24,09:42:00,PNB,101.87,101.98,101.82,101.9,48456,101.97049999999999,101.958,101.87700000000001,101.48455,False,True,True,True,True,True,-0.07,-0.06
2024-12-24,09:41:00,PNB,101.86,101.95,101.83,101.84,24316,101.95750000000001,101.9576,101.8776,101.4869,False,False,True,False,True,True,-0.12,-0.12
2024-12-24,09:40:00,PNB,101.8,101.95,101.75,101.87,32669,101.94649999999999,101.9588,101.8786,101.4904,False,False,True,False,True,True,-0.08,-0.09
2024-12-24,09:39:00,PNB,101.85,101.85,101.68,101.77,116537,101.93499999999999,101.95720000000001,101.8787,101.49334999999999,False,False,True,False,True,True,-0.16,-0.18
2024-12-24,09:38:00,PNB,101.82,101.98,101.81,101.85,99370,101.9345,101.95739999999999,101.87979999999999,101.49680000000001,False,False,True,False,True,True,-0.08,-0.11
2024-12-24,09:37:00,PNB,101.83,101.88,101.7,101.84,58373,101.9365,101.9568,101.88069999999999,101.50035000000001,False,False,True,False,True,True,-0.09,-0.11
2024-12-24,09:36:00,PNB,101.83,101.89,101.79,101.83,41623,101.9395,101.9554,101.8818,101.50399999999999,False,False,True,False,True,True,-0.11,-0.12
2024-12-24,09:35:00,PNB,101.66,101.87,101.62,101.8,47950,101.94200000000001,101.95280000000001,101.8832,101.50755,False,False,True,False,True,True,-0.14,-0.15
2024-12-24,09:34:00,PNB,101.84,101.86,101.6,101.68,81427,101.9365,101.9484,101.8838,101.51065,False,False,True,False,True,True,-0.25,-0.26
2024-12-24,09:33:00,PNB,101.75,101.88,101.63,101.84,117986,101.936,101.9474,101.88539999999999,101.51449999999998,False,False,True,False,True,True,-0.09,-0.11
2024-12-24,09:32:00,PNB,101.72,101.83,101.54,101.76,119303,101.926,101.9434,101.88619999999999,101.51805,False,False,True,False,True,True,-0.16,-0.18
2024-12-24,09:31:00,PNB,101.73,101.78,101.63,101.75,16915,101.911,101.9386,101.8865,101.52150000000002,False,False,True,False,True,True,-0.16,-0.19
2024-12-24,09:30:00,PNB,101.61,101.78,101.61,101.72,57292,101.8955,101.9342,101.8865,101.525,False,False,True,False,True,True,-0.17,-0.21
2024-12-24,09:29:00,PNB,101.78,101.79,101.6,101.62,134105,101.875,101.9272,101.8852,101.52785000000002,False,False,True,False,False,True,-0.25,-0.3
2024-12-24,09:28:00,PNB,101.73,101.85,101.71,101.8,22212,101.8615,101.9242,101.8855,101.53135,False,False,True,False,False,True,-0.06,-0.12
2024-12-24,09:27:00,PNB,101.63,101.78,101.61,101.74,36649,101.842,101.91799999999999,101.8854,101.53465,False,False,True,False,False,True,-0.1,-0.17
2024-12-24,09:26:00,PNB,101.6,101.75,101.59,101.65,40965,101.8225,101.91059999999999,101.8841,101.53710000000001,False,False,True,False,False,True,-0.17,-0.26
2024-12-24,09:25:00,PNB,101.73,101.73,101.55,101.59,151401,101.79249999999999,101.90299999999999,101.88210000000001,101.53905,False,False,True,False,False,True,-0.2,-0.31
2024-12-24,09:24:00,PNB,101.76,101.85,101.68,101.7,62262,101.7755,101.8976,101.88109999999999,101.5417,False,False,True,False,False,True,-0.07,-0.19
2024-12-24,09:23:00,PNB,101.69,101.82,101.65,101.79,43464,101.767,101.89320000000002,101.8808,101.54514999999999,False,False,True,False,False,True,0.02,-0.1
2024-12-24,09:22:00,PNB,101.89,101.89,101.65,101.65,79367,101.75450000000001,101.89,101.87889999999999,101.5475,False,False,True,False,False,True,-0.1,-0.24
2024-12-24,09:21:00,PNB,101.78,101.91,101.75,101.83,27063,101.75399999999999,101.8882,101.8785,101.55045,False,False,True,False,False,True,0.07,-0.06
2024-12-24,09:20:00,PNB,101.75,101.8,101.63,101.8,104181,101.7505,101.8856,101.87859999999999,101.55375,False,False,True,False,False,True,0.05,-0.08
2024-12-24,09:19:00,PNB,101.94,101.98,101.76,101.76,70140,101.75,101.881,101.87799999999999,101.55664999999999,False,False,True,False,False,True,0.01,-0.12
2024-12-24,09:18:00,PNB,101.74,102.0,101.7,101.94,140348,101.7545,101.87979999999999,101.87989999999999,101.56040000000002,True,True,True,False,False,True,0.18,0.06
2024-12-24,09:17:00,PNB,101.61,101.83,101.56,101.7,112384,101.7475,101.8734,101.87890000000002,101.5632,False,False,True,False,False,True,-0.05,-0.17
2024-12-24,09:16:00,PNB,101.59,101.67,101.48,101.62,80290,101.73700000000001,101.86599999999999,101.8769,101.56555,False,False,True,False,False,True,-0.12,-0.24
2024-12-24,09:15:00,PNB,101.42,101.7,101.36,101.67,221140,101.73049999999999,101.85779999999998,101.87559999999999,101.5686,False,False,True,False,False,True,-0.06,-0.18
2024-12-23,15:29:00,PNB,101.46,101.6,101.41,101.55,91173,101.724,101.8492,101.8734,101.57135,False,False,False,False,False,True,-0.17,-0.29
2024-12-23,15:28:00,PNB,101.5,101.55,101.36,101.47,85665,101.7055,101.8386,101.8709,101.574,False,False,False,False,False,True,-0.23,-0.36
2024-12-23,15:27:00,PNB,101.43,101.53,101.4,101.5,72755,101.6925,101.8268,101.8686,101.57690000000001,False,False,False,False,False,True,-0.19,-0.32
2024-12-23,15:26:00,PNB,101.44,101.45,101.34,101.43,166807,101.6765,101.8134,101.8658,101.5793,False,False,False,False,False,True,-0.24,-0.38
2024-12-23,15:25:00,PNB,101.43,101.45,101.41,101.44,50254,101.6625,101.80040000000001,101.86319999999999,101.58225,False,False,False,False,False,True,-0.22,-0.35
2024-12-23,15:24:00,PNB,101.44,101.45,101.39,101.43,55883,101.65299999999999,101.78900000000002,101.85949999999998,101.585,False,False,False,False,False,True,-0.22,-0.35
2024-12-23,15:23:00,PNB,101.48,101.49,101.4,101.44,32443,101.635,101.78059999999999,101.8559,101.58760000000001,False,False,False,False,False,True,-0.19,-0.33
2024-12-23,15:22:00,PNB,101.41,101.49,101.41,101.48,41855,101.622,101.77420000000001,101.8532,101.59075000000001,False,False,False,False,False,True,-0.14,-0.29
2024-12-23,15:21:00,PNB,101.35,101.43,101.33,101.41,61423,101.61,101.76700000000001,101.84949999999999,101.59325000000001,False,False,False,False,False,True,-0.2,-0.35
2024-12-23,15:20:00,PNB,101.35,101.43,101.33,101.34,211825,101.5975,101.75880000000001,101.8449,101.5952,False,False,False,False,False,True,-0.25,-0.41
2024-12-23,15:19:00,PNB,101.35,101.35,101.33,101.34,44896,101.57950000000001,101.7498,101.8406,101.59705,False,False,False,False,False,False,-0.24,-0.4
2024-12-23,15:18:00,PNB,101.32,101.38,101.2,101.35,230512,101.5575,101.7398,101.8358,101.5989,False,False,False,False,False,False,-0.2,-0.38
2024-12-23,15:17:00,PNB,101.33,101.35,101.29,101.32,36376,101.541,101.72699999999999,101.8308,101.60079999999999,False,False,False,False,False,False,-0.22,-0.4
2024-12-23,15:16:00,PNB,101.38,101.41,101.3,101.33,105868,101.516,101.71260000000001,101.82549999999999,101.60275000000001,False,False,False,False,False,False,-0.18,-0.38
2024-12-23,15:15:00,PNB,101.45,101.5,101.35,101.36,150757,101.494,101.6992,101.8206,101.605,False,False,False,False,False,False,-0.13,-0.33
2024-12-23,15:14:00,PNB,101.47,101.48,101.42,101.45,44954,101.47850000000001,101.6876,101.8163,101.60770000000001,False,False,False,False,False,False,-0.03,-0.23
2024-12-23,15:13:00,PNB,101.42,101.47,101.4,101.45,81406,101.45400000000001,101.6752,101.81139999999999,101.61030000000001,False,False,False,False,False,False,-0.0,-0.22
2024-12-23,15:12:00,PNB,101.39,101.44,101.39,101.42,48684,101.44,101.661,101.8058,101.61295,False,False,False,False,False,False,-0.02,-0.24
2024-12-23,15:11:00,PNB,101.43,101.43,101.37,101.39,27607,101.4285,101.64800000000001,101.7999,101.61545,False,False,False,False,False,False,-0.04,-0.25
2024-12-23,15:10:00,PNB,101.37,101.43,101.37,101.43,35219,101.41650000000001,101.63279999999999,101.79459999999999,101.61805,False,False,False,False,False,False,0.01,-0.2
2024-12-23,15:09:00,PNB,101.41,101.41,101.34,101.36,53955,101.40700000000001,101.6192,101.7886,101.6198,False,False,False,False,False,False,-0.05,-0.26
2024-12-23,15:08:00,PNB,101.42,101.42,101.4,101.41,83145,101.40400000000001,101.6082,101.78309999999999,101.6216,False,False,False,False,False,False,0.01,-0.2
2024-12-23,15:07:00,PNB,101.38,101.45,101.28,101.42,100633,101.4,101.5986,101.7783,101.62370000000001,False,False,False,False,False,False,0.02,-0.18
2024-12-23,15:06:00,PNB,101.42,101.42,101.33,101.37,79789,101.397,101.5892,101.77339999999998,101.62525,False,False,False,False,False,False,-0.03,-0.22
2024-12-23,15:05:00,PNB,101.37,101.43,101.35,101.41,54683,101.3955,101.58,101.7694,101.62715,False,False,False,False,False,False,0.01,-0.17
2024-12-23,15:04:00,PNB,101.31,101.37,101.26,101.37,48141,101.39250000000001,101.57199999999999,101.76459999999999,101.62890000000002,False,False,False,False,False,False,-0.02,-0.2
2024-12-23,15:03:00,PNB,101.3,101.32,101.26,101.31,22632,101.386,101.56120000000001,101.75929999999998,101.6302,False,False,False,False,False,False,-0.07,-0.25
2024-12-23,15:02:00,PNB,101.32,101.32,101.21,101.28,83717,101.376,101.55,101.7534,101.6312,False,False,False,False,False,False,-0.09,-0.27
2024-12-23,15:01:00,PNB,101.51,101.51,101.29,101.32,87178,101.3715,101.5398,101.7476,101.63275000000002,False,False,False,False,False,False,-0.05,-0.22
2024-12-23,15:00:00,PNB,101.44,101.59,101.44,101.51,95079,101.38000000000001,101.53399999999999,101.74340000000001,101.63515,False,False,False,False,False,False,0.13,-0.02
2024-12-23,14:59:00,PNB,101.37,101.44,101.36,101.42,25281,101.38399999999999,101.52879999999999,101.7386,101.63725000000001,False,False,False,False,False,False,0.04,-0.11
2024-12-23,14:58:00,PNB,101.38,101.4,101.35,101.4,21824,101.3865,101.52,101.73369999999998,101.63914999999999,False,False,False,False,False,False,0.01,-0.12
2024-12-23,14:57:00,PNB,101.42,101.43,101.38,101.4,13947,101.3905,101.51280000000001,101.7281,101.64095000000002,False,False,False,False,False,False,0.01,-0.11
2024-12-23,14:56:00,PNB,101.37,101.45,101.33,101.42,43897,101.395,101.5062,101.7224,101.64295,False,False,False,False,False,False,0.02,-0.08
2024-12-23,14:55:00,PNB,101.39,101.43,101.33,101.4,72032,101.397,101.4998,101.71700000000001,101.64470000000001,False,False,False,False,False,False,0.0,-0.1
2024-12-23,14:54:00,PNB,101.44,101.44,101.34,101.34,50372,101.3915,101.4942,101.71070000000002,101.646,False,False,False,False,False,False,-0.05,-0.15
2024-12-23,14:53:00,PNB,101.43,101.47,101.38,101.42,46011,101.39,101.4866,101.7054,101.6477,False,False,False,False,False,False,0.03,-0.07
2024-12-23,14:52:00,PNB,101.37,101.48,101.36,101.41,49879,101.38950000000001,101.48,101.69900000000001,101.64965000000001,False,False,False,False,False,False,0.02,-0.07
2024-12-23,14:51:00,PNB,101.5,101.5,101.34,101.4,47508,101.39,101.47500000000002,101.6928,101.6514,False,False,False,False,False,False,0.01,-0.07
2024-12-23,14:50:00,PNB,101.53,101.56,101.41,101.49,83346,101.393,101.47300000000001,101.68800000000002,101.65384999999998,True,False,False,False,False,False,0.1,0.02
2024-12-23,14:49:00,PNB,101.64,101.65,101.51,101.52,52595,101.401,101.4694,101.68350000000001,101.6566,True,False,False,False,False,False,0.12,0.05
2024-12-23,14:48:00,PNB,101.71,101.71,101.63,101.65,15093,101.413,101.4666,101.6799,101.6599,True,False,False,False,False,False,0.23,0.18
2024-12-23,14:47:00,PNB,101.7,101.73,101.7,101.71,10039,101.42750000000001,101.46780000000001,101.6789,101.66345,True,True,True,False,False,False,0.28,0.24
2024-12-23,14:46:00,PNB,101.76,101.76,101.66,101.71,39032,101.44449999999999,101.4654,101.6768,101.66709999999999,True,True,True,False,False,False,0.26,0.24
2024-12-23,14:45:00,PNB,101.78,101.79,101.73,101.77,18221,101.4625,101.4648,101.6752,101.6716,True,True,True,False,False,False,0.3,0.3
2024-12-23,14:44:00,PNB,101.8,101.83,101.73,101.78,15951,101.483,101.46519999999998,101.67309999999999,101.676,True,True,True,True,False,False,0.29,0.31
2024-12-23,14:43:00,PNB,101.83,101.85,101.8,101.84,27285,101.5095,101.4632,101.6715,101.68070000000002,True,True,True,True,False,False,0.33,0.37
2024-12-23,14:42:00,PNB,101.84,101.9,101.81,101.85,32136,101.538,101.46620000000001,101.6698,101.68545,True,True,True,True,False,False,0.31,0.38
2024-12-23,14:41:00,PNB,101.81,101.88,101.81,101.84,45008,101.564,101.47060000000002,101.6683,101.69,True,True,True,True,False,False,0.27,0.36
2024-12-23,14:40:00,PNB,101.78,101.82,101.72,101.82,41104,101.5795,101.4736,101.6657,101.69435,True,True,True,True,False,False,0.24,0.34
2024-12-23,14:39:00,PNB,101.77,101.79,101.72,101.78,14087,101.5975,101.4782,101.6637,101.69855,True,True,True,True,False,False,0.18,0.3
2024-12-23,14:38:00,PNB,101.76,101.78,101.73,101.76,18146,101.6155,101.484,101.66130000000001,101.70245000000001,True,True,True,True,False,False,0.14,0.27
2024-12-23,14:37:00,PNB,101.73,101.8,101.69,101.76,18282,101.6335,101.4892,101.65799999999999,101.70655,True,True,True,True,False,False,0.12,0.27
2024-12-23,14:36:00,PNB,101.74,101.75,101.68,101.7,6828,101.64750000000001,101.4946,101.654,101.7103,True,True,False,True,False,False,0.05,0.2
2024-12-23,14:35:00,PNB,101.7,101.77,101.65,101.75,39059,101.66499999999999,101.5008,101.6506,101.71405,True,True,True,True,True,False,0.08,0.25
2024-12-23,14:34:00,PNB,101.69,101.7,101.63,101.68,16725,101.682,101.5058,101.6474,101.71719999999999,True,True,False,True,True,False,-0.0,0.17
2024-12-23,14:33:00,PNB,101.74,101.76,101.69,101.7,18558,101.696,101.51100000000001,101.6458,101.72060000000002,True,True,False,True,True,False,0.0,0.19
2024-12-23,14:32:00,PNB,101.75,101.77,101.69,101.74,17166,101.7125,101.51619999999998,101.6452,101.72425,True,True,True,True,True,False,0.03,0.22
2024-12-23,14:31:00,PNB,101.74,101.76,101.69,101.76,6143,101.7305,101.5232,101.64509999999999,101.7278,True,True,True,True,True,True,0.03,0.23
2024-12-23,14:30:00,PNB,101.72,101.74,101.7,101.73,6147,101.7425,101.53099999999999,101.64489999999999,101.7306,True,True,False,True,True,True,-0.01,0.2
2024-12-23,14:29:00,PNB,101.76,101.82,101.7,101.73,27343,101.753,101.53880000000001,101.6443,101.73355,True,True,False,True,True,True,-0.02,0.19
2024-12-23,14:28:00,PNB,101.69,101.79,101.62,101.76,42764,101.7585,101.54700000000001,101.6434,101.7367,True,True,True,True,True,True,0.0,0.21
2024-12-23,14:27:00,PNB,101.74,101.74,101.68,101.69,22094,101.7575,101.5544,101.64070000000001,101.73864999999999,True,True,False,True,True,True,-0.07,0.13
2024-12-23,14:26:00,PNB,101.76,101.76,101.69,101.74,20784,101.759,101.5626,101.6376,101.74019999999999,True,True,False,True,True,True,-0.02,0.17
2024-12-23,14:25:00,PNB,101.75,101.8,101.75,101.76,14538,101.7585,101.5706,101.63490000000002,101.74130000000001,True,True,True,True,True,True,0.0,0.19
2024-12-23,14:24:00,PNB,101.76,101.77,101.75,101.76,20180,101.7575,101.5768,101.6322,101.7421,True,True,True,True,True,True,0.0,0.18
2024-12-23,14:23:00,PNB,101.77,101.79,101.75,101.75,11016,101.753,101.5828,101.62899999999999,101.74289999999999,True,True,True,True,True,True,-0.0,0.16
2024-12-23,14:22:00,PNB,101.83,101.85,101.77,101.79,7946,101.75000000000001,101.59020000000001,101.62559999999999,101.74415,True,True,True,True,True,True,0.04,0.2
2024-12-23,14:21:00,PNB,101.81,101.85,101.79,101.82,8778,101.749,101.5988,101.6234,101.74475000000001,True,True,True,True,True,True,0.07,0.22
2024-12-23,14:20:00,PNB,101.79,101.81,101.75,101.81,6696,101.7485,101.60640000000001,101.61959999999999,101.74535,True,True,True,True,True,True,0.06,0.2
2024-12-23,14:19:00,PNB,101.77,101.8,101.74,101.75,7675,101.747,101.6142,101.6167,101.74525000000001,True,True,True,True,True,True,0.0,0.13
2024-12-23,14:18:00,PNB,101.75,101.82,101.74,101.77,20499,101.7475,101.6214,101.6148,101.74525000000001,True,True,True,True,True,True,0.02,0.15
2024-12-23,14:17:00,PNB,101.8,101.81,101.75,101.75,43034,101.747,101.62799999999999,101.6133,101.74515000000001,True,True,True,True,True,True,0.0,0.12
2024-12-23,14:16:00,PNB,101.82,101.82,101.75,101.81,15179,101.7525,101.63680000000001,101.613,101.74529999999999,True,True,True,True,True,True,0.06,0.17
2024-12-23,14:15:00,PNB,101.72,101.83,101.67,101.82,66612,101.756,101.645,101.6125,101.74555000000001,True,True,True,True,True,True,0.06,0.17
2024-12-23,14:14:00,PNB,101.7,101.75,101.69,101.74,29092,101.759,101.6524,101.61220000000002,101.74545,True,True,False,True,True,True,-0.02,0.09
2024-12-23,14:13:00,PNB,101.66,101.73,101.64,101.72,31381,101.75999999999999,101.66059999999999,101.6109,101.74535000000002,True,True,False,True,True,True,-0.04,0.06
2024-12-23,14:12:00,PNB,101.63,101.67,101.63,101.67,11151,101.75649999999999,101.6684,101.6092,101.74495,True,True,False,True,True,True,-0.09,0.0
2024-12-23,14:11:00,PNB,101.66,101.67,101.6,101.66,13878,101.7515,101.6752,101.6075,101.74465000000001,False,True,False,True,True,True,-0.09,-0.01
2024-12-23,14:10:00,PNB,101.64,101.7,101.64,101.66,10417,101.74799999999999,101.6782,101.60610000000001,101.74465000000001,False,True,False,True,True,True,-0.09,-0.02
2024-12-23,14:09:00,PNB,101.62,101.68,101.58,101.65,25581,101.744,101.6828,101.6058,101.74480000000001,False,True,False,True,True,False,-0.09,-0.03
2024-12-23,14:08:00,PNB,101.66,101.7,101.62,101.62,8560,101.737,101.68720000000002,101.6036,101.7445,False,True,False,True,True,False,-0.12,-0.07
2024-12-23,14:07:00,PNB,101.63,101.7,101.63,101.67,15870,101.736,101.6926,101.6027,101.74445,False,True,False,True,True,False,-0.06,-0.02
2024-12-23,14:06:00,PNB,101.62,101.68,101.61,101.64,5182,101.73100000000001,101.69699999999999,101.6016,101.74405,False,True,False,True,True,False,-0.09,-0.06
2024-12-23,14:05:00,PNB,101.6,101.65,101.6,101.65,10723,101.7255,101.70200000000001,101.6009,101.74369999999999,False,True,False,True,True,False,-0.07,-0.05
2024-12-23,14:04:00,PNB,101.61,101.65,101.58,101.61,13331,101.718,101.70739999999999,101.60079999999999,101.743,False,True,False,True,True,False,-0.11,-0.1
2024-12-23,14:03:00,PNB,101.58,101.67,101.57,101.63,20847,101.712,101.7116,101.59910000000002,101.7423,False,True,False,True,True,False,-0.08,-0.08
2024-12-23,14:02:00,PNB,101.68,101.68,101.58,101.59,17008,101.702,101.71520000000001,101.59759999999999,101.7415,False,False,False,False,True,False,-0.11,-0.12
2024-12-23,14:01:00,PNB,101.66,101.69,101.55,101.65,39649,101.6935,101.72019999999999,101.5976,101.74085,False,True,False,False,True,False,-0.04,-0.07
2024-12-23,14:00:00,PNB,101.72,101.72,101.61,101.66,33203,101.686,101.72359999999999,101.5983,101.74019999999999,False,True,False,False,True,False,-0.03,-0.06
2024-12-23,13:59:00,PNB,101.73,101.75,101.71,101.71,13559,101.684,101.7274,101.5984,101.73975,False,True,False,False,True,False,0.03,-0.02
2024-12-23,13:58:00,PNB,101.72,101.75,101.71,101.73,4155,101.682,101.729,101.59779999999999,101.7393,True,True,False,False,True,False,0.05,0.0
2024-12-23,13:57:00,PNB,101.71,101.77,101.71,101.75,38093,101.682,101.7298,101.5988,101.73885,True,True,True,False,True,False,0.07,0.02
2024-12-23,13:56:00,PNB,101.75,101.75,101.7,101.71,11454,101.67699999999999,101.7298,101.5976,101.73805,False,True,False,False,True,False,0.03,-0.02
2024-12-23,13:55:00,PNB,101.84,101.84,101.7,101.75,27642,101.67349999999999,101.7294,101.59710000000001,101.73785,True,True,True,False,True,False,0.08,0.02
2024-12-23,13:54:00,PNB,101.94,101.94,101.83,101.86,18243,101.67949999999999,101.73100000000001,101.59810000000002,101.73805,True,True,True,False,True,False,0.18,0.13
2024-12-23,13:53:00,PNB,101.95,101.98,101.93,101.94,32690,101.69050000000001,101.733,101.59809999999999,101.73899999999999,True,True,True,False,True,False,0.25,0.2
2024-12-23,13:52:00,PNB,101.92,101.99,101.88,101.95,16541,101.70450000000001,101.735,101.6006,101.73975,True,True,True,False,True,False,0.24,0.21
2024-12-23,13:51:00,PNB,101.91,101.92,101.9,101.9,7529,101.7165,101.7362,101.60340000000001,101.74015000000001,True,True,True,False,True,False,0.18,0.16
2024-12-23,13:50:00,PNB,101.99,101.99,101.9,101.91,7078,101.72900000000001,101.738,101.6058,101.74070000000002,True,True,True,False,True,False,0.18,0.17
2024-12-23,13:49:00,PNB,101.94,101.99,101.94,101.98,8518,101.7455,101.742,101.61009999999999,101.74175000000001,True,True,True,True,True,True,0.23,0.23
2024-12-23,13:48:00,PNB,101.98,102.04,101.9,101.94,43662,101.76149999999998,101.7456,101.6148,101.74285,True,True,True,True,True,True,0.18,0.19
2024-12-23,13:47:00,PNB,101.89,101.99,101.89,101.95,46743,101.7755,101.74940000000001,101.61930000000001,101.74395,True,True,True,True,True,True,0.17,0.2
2024-12-23,13:46:00,PNB,101.95,101.95,101.88,101.9,48823,101.7885,101.7534,101.624,101.7449,True,True,True,True,True,True,0.11,0.14
2024-12-23,13:45:00,PNB,101.98,102.0,101.94,101.97,12987,101.8045,101.7578,101.6293,101.74625,True,True,True,True,True,True,0.16,0.21
2024-12-23,13:44:00,PNB,101.88,102.0,101.88,101.96,70936,101.822,101.7634,101.6346,101.74705,True,True,True,True,True,True,0.14,0.19
2024-12-23,13:43:00,PNB,101.88,101.96,101.87,101.88,66737,101.8345,101.76700000000001,101.639,101.74744999999999,True,True,True,True,True,True,0.04,0.11
2024-12-23,13:42:00,PNB,101.82,101.93,101.82,101.88,26061,101.849,101.76979999999999,101.64300000000001,101.7481,True,True,True,True,True,True,0.03,0.11
2024-12-23,13:41:00,PNB,101.87,101.87,101.79,101.81,8382,101.857,101.7708,101.647,101.74824999999998,True,True,True,True,True,True,-0.05,0.04
2024-12-23,13:40:00,PNB,101.83,101.93,101.81,101.82,152730,101.865,101.7726,101.65180000000001,101.74835000000002,True,True,True,True,True,True,-0.04,0.05
2024-12-23,13:39:00,PNB,101.93,101.93,101.82,101.82,30843,101.87049999999999,101.7744,101.6566,101.74860000000001,True,True,True,True,True,True,-0.05,0.04
2024-12-23,13:38:00,PNB,101.77,101.94,101.76,101.89,40254,101.8785,101.77699999999999,101.662,101.7489,True,True,True,True,True,True,0.01,0.11
2024-12-23,13:37:00,PNB,101.75,101.77,101.69,101.77,18982,101.8795,101.77860000000001,101.6665,101.74865,False,True,True,True,True,True,-0.11,-0.01
2024-12-23,13:36:00,PNB,101.75,101.78,101.72,101.72,12122,101.88000000000001,101.7782,101.67040000000001,101.74795,False,True,False,True,True,True,-0.16,-0.06
2024-12-23,13:35:00,PNB,101.74,101.78,101.72,101.73,21047,101.87899999999999,101.7776,101.6741,101.74734999999998,False,True,False,True,True,True,-0.15,-0.05
2024-12-23,13:34:00,PNB,101.79,101.79,101.72,101.74,8734,101.873,101.7772,101.677,101.74664999999999,False,True,False,True,True,True,-0.13,-0.04
2024-12-23,13:33:00,PNB,101.73,101.79,101.72,101.79,22358,101.8655,101.77799999999999,101.6804,101.7459,True,True,True,True,True,True,-0.07,0.01
2024-12-23,13:32:00,PNB,101.72,101.73,101.7,101.71,5432,101.85350000000001,101.7764,101.6833,101.74455,False,True,False,True,True,True,-0.14,-0.07
2024-12-23,13:31:00,PNB,101.75,101.77,101.68,101.72,13788,101.84450000000001,101.7744,101.6866,101.74325,False,True,False,True,True,True,-0.12,-0.05
2024-12-23,13:30:00,PNB,101.74,101.76,101.67,101.74,13710,101.83599999999998,101.773,101.68970000000002,101.74215,False,True,False,True,True,True,-0.09,-0.03
2024-12-23,13:29:00,PNB,101.67,101.74,101.63,101.7,11671,101.82199999999999,101.77199999999999,101.6931,101.74085,False,True,False,True,True,True,-0.12,-0.07
2024-12-23,13:28:00,PNB,101.7,101.71,101.62,101.67,13748,101.80850000000001,101.77,101.6957,101.7394,False,False,False,True,True,True,-0.14,-0.1
2024-12-23,13:27:00,PNB,101.8,101.82,101.7,101.7,8986,101.796,101.76899999999999,101.69850000000001,101.7384,False,True,False,True,True,True,-0.09,-0.07
2024-12-23,13:26:00,PNB,101.81,101.85,101.79,101.83,7501,101.79249999999999,101.7694,101.7031,101.73825000000001,True,True,True,True,True,True,0.04,0.06
2024-12-23,13:25:00,PNB,101.88,101.95,101.8,101.87,89316,101.7875,101.77040000000001,101.70769999999999,101.73854999999999,True,True,True,True,True,True,0.08,0.1
2024-12-23,13:24:00,PNB,101.73,101.88,101.67,101.88,107671,101.78349999999999,101.77320000000002,101.7128,101.73870000000001,True,True,True,True,True,True,0.09,0.1
2024-12-23,13:23:00,PNB,101.69,101.74,101.69,101.71,33543,101.775,101.773,101.7168,101.73805,False,False,False,True,True,True,-0.06,-0.06
2024-12-23,13:22:00,PNB,101.73,101.75,101.69,101.69,5467,101.7655,101.7734,101.7209,101.73714999999999,False,False,False,False,True,True,-0.07,-0.08
2024-12-23,13:21:00,PNB,101.67,101.8,101.67,101.76,19871,101.763,101.7754,101.7253,101.73645,False,True,True,False,True,True,-0.0,-0.02
2024-12-23,13:20:00,PNB,101.65,101.69,101.63,101.69,22918,101.7565,101.77600000000001,101.72710000000001,101.73525,False,False,False,False,True,True,-0.07,-0.08
2024-12-23,13:19:00,PNB,101.72,101.72,101.65,101.65,15714,101.748,101.77600000000001,101.7294,101.734,False,False,False,False,True,True,-0.1,-0.12
2024-12-23,13:18:00,PNB,101.72,101.81,101.7,101.72,36798,101.73949999999999,101.77799999999999,101.7326,101.73315000000001,False,False,False,False,True,True,-0.02,-0.06
2024-12-23,13:17:00,PNB,101.82,101.82,101.7,101.71,14016,101.7365,101.77879999999999,101.73570000000001,101.73190000000001,False,False,False,False,True,True,-0.03,-0.07
2024-12-23,13:16:00,PNB,101.65,101.86,101.6,101.84,127892,101.74249999999999,101.78280000000001,101.73990000000002,101.73115,True,True,True,False,True,True,0.1,0.06
2024-12-23,13:15:00,PNB,101.59,101.65,101.55,101.65,36478,101.7385,101.7828,101.7424,101.7297,False,False,False,False,False,True,-0.09,-0.13
2024-12-23,13:14:00,PNB,101.61,101.66,101.55,101.6,56848,101.7315,101.7826,101.745,101.72785,False,False,False,False,False,True,-0.13,-0.18
2024-12-23,13:13:00,PNB,101.64,101.64,101.58,101.6,16124,101.72200000000001,101.78200000000001,101.74680000000001,101.7261,False,False,False,False,False,False,-0.12,-0.18
2024-12-23,13:12:00,PNB,101.72,101.74,101.59,101.61,19840,101.717,101.7824,101.74879999999999,101.7239,False,False,False,False,False,False,-0.11,-0.17
2024-12-23,13:11:00,PNB,101.69,101.72,101.63,101.71,32363,101.7165,101.7836,101.75189999999999,101.72234999999999,False,False,False,False,False,False,-0.01,-0.07
2024-12-23,13:10:00,PNB,101.64,101.7,101.63,101.69,43689,101.71400000000001,101.7842,101.75389999999999,101.72095000000002,False,False,False,False,False,False,-0.02,-0.09
2024-12-23,13:09:00,PNB,101.68,101.68,101.63,101.64,8523,101.711,101.78280000000001,101.7551,101.7193,False,False,False,False,False,False,-0.07,-0.14
2024-12-23,13:08:00,PNB,101.72,101.75,101.68,101.68,12374,101.7115,101.7818,101.7554,101.71765,False,False,False,False,False,False,-0.03,-0.1
2024-12-23,13:07:00,PNB,101.74,101.74,101.67,101.7,13391,101.7115,101.7808,101.7553,101.71709999999999,False,False,False,False,False,False,-0.01,-0.08
2024-12-23,13:06:00,PNB,101.81,101.81,101.72,101.73,22840,101.7065,101.78119999999998,101.7555,101.71615000000001,False,False,True,False,False,False,0.02,-0.05
2024-12-23,13:05:00,PNB,101.8,101.85,101.77,101.82,7300,101.704,101.7826,101.75599999999999,101.71560000000001,True,True,True,False,False,False,0.11,0.04
2024-12-23,13:04:00,PNB,101.75,101.81,101.75,101.8,27822,101.7,101.78140000000002,101.7562,101.71465,True,True,True,False,False,False,0.1,0.02
2024-12-23,13:03:00,PNB,101.75,101.79,101.7,101.79,35693,101.704,101.7784,101.75569999999999,101.7136,True,True,True,False,False,False,0.08,0.01
2024-12-23,13:02:00,PNB,101.58,101.83,101.57,101.72,64019,101.7055,101.7738,101.7544,101.71209999999999,False,False,True,False,False,False,0.01,-0.05
2024-12-23,13:01:00,PNB,101.58,101.7,101.53,101.57,71530,101.696,101.76720000000002,101.7517,101.71,False,False,False,False,False,False,-0.12,-0.19
2024-12-23,13:00:00,PNB,101.57,101.6,101.53,101.58,105911,101.69050000000001,101.76060000000001,101.7493,101.7075,False,False,False,False,False,False,-0.11,-0.18
2024-12-23,12:59:00,PNB,101.58,101.6,101.55,101.55,16129,101.6855,101.752,101.74699999999999,101.70535,False,False,False,False,False,False,-0.13,-0.2
2024-12-23,12:58:00,PNB,101.55,101.65,101.55,101.6,33652,101.67949999999999,101.74520000000001,101.74539999999999,101.70335000000001,False,False,False,False,False,False,-0.08,-0.14
2024-12-23,12:57:00,PNB,101.68,101.69,101.51,101.57,116867,101.67249999999999,101.73759999999999,101.7435,101.70075000000001,False,False,False,False,False,False,-0.1,-0.16
2024-12-23,12:56:00,PNB,101.7,101.73,101.66,101.69,22727,101.66499999999999,101.7334,101.74340000000001,101.6987,False,False,False,False,False,False,0.02,-0.04
2024-12-23,12:55:00,PNB,101.64,101.75,101.64,101.7,49711,101.66749999999999,101.728,101.7429,101.69675000000001,False,False,True,False,False,False,0.03,-0.03
2024-12-23,12:54:00,PNB,101.76,101.77,101.63,101.63,55500,101.66900000000001,101.72139999999999,101.7424,101.6949,False,False,False,False,False,False,-0.04,-0.09
2024-12-23,12:53:00,PNB,101.69,101.79,101.66,101.76,94458,101.67699999999999,101.719,101.74300000000001,101.6944,True,True,True,False,False,False,0.08,0.04
2024-12-23,12:52:00,PNB,101.7,101.71,101.67,101.68,10942,101.6805,101.715,101.7424,101.69380000000001,False,False,False,False,False,False,-0.0,-0.03
2024-12-23,12:51:00,PNB,101.74,101.75,101.67,101.7,38300,101.67999999999999,101.7128,101.7418,101.69345000000001,False,False,True,False,False,False,0.02,-0.01
2024-12-23,12:50:00,PNB,101.66,101.75,101.65,101.74,43231,101.68249999999999,101.7112,101.74189999999999,101.6934,True,False,True,False,False,False,0.06,0.03
2024-12-23,12:49:00,PNB,101.85,101.88,101.65,101.66,135294,101.68350000000001,101.708,101.74119999999999,101.69274999999999,False,False,False,False,False,False,-0.02,-0.05
2024-12-23,12:48:00,PNB,101.93,101.93,101.85,101.85,11640,101.692,101.70720000000001,101.7421,101.69275000000002,True,True,True,False,False,False,0.16,0.14
2024-12-23,12:47:00,PNB,102.01,102.04,101.92,101.93,16195,101.70349999999999,101.71039999999999,101.74449999999999,101.6926,True,True,True,False,False,True,0.22,0.22
2024-12-23,12:46:00,PNB,102.05,102.08,102.0,102.02,49102,101.71799999999999,101.71640000000001,101.7473,101.69245,True,True,True,True,False,True,0.3,0.3
2024-12-23,12:45:00,PNB,102.13,102.14,102.04,102.06,12143,101.72999999999999,101.723,101.75029999999998,101.6926,True,True,True,True,False,True,0.32,0.33
2024-12-23,12:44:00,PNB,102.02,102.19,102.02,102.12,35831,101.74600000000001,101.7306,101.75390000000002,101.69304999999999,True,True,True,True,False,True,0.37,0.38
2024-12-23,12:43:00,PNB,101.94,102.04,101.93,102.02,25882,101.75750000000001,101.7352,101.75659999999999,101.69279999999999,True,True,True,True,True,True,0.26,0.28
2024-12-23,12:42:00,PNB,101.97,102.03,101.94,102.01,54546,101.772,101.7412,101.7588,101.69220000000001,True,True,True,True,True,True,0.23,0.26
2024-12-23,12:41:00,PNB,101.89,101.99,101.87,101.97,26459,101.792,101.74619999999999,101.7603,101.69184999999999,True,True,True,True,True,True,0.17,0.22
2024-12-23,12:40:00,PNB,101.88,101.92,101.82,101.88,34539,101.80699999999999,101.749,101.76100000000001,101.69030000000001,True,True,True,True,True,True,0.07,0.13
2024-12-23,12:39:00,PNB,101.85,101.9,101.83,101.86,29968,101.8225,101.75220000000002,101.7621,101.6894,True,True,True,True,True,True,0.04,0.11
2024-12-23,12:38:00,PNB,101.9,101.95,101.83,101.83,39734,101.834,101.75540000000001,101.76270000000001,101.68875,True,True,True,True,True,True,-0.0,0.07
2024-12-23,12:37:00,PNB,101.87,101.95,101.87,101.94,37052,101.8525,101.7602,101.76460000000002,101.68895,True,True,True,True,True,True,0.09,0.18
2024-12-23,12:36:00,PNB,101.89,101.9,101.85,101.9,8051,101.863,101.7616,101.76550000000002,101.68924999999999,True,True,True,True,True,True,0.04,0.14
2024-12-23,12:35:00,PNB,101.9,101.94,101.85,101.87,13296,101.8715,101.7616,101.76599999999999,101.68925000000002,True,True,True,True,True,True,-0.0,0.11
2024-12-23,12:34:00,PNB,101.9,101.95,101.9,101.9,18594,101.88499999999999,101.76199999999999,101.7676,101.6899,True,True,True,True,True,True,0.01,0.14
2024-12-23,12:33:00,PNB,101.91,101.95,101.9,101.9,1199,101.892,101.76580000000001,101.7694,101.69014999999999,True,True,True,True,True,True,0.01,0.13
2024-12-23,12:32:00,PNB,101.91,101.95,101.88,101.9,36430,101.903,101.77,101.7717,101.69044999999998,True,True,True,True,True,True,-0.0,0.13
2024-12-23,12:31:00,PNB,101.91,101.95,101.87,101.91,22284,101.9135,101.773,101.77420000000001,101.69085000000001,True,True,True,True,True,True,-0.0,0.13
2024-12-23,12:30:00,PNB,102.0,102.0,101.86,101.91,13947,101.922,101.7774,101.7767,101.69140000000002,True,True,True,True,True,True,-0.01,0.13
2024-12-23,12:29:00,PNB,102.01,102.05,101.9,102.02,16990,101.94,101.78479999999999,101.78040000000001,101.6931,True,True,True,True,True,True,0.08,0.23
2024-12-23,12:28:00,PNB,102.01,102.03,101.95,102.03,32883,101.949,101.791,101.78450000000001,101.69405,True,True,True,True,True,True,0.08,0.23
2024-12-23,12:27:00,PNB,102.05,102.05,101.99,102.03,37510,101.954,101.7974,101.7881,101.69539999999999,True,True,True,True,True,True,0.07,0.23
2024-12-23,12:26:00,PNB,102.03,102.05,101.99,102.04,34066,101.955,101.8014,101.7921,101.69685,True,True,True,True,True,True,0.08,0.23
2024-12-23,12:25:00,PNB,102.02,102.07,101.99,102.0,33240,101.952,101.8084,101.79560000000001,101.69825,True,True,True,True,True,True,0.05,0.19
2024-12-23,12:24:00,PNB,102.01,102.07,101.99,102.02,20642,101.947,101.8168,101.79969999999999,101.70025,True,True,True,True,True,True,0.07,0.2
2024-12-23,12:23:00,PNB,102.07,102.1,101.98,102.01,12714,101.9465,101.825,101.80349999999999,101.70129999999999,True,True,True,True,True,True,0.06,0.18
2024-12-23,12:22:00,PNB,102.21,102.21,102.02,102.03,19178,101.9475,101.8334,101.8079,101.70275,True,True,True,True,True,True,0.08,0.19
2024-12-23,12:21:00,PNB,102.13,102.21,102.1,102.21,25030,101.9595,101.8434,101.81349999999999,101.70555,True,True,True,True,True,True,0.25,0.36
2024-12-23,12:20:00,PNB,102.18,102.19,102.13,102.15,42983,101.973,101.8526,101.8184,101.70835,True,True,True,True,True,True,0.17,0.29
2024-12-23,12:19:00,PNB,102.14,102.19,102.13,102.19,9113,101.98949999999999,101.8636,101.8232,101.7108,True,True,True,True,True,True,0.2,0.32
2024-12-23,12:18:00,PNB,102.08,102.15,102.03,102.14,13334,102.005,101.87279999999998,101.82730000000001,101.71255000000001,True,True,True,True,True,True,0.13,0.26
2024-12-23,12:17:00,PNB,101.93,102.12,101.93,102.1,75200,102.013,101.8808,101.8308,101.7148,True,True,True,True,True,True,0.09,0.22
2024-12-23,12:16:00,PNB,101.97,102.0,101.92,101.93,34700,102.01450000000001,101.88480000000001,101.833,101.71529999999998,True,True,True,True,True,True,-0.08,0.04
2024-12-23,12:15:00,PNB,102.1,102.1,101.92,101.97,74687,102.0195,101.88779999999998,101.8352,101.71615,True,True,True,True,True,True,-0.05,0.08
2024-12-23,12:14:00,PNB,102.07,102.1,102.0,102.1,171564,102.02950000000001,101.8938,101.83759999999998,101.71785,True,True,True,True,True,True,0.07,0.2
2024-12-23,12:13:00,PNB,101.9,102.06,101.9,102.06,109989,102.0375,101.89920000000001,101.8388,101.71844999999999,True,True,True,True,True,True,0.02,0.16
2024-12-23,12:12:00,PNB,101.81,101.9,101.81,101.9,47912,102.0375,101.90280000000001,101.8383,101.71945,False,True,True,True,True,True,-0.13,-0.0
2024-12-23,12:11:00,PNB,101.83,101.87,101.8,101.81,55762,102.0325,101.90759999999999,101.8374,101.72039999999998,False,False,True,True,True,True,-0.22,-0.1
2024-12-23,12:10:00,PNB,101.9,101.9,101.82,101.86,13677,102.03,101.9132,101.8369,101.72135,False,True,True,True,True,True,-0.17,-0.05
2024-12-23,12:09:00,PNB,101.85,101.9,101.82,101.9,27341,102.024,101.92020000000001,101.8361,101.72310000000002,False,True,True,True,True,True,-0.12,-0.02
2024-12-23,12:08:00,PNB,101.95,101.96,101.8,101.82,57925,102.0135,101.92460000000001,101.8349,101.72485,False,False,True,True,True,True,-0.19,-0.1
2024-12-23,12:07:00,PNB,102.02,102.04,101.95,101.95,13464,102.0095,101.93220000000001,101.8349,101.7271,True,True,True,True,True,True,-0.06,0.02
2024-12-23,12:06:00,PNB,101.99,102.04,101.92,102.0,40507,102.00750000000001,101.9384,101.8359,101.72994999999999,True,True,True,True,True,True,-0.01,0.06
2024-12-23,12:05:00,PNB,102.04,102.07,101.95,102.0,30265,102.00750000000001,101.9444,101.8362,101.73275,True,True,True,True,True,True,-0.01,0.05
2024-12-23,12:04:00,PNB,102.06,102.08,102.0,102.04,50435,102.0085,101.9526,101.83699999999999,101.7358,True,True,True,True,True,True,0.03,0.09
2024-12-23,12:03:00,PNB,102.09,102.19,102.01,102.09,38804,102.0125,101.9592,101.8391,101.73904999999999,True,True,True,True,True,True,0.08,0.13
2024-12-23,12:02:00,PNB,102.05,102.12,102.01,102.1,65918,102.01599999999999,101.9676,101.84129999999999,101.74215,True,True,True,True,True,True,0.08,0.13
2024-12-23,12:01:00,PNB,102.06,102.14,102.05,102.05,25105,102.00800000000001,101.9746,101.84370000000001,101.74535,True,True,True,True,True,True,0.04,0.07
2024-12-23,12:00:00,PNB,102.11,102.13,102.04,102.06,42391,102.0035,101.98100000000001,101.8461,101.74894999999998,True,True,True,True,True,True,0.06,0.08
2024-12-23,11:59:00,PNB,102.17,102.2,102.11,102.11,20983,101.9995,101.99,101.84899999999999,101.7528,True,True,True,True,True,True,0.11,0.12
2024-12-23,11:58:00,PNB,102.15,102.2,102.15,102.2,10460,102.00250000000001,101.99699999999999,101.8521,101.75704999999999,True,True,True,True,True,True,0.19,0.2
2024-12-23,11:57:00,PNB,102.1,102.18,102.05,102.18,50503,102.00649999999999,102.00200000000001,101.8562,101.76135000000001,True,True,True,True,True,True,0.17,0.17
2024-12-23,11:56:00,PNB,102.11,102.15,102.06,102.07,42067,102.0135,102.00299999999999,101.85969999999999,101.76504999999999,True,True,True,True,True,True,0.06,0.07
2024-12-23,11:55:00,PNB,102.23,102.23,102.1,102.1,49127,102.02000000000001,102.00380000000001,101.8634,101.76875,True,True,True,True,True,True,0.08,0.09
2024-12-23,11:54:00,PNB,102.27,102.27,102.17,102.22,8280,102.026,102.0058,101.8682,101.7726,True,True,True,True,True,True,0.19,0.21
2024-12-23,11:53:00,PNB,102.15,102.27,102.14,102.26,20154,102.036,102.0106,101.87289999999999,101.77665,True,True,True,True,True,True,0.22,0.24
2024-12-23,11:52:00,PNB,102.24,102.28,102.15,102.16,34850,102.049,102.01359999999998,101.8774,101.78035,True,True,True,True,True,True,0.11,0.14
2024-12-23,11:51:00,PNB,102.2,102.25,102.2,102.22,19999,102.06949999999999,102.0186,101.88240000000002,101.7845,True,True,True,True,True,True,0.15,0.2
2024-12-23,11:50:00,PNB,102.25,102.26,102.2,102.2,5116,102.0865,102.025,101.88699999999999,101.78835,True,True,True,True,True,True,0.11,0.17
2024-12-23,11:49:00,PNB,102.21,102.29,102.21,102.23,49029,102.103,102.0324,101.89229999999999,101.79270000000001,True,True,True,True,True,True,0.12,0.19
2024-12-23,11:48:00,PNB,102.2,102.26,102.2,102.21,11441,102.1225,102.04,101.8977,101.7967,True,True,True,True,True,True,0.09,0.17
2024-12-23,11:47:00,PNB,102.3,102.31,102.2,102.2,33658,102.135,102.04520000000001,101.90269999999998,101.80059999999999,True,True,True,True,True,True,0.06,0.15
2024-12-23,11:46:00,PNB,102.35,102.35,102.3,102.31,22137,102.1505,102.0534,101.9075,101.8053,True,True,True,True,True,True,0.16,0.25
2024-12-23,11:45:00,PNB,102.33,102.35,102.3,102.34,30215,102.16749999999999,102.06279999999998,101.91220000000001,101.80995000000001,True,True,True,True,True,True,0.17,0.27
2024-12-23,11:44:00,PNB,102.29,102.35,102.29,102.32,16693,102.1815,102.0712,101.9166,101.81469999999999,True,True,True,True,True,True,0.14,0.24
2024-12-23,11:43:00,PNB,102.3,102.33,102.28,102.3,19138,102.192,102.07919999999999,101.9225,101.81965,True,True,True,True,True,True,0.11,0.22
2024-12-23,11:42:00,PNB,102.25,102.35,102.24,102.3,19235,102.202,102.0872,101.9286,101.82474999999998,True,True,True,True,True,True,0.1,0.21
2024-12-23,11:41:00,PNB,102.36,102.36,102.25,102.28,29979,102.2135,102.09460000000001,101.93379999999999,101.82955,True,True,True,True,True,True,0.07,0.18
2024-12-23,11:40:00,PNB,102.37,102.39,102.32,102.35,6393,102.22800000000001,102.10340000000001,101.9404,101.83375,True,True,True,True,True,True,0.12,0.24
2024-12-23,11:39:00,PNB,102.3,102.43,102.3,102.39,50060,102.24199999999999,102.1108,101.94779999999999,101.83859999999999,True,True,True,True,True,True,0.14,0.27
2024-12-23,11:38:00,PNB,102.37,102.4,102.25,102.3,33839,102.24699999999999,102.1162,101.95360000000001,101.84309999999999,True,True,True,True,True,True,0.05,0.18
2024-12-23,11:37:00,PNB,102.39,102.42,102.35,102.4,49818,102.25800000000001,102.12360000000001,101.9605,101.84809999999999,True,True,True,True,True,True,0.14,0.27
2024-12-23,11:36:00,PNB,102.24,102.44,102.23,102.39,108859,102.274,102.13060000000002,101.96599999999998,101.85295,True,True,True,True,True,True,0.11,0.25
2024-12-23,11:35:00,PNB,102.19,102.25,102.18,102.25,33303,102.28150000000001,102.13560000000001,101.972,101.85719999999999,True,True,True,True,True,True,-0.03,0.11
2024-12-23,11:34:00,PNB,102.15,102.22,102.14,102.2,45131,102.28049999999999,102.1392,101.978,101.86149999999999,True,True,True,True,True,True,-0.08,0.06
2024-12-23,11:33:00,PNB,102.1,102.16,102.08,102.15,74057,102.275,102.142,101.9835,101.86515000000001,True,True,True,True,True,True,-0.12,0.01
2024-12-23,11:32:00,PNB,102.14,102.18,102.09,102.11,14390,102.2725,102.1436,101.9885,101.86865,False,True,True,True,True,True,-0.16,-0.03
2024-12-23,11:31:00,PNB,102.17,102.21,102.11,102.11,23042,102.26700000000001,102.1416,101.9925,101.87219999999999,False,True,True,True,True,True,-0.15,-0.03
2024-12-23,11:30:00,PNB,102.17,102.2,102.13,102.18,13553,102.266,102.14220000000002,101.9974,101.87565000000001,True,True,True,True,True,True,-0.08,0.04
2024-12-23,11:29:00,PNB,102.15,102.2,102.12,102.18,43324,102.2635,102.142,102.0028,101.87895,True,True,True,True,True,True,-0.08,0.04
2024-12-23,11:28:00,PNB,102.13,102.15,102.09,102.12,5855,102.259,102.1416,102.00720000000001,101.8813,False,True,True,True,True,True,-0.14,-0.02
2024-12-23,11:27:00,PNB,102.14,102.17,102.1,102.15,20962,102.2565,102.1426,102.0117,101.8835,True,True,True,True,True,True,-0.1,0.01
2024-12-23,11:26:00,PNB,102.07,102.16,102.07,102.13,18877,102.2475,102.14659999999999,102.0157,101.88560000000001,False,True,True,True,True,True,-0.11,-0.02
2024-12-23,11:25:00,PNB,101.98,102.08,101.96,102.06,31663,102.2335,102.1484,102.01810000000002,101.88705,False,True,True,True,True,True,-0.17,-0.09
2024-12-23,11:24:00,PNB,102.01,102.03,101.96,102.0,50295,102.2175,102.1464,102.0201,101.88814999999998,False,False,True,True,True,True,-0.21,-0.14
2024-12-23,11:23:00,PNB,102.1,102.14,102.01,102.01,37696,102.203,102.1454,102.02230000000002,101.889,False,False,True,True,True,True,-0.19,-0.13
2024-12-23,11:22:00,PNB,102.15,102.19,102.09,102.1,25551,102.19300000000001,102.1494,102.02609999999999,101.89025,False,True,True,True,True,True,-0.09,-0.05
2024-12-23,11:21:00,PNB,102.13,102.23,102.1,102.19,64356,102.1885,102.15700000000001,102.03229999999999,101.89200000000001,True,True,True,True,True,True,0.0,0.03
2024-12-23,11:20:00,PNB,102.14,102.15,102.1,102.12,10417,102.17699999999999,102.1622,102.0377,101.8935,False,True,True,True,True,True,-0.06,-0.04
2024-12-23,11:19:00,PNB,102.18,102.2,102.11,102.14,27984,102.1645,102.167,102.04360000000001,101.8953,False,True,True,False,True,True,-0.02,-0.03
2024-12-23,11:18:00,PNB,102.23,102.23,102.15,102.18,20250,102.1585,102.1742,102.0494,101.8974,True,True,True,False,True,True,0.02,0.01
2024-12-23,11:17:00,PNB,102.18,102.22,102.15,102.22,27989,102.1495,102.1796,102.05590000000001,101.89970000000001,True,True,True,False,True,True,0.07,0.04
2024-12-23,11:16:00,PNB,102.14,102.21,102.12,102.18,49042,102.139,102.1832,102.0608,101.90209999999999,False,True,True,False,True,True,0.04,-0.0
2024-12-23,11:15:00,PNB,102.17,102.19,102.11,102.12,34727,102.1325,102.1856,102.065,101.90395000000001,False,True,True,False,True,True,-0.01,-0.06
2024-12-23,11:14:00,PNB,102.12,102.2,102.12,102.18,51496,102.1315,102.1884,102.0705,101.90645,False,True,True,False,True,True,0.05,-0.01
2024-12-23,11:13:00,PNB,102.18,102.2,102.08,102.12,78256,102.13000000000001,102.189,102.0741,101.90854999999999,False,True,True,False,True,True,-0.01,-0.07
2024-12-23,11:12:00,PNB,102.15,102.2,102.11,102.2,26501,102.1345,102.191,102.0793,101.91085000000001,True,True,True,False,True,True,0.06,0.01
2024-12-23,11:11:00,PNB,102.08,102.15,102.01,102.15,32848,102.1365,102.19300000000001,102.08380000000001,101.91279999999999,False,True,True,False,True,True,0.01,-0.04
2024-12-23,11:10:00,PNB,102.18,102.18,102.03,102.06,28429,102.1305,102.193,102.087,101.91445,False,False,True,False,True,True,-0.07,-0.13
2024-12-23,11:09:00,PNB,102.1,102.2,102.1,102.18,29330,102.13050000000001,102.1944,102.0922,101.9167,False,True,True,False,True,True,0.05,-0.01
2024-12-23,11:08:00,PNB,102.08,102.1,102.04,102.1,55330,102.1295,102.19239999999999,102.09470000000002,101.9184,False,True,True,False,True,True,-0.03,-0.09
2024-12-23,11:07:00,PNB,102.14,102.15,102.04,102.04,25044,102.12400000000001,102.18959999999998,102.0958,101.92014999999999,False,False,True,False,True,True,-0.08,-0.15
2024-12-23,11:06:00,PNB,102.15,102.2,102.08,102.09,106609,102.122,102.19,102.09649999999999,101.92190000000001,False,False,True,False,True,True,-0.03,-0.1
2024-12-23,11:05:00,PNB,102.19,102.2,102.09,102.09,102746,102.1235,102.18979999999999,102.0968,101.92354999999999,False,False,True,False,True,True,-0.03,-0.1
2024-12-23,11:04:00,PNB,102.13,102.2,102.12,102.15,80941,102.131,102.1884,102.0971,101.92550000000001,False,True,True,False,True,True,0.02,-0.04
2024-12-23,11:03:00,PNB,102.09,102.19,102.07,102.14,73499,102.13750000000002,102.186,102.09830000000002,101.92745000000001,False,True,True,False,True,True,0.0,-0.05
2024-12-23,11:02:00,PNB,102.04,102.1,102.0,102.09,40941,102.137,102.1846,102.09909999999999,101.92895,False,False,True,False,True,True,-0.05,-0.09
2024-12-23,11:01:00,PNB,102.06,102.08,101.95,102.04,66613,102.12950000000001,102.181,102.0998,101.93005000000001,False,False,True,False,True,True,-0.09,-0.14
2024-12-23,11:00:00,PNB,101.98,102.11,101.97,102.07,148102,102.127,102.1784,102.1017,101.93135000000001,False,False,True,False,True,True,-0.06,-0.11
2024-12-23,10:59:00,PNB,101.92,102.0,101.9,101.98,126420,102.119,102.1734,102.10289999999999,101.9325,False,False,True,False,True,True,-0.14,-0.19
2024-12-23,10:58:00,PNB,101.86,101.94,101.85,101.9,41010,102.105,102.1672,102.1036,101.93314999999998,False,False,False,False,True,True,-0.2,-0.26
2024-12-23,10:57:00,PNB,101.79,101.9,101.75,101.89,79544,102.0885,102.161,102.1031,101.93384999999998,False,False,False,False,False,True,-0.19,-0.27
2024-12-23,10:56:00,PNB,101.71,101.8,101.7,101.79,54208,102.069,102.1506,102.10199999999999,101.93375,False,False,False,False,False,True,-0.27,-0.35
2024-12-23,10:55:00,PNB,101.75,101.9,101.72,101.75,204610,102.05050000000001,102.1388,102.10079999999999,101.9334,False,False,False,False,False,True,-0.29,-0.38
2024-12-23,10:54:00,PNB,101.81,101.83,101.73,101.75,42335,102.02900000000001,102.1274,102.09929999999999,101.93345,False,False,False,False,False,True,-0.27,-0.37
2024-12-23,10:53:00,PNB,101.76,101.88,101.75,101.81,98210,102.0135,102.1176,102.0984,101.9339,False,False,False,False,False,True,-0.2,-0.3
2024-12-23,10:52:00,PNB,101.67,101.79,101.61,101.76,91591,101.9915,102.1068,102.09700000000001,101.93435,False,False,False,False,False,True,-0.23,-0.34
2024-12-23,10:51:00,PNB,101.63,101.74,101.62,101.67,93816,101.9675,102.09459999999999,102.09460000000001,101.93440000000001,False,False,False,False,False,True,-0.29,-0.42
2024-12-23,10:50:00,PNB,101.65,101.68,101.62,101.65,22165,101.947,102.08060000000002,102.09200000000001,101.93435,False,False,False,False,False,True,-0.29,-0.42
2024-12-23,10:49:00,PNB,101.49,101.72,101.46,101.65,120893,101.9205,102.0658,102.0883,101.93435,False,False,False,False,False,False,-0.27,-0.41
2024-12-23,10:48:00,PNB,101.48,101.57,101.44,101.51,67242,101.891,102.05,102.0831,101.93379999999999,False,False,False,False,False,False,-0.37,-0.53
2024-12-23,10:47:00,PNB,101.39,101.57,101.37,101.43,105802,101.8605,102.03059999999999,102.07710000000002,101.93260000000001,False,False,False,False,False,False,-0.42,-0.59
2024-12-23,10:46:00,PNB,101.37,101.5,101.33,101.4,125525,101.826,102.0108,102.0707,101.9314,False,False,False,False,False,False,-0.42,-0.6
2024-12-23,10:45:00,PNB,101.26,101.4,101.26,101.39,107775,101.79100000000001,101.99359999999999,102.06459999999998,101.9301,False,False,False,False,False,False,-0.39,-0.59
2024-12-23,10:44:00,PNB,101.26,101.36,101.21,101.25,83102,101.74600000000001,101.9746,102.0569,101.9283,False,False,False,False,False,False,-0.49,-0.71
2024-12-23,10:43:00,PNB,101.11,101.3,101.06,101.23,103875,101.7005,101.95620000000001,102.0491,101.9263,False,False,False,False,False,False,-0.46,-0.71
2024-12-23,10:42:00,PNB,100.8,101.24,100.75,101.1,244731,101.651,101.936,102.0398,101.92385,False,False,False,False,False,False,-0.54,-0.82
2024-12-23,10:41:00,PNB,100.76,100.83,100.74,100.8,55335,101.589,101.90979999999999,102.02570000000001,101.9196,False,False,False,False,False,False,-0.78,-1.09
2024-12-23,10:40:00,PNB,100.74,100.83,100.74,100.8,50115,101.52550000000001,101.8822,102.01219999999999,101.9153,False,False,False,False,False,False,-0.71,-1.06
2024-12-23,10:39:00,PNB,100.77,100.82,100.73,100.74,26055,101.46350000000001,101.85340000000001,101.99770000000001,101.91045,False,False,False,False,False,False,-0.71,-1.09
2024-12-23,10:38:00,PNB,100.78,100.82,100.72,100.72,52055,101.4045,101.8254,101.9835,101.90539999999999,False,False,False,False,False,False,-0.68,-1.09
2024-12-23,10:37:00,PNB,100.76,100.82,100.69,100.78,86456,101.349,101.79799999999999,101.97030000000001,101.90055000000001,False,False,False,False,False,False,-0.56,-1.0
2024-12-23,10:36:00,PNB,100.72,100.83,100.7,100.76,54837,101.2975,101.7706,101.9586,101.8958,False,False,False,False,False,False,-0.53,-0.99
2024-12-23,10:35:00,PNB,100.71,100.73,100.6,100.72,38721,101.24600000000001,101.74380000000001,101.94609999999999,101.89065000000001,False,False,False,False,False,False,-0.52,-1.01
2024-12-23,10:34:00,PNB,100.77,100.83,100.64,100.68,242147,101.1925,101.71740000000001,101.9319,101.88475,False,False,False,False,False,False,-0.51,-1.02
2024-12-23,10:33:00,PNB,100.82,100.85,100.75,100.81,554521,101.1425,101.6934,101.91940000000001,101.8791,False,False,False,False,False,False,-0.33,-0.87
2024-12-23,10:32:00,PNB,100.75,100.84,100.72,100.79,362190,101.09400000000001,101.6672,101.9083,101.8733,False,False,False,False,False,False,-0.3,-0.86
2024-12-23,10:31:00,PNB,100.78,100.84,100.72,100.76,129067,101.0485,101.63860000000001,101.8978,101.86759999999998,False,False,False,False,False,False,-0.29,-0.86
2024-12-23,10:30:00,PNB,100.75,100.82,100.69,100.78,57466,101.00500000000001,101.6118,101.887,101.86195,False,False,False,False,False,False,-0.22,-0.82
2024-12-23,10:29:00,PNB,100.54,100.82,100.54,100.78,106788,100.9615,101.5846,101.8758,101.85594999999999,False,False,False,False,False,False,-0.18,-0.79
2024-12-23,10:28:00,PNB,100.57,100.58,100.47,100.54,41953,100.913,101.5518,101.86300000000001,101.84895,False,False,False,False,False,False,-0.37,-1.0
2024-12-23,10:27:00,PNB,100.53,100.62,100.5,100.6,22523,100.8715,101.5194,101.8495,101.84219999999999,False,False,False,False,False,False,-0.27,-0.91
2024-12-23,10:26:00,PNB,100.63,100.68,100.5,100.55,46718,100.82900000000001,101.4868,101.835,101.83545,False,False,False,False,False,False,-0.28,-0.92
2024-12-23,10:25:00,PNB,100.68,100.7,100.6,100.68,57051,100.7935,101.45800000000001,101.8218,101.829,False,False,False,False,False,False,-0.11,-0.77
2024-12-23,10:24:00,PNB,100.6,100.72,100.6,100.69,38114,100.7655,101.4282,101.80830000000002,101.82265000000001,False,False,False,False,False,False,-0.07,-0.73
2024-12-23,10:23:00,PNB,100.54,100.64,100.51,100.61,22200,100.7345,101.398,101.79350000000001,101.81630000000001,False,False,False,False,False,False,-0.12,-0.78
2024-12-23,10:22:00,PNB,100.53,100.59,100.46,100.51,45527,100.70500000000001,101.3642,101.7776,101.80945,False,False,False,False,False,False,-0.19,-0.84
2024-12-23,10:21:00,PNB,100.42,100.55,100.36,100.47,15700,100.6885,101.33059999999999,101.76179999999998,101.80275000000002,False,False,False,False,False,False,-0.22,-0.85
2024-12-23,10:20:00,PNB,100.49,100.56,100.42,100.43,45068,100.66999999999999,101.29800000000002,101.74549999999999,101.7958,False,False,False,False,False,False,-0.24,-0.86
2024-12-23,10:19:00,PNB,100.41,100.5,100.35,100.49,19360,100.6575,101.2642,101.72930000000001,101.78914999999999,False,False,False,False,False,False,-0.17,-0.76
2024-12-23,10:18:00,PNB,100.46,100.54,100.31,100.4,77258,100.64150000000001,101.23020000000001,101.71130000000001,101.7817,False,False,False,False,False,False,-0.24,-0.82
2024-12-23,10:17:00,PNB,100.44,100.54,100.41,100.45,27570,100.625,101.1984,101.694,101.77510000000001,False,False,False,False,False,False,-0.17,-0.74
2024-12-23,10:16:00,PNB,100.58,100.65,100.43,100.45,38387,100.6095,101.16560000000001,101.6778,101.76875,False,False,False,False,False,False,-0.16,-0.71
2024-12-23,10:15:00,PNB,100.6,100.69,100.45,100.58,41697,100.6025,101.1354,101.6626,101.763,False,False,False,False,False,False,-0.02,-0.55
2024-12-23,10:14:00,PNB,100.78,100.79,100.45,100.56,148720,100.5965,101.1036,101.646,101.75710000000001,False,False,False,False,False,False,-0.04,-0.54
2024-12-23,10:13:00,PNB,100.81,100.86,100.76,100.78,329381,100.595,101.0764,101.6312,101.75205,False,False,False,False,False,False,0.18,-0.29
2024-12-23,10:12:00,PNB,100.77,100.9,100.76,100.77,381697,100.594,101.05,101.61730000000001,101.74735000000001,False,False,False,False,False,False,0.17,-0.28
2024-12-23,10:11:00,PNB,100.77,100.99,100.76,100.76,349929,100.594,101.0244,101.60269999999998,101.74255,False,False,False,False,False,False,0.17,-0.26
2024-12-23,10:10:00,PNB,100.77,100.84,100.75,100.8,253006,100.595,100.99900000000001,101.5887,101.73785,False,False,False,False,False,False,0.2,-0.2
2024-12-23,10:09:00,PNB,100.77,100.82,100.73,100.77,91967,100.59450000000001,100.9748,101.57410000000002,101.7332,False,False,False,False,False,False,0.17,-0.2
2024-12-23,10:08:00,PNB,100.72,100.8,100.7,100.74,22413,100.6045,100.9516,101.55940000000001,101.72855,False,False,False,False,False,False,0.13,-0.21
2024-12-23,10:07:00,PNB,100.78,100.78,100.66,100.74,176059,100.6115,100.9286,101.54480000000001,101.72375,False,False,False,False,False,False,0.13,-0.19
2024-12-23,10:06:00,PNB,100.74,100.8,100.69,100.76,176537,100.622,100.90799999999999,101.5293,101.7184,False,False,False,False,False,False,0.14,-0.15
2024-12-23,10:05:00,PNB,100.75,100.78,100.66,100.72,33799,100.624,100.8874,101.5131,101.71265000000001,False,False,False,False,False,False,0.1,-0.17
2024-12-23,10:04:00,PNB,100.72,100.79,100.7,100.75,43084,100.627,100.8674,101.4974,101.70700000000001,False,False,False,False,False,False,0.12,-0.12
2024-12-23,10:03:00,PNB,100.59,100.8,100.59,100.72,147349,100.6325,100.84560000000002,101.4816,101.70205,False,False,False,False,False,False,0.09,-0.12
2024-12-23,10:02:00,PNB,100.3,100.59,100.18,100.58,276737,100.636,100.822,101.46439999999998,101.69650000000001,False,False,False,False,False,False,-0.06,-0.24
2024-12-23,10:01:00,PNB,100.12,100.35,100.04,100.3,76045,100.6275,100.7946,101.44460000000001,101.6892,False,False,False,False,False,False,-0.33,-0.49
2024-12-23,10:00:00,PNB,100.24,100.25,100.0,100.06,101020,100.60900000000001,100.76279999999998,101.4217,101.68105000000001,False,False,False,False,False,False,-0.55,-0.7
2024-12-23,09:59:00,PNB,100.44,100.44,100.15,100.2,137919,100.59450000000001,100.73379999999999,101.39980000000001,101.67379999999999,False,False,False,False,False,False,-0.39,-0.53
2024-12-23,09:58:00,PNB,100.25,100.5,100.25,100.44,63095,100.5965,100.7124,101.38119999999999,101.6674,False,False,False,False,False,False,-0.16,-0.27
2024-12-23,09:57:00,PNB,100.26,100.32,100.2,100.24,50171,100.586,100.68860000000001,101.35960000000001,101.66005,False,False,False,False,False,False,-0.34,-0.45
2024-12-23,09:56:00,PNB,100.35,100.37,100.15,100.25,105185,100.576,100.6656,101.33820000000001,101.65209999999999,False,False,False,False,False,False,-0.32,-0.41
2024-12-23,09:55:00,PNB,100.64,100.64,100.35,100.38,105752,100.566,100.64540000000001,101.3195,101.64575,False,False,False,False,False,False,-0.18,-0.26
2024-12-23,09:54:00,PNB,100.71,100.72,100.61,100.66,31734,100.571,100.6336,101.3041,101.64104999999999,True,False,False,False,False,False,0.09,0.03
2024-12-23,09:53:00,PNB,100.69,100.8,100.68,100.72,17643,100.56800000000001,100.6234,101.2898,101.63665,True,False,False,False,False,False,0.15,0.1
2024-12-23,09:52:00,PNB,100.71,100.73,100.62,100.69,38220,100.564,100.61519999999999,101.2756,101.63204999999999,True,False,False,False,False,False,0.13,0.07
2024-12-23,09:51:00,PNB,100.7,100.9,100.7,100.75,111668,100.5635,100.6142,101.262,101.62725,True,False,False,False,False,False,0.19,0.13
2024-12-23,09:50:00,PNB,100.73,100.77,100.67,100.7,51658,100.5585,100.61220000000002,101.2472,101.6223,True,False,False,False,False,False,0.14,0.09
2024-12-23,09:49:00,PNB,100.68,100.73,100.6,100.73,36222,100.5565,100.61200000000001,101.23270000000001,101.61775,True,False,False,False,False,False,0.17,0.12
2024-12-23,09:48:00,PNB,100.74,100.75,100.62,100.66,77485,100.5525,100.6108,101.21809999999999,101.61264999999999,True,False,False,False,False,False,0.11,0.05
2024-12-23,09:47:00,PNB,100.67,100.75,100.65,100.74,77341,100.5525,100.61,101.204,101.60785000000001,True,False,False,False,False,False,0.19,0.13
2024-12-23,09:46:00,PNB,100.66,100.7,100.52,100.69,65449,100.54899999999999,100.60860000000001,101.18960000000001,101.60265,True,False,False,False,False,False,0.14,0.08
2024-12-23,09:45:00,PNB,100.5,100.7,100.4,100.66,113035,100.546,100.6074,101.17559999999999,101.59684999999999,True,False,False,False,False,False,0.11,0.05
2024-12-23,09:44:00,PNB,100.6,100.65,100.47,100.52,35759,100.53450000000001,100.6042,101.1608,101.59045,False,False,False,False,False,False,-0.01,-0.08
2024-12-23,09:43:00,PNB,100.61,100.69,100.5,100.6,38101,100.5285,100.6,101.1467,101.58449999999999,False,False,False,False,False,False,0.07,0.0
2024-12-23,09:42:00,PNB,100.25,100.66,100.21,100.61,46056,100.53,100.59639999999999,101.1318,101.57895,True,False,False,False,False,False,0.08,0.01
2024-12-23,09:41:00,PNB,100.17,100.28,100.1,100.22,56908,100.526,100.5856,101.11210000000001,101.57220000000001,False,False,False,False,False,False,-0.3,-0.36
2024-12-23,09:40:00,PNB,100.31,100.35,100.15,100.17,48161,100.5315,100.5734,101.0926,101.56514999999999,False,False,False,False,False,False,-0.36,-0.4
2024-12-23,09:39:00,PNB,100.18,100.46,100.17,100.33,178623,100.538,100.56439999999999,101.0745,101.55905000000001,False,False,False,False,False,False,-0.21,-0.23
2024-12-23,09:38:00,PNB,100.26,100.38,100.25,100.35,2569,100.53349999999999,100.5606,101.05619999999999,101.55279999999999,False,False,False,False,False,False,-0.18,-0.21
2024-12-23,09:37:00,PNB,100.6,100.6,100.19,100.27,253397,100.535,100.554,101.0367,101.54629999999999,False,False,False,False,False,False,-0.26,-0.28
2024-12-23,09:36:00,PNB,100.65,100.67,100.51,100.65,89725,100.55499999999999,100.556,101.0214,101.5411,True,False,False,False,False,False,0.09,0.09
2024-12-23,09:35:00,PNB,100.72,100.77,100.6,100.64,142161,100.568,100.55519999999999,101.00659999999999,101.5358,True,False,False,True,False,False,0.07,0.08
2024-12-23,09:34:00,PNB,100.76,100.78,100.7,100.74,62994,100.57199999999999,100.5562,100.99220000000001,101.53135,True,False,False,True,False,False,0.17,0.18
2024-12-23,09:33:00,PNB,100.55,100.84,100.55,100.74,343178,100.573,100.5588,100.97840000000001,101.52625,True,False,False,True,False,False,0.17,0.18
2024-12-23,09:32:00,PNB,100.59,100.67,100.51,100.55,101695,100.566,100.5596,100.96189999999999,101.5206,False,False,False,True,False,False,-0.02,-0.01
2024-12-23,09:31:00,PNB,100.78,100.82,100.57,100.59,129493,100.558,100.56199999999998,100.9463,101.51504999999999,True,False,False,False,False,False,0.03,0.03
2024-12-23,09:30:00,PNB,100.71,100.87,100.55,100.81,230127,100.5635,100.5696,100.9338,101.5104,True,False,False,False,False,False,0.25,0.24
2024-12-23,09:29:00,PNB,100.64,100.8,100.57,100.77,85579,100.5655,100.57520000000001,100.91969999999999,101.50595000000001,True,False,False,False,False,False,0.2,0.19
2024-12-23,09:28:00,PNB,100.75,100.76,100.5,100.59,105831,100.56199999999998,100.579,100.90459999999999,101.49965,True,False,False,False,False,False,0.03,0.01
2024-12-23,09:27:00,PNB,100.7,100.88,100.6,100.76,262619,100.563,100.5852,100.8918,101.4938,True,False,False,False,False,False,0.2,0.17
2024-12-23,09:26:00,PNB,100.97,100.97,100.66,100.75,213401,100.566,100.59119999999999,100.8784,101.48745000000001,True,False,False,False,False,False,0.18,0.16
2024-12-23,09:25:00,PNB,101.35,101.35,100.9,100.97,384738,100.58149999999999,100.59899999999999,100.8672,101.48200000000001,True,True,False,False,False,False,0.39,0.37
2024-12-23,09:24:00,PNB,101.44,101.45,101.3,101.31,87576,100.62100000000001,100.61399999999999,100.85880000000002,101.47795,True,True,False,True,False,False,0.68,0.69
2024-12-23,09:23:00,PNB,101.53,101.61,101.41,101.44,65435,100.663,100.62719999999999,100.85179999999998,101.47505000000001,True,True,False,True,False,False,0.77,0.81
2024-12-23,09:22:00,PNB,101.48,101.58,101.32,101.55,143445,100.71000000000001,100.64280000000001,100.84640000000002,101.47274999999999,True,True,True,True,False,False,0.83,0.9
2024-12-23,09:21:00,PNB,101.55,101.65,101.43,101.48,124284,100.773,100.65719999999999,100.8408,101.47030000000001,True,True,True,True,False,False,0.7,0.82
2024-12-23,09:20:00,PNB,101.43,101.58,101.41,101.54,149255,100.84150000000001,100.67199999999998,100.83550000000001,101.46860000000001,True,True,True,True,True,False,0.69,0.86
2024-12-23,09:19:00,PNB,101.48,101.6,101.37,101.42,120749,100.89599999999999,100.685,100.82990000000001,101.4664,True,True,False,True,True,False,0.52,0.73
2024-12-23,09:18:00,PNB,101.47,101.6,101.41,101.5,175098,100.95349999999999,100.70020000000001,100.8259,101.46475000000001,True,True,True,True,True,False,0.54,0.79
2024-12-23,09:17:00,PNB,101.72,101.72,101.2,101.42,513306,101.011,100.71379999999999,100.8212,101.46215000000001,True,True,False,True,True,False,0.4,0.7
2024-12-23,09:16:00,PNB,101.62,101.84,101.5,101.75,207246,101.066,100.73360000000001,100.82080000000002,101.46140000000001,True,True,True,True,True,False,0.68,1.01
2024-12-23,09:15:00,PNB,101.49,101.78,101.15,101.62,601581,101.11500000000001,100.7516,100.8195,101.46015,True,True,True,True,True,False,0.5,0.86
2024-12-20,15:29:00,PNB,100.59,100.79,100.55,100.78,86110,101.117,100.75219999999999,100.80980000000001,101.45455,True,False,False,True,True,False,-0.33,0.03
2024-12-20,15:28:00,PNB,100.73,100.73,100.5,100.59,146078,101.1095,100.74959999999999,100.7976,101.448,False,False,False,True,True,False,-0.51,-0.16
2024-12-20,15:27:00,PNB,100.71,100.8,100.7,100.7,348088,101.117,100.752,100.78699999999999,101.44200000000001,False,False,False,True,True,False,-0.41,-0.05
2024-12-20,15:26:00,PNB,100.69,100.8,100.62,100.69,619194,101.122,100.7598,100.7772,101.43589999999999,False,False,False,True,True,False,-0.43,-0.07
2024-12-20,15:25:00,PNB,100.66,100.72,100.64,100.69,212085,101.116,100.7724,100.7676,101.4298,False,False,False,True,True,False,-0.42,-0.08
2024-12-20,15:24:00,PNB,100.72,100.75,100.62,100.68,236736,101.1115,100.78200000000001,100.7579,101.42310000000002,False,False,False,True,True,False,-0.43,-0.1
2024-12-20,15:23:00,PNB,100.74,100.8,100.66,100.73,240039,101.1185,100.7878,100.7501,101.4166,False,False,False,True,True,False,-0.38,-0.06
2024-12-20,15:22:00,PNB,100.79,100.8,100.69,100.72,240077,101.1165,100.7974,100.743,101.41005000000001,False,False,False,True,True,False,-0.39,-0.08
2024-12-20,15:21:00,PNB,100.74,100.8,100.69,100.79,193294,101.1185,100.8082,100.7369,101.40379999999999,False,True,False,True,True,False,-0.32,-0.02
2024-12-20,15:20:00,PNB,100.69,100.76,100.6,100.74,274084,101.107,100.81540000000001,100.7304,101.3975,False,True,False,True,True,False,-0.36,-0.07
2024-12-20,15:19:00,PNB,100.62,100.72,100.61,100.69,222929,101.076,100.816,100.7248,101.39084999999999,False,False,False,True,True,False,-0.38,-0.12
2024-12-20,15:18:00,PNB,100.74,100.76,100.55,100.62,302873,101.035,100.814,100.71870000000001,101.38390000000001,False,False,False,True,True,False,-0.41,-0.19
2024-12-20,15:17:00,PNB,100.78,100.94,100.7,100.74,977969,100.99449999999999,100.815,100.7151,101.37745000000001,False,True,False,True,True,False,-0.25,-0.07
2024-12-20,15:16:00,PNB,100.76,100.8,100.68,100.76,360282,100.95849999999999,100.8152,100.7147,101.37020000000001,False,True,False,True,True,False,-0.2,-0.05
2024-12-20,15:15:00,PNB,100.71,100.8,100.68,100.76,256445,100.9195,100.81639999999999,100.71430000000001,101.36325000000001,False,True,False,True,True,False,-0.16,-0.06
2024-12-20,15:14:00,PNB,100.7,100.8,100.67,100.71,342902,100.884,100.816,100.714,101.35584999999999,False,False,False,True,True,False,-0.17,-0.11
2024-12-20,15:13:00,PNB,100.74,100.75,100.68,100.7,252133,100.84400000000001,100.8168,100.71379999999999,101.34864999999999,False,False,False,True,True,False,-0.14,-0.12
2024-12-20,15:12:00,PNB,100.8,100.8,100.69,100.74,271808,100.81,100.8168,100.71340000000001,101.34185000000001,False,True,False,False,True,False,-0.07,-0.08
2024-12-20,15:11:00,PNB,100.76,100.8,100.74,100.79,179057,100.762,100.8188,100.7137,101.33615,False,True,False,False,True,False,0.03,-0.03
2024-12-20,15:10:00,PNB,100.74,100.79,100.71,100.76,169602,100.719,100.8208,100.71410000000002,101.3301,False,True,False,False,True,False,0.04,-0.06
2024-12-20,15:09:00,PNB,100.68,100.77,100.65,100.74,208761,100.717,100.82519999999998,100.71470000000001,101.3233,False,True,False,False,True,False,0.02,-0.08
2024-12-20,15:08:00,PNB,100.69,100.75,100.61,100.67,172304,100.721,100.8266,100.7133,101.31635,False,False,False,False,True,False,-0.05,-0.16
2024-12-20,15:07:00,PNB,100.74,100.96,100.59,100.65,740981,100.71849999999999,100.82740000000001,100.7119,101.3101,False,False,False,False,True,False,-0.07,-0.18
2024-12-20,15:06:00,PNB,100.75,100.78,100.7,100.74,173478,100.72099999999999,100.8378,100.71170000000001,101.30475,False,True,False,False,True,False,0.02,-0.1
2024-12-20,15:05:00,PNB,100.73,100.76,100.7,100.75,181345,100.724,100.8494,100.7114,101.2992,False,True,False,False,True,False,0.03,-0.1
2024-12-20,15:04:00,PNB,100.73,100.75,100.66,100.73,197298,100.7265,100.8574,100.7109,101.29334999999999,False,True,False,False,True,False,0.0,-0.13
2024-12-20,15:03:00,PNB,100.85,100.87,100.7,100.73,274701,100.7265,100.865,100.71279999999999,101.2879,False,True,False,False,True,False,0.0,-0.13
2024-12-20,15:02:00,PNB,101.1,101.13,100.81,100.83,325864,100.732,100.87620000000001,100.71509999999998,101.28230000000002,False,True,False,False,True,False,0.1,-0.05
2024-12-20,15:01:00,PNB,101.19,101.2,101.05,101.1,188063,100.7475,100.8852,100.72059999999999,101.27780000000001,True,True,False,False,True,False,0.35,0.21
2024-12-20,15:00:00,PNB,101.05,101.25,101.01,101.18,565313,100.76950000000001,100.896,100.7256,101.2737,True,True,False,False,True,False,0.41,0.28
2024-12-20,14:59:00,PNB,101.08,101.1,101.01,101.05,33243,100.7875,100.9022,100.72919999999998,101.26875,True,True,False,False,True,False,0.26,0.15
2024-12-20,14:58:00,PNB,101.19,101.2,101.02,101.08,75010,100.8105,100.90899999999999,100.7339,101.26370000000001,True,True,False,False,True,False,0.27,0.17
2024-12-20,14:57:00,PNB,101.14,101.2,101.1,101.19,66543,100.833,100.9218,100.7407,101.25914999999999,True,True,False,False,True,False,0.35,0.27
2024-12-20,14:56:00,PNB,101.15,101.2,101.1,101.17,17768,100.85350000000001,100.9334,100.74770000000001,101.25475,True,True,False,False,True,False,0.31,0.23
2024-12-20,14:55:00,PNB,101.22,101.28,101.1,101.15,40596,100.873,100.9402,100.75489999999999,101.2502,True,True,False,False,True,False,0.27,0.21
2024-12-20,14:54:00,PNB,101.16,101.22,101.1,101.22,13882,100.8985,100.9492,100.7622,101.24575,True,True,False,False,True,False,0.32,0.27
2024-12-20,14:53:00,PNB,101.07,101.22,101.02,101.18,36376,100.9225,100.961,100.77,101.24065,True,True,False,False,True,False,0.26,0.22
2024-12-20,14:52:00,PNB,101.21,101.22,101.03,101.07,52200,100.939,100.9672,100.7762,101.2351,True,True,False,False,True,False,0.13,0.1
2024-12-20,14:51:00,PNB,101.38,101.42,101.18,101.21,45535,100.96000000000001,100.9764,100.78379999999999,101.2308,True,True,False,False,True,False,0.25,0.23
2024-12-20,14:50:00,PNB,101.22,101.43,101.22,101.38,23753,100.99100000000001,100.98459999999999,100.79180000000001,101.22720000000001,True,True,True,True,True,False,0.39,0.39
2024-12-20,14:49:00,PNB,101.27,101.29,101.17,101.24,14241,101.01599999999999,100.98320000000001,100.79860000000001,101.22229999999999,True,True,True,True,True,False,0.22,0.25
2024-12-20,14:48:00,PNB,101.32,101.36,101.2,101.27,30120,101.046,100.9798,100.8035,101.21734999999998,True,True,True,True,True,False,0.22,0.29
2024-12-20,14:47:00,PNB,101.31,101.36,101.27,101.32,17156,101.0795,100.97519999999999,100.809,101.21314999999998,True,True,True,True,True,False,0.24,0.34
2024-12-20,14:46:00,PNB,101.48,101.48,101.26,101.31,19511,101.108,100.9718,100.81450000000001,101.2086,True,True,True,True,True,False,0.2,0.33
2024-12-20,14:45:00,PNB,101.41,101.49,101.36,101.43,37276,101.14200000000001,100.96960000000001,100.8208,101.20475,True,True,True,True,True,False,0.28,0.46
2024-12-20,14:44:00,PNB,101.37,101.44,101.3,101.41,32638,101.176,100.96940000000001,100.82719999999999,101.20065000000001,True,True,True,True,True,False,0.23,0.44
2024-12-20,14:43:00,PNB,101.3,101.39,101.3,101.32,30154,101.2055,100.9658,100.833,101.1962,True,True,True,True,True,True,0.11,0.35
2024-12-20,14:42:00,PNB,100.92,101.3,100.92,101.3,84932,101.229,100.96340000000001,100.83859999999999,101.1917,True,True,True,True,True,True,0.07,0.33
2024-12-20,14:41:00,PNB,101.06,101.09,100.89,100.95,240442,101.2215,100.9474,100.84049999999999,101.1849,True,True,False,True,True,True,-0.27,0.0
2024-12-20,14:40:00,PNB,101.01,101.13,101.0,101.06,62092,101.21549999999999,100.93620000000001,100.84389999999999,101.1785,True,True,False,True,True,True,-0.15,0.12
2024-12-20,14:39:00,PNB,101.1,101.17,101.0,101.01,101098,101.2135,100.9408,100.84649999999999,101.17195,True,True,False,True,True,True,-0.2,0.07
2024-12-20,14:38:00,PNB,101.18,101.18,101.02,101.08,169441,101.2135,100.95060000000001,100.8501,101.16585,True,True,False,True,True,True,-0.13,0.13
2024-12-20,14:37:00,PNB,101.36,101.36,101.15,101.16,79077,101.212,100.95980000000002,100.8559,101.16015000000002,True,True,False,True,True,True,-0.05,0.2
2024-12-20,14:36:00,PNB,101.31,101.89,101.23,101.32,487630,101.2195,100.9724,100.8661,101.15535,True,True,True,True,True,True,0.1,0.34
2024-12-20,14:35:00,PNB,101.25,101.45,101.15,101.31,301137,101.22749999999999,100.9848,100.8786,101.15015,True,True,True,True,True,True,0.08,0.32
2024-12-20,14:34:00,PNB,101.45,101.45,101.2,101.25,109471,101.229,100.9962,100.8891,101.14444999999999,True,True,True,True,True,True,0.02,0.25
2024-12-20,14:33:00,PNB,101.41,101.5,101.4,101.45,30277,101.24249999999999,101.0106,100.89920000000001,101.14020000000001,True,True,True,True,True,True,0.2,0.44
2024-12-20,14:32:00,PNB,101.47,101.48,101.4,101.44,20746,101.261,101.025,100.9112,101.1354,True,True,True,True,True,True,0.18,0.41
2024-12-20,14:31:00,PNB,101.51,101.55,101.45,101.48,35460,101.2745,101.03880000000001,100.92349999999999,101.13085000000001,True,True,True,True,True,True,0.2,0.44
2024-12-20,14:30:00,PNB,101.64,101.66,101.5,101.51,33823,101.281,101.05419999999998,100.9348,101.12715,True,True,True,True,True,True,0.23,0.45
2024-12-20,14:29:00,PNB,101.69,101.75,101.64,101.64,12784,101.301,101.0732,100.94460000000001,101.12434999999999,True,True,True,True,True,True,0.33,0.56
2024-12-20,14:28:00,PNB,101.59,101.69,101.55,101.69,14871,101.322,101.09460000000001,100.9543,101.12205,True,True,True,True,True,True,0.36,0.59
2024-12-20,14:27:00,PNB,101.64,101.64,101.5,101.6,33299,101.336,101.1118,100.96340000000001,101.1195,True,True,True,True,True,True,0.26,0.48
2024-12-20,14:26:00,PNB,101.64,101.73,101.6,101.6,41258,101.3505,101.1286,100.9719,101.11695,True,True,True,True,True,True,0.25,0.47
2024-12-20,14:25:00,PNB,101.58,102.01,101.5,101.65,638831,101.3615,101.1464,100.9814,101.1143,True,True,True,True,True,True,0.28,0.5
2024-12-20,14:24:00,PNB,101.63,101.63,101.55,101.55,30170,101.36850000000001,101.1632,100.9896,101.11115,True,True,True,True,True,True,0.18,0.38
2024-12-20,14:23:00,PNB,101.61,101.64,101.55,101.61,27701,101.383,101.1814,100.9991,101.10860000000001,True,True,True,True,True,True,0.22,0.42
2024-12-20,14:22:00,PNB,101.48,101.64,101.44,101.61,34944,101.3985,101.1988,101.0078,101.1059,True,True,True,True,True,True,0.21,0.41
2024-12-20,14:21:00,PNB,101.38,101.49,101.36,101.48,14905,101.425,101.21260000000001,101.0157,101.10265,True,True,True,True,True,True,0.05,0.26
2024-12-20,14:20:00,PNB,101.47,101.57,101.35,101.39,42801,101.44149999999999,101.2252,101.023,101.0993,True,True,True,True,True,True,-0.05,0.16
2024-12-20,14:19:00,PNB,101.31,101.5,101.31,101.47,62640,101.4645,101.23980000000002,101.0325,101.09665000000001,True,True,True,True,True,True,0.01,0.23
2024-12-20,14:18:00,PNB,101.3,101.39,101.25,101.36,32845,101.47850000000001,101.2536,101.04009999999998,101.0934,True,True,True,True,True,True,-0.12,0.11
2024-12-20,14:17:00,PNB,101.43,101.45,101.29,101.32,44867,101.4865,101.267,101.04720000000002,101.0895,True,True,True,True,True,True,-0.16,0.05
2024-12-20,14:16:00,PNB,101.25,101.44,101.21,101.39,30499,101.49,101.28,101.0589,101.0855,True,True,True,True,True,True,-0.1,0.11
2024-12-20,14:15:00,PNB,101.22,101.29,101.14,101.28,34643,101.4885,101.2906,101.07,101.0813,False,True,True,True,True,True,-0.21,-0.01
2024-12-20,14:14:00,PNB,101.24,101.32,101.08,101.19,132562,101.4855,101.29980000000002,101.0786,101.07655000000001,False,True,True,True,True,True,-0.29,-0.11
2024-12-20,14:13:00,PNB,101.26,101.33,101.21,101.24,39103,101.475,101.31,101.0875,101.07185,False,True,True,True,True,True,-0.23,-0.07
2024-12-20,14:12:00,PNB,101.25,101.28,101.16,101.26,73025,101.466,101.3186,101.0974,101.06705,False,True,True,True,True,True,-0.2,-0.06
2024-12-20,14:11:00,PNB,101.35,101.37,101.22,101.28,84581,101.45599999999999,101.3222,101.1037,101.06255000000002,False,True,True,True,True,True,-0.17,-0.04
2024-12-20,14:10:00,PNB,101.34,101.4,101.28,101.36,95969,101.4485,101.3258,101.1109,101.05875,True,True,True,True,True,True,-0.09,0.03
2024-12-20,14:09:00,PNB,101.45,101.48,101.29,101.34,60300,101.4335,101.3316,101.1169,101.05455,True,True,True,True,True,True,-0.09,0.01
2024-12-20,14:08:00,PNB,101.6,101.6,101.45,101.45,32815,101.42150000000001,101.339,101.124,101.05120000000001,True,True,True,True,True,True,0.03,0.11
2024-12-20,14:07:00,PNB,101.65,101.69,101.55,101.56,219910,101.4195,101.34640000000002,101.1341,101.04799999999999,True,True,True,True,True,True,0.14,0.21
2024-12-20,14:06:00,PNB,101.52,101.68,101.48,101.68,178905,101.4235,101.3566,101.145,101.04565000000001,True,True,True,True,True,True,0.25,0.32
2024-12-20,14:05:00,PNB,101.53,101.64,101.51,101.55,103645,101.4185,101.3646,101.1524,101.0431,True,True,True,True,True,True,0.13,0.18
2024-12-20,14:04:00,PNB,101.51,101.6,101.51,101.52,37165,101.417,101.3706,101.1599,101.0398,True,True,True,True,True,True,0.1,0.15
2024-12-20,14:03:00,PNB,101.51,101.53,101.5,101.51,41233,101.412,101.37720000000002,101.1691,101.03685000000002,True,True,True,True,True,True,0.1,0.13
2024-12-20,14:02:00,PNB,101.59,101.61,101.5,101.51,31516,101.407,101.38599999999998,101.1766,101.0342,True,True,True,True,True,True,0.1,0.12
2024-12-20,14:01:00,PNB,101.66,101.66,101.52,101.6,82204,101.413,101.39380000000001,101.1851,101.03174999999999,True,True,True,True,True,True,0.18,0.2
2024-12-20,14:00:00,PNB,101.82,101.82,101.62,101.66,46121,101.4265,101.3994,101.19200000000001,101.02960000000002,True,True,True,True,True,True,0.23,0.26
2024-12-20,13:59:00,PNB,101.82,101.87,101.8,101.81,25497,101.4435,101.4108,101.19699999999999,101.02789999999999,True,True,True,True,True,True,0.36,0.39
2024-12-20,13:58:00,PNB,101.84,101.87,101.77,101.81,27426,101.46600000000001,101.4216,101.20070000000001,101.02625,True,True,True,True,True,True,0.34,0.38
2024-12-20,13:57:00,PNB,101.81,101.88,101.77,101.84,32006,101.49199999999999,101.432,101.20360000000001,101.025,True,True,True,True,True,True,0.34,0.4
2024-12-20,13:56:00,PNB,101.77,101.84,101.7,101.77,17158,101.511,101.44120000000001,101.20649999999999,101.02365,True,True,True,True,True,True,0.26,0.32
2024-12-20,13:55:00,PNB,101.89,101.91,101.73,101.79,9941,101.5365,101.4484,101.209,101.02224999999999,True,True,True,True,True,True,0.25,0.34
2024-12-20,13:54:00,PNB,101.78,101.88,101.68,101.88,22102,101.571,101.45779999999999,101.21359999999999,101.02175,True,True,True,True,True,True,0.3,0.42
2024-12-20,13:53:00,PNB,101.75,101.78,101.7,101.78,10267,101.598,101.46700000000001,101.2164,101.02114999999999,True,True,True,True,True,True,0.18,0.31
2024-12-20,13:52:00,PNB,101.81,101.88,101.65,101.76,63254,101.623,101.4762,101.21979999999999,101.02050000000001,True,True,True,True,True,True,0.13,0.28
2024-12-20,13:51:00,PNB,101.84,101.85,101.73,101.8,16907,101.649,101.4932,101.2203,101.02055,True,True,True,True,True,True,0.15,0.3
2024-12-20,13:50:00,PNB,101.68,101.88,101.62,101.85,65964,101.6735,101.509,101.2226,101.02105,True,True,True,True,True,True,0.17,0.34
2024-12-20,13:49:00,PNB,101.63,101.7,101.6,101.68,51180,101.6905,101.52240000000002,101.2316,101.02069999999999,True,True,True,True,True,True,-0.01,0.16
2024-12-20,13:48:00,PNB,101.74,101.82,101.6,101.63,66957,101.6995,101.53339999999999,101.24199999999999,101.01979999999999,True,True,True,True,True,True,-0.07,0.1
2024-12-20,13:47:00,PNB,101.79,101.88,101.71,101.73,32137,101.708,101.5448,101.25229999999999,101.01965,True,True,True,True,True,True,0.02,0.18
2024-12-20,13:46:00,PNB,102.06,102.1,101.76,101.79,52456,101.7135,101.5542,101.2633,101.02024999999999,True,True,True,True,True,True,0.08,0.23
2024-12-20,13:45:00,PNB,102.03,102.1,102.01,102.06,35771,101.739,101.5692,101.27699999999999,101.02230000000002,True,True,True,True,True,True,0.32,0.48
2024-12-20,13:44:00,PNB,101.84,102.21,101.81,102.01,82191,101.7635,101.58439999999999,101.29029999999999,101.0241,True,True,True,True,True,True,0.24,0.42
2024-12-20,13:43:00,PNB,101.89,101.89,101.61,101.87,114628,101.78150000000001,101.59279999999998,101.3017,101.02590000000001,True,True,True,True,True,True,0.09,0.27
2024-12-20,13:42:00,PNB,101.95,101.95,101.6,101.89,255473,101.8005,101.6018,101.3134,101.02820000000001,True,True,True,True,True,True,0.09,0.28
2024-12-20,13:41:00,PNB,102.21,102.23,101.9,101.9,223014,101.8155,101.6102,101.32449999999999,101.0307,True,True,True,True,True,True,0.08,0.29
2024-12-20,13:40:00,PNB,102.3,102.34,102.17,102.21,45989,101.843,101.6242,101.3392,101.03479999999999,True,True,True,True,True,True,0.36,0.58
2024-12-20,13:39:00,PNB,102.43,102.45,102.3,102.3,13990,101.86749999999999,101.6374,101.3553,101.04005000000001,True,True,True,True,True,True,0.42,0.65
2024-12-20,13:38:00,PNB,102.45,102.45,102.35,102.45,22963,101.8995,101.65259999999998,101.37360000000001,101.04615,True,True,True,True,True,True,0.54,0.78
2024-12-20,13:37:00,PNB,102.46,102.51,102.37,102.46,110229,101.93050000000001,101.6698,101.3908,101.05295,True,True,True,True,True,True,0.52,0.78
2024-12-20,13:36:00,PNB,102.52,102.52,102.4,102.49,239725,101.96650000000001,101.6876,101.40809999999999,101.06139999999999,True,True,True,True,True,True,0.51,0.79
2024-12-20,13:35:00,PNB,102.62,102.62,102.5,102.5,32163,102.00200000000001,101.70460000000001,101.4255,101.0699,True,True,True,True,True,True,0.49,0.78
2024-12-20,13:34:00,PNB,102.68,102.69,102.55,102.62,30235,102.039,101.726,101.44460000000001,101.07929999999999,True,True,True,True,True,True,0.57,0.88
2024-12-20,13:33:00,PNB,102.66,102.68,102.57,102.66,14676,102.083,101.74700000000001,101.4642,101.089,True,True,True,True,True,True,0.57,0.9
2024-12-20,13:32:00,PNB,102.62,102.69,102.6,102.67,33225,102.1285,101.7682,101.4835,101.09845,True,True,True,True,True,True,0.53,0.89
2024-12-20,13:31:00,PNB,102.57,102.65,102.53,102.65,11896,102.171,101.7916,101.50209999999998,101.10790000000001,True,True,True,True,True,True,0.47,0.84
2024-12-20,13:30:00,PNB,102.55,102.58,102.5,102.58,38038,102.2075,101.8154,101.52029999999999,101.1172,True,True,True,True,True,True,0.36,0.75
2024-12-20,13:29:00,PNB,102.64,102.65,102.51,102.55,17628,102.251,101.83699999999999,101.5384,101.12655,True,True,True,True,True,True,0.29,0.7
2024-12-20,13:28:00,PNB,102.6,102.68,102.56,102.62,36566,102.3005,101.86219999999999,101.55789999999999,101.13560000000001,True,True,True,True,True,True,0.31,0.74
2024-12-20,13:27:00,PNB,102.54,102.6,102.5,102.56,13936,102.342,101.887,101.57699999999998,101.14444999999999,True,True,True,True,True,True,0.21,0.66
2024-12-20,13:26:00,PNB,102.59,102.6,102.5,102.54,17587,102.37950000000001,101.91,101.595,101.15335,True,True,True,True,True,True,0.16,0.62
2024-12-20,13:25:00,PNB,102.58,102.65,102.5,102.6,88325,102.40650000000001,101.93639999999999,101.6135,101.16244999999999,True,True,True,True,True,True,0.19,0.65
2024-12-20,13:24:00,PNB,102.58,102.6,102.54,102.55,19346,102.43350000000001,101.96359999999999,101.6317,101.17130000000002,True,True,True,True,True,True,0.11,0.58
2024-12-20,13:23:00,PNB,102.49,102.56,102.42,102.54,58932,102.46700000000001,101.9896,101.64980000000001,101.1813,True,True,True,True,True,True,0.07,0.54
2024-12-20,13:22:00,PNB,102.37,102.52,102.35,102.47,102574,102.49600000000001,102.01379999999999,101.6662,101.19065,True,True,True,True,True,True,-0.03,0.45
2024-12-20,13:21:00,PNB,102.4,102.5,102.26,102.4,204856,102.521,102.0362,101.6792,101.19990000000001,True,True,True,True,True,True,-0.12,0.36
2024-12-20,13:20:00,PNB,102.37,102.5,102.31,102.41,306377,102.53099999999999,102.05720000000001,101.69149999999999,101.20855000000002,True,True,True,True,True,True,-0.12,0.35
2024-12-20,13:19:00,PNB,102.39,102.48,102.26,102.35,333184,102.5335,102.0774,101.70450000000001,101.21685,True,True,True,True,True,True,-0.18,0.27
2024-12-20,13:18:00,PNB,102.3,102.5,102.28,102.43,133670,102.5325,102.09700000000001,101.71799999999999,101.22595,True,True,True,True,True,True,-0.1,0.33
2024-12-20,13:17:00,PNB,102.26,102.3,102.25,102.3,20249,102.52449999999999,102.1118,101.7291,101.2349,True,True,True,True,True,True,-0.22,0.18
2024-12-20,13:16:00,PNB,102.35,102.35,102.24,102.3,26643,102.51499999999999,102.1242,101.74040000000001,101.24404999999999,True,True,True,True,True,True,-0.21,0.17
2024-12-20,13:15:00,PNB,102.26,102.46,102.26,102.35,185709,102.50750000000001,102.14020000000001,101.75240000000002,101.25365,True,True,True,True,True,True,-0.15,0.21
2024-12-20,13:14:00,PNB,102.21,102.34,102.21,102.29,62734,102.49100000000001,102.15559999999999,101.7631,101.26265000000001,True,True,True,True,True,True,-0.2,0.13
2024-12-20,13:13:00,PNB,102.32,102.43,102.21,102.25,162283,102.47049999999999,102.17039999999999,101.7738,101.2719,True,True,True,True,True,True,-0.22,0.08
2024-12-20,13:12:00,PNB,102.29,102.5,102.26,102.35,354819,102.45450000000001,102.18720000000002,101.78659999999999,101.28139999999999,True,True,True,True,True,True,-0.1,0.16
2024-12-20,13:11:00,PNB,102.25,102.39,102.12,102.33,339076,102.4385,102.2018,101.79780000000001,101.2908,True,True,True,True,True,True,-0.11,0.13
2024-12-20,13:10:00,PNB,102.37,102.38,102.25,102.28,72081,102.42350000000002,102.2142,101.80680000000001,101.2993,True,True,True,True,True,True,-0.14,0.06
2024-12-20,13:09:00,PNB,102.41,102.41,102.35,102.35,6272,102.4135,102.225,101.8179,101.30824999999999,True,True,True,True,True,True,-0.06,0.12
2024-12-20,13:08:00,PNB,102.37,102.42,102.36,102.4,38020,102.4025,102.2368,101.8292,101.31635,True,True,True,True,True,True,-0.0,0.16
2024-12-20,13:07:00,PNB,102.46,102.47,102.37,102.37,60106,102.393,102.2474,101.8397,101.32435,True,True,True,True,True,True,-0.02,0.12
2024-12-20,13:06:00,PNB,102.42,102.47,102.39,102.46,6084,102.38900000000001,102.26119999999999,101.8512,101.33285,True,True,True,True,True,True,0.07,0.19
2024-12-20,13:05:00,PNB,102.42,102.47,102.38,102.4,25611,102.37899999999999,102.2734,101.8609,101.34085,True,True,True,True,True,True,0.02,0.12
2024-12-20,13:04:00,PNB,102.41,102.44,102.36,102.42,62154,102.3725,102.2842,101.87100000000001,101.34909999999999,True,True,True,True,True,True,0.05,0.13
2024-12-20,13:03:00,PNB,102.51,102.53,102.41,102.42,170619,102.3665,102.29699999999998,101.882,101.3575,True,True,True,True,True,True,0.05,0.12
2024-12-20,13:02:00,PNB,102.65,102.65,102.5,102.51,28788,102.36850000000001,102.31199999999998,101.89410000000002,101.36635,True,True,True,True,True,True,0.14,0.19
2024-12-20,13:01:00,PNB,102.53,102.69,102.5,102.61,35529,102.37899999999999,102.32820000000001,101.91069999999999,101.37559999999999,True,True,True,True,True,True,0.23,0.28
2024-12-20,13:00:00,PNB,102.52,102.52,102.46,102.51,401650,102.384,102.3414,101.9252,101.38455,True,True,True,True,True,True,0.12,0.16
2024-12-20,12:59:00,PNB,102.53,102.54,102.5,102.54,20410,102.39349999999999,102.35859999999998,101.94050000000001,101.39349999999999,True,True,True,True,True,True,0.14,0.18
2024-12-20,12:58:00,PNB,102.45,102.53,102.4,102.53,210925,102.3985,102.37660000000001,101.955,101.40255,True,True,True,True,True,True,0.13,0.15
2024-12-20,12:57:00,PNB,102.43,102.49,102.4,102.48,10288,102.4075,102.3916,101.96820000000001,101.41205,True,True,True,True,True,True,0.07,0.09
2024-12-20,12:56:00,PNB,102.4,102.49,102.39,102.4,33135,102.4125,102.4038,101.979,101.42254999999999,False,True,True,True,True,True,-0.01,-0.0
2024-12-20,12:55:00,PNB,102.38,102.4,102.28,102.39,64393,102.4145,102.4104,101.9898,101.4342,False,True,True,True,True,True,-0.02,-0.02
2024-12-20,12:54:00,PNB,102.44,102.44,102.38,102.38,18976,102.41900000000001,102.4178,102.00110000000001,101.4451,False,True,True,True,True,True,-0.04,-0.04
2024-12-20,12:53:00,PNB,102.49,102.49,102.4,102.44,8216,102.42850000000001,102.4292,102.01100000000001,101.4551,True,True,True,False,True,True,0.01,0.01
2024-12-20,12:52:00,PNB,102.39,102.5,102.38,102.44,24028,102.43299999999999,102.4402,102.021,101.46610000000001,False,True,True,False,True,True,0.01,-0.0
2024-12-20,12:51:00,PNB,102.47,102.52,102.34,102.39,233470,102.436,102.45,102.0301,101.4768,False,True,True,False,True,True,-0.04,-0.06
2024-12-20,12:50:00,PNB,102.37,102.52,102.32,102.47,324569,102.4455,102.4552,102.03970000000001,101.48725,True,True,True,False,True,True,0.02,0.01
2024-12-20,12:49:00,PNB,102.37,102.44,102.3,102.37,90336,102.44649999999999,102.4566,102.04699999999998,101.4958,False,True,True,False,True,True,-0.07,-0.08
2024-12-20,12:48:00,PNB,102.5,102.5,102.3,102.35,109357,102.444,102.45460000000001,102.0536,101.50394999999999,False,True,True,False,True,True,-0.09,-0.1
2024-12-20,12:47:00,PNB,102.41,102.52,102.41,102.51,8027,102.451,102.45560000000002,102.0627,101.51305,True,True,True,False,True,True,0.06,0.05
2024-12-20,12:46:00,PNB,102.45,102.51,102.4,102.45,55401,102.45049999999999,102.45479999999999,102.07119999999999,101.52155,False,True,True,False,True,True,-0.0,-0.0
2024-12-20,12:45:00,PNB,102.5,102.54,102.43,102.45,31584,102.453,102.45379999999999,102.0792,101.53030000000001,False,True,True,False,True,True,-0.0,-0.0
2024-12-20,12:44:00,PNB,102.54,102.55,102.42,102.45,100162,102.45450000000001,102.45039999999999,102.08820000000001,101.5389,False,True,True,True,True,True,-0.0,-0.0
2024-12-20,12:43:00,PNB,102.53,102.55,102.5,102.54,53243,102.4605,102.448,102.0975,101.5483,True,True,True,True,True,True,0.08,0.09
2024-12-20,12:42:00,PNB,102.6,102.6,102.5,102.53,36876,102.4615,102.4452,102.1067,101.55724999999998,True,True,True,True,True,True,0.07,0.08
2024-12-20,12:41:00,PNB,102.7,102.7,102.56,102.59,32789,102.4605,102.44400000000002,102.1178,101.56675,True,True,True,True,True,True,0.13,0.14
2024-12-20,12:40:00,PNB,102.72,102.75,102.62,102.69,72680,102.4695,102.4462,102.1308,101.57690000000001,True,True,True,True,True,True,0.22,0.24
2024-12-20,12:39:00,PNB,102.76,102.78,102.71,102.77,4613,102.481,102.4506,102.1438,101.58815,True,True,True,True,True,True,0.28,0.31
2024-12-20,12:38:00,PNB,102.75,102.77,102.7,102.75,17861,102.492,102.4532,102.1577,101.59890000000001,True,True,True,True,True,True,0.25,0.29
2024-12-20,12:37:00,PNB,102.82,102.88,102.76,102.77,63997,102.5065,102.45739999999999,102.17219999999999,101.60969999999999,True,True,True,True,True,True,0.26,0.31
2024-12-20,12:36:00,PNB,102.8,102.83,102.8,102.82,5573,102.5275,102.463,102.1865,101.62270000000001,True,True,True,True,True,True,0.29,0.35
2024-12-20,12:35:00,PNB,102.8,102.83,102.77,102.8,4303,102.548,102.46700000000001,102.2017,101.63585,True,True,True,True,True,True,0.25,0.32
2024-12-20,12:34:00,PNB,102.75,102.8,102.75,102.8,6728,102.569,102.47200000000001,102.21780000000001,101.6482,True,True,True,True,True,True,0.23,0.32
2024-12-20,12:33:00,PNB,102.71,102.76,102.71,102.76,2168,102.585,102.47640000000001,102.233,101.66024999999999,True,True,True,True,True,True,0.17,0.28
2024-12-20,12:32:00,PNB,102.71,102.8,102.71,102.75,8294,102.60049999999998,102.48200000000001,102.24790000000002,101.67264999999999,True,True,True,True,True,True,0.15,0.26
2024-12-20,12:31:00,PNB,102.77,102.78,102.71,102.75,15184,102.6185,102.48900000000002,102.2626,101.68314999999998,True,True,True,True,True,True,0.13,0.25
2024-12-20,12:30:00,PNB,102.71,102.77,102.65,102.71,20902,102.63050000000001,102.495,102.27609999999999,101.6935,True,True,True,True,True,True,0.08,0.21
2024-12-20,12:29:00,PNB,102.74,102.8,102.65,102.71,25156,102.64750000000001,102.50220000000002,102.2898,101.70335000000001,True,True,True,True,True,True,0.06,0.2
2024-12-20,12:28:00,PNB,102.83,102.84,102.71,102.74,34247,102.667,102.5084,102.3027,101.71334999999999,True,True,True,True,True,True,0.07,0.23
2024-12-20,12:27:00,PNB,102.82,102.87,102.77,102.83,23195,102.68299999999999,102.51899999999999,102.31540000000001,101.72475,True,True,True,True,True,True,0.14,0.3
2024-12-20,12:26:00,PNB,102.8,102.84,102.78,102.84,12714,102.70249999999999,102.52980000000001,102.32700000000001,101.736,True,True,True,True,True,True,0.13,0.3
2024-12-20,12:25:00,PNB,102.74,102.8,102.7,102.8,18990,102.72,102.53880000000001,102.33949999999999,101.74595,True,True,True,True,True,True,0.08,0.25
2024-12-20,12:24:00,PNB,102.75,102.75,102.7,102.7,7467,102.7325,102.54700000000001,102.35130000000001,101.7556,True,True,True,True,True,True,-0.03,0.15
2024-12-20,12:23:00,PNB,102.75,102.85,102.71,102.75,18073,102.74299999999998,102.557,102.36370000000001,101.76639999999999,True,True,True,True,True,True,0.01,0.19
2024-12-20,12:22:00,PNB,102.72,102.76,102.65,102.75,18015,102.75399999999999,102.565,102.37610000000001,101.77635000000001,True,True,True,True,True,True,-0.0,0.18
2024-12-20,12:21:00,PNB,102.69,102.75,102.69,102.72,27394,102.76050000000001,102.57279999999999,102.3873,101.78620000000001,True,True,True,True,True,True,-0.04,0.14
2024-12-20,12:20:00,PNB,102.64,102.7,102.58,102.69,71887,102.76050000000001,102.581,102.3976,101.7948,True,True,True,True,True,True,-0.07,0.11
2024-12-20,12:19:00,PNB,102.67,102.7,102.62,102.64,19738,102.75399999999999,102.5868,102.4059,101.80145,True,True,True,True,True,True,-0.11,0.05
2024-12-20,12:18:00,PNB,102.74,102.75,102.65,102.7,21641,102.7515,102.59280000000001,102.4148,101.80775,True,True,True,True,True,True,-0.05,0.1
2024-12-20,12:17:00,PNB,102.7,102.79,102.7,102.7,16037,102.748,102.5994,102.42339999999999,101.8135,True,True,True,True,True,True,-0.05,0.1
2024-12-20,12:16:00,PNB,102.71,102.75,102.65,102.7,57868,102.742,102.6042,102.43270000000001,101.81960000000001,True,True,True,True,True,True,-0.04,0.09
2024-12-20,12:15:00,PNB,102.91,102.93,102.7,102.74,164181,102.739,102.61099999999999,102.4422,101.8256,True,True,True,True,True,True,0.0,0.13
2024-12-20,12:14:00,PNB,102.99,102.99,102.89,102.94,18430,102.74600000000001,102.62140000000001,102.45280000000001,101.83319999999999,True,True,True,True,True,True,0.19,0.31
2024-12-20,12:13:00,PNB,103.08,103.12,102.96,102.99,101291,102.75750000000001,102.6328,102.4649,101.84065000000001,True,True,True,True,True,True,0.23,0.35
2024-12-20,12:12:00,PNB,103.09,103.12,103.07,103.08,5754,102.774,102.6442,102.4781,101.84895,True,True,True,True,True,True,0.3,0.42
2024-12-20,12:11:00,PNB,103.09,103.1,103.07,103.09,3482,102.79099999999998,102.65379999999999,102.491,101.85564999999998,True,True,True,True,True,True,0.29,0.42
2024-12-20,12:10:00,PNB,103.09,103.11,103.07,103.09,44463,102.81000000000002,102.6654,102.5034,101.863,True,True,True,True,True,True,0.27,0.41
2024-12-20,12:09:00,PNB,103.1,103.15,103.09,103.09,2597,102.829,102.67640000000002,102.5175,101.87455,True,True,True,True,True,True,0.25,0.4
2024-12-20,12:08:00,PNB,103.12,103.15,103.09,103.09,10146,102.84649999999999,102.68759999999999,102.53210000000001,101.88705,True,True,True,True,True,True,0.24,0.39
2024-12-20,12:07:00,PNB,103.17,103.17,103.1,103.15,42282,102.8625,102.70100000000001,102.54630000000002,101.8993,True,True,True,True,True,True,0.28,0.44
2024-12-20,12:06:00,PNB,103.16,103.22,103.16,103.17,8669,102.87899999999999,102.7164,102.5601,101.9117,True,True,True,True,True,True,0.28,0.44
2024-12-20,12:05:00,PNB,103.16,103.18,103.14,103.18,10821,102.898,102.7322,102.57130000000001,101.92415,True,True,True,True,True,True,0.27,0.44
2024-12-20,12:04:00,PNB,103.24,103.27,103.17,103.17,32803,102.9215,102.74799999999999,102.58290000000001,101.9366,True,True,True,True,True,True,0.24,0.41
2024-12-20,12:03:00,PNB,103.32,103.34,103.25,103.25,45778,102.94649999999999,102.7642,102.5967,101.9492,True,True,True,True,True,True,0.29,0.47
2024-12-20,12:02:00,PNB,103.33,103.35,103.31,103.31,15585,102.97449999999999,102.7816,102.6109,101.96214999999998,True,True,True,True,True,True,0.33,0.51
2024-12-20,12:01:00,PNB,103.44,103.44,103.3,103.33,102543,103.005,102.8004,102.6252,101.97485,True,True,True,True,True,True,0.32,0.52
2024-12-20,12:00:00,PNB,103.4,103.44,103.35,103.44,12104,103.04249999999999,102.8198,102.6375,101.98835,True,True,True,True,True,True,0.39,0.6
2024-12-20,11:59:00,PNB,103.33,103.4,103.33,103.4,32644,103.0805,102.8404,102.6485,102.0019,True,True,True,True,True,True,0.31,0.54
2024-12-20,11:58:00,PNB,103.33,103.39,103.3,103.31,15921,103.11099999999999,102.85959999999999,102.65709999999999,102.01535,True,True,True,True,True,True,0.19,0.44
2024-12-20,11:57:00,PNB,103.39,103.45,103.3,103.32,19293,103.14200000000001,102.8758,102.6657,102.02825000000001,True,True,True,True,True,True,0.17,0.43
2024-12-20,11:56:00,PNB,103.28,103.45,103.28,103.4,95108,103.17699999999999,102.89479999999999,102.67480000000002,102.04144999999998,True,True,True,True,True,True,0.22,0.49
2024-12-20,11:55:00,PNB,103.27,103.28,103.2,103.28,20628,103.204,102.9114,102.68260000000001,102.05405,True,True,True,True,True,True,0.07,0.36
2024-12-20,11:54:00,PNB,103.22,103.34,103.22,103.27,20517,103.22049999999999,102.9278,102.6891,102.06684999999999,True,True,True,True,True,True,0.05,0.33
2024-12-20,11:53:00,PNB,103.3,103.39,103.22,103.23,25250,103.2325,102.9416,102.6948,102.07950000000001,True,True,True,True,True,True,-0.0,0.28
2024-12-20,11:52:00,PNB,103.25,103.32,103.22,103.32,36374,103.24450000000002,102.95739999999999,102.70129999999999,102.0924,True,True,True,True,True,True,0.07,0.35
2024-12-20,11:51:00,PNB,103.18,103.26,103.16,103.25,22767,103.25250000000001,102.97059999999999,102.70729999999999,102.10470000000001,True,True,True,True,True,True,-0.0,0.27
2024-12-20,11:50:00,PNB,103.18,103.22,103.14,103.19,19735,103.25750000000001,102.9806,102.71340000000001,102.11685,True,True,True,True,True,True,-0.07,0.2
2024-12-20,11:49:00,PNB,103.23,103.25,103.16,103.16,28860,103.261,102.9884,102.71949999999998,102.12895,True,True,True,True,True,True,-0.1,0.17
2024-12-20,11:48:00,PNB,103.24,103.34,103.23,103.25,122111,103.269,102.9984,102.72579999999999,102.14184999999999,True,True,True,True,True,True,-0.02,0.24
2024-12-20,11:47:00,PNB,103.24,103.24,103.23,103.24,9263,103.27349999999998,103.0078,102.7326,102.15480000000001,True,True,True,True,True,True,-0.03,0.23
2024-12-20,11:46:00,PNB,103.24,103.25,103.22,103.23,17090,103.27650000000001,103.016,102.7395,102.16725000000001,True,True,True,True,True,True,-0.05,0.21
2024-12-20,11:45:00,PNB,103.26,103.26,103.24,103.24,13392,103.27950000000001,103.0248,102.7459,102.1797,True,True,True,True,True,True,-0.04,0.21
2024-12-20,11:44:00,PNB,103.28,103.28,103.25,103.25,8634,103.2835,103.03379999999999,102.75290000000001,102.19229999999999,True,True,True,True,True,True,-0.03,0.21
2024-12-20,11:43:00,PNB,103.35,103.35,103.25,103.27,19654,103.28450000000001,103.044,102.76019999999998,102.205,True,True,True,True,True,True,-0.01,0.22
2024-12-20,11:42:00,PNB,103.3,103.35,103.3,103.35,20541,103.2865,103.05599999999998,102.76899999999999,102.2176,True,True,True,True,True,True,0.06,0.29
2024-12-20,11:41:00,PNB,103.31,103.34,103.3,103.3,18857,103.285,103.067,102.778,102.2286,True,True,True,True,True,True,0.01,0.23
2024-12-20,11:40:00,PNB,103.27,103.37,103.27,103.34,16872,103.28,103.07959999999999,102.78730000000002,102.2394,True,True,True,True,True,True,0.06,0.25
2024-12-20,11:39:00,PNB,103.31,103.35,103.26,103.28,17234,103.274,103.09099999999998,102.7966,102.25055,True,True,True,True,True,True,0.01,0.18
2024-12-20,11:38:00,PNB,103.33,103.35,103.25,103.31,21074,103.274,103.1024,102.80539999999999,102.2617,True,True,True,True,True,True,0.03,0.2
2024-12-20,11:37:00,PNB,103.3,103.35,103.27,103.3,12494,103.273,103.1118,102.81540000000001,102.27225,True,True,True,True,True,True,0.03,0.18
2024-12-20,11:36:00,PNB,103.32,103.33,103.28,103.3,11332,103.268,103.12100000000001,102.82539999999999,102.28289999999998,True,True,True,True,True,True,0.03,0.17
2024-12-20,11:35:00,PNB,103.26,103.37,103.25,103.32,48296,103.27000000000001,103.1314,102.83509999999998,102.29375,True,True,True,True,True,True,0.05,0.18
2024-12-20,11:34:00,PNB,103.22,103.28,103.22,103.28,32881,103.2705,103.14299999999999,102.845,102.30405,True,True,True,True,True,True,0.01,0.13
2024-12-20,11:33:00,PNB,103.26,103.26,103.17,103.22,5021,103.27000000000001,103.1524,102.8547,102.31424999999999,True,True,True,True,True,True,-0.05,0.07
2024-12-20,11:32:00,PNB,103.2,103.26,103.16,103.26,37508,103.26700000000001,103.1626,102.8638,102.32520000000001,True,True,True,True,True,True,-0.01,0.09
2024-12-20,11:31:00,PNB,103.17,103.2,103.13,103.18,14717,103.2635,103.1718,102.8723,102.33505000000001,True,True,True,True,True,True,-0.08,0.01
2024-12-20,11:30:00,PNB,103.25,103.25,103.11,103.15,59944,103.2615,103.181,102.88099999999999,102.34389999999999,False,True,True,True,True,True,-0.11,-0.03
2024-12-20,11:29:00,PNB,103.25,103.25,103.2,103.22,29462,103.2645,103.19259999999998,102.8897,102.3538,True,True,True,True,True,True,-0.04,0.03
2024-12-20,11:28:00,PNB,103.16,103.24,103.11,103.2,15114,103.26200000000001,103.2026,102.89769999999999,102.36345000000001,False,True,True,True,True,True,-0.06,-0.0
2024-12-20,11:27:00,PNB,103.19,103.21,103.15,103.15,29146,103.25750000000001,103.2116,102.90550000000002,102.3726,False,True,True,True,True,True,-0.1,-0.06
2024-12-20,11:26:00,PNB,103.18,103.21,103.13,103.19,53896,103.25550000000001,103.22139999999999,102.91279999999999,102.382,False,True,True,True,True,True,-0.06,-0.03
2024-12-20,11:25:00,PNB,103.16,103.21,103.14,103.2,26675,103.2535,103.23060000000001,102.9208,102.39084999999999,False,True,True,True,True,True,-0.05,-0.03
2024-12-20,11:24:00,PNB,103.19,103.25,103.15,103.15,11472,103.2485,103.23479999999999,102.9281,102.39955,False,True,True,True,True,True,-0.1,-0.08
2024-12-20,11:23:00,PNB,103.24,103.3,103.15,103.15,21857,103.24249999999999,103.238,102.93539999999999,102.40870000000001,False,True,True,True,True,True,-0.09,-0.09
2024-12-20,11:22:00,PNB,103.1,103.3,103.1,103.24,20025,103.237,103.2412,102.94269999999999,102.4184,False,True,True,False,True,True,0.0,-0.0
2024-12-20,11:21:00,PNB,103.11,103.22,103.09,103.09,27904,103.22650000000002,103.2412,102.9475,102.4291,False,True,True,False,True,True,-0.13,-0.15
2024-12-20,11:20:00,PNB,103.06,103.11,103.05,103.11,15126,103.215,103.2416,102.9535,102.43934999999999,False,True,True,False,True,True,-0.1,-0.13
2024-12-20,11:19:00,PNB,103.17,103.17,103.05,103.05,38875,103.2035,103.2408,102.95859999999999,102.44955,False,True,True,False,True,True,-0.15,-0.18
2024-12-20,11:18:00,PNB,103.19,103.24,103.17,103.17,9709,103.19649999999999,103.24240000000002,102.965,102.46,False,True,True,False,True,True,-0.03,-0.07
2024-12-20,11:17:00,PNB,103.23,103.24,103.11,103.19,5773,103.191,103.2432,102.9721,102.47014999999999,False,True,True,False,True,True,-0.0,-0.05
2024-12-20,11:16:00,PNB,103.4,103.4,103.17,103.19,72843,103.1855,103.2436,102.98,102.47949999999999,False,True,True,False,True,True,0.0,-0.05
2024-12-20,11:15:00,PNB,103.27,103.4,103.27,103.37,66565,103.18800000000002,103.2474,102.9898,102.48980000000002,True,True,True,False,True,True,0.18,0.12
2024-12-20,11:14:00,PNB,103.25,103.3,103.25,103.27,93938,103.1875,103.24940000000001,102.99869999999999,102.49990000000001,True,True,True,False,True,True,0.08,0.02
2024-12-20,11:13:00,PNB,103.25,103.28,103.25,103.25,16248,103.18900000000001,103.24940000000001,103.0068,102.50890000000001,True,True,True,False,True,True,0.06,0.0
2024-12-20,11:12:00,PNB,103.25,103.28,103.21,103.25,18936,103.1885,103.2482,103.0149,102.51795,True,True,True,False,True,True,0.06,0.0
2024-12-20,11:11:00,PNB,103.25,103.3,103.21,103.27,20661,103.19300000000001,103.24700000000001,103.0237,102.52689999999998,True,True,True,False,True,True,0.07,0.02
2024-12-20,11:10:00,PNB,103.23,103.3,103.21,103.25,42177,103.19800000000001,103.2432,103.0315,102.53559999999999,True,True,True,False,True,True,0.05,0.01
2024-12-20,11:09:00,PNB,103.24,103.25,103.16,103.23,32789,103.1985,103.2398,103.0401,102.54355000000001,False,True,True,False,True,True,0.03,-0.01
2024-12-20,11:08:00,PNB,103.13,103.24,103.12,103.24,8643,103.2005,103.2384,103.04899999999999,102.5513,True,True,True,False,True,True,0.04,0.0
2024-12-20,11:07:00,PNB,103.12,103.15,103.11,103.13,4371,103.19949999999999,103.23459999999999,103.0552,102.55895000000001,False,True,True,False,True,True,-0.07,-0.1
2024-12-20,11:06:00,PNB,103.22,103.25,103.11,103.15,9514,103.19749999999999,103.2296,103.06220000000002,102.5667,False,True,True,False,True,True,-0.05,-0.08
2024-12-20,11:05:00,PNB,103.11,103.25,103.11,103.25,13986,103.2,103.22900000000001,103.0702,102.57469999999999,True,True,True,False,True,True,0.05,0.02
2024-12-20,11:04:00,PNB,103.16,103.16,103.1,103.16,5095,103.2005,103.2268,103.0773,102.58274999999999,False,True,True,False,True,True,-0.04,-0.06
2024-12-20,11:03:00,PNB,103.13,103.19,103.1,103.16,17083,103.201,103.22540000000001,103.0835,102.59049999999999,False,True,True,False,True,True,-0.04,-0.06
2024-12-20,11:02:00,PNB,103.19,103.27,103.11,103.11,8833,103.19449999999999,103.2212,103.08930000000001,102.598,False,True,True,False,True,True,-0.08,-0.11
2024-12-20,11:01:00,PNB,103.13,103.19,103.07,103.16,12210,103.19800000000001,103.2194,103.095,102.6064,False,True,True,False,True,True,-0.04,-0.06
2024-12-20,11:00:00,PNB,103.14,103.15,103.1,103.1,6841,103.19749999999999,103.2176,103.09910000000002,102.61495000000001,False,True,True,False,True,True,-0.09,-0.11
2024-12-20,10:59:00,PNB,103.1,103.16,103.03,103.13,7443,103.20149999999998,103.21700000000001,103.1027,102.62324999999998,False,True,True,False,True,True,-0.07,-0.08
2024-12-20,10:58:00,PNB,103.14,103.18,103.1,103.14,5638,103.2,103.21480000000001,103.1066,102.63215,False,True,True,False,True,True,-0.06,-0.07
2024-12-20,10:57:00,PNB,103.15,103.19,103.13,103.17,38888,103.199,103.21340000000001,103.11059999999999,102.64139999999999,False,True,True,False,True,True,-0.03,-0.04
2024-12-20,10:56:00,PNB,103.21,103.25,103.15,103.19,15274,103.199,103.21260000000001,103.1143,102.65039999999999,False,True,True,False,True,True,-0.01,-0.02
2024-12-20,10:55:00,PNB,103.31,103.31,103.17,103.21,25484,103.191,103.212,103.11839999999998,102.66005000000001,False,True,True,False,True,True,0.02,-0.0
2024-12-20,10:54:00,PNB,103.19,103.32,103.17,103.3,49233,103.1925,103.21300000000001,103.1234,102.6706,True,True,True,False,True,True,0.1,0.08
2024-12-20,10:53:00,PNB,103.19,103.43,103.15,103.19,176935,103.1895,103.2114,103.1277,102.68035,False,True,True,False,True,True,0.0,-0.02
2024-12-20,10:52:00,PNB,103.15,103.18,103.06,103.18,37003,103.18599999999999,103.20800000000001,103.13199999999999,102.68995,False,True,True,False,True,True,-0.01,-0.03
2024-12-20,10:51:00,PNB,103.15,103.19,103.1,103.17,13252,103.181,103.20540000000001,103.13619999999999,102.69940000000001,False,True,True,False,True,True,-0.01,-0.03
2024-12-20,10:50:00,PNB,103.09,103.19,103.02,103.15,39032,103.176,103.2016,103.1406,102.70835,False,True,True,False,True,True,-0.03,-0.05
2024-12-20,10:49:00,PNB,103.03,103.12,102.94,103.1,51376,103.1695,103.19800000000001,103.1445,102.71715,False,False,True,False,True,True,-0.07,-0.09
2024-12-20,10:48:00,PNB,103.05,103.06,103.01,103.02,14544,103.1585,103.1922,103.1473,102.725,False,False,True,False,True,True,-0.13,-0.17
2024-12-20,10:47:00,PNB,103.09,103.1,103.01,103.01,62861,103.1525,103.18639999999999,103.1491,102.73225000000001,False,False,True,False,True,True,-0.14,-0.17
2024-12-20,10:46:00,PNB,103.13,103.13,103.01,103.05,21538,103.1475,103.1814,103.15119999999999,102.7391,False,False,True,False,False,True,-0.09,-0.13
2024-12-20,10:45:00,PNB,103.09,103.15,103.08,103.12,24953,103.14099999999999,103.17739999999999,103.15440000000001,102.74695,False,False,True,False,False,True,-0.02,-0.06
2024-12-20,10:44:00,PNB,103.18,103.18,103.07,103.08,17300,103.13700000000001,103.1734,103.1582,102.75475,False,False,True,False,False,True,-0.06,-0.09
2024-12-20,10:43:00,PNB,103.2,103.25,103.13,103.18,14847,103.13799999999999,103.1726,103.1625,102.7631,True,True,True,False,False,True,0.04,0.01
2024-12-20,10:42:00,PNB,103.01,103.2,103.01,103.16,67229,103.1405,103.1706,103.1666,102.77135,False,False,True,False,False,True,0.02,-0.01
2024-12-20,10:41:00,PNB,103.03,103.04,102.91,103.01,16604,103.133,103.16720000000001,103.16950000000001,102.7784,False,False,True,False,False,True,-0.12,-0.15
2024-12-20,10:40:00,PNB,103.04,103.09,103.01,103.03,36613,103.12950000000001,103.1648,103.17289999999998,102.78524999999999,False,False,True,False,False,True,-0.1,-0.13
2024-12-20,10:39:00,PNB,103.0,103.05,102.97,103.04,24911,103.125,103.16120000000001,103.1769,102.7914,False,False,True,False,False,True,-0.08,-0.12
2024-12-20,10:38:00,PNB,103.05,103.1,102.95,102.99,22888,103.11749999999999,103.15699999999998,103.1798,102.79729999999999,False,False,True,False,False,True,-0.12,-0.16
2024-12-20,10:37:00,PNB,103.1,103.1,102.97,103.01,41065,103.1095,103.1542,103.1829,102.80314999999999,False,False,True,False,False,True,-0.1,-0.14
2024-12-20,10:36:00,PNB,102.95,103.1,102.95,103.1,80040,103.10499999999999,103.15240000000001,103.18690000000001,102.8098,False,False,True,False,False,True,-0.0,-0.05
2024-12-20,10:35:00,PNB,102.95,103.0,102.95,102.96,17386,103.0925,103.1476,103.1891,102.81565,False,False,True,False,False,True,-0.13,-0.18
2024-12-20,10:34:00,PNB,102.89,102.94,102.79,102.94,137504,103.07449999999999,103.1434,103.1891,102.82095,False,False,True,False,False,True,-0.13,-0.2
2024-12-20,10:33:00,PNB,102.99,103.0,102.88,102.91,16649,103.0605,103.13860000000001,103.1883,102.82660000000001,False,False,True,False,False,True,-0.15,-0.22
2024-12-20,10:32:00,PNB,103.01,103.04,102.95,102.99,33231,103.051,103.13359999999999,103.1874,102.83274999999999,False,False,True,False,False,True,-0.06,-0.14
2024-12-20,10:31:00,PNB,102.96,103.08,102.9,103.0,99278,103.04249999999999,103.13179999999998,103.1865,102.83875,False,False,True,False,False,True,-0.04,-0.13
2024-12-20,10:30:00,PNB,102.76,102.97,102.76,102.97,126292,103.0335,103.12899999999999,103.18530000000001,102.84435000000002,False,False,True,False,False,True,-0.06,-0.15
2024-12-20,10:29:00,PNB,102.78,102.78,102.69,102.75,9366,103.016,103.12299999999999,103.1819,102.84970000000001,False,False,False,False,False,True,-0.26,-0.36
2024-12-20,10:28:00,PNB,102.75,102.84,102.71,102.78,20685,103.00399999999999,103.11519999999999,103.1788,102.85545,False,False,False,False,False,True,-0.22,-0.33
2024-12-20,10:27:00,PNB,102.7,102.79,102.6,102.74,17821,102.9905,103.1062,103.17469999999999,102.86050000000002,False,False,False,False,False,True,-0.24,-0.36
2024-12-20,10:26:00,PNB,102.77,102.82,102.65,102.66,10670,102.971,103.09560000000002,103.16959999999999,102.86485,False,False,False,False,False,True,-0.3,-0.42
2024-12-20,10:25:00,PNB,102.65,102.79,102.6,102.75,17332,102.95249999999999,103.08319999999999,103.16529999999999,102.8683,False,False,False,False,False,True,-0.2,-0.32
2024-12-20,10:24:00,PNB,102.67,102.72,102.6,102.68,28544,102.9325,103.0714,103.1604,102.87165,False,False,False,False,False,True,-0.25,-0.38
2024-12-20,10:23:00,PNB,102.64,102.75,102.57,102.68,13244,102.9075,103.06,103.15469999999999,102.87570000000001,False,False,False,False,False,True,-0.22,-0.37
2024-12-20,10:22:00,PNB,102.72,102.85,102.6,102.65,36064,102.88200000000002,103.04800000000002,103.1481,102.8795,False,False,False,False,False,True,-0.23,-0.39
2024-12-20,10:21:00,PNB,102.6,102.8,102.51,102.75,23095,102.869,103.0376,103.14229999999999,102.88375,False,False,False,False,False,False,-0.12,-0.28
2024-12-20,10:20:00,PNB,102.77,102.77,102.55,102.58,70900,102.84649999999999,103.02420000000001,103.13369999999999,102.88560000000001,False,False,False,False,False,False,-0.26,-0.43
2024-12-20,10:19:00,PNB,102.75,102.87,102.71,102.77,48906,102.833,103.015,103.1274,102.88795,False,False,False,False,False,False,-0.06,-0.24
2024-12-20,10:18:00,PNB,102.79,102.88,102.71,102.74,49225,102.8205,103.005,103.1217,102.88940000000001,False,False,False,False,False,False,-0.08,-0.26
2024-12-20,10:17:00,PNB,102.7,102.84,102.68,102.79,53378,102.8095,102.9982,103.11640000000001,102.89104999999999,False,False,False,False,False,False,-0.02,-0.2
2024-12-20,10:16:00,PNB,102.62,102.75,102.56,102.7,38568,102.7895,102.9892,103.1094,102.89210000000001,False,False,False,False,False,False,-0.09,-0.28
2024-12-20,10:15:00,PNB,102.6,102.7,102.53,102.64,38528,102.77349999999998,102.97699999999999,103.10300000000001,102.89280000000001,False,False,False,False,False,False,-0.13,-0.33
2024-12-20,10:14:00,PNB,102.63,102.73,102.59,102.6,28184,102.7565,102.9658,103.09629999999999,102.8927,False,False,False,False,False,False,-0.15,-0.36
2024-12-20,10:13:00,PNB,102.55,102.73,102.51,102.63,70535,102.74249999999999,102.9552,103.09030000000001,102.89255000000001,False,False,False,False,False,False,-0.11,-0.32
2024-12-20,10:12:00,PNB,102.55,102.55,102.42,102.55,118415,102.72049999999999,102.94400000000002,103.0826,102.89195,False,False,False,False,False,False,-0.17,-0.38
2024-12-20,10:11:00,PNB,102.51,102.58,102.5,102.58,19192,102.69950000000001,102.93240000000002,103.0759,102.8916,False,False,False,False,False,False,-0.12,-0.34
2024-12-20,10:10:00,PNB,102.45,102.55,102.45,102.53,67817,102.67750000000001,102.921,103.0693,102.89135,False,False,False,False,False,False,-0.14,-0.38
2024-12-20,10:09:00,PNB,102.47,102.5,102.41,102.45,74260,102.6625,102.9074,103.06220000000002,102.89085000000001,False,False,False,False,False,False,-0.21,-0.44
2024-12-20,10:08:00,PNB,102.6,102.6,102.47,102.5,43907,102.64850000000001,102.8946,103.05470000000001,102.89025,False,False,False,False,False,False,-0.14,-0.38
2024-12-20,10:07:00,PNB,102.47,102.64,102.4,102.56,178035,102.6395,102.8824,103.04790000000001,102.89025,False,False,False,False,False,False,-0.08,-0.31
2024-12-20,10:06:00,PNB,102.44,102.5,102.4,102.47,46388,102.63,102.868,103.04029999999999,102.8899,False,False,False,False,False,False,-0.16,-0.39
2024-12-20,10:05:00,PNB,102.47,102.5,102.4,102.43,59659,102.614,102.8524,103.03219999999999,102.88905000000001,False,False,False,False,False,False,-0.18,-0.41
2024-12-20,10:04:00,PNB,102.55,102.58,102.38,102.49,132205,102.6045,102.83619999999999,103.02459999999999,102.88875,False,False,False,False,False,False,-0.11,-0.34
2024-12-20,10:03:00,PNB,102.71,102.82,102.53,102.58,268937,102.5995,102.824,103.0177,102.88895000000001,False,False,False,False,False,False,-0.02,-0.24
2024-12-20,10:02:00,PNB,102.7,102.8,102.65,102.71,154156,102.6025,102.81459999999998,103.0113,102.89014999999999,False,False,False,False,False,False,0.1,-0.1
2024-12-20,10:01:00,PNB,102.69,102.7,102.65,102.67,37220,102.59849999999999,102.8046,103.005,102.8915,False,False,False,False,False,False,0.07,-0.13
2024-12-20,10:00:00,PNB,102.73,102.73,102.65,102.69,48507,102.604,102.79540000000001,102.99849999999998,102.8929,False,False,False,False,False,False,0.08,-0.1
2024-12-20,09:59:00,PNB,102.84,102.85,102.72,102.75,20817,102.603,102.7884,102.9932,102.89489999999999,False,False,False,False,False,False,0.14,-0.04
2024-12-20,09:58:00,PNB,102.78,102.85,102.73,102.84,41624,102.60799999999999,102.78479999999999,102.9885,102.89695,True,False,False,False,False,False,0.23,0.05
2024-12-20,09:57:00,PNB,102.89,102.9,102.7,102.78,114619,102.6075,102.78020000000001,102.9833,102.89935,False,False,False,False,False,False,0.17,-0.0
2024-12-20,09:56:00,PNB,102.94,102.96,102.86,102.89,33023,102.617,102.77699999999999,102.9792,102.90230000000001,True,False,False,False,False,False,0.27,0.11
2024-12-20,09:55:00,PNB,102.99,103.0,102.9,102.97,30036,102.6335,102.774,102.97570000000002,102.90539999999999,True,False,True,False,False,False,0.33,0.19
2024-12-20,09:54:00,PNB,103.06,103.11,102.97,102.99,18442,102.65299999999999,102.7722,102.9728,102.90889999999999,True,True,True,False,False,False,0.33,0.21
2024-12-20,09:53:00,PNB,103.0,103.1,102.9,103.05,31705,102.674,102.7696,102.9711,102.9129,True,True,True,False,False,False,0.37,0.27
2024-12-20,09:52:00,PNB,103.07,103.15,102.95,103.0,43813,102.69649999999999,102.76639999999999,102.9685,102.91615,True,True,True,False,False,False,0.3,0.23
2024-12-20,09:51:00,PNB,103.06,103.1,102.95,103.09,49353,102.72200000000001,102.76799999999999,102.9676,102.91995000000001,True,True,True,False,False,False,0.36,0.31
2024-12-20,09:50:00,PNB,102.94,103.09,102.86,103.06,109012,102.7485,102.7686,102.9667,102.92385,True,True,True,False,False,False,0.3,0.28
2024-12-20,09:49:00,PNB,103.2,103.2,102.9,102.98,149450,102.775,102.7674,102.96430000000001,102.927,True,True,True,True,False,False,0.2,0.21
2024-12-20,09:48:00,PNB,103.12,103.19,103.01,103.19,79005,102.8095,102.7714,102.9642,102.93095,True,True,True,True,False,False,0.37,0.41
2024-12-20,09:47:00,PNB,103.29,103.33,103.02,103.14,107340,102.8385,102.774,102.9641,102.9348,True,True,True,True,False,False,0.29,0.36
2024-12-20,09:46:00,PNB,103.25,103.34,103.15,103.29,172187,102.87950000000001,102.77779999999998,102.9651,102.93895,True,True,True,True,False,False,0.4,0.5
2024-12-20,09:45:00,PNB,103.22,103.3,103.21,103.26,51882,102.921,102.78379999999999,102.9657,102.94324999999999,True,True,True,True,False,False,0.33,0.46
2024-12-20,09:44:00,PNB,103.22,103.25,103.17,103.22,56468,102.95750000000001,102.7894,102.9664,102.94725,True,True,True,True,False,True,0.25,0.42
2024-12-20,09:43:00,PNB,103.21,103.29,103.16,103.2,61222,102.9885,102.79520000000001,102.96690000000001,102.95115,True,True,True,True,True,True,0.21,0.39
2024-12-20,09:42:00,PNB,103.18,103.27,103.14,103.24,75597,103.01500000000001,102.8002,102.96690000000001,102.95480000000002,True,True,True,True,True,True,0.22,0.43
2024-12-20,09:41:00,PNB,103.28,103.34,103.12,103.18,97077,103.0405,102.80380000000001,102.96780000000001,102.95765,True,True,True,True,True,True,0.14,0.37
2024-12-20,09:40:00,PNB,103.33,103.33,103.22,103.29,91674,103.0705,102.81020000000001,102.96959999999999,102.96154999999999,True,True,True,True,True,True,0.21,0.47
2024-12-20,09:39:00,PNB,103.21,103.37,103.2,103.34,74174,103.1,102.822,102.9725,102.96555000000001,True,True,True,True,True,True,0.23,0.5
2024-12-20,09:38:00,PNB,103.24,103.25,103.1,103.24,64530,103.12,102.83120000000001,102.97319999999999,102.9691,True,True,True,True,True,True,0.12,0.4
2024-12-20,09:37:00,PNB,103.17,103.3,103.14,103.24,83621,103.143,102.84119999999999,102.97370000000001,102.9729,True,True,True,True,True,True,0.09,0.39
2024-12-20,09:36:00,PNB,102.84,103.33,102.8,103.18,240154,103.1575,102.8516,102.97359999999999,102.9768,True,True,True,True,True,True,0.02,0.32
2024-12-20,09:35:00,PNB,102.85,102.88,102.8,102.81,30656,103.14949999999999,102.85279999999999,102.96800000000002,102.9789,False,False,False,True,True,True,-0.33,-0.04
2024-12-20,09:34:00,PNB,102.72,102.94,102.7,102.88,18444,103.144,102.8568,102.9641,102.98140000000001,True,False,False,True,True,True,-0.26,0.02
2024-12-20,09:33:00,PNB,102.95,102.98,102.7,102.72,146430,103.12750000000001,102.8576,102.95880000000001,102.98279999999998,False,False,False,True,True,True,-0.4,-0.13
2024-12-20,09:32:00,PNB,102.8,102.96,102.8,102.91,69618,103.123,102.8628,102.95540000000001,102.98514999999999,True,False,False,True,True,True,-0.21,0.05
2024-12-20,09:31:00,PNB,102.73,102.8,102.65,102.8,62325,103.1085,102.8638,102.9507,102.98719999999999,False,False,False,True,True,True,-0.3,-0.06
2024-12-20,09:30:00,PNB,102.85,102.92,102.7,102.72,56290,103.0915,102.8666,102.94539999999999,102.98845,False,False,False,True,True,True,-0.36,-0.14
2024-12-20,09:29:00,PNB,102.9,102.97,102.81,102.87,51121,103.08600000000001,102.8686,102.9418,102.99095,True,False,False,True,True,True,-0.21,0.0
2024-12-20,09:28:00,PNB,102.8,102.95,102.74,102.92,34474,103.07249999999999,102.8722,102.93860000000001,102.99380000000001,True,False,False,True,True,True,-0.15,0.05
2024-12-20,09:27:00,PNB,102.88,102.97,102.67,102.81,110182,103.056,102.8726,102.93539999999999,102.9953,False,False,False,True,True,True,-0.24,-0.06
2024-12-20,09:26:00,PNB,102.85,102.88,102.69,102.88,101938,103.0355,102.87619999999998,102.93270000000001,102.99744999999999,True,False,False,True,True,True,-0.15,0.0
2024-12-20,09:25:00,PNB,102.71,102.88,102.61,102.84,180312,103.0145,102.8802,102.9286,102.99939999999998,False,False,False,True,True,True,-0.17,-0.04
2024-12-20,09:24:00,PNB,102.96,103.0,102.63,102.7,271642,102.9885,102.8822,102.92399999999999,103.00065000000001,False,False,False,True,True,False,-0.28,-0.18
2024-12-20,09:23:00,PNB,102.85,103.04,102.83,102.96,149990,102.97650000000002,102.88879999999999,102.92200000000001,103.00274999999999,True,True,False,True,True,False,-0.02,0.07
2024-12-20,09:22:00,PNB,103.26,103.27,102.83,102.85,218100,102.95700000000002,102.89479999999999,102.91939999999998,103.00435000000002,False,False,False,True,True,False,-0.1,-0.04
2024-12-20,09:21:00,PNB,103.2,103.27,103.05,103.25,144122,102.9605,102.9082,102.92029999999998,103.00765000000001,True,True,True,True,True,False,0.28,0.33
2024-12-20,09:20:00,PNB,103.43,103.5,103.16,103.21,154642,102.9565,102.9218,102.92139999999999,103.01025,True,True,True,True,True,False,0.25,0.28
2024-12-20,09:19:00,PNB,103.35,103.42,103.1,103.41,286755,102.96,102.941,102.9242,103.01344999999999,True,True,True,True,True,False,0.44,0.46
2024-12-20,09:18:00,PNB,103.23,103.36,103.15,103.34,67161,102.96499999999999,102.9578,102.92620000000001,103.01639999999999,True,True,True,True,True,False,0.36,0.37
2024-12-20,09:17:00,PNB,103.17,103.4,103.15,103.23,122760,102.9645,102.9712,102.9268,103.01870000000001,True,True,True,False,True,False,0.26,0.25
2024-12-20,09:16:00,PNB,103.19,103.33,103.0,103.24,180986,102.9675,102.9866,102.9273,103.0208,True,True,True,False,True,False,0.26,0.25
2024-12-20,09:15:00,PNB,103.05,103.9,102.98,103.19,435059,102.9865,103.0018,102.92710000000001,103.02275,True,True,True,False,True,False,0.2,0.18
