touch_idx,reclaim_idx,entry_idx,touch_dt,reclaim_dt,entry_dt,entry_price,ma20,touch_to_entry_day_cross,reclaim_to_entry_day_cross,month_boundary_carry
48,48,49,2022-01-03 13:15:00+05:30,2022-01-03 13:15:00+05:30,2022-01-03 13:20:00+05:30,109.2,108.88250000000001,False,False,False
114,114,115,2022-01-04 12:30:00+05:30,2022-01-04 12:30:00+05:30,2022-01-04 12:35:00+05:30,111.6,111.2275,False,False,False
116,116,117,2022-01-04 12:40:00+05:30,2022-01-04 12:40:00+05:30,2022-01-04 12:45:00+05:30,111.25,111.24249999999999,False,False,False
150,150,151,2022-01-05 09:15:00+05:30,2022-01-05 09:15:00+05:30,2022-01-05 09:20:00+05:30,111.3,111.03500000000001,False,False,False
153,155,156,2022-01-05 09:30:00+05:30,2022-01-05 09:40:00+05:30,2022-01-05 09:45:00+05:30,111.9,111.165,False,False,False
188,189,190,2022-01-05 12:25:00+05:30,2022-01-05 12:30:00+05:30,2022-01-05 12:35:00+05:30,113.05,113.025,False,False,False
221,221,222,2022-01-05 15:10:00+05:30,2022-01-05 15:10:00+05:30,2022-01-05 15:15:00+05:30,114.15,113.9075,False,False,False
225,226,227,2022-01-06 09:15:00+05:30,2022-01-06 09:20:00+05:30,2022-01-06 09:25:00+05:30,114.05,114.00250000000001,False,False,False
227,227,228,2022-01-06 09:25:00+05:30,2022-01-06 09:25:00+05:30,2022-01-06 09:30:00+05:30,114.3,114.07249999999999,False,False,False
228,231,232,2022-01-06 09:30:00+05:30,2022-01-06 09:45:00+05:30,2022-01-06 09:50:00+05:30,114.1,114.05749999999998,False,False,False
285,286,287,2022-01-06 14:15:00+05:30,2022-01-06 14:20:00+05:30,2022-01-06 14:25:00+05:30,112.55,112.4625,False,False,False
296,296,297,2022-01-06 15:10:00+05:30,2022-01-06 15:10:00+05:30,2022-01-06 15:15:00+05:30,112.6,112.6,False,False,False
297,297,298,2022-01-06 15:15:00+05:30,2022-01-06 15:15:00+05:30,2022-01-06 15:20:00+05:30,112.8,112.60249999999999,False,False,False
298,298,299,2022-01-06 15:20:00+05:30,2022-01-06 15:20:00+05:30,2022-01-06 15:25:00+05:30,112.65,112.60249999999999,False,False,False
299,300,301,2022-01-06 15:25:00+05:30,2022-01-07 09:15:00+05:30,2022-01-07 09:20:00+05:30,113.35,112.6,True,False,False
327,328,329,2022-01-07 11:30:00+05:30,2022-01-07 11:35:00+05:30,2022-01-07 11:40:00+05:30,113.05,112.8875,False,False,False
377,380,381,2022-01-10 09:25:00+05:30,2022-01-10 09:40:00+05:30,2022-01-10 09:45:00+05:30,112.5,112.15,False,False,False
411,411,412,2022-01-10 12:15:00+05:30,2022-01-10 12:15:00+05:30,2022-01-10 12:20:00+05:30,112.9,112.8,False,False,False
431,431,432,2022-01-10 13:55:00+05:30,2022-01-10 13:55:00+05:30,2022-01-10 14:00:00+05:30,113.2,113.1825,False,False,False
432,432,433,2022-01-10 14:00:00+05:30,2022-01-10 14:00:00+05:30,2022-01-10 14:05:00+05:30,113.4,113.20250000000001,False,False,False
439,442,443,2022-01-10 14:35:00+05:30,2022-01-10 14:50:00+05:30,2022-01-10 14:55:00+05:30,113.3,113.1525,False,False,False
448,448,449,2022-01-10 15:20:00+05:30,2022-01-10 15:20:00+05:30,2022-01-10 15:25:00+05:30,113.2,113.18500000000002,False,False,False
449,449,450,2022-01-10 15:25:00+05:30,2022-01-10 15:25:00+05:30,2022-01-11 09:15:00+05:30,112.25,113.18499999999999,True,True,False
521,524,525,2022-01-11 15:10:00+05:30,2022-01-11 15:25:00+05:30,2022-01-12 09:15:00+05:30,110.4,109.8875,True,True,False
545,545,546,2022-01-12 10:55:00+05:30,2022-01-12 10:55:00+05:30,2022-01-12 11:00:00+05:30,110.45,110.165,False,False,False
585,585,586,2022-01-12 14:15:00+05:30,2022-01-12 14:15:00+05:30,2022-01-12 14:20:00+05:30,111.0,110.74249999999999,False,False,False
675,675,676,2022-01-14 09:15:00+05:30,2022-01-14 09:15:00+05:30,2022-01-14 09:20:00+05:30,118.0,117.665,False,False,False
719,719,720,2022-01-14 12:55:00+05:30,2022-01-14 12:55:00+05:30,2022-01-14 13:00:00+05:30,117.9,117.63499999999999,False,False,False
789,789,790,2022-01-17 12:30:00+05:30,2022-01-17 12:30:00+05:30,2022-01-17 12:35:00+05:30,116.7,116.66749999999999,False,False,False
790,790,791,2022-01-17 12:35:00+05:30,2022-01-17 12:35:00+05:30,2022-01-17 12:40:00+05:30,116.85,116.68000000000002,False,False,False
872,872,873,2022-01-18 13:10:00+05:30,2022-01-18 13:10:00+05:30,2022-01-18 13:15:00+05:30,118.1,118.08,False,False,False
897,900,901,2022-01-18 15:15:00+05:30,2022-01-19 09:15:00+05:30,2022-01-19 09:20:00+05:30,117.4,116.7625,True,False,False
904,906,907,2022-01-19 09:35:00+05:30,2022-01-19 09:45:00+05:30,2022-01-19 09:50:00+05:30,117.55,116.57750000000001,False,False,False
977,977,978,2022-01-20 09:25:00+05:30,2022-01-20 09:25:00+05:30,2022-01-20 09:30:00+05:30,118.25,117.30499999999999,False,False,False
1044,1047,1048,2022-01-20 15:00:00+05:30,2022-01-20 15:15:00+05:30,2022-01-20 15:20:00+05:30,117.3,117.00750000000001,False,False,False
1087,1087,1088,2022-01-21 12:20:00+05:30,2022-01-21 12:20:00+05:30,2022-01-21 12:25:00+05:30,114.15,113.85,False,False,False
1118,1120,1121,2022-01-21 14:55:00+05:30,2022-01-21 15:05:00+05:30,2022-01-21 15:10:00+05:30,113.4,113.39500000000001,False,False,False
1183,1186,1187,2022-01-24 14:05:00+05:30,2022-01-24 14:20:00+05:30,2022-01-24 14:25:00+05:30,107.6,107.59,False,False,False
1198,1201,1202,2022-01-24 15:20:00+05:30,2022-01-25 09:20:00+05:30,2022-01-25 09:25:00+05:30,107.25,106.54,True,False,False
1251,1251,1252,2022-01-25 13:30:00+05:30,2022-01-25 13:30:00+05:30,2022-01-25 13:35:00+05:30,106.95,106.725,False,False,False
1264,1264,1265,2022-01-25 14:35:00+05:30,2022-01-25 14:35:00+05:30,2022-01-25 14:40:00+05:30,107.25,107.08250000000001,False,False,False
1272,1272,1273,2022-01-25 15:15:00+05:30,2022-01-25 15:15:00+05:30,2022-01-25 15:20:00+05:30,107.3,107.25250000000001,False,False,False
1344,1346,1347,2022-01-27 15:00:00+05:30,2022-01-27 15:10:00+05:30,2022-01-27 15:15:00+05:30,105.5,105.41,False,False,False
1388,1389,1390,2022-01-28 12:25:00+05:30,2022-01-28 12:30:00+05:30,2022-01-28 12:35:00+05:30,108.15,107.89499999999998,False,False,False
1422,1425,1426,2022-01-28 15:15:00+05:30,2022-01-31 09:15:00+05:30,2022-01-31 09:20:00+05:30,107.0,106.07000000000001,True,False,False
1483,1483,1484,2022-01-31 14:05:00+05:30,2022-01-31 14:05:00+05:30,2022-01-31 14:10:00+05:30,105.7,105.63,False,False,False
1486,1488,1489,2022-01-31 14:20:00+05:30,2022-01-31 14:30:00+05:30,2022-01-31 14:35:00+05:30,105.7,105.655,False,False,False
1490,1490,1491,2022-01-31 14:40:00+05:30,2022-01-31 14:40:00+05:30,2022-01-31 14:45:00+05:30,105.95,105.6575,False,False,False
1497,1500,1501,2022-01-31 15:15:00+05:30,2022-02-01 09:15:00+05:30,2022-02-01 09:20:00+05:30,106.25,105.55499999999999,True,False,False
1501,1501,1502,2022-02-01 09:20:00+05:30,2022-02-01 09:20:00+05:30,2022-02-01 09:25:00+05:30,105.7,105.525,False,False,False
1532,1532,1533,2022-02-01 11:55:00+05:30,2022-02-01 11:55:00+05:30,2022-02-01 12:00:00+05:30,107.75,107.58250000000001,False,False,False
1540,1540,1541,2022-02-01 12:35:00+05:30,2022-02-01 12:35:00+05:30,2022-02-01 12:40:00+05:30,108.35,107.8575,False,False,False
1547,1548,1549,2022-02-01 13:10:00+05:30,2022-02-01 13:15:00+05:30,2022-02-01 13:20:00+05:30,108.4,108.3175,False,False,False
1548,1550,1551,2022-02-01 13:15:00+05:30,2022-02-01 13:25:00+05:30,2022-02-01 13:30:00+05:30,108.75,108.38250000000001,False,False,False
1575,1576,1577,2022-02-02 09:15:00+05:30,2022-02-02 09:20:00+05:30,2022-02-02 09:25:00+05:30,112.9,112.7325,False,False,False
1634,1634,1635,2022-02-02 14:10:00+05:30,2022-02-02 14:10:00+05:30,2022-02-02 14:15:00+05:30,113.2,112.825,False,False,False
1643,1645,1646,2022-02-02 14:55:00+05:30,2022-02-02 15:05:00+05:30,2022-02-02 15:10:00+05:30,113.05,113.00749999999998,False,False,False
1646,1646,1647,2022-02-02 15:10:00+05:30,2022-02-02 15:10:00+05:30,2022-02-02 15:15:00+05:30,113.15,113.04249999999999,False,False,False
1648,1648,1649,2022-02-02 15:20:00+05:30,2022-02-02 15:20:00+05:30,2022-02-02 15:25:00+05:30,113.25,113.075,False,False,False
1650,1652,1653,2022-02-03 09:15:00+05:30,2022-02-03 09:25:00+05:30,2022-02-03 09:30:00+05:30,113.6,113.075,False,False,False
1654,1654,1655,2022-02-03 09:35:00+05:30,2022-02-03 09:35:00+05:30,2022-02-03 09:40:00+05:30,113.4,113.11750000000002,False,False,False
1716,1716,1717,2022-02-03 14:45:00+05:30,2022-02-03 14:45:00+05:30,2022-02-03 14:50:00+05:30,113.75,113.55999999999999,False,False,False
1722,1725,1726,2022-02-03 15:15:00+05:30,2022-02-04 09:15:00+05:30,2022-02-04 09:20:00+05:30,114.15,113.3875,True,False,False
1737,1738,1739,2022-02-04 10:15:00+05:30,2022-02-04 10:20:00+05:30,2022-02-04 10:25:00+05:30,114.55,114.43500000000002,False,False,False
1757,1759,1760,2022-02-04 11:55:00+05:30,2022-02-04 12:05:00+05:30,2022-02-04 12:10:00+05:30,115.0,114.94749999999999,False,False,False
1779,1779,1780,2022-02-04 13:45:00+05:30,2022-02-04 13:45:00+05:30,2022-02-04 13:50:00+05:30,114.8,114.60249999999999,False,False,False
1797,1800,1801,2022-02-04 15:15:00+05:30,2022-02-07 09:15:00+05:30,2022-02-07 09:20:00+05:30,116.2,114.4425,True,False,False
1872,1873,1874,2022-02-07 15:15:00+05:30,2022-02-07 15:20:00+05:30,2022-02-07 15:25:00+05:30,114.75,114.59250000000002,False,False,False
1899,1899,1900,2022-02-08 11:15:00+05:30,2022-02-08 11:15:00+05:30,2022-02-08 11:20:00+05:30,114.95,114.71750000000002,False,False,False
1920,1920,1921,2022-02-08 13:00:00+05:30,2022-02-08 13:00:00+05:30,2022-02-08 13:05:00+05:30,115.6,115.5625,False,False,False
1922,1922,1923,2022-02-08 13:10:00+05:30,2022-02-08 13:10:00+05:30,2022-02-08 13:15:00+05:30,116.05,115.67249999999999,False,False,False
1998,2001,2002,2022-02-09 13:15:00+05:30,2022-02-09 13:30:00+05:30,2022-02-09 13:35:00+05:30,118.0,117.9775,False,False,False
2016,2016,2017,2022-02-09 14:45:00+05:30,2022-02-09 14:45:00+05:30,2022-02-09 14:50:00+05:30,117.95,117.88499999999999,False,False,False
2017,2017,2018,2022-02-09 14:50:00+05:30,2022-02-09 14:50:00+05:30,2022-02-09 14:55:00+05:30,118.3,117.93500000000002,False,False,False
2061,2061,2062,2022-02-10 12:15:00+05:30,2022-02-10 12:15:00+05:30,2022-02-10 12:20:00+05:30,121.15,120.94000000000001,False,False,False
2074,2075,2076,2022-02-10 13:20:00+05:30,2022-02-10 13:25:00+05:30,2022-02-10 13:30:00+05:30,120.95,120.92,False,False,False
2087,2087,2088,2022-02-10 14:25:00+05:30,2022-02-10 14:25:00+05:30,2022-02-10 14:30:00+05:30,121.2,121.14000000000001,False,False,False
2092,2092,2093,2022-02-10 14:50:00+05:30,2022-02-10 14:50:00+05:30,2022-02-10 14:55:00+05:30,121.4,121.2775,False,False,False
2094,2094,2095,2022-02-10 15:00:00+05:30,2022-02-10 15:00:00+05:30,2022-02-10 15:05:00+05:30,121.35,121.31999999999998,False,False,False
2101,2104,2105,2022-02-11 09:20:00+05:30,2022-02-11 09:35:00+05:30,2022-02-11 09:40:00+05:30,121.55,121.3175,False,False,False
2107,2108,2109,2022-02-11 09:50:00+05:30,2022-02-11 09:55:00+05:30,2022-02-11 10:00:00+05:30,121.4,121.2675,False,False,False
2159,2160,2161,2022-02-11 14:10:00+05:30,2022-02-11 14:15:00+05:30,2022-02-11 14:20:00+05:30,122.45,122.4825,False,False,False
2224,2224,2225,2022-02-14 13:20:00+05:30,2022-02-14 13:20:00+05:30,2022-02-14 13:25:00+05:30,117.35,117.29749999999999,False,False,False
2247,2250,2251,2022-02-14 15:15:00+05:30,2022-02-15 09:15:00+05:30,2022-02-15 09:20:00+05:30,115.8,115.59250000000002,True,False,False
2288,2290,2291,2022-02-15 12:25:00+05:30,2022-02-15 12:35:00+05:30,2022-02-15 12:40:00+05:30,112.85,112.80999999999999,False,False,False
2326,2327,2328,2022-02-16 09:20:00+05:30,2022-02-16 09:25:00+05:30,2022-02-16 09:30:00+05:30,116.25,116.28999999999999,False,False,False
2368,2370,2371,2022-02-16 12:50:00+05:30,2022-02-16 13:00:00+05:30,2022-02-16 13:05:00+05:30,116.85,116.60249999999999,False,False,False
2376,2377,2378,2022-02-16 13:30:00+05:30,2022-02-16 13:35:00+05:30,2022-02-16 13:40:00+05:30,116.85,116.755,False,False,False
2397,2400,2401,2022-02-16 15:15:00+05:30,2022-02-17 09:15:00+05:30,2022-02-17 09:20:00+05:30,116.6,116.4425,True,False,False
2401,2401,2402,2022-02-17 09:20:00+05:30,2022-02-17 09:20:00+05:30,2022-02-17 09:25:00+05:30,116.4,116.19750000000002,False,False,False
2416,2416,2417,2022-02-17 10:35:00+05:30,2022-02-17 10:35:00+05:30,2022-02-17 10:40:00+05:30,116.05,115.6025,False,False,False
2450,2453,2454,2022-02-17 13:25:00+05:30,2022-02-17 13:40:00+05:30,2022-02-17 13:45:00+05:30,117.05,116.8525,False,False,False
2452,2452,2453,2022-02-17 13:35:00+05:30,2022-02-17 13:35:00+05:30,2022-02-17 13:40:00+05:30,116.8,116.82750000000001,False,False,False
2472,2475,2476,2022-02-17 15:15:00+05:30,2022-02-18 09:15:00+05:30,2022-02-18 09:20:00+05:30,116.15,115.955,True,False,False
2477,2477,2478,2022-02-18 09:25:00+05:30,2022-02-18 09:25:00+05:30,2022-02-18 09:30:00+05:30,116.4,115.7675,False,False,False
2678,2681,2682,2022-02-22 13:40:00+05:30,2022-02-22 13:55:00+05:30,2022-02-22 14:00:00+05:30,109.6,109.4675,False,False,False
2694,2694,2695,2022-02-22 15:00:00+05:30,2022-02-22 15:00:00+05:30,2022-02-22 15:05:00+05:30,110.35,109.75999999999999,False,False,False
2698,2700,2701,2022-02-22 15:20:00+05:30,2022-02-23 09:15:00+05:30,2022-02-23 09:20:00+05:30,111.4,110.08,True,False,False
2743,2745,2746,2022-02-23 12:50:00+05:30,2022-02-23 13:00:00+05:30,2022-02-23 13:05:00+05:30,110.5,110.36749999999999,False,False,False
2757,2757,2758,2022-02-23 14:00:00+05:30,2022-02-23 14:00:00+05:30,2022-02-23 14:05:00+05:30,111.1,110.74750000000002,False,False,False
2829,2830,2831,2022-02-24 13:45:00+05:30,2022-02-24 13:50:00+05:30,2022-02-24 13:55:00+05:30,106.4,106.22,False,False,False
2847,2850,2851,2022-02-24 15:15:00+05:30,2022-02-25 09:15:00+05:30,2022-02-25 09:20:00+05:30,107.85,105.1125,True,False,False
2884,2884,2885,2022-02-25 12:05:00+05:30,2022-02-25 12:05:00+05:30,2022-02-25 12:10:00+05:30,110.2,110.035,False,False,False
2885,2886,2887,2022-02-25 12:10:00+05:30,2022-02-25 12:15:00+05:30,2022-02-25 12:20:00+05:30,110.25,110.0625,False,False,False
2890,2891,2892,2022-02-25 12:35:00+05:30,2022-02-25 12:40:00+05:30,2022-02-25 12:45:00+05:30,110.65,110.2325,False,False,False
2907,2907,2908,2022-02-25 14:00:00+05:30,2022-02-25 14:00:00+05:30,2022-02-25 14:05:00+05:30,111.1,110.76000000000002,False,False,False
2919,2919,2920,2022-02-25 15:00:00+05:30,2022-02-25 15:00:00+05:30,2022-02-25 15:05:00+05:30,110.7,110.5975,False,False,False
2925,2925,2926,2022-02-28 09:15:00+05:30,2022-02-28 09:15:00+05:30,2022-02-28 09:20:00+05:30,112.5,110.78,False,False,False
2988,2989,2990,2022-02-28 14:30:00+05:30,2022-02-28 14:35:00+05:30,2022-02-28 14:40:00+05:30,117.8,117.16,False,False,False
3039,3041,3042,2022-03-02 12:30:00+05:30,2022-03-02 12:40:00+05:30,2022-03-02 12:45:00+05:30,125.1,124.99000000000001,False,False,False
3060,3062,3063,2022-03-02 14:15:00+05:30,2022-03-02 14:25:00+05:30,2022-03-02 14:30:00+05:30,125.95,125.625,False,False,False
3073,3075,3076,2022-03-02 15:20:00+05:30,2022-03-03 09:15:00+05:30,2022-03-03 09:20:00+05:30,127.3,125.475,True,False,False
3123,3126,3127,2022-03-03 13:15:00+05:30,2022-03-03 13:30:00+05:30,2022-03-03 13:35:00+05:30,127.8,127.65,False,False,False
3132,3132,3133,2022-03-03 14:00:00+05:30,2022-03-03 14:00:00+05:30,2022-03-03 14:05:00+05:30,128.2,127.7375,False,False,False
3135,3137,3138,2022-03-03 14:15:00+05:30,2022-03-03 14:25:00+05:30,2022-03-03 14:30:00+05:30,128.0,127.76500000000001,False,False,False
3150,3150,3151,2022-03-04 09:15:00+05:30,2022-03-04 09:15:00+05:30,2022-03-04 09:20:00+05:30,127.55,127.545,False,False,False
3152,3152,3153,2022-03-04 09:25:00+05:30,2022-03-04 09:25:00+05:30,2022-03-04 09:30:00+05:30,128.2,127.48000000000002,False,False,False
3156,3156,3157,2022-03-04 09:45:00+05:30,2022-03-04 09:45:00+05:30,2022-03-04 09:50:00+05:30,127.8,127.50999999999999,False,False,False
3157,3157,3158,2022-03-04 09:50:00+05:30,2022-03-04 09:50:00+05:30,2022-03-04 09:55:00+05:30,128.05,127.50999999999999,False,False,False
3167,3167,3168,2022-03-04 10:40:00+05:30,2022-03-04 10:40:00+05:30,2022-03-04 10:45:00+05:30,127.8,127.4325,False,False,False
3222,3225,3226,2022-03-04 15:15:00+05:30,2022-03-07 09:15:00+05:30,2022-03-07 09:20:00+05:30,126.15,124.45250000000001,True,False,False
3223,3223,3224,2022-03-04 15:20:00+05:30,2022-03-04 15:20:00+05:30,2022-03-04 15:25:00+05:30,124.4,124.3975,False,False,False
3228,3231,3232,2022-03-07 09:35:00+05:30,2022-03-07 09:50:00+05:30,2022-03-07 09:55:00+05:30,124.85,124.475,False,False,False
3242,3245,3246,2022-03-07 10:45:00+05:30,2022-03-07 11:00:00+05:30,2022-03-07 11:05:00+05:30,124.65,124.30999999999999,False,False,False
3267,3267,3268,2022-03-07 12:50:00+05:30,2022-03-07 12:50:00+05:30,2022-03-07 12:55:00+05:30,124.5,124.17249999999999,False,False,False
3285,3288,3289,2022-03-07 14:20:00+05:30,2022-03-07 14:35:00+05:30,2022-03-07 14:40:00+05:30,124.3,124.00999999999999,False,False,False
3327,3327,3328,2022-03-08 11:35:00+05:30,2022-03-08 11:35:00+05:30,2022-03-08 11:40:00+05:30,122.0,121.475,False,False,False
3334,3334,3335,2022-03-08 12:10:00+05:30,2022-03-08 12:10:00+05:30,2022-03-08 12:15:00+05:30,121.85,121.49749999999999,False,False,False
3345,3346,3347,2022-03-08 13:05:00+05:30,2022-03-08 13:10:00+05:30,2022-03-08 13:15:00+05:30,122.45,122.11749999999999,False,False,False
3368,3368,3369,2022-03-08 15:00:00+05:30,2022-03-08 15:00:00+05:30,2022-03-08 15:05:00+05:30,123.65,123.275,False,False,False
3371,3371,3372,2022-03-08 15:15:00+05:30,2022-03-08 15:15:00+05:30,2022-03-08 15:20:00+05:30,123.5,123.46,False,False,False
3416,3416,3417,2022-03-09 12:45:00+05:30,2022-03-09 12:45:00+05:30,2022-03-09 12:50:00+05:30,121.9,121.71499999999999,False,False,False
3425,3425,3426,2022-03-09 13:30:00+05:30,2022-03-09 13:30:00+05:30,2022-03-09 13:35:00+05:30,122.3,122.005,False,False,False
3448,3451,3452,2022-03-09 15:25:00+05:30,2022-03-10 09:25:00+05:30,2022-03-10 09:30:00+05:30,122.55,122.345,True,False,False
3477,3477,3478,2022-03-10 11:35:00+05:30,2022-03-10 11:35:00+05:30,2022-03-10 11:40:00+05:30,122.9,122.5125,False,False,False
3581,3584,3585,2022-03-11 14:00:00+05:30,2022-03-11 14:15:00+05:30,2022-03-11 14:20:00+05:30,127.2,127.04749999999999,False,False,False
3586,3589,3590,2022-03-11 14:25:00+05:30,2022-03-11 14:40:00+05:30,2022-03-11 14:45:00+05:30,127.2,126.95,False,False,False
3598,3599,3600,2022-03-11 15:25:00+05:30,2022-03-14 09:15:00+05:30,2022-03-14 09:20:00+05:30,126.9,126.82750000000001,True,False,False
3637,3637,3638,2022-03-14 12:25:00+05:30,2022-03-14 12:25:00+05:30,2022-03-14 12:30:00+05:30,125.2,125.1625,False,False,False
3665,3667,3668,2022-03-14 14:45:00+05:30,2022-03-14 14:55:00+05:30,2022-03-14 15:00:00+05:30,125.55,125.37749999999998,False,False,False
3746,3749,3750,2022-03-15 15:15:00+05:30,2022-03-16 09:15:00+05:30,2022-03-16 09:20:00+05:30,120.95,120.1875,True,False,False
3794,3797,3798,2022-03-16 13:00:00+05:30,2022-03-16 13:15:00+05:30,2022-03-16 13:20:00+05:30,122.5,122.35499999999999,False,False,False
3816,3818,3819,2022-03-16 14:50:00+05:30,2022-03-16 15:00:00+05:30,2022-03-16 15:05:00+05:30,123.25,122.995,False,False,False
3821,3824,3825,2022-03-16 15:15:00+05:30,2022-03-17 09:15:00+05:30,2022-03-17 09:20:00+05:30,124.35,123.00750000000001,True,False,False
3887,3887,3888,2022-03-17 14:30:00+05:30,2022-03-17 14:30:00+05:30,2022-03-17 14:35:00+05:30,127.45,127.17250000000001,False,False,False
3895,3896,3897,2022-03-17 15:10:00+05:30,2022-03-17 15:15:00+05:30,2022-03-17 15:20:00+05:30,127.05,126.9825,False,False,False
3897,3899,3900,2022-03-17 15:20:00+05:30,2022-03-21 09:15:00+05:30,2022-03-21 09:20:00+05:30,128.45,127.0,True,False,False
3971,3974,3975,2022-03-21 15:15:00+05:30,2022-03-22 09:15:00+05:30,2022-03-22 09:20:00+05:30,128.5,127.6075,True,False,False
4015,4015,4016,2022-03-22 12:40:00+05:30,2022-03-22 12:40:00+05:30,2022-03-22 12:45:00+05:30,126.35,126.25750000000001,False,False,False
4032,4032,4033,2022-03-22 14:05:00+05:30,2022-03-22 14:05:00+05:30,2022-03-22 14:10:00+05:30,126.85,126.7325,False,False,False
4043,4043,4044,2022-03-22 15:00:00+05:30,2022-03-22 15:00:00+05:30,2022-03-22 15:05:00+05:30,126.75,126.6925,False,False,False
4046,4047,4048,2022-03-22 15:15:00+05:30,2022-03-22 15:20:00+05:30,2022-03-22 15:25:00+05:30,126.8,126.5925,False,False,False
4061,4061,4062,2022-03-23 10:15:00+05:30,2022-03-23 10:15:00+05:30,2022-03-23 10:20:00+05:30,127.9,127.15,False,False,False
4091,4091,4092,2022-03-23 12:45:00+05:30,2022-03-23 12:45:00+05:30,2022-03-23 12:50:00+05:30,126.85,126.5175,False,False,False
4124,4125,4126,2022-03-24 09:15:00+05:30,2022-03-24 09:20:00+05:30,2022-03-24 09:25:00+05:30,130.65,129.8825,False,False,False
4171,4174,4175,2022-03-24 13:10:00+05:30,2022-03-24 13:25:00+05:30,2022-03-24 13:30:00+05:30,131.4,131.2525,False,False,False
4196,4199,4200,2022-03-24 15:15:00+05:30,2022-03-25 09:15:00+05:30,2022-03-25 09:20:00+05:30,131.85,131.68,True,False,False
4200,4201,4202,2022-03-25 09:20:00+05:30,2022-03-25 09:25:00+05:30,2022-03-25 09:30:00+05:30,131.65,131.6175,False,False,False
4240,4240,4241,2022-03-25 12:40:00+05:30,2022-03-25 12:40:00+05:30,2022-03-25 12:45:00+05:30,131.7,131.4025,False,False,False
4272,4275,4276,2022-03-25 15:20:00+05:30,2022-03-28 09:20:00+05:30,2022-03-28 09:25:00+05:30,131.1,130.75500000000002,True,False,False
4310,4310,4311,2022-03-28 12:15:00+05:30,2022-03-28 12:15:00+05:30,2022-03-28 12:20:00+05:30,130.5,130.20250000000001,False,False,False
4323,4323,4324,2022-03-28 13:20:00+05:30,2022-03-28 13:20:00+05:30,2022-03-28 13:25:00+05:30,130.9,130.7425,False,False,False
4332,4332,4333,2022-03-28 14:05:00+05:30,2022-03-28 14:05:00+05:30,2022-03-28 14:10:00+05:30,131.15,131.0075,False,False,False
4394,4395,4396,2022-03-29 13:00:00+05:30,2022-03-29 13:05:00+05:30,2022-03-29 13:10:00+05:30,129.55,129.57999999999998,False,False,False
4400,4400,4401,2022-03-29 13:30:00+05:30,2022-03-29 13:30:00+05:30,2022-03-29 13:35:00+05:30,129.7,129.4975,False,False,False
4406,4407,4408,2022-03-29 14:00:00+05:30,2022-03-29 14:05:00+05:30,2022-03-29 14:10:00+05:30,130.3,129.54500000000002,False,False,False
4411,4411,4412,2022-03-29 14:25:00+05:30,2022-03-29 14:25:00+05:30,2022-03-29 14:30:00+05:30,130.2,129.7575,False,False,False
4417,4417,4418,2022-03-29 14:55:00+05:30,2022-03-29 14:55:00+05:30,2022-03-29 15:00:00+05:30,130.05,129.98,False,False,False
4418,4418,4419,2022-03-29 15:00:00+05:30,2022-03-29 15:00:00+05:30,2022-03-29 15:05:00+05:30,130.25,130.0125,False,False,False
4474,4475,4476,2022-03-30 13:25:00+05:30,2022-03-30 13:30:00+05:30,2022-03-30 13:35:00+05:30,127.35,127.2625,False,False,False
4478,4479,4480,2022-03-30 13:45:00+05:30,2022-03-30 13:50:00+05:30,2022-03-30 13:55:00+05:30,127.3,127.24750000000002,False,False,False
4489,4490,4491,2022-03-30 14:40:00+05:30,2022-03-30 14:45:00+05:30,2022-03-30 14:50:00+05:30,127.55,127.2,False,False,False
4492,4492,4493,2022-03-30 14:55:00+05:30,2022-03-30 14:55:00+05:30,2022-03-30 15:00:00+05:30,127.5,127.24249999999999,False,False,False
4496,4499,4500,2022-03-30 15:15:00+05:30,2022-03-31 09:15:00+05:30,2022-03-31 09:20:00+05:30,127.6,127.23999999999998,True,False,False
4526,4527,4528,2022-03-31 11:30:00+05:30,2022-03-31 11:35:00+05:30,2022-03-31 11:40:00+05:30,128.05,127.8525,False,False,False
4560,4561,4562,2022-03-31 14:20:00+05:30,2022-03-31 14:25:00+05:30,2022-03-31 14:30:00+05:30,127.3,127.25999999999999,False,False,False
4562,4562,4563,2022-03-31 14:30:00+05:30,2022-03-31 14:30:00+05:30,2022-03-31 14:35:00+05:30,127.4,127.22250000000001,False,False,False
4568,4568,4569,2022-03-31 15:00:00+05:30,2022-03-31 15:00:00+05:30,2022-03-31 15:05:00+05:30,127.2,127.13499999999999,False,False,False
4569,4569,4570,2022-03-31 15:05:00+05:30,2022-03-31 15:05:00+05:30,2022-03-31 15:10:00+05:30,127.2,127.13499999999999,False,False,False
4570,4570,4571,2022-03-31 15:10:00+05:30,2022-03-31 15:10:00+05:30,2022-03-31 15:15:00+05:30,127.1,127.12749999999998,False,False,False
4571,4572,4573,2022-03-31 15:15:00+05:30,2022-03-31 15:20:00+05:30,2022-03-31 15:25:00+05:30,127.15,127.1125,False,False,False
4573,4573,4574,2022-03-31 15:25:00+05:30,2022-03-31 15:25:00+05:30,2022-04-01 09:15:00+05:30,127.4,127.11500000000001,True,True,True
4574,4574,4575,2022-04-01 09:15:00+05:30,2022-04-01 09:15:00+05:30,2022-04-01 09:20:00+05:30,127.8,127.14750000000001,False,False,False
4628,4630,4631,2022-04-01 13:45:00+05:30,2022-04-01 13:55:00+05:30,2022-04-01 14:00:00+05:30,128.15,127.835,False,False,False
4645,4647,4648,2022-04-01 15:10:00+05:30,2022-04-01 15:20:00+05:30,2022-04-01 15:25:00+05:30,128.1,128.08999999999997,False,False,False
4646,4649,4650,2022-04-01 15:15:00+05:30,2022-04-04 09:15:00+05:30,2022-04-04 09:20:00+05:30,128.95,128.10750000000002,True,False,False
4713,4713,4714,2022-04-04 14:35:00+05:30,2022-04-04 14:35:00+05:30,2022-04-04 14:40:00+05:30,130.85,130.555,False,False,False
4718,4718,4719,2022-04-04 15:00:00+05:30,2022-04-04 15:00:00+05:30,2022-04-04 15:05:00+05:30,131.0,130.71750000000003,False,False,False
4721,4724,4725,2022-04-04 15:15:00+05:30,2022-04-05 09:15:00+05:30,2022-04-05 09:20:00+05:30,130.9,130.7775,True,False,False
4743,4744,4745,2022-04-05 10:50:00+05:30,2022-04-05 10:55:00+05:30,2022-04-05 11:00:00+05:30,130.25,130.0425,False,False,False
4775,4775,4776,2022-04-05 13:30:00+05:30,2022-04-05 13:30:00+05:30,2022-04-05 13:35:00+05:30,131.0,130.69,False,False,False
4781,4781,4782,2022-04-05 14:00:00+05:30,2022-04-05 14:00:00+05:30,2022-04-05 14:05:00+05:30,131.2,130.91000000000003,False,False,False
4785,4785,4786,2022-04-05 14:20:00+05:30,2022-04-05 14:20:00+05:30,2022-04-05 14:25:00+05:30,132.1,130.9925,False,False,False
4799,4799,4800,2022-04-06 09:15:00+05:30,2022-04-06 09:15:00+05:30,2022-04-06 09:20:00+05:30,132.65,131.33499999999998,False,False,False
4852,4852,4853,2022-04-06 13:40:00+05:30,2022-04-06 13:40:00+05:30,2022-04-06 13:45:00+05:30,134.0,133.425,False,False,False
4874,4874,4875,2022-04-07 09:15:00+05:30,2022-04-07 09:15:00+05:30,2022-04-07 09:20:00+05:30,133.95,133.9875,False,False,False
4899,4899,4900,2022-04-07 11:20:00+05:30,2022-04-07 11:20:00+05:30,2022-04-07 11:25:00+05:30,133.05,132.76749999999998,False,False,False
4900,4900,4901,2022-04-07 11:25:00+05:30,2022-04-07 11:25:00+05:30,2022-04-07 11:30:00+05:30,133.25,132.7475,False,False,False
4943,4943,4944,2022-04-07 15:00:00+05:30,2022-04-07 15:00:00+05:30,2022-04-07 15:05:00+05:30,131.55,131.45,False,False,False
4945,4947,4948,2022-04-07 15:10:00+05:30,2022-04-07 15:20:00+05:30,2022-04-07 15:25:00+05:30,131.65,131.375,False,False,False
4974,4974,4975,2022-04-08 11:20:00+05:30,2022-04-08 11:20:00+05:30,2022-04-08 11:25:00+05:30,132.55,132.465,False,False,False
5012,5013,5014,2022-04-08 14:30:00+05:30,2022-04-08 14:35:00+05:30,2022-04-08 14:40:00+05:30,133.85,133.77,False,False,False
5021,5024,5025,2022-04-08 15:15:00+05:30,2022-04-11 09:15:00+05:30,2022-04-11 09:20:00+05:30,134.05,133.8525,True,False,False
5025,5025,5026,2022-04-11 09:20:00+05:30,2022-04-11 09:20:00+05:30,2022-04-11 09:25:00+05:30,133.9,133.765,False,False,False
5139,5142,5143,2022-04-12 12:35:00+05:30,2022-04-12 12:50:00+05:30,2022-04-12 12:55:00+05:30,127.15,127.09750000000001,False,False,False
5150,5153,5154,2022-04-12 13:30:00+05:30,2022-04-12 13:45:00+05:30,2022-04-12 13:50:00+05:30,127.2,126.92,False,False,False
5220,5220,5221,2022-04-13 13:05:00+05:30,2022-04-13 13:05:00+05:30,2022-04-13 13:10:00+05:30,128.85,128.4625,False,False,False
5228,5229,5230,2022-04-13 13:45:00+05:30,2022-04-13 13:50:00+05:30,2022-04-13 13:55:00+05:30,128.55,128.49,False,False,False
5237,5237,5238,2022-04-13 14:30:00+05:30,2022-04-13 14:30:00+05:30,2022-04-13 14:35:00+05:30,129.1,128.6575,False,False,False
5246,5249,5250,2022-04-13 15:15:00+05:30,2022-04-18 09:15:00+05:30,2022-04-18 09:20:00+05:30,130.0,128.535,True,False,False
5318,5318,5319,2022-04-18 15:00:00+05:30,2022-04-18 15:00:00+05:30,2022-04-18 15:05:00+05:30,130.2,130.105,False,False,False
5322,5322,5323,2022-04-18 15:20:00+05:30,2022-04-18 15:20:00+05:30,2022-04-18 15:25:00+05:30,130.3,130.2275,False,False,False
5323,5323,5324,2022-04-18 15:25:00+05:30,2022-04-18 15:25:00+05:30,2022-04-19 09:15:00+05:30,131.65,130.255,True,True,False
5370,5371,5372,2022-04-19 13:05:00+05:30,2022-04-19 13:10:00+05:30,2022-04-19 13:15:00+05:30,131.9,131.7975,False,False,False
5471,5471,5472,2022-04-20 15:15:00+05:30,2022-04-20 15:15:00+05:30,2022-04-20 15:20:00+05:30,127.9,127.63499999999999,False,False,False
5473,5473,5474,2022-04-20 15:25:00+05:30,2022-04-20 15:25:00+05:30,2022-04-21 09:15:00+05:30,128.0,127.66999999999999,True,True,False
5482,5485,5486,2022-04-21 09:55:00+05:30,2022-04-21 10:10:00+05:30,2022-04-21 10:15:00+05:30,127.1,127.06499999999998,False,False,False
5483,5483,5484,2022-04-21 10:00:00+05:30,2022-04-21 10:00:00+05:30,2022-04-21 10:05:00+05:30,127.0,127.03999999999999,False,False,False
5516,5516,5517,2022-04-21 12:45:00+05:30,2022-04-21 12:45:00+05:30,2022-04-21 12:50:00+05:30,126.55,125.9025,False,False,False
5545,5548,5549,2022-04-21 15:10:00+05:30,2022-04-21 15:25:00+05:30,2022-04-22 09:15:00+05:30,126.55,126.84,True,True,False
5549,5549,5550,2022-04-22 09:15:00+05:30,2022-04-22 09:15:00+05:30,2022-04-22 09:20:00+05:30,127.15,126.9075,False,False,False
5550,5550,5551,2022-04-22 09:20:00+05:30,2022-04-22 09:20:00+05:30,2022-04-22 09:25:00+05:30,127.2,126.93499999999999,False,False,False
5551,5553,5554,2022-04-22 09:25:00+05:30,2022-04-22 09:35:00+05:30,2022-04-22 09:40:00+05:30,127.05,126.9125,False,False,False
5554,5554,5555,2022-04-22 09:40:00+05:30,2022-04-22 09:40:00+05:30,2022-04-22 09:45:00+05:30,127.05,126.90249999999999,False,False,False
5579,5582,5583,2022-04-22 11:45:00+05:30,2022-04-22 12:00:00+05:30,2022-04-22 12:05:00+05:30,125.9,125.74249999999999,False,False,False
5665,5667,5668,2022-04-25 12:40:00+05:30,2022-04-25 12:50:00+05:30,2022-04-25 12:55:00+05:30,119.95,119.87249999999999,False,False,False
5695,5695,5696,2022-04-25 15:10:00+05:30,2022-04-25 15:10:00+05:30,2022-04-25 15:15:00+05:30,118.6,118.60500000000002,False,False,False
5696,5697,5698,2022-04-25 15:15:00+05:30,2022-04-25 15:20:00+05:30,2022-04-25 15:25:00+05:30,118.55,118.54749999999999,False,False,False
5735,5735,5736,2022-04-26 12:15:00+05:30,2022-04-26 12:15:00+05:30,2022-04-26 12:20:00+05:30,120.1,119.93500000000002,False,False,False
5737,5737,5738,2022-04-26 12:25:00+05:30,2022-04-26 12:25:00+05:30,2022-04-26 12:30:00+05:30,120.0,119.97250000000001,False,False,False
5752,5753,5754,2022-04-26 13:40:00+05:30,2022-04-26 13:45:00+05:30,2022-04-26 13:50:00+05:30,119.55,119.575,False,False,False
5754,5754,5755,2022-04-26 13:50:00+05:30,2022-04-26 13:50:00+05:30,2022-04-26 13:55:00+05:30,119.7,119.55,False,False,False
5755,5755,5756,2022-04-26 13:55:00+05:30,2022-04-26 13:55:00+05:30,2022-04-26 14:00:00+05:30,119.55,119.52749999999999,False,False,False
5758,5758,5759,2022-04-26 14:10:00+05:30,2022-04-26 14:10:00+05:30,2022-04-26 14:15:00+05:30,119.6,119.4425,False,False,False
5764,5764,5765,2022-04-26 14:40:00+05:30,2022-04-26 14:40:00+05:30,2022-04-26 14:45:00+05:30,119.55,119.43999999999998,False,False,False
5768,5768,5769,2022-04-26 15:00:00+05:30,2022-04-26 15:00:00+05:30,2022-04-26 15:05:00+05:30,119.7,119.46750000000002,False,False,False
5772,5772,5773,2022-04-26 15:20:00+05:30,2022-04-26 15:20:00+05:30,2022-04-26 15:25:00+05:30,119.8,119.6025,False,False,False
5773,5773,5774,2022-04-26 15:25:00+05:30,2022-04-26 15:25:00+05:30,2022-04-27 09:15:00+05:30,119.1,119.6075,True,True,False
5774,5775,5776,2022-04-27 09:15:00+05:30,2022-04-27 09:20:00+05:30,2022-04-27 09:25:00+05:30,120.3,119.585,False,False,False
5815,5815,5816,2022-04-27 12:40:00+05:30,2022-04-27 12:40:00+05:30,2022-04-27 12:45:00+05:30,118.8,118.375,False,False,False
5817,5819,5820,2022-04-27 12:50:00+05:30,2022-04-27 13:00:00+05:30,2022-04-27 13:05:00+05:30,118.45,118.38,False,False,False
5894,5894,5895,2022-04-28 13:00:00+05:30,2022-04-28 13:00:00+05:30,2022-04-28 13:05:00+05:30,121.45,121.44000000000001,False,False,False
5895,5895,5896,2022-04-28 13:05:00+05:30,2022-04-28 13:05:00+05:30,2022-04-28 13:10:00+05:30,121.8,121.4625,False,False,False
5898,5898,5899,2022-04-28 13:20:00+05:30,2022-04-28 13:20:00+05:30,2022-04-28 13:25:00+05:30,121.55,121.51499999999999,False,False,False
5903,5905,5906,2022-04-28 13:45:00+05:30,2022-04-28 13:55:00+05:30,2022-04-28 14:00:00+05:30,121.5,121.49000000000001,False,False,False
5906,5906,5907,2022-04-28 14:00:00+05:30,2022-04-28 14:00:00+05:30,2022-04-28 14:05:00+05:30,121.5,121.45250000000001,False,False,False
5982,5983,5984,2022-04-29 14:05:00+05:30,2022-04-29 14:10:00+05:30,2022-04-29 14:15:00+05:30,124.95,124.50750000000001,False,False,False
5985,5987,5988,2022-04-29 14:20:00+05:30,2022-04-29 14:30:00+05:30,2022-04-29 14:35:00+05:30,124.65,124.625,False,False,False
5992,5992,5993,2022-04-29 14:55:00+05:30,2022-04-29 14:55:00+05:30,2022-04-29 15:00:00+05:30,124.75,124.6925,False,False,False
6058,6058,6059,2022-05-02 14:10:00+05:30,2022-05-02 14:10:00+05:30,2022-05-02 14:15:00+05:30,123.85,123.5125,False,False,False
6146,6149,6150,2022-05-04 15:15:00+05:30,2022-05-05 09:15:00+05:30,2022-05-05 09:20:00+05:30,125.4,123.7825,True,False,False
6274,6274,6275,2022-05-06 13:25:00+05:30,2022-05-06 13:25:00+05:30,2022-05-06 13:30:00+05:30,122.55,121.38250000000001,False,False,False
6362,6365,6366,2022-05-09 14:30:00+05:30,2022-05-09 14:45:00+05:30,2022-05-09 14:50:00+05:30,122.95,122.575,False,False,False
6433,6433,6434,2022-05-10 14:10:00+05:30,2022-05-10 14:10:00+05:30,2022-05-10 14:15:00+05:30,115.4,115.18999999999998,False,False,False
6446,6449,6450,2022-05-10 15:15:00+05:30,2022-05-11 09:15:00+05:30,2022-05-11 09:20:00+05:30,114.65,113.87750000000001,True,False,False
6478,6478,6479,2022-05-11 11:40:00+05:30,2022-05-11 11:40:00+05:30,2022-05-11 11:45:00+05:30,112.15,111.71000000000001,False,False,False
6500,6501,6502,2022-05-11 13:30:00+05:30,2022-05-11 13:35:00+05:30,2022-05-11 13:40:00+05:30,110.3,109.9125,False,False,False
6545,6545,6546,2022-05-12 11:00:00+05:30,2022-05-12 11:00:00+05:30,2022-05-12 11:05:00+05:30,109.55,109.3375,False,False,False
6569,6572,6573,2022-05-12 13:00:00+05:30,2022-05-12 13:15:00+05:30,2022-05-12 13:20:00+05:30,109.3,108.52749999999999,False,False,False
6592,6592,6593,2022-05-12 14:55:00+05:30,2022-05-12 14:55:00+05:30,2022-05-12 15:00:00+05:30,107.8,107.78999999999999,False,False,False
6593,6594,6595,2022-05-12 15:00:00+05:30,2022-05-12 15:05:00+05:30,2022-05-12 15:10:00+05:30,107.9,107.7275,False,False,False
6648,6648,6649,2022-05-13 13:20:00+05:30,2022-05-13 13:20:00+05:30,2022-05-13 13:25:00+05:30,109.05,108.955,False,False,False
6671,6674,6675,2022-05-13 15:15:00+05:30,2022-05-16 09:15:00+05:30,2022-05-16 09:20:00+05:30,107.35,107.03,True,False,False
6733,6735,6736,2022-05-16 14:10:00+05:30,2022-05-16 14:20:00+05:30,2022-05-16 14:25:00+05:30,106.8,106.7625,False,False,False
6743,6746,6747,2022-05-16 15:00:00+05:30,2022-05-16 15:15:00+05:30,2022-05-16 15:20:00+05:30,106.85,106.58,False,False,False
6773,6773,6774,2022-05-17 11:15:00+05:30,2022-05-17 11:15:00+05:30,2022-05-17 11:20:00+05:30,111.95,111.09,False,False,False
6789,6789,6790,2022-05-17 12:35:00+05:30,2022-05-17 12:35:00+05:30,2022-05-17 12:40:00+05:30,112.05,111.3875,False,False,False
6824,6824,6825,2022-05-18 09:15:00+05:30,2022-05-18 09:15:00+05:30,2022-05-18 09:20:00+05:30,114.6,114.53,False,False,False
6825,6825,6826,2022-05-18 09:20:00+05:30,2022-05-18 09:20:00+05:30,2022-05-18 09:25:00+05:30,114.8,114.58500000000001,False,False,False
6875,6875,6876,2022-05-18 13:30:00+05:30,2022-05-18 13:30:00+05:30,2022-05-18 13:35:00+05:30,115.6,114.92999999999999,False,False,False
6948,6949,6950,2022-05-19 13:20:00+05:30,2022-05-19 13:25:00+05:30,2022-05-19 13:30:00+05:30,109.8,109.35499999999999,False,False,False
6969,6971,6972,2022-05-19 15:05:00+05:30,2022-05-19 15:15:00+05:30,2022-05-19 15:20:00+05:30,108.65,108.6875,False,False,False
7020,7020,7021,2022-05-20 13:05:00+05:30,2022-05-20 13:05:00+05:30,2022-05-20 13:10:00+05:30,111.7,111.3425,False,False,False
7021,7021,7022,2022-05-20 13:10:00+05:30,2022-05-20 13:10:00+05:30,2022-05-20 13:15:00+05:30,111.8,111.35500000000002,False,False,False
7099,7099,7100,2022-05-23 13:25:00+05:30,2022-05-23 13:25:00+05:30,2022-05-23 13:30:00+05:30,99.45,99.42750000000001,False,False,False
7100,7101,7102,2022-05-23 13:30:00+05:30,2022-05-23 13:35:00+05:30,2022-05-23 13:40:00+05:30,99.45,99.41,False,False,False
7114,7117,7118,2022-05-23 14:40:00+05:30,2022-05-23 14:55:00+05:30,2022-05-23 15:00:00+05:30,99.25,99.1275,False,False,False
7121,7124,7125,2022-05-23 15:15:00+05:30,2022-05-24 09:15:00+05:30,2022-05-24 09:20:00+05:30,100.15,99.0125,True,False,False
7122,7123,7124,2022-05-23 15:20:00+05:30,2022-05-23 15:25:00+05:30,2022-05-24 09:15:00+05:30,99.5,98.97749999999999,True,True,False
7175,7175,7176,2022-05-24 13:30:00+05:30,2022-05-24 13:30:00+05:30,2022-05-24 13:35:00+05:30,98.1,98.0925,False,False,False
7196,7199,7200,2022-05-24 15:15:00+05:30,2022-05-25 09:15:00+05:30,2022-05-25 09:20:00+05:30,97.7,97.44250000000001,True,False,False
7200,7202,7203,2022-05-25 09:20:00+05:30,2022-05-25 09:30:00+05:30,2022-05-25 09:35:00+05:30,97.55,97.275,False,False,False
7203,7203,7204,2022-05-25 09:35:00+05:30,2022-05-25 09:35:00+05:30,2022-05-25 09:40:00+05:30,97.55,97.24249999999999,False,False,False
7246,7246,7247,2022-05-25 13:10:00+05:30,2022-05-25 13:10:00+05:30,2022-05-25 13:15:00+05:30,96.6,96.5525,False,False,False
7271,7271,7272,2022-05-25 15:15:00+05:30,2022-05-25 15:15:00+05:30,2022-05-25 15:20:00+05:30,96.3,96.2025,False,False,False
7272,7272,7273,2022-05-25 15:20:00+05:30,2022-05-25 15:20:00+05:30,2022-05-25 15:25:00+05:30,96.45,96.23249999999999,False,False,False
7273,7274,7275,2022-05-25 15:25:00+05:30,2022-05-26 09:15:00+05:30,2022-05-26 09:20:00+05:30,97.35,96.25,True,False,False
7283,7285,7286,2022-05-26 10:00:00+05:30,2022-05-26 10:10:00+05:30,2022-05-26 10:15:00+05:30,96.75,96.56,False,False,False
7344,7345,7346,2022-05-26 15:05:00+05:30,2022-05-26 15:10:00+05:30,2022-05-26 15:15:00+05:30,101.5,101.265,False,False,False
7383,7386,7387,2022-05-27 12:05:00+05:30,2022-05-27 12:20:00+05:30,2022-05-27 12:25:00+05:30,100.75,100.77000000000001,False,False,False
7397,7397,7398,2022-05-27 13:15:00+05:30,2022-05-27 13:15:00+05:30,2022-05-27 13:20:00+05:30,100.4,100.35,False,False,False
7398,7398,7399,2022-05-27 13:20:00+05:30,2022-05-27 13:20:00+05:30,2022-05-27 13:25:00+05:30,100.8,100.375,False,False,False
7409,7409,7410,2022-05-27 14:15:00+05:30,2022-05-27 14:15:00+05:30,2022-05-27 14:20:00+05:30,100.6,100.505,False,False,False
7417,7417,7418,2022-05-27 14:55:00+05:30,2022-05-27 14:55:00+05:30,2022-05-27 15:00:00+05:30,100.7,100.61500000000001,False,False,False
7421,7421,7422,2022-05-27 15:15:00+05:30,2022-05-27 15:15:00+05:30,2022-05-27 15:20:00+05:30,100.8,100.66499999999999,False,False,False
7423,7423,7424,2022-05-27 15:25:00+05:30,2022-05-27 15:25:00+05:30,2022-05-30 09:15:00+05:30,102.3,100.685,True,True,False
7450,7450,7451,2022-05-30 11:25:00+05:30,2022-05-30 11:25:00+05:30,2022-05-30 11:30:00+05:30,102.35,101.5725,False,False,False
7466,7469,7470,2022-05-30 12:45:00+05:30,2022-05-30 13:00:00+05:30,2022-05-30 13:05:00+05:30,101.55,101.545,False,False,False
7471,7472,7473,2022-05-30 13:10:00+05:30,2022-05-30 13:15:00+05:30,2022-05-30 13:20:00+05:30,101.5,101.455,False,False,False
7473,7473,7474,2022-05-30 13:20:00+05:30,2022-05-30 13:20:00+05:30,2022-05-30 13:25:00+05:30,101.85,101.44250000000001,False,False,False
7485,7488,7489,2022-05-30 14:20:00+05:30,2022-05-30 14:35:00+05:30,2022-05-30 14:40:00+05:30,101.8,101.7525,False,False,False
7496,7499,7500,2022-05-30 15:15:00+05:30,2022-05-31 09:15:00+05:30,2022-05-31 09:20:00+05:30,102.0,101.7,True,False,False
7537,7537,7538,2022-05-31 12:25:00+05:30,2022-05-31 12:25:00+05:30,2022-05-31 12:30:00+05:30,102.5,102.06,False,False,False
7563,7564,7565,2022-05-31 14:35:00+05:30,2022-05-31 14:40:00+05:30,2022-05-31 14:45:00+05:30,102.65,102.63,False,False,False
7571,7574,7575,2022-05-31 15:15:00+05:30,2022-06-01 09:15:00+05:30,2022-06-01 09:20:00+05:30,103.1,102.5175,True,False,False
7648,7648,7649,2022-06-01 15:25:00+05:30,2022-06-01 15:25:00+05:30,2022-06-02 09:15:00+05:30,103.15,102.41,True,True,False
7685,7685,7686,2022-06-02 12:15:00+05:30,2022-06-02 12:15:00+05:30,2022-06-02 12:20:00+05:30,103.0,102.845,False,False,False
7715,7716,7717,2022-06-02 14:45:00+05:30,2022-06-02 14:50:00+05:30,2022-06-02 14:55:00+05:30,104.0,103.9425,False,False,False
7718,7718,7719,2022-06-02 15:00:00+05:30,2022-06-02 15:00:00+05:30,2022-06-02 15:05:00+05:30,104.45,104.07249999999999,False,False,False
7726,7726,7727,2022-06-03 09:25:00+05:30,2022-06-03 09:25:00+05:30,2022-06-03 09:30:00+05:30,104.5,104.3,False,False,False
7727,7730,7731,2022-06-03 09:30:00+05:30,2022-06-03 09:45:00+05:30,2022-06-03 09:50:00+05:30,104.4,104.30999999999999,False,False,False
7749,7751,7752,2022-06-03 11:20:00+05:30,2022-06-03 11:30:00+05:30,2022-06-03 11:35:00+05:30,104.2,104.175,False,False,False
7803,7804,7805,2022-06-06 09:35:00+05:30,2022-06-06 09:40:00+05:30,2022-06-06 09:45:00+05:30,103.0,102.90249999999999,False,False,False
7805,7806,7807,2022-06-06 09:45:00+05:30,2022-06-06 09:50:00+05:30,2022-06-06 09:55:00+05:30,103.0,102.8475,False,False,False
7868,7868,7869,2022-06-06 15:00:00+05:30,2022-06-06 15:00:00+05:30,2022-06-06 15:05:00+05:30,104.4,104.375,False,False,False
7917,7918,7919,2022-06-07 12:50:00+05:30,2022-06-07 12:55:00+05:30,2022-06-07 13:00:00+05:30,103.0,103.02000000000001,False,False,False
7920,7921,7922,2022-06-07 13:05:00+05:30,2022-06-07 13:10:00+05:30,2022-06-07 13:15:00+05:30,103.3,103.035,False,False,False
7934,7935,7936,2022-06-07 14:15:00+05:30,2022-06-07 14:20:00+05:30,2022-06-07 14:25:00+05:30,103.3,103.2175,False,False,False
7945,7948,7949,2022-06-07 15:10:00+05:30,2022-06-07 15:25:00+05:30,2022-06-08 09:15:00+05:30,104.5,103.23500000000001,True,True,False
7959,7959,7960,2022-06-08 10:05:00+05:30,2022-06-08 10:05:00+05:30,2022-06-08 10:10:00+05:30,104.35,103.84,False,False,False
7971,7972,7973,2022-06-08 11:05:00+05:30,2022-06-08 11:10:00+05:30,2022-06-08 11:15:00+05:30,104.5,104.53,False,False,False
7996,7997,7998,2022-06-08 13:10:00+05:30,2022-06-08 13:15:00+05:30,2022-06-08 13:20:00+05:30,104.95,104.8375,False,False,False
8000,8000,8001,2022-06-08 13:30:00+05:30,2022-06-08 13:30:00+05:30,2022-06-08 13:35:00+05:30,104.95,104.91,False,False,False
8009,8009,8010,2022-06-08 14:15:00+05:30,2022-06-08 14:15:00+05:30,2022-06-08 14:20:00+05:30,105.05,105.035,False,False,False
8020,8021,8022,2022-06-08 15:10:00+05:30,2022-06-08 15:15:00+05:30,2022-06-08 15:20:00+05:30,105.1,105.045,False,False,False
8022,8022,8023,2022-06-08 15:20:00+05:30,2022-06-08 15:20:00+05:30,2022-06-08 15:25:00+05:30,105.05,105.04249999999999,False,False,False
8082,8083,8084,2022-06-09 14:05:00+05:30,2022-06-09 14:10:00+05:30,2022-06-09 14:15:00+05:30,100.95,100.93249999999999,False,False,False
8088,8088,8089,2022-06-09 14:35:00+05:30,2022-06-09 14:35:00+05:30,2022-06-09 14:40:00+05:30,101.05,100.85,False,False,False
8093,8093,8094,2022-06-09 15:00:00+05:30,2022-06-09 15:00:00+05:30,2022-06-09 15:05:00+05:30,101.05,100.8875,False,False,False
8094,8094,8095,2022-06-09 15:05:00+05:30,2022-06-09 15:05:00+05:30,2022-06-09 15:10:00+05:30,101.0,100.885,False,False,False
8096,8097,8098,2022-06-09 15:15:00+05:30,2022-06-09 15:20:00+05:30,2022-06-09 15:25:00+05:30,100.95,100.89500000000001,False,False,False
8131,8131,8132,2022-06-10 11:55:00+05:30,2022-06-10 11:55:00+05:30,2022-06-10 12:00:00+05:30,98.75,98.2125,False,False,False
8152,8152,8153,2022-06-10 13:40:00+05:30,2022-06-10 13:40:00+05:30,2022-06-10 13:45:00+05:30,99.05,98.81,False,False,False
8163,8165,8166,2022-06-10 14:35:00+05:30,2022-06-10 14:45:00+05:30,2022-06-10 14:50:00+05:30,99.0,98.8475,False,False,False
8168,8168,8169,2022-06-10 15:00:00+05:30,2022-06-10 15:00:00+05:30,2022-06-10 15:05:00+05:30,99.15,98.9175,False,False,False
8170,8170,8171,2022-06-10 15:10:00+05:30,2022-06-10 15:10:00+05:30,2022-06-10 15:15:00+05:30,99.0,98.94500000000001,False,False,False
8219,8221,8222,2022-06-13 13:00:00+05:30,2022-06-13 13:10:00+05:30,2022-06-13 13:15:00+05:30,96.65,96.6325,False,False,False
8246,8249,8250,2022-06-13 15:15:00+05:30,2022-06-14 09:15:00+05:30,2022-06-14 09:20:00+05:30,96.6,95.9275,True,False,False
8248,8248,8249,2022-06-13 15:25:00+05:30,2022-06-13 15:25:00+05:30,2022-06-14 09:15:00+05:30,95.2,95.88,True,True,False
8297,8298,8299,2022-06-14 13:15:00+05:30,2022-06-14 13:20:00+05:30,2022-06-14 13:25:00+05:30,96.85,96.8125,False,False,False
8321,8322,8323,2022-06-14 15:15:00+05:30,2022-06-14 15:20:00+05:30,2022-06-14 15:25:00+05:30,96.15,96.14500000000001,False,False,False
8372,8375,8376,2022-06-15 13:15:00+05:30,2022-06-15 13:30:00+05:30,2022-06-15 13:35:00+05:30,92.75,92.74,False,False,False
8380,8380,8381,2022-06-15 13:55:00+05:30,2022-06-15 13:55:00+05:30,2022-06-15 14:00:00+05:30,92.7,92.6775,False,False,False
8384,8386,8387,2022-06-15 14:15:00+05:30,2022-06-15 14:25:00+05:30,2022-06-15 14:30:00+05:30,92.7,92.6575,False,False,False
8396,8399,8400,2022-06-15 15:15:00+05:30,2022-06-16 09:15:00+05:30,2022-06-16 09:20:00+05:30,93.1,92.625,True,False,False
8471,8474,8475,2022-06-16 15:15:00+05:30,2022-06-17 09:15:00+05:30,2022-06-17 09:20:00+05:30,87.65,87.35999999999999,True,False,False
8475,8478,8479,2022-06-17 09:20:00+05:30,2022-06-17 09:35:00+05:30,2022-06-17 09:40:00+05:30,87.3,87.095,False,False,False
8477,8477,8478,2022-06-17 09:30:00+05:30,2022-06-17 09:30:00+05:30,2022-06-17 09:35:00+05:30,87.0,86.9625,False,False,False
8517,8517,8518,2022-06-17 12:50:00+05:30,2022-06-17 12:50:00+05:30,2022-06-17 12:55:00+05:30,87.7,87.64000000000001,False,False,False
8535,8538,8539,2022-06-17 14:20:00+05:30,2022-06-17 14:35:00+05:30,2022-06-17 14:40:00+05:30,87.65,87.495,False,False,False
8542,8542,8543,2022-06-17 14:55:00+05:30,2022-06-17 14:55:00+05:30,2022-06-17 15:00:00+05:30,87.6,87.56750000000001,False,False,False
8613,8616,8617,2022-06-20 14:35:00+05:30,2022-06-20 14:50:00+05:30,2022-06-20 14:55:00+05:30,81.35,81.29499999999999,False,False,False
8654,8654,8655,2022-06-21 11:45:00+05:30,2022-06-21 11:45:00+05:30,2022-06-21 11:50:00+05:30,83.4,83.275,False,False,False
8742,8745,8746,2022-06-22 12:50:00+05:30,2022-06-22 13:05:00+05:30,2022-06-22 13:10:00+05:30,81.3,81.25999999999999,False,False,False
8756,8757,8758,2022-06-22 14:00:00+05:30,2022-06-22 14:05:00+05:30,2022-06-22 14:10:00+05:30,81.15,81.075,False,False,False
8772,8775,8776,2022-06-22 15:20:00+05:30,2022-06-23 09:20:00+05:30,2022-06-23 09:25:00+05:30,81.0,80.72,True,False,False
8797,8797,8798,2022-06-23 11:10:00+05:30,2022-06-23 11:10:00+05:30,2022-06-23 11:15:00+05:30,81.5,81.41499999999999,False,False,False
8825,8825,8826,2022-06-23 13:30:00+05:30,2022-06-23 13:30:00+05:30,2022-06-23 13:35:00+05:30,79.85,79.71000000000001,False,False,False
8888,8889,8890,2022-06-24 12:30:00+05:30,2022-06-24 12:35:00+05:30,2022-06-24 12:40:00+05:30,81.6,81.55,False,False,False
8903,8903,8904,2022-06-24 13:45:00+05:30,2022-06-24 13:45:00+05:30,2022-06-24 13:50:00+05:30,81.75,81.515,False,False,False
8918,8919,8920,2022-06-24 15:00:00+05:30,2022-06-24 15:05:00+05:30,2022-06-24 15:10:00+05:30,81.7,81.6625,False,False,False
8920,8920,8921,2022-06-24 15:10:00+05:30,2022-06-24 15:10:00+05:30,2022-06-24 15:15:00+05:30,81.75,81.6825,False,False,False
8921,8921,8922,2022-06-24 15:15:00+05:30,2022-06-24 15:15:00+05:30,2022-06-24 15:20:00+05:30,81.65,81.69250000000001,False,False,False
8922,8924,8925,2022-06-24 15:20:00+05:30,2022-06-27 09:15:00+05:30,2022-06-27 09:20:00+05:30,82.95,81.7075,True,False,False
8957,8957,8958,2022-06-27 12:00:00+05:30,2022-06-27 12:00:00+05:30,2022-06-27 12:05:00+05:30,83.45,83.3725,False,False,False
8962,8963,8964,2022-06-27 12:25:00+05:30,2022-06-27 12:30:00+05:30,2022-06-27 12:35:00+05:30,83.4,83.315,False,False,False
8996,8999,9000,2022-06-27 15:15:00+05:30,2022-06-28 09:15:00+05:30,2022-06-28 09:20:00+05:30,83.6,83.4525,True,False,False
9000,9000,9001,2022-06-28 09:20:00+05:30,2022-06-28 09:20:00+05:30,2022-06-28 09:25:00+05:30,83.35,83.3475,False,False,False
9060,9060,9061,2022-06-28 14:20:00+05:30,2022-06-28 14:20:00+05:30,2022-06-28 14:25:00+05:30,84.45,84.14500000000001,False,False,False
9070,9071,9072,2022-06-28 15:10:00+05:30,2022-06-28 15:15:00+05:30,2022-06-28 15:20:00+05:30,84.3,84.22999999999999,False,False,False
9076,9078,9079,2022-06-29 09:25:00+05:30,2022-06-29 09:35:00+05:30,2022-06-29 09:40:00+05:30,84.65,84.225,False,False,False
9113,9116,9117,2022-06-29 12:30:00+05:30,2022-06-29 12:45:00+05:30,2022-06-29 12:50:00+05:30,84.5,84.4975,False,False,False
9123,9123,9124,2022-06-29 13:20:00+05:30,2022-06-29 13:20:00+05:30,2022-06-29 13:25:00+05:30,84.65,84.4675,False,False,False
9125,9125,9126,2022-06-29 13:30:00+05:30,2022-06-29 13:30:00+05:30,2022-06-29 13:35:00+05:30,84.55,84.47,False,False,False
9137,9140,9141,2022-06-29 14:30:00+05:30,2022-06-29 14:45:00+05:30,2022-06-29 14:50:00+05:30,84.55,84.4825,False,False,False
9145,9146,9147,2022-06-29 15:10:00+05:30,2022-06-29 15:15:00+05:30,2022-06-29 15:20:00+05:30,84.55,84.47,False,False,False
9148,9149,9150,2022-06-29 15:25:00+05:30,2022-06-30 09:15:00+05:30,2022-06-30 09:20:00+05:30,85.5,84.4725,True,False,False
9203,9204,9205,2022-06-30 13:45:00+05:30,2022-06-30 13:50:00+05:30,2022-06-30 13:55:00+05:30,83.45,83.4475,False,False,False
9207,9210,9211,2022-06-30 14:05:00+05:30,2022-06-30 14:20:00+05:30,2022-06-30 14:25:00+05:30,83.5,83.44500000000001,False,False,False
9222,9225,9226,2022-06-30 15:20:00+05:30,2022-07-01 09:20:00+05:30,2022-07-01 09:25:00+05:30,83.4,83.28,True,False,False
9282,9282,9283,2022-07-01 14:05:00+05:30,2022-07-01 14:05:00+05:30,2022-07-01 14:10:00+05:30,83.05,82.94,False,False,False
9287,9287,9288,2022-07-01 14:30:00+05:30,2022-07-01 14:30:00+05:30,2022-07-01 14:35:00+05:30,83.05,82.985,False,False,False
9340,9343,9344,2022-07-04 12:40:00+05:30,2022-07-04 12:55:00+05:30,2022-07-04 13:00:00+05:30,81.35,81.27250000000001,False,False,False
9344,9344,9345,2022-07-04 13:00:00+05:30,2022-07-04 13:00:00+05:30,2022-07-04 13:05:00+05:30,81.3,81.25,False,False,False
9357,9357,9358,2022-07-04 14:05:00+05:30,2022-07-04 14:05:00+05:30,2022-07-04 14:10:00+05:30,81.2,81.0875,False,False,False
9414,9414,9415,2022-07-05 12:35:00+05:30,2022-07-05 12:35:00+05:30,2022-07-05 12:40:00+05:30,83.9,83.8075,False,False,False
9477,9478,9479,2022-07-06 11:35:00+05:30,2022-07-06 11:40:00+05:30,2022-07-06 11:45:00+05:30,80.65,80.5725,False,False,False
9515,9516,9517,2022-07-06 14:45:00+05:30,2022-07-06 14:50:00+05:30,2022-07-06 14:55:00+05:30,81.6,81.345,False,False,False
9550,9550,9551,2022-07-07 11:25:00+05:30,2022-07-07 11:25:00+05:30,2022-07-07 11:30:00+05:30,82.9,82.675,False,False,False
9576,9576,9577,2022-07-07 13:35:00+05:30,2022-07-07 13:35:00+05:30,2022-07-07 13:40:00+05:30,83.45,83.3,False,False,False
9587,9587,9588,2022-07-07 14:30:00+05:30,2022-07-07 14:30:00+05:30,2022-07-07 14:35:00+05:30,83.15,83.135,False,False,False
9588,9588,9589,2022-07-07 14:35:00+05:30,2022-07-07 14:35:00+05:30,2022-07-07 14:40:00+05:30,83.65,83.16,False,False,False
9647,9650,9651,2022-07-08 13:15:00+05:30,2022-07-08 13:30:00+05:30,2022-07-08 13:35:00+05:30,85.2,85.14000000000001,False,False,False
9651,9651,9652,2022-07-08 13:35:00+05:30,2022-07-08 13:35:00+05:30,2022-07-08 13:40:00+05:30,85.15,85.08,False,False,False
9667,9667,9668,2022-07-08 14:55:00+05:30,2022-07-08 14:55:00+05:30,2022-07-08 15:00:00+05:30,84.9,84.79249999999999,False,False,False
9668,9668,9669,2022-07-08 15:00:00+05:30,2022-07-08 15:00:00+05:30,2022-07-08 15:05:00+05:30,85.05,84.81,False,False,False
9674,9674,9675,2022-07-11 09:15:00+05:30,2022-07-11 09:15:00+05:30,2022-07-11 09:20:00+05:30,85.2,84.8125,False,False,False
9675,9676,9677,2022-07-11 09:20:00+05:30,2022-07-11 09:25:00+05:30,2022-07-11 09:30:00+05:30,84.8,84.8075,False,False,False
9708,9708,9709,2022-07-11 12:05:00+05:30,2022-07-11 12:05:00+05:30,2022-07-11 12:10:00+05:30,85.4,85.2225,False,False,False
9794,9797,9798,2022-07-12 13:00:00+05:30,2022-07-12 13:15:00+05:30,2022-07-12 13:20:00+05:30,86.35,86.315,False,False,False
9802,9802,9803,2022-07-12 13:40:00+05:30,2022-07-12 13:40:00+05:30,2022-07-12 13:45:00+05:30,86.45,86.27,False,False,False
9822,9825,9826,2022-07-12 15:20:00+05:30,2022-07-13 09:20:00+05:30,2022-07-13 09:25:00+05:30,87.0,86.8725,True,False,False
9850,9850,9851,2022-07-13 11:25:00+05:30,2022-07-13 11:25:00+05:30,2022-07-13 11:30:00+05:30,87.1,86.95750000000001,False,False,False
9865,9865,9866,2022-07-13 12:40:00+05:30,2022-07-13 12:40:00+05:30,2022-07-13 12:45:00+05:30,87.25,87.155,False,False,False
9882,9884,9885,2022-07-13 14:05:00+05:30,2022-07-13 14:15:00+05:30,2022-07-13 14:20:00+05:30,87.1,87.0025,False,False,False
9893,9893,9894,2022-07-13 15:00:00+05:30,2022-07-13 15:00:00+05:30,2022-07-13 15:05:00+05:30,87.1,87.06,False,False,False
9940,9943,9944,2022-07-14 12:40:00+05:30,2022-07-14 12:55:00+05:30,2022-07-14 13:00:00+05:30,86.55,86.38,False,False,False
9964,9964,9965,2022-07-14 14:40:00+05:30,2022-07-14 14:40:00+05:30,2022-07-14 14:45:00+05:30,86.95,86.66,False,False,False
9974,9974,9975,2022-07-15 09:15:00+05:30,2022-07-15 09:15:00+05:30,2022-07-15 09:20:00+05:30,87.15,86.80000000000001,False,False,False
10034,10034,10035,2022-07-15 14:15:00+05:30,2022-07-15 14:15:00+05:30,2022-07-15 14:20:00+05:30,84.85,84.72999999999999,False,False,False
10035,10035,10036,2022-07-15 14:20:00+05:30,2022-07-15 14:20:00+05:30,2022-07-15 14:25:00+05:30,84.75,84.725,False,False,False
10047,10047,10048,2022-07-15 15:20:00+05:30,2022-07-15 15:20:00+05:30,2022-07-15 15:25:00+05:30,84.75,84.6525,False,False,False
10085,10085,10086,2022-07-18 12:15:00+05:30,2022-07-18 12:15:00+05:30,2022-07-18 12:20:00+05:30,86.7,86.555,False,False,False
10105,10105,10106,2022-07-18 13:55:00+05:30,2022-07-18 13:55:00+05:30,2022-07-18 14:00:00+05:30,86.6,86.445,False,False,False
10121,10121,10122,2022-07-18 15:15:00+05:30,2022-07-18 15:15:00+05:30,2022-07-18 15:20:00+05:30,86.9,86.705,False,False,False
10124,10124,10125,2022-07-19 09:15:00+05:30,2022-07-19 09:15:00+05:30,2022-07-19 09:20:00+05:30,87.7,86.82000000000001,False,False,False
10184,10184,10185,2022-07-19 14:15:00+05:30,2022-07-19 14:15:00+05:30,2022-07-19 14:20:00+05:30,88.2,88.12,False,False,False
10196,10197,10198,2022-07-19 15:15:00+05:30,2022-07-19 15:20:00+05:30,2022-07-19 15:25:00+05:30,88.3,88.2775,False,False,False
10198,10199,10200,2022-07-19 15:25:00+05:30,2022-07-20 09:15:00+05:30,2022-07-20 09:20:00+05:30,89.45,88.295,True,False,False
10237,10237,10238,2022-07-20 12:25:00+05:30,2022-07-20 12:25:00+05:30,2022-07-20 12:30:00+05:30,90.1,89.85,False,False,False
10262,10262,10263,2022-07-20 14:30:00+05:30,2022-07-20 14:30:00+05:30,2022-07-20 14:35:00+05:30,89.55,89.355,False,False,False
10268,10269,10270,2022-07-20 15:00:00+05:30,2022-07-20 15:05:00+05:30,2022-07-20 15:10:00+05:30,89.4,89.3225,False,False,False
10272,10275,10276,2022-07-20 15:20:00+05:30,2022-07-21 09:20:00+05:30,2022-07-21 09:25:00+05:30,89.65,89.30749999999999,True,False,False
10313,10313,10314,2022-07-21 12:30:00+05:30,2022-07-21 12:30:00+05:30,2022-07-21 12:35:00+05:30,90.0,89.91999999999999,False,False,False
10316,10316,10317,2022-07-21 12:45:00+05:30,2022-07-21 12:45:00+05:30,2022-07-21 12:50:00+05:30,90.05,89.9275,False,False,False
10319,10320,10321,2022-07-21 13:00:00+05:30,2022-07-21 13:05:00+05:30,2022-07-21 13:10:00+05:30,90.0,89.91499999999999,False,False,False
10337,10337,10338,2022-07-21 14:30:00+05:30,2022-07-21 14:30:00+05:30,2022-07-21 14:35:00+05:30,89.9,89.7925,False,False,False
10341,10344,10345,2022-07-21 14:50:00+05:30,2022-07-21 15:05:00+05:30,2022-07-21 15:10:00+05:30,89.85,89.74,False,False,False
10417,10417,10418,2022-07-22 14:55:00+05:30,2022-07-22 14:55:00+05:30,2022-07-22 15:00:00+05:30,90.1,89.9925,False,False,False
10418,10418,10419,2022-07-22 15:00:00+05:30,2022-07-22 15:00:00+05:30,2022-07-22 15:05:00+05:30,90.1,90.0125,False,False,False
10419,10419,10420,2022-07-22 15:05:00+05:30,2022-07-22 15:05:00+05:30,2022-07-22 15:10:00+05:30,90.05,90.0325,False,False,False
10420,10422,10423,2022-07-22 15:10:00+05:30,2022-07-22 15:20:00+05:30,2022-07-22 15:25:00+05:30,90.05,90.0425,False,False,False
10423,10424,10425,2022-07-22 15:25:00+05:30,2022-07-25 09:15:00+05:30,2022-07-25 09:20:00+05:30,90.6,90.04,True,False,False
10449,10449,10450,2022-07-25 11:20:00+05:30,2022-07-25 11:20:00+05:30,2022-07-25 11:25:00+05:30,91.75,91.4675,False,False,False
10461,10461,10462,2022-07-25 12:20:00+05:30,2022-07-25 12:20:00+05:30,2022-07-25 12:25:00+05:30,92.05,91.98,False,False,False
10490,10491,10492,2022-07-25 14:45:00+05:30,2022-07-25 14:50:00+05:30,2022-07-25 14:55:00+05:30,92.45,92.3925,False,False,False
10494,10494,10495,2022-07-25 15:05:00+05:30,2022-07-25 15:05:00+05:30,2022-07-25 15:10:00+05:30,92.55,92.44500000000001,False,False,False
10495,10497,10498,2022-07-25 15:10:00+05:30,2022-07-25 15:20:00+05:30,2022-07-25 15:25:00+05:30,92.6,92.4475,False,False,False
10532,10532,10533,2022-07-26 12:00:00+05:30,2022-07-26 12:00:00+05:30,2022-07-26 12:05:00+05:30,91.95,91.8725,False,False,False
10537,10540,10541,2022-07-26 12:25:00+05:30,2022-07-26 12:40:00+05:30,2022-07-26 12:45:00+05:30,91.9,91.9025,False,False,False
10538,10539,10540,2022-07-26 12:30:00+05:30,2022-07-26 12:35:00+05:30,2022-07-26 12:40:00+05:30,91.9,91.89750000000001,False,False,False
10541,10541,10542,2022-07-26 12:45:00+05:30,2022-07-26 12:45:00+05:30,2022-07-26 12:50:00+05:30,92.1,91.91,False,False,False
10565,10565,10566,2022-07-26 14:45:00+05:30,2022-07-26 14:45:00+05:30,2022-07-26 14:50:00+05:30,92.15,92.14500000000001,False,False,False
10574,10574,10575,2022-07-27 09:15:00+05:30,2022-07-27 09:15:00+05:30,2022-07-27 09:20:00+05:30,91.85,91.8325,False,False,False
10636,10637,10638,2022-07-27 14:25:00+05:30,2022-07-27 14:30:00+05:30,2022-07-27 14:35:00+05:30,91.95,91.92999999999999,False,False,False
10638,10638,10639,2022-07-27 14:35:00+05:30,2022-07-27 14:35:00+05:30,2022-07-27 14:40:00+05:30,91.95,91.9125,False,False,False
10719,10719,10720,2022-07-28 15:05:00+05:30,2022-07-28 15:05:00+05:30,2022-07-28 15:10:00+05:30,96.75,96.83500000000001,False,False,False
10720,10721,10722,2022-07-28 15:10:00+05:30,2022-07-28 15:15:00+05:30,2022-07-28 15:20:00+05:30,96.8,96.78999999999999,False,False,False
10722,10724,10725,2022-07-28 15:20:00+05:30,2022-07-29 09:15:00+05:30,2022-07-29 09:20:00+05:30,99.05,96.75,True,False,False
10838,10838,10839,2022-08-01 12:30:00+05:30,2022-08-01 12:30:00+05:30,2022-08-01 12:35:00+05:30,104.2,104.11749999999999,False,False,False
10855,10855,10856,2022-08-01 13:55:00+05:30,2022-08-01 13:55:00+05:30,2022-08-01 14:00:00+05:30,104.7,104.43999999999998,False,False,False
10865,10865,10866,2022-08-01 14:45:00+05:30,2022-08-01 14:45:00+05:30,2022-08-01 14:50:00+05:30,104.75,104.63,False,False,False
10868,10868,10869,2022-08-01 15:00:00+05:30,2022-08-01 15:00:00+05:30,2022-08-01 15:05:00+05:30,104.85,104.67750000000001,False,False,False
10914,10917,10918,2022-08-02 12:35:00+05:30,2022-08-02 12:50:00+05:30,2022-08-02 12:55:00+05:30,103.45,103.4425,False,False,False
10926,10926,10927,2022-08-02 13:35:00+05:30,2022-08-02 13:35:00+05:30,2022-08-02 13:40:00+05:30,103.5,103.44000000000001,False,False,False
10931,10931,10932,2022-08-02 14:00:00+05:30,2022-08-02 14:00:00+05:30,2022-08-02 14:05:00+05:30,103.45,103.42750000000001,False,False,False
10936,10938,10939,2022-08-02 14:25:00+05:30,2022-08-02 14:35:00+05:30,2022-08-02 14:40:00+05:30,103.5,103.42999999999999,False,False,False
10943,10944,10945,2022-08-02 15:00:00+05:30,2022-08-02 15:05:00+05:30,2022-08-02 15:10:00+05:30,103.5,103.42999999999999,False,False,False
10945,10946,10947,2022-08-02 15:10:00+05:30,2022-08-02 15:15:00+05:30,2022-08-02 15:20:00+05:30,103.45,103.42250000000001,False,False,False
10947,10949,10950,2022-08-02 15:20:00+05:30,2022-08-03 09:15:00+05:30,2022-08-03 09:20:00+05:30,103.95,103.425,True,False,False
11013,11013,11014,2022-08-03 14:35:00+05:30,2022-08-03 14:35:00+05:30,2022-08-03 14:40:00+05:30,103.25,103.17249999999999,False,False,False
11024,11024,11025,2022-08-04 09:15:00+05:30,2022-08-04 09:15:00+05:30,2022-08-04 09:20:00+05:30,103.35,103.335,False,False,False
11025,11025,11026,2022-08-04 09:20:00+05:30,2022-08-04 09:20:00+05:30,2022-08-04 09:25:00+05:30,103.45,103.35499999999999,False,False,False
11028,11028,11029,2022-08-04 09:35:00+05:30,2022-08-04 09:35:00+05:30,2022-08-04 09:40:00+05:30,103.85,103.4075,False,False,False
11082,11084,11085,2022-08-04 14:05:00+05:30,2022-08-04 14:15:00+05:30,2022-08-04 14:20:00+05:30,103.9,103.8625,False,False,False
11096,11096,11097,2022-08-04 15:15:00+05:30,2022-08-04 15:15:00+05:30,2022-08-04 15:20:00+05:30,104.05,103.91749999999999,False,False,False
11097,11097,11098,2022-08-04 15:20:00+05:30,2022-08-04 15:20:00+05:30,2022-08-04 15:25:00+05:30,103.95,103.92,False,False,False
11098,11098,11099,2022-08-04 15:25:00+05:30,2022-08-04 15:25:00+05:30,2022-08-05 09:15:00+05:30,104.05,103.92,True,True,False
11121,11121,11122,2022-08-05 11:05:00+05:30,2022-08-05 11:05:00+05:30,2022-08-05 11:10:00+05:30,104.75,104.55249999999998,False,False,False
11172,11175,11176,2022-08-05 15:20:00+05:30,2022-08-08 09:20:00+05:30,2022-08-08 09:25:00+05:30,104.05,103.94500000000001,True,False,False
11203,11203,11204,2022-08-08 11:40:00+05:30,2022-08-08 11:40:00+05:30,2022-08-08 11:45:00+05:30,103.6,103.61500000000001,False,False,False
11204,11204,11205,2022-08-08 11:45:00+05:30,2022-08-08 11:45:00+05:30,2022-08-08 11:50:00+05:30,103.8,103.63499999999999,False,False,False
11213,11213,11214,2022-08-08 12:30:00+05:30,2022-08-08 12:30:00+05:30,2022-08-08 12:35:00+05:30,103.95,103.79,False,False,False
11221,11224,11225,2022-08-08 13:10:00+05:30,2022-08-08 13:25:00+05:30,2022-08-08 13:30:00+05:30,103.85,103.79750000000001,False,False,False
11225,11225,11226,2022-08-08 13:30:00+05:30,2022-08-08 13:30:00+05:30,2022-08-08 13:35:00+05:30,104.0,103.81000000000002,False,False,False
11226,11226,11227,2022-08-08 13:35:00+05:30,2022-08-08 13:35:00+05:30,2022-08-08 13:40:00+05:30,103.85,103.80999999999999,False,False,False
11245,11248,11249,2022-08-08 15:10:00+05:30,2022-08-08 15:25:00+05:30,2022-08-10 09:15:00+05:30,104.3,103.69749999999999,True,True,False
11291,11291,11292,2022-08-10 12:45:00+05:30,2022-08-10 12:45:00+05:30,2022-08-10 12:50:00+05:30,104.65,104.42999999999999,False,False,False
11299,11299,11300,2022-08-10 13:25:00+05:30,2022-08-10 13:25:00+05:30,2022-08-10 13:30:00+05:30,104.4,104.37249999999999,False,False,False
11300,11300,11301,2022-08-10 13:30:00+05:30,2022-08-10 13:30:00+05:30,2022-08-10 13:35:00+05:30,104.45,104.37249999999999,False,False,False
11301,11304,11305,2022-08-10 13:35:00+05:30,2022-08-10 13:50:00+05:30,2022-08-10 13:55:00+05:30,104.45,104.36500000000001,False,False,False
11306,11306,11307,2022-08-10 14:00:00+05:30,2022-08-10 14:00:00+05:30,2022-08-10 14:05:00+05:30,105.15,104.405,False,False,False
11324,11324,11325,2022-08-11 09:15:00+05:30,2022-08-11 09:15:00+05:30,2022-08-11 09:20:00+05:30,106.25,105.58,False,False,False
11329,11329,11330,2022-08-11 09:40:00+05:30,2022-08-11 09:40:00+05:30,2022-08-11 09:45:00+05:30,106.25,105.74000000000001,False,False,False
11363,11363,11364,2022-08-11 12:30:00+05:30,2022-08-11 12:30:00+05:30,2022-08-11 12:35:00+05:30,106.4,106.04750000000001,False,False,False
11390,11393,11394,2022-08-11 14:45:00+05:30,2022-08-11 15:00:00+05:30,2022-08-11 15:05:00+05:30,105.9,105.62250000000002,False,False,False
11396,11399,11400,2022-08-11 15:15:00+05:30,2022-08-12 09:15:00+05:30,2022-08-12 09:20:00+05:30,105.65,105.525,True,False,False
11435,11435,11436,2022-08-12 12:15:00+05:30,2022-08-12 12:15:00+05:30,2022-08-12 12:20:00+05:30,108.3,108.325,False,False,False
11444,11444,11445,2022-08-12 13:00:00+05:30,2022-08-12 13:00:00+05:30,2022-08-12 13:05:00+05:30,108.8,108.49749999999999,False,False,False
11462,11463,11464,2022-08-12 14:30:00+05:30,2022-08-12 14:35:00+05:30,2022-08-12 14:40:00+05:30,108.95,108.9075,False,False,False
11465,11466,11467,2022-08-12 14:45:00+05:30,2022-08-12 14:50:00+05:30,2022-08-12 14:55:00+05:30,108.95,108.9425,False,False,False
11467,11468,11469,2022-08-12 14:55:00+05:30,2022-08-12 15:00:00+05:30,2022-08-12 15:05:00+05:30,109.0,108.95,False,False,False
11469,11470,11471,2022-08-12 15:05:00+05:30,2022-08-12 15:10:00+05:30,2022-08-12 15:15:00+05:30,108.95,108.93500000000002,False,False,False
11471,11471,11472,2022-08-12 15:15:00+05:30,2022-08-12 15:15:00+05:30,2022-08-12 15:20:00+05:30,109.15,108.94500000000001,False,False,False
11475,11477,11478,2022-08-16 09:20:00+05:30,2022-08-16 09:30:00+05:30,2022-08-16 09:35:00+05:30,108.9,108.83999999999999,False,False,False
11495,11495,11496,2022-08-16 11:00:00+05:30,2022-08-16 11:00:00+05:30,2022-08-16 11:05:00+05:30,108.65,108.64250000000001,False,False,False
11496,11496,11497,2022-08-16 11:05:00+05:30,2022-08-16 11:05:00+05:30,2022-08-16 11:10:00+05:30,109.15,108.68249999999998,False,False,False
11541,11544,11545,2022-08-16 14:50:00+05:30,2022-08-16 15:05:00+05:30,2022-08-16 15:10:00+05:30,109.55,109.345,False,False,False
11545,11545,11546,2022-08-16 15:10:00+05:30,2022-08-16 15:10:00+05:30,2022-08-16 15:15:00+05:30,109.4,109.3525,False,False,False
11546,11546,11547,2022-08-16 15:15:00+05:30,2022-08-16 15:15:00+05:30,2022-08-16 15:20:00+05:30,109.5,109.35249999999999,False,False,False
11548,11548,11549,2022-08-16 15:25:00+05:30,2022-08-16 15:25:00+05:30,2022-08-17 09:15:00+05:30,109.9,109.3625,True,True,False
11549,11549,11550,2022-08-17 09:15:00+05:30,2022-08-17 09:15:00+05:30,2022-08-17 09:20:00+05:30,109.7,109.3875,False,False,False
11551,11551,11552,2022-08-17 09:25:00+05:30,2022-08-17 09:25:00+05:30,2022-08-17 09:30:00+05:30,109.5,109.415,False,False,False
11571,11571,11572,2022-08-17 11:05:00+05:30,2022-08-17 11:05:00+05:30,2022-08-17 11:10:00+05:30,109.3,109.155,False,False,False
11579,11579,11580,2022-08-17 11:45:00+05:30,2022-08-17 11:45:00+05:30,2022-08-17 11:50:00+05:30,109.7,109.2625,False,False,False
11613,11613,11614,2022-08-17 14:35:00+05:30,2022-08-17 14:35:00+05:30,2022-08-17 14:40:00+05:30,109.2,109.19499999999998,False,False,False
11621,11624,11625,2022-08-17 15:15:00+05:30,2022-08-18 09:15:00+05:30,2022-08-18 09:20:00+05:30,109.3,109.125,True,False,False
11625,11626,11627,2022-08-18 09:20:00+05:30,2022-08-18 09:25:00+05:30,2022-08-18 09:30:00+05:30,109.2,109.1,False,False,False
11628,11628,11629,2022-08-18 09:35:00+05:30,2022-08-18 09:35:00+05:30,2022-08-18 09:40:00+05:30,109.1,109.12,False,False,False
11696,11697,11698,2022-08-18 15:15:00+05:30,2022-08-18 15:20:00+05:30,2022-08-18 15:25:00+05:30,108.95,108.91000000000001,False,False,False
11698,11698,11699,2022-08-18 15:25:00+05:30,2022-08-18 15:25:00+05:30,2022-08-19 09:15:00+05:30,108.95,108.97,True,True,False
11742,11744,11745,2022-08-19 12:50:00+05:30,2022-08-19 13:00:00+05:30,2022-08-19 13:05:00+05:30,107.4,107.36499999999998,False,False,False
11768,11769,11770,2022-08-19 15:00:00+05:30,2022-08-19 15:05:00+05:30,2022-08-19 15:10:00+05:30,106.85,106.8975,False,False,False
11803,11806,11807,2022-08-22 11:40:00+05:30,2022-08-22 11:55:00+05:30,2022-08-22 12:00:00+05:30,104.35,104.2675,False,False,False
11847,11850,11851,2022-08-22 15:20:00+05:30,2022-08-23 09:20:00+05:30,2022-08-23 09:25:00+05:30,102.2,102.0175,True,False,False
11908,11910,11911,2022-08-23 14:10:00+05:30,2022-08-23 14:20:00+05:30,2022-08-23 14:25:00+05:30,103.4,103.3925,False,False,False
11915,11917,11918,2022-08-23 14:45:00+05:30,2022-08-23 14:55:00+05:30,2022-08-23 15:00:00+05:30,103.4,103.36749999999999,False,False,False
11918,11918,11919,2022-08-23 15:00:00+05:30,2022-08-23 15:00:00+05:30,2022-08-23 15:05:00+05:30,103.5,103.3525,False,False,False
11924,11924,11925,2022-08-24 09:15:00+05:30,2022-08-24 09:15:00+05:30,2022-08-24 09:20:00+05:30,104.2,103.575,False,False,False
11946,11946,11947,2022-08-24 11:05:00+05:30,2022-08-24 11:05:00+05:30,2022-08-24 11:10:00+05:30,103.45,103.2175,False,False,False
11986,11988,11989,2022-08-24 14:25:00+05:30,2022-08-24 14:35:00+05:30,2022-08-24 14:40:00+05:30,102.6,102.595,False,False,False
11989,11990,11991,2022-08-24 14:40:00+05:30,2022-08-24 14:45:00+05:30,2022-08-24 14:50:00+05:30,103.05,102.54,False,False,False
11997,11999,12000,2022-08-24 15:20:00+05:30,2022-08-25 09:15:00+05:30,2022-08-25 09:20:00+05:30,104.0,102.7175,True,False,False
12071,12072,12073,2022-08-25 15:15:00+05:30,2022-08-25 15:20:00+05:30,2022-08-25 15:25:00+05:30,103.2,103.20250000000001,False,False,False
12073,12074,12075,2022-08-25 15:25:00+05:30,2022-08-26 09:15:00+05:30,2022-08-26 09:20:00+05:30,104.6,103.1475,True,False,False
12132,12133,12134,2022-08-26 14:05:00+05:30,2022-08-26 14:10:00+05:30,2022-08-26 14:15:00+05:30,104.75,104.57000000000001,False,False,False
12185,12185,12186,2022-08-29 12:15:00+05:30,2022-08-29 12:15:00+05:30,2022-08-29 12:20:00+05:30,101.15,100.99499999999999,False,False,False
12190,12193,12194,2022-08-29 12:40:00+05:30,2022-08-29 12:55:00+05:30,2022-08-29 13:00:00+05:30,101.1,101.07,False,False,False
12202,12202,12203,2022-08-29 13:40:00+05:30,2022-08-29 13:40:00+05:30,2022-08-29 13:45:00+05:30,101.25,101.16999999999999,False,False,False
12203,12203,12204,2022-08-29 13:45:00+05:30,2022-08-29 13:45:00+05:30,2022-08-29 13:50:00+05:30,101.6,101.19500000000001,False,False,False
12214,12214,12215,2022-08-29 14:40:00+05:30,2022-08-29 14:40:00+05:30,2022-08-29 14:45:00+05:30,101.35,101.2375,False,False,False
12217,12219,12220,2022-08-29 14:55:00+05:30,2022-08-29 15:05:00+05:30,2022-08-29 15:10:00+05:30,101.25,101.24,False,False,False
12219,12222,12223,2022-08-29 15:05:00+05:30,2022-08-29 15:20:00+05:30,2022-08-29 15:25:00+05:30,101.4,101.25,False,False,False
12220,12221,12222,2022-08-29 15:10:00+05:30,2022-08-29 15:15:00+05:30,2022-08-29 15:20:00+05:30,101.25,101.2475,False,False,False
12246,12246,12247,2022-08-30 11:05:00+05:30,2022-08-30 11:05:00+05:30,2022-08-30 11:10:00+05:30,103.4,103.175,False,False,False
12329,12329,12330,2022-09-01 11:45:00+05:30,2022-09-01 11:45:00+05:30,2022-09-01 11:50:00+05:30,103.45,103.49249999999999,False,False,False
12362,12362,12363,2022-09-01 14:30:00+05:30,2022-09-01 14:30:00+05:30,2022-09-01 14:35:00+05:30,102.75,102.5575,False,False,False
12368,12368,12369,2022-09-01 15:00:00+05:30,2022-09-01 15:00:00+05:30,2022-09-01 15:05:00+05:30,102.65,102.5675,False,False,False
12369,12369,12370,2022-09-01 15:05:00+05:30,2022-09-01 15:05:00+05:30,2022-09-01 15:10:00+05:30,102.8,102.575,False,False,False
12424,12424,12425,2022-09-02 13:25:00+05:30,2022-09-02 13:25:00+05:30,2022-09-02 13:30:00+05:30,102.35,102.33500000000001,False,False,False
12427,12428,12429,2022-09-02 13:40:00+05:30,2022-09-02 13:45:00+05:30,2022-09-02 13:50:00+05:30,102.45,102.3775,False,False,False
12446,12449,12450,2022-09-02 15:15:00+05:30,2022-09-05 09:15:00+05:30,2022-09-05 09:20:00+05:30,102.85,102.32000000000001,True,False,False
12507,12507,12508,2022-09-05 14:05:00+05:30,2022-09-05 14:05:00+05:30,2022-09-05 14:10:00+05:30,103.4,103.22,False,False,False
12512,12512,12513,2022-09-05 14:30:00+05:30,2022-09-05 14:30:00+05:30,2022-09-05 14:35:00+05:30,103.4,103.20250000000001,False,False,False
12515,12515,12516,2022-09-05 14:45:00+05:30,2022-09-05 14:45:00+05:30,2022-09-05 14:50:00+05:30,103.45,103.21000000000001,False,False,False
12519,12519,12520,2022-09-05 15:05:00+05:30,2022-09-05 15:05:00+05:30,2022-09-05 15:10:00+05:30,103.3,103.27250000000001,False,False,False
12520,12520,12521,2022-09-05 15:10:00+05:30,2022-09-05 15:10:00+05:30,2022-09-05 15:15:00+05:30,103.3,103.2775,False,False,False
12521,12523,12524,2022-09-05 15:15:00+05:30,2022-09-05 15:25:00+05:30,2022-09-06 09:15:00+05:30,103.8,103.28,True,True,False
12524,12524,12525,2022-09-06 09:15:00+05:30,2022-09-06 09:15:00+05:30,2022-09-06 09:20:00+05:30,103.45,103.30250000000001,False,False,False
12525,12525,12526,2022-09-06 09:20:00+05:30,2022-09-06 09:20:00+05:30,2022-09-06 09:25:00+05:30,103.45,103.3175,False,False,False
12546,12546,12547,2022-09-06 11:05:00+05:30,2022-09-06 11:05:00+05:30,2022-09-06 11:10:00+05:30,103.2,102.88499999999999,False,False,False
12569,12569,12570,2022-09-06 13:00:00+05:30,2022-09-06 13:00:00+05:30,2022-09-06 13:05:00+05:30,103.35,103.20249999999999,False,False,False
12576,12576,12577,2022-09-06 13:35:00+05:30,2022-09-06 13:35:00+05:30,2022-09-06 13:40:00+05:30,103.4,103.33,False,False,False
12577,12577,12578,2022-09-06 13:40:00+05:30,2022-09-06 13:40:00+05:30,2022-09-06 13:45:00+05:30,104.1,103.38,False,False,False
12599,12599,12600,2022-09-07 09:15:00+05:30,2022-09-07 09:15:00+05:30,2022-09-07 09:20:00+05:30,105.1,104.63,False,False,False
12652,12652,12653,2022-09-07 13:40:00+05:30,2022-09-07 13:40:00+05:30,2022-09-07 13:45:00+05:30,104.2,104.17999999999999,False,False,False
12669,12670,12671,2022-09-07 15:05:00+05:30,2022-09-07 15:10:00+05:30,2022-09-07 15:15:00+05:30,104.0,104.04750000000001,False,False,False
12671,12672,12673,2022-09-07 15:15:00+05:30,2022-09-07 15:20:00+05:30,2022-09-07 15:25:00+05:30,104.05,104.01500000000001,False,False,False
12673,12674,12675,2022-09-07 15:25:00+05:30,2022-09-08 09:15:00+05:30,2022-09-08 09:20:00+05:30,104.45,104.005,True,False,False
12675,12675,12676,2022-09-08 09:20:00+05:30,2022-09-08 09:20:00+05:30,2022-09-08 09:25:00+05:30,104.3,104.03500000000001,False,False,False
12739,12739,12740,2022-09-08 14:40:00+05:30,2022-09-08 14:40:00+05:30,2022-09-08 14:45:00+05:30,102.4,102.2525,False,False,False
12740,12740,12741,2022-09-08 14:45:00+05:30,2022-09-08 14:45:00+05:30,2022-09-08 14:50:00+05:30,102.3,102.27,False,False,False
12741,12742,12743,2022-09-08 14:50:00+05:30,2022-09-08 14:55:00+05:30,2022-09-08 15:00:00+05:30,102.35,102.275,False,False,False
12743,12744,12745,2022-09-08 15:00:00+05:30,2022-09-08 15:05:00+05:30,2022-09-08 15:10:00+05:30,102.3,102.275,False,False,False
12745,12747,12748,2022-09-08 15:10:00+05:30,2022-09-08 15:20:00+05:30,2022-09-08 15:25:00+05:30,102.25,102.2775,False,False,False
12748,12748,12749,2022-09-08 15:25:00+05:30,2022-09-08 15:25:00+05:30,2022-09-09 09:15:00+05:30,103.4,102.285,True,True,False
12787,12790,12791,2022-09-09 12:25:00+05:30,2022-09-09 12:40:00+05:30,2022-09-09 12:45:00+05:30,102.95,102.785,False,False,False
12789,12789,12790,2022-09-09 12:35:00+05:30,2022-09-09 12:35:00+05:30,2022-09-09 12:40:00+05:30,102.75,102.725,False,False,False
12821,12824,12825,2022-09-09 15:15:00+05:30,2022-09-12 09:15:00+05:30,2022-09-12 09:20:00+05:30,103.25,102.4625,True,False,False
12872,12872,12873,2022-09-12 13:15:00+05:30,2022-09-12 13:15:00+05:30,2022-09-12 13:20:00+05:30,103.5,103.545,False,False,False
12881,12881,12882,2022-09-12 14:00:00+05:30,2022-09-12 14:00:00+05:30,2022-09-12 14:05:00+05:30,103.7,103.53,False,False,False
12888,12888,12889,2022-09-12 14:35:00+05:30,2022-09-12 14:35:00+05:30,2022-09-12 14:40:00+05:30,103.7,103.5875,False,False,False
12889,12889,12890,2022-09-12 14:40:00+05:30,2022-09-12 14:40:00+05:30,2022-09-12 14:45:00+05:30,103.65,103.6,False,False,False
12932,12932,12933,2022-09-13 12:00:00+05:30,2022-09-13 12:00:00+05:30,2022-09-13 12:05:00+05:30,104.35,104.24249999999999,False,False,False
12938,12938,12939,2022-09-13 12:30:00+05:30,2022-09-13 12:30:00+05:30,2022-09-13 12:35:00+05:30,104.25,104.24249999999999,False,False,False
12943,12943,12944,2022-09-13 12:55:00+05:30,2022-09-13 12:55:00+05:30,2022-09-13 13:00:00+05:30,104.2,104.2375,False,False,False
12945,12945,12946,2022-09-13 13:05:00+05:30,2022-09-13 13:05:00+05:30,2022-09-13 13:10:00+05:30,104.35,104.245,False,False,False
12948,12948,12949,2022-09-13 13:20:00+05:30,2022-09-13 13:20:00+05:30,2022-09-13 13:25:00+05:30,104.3,104.2675,False,False,False
12951,12951,12952,2022-09-13 13:35:00+05:30,2022-09-13 13:35:00+05:30,2022-09-13 13:40:00+05:30,104.65,104.30250000000001,False,False,False
13019,13019,13020,2022-09-14 13:00:00+05:30,2022-09-14 13:00:00+05:30,2022-09-14 13:05:00+05:30,104.05,103.80999999999999,False,False,False
13117,13117,13118,2022-09-15 14:55:00+05:30,2022-09-15 14:55:00+05:30,2022-09-15 15:00:00+05:30,103.4,103.33250000000001,False,False,False
13120,13120,13121,2022-09-15 15:10:00+05:30,2022-09-15 15:10:00+05:30,2022-09-15 15:15:00+05:30,103.4,103.325,False,False,False
13121,13121,13122,2022-09-15 15:15:00+05:30,2022-09-15 15:15:00+05:30,2022-09-15 15:20:00+05:30,103.4,103.3425,False,False,False
13122,13122,13123,2022-09-15 15:20:00+05:30,2022-09-15 15:20:00+05:30,2022-09-15 15:25:00+05:30,103.4,103.35499999999999,False,False,False
13123,13123,13124,2022-09-15 15:25:00+05:30,2022-09-15 15:25:00+05:30,2022-09-16 09:15:00+05:30,102.6,103.375,True,True,False
13124,13125,13126,2022-09-16 09:15:00+05:30,2022-09-16 09:20:00+05:30,2022-09-16 09:25:00+05:30,103.7,103.37,False,False,False
13184,13187,13188,2022-09-16 14:15:00+05:30,2022-09-16 14:30:00+05:30,2022-09-16 14:35:00+05:30,102.15,102.07750000000001,False,False,False
13194,13195,13196,2022-09-16 15:05:00+05:30,2022-09-16 15:10:00+05:30,2022-09-16 15:15:00+05:30,102.15,101.925,False,False,False
13197,13197,13198,2022-09-16 15:20:00+05:30,2022-09-16 15:20:00+05:30,2022-09-16 15:25:00+05:30,102.3,101.95,False,False,False
13198,13198,13199,2022-09-16 15:25:00+05:30,2022-09-16 15:25:00+05:30,2022-09-19 09:15:00+05:30,102.6,101.95250000000001,True,True,False
13271,13274,13275,2022-09-19 15:15:00+05:30,2022-09-20 09:15:00+05:30,2022-09-20 09:20:00+05:30,100.85,100.19000000000001,True,False,False
13342,13342,13343,2022-09-20 14:55:00+05:30,2022-09-20 14:55:00+05:30,2022-09-20 15:00:00+05:30,102.0,101.9875,False,False,False
13343,13344,13345,2022-09-20 15:00:00+05:30,2022-09-20 15:05:00+05:30,2022-09-20 15:10:00+05:30,102.0,101.9775,False,False,False
13346,13346,13347,2022-09-20 15:15:00+05:30,2022-09-20 15:15:00+05:30,2022-09-20 15:20:00+05:30,102.0,101.9825,False,False,False
13347,13347,13348,2022-09-20 15:20:00+05:30,2022-09-20 15:20:00+05:30,2022-09-20 15:25:00+05:30,102.55,102.02250000000001,False,False,False
13391,13391,13392,2022-09-21 12:45:00+05:30,2022-09-21 12:45:00+05:30,2022-09-21 12:50:00+05:30,102.25,102.0325,False,False,False
13425,13427,13428,2022-09-22 09:20:00+05:30,2022-09-22 09:30:00+05:30,2022-09-22 09:35:00+05:30,101.5,101.435,False,False,False
13428,13428,13429,2022-09-22 09:35:00+05:30,2022-09-22 09:35:00+05:30,2022-09-22 09:40:00+05:30,101.65,101.27000000000001,False,False,False
13466,13466,13467,2022-09-22 12:45:00+05:30,2022-09-22 12:45:00+05:30,2022-09-22 12:50:00+05:30,100.6,100.2975,False,False,False
13478,13478,13479,2022-09-22 13:45:00+05:30,2022-09-22 13:45:00+05:30,2022-09-22 13:50:00+05:30,100.85,100.73249999999999,False,False,False
13482,13482,13483,2022-09-22 14:05:00+05:30,2022-09-22 14:05:00+05:30,2022-09-22 14:10:00+05:30,100.9,100.845,False,False,False
13496,13499,13500,2022-09-22 15:15:00+05:30,2022-09-23 09:15:00+05:30,2022-09-23 09:20:00+05:30,102.75,100.46000000000001,True,False,False
13562,13563,13564,2022-09-23 14:30:00+05:30,2022-09-23 14:35:00+05:30,2022-09-23 14:40:00+05:30,100.85,100.7,False,False,False
13568,13569,13570,2022-09-23 15:00:00+05:30,2022-09-23 15:05:00+05:30,2022-09-23 15:10:00+05:30,101.0,100.71000000000001,False,False,False
13570,13571,13572,2022-09-23 15:10:00+05:30,2022-09-23 15:15:00+05:30,2022-09-23 15:20:00+05:30,100.7,100.6925,False,False,False
13572,13573,13574,2022-09-23 15:20:00+05:30,2022-09-23 15:25:00+05:30,2022-09-26 09:15:00+05:30,100.8,100.6875,True,True,False
13635,13635,13636,2022-09-26 14:20:00+05:30,2022-09-26 14:20:00+05:30,2022-09-26 14:25:00+05:30,96.95,96.6075,False,False,False
13646,13649,13650,2022-09-26 15:15:00+05:30,2022-09-27 09:15:00+05:30,2022-09-27 09:20:00+05:30,97.05,96.4975,True,False,False
13650,13650,13651,2022-09-27 09:20:00+05:30,2022-09-27 09:20:00+05:30,2022-09-27 09:25:00+05:30,96.55,96.515,False,False,False
13686,13688,13689,2022-09-27 12:20:00+05:30,2022-09-27 12:30:00+05:30,2022-09-27 12:35:00+05:30,93.8,93.7825,False,False,False
13692,13693,13694,2022-09-27 12:50:00+05:30,2022-09-27 12:55:00+05:30,2022-09-27 13:00:00+05:30,94.35,93.7625,False,False,False
13703,13704,13705,2022-09-27 13:45:00+05:30,2022-09-27 13:50:00+05:30,2022-09-27 13:55:00+05:30,94.15,93.9225,False,False,False
13714,13716,13717,2022-09-27 14:40:00+05:30,2022-09-27 14:50:00+05:30,2022-09-27 14:55:00+05:30,94.05,93.89,False,False,False
13719,13719,13720,2022-09-27 15:05:00+05:30,2022-09-27 15:05:00+05:30,2022-09-27 15:10:00+05:30,93.85,93.8275,False,False,False
13720,13720,13721,2022-09-27 15:10:00+05:30,2022-09-27 15:10:00+05:30,2022-09-27 15:15:00+05:30,93.9,93.815,False,False,False
13743,13743,13744,2022-09-28 10:50:00+05:30,2022-09-28 10:50:00+05:30,2022-09-28 10:55:00+05:30,94.0,93.33000000000001,False,False,False
13758,13758,13759,2022-09-28 12:05:00+05:30,2022-09-28 12:05:00+05:30,2022-09-28 12:10:00+05:30,94.05,93.8,False,False,False
13796,13799,13800,2022-09-28 15:15:00+05:30,2022-09-29 09:15:00+05:30,2022-09-29 09:20:00+05:30,93.9,92.69500000000001,True,False,False
13838,13840,13841,2022-09-29 12:30:00+05:30,2022-09-29 12:40:00+05:30,2022-09-29 12:45:00+05:30,93.45,93.44,False,False,False
13849,13850,13851,2022-09-29 13:25:00+05:30,2022-09-29 13:30:00+05:30,2022-09-29 13:35:00+05:30,93.45,93.19250000000001,False,False,False
13862,13862,13863,2022-09-29 14:30:00+05:30,2022-09-29 14:30:00+05:30,2022-09-29 14:35:00+05:30,93.6,93.25250000000001,False,False,False
13947,13948,13949,2022-09-30 15:20:00+05:30,2022-09-30 15:25:00+05:30,2022-10-03 09:15:00+05:30,96.0,95.985,True,True,True
13970,13972,13973,2022-10-03 11:00:00+05:30,2022-10-03 11:10:00+05:30,2022-10-03 11:15:00+05:30,94.8,94.6875,False,False,False
13973,13973,13974,2022-10-03 11:15:00+05:30,2022-10-03 11:15:00+05:30,2022-10-03 11:20:00+05:30,94.95,94.7,False,False,False
13989,13989,13990,2022-10-03 12:35:00+05:30,2022-10-03 12:35:00+05:30,2022-10-03 12:40:00+05:30,95.35,95.1275,False,False,False
14021,14024,14025,2022-10-03 15:15:00+05:30,2022-10-04 09:15:00+05:30,2022-10-04 09:20:00+05:30,97.1,94.8125,True,False,False
14063,14066,14067,2022-10-04 12:30:00+05:30,2022-10-04 12:45:00+05:30,2022-10-04 12:50:00+05:30,96.95,96.835,False,False,False
14088,14088,14089,2022-10-04 14:35:00+05:30,2022-10-04 14:35:00+05:30,2022-10-04 14:40:00+05:30,97.4,97.3875,False,False,False
14089,14090,14091,2022-10-04 14:40:00+05:30,2022-10-04 14:45:00+05:30,2022-10-04 14:50:00+05:30,97.4,97.38250000000001,False,False,False
14093,14096,14097,2022-10-04 15:00:00+05:30,2022-10-04 15:15:00+05:30,2022-10-04 15:20:00+05:30,97.65,97.4,False,False,False
14131,14131,14132,2022-10-06 11:55:00+05:30,2022-10-06 11:55:00+05:30,2022-10-06 12:00:00+05:30,99.7,99.61,False,False,False
14138,14140,14141,2022-10-06 12:30:00+05:30,2022-10-06 12:40:00+05:30,2022-10-06 12:45:00+05:30,99.6,99.55999999999999,False,False,False
14162,14165,14166,2022-10-06 14:30:00+05:30,2022-10-06 14:45:00+05:30,2022-10-06 14:50:00+05:30,99.65,99.60249999999999,False,False,False
14202,14202,14203,2022-10-07 11:35:00+05:30,2022-10-07 11:35:00+05:30,2022-10-07 11:40:00+05:30,98.75,98.665,False,False,False
14312,14312,14313,2022-10-10 14:30:00+05:30,2022-10-10 14:30:00+05:30,2022-10-10 14:35:00+05:30,99.4,99.195,False,False,False
14324,14324,14325,2022-10-11 09:15:00+05:30,2022-10-11 09:15:00+05:30,2022-10-11 09:20:00+05:30,99.4,99.315,False,False,False
14325,14325,14326,2022-10-11 09:20:00+05:30,2022-10-11 09:20:00+05:30,2022-10-11 09:25:00+05:30,99.25,99.325,False,False,False
14357,14357,14358,2022-10-11 12:00:00+05:30,2022-10-11 12:00:00+05:30,2022-10-11 12:05:00+05:30,98.65,98.535,False,False,False
14426,14427,14428,2022-10-12 11:30:00+05:30,2022-10-12 11:35:00+05:30,2022-10-12 11:40:00+05:30,97.0,96.76500000000001,False,False,False
14463,14463,14464,2022-10-12 14:35:00+05:30,2022-10-12 14:35:00+05:30,2022-10-12 14:40:00+05:30,96.6,96.5025,False,False,False
14516,14516,14517,2022-10-13 12:45:00+05:30,2022-10-13 12:45:00+05:30,2022-10-13 12:50:00+05:30,95.85,95.83,False,False,False
14525,14526,14527,2022-10-13 13:30:00+05:30,2022-10-13 13:35:00+05:30,2022-10-13 13:40:00+05:30,95.8,95.8425,False,False,False
14543,14544,14545,2022-10-13 15:00:00+05:30,2022-10-13 15:05:00+05:30,2022-10-13 15:10:00+05:30,96.5,96.305,False,False,False
14545,14545,14546,2022-10-13 15:10:00+05:30,2022-10-13 15:10:00+05:30,2022-10-13 15:15:00+05:30,96.5,96.365,False,False,False
14546,14546,14547,2022-10-13 15:15:00+05:30,2022-10-13 15:15:00+05:30,2022-10-13 15:20:00+05:30,96.6,96.4025,False,False,False
14582,14585,14586,2022-10-14 12:00:00+05:30,2022-10-14 12:15:00+05:30,2022-10-14 12:20:00+05:30,97.85,97.83,False,False,False
14596,14596,14597,2022-10-14 13:10:00+05:30,2022-10-14 13:10:00+05:30,2022-10-14 13:15:00+05:30,97.65,97.6625,False,False,False
14666,14668,14669,2022-10-17 12:45:00+05:30,2022-10-17 12:55:00+05:30,2022-10-17 13:00:00+05:30,96.5,96.405,False,False,False
14671,14671,14672,2022-10-17 13:10:00+05:30,2022-10-17 13:10:00+05:30,2022-10-17 13:15:00+05:30,96.65,96.4225,False,False,False
14695,14696,14697,2022-10-17 15:10:00+05:30,2022-10-17 15:15:00+05:30,2022-10-17 15:20:00+05:30,96.15,96.05499999999999,False,False,False
14698,14698,14699,2022-10-17 15:25:00+05:30,2022-10-17 15:25:00+05:30,2022-10-18 09:15:00+05:30,96.7,95.9875,True,True,False
14742,14742,14743,2022-10-18 12:50:00+05:30,2022-10-18 12:50:00+05:30,2022-10-18 12:55:00+05:30,96.65,96.47749999999999,False,False,False
14755,14755,14756,2022-10-18 13:55:00+05:30,2022-10-18 13:55:00+05:30,2022-10-18 14:00:00+05:30,97.05,96.8625,False,False,False
14767,14767,14768,2022-10-18 14:55:00+05:30,2022-10-18 14:55:00+05:30,2022-10-18 15:00:00+05:30,97.15,97.05499999999999,False,False,False
14768,14771,14772,2022-10-18 15:00:00+05:30,2022-10-18 15:15:00+05:30,2022-10-18 15:20:00+05:30,97.1,97.0475,False,False,False
14772,14773,14774,2022-10-18 15:20:00+05:30,2022-10-18 15:25:00+05:30,2022-10-19 09:15:00+05:30,97.0,97.0075,True,True,False
14784,14784,14785,2022-10-19 10:05:00+05:30,2022-10-19 10:05:00+05:30,2022-10-19 10:10:00+05:30,96.8,96.75,False,False,False
14802,14802,14803,2022-10-19 11:35:00+05:30,2022-10-19 11:35:00+05:30,2022-10-19 11:40:00+05:30,97.3,97.13250000000001,False,False,False
14804,14804,14805,2022-10-19 11:45:00+05:30,2022-10-19 11:45:00+05:30,2022-10-19 11:50:00+05:30,97.45,97.19500000000001,False,False,False
14805,14805,14806,2022-10-19 11:50:00+05:30,2022-10-19 11:50:00+05:30,2022-10-19 11:55:00+05:30,97.4,97.2225,False,False,False
14807,14809,14810,2022-10-19 12:00:00+05:30,2022-10-19 12:10:00+05:30,2022-10-19 12:15:00+05:30,97.3,97.2175,False,False,False
14855,14856,14857,2022-10-20 09:45:00+05:30,2022-10-20 09:50:00+05:30,2022-10-20 09:55:00+05:30,96.55,96.36999999999999,False,False,False
14894,14894,14895,2022-10-20 13:00:00+05:30,2022-10-20 13:00:00+05:30,2022-10-20 13:05:00+05:30,96.6,96.3625,False,False,False
14902,14902,14903,2022-10-20 13:40:00+05:30,2022-10-20 13:40:00+05:30,2022-10-20 13:45:00+05:30,96.4,96.39750000000001,False,False,False
14906,14906,14907,2022-10-20 14:00:00+05:30,2022-10-20 14:00:00+05:30,2022-10-20 14:05:00+05:30,96.65,96.475,False,False,False
14924,14924,14925,2022-10-21 09:15:00+05:30,2022-10-21 09:15:00+05:30,2022-10-21 09:20:00+05:30,97.35,97.035,False,False,False
14926,14926,14927,2022-10-21 09:25:00+05:30,2022-10-21 09:25:00+05:30,2022-10-21 09:30:00+05:30,97.2,97.105,False,False,False
14928,14930,14931,2022-10-21 09:35:00+05:30,2022-10-21 09:45:00+05:30,2022-10-21 09:50:00+05:30,97.2,97.1225,False,False,False
14956,14957,14958,2022-10-21 11:55:00+05:30,2022-10-21 12:00:00+05:30,2022-10-21 12:05:00+05:30,96.75,96.735,False,False,False
14969,14970,14971,2022-10-21 13:00:00+05:30,2022-10-21 13:05:00+05:30,2022-10-21 13:10:00+05:30,96.65,96.6925,False,False,False
15011,15011,15012,2022-10-25 09:15:00+05:30,2022-10-25 09:15:00+05:30,2022-10-25 09:20:00+05:30,97.95,97.2925,False,False,False
15050,15050,15051,2022-10-25 12:30:00+05:30,2022-10-25 12:30:00+05:30,2022-10-25 12:35:00+05:30,97.85,97.8175,False,False,False
15062,15062,15063,2022-10-25 13:30:00+05:30,2022-10-25 13:30:00+05:30,2022-10-25 13:35:00+05:30,97.8,97.7325,False,False,False
15074,15076,15077,2022-10-25 14:30:00+05:30,2022-10-25 14:40:00+05:30,2022-10-25 14:45:00+05:30,97.75,97.7075,False,False,False
15083,15086,15087,2022-10-25 15:15:00+05:30,2022-10-27 09:15:00+05:30,2022-10-27 09:20:00+05:30,98.9,97.72999999999999,True,False,False
15122,15125,15126,2022-10-27 12:15:00+05:30,2022-10-27 12:30:00+05:30,2022-10-27 12:35:00+05:30,100.65,100.5875,False,False,False
15152,15155,15156,2022-10-27 14:45:00+05:30,2022-10-27 15:00:00+05:30,2022-10-27 15:05:00+05:30,100.55,100.48499999999999,False,False,False
15212,15214,15215,2022-10-28 13:30:00+05:30,2022-10-28 13:40:00+05:30,2022-10-28 13:45:00+05:30,97.7,97.63000000000001,False,False,False
15230,15230,15231,2022-10-28 15:00:00+05:30,2022-10-28 15:00:00+05:30,2022-10-28 15:05:00+05:30,97.95,97.615,False,False,False
15257,15257,15258,2022-10-31 11:00:00+05:30,2022-10-31 11:00:00+05:30,2022-10-31 11:05:00+05:30,97.55,97.375,False,False,False
15281,15281,15282,2022-10-31 13:00:00+05:30,2022-10-31 13:00:00+05:30,2022-10-31 13:05:00+05:30,97.4,97.3375,False,False,False
15289,15289,15290,2022-10-31 13:40:00+05:30,2022-10-31 13:40:00+05:30,2022-10-31 13:45:00+05:30,97.4,97.3825,False,False,False
15308,15308,15309,2022-10-31 15:15:00+05:30,2022-10-31 15:15:00+05:30,2022-10-31 15:20:00+05:30,97.95,97.8475,False,False,False
15335,15335,15336,2022-11-01 11:15:00+05:30,2022-11-01 11:15:00+05:30,2022-11-01 11:20:00+05:30,96.8,96.6575,False,False,False
15386,15386,15387,2022-11-02 09:15:00+05:30,2022-11-02 09:15:00+05:30,2022-11-02 09:20:00+05:30,98.6,97.35249999999999,False,False,False
15430,15431,15432,2022-11-02 12:55:00+05:30,2022-11-02 13:00:00+05:30,2022-11-02 13:05:00+05:30,98.1,98.06500000000001,False,False,False
15432,15432,15433,2022-11-02 13:05:00+05:30,2022-11-02 13:05:00+05:30,2022-11-02 13:10:00+05:30,98.15,98.0375,False,False,False
15461,15464,15465,2022-11-03 09:15:00+05:30,2022-11-03 09:30:00+05:30,2022-11-03 09:35:00+05:30,97.65,97.60249999999999,False,False,False
15490,15490,15491,2022-11-03 11:40:00+05:30,2022-11-03 11:40:00+05:30,2022-11-03 11:45:00+05:30,98.55,98.4625,False,False,False
15518,15521,15522,2022-11-03 14:00:00+05:30,2022-11-03 14:15:00+05:30,2022-11-03 14:20:00+05:30,98.2,98.10499999999999,False,False,False
15527,15527,15528,2022-11-03 14:45:00+05:30,2022-11-03 14:45:00+05:30,2022-11-03 14:50:00+05:30,98.25,98.12750000000001,False,False,False
15678,15680,15681,2022-11-07 14:50:00+05:30,2022-11-07 15:00:00+05:30,2022-11-07 15:05:00+05:30,103.3,103.11499999999998,False,False,False
15683,15686,15687,2022-11-07 15:15:00+05:30,2022-11-09 09:15:00+05:30,2022-11-09 09:20:00+05:30,103.35,103.19000000000001,True,False,False
15712,15712,15713,2022-11-09 11:25:00+05:30,2022-11-09 11:25:00+05:30,2022-11-09 11:30:00+05:30,102.75,102.30499999999999,False,False,False
15740,15740,15741,2022-11-09 13:45:00+05:30,2022-11-09 13:45:00+05:30,2022-11-09 13:50:00+05:30,102.95,102.85499999999999,False,False,False
15745,15745,15746,2022-11-09 14:10:00+05:30,2022-11-09 14:10:00+05:30,2022-11-09 14:15:00+05:30,103.0,102.8525,False,False,False
15753,15756,15757,2022-11-09 14:50:00+05:30,2022-11-09 15:05:00+05:30,2022-11-09 15:10:00+05:30,102.8,102.70750000000001,False,False,False
15788,15788,15789,2022-11-10 11:30:00+05:30,2022-11-10 11:30:00+05:30,2022-11-10 11:35:00+05:30,101.95,101.6525,False,False,False
15833,15836,15837,2022-11-10 15:15:00+05:30,2022-11-11 09:15:00+05:30,2022-11-11 09:20:00+05:30,103.4,101.41,True,False,False
15881,15881,15882,2022-11-11 13:00:00+05:30,2022-11-11 13:00:00+05:30,2022-11-11 13:05:00+05:30,104.25,104.1075,False,False,False
15908,15911,15912,2022-11-11 15:15:00+05:30,2022-11-14 09:15:00+05:30,2022-11-14 09:20:00+05:30,106.1,104.165,True,False,False
15947,15947,15948,2022-11-14 12:15:00+05:30,2022-11-14 12:15:00+05:30,2022-11-14 12:20:00+05:30,105.8,105.58,False,False,False
15948,15948,15949,2022-11-14 12:20:00+05:30,2022-11-14 12:20:00+05:30,2022-11-14 12:25:00+05:30,105.55,105.59,False,False,False
15983,15986,15987,2022-11-14 15:15:00+05:30,2022-11-15 09:15:00+05:30,2022-11-15 09:20:00+05:30,105.4,105.38250000000001,True,False,False
16043,16044,16045,2022-11-15 14:00:00+05:30,2022-11-15 14:05:00+05:30,2022-11-15 14:10:00+05:30,104.15,104.11749999999999,False,False,False
16047,16047,16048,2022-11-15 14:20:00+05:30,2022-11-15 14:20:00+05:30,2022-11-15 14:25:00+05:30,104.15,104.14500000000001,False,False,False
16052,16053,16054,2022-11-15 14:45:00+05:30,2022-11-15 14:50:00+05:30,2022-11-15 14:55:00+05:30,104.15,104.1375,False,False,False
16054,16054,16055,2022-11-15 14:55:00+05:30,2022-11-15 14:55:00+05:30,2022-11-15 15:00:00+05:30,104.6,104.1425,False,False,False
16061,16061,16062,2022-11-16 09:15:00+05:30,2022-11-16 09:15:00+05:30,2022-11-16 09:20:00+05:30,104.8,104.41,False,False,False
16106,16106,16107,2022-11-16 13:00:00+05:30,2022-11-16 13:00:00+05:30,2022-11-16 13:05:00+05:30,103.55,103.49000000000001,False,False,False
16130,16131,16132,2022-11-16 15:00:00+05:30,2022-11-16 15:05:00+05:30,2022-11-16 15:10:00+05:30,103.1,102.91,False,False,False
16133,16133,16134,2022-11-16 15:15:00+05:30,2022-11-16 15:15:00+05:30,2022-11-16 15:20:00+05:30,102.95,102.83250000000001,False,False,False
16134,16134,16135,2022-11-16 15:20:00+05:30,2022-11-16 15:20:00+05:30,2022-11-16 15:25:00+05:30,103.05,102.80999999999999,False,False,False
16163,16163,16164,2022-11-17 11:30:00+05:30,2022-11-17 11:30:00+05:30,2022-11-17 11:35:00+05:30,101.4,101.34,False,False,False
16199,16201,16202,2022-11-17 14:30:00+05:30,2022-11-17 14:40:00+05:30,2022-11-17 14:45:00+05:30,102.6,102.50750000000001,False,False,False
16210,16213,16214,2022-11-17 15:25:00+05:30,2022-11-18 09:25:00+05:30,2022-11-18 09:30:00+05:30,102.55,102.48999999999998,True,False,False
16253,16256,16257,2022-11-18 12:45:00+05:30,2022-11-18 13:00:00+05:30,2022-11-18 13:05:00+05:30,101.6,101.5875,False,False,False
16276,16279,16280,2022-11-18 14:40:00+05:30,2022-11-18 14:55:00+05:30,2022-11-18 15:00:00+05:30,101.55,101.5225,False,False,False
16291,16292,16293,2022-11-21 09:40:00+05:30,2022-11-21 09:45:00+05:30,2022-11-21 09:50:00+05:30,101.8,101.795,False,False,False
16406,16409,16410,2022-11-22 13:00:00+05:30,2022-11-22 13:15:00+05:30,2022-11-22 13:20:00+05:30,100.95,100.81,False,False,False
16439,16439,16440,2022-11-23 09:30:00+05:30,2022-11-23 09:30:00+05:30,2022-11-23 09:35:00+05:30,101.7,101.385,False,False,False
16455,16455,16456,2022-11-23 10:50:00+05:30,2022-11-23 10:50:00+05:30,2022-11-23 10:55:00+05:30,101.8,101.655,False,False,False
16479,16479,16480,2022-11-23 12:50:00+05:30,2022-11-23 12:50:00+05:30,2022-11-23 12:55:00+05:30,101.95,101.92,False,False,False
16486,16486,16487,2022-11-23 13:25:00+05:30,2022-11-23 13:25:00+05:30,2022-11-23 13:30:00+05:30,102.1,101.95750000000001,False,False,False
16494,16494,16495,2022-11-23 14:05:00+05:30,2022-11-23 14:05:00+05:30,2022-11-23 14:10:00+05:30,102.15,102.0375,False,False,False
16500,16501,16502,2022-11-23 14:35:00+05:30,2022-11-23 14:40:00+05:30,2022-11-23 14:45:00+05:30,102.15,102.08250000000001,False,False,False
16503,16503,16504,2022-11-23 14:50:00+05:30,2022-11-23 14:50:00+05:30,2022-11-23 14:55:00+05:30,102.05,102.10249999999999,False,False,False
16504,16504,16505,2022-11-23 14:55:00+05:30,2022-11-23 14:55:00+05:30,2022-11-23 15:00:00+05:30,102.15,102.10999999999999,False,False,False
16508,16511,16512,2022-11-23 15:15:00+05:30,2022-11-24 09:15:00+05:30,2022-11-24 09:20:00+05:30,102.2,102.09,True,False,False
16516,16518,16519,2022-11-24 09:40:00+05:30,2022-11-24 09:50:00+05:30,2022-11-24 09:55:00+05:30,101.95,101.9725,False,False,False
16565,16568,16569,2022-11-24 13:45:00+05:30,2022-11-24 14:00:00+05:30,2022-11-24 14:05:00+05:30,101.6,101.5775,False,False,False
16576,16579,16580,2022-11-24 14:40:00+05:30,2022-11-24 14:55:00+05:30,2022-11-24 15:00:00+05:30,101.5,101.4625,False,False,False
16586,16586,16587,2022-11-25 09:15:00+05:30,2022-11-25 09:15:00+05:30,2022-11-25 09:20:00+05:30,101.75,101.5925,False,False,False
16587,16587,16588,2022-11-25 09:20:00+05:30,2022-11-25 09:20:00+05:30,2022-11-25 09:25:00+05:30,101.85,101.6125,False,False,False
16610,16610,16611,2022-11-25 11:15:00+05:30,2022-11-25 11:15:00+05:30,2022-11-25 11:20:00+05:30,102.55,102.255,False,False,False
16647,16650,16651,2022-11-25 14:20:00+05:30,2022-11-25 14:35:00+05:30,2022-11-25 14:40:00+05:30,102.5,102.465,False,False,False
16652,16655,16656,2022-11-25 14:45:00+05:30,2022-11-25 15:00:00+05:30,2022-11-25 15:05:00+05:30,102.4,102.44000000000001,False,False,False
16656,16657,16658,2022-11-25 15:05:00+05:30,2022-11-25 15:10:00+05:30,2022-11-25 15:15:00+05:30,102.6,102.42750000000001,False,False,False
16706,16707,16708,2022-11-28 13:00:00+05:30,2022-11-28 13:05:00+05:30,2022-11-28 13:10:00+05:30,101.2,101.1625,False,False,False
16728,16728,16729,2022-11-28 14:50:00+05:30,2022-11-28 14:50:00+05:30,2022-11-28 14:55:00+05:30,101.3,101.2475,False,False,False
16729,16729,16730,2022-11-28 14:55:00+05:30,2022-11-28 14:55:00+05:30,2022-11-28 15:00:00+05:30,101.4,101.25750000000001,False,False,False
16733,16733,16734,2022-11-28 15:15:00+05:30,2022-11-28 15:15:00+05:30,2022-11-28 15:20:00+05:30,101.25,101.28,False,False,False
16734,16734,16735,2022-11-28 15:20:00+05:30,2022-11-28 15:20:00+05:30,2022-11-28 15:25:00+05:30,101.3,101.285,False,False,False
16735,16735,16736,2022-11-28 15:25:00+05:30,2022-11-28 15:25:00+05:30,2022-11-29 09:15:00+05:30,101.4,101.29,True,True,False
16775,16775,16776,2022-11-29 12:30:00+05:30,2022-11-29 12:30:00+05:30,2022-11-29 12:35:00+05:30,102.85,102.75750000000001,False,False,False
16785,16786,16787,2022-11-29 13:20:00+05:30,2022-11-29 13:25:00+05:30,2022-11-29 13:30:00+05:30,102.9,102.85499999999999,False,False,False
16787,16787,16788,2022-11-29 13:30:00+05:30,2022-11-29 13:30:00+05:30,2022-11-29 13:35:00+05:30,103.1,102.88499999999999,False,False,False
16809,16812,16813,2022-11-29 15:20:00+05:30,2022-11-30 09:20:00+05:30,2022-11-30 09:25:00+05:30,103.25,102.88499999999999,True,False,False
16810,16811,16812,2022-11-29 15:25:00+05:30,2022-11-30 09:15:00+05:30,2022-11-30 09:20:00+05:30,102.85,102.845,True,False,False
16837,16837,16838,2022-11-30 11:25:00+05:30,2022-11-30 11:25:00+05:30,2022-11-30 11:30:00+05:30,103.45,103.39000000000001,False,False,False
16860,16860,16861,2022-11-30 13:20:00+05:30,2022-11-30 13:20:00+05:30,2022-11-30 13:25:00+05:30,103.7,103.57000000000001,False,False,False
16866,16867,16868,2022-11-30 13:50:00+05:30,2022-11-30 13:55:00+05:30,2022-11-30 14:00:00+05:30,103.6,103.55999999999999,False,False,False
16880,16880,16881,2022-11-30 15:00:00+05:30,2022-11-30 15:00:00+05:30,2022-11-30 15:05:00+05:30,103.85,103.72,False,False,False
16942,16943,16944,2022-12-01 13:55:00+05:30,2022-12-01 14:00:00+05:30,2022-12-01 14:05:00+05:30,106.25,105.92999999999999,False,False,False
16961,16961,16962,2022-12-02 09:15:00+05:30,2022-12-02 09:15:00+05:30,2022-12-02 09:20:00+05:30,107.4,107.13499999999999,False,False,False
16963,16963,16964,2022-12-02 09:25:00+05:30,2022-12-02 09:25:00+05:30,2022-12-02 09:30:00+05:30,107.55,107.27000000000001,False,False,False
17032,17033,17034,2022-12-02 15:10:00+05:30,2022-12-02 15:15:00+05:30,2022-12-02 15:20:00+05:30,108.4,108.495,False,False,False
17034,17036,17037,2022-12-02 15:20:00+05:30,2022-12-05 09:15:00+05:30,2022-12-05 09:20:00+05:30,109.1,108.47749999999999,True,False,False
17070,17071,17072,2022-12-05 12:05:00+05:30,2022-12-05 12:10:00+05:30,2022-12-05 12:15:00+05:30,110.8,110.67,False,False,False
17100,17100,17101,2022-12-05 14:35:00+05:30,2022-12-05 14:35:00+05:30,2022-12-05 14:40:00+05:30,112.0,111.86500000000001,False,False,False
17174,17174,17175,2022-12-06 14:30:00+05:30,2022-12-06 14:30:00+05:30,2022-12-06 14:35:00+05:30,109.15,109.0575,False,False,False
17185,17185,17186,2022-12-06 15:25:00+05:30,2022-12-06 15:25:00+05:30,2022-12-07 09:15:00+05:30,109.8,109.1525,True,True,False
17186,17186,17187,2022-12-07 09:15:00+05:30,2022-12-07 09:15:00+05:30,2022-12-07 09:20:00+05:30,109.35,109.1625,False,False,False
17211,17211,17212,2022-12-07 11:20:00+05:30,2022-12-07 11:20:00+05:30,2022-12-07 11:25:00+05:30,108.65,108.4375,False,False,False
17250,17250,17251,2022-12-07 14:35:00+05:30,2022-12-07 14:35:00+05:30,2022-12-07 14:40:00+05:30,108.1,107.9675,False,False,False
17258,17261,17262,2022-12-07 15:15:00+05:30,2022-12-08 09:15:00+05:30,2022-12-08 09:20:00+05:30,108.15,107.87750000000001,True,False,False
17262,17264,17265,2022-12-08 09:20:00+05:30,2022-12-08 09:30:00+05:30,2022-12-08 09:35:00+05:30,107.85,107.84750000000001,False,False,False
17284,17284,17285,2022-12-08 11:10:00+05:30,2022-12-08 11:10:00+05:30,2022-12-08 11:15:00+05:30,107.75,107.69500000000001,False,False,False
17297,17297,17298,2022-12-08 12:15:00+05:30,2022-12-08 12:15:00+05:30,2022-12-08 12:20:00+05:30,109.05,107.73499999999999,False,False,False
17318,17318,17319,2022-12-08 14:00:00+05:30,2022-12-08 14:00:00+05:30,2022-12-08 14:05:00+05:30,108.6,108.465,False,False,False
17329,17329,17330,2022-12-08 14:55:00+05:30,2022-12-08 14:55:00+05:30,2022-12-08 15:00:00+05:30,108.5,108.40749999999998,False,False,False
17333,17336,17337,2022-12-08 15:15:00+05:30,2022-12-09 09:15:00+05:30,2022-12-09 09:20:00+05:30,109.8,108.3875,True,False,False
17361,17361,17362,2022-12-09 11:20:00+05:30,2022-12-09 11:20:00+05:30,2022-12-09 11:25:00+05:30,108.8,108.68499999999999,False,False,False
17405,17407,17408,2022-12-09 15:00:00+05:30,2022-12-09 15:10:00+05:30,2022-12-09 15:15:00+05:30,107.15,106.99750000000002,False,False,False
17413,17415,17416,2022-12-12 09:25:00+05:30,2022-12-12 09:35:00+05:30,2022-12-12 09:40:00+05:30,106.6,106.5575,False,False,False
17443,17443,17444,2022-12-12 11:55:00+05:30,2022-12-12 11:55:00+05:30,2022-12-12 12:00:00+05:30,107.75,107.5675,False,False,False
17471,17472,17473,2022-12-12 14:15:00+05:30,2022-12-12 14:20:00+05:30,2022-12-12 14:25:00+05:30,107.7,107.67999999999999,False,False,False
17473,17475,17476,2022-12-12 14:25:00+05:30,2022-12-12 14:35:00+05:30,2022-12-12 14:40:00+05:30,107.6,107.62750000000001,False,False,False
17490,17490,17491,2022-12-13 09:35:00+05:30,2022-12-13 09:35:00+05:30,2022-12-13 09:40:00+05:30,108.15,108.02250000000001,False,False,False
17527,17530,17531,2022-12-13 12:40:00+05:30,2022-12-13 12:55:00+05:30,2022-12-13 13:00:00+05:30,107.65,107.61000000000001,False,False,False
17531,17531,17532,2022-12-13 13:00:00+05:30,2022-12-13 13:00:00+05:30,2022-12-13 13:05:00+05:30,107.75,107.6,False,False,False
17533,17533,17534,2022-12-13 13:10:00+05:30,2022-12-13 13:10:00+05:30,2022-12-13 13:15:00+05:30,107.7,107.61500000000001,False,False,False
17551,17551,17552,2022-12-13 14:40:00+05:30,2022-12-13 14:40:00+05:30,2022-12-13 14:45:00+05:30,107.7,107.6625,False,False,False
17552,17552,17553,2022-12-13 14:45:00+05:30,2022-12-13 14:45:00+05:30,2022-12-13 14:50:00+05:30,107.75,107.6625,False,False,False
17558,17561,17562,2022-12-13 15:15:00+05:30,2022-12-14 09:15:00+05:30,2022-12-14 09:20:00+05:30,108.35,107.66749999999999,True,False,False
17624,17627,17628,2022-12-14 14:30:00+05:30,2022-12-14 14:45:00+05:30,2022-12-14 14:50:00+05:30,109.15,109.04,False,False,False
17636,17636,17637,2022-12-15 09:15:00+05:30,2022-12-15 09:15:00+05:30,2022-12-15 09:20:00+05:30,109.35,109.175,False,False,False
17678,17681,17682,2022-12-15 12:45:00+05:30,2022-12-15 13:00:00+05:30,2022-12-15 13:05:00+05:30,108.25,108.155,False,False,False
17711,17713,17714,2022-12-16 09:15:00+05:30,2022-12-16 09:25:00+05:30,2022-12-16 09:30:00+05:30,107.6,107.575,False,False,False
17734,17735,17736,2022-12-16 11:10:00+05:30,2022-12-16 11:15:00+05:30,2022-12-16 11:20:00+05:30,106.7,106.41000000000001,False,False,False
17780,17780,17781,2022-12-16 15:00:00+05:30,2022-12-16 15:00:00+05:30,2022-12-16 15:05:00+05:30,107.35,107.31000000000002,False,False,False
17781,17781,17782,2022-12-16 15:05:00+05:30,2022-12-16 15:05:00+05:30,2022-12-16 15:10:00+05:30,107.45,107.2875,False,False,False
17785,17786,17787,2022-12-16 15:25:00+05:30,2022-12-19 09:15:00+05:30,2022-12-19 09:20:00+05:30,107.25,107.23500000000001,True,False,False
17829,17831,17832,2022-12-19 12:50:00+05:30,2022-12-19 13:00:00+05:30,2022-12-19 13:05:00+05:30,107.75,107.7125,False,False,False
17833,17834,17835,2022-12-19 13:10:00+05:30,2022-12-19 13:15:00+05:30,2022-12-19 13:20:00+05:30,107.75,107.7325,False,False,False
17840,17840,17841,2022-12-19 13:45:00+05:30,2022-12-19 13:45:00+05:30,2022-12-19 13:50:00+05:30,107.85,107.7725,False,False,False
17855,17855,17856,2022-12-19 15:00:00+05:30,2022-12-19 15:00:00+05:30,2022-12-19 15:05:00+05:30,108.2,108.12249999999999,False,False,False
17856,17856,17857,2022-12-19 15:05:00+05:30,2022-12-19 15:05:00+05:30,2022-12-19 15:10:00+05:30,108.3,108.1425,False,False,False
17858,17858,17859,2022-12-19 15:15:00+05:30,2022-12-19 15:15:00+05:30,2022-12-19 15:20:00+05:30,108.25,108.17999999999999,False,False,False
17859,17859,17860,2022-12-19 15:20:00+05:30,2022-12-19 15:20:00+05:30,2022-12-19 15:25:00+05:30,108.2,108.19750000000002,False,False,False
18005,18005,18006,2022-12-21 15:00:00+05:30,2022-12-21 15:00:00+05:30,2022-12-21 15:05:00+05:30,106.15,106.07750000000001,False,False,False
18008,18010,18011,2022-12-21 15:15:00+05:30,2022-12-21 15:25:00+05:30,2022-12-22 09:15:00+05:30,106.4,105.97999999999999,True,True,False
18160,18163,18164,2022-12-23 15:25:00+05:30,2022-12-26 09:25:00+05:30,2022-12-26 09:30:00+05:30,99.7,99.49249999999999,True,False,False
18161,18162,18163,2022-12-26 09:15:00+05:30,2022-12-26 09:20:00+05:30,2022-12-26 09:25:00+05:30,99.45,99.44,False,False,False
18191,18192,18193,2022-12-26 11:45:00+05:30,2022-12-26 11:50:00+05:30,2022-12-26 11:55:00+05:30,101.4,101.33000000000001,False,False,False
18194,18194,18195,2022-12-26 12:00:00+05:30,2022-12-26 12:00:00+05:30,2022-12-26 12:05:00+05:30,101.55,101.4925,False,False,False
18225,18225,18226,2022-12-26 14:35:00+05:30,2022-12-26 14:35:00+05:30,2022-12-26 14:40:00+05:30,101.45,101.16499999999999,False,False,False
18232,18234,18235,2022-12-26 15:10:00+05:30,2022-12-26 15:20:00+05:30,2022-12-26 15:25:00+05:30,101.4,101.31750000000001,False,False,False
18235,18236,18237,2022-12-26 15:25:00+05:30,2022-12-27 09:15:00+05:30,2022-12-27 09:20:00+05:30,102.8,101.355,True,False,False
18281,18282,18283,2022-12-27 13:00:00+05:30,2022-12-27 13:05:00+05:30,2022-12-27 13:10:00+05:30,106.35,105.8375,False,False,False
18365,18367,18368,2022-12-28 13:45:00+05:30,2022-12-28 13:55:00+05:30,2022-12-28 14:00:00+05:30,107.35,107.38250000000001,False,False,False
18386,18389,18390,2022-12-29 09:15:00+05:30,2022-12-29 09:30:00+05:30,2022-12-29 09:35:00+05:30,107.2,106.7175,False,False,False
18415,18417,18418,2022-12-29 11:40:00+05:30,2022-12-29 11:50:00+05:30,2022-12-29 11:55:00+05:30,107.1,106.89750000000001,False,False,False
18425,18428,18429,2022-12-29 12:30:00+05:30,2022-12-29 12:45:00+05:30,2022-12-29 12:50:00+05:30,106.9,106.6875,False,False,False
18441,18441,18442,2022-12-29 13:50:00+05:30,2022-12-29 13:50:00+05:30,2022-12-29 13:55:00+05:30,106.9,106.70750000000001,False,False,False
18445,18445,18446,2022-12-29 14:10:00+05:30,2022-12-29 14:10:00+05:30,2022-12-29 14:15:00+05:30,106.8,106.78,False,False,False
18446,18446,18447,2022-12-29 14:15:00+05:30,2022-12-29 14:15:00+05:30,2022-12-29 14:20:00+05:30,107.0,106.79749999999999,False,False,False
18523,18523,18524,2022-12-30 14:25:00+05:30,2022-12-30 14:25:00+05:30,2022-12-30 14:30:00+05:30,109.45,109.3575,False,False,False
18524,18524,18525,2022-12-30 14:30:00+05:30,2022-12-30 14:30:00+05:30,2022-12-30 14:35:00+05:30,109.55,109.35499999999999,False,False,False
18532,18535,18536,2022-12-30 15:10:00+05:30,2022-12-30 15:25:00+05:30,2023-01-02 09:15:00+05:30,110.8,109.33250000000001,True,True,True
18596,18597,18598,2023-01-02 14:15:00+05:30,2023-01-02 14:20:00+05:30,2023-01-02 14:25:00+05:30,115.25,115.20250000000001,False,False,False
18598,18598,18599,2023-01-02 14:25:00+05:30,2023-01-02 14:25:00+05:30,2023-01-02 14:30:00+05:30,115.75,115.255,False,False,False
18606,18607,18608,2023-01-02 15:05:00+05:30,2023-01-02 15:10:00+05:30,2023-01-02 15:15:00+05:30,115.6,115.45,False,False,False
18611,18611,18612,2023-01-03 09:15:00+05:30,2023-01-03 09:15:00+05:30,2023-01-03 09:20:00+05:30,115.5,115.49000000000001,False,False,False
18634,18634,18635,2023-01-03 11:10:00+05:30,2023-01-03 11:10:00+05:30,2023-01-03 11:15:00+05:30,114.9,114.82000000000001,False,False,False
18684,18685,18686,2023-01-03 15:20:00+05:30,2023-01-03 15:25:00+05:30,2023-01-04 09:15:00+05:30,115.15,115.1425,True,True,False
18761,18764,18765,2023-01-05 09:15:00+05:30,2023-01-05 09:30:00+05:30,2023-01-05 09:35:00+05:30,113.2,112.51500000000001,False,False,False
18763,18763,18764,2023-01-05 09:25:00+05:30,2023-01-05 09:25:00+05:30,2023-01-05 09:30:00+05:30,112.45,112.4075,False,False,False
18783,18783,18784,2023-01-05 11:05:00+05:30,2023-01-05 11:05:00+05:30,2023-01-05 11:10:00+05:30,112.05,111.8425,False,False,False
18794,18794,18795,2023-01-05 12:00:00+05:30,2023-01-05 12:00:00+05:30,2023-01-05 12:05:00+05:30,112.4,111.95,False,False,False
18815,18817,18818,2023-01-05 13:45:00+05:30,2023-01-05 13:55:00+05:30,2023-01-05 14:00:00+05:30,111.95,111.9375,False,False,False
18823,18823,18824,2023-01-05 14:25:00+05:30,2023-01-05 14:25:00+05:30,2023-01-05 14:30:00+05:30,112.05,111.75500000000002,False,False,False
18845,18848,18849,2023-01-06 10:00:00+05:30,2023-01-06 10:15:00+05:30,2023-01-06 10:20:00+05:30,113.2,113.1375,False,False,False
18866,18866,18867,2023-01-06 11:45:00+05:30,2023-01-06 11:45:00+05:30,2023-01-06 11:50:00+05:30,114.0,113.34,False,False,False
18890,18890,18891,2023-01-06 13:45:00+05:30,2023-01-06 13:45:00+05:30,2023-01-06 13:50:00+05:30,113.0,112.80499999999999,False,False,False
18908,18911,18912,2023-01-06 15:15:00+05:30,2023-01-09 09:15:00+05:30,2023-01-09 09:20:00+05:30,114.1,112.35999999999999,True,False,False
18940,18941,18942,2023-01-09 11:40:00+05:30,2023-01-09 11:45:00+05:30,2023-01-09 11:50:00+05:30,114.05,114.07250000000002,False,False,False
18952,18952,18953,2023-01-09 12:40:00+05:30,2023-01-09 12:40:00+05:30,2023-01-09 12:45:00+05:30,114.15,114.0,False,False,False
18956,18957,18958,2023-01-09 13:00:00+05:30,2023-01-09 13:05:00+05:30,2023-01-09 13:10:00+05:30,114.05,113.98249999999999,False,False,False
18980,18980,18981,2023-01-09 15:00:00+05:30,2023-01-09 15:00:00+05:30,2023-01-09 15:05:00+05:30,113.85,113.74750000000002,False,False,False
19020,19020,19021,2023-01-10 12:05:00+05:30,2023-01-10 12:05:00+05:30,2023-01-10 12:10:00+05:30,114.9,114.80499999999999,False,False,False
19052,19052,19053,2023-01-10 14:45:00+05:30,2023-01-10 14:45:00+05:30,2023-01-10 14:50:00+05:30,114.75,114.575,False,False,False
19065,19065,19066,2023-01-11 09:35:00+05:30,2023-01-11 09:35:00+05:30,2023-01-11 09:40:00+05:30,115.8,115.20500000000001,False,False,False
19107,19107,19108,2023-01-11 13:05:00+05:30,2023-01-11 13:05:00+05:30,2023-01-11 13:10:00+05:30,114.95,114.88499999999999,False,False,False
19131,19131,19132,2023-01-11 15:05:00+05:30,2023-01-11 15:05:00+05:30,2023-01-11 15:10:00+05:30,115.45,115.4325,False,False,False
19182,19185,19186,2023-01-12 13:05:00+05:30,2023-01-12 13:20:00+05:30,2023-01-12 13:25:00+05:30,114.65,114.48999999999998,False,False,False
19199,19200,19201,2023-01-12 14:30:00+05:30,2023-01-12 14:35:00+05:30,2023-01-12 14:40:00+05:30,114.5,114.44749999999999,False,False,False
19203,19206,19207,2023-01-12 14:50:00+05:30,2023-01-12 15:05:00+05:30,2023-01-12 15:10:00+05:30,114.7,114.4725,False,False,False
19207,19207,19208,2023-01-12 15:10:00+05:30,2023-01-12 15:10:00+05:30,2023-01-12 15:15:00+05:30,114.5,114.4675,False,False,False
19208,19208,19209,2023-01-12 15:15:00+05:30,2023-01-12 15:15:00+05:30,2023-01-12 15:20:00+05:30,114.5,114.48499999999999,False,False,False
19209,19211,19212,2023-01-12 15:20:00+05:30,2023-01-13 09:15:00+05:30,2023-01-13 09:20:00+05:30,115.5,114.49749999999999,True,False,False
19273,19276,19277,2023-01-13 14:25:00+05:30,2023-01-13 14:40:00+05:30,2023-01-13 14:45:00+05:30,116.75,116.65,False,False,False
19277,19277,19278,2023-01-13 14:45:00+05:30,2023-01-13 14:45:00+05:30,2023-01-13 14:50:00+05:30,116.7,116.66,False,False,False
19279,19279,19280,2023-01-13 14:55:00+05:30,2023-01-13 14:55:00+05:30,2023-01-13 15:00:00+05:30,116.8,116.67749999999998,False,False,False
19281,19281,19282,2023-01-13 15:05:00+05:30,2023-01-13 15:05:00+05:30,2023-01-13 15:10:00+05:30,116.9,116.67749999999998,False,False,False
19286,19286,19287,2023-01-16 09:15:00+05:30,2023-01-16 09:15:00+05:30,2023-01-16 09:20:00+05:30,116.7,116.7,False,False,False
19333,19335,19336,2023-01-16 13:10:00+05:30,2023-01-16 13:20:00+05:30,2023-01-16 13:25:00+05:30,116.1,116.00749999999998,False,False,False
19342,19343,19344,2023-01-16 13:55:00+05:30,2023-01-16 14:00:00+05:30,2023-01-16 14:05:00+05:30,115.95,115.91749999999999,False,False,False
19355,19355,19356,2023-01-16 15:00:00+05:30,2023-01-16 15:00:00+05:30,2023-01-16 15:05:00+05:30,116.35,116.2125,False,False,False
19487,19490,19491,2023-01-18 13:30:00+05:30,2023-01-18 13:45:00+05:30,2023-01-18 13:50:00+05:30,118.85,118.75750000000001,False,False,False
19505,19505,19506,2023-01-18 15:00:00+05:30,2023-01-18 15:00:00+05:30,2023-01-18 15:05:00+05:30,119.0,118.88250000000001,False,False,False
19580,19583,19584,2023-01-19 15:00:00+05:30,2023-01-19 15:15:00+05:30,2023-01-19 15:20:00+05:30,120.15,120.03,False,False,False
19582,19582,19583,2023-01-19 15:10:00+05:30,2023-01-19 15:10:00+05:30,2023-01-19 15:15:00+05:30,120.0,119.99249999999999,False,False,False
19585,19586,19587,2023-01-19 15:25:00+05:30,2023-01-20 09:15:00+05:30,2023-01-20 09:20:00+05:30,120.1,119.9425,True,False,False
19588,19590,19591,2023-01-20 09:25:00+05:30,2023-01-20 09:35:00+05:30,2023-01-20 09:40:00+05:30,120.25,119.87749999999998,False,False,False
19631,19631,19632,2023-01-20 13:00:00+05:30,2023-01-20 13:00:00+05:30,2023-01-20 13:05:00+05:30,119.85,119.6625,False,False,False
19653,19654,19655,2023-01-20 14:50:00+05:30,2023-01-20 14:55:00+05:30,2023-01-20 15:00:00+05:30,119.35,119.25,False,False,False
19656,19656,19657,2023-01-20 15:05:00+05:30,2023-01-20 15:05:00+05:30,2023-01-20 15:10:00+05:30,119.5,119.18499999999999,False,False,False
19714,19714,19715,2023-01-23 13:40:00+05:30,2023-01-23 13:40:00+05:30,2023-01-23 13:45:00+05:30,119.1,119.125,False,False,False
19715,19715,19716,2023-01-23 13:45:00+05:30,2023-01-23 13:45:00+05:30,2023-01-23 13:50:00+05:30,119.15,119.12250000000002,False,False,False
19733,19734,19735,2023-01-23 15:15:00+05:30,2023-01-23 15:20:00+05:30,2023-01-23 15:25:00+05:30,118.5,118.48999999999998,False,False,False
19736,19736,19737,2023-01-24 09:15:00+05:30,2023-01-24 09:15:00+05:30,2023-01-24 09:20:00+05:30,118.6,118.37250000000002,False,False,False
19737,19737,19738,2023-01-24 09:20:00+05:30,2023-01-24 09:20:00+05:30,2023-01-24 09:25:00+05:30,118.55,118.36000000000001,False,False,False
19786,19786,19787,2023-01-24 13:25:00+05:30,2023-01-24 13:25:00+05:30,2023-01-24 13:30:00+05:30,117.3,117.15249999999999,False,False,False
19792,19793,19794,2023-01-24 13:55:00+05:30,2023-01-24 14:00:00+05:30,2023-01-24 14:05:00+05:30,117.15,117.14750000000001,False,False,False
19808,19811,19812,2023-01-24 15:15:00+05:30,2023-01-25 09:15:00+05:30,2023-01-25 09:20:00+05:30,117.5,116.99000000000001,True,False,False
19853,19853,19854,2023-01-25 12:45:00+05:30,2023-01-25 12:45:00+05:30,2023-01-25 12:50:00+05:30,117.25,117.155,False,False,False
19872,19872,19873,2023-01-25 14:20:00+05:30,2023-01-25 14:20:00+05:30,2023-01-25 14:25:00+05:30,117.45,117.43499999999999,False,False,False
19873,19873,19874,2023-01-25 14:25:00+05:30,2023-01-25 14:25:00+05:30,2023-01-25 14:30:00+05:30,117.6,117.455,False,False,False
19880,19883,19884,2023-01-25 15:00:00+05:30,2023-01-25 15:15:00+05:30,2023-01-25 15:20:00+05:30,117.6,117.43999999999998,False,False,False
19884,19884,19885,2023-01-25 15:20:00+05:30,2023-01-25 15:20:00+05:30,2023-01-25 15:25:00+05:30,117.6,117.4675,False,False,False
19886,19886,19887,2023-01-27 09:15:00+05:30,2023-01-27 09:15:00+05:30,2023-01-27 09:20:00+05:30,118.55,117.52749999999999,False,False,False
19930,19933,19934,2023-01-27 12:55:00+05:30,2023-01-27 13:10:00+05:30,2023-01-27 13:15:00+05:30,116.95,116.91499999999999,False,False,False
20015,20018,20019,2023-01-30 13:45:00+05:30,2023-01-30 14:00:00+05:30,2023-01-30 14:05:00+05:30,114.55,114.3625,False,False,False
20036,20037,20038,2023-01-31 09:15:00+05:30,2023-01-31 09:20:00+05:30,2023-01-31 09:25:00+05:30,115.3,114.675,False,False,False
20042,20042,20043,2023-01-31 09:45:00+05:30,2023-01-31 09:45:00+05:30,2023-01-31 09:50:00+05:30,115.05,114.8625,False,False,False
20043,20046,20047,2023-01-31 09:50:00+05:30,2023-01-31 10:05:00+05:30,2023-01-31 10:10:00+05:30,114.95,114.8875,False,False,False
20064,20064,20065,2023-01-31 11:35:00+05:30,2023-01-31 11:35:00+05:30,2023-01-31 11:40:00+05:30,115.95,115.80499999999999,False,False,False
20082,20084,20085,2023-01-31 13:05:00+05:30,2023-01-31 13:15:00+05:30,2023-01-31 13:20:00+05:30,116.75,116.35,False,False,False
20090,20090,20091,2023-01-31 13:45:00+05:30,2023-01-31 13:45:00+05:30,2023-01-31 13:50:00+05:30,116.5,116.45249999999999,False,False,False
20095,20098,20099,2023-01-31 14:10:00+05:30,2023-01-31 14:25:00+05:30,2023-01-31 14:30:00+05:30,116.5,116.42250000000001,False,False,False
20102,20102,20103,2023-01-31 14:45:00+05:30,2023-01-31 14:45:00+05:30,2023-01-31 14:50:00+05:30,116.5,116.46,False,False,False
20104,20104,20105,2023-01-31 14:55:00+05:30,2023-01-31 14:55:00+05:30,2023-01-31 15:00:00+05:30,116.65,116.465,False,False,False
20108,20111,20112,2023-01-31 15:15:00+05:30,2023-02-01 09:15:00+05:30,2023-02-01 09:20:00+05:30,116.85,116.38999999999999,True,False,False
20136,20137,20138,2023-02-01 11:20:00+05:30,2023-02-01 11:25:00+05:30,2023-02-01 11:30:00+05:30,118.5,118.43499999999999,False,False,False
20138,20138,20139,2023-02-01 11:30:00+05:30,2023-02-01 11:30:00+05:30,2023-02-01 11:35:00+05:30,118.85,118.5275,False,False,False
20146,20147,20148,2023-02-01 12:10:00+05:30,2023-02-01 12:15:00+05:30,2023-02-01 12:20:00+05:30,118.95,118.775,False,False,False
20180,20180,20181,2023-02-01 15:00:00+05:30,2023-02-01 15:00:00+05:30,2023-02-01 15:05:00+05:30,118.3,118.2375,False,False,False
20214,20217,20218,2023-02-02 11:35:00+05:30,2023-02-02 11:50:00+05:30,2023-02-02 11:55:00+05:30,116.05,115.6,False,False,False
20223,20223,20224,2023-02-02 12:20:00+05:30,2023-02-02 12:20:00+05:30,2023-02-02 12:25:00+05:30,115.8,115.70500000000001,False,False,False
20224,20224,20225,2023-02-02 12:25:00+05:30,2023-02-02 12:25:00+05:30,2023-02-02 12:30:00+05:30,115.9,115.715,False,False,False
20245,20245,20246,2023-02-02 14:10:00+05:30,2023-02-02 14:10:00+05:30,2023-02-02 14:15:00+05:30,115.65,115.64750000000001,False,False,False
20249,20249,20250,2023-02-02 14:30:00+05:30,2023-02-02 14:30:00+05:30,2023-02-02 14:35:00+05:30,115.7,115.5925,False,False,False
20311,20311,20312,2023-02-03 13:25:00+05:30,2023-02-03 13:25:00+05:30,2023-02-03 13:30:00+05:30,115.75,115.65,False,False,False
20356,20357,20358,2023-02-06 10:55:00+05:30,2023-02-06 11:00:00+05:30,2023-02-06 11:05:00+05:30,114.35,114.32750000000001,False,False,False
20369,20369,20370,2023-02-06 12:00:00+05:30,2023-02-06 12:00:00+05:30,2023-02-06 12:05:00+05:30,114.6,114.41499999999999,False,False,False
20374,20377,20378,2023-02-06 12:25:00+05:30,2023-02-06 12:40:00+05:30,2023-02-06 12:45:00+05:30,114.4,114.42999999999999,False,False,False
20394,20395,20396,2023-02-06 14:05:00+05:30,2023-02-06 14:10:00+05:30,2023-02-06 14:15:00+05:30,114.45,114.48500000000001,False,False,False
20445,20445,20446,2023-02-07 12:05:00+05:30,2023-02-07 12:05:00+05:30,2023-02-07 12:10:00+05:30,109.1,109.075,False,False,False
20480,20480,20481,2023-02-07 15:00:00+05:30,2023-02-07 15:00:00+05:30,2023-02-07 15:05:00+05:30,108.0,107.6625,False,False,False
20484,20486,20487,2023-02-07 15:20:00+05:30,2023-02-08 09:15:00+05:30,2023-02-08 09:20:00+05:30,108.45,107.7175,True,False,False
20538,20539,20540,2023-02-08 13:35:00+05:30,2023-02-08 13:40:00+05:30,2023-02-08 13:45:00+05:30,108.0,108.085,False,False,False
20558,20561,20562,2023-02-08 15:15:00+05:30,2023-02-09 09:15:00+05:30,2023-02-09 09:20:00+05:30,108.6,108.08500000000001,True,False,False
20609,20612,20613,2023-02-09 13:15:00+05:30,2023-02-09 13:30:00+05:30,2023-02-09 13:35:00+05:30,107.3,107.1625,False,False,False
20632,20635,20636,2023-02-09 15:10:00+05:30,2023-02-09 15:25:00+05:30,2023-02-10 09:15:00+05:30,107.4,107.7325,True,True,False
20705,20706,20707,2023-02-10 15:00:00+05:30,2023-02-10 15:05:00+05:30,2023-02-10 15:10:00+05:30,105.3,105.1575,False,False,False
20708,20709,20710,2023-02-10 15:15:00+05:30,2023-02-10 15:20:00+05:30,2023-02-10 15:25:00+05:30,105.2,105.125,False,False,False
20711,20711,20712,2023-02-13 09:15:00+05:30,2023-02-13 09:15:00+05:30,2023-02-13 09:20:00+05:30,105.4,105.11749999999999,False,False,False
20712,20712,20713,2023-02-13 09:20:00+05:30,2023-02-13 09:20:00+05:30,2023-02-13 09:25:00+05:30,105.95,105.155,False,False,False
20772,20775,20776,2023-02-13 14:20:00+05:30,2023-02-13 14:35:00+05:30,2023-02-13 14:40:00+05:30,105.35,105.31000000000002,False,False,False
20782,20785,20786,2023-02-13 15:10:00+05:30,2023-02-13 15:25:00+05:30,2023-02-14 09:15:00+05:30,105.95,105.23999999999998,True,True,False
20786,20786,20787,2023-02-14 09:15:00+05:30,2023-02-14 09:15:00+05:30,2023-02-14 09:20:00+05:30,105.85,105.275,False,False,False
20788,20788,20789,2023-02-14 09:25:00+05:30,2023-02-14 09:25:00+05:30,2023-02-14 09:30:00+05:30,105.4,105.30250000000001,False,False,False
20820,20821,20822,2023-02-14 12:05:00+05:30,2023-02-14 12:10:00+05:30,2023-02-14 12:15:00+05:30,105.2,105.075,False,False,False
20841,20841,20842,2023-02-14 13:50:00+05:30,2023-02-14 13:50:00+05:30,2023-02-14 13:55:00+05:30,105.75,105.3525,False,False,False
20858,20860,20861,2023-02-14 15:15:00+05:30,2023-02-14 15:25:00+05:30,2023-02-15 09:15:00+05:30,105.4,105.7825,True,True,False
20860,20862,20863,2023-02-14 15:25:00+05:30,2023-02-15 09:20:00+05:30,2023-02-15 09:25:00+05:30,106.1,105.8175,True,False,False
20918,20918,20919,2023-02-15 14:00:00+05:30,2023-02-15 14:00:00+05:30,2023-02-15 14:05:00+05:30,105.7,105.60999999999999,False,False,False
20962,20962,20963,2023-02-16 11:25:00+05:30,2023-02-16 11:25:00+05:30,2023-02-16 11:30:00+05:30,107.65,107.545,False,False,False
20979,20982,20983,2023-02-16 12:50:00+05:30,2023-02-16 13:05:00+05:30,2023-02-16 13:10:00+05:30,107.65,107.57249999999999,False,False,False
21011,21011,21012,2023-02-17 09:15:00+05:30,2023-02-17 09:15:00+05:30,2023-02-17 09:20:00+05:30,108.7,108.09,False,False,False
21050,21050,21051,2023-02-17 12:30:00+05:30,2023-02-17 12:30:00+05:30,2023-02-17 12:35:00+05:30,109.35,109.2375,False,False,False
21063,21066,21067,2023-02-17 13:35:00+05:30,2023-02-17 13:50:00+05:30,2023-02-17 13:55:00+05:30,109.2,109.20249999999999,False,False,False
21088,21091,21092,2023-02-20 09:25:00+05:30,2023-02-20 09:40:00+05:30,2023-02-20 09:45:00+05:30,108.8,108.6925,False,False,False
21104,21104,21105,2023-02-20 10:45:00+05:30,2023-02-20 10:45:00+05:30,2023-02-20 10:50:00+05:30,108.8,108.42750000000001,False,False,False
21123,21123,21124,2023-02-20 12:20:00+05:30,2023-02-20 12:20:00+05:30,2023-02-20 12:25:00+05:30,109.0,108.835,False,False,False
21133,21134,21135,2023-02-20 13:10:00+05:30,2023-02-20 13:15:00+05:30,2023-02-20 13:20:00+05:30,108.75,108.78500000000001,False,False,False
21147,21147,21148,2023-02-20 14:20:00+05:30,2023-02-20 14:20:00+05:30,2023-02-20 14:25:00+05:30,108.55,108.54250000000002,False,False,False
21150,21150,21151,2023-02-20 14:35:00+05:30,2023-02-20 14:35:00+05:30,2023-02-20 14:40:00+05:30,108.8,108.5375,False,False,False
21156,21156,21157,2023-02-20 15:05:00+05:30,2023-02-20 15:05:00+05:30,2023-02-20 15:10:00+05:30,108.8,108.57749999999999,False,False,False
21188,21188,21189,2023-02-21 11:30:00+05:30,2023-02-21 11:30:00+05:30,2023-02-21 11:35:00+05:30,110.2,110.17750000000001,False,False,False
21209,21209,21210,2023-02-21 13:15:00+05:30,2023-02-21 13:15:00+05:30,2023-02-21 13:20:00+05:30,110.2,110.12249999999999,False,False,False
21210,21211,21212,2023-02-21 13:20:00+05:30,2023-02-21 13:25:00+05:30,2023-02-21 13:30:00+05:30,110.15,110.1125,False,False,False
21232,21235,21236,2023-02-21 15:10:00+05:30,2023-02-21 15:25:00+05:30,2023-02-22 09:15:00+05:30,109.65,109.82249999999999,True,True,False
21268,21269,21270,2023-02-22 11:55:00+05:30,2023-02-22 12:00:00+05:30,2023-02-22 12:05:00+05:30,108.5,108.45,False,False,False
21296,21299,21300,2023-02-22 14:15:00+05:30,2023-02-22 14:30:00+05:30,2023-02-22 14:35:00+05:30,107.85,107.73999999999998,False,False,False
21298,21298,21299,2023-02-22 14:25:00+05:30,2023-02-22 14:25:00+05:30,2023-02-22 14:30:00+05:30,107.75,107.6825,False,False,False
21306,21307,21308,2023-02-22 15:05:00+05:30,2023-02-22 15:10:00+05:30,2023-02-22 15:15:00+05:30,107.6,107.625,False,False,False
21308,21311,21312,2023-02-22 15:15:00+05:30,2023-02-23 09:15:00+05:30,2023-02-23 09:20:00+05:30,108.4,107.63250000000001,True,False,False
21379,21379,21380,2023-02-23 14:55:00+05:30,2023-02-23 14:55:00+05:30,2023-02-23 15:00:00+05:30,108.3,108.1575,False,False,False
21438,21441,21442,2023-02-24 13:35:00+05:30,2023-02-24 13:50:00+05:30,2023-02-24 13:55:00+05:30,106.9,106.80250000000001,False,False,False
21517,21518,21519,2023-02-27 13:55:00+05:30,2023-02-27 14:00:00+05:30,2023-02-27 14:05:00+05:30,102.4,102.04499999999999,False,False,False
21563,21566,21567,2023-02-28 11:30:00+05:30,2023-02-28 11:45:00+05:30,2023-02-28 11:50:00+05:30,101.6,101.535,False,False,False
21572,21572,21573,2023-02-28 12:15:00+05:30,2023-02-28 12:15:00+05:30,2023-02-28 12:20:00+05:30,101.65,101.325,False,False,False
21608,21611,21612,2023-02-28 15:15:00+05:30,2023-03-01 09:15:00+05:30,2023-03-01 09:20:00+05:30,102.15,100.66749999999999,True,False,False
21640,21640,21641,2023-03-01 11:40:00+05:30,2023-03-01 11:40:00+05:30,2023-03-01 11:45:00+05:30,101.85,101.87,False,False,False
21641,21641,21642,2023-03-01 11:45:00+05:30,2023-03-01 11:45:00+05:30,2023-03-01 11:50:00+05:30,101.9,101.8725,False,False,False
21649,21649,21650,2023-03-01 12:25:00+05:30,2023-03-01 12:25:00+05:30,2023-03-01 12:30:00+05:30,101.9,101.85499999999999,False,False,False
21651,21652,21653,2023-03-01 12:35:00+05:30,2023-03-01 12:40:00+05:30,2023-03-01 12:45:00+05:30,101.95,101.86,False,False,False
21656,21658,21659,2023-03-01 13:00:00+05:30,2023-03-01 13:10:00+05:30,2023-03-01 13:15:00+05:30,101.9,101.86749999999999,False,False,False
21669,21671,21672,2023-03-01 14:05:00+05:30,2023-03-01 14:15:00+05:30,2023-03-01 14:20:00+05:30,101.8,101.635,False,False,False
21743,21745,21746,2023-03-02 14:00:00+05:30,2023-03-02 14:10:00+05:30,2023-03-02 14:15:00+05:30,101.15,101.1825,False,False,False
21757,21759,21760,2023-03-02 15:10:00+05:30,2023-03-02 15:20:00+05:30,2023-03-02 15:25:00+05:30,101.1,101.02000000000001,False,False,False
21770,21770,21771,2023-03-03 10:00:00+05:30,2023-03-03 10:00:00+05:30,2023-03-03 10:05:00+05:30,102.1,101.525,False,False,False
21782,21782,21783,2023-03-03 11:00:00+05:30,2023-03-03 11:00:00+05:30,2023-03-03 11:05:00+05:30,101.95,101.98249999999999,False,False,False
21785,21785,21786,2023-03-03 11:15:00+05:30,2023-03-03 11:15:00+05:30,2023-03-03 11:20:00+05:30,102.0,101.95750000000001,False,False,False
21788,21788,21789,2023-03-03 11:30:00+05:30,2023-03-03 11:30:00+05:30,2023-03-03 11:35:00+05:30,102.0,101.9975,False,False,False
21796,21798,21799,2023-03-03 12:10:00+05:30,2023-03-03 12:20:00+05:30,2023-03-03 12:25:00+05:30,102.1,101.975,False,False,False
21832,21835,21836,2023-03-03 15:10:00+05:30,2023-03-03 15:25:00+05:30,2023-03-06 09:15:00+05:30,103.9,103.4675,True,True,False
21868,21868,21869,2023-03-06 11:55:00+05:30,2023-03-06 11:55:00+05:30,2023-03-06 12:00:00+05:30,103.75,103.53,False,False,False
21869,21870,21871,2023-03-06 12:00:00+05:30,2023-03-06 12:05:00+05:30,2023-03-06 12:10:00+05:30,103.6,103.545,False,False,False
21902,21903,21904,2023-03-06 14:45:00+05:30,2023-03-06 14:50:00+05:30,2023-03-06 14:55:00+05:30,102.1,102.09,False,False,False
21908,21910,21911,2023-03-06 15:15:00+05:30,2023-03-06 15:25:00+05:30,2023-03-08 09:15:00+05:30,101.7,102.0725,True,True,False
21911,21912,21913,2023-03-08 09:15:00+05:30,2023-03-08 09:20:00+05:30,2023-03-08 09:25:00+05:30,102.25,102.065,False,False,False
21954,21955,21956,2023-03-08 12:50:00+05:30,2023-03-08 12:55:00+05:30,2023-03-08 13:00:00+05:30,102.85,102.9125,False,False,False
21966,21966,21967,2023-03-08 13:50:00+05:30,2023-03-08 13:50:00+05:30,2023-03-08 13:55:00+05:30,103.0,102.875,False,False,False
21967,21969,21970,2023-03-08 13:55:00+05:30,2023-03-08 14:05:00+05:30,2023-03-08 14:10:00+05:30,102.85,102.87750000000001,False,False,False
21980,21980,21981,2023-03-08 15:00:00+05:30,2023-03-08 15:00:00+05:30,2023-03-08 15:05:00+05:30,102.9,102.835,False,False,False
21982,21982,21983,2023-03-08 15:10:00+05:30,2023-03-08 15:10:00+05:30,2023-03-08 15:15:00+05:30,102.85,102.85499999999999,False,False,False
21983,21983,21984,2023-03-08 15:15:00+05:30,2023-03-08 15:15:00+05:30,2023-03-08 15:20:00+05:30,102.85,102.85499999999999,False,False,False
21984,21984,21985,2023-03-08 15:20:00+05:30,2023-03-08 15:20:00+05:30,2023-03-08 15:25:00+05:30,102.9,102.85499999999999,False,False,False
21985,21986,21987,2023-03-08 15:25:00+05:30,2023-03-09 09:15:00+05:30,2023-03-09 09:20:00+05:30,104.9,102.8525,True,False,False
22023,22023,22024,2023-03-09 12:20:00+05:30,2023-03-09 12:20:00+05:30,2023-03-09 12:25:00+05:30,105.0,104.8575,False,False,False
22036,22036,22037,2023-03-09 13:25:00+05:30,2023-03-09 13:25:00+05:30,2023-03-09 13:30:00+05:30,105.0,104.78999999999999,False,False,False
22043,22046,22047,2023-03-09 14:00:00+05:30,2023-03-09 14:15:00+05:30,2023-03-09 14:20:00+05:30,104.75,104.74000000000001,False,False,False
22096,22099,22100,2023-03-10 12:10:00+05:30,2023-03-10 12:25:00+05:30,2023-03-10 12:30:00+05:30,104.35,104.285,False,False,False
22124,22124,22125,2023-03-10 14:30:00+05:30,2023-03-10 14:30:00+05:30,2023-03-10 14:35:00+05:30,104.4,104.325,False,False,False
22130,22130,22131,2023-03-10 15:00:00+05:30,2023-03-10 15:00:00+05:30,2023-03-10 15:05:00+05:30,104.4,104.2825,False,False,False
22172,22174,22175,2023-03-13 12:15:00+05:30,2023-03-13 12:25:00+05:30,2023-03-13 12:30:00+05:30,104.25,104.26500000000001,False,False,False
22180,22181,22182,2023-03-13 12:55:00+05:30,2023-03-13 13:00:00+05:30,2023-03-13 13:05:00+05:30,104.25,104.255,False,False,False
22187,22189,22190,2023-03-13 13:30:00+05:30,2023-03-13 13:40:00+05:30,2023-03-13 13:45:00+05:30,104.25,104.2375,False,False,False
22193,22193,22194,2023-03-13 14:00:00+05:30,2023-03-13 14:00:00+05:30,2023-03-13 14:05:00+05:30,104.35,104.2325,False,False,False
22208,22211,22212,2023-03-13 15:15:00+05:30,2023-03-14 09:15:00+05:30,2023-03-14 09:20:00+05:30,103.7,103.57750000000001,True,False,False
22209,22210,22211,2023-03-13 15:20:00+05:30,2023-03-13 15:25:00+05:30,2023-03-14 09:15:00+05:30,103.4,103.54,True,True,False
22212,22212,22213,2023-03-14 09:20:00+05:30,2023-03-14 09:20:00+05:30,2023-03-14 09:25:00+05:30,103.55,103.44749999999999,False,False,False
22236,22236,22237,2023-03-14 11:20:00+05:30,2023-03-14 11:20:00+05:30,2023-03-14 11:25:00+05:30,104.4,104.30999999999999,False,False,False
22239,22239,22240,2023-03-14 11:35:00+05:30,2023-03-14 11:35:00+05:30,2023-03-14 11:40:00+05:30,104.55,104.2875,False,False,False
22245,22245,22246,2023-03-14 12:05:00+05:30,2023-03-14 12:05:00+05:30,2023-03-14 12:10:00+05:30,104.65,104.35,False,False,False
22283,22286,22287,2023-03-14 15:15:00+05:30,2023-03-15 09:15:00+05:30,2023-03-15 09:20:00+05:30,104.3,103.0375,True,False,False
22337,22339,22340,2023-03-15 13:30:00+05:30,2023-03-15 13:40:00+05:30,2023-03-15 13:45:00+05:30,105.05,104.95,False,False,False
22341,22343,22344,2023-03-15 13:50:00+05:30,2023-03-15 14:00:00+05:30,2023-03-15 14:05:00+05:30,105.15,104.905,False,False,False
22344,22344,22345,2023-03-15 14:05:00+05:30,2023-03-15 14:05:00+05:30,2023-03-15 14:10:00+05:30,105.05,104.905,False,False,False
22354,22355,22356,2023-03-15 14:55:00+05:30,2023-03-15 15:00:00+05:30,2023-03-15 15:05:00+05:30,105.15,105.0325,False,False,False
22356,22356,22357,2023-03-15 15:05:00+05:30,2023-03-15 15:05:00+05:30,2023-03-15 15:10:00+05:30,105.15,105.06500000000001,False,False,False
22357,22360,22361,2023-03-15 15:10:00+05:30,2023-03-15 15:25:00+05:30,2023-03-16 09:15:00+05:30,103.65,105.07000000000001,True,True,False
22386,22386,22387,2023-03-16 11:20:00+05:30,2023-03-16 11:20:00+05:30,2023-03-16 11:25:00+05:30,101.3,100.8375,False,False,False
22395,22395,22396,2023-03-16 12:05:00+05:30,2023-03-16 12:05:00+05:30,2023-03-16 12:10:00+05:30,101.05,100.965,False,False,False
22427,22430,22431,2023-03-16 14:45:00+05:30,2023-03-16 15:00:00+05:30,2023-03-16 15:05:00+05:30,101.5,101.4825,False,False,False
22431,22434,22435,2023-03-16 15:05:00+05:30,2023-03-16 15:20:00+05:30,2023-03-16 15:25:00+05:30,101.6,101.51750000000001,False,False,False
22435,22435,22436,2023-03-16 15:25:00+05:30,2023-03-16 15:25:00+05:30,2023-03-17 09:15:00+05:30,102.85,101.58000000000001,True,True,False
22462,22462,22463,2023-03-17 11:25:00+05:30,2023-03-17 11:25:00+05:30,2023-03-17 11:30:00+05:30,102.3,102.22749999999999,False,False,False
22571,22574,22575,2023-03-20 14:15:00+05:30,2023-03-20 14:30:00+05:30,2023-03-20 14:35:00+05:30,100.65,100.6425,False,False,False
22573,22573,22574,2023-03-20 14:25:00+05:30,2023-03-20 14:25:00+05:30,2023-03-20 14:30:00+05:30,100.65,100.5975,False,False,False
22577,22577,22578,2023-03-20 14:45:00+05:30,2023-03-20 14:45:00+05:30,2023-03-20 14:50:00+05:30,100.65,100.5975,False,False,False
22580,22580,22581,2023-03-20 15:00:00+05:30,2023-03-20 15:00:00+05:30,2023-03-20 15:05:00+05:30,100.8,100.5925,False,False,False
22604,22604,22605,2023-03-21 10:45:00+05:30,2023-03-21 10:45:00+05:30,2023-03-21 10:50:00+05:30,101.1,100.9725,False,False,False
22626,22628,22629,2023-03-21 12:35:00+05:30,2023-03-21 12:45:00+05:30,2023-03-21 12:50:00+05:30,101.05,101.025,False,False,False
22631,22631,22632,2023-03-21 13:00:00+05:30,2023-03-21 13:00:00+05:30,2023-03-21 13:05:00+05:30,101.0,100.9925,False,False,False
22635,22635,22636,2023-03-21 13:20:00+05:30,2023-03-21 13:20:00+05:30,2023-03-21 13:25:00+05:30,101.0,100.98,False,False,False
22640,22640,22641,2023-03-21 13:45:00+05:30,2023-03-21 13:45:00+05:30,2023-03-21 13:50:00+05:30,101.1,100.9875,False,False,False
22643,22643,22644,2023-03-21 14:00:00+05:30,2023-03-21 14:00:00+05:30,2023-03-21 14:05:00+05:30,101.15,101.00750000000001,False,False,False
22655,22655,22656,2023-03-21 15:00:00+05:30,2023-03-21 15:00:00+05:30,2023-03-21 15:05:00+05:30,101.2,101.205,False,False,False
22658,22661,22662,2023-03-21 15:15:00+05:30,2023-03-22 09:15:00+05:30,2023-03-22 09:20:00+05:30,102.1,101.23249999999999,True,False,False
22702,22705,22706,2023-03-22 12:40:00+05:30,2023-03-22 12:55:00+05:30,2023-03-22 13:00:00+05:30,101.6,101.63,False,False,False
22730,22732,22733,2023-03-22 15:00:00+05:30,2023-03-22 15:10:00+05:30,2023-03-22 15:15:00+05:30,101.25,101.20500000000001,False,False,False
22733,22735,22736,2023-03-22 15:15:00+05:30,2023-03-22 15:25:00+05:30,2023-03-23 09:15:00+05:30,100.8,101.215,True,True,False
22736,22736,22737,2023-03-23 09:15:00+05:30,2023-03-23 09:15:00+05:30,2023-03-23 09:20:00+05:30,101.65,101.2375,False,False,False
22737,22737,22738,2023-03-23 09:20:00+05:30,2023-03-23 09:20:00+05:30,2023-03-23 09:25:00+05:30,101.35,101.24,False,False,False
22780,22780,22781,2023-03-23 12:55:00+05:30,2023-03-23 12:55:00+05:30,2023-03-23 13:00:00+05:30,101.65,101.58000000000001,False,False,False
22781,22781,22782,2023-03-23 13:00:00+05:30,2023-03-23 13:00:00+05:30,2023-03-23 13:05:00+05:30,101.65,101.58500000000001,False,False,False
22789,22789,22790,2023-03-23 13:40:00+05:30,2023-03-23 13:40:00+05:30,2023-03-23 13:45:00+05:30,101.75,101.61500000000001,False,False,False
22790,22790,22791,2023-03-23 13:45:00+05:30,2023-03-23 13:45:00+05:30,2023-03-23 13:50:00+05:30,101.65,101.61999999999999,False,False,False
22883,22886,22887,2023-03-24 15:15:00+05:30,2023-03-27 09:15:00+05:30,2023-03-27 09:20:00+05:30,99.25,99.09,True,False,False
22945,22948,22949,2023-03-27 14:10:00+05:30,2023-03-27 14:25:00+05:30,2023-03-27 14:30:00+05:30,99.05,99.06,False,False,False
22946,22946,22947,2023-03-27 14:15:00+05:30,2023-03-27 14:15:00+05:30,2023-03-27 14:20:00+05:30,99.0,99.0375,False,False,False
22949,22949,22950,2023-03-27 14:30:00+05:30,2023-03-27 14:30:00+05:30,2023-03-27 14:35:00+05:30,99.1,98.99000000000001,False,False,False
22958,22961,22962,2023-03-27 15:15:00+05:30,2023-03-28 09:15:00+05:30,2023-03-28 09:20:00+05:30,99.2,98.96000000000001,True,False,False
22981,22983,22984,2023-03-28 10:55:00+05:30,2023-03-28 11:05:00+05:30,2023-03-28 11:10:00+05:30,99.05,99.06,False,False,False
22997,23000,23001,2023-03-28 12:15:00+05:30,2023-03-28 12:30:00+05:30,2023-03-28 12:35:00+05:30,99.25,99.1425,False,False,False
23018,23018,23019,2023-03-28 14:00:00+05:30,2023-03-28 14:00:00+05:30,2023-03-28 14:05:00+05:30,99.25,99.1875,False,False,False
23033,23035,23036,2023-03-28 15:15:00+05:30,2023-03-28 15:25:00+05:30,2023-03-29 09:15:00+05:30,98.9,98.995,True,True,False
23134,23135,23136,2023-03-31 11:10:00+05:30,2023-03-31 11:15:00+05:30,2023-03-31 11:20:00+05:30,101.45,101.41499999999999,False,False,False
23136,23136,23137,2023-03-31 11:20:00+05:30,2023-03-31 11:20:00+05:30,2023-03-31 11:25:00+05:30,101.5,101.4275,False,False,False
23142,23143,23144,2023-03-31 11:50:00+05:30,2023-03-31 11:55:00+05:30,2023-03-31 12:00:00+05:30,101.45,101.43249999999999,False,False,False
23145,23145,23146,2023-03-31 12:05:00+05:30,2023-03-31 12:05:00+05:30,2023-03-31 12:10:00+05:30,101.45,101.4175,False,False,False
23148,23150,23151,2023-03-31 12:20:00+05:30,2023-03-31 12:30:00+05:30,2023-03-31 12:35:00+05:30,101.4,101.39750000000001,False,False,False
23162,23164,23165,2023-03-31 13:30:00+05:30,2023-03-31 13:40:00+05:30,2023-03-31 13:45:00+05:30,101.4,101.3425,False,False,False
23169,23169,23170,2023-03-31 14:05:00+05:30,2023-03-31 14:05:00+05:30,2023-03-31 14:10:00+05:30,101.4,101.34,False,False,False
23177,23177,23178,2023-03-31 14:45:00+05:30,2023-03-31 14:45:00+05:30,2023-03-31 14:50:00+05:30,101.45,101.4,False,False,False
23184,23187,23188,2023-03-31 15:20:00+05:30,2023-04-03 09:20:00+05:30,2023-04-03 09:25:00+05:30,101.5,101.31500000000001,True,False,False
23225,23225,23226,2023-04-03 12:30:00+05:30,2023-04-03 12:30:00+05:30,2023-04-03 12:35:00+05:30,100.65,100.55,False,False,False
23234,23234,23235,2023-04-03 13:15:00+05:30,2023-04-03 13:15:00+05:30,2023-04-03 13:20:00+05:30,100.6,100.6325,False,False,False
23254,23256,23257,2023-04-03 14:55:00+05:30,2023-04-03 15:05:00+05:30,2023-04-03 15:10:00+05:30,100.45,100.45750000000001,False,False,False
23257,23257,23258,2023-04-03 15:10:00+05:30,2023-04-03 15:10:00+05:30,2023-04-03 15:15:00+05:30,100.5,100.42750000000001,False,False,False
23281,23281,23282,2023-04-05 10:55:00+05:30,2023-04-05 10:55:00+05:30,2023-04-05 11:00:00+05:30,100.55,100.10249999999999,False,False,False
23313,23314,23315,2023-04-05 13:35:00+05:30,2023-04-05 13:40:00+05:30,2023-04-05 13:45:00+05:30,101.0,100.97999999999999,False,False,False
23319,23319,23320,2023-04-05 14:05:00+05:30,2023-04-05 14:05:00+05:30,2023-04-05 14:10:00+05:30,101.05,101.005,False,False,False
23326,23327,23328,2023-04-05 14:40:00+05:30,2023-04-05 14:45:00+05:30,2023-04-05 14:50:00+05:30,101.0,101.015,False,False,False
23367,23367,23368,2023-04-06 11:50:00+05:30,2023-04-06 11:50:00+05:30,2023-04-06 11:55:00+05:30,101.3,101.2175,False,False,False
23369,23371,23372,2023-04-06 12:00:00+05:30,2023-04-06 12:10:00+05:30,2023-04-06 12:15:00+05:30,101.15,101.205,False,False,False
23374,23375,23376,2023-04-06 12:25:00+05:30,2023-04-06 12:30:00+05:30,2023-04-06 12:35:00+05:30,101.15,101.1825,False,False,False
23376,23376,23377,2023-04-06 12:35:00+05:30,2023-04-06 12:35:00+05:30,2023-04-06 12:40:00+05:30,101.2,101.1925,False,False,False
23378,23378,23379,2023-04-06 12:45:00+05:30,2023-04-06 12:45:00+05:30,2023-04-06 12:50:00+05:30,101.2,101.195,False,False,False
23406,23409,23410,2023-04-06 15:05:00+05:30,2023-04-06 15:20:00+05:30,2023-04-06 15:25:00+05:30,100.85,100.8025,False,False,False
23410,23410,23411,2023-04-06 15:25:00+05:30,2023-04-06 15:25:00+05:30,2023-04-10 09:15:00+05:30,100.9,100.80499999999999,True,True,False
23427,23427,23428,2023-04-10 10:35:00+05:30,2023-04-10 10:35:00+05:30,2023-04-10 10:40:00+05:30,101.3,101.22999999999999,False,False,False
23483,23486,23487,2023-04-10 15:15:00+05:30,2023-04-11 09:15:00+05:30,2023-04-11 09:20:00+05:30,101.95,101.5625,True,False,False
23487,23487,23488,2023-04-11 09:20:00+05:30,2023-04-11 09:20:00+05:30,2023-04-11 09:25:00+05:30,101.85,101.53999999999999,False,False,False
23489,23489,23490,2023-04-11 09:30:00+05:30,2023-04-11 09:30:00+05:30,2023-04-11 09:35:00+05:30,101.6,101.53999999999999,False,False,False
23490,23490,23491,2023-04-11 09:35:00+05:30,2023-04-11 09:35:00+05:30,2023-04-11 09:40:00+05:30,101.6,101.53999999999999,False,False,False
23526,23526,23527,2023-04-11 12:35:00+05:30,2023-04-11 12:35:00+05:30,2023-04-11 12:40:00+05:30,101.9,101.7,False,False,False
23528,23528,23529,2023-04-11 12:45:00+05:30,2023-04-11 12:45:00+05:30,2023-04-11 12:50:00+05:30,102.0,101.705,False,False,False
23603,23603,23604,2023-04-12 12:45:00+05:30,2023-04-12 12:45:00+05:30,2023-04-12 12:50:00+05:30,104.55,104.465,False,False,False
23618,23619,23620,2023-04-12 14:00:00+05:30,2023-04-12 14:05:00+05:30,2023-04-12 14:10:00+05:30,104.35,104.345,False,False,False
23620,23620,23621,2023-04-12 14:10:00+05:30,2023-04-12 14:10:00+05:30,2023-04-12 14:15:00+05:30,104.35,104.3425,False,False,False
23630,23632,23633,2023-04-12 15:00:00+05:30,2023-04-12 15:10:00+05:30,2023-04-12 15:15:00+05:30,104.15,104.12749999999998,False,False,False
23633,23633,23634,2023-04-12 15:15:00+05:30,2023-04-12 15:15:00+05:30,2023-04-12 15:20:00+05:30,104.1,104.10499999999999,False,False,False
23634,23635,23636,2023-04-12 15:20:00+05:30,2023-04-12 15:25:00+05:30,2023-04-13 09:15:00+05:30,103.9,104.08999999999999,True,True,False
23636,23636,23637,2023-04-13 09:15:00+05:30,2023-04-13 09:15:00+05:30,2023-04-13 09:20:00+05:30,104.55,104.0975,False,False,False
23711,23711,23712,2023-04-17 09:15:00+05:30,2023-04-17 09:15:00+05:30,2023-04-17 09:20:00+05:30,104.5,103.72999999999999,False,False,False
23768,23768,23769,2023-04-17 14:00:00+05:30,2023-04-17 14:00:00+05:30,2023-04-17 14:05:00+05:30,103.4,103.34,False,False,False
23775,23775,23776,2023-04-17 14:35:00+05:30,2023-04-17 14:35:00+05:30,2023-04-17 14:40:00+05:30,103.5,103.36749999999999,False,False,False
23776,23776,23777,2023-04-17 14:40:00+05:30,2023-04-17 14:40:00+05:30,2023-04-17 14:45:00+05:30,103.5,103.375,False,False,False
23784,23784,23785,2023-04-17 15:20:00+05:30,2023-04-17 15:20:00+05:30,2023-04-17 15:25:00+05:30,103.6,103.4675,False,False,False
23785,23785,23786,2023-04-17 15:25:00+05:30,2023-04-17 15:25:00+05:30,2023-04-18 09:15:00+05:30,103.6,103.4875,True,True,False
23809,23809,23810,2023-04-18 11:10:00+05:30,2023-04-18 11:10:00+05:30,2023-04-18 11:15:00+05:30,103.6,103.4375,False,False,False
23830,23830,23831,2023-04-18 12:55:00+05:30,2023-04-18 12:55:00+05:30,2023-04-18 13:00:00+05:30,103.8,103.755,False,False,False
23831,23832,23833,2023-04-18 13:00:00+05:30,2023-04-18 13:05:00+05:30,2023-04-18 13:10:00+05:30,103.75,103.75750000000001,False,False,False
23845,23845,23846,2023-04-18 14:10:00+05:30,2023-04-18 14:10:00+05:30,2023-04-18 14:15:00+05:30,103.7,103.61000000000001,False,False,False
23935,23938,23939,2023-04-19 15:25:00+05:30,2023-04-20 09:25:00+05:30,2023-04-20 09:30:00+05:30,104.75,104.7,True,False,False
23936,23937,23938,2023-04-20 09:15:00+05:30,2023-04-20 09:20:00+05:30,2023-04-20 09:25:00+05:30,104.8,104.665,False,False,False
23963,23963,23964,2023-04-20 11:30:00+05:30,2023-04-20 11:30:00+05:30,2023-04-20 11:35:00+05:30,104.65,104.44749999999999,False,False,False
23970,23970,23971,2023-04-20 12:05:00+05:30,2023-04-20 12:05:00+05:30,2023-04-20 12:10:00+05:30,104.45,104.48499999999999,False,False,False
23971,23971,23972,2023-04-20 12:10:00+05:30,2023-04-20 12:10:00+05:30,2023-04-20 12:15:00+05:30,104.55,104.49749999999999,False,False,False
23995,23996,23997,2023-04-20 14:10:00+05:30,2023-04-20 14:15:00+05:30,2023-04-20 14:20:00+05:30,104.35,104.2175,False,False,False
24001,24001,24002,2023-04-20 14:40:00+05:30,2023-04-20 14:40:00+05:30,2023-04-20 14:45:00+05:30,104.35,104.215,False,False,False
24004,24004,24005,2023-04-20 14:55:00+05:30,2023-04-20 14:55:00+05:30,2023-04-20 15:00:00+05:30,104.3,104.24750000000002,False,False,False
24005,24005,24006,2023-04-20 15:00:00+05:30,2023-04-20 15:00:00+05:30,2023-04-20 15:05:00+05:30,104.3,104.24749999999999,False,False,False
24061,24061,24062,2023-04-21 13:25:00+05:30,2023-04-21 13:25:00+05:30,2023-04-21 13:30:00+05:30,101.95,101.9625,False,False,False
24112,24113,24114,2023-04-24 11:25:00+05:30,2023-04-24 11:30:00+05:30,2023-04-24 11:35:00+05:30,102.65,102.7225,False,False,False
24134,24135,24136,2023-04-24 13:15:00+05:30,2023-04-24 13:20:00+05:30,2023-04-24 13:25:00+05:30,102.8,102.67749999999998,False,False,False
24155,24155,24156,2023-04-24 15:00:00+05:30,2023-04-24 15:00:00+05:30,2023-04-24 15:05:00+05:30,102.8,102.79249999999999,False,False,False
24161,24161,24162,2023-04-25 09:15:00+05:30,2023-04-25 09:15:00+05:30,2023-04-25 09:20:00+05:30,103.1,102.83500000000001,False,False,False
24202,24203,24204,2023-04-25 12:40:00+05:30,2023-04-25 12:45:00+05:30,2023-04-25 12:50:00+05:30,103.8,103.77000000000001,False,False,False
24208,24208,24209,2023-04-25 13:10:00+05:30,2023-04-25 13:10:00+05:30,2023-04-25 13:15:00+05:30,103.9,103.83250000000001,False,False,False
24224,24226,24227,2023-04-25 14:30:00+05:30,2023-04-25 14:40:00+05:30,2023-04-25 14:45:00+05:30,103.8,103.7675,False,False,False
24227,24227,24228,2023-04-25 14:45:00+05:30,2023-04-25 14:45:00+05:30,2023-04-25 14:50:00+05:30,103.9,103.75750000000001,False,False,False
24228,24228,24229,2023-04-25 14:50:00+05:30,2023-04-25 14:50:00+05:30,2023-04-25 14:55:00+05:30,103.8,103.755,False,False,False
24271,24274,24275,2023-04-26 12:10:00+05:30,2023-04-26 12:25:00+05:30,2023-04-26 12:30:00+05:30,103.15,103.11500000000001,False,False,False
24278,24278,24279,2023-04-26 12:45:00+05:30,2023-04-26 12:45:00+05:30,2023-04-26 12:50:00+05:30,103.2,103.1425,False,False,False
24286,24287,24288,2023-04-26 13:25:00+05:30,2023-04-26 13:30:00+05:30,2023-04-26 13:35:00+05:30,103.15,103.1125,False,False,False
24292,24292,24293,2023-04-26 13:55:00+05:30,2023-04-26 13:55:00+05:30,2023-04-26 14:00:00+05:30,103.25,103.16,False,False,False
24294,24294,24295,2023-04-26 14:05:00+05:30,2023-04-26 14:05:00+05:30,2023-04-26 14:10:00+05:30,103.4,103.17749999999998,False,False,False
24300,24301,24302,2023-04-26 14:35:00+05:30,2023-04-26 14:40:00+05:30,2023-04-26 14:45:00+05:30,103.2,103.19749999999999,False,False,False
24305,24305,24306,2023-04-26 15:00:00+05:30,2023-04-26 15:00:00+05:30,2023-04-26 15:05:00+05:30,103.25,103.21,False,False,False
24307,24308,24309,2023-04-26 15:10:00+05:30,2023-04-26 15:15:00+05:30,2023-04-26 15:20:00+05:30,103.25,103.2275,False,False,False
24309,24309,24310,2023-04-26 15:20:00+05:30,2023-04-26 15:20:00+05:30,2023-04-26 15:25:00+05:30,103.3,103.24000000000001,False,False,False
24310,24310,24311,2023-04-26 15:25:00+05:30,2023-04-26 15:25:00+05:30,2023-04-27 09:15:00+05:30,102.7,103.24749999999999,True,True,False
24372,24372,24373,2023-04-27 14:20:00+05:30,2023-04-27 14:20:00+05:30,2023-04-27 14:25:00+05:30,103.95,103.93500000000002,False,False,False
24380,24380,24381,2023-04-27 15:00:00+05:30,2023-04-27 15:00:00+05:30,2023-04-27 15:05:00+05:30,104.0,103.9725,False,False,False
24381,24381,24382,2023-04-27 15:05:00+05:30,2023-04-27 15:05:00+05:30,2023-04-27 15:10:00+05:30,104.0,103.975,False,False,False
24382,24382,24383,2023-04-27 15:10:00+05:30,2023-04-27 15:10:00+05:30,2023-04-27 15:15:00+05:30,104.1,103.97999999999999,False,False,False
24385,24385,24386,2023-04-27 15:25:00+05:30,2023-04-27 15:25:00+05:30,2023-04-28 09:15:00+05:30,104.2,104.0,True,True,False
24416,24416,24417,2023-04-28 11:45:00+05:30,2023-04-28 11:45:00+05:30,2023-04-28 11:50:00+05:30,104.1,104.075,False,False,False
24420,24420,24421,2023-04-28 12:05:00+05:30,2023-04-28 12:05:00+05:30,2023-04-28 12:10:00+05:30,104.2,104.0625,False,False,False
24421,24421,24422,2023-04-28 12:10:00+05:30,2023-04-28 12:10:00+05:30,2023-04-28 12:15:00+05:30,104.1,104.07000000000001,False,False,False
24443,24446,24447,2023-04-28 14:00:00+05:30,2023-04-28 14:15:00+05:30,2023-04-28 14:20:00+05:30,104.0,103.925,False,False,False
24452,24454,24455,2023-04-28 14:45:00+05:30,2023-04-28 14:55:00+05:30,2023-04-28 15:00:00+05:30,104.0,103.9,False,False,False
24524,24524,24525,2023-05-02 14:30:00+05:30,2023-05-02 14:30:00+05:30,2023-05-02 14:35:00+05:30,107.2,106.8175,False,False,False
24578,24578,24579,2023-05-03 12:45:00+05:30,2023-05-03 12:45:00+05:30,2023-05-03 12:50:00+05:30,106.05,105.97999999999999,False,False,False
24580,24580,24581,2023-05-03 12:55:00+05:30,2023-05-03 12:55:00+05:30,2023-05-03 13:00:00+05:30,105.9,105.9825,False,False,False
24584,24584,24585,2023-05-03 13:15:00+05:30,2023-05-03 13:15:00+05:30,2023-05-03 13:20:00+05:30,106.1,105.9825,False,False,False
24599,24599,24600,2023-05-03 14:30:00+05:30,2023-05-03 14:30:00+05:30,2023-05-03 14:35:00+05:30,106.0,105.85499999999999,False,False,False
24611,24611,24612,2023-05-04 09:15:00+05:30,2023-05-04 09:15:00+05:30,2023-05-04 09:20:00+05:30,106.95,105.92250000000001,False,False,False
24670,24671,24672,2023-05-04 14:10:00+05:30,2023-05-04 14:15:00+05:30,2023-05-04 14:20:00+05:30,107.45,107.3975,False,False,False
24671,24674,24675,2023-05-04 14:15:00+05:30,2023-05-04 14:30:00+05:30,2023-05-04 14:35:00+05:30,107.4,107.41,False,False,False
24680,24680,24681,2023-05-04 15:00:00+05:30,2023-05-04 15:00:00+05:30,2023-05-04 15:05:00+05:30,107.5,107.42,False,False,False
24743,24746,24747,2023-05-05 14:00:00+05:30,2023-05-05 14:15:00+05:30,2023-05-05 14:20:00+05:30,105.4,105.295,False,False,False
24748,24748,24749,2023-05-05 14:25:00+05:30,2023-05-05 14:25:00+05:30,2023-05-05 14:30:00+05:30,105.25,105.29750000000001,False,False,False
24759,24762,24763,2023-05-05 15:20:00+05:30,2023-05-08 09:20:00+05:30,2023-05-08 09:25:00+05:30,105.4,105.2,True,False,False
24821,24822,24823,2023-05-08 14:15:00+05:30,2023-05-08 14:20:00+05:30,2023-05-08 14:25:00+05:30,105.95,105.905,False,False,False
24829,24831,24832,2023-05-08 14:55:00+05:30,2023-05-08 15:05:00+05:30,2023-05-08 15:10:00+05:30,105.9,105.84,False,False,False
24832,24832,24833,2023-05-08 15:10:00+05:30,2023-05-08 15:10:00+05:30,2023-05-08 15:15:00+05:30,105.85,105.835,False,False,False
24902,24902,24903,2023-05-09 14:45:00+05:30,2023-05-09 14:45:00+05:30,2023-05-09 14:50:00+05:30,105.9,105.835,False,False,False
24908,24909,24910,2023-05-09 15:15:00+05:30,2023-05-09 15:20:00+05:30,2023-05-09 15:25:00+05:30,105.9,105.83250000000001,False,False,False
24946,24946,24947,2023-05-10 12:10:00+05:30,2023-05-10 12:10:00+05:30,2023-05-10 12:15:00+05:30,105.45,105.37,False,False,False
24947,24947,24948,2023-05-10 12:15:00+05:30,2023-05-10 12:15:00+05:30,2023-05-10 12:20:00+05:30,105.4,105.37,False,False,False
24948,24948,24949,2023-05-10 12:20:00+05:30,2023-05-10 12:20:00+05:30,2023-05-10 12:25:00+05:30,105.4,105.375,False,False,False
24952,24952,24953,2023-05-10 12:40:00+05:30,2023-05-10 12:40:00+05:30,2023-05-10 12:45:00+05:30,105.4,105.3925,False,False,False
24969,24970,24971,2023-05-10 14:05:00+05:30,2023-05-10 14:10:00+05:30,2023-05-10 14:15:00+05:30,105.25,105.22749999999999,False,False,False
24971,24971,24972,2023-05-10 14:15:00+05:30,2023-05-10 14:15:00+05:30,2023-05-10 14:20:00+05:30,105.35,105.2125,False,False,False
24986,24986,24987,2023-05-11 09:15:00+05:30,2023-05-11 09:15:00+05:30,2023-05-11 09:20:00+05:30,105.85,105.46,False,False,False
25055,25056,25057,2023-05-11 15:00:00+05:30,2023-05-11 15:05:00+05:30,2023-05-11 15:10:00+05:30,105.05,105.0375,False,False,False
25057,25059,25060,2023-05-11 15:10:00+05:30,2023-05-11 15:20:00+05:30,2023-05-11 15:25:00+05:30,105.05,105.0225,False,False,False
25060,25060,25061,2023-05-11 15:25:00+05:30,2023-05-11 15:25:00+05:30,2023-05-12 09:15:00+05:30,104.75,104.99249999999999,True,True,False
25194,25194,25195,2023-05-15 14:05:00+05:30,2023-05-15 14:05:00+05:30,2023-05-15 14:10:00+05:30,104.25,104.245,False,False,False
25195,25195,25196,2023-05-15 14:10:00+05:30,2023-05-15 14:10:00+05:30,2023-05-15 14:15:00+05:30,104.4,104.25750000000001,False,False,False
25201,25203,25204,2023-05-15 14:40:00+05:30,2023-05-15 14:50:00+05:30,2023-05-15 14:55:00+05:30,104.25,104.26500000000001,False,False,False
25204,25204,25205,2023-05-15 14:55:00+05:30,2023-05-15 14:55:00+05:30,2023-05-15 15:00:00+05:30,104.3,104.27000000000001,False,False,False
25208,25211,25212,2023-05-15 15:15:00+05:30,2023-05-16 09:15:00+05:30,2023-05-16 09:20:00+05:30,104.45,104.25250000000001,True,False,False
25212,25213,25214,2023-05-16 09:20:00+05:30,2023-05-16 09:25:00+05:30,2023-05-16 09:30:00+05:30,104.3,104.23499999999999,False,False,False
25258,25258,25259,2023-05-16 13:10:00+05:30,2023-05-16 13:10:00+05:30,2023-05-16 13:15:00+05:30,104.05,103.8625,False,False,False
25273,25276,25277,2023-05-16 14:25:00+05:30,2023-05-16 14:40:00+05:30,2023-05-16 14:45:00+05:30,104.1,104.03500000000001,False,False,False
25355,25355,25356,2023-05-17 15:00:00+05:30,2023-05-17 15:00:00+05:30,2023-05-17 15:05:00+05:30,102.3,102.3325,False,False,False
25356,25356,25357,2023-05-17 15:05:00+05:30,2023-05-17 15:05:00+05:30,2023-05-17 15:10:00+05:30,102.5,102.3475,False,False,False
25358,25359,25360,2023-05-17 15:15:00+05:30,2023-05-17 15:20:00+05:30,2023-05-17 15:25:00+05:30,102.35,102.37,False,False,False
25360,25360,25361,2023-05-17 15:25:00+05:30,2023-05-17 15:25:00+05:30,2023-05-18 09:15:00+05:30,102.9,102.395,True,True,False
25508,25508,25509,2023-05-19 15:15:00+05:30,2023-05-19 15:15:00+05:30,2023-05-19 15:20:00+05:30,101.0,100.955,False,False,False
25509,25509,25510,2023-05-19 15:20:00+05:30,2023-05-19 15:20:00+05:30,2023-05-19 15:25:00+05:30,101.0,100.975,False,False,False
25510,25510,25511,2023-05-19 15:25:00+05:30,2023-05-19 15:25:00+05:30,2023-05-22 09:15:00+05:30,101.4,101.0,True,True,False
25511,25512,25513,2023-05-22 09:15:00+05:30,2023-05-22 09:20:00+05:30,2023-05-22 09:25:00+05:30,101.2,101.0125,False,False,False
25533,25533,25534,2023-05-22 11:05:00+05:30,2023-05-22 11:05:00+05:30,2023-05-22 11:10:00+05:30,101.3,101.285,False,False,False
25536,25536,25537,2023-05-22 11:20:00+05:30,2023-05-22 11:20:00+05:30,2023-05-22 11:25:00+05:30,101.35,101.285,False,False,False
25540,25540,25541,2023-05-22 11:40:00+05:30,2023-05-22 11:40:00+05:30,2023-05-22 11:45:00+05:30,101.4,101.275,False,False,False
25545,25546,25547,2023-05-22 12:05:00+05:30,2023-05-22 12:10:00+05:30,2023-05-22 12:15:00+05:30,101.35,101.3,False,False,False
25566,25566,25567,2023-05-22 13:50:00+05:30,2023-05-22 13:50:00+05:30,2023-05-22 13:55:00+05:30,101.35,101.1625,False,False,False
25583,25585,25586,2023-05-22 15:15:00+05:30,2023-05-22 15:25:00+05:30,2023-05-23 09:15:00+05:30,101.5,101.36999999999999,True,True,False
25587,25587,25588,2023-05-23 09:20:00+05:30,2023-05-23 09:20:00+05:30,2023-05-23 09:25:00+05:30,101.5,101.42,False,False,False
25588,25588,25589,2023-05-23 09:25:00+05:30,2023-05-23 09:25:00+05:30,2023-05-23 09:30:00+05:30,101.55,101.42,False,False,False
25643,25643,25644,2023-05-23 14:00:00+05:30,2023-05-23 14:00:00+05:30,2023-05-23 14:05:00+05:30,102.35,102.215,False,False,False
25644,25644,25645,2023-05-23 14:05:00+05:30,2023-05-23 14:05:00+05:30,2023-05-23 14:10:00+05:30,102.3,102.2225,False,False,False
25649,25649,25650,2023-05-23 14:30:00+05:30,2023-05-23 14:30:00+05:30,2023-05-23 14:35:00+05:30,102.25,102.2375,False,False,False
25655,25656,25657,2023-05-23 15:00:00+05:30,2023-05-23 15:05:00+05:30,2023-05-23 15:10:00+05:30,102.2,102.1775,False,False,False
25692,25692,25693,2023-05-24 11:50:00+05:30,2023-05-24 11:50:00+05:30,2023-05-24 11:55:00+05:30,101.9,101.85,False,False,False
25694,25695,25696,2023-05-24 12:00:00+05:30,2023-05-24 12:05:00+05:30,2023-05-24 12:10:00+05:30,101.9,101.865,False,False,False
25697,25697,25698,2023-05-24 12:15:00+05:30,2023-05-24 12:15:00+05:30,2023-05-24 12:20:00+05:30,102.05,101.885,False,False,False
25709,25712,25713,2023-05-24 13:15:00+05:30,2023-05-24 13:30:00+05:30,2023-05-24 13:35:00+05:30,101.9,101.84,False,False,False
25713,25713,25714,2023-05-24 13:35:00+05:30,2023-05-24 13:35:00+05:30,2023-05-24 13:40:00+05:30,101.85,101.80499999999999,False,False,False
25719,25719,25720,2023-05-24 14:05:00+05:30,2023-05-24 14:05:00+05:30,2023-05-24 14:10:00+05:30,101.85,101.7325,False,False,False
25731,25732,25733,2023-05-24 15:05:00+05:30,2023-05-24 15:10:00+05:30,2023-05-24 15:15:00+05:30,101.65,101.6975,False,False,False
25776,25776,25777,2023-05-25 12:35:00+05:30,2023-05-25 12:35:00+05:30,2023-05-25 12:40:00+05:30,101.0,100.94500000000001,False,False,False
25792,25795,25796,2023-05-25 13:55:00+05:30,2023-05-25 14:10:00+05:30,2023-05-25 14:15:00+05:30,100.95,100.91,False,False,False
25794,25794,25795,2023-05-25 14:05:00+05:30,2023-05-25 14:05:00+05:30,2023-05-25 14:10:00+05:30,100.85,100.89750000000001,False,False,False
25796,25796,25797,2023-05-25 14:15:00+05:30,2023-05-25 14:15:00+05:30,2023-05-25 14:20:00+05:30,100.95,100.8925,False,False,False
25797,25797,25798,2023-05-25 14:20:00+05:30,2023-05-25 14:20:00+05:30,2023-05-25 14:25:00+05:30,100.95,100.8925,False,False,False
25798,25798,25799,2023-05-25 14:25:00+05:30,2023-05-25 14:25:00+05:30,2023-05-25 14:30:00+05:30,100.95,100.89500000000001,False,False,False
25799,25799,25800,2023-05-25 14:30:00+05:30,2023-05-25 14:30:00+05:30,2023-05-25 14:35:00+05:30,100.9,100.8925,False,False,False
25821,25822,25823,2023-05-26 10:05:00+05:30,2023-05-26 10:10:00+05:30,2023-05-26 10:15:00+05:30,101.6,101.44749999999999,False,False,False
25824,25824,25825,2023-05-26 10:20:00+05:30,2023-05-26 10:20:00+05:30,2023-05-26 10:25:00+05:30,101.75,101.5575,False,False,False
25833,25833,25834,2023-05-26 11:05:00+05:30,2023-05-26 11:05:00+05:30,2023-05-26 11:10:00+05:30,101.75,101.63250000000001,False,False,False
25863,25863,25864,2023-05-26 13:35:00+05:30,2023-05-26 13:35:00+05:30,2023-05-26 13:40:00+05:30,102.65,102.365,False,False,False
25874,25875,25876,2023-05-26 14:30:00+05:30,2023-05-26 14:35:00+05:30,2023-05-26 14:40:00+05:30,102.65,102.58250000000001,False,False,False
25879,25879,25880,2023-05-26 14:55:00+05:30,2023-05-26 14:55:00+05:30,2023-05-26 15:00:00+05:30,102.8,102.64750000000001,False,False,False
25882,25882,25883,2023-05-26 15:10:00+05:30,2023-05-26 15:10:00+05:30,2023-05-26 15:15:00+05:30,102.75,102.705,False,False,False
25883,25883,25884,2023-05-26 15:15:00+05:30,2023-05-26 15:15:00+05:30,2023-05-26 15:20:00+05:30,102.75,102.7125,False,False,False
25884,25884,25885,2023-05-26 15:20:00+05:30,2023-05-26 15:20:00+05:30,2023-05-26 15:25:00+05:30,102.8,102.72,False,False,False
25890,25890,25891,2023-05-29 09:35:00+05:30,2023-05-29 09:35:00+05:30,2023-05-29 09:40:00+05:30,102.95,102.8075,False,False,False
25945,25946,25947,2023-05-29 14:10:00+05:30,2023-05-29 14:15:00+05:30,2023-05-29 14:20:00+05:30,105.0,104.97250000000001,False,False,False
25975,25975,25976,2023-05-30 10:25:00+05:30,2023-05-30 10:25:00+05:30,2023-05-30 10:30:00+05:30,104.65,104.53249999999998,False,False,False
25987,25987,25988,2023-05-30 11:25:00+05:30,2023-05-30 11:25:00+05:30,2023-05-30 11:30:00+05:30,104.5,104.47,False,False,False
26068,26068,26069,2023-05-31 11:55:00+05:30,2023-05-31 11:55:00+05:30,2023-05-31 12:00:00+05:30,103.15,103.025,False,False,False
26070,26070,26071,2023-05-31 12:05:00+05:30,2023-05-31 12:05:00+05:30,2023-05-31 12:10:00+05:30,103.05,103.0375,False,False,False
26076,26076,26077,2023-05-31 12:35:00+05:30,2023-05-31 12:35:00+05:30,2023-05-31 12:40:00+05:30,103.2,103.1525,False,False,False
26109,26112,26113,2023-05-31 15:20:00+05:30,2023-06-01 09:20:00+05:30,2023-06-01 09:25:00+05:30,102.7,102.6425,True,False,False
26110,26111,26112,2023-05-31 15:25:00+05:30,2023-06-01 09:15:00+05:30,2023-06-01 09:20:00+05:30,102.6,102.5925,True,False,False
26137,26137,26138,2023-06-01 11:25:00+05:30,2023-06-01 11:25:00+05:30,2023-06-01 11:30:00+05:30,102.65,102.5275,False,False,False
26145,26147,26148,2023-06-01 12:05:00+05:30,2023-06-01 12:15:00+05:30,2023-06-01 12:20:00+05:30,102.65,102.57750000000001,False,False,False
26148,26149,26150,2023-06-01 12:20:00+05:30,2023-06-01 12:25:00+05:30,2023-06-01 12:30:00+05:30,102.6,102.5925,False,False,False
26183,26186,26187,2023-06-01 15:15:00+05:30,2023-06-02 09:15:00+05:30,2023-06-02 09:20:00+05:30,103.4,102.42750000000001,True,False,False
26208,26208,26209,2023-06-02 11:05:00+05:30,2023-06-02 11:05:00+05:30,2023-06-02 11:10:00+05:30,103.4,103.39000000000001,False,False,False
26215,26215,26216,2023-06-02 11:40:00+05:30,2023-06-02 11:40:00+05:30,2023-06-02 11:45:00+05:30,103.4,103.33250000000001,False,False,False
26221,26221,26222,2023-06-02 12:10:00+05:30,2023-06-02 12:10:00+05:30,2023-06-02 12:15:00+05:30,103.5,103.3625,False,False,False
26225,26226,26227,2023-06-02 12:30:00+05:30,2023-06-02 12:35:00+05:30,2023-06-02 12:40:00+05:30,103.4,103.3875,False,False,False
26236,26239,26240,2023-06-02 13:25:00+05:30,2023-06-02 13:40:00+05:30,2023-06-02 13:45:00+05:30,103.45,103.3925,False,False,False
26243,26243,26244,2023-06-02 14:00:00+05:30,2023-06-02 14:00:00+05:30,2023-06-02 14:05:00+05:30,103.4,103.375,False,False,False
26244,26244,26245,2023-06-02 14:05:00+05:30,2023-06-02 14:05:00+05:30,2023-06-02 14:10:00+05:30,103.4,103.37249999999999,False,False,False
26245,26245,26246,2023-06-02 14:10:00+05:30,2023-06-02 14:10:00+05:30,2023-06-02 14:15:00+05:30,103.4,103.375,False,False,False
26247,26247,26248,2023-06-02 14:20:00+05:30,2023-06-02 14:20:00+05:30,2023-06-02 14:25:00+05:30,103.4,103.375,False,False,False
26248,26248,26249,2023-06-02 14:25:00+05:30,2023-06-02 14:25:00+05:30,2023-06-02 14:30:00+05:30,103.35,103.37750000000001,False,False,False
26249,26249,26250,2023-06-02 14:30:00+05:30,2023-06-02 14:30:00+05:30,2023-06-02 14:35:00+05:30,103.35,103.37750000000001,False,False,False
26250,26250,26251,2023-06-02 14:35:00+05:30,2023-06-02 14:35:00+05:30,2023-06-02 14:40:00+05:30,104.05,103.4075,False,False,False
26281,26281,26282,2023-06-05 10:55:00+05:30,2023-06-05 10:55:00+05:30,2023-06-05 11:00:00+05:30,104.8,104.45,False,False,False
26336,26336,26337,2023-06-06 09:15:00+05:30,2023-06-06 09:15:00+05:30,2023-06-06 09:20:00+05:30,105.7,105.6625,False,False,False
26394,26394,26395,2023-06-06 14:05:00+05:30,2023-06-06 14:05:00+05:30,2023-06-06 14:10:00+05:30,105.35,105.36000000000001,False,False,False
26396,26396,26397,2023-06-06 14:15:00+05:30,2023-06-06 14:15:00+05:30,2023-06-06 14:20:00+05:30,105.4,105.38250000000001,False,False,False
26404,26405,26406,2023-06-06 14:55:00+05:30,2023-06-06 15:00:00+05:30,2023-06-06 15:05:00+05:30,105.45,105.33,False,False,False
26418,26418,26419,2023-06-07 09:50:00+05:30,2023-06-07 09:50:00+05:30,2023-06-07 09:55:00+05:30,105.5,105.4425,False,False,False
26444,26444,26445,2023-06-07 12:00:00+05:30,2023-06-07 12:00:00+05:30,2023-06-07 12:05:00+05:30,105.75,105.70750000000001,False,False,False
26453,26454,26455,2023-06-07 12:45:00+05:30,2023-06-07 12:50:00+05:30,2023-06-07 12:55:00+05:30,105.7,105.6525,False,False,False
26540,26540,26541,2023-06-08 13:45:00+05:30,2023-06-08 13:45:00+05:30,2023-06-08 13:50:00+05:30,107.75,107.7,False,False,False
26630,26631,26632,2023-06-09 15:00:00+05:30,2023-06-09 15:05:00+05:30,2023-06-09 15:10:00+05:30,105.45,105.3925,False,False,False
26632,26635,26636,2023-06-09 15:10:00+05:30,2023-06-09 15:25:00+05:30,2023-06-12 09:15:00+05:30,105.55,105.37,True,True,False
26690,26690,26691,2023-06-12 13:45:00+05:30,2023-06-12 13:45:00+05:30,2023-06-12 13:50:00+05:30,106.4,106.3575,False,False,False
26708,26711,26712,2023-06-12 15:15:00+05:30,2023-06-13 09:15:00+05:30,2023-06-13 09:20:00+05:30,106.5,106.0625,True,False,False
26778,26778,26779,2023-06-13 14:50:00+05:30,2023-06-13 14:50:00+05:30,2023-06-13 14:55:00+05:30,107.65,107.545,False,False,False
26780,26780,26781,2023-06-13 15:00:00+05:30,2023-06-13 15:00:00+05:30,2023-06-13 15:05:00+05:30,107.6,107.53500000000001,False,False,False
26783,26786,26787,2023-06-13 15:15:00+05:30,2023-06-14 09:15:00+05:30,2023-06-14 09:20:00+05:30,108.7,107.52000000000001,True,False,False
26831,26833,26834,2023-06-14 13:00:00+05:30,2023-06-14 13:10:00+05:30,2023-06-14 13:15:00+05:30,109.45,109.4825,False,False,False
26834,26835,26836,2023-06-14 13:15:00+05:30,2023-06-14 13:20:00+05:30,2023-06-14 13:25:00+05:30,109.55,109.4425,False,False,False
26855,26857,26858,2023-06-14 15:00:00+05:30,2023-06-14 15:10:00+05:30,2023-06-14 15:15:00+05:30,110.2,110.10500000000002,False,False,False
26858,26858,26859,2023-06-14 15:15:00+05:30,2023-06-14 15:15:00+05:30,2023-06-14 15:20:00+05:30,110.35,110.16000000000001,False,False,False
26860,26861,26862,2023-06-14 15:25:00+05:30,2023-06-15 09:15:00+05:30,2023-06-15 09:20:00+05:30,110.35,110.16000000000001,True,False,False
26898,26898,26899,2023-06-15 12:20:00+05:30,2023-06-15 12:20:00+05:30,2023-06-15 12:25:00+05:30,110.2,110.025,False,False,False
26929,26930,26931,2023-06-15 14:55:00+05:30,2023-06-15 15:00:00+05:30,2023-06-15 15:05:00+05:30,110.25,110.1925,False,False,False
26931,26931,26932,2023-06-15 15:05:00+05:30,2023-06-15 15:05:00+05:30,2023-06-15 15:10:00+05:30,110.2,110.18500000000002,False,False,False
26932,26932,26933,2023-06-15 15:10:00+05:30,2023-06-15 15:10:00+05:30,2023-06-15 15:15:00+05:30,110.2,110.17,False,False,False
26933,26936,26937,2023-06-15 15:15:00+05:30,2023-06-16 09:15:00+05:30,2023-06-16 09:20:00+05:30,111.05,110.15,True,False,False
26934,26934,26935,2023-06-15 15:20:00+05:30,2023-06-15 15:20:00+05:30,2023-06-15 15:25:00+05:30,110.15,110.1375,False,False,False
26964,26967,26968,2023-06-16 11:35:00+05:30,2023-06-16 11:50:00+05:30,2023-06-16 11:55:00+05:30,110.7,110.52749999999999,False,False,False
26966,26966,26967,2023-06-16 11:45:00+05:30,2023-06-16 11:45:00+05:30,2023-06-16 11:50:00+05:30,110.5,110.48749999999998,False,False,False
26985,26985,26986,2023-06-16 13:20:00+05:30,2023-06-16 13:20:00+05:30,2023-06-16 13:25:00+05:30,110.65,110.58500000000001,False,False,False
26995,26998,26999,2023-06-16 14:10:00+05:30,2023-06-16 14:25:00+05:30,2023-06-16 14:30:00+05:30,110.65,110.5625,False,False,False
27000,27000,27001,2023-06-16 14:35:00+05:30,2023-06-16 14:35:00+05:30,2023-06-16 14:40:00+05:30,110.55,110.575,False,False,False
27001,27001,27002,2023-06-16 14:40:00+05:30,2023-06-16 14:40:00+05:30,2023-06-16 14:45:00+05:30,110.7,110.57750000000001,False,False,False
27008,27009,27010,2023-06-16 15:15:00+05:30,2023-06-16 15:20:00+05:30,2023-06-16 15:25:00+05:30,110.6,110.58250000000001,False,False,False
27010,27010,27011,2023-06-16 15:25:00+05:30,2023-06-16 15:25:00+05:30,2023-06-19 09:15:00+05:30,111.85,110.5925,True,True,False
27075,27075,27076,2023-06-19 14:35:00+05:30,2023-06-19 14:35:00+05:30,2023-06-19 14:40:00+05:30,110.0,109.85,False,False,False
27086,27086,27087,2023-06-20 09:15:00+05:30,2023-06-20 09:15:00+05:30,2023-06-20 09:20:00+05:30,110.3,110.15,False,False,False
27129,27129,27130,2023-06-20 12:50:00+05:30,2023-06-20 12:50:00+05:30,2023-06-20 12:55:00+05:30,111.15,111.01000000000002,False,False,False
27130,27130,27131,2023-06-20 12:55:00+05:30,2023-06-20 12:55:00+05:30,2023-06-20 13:00:00+05:30,111.05,110.99499999999998,False,False,False
27157,27160,27161,2023-06-20 15:10:00+05:30,2023-06-20 15:25:00+05:30,2023-06-21 09:15:00+05:30,111.3,110.78,True,True,False
27219,27219,27220,2023-06-21 14:05:00+05:30,2023-06-21 14:05:00+05:30,2023-06-21 14:10:00+05:30,110.1,110.13250000000001,False,False,False
27230,27230,27231,2023-06-21 15:00:00+05:30,2023-06-21 15:00:00+05:30,2023-06-21 15:05:00+05:30,110.25,110.04249999999999,False,False,False
27273,27274,27275,2023-06-22 12:20:00+05:30,2023-06-22 12:25:00+05:30,2023-06-22 12:30:00+05:30,107.75,107.73499999999999,False,False,False
27275,27276,27277,2023-06-22 12:30:00+05:30,2023-06-22 12:35:00+05:30,2023-06-22 12:40:00+05:30,107.75,107.705,False,False,False
27282,27283,27284,2023-06-22 13:05:00+05:30,2023-06-22 13:10:00+05:30,2023-06-22 13:15:00+05:30,107.65,107.58,False,False,False
27350,27350,27351,2023-06-23 12:30:00+05:30,2023-06-23 12:30:00+05:30,2023-06-23 12:35:00+05:30,106.7,106.5,False,False,False
27412,27412,27413,2023-06-26 11:25:00+05:30,2023-06-26 11:25:00+05:30,2023-06-26 11:30:00+05:30,105.2,104.93499999999999,False,False,False
27454,27454,27455,2023-06-26 14:55:00+05:30,2023-06-26 14:55:00+05:30,2023-06-26 15:00:00+05:30,105.55,105.405,False,False,False
27493,27493,27494,2023-06-27 11:55:00+05:30,2023-06-27 11:55:00+05:30,2023-06-27 12:00:00+05:30,107.65,107.44749999999999,False,False,False
27497,27497,27498,2023-06-27 12:15:00+05:30,2023-06-27 12:15:00+05:30,2023-06-27 12:20:00+05:30,107.5,107.4625,False,False,False
27528,27529,27530,2023-06-27 14:50:00+05:30,2023-06-27 14:55:00+05:30,2023-06-27 15:00:00+05:30,106.85,106.8575,False,False,False
27558,27558,27559,2023-06-28 11:05:00+05:30,2023-06-28 11:05:00+05:30,2023-06-28 11:10:00+05:30,108.0,107.83,False,False,False
27588,27588,27589,2023-06-28 13:35:00+05:30,2023-06-28 13:35:00+05:30,2023-06-28 13:40:00+05:30,108.0,107.9325,False,False,False
27589,27589,27590,2023-06-28 13:40:00+05:30,2023-06-28 13:40:00+05:30,2023-06-28 13:45:00+05:30,107.95,107.925,False,False,False
27590,27590,27591,2023-06-28 13:45:00+05:30,2023-06-28 13:45:00+05:30,2023-06-28 13:50:00+05:30,108.0,107.925,False,False,False
27602,27602,27603,2023-06-28 14:45:00+05:30,2023-06-28 14:45:00+05:30,2023-06-28 14:50:00+05:30,108.0,107.98499999999999,False,False,False
27605,27607,27608,2023-06-28 15:00:00+05:30,2023-06-28 15:10:00+05:30,2023-06-28 15:15:00+05:30,108.05,107.97250000000001,False,False,False
27608,27608,27609,2023-06-28 15:15:00+05:30,2023-06-28 15:15:00+05:30,2023-06-28 15:20:00+05:30,108.05,107.97999999999999,False,False,False
27610,27610,27611,2023-06-28 15:25:00+05:30,2023-06-28 15:25:00+05:30,2023-06-30 09:15:00+05:30,108.0,107.99000000000001,True,True,False
27623,27623,27624,2023-06-30 10:15:00+05:30,2023-06-30 10:15:00+05:30,2023-06-30 10:20:00+05:30,107.85,107.67,False,False,False
27654,27654,27655,2023-06-30 12:50:00+05:30,2023-06-30 12:50:00+05:30,2023-06-30 12:55:00+05:30,108.3,108.16,False,False,False
27680,27681,27682,2023-06-30 15:00:00+05:30,2023-06-30 15:05:00+05:30,2023-06-30 15:10:00+05:30,108.4,108.3375,False,False,False
27682,27682,27683,2023-06-30 15:10:00+05:30,2023-06-30 15:10:00+05:30,2023-06-30 15:15:00+05:30,108.4,108.33999999999999,False,False,False
27683,27683,27684,2023-06-30 15:15:00+05:30,2023-06-30 15:15:00+05:30,2023-06-30 15:20:00+05:30,108.5,108.3525,False,False,False
27685,27686,27687,2023-06-30 15:25:00+05:30,2023-07-03 09:15:00+05:30,2023-07-03 09:20:00+05:30,109.1,108.35499999999999,True,False,False
27740,27741,27742,2023-07-03 13:45:00+05:30,2023-07-03 13:50:00+05:30,2023-07-03 13:55:00+05:30,109.75,109.705,False,False,False
27745,27745,27746,2023-07-03 14:10:00+05:30,2023-07-03 14:10:00+05:30,2023-07-03 14:15:00+05:30,109.8,109.69750000000002,False,False,False
27752,27754,27755,2023-07-03 14:45:00+05:30,2023-07-03 14:55:00+05:30,2023-07-03 15:00:00+05:30,109.65,109.69250000000002,False,False,False
27755,27755,27756,2023-07-03 15:00:00+05:30,2023-07-03 15:00:00+05:30,2023-07-03 15:05:00+05:30,109.7,109.6925,False,False,False
27787,27787,27788,2023-07-04 11:25:00+05:30,2023-07-04 11:25:00+05:30,2023-07-04 11:30:00+05:30,109.15,108.9,False,False,False
27833,27836,27837,2023-07-04 15:15:00+05:30,2023-07-05 09:15:00+05:30,2023-07-05 09:20:00+05:30,109.55,108.87749999999998,True,False,False
27852,27854,27855,2023-07-05 10:35:00+05:30,2023-07-05 10:45:00+05:30,2023-07-05 10:50:00+05:30,109.35,109.31500000000001,False,False,False
27865,27865,27866,2023-07-05 11:40:00+05:30,2023-07-05 11:40:00+05:30,2023-07-05 11:45:00+05:30,109.8,109.3525,False,False,False
27869,27869,27870,2023-07-05 12:00:00+05:30,2023-07-05 12:00:00+05:30,2023-07-05 12:05:00+05:30,109.4,109.37750000000001,False,False,False
27900,27900,27901,2023-07-05 14:35:00+05:30,2023-07-05 14:35:00+05:30,2023-07-05 14:40:00+05:30,109.2,109.14000000000001,False,False,False
27910,27910,27911,2023-07-05 15:25:00+05:30,2023-07-05 15:25:00+05:30,2023-07-06 09:15:00+05:30,108.4,109.25250000000001,True,True,False
27922,27924,27925,2023-07-06 10:10:00+05:30,2023-07-06 10:20:00+05:30,2023-07-06 10:25:00+05:30,108.9,108.595,False,False,False
27941,27941,27942,2023-07-06 11:45:00+05:30,2023-07-06 11:45:00+05:30,2023-07-06 11:50:00+05:30,108.5,108.50999999999999,False,False,False
27952,27955,27956,2023-07-06 12:40:00+05:30,2023-07-06 12:55:00+05:30,2023-07-06 13:00:00+05:30,108.5,108.4025,False,False,False
27964,27964,27965,2023-07-06 13:40:00+05:30,2023-07-06 13:40:00+05:30,2023-07-06 13:45:00+05:30,108.55,108.51499999999999,False,False,False
27965,27965,27966,2023-07-06 13:45:00+05:30,2023-07-06 13:45:00+05:30,2023-07-06 13:50:00+05:30,108.6,108.52749999999999,False,False,False
27986,27986,27987,2023-07-07 09:15:00+05:30,2023-07-07 09:15:00+05:30,2023-07-07 09:20:00+05:30,109.3,108.93249999999998,False,False,False
28058,28061,28062,2023-07-07 15:15:00+05:30,2023-07-10 09:15:00+05:30,2023-07-10 09:20:00+05:30,108.7,108.19500000000001,True,False,False
28130,28131,28132,2023-07-10 15:00:00+05:30,2023-07-10 15:05:00+05:30,2023-07-10 15:10:00+05:30,111.6,111.47749999999999,False,False,False
28133,28133,28134,2023-07-10 15:15:00+05:30,2023-07-10 15:15:00+05:30,2023-07-10 15:20:00+05:30,111.9,111.59,False,False,False
28136,28136,28137,2023-07-11 09:15:00+05:30,2023-07-11 09:15:00+05:30,2023-07-11 09:20:00+05:30,111.95,111.66749999999999,False,False,False
28172,28172,28173,2023-07-11 12:15:00+05:30,2023-07-11 12:15:00+05:30,2023-07-11 12:20:00+05:30,111.85,111.72,False,False,False
28192,28192,28193,2023-07-11 13:55:00+05:30,2023-07-11 13:55:00+05:30,2023-07-11 14:00:00+05:30,112.4,112.10749999999999,False,False,False
28208,28211,28212,2023-07-11 15:15:00+05:30,2023-07-12 09:15:00+05:30,2023-07-12 09:20:00+05:30,112.35,111.9325,True,False,False
28271,28273,28274,2023-07-12 14:15:00+05:30,2023-07-12 14:25:00+05:30,2023-07-12 14:30:00+05:30,110.9,110.7625,False,False,False
28272,28272,28273,2023-07-12 14:20:00+05:30,2023-07-12 14:20:00+05:30,2023-07-12 14:25:00+05:30,110.7,110.74749999999999,False,False,False
28282,28282,28283,2023-07-12 15:10:00+05:30,2023-07-12 15:10:00+05:30,2023-07-12 15:15:00+05:30,111.0,110.8625,False,False,False
28284,28284,28285,2023-07-12 15:20:00+05:30,2023-07-12 15:20:00+05:30,2023-07-12 15:25:00+05:30,110.95,110.8925,False,False,False
28285,28285,28286,2023-07-12 15:25:00+05:30,2023-07-12 15:25:00+05:30,2023-07-13 09:15:00+05:30,112.4,110.91999999999999,True,True,False
28321,28321,28322,2023-07-13 12:10:00+05:30,2023-07-13 12:10:00+05:30,2023-07-13 12:15:00+05:30,112.45,112.4125,False,False,False
28323,28323,28324,2023-07-13 12:20:00+05:30,2023-07-13 12:20:00+05:30,2023-07-13 12:25:00+05:30,112.5,112.4325,False,False,False
28333,28333,28334,2023-07-13 13:10:00+05:30,2023-07-13 13:10:00+05:30,2023-07-13 13:15:00+05:30,112.35,112.33250000000001,False,False,False
28358,28361,28362,2023-07-13 15:15:00+05:30,2023-07-14 09:15:00+05:30,2023-07-14 09:20:00+05:30,111.75,111.535,True,False,False
28360,28360,28361,2023-07-13 15:25:00+05:30,2023-07-13 15:25:00+05:30,2023-07-14 09:15:00+05:30,112.1,111.43999999999998,True,True,False
28383,28383,28384,2023-07-14 11:05:00+05:30,2023-07-14 11:05:00+05:30,2023-07-14 11:10:00+05:30,111.9,111.55499999999999,False,False,False
28418,28418,28419,2023-07-14 14:00:00+05:30,2023-07-14 14:00:00+05:30,2023-07-14 14:05:00+05:30,112.65,112.1125,False,False,False
28488,28491,28492,2023-07-17 13:35:00+05:30,2023-07-17 13:50:00+05:30,2023-07-17 13:55:00+05:30,115.0,114.95750000000001,False,False,False
28530,28530,28531,2023-07-18 10:50:00+05:30,2023-07-18 10:50:00+05:30,2023-07-18 10:55:00+05:30,113.8,113.7875,False,False,False
28573,28575,28576,2023-07-18 14:25:00+05:30,2023-07-18 14:35:00+05:30,2023-07-18 14:40:00+05:30,113.15,113.1875,False,False,False
28583,28586,28587,2023-07-18 15:15:00+05:30,2023-07-19 09:15:00+05:30,2023-07-19 09:20:00+05:30,113.25,113.095,True,False,False
28618,28618,28619,2023-07-19 11:55:00+05:30,2023-07-19 11:55:00+05:30,2023-07-19 12:00:00+05:30,113.05,112.91999999999999,False,False,False
28630,28631,28632,2023-07-19 12:55:00+05:30,2023-07-19 13:00:00+05:30,2023-07-19 13:05:00+05:30,113.05,113.03,False,False,False
28640,28643,28644,2023-07-19 13:45:00+05:30,2023-07-19 14:00:00+05:30,2023-07-19 14:05:00+05:30,113.1,113.0875,False,False,False
28649,28649,28650,2023-07-19 14:30:00+05:30,2023-07-19 14:30:00+05:30,2023-07-19 14:35:00+05:30,113.1,113.05,False,False,False
28654,28654,28655,2023-07-19 14:55:00+05:30,2023-07-19 14:55:00+05:30,2023-07-19 15:00:00+05:30,113.2,113.075,False,False,False
28658,28661,28662,2023-07-19 15:15:00+05:30,2023-07-20 09:15:00+05:30,2023-07-20 09:20:00+05:30,113.25,113.09499999999998,True,False,False
28662,28662,28663,2023-07-20 09:20:00+05:30,2023-07-20 09:20:00+05:30,2023-07-20 09:25:00+05:30,113.5,113.12250000000002,False,False,False
28692,28694,28695,2023-07-20 11:50:00+05:30,2023-07-20 12:00:00+05:30,2023-07-20 12:05:00+05:30,113.1,113.09750000000001,False,False,False
28697,28697,28698,2023-07-20 12:15:00+05:30,2023-07-20 12:15:00+05:30,2023-07-20 12:20:00+05:30,113.2,113.07000000000001,False,False,False
28709,28709,28710,2023-07-20 13:15:00+05:30,2023-07-20 13:15:00+05:30,2023-07-20 13:20:00+05:30,113.4,113.16749999999999,False,False,False
28713,28714,28715,2023-07-20 13:35:00+05:30,2023-07-20 13:40:00+05:30,2023-07-20 13:45:00+05:30,113.4,113.215,False,False,False
28719,28719,28720,2023-07-20 14:05:00+05:30,2023-07-20 14:05:00+05:30,2023-07-20 14:10:00+05:30,113.4,113.30250000000001,False,False,False
28730,28730,28731,2023-07-20 15:00:00+05:30,2023-07-20 15:00:00+05:30,2023-07-20 15:05:00+05:30,113.4,113.28999999999999,False,False,False
28733,28733,28734,2023-07-20 15:15:00+05:30,2023-07-20 15:15:00+05:30,2023-07-20 15:20:00+05:30,113.35,113.29249999999999,False,False,False
28734,28734,28735,2023-07-20 15:20:00+05:30,2023-07-20 15:20:00+05:30,2023-07-20 15:25:00+05:30,113.35,113.29,False,False,False
28762,28764,28765,2023-07-21 11:25:00+05:30,2023-07-21 11:35:00+05:30,2023-07-21 11:40:00+05:30,112.55,112.51000000000002,False,False,False
28765,28765,28766,2023-07-21 11:40:00+05:30,2023-07-21 11:40:00+05:30,2023-07-21 11:45:00+05:30,113.85,112.55999999999999,False,False,False
28799,28799,28800,2023-07-21 14:30:00+05:30,2023-07-21 14:30:00+05:30,2023-07-21 14:35:00+05:30,113.55,113.4725,False,False,False
28850,28850,28851,2023-07-24 12:30:00+05:30,2023-07-24 12:30:00+05:30,2023-07-24 12:35:00+05:30,111.35,111.31499999999998,False,False,False
28869,28870,28871,2023-07-24 14:05:00+05:30,2023-07-24 14:10:00+05:30,2023-07-24 14:15:00+05:30,111.9,111.79249999999999,False,False,False
28876,28876,28877,2023-07-24 14:40:00+05:30,2023-07-24 14:40:00+05:30,2023-07-24 14:45:00+05:30,112.15,111.955,False,False,False
28881,28881,28882,2023-07-24 15:05:00+05:30,2023-07-24 15:05:00+05:30,2023-07-24 15:10:00+05:30,112.05,112.02749999999999,False,False,False
28885,28888,28889,2023-07-24 15:25:00+05:30,2023-07-25 09:25:00+05:30,2023-07-25 09:30:00+05:30,112.5,111.99000000000001,True,False,False
28958,28961,28962,2023-07-25 15:15:00+05:30,2023-07-26 09:15:00+05:30,2023-07-26 09:20:00+05:30,116.1,115.85249999999999,True,False,False
28998,28999,29000,2023-07-26 12:20:00+05:30,2023-07-26 12:25:00+05:30,2023-07-26 12:30:00+05:30,116.0,115.85499999999999,False,False,False
29030,29033,29034,2023-07-26 15:00:00+05:30,2023-07-26 15:15:00+05:30,2023-07-26 15:20:00+05:30,116.4,116.4125,False,False,False
29035,29036,29037,2023-07-26 15:25:00+05:30,2023-07-27 09:15:00+05:30,2023-07-27 09:20:00+05:30,116.85,116.39500000000001,True,False,False
29084,29084,29085,2023-07-27 13:15:00+05:30,2023-07-27 13:15:00+05:30,2023-07-27 13:20:00+05:30,117.1,116.77250000000001,False,False,False
29089,29089,29090,2023-07-27 13:40:00+05:30,2023-07-27 13:40:00+05:30,2023-07-27 13:45:00+05:30,116.95,116.75249999999998,False,False,False
29107,29110,29111,2023-07-27 15:10:00+05:30,2023-07-27 15:25:00+05:30,2023-07-28 09:15:00+05:30,116.6,116.32749999999999,True,True,False
29109,29109,29110,2023-07-27 15:20:00+05:30,2023-07-27 15:20:00+05:30,2023-07-27 15:25:00+05:30,116.35,116.26750000000001,False,False,False
29147,29148,29149,2023-07-28 12:15:00+05:30,2023-07-28 12:20:00+05:30,2023-07-28 12:25:00+05:30,115.85,115.595,False,False,False
29175,29176,29177,2023-07-28 14:35:00+05:30,2023-07-28 14:40:00+05:30,2023-07-28 14:45:00+05:30,116.75,116.66,False,False,False
29185,29186,29187,2023-07-28 15:25:00+05:30,2023-07-31 09:15:00+05:30,2023-07-31 09:20:00+05:30,117.75,116.835,True,False,False
29214,29214,29215,2023-07-31 11:35:00+05:30,2023-07-31 11:35:00+05:30,2023-07-31 11:40:00+05:30,119.7,119.41749999999999,False,False,False
29228,29228,29229,2023-07-31 12:45:00+05:30,2023-07-31 12:45:00+05:30,2023-07-31 12:50:00+05:30,119.9,119.54250000000002,False,False,False
29240,29243,29244,2023-07-31 13:45:00+05:30,2023-07-31 14:00:00+05:30,2023-07-31 14:05:00+05:30,119.6,119.29249999999999,False,False,False
29259,29261,29262,2023-07-31 15:20:00+05:30,2023-08-01 09:15:00+05:30,2023-08-01 09:20:00+05:30,120.15,119.42250000000001,True,False,False
29297,29300,29301,2023-08-01 12:15:00+05:30,2023-08-01 12:30:00+05:30,2023-08-01 12:35:00+05:30,119.55,119.48750000000003,False,False,False
29301,29301,29302,2023-08-01 12:35:00+05:30,2023-08-01 12:35:00+05:30,2023-08-01 12:40:00+05:30,119.45,119.415,False,False,False
29317,29320,29321,2023-08-01 13:55:00+05:30,2023-08-01 14:10:00+05:30,2023-08-01 14:15:00+05:30,119.85,119.71,False,False,False
29356,29356,29357,2023-08-02 10:55:00+05:30,2023-08-02 10:55:00+05:30,2023-08-02 11:00:00+05:30,116.9,116.88,False,False,False
29357,29357,29358,2023-08-02 11:00:00+05:30,2023-08-02 11:00:00+05:30,2023-08-02 11:05:00+05:30,117.0,116.84750000000001,False,False,False
29408,29408,29409,2023-08-02 15:15:00+05:30,2023-08-02 15:15:00+05:30,2023-08-02 15:20:00+05:30,115.4,115.20249999999999,False,False,False
29409,29409,29410,2023-08-02 15:20:00+05:30,2023-08-02 15:20:00+05:30,2023-08-02 15:25:00+05:30,115.35,115.18500000000002,False,False,False
29411,29413,29414,2023-08-03 09:15:00+05:30,2023-08-03 09:25:00+05:30,2023-08-03 09:30:00+05:30,115.2,115.175,False,False,False
29460,29463,29464,2023-08-03 13:20:00+05:30,2023-08-03 13:35:00+05:30,2023-08-03 13:40:00+05:30,114.6,114.45,False,False,False
29464,29464,29465,2023-08-03 13:40:00+05:30,2023-08-03 13:40:00+05:30,2023-08-03 13:45:00+05:30,114.35,114.35249999999999,False,False,False
29470,29470,29471,2023-08-03 14:10:00+05:30,2023-08-03 14:10:00+05:30,2023-08-03 14:15:00+05:30,114.25,114.2675,False,False,False
29473,29474,29475,2023-08-03 14:25:00+05:30,2023-08-03 14:30:00+05:30,2023-08-03 14:35:00+05:30,114.25,114.245,False,False,False
29533,29533,29534,2023-08-04 13:10:00+05:30,2023-08-04 13:10:00+05:30,2023-08-04 13:15:00+05:30,115.5,115.42999999999999,False,False,False
29538,29540,29541,2023-08-04 13:35:00+05:30,2023-08-04 13:45:00+05:30,2023-08-04 13:50:00+05:30,115.55,115.50500000000002,False,False,False
29543,29546,29547,2023-08-04 14:00:00+05:30,2023-08-04 14:15:00+05:30,2023-08-04 14:20:00+05:30,115.55,115.4825,False,False,False
29558,29561,29562,2023-08-04 15:15:00+05:30,2023-08-07 09:15:00+05:30,2023-08-07 09:20:00+05:30,115.5,115.47999999999999,True,False,False
29570,29573,29574,2023-08-07 10:00:00+05:30,2023-08-07 10:15:00+05:30,2023-08-07 10:20:00+05:30,115.2,115.17750000000001,False,False,False
29608,29608,29609,2023-08-07 13:10:00+05:30,2023-08-07 13:10:00+05:30,2023-08-07 13:15:00+05:30,115.15,115.125,False,False,False
29616,29617,29618,2023-08-07 13:50:00+05:30,2023-08-07 13:55:00+05:30,2023-08-07 14:00:00+05:30,115.45,115.3175,False,False,False
29620,29620,29621,2023-08-07 14:10:00+05:30,2023-08-07 14:10:00+05:30,2023-08-07 14:15:00+05:30,115.45,115.35499999999999,False,False,False
29630,29633,29634,2023-08-07 15:00:00+05:30,2023-08-07 15:15:00+05:30,2023-08-07 15:20:00+05:30,115.3,115.2825,False,False,False
29634,29634,29635,2023-08-07 15:20:00+05:30,2023-08-07 15:20:00+05:30,2023-08-07 15:25:00+05:30,115.3,115.24749999999999,False,False,False
29636,29636,29637,2023-08-08 09:15:00+05:30,2023-08-08 09:15:00+05:30,2023-08-08 09:20:00+05:30,115.3,115.22999999999999,False,False,False
29678,29678,29679,2023-08-08 12:45:00+05:30,2023-08-08 12:45:00+05:30,2023-08-08 12:50:00+05:30,114.85,114.71000000000001,False,False,False
29697,29697,29698,2023-08-08 14:20:00+05:30,2023-08-08 14:20:00+05:30,2023-08-08 14:25:00+05:30,114.9,114.88250000000001,False,False,False
29715,29715,29716,2023-08-09 09:35:00+05:30,2023-08-09 09:35:00+05:30,2023-08-09 09:40:00+05:30,114.8,114.62250000000002,False,False,False
29749,29750,29751,2023-08-09 12:25:00+05:30,2023-08-09 12:30:00+05:30,2023-08-09 12:35:00+05:30,113.75,113.67499999999998,False,False,False
29758,29758,29759,2023-08-09 13:10:00+05:30,2023-08-09 13:10:00+05:30,2023-08-09 13:15:00+05:30,114.6,113.78,False,False,False
29786,29787,29788,2023-08-10 09:15:00+05:30,2023-08-10 09:20:00+05:30,2023-08-10 09:25:00+05:30,116.15,115.85500000000002,False,False,False
29801,29804,29805,2023-08-10 10:30:00+05:30,2023-08-10 10:45:00+05:30,2023-08-10 10:50:00+05:30,116.3,116.25250000000001,False,False,False
29815,29815,29816,2023-08-10 11:40:00+05:30,2023-08-10 11:40:00+05:30,2023-08-10 11:45:00+05:30,116.85,116.3625,False,False,False
29826,29829,29830,2023-08-10 12:35:00+05:30,2023-08-10 12:50:00+05:30,2023-08-10 12:55:00+05:30,116.6,116.4875,False,False,False
29844,29844,29845,2023-08-10 14:05:00+05:30,2023-08-10 14:05:00+05:30,2023-08-10 14:10:00+05:30,116.45,116.3925,False,False,False
29855,29855,29856,2023-08-10 15:00:00+05:30,2023-08-10 15:00:00+05:30,2023-08-10 15:05:00+05:30,116.45,116.38250000000001,False,False,False
29859,29859,29860,2023-08-10 15:20:00+05:30,2023-08-10 15:20:00+05:30,2023-08-10 15:25:00+05:30,116.4,116.4025,False,False,False
29862,29865,29866,2023-08-11 09:20:00+05:30,2023-08-11 09:35:00+05:30,2023-08-11 09:40:00+05:30,116.65,116.375,False,False,False
29882,29882,29883,2023-08-11 11:00:00+05:30,2023-08-11 11:00:00+05:30,2023-08-11 11:05:00+05:30,117.1,116.57000000000001,False,False,False
29926,29927,29928,2023-08-11 14:40:00+05:30,2023-08-11 14:45:00+05:30,2023-08-11 14:50:00+05:30,117.15,117.13250000000001,False,False,False
29988,29988,29989,2023-08-14 13:35:00+05:30,2023-08-14 13:35:00+05:30,2023-08-14 13:40:00+05:30,114.4,114.36999999999998,False,False,False
29993,29993,29994,2023-08-14 14:00:00+05:30,2023-08-14 14:00:00+05:30,2023-08-14 14:05:00+05:30,114.4,114.37249999999999,False,False,False
29995,29995,29996,2023-08-14 14:10:00+05:30,2023-08-14 14:10:00+05:30,2023-08-14 14:15:00+05:30,114.6,114.37750000000001,False,False,False
29998,29999,30000,2023-08-14 14:25:00+05:30,2023-08-14 14:30:00+05:30,2023-08-14 14:35:00+05:30,114.45,114.41000000000001,False,False,False
30000,30000,30001,2023-08-14 14:35:00+05:30,2023-08-14 14:35:00+05:30,2023-08-14 14:40:00+05:30,114.5,114.43500000000002,False,False,False
30076,30076,30077,2023-08-16 14:40:00+05:30,2023-08-16 14:40:00+05:30,2023-08-16 14:45:00+05:30,112.25,112.24749999999999,False,False,False
30078,30080,30081,2023-08-16 14:50:00+05:30,2023-08-16 15:00:00+05:30,2023-08-16 15:05:00+05:30,112.4,112.2225,False,False,False
30083,30083,30084,2023-08-16 15:15:00+05:30,2023-08-16 15:15:00+05:30,2023-08-16 15:20:00+05:30,112.4,112.2225,False,False,False
30084,30084,30085,2023-08-16 15:20:00+05:30,2023-08-16 15:20:00+05:30,2023-08-16 15:25:00+05:30,112.3,112.2225,False,False,False
30085,30085,30086,2023-08-16 15:25:00+05:30,2023-08-16 15:25:00+05:30,2023-08-17 09:15:00+05:30,112.3,112.22250000000001,True,True,False
30086,30086,30087,2023-08-17 09:15:00+05:30,2023-08-17 09:15:00+05:30,2023-08-17 09:20:00+05:30,112.75,112.25000000000003,False,False,False
30121,30124,30125,2023-08-17 12:10:00+05:30,2023-08-17 12:25:00+05:30,2023-08-17 12:30:00+05:30,111.75,111.7125,False,False,False
30161,30161,30162,2023-08-18 09:15:00+05:30,2023-08-18 09:15:00+05:30,2023-08-18 09:20:00+05:30,112.6,112.2825,False,False,False
30207,30208,30209,2023-08-18 13:05:00+05:30,2023-08-18 13:10:00+05:30,2023-08-18 13:15:00+05:30,111.45,111.5275,False,False,False
30214,30214,30215,2023-08-18 13:40:00+05:30,2023-08-18 13:40:00+05:30,2023-08-18 13:45:00+05:30,111.55,111.4675,False,False,False
30228,30228,30229,2023-08-18 14:50:00+05:30,2023-08-18 14:50:00+05:30,2023-08-18 14:55:00+05:30,112.0,111.79750000000001,False,False,False
30231,30231,30232,2023-08-18 15:05:00+05:30,2023-08-18 15:05:00+05:30,2023-08-18 15:10:00+05:30,112.1,111.86999999999998,False,False,False
30234,30234,30235,2023-08-18 15:20:00+05:30,2023-08-18 15:20:00+05:30,2023-08-18 15:25:00+05:30,112.45,111.97,False,False,False
30258,30258,30259,2023-08-21 11:05:00+05:30,2023-08-21 11:05:00+05:30,2023-08-21 11:10:00+05:30,112.85,112.585,False,False,False
30295,30296,30297,2023-08-21 14:10:00+05:30,2023-08-21 14:15:00+05:30,2023-08-21 14:20:00+05:30,113.2,113.1625,False,False,False
30307,30308,30309,2023-08-21 15:10:00+05:30,2023-08-21 15:15:00+05:30,2023-08-21 15:20:00+05:30,113.25,113.165,False,False,False
30309,30309,30310,2023-08-21 15:20:00+05:30,2023-08-21 15:20:00+05:30,2023-08-21 15:25:00+05:30,113.3,113.18499999999999,False,False,False
30310,30310,30311,2023-08-21 15:25:00+05:30,2023-08-21 15:25:00+05:30,2023-08-22 09:15:00+05:30,113.55,113.19000000000001,True,True,False
30311,30311,30312,2023-08-22 09:15:00+05:30,2023-08-22 09:15:00+05:30,2023-08-22 09:20:00+05:30,113.45,113.205,False,False,False
30318,30321,30322,2023-08-22 09:50:00+05:30,2023-08-22 10:05:00+05:30,2023-08-22 10:10:00+05:30,113.5,113.3175,False,False,False
30332,30332,30333,2023-08-22 11:00:00+05:30,2023-08-22 11:00:00+05:30,2023-08-22 11:05:00+05:30,113.5,113.425,False,False,False
30348,30349,30350,2023-08-22 12:20:00+05:30,2023-08-22 12:25:00+05:30,2023-08-22 12:30:00+05:30,113.55,113.5225,False,False,False
30351,30351,30352,2023-08-22 12:35:00+05:30,2023-08-22 12:35:00+05:30,2023-08-22 12:40:00+05:30,113.65,113.55250000000001,False,False,False
30376,30376,30377,2023-08-22 14:40:00+05:30,2023-08-22 14:40:00+05:30,2023-08-22 14:45:00+05:30,113.7,113.61499999999998,False,False,False
30377,30377,30378,2023-08-22 14:45:00+05:30,2023-08-22 14:45:00+05:30,2023-08-22 14:50:00+05:30,113.7,113.61749999999999,False,False,False
30433,30435,30436,2023-08-23 13:10:00+05:30,2023-08-23 13:20:00+05:30,2023-08-23 13:25:00+05:30,115.35,115.3,False,False,False
30436,30436,30437,2023-08-23 13:25:00+05:30,2023-08-23 13:25:00+05:30,2023-08-23 13:30:00+05:30,115.45,115.33500000000001,False,False,False
30437,30437,30438,2023-08-23 13:30:00+05:30,2023-08-23 13:30:00+05:30,2023-08-23 13:35:00+05:30,115.45,115.35499999999999,False,False,False
30438,30438,30439,2023-08-23 13:35:00+05:30,2023-08-23 13:35:00+05:30,2023-08-23 13:40:00+05:30,115.45,115.37,False,False,False
30441,30441,30442,2023-08-23 13:50:00+05:30,2023-08-23 13:50:00+05:30,2023-08-23 13:55:00+05:30,115.45,115.37749999999998,False,False,False
30453,30453,30454,2023-08-23 14:50:00+05:30,2023-08-23 14:50:00+05:30,2023-08-23 14:55:00+05:30,115.35,115.33250000000001,False,False,False
30454,30454,30455,2023-08-23 14:55:00+05:30,2023-08-23 14:55:00+05:30,2023-08-23 15:00:00+05:30,115.4,115.3425,False,False,False
30455,30455,30456,2023-08-23 15:00:00+05:30,2023-08-23 15:00:00+05:30,2023-08-23 15:05:00+05:30,115.4,115.34250000000002,False,False,False
30457,30457,30458,2023-08-23 15:10:00+05:30,2023-08-23 15:10:00+05:30,2023-08-23 15:15:00+05:30,115.4,115.33500000000001,False,False,False
30458,30458,30459,2023-08-23 15:15:00+05:30,2023-08-23 15:15:00+05:30,2023-08-23 15:20:00+05:30,115.4,115.33,False,False,False
30459,30459,30460,2023-08-23 15:20:00+05:30,2023-08-23 15:20:00+05:30,2023-08-23 15:25:00+05:30,115.35,115.32750000000001,False,False,False
30460,30461,30462,2023-08-23 15:25:00+05:30,2023-08-24 09:15:00+05:30,2023-08-24 09:20:00+05:30,116.0,115.32000000000001,True,False,False
30499,30501,30502,2023-08-24 12:25:00+05:30,2023-08-24 12:35:00+05:30,2023-08-24 12:40:00+05:30,115.2,115.11999999999998,False,False,False
30520,30520,30521,2023-08-24 14:10:00+05:30,2023-08-24 14:10:00+05:30,2023-08-24 14:15:00+05:30,114.9,114.8575,False,False,False
30607,30610,30611,2023-08-25 15:10:00+05:30,2023-08-25 15:25:00+05:30,2023-08-28 09:15:00+05:30,113.4,113.42750000000001,True,True,False
30611,30611,30612,2023-08-28 09:15:00+05:30,2023-08-28 09:15:00+05:30,2023-08-28 09:20:00+05:30,114.1,113.44250000000002,False,False,False
30622,30622,30623,2023-08-28 10:10:00+05:30,2023-08-28 10:10:00+05:30,2023-08-28 10:15:00+05:30,114.1,113.78,False,False,False
30636,30636,30637,2023-08-28 11:20:00+05:30,2023-08-28 11:20:00+05:30,2023-08-28 11:25:00+05:30,114.35,114.05,False,False,False
30641,30641,30642,2023-08-28 11:45:00+05:30,2023-08-28 11:45:00+05:30,2023-08-28 11:50:00+05:30,114.4,114.13249999999998,False,False,False
30657,30660,30661,2023-08-28 13:05:00+05:30,2023-08-28 13:20:00+05:30,2023-08-28 13:25:00+05:30,114.15,114.10249999999999,False,False,False
30664,30665,30666,2023-08-28 13:40:00+05:30,2023-08-28 13:45:00+05:30,2023-08-28 13:50:00+05:30,114.05,114.06500000000001,False,False,False
30669,30669,30670,2023-08-28 14:05:00+05:30,2023-08-28 14:05:00+05:30,2023-08-28 14:10:00+05:30,114.15,114.095,False,False,False
30676,30679,30680,2023-08-28 14:40:00+05:30,2023-08-28 14:55:00+05:30,2023-08-28 15:00:00+05:30,114.3,114.01499999999999,False,False,False
30682,30682,30683,2023-08-28 15:10:00+05:30,2023-08-28 15:10:00+05:30,2023-08-28 15:15:00+05:30,114.1,114.0,False,False,False
30683,30683,30684,2023-08-28 15:15:00+05:30,2023-08-28 15:15:00+05:30,2023-08-28 15:20:00+05:30,114.05,114.0,False,False,False
30684,30684,30685,2023-08-28 15:20:00+05:30,2023-08-28 15:20:00+05:30,2023-08-28 15:25:00+05:30,114.05,114.0,False,False,False
30685,30686,30687,2023-08-28 15:25:00+05:30,2023-08-29 09:15:00+05:30,2023-08-29 09:20:00+05:30,114.55,113.99249999999999,True,False,False
30722,30723,30724,2023-08-29 12:15:00+05:30,2023-08-29 12:20:00+05:30,2023-08-29 12:25:00+05:30,115.25,115.13499999999999,False,False,False
30731,30731,30732,2023-08-29 13:00:00+05:30,2023-08-29 13:00:00+05:30,2023-08-29 13:05:00+05:30,115.3,115.1425,False,False,False
30744,30744,30745,2023-08-29 14:05:00+05:30,2023-08-29 14:05:00+05:30,2023-08-29 14:10:00+05:30,116.2,115.36999999999998,False,False,False
30797,30797,30798,2023-08-30 12:15:00+05:30,2023-08-30 12:15:00+05:30,2023-08-30 12:20:00+05:30,118.9,118.70250000000001,False,False,False
30799,30799,30800,2023-08-30 12:25:00+05:30,2023-08-30 12:25:00+05:30,2023-08-30 12:30:00+05:30,118.8,118.705,False,False,False
30822,30823,30824,2023-08-30 14:20:00+05:30,2023-08-30 14:25:00+05:30,2023-08-30 14:30:00+05:30,118.9,118.8425,False,False,False
30824,30824,30825,2023-08-30 14:30:00+05:30,2023-08-30 14:30:00+05:30,2023-08-30 14:35:00+05:30,118.85,118.8475,False,False,False
30825,30828,30829,2023-08-30 14:35:00+05:30,2023-08-30 14:50:00+05:30,2023-08-30 14:55:00+05:30,118.85,118.85,False,False,False
30833,30836,30837,2023-08-30 15:15:00+05:30,2023-08-31 09:15:00+05:30,2023-08-31 09:20:00+05:30,119.2,118.795,True,False,False
30840,30840,30841,2023-08-31 09:35:00+05:30,2023-08-31 09:35:00+05:30,2023-08-31 09:40:00+05:30,119.3,118.80249999999998,False,False,False
30849,30849,30850,2023-08-31 10:20:00+05:30,2023-08-31 10:20:00+05:30,2023-08-31 10:25:00+05:30,119.65,118.8975,False,False,False
30901,30904,30905,2023-08-31 14:40:00+05:30,2023-08-31 14:55:00+05:30,2023-08-31 15:00:00+05:30,118.95,118.91000000000001,False,False,False
30902,30902,30903,2023-08-31 14:45:00+05:30,2023-08-31 14:45:00+05:30,2023-08-31 14:50:00+05:30,118.95,118.8975,False,False,False
30905,30906,30907,2023-08-31 15:00:00+05:30,2023-08-31 15:05:00+05:30,2023-08-31 15:10:00+05:30,119.05,118.9,False,False,False
30983,30986,30987,2023-09-01 15:15:00+05:30,2023-09-04 09:15:00+05:30,2023-09-04 09:20:00+05:30,127.2,123.6,True,False,False
31055,31056,31057,2023-09-04 15:00:00+05:30,2023-09-04 15:05:00+05:30,2023-09-04 15:10:00+05:30,128.2,128.1975,False,False,False
31058,31059,31060,2023-09-04 15:15:00+05:30,2023-09-04 15:20:00+05:30,2023-09-04 15:25:00+05:30,128.25,128.21499999999997,False,False,False
31060,31060,31061,2023-09-04 15:25:00+05:30,2023-09-04 15:25:00+05:30,2023-09-05 09:15:00+05:30,128.15,128.2125,True,True,False
31101,31104,31105,2023-09-05 12:35:00+05:30,2023-09-05 12:50:00+05:30,2023-09-05 12:55:00+05:30,126.6,126.5975,False,False,False
31105,31105,31106,2023-09-05 12:55:00+05:30,2023-09-05 12:55:00+05:30,2023-09-05 13:00:00+05:30,126.7,126.45750000000001,False,False,False
31182,31182,31183,2023-09-06 13:05:00+05:30,2023-09-06 13:05:00+05:30,2023-09-06 13:10:00+05:30,125.5,125.35249999999999,False,False,False
31195,31198,31199,2023-09-06 14:10:00+05:30,2023-09-06 14:25:00+05:30,2023-09-06 14:30:00+05:30,125.4,125.2625,False,False,False
31199,31199,31200,2023-09-06 14:30:00+05:30,2023-09-06 14:30:00+05:30,2023-09-06 14:35:00+05:30,125.65,125.30499999999999,False,False,False
31205,31205,31206,2023-09-06 15:00:00+05:30,2023-09-06 15:00:00+05:30,2023-09-06 15:05:00+05:30,126.05,125.33000000000001,False,False,False
31211,31214,31215,2023-09-07 09:15:00+05:30,2023-09-07 09:30:00+05:30,2023-09-07 09:35:00+05:30,125.7,125.47999999999999,False,False,False
31249,31249,31250,2023-09-07 12:25:00+05:30,2023-09-07 12:25:00+05:30,2023-09-07 12:30:00+05:30,126.15,126.10999999999999,False,False,False
31280,31282,31283,2023-09-07 15:00:00+05:30,2023-09-07 15:10:00+05:30,2023-09-07 15:15:00+05:30,126.7,126.60499999999999,False,False,False
31283,31283,31284,2023-09-07 15:15:00+05:30,2023-09-07 15:15:00+05:30,2023-09-07 15:20:00+05:30,126.65,126.64250000000001,False,False,False
31284,31286,31287,2023-09-07 15:20:00+05:30,2023-09-08 09:15:00+05:30,2023-09-08 09:20:00+05:30,127.5,126.65,True,False,False
31310,31312,31313,2023-09-08 11:15:00+05:30,2023-09-08 11:25:00+05:30,2023-09-08 11:30:00+05:30,126.9,126.62249999999999,False,False,False
31343,31343,31344,2023-09-08 14:00:00+05:30,2023-09-08 14:00:00+05:30,2023-09-08 14:05:00+05:30,127.0,126.87250000000002,False,False,False
31346,31346,31347,2023-09-08 14:15:00+05:30,2023-09-08 14:15:00+05:30,2023-09-08 14:20:00+05:30,126.9,126.8625,False,False,False
31368,31370,31371,2023-09-11 09:50:00+05:30,2023-09-11 10:00:00+05:30,2023-09-11 10:05:00+05:30,126.35,126.0875,False,False,False
31403,31403,31404,2023-09-11 12:45:00+05:30,2023-09-11 12:45:00+05:30,2023-09-11 12:50:00+05:30,127.85,127.405,False,False,False
31408,31408,31409,2023-09-11 13:10:00+05:30,2023-09-11 13:10:00+05:30,2023-09-11 13:15:00+05:30,127.6,127.4125,False,False,False
31425,31425,31426,2023-09-11 14:35:00+05:30,2023-09-11 14:35:00+05:30,2023-09-11 14:40:00+05:30,127.5,127.49250000000002,False,False,False
31430,31430,31431,2023-09-11 15:00:00+05:30,2023-09-11 15:00:00+05:30,2023-09-11 15:05:00+05:30,127.5,127.4325,False,False,False
31432,31432,31433,2023-09-11 15:10:00+05:30,2023-09-11 15:10:00+05:30,2023-09-11 15:15:00+05:30,127.45,127.405,False,False,False
31433,31433,31434,2023-09-11 15:15:00+05:30,2023-09-11 15:15:00+05:30,2023-09-11 15:20:00+05:30,127.55,127.405,False,False,False
31435,31435,31436,2023-09-11 15:25:00+05:30,2023-09-11 15:25:00+05:30,2023-09-12 09:15:00+05:30,129.2,127.4125,True,True,False
31481,31483,31484,2023-09-12 13:00:00+05:30,2023-09-12 13:10:00+05:30,2023-09-12 13:15:00+05:30,126.1,125.97749999999999,False,False,False
31487,31487,31488,2023-09-12 13:30:00+05:30,2023-09-12 13:30:00+05:30,2023-09-12 13:35:00+05:30,125.85,125.79249999999999,False,False,False
31499,31499,31500,2023-09-12 14:30:00+05:30,2023-09-12 14:30:00+05:30,2023-09-12 14:35:00+05:30,126.0,125.98000000000002,False,False,False
31508,31511,31512,2023-09-12 15:15:00+05:30,2023-09-13 09:15:00+05:30,2023-09-13 09:20:00+05:30,126.1,125.80499999999999,True,False,False
31561,31562,31563,2023-09-13 13:25:00+05:30,2023-09-13 13:30:00+05:30,2023-09-13 13:35:00+05:30,126.4,126.2675,False,False,False
31582,31585,31586,2023-09-13 15:10:00+05:30,2023-09-13 15:25:00+05:30,2023-09-14 09:15:00+05:30,127.4,126.2375,True,True,False
31620,31620,31621,2023-09-14 12:05:00+05:30,2023-09-14 12:05:00+05:30,2023-09-14 12:10:00+05:30,129.1,128.87,False,False,False
31654,31655,31656,2023-09-14 14:55:00+05:30,2023-09-14 15:00:00+05:30,2023-09-14 15:05:00+05:30,128.15,128.235,False,False,False
31656,31656,31657,2023-09-14 15:05:00+05:30,2023-09-14 15:05:00+05:30,2023-09-14 15:10:00+05:30,128.25,128.1825,False,False,False
31657,31658,31659,2023-09-14 15:10:00+05:30,2023-09-14 15:15:00+05:30,2023-09-14 15:20:00+05:30,128.15,128.14249999999998,False,False,False
31659,31660,31661,2023-09-14 15:20:00+05:30,2023-09-14 15:25:00+05:30,2023-09-15 09:15:00+05:30,129.0,128.07750000000001,True,True,False
31664,31665,31666,2023-09-15 09:30:00+05:30,2023-09-15 09:35:00+05:30,2023-09-15 09:40:00+05:30,128.5,128.2,False,False,False
31689,31691,31692,2023-09-15 11:35:00+05:30,2023-09-15 11:45:00+05:30,2023-09-15 11:50:00+05:30,127.1,127.05499999999999,False,False,False
31692,31692,31693,2023-09-15 11:50:00+05:30,2023-09-15 11:50:00+05:30,2023-09-15 11:55:00+05:30,127.4,127.00999999999999,False,False,False
31712,31715,31716,2023-09-15 13:30:00+05:30,2023-09-15 13:45:00+05:30,2023-09-15 13:50:00+05:30,127.35,127.11500000000001,False,False,False
31713,31714,31715,2023-09-15 13:35:00+05:30,2023-09-15 13:40:00+05:30,2023-09-15 13:45:00+05:30,127.05,127.09,False,False,False
31803,31803,31804,2023-09-18 14:50:00+05:30,2023-09-18 14:50:00+05:30,2023-09-18 14:55:00+05:30,127.3,127.26000000000002,False,False,False
31809,31812,31813,2023-09-18 15:20:00+05:30,2023-09-20 09:20:00+05:30,2023-09-20 09:25:00+05:30,127.65,127.155,True,False,False
31850,31850,31851,2023-09-20 12:30:00+05:30,2023-09-20 12:30:00+05:30,2023-09-20 12:35:00+05:30,126.1,126.01999999999998,False,False,False
31853,31853,31854,2023-09-20 12:45:00+05:30,2023-09-20 12:45:00+05:30,2023-09-20 12:50:00+05:30,126.0,126.03,False,False,False
31854,31854,31855,2023-09-20 12:50:00+05:30,2023-09-20 12:50:00+05:30,2023-09-20 12:55:00+05:30,126.05,126.03249999999998,False,False,False
31885,31888,31889,2023-09-20 15:25:00+05:30,2023-09-21 09:25:00+05:30,2023-09-21 09:30:00+05:30,125.0,124.98750000000003,True,False,False
31919,31919,31920,2023-09-21 12:00:00+05:30,2023-09-21 12:00:00+05:30,2023-09-21 12:05:00+05:30,125.1,125.00999999999999,False,False,False
31943,31943,31944,2023-09-21 14:00:00+05:30,2023-09-21 14:00:00+05:30,2023-09-21 14:05:00+05:30,124.4,124.25,False,False,False
31949,31949,31950,2023-09-21 14:30:00+05:30,2023-09-21 14:30:00+05:30,2023-09-21 14:35:00+05:30,124.5,124.20249999999999,False,False,False
31956,31959,31960,2023-09-21 15:05:00+05:30,2023-09-21 15:20:00+05:30,2023-09-21 15:25:00+05:30,124.3,124.21,False,False,False
31960,31960,31961,2023-09-21 15:25:00+05:30,2023-09-21 15:25:00+05:30,2023-09-22 09:15:00+05:30,123.55,124.21000000000001,True,True,False
32036,32039,32040,2023-09-25 09:15:00+05:30,2023-09-25 09:30:00+05:30,2023-09-25 09:35:00+05:30,123.8,123.545,False,False,False
32101,32103,32104,2023-09-25 14:40:00+05:30,2023-09-25 14:50:00+05:30,2023-09-25 14:55:00+05:30,123.75,123.74750000000002,False,False,False
32105,32106,32107,2023-09-25 15:00:00+05:30,2023-09-25 15:05:00+05:30,2023-09-25 15:10:00+05:30,123.8,123.6375,False,False,False
32182,32185,32186,2023-09-26 15:10:00+05:30,2023-09-26 15:25:00+05:30,2023-09-27 09:15:00+05:30,125.15,125.37249999999999,True,True,False
32238,32238,32239,2023-09-27 13:35:00+05:30,2023-09-27 13:35:00+05:30,2023-09-27 13:40:00+05:30,124.3,124.225,False,False,False
32240,32240,32241,2023-09-27 13:45:00+05:30,2023-09-27 13:45:00+05:30,2023-09-27 13:50:00+05:30,124.3,124.24750000000002,False,False,False
32252,32252,32253,2023-09-27 14:45:00+05:30,2023-09-27 14:45:00+05:30,2023-09-27 14:50:00+05:30,124.35,124.335,False,False,False
32253,32253,32254,2023-09-27 14:50:00+05:30,2023-09-27 14:50:00+05:30,2023-09-27 14:55:00+05:30,124.4,124.335,False,False,False
32254,32254,32255,2023-09-27 14:55:00+05:30,2023-09-27 14:55:00+05:30,2023-09-27 15:00:00+05:30,124.45,124.345,False,False,False
32255,32255,32256,2023-09-27 15:00:00+05:30,2023-09-27 15:00:00+05:30,2023-09-27 15:05:00+05:30,124.45,124.34499999999998,False,False,False
32258,32258,32259,2023-09-27 15:15:00+05:30,2023-09-27 15:15:00+05:30,2023-09-27 15:20:00+05:30,124.45,124.36499999999998,False,False,False
32333,32334,32335,2023-09-28 15:15:00+05:30,2023-09-28 15:20:00+05:30,2023-09-28 15:25:00+05:30,123.7,123.4075,False,False,False
32397,32397,32398,2023-09-29 14:20:00+05:30,2023-09-29 14:20:00+05:30,2023-09-29 14:25:00+05:30,125.95,125.64000000000001,False,False,False
32400,32401,32402,2023-09-29 14:35:00+05:30,2023-09-29 14:40:00+05:30,2023-09-29 14:45:00+05:30,125.75,125.68999999999998,False,False,False
32457,32457,32458,2023-10-03 13:05:00+05:30,2023-10-03 13:05:00+05:30,2023-10-03 13:10:00+05:30,124.1,123.97,False,False,False
32461,32461,32462,2023-10-03 13:25:00+05:30,2023-10-03 13:25:00+05:30,2023-10-03 13:30:00+05:30,124.15,124.00750000000001,False,False,False
32470,32470,32471,2023-10-03 14:10:00+05:30,2023-10-03 14:10:00+05:30,2023-10-03 14:15:00+05:30,124.2,124.1525,False,False,False
32471,32471,32472,2023-10-03 14:15:00+05:30,2023-10-03 14:15:00+05:30,2023-10-03 14:20:00+05:30,124.25,124.165,False,False,False
32480,32480,32481,2023-10-03 15:00:00+05:30,2023-10-03 15:00:00+05:30,2023-10-03 15:05:00+05:30,124.35,124.24000000000001,False,False,False
32482,32482,32483,2023-10-03 15:10:00+05:30,2023-10-03 15:10:00+05:30,2023-10-03 15:15:00+05:30,124.4,124.25,False,False,False
32537,32539,32540,2023-10-04 13:30:00+05:30,2023-10-04 13:40:00+05:30,2023-10-04 13:45:00+05:30,121.6,121.5675,False,False,False
32555,32555,32556,2023-10-04 15:00:00+05:30,2023-10-04 15:00:00+05:30,2023-10-04 15:05:00+05:30,121.8,121.43499999999999,False,False,False
32559,32559,32560,2023-10-04 15:20:00+05:30,2023-10-04 15:20:00+05:30,2023-10-04 15:25:00+05:30,121.7,121.51000000000002,False,False,False
32612,32612,32613,2023-10-05 13:30:00+05:30,2023-10-05 13:30:00+05:30,2023-10-05 13:35:00+05:30,122.25,122.00999999999999,False,False,False
32632,32635,32636,2023-10-05 15:10:00+05:30,2023-10-05 15:25:00+05:30,2023-10-06 09:15:00+05:30,122.9,121.86749999999999,True,True,False
32633,32634,32635,2023-10-05 15:15:00+05:30,2023-10-05 15:20:00+05:30,2023-10-05 15:25:00+05:30,121.85,121.84750000000001,False,False,False
32665,32666,32667,2023-10-06 11:40:00+05:30,2023-10-06 11:45:00+05:30,2023-10-06 11:50:00+05:30,121.95,121.9375,False,False,False
32694,32696,32697,2023-10-06 14:05:00+05:30,2023-10-06 14:15:00+05:30,2023-10-06 14:20:00+05:30,122.3,122.275,False,False,False
32740,32740,32741,2023-10-09 11:40:00+05:30,2023-10-09 11:40:00+05:30,2023-10-09 11:45:00+05:30,121.05,120.7875,False,False,False
32766,32766,32767,2023-10-09 13:50:00+05:30,2023-10-09 13:50:00+05:30,2023-10-09 13:55:00+05:30,120.1,120.03,False,False,False
32771,32773,32774,2023-10-09 14:15:00+05:30,2023-10-09 14:25:00+05:30,2023-10-09 14:30:00+05:30,120.4,119.95500000000001,False,False,False
32782,32782,32783,2023-10-09 15:10:00+05:30,2023-10-09 15:10:00+05:30,2023-10-09 15:15:00+05:30,120.25,120.22749999999999,False,False,False
32783,32786,32787,2023-10-09 15:15:00+05:30,2023-10-10 09:15:00+05:30,2023-10-10 09:20:00+05:30,121.3,120.24750000000002,True,False,False
32832,32832,32833,2023-10-10 13:05:00+05:30,2023-10-10 13:05:00+05:30,2023-10-10 13:10:00+05:30,120.65,120.4075,False,False,False
32833,32834,32835,2023-10-10 13:10:00+05:30,2023-10-10 13:15:00+05:30,2023-10-10 13:20:00+05:30,120.4,120.3975,False,False,False
32839,32839,32840,2023-10-10 13:40:00+05:30,2023-10-10 13:40:00+05:30,2023-10-10 13:45:00+05:30,120.9,120.36749999999999,False,False,False
32861,32862,32863,2023-10-11 09:15:00+05:30,2023-10-11 09:20:00+05:30,2023-10-11 09:25:00+05:30,121.95,121.85249999999999,False,False,False
32865,32865,32866,2023-10-11 09:35:00+05:30,2023-10-11 09:35:00+05:30,2023-10-11 09:40:00+05:30,122.15,121.9325,False,False,False
32897,32900,32901,2023-10-11 12:15:00+05:30,2023-10-11 12:30:00+05:30,2023-10-11 12:35:00+05:30,122.35,122.25,False,False,False
32934,32937,32938,2023-10-11 15:20:00+05:30,2023-10-12 09:20:00+05:30,2023-10-12 09:25:00+05:30,122.0,121.75,True,False,False
32995,32998,32999,2023-10-12 14:10:00+05:30,2023-10-12 14:25:00+05:30,2023-10-12 14:30:00+05:30,122.4,122.3,False,False,False
32999,33002,33003,2023-10-12 14:30:00+05:30,2023-10-12 14:45:00+05:30,2023-10-12 14:50:00+05:30,122.4,122.28999999999999,False,False,False
33003,33004,33005,2023-10-12 14:50:00+05:30,2023-10-12 14:55:00+05:30,2023-10-12 15:00:00+05:30,122.35,122.29749999999999,False,False,False
33005,33007,33008,2023-10-12 15:00:00+05:30,2023-10-12 15:10:00+05:30,2023-10-12 15:15:00+05:30,122.4,122.30250000000001,False,False,False
33008,33008,33009,2023-10-12 15:15:00+05:30,2023-10-12 15:15:00+05:30,2023-10-12 15:20:00+05:30,122.45,122.3,False,False,False
33009,33009,33010,2023-10-12 15:20:00+05:30,2023-10-12 15:20:00+05:30,2023-10-12 15:25:00+05:30,122.45,122.30499999999999,False,False,False
33031,33031,33032,2023-10-13 10:55:00+05:30,2023-10-13 10:55:00+05:30,2023-10-13 11:00:00+05:30,121.25,121.155,False,False,False
33055,33055,33056,2023-10-13 12:55:00+05:30,2023-10-13 12:55:00+05:30,2023-10-13 13:00:00+05:30,121.45,121.30250000000001,False,False,False
33059,33059,33060,2023-10-13 13:15:00+05:30,2023-10-13 13:15:00+05:30,2023-10-13 13:20:00+05:30,121.5,121.3125,False,False,False
33066,33066,33067,2023-10-13 13:50:00+05:30,2023-10-13 13:50:00+05:30,2023-10-13 13:55:00+05:30,121.45,121.4,False,False,False
33070,33070,33071,2023-10-13 14:10:00+05:30,2023-10-13 14:10:00+05:30,2023-10-13 14:15:00+05:30,121.6,121.45750000000001,False,False,False
33071,33071,33072,2023-10-13 14:15:00+05:30,2023-10-13 14:15:00+05:30,2023-10-13 14:20:00+05:30,121.6,121.47250000000001,False,False,False
33073,33073,33074,2023-10-13 14:25:00+05:30,2023-10-13 14:25:00+05:30,2023-10-13 14:30:00+05:30,121.55,121.5,False,False,False
33081,33084,33085,2023-10-13 15:05:00+05:30,2023-10-13 15:20:00+05:30,2023-10-13 15:25:00+05:30,121.55,121.4875,False,False,False
33085,33085,33086,2023-10-13 15:25:00+05:30,2023-10-13 15:25:00+05:30,2023-10-16 09:15:00+05:30,121.5,121.475,True,True,False
33086,33086,33087,2023-10-16 09:15:00+05:30,2023-10-16 09:15:00+05:30,2023-10-16 09:20:00+05:30,121.55,121.4775,False,False,False
33087,33087,33088,2023-10-16 09:20:00+05:30,2023-10-16 09:20:00+05:30,2023-10-16 09:25:00+05:30,122.0,121.50250000000001,False,False,False
33119,33120,33121,2023-10-16 12:00:00+05:30,2023-10-16 12:05:00+05:30,2023-10-16 12:10:00+05:30,122.8,122.7,False,False,False
33149,33149,33150,2023-10-16 14:30:00+05:30,2023-10-16 14:30:00+05:30,2023-10-16 14:35:00+05:30,123.35,123.3475,False,False,False
33150,33150,33151,2023-10-16 14:35:00+05:30,2023-10-16 14:35:00+05:30,2023-10-16 14:40:00+05:30,123.5,123.35500000000002,False,False,False
33156,33159,33160,2023-10-16 15:05:00+05:30,2023-10-16 15:20:00+05:30,2023-10-16 15:25:00+05:30,123.45,123.3875,False,False,False
33230,33231,33232,2023-10-17 15:00:00+05:30,2023-10-17 15:05:00+05:30,2023-10-17 15:10:00+05:30,124.0,123.8625,False,False,False
33232,33233,33234,2023-10-17 15:10:00+05:30,2023-10-17 15:15:00+05:30,2023-10-17 15:20:00+05:30,123.85,123.835,False,False,False
33234,33235,33236,2023-10-17 15:20:00+05:30,2023-10-17 15:25:00+05:30,2023-10-18 09:15:00+05:30,124.25,123.80999999999999,True,True,False
33243,33244,33245,2023-10-18 09:50:00+05:30,2023-10-18 09:55:00+05:30,2023-10-18 10:00:00+05:30,124.2,124.08,False,False,False
33288,33291,33292,2023-10-18 13:35:00+05:30,2023-10-18 13:50:00+05:30,2023-10-18 13:55:00+05:30,123.4,123.37749999999998,False,False,False
33292,33292,33293,2023-10-18 13:55:00+05:30,2023-10-18 13:55:00+05:30,2023-10-18 14:00:00+05:30,123.5,123.35499999999999,False,False,False
33295,33295,33296,2023-10-18 14:10:00+05:30,2023-10-18 14:10:00+05:30,2023-10-18 14:15:00+05:30,123.35,123.3625,False,False,False
33303,33305,33306,2023-10-18 14:50:00+05:30,2023-10-18 15:00:00+05:30,2023-10-18 15:05:00+05:30,123.6,123.3525,False,False,False
33310,33310,33311,2023-10-18 15:25:00+05:30,2023-10-18 15:25:00+05:30,2023-10-19 09:15:00+05:30,121.9,123.41000000000001,True,True,False
33362,33363,33364,2023-10-19 13:30:00+05:30,2023-10-19 13:35:00+05:30,2023-10-19 13:40:00+05:30,122.15,122.02000000000001,False,False,False
33380,33380,33381,2023-10-19 15:00:00+05:30,2023-10-19 15:00:00+05:30,2023-10-19 15:05:00+05:30,122.5,122.275,False,False,False
33491,33492,33493,2023-10-23 11:45:00+05:30,2023-10-23 11:50:00+05:30,2023-10-23 11:55:00+05:30,117.65,117.6375,False,False,False
33507,33509,33510,2023-10-23 13:05:00+05:30,2023-10-23 13:15:00+05:30,2023-10-23 13:20:00+05:30,117.7,117.6525,False,False,False
33513,33516,33517,2023-10-23 13:35:00+05:30,2023-10-23 13:50:00+05:30,2023-10-23 13:55:00+05:30,117.65,117.62250000000002,False,False,False
33533,33536,33537,2023-10-23 15:15:00+05:30,2023-10-25 09:15:00+05:30,2023-10-25 09:20:00+05:30,118.4,117.1075,True,False,False
33584,33587,33588,2023-10-25 13:15:00+05:30,2023-10-25 13:30:00+05:30,2023-10-25 13:35:00+05:30,118.05,117.995,False,False,False
33638,33638,33639,2023-10-26 11:30:00+05:30,2023-10-26 11:30:00+05:30,2023-10-26 11:35:00+05:30,116.5,116.335,False,False,False
33643,33643,33644,2023-10-26 11:55:00+05:30,2023-10-26 11:55:00+05:30,2023-10-26 12:00:00+05:30,116.4,116.4325,False,False,False
33651,33652,33653,2023-10-26 12:35:00+05:30,2023-10-26 12:40:00+05:30,2023-10-26 12:45:00+05:30,116.5,116.43499999999999,False,False,False
33674,33675,33676,2023-10-26 14:30:00+05:30,2023-10-26 14:35:00+05:30,2023-10-26 14:40:00+05:30,116.1,115.99749999999999,False,False,False
33679,33679,33680,2023-10-26 14:55:00+05:30,2023-10-26 14:55:00+05:30,2023-10-26 15:00:00+05:30,116.15,115.965,False,False,False
33748,33748,33749,2023-10-27 14:25:00+05:30,2023-10-27 14:25:00+05:30,2023-10-27 14:30:00+05:30,116.3,116.1575,False,False,False
33755,33755,33756,2023-10-27 15:00:00+05:30,2023-10-27 15:00:00+05:30,2023-10-27 15:05:00+05:30,116.35,116.2775,False,False,False
33756,33757,33758,2023-10-27 15:05:00+05:30,2023-10-27 15:10:00+05:30,2023-10-27 15:15:00+05:30,116.3,116.28,False,False,False
33758,33758,33759,2023-10-27 15:15:00+05:30,2023-10-27 15:15:00+05:30,2023-10-27 15:20:00+05:30,116.4,116.3,False,False,False
33759,33759,33760,2023-10-27 15:20:00+05:30,2023-10-27 15:20:00+05:30,2023-10-27 15:25:00+05:30,116.45,116.31500000000001,False,False,False
33793,33793,33794,2023-10-30 11:55:00+05:30,2023-10-30 11:55:00+05:30,2023-10-30 12:00:00+05:30,115.85,115.66750000000002,False,False,False
33810,33810,33811,2023-10-30 13:20:00+05:30,2023-10-30 13:20:00+05:30,2023-10-30 13:25:00+05:30,115.9,115.7225,False,False,False
33823,33825,33826,2023-10-30 14:25:00+05:30,2023-10-30 14:35:00+05:30,2023-10-30 14:40:00+05:30,115.9,115.81499999999998,False,False,False
33833,33836,33837,2023-10-30 15:15:00+05:30,2023-10-31 09:15:00+05:30,2023-10-31 09:20:00+05:30,116.3,115.80249999999998,True,False,False
33839,33840,33841,2023-10-31 09:30:00+05:30,2023-10-31 09:35:00+05:30,2023-10-31 09:40:00+05:30,115.9,115.82749999999999,False,False,False
33876,33876,33877,2023-10-31 12:35:00+05:30,2023-10-31 12:35:00+05:30,2023-10-31 12:40:00+05:30,115.3,115.3525,False,False,False
33881,33881,33882,2023-10-31 13:00:00+05:30,2023-10-31 13:00:00+05:30,2023-10-31 13:05:00+05:30,115.35,115.38500000000002,False,False,False
33886,33886,33887,2023-10-31 13:25:00+05:30,2023-10-31 13:25:00+05:30,2023-10-31 13:30:00+05:30,115.3,115.3125,False,False,False
33896,33899,33900,2023-10-31 14:15:00+05:30,2023-10-31 14:30:00+05:30,2023-10-31 14:35:00+05:30,115.5,115.2125,False,False,False
33907,33910,33911,2023-10-31 15:10:00+05:30,2023-10-31 15:25:00+05:30,2023-11-01 09:15:00+05:30,115.4,115.295,True,True,True
34018,34018,34019,2023-11-02 11:55:00+05:30,2023-11-02 11:55:00+05:30,2023-11-02 12:00:00+05:30,112.8,112.81500000000001,False,False,False
34019,34019,34020,2023-11-02 12:00:00+05:30,2023-11-02 12:00:00+05:30,2023-11-02 12:05:00+05:30,112.85,112.81499999999998,False,False,False
34049,34049,34050,2023-11-02 14:30:00+05:30,2023-11-02 14:30:00+05:30,2023-11-02 14:35:00+05:30,114.15,114.14250000000001,False,False,False
34056,34058,34059,2023-11-02 15:05:00+05:30,2023-11-02 15:15:00+05:30,2023-11-02 15:20:00+05:30,114.7,114.35249999999999,False,False,False
34118,34118,34119,2023-11-03 14:00:00+05:30,2023-11-03 14:00:00+05:30,2023-11-03 14:05:00+05:30,114.3,114.06500000000001,False,False,False
34133,34136,34137,2023-11-03 15:15:00+05:30,2023-11-06 09:15:00+05:30,2023-11-06 09:20:00+05:30,114.05,113.91,True,False,False
34167,34169,34170,2023-11-06 11:50:00+05:30,2023-11-06 12:00:00+05:30,2023-11-06 12:05:00+05:30,114.75,114.505,False,False,False
34168,34168,34169,2023-11-06 11:55:00+05:30,2023-11-06 11:55:00+05:30,2023-11-06 12:00:00+05:30,114.55,114.49249999999999,False,False,False
34204,34204,34205,2023-11-06 14:55:00+05:30,2023-11-06 14:55:00+05:30,2023-11-06 15:00:00+05:30,115.7,115.57249999999999,False,False,False
34205,34205,34206,2023-11-06 15:00:00+05:30,2023-11-06 15:00:00+05:30,2023-11-06 15:05:00+05:30,115.8,115.60499999999999,False,False,False
34206,34206,34207,2023-11-06 15:05:00+05:30,2023-11-06 15:05:00+05:30,2023-11-06 15:10:00+05:30,115.7,115.625,False,False,False
34256,34256,34257,2023-11-07 13:00:00+05:30,2023-11-07 13:00:00+05:30,2023-11-07 13:05:00+05:30,116.45,116.25,False,False,False
34267,34267,34268,2023-11-07 13:55:00+05:30,2023-11-07 13:55:00+05:30,2023-11-07 14:00:00+05:30,116.4,116.2875,False,False,False
34268,34268,34269,2023-11-07 14:00:00+05:30,2023-11-07 14:00:00+05:30,2023-11-07 14:05:00+05:30,116.45,116.30250000000001,False,False,False
34277,34280,34281,2023-11-07 14:45:00+05:30,2023-11-07 15:00:00+05:30,2023-11-07 15:05:00+05:30,116.35,116.2625,False,False,False
34336,34336,34337,2023-11-08 13:25:00+05:30,2023-11-08 13:25:00+05:30,2023-11-08 13:30:00+05:30,115.45,115.4425,False,False,False
34349,34351,34352,2023-11-08 14:30:00+05:30,2023-11-08 14:40:00+05:30,2023-11-08 14:45:00+05:30,115.4,115.42,False,False,False
34354,34354,34355,2023-11-08 14:55:00+05:30,2023-11-08 14:55:00+05:30,2023-11-08 15:00:00+05:30,115.45,115.36749999999999,False,False,False
34358,34358,34359,2023-11-08 15:15:00+05:30,2023-11-08 15:15:00+05:30,2023-11-08 15:20:00+05:30,115.5,115.4,False,False,False
34359,34359,34360,2023-11-08 15:20:00+05:30,2023-11-08 15:20:00+05:30,2023-11-08 15:25:00+05:30,115.5,115.41000000000001,False,False,False
34360,34361,34362,2023-11-08 15:25:00+05:30,2023-11-09 09:15:00+05:30,2023-11-09 09:20:00+05:30,115.65,115.4125,True,False,False
34394,34394,34395,2023-11-09 12:00:00+05:30,2023-11-09 12:00:00+05:30,2023-11-09 12:05:00+05:30,115.85,115.80499999999999,False,False,False
34395,34395,34396,2023-11-09 12:05:00+05:30,2023-11-09 12:05:00+05:30,2023-11-09 12:10:00+05:30,115.85,115.82000000000001,False,False,False
34405,34405,34406,2023-11-09 12:55:00+05:30,2023-11-09 12:55:00+05:30,2023-11-09 13:00:00+05:30,116.0,115.95249999999999,False,False,False
34487,34488,34489,2023-11-10 13:30:00+05:30,2023-11-10 13:35:00+05:30,2023-11-10 13:40:00+05:30,116.55,116.53999999999999,False,False,False
34502,34505,34506,2023-11-10 14:45:00+05:30,2023-11-10 15:00:00+05:30,2023-11-10 15:05:00+05:30,116.4,116.38,False,False,False
34508,34508,34509,2023-11-10 15:15:00+05:30,2023-11-10 15:15:00+05:30,2023-11-10 15:20:00+05:30,116.45,116.32750000000001,False,False,False
34541,34541,34542,2023-11-13 10:45:00+05:30,2023-11-13 10:45:00+05:30,2023-11-13 10:50:00+05:30,117.05,116.95750000000001,False,False,False
34550,34550,34551,2023-11-13 11:30:00+05:30,2023-11-13 11:30:00+05:30,2023-11-13 11:35:00+05:30,117.15,117.13249999999998,False,False,False
34552,34552,34553,2023-11-13 11:40:00+05:30,2023-11-13 11:40:00+05:30,2023-11-13 11:45:00+05:30,117.2,117.11999999999998,False,False,False
34576,34576,34577,2023-11-13 13:40:00+05:30,2023-11-13 13:40:00+05:30,2023-11-13 13:45:00+05:30,117.2,116.89250000000001,False,False,False
34590,34592,34593,2023-11-13 14:50:00+05:30,2023-11-13 15:00:00+05:30,2023-11-13 15:05:00+05:30,117.35,117.05000000000003,False,False,False
34631,34631,34632,2023-11-15 12:00:00+05:30,2023-11-15 12:00:00+05:30,2023-11-15 12:05:00+05:30,119.4,119.19749999999999,False,False,False
34671,34671,34672,2023-11-15 15:20:00+05:30,2023-11-15 15:20:00+05:30,2023-11-15 15:25:00+05:30,120.35,120.275,False,False,False
34672,34672,34673,2023-11-15 15:25:00+05:30,2023-11-15 15:25:00+05:30,2023-11-16 09:15:00+05:30,120.4,120.30500000000002,True,True,False
34731,34731,34732,2023-11-16 14:05:00+05:30,2023-11-16 14:05:00+05:30,2023-11-16 14:10:00+05:30,121.3,121.1475,False,False,False
34779,34779,34780,2023-11-17 11:50:00+05:30,2023-11-17 11:50:00+05:30,2023-11-17 11:55:00+05:30,121.45,121.38,False,False,False
34782,34782,34783,2023-11-17 12:05:00+05:30,2023-11-17 12:05:00+05:30,2023-11-17 12:10:00+05:30,121.8,121.45500000000001,False,False,False
34799,34799,34800,2023-11-17 13:30:00+05:30,2023-11-17 13:30:00+05:30,2023-11-17 13:35:00+05:30,121.9,121.67,False,False,False
34802,34802,34803,2023-11-17 13:45:00+05:30,2023-11-17 13:45:00+05:30,2023-11-17 13:50:00+05:30,121.85,121.7,False,False,False
34810,34810,34811,2023-11-17 14:25:00+05:30,2023-11-17 14:25:00+05:30,2023-11-17 14:30:00+05:30,121.75,121.69000000000001,False,False,False
34817,34818,34819,2023-11-17 15:00:00+05:30,2023-11-17 15:05:00+05:30,2023-11-17 15:10:00+05:30,121.85,121.66999999999999,False,False,False
34819,34819,34820,2023-11-17 15:10:00+05:30,2023-11-17 15:10:00+05:30,2023-11-17 15:15:00+05:30,121.7,121.67249999999999,False,False,False
34820,34823,34824,2023-11-17 15:15:00+05:30,2023-11-20 09:15:00+05:30,2023-11-20 09:20:00+05:30,122.0,121.6625,True,False,False
34842,34842,34843,2023-11-20 10:50:00+05:30,2023-11-20 10:50:00+05:30,2023-11-20 10:55:00+05:30,121.9,121.76750000000001,False,False,False
34895,34898,34899,2023-11-20 15:15:00+05:30,2023-11-21 09:15:00+05:30,2023-11-21 09:20:00+05:30,121.9,120.9125,True,False,False
34926,34926,34927,2023-11-21 11:35:00+05:30,2023-11-21 11:35:00+05:30,2023-11-21 11:40:00+05:30,122.45,122.225,False,False,False
34933,34933,34934,2023-11-21 12:10:00+05:30,2023-11-21 12:10:00+05:30,2023-11-21 12:15:00+05:30,122.45,122.215,False,False,False
34947,34950,34951,2023-11-21 13:20:00+05:30,2023-11-21 13:35:00+05:30,2023-11-21 13:40:00+05:30,122.45,122.38499999999999,False,False,False
34955,34958,34959,2023-11-21 14:00:00+05:30,2023-11-21 14:15:00+05:30,2023-11-21 14:20:00+05:30,122.4,122.39500000000001,False,False,False
34965,34965,34966,2023-11-21 14:50:00+05:30,2023-11-21 14:50:00+05:30,2023-11-21 14:55:00+05:30,122.6,122.30249999999998,False,False,False
34973,34973,34974,2023-11-22 09:15:00+05:30,2023-11-22 09:15:00+05:30,2023-11-22 09:20:00+05:30,122.85,122.455,False,False,False
34984,34984,34985,2023-11-22 10:10:00+05:30,2023-11-22 10:10:00+05:30,2023-11-22 10:15:00+05:30,122.85,122.63500000000002,False,False,False
35032,35034,35035,2023-11-22 14:10:00+05:30,2023-11-22 14:20:00+05:30,2023-11-22 14:25:00+05:30,122.2,122.13499999999999,False,False,False
35093,35093,35094,2023-11-23 13:00:00+05:30,2023-11-23 13:00:00+05:30,2023-11-23 13:05:00+05:30,123.4,123.3525,False,False,False
35094,35094,35095,2023-11-23 13:05:00+05:30,2023-11-23 13:05:00+05:30,2023-11-23 13:10:00+05:30,123.35,123.3625,False,False,False
35095,35095,35096,2023-11-23 13:10:00+05:30,2023-11-23 13:10:00+05:30,2023-11-23 13:15:00+05:30,123.4,123.36749999999999,False,False,False
35096,35096,35097,2023-11-23 13:15:00+05:30,2023-11-23 13:15:00+05:30,2023-11-23 13:20:00+05:30,123.5,123.37249999999999,False,False,False
35106,35109,35110,2023-11-23 14:05:00+05:30,2023-11-23 14:20:00+05:30,2023-11-23 14:25:00+05:30,123.5,123.4625,False,False,False
35156,35156,35157,2023-11-24 12:00:00+05:30,2023-11-24 12:00:00+05:30,2023-11-24 12:05:00+05:30,122.8,122.535,False,False,False
35163,35163,35164,2023-11-24 12:35:00+05:30,2023-11-24 12:35:00+05:30,2023-11-24 12:40:00+05:30,122.65,122.6425,False,False,False
35190,35190,35191,2023-11-24 14:50:00+05:30,2023-11-24 14:50:00+05:30,2023-11-24 14:55:00+05:30,122.25,122.23249999999999,False,False,False
35192,35192,35193,2023-11-24 15:00:00+05:30,2023-11-24 15:00:00+05:30,2023-11-24 15:05:00+05:30,122.4,122.21999999999998,False,False,False
35196,35196,35197,2023-11-24 15:20:00+05:30,2023-11-24 15:20:00+05:30,2023-11-24 15:25:00+05:30,122.3,122.245,False,False,False
35197,35197,35198,2023-11-24 15:25:00+05:30,2023-11-24 15:25:00+05:30,2023-11-28 09:15:00+05:30,123.4,122.245,True,True,False
35213,35213,35214,2023-11-28 10:30:00+05:30,2023-11-28 10:30:00+05:30,2023-11-28 10:35:00+05:30,122.8,122.5925,False,False,False
35245,35245,35246,2023-11-28 13:10:00+05:30,2023-11-28 13:10:00+05:30,2023-11-28 13:15:00+05:30,122.65,122.55249999999998,False,False,False
35247,35247,35248,2023-11-28 13:20:00+05:30,2023-11-28 13:20:00+05:30,2023-11-28 13:25:00+05:30,122.7,122.55250000000001,False,False,False
35274,35274,35275,2023-11-29 09:20:00+05:30,2023-11-29 09:20:00+05:30,2023-11-29 09:25:00+05:30,123.35,123.19500000000001,False,False,False
35300,35300,35301,2023-11-29 11:30:00+05:30,2023-11-29 11:30:00+05:30,2023-11-29 11:35:00+05:30,124.15,123.94750000000002,False,False,False
35312,35312,35313,2023-11-29 12:30:00+05:30,2023-11-29 12:30:00+05:30,2023-11-29 12:35:00+05:30,124.25,124.095,False,False,False
35326,35326,35327,2023-11-29 13:40:00+05:30,2023-11-29 13:40:00+05:30,2023-11-29 13:45:00+05:30,124.15,124.08250000000001,False,False,False
35338,35338,35339,2023-11-29 14:40:00+05:30,2023-11-29 14:40:00+05:30,2023-11-29 14:45:00+05:30,124.1,124.0625,False,False,False
35342,35342,35343,2023-11-29 15:00:00+05:30,2023-11-29 15:00:00+05:30,2023-11-29 15:05:00+05:30,124.2,124.08,False,False,False
35344,35344,35345,2023-11-29 15:10:00+05:30,2023-11-29 15:10:00+05:30,2023-11-29 15:15:00+05:30,124.15,124.10000000000002,False,False,False
35345,35345,35346,2023-11-29 15:15:00+05:30,2023-11-29 15:15:00+05:30,2023-11-29 15:20:00+05:30,124.2,124.11500000000001,False,False,False
35346,35346,35347,2023-11-29 15:20:00+05:30,2023-11-29 15:20:00+05:30,2023-11-29 15:25:00+05:30,124.2,124.11749999999999,False,False,False
35363,35363,35364,2023-11-30 10:30:00+05:30,2023-11-30 10:30:00+05:30,2023-11-30 10:35:00+05:30,123.9,123.55499999999999,False,False,False
35395,35395,35396,2023-11-30 13:10:00+05:30,2023-11-30 13:10:00+05:30,2023-11-30 13:15:00+05:30,124.75,124.53500000000001,False,False,False
35408,35410,35411,2023-11-30 14:15:00+05:30,2023-11-30 14:25:00+05:30,2023-11-30 14:30:00+05:30,124.75,124.79,False,False,False
35415,35415,35416,2023-11-30 14:50:00+05:30,2023-11-30 14:50:00+05:30,2023-11-30 14:55:00+05:30,124.95,124.86499999999998,False,False,False
35422,35425,35426,2023-11-30 15:25:00+05:30,2023-12-01 09:25:00+05:30,2023-12-01 09:30:00+05:30,125.0,124.70750000000001,True,False,False
35454,35455,35456,2023-12-01 11:50:00+05:30,2023-12-01 11:55:00+05:30,2023-12-01 12:00:00+05:30,125.45,125.4025,False,False,False
35468,35468,35469,2023-12-01 13:00:00+05:30,2023-12-01 13:00:00+05:30,2023-12-01 13:05:00+05:30,125.6,125.325,False,False,False
35477,35477,35478,2023-12-01 13:45:00+05:30,2023-12-01 13:45:00+05:30,2023-12-01 13:50:00+05:30,125.8,125.3175,False,False,False
35496,35496,35497,2023-12-01 15:20:00+05:30,2023-12-01 15:20:00+05:30,2023-12-01 15:25:00+05:30,126.45,126.3375,False,False,False
35497,35497,35498,2023-12-01 15:25:00+05:30,2023-12-01 15:25:00+05:30,2023-12-04 09:15:00+05:30,128.6,126.37,True,True,False
35547,35547,35548,2023-12-04 13:20:00+05:30,2023-12-04 13:20:00+05:30,2023-12-04 13:25:00+05:30,127.45,127.3125,False,False,False
35551,35551,35552,2023-12-04 13:40:00+05:30,2023-12-04 13:40:00+05:30,2023-12-04 13:45:00+05:30,127.4,127.3925,False,False,False
35555,35556,35557,2023-12-04 14:00:00+05:30,2023-12-04 14:05:00+05:30,2023-12-04 14:10:00+05:30,127.45,127.4,False,False,False
35558,35559,35560,2023-12-04 14:15:00+05:30,2023-12-04 14:20:00+05:30,2023-12-04 14:25:00+05:30,127.45,127.4125,False,False,False
35562,35563,35564,2023-12-04 14:35:00+05:30,2023-12-04 14:40:00+05:30,2023-12-04 14:45:00+05:30,127.45,127.40749999999998,False,False,False
35566,35566,35567,2023-12-04 14:55:00+05:30,2023-12-04 14:55:00+05:30,2023-12-04 15:00:00+05:30,127.45,127.39250000000001,False,False,False
35567,35567,35568,2023-12-04 15:00:00+05:30,2023-12-04 15:00:00+05:30,2023-12-04 15:05:00+05:30,127.45,127.3925,False,False,False
35568,35568,35569,2023-12-04 15:05:00+05:30,2023-12-04 15:05:00+05:30,2023-12-04 15:10:00+05:30,127.4,127.39000000000001,False,False,False
35569,35569,35570,2023-12-04 15:10:00+05:30,2023-12-04 15:10:00+05:30,2023-12-04 15:15:00+05:30,127.4,127.3875,False,False,False
35570,35570,35571,2023-12-04 15:15:00+05:30,2023-12-04 15:15:00+05:30,2023-12-04 15:20:00+05:30,127.45,127.38499999999999,False,False,False
35571,35571,35572,2023-12-04 15:20:00+05:30,2023-12-04 15:20:00+05:30,2023-12-04 15:25:00+05:30,127.45,127.38499999999999,False,False,False
35585,35585,35586,2023-12-05 10:15:00+05:30,2023-12-05 10:15:00+05:30,2023-12-05 10:20:00+05:30,127.45,127.1125,False,False,False
35625,35625,35626,2023-12-05 13:35:00+05:30,2023-12-05 13:35:00+05:30,2023-12-05 13:40:00+05:30,127.9,127.625,False,False,False
35634,35634,35635,2023-12-05 14:20:00+05:30,2023-12-05 14:20:00+05:30,2023-12-05 14:25:00+05:30,128.05,127.80999999999999,False,False,False
35635,35636,35637,2023-12-05 14:25:00+05:30,2023-12-05 14:30:00+05:30,2023-12-05 14:35:00+05:30,127.85,127.80999999999999,False,False,False
35640,35641,35642,2023-12-05 14:50:00+05:30,2023-12-05 14:55:00+05:30,2023-12-05 15:00:00+05:30,127.85,127.82750000000001,False,False,False
35642,35642,35643,2023-12-05 15:00:00+05:30,2023-12-05 15:00:00+05:30,2023-12-05 15:05:00+05:30,128.0,127.87249999999999,False,False,False
35643,35643,35644,2023-12-05 15:05:00+05:30,2023-12-05 15:05:00+05:30,2023-12-05 15:10:00+05:30,128.0,127.9,False,False,False
35645,35645,35646,2023-12-05 15:15:00+05:30,2023-12-05 15:15:00+05:30,2023-12-05 15:20:00+05:30,127.95,127.925,False,False,False
35668,35668,35669,2023-12-06 10:55:00+05:30,2023-12-06 10:55:00+05:30,2023-12-06 11:00:00+05:30,127.8,127.5575,False,False,False
35702,35702,35703,2023-12-06 13:45:00+05:30,2023-12-06 13:45:00+05:30,2023-12-06 13:50:00+05:30,128.65,128.1575,False,False,False
35710,35710,35711,2023-12-06 14:25:00+05:30,2023-12-06 14:25:00+05:30,2023-12-06 14:30:00+05:30,128.55,128.48999999999998,False,False,False
35795,35796,35797,2023-12-07 15:15:00+05:30,2023-12-07 15:20:00+05:30,2023-12-07 15:25:00+05:30,126.45,126.43000000000002,False,False,False
35798,35798,35799,2023-12-08 09:15:00+05:30,2023-12-08 09:15:00+05:30,2023-12-08 09:20:00+05:30,126.5,126.415,False,False,False
35873,35873,35874,2023-12-11 09:15:00+05:30,2023-12-11 09:15:00+05:30,2023-12-11 09:20:00+05:30,125.4,125.3175,False,False,False
35929,35931,35932,2023-12-11 13:55:00+05:30,2023-12-11 14:05:00+05:30,2023-12-11 14:10:00+05:30,126.5,126.175,False,False,False
35948,35948,35949,2023-12-12 09:15:00+05:30,2023-12-12 09:15:00+05:30,2023-12-12 09:20:00+05:30,127.8,126.49000000000001,False,False,False
36007,36010,36011,2023-12-12 14:10:00+05:30,2023-12-12 14:25:00+05:30,2023-12-12 14:30:00+05:30,127.15,127.10249999999999,False,False,False
36018,36020,36021,2023-12-12 15:05:00+05:30,2023-12-12 15:15:00+05:30,2023-12-12 15:20:00+05:30,126.8,126.89250000000001,False,False,False
36021,36024,36025,2023-12-12 15:20:00+05:30,2023-12-13 09:20:00+05:30,2023-12-13 09:25:00+05:30,127.0,126.80500000000002,True,False,False
36023,36023,36024,2023-12-13 09:15:00+05:30,2023-12-13 09:15:00+05:30,2023-12-13 09:20:00+05:30,126.75,126.755,False,False,False
36065,36065,36066,2023-12-13 12:45:00+05:30,2023-12-13 12:45:00+05:30,2023-12-13 12:50:00+05:30,126.25,125.94250000000002,False,False,False
36150,36152,36153,2023-12-14 13:35:00+05:30,2023-12-14 13:45:00+05:30,2023-12-14 13:50:00+05:30,128.6,128.58499999999998,False,False,False
36154,36156,36157,2023-12-14 13:55:00+05:30,2023-12-14 14:05:00+05:30,2023-12-14 14:10:00+05:30,128.5,128.5325,False,False,False
36160,36161,36162,2023-12-14 14:25:00+05:30,2023-12-14 14:30:00+05:30,2023-12-14 14:35:00+05:30,128.5,128.4725,False,False,False
36162,36163,36164,2023-12-14 14:35:00+05:30,2023-12-14 14:40:00+05:30,2023-12-14 14:45:00+05:30,128.65,128.48000000000002,False,False,False
36166,36166,36167,2023-12-14 14:55:00+05:30,2023-12-14 14:55:00+05:30,2023-12-14 15:00:00+05:30,128.45,128.48499999999999,False,False,False
36167,36168,36169,2023-12-14 15:00:00+05:30,2023-12-14 15:05:00+05:30,2023-12-14 15:10:00+05:30,128.55,128.48,False,False,False
36169,36169,36170,2023-12-14 15:10:00+05:30,2023-12-14 15:10:00+05:30,2023-12-14 15:15:00+05:30,128.45,128.48250000000002,False,False,False
36170,36171,36172,2023-12-14 15:15:00+05:30,2023-12-14 15:20:00+05:30,2023-12-14 15:25:00+05:30,128.5,128.47,False,False,False
36172,36173,36174,2023-12-14 15:25:00+05:30,2023-12-15 09:15:00+05:30,2023-12-15 09:20:00+05:30,130.2,128.46,True,False,False
36235,36235,36236,2023-12-15 14:25:00+05:30,2023-12-15 14:25:00+05:30,2023-12-15 14:30:00+05:30,132.8,132.2225,False,False,False
36303,36306,36307,2023-12-18 13:50:00+05:30,2023-12-18 14:05:00+05:30,2023-12-18 14:10:00+05:30,133.1,133.08499999999998,False,False,False
36317,36318,36319,2023-12-18 15:00:00+05:30,2023-12-18 15:05:00+05:30,2023-12-18 15:10:00+05:30,133.15,133.0975,False,False,False
36319,36320,36321,2023-12-18 15:10:00+05:30,2023-12-18 15:15:00+05:30,2023-12-18 15:20:00+05:30,133.1,133.10750000000002,False,False,False
36321,36323,36324,2023-12-18 15:20:00+05:30,2023-12-19 09:15:00+05:30,2023-12-19 09:20:00+05:30,133.25,133.1325,True,False,False
36324,36324,36325,2023-12-19 09:20:00+05:30,2023-12-19 09:20:00+05:30,2023-12-19 09:25:00+05:30,133.85,133.20499999999998,False,False,False
36352,36352,36353,2023-12-19 11:40:00+05:30,2023-12-19 11:40:00+05:30,2023-12-19 11:45:00+05:30,131.75,131.59750000000003,False,False,False
36382,36382,36383,2023-12-19 14:10:00+05:30,2023-12-19 14:10:00+05:30,2023-12-19 14:15:00+05:30,132.55,132.48,False,False,False
36383,36383,36384,2023-12-19 14:15:00+05:30,2023-12-19 14:15:00+05:30,2023-12-19 14:20:00+05:30,132.45,132.48250000000002,False,False,False
36510,36513,36514,2023-12-21 12:20:00+05:30,2023-12-21 12:35:00+05:30,2023-12-21 12:40:00+05:30,126.6,126.16749999999999,False,False,False
36511,36512,36513,2023-12-21 12:25:00+05:30,2023-12-21 12:30:00+05:30,2023-12-21 12:35:00+05:30,126.15,126.12,False,False,False
36526,36526,36527,2023-12-21 13:40:00+05:30,2023-12-21 13:40:00+05:30,2023-12-21 13:45:00+05:30,126.45,126.5175,False,False,False
36655,36656,36657,2023-12-26 11:55:00+05:30,2023-12-26 12:00:00+05:30,2023-12-26 12:05:00+05:30,131.85,131.7575,False,False,False
36664,36664,36665,2023-12-26 12:40:00+05:30,2023-12-26 12:40:00+05:30,2023-12-26 12:45:00+05:30,131.85,131.845,False,False,False
36668,36670,36671,2023-12-26 13:00:00+05:30,2023-12-26 13:10:00+05:30,2023-12-26 13:15:00+05:30,132.0,131.825,False,False,False
36674,36674,36675,2023-12-26 13:30:00+05:30,2023-12-26 13:30:00+05:30,2023-12-26 13:35:00+05:30,132.1,131.9375,False,False,False
36695,36698,36699,2023-12-26 15:15:00+05:30,2023-12-27 09:15:00+05:30,2023-12-27 09:20:00+05:30,132.7,131.8725,True,False,False
36697,36697,36698,2023-12-26 15:25:00+05:30,2023-12-26 15:25:00+05:30,2023-12-27 09:15:00+05:30,132.25,131.8425,True,True,False
36767,36767,36768,2023-12-27 15:00:00+05:30,2023-12-27 15:00:00+05:30,2023-12-27 15:05:00+05:30,133.45,133.25,False,False,False
36772,36772,36773,2023-12-27 15:25:00+05:30,2023-12-27 15:25:00+05:30,2023-12-28 09:15:00+05:30,134.55,133.395,True,True,False
36778,36779,36780,2023-12-28 09:40:00+05:30,2023-12-28 09:45:00+05:30,2023-12-28 09:50:00+05:30,133.9,133.66500000000002,False,False,False
36813,36813,36814,2023-12-28 12:35:00+05:30,2023-12-28 12:35:00+05:30,2023-12-28 12:40:00+05:30,134.4,134.2625,False,False,False
36820,36820,36821,2023-12-28 13:10:00+05:30,2023-12-28 13:10:00+05:30,2023-12-28 13:15:00+05:30,134.3,134.225,False,False,False
36824,36824,36825,2023-12-28 13:30:00+05:30,2023-12-28 13:30:00+05:30,2023-12-28 13:35:00+05:30,134.4,134.2025,False,False,False
36834,36834,36835,2023-12-28 14:20:00+05:30,2023-12-28 14:20:00+05:30,2023-12-28 14:25:00+05:30,134.5,134.34,False,False,False
36840,36843,36844,2023-12-28 14:50:00+05:30,2023-12-28 15:05:00+05:30,2023-12-28 15:10:00+05:30,134.55,134.35750000000002,False,False,False
36866,36866,36867,2023-12-29 10:45:00+05:30,2023-12-29 10:45:00+05:30,2023-12-29 10:50:00+05:30,135.95,134.15249999999997,False,False,False
36920,36923,36924,2023-12-29 15:15:00+05:30,2024-01-01 09:15:00+05:30,2024-01-01 09:20:00+05:30,136.2,136.17000000000002,True,False,False
36968,36968,36969,2024-01-01 13:00:00+05:30,2024-01-01 13:00:00+05:30,2024-01-01 13:05:00+05:30,136.85,136.655,False,False,False
36972,36972,36973,2024-01-01 13:20:00+05:30,2024-01-01 13:20:00+05:30,2024-01-01 13:25:00+05:30,136.7,136.6375,False,False,False
36979,36982,36983,2024-01-01 13:55:00+05:30,2024-01-01 14:10:00+05:30,2024-01-01 14:15:00+05:30,136.6,136.5325,False,False,False
36984,36984,36985,2024-01-01 14:20:00+05:30,2024-01-01 14:20:00+05:30,2024-01-01 14:25:00+05:30,136.9,136.56,False,False,False
37026,37026,37027,2024-01-02 11:35:00+05:30,2024-01-02 11:35:00+05:30,2024-01-02 11:40:00+05:30,134.8,134.67000000000002,False,False,False
37027,37027,37028,2024-01-02 11:40:00+05:30,2024-01-02 11:40:00+05:30,2024-01-02 11:45:00+05:30,134.8,134.6325,False,False,False
37068,37068,37069,2024-01-02 15:05:00+05:30,2024-01-02 15:05:00+05:30,2024-01-02 15:10:00+05:30,136.05,136.0,False,False,False
37217,37220,37221,2024-01-04 15:00:00+05:30,2024-01-04 15:15:00+05:30,2024-01-04 15:20:00+05:30,130.7,130.67000000000002,False,False,False
37221,37222,37223,2024-01-04 15:20:00+05:30,2024-01-04 15:25:00+05:30,2024-01-05 09:15:00+05:30,131.4,130.6225,True,True,False
37228,37230,37231,2024-01-05 09:40:00+05:30,2024-01-05 09:50:00+05:30,2024-01-05 09:55:00+05:30,131.5,130.6,False,False,False
37295,37295,37296,2024-01-05 15:15:00+05:30,2024-01-05 15:15:00+05:30,2024-01-05 15:20:00+05:30,130.2,130.13,False,False,False
37296,37296,37297,2024-01-05 15:20:00+05:30,2024-01-05 15:20:00+05:30,2024-01-05 15:25:00+05:30,130.1,130.10999999999999,False,False,False
37351,37354,37355,2024-01-08 13:40:00+05:30,2024-01-08 13:55:00+05:30,2024-01-08 14:00:00+05:30,129.15,129.18,False,False,False
37370,37373,37374,2024-01-08 15:15:00+05:30,2024-01-09 09:15:00+05:30,2024-01-09 09:20:00+05:30,129.65,128.84999999999997,True,False,False
37407,37409,37410,2024-01-09 12:05:00+05:30,2024-01-09 12:15:00+05:30,2024-01-09 12:20:00+05:30,130.45,130.2875,False,False,False
37426,37426,37427,2024-01-09 13:40:00+05:30,2024-01-09 13:40:00+05:30,2024-01-09 13:45:00+05:30,130.9,130.74,False,False,False
37445,37447,37448,2024-01-09 15:15:00+05:30,2024-01-09 15:25:00+05:30,2024-01-10 09:15:00+05:30,130.2,130.24,True,True,False
37448,37448,37449,2024-01-10 09:15:00+05:30,2024-01-10 09:15:00+05:30,2024-01-10 09:20:00+05:30,130.2,130.14000000000001,False,False,False
37468,37468,37469,2024-01-10 10:55:00+05:30,2024-01-10 10:55:00+05:30,2024-01-10 11:00:00+05:30,129.6,129.3575,False,False,False
37490,37490,37491,2024-01-10 12:45:00+05:30,2024-01-10 12:45:00+05:30,2024-01-10 12:50:00+05:30,130.3,130.2475,False,False,False
37510,37510,37511,2024-01-10 14:25:00+05:30,2024-01-10 14:25:00+05:30,2024-01-10 14:30:00+05:30,130.45,130.39749999999998,False,False,False
37511,37511,37512,2024-01-10 14:30:00+05:30,2024-01-10 14:30:00+05:30,2024-01-10 14:35:00+05:30,130.55,130.41000000000003,False,False,False
37514,37515,37516,2024-01-10 14:45:00+05:30,2024-01-10 14:50:00+05:30,2024-01-10 14:55:00+05:30,130.7,130.4625,False,False,False
37516,37517,37518,2024-01-10 14:55:00+05:30,2024-01-10 15:00:00+05:30,2024-01-10 15:05:00+05:30,130.75,130.5,False,False,False
37518,37520,37521,2024-01-10 15:05:00+05:30,2024-01-10 15:15:00+05:30,2024-01-10 15:20:00+05:30,130.55,130.5375,False,False,False
37519,37521,37522,2024-01-10 15:10:00+05:30,2024-01-10 15:20:00+05:30,2024-01-10 15:25:00+05:30,130.6,130.55749999999998,False,False,False
37522,37523,37524,2024-01-10 15:25:00+05:30,2024-01-11 09:15:00+05:30,2024-01-11 09:20:00+05:30,131.15,130.59750000000003,True,False,False
37555,37555,37556,2024-01-11 11:55:00+05:30,2024-01-11 11:55:00+05:30,2024-01-11 12:00:00+05:30,131.75,131.45250000000001,False,False,False
37566,37566,37567,2024-01-11 12:50:00+05:30,2024-01-11 12:50:00+05:30,2024-01-11 12:55:00+05:30,131.9,131.65,False,False,False
37578,37578,37579,2024-01-11 13:50:00+05:30,2024-01-11 13:50:00+05:30,2024-01-11 13:55:00+05:30,131.8,131.7,False,False,False
37594,37597,37598,2024-01-11 15:10:00+05:30,2024-01-11 15:25:00+05:30,2024-01-12 09:15:00+05:30,132.2,131.41,True,True,False
37598,37598,37599,2024-01-12 09:15:00+05:30,2024-01-12 09:15:00+05:30,2024-01-12 09:20:00+05:30,131.35,131.345,False,False,False
37599,37599,37600,2024-01-12 09:20:00+05:30,2024-01-12 09:20:00+05:30,2024-01-12 09:25:00+05:30,131.6,131.3425,False,False,False
37601,37601,37602,2024-01-12 09:30:00+05:30,2024-01-12 09:30:00+05:30,2024-01-12 09:35:00+05:30,131.35,131.345,False,False,False
37625,37625,37626,2024-01-12 11:30:00+05:30,2024-01-12 11:30:00+05:30,2024-01-12 11:35:00+05:30,132.15,132.0875,False,False,False
37627,37627,37628,2024-01-12 11:40:00+05:30,2024-01-12 11:40:00+05:30,2024-01-12 11:45:00+05:30,132.35,132.125,False,False,False
37663,37666,37667,2024-01-12 14:40:00+05:30,2024-01-12 14:55:00+05:30,2024-01-12 15:00:00+05:30,132.05,132.07250000000002,False,False,False
37670,37673,37674,2024-01-12 15:15:00+05:30,2024-01-15 09:15:00+05:30,2024-01-15 09:20:00+05:30,132.5,131.97750000000002,True,False,False
37695,37697,37698,2024-01-15 11:05:00+05:30,2024-01-15 11:15:00+05:30,2024-01-15 11:20:00+05:30,131.45,131.375,False,False,False
37708,37708,37709,2024-01-15 12:10:00+05:30,2024-01-15 12:10:00+05:30,2024-01-15 12:15:00+05:30,131.45,131.4475,False,False,False
37709,37712,37713,2024-01-15 12:15:00+05:30,2024-01-15 12:30:00+05:30,2024-01-15 12:35:00+05:30,131.5,131.45,False,False,False
37748,37748,37749,2024-01-16 09:15:00+05:30,2024-01-16 09:15:00+05:30,2024-01-16 09:20:00+05:30,132.35,131.25,False,False,False
37750,37751,37752,2024-01-16 09:25:00+05:30,2024-01-16 09:30:00+05:30,2024-01-16 09:35:00+05:30,131.4,131.32250000000002,False,False,False
37773,37775,37776,2024-01-16 11:20:00+05:30,2024-01-16 11:30:00+05:30,2024-01-16 11:35:00+05:30,131.5,131.4975,False,False,False
37778,37778,37779,2024-01-16 11:45:00+05:30,2024-01-16 11:45:00+05:30,2024-01-16 11:50:00+05:30,131.8,131.4625,False,False,False
37803,37803,37804,2024-01-16 13:50:00+05:30,2024-01-16 13:50:00+05:30,2024-01-16 13:55:00+05:30,131.9,131.67000000000002,False,False,False
37843,37843,37844,2024-01-17 10:55:00+05:30,2024-01-17 10:55:00+05:30,2024-01-17 11:00:00+05:30,130.9,130.885,False,False,False
37848,37848,37849,2024-01-17 11:20:00+05:30,2024-01-17 11:20:00+05:30,2024-01-17 11:25:00+05:30,130.85,130.8225,False,False,False
37875,37876,37877,2024-01-17 13:35:00+05:30,2024-01-17 13:40:00+05:30,2024-01-17 13:45:00+05:30,129.55,129.52,False,False,False
37877,37877,37878,2024-01-17 13:45:00+05:30,2024-01-17 13:45:00+05:30,2024-01-17 13:50:00+05:30,129.55,129.525,False,False,False
37958,37961,37962,2024-01-18 14:15:00+05:30,2024-01-18 14:30:00+05:30,2024-01-18 14:35:00+05:30,126.95,126.67249999999999,False,False,False
38024,38024,38025,2024-01-19 13:30:00+05:30,2024-01-19 13:30:00+05:30,2024-01-19 13:35:00+05:30,130.7,130.6275,False,False,False
38042,38043,38044,2024-01-19 15:00:00+05:30,2024-01-19 15:05:00+05:30,2024-01-19 15:10:00+05:30,130.65,130.6175,False,False,False
38045,38045,38046,2024-01-19 15:15:00+05:30,2024-01-19 15:15:00+05:30,2024-01-19 15:20:00+05:30,130.65,130.60750000000002,False,False,False
38046,38046,38047,2024-01-19 15:20:00+05:30,2024-01-19 15:20:00+05:30,2024-01-19 15:25:00+05:30,130.7,130.6075,False,False,False
38047,38048,38049,2024-01-19 15:25:00+05:30,2024-01-20 09:15:00+05:30,2024-01-20 09:20:00+05:30,131.2,130.5975,True,False,False
38083,38086,38087,2024-01-20 12:10:00+05:30,2024-01-20 12:25:00+05:30,2024-01-20 12:30:00+05:30,131.05,130.52,False,False,False
38104,38105,38106,2024-01-20 13:55:00+05:30,2024-01-20 14:00:00+05:30,2024-01-20 14:05:00+05:30,131.0,131.01749999999998,False,False,False
38120,38123,38124,2024-01-20 15:15:00+05:30,2024-01-23 09:15:00+05:30,2024-01-23 09:20:00+05:30,131.0,130.75,True,False,False
38147,38149,38150,2024-01-23 11:15:00+05:30,2024-01-23 11:25:00+05:30,2024-01-23 11:30:00+05:30,130.4,129.97750000000002,False,False,False
38196,38198,38199,2024-01-23 15:20:00+05:30,2024-01-24 09:15:00+05:30,2024-01-24 09:20:00+05:30,126.95,126.8925,True,False,False
38225,38227,38228,2024-01-24 11:30:00+05:30,2024-01-24 11:40:00+05:30,2024-01-24 11:45:00+05:30,128.8,128.6275,False,False,False
38273,38273,38274,2024-01-25 09:15:00+05:30,2024-01-25 09:15:00+05:30,2024-01-25 09:20:00+05:30,131.35,131.37,False,False,False
38274,38274,38275,2024-01-25 09:20:00+05:30,2024-01-25 09:20:00+05:30,2024-01-25 09:25:00+05:30,131.95,131.4275,False,False,False
38298,38298,38299,2024-01-25 11:20:00+05:30,2024-01-25 11:20:00+05:30,2024-01-25 11:25:00+05:30,131.6,130.9975,False,False,False
38330,38330,38331,2024-01-25 14:00:00+05:30,2024-01-25 14:00:00+05:30,2024-01-25 14:05:00+05:30,129.9,129.895,False,False,False
38334,38335,38336,2024-01-25 14:20:00+05:30,2024-01-25 14:25:00+05:30,2024-01-25 14:30:00+05:30,129.85,129.6625,False,False,False
38346,38346,38347,2024-01-25 15:20:00+05:30,2024-01-25 15:20:00+05:30,2024-01-25 15:25:00+05:30,130.0,129.71999999999997,False,False,False
38368,38368,38369,2024-01-29 10:55:00+05:30,2024-01-29 10:55:00+05:30,2024-01-29 11:00:00+05:30,130.9,130.4875,False,False,False
38382,38382,38383,2024-01-29 12:05:00+05:30,2024-01-29 12:05:00+05:30,2024-01-29 12:10:00+05:30,131.1,130.94750000000002,False,False,False
38385,38385,38386,2024-01-29 12:20:00+05:30,2024-01-29 12:20:00+05:30,2024-01-29 12:25:00+05:30,131.05,131.01749999999998,False,False,False
38394,38394,38395,2024-01-29 13:05:00+05:30,2024-01-29 13:05:00+05:30,2024-01-29 13:10:00+05:30,131.35,131.24,False,False,False
38408,38409,38410,2024-01-29 14:15:00+05:30,2024-01-29 14:20:00+05:30,2024-01-29 14:25:00+05:30,131.4,131.4025,False,False,False
38416,38419,38420,2024-01-29 14:55:00+05:30,2024-01-29 15:10:00+05:30,2024-01-29 15:15:00+05:30,131.4,131.39,False,False,False
38418,38421,38422,2024-01-29 15:05:00+05:30,2024-01-29 15:20:00+05:30,2024-01-29 15:25:00+05:30,131.55,131.4025,False,False,False
38472,38473,38474,2024-01-30 13:20:00+05:30,2024-01-30 13:25:00+05:30,2024-01-30 13:30:00+05:30,132.8,132.705,False,False,False
38475,38475,38476,2024-01-30 13:35:00+05:30,2024-01-30 13:35:00+05:30,2024-01-30 13:40:00+05:30,132.75,132.6875,False,False,False
38496,38498,38499,2024-01-30 15:20:00+05:30,2024-01-31 09:15:00+05:30,2024-01-31 09:20:00+05:30,131.8,131.8375,True,False,False
38516,38516,38517,2024-01-31 10:45:00+05:30,2024-01-31 10:45:00+05:30,2024-01-31 10:50:00+05:30,132.55,132.2125,False,False,False
38520,38521,38522,2024-01-31 11:05:00+05:30,2024-01-31 11:10:00+05:30,2024-01-31 11:15:00+05:30,132.45,132.3525,False,False,False
38522,38523,38524,2024-01-31 11:15:00+05:30,2024-01-31 11:20:00+05:30,2024-01-31 11:25:00+05:30,132.35,132.3175,False,False,False
38552,38552,38553,2024-01-31 13:45:00+05:30,2024-01-31 13:45:00+05:30,2024-01-31 13:50:00+05:30,131.9,131.905,False,False,False
38566,38567,38568,2024-01-31 14:55:00+05:30,2024-01-31 15:00:00+05:30,2024-01-31 15:05:00+05:30,132.4,131.91500000000002,False,False,False
38572,38572,38573,2024-01-31 15:25:00+05:30,2024-01-31 15:25:00+05:30,2024-02-01 09:15:00+05:30,132.8,132.07750000000001,True,True,True
38573,38574,38575,2024-02-01 09:15:00+05:30,2024-02-01 09:20:00+05:30,2024-02-01 09:25:00+05:30,132.2,132.0725,False,False,False
38591,38592,38593,2024-02-01 10:45:00+05:30,2024-02-01 10:50:00+05:30,2024-02-01 10:55:00+05:30,132.5,132.3,False,False,False
38593,38593,38594,2024-02-01 10:55:00+05:30,2024-02-01 10:55:00+05:30,2024-02-01 11:00:00+05:30,132.75,132.34,False,False,False
38595,38595,38596,2024-02-01 11:05:00+05:30,2024-02-01 11:05:00+05:30,2024-02-01 11:10:00+05:30,132.45,132.365,False,False,False
38596,38596,38597,2024-02-01 11:10:00+05:30,2024-02-01 11:10:00+05:30,2024-02-01 11:15:00+05:30,132.35,132.3525,False,False,False
38597,38599,38600,2024-02-01 11:15:00+05:30,2024-02-01 11:25:00+05:30,2024-02-01 11:30:00+05:30,132.55,132.32999999999998,False,False,False
38600,38600,38601,2024-02-01 11:30:00+05:30,2024-02-01 11:30:00+05:30,2024-02-01 11:35:00+05:30,132.4,132.32999999999998,False,False,False
38605,38605,38606,2024-02-01 11:55:00+05:30,2024-02-01 11:55:00+05:30,2024-02-01 12:00:00+05:30,132.45,132.4,False,False,False
38606,38607,38608,2024-02-01 12:00:00+05:30,2024-02-01 12:05:00+05:30,2024-02-01 12:10:00+05:30,132.95,132.38,False,False,False
38645,38648,38649,2024-02-01 15:15:00+05:30,2024-02-02 09:15:00+05:30,2024-02-02 09:20:00+05:30,132.2,131.66,True,False,False
38696,38696,38697,2024-02-02 13:15:00+05:30,2024-02-02 13:15:00+05:30,2024-02-02 13:20:00+05:30,133.85,133.70499999999998,False,False,False
38763,38763,38764,2024-02-05 12:35:00+05:30,2024-02-05 12:35:00+05:30,2024-02-05 12:40:00+05:30,139.0,138.4,False,False,False
38782,38782,38783,2024-02-05 14:10:00+05:30,2024-02-05 14:10:00+05:30,2024-02-05 14:15:00+05:30,139.3,139.2375,False,False,False
38834,38834,38835,2024-02-06 12:15:00+05:30,2024-02-06 12:15:00+05:30,2024-02-06 12:20:00+05:30,138.3,138.2725,False,False,False
38838,38838,38839,2024-02-06 12:35:00+05:30,2024-02-06 12:35:00+05:30,2024-02-06 12:40:00+05:30,138.35,138.2475,False,False,False
38843,38843,38844,2024-02-06 13:00:00+05:30,2024-02-06 13:00:00+05:30,2024-02-06 13:05:00+05:30,138.35,138.25500000000002,False,False,False
38853,38855,38856,2024-02-06 13:50:00+05:30,2024-02-06 14:00:00+05:30,2024-02-06 14:05:00+05:30,138.75,138.23250000000002,False,False,False
38924,38925,38926,2024-02-07 13:30:00+05:30,2024-02-07 13:35:00+05:30,2024-02-07 13:40:00+05:30,141.7,141.47750000000002,False,False,False
38946,38948,38949,2024-02-07 15:20:00+05:30,2024-02-08 09:15:00+05:30,2024-02-08 09:20:00+05:30,141.55,141.4875,True,False,False
38950,38950,38951,2024-02-08 09:25:00+05:30,2024-02-08 09:25:00+05:30,2024-02-08 09:30:00+05:30,141.5,141.43,False,False,False
38993,38994,38995,2024-02-08 13:00:00+05:30,2024-02-08 13:05:00+05:30,2024-02-08 13:10:00+05:30,140.8,140.71499999999997,False,False,False
39016,39018,39019,2024-02-08 14:55:00+05:30,2024-02-08 15:05:00+05:30,2024-02-08 15:10:00+05:30,140.2,140.2,False,False,False
39019,39021,39022,2024-02-08 15:10:00+05:30,2024-02-08 15:20:00+05:30,2024-02-08 15:25:00+05:30,140.15,140.125,False,False,False
39023,39025,39026,2024-02-09 09:15:00+05:30,2024-02-09 09:25:00+05:30,2024-02-09 09:30:00+05:30,140.05,140.0,False,False,False
39082,39082,39083,2024-02-09 14:10:00+05:30,2024-02-09 14:10:00+05:30,2024-02-09 14:15:00+05:30,137.5,137.4525,False,False,False
39098,39098,39099,2024-02-12 09:15:00+05:30,2024-02-12 09:15:00+05:30,2024-02-12 09:20:00+05:30,139.15,137.635,False,False,False
39183,39183,39184,2024-02-13 10:05:00+05:30,2024-02-13 10:05:00+05:30,2024-02-13 10:10:00+05:30,133.7,133.0275,False,False,False
39218,39218,39219,2024-02-13 13:00:00+05:30,2024-02-13 13:00:00+05:30,2024-02-13 13:05:00+05:30,133.25,133.3475,False,False,False
39247,39247,39248,2024-02-13 15:25:00+05:30,2024-02-13 15:25:00+05:30,2024-02-14 09:15:00+05:30,133.4,134.1975,True,True,False
39276,39276,39277,2024-02-14 11:35:00+05:30,2024-02-14 11:35:00+05:30,2024-02-14 11:40:00+05:30,134.55,134.355,False,False,False
39286,39286,39287,2024-02-14 12:25:00+05:30,2024-02-14 12:25:00+05:30,2024-02-14 12:30:00+05:30,135.55,134.67249999999999,False,False,False
39368,39368,39369,2024-02-15 13:00:00+05:30,2024-02-15 13:00:00+05:30,2024-02-15 13:05:00+05:30,138.45,138.39749999999998,False,False,False
39372,39372,39373,2024-02-15 13:20:00+05:30,2024-02-15 13:20:00+05:30,2024-02-15 13:25:00+05:30,138.35,138.32750000000001,False,False,False
39395,39398,39399,2024-02-15 15:15:00+05:30,2024-02-16 09:15:00+05:30,2024-02-16 09:20:00+05:30,138.5,138.22250000000003,True,False,False
39444,39444,39445,2024-02-16 13:05:00+05:30,2024-02-16 13:05:00+05:30,2024-02-16 13:10:00+05:30,139.35,139.2475,False,False,False
39453,39455,39456,2024-02-16 13:50:00+05:30,2024-02-16 14:00:00+05:30,2024-02-16 14:05:00+05:30,139.2,139.1925,False,False,False
39457,39458,39459,2024-02-16 14:10:00+05:30,2024-02-16 14:15:00+05:30,2024-02-16 14:20:00+05:30,139.3,139.185,False,False,False
39459,39459,39460,2024-02-16 14:20:00+05:30,2024-02-16 14:20:00+05:30,2024-02-16 14:25:00+05:30,139.5,139.2075,False,False,False
39463,39463,39464,2024-02-16 14:40:00+05:30,2024-02-16 14:40:00+05:30,2024-02-16 14:45:00+05:30,139.3,139.2375,False,False,False
39464,39464,39465,2024-02-16 14:45:00+05:30,2024-02-16 14:45:00+05:30,2024-02-16 14:50:00+05:30,139.2,139.23499999999999,False,False,False
39471,39473,39474,2024-02-16 15:20:00+05:30,2024-02-19 09:15:00+05:30,2024-02-19 09:20:00+05:30,139.1,139.0675,True,False,False
39523,39526,39527,2024-02-19 13:25:00+05:30,2024-02-19 13:40:00+05:30,2024-02-19 13:45:00+05:30,139.25,139.0025,False,False,False
39614,39617,39618,2024-02-20 14:45:00+05:30,2024-02-20 15:00:00+05:30,2024-02-20 15:05:00+05:30,137.05,137.01500000000001,False,False,False
39647,39647,39648,2024-02-21 11:15:00+05:30,2024-02-21 11:15:00+05:30,2024-02-21 11:20:00+05:30,141.7,141.2625,False,False,False
39658,39658,39659,2024-02-21 12:10:00+05:30,2024-02-21 12:10:00+05:30,2024-02-21 12:15:00+05:30,142.05,141.51500000000001,False,False,False
39693,39694,39695,2024-02-21 15:05:00+05:30,2024-02-21 15:10:00+05:30,2024-02-21 15:15:00+05:30,140.8,140.74,False,False,False
39695,39698,39699,2024-02-21 15:15:00+05:30,2024-02-22 09:15:00+05:30,2024-02-22 09:20:00+05:30,141.05,140.6,True,False,False
39699,39699,39700,2024-02-22 09:20:00+05:30,2024-02-22 09:20:00+05:30,2024-02-22 09:25:00+05:30,140.6,140.4325,False,False,False
39700,39700,39701,2024-02-22 09:25:00+05:30,2024-02-22 09:25:00+05:30,2024-02-22 09:30:00+05:30,140.55,140.405,False,False,False
39702,39702,39703,2024-02-22 09:35:00+05:30,2024-02-22 09:35:00+05:30,2024-02-22 09:40:00+05:30,140.9,140.35999999999999,False,False,False
39730,39730,39731,2024-02-22 11:55:00+05:30,2024-02-22 11:55:00+05:30,2024-02-22 12:00:00+05:30,140.85,140.865,False,False,False
39785,39785,39786,2024-02-23 10:15:00+05:30,2024-02-23 10:15:00+05:30,2024-02-23 10:20:00+05:30,142.95,142.7175,False,False,False
39811,39813,39814,2024-02-23 12:25:00+05:30,2024-02-23 12:35:00+05:30,2024-02-23 12:40:00+05:30,142.95,142.73000000000002,False,False,False
39907,39908,39909,2024-02-26 14:10:00+05:30,2024-02-26 14:15:00+05:30,2024-02-26 14:20:00+05:30,139.55,139.5,False,False,False
39922,39925,39926,2024-02-26 15:25:00+05:30,2024-02-27 09:25:00+05:30,2024-02-27 09:30:00+05:30,139.45,139.39749999999998,True,False,False
39930,39930,39931,2024-02-27 09:50:00+05:30,2024-02-27 09:50:00+05:30,2024-02-27 09:55:00+05:30,139.35,139.2525,False,False,False
39959,39959,39960,2024-02-27 12:15:00+05:30,2024-02-27 12:15:00+05:30,2024-02-27 12:20:00+05:30,139.85,139.805,False,False,False
39988,39988,39989,2024-02-27 14:40:00+05:30,2024-02-27 14:40:00+05:30,2024-02-27 14:45:00+05:30,139.95,139.775,False,False,False
40070,40073,40074,2024-02-28 15:15:00+05:30,2024-02-29 09:15:00+05:30,2024-02-29 09:20:00+05:30,137.6,137.555,True,False,False
40074,40076,40077,2024-02-29 09:20:00+05:30,2024-02-29 09:30:00+05:30,2024-02-29 09:35:00+05:30,137.45,137.3875,False,False,False
40081,40081,40082,2024-02-29 09:55:00+05:30,2024-02-29 09:55:00+05:30,2024-02-29 10:00:00+05:30,137.75,137.305,False,False,False
40119,40119,40120,2024-02-29 13:05:00+05:30,2024-02-29 13:05:00+05:30,2024-02-29 13:10:00+05:30,137.5,137.48250000000002,False,False,False
40120,40120,40121,2024-02-29 13:10:00+05:30,2024-02-29 13:10:00+05:30,2024-02-29 13:15:00+05:30,137.5,137.4875,False,False,False
40136,40139,40140,2024-02-29 14:30:00+05:30,2024-02-29 14:45:00+05:30,2024-02-29 14:50:00+05:30,137.35,137.22,False,False,False
40141,40142,40143,2024-02-29 14:55:00+05:30,2024-02-29 15:00:00+05:30,2024-02-29 15:05:00+05:30,137.1,137.095,False,False,False
40143,40144,40145,2024-02-29 15:05:00+05:30,2024-02-29 15:10:00+05:30,2024-02-29 15:15:00+05:30,137.25,137.05249999999998,False,False,False
40145,40145,40146,2024-02-29 15:15:00+05:30,2024-02-29 15:15:00+05:30,2024-02-29 15:20:00+05:30,137.2,137.02249999999998,False,False,False
40205,40205,40206,2024-03-01 14:00:00+05:30,2024-03-01 14:00:00+05:30,2024-03-01 14:05:00+05:30,144.75,144.35,False,False,False
40287,40290,40291,2024-03-04 12:50:00+05:30,2024-03-04 13:05:00+05:30,2024-03-04 13:10:00+05:30,149.65,149.58999999999997,False,False,False
40301,40301,40302,2024-03-04 14:00:00+05:30,2024-03-04 14:00:00+05:30,2024-03-04 14:05:00+05:30,150.15,149.70499999999998,False,False,False
40310,40311,40312,2024-03-04 14:45:00+05:30,2024-03-04 14:50:00+05:30,2024-03-04 14:55:00+05:30,150.0,150.0075,False,False,False
40319,40321,40322,2024-03-05 09:15:00+05:30,2024-03-05 09:25:00+05:30,2024-03-05 09:30:00+05:30,150.2,149.9125,False,False,False
40378,40380,40381,2024-03-05 14:10:00+05:30,2024-03-05 14:20:00+05:30,2024-03-05 14:25:00+05:30,148.45,148.445,False,False,False
40381,40382,40383,2024-03-05 14:25:00+05:30,2024-03-05 14:30:00+05:30,2024-03-05 14:35:00+05:30,148.65,148.4475,False,False,False
40385,40386,40387,2024-03-05 14:45:00+05:30,2024-03-05 14:50:00+05:30,2024-03-05 14:55:00+05:30,148.5,148.4375,False,False,False
40390,40393,40394,2024-03-05 15:10:00+05:30,2024-03-05 15:25:00+05:30,2024-03-06 09:15:00+05:30,148.2,148.375,True,True,False
40394,40395,40396,2024-03-06 09:15:00+05:30,2024-03-06 09:20:00+05:30,2024-03-06 09:25:00+05:30,148.6,148.35,False,False,False
40428,40431,40432,2024-03-06 12:05:00+05:30,2024-03-06 12:20:00+05:30,2024-03-06 12:25:00+05:30,145.3,145.05,False,False,False
40429,40429,40430,2024-03-06 12:10:00+05:30,2024-03-06 12:10:00+05:30,2024-03-06 12:15:00+05:30,145.05,145.0325,False,False,False
40447,40447,40448,2024-03-06 13:40:00+05:30,2024-03-06 13:40:00+05:30,2024-03-06 13:45:00+05:30,145.85,145.45,False,False,False
40508,40510,40511,2024-03-07 12:30:00+05:30,2024-03-07 12:40:00+05:30,2024-03-07 12:45:00+05:30,151.5,151.3825,False,False,False
40571,40571,40572,2024-03-11 11:30:00+05:30,2024-03-11 11:30:00+05:30,2024-03-11 11:35:00+05:30,150.75,150.47,False,False,False
40592,40594,40595,2024-03-11 13:15:00+05:30,2024-03-11 13:25:00+05:30,2024-03-11 13:30:00+05:30,150.35,150.26500000000001,False,False,False
40606,40607,40608,2024-03-11 14:25:00+05:30,2024-03-11 14:30:00+05:30,2024-03-11 14:35:00+05:30,150.3,150.2825,False,False,False
40609,40609,40610,2024-03-11 14:40:00+05:30,2024-03-11 14:40:00+05:30,2024-03-11 14:45:00+05:30,150.35,150.255,False,False,False
40616,40619,40620,2024-03-11 15:15:00+05:30,2024-03-12 09:15:00+05:30,2024-03-12 09:20:00+05:30,150.4,150.1725,True,False,False
40617,40618,40619,2024-03-11 15:20:00+05:30,2024-03-11 15:25:00+05:30,2024-03-12 09:15:00+05:30,150.6,150.1375,True,True,False
40682,40684,40685,2024-03-12 14:30:00+05:30,2024-03-12 14:40:00+05:30,2024-03-12 14:45:00+05:30,148.9,148.66,False,False,False
40688,40688,40689,2024-03-12 15:00:00+05:30,2024-03-12 15:00:00+05:30,2024-03-12 15:05:00+05:30,149.15,148.84,False,False,False
40763,40764,40765,2024-03-13 15:00:00+05:30,2024-03-13 15:05:00+05:30,2024-03-13 15:10:00+05:30,140.85,140.73999999999998,False,False,False
40837,40838,40839,2024-03-14 14:55:00+05:30,2024-03-14 15:00:00+05:30,2024-03-14 15:05:00+05:30,138.9,138.60250000000002,False,False,False
40839,40839,40840,2024-03-14 15:05:00+05:30,2024-03-14 15:05:00+05:30,2024-03-14 15:10:00+05:30,138.8,138.555,False,False,False
40840,40840,40841,2024-03-14 15:10:00+05:30,2024-03-14 15:10:00+05:30,2024-03-14 15:15:00+05:30,138.65,138.5375,False,False,False
40844,40844,40845,2024-03-15 09:15:00+05:30,2024-03-15 09:15:00+05:30,2024-03-15 09:20:00+05:30,139.4,138.60500000000002,False,False,False
40869,40870,40871,2024-03-15 11:20:00+05:30,2024-03-15 11:25:00+05:30,2024-03-15 11:30:00+05:30,137.65,137.2775,False,False,False
40883,40883,40884,2024-03-15 12:30:00+05:30,2024-03-15 12:30:00+05:30,2024-03-15 12:35:00+05:30,137.95,137.64499999999998,False,False,False
40900,40901,40902,2024-03-15 13:55:00+05:30,2024-03-15 14:00:00+05:30,2024-03-15 14:05:00+05:30,138.85,138.54250000000002,False,False,False
40911,40911,40912,2024-03-15 14:50:00+05:30,2024-03-15 14:50:00+05:30,2024-03-15 14:55:00+05:30,138.45,138.4775,False,False,False
40912,40912,40913,2024-03-15 14:55:00+05:30,2024-03-15 14:55:00+05:30,2024-03-15 15:00:00+05:30,138.6,138.4725,False,False,False
40916,40919,40920,2024-03-15 15:15:00+05:30,2024-03-18 09:15:00+05:30,2024-03-18 09:20:00+05:30,140.3,138.36499999999998,True,False,False
40977,40977,40978,2024-03-18 14:05:00+05:30,2024-03-18 14:05:00+05:30,2024-03-18 14:10:00+05:30,144.85,144.70999999999998,False,False,False
40992,40995,40996,2024-03-18 15:20:00+05:30,2024-03-19 09:20:00+05:30,2024-03-19 09:25:00+05:30,147.7,145.39000000000001,True,False,False
41050,41050,41051,2024-03-19 13:55:00+05:30,2024-03-19 13:55:00+05:30,2024-03-19 14:00:00+05:30,146.4,146.29000000000002,False,False,False
41066,41069,41070,2024-03-19 15:15:00+05:30,2024-03-20 09:15:00+05:30,2024-03-20 09:20:00+05:30,145.85,145.885,True,False,False
41089,41089,41090,2024-03-20 10:55:00+05:30,2024-03-20 10:55:00+05:30,2024-03-20 11:00:00+05:30,142.25,142.135,False,False,False
41090,41090,41091,2024-03-20 11:00:00+05:30,2024-03-20 11:00:00+05:30,2024-03-20 11:05:00+05:30,142.0,141.9825,False,False,False
41113,41115,41116,2024-03-20 12:55:00+05:30,2024-03-20 13:05:00+05:30,2024-03-20 13:10:00+05:30,142.55,142.4575,False,False,False
41116,41119,41120,2024-03-20 13:10:00+05:30,2024-03-20 13:25:00+05:30,2024-03-20 13:30:00+05:30,142.55,142.4625,False,False,False
41129,41129,41130,2024-03-20 14:15:00+05:30,2024-03-20 14:15:00+05:30,2024-03-20 14:20:00+05:30,142.6,142.4675,False,False,False
41136,41139,41140,2024-03-20 14:50:00+05:30,2024-03-20 15:05:00+05:30,2024-03-20 15:10:00+05:30,142.5,142.365,False,False,False
41140,41140,41141,2024-03-20 15:10:00+05:30,2024-03-20 15:10:00+05:30,2024-03-20 15:15:00+05:30,142.45,142.35250000000002,False,False,False
41141,41144,41145,2024-03-20 15:15:00+05:30,2024-03-21 09:15:00+05:30,2024-03-21 09:20:00+05:30,145.85,142.3375,True,False,False
41177,41177,41178,2024-03-21 12:00:00+05:30,2024-03-21 12:00:00+05:30,2024-03-21 12:05:00+05:30,146.75,146.73499999999999,False,False,False
41214,41214,41215,2024-03-21 15:05:00+05:30,2024-03-21 15:05:00+05:30,2024-03-21 15:10:00+05:30,146.6,146.555,False,False,False
41275,41276,41277,2024-03-22 13:55:00+05:30,2024-03-22 14:00:00+05:30,2024-03-22 14:05:00+05:30,148.65,148.645,False,False,False
41279,41280,41281,2024-03-22 14:15:00+05:30,2024-03-22 14:20:00+05:30,2024-03-22 14:25:00+05:30,148.75,148.60999999999999,False,False,False
41283,41283,41284,2024-03-22 14:35:00+05:30,2024-03-22 14:35:00+05:30,2024-03-22 14:40:00+05:30,148.85,148.64000000000001,False,False,False
41287,41287,41288,2024-03-22 14:55:00+05:30,2024-03-22 14:55:00+05:30,2024-03-22 15:00:00+05:30,148.7,148.695,False,False,False
41291,41294,41295,2024-03-22 15:15:00+05:30,2024-03-26 09:15:00+05:30,2024-03-26 09:20:00+05:30,148.8,148.64749999999998,True,False,False
41295,41295,41296,2024-03-26 09:20:00+05:30,2024-03-26 09:20:00+05:30,2024-03-26 09:25:00+05:30,148.8,148.605,False,False,False
41296,41296,41297,2024-03-26 09:25:00+05:30,2024-03-26 09:25:00+05:30,2024-03-26 09:30:00+05:30,148.95,148.6225,False,False,False
41366,41369,41370,2024-03-26 15:15:00+05:30,2024-03-27 09:15:00+05:30,2024-03-27 09:20:00+05:30,149.3,149.0675,True,False,False
41370,41371,41372,2024-03-27 09:20:00+05:30,2024-03-27 09:25:00+05:30,2024-03-27 09:30:00+05:30,149.3,148.9875,False,False,False
41393,41393,41394,2024-03-27 11:15:00+05:30,2024-03-27 11:15:00+05:30,2024-03-27 11:20:00+05:30,149.3,149.0625,False,False,False
41410,41412,41413,2024-03-27 12:40:00+05:30,2024-03-27 12:50:00+05:30,2024-03-27 12:55:00+05:30,149.7,149.5125,False,False,False
41421,41421,41422,2024-03-27 13:35:00+05:30,2024-03-27 13:35:00+05:30,2024-03-27 13:40:00+05:30,149.7,149.5125,False,False,False
41432,41433,41434,2024-03-27 14:30:00+05:30,2024-03-27 14:35:00+05:30,2024-03-27 14:40:00+05:30,150.45,149.7425,False,False,False
41441,41444,41445,2024-03-27 15:15:00+05:30,2024-03-28 09:15:00+05:30,2024-03-28 09:20:00+05:30,150.25,149.7925,True,False,False
41487,41487,41488,2024-03-28 12:50:00+05:30,2024-03-28 12:50:00+05:30,2024-03-28 12:55:00+05:30,151.55,151.53,False,False,False
41492,41492,41493,2024-03-28 13:15:00+05:30,2024-03-28 13:15:00+05:30,2024-03-28 13:20:00+05:30,151.75,151.57,False,False,False
41510,41511,41512,2024-03-28 14:45:00+05:30,2024-03-28 14:50:00+05:30,2024-03-28 14:55:00+05:30,152.75,152.2525,False,False,False
41514,41517,41518,2024-03-28 15:05:00+05:30,2024-03-28 15:20:00+05:30,2024-03-28 15:25:00+05:30,152.7,152.3475,False,False,False
41555,41555,41556,2024-04-01 12:15:00+05:30,2024-04-01 12:15:00+05:30,2024-04-01 12:20:00+05:30,157.9,157.445,False,False,False
41587,41587,41588,2024-04-01 14:55:00+05:30,2024-04-01 14:55:00+05:30,2024-04-01 15:00:00+05:30,159.8,159.6225,False,False,False
41588,41589,41590,2024-04-01 15:00:00+05:30,2024-04-01 15:05:00+05:30,2024-04-01 15:10:00+05:30,159.6,159.6325,False,False,False
41590,41590,41591,2024-04-01 15:10:00+05:30,2024-04-01 15:10:00+05:30,2024-04-01 15:15:00+05:30,159.8,159.66,False,False,False
41591,41591,41592,2024-04-01 15:15:00+05:30,2024-04-01 15:15:00+05:30,2024-04-01 15:20:00+05:30,159.85,159.6575,False,False,False
41592,41594,41595,2024-04-01 15:20:00+05:30,2024-04-02 09:15:00+05:30,2024-04-02 09:20:00+05:30,160.1,159.6175,True,False,False
41595,41595,41596,2024-04-02 09:20:00+05:30,2024-04-02 09:20:00+05:30,2024-04-02 09:25:00+05:30,159.9,159.61,False,False,False
41650,41652,41653,2024-04-02 13:55:00+05:30,2024-04-02 14:05:00+05:30,2024-04-02 14:10:00+05:30,161.05,160.69,False,False,False
41663,41663,41664,2024-04-02 15:00:00+05:30,2024-04-02 15:00:00+05:30,2024-04-02 15:05:00+05:30,161.2,161.06750000000002,False,False,False
41665,41667,41668,2024-04-02 15:10:00+05:30,2024-04-02 15:20:00+05:30,2024-04-02 15:25:00+05:30,161.2,161.04500000000002,False,False,False
41669,41669,41670,2024-04-03 09:15:00+05:30,2024-04-03 09:15:00+05:30,2024-04-03 09:20:00+05:30,161.6,161.0375,False,False,False
41741,41744,41745,2024-04-03 15:15:00+05:30,2024-04-04 09:15:00+05:30,2024-04-04 09:20:00+05:30,161.95,160.3825,True,False,False
41808,41808,41809,2024-04-04 14:35:00+05:30,2024-04-04 14:35:00+05:30,2024-04-04 14:40:00+05:30,159.85,159.7775,False,False,False
41809,41809,41810,2024-04-04 14:40:00+05:30,2024-04-04 14:40:00+05:30,2024-04-04 14:45:00+05:30,160.2,159.825,False,False,False
41815,41818,41819,2024-04-04 15:10:00+05:30,2024-04-04 15:25:00+05:30,2024-04-05 09:15:00+05:30,160.3,159.95499999999998,True,True,False
41872,41872,41873,2024-04-05 13:40:00+05:30,2024-04-05 13:40:00+05:30,2024-04-05 13:45:00+05:30,160.0,159.655,False,False,False
41888,41891,41892,2024-04-05 15:00:00+05:30,2024-04-05 15:15:00+05:30,2024-04-05 15:20:00+05:30,159.85,159.845,False,False,False
41892,41892,41893,2024-04-05 15:20:00+05:30,2024-04-05 15:20:00+05:30,2024-04-05 15:25:00+05:30,159.8,159.79,False,False,False
41893,41894,41895,2024-04-05 15:25:00+05:30,2024-04-08 09:15:00+05:30,2024-04-08 09:20:00+05:30,162.35,159.7775,True,False,False
41927,41927,41928,2024-04-08 12:00:00+05:30,2024-04-08 12:00:00+05:30,2024-04-08 12:05:00+05:30,161.7,161.505,False,False,False
41932,41932,41933,2024-04-08 12:25:00+05:30,2024-04-08 12:25:00+05:30,2024-04-08 12:30:00+05:30,161.85,161.565,False,False,False
41961,41961,41962,2024-04-08 14:50:00+05:30,2024-04-08 14:50:00+05:30,2024-04-08 14:55:00+05:30,161.7,161.405,False,False,False
41966,41966,41967,2024-04-08 15:15:00+05:30,2024-04-08 15:15:00+05:30,2024-04-08 15:20:00+05:30,161.5,161.52249999999998,False,False,False
41967,41969,41970,2024-04-08 15:20:00+05:30,2024-04-09 09:15:00+05:30,2024-04-09 09:20:00+05:30,162.3,161.51500000000001,True,False,False
42041,42043,42044,2024-04-09 15:15:00+05:30,2024-04-09 15:25:00+05:30,2024-04-10 09:15:00+05:30,163.7,162.45250000000001,True,True,False
42105,42108,42109,2024-04-10 14:20:00+05:30,2024-04-10 14:35:00+05:30,2024-04-10 14:40:00+05:30,162.25,162.2,False,False,False
42110,42111,42112,2024-04-10 14:45:00+05:30,2024-04-10 14:50:00+05:30,2024-04-10 14:55:00+05:30,162.05,162.0625,False,False,False
42217,42218,42219,2024-04-15 11:10:00+05:30,2024-04-15 11:15:00+05:30,2024-04-15 11:20:00+05:30,158.8,158.67000000000002,False,False,False
42255,42258,42259,2024-04-15 14:20:00+05:30,2024-04-15 14:35:00+05:30,2024-04-15 14:40:00+05:30,157.9,157.8225,False,False,False
42267,42270,42271,2024-04-15 15:20:00+05:30,2024-04-16 09:20:00+05:30,2024-04-16 09:25:00+05:30,157.7,157.61499999999998,True,False,False
42271,42271,42272,2024-04-16 09:25:00+05:30,2024-04-16 09:25:00+05:30,2024-04-16 09:30:00+05:30,158.1,157.57999999999998,False,False,False
42336,42337,42338,2024-04-16 14:50:00+05:30,2024-04-16 14:55:00+05:30,2024-04-16 15:00:00+05:30,156.35,156.3,False,False,False
42338,42338,42339,2024-04-16 15:00:00+05:30,2024-04-16 15:00:00+05:30,2024-04-16 15:05:00+05:30,156.4,156.3475,False,False,False
42341,42343,42344,2024-04-16 15:15:00+05:30,2024-04-16 15:25:00+05:30,2024-04-18 09:15:00+05:30,157.3,156.41000000000003,True,True,False
42416,42417,42418,2024-04-18 15:15:00+05:30,2024-04-18 15:20:00+05:30,2024-04-18 15:25:00+05:30,157.5,157.5325,False,False,False
42488,42489,42490,2024-04-19 15:00:00+05:30,2024-04-19 15:05:00+05:30,2024-04-19 15:10:00+05:30,158.65,158.35,False,False,False
42491,42491,42492,2024-04-19 15:15:00+05:30,2024-04-19 15:15:00+05:30,2024-04-19 15:20:00+05:30,158.8,158.4625,False,False,False
42492,42492,42493,2024-04-19 15:20:00+05:30,2024-04-19 15:20:00+05:30,2024-04-19 15:25:00+05:30,158.6,158.5,False,False,False
42565,42568,42569,2024-04-22 15:10:00+05:30,2024-04-22 15:25:00+05:30,2024-04-23 09:15:00+05:30,159.9,158.48,True,True,False
42591,42591,42592,2024-04-23 11:05:00+05:30,2024-04-23 11:05:00+05:30,2024-04-23 11:10:00+05:30,158.8,158.575,False,False,False
42596,42596,42597,2024-04-23 11:30:00+05:30,2024-04-23 11:30:00+05:30,2024-04-23 11:35:00+05:30,158.75,158.655,False,False,False
42599,42599,42600,2024-04-23 11:45:00+05:30,2024-04-23 11:45:00+05:30,2024-04-23 11:50:00+05:30,158.75,158.7,False,False,False
42622,42623,42624,2024-04-23 13:40:00+05:30,2024-04-23 13:45:00+05:30,2024-04-23 13:50:00+05:30,158.65,158.635,False,False,False
42628,42628,42629,2024-04-23 14:10:00+05:30,2024-04-23 14:10:00+05:30,2024-04-23 14:15:00+05:30,158.6,158.5925,False,False,False
42641,42644,42645,2024-04-23 15:15:00+05:30,2024-04-24 09:15:00+05:30,2024-04-24 09:20:00+05:30,158.55,158.175,True,False,False
42713,42716,42717,2024-04-24 15:00:00+05:30,2024-04-24 15:15:00+05:30,2024-04-24 15:20:00+05:30,162.25,162.20250000000001,False,False,False
42717,42717,42718,2024-04-24 15:20:00+05:30,2024-04-24 15:20:00+05:30,2024-04-24 15:25:00+05:30,162.25,162.125,False,False,False
42721,42722,42723,2024-04-25 09:25:00+05:30,2024-04-25 09:30:00+05:30,2024-04-25 09:35:00+05:30,161.95,161.9975,False,False,False
42741,42741,42742,2024-04-25 11:05:00+05:30,2024-04-25 11:05:00+05:30,2024-04-25 11:10:00+05:30,161.65,161.6625,False,False,False
42742,42742,42743,2024-04-25 11:10:00+05:30,2024-04-25 11:10:00+05:30,2024-04-25 11:15:00+05:30,161.75,161.65,False,False,False
42760,42763,42764,2024-04-25 12:40:00+05:30,2024-04-25 12:55:00+05:30,2024-04-25 13:00:00+05:30,161.6,161.58999999999997,False,False,False
42764,42764,42765,2024-04-25 13:00:00+05:30,2024-04-25 13:00:00+05:30,2024-04-25 13:05:00+05:30,161.55,161.505,False,False,False
42866,42869,42870,2024-04-26 15:15:00+05:30,2024-04-29 09:15:00+05:30,2024-04-29 09:20:00+05:30,163.85,162.51500000000001,True,False,False
42908,42910,42911,2024-04-29 12:30:00+05:30,2024-04-29 12:40:00+05:30,2024-04-29 12:45:00+05:30,164.3,164.29,False,False,False
42913,42913,42914,2024-04-29 12:55:00+05:30,2024-04-29 12:55:00+05:30,2024-04-29 13:00:00+05:30,164.6,164.34,False,False,False
42938,42939,42940,2024-04-29 15:00:00+05:30,2024-04-29 15:05:00+05:30,2024-04-29 15:10:00+05:30,163.85,163.9,False,False,False
42941,42944,42945,2024-04-29 15:15:00+05:30,2024-04-30 09:15:00+05:30,2024-04-30 09:20:00+05:30,164.25,163.865,True,False,False
42945,42946,42947,2024-04-30 09:20:00+05:30,2024-04-30 09:25:00+05:30,2024-04-30 09:30:00+05:30,163.85,163.865,False,False,False
42976,42977,42978,2024-04-30 11:55:00+05:30,2024-04-30 12:00:00+05:30,2024-04-30 12:05:00+05:30,162.3,162.1075,False,False,False
42978,42978,42979,2024-04-30 12:05:00+05:30,2024-04-30 12:05:00+05:30,2024-04-30 12:10:00+05:30,162.3,162.055,False,False,False
42993,42994,42995,2024-04-30 13:20:00+05:30,2024-04-30 13:25:00+05:30,2024-04-30 13:30:00+05:30,162.35,162.145,False,False,False
42998,43000,43001,2024-04-30 13:45:00+05:30,2024-04-30 13:55:00+05:30,2024-04-30 14:00:00+05:30,162.25,162.165,False,False,False
43016,43019,43020,2024-04-30 15:15:00+05:30,2024-05-02 09:15:00+05:30,2024-05-02 09:20:00+05:30,162.3,161.8825,True,False,False
43020,43020,43021,2024-05-02 09:20:00+05:30,2024-05-02 09:20:00+05:30,2024-05-02 09:25:00+05:30,162.4,161.82,False,False,False
43071,43071,43072,2024-05-02 13:35:00+05:30,2024-05-02 13:35:00+05:30,2024-05-02 13:40:00+05:30,164.75,164.4675,False,False,False
43072,43072,43073,2024-05-02 13:40:00+05:30,2024-05-02 13:40:00+05:30,2024-05-02 13:45:00+05:30,165.0,164.475,False,False,False
43091,43094,43095,2024-05-02 15:15:00+05:30,2024-05-03 09:15:00+05:30,2024-05-03 09:20:00+05:30,165.15,164.32999999999998,True,False,False
43159,43159,43160,2024-05-03 14:40:00+05:30,2024-05-03 14:40:00+05:30,2024-05-03 14:45:00+05:30,163.05,162.81,False,False,False
43161,43162,43163,2024-05-03 14:50:00+05:30,2024-05-03 14:55:00+05:30,2024-05-03 15:00:00+05:30,162.9,162.76500000000001,False,False,False
43164,43164,43165,2024-05-03 15:05:00+05:30,2024-05-03 15:05:00+05:30,2024-05-03 15:10:00+05:30,163.1,162.7125,False,False,False
43166,43168,43169,2024-05-03 15:15:00+05:30,2024-05-03 15:25:00+05:30,2024-05-06 09:15:00+05:30,164.35,162.70999999999998,True,True,False
43170,43170,43171,2024-05-06 09:20:00+05:30,2024-05-06 09:20:00+05:30,2024-05-06 09:25:00+05:30,163.15,162.93,False,False,False
43207,43207,43208,2024-05-06 12:25:00+05:30,2024-05-06 12:25:00+05:30,2024-05-06 12:30:00+05:30,164.2,163.86999999999998,False,False,False
43213,43213,43214,2024-05-06 12:55:00+05:30,2024-05-06 12:55:00+05:30,2024-05-06 13:00:00+05:30,164.0,163.9,False,False,False
43220,43222,43223,2024-05-06 13:30:00+05:30,2024-05-06 13:40:00+05:30,2024-05-06 13:45:00+05:30,164.65,163.925,False,False,False
43232,43234,43235,2024-05-06 14:30:00+05:30,2024-05-06 14:40:00+05:30,2024-05-06 14:45:00+05:30,164.3,164.14249999999998,False,False,False
43238,43238,43239,2024-05-06 15:00:00+05:30,2024-05-06 15:00:00+05:30,2024-05-06 15:05:00+05:30,164.35,164.25500000000002,False,False,False
43307,43307,43308,2024-05-07 14:30:00+05:30,2024-05-07 14:30:00+05:30,2024-05-07 14:35:00+05:30,160.7,160.345,False,False,False
43312,43315,43316,2024-05-07 14:55:00+05:30,2024-05-07 15:10:00+05:30,2024-05-07 15:15:00+05:30,160.75,160.6175,False,False,False
43316,43316,43317,2024-05-07 15:15:00+05:30,2024-05-07 15:15:00+05:30,2024-05-07 15:20:00+05:30,160.75,160.69250000000002,False,False,False
43317,43317,43318,2024-05-07 15:20:00+05:30,2024-05-07 15:20:00+05:30,2024-05-07 15:25:00+05:30,160.9,160.68,False,False,False
43318,43318,43319,2024-05-07 15:25:00+05:30,2024-05-07 15:25:00+05:30,2024-05-08 09:15:00+05:30,160.6,160.67249999999999,True,True,False
43319,43319,43320,2024-05-08 09:15:00+05:30,2024-05-08 09:15:00+05:30,2024-05-08 09:20:00+05:30,161.1,160.685,False,False,False
43320,43320,43321,2024-05-08 09:20:00+05:30,2024-05-08 09:20:00+05:30,2024-05-08 09:25:00+05:30,161.5,160.725,False,False,False
43361,43361,43362,2024-05-08 12:45:00+05:30,2024-05-08 12:45:00+05:30,2024-05-08 12:50:00+05:30,163.4,162.7025,False,False,False
43373,43376,43377,2024-05-08 13:45:00+05:30,2024-05-08 14:00:00+05:30,2024-05-08 14:05:00+05:30,163.0,162.97,False,False,False
43388,43391,43392,2024-05-08 15:00:00+05:30,2024-05-08 15:15:00+05:30,2024-05-08 15:20:00+05:30,162.55,162.5025,False,False,False
43393,43393,43394,2024-05-08 15:25:00+05:30,2024-05-08 15:25:00+05:30,2024-05-09 09:15:00+05:30,162.35,162.41500000000002,True,True,False
43394,43394,43395,2024-05-09 09:15:00+05:30,2024-05-09 09:15:00+05:30,2024-05-09 09:20:00+05:30,162.6,162.42000000000002,False,False,False
43395,43396,43397,2024-05-09 09:20:00+05:30,2024-05-09 09:25:00+05:30,2024-05-09 09:30:00+05:30,162.65,162.3925,False,False,False
43451,43452,43453,2024-05-09 14:00:00+05:30,2024-05-09 14:05:00+05:30,2024-05-09 14:10:00+05:30,160.35,160.23250000000002,False,False,False
43466,43469,43470,2024-05-09 15:15:00+05:30,2024-05-10 09:15:00+05:30,2024-05-10 09:20:00+05:30,159.35,159.3875,True,False,False
43518,43520,43521,2024-05-10 13:20:00+05:30,2024-05-10 13:30:00+05:30,2024-05-10 13:35:00+05:30,159.75,159.6125,False,False,False
43593,43593,43594,2024-05-13 13:20:00+05:30,2024-05-13 13:20:00+05:30,2024-05-13 13:25:00+05:30,158.4,158.2825,False,False,False
43619,43619,43620,2024-05-14 09:15:00+05:30,2024-05-14 09:15:00+05:30,2024-05-14 09:20:00+05:30,160.95,160.1475,False,False,False
43621,43621,43622,2024-05-14 09:25:00+05:30,2024-05-14 09:25:00+05:30,2024-05-14 09:30:00+05:30,160.9,160.2625,False,False,False
43633,43633,43634,2024-05-14 10:25:00+05:30,2024-05-14 10:25:00+05:30,2024-05-14 10:30:00+05:30,161.0,160.8825,False,False,False
43653,43653,43654,2024-05-14 12:05:00+05:30,2024-05-14 12:05:00+05:30,2024-05-14 12:10:00+05:30,161.25,161.1375,False,False,False
43676,43677,43678,2024-05-14 14:00:00+05:30,2024-05-14 14:05:00+05:30,2024-05-14 14:10:00+05:30,162.0,162.0975,False,False,False
43693,43694,43695,2024-05-14 15:25:00+05:30,2024-05-15 09:15:00+05:30,2024-05-15 09:20:00+05:30,162.95,161.7375,True,False,False
43732,43732,43733,2024-05-15 12:25:00+05:30,2024-05-15 12:25:00+05:30,2024-05-15 12:30:00+05:30,162.75,162.48250000000002,False,False,False
43738,43738,43739,2024-05-15 12:55:00+05:30,2024-05-15 12:55:00+05:30,2024-05-15 13:00:00+05:30,162.8,162.60500000000002,False,False,False
43763,43766,43767,2024-05-15 15:00:00+05:30,2024-05-15 15:15:00+05:30,2024-05-15 15:20:00+05:30,162.2,162.10250000000002,False,False,False
43767,43767,43768,2024-05-15 15:20:00+05:30,2024-05-15 15:20:00+05:30,2024-05-15 15:25:00+05:30,162.15,162.04749999999999,False,False,False
43830,43830,43831,2024-05-16 14:20:00+05:30,2024-05-16 14:20:00+05:30,2024-05-16 14:25:00+05:30,159.75,159.5725,False,False,False
43916,43919,43920,2024-05-17 15:15:00+05:30,2024-05-18 09:15:00+05:30,2024-05-18 09:20:00+05:30,164.25,163.9125,True,False,False
43940,43940,43941,2024-05-21 09:15:00+05:30,2024-05-21 09:15:00+05:30,2024-05-21 09:20:00+05:30,165.85,164.4625,False,False,False
44000,44001,44002,2024-05-21 14:15:00+05:30,2024-05-21 14:20:00+05:30,2024-05-21 14:25:00+05:30,170.55,170.405,False,False,False
44007,44007,44008,2024-05-21 14:50:00+05:30,2024-05-21 14:50:00+05:30,2024-05-21 14:55:00+05:30,170.8,170.58499999999998,False,False,False
44009,44009,44010,2024-05-21 15:00:00+05:30,2024-05-21 15:00:00+05:30,2024-05-21 15:05:00+05:30,170.9,170.6125,False,False,False
44011,44012,44013,2024-05-21 15:10:00+05:30,2024-05-21 15:15:00+05:30,2024-05-21 15:20:00+05:30,170.9,170.67249999999999,False,False,False
44043,44046,44047,2024-05-22 11:35:00+05:30,2024-05-22 11:50:00+05:30,2024-05-22 11:55:00+05:30,168.85,168.89249999999998,False,False,False
44048,44048,44049,2024-05-22 12:00:00+05:30,2024-05-22 12:00:00+05:30,2024-05-22 12:05:00+05:30,169.35,168.83499999999998,False,False,False
44073,44074,44075,2024-05-22 14:05:00+05:30,2024-05-22 14:10:00+05:30,2024-05-22 14:15:00+05:30,170.0,169.305,False,False,False
44088,44088,44089,2024-05-22 15:20:00+05:30,2024-05-22 15:20:00+05:30,2024-05-22 15:25:00+05:30,169.65,169.5875,False,False,False
44139,44140,44141,2024-05-23 13:20:00+05:30,2024-05-23 13:25:00+05:30,2024-05-23 13:30:00+05:30,169.9,169.645,False,False,False
44165,44165,44166,2024-05-24 09:15:00+05:30,2024-05-24 09:15:00+05:30,2024-05-24 09:20:00+05:30,172.55,171.17,False,False,False
44237,44240,44241,2024-05-24 15:15:00+05:30,2024-05-27 09:15:00+05:30,2024-05-27 09:20:00+05:30,172.7,172.39249999999998,True,False,False
44276,44277,44278,2024-05-27 12:15:00+05:30,2024-05-27 12:20:00+05:30,2024-05-27 12:25:00+05:30,172.75,172.72250000000003,False,False,False
44281,44281,44282,2024-05-27 12:40:00+05:30,2024-05-27 12:40:00+05:30,2024-05-27 12:45:00+05:30,172.7,172.6975,False,False,False
44287,44288,44289,2024-05-27 13:10:00+05:30,2024-05-27 13:15:00+05:30,2024-05-27 13:20:00+05:30,172.6,172.57750000000001,False,False,False
44290,44290,44291,2024-05-27 13:25:00+05:30,2024-05-27 13:25:00+05:30,2024-05-27 13:30:00+05:30,172.8,172.57,False,False,False
44312,44315,44316,2024-05-27 15:15:00+05:30,2024-05-28 09:15:00+05:30,2024-05-28 09:20:00+05:30,172.85,172.7475,True,False,False
44316,44316,44317,2024-05-28 09:20:00+05:30,2024-05-28 09:20:00+05:30,2024-05-28 09:25:00+05:30,172.95,172.62,False,False,False
44358,44359,44360,2024-05-28 12:50:00+05:30,2024-05-28 12:55:00+05:30,2024-05-28 13:00:00+05:30,171.25,171.2425,False,False,False
44360,44360,44361,2024-05-28 13:00:00+05:30,2024-05-28 13:00:00+05:30,2024-05-28 13:05:00+05:30,171.7,171.13500000000002,False,False,False
44388,44391,44392,2024-05-28 15:20:00+05:30,2024-05-29 09:20:00+05:30,2024-05-29 09:25:00+05:30,171.7,171.55,True,False,False
44426,44429,44430,2024-05-29 12:15:00+05:30,2024-05-29 12:30:00+05:30,2024-05-29 12:35:00+05:30,170.5,170.49,False,False,False
44431,44431,44432,2024-05-29 12:40:00+05:30,2024-05-29 12:40:00+05:30,2024-05-29 12:45:00+05:30,170.6,170.33499999999998,False,False,False
44446,44446,44447,2024-05-29 13:55:00+05:30,2024-05-29 13:55:00+05:30,2024-05-29 14:00:00+05:30,171.45,170.8725,False,False,False
44459,44460,44461,2024-05-29 15:00:00+05:30,2024-05-29 15:05:00+05:30,2024-05-29 15:10:00+05:30,171.05,171.0275,False,False,False
44514,44516,44517,2024-05-30 13:20:00+05:30,2024-05-30 13:30:00+05:30,2024-05-30 13:35:00+05:30,162.7,162.6375,False,False,False
44540,44542,44543,2024-05-31 09:15:00+05:30,2024-05-31 09:25:00+05:30,2024-05-31 09:30:00+05:30,161.5,161.48250000000002,False,False,False
44608,44611,44612,2024-05-31 14:55:00+05:30,2024-05-31 15:10:00+05:30,2024-05-31 15:15:00+05:30,163.75,163.275,False,False,False
44644,44644,44645,2024-06-03 11:40:00+05:30,2024-06-03 11:40:00+05:30,2024-06-03 11:45:00+05:30,168.65,168.53249999999997,False,False,False
44668,44669,44670,2024-06-03 13:40:00+05:30,2024-06-03 13:45:00+05:30,2024-06-03 13:50:00+05:30,169.25,169.23250000000002,False,False,False
44673,44673,44674,2024-06-03 14:05:00+05:30,2024-06-03 14:05:00+05:30,2024-06-03 14:10:00+05:30,169.5,169.175,False,False,False
44762,44765,44766,2024-06-04 15:15:00+05:30,2024-06-05 09:15:00+05:30,2024-06-05 09:20:00+05:30,157.1,156.56,True,False,False
44766,44767,44768,2024-06-05 09:20:00+05:30,2024-06-05 09:25:00+05:30,2024-06-05 09:30:00+05:30,158.1,155.9375,False,False,False
44810,44810,44811,2024-06-05 13:00:00+05:30,2024-06-05 13:00:00+05:30,2024-06-05 13:05:00+05:30,160.6,160.1225,False,False,False
44869,44872,44873,2024-06-06 11:40:00+05:30,2024-06-06 11:55:00+05:30,2024-06-06 12:00:00+05:30,169.9,169.6125,False,False,False
44894,44894,44895,2024-06-06 13:45:00+05:30,2024-06-06 13:45:00+05:30,2024-06-06 13:50:00+05:30,168.85,168.7125,False,False,False
44909,44912,44913,2024-06-06 15:00:00+05:30,2024-06-06 15:15:00+05:30,2024-06-06 15:20:00+05:30,168.55,168.5025,False,False,False
44913,44913,44914,2024-06-06 15:20:00+05:30,2024-06-06 15:20:00+05:30,2024-06-06 15:25:00+05:30,168.65,168.39,False,False,False
44915,44916,44917,2024-06-07 09:15:00+05:30,2024-06-07 09:20:00+05:30,2024-06-07 09:25:00+05:30,169.4,168.3625,False,False,False
44985,44985,44986,2024-06-07 15:05:00+05:30,2024-06-07 15:05:00+05:30,2024-06-07 15:10:00+05:30,175.65,175.29,False,False,False
44986,44989,44990,2024-06-07 15:10:00+05:30,2024-06-07 15:25:00+05:30,2024-06-10 09:15:00+05:30,176.61,175.31750000000002,True,True,False
44991,44991,44992,2024-06-10 09:20:00+05:30,2024-06-10 09:20:00+05:30,2024-06-10 09:25:00+05:30,175.63,175.37550000000002,False,False,False
45020,45020,45021,2024-06-10 11:45:00+05:30,2024-06-10 11:45:00+05:30,2024-06-10 11:50:00+05:30,177.75,176.74200000000002,False,False,False
45052,45055,45056,2024-06-10 14:25:00+05:30,2024-06-10 14:40:00+05:30,2024-06-10 14:45:00+05:30,177.6,177.5505,False,False,False
45062,45065,45066,2024-06-10 15:15:00+05:30,2024-06-11 09:15:00+05:30,2024-06-11 09:20:00+05:30,177.68,177.369,True,False,False
45066,45066,45067,2024-06-11 09:20:00+05:30,2024-06-11 09:20:00+05:30,2024-06-11 09:25:00+05:30,178.25,177.3245,False,False,False
45102,45102,45103,2024-06-11 12:20:00+05:30,2024-06-11 12:20:00+05:30,2024-06-11 12:25:00+05:30,179.15,178.993,False,False,False
45113,45116,45117,2024-06-11 13:15:00+05:30,2024-06-11 13:30:00+05:30,2024-06-11 13:35:00+05:30,178.8,178.68,False,False,False
45137,45140,45141,2024-06-11 15:15:00+05:30,2024-06-12 09:15:00+05:30,2024-06-12 09:20:00+05:30,179.37,178.202,True,False,False
45211,45214,45215,2024-06-12 15:10:00+05:30,2024-06-12 15:25:00+05:30,2024-06-13 09:15:00+05:30,179.8,178.93099999999998,True,True,False
45265,45265,45266,2024-06-13 13:25:00+05:30,2024-06-13 13:25:00+05:30,2024-06-13 13:30:00+05:30,178.19,177.9,False,False,False
45277,45277,45278,2024-06-13 14:25:00+05:30,2024-06-13 14:25:00+05:30,2024-06-13 14:30:00+05:30,178.35,178.12050000000002,False,False,False
45290,45290,45291,2024-06-14 09:15:00+05:30,2024-06-14 09:15:00+05:30,2024-06-14 09:20:00+05:30,178.96,178.633,False,False,False
45333,45333,45334,2024-06-14 12:50:00+05:30,2024-06-14 12:50:00+05:30,2024-06-14 12:55:00+05:30,178.85,178.77,False,False,False
45334,45334,45335,2024-06-14 12:55:00+05:30,2024-06-14 12:55:00+05:30,2024-06-14 13:00:00+05:30,178.76,178.75799999999998,False,False,False
45345,45347,45348,2024-06-14 13:50:00+05:30,2024-06-14 14:00:00+05:30,2024-06-14 14:05:00+05:30,178.75,178.5165,False,False,False
45370,45371,45372,2024-06-18 09:40:00+05:30,2024-06-18 09:45:00+05:30,2024-06-18 09:50:00+05:30,179.75,179.605,False,False,False
45431,45434,45435,2024-06-18 14:45:00+05:30,2024-06-18 15:00:00+05:30,2024-06-18 15:05:00+05:30,177.53,177.5175,False,False,False
45437,45437,45438,2024-06-18 15:15:00+05:30,2024-06-18 15:15:00+05:30,2024-06-18 15:20:00+05:30,177.43,177.355,False,False,False
45442,45443,45444,2024-06-19 09:25:00+05:30,2024-06-19 09:30:00+05:30,2024-06-19 09:35:00+05:30,178.63,177.4945,False,False,False
45469,45469,45470,2024-06-19 11:40:00+05:30,2024-06-19 11:40:00+05:30,2024-06-19 11:45:00+05:30,176.53,176.475,False,False,False
45501,45503,45504,2024-06-19 14:20:00+05:30,2024-06-19 14:30:00+05:30,2024-06-19 14:35:00+05:30,176.86,176.8455,False,False,False
45513,45516,45517,2024-06-19 15:20:00+05:30,2024-06-20 09:20:00+05:30,2024-06-20 09:25:00+05:30,177.19,176.61950000000002,True,False,False
45561,45564,45565,2024-06-20 13:05:00+05:30,2024-06-20 13:20:00+05:30,2024-06-20 13:25:00+05:30,179.22,178.5015,False,False,False
45584,45587,45588,2024-06-20 15:00:00+05:30,2024-06-20 15:15:00+05:30,2024-06-20 15:20:00+05:30,178.87,178.7245,False,False,False
45607,45610,45611,2024-06-21 10:40:00+05:30,2024-06-21 10:55:00+05:30,2024-06-21 11:00:00+05:30,180.05,179.868,False,False,False
45636,45639,45640,2024-06-21 13:05:00+05:30,2024-06-21 13:20:00+05:30,2024-06-21 13:25:00+05:30,179.58,179.55,False,False,False
45654,45657,45658,2024-06-21 14:35:00+05:30,2024-06-21 14:50:00+05:30,2024-06-21 14:55:00+05:30,179.61,179.553,False,False,False
45660,45660,45661,2024-06-21 15:05:00+05:30,2024-06-21 15:05:00+05:30,2024-06-21 15:10:00+05:30,179.88,179.753,False,False,False
45661,45662,45663,2024-06-21 15:10:00+05:30,2024-06-21 15:15:00+05:30,2024-06-21 15:20:00+05:30,179.91,179.767,False,False,False
45663,45663,45664,2024-06-21 15:20:00+05:30,2024-06-21 15:20:00+05:30,2024-06-21 15:25:00+05:30,179.81,179.78900000000002,False,False,False
45737,45740,45741,2024-06-24 15:15:00+05:30,2024-06-25 09:15:00+05:30,2024-06-25 09:20:00+05:30,178.1,178.0775,True,False,False
45741,45741,45742,2024-06-25 09:20:00+05:30,2024-06-25 09:20:00+05:30,2024-06-25 09:25:00+05:30,178.39,178.115,False,False,False
45803,45803,45804,2024-06-25 14:30:00+05:30,2024-06-25 14:30:00+05:30,2024-06-25 14:35:00+05:30,175.71,175.691,False,False,False
45809,45809,45810,2024-06-25 15:00:00+05:30,2024-06-25 15:00:00+05:30,2024-06-25 15:05:00+05:30,175.93,175.52100000000002,False,False,False
45811,45811,45812,2024-06-25 15:10:00+05:30,2024-06-25 15:10:00+05:30,2024-06-25 15:15:00+05:30,175.74,175.5375,False,False,False
45812,45812,45813,2024-06-25 15:15:00+05:30,2024-06-25 15:15:00+05:30,2024-06-25 15:20:00+05:30,175.6,175.54500000000002,False,False,False
45813,45813,45814,2024-06-25 15:20:00+05:30,2024-06-25 15:20:00+05:30,2024-06-25 15:25:00+05:30,175.89,175.56400000000002,False,False,False
45882,45885,45886,2024-06-26 14:50:00+05:30,2024-06-26 15:05:00+05:30,2024-06-26 15:10:00+05:30,172.82,172.56900000000002,False,False,False
45883,45884,45885,2024-06-26 14:55:00+05:30,2024-06-26 15:00:00+05:30,2024-06-26 15:05:00+05:30,172.55,172.543,False,False,False
45886,45888,45889,2024-06-26 15:10:00+05:30,2024-06-26 15:20:00+05:30,2024-06-26 15:25:00+05:30,172.68,172.52700000000002,False,False,False
45890,45890,45891,2024-06-27 09:15:00+05:30,2024-06-27 09:15:00+05:30,2024-06-27 09:20:00+05:30,173.98,172.57,False,False,False
45925,45925,45926,2024-06-27 12:10:00+05:30,2024-06-27 12:10:00+05:30,2024-06-27 12:15:00+05:30,173.45,173.198,False,False,False
45953,45954,45955,2024-06-27 14:30:00+05:30,2024-06-27 14:35:00+05:30,2024-06-27 14:40:00+05:30,172.63,172.185,False,False,False
46022,46025,46026,2024-06-28 14:00:00+05:30,2024-06-28 14:15:00+05:30,2024-06-28 14:20:00+05:30,175.1,175.019,False,False,False
46030,46031,46032,2024-06-28 14:40:00+05:30,2024-06-28 14:45:00+05:30,2024-06-28 14:50:00+05:30,174.92,174.8825,False,False,False
46036,46039,46040,2024-06-28 15:10:00+05:30,2024-06-28 15:25:00+05:30,2024-07-01 09:15:00+05:30,174.5,174.634,True,True,True
46040,46040,46041,2024-07-01 09:15:00+05:30,2024-07-01 09:15:00+05:30,2024-07-01 09:20:00+05:30,175.11,174.6045,False,False,False
46101,46103,46104,2024-07-01 14:20:00+05:30,2024-07-01 14:30:00+05:30,2024-07-01 14:35:00+05:30,174.16,174.0585,False,False,False
46109,46110,46111,2024-07-01 15:00:00+05:30,2024-07-01 15:05:00+05:30,2024-07-01 15:10:00+05:30,174.18,173.98200000000003,False,False,False
46111,46111,46112,2024-07-01 15:10:00+05:30,2024-07-01 15:10:00+05:30,2024-07-01 15:15:00+05:30,174.08,173.99900000000002,False,False,False
46112,46112,46113,2024-07-01 15:15:00+05:30,2024-07-01 15:15:00+05:30,2024-07-01 15:20:00+05:30,174.05,173.9975,False,False,False
46113,46113,46114,2024-07-01 15:20:00+05:30,2024-07-01 15:20:00+05:30,2024-07-01 15:25:00+05:30,174.33,174.0075,False,False,False
46116,46119,46120,2024-07-02 09:20:00+05:30,2024-07-02 09:35:00+05:30,2024-07-02 09:40:00+05:30,174.03,173.99650000000003,False,False,False
46187,46190,46191,2024-07-02 15:15:00+05:30,2024-07-03 09:15:00+05:30,2024-07-03 09:20:00+05:30,175.28,174.748,True,False,False
46192,46192,46193,2024-07-03 09:25:00+05:30,2024-07-03 09:25:00+05:30,2024-07-03 09:30:00+05:30,174.77,174.72899999999998,False,False,False
46216,46217,46218,2024-07-03 11:25:00+05:30,2024-07-03 11:30:00+05:30,2024-07-03 11:35:00+05:30,175.4,175.3965,False,False,False
46229,46232,46233,2024-07-03 12:30:00+05:30,2024-07-03 12:45:00+05:30,2024-07-03 12:50:00+05:30,175.4,175.273,False,False,False
46254,46254,46255,2024-07-03 14:35:00+05:30,2024-07-03 14:35:00+05:30,2024-07-03 14:40:00+05:30,175.54,175.46800000000002,False,False,False
46255,46255,46256,2024-07-03 14:40:00+05:30,2024-07-03 14:40:00+05:30,2024-07-03 14:45:00+05:30,175.56,175.47549999999998,False,False,False
46301,46301,46302,2024-07-04 12:15:00+05:30,2024-07-04 12:15:00+05:30,2024-07-04 12:20:00+05:30,177.11,177.0405,False,False,False
46323,46325,46326,2024-07-04 14:05:00+05:30,2024-07-04 14:15:00+05:30,2024-07-04 14:20:00+05:30,176.76,176.672,False,False,False
46328,46330,46331,2024-07-04 14:30:00+05:30,2024-07-04 14:40:00+05:30,2024-07-04 14:45:00+05:30,176.65,176.588,False,False,False
46338,46339,46340,2024-07-04 15:20:00+05:30,2024-07-04 15:25:00+05:30,2024-07-05 09:15:00+05:30,176.2,176.49200000000002,True,True,False
46372,46373,46374,2024-07-05 11:55:00+05:30,2024-07-05 12:00:00+05:30,2024-07-05 12:05:00+05:30,175.59,175.1015,False,False,False
46407,46409,46410,2024-07-05 14:50:00+05:30,2024-07-05 15:00:00+05:30,2024-07-05 15:05:00+05:30,174.45,174.2905,False,False,False
46415,46415,46416,2024-07-08 09:15:00+05:30,2024-07-08 09:15:00+05:30,2024-07-08 09:20:00+05:30,174.82,174.3695,False,False,False
46472,46472,46473,2024-07-08 14:00:00+05:30,2024-07-08 14:00:00+05:30,2024-07-08 14:05:00+05:30,172.77,172.7345,False,False,False
46476,46479,46480,2024-07-08 14:20:00+05:30,2024-07-08 14:35:00+05:30,2024-07-08 14:40:00+05:30,172.74,172.703,False,False,False
46487,46490,46491,2024-07-08 15:15:00+05:30,2024-07-09 09:15:00+05:30,2024-07-09 09:20:00+05:30,172.93,172.5525,True,False,False
46491,46491,46492,2024-07-09 09:20:00+05:30,2024-07-09 09:20:00+05:30,2024-07-09 09:25:00+05:30,172.7,172.533,False,False,False
46546,46547,46548,2024-07-09 13:55:00+05:30,2024-07-09 14:00:00+05:30,2024-07-09 14:05:00+05:30,171.9,171.87399999999997,False,False,False
46557,46560,46561,2024-07-09 14:50:00+05:30,2024-07-09 15:05:00+05:30,2024-07-09 15:10:00+05:30,171.9,171.8855,False,False,False
46558,46559,46560,2024-07-09 14:55:00+05:30,2024-07-09 15:00:00+05:30,2024-07-09 15:05:00+05:30,171.88,171.8735,False,False,False
46561,46563,46564,2024-07-09 15:10:00+05:30,2024-07-09 15:20:00+05:30,2024-07-09 15:25:00+05:30,171.88,171.8635,False,False,False
46565,46565,46566,2024-07-10 09:15:00+05:30,2024-07-10 09:15:00+05:30,2024-07-10 09:20:00+05:30,171.93,171.85999999999999,False,False,False
46566,46568,46569,2024-07-10 09:20:00+05:30,2024-07-10 09:30:00+05:30,2024-07-10 09:35:00+05:30,171.88,171.859,False,False,False
46602,46602,46603,2024-07-10 12:20:00+05:30,2024-07-10 12:20:00+05:30,2024-07-10 12:25:00+05:30,168.57,168.54450000000003,False,False,False
46636,46639,46640,2024-07-10 15:10:00+05:30,2024-07-10 15:25:00+05:30,2024-07-11 09:15:00+05:30,170.0,168.04850000000002,True,True,False
46673,46675,46676,2024-07-11 12:00:00+05:30,2024-07-11 12:10:00+05:30,2024-07-11 12:15:00+05:30,169.75,169.622,False,False,False
46679,46679,46680,2024-07-11 12:30:00+05:30,2024-07-11 12:30:00+05:30,2024-07-11 12:35:00+05:30,169.79,169.7585,False,False,False
46685,46685,46686,2024-07-11 13:00:00+05:30,2024-07-11 13:00:00+05:30,2024-07-11 13:05:00+05:30,169.8,169.767,False,False,False
46710,46713,46714,2024-07-11 15:05:00+05:30,2024-07-11 15:20:00+05:30,2024-07-11 15:25:00+05:30,169.09,169.08700000000002,False,False,False
46734,46734,46735,2024-07-12 10:50:00+05:30,2024-07-12 10:50:00+05:30,2024-07-12 10:55:00+05:30,169.5,169.32649999999998,False,False,False
46749,46749,46750,2024-07-12 12:05:00+05:30,2024-07-12 12:05:00+05:30,2024-07-12 12:10:00+05:30,168.95,168.9195,False,False,False
46760,46760,46761,2024-07-12 13:00:00+05:30,2024-07-12 13:00:00+05:30,2024-07-12 13:05:00+05:30,168.7,168.663,False,False,False
46779,46781,46782,2024-07-12 14:35:00+05:30,2024-07-12 14:45:00+05:30,2024-07-12 14:50:00+05:30,169.08,168.94299999999998,False,False,False
46817,46820,46821,2024-07-15 11:30:00+05:30,2024-07-15 11:45:00+05:30,2024-07-15 11:50:00+05:30,167.61,167.5985,False,False,False
46861,46864,46865,2024-07-15 15:10:00+05:30,2024-07-15 15:25:00+05:30,2024-07-16 09:15:00+05:30,167.8,166.9015,True,True,False
46934,46934,46935,2024-07-16 15:00:00+05:30,2024-07-16 15:00:00+05:30,2024-07-16 15:05:00+05:30,167.37,167.096,False,False,False
46935,46935,46936,2024-07-16 15:05:00+05:30,2024-07-16 15:05:00+05:30,2024-07-16 15:10:00+05:30,167.14,167.072,False,False,False
46936,46939,46940,2024-07-16 15:10:00+05:30,2024-07-16 15:25:00+05:30,2024-07-18 09:15:00+05:30,167.61,167.05249999999998,True,True,False
46938,46938,46939,2024-07-16 15:20:00+05:30,2024-07-16 15:20:00+05:30,2024-07-16 15:25:00+05:30,167.01,167.005,False,False,False
46948,46951,46952,2024-07-18 09:55:00+05:30,2024-07-18 10:10:00+05:30,2024-07-18 10:15:00+05:30,166.37,166.30149999999998,False,False,False
46987,46987,46988,2024-07-18 13:10:00+05:30,2024-07-18 13:10:00+05:30,2024-07-18 13:15:00+05:30,165.5,165.1025,False,False,False
47051,47051,47052,2024-07-19 12:15:00+05:30,2024-07-19 12:15:00+05:30,2024-07-19 12:20:00+05:30,160.0,160.0495,False,False,False
47052,47052,47053,2024-07-19 12:20:00+05:30,2024-07-19 12:20:00+05:30,2024-07-19 12:25:00+05:30,160.01,159.9845,False,False,False
47068,47071,47072,2024-07-19 13:40:00+05:30,2024-07-19 13:55:00+05:30,2024-07-19 14:00:00+05:30,159.44,159.398,False,False,False
47088,47091,47092,2024-07-19 15:20:00+05:30,2024-07-22 09:20:00+05:30,2024-07-22 09:25:00+05:30,158.49,158.3775,True,False,False
47158,47160,47161,2024-07-22 14:55:00+05:30,2024-07-22 15:05:00+05:30,2024-07-22 15:10:00+05:30,160.44,160.2185,False,False,False
47161,47161,47162,2024-07-22 15:10:00+05:30,2024-07-22 15:10:00+05:30,2024-07-22 15:15:00+05:30,160.33,160.23250000000002,False,False,False
47162,47162,47163,2024-07-22 15:15:00+05:30,2024-07-22 15:15:00+05:30,2024-07-22 15:20:00+05:30,160.24,160.22650000000002,False,False,False
47163,47163,47164,2024-07-22 15:20:00+05:30,2024-07-22 15:20:00+05:30,2024-07-22 15:25:00+05:30,160.34,160.224,False,False,False
47189,47190,47191,2024-07-23 11:15:00+05:30,2024-07-23 11:20:00+05:30,2024-07-23 11:25:00+05:30,159.75,159.576,False,False,False
47205,47208,47209,2024-07-23 12:35:00+05:30,2024-07-23 12:50:00+05:30,2024-07-23 12:55:00+05:30,159.67,159.1175,False,False,False
47240,47241,47242,2024-07-24 09:15:00+05:30,2024-07-24 09:20:00+05:30,2024-07-24 09:25:00+05:30,159.74,159.638,False,False,False
47242,47242,47243,2024-07-24 09:25:00+05:30,2024-07-24 09:25:00+05:30,2024-07-24 09:30:00+05:30,160.31,159.7285,False,False,False
47292,47295,47296,2024-07-24 13:35:00+05:30,2024-07-24 13:50:00+05:30,2024-07-24 13:55:00+05:30,160.92,160.7705,False,False,False
47299,47299,47300,2024-07-24 14:10:00+05:30,2024-07-24 14:10:00+05:30,2024-07-24 14:15:00+05:30,160.64,160.61700000000002,False,False,False
47300,47303,47304,2024-07-24 14:15:00+05:30,2024-07-24 14:30:00+05:30,2024-07-24 14:35:00+05:30,160.75,160.6,False,False,False
47349,47352,47353,2024-07-25 12:05:00+05:30,2024-07-25 12:20:00+05:30,2024-07-25 12:25:00+05:30,157.9,157.82049999999998,False,False,False
47384,47384,47385,2024-07-25 15:00:00+05:30,2024-07-25 15:00:00+05:30,2024-07-25 15:05:00+05:30,157.45,157.23200000000003,False,False,False
47387,47387,47388,2024-07-25 15:15:00+05:30,2024-07-25 15:15:00+05:30,2024-07-25 15:20:00+05:30,157.37,157.26299999999998,False,False,False
47444,47444,47445,2024-07-26 13:45:00+05:30,2024-07-26 13:45:00+05:30,2024-07-26 13:50:00+05:30,162.59,162.524,False,False,False
47446,47449,47450,2024-07-26 13:55:00+05:30,2024-07-26 14:10:00+05:30,2024-07-26 14:15:00+05:30,162.65,162.5645,False,False,False
47451,47451,47452,2024-07-26 14:20:00+05:30,2024-07-26 14:20:00+05:30,2024-07-26 14:25:00+05:30,162.63,162.59199999999998,False,False,False
47456,47459,47460,2024-07-26 14:45:00+05:30,2024-07-26 15:00:00+05:30,2024-07-26 15:05:00+05:30,162.83,162.553,False,False,False
47460,47461,47462,2024-07-26 15:05:00+05:30,2024-07-26 15:10:00+05:30,2024-07-26 15:15:00+05:30,162.66,162.4845,False,False,False
47517,47518,47519,2024-07-29 13:35:00+05:30,2024-07-29 13:40:00+05:30,2024-07-29 13:45:00+05:30,163.66,163.5735,False,False,False
47536,47538,47539,2024-07-29 15:10:00+05:30,2024-07-29 15:20:00+05:30,2024-07-29 15:25:00+05:30,162.91,162.911,False,False,False
47537,47537,47538,2024-07-29 15:15:00+05:30,2024-07-29 15:15:00+05:30,2024-07-29 15:20:00+05:30,162.91,162.8775,False,False,False
47539,47539,47540,2024-07-29 15:25:00+05:30,2024-07-29 15:25:00+05:30,2024-07-30 09:15:00+05:30,162.9,162.821,True,True,False
47569,47569,47570,2024-07-30 11:40:00+05:30,2024-07-30 11:40:00+05:30,2024-07-30 11:45:00+05:30,163.85,163.73600000000002,False,False,False
47593,47595,47596,2024-07-30 13:40:00+05:30,2024-07-30 13:50:00+05:30,2024-07-30 13:55:00+05:30,163.2,163.0935,False,False,False
47596,47596,47597,2024-07-30 13:55:00+05:30,2024-07-30 13:55:00+05:30,2024-07-30 14:00:00+05:30,163.16,163.0495,False,False,False
47611,47611,47612,2024-07-30 15:10:00+05:30,2024-07-30 15:10:00+05:30,2024-07-30 15:15:00+05:30,163.82,163.68599999999998,False,False,False
47655,47656,47657,2024-07-31 12:35:00+05:30,2024-07-31 12:40:00+05:30,2024-07-31 12:45:00+05:30,164.24,164.0445,False,False,False
47669,47669,47670,2024-07-31 13:45:00+05:30,2024-07-31 13:45:00+05:30,2024-07-31 13:50:00+05:30,164.79,164.57850000000002,False,False,False
47823,47823,47824,2024-08-02 14:05:00+05:30,2024-08-02 14:05:00+05:30,2024-08-02 14:10:00+05:30,158.28,158.2525,False,False,False
47825,47827,47828,2024-08-02 14:15:00+05:30,2024-08-02 14:25:00+05:30,2024-08-02 14:30:00+05:30,158.34,158.2545,False,False,False
47834,47837,47838,2024-08-02 15:00:00+05:30,2024-08-02 15:15:00+05:30,2024-08-02 15:20:00+05:30,158.38,158.267,False,False,False
47839,47839,47840,2024-08-02 15:25:00+05:30,2024-08-02 15:25:00+05:30,2024-08-05 09:15:00+05:30,153.66,158.2545,True,True,False
47898,47900,47901,2024-08-05 14:05:00+05:30,2024-08-05 14:15:00+05:30,2024-08-05 14:20:00+05:30,150.68,150.56,False,False,False
47907,47908,47909,2024-08-05 14:50:00+05:30,2024-08-05 14:55:00+05:30,2024-08-05 15:00:00+05:30,150.69,150.7,False,False,False
47912,47915,47916,2024-08-05 15:15:00+05:30,2024-08-06 09:15:00+05:30,2024-08-06 09:20:00+05:30,153.0,150.503,True,False,False
47986,47988,47989,2024-08-06 15:10:00+05:30,2024-08-06 15:20:00+05:30,2024-08-06 15:25:00+05:30,150.76,150.7355,False,False,False
48030,48030,48031,2024-08-07 12:35:00+05:30,2024-08-07 12:35:00+05:30,2024-08-07 12:40:00+05:30,153.11,152.728,False,False,False
48031,48034,48035,2024-08-07 12:40:00+05:30,2024-08-07 12:55:00+05:30,2024-08-07 13:00:00+05:30,152.84,152.7065,False,False,False
48041,48042,48043,2024-08-07 13:30:00+05:30,2024-08-07 13:35:00+05:30,2024-08-07 13:40:00+05:30,152.99,152.8155,False,False,False
48046,48046,48047,2024-08-07 13:55:00+05:30,2024-08-07 13:55:00+05:30,2024-08-07 14:00:00+05:30,152.95,152.876,False,False,False
48056,48056,48057,2024-08-07 14:45:00+05:30,2024-08-07 14:45:00+05:30,2024-08-07 14:50:00+05:30,153.13,153.035,False,False,False
48100,48100,48101,2024-08-08 12:10:00+05:30,2024-08-08 12:10:00+05:30,2024-08-08 12:15:00+05:30,151.98,151.628,False,False,False
48131,48131,48132,2024-08-08 14:45:00+05:30,2024-08-08 14:45:00+05:30,2024-08-08 14:50:00+05:30,150.89,150.8455,False,False,False
48137,48140,48141,2024-08-08 15:15:00+05:30,2024-08-09 09:15:00+05:30,2024-08-09 09:20:00+05:30,152.76,150.717,True,False,False
48192,48194,48195,2024-08-09 13:35:00+05:30,2024-08-09 13:45:00+05:30,2024-08-09 13:50:00+05:30,152.21,151.947,False,False,False
48210,48210,48211,2024-08-09 15:05:00+05:30,2024-08-09 15:05:00+05:30,2024-08-09 15:10:00+05:30,151.98,151.9605,False,False,False
48211,48212,48213,2024-08-09 15:10:00+05:30,2024-08-09 15:15:00+05:30,2024-08-09 15:20:00+05:30,151.96,151.95499999999998,False,False,False
48225,48225,48226,2024-08-12 10:05:00+05:30,2024-08-12 10:05:00+05:30,2024-08-12 10:10:00+05:30,151.9,151.44299999999998,False,False,False
48274,48274,48275,2024-08-12 14:10:00+05:30,2024-08-12 14:10:00+05:30,2024-08-12 14:15:00+05:30,152.86,152.8705,False,False,False
48313,48313,48314,2024-08-13 11:10:00+05:30,2024-08-13 11:10:00+05:30,2024-08-13 11:15:00+05:30,151.71,151.5025,False,False,False
48398,48400,48401,2024-08-14 12:00:00+05:30,2024-08-14 12:10:00+05:30,2024-08-14 12:15:00+05:30,145.04,144.764,False,False,False
48431,48431,48432,2024-08-14 14:45:00+05:30,2024-08-14 14:45:00+05:30,2024-08-14 14:50:00+05:30,146.03,145.583,False,False,False
48434,48434,48435,2024-08-14 15:00:00+05:30,2024-08-14 15:00:00+05:30,2024-08-14 15:05:00+05:30,146.0,145.6945,False,False,False
48451,48452,48453,2024-08-16 10:10:00+05:30,2024-08-16 10:15:00+05:30,2024-08-16 10:20:00+05:30,147.2,146.947,False,False,False
48540,48540,48541,2024-08-19 11:20:00+05:30,2024-08-19 11:20:00+05:30,2024-08-19 11:25:00+05:30,151.09,150.959,False,False,False
48586,48586,48587,2024-08-19 15:10:00+05:30,2024-08-19 15:10:00+05:30,2024-08-19 15:15:00+05:30,153.94,153.6435,False,False,False
48624,48624,48625,2024-08-20 12:05:00+05:30,2024-08-20 12:05:00+05:30,2024-08-20 12:10:00+05:30,153.09,152.977,False,False,False
48630,48633,48634,2024-08-20 12:35:00+05:30,2024-08-20 12:50:00+05:30,2024-08-20 12:55:00+05:30,153.08,153.071,False,False,False
48634,48636,48637,2024-08-20 12:55:00+05:30,2024-08-20 13:05:00+05:30,2024-08-20 13:10:00+05:30,153.09,153.082,False,False,False
48642,48642,48643,2024-08-20 13:35:00+05:30,2024-08-20 13:35:00+05:30,2024-08-20 13:40:00+05:30,153.21,153.157,False,False,False
48652,48652,48653,2024-08-20 14:25:00+05:30,2024-08-20 14:25:00+05:30,2024-08-20 14:30:00+05:30,153.32,153.088,False,False,False
48653,48654,48655,2024-08-20 14:30:00+05:30,2024-08-20 14:35:00+05:30,2024-08-20 14:40:00+05:30,153.21,153.088,False,False,False
48665,48666,48667,2024-08-21 09:15:00+05:30,2024-08-21 09:20:00+05:30,2024-08-21 09:25:00+05:30,153.64,153.46,False,False,False
48727,48727,48728,2024-08-21 14:25:00+05:30,2024-08-21 14:25:00+05:30,2024-08-21 14:30:00+05:30,152.26,152.2255,False,False,False
48737,48740,48741,2024-08-21 15:15:00+05:30,2024-08-22 09:15:00+05:30,2024-08-22 09:20:00+05:30,153.09,152.07150000000001,True,False,False
48762,48762,48763,2024-08-22 11:05:00+05:30,2024-08-22 11:05:00+05:30,2024-08-22 11:10:00+05:30,153.2,152.82999999999998,False,False,False
48778,48778,48779,2024-08-22 12:25:00+05:30,2024-08-22 12:25:00+05:30,2024-08-22 12:30:00+05:30,153.9,153.6215,False,False,False
48782,48782,48783,2024-08-22 12:45:00+05:30,2024-08-22 12:45:00+05:30,2024-08-22 12:50:00+05:30,153.82,153.781,False,False,False
48791,48794,48795,2024-08-22 13:30:00+05:30,2024-08-22 13:45:00+05:30,2024-08-22 13:50:00+05:30,153.81,153.7975,False,False,False
48798,48798,48799,2024-08-22 14:05:00+05:30,2024-08-22 14:05:00+05:30,2024-08-22 14:10:00+05:30,153.95,153.773,False,False,False
48803,48803,48804,2024-08-22 14:30:00+05:30,2024-08-22 14:30:00+05:30,2024-08-22 14:35:00+05:30,154.04,153.8365,False,False,False
48814,48814,48815,2024-08-22 15:25:00+05:30,2024-08-22 15:25:00+05:30,2024-08-23 09:15:00+05:30,154.0,154.02900000000002,True,True,False
48854,48854,48855,2024-08-23 12:30:00+05:30,2024-08-23 12:30:00+05:30,2024-08-23 12:35:00+05:30,153.83,153.695,False,False,False
48860,48860,48861,2024-08-23 13:00:00+05:30,2024-08-23 13:00:00+05:30,2024-08-23 13:05:00+05:30,154.06,153.828,False,False,False
48870,48870,48871,2024-08-23 13:50:00+05:30,2024-08-23 13:50:00+05:30,2024-08-23 13:55:00+05:30,154.3,153.943,False,False,False
48873,48873,48874,2024-08-23 14:05:00+05:30,2024-08-23 14:05:00+05:30,2024-08-23 14:10:00+05:30,154.17,154.017,False,False,False
48879,48879,48880,2024-08-23 14:35:00+05:30,2024-08-23 14:35:00+05:30,2024-08-23 14:40:00+05:30,154.14,154.081,False,False,False
48881,48884,48885,2024-08-23 14:45:00+05:30,2024-08-23 15:00:00+05:30,2024-08-23 15:05:00+05:30,154.1,154.079,False,False,False
48885,48885,48886,2024-08-23 15:05:00+05:30,2024-08-23 15:05:00+05:30,2024-08-23 15:10:00+05:30,154.29,154.085,False,False,False
48889,48889,48890,2024-08-23 15:25:00+05:30,2024-08-23 15:25:00+05:30,2024-08-26 09:15:00+05:30,154.61,154.1195,True,True,False
48890,48890,48891,2024-08-26 09:15:00+05:30,2024-08-26 09:15:00+05:30,2024-08-26 09:20:00+05:30,154.7,154.1395,False,False,False
48962,48962,48963,2024-08-26 15:15:00+05:30,2024-08-26 15:15:00+05:30,2024-08-26 15:20:00+05:30,155.83,155.61249999999998,False,False,False
48963,48963,48964,2024-08-26 15:20:00+05:30,2024-08-26 15:20:00+05:30,2024-08-26 15:25:00+05:30,155.7,155.66,False,False,False
48964,48964,48965,2024-08-26 15:25:00+05:30,2024-08-26 15:25:00+05:30,2024-08-27 09:15:00+05:30,155.8,155.699,True,True,False
48965,48965,48966,2024-08-27 09:15:00+05:30,2024-08-27 09:15:00+05:30,2024-08-27 09:20:00+05:30,155.85,155.7365,False,False,False
48966,48966,48967,2024-08-27 09:20:00+05:30,2024-08-27 09:20:00+05:30,2024-08-27 09:25:00+05:30,155.85,155.774,False,False,False
49018,49019,49020,2024-08-27 13:40:00+05:30,2024-08-27 13:45:00+05:30,2024-08-27 13:50:00+05:30,155.12,155.108,False,False,False
49096,49098,49099,2024-08-28 13:55:00+05:30,2024-08-28 14:05:00+05:30,2024-08-28 14:10:00+05:30,154.34,154.29450000000003,False,False,False
49121,49121,49122,2024-08-29 09:45:00+05:30,2024-08-29 09:45:00+05:30,2024-08-29 09:50:00+05:30,153.51,153.491,False,False,False
49140,49142,49143,2024-08-29 11:20:00+05:30,2024-08-29 11:30:00+05:30,2024-08-29 11:35:00+05:30,152.89,152.881,False,False,False
49180,49182,49183,2024-08-29 14:40:00+05:30,2024-08-29 14:50:00+05:30,2024-08-29 14:55:00+05:30,152.21,152.223,False,False,False
49230,49231,49232,2024-08-30 12:35:00+05:30,2024-08-30 12:40:00+05:30,2024-08-30 12:45:00+05:30,154.82,154.71099999999998,False,False,False
49234,49234,49235,2024-08-30 12:55:00+05:30,2024-08-30 12:55:00+05:30,2024-08-30 13:00:00+05:30,154.8,154.68200000000002,False,False,False
49337,49337,49338,2024-09-02 15:15:00+05:30,2024-09-02 15:15:00+05:30,2024-09-02 15:20:00+05:30,152.84,152.798,False,False,False
49338,49340,49341,2024-09-02 15:20:00+05:30,2024-09-03 09:15:00+05:30,2024-09-03 09:20:00+05:30,153.02,152.822,True,False,False
49341,49341,49342,2024-09-03 09:20:00+05:30,2024-09-03 09:20:00+05:30,2024-09-03 09:25:00+05:30,152.91,152.8765,False,False,False
49379,49379,49380,2024-09-03 12:30:00+05:30,2024-09-03 12:30:00+05:30,2024-09-03 12:35:00+05:30,152.44,152.29450000000003,False,False,False
49401,49402,49403,2024-09-03 14:20:00+05:30,2024-09-03 14:25:00+05:30,2024-09-03 14:30:00+05:30,152.42,152.39499999999998,False,False,False
49403,49404,49405,2024-09-03 14:30:00+05:30,2024-09-03 14:35:00+05:30,2024-09-03 14:40:00+05:30,152.49,152.38400000000001,False,False,False
49411,49414,49415,2024-09-03 15:10:00+05:30,2024-09-03 15:25:00+05:30,2024-09-04 09:15:00+05:30,149.5,152.27249999999998,True,True,False
49443,49443,49444,2024-09-04 11:35:00+05:30,2024-09-04 11:35:00+05:30,2024-09-04 11:40:00+05:30,151.67,150.98100000000002,False,False,False
49448,49449,49450,2024-09-04 12:00:00+05:30,2024-09-04 12:05:00+05:30,2024-09-04 12:10:00+05:30,151.15,151.0745,False,False,False
49461,49462,49463,2024-09-04 13:05:00+05:30,2024-09-04 13:10:00+05:30,2024-09-04 13:15:00+05:30,151.04,150.98999999999998,False,False,False
49484,49484,49485,2024-09-04 15:00:00+05:30,2024-09-04 15:00:00+05:30,2024-09-04 15:05:00+05:30,151.41,151.1615,False,False,False
49488,49490,49491,2024-09-04 15:20:00+05:30,2024-09-05 09:15:00+05:30,2024-09-05 09:20:00+05:30,152.59,151.15449999999998,True,False,False
49509,49509,49510,2024-09-05 10:50:00+05:30,2024-09-05 10:50:00+05:30,2024-09-05 10:55:00+05:30,152.5,152.1015,False,False,False
49511,49511,49512,2024-09-05 11:00:00+05:30,2024-09-05 11:00:00+05:30,2024-09-05 11:05:00+05:30,152.16,152.049,False,False,False
49554,49554,49555,2024-09-05 14:35:00+05:30,2024-09-05 14:35:00+05:30,2024-09-05 14:40:00+05:30,151.96,151.74900000000002,False,False,False
49558,49558,49559,2024-09-05 14:55:00+05:30,2024-09-05 14:55:00+05:30,2024-09-05 15:00:00+05:30,151.78,151.72549999999998,False,False,False
49560,49563,49564,2024-09-05 15:05:00+05:30,2024-09-05 15:20:00+05:30,2024-09-05 15:25:00+05:30,152.01,151.706,False,False,False
49565,49565,49566,2024-09-06 09:15:00+05:30,2024-09-06 09:15:00+05:30,2024-09-06 09:20:00+05:30,151.86,151.744,False,False,False
49637,49638,49639,2024-09-06 15:15:00+05:30,2024-09-06 15:20:00+05:30,2024-09-06 15:25:00+05:30,151.29,151.252,False,False,False
49639,49639,49640,2024-09-06 15:25:00+05:30,2024-09-06 15:25:00+05:30,2024-09-09 09:15:00+05:30,150.9,151.19050000000001,True,True,False
49700,49703,49704,2024-09-09 14:15:00+05:30,2024-09-09 14:30:00+05:30,2024-09-09 14:35:00+05:30,149.32,149.1985,False,False,False
49746,49748,49749,2024-09-10 11:50:00+05:30,2024-09-10 12:00:00+05:30,2024-09-10 12:05:00+05:30,149.29,149.175,False,False,False
49772,49772,49773,2024-09-10 14:00:00+05:30,2024-09-10 14:00:00+05:30,2024-09-10 14:05:00+05:30,150.36,150.3175,False,False,False
49823,49823,49824,2024-09-11 12:00:00+05:30,2024-09-11 12:00:00+05:30,2024-09-11 12:05:00+05:30,149.68,149.53900000000002,False,False,False
49824,49825,49826,2024-09-11 12:05:00+05:30,2024-09-11 12:10:00+05:30,2024-09-11 12:15:00+05:30,149.61,149.546,False,False,False
49829,49829,49830,2024-09-11 12:30:00+05:30,2024-09-11 12:30:00+05:30,2024-09-11 12:35:00+05:30,149.6,149.5455,False,False,False
49839,49839,49840,2024-09-11 13:20:00+05:30,2024-09-11 13:20:00+05:30,2024-09-11 13:25:00+05:30,149.46,149.45250000000001,False,False,False
49840,49840,49841,2024-09-11 13:25:00+05:30,2024-09-11 13:25:00+05:30,2024-09-11 13:30:00+05:30,149.55,149.454,False,False,False
49862,49865,49866,2024-09-11 15:15:00+05:30,2024-09-12 09:15:00+05:30,2024-09-12 09:20:00+05:30,152.07,148.3935,True,False,False
49863,49864,49865,2024-09-11 15:20:00+05:30,2024-09-11 15:25:00+05:30,2024-09-12 09:15:00+05:30,152.0,148.348,True,True,False
49902,49903,49904,2024-09-12 12:20:00+05:30,2024-09-12 12:25:00+05:30,2024-09-12 12:30:00+05:30,149.18,149.171,False,False,False
49905,49905,49906,2024-09-12 12:35:00+05:30,2024-09-12 12:35:00+05:30,2024-09-12 12:40:00+05:30,149.41,149.16299999999998,False,False,False
49920,49920,49921,2024-09-12 13:50:00+05:30,2024-09-12 13:50:00+05:30,2024-09-12 13:55:00+05:30,149.66,149.4625,False,False,False
49921,49921,49922,2024-09-12 13:55:00+05:30,2024-09-12 13:55:00+05:30,2024-09-12 14:00:00+05:30,150.15,149.52,False,False,False
49977,49977,49978,2024-09-13 12:20:00+05:30,2024-09-13 12:20:00+05:30,2024-09-13 12:25:00+05:30,154.12,153.9645,False,False,False
49988,49988,49989,2024-09-13 13:15:00+05:30,2024-09-13 13:15:00+05:30,2024-09-13 13:20:00+05:30,153.99,153.973,False,False,False
49990,49990,49991,2024-09-13 13:25:00+05:30,2024-09-13 13:25:00+05:30,2024-09-13 13:30:00+05:30,154.2,153.99899999999997,False,False,False
50006,50006,50007,2024-09-13 14:45:00+05:30,2024-09-13 14:45:00+05:30,2024-09-13 14:50:00+05:30,153.69,153.68750000000003,False,False,False
50012,50015,50016,2024-09-13 15:15:00+05:30,2024-09-16 09:15:00+05:30,2024-09-16 09:20:00+05:30,154.9,153.5355,True,False,False
50013,50013,50014,2024-09-13 15:20:00+05:30,2024-09-13 15:20:00+05:30,2024-09-13 15:25:00+05:30,153.54,153.517,False,False,False
50023,50023,50024,2024-09-16 09:55:00+05:30,2024-09-16 09:55:00+05:30,2024-09-16 10:00:00+05:30,154.07,154.07150000000001,False,False,False
50053,50053,50054,2024-09-16 12:25:00+05:30,2024-09-16 12:25:00+05:30,2024-09-16 12:30:00+05:30,154.3,153.99849999999998,False,False,False
50066,50066,50067,2024-09-16 13:30:00+05:30,2024-09-16 13:30:00+05:30,2024-09-16 13:35:00+05:30,154.28,154.2275,False,False,False
50067,50068,50069,2024-09-16 13:35:00+05:30,2024-09-16 13:40:00+05:30,2024-09-16 13:45:00+05:30,154.33,154.248,False,False,False
50085,50085,50086,2024-09-16 15:05:00+05:30,2024-09-16 15:05:00+05:30,2024-09-16 15:10:00+05:30,154.26,154.2625,False,False,False
50128,50130,50131,2024-09-17 12:25:00+05:30,2024-09-17 12:35:00+05:30,2024-09-17 12:40:00+05:30,152.73,152.6715,False,False,False
50150,50150,50151,2024-09-17 14:15:00+05:30,2024-09-17 14:15:00+05:30,2024-09-17 14:20:00+05:30,153.42,153.11950000000002,False,False,False
50302,50302,50303,2024-09-19 14:25:00+05:30,2024-09-19 14:25:00+05:30,2024-09-19 14:30:00+05:30,149.19,148.812,False,False,False
50357,50357,50358,2024-09-20 12:45:00+05:30,2024-09-20 12:45:00+05:30,2024-09-20 12:50:00+05:30,153.24,152.8395,False,False,False
50382,50382,50383,2024-09-20 14:50:00+05:30,2024-09-20 14:50:00+05:30,2024-09-20 14:55:00+05:30,152.32,151.782,False,False,False
50383,50383,50384,2024-09-20 14:55:00+05:30,2024-09-20 14:55:00+05:30,2024-09-20 15:00:00+05:30,151.85,151.7255,False,False,False
50384,50384,50385,2024-09-20 15:00:00+05:30,2024-09-20 15:00:00+05:30,2024-09-20 15:05:00+05:30,151.94,151.677,False,False,False
50444,50447,50448,2024-09-23 13:45:00+05:30,2024-09-23 14:00:00+05:30,2024-09-23 14:05:00+05:30,153.09,153.048,False,False,False
50535,50537,50538,2024-09-24 15:05:00+05:30,2024-09-24 15:15:00+05:30,2024-09-24 15:20:00+05:30,160.85,160.845,False,False,False
50538,50540,50541,2024-09-24 15:20:00+05:30,2024-09-25 09:15:00+05:30,2024-09-25 09:20:00+05:30,162.19,160.783,True,False,False
50600,50601,50602,2024-09-25 14:15:00+05:30,2024-09-25 14:20:00+05:30,2024-09-25 14:25:00+05:30,161.37,161.1905,False,False,False
50606,50606,50607,2024-09-25 14:45:00+05:30,2024-09-25 14:45:00+05:30,2024-09-25 14:50:00+05:30,161.35,161.331,False,False,False
50609,50609,50610,2024-09-25 15:00:00+05:30,2024-09-25 15:00:00+05:30,2024-09-25 15:05:00+05:30,161.74,161.362,False,False,False
50621,50621,50622,2024-09-26 09:45:00+05:30,2024-09-26 09:45:00+05:30,2024-09-26 09:50:00+05:30,162.46,161.39000000000001,False,False,False
50670,50671,50672,2024-09-26 13:50:00+05:30,2024-09-26 13:55:00+05:30,2024-09-26 14:00:00+05:30,164.69,164.49949999999998,False,False,False
50742,50742,50743,2024-09-27 13:35:00+05:30,2024-09-27 13:35:00+05:30,2024-09-27 13:40:00+05:30,166.62,166.616,False,False,False
50744,50744,50745,2024-09-27 13:45:00+05:30,2024-09-27 13:45:00+05:30,2024-09-27 13:50:00+05:30,166.61,166.57,False,False,False
50748,50750,50751,2024-09-27 14:05:00+05:30,2024-09-27 14:15:00+05:30,2024-09-27 14:20:00+05:30,166.51,166.45850000000002,False,False,False
50757,50759,50760,2024-09-27 14:50:00+05:30,2024-09-27 15:00:00+05:30,2024-09-27 15:05:00+05:30,166.83,166.353,False,False,False
50762,50763,50764,2024-09-27 15:15:00+05:30,2024-09-27 15:20:00+05:30,2024-09-27 15:25:00+05:30,166.44,166.3965,False,False,False
50828,50831,50832,2024-09-30 14:30:00+05:30,2024-09-30 14:45:00+05:30,2024-09-30 14:50:00+05:30,168.79,168.644,False,False,False
50834,50834,50835,2024-09-30 15:00:00+05:30,2024-09-30 15:00:00+05:30,2024-09-30 15:05:00+05:30,168.71,168.62500000000003,False,False,False
50835,50835,50836,2024-09-30 15:05:00+05:30,2024-09-30 15:05:00+05:30,2024-09-30 15:10:00+05:30,168.74,168.649,False,False,False
50836,50836,50837,2024-09-30 15:10:00+05:30,2024-09-30 15:10:00+05:30,2024-09-30 15:15:00+05:30,168.75,168.65000000000003,False,False,False
50897,50897,50898,2024-10-01 14:00:00+05:30,2024-10-01 14:00:00+05:30,2024-10-01 14:05:00+05:30,167.75,167.672,False,False,False
50913,50916,50917,2024-10-01 15:20:00+05:30,2024-10-03 09:20:00+05:30,2024-10-03 09:25:00+05:30,167.8,167.25,True,False,False
50955,50956,50957,2024-10-03 12:35:00+05:30,2024-10-03 12:40:00+05:30,2024-10-03 12:45:00+05:30,167.83,167.815,False,False,False
50969,50971,50972,2024-10-03 13:45:00+05:30,2024-10-03 13:55:00+05:30,2024-10-03 14:00:00+05:30,167.7,167.338,False,False,False
50972,50974,50975,2024-10-03 14:00:00+05:30,2024-10-03 14:10:00+05:30,2024-10-03 14:15:00+05:30,167.58,167.347,False,False,False
50992,50995,50996,2024-10-04 09:25:00+05:30,2024-10-04 09:40:00+05:30,2024-10-04 09:45:00+05:30,166.99,166.864,False,False,False
51057,51058,51059,2024-10-04 14:50:00+05:30,2024-10-04 14:55:00+05:30,2024-10-04 15:00:00+05:30,166.5,166.4545,False,False,False
51059,51059,51060,2024-10-04 15:00:00+05:30,2024-10-04 15:00:00+05:30,2024-10-04 15:05:00+05:30,166.52,166.39849999999998,False,False,False
51060,51060,51061,2024-10-04 15:05:00+05:30,2024-10-04 15:05:00+05:30,2024-10-04 15:10:00+05:30,166.77,166.384,False,False,False
51068,51068,51069,2024-10-07 09:30:00+05:30,2024-10-07 09:30:00+05:30,2024-10-07 09:35:00+05:30,167.26,166.561,False,False,False
51087,51090,51091,2024-10-07 11:05:00+05:30,2024-10-07 11:20:00+05:30,2024-10-07 11:25:00+05:30,165.43,165.248,False,False,False
51130,51130,51131,2024-10-07 14:40:00+05:30,2024-10-07 14:40:00+05:30,2024-10-07 14:45:00+05:30,164.43,164.01799999999997,False,False,False
51133,51133,51134,2024-10-07 14:55:00+05:30,2024-10-07 14:55:00+05:30,2024-10-07 15:00:00+05:30,164.34,164.0375,False,False,False
51137,51137,51138,2024-10-07 15:15:00+05:30,2024-10-07 15:15:00+05:30,2024-10-07 15:20:00+05:30,164.24,164.05,False,False,False
51138,51138,51139,2024-10-07 15:20:00+05:30,2024-10-07 15:20:00+05:30,2024-10-07 15:25:00+05:30,164.38,164.063,False,False,False
51210,51213,51214,2024-10-08 15:05:00+05:30,2024-10-08 15:20:00+05:30,2024-10-08 15:25:00+05:30,159.69,159.6125,False,False,False
51212,51212,51213,2024-10-08 15:15:00+05:30,2024-10-08 15:15:00+05:30,2024-10-08 15:20:00+05:30,159.57,159.571,False,False,False
51215,51216,51217,2024-10-09 09:15:00+05:30,2024-10-09 09:20:00+05:30,2024-10-09 09:25:00+05:30,159.9,159.5055,False,False,False
51217,51217,51218,2024-10-09 09:25:00+05:30,2024-10-09 09:25:00+05:30,2024-10-09 09:30:00+05:30,159.9,159.50650000000002,False,False,False
51271,51271,51272,2024-10-09 13:55:00+05:30,2024-10-09 13:55:00+05:30,2024-10-09 14:00:00+05:30,161.0,160.949,False,False,False
51289,51290,51291,2024-10-09 15:25:00+05:30,2024-10-10 09:15:00+05:30,2024-10-10 09:20:00+05:30,160.1,160.01399999999998,True,False,False
51291,51291,51292,2024-10-10 09:20:00+05:30,2024-10-10 09:20:00+05:30,2024-10-10 09:25:00+05:30,160.0,159.91649999999998,False,False,False
51292,51292,51293,2024-10-10 09:25:00+05:30,2024-10-10 09:25:00+05:30,2024-10-10 09:30:00+05:30,160.79,159.91000000000003,False,False,False
51326,51327,51328,2024-10-10 12:15:00+05:30,2024-10-10 12:20:00+05:30,2024-10-10 12:25:00+05:30,159.64,159.618,False,False,False
51343,51343,51344,2024-10-10 13:40:00+05:30,2024-10-10 13:40:00+05:30,2024-10-10 13:45:00+05:30,159.8,159.594,False,False,False
51345,51346,51347,2024-10-10 13:50:00+05:30,2024-10-10 13:55:00+05:30,2024-10-10 14:00:00+05:30,159.68,159.64,False,False,False
51347,51347,51348,2024-10-10 14:00:00+05:30,2024-10-10 14:00:00+05:30,2024-10-10 14:05:00+05:30,159.85,159.659,False,False,False
51349,51349,51350,2024-10-10 14:10:00+05:30,2024-10-10 14:10:00+05:30,2024-10-10 14:15:00+05:30,159.8,159.6595,False,False,False
51351,51351,51352,2024-10-10 14:20:00+05:30,2024-10-10 14:20:00+05:30,2024-10-10 14:25:00+05:30,159.76,159.6565,False,False,False
51357,51360,51361,2024-10-10 14:50:00+05:30,2024-10-10 15:05:00+05:30,2024-10-10 15:10:00+05:30,159.79,159.62199999999999,False,False,False
51362,51364,51365,2024-10-10 15:15:00+05:30,2024-10-10 15:25:00+05:30,2024-10-11 09:15:00+05:30,159.3,159.652,True,True,False
51365,51365,51366,2024-10-11 09:15:00+05:30,2024-10-11 09:15:00+05:30,2024-10-11 09:20:00+05:30,160.22,159.6885,False,False,False
51426,51429,51430,2024-10-11 14:20:00+05:30,2024-10-11 14:35:00+05:30,2024-10-11 14:40:00+05:30,160.95,160.942,False,False,False
51434,51435,51436,2024-10-11 15:00:00+05:30,2024-10-11 15:05:00+05:30,2024-10-11 15:10:00+05:30,160.92,160.835,False,False,False
51436,51439,51440,2024-10-11 15:10:00+05:30,2024-10-11 15:25:00+05:30,2024-10-14 09:15:00+05:30,161.88,160.823,True,True,False
51584,51584,51585,2024-10-15 15:00:00+05:30,2024-10-15 15:00:00+05:30,2024-10-15 15:05:00+05:30,155.69,155.34750000000003,False,False,False
51590,51590,51591,2024-10-16 09:15:00+05:30,2024-10-16 09:15:00+05:30,2024-10-16 09:20:00+05:30,155.57,155.402,False,False,False
51591,51592,51593,2024-10-16 09:20:00+05:30,2024-10-16 09:25:00+05:30,2024-10-16 09:30:00+05:30,155.61,155.40699999999998,False,False,False
51656,51656,51657,2024-10-16 14:45:00+05:30,2024-10-16 14:45:00+05:30,2024-10-16 14:50:00+05:30,155.36,155.377,False,False,False
51657,51657,51658,2024-10-16 14:50:00+05:30,2024-10-16 14:50:00+05:30,2024-10-16 14:55:00+05:30,155.48,155.403,False,False,False
51662,51665,51666,2024-10-16 15:15:00+05:30,2024-10-17 09:15:00+05:30,2024-10-17 09:20:00+05:30,155.71,155.477,True,False,False
51666,51667,51668,2024-10-17 09:20:00+05:30,2024-10-17 09:25:00+05:30,2024-10-17 09:30:00+05:30,155.56,155.5295,False,False,False
51691,51691,51692,2024-10-17 11:25:00+05:30,2024-10-17 11:25:00+05:30,2024-10-17 11:30:00+05:30,154.38,154.2575,False,False,False
51740,51743,51744,2024-10-18 09:15:00+05:30,2024-10-18 09:30:00+05:30,2024-10-18 09:35:00+05:30,152.88,152.508,False,False,False
51744,51744,51745,2024-10-18 09:35:00+05:30,2024-10-18 09:35:00+05:30,2024-10-18 09:40:00+05:30,153.0,152.40749999999997,False,False,False
51806,51807,51808,2024-10-18 14:45:00+05:30,2024-10-18 14:50:00+05:30,2024-10-18 14:55:00+05:30,155.64,155.5685,False,False,False
51808,51808,51809,2024-10-18 14:55:00+05:30,2024-10-18 14:55:00+05:30,2024-10-18 15:00:00+05:30,155.67,155.5565,False,False,False
51810,51813,51814,2024-10-18 15:05:00+05:30,2024-10-18 15:20:00+05:30,2024-10-18 15:25:00+05:30,155.67,155.5,False,False,False
51818,51819,51820,2024-10-21 09:30:00+05:30,2024-10-21 09:35:00+05:30,2024-10-21 09:40:00+05:30,155.67,155.56900000000002,False,False,False
51863,51863,51864,2024-10-21 13:15:00+05:30,2024-10-21 13:15:00+05:30,2024-10-21 13:20:00+05:30,155.6,155.0255,False,False,False
51867,51869,51870,2024-10-21 13:35:00+05:30,2024-10-21 13:45:00+05:30,2024-10-21 13:50:00+05:30,155.03,154.9875,False,False,False
51873,51875,51876,2024-10-21 14:05:00+05:30,2024-10-21 14:15:00+05:30,2024-10-21 14:20:00+05:30,155.2,155.041,False,False,False
51884,51886,51887,2024-10-21 15:00:00+05:30,2024-10-21 15:10:00+05:30,2024-10-21 15:15:00+05:30,155.2,155.10899999999998,False,False,False
51926,51927,51928,2024-10-22 12:15:00+05:30,2024-10-22 12:20:00+05:30,2024-10-22 12:25:00+05:30,152.12,152.0,False,False,False
51947,51949,51950,2024-10-22 14:00:00+05:30,2024-10-22 14:10:00+05:30,2024-10-22 14:15:00+05:30,151.96,151.6335,False,False,False
51962,51965,51966,2024-10-22 15:15:00+05:30,2024-10-23 09:15:00+05:30,2024-10-23 09:20:00+05:30,151.75,151.2395,True,False,False
51966,51967,51968,2024-10-23 09:20:00+05:30,2024-10-23 09:25:00+05:30,2024-10-23 09:30:00+05:30,151.19,151.1165,False,False,False
51991,51991,51992,2024-10-23 11:25:00+05:30,2024-10-23 11:25:00+05:30,2024-10-23 11:30:00+05:30,150.55,150.013,False,False,False
52017,52018,52019,2024-10-23 13:35:00+05:30,2024-10-23 13:40:00+05:30,2024-10-23 13:45:00+05:30,149.92,149.904,False,False,False
52020,52020,52021,2024-10-23 13:50:00+05:30,2024-10-23 13:50:00+05:30,2024-10-23 13:55:00+05:30,150.0,149.8915,False,False,False
52094,52094,52095,2024-10-24 13:45:00+05:30,2024-10-24 13:45:00+05:30,2024-10-24 13:50:00+05:30,149.1,148.94549999999998,False,False,False
52100,52103,52104,2024-10-24 14:15:00+05:30,2024-10-24 14:30:00+05:30,2024-10-24 14:35:00+05:30,149.2,149.01950000000002,False,False,False
52135,52138,52139,2024-10-25 10:55:00+05:30,2024-10-25 11:10:00+05:30,2024-10-25 11:15:00+05:30,146.1,145.9835,False,False,False
52153,52154,52155,2024-10-25 12:25:00+05:30,2024-10-25 12:30:00+05:30,2024-10-25 12:35:00+05:30,146.0,145.827,False,False,False
52165,52168,52169,2024-10-25 13:25:00+05:30,2024-10-25 13:40:00+05:30,2024-10-25 13:45:00+05:30,145.98,145.832,False,False,False
52172,52173,52174,2024-10-25 14:00:00+05:30,2024-10-25 14:05:00+05:30,2024-10-25 14:10:00+05:30,145.94,145.79000000000002,False,False,False
52178,52181,52182,2024-10-25 14:30:00+05:30,2024-10-25 14:45:00+05:30,2024-10-25 14:50:00+05:30,145.7,145.631,False,False,False
52182,52182,52183,2024-10-25 14:50:00+05:30,2024-10-25 14:50:00+05:30,2024-10-25 14:55:00+05:30,145.77,145.55450000000002,False,False,False
52184,52185,52186,2024-10-25 15:00:00+05:30,2024-10-25 15:05:00+05:30,2024-10-25 15:10:00+05:30,145.82,145.532,False,False,False
52190,52191,52192,2024-10-28 09:15:00+05:30,2024-10-28 09:20:00+05:30,2024-10-28 09:25:00+05:30,146.27,145.5795,False,False,False
52259,52260,52261,2024-10-28 15:00:00+05:30,2024-10-28 15:05:00+05:30,2024-10-28 15:10:00+05:30,149.4,149.2775,False,False,False
52262,52262,52263,2024-10-28 15:15:00+05:30,2024-10-28 15:15:00+05:30,2024-10-28 15:20:00+05:30,149.48,149.3425,False,False,False
52263,52263,52264,2024-10-28 15:20:00+05:30,2024-10-28 15:20:00+05:30,2024-10-28 15:25:00+05:30,149.44,149.357,False,False,False
52264,52264,52265,2024-10-28 15:25:00+05:30,2024-10-28 15:25:00+05:30,2024-10-29 09:15:00+05:30,149.85,149.3655,True,True,False
52265,52265,52266,2024-10-29 09:15:00+05:30,2024-10-29 09:15:00+05:30,2024-10-29 09:20:00+05:30,149.5,149.3765,False,False,False
52293,52295,52296,2024-10-29 11:35:00+05:30,2024-10-29 11:45:00+05:30,2024-10-29 11:50:00+05:30,147.22,147.207,False,False,False
52303,52303,52304,2024-10-29 12:25:00+05:30,2024-10-29 12:25:00+05:30,2024-10-29 12:30:00+05:30,147.19,147.1225,False,False,False
52322,52322,52323,2024-10-29 14:00:00+05:30,2024-10-29 14:00:00+05:30,2024-10-29 14:05:00+05:30,147.64,147.159,False,False,False
52340,52341,52342,2024-10-30 09:15:00+05:30,2024-10-30 09:20:00+05:30,2024-10-30 09:25:00+05:30,149.45,149.243,False,False,False
52479,52479,52480,2024-10-31 14:35:00+05:30,2024-10-31 14:35:00+05:30,2024-10-31 14:40:00+05:30,148.88,148.60649999999998,False,False,False
52484,52484,52485,2024-10-31 15:00:00+05:30,2024-10-31 15:00:00+05:30,2024-10-31 15:05:00+05:30,148.84,148.5975,False,False,False
52485,52485,52486,2024-10-31 15:05:00+05:30,2024-10-31 15:05:00+05:30,2024-10-31 15:10:00+05:30,148.72,148.6105,False,False,False
52486,52486,52487,2024-10-31 15:10:00+05:30,2024-10-31 15:10:00+05:30,2024-10-31 15:15:00+05:30,148.72,148.62949999999998,False,False,False
52487,52490,52491,2024-10-31 15:15:00+05:30,2024-11-01 18:00:00+05:30,2024-11-01 18:05:00+05:30,149.95,148.6225,True,False,False
52571,52571,52572,2024-11-04 15:00:00+05:30,2024-11-04 15:00:00+05:30,2024-11-04 15:05:00+05:30,146.79,146.6995,False,False,False
52572,52572,52573,2024-11-04 15:05:00+05:30,2024-11-04 15:05:00+05:30,2024-11-04 15:10:00+05:30,146.9,146.7345,False,False,False
52577,52577,52578,2024-11-05 09:15:00+05:30,2024-11-05 09:15:00+05:30,2024-11-05 09:20:00+05:30,149.28,147.0005,False,False,False
52796,52799,52800,2024-11-07 15:00:00+05:30,2024-11-07 15:15:00+05:30,2024-11-07 15:20:00+05:30,151.21,151.07049999999998,False,False,False
52800,52800,52801,2024-11-07 15:20:00+05:30,2024-11-07 15:20:00+05:30,2024-11-07 15:25:00+05:30,151.17,151.017,False,False,False
52802,52802,52803,2024-11-08 09:15:00+05:30,2024-11-08 09:15:00+05:30,2024-11-08 09:20:00+05:30,151.0,150.9745,False,False,False
52803,52804,52805,2024-11-08 09:20:00+05:30,2024-11-08 09:25:00+05:30,2024-11-08 09:30:00+05:30,151.05,150.87449999999998,False,False,False
52806,52808,52809,2024-11-08 09:35:00+05:30,2024-11-08 09:45:00+05:30,2024-11-08 09:50:00+05:30,151.0,150.822,False,False,False
52820,52820,52821,2024-11-08 10:45:00+05:30,2024-11-08 10:45:00+05:30,2024-11-08 10:50:00+05:30,150.61,150.4595,False,False,False
52847,52848,52849,2024-11-08 13:00:00+05:30,2024-11-08 13:05:00+05:30,2024-11-08 13:10:00+05:30,149.99,149.9685,False,False,False
52866,52867,52868,2024-11-08 14:35:00+05:30,2024-11-08 14:40:00+05:30,2024-11-08 14:45:00+05:30,149.25,148.8435,False,False,False
52926,52928,52929,2024-11-11 13:20:00+05:30,2024-11-11 13:30:00+05:30,2024-11-11 13:35:00+05:30,145.59,145.5935,False,False,False
52938,52940,52941,2024-11-11 14:20:00+05:30,2024-11-11 14:30:00+05:30,2024-11-11 14:35:00+05:30,145.15,145.13400000000001,False,False,False
52946,52947,52948,2024-11-11 15:00:00+05:30,2024-11-11 15:05:00+05:30,2024-11-11 15:10:00+05:30,145.1,144.9955,False,False,False
52949,52949,52950,2024-11-11 15:15:00+05:30,2024-11-11 15:15:00+05:30,2024-11-11 15:20:00+05:30,145.02,144.919,False,False,False
52951,52951,52952,2024-11-11 15:25:00+05:30,2024-11-11 15:25:00+05:30,2024-11-12 09:15:00+05:30,145.65,144.928,True,True,False
53078,53081,53082,2024-11-13 13:30:00+05:30,2024-11-13 13:45:00+05:30,2024-11-13 13:50:00+05:30,139.59,139.46949999999998,False,False,False
53091,53094,53095,2024-11-13 14:35:00+05:30,2024-11-13 14:50:00+05:30,2024-11-13 14:55:00+05:30,139.25,139.186,False,False,False
53097,53100,53101,2024-11-13 15:05:00+05:30,2024-11-13 15:20:00+05:30,2024-11-13 15:25:00+05:30,139.66,139.1165,False,False,False
53103,53103,53104,2024-11-14 09:20:00+05:30,2024-11-14 09:20:00+05:30,2024-11-14 09:25:00+05:30,140.0,139.215,False,False,False
53144,53144,53145,2024-11-14 12:45:00+05:30,2024-11-14 12:45:00+05:30,2024-11-14 12:50:00+05:30,138.41,138.30450000000002,False,False,False
53170,53172,53173,2024-11-14 14:55:00+05:30,2024-11-14 15:05:00+05:30,2024-11-14 15:10:00+05:30,138.1,137.98,False,False,False
53173,53173,53174,2024-11-14 15:10:00+05:30,2024-11-14 15:10:00+05:30,2024-11-14 15:15:00+05:30,138.05,137.9,False,False,False
53174,53174,53175,2024-11-14 15:15:00+05:30,2024-11-14 15:15:00+05:30,2024-11-14 15:20:00+05:30,138.01,137.8845,False,False,False
53249,53252,53253,2024-11-18 15:15:00+05:30,2024-11-19 09:15:00+05:30,2024-11-19 09:20:00+05:30,141.85,141.612,True,False,False
53253,53253,53254,2024-11-19 09:20:00+05:30,2024-11-19 09:20:00+05:30,2024-11-19 09:25:00+05:30,142.1,141.49499999999998,False,False,False
53299,53299,53300,2024-11-19 13:10:00+05:30,2024-11-19 13:10:00+05:30,2024-11-19 13:15:00+05:30,141.72,141.2755,False,False,False
53370,53370,53371,2024-11-21 12:50:00+05:30,2024-11-21 12:50:00+05:30,2024-11-21 12:55:00+05:30,141.23,140.66799999999998,False,False,False
53399,53402,53403,2024-11-21 15:15:00+05:30,2024-11-22 09:15:00+05:30,2024-11-22 09:20:00+05:30,140.63,140.3885,True,False,False
53406,53407,53408,2024-11-22 09:35:00+05:30,2024-11-22 09:40:00+05:30,2024-11-22 09:45:00+05:30,140.4,140.32,False,False,False
53409,53409,53410,2024-11-22 09:50:00+05:30,2024-11-22 09:50:00+05:30,2024-11-22 09:55:00+05:30,140.58,140.3345,False,False,False
53429,53430,53431,2024-11-22 11:30:00+05:30,2024-11-22 11:35:00+05:30,2024-11-22 11:40:00+05:30,141.01,140.9365,False,False,False
53436,53436,53437,2024-11-22 12:05:00+05:30,2024-11-22 12:05:00+05:30,2024-11-22 12:10:00+05:30,141.17,140.859,False,False,False
53474,53474,53475,2024-11-22 15:15:00+05:30,2024-11-22 15:15:00+05:30,2024-11-22 15:20:00+05:30,142.79,142.55599999999998,False,False,False
53475,53475,53476,2024-11-22 15:20:00+05:30,2024-11-22 15:20:00+05:30,2024-11-22 15:25:00+05:30,142.61,142.5885,False,False,False
53539,53541,53542,2024-11-25 14:25:00+05:30,2024-11-25 14:35:00+05:30,2024-11-25 14:40:00+05:30,144.66,144.5455,False,False,False
53550,53553,53554,2024-11-25 15:20:00+05:30,2024-11-26 09:20:00+05:30,2024-11-26 09:25:00+05:30,144.7,144.4445,True,False,False
53614,53617,53618,2024-11-26 14:25:00+05:30,2024-11-26 14:40:00+05:30,2024-11-26 14:45:00+05:30,144.69,144.6445,False,False,False
53618,53621,53622,2024-11-26 14:45:00+05:30,2024-11-26 15:00:00+05:30,2024-11-26 15:05:00+05:30,144.6,144.589,False,False,False
53619,53620,53621,2024-11-26 14:50:00+05:30,2024-11-26 14:55:00+05:30,2024-11-26 15:00:00+05:30,144.58,144.576,False,False,False
53664,53664,53665,2024-11-27 12:20:00+05:30,2024-11-27 12:20:00+05:30,2024-11-27 12:25:00+05:30,143.72,143.5615,False,False,False
53665,53665,53666,2024-11-27 12:25:00+05:30,2024-11-27 12:25:00+05:30,2024-11-27 12:30:00+05:30,143.8,143.5845,False,False,False
53683,53683,53684,2024-11-27 13:55:00+05:30,2024-11-27 13:55:00+05:30,2024-11-27 14:00:00+05:30,144.45,144.387,False,False,False
53690,53692,53693,2024-11-27 14:30:00+05:30,2024-11-27 14:40:00+05:30,2024-11-27 14:45:00+05:30,144.57,144.5825,False,False,False
53696,53699,53700,2024-11-27 15:00:00+05:30,2024-11-27 15:15:00+05:30,2024-11-27 15:20:00+05:30,144.73,144.555,False,False,False
53702,53703,53704,2024-11-28 09:15:00+05:30,2024-11-28 09:20:00+05:30,2024-11-28 09:25:00+05:30,144.85,144.4905,False,False,False
53742,53743,53744,2024-11-28 12:35:00+05:30,2024-11-28 12:40:00+05:30,2024-11-28 12:45:00+05:30,144.09,144.09750000000003,False,False,False
53743,53744,53745,2024-11-28 12:40:00+05:30,2024-11-28 12:45:00+05:30,2024-11-28 12:50:00+05:30,144.15,144.1085,False,False,False
53753,53754,53755,2024-11-28 13:30:00+05:30,2024-11-28 13:35:00+05:30,2024-11-28 13:40:00+05:30,144.29,144.1335,False,False,False
53758,53758,53759,2024-11-28 13:55:00+05:30,2024-11-28 13:55:00+05:30,2024-11-28 14:00:00+05:30,144.46,144.1365,False,False,False
53762,53765,53766,2024-11-28 14:15:00+05:30,2024-11-28 14:30:00+05:30,2024-11-28 14:35:00+05:30,144.19,144.158,False,False,False
53778,53781,53782,2024-11-29 09:20:00+05:30,2024-11-29 09:35:00+05:30,2024-11-29 09:40:00+05:30,143.92,143.77299999999997,False,False,False
53839,53839,53840,2024-11-29 14:25:00+05:30,2024-11-29 14:25:00+05:30,2024-11-29 14:30:00+05:30,145.17,145.0535,False,False,False
53853,53856,53857,2024-12-02 09:20:00+05:30,2024-12-02 09:35:00+05:30,2024-12-02 09:40:00+05:30,144.98,144.7295,False,False,False
53881,53881,53882,2024-12-02 11:40:00+05:30,2024-12-02 11:40:00+05:30,2024-12-02 11:45:00+05:30,145.18,144.997,False,False,False
53945,53945,53946,2024-12-03 10:45:00+05:30,2024-12-03 10:45:00+05:30,2024-12-03 10:50:00+05:30,147.05,147.0345,False,False,False
53947,53947,53948,2024-12-03 10:55:00+05:30,2024-12-03 10:55:00+05:30,2024-12-03 11:00:00+05:30,147.08,147.037,False,False,False
53959,53959,53960,2024-12-03 11:55:00+05:30,2024-12-03 11:55:00+05:30,2024-12-03 12:00:00+05:30,147.03,147.02100000000002,False,False,False
53987,53988,53989,2024-12-03 14:15:00+05:30,2024-12-03 14:20:00+05:30,2024-12-03 14:25:00+05:30,146.86,146.7405,False,False,False
53989,53989,53990,2024-12-03 14:25:00+05:30,2024-12-03 14:25:00+05:30,2024-12-03 14:30:00+05:30,146.9,146.754,False,False,False
54002,54005,54006,2024-12-04 09:15:00+05:30,2024-12-04 09:30:00+05:30,2024-12-04 09:35:00+05:30,146.55,146.5965,False,False,False
54059,54059,54060,2024-12-04 14:00:00+05:30,2024-12-04 14:00:00+05:30,2024-12-04 14:05:00+05:30,145.15,145.13150000000002,False,False,False
54063,54066,54067,2024-12-04 14:20:00+05:30,2024-12-04 14:35:00+05:30,2024-12-04 14:40:00+05:30,145.4,145.1475,False,False,False
54109,54110,54111,2024-12-05 11:55:00+05:30,2024-12-05 12:00:00+05:30,2024-12-05 12:05:00+05:30,145.46,145.3255,False,False,False
54145,54147,54148,2024-12-05 14:55:00+05:30,2024-12-05 15:05:00+05:30,2024-12-05 15:10:00+05:30,147.12,147.113,False,False,False
54147,54148,54149,2024-12-05 15:05:00+05:30,2024-12-05 15:10:00+05:30,2024-12-05 15:15:00+05:30,147.31,147.15,False,False,False
54149,54149,54150,2024-12-05 15:15:00+05:30,2024-12-05 15:15:00+05:30,2024-12-05 15:20:00+05:30,147.29,147.156,False,False,False
54166,54166,54167,2024-12-06 10:25:00+05:30,2024-12-06 10:25:00+05:30,2024-12-06 10:30:00+05:30,147.22,147.12050000000002,False,False,False
54202,54202,54203,2024-12-06 13:25:00+05:30,2024-12-06 13:25:00+05:30,2024-12-06 13:30:00+05:30,147.4,147.35600000000002,False,False,False
54216,54217,54218,2024-12-06 14:35:00+05:30,2024-12-06 14:40:00+05:30,2024-12-06 14:45:00+05:30,147.58,147.49099999999999,False,False,False
54227,54227,54228,2024-12-09 09:15:00+05:30,2024-12-09 09:15:00+05:30,2024-12-09 09:20:00+05:30,148.18,147.7765,False,False,False
54253,54253,54254,2024-12-09 11:25:00+05:30,2024-12-09 11:25:00+05:30,2024-12-09 11:30:00+05:30,147.25,147.0575,False,False,False
54266,54266,54267,2024-12-09 12:30:00+05:30,2024-12-09 12:30:00+05:30,2024-12-09 12:35:00+05:30,147.48,147.323,False,False,False
54267,54268,54269,2024-12-09 12:35:00+05:30,2024-12-09 12:40:00+05:30,2024-12-09 12:45:00+05:30,147.35,147.33599999999998,False,False,False
54271,54271,54272,2024-12-09 12:55:00+05:30,2024-12-09 12:55:00+05:30,2024-12-09 13:00:00+05:30,147.88,147.446,False,False,False
54292,54292,54293,2024-12-09 14:40:00+05:30,2024-12-09 14:40:00+05:30,2024-12-09 14:45:00+05:30,149.82,149.472,False,False,False
54299,54299,54300,2024-12-09 15:15:00+05:30,2024-12-09 15:15:00+05:30,2024-12-09 15:20:00+05:30,149.8,149.65949999999998,False,False,False
54302,54302,54303,2024-12-10 09:15:00+05:30,2024-12-10 09:15:00+05:30,2024-12-10 09:20:00+05:30,149.75,149.66649999999998,False,False,False
54365,54366,54367,2024-12-10 14:30:00+05:30,2024-12-10 14:35:00+05:30,2024-12-10 14:40:00+05:30,150.7,150.6815,False,False,False
54376,54379,54380,2024-12-10 15:25:00+05:30,2024-12-11 09:25:00+05:30,2024-12-11 09:30:00+05:30,150.8,150.541,True,False,False
54412,54412,54413,2024-12-11 12:10:00+05:30,2024-12-11 12:10:00+05:30,2024-12-11 12:15:00+05:30,151.62,151.473,False,False,False
54417,54417,54418,2024-12-11 12:35:00+05:30,2024-12-11 12:35:00+05:30,2024-12-11 12:40:00+05:30,151.56,151.565,False,False,False
54441,54441,54442,2024-12-11 14:35:00+05:30,2024-12-11 14:35:00+05:30,2024-12-11 14:40:00+05:30,151.35,151.2965,False,False,False
54489,54490,54491,2024-12-12 12:20:00+05:30,2024-12-12 12:25:00+05:30,2024-12-12 12:30:00+05:30,149.48,149.44899999999998,False,False,False
54491,54493,54494,2024-12-12 12:30:00+05:30,2024-12-12 12:40:00+05:30,2024-12-12 12:45:00+05:30,149.5,149.41649999999998,False,False,False
54516,54516,54517,2024-12-12 14:35:00+05:30,2024-12-12 14:35:00+05:30,2024-12-12 14:40:00+05:30,150.4,150.29749999999999,False,False,False
54517,54517,54518,2024-12-12 14:40:00+05:30,2024-12-12 14:40:00+05:30,2024-12-12 14:45:00+05:30,150.4,150.295,False,False,False
54519,54519,54520,2024-12-12 14:50:00+05:30,2024-12-12 14:50:00+05:30,2024-12-12 14:55:00+05:30,150.32,150.3145,False,False,False
54521,54521,54522,2024-12-12 15:00:00+05:30,2024-12-12 15:00:00+05:30,2024-12-12 15:05:00+05:30,150.8,150.3725,False,False,False
54550,54550,54551,2024-12-13 11:10:00+05:30,2024-12-13 11:10:00+05:30,2024-12-13 11:15:00+05:30,146.45,146.2185,False,False,False
54553,54553,54554,2024-12-13 11:25:00+05:30,2024-12-13 11:25:00+05:30,2024-12-13 11:30:00+05:30,146.23,146.2105,False,False,False
54598,54598,54599,2024-12-13 15:10:00+05:30,2024-12-13 15:10:00+05:30,2024-12-13 15:15:00+05:30,148.87,148.8375,False,False,False
54599,54602,54603,2024-12-13 15:15:00+05:30,2024-12-16 09:15:00+05:30,2024-12-16 09:20:00+05:30,149.43,148.86700000000002,True,False,False
54641,54642,54643,2024-12-16 12:30:00+05:30,2024-12-16 12:35:00+05:30,2024-12-16 12:40:00+05:30,147.6,147.5675,False,False,False
54661,54663,54664,2024-12-16 14:10:00+05:30,2024-12-16 14:20:00+05:30,2024-12-16 14:25:00+05:30,147.9,147.87050000000002,False,False,False
54668,54668,54669,2024-12-16 14:45:00+05:30,2024-12-16 14:45:00+05:30,2024-12-16 14:50:00+05:30,147.93,147.9235,False,False,False
54672,54675,54676,2024-12-16 15:05:00+05:30,2024-12-16 15:20:00+05:30,2024-12-16 15:25:00+05:30,147.94,147.911,False,False,False
54677,54677,54678,2024-12-17 09:15:00+05:30,2024-12-17 09:15:00+05:30,2024-12-17 09:20:00+05:30,148.14,147.92749999999998,False,False,False
54678,54678,54679,2024-12-17 09:20:00+05:30,2024-12-17 09:20:00+05:30,2024-12-17 09:25:00+05:30,148.35,147.9445,False,False,False
54679,54680,54681,2024-12-17 09:25:00+05:30,2024-12-17 09:30:00+05:30,2024-12-17 09:35:00+05:30,148.01,147.935,False,False,False
54815,54816,54817,2024-12-18 14:30:00+05:30,2024-12-18 14:35:00+05:30,2024-12-18 14:40:00+05:30,143.81,143.7165,False,False,False
54820,54820,54821,2024-12-18 14:55:00+05:30,2024-12-18 14:55:00+05:30,2024-12-18 15:00:00+05:30,143.71,143.68800000000002,False,False,False
54821,54821,54822,2024-12-18 15:00:00+05:30,2024-12-18 15:00:00+05:30,2024-12-18 15:05:00+05:30,144.39,143.7135,False,False,False
54885,54885,54886,2024-12-19 14:05:00+05:30,2024-12-19 14:05:00+05:30,2024-12-19 14:10:00+05:30,143.09,142.953,False,False,False
54888,54889,54890,2024-12-19 14:20:00+05:30,2024-12-19 14:25:00+05:30,2024-12-19 14:30:00+05:30,143.06,142.963,False,False,False
54890,54890,54891,2024-12-19 14:30:00+05:30,2024-12-19 14:30:00+05:30,2024-12-19 14:35:00+05:30,142.95,142.9765,False,False,False
54891,54892,54893,2024-12-19 14:35:00+05:30,2024-12-19 14:40:00+05:30,2024-12-19 14:45:00+05:30,143.15,142.98600000000002,False,False,False
54898,54900,54901,2024-12-19 15:10:00+05:30,2024-12-19 15:20:00+05:30,2024-12-19 15:25:00+05:30,143.14,143.1215,False,False,False
54901,54901,54902,2024-12-19 15:25:00+05:30,2024-12-19 15:25:00+05:30,2024-12-20 09:15:00+05:30,142.89,143.1345,True,True,False
54903,54906,54907,2024-12-20 09:20:00+05:30,2024-12-20 09:35:00+05:30,2024-12-20 09:40:00+05:30,143.5,143.068,False,False,False
54974,54977,54978,2024-12-20 15:15:00+05:30,2024-12-23 09:15:00+05:30,2024-12-23 09:20:00+05:30,143.58,142.26350000000002,True,False,False
55037,55039,55040,2024-12-23 14:15:00+05:30,2024-12-23 14:25:00+05:30,2024-12-23 14:30:00+05:30,141.75,141.798,False,False,False
55040,55040,55041,2024-12-23 14:30:00+05:30,2024-12-23 14:30:00+05:30,2024-12-23 14:35:00+05:30,141.72,141.69350000000003,False,False,False
55046,55046,55047,2024-12-23 15:00:00+05:30,2024-12-23 15:00:00+05:30,2024-12-23 15:05:00+05:30,141.6,141.50650000000002,False,False,False
55063,55065,55066,2024-12-24 10:10:00+05:30,2024-12-24 10:20:00+05:30,2024-12-24 10:25:00+05:30,141.16,141.143,False,False,False
55090,55092,55093,2024-12-24 12:25:00+05:30,2024-12-24 12:35:00+05:30,2024-12-24 12:40:00+05:30,140.03,140.0165,False,False,False
55119,55119,55120,2024-12-24 14:50:00+05:30,2024-12-24 14:50:00+05:30,2024-12-24 14:55:00+05:30,139.86,139.71550000000002,False,False,False
55159,55159,55160,2024-12-26 11:55:00+05:30,2024-12-26 11:55:00+05:30,2024-12-26 12:00:00+05:30,140.1,140.0025,False,False,False
55172,55172,55173,2024-12-26 13:00:00+05:30,2024-12-26 13:00:00+05:30,2024-12-26 13:05:00+05:30,140.07,139.974,False,False,False
55179,55179,55180,2024-12-26 13:35:00+05:30,2024-12-26 13:35:00+05:30,2024-12-26 13:40:00+05:30,140.01,139.9635,False,False,False
55190,55191,55192,2024-12-26 14:30:00+05:30,2024-12-26 14:35:00+05:30,2024-12-26 14:40:00+05:30,140.08,140.098,False,False,False
55192,55194,55195,2024-12-26 14:40:00+05:30,2024-12-26 14:50:00+05:30,2024-12-26 14:55:00+05:30,140.05,140.1045,False,False,False
55197,55197,55198,2024-12-26 15:05:00+05:30,2024-12-26 15:05:00+05:30,2024-12-26 15:10:00+05:30,140.19,140.1065,False,False,False
55313,55313,55314,2024-12-30 12:15:00+05:30,2024-12-30 12:15:00+05:30,2024-12-30 12:20:00+05:30,138.57,138.4835,False,False,False
55315,55315,55316,2024-12-30 12:25:00+05:30,2024-12-30 12:25:00+05:30,2024-12-30 12:30:00+05:30,138.48,138.4685,False,False,False
55321,55321,55322,2024-12-30 12:55:00+05:30,2024-12-30 12:55:00+05:30,2024-12-30 13:00:00+05:30,138.82,138.59550000000002,False,False,False
55350,55351,55352,2024-12-30 15:20:00+05:30,2024-12-30 15:25:00+05:30,2024-12-31 09:15:00+05:30,136.87,137.488,True,True,False
55391,55391,55392,2024-12-31 12:30:00+05:30,2024-12-31 12:30:00+05:30,2024-12-31 12:35:00+05:30,137.64,137.538,False,False,False
55395,55395,55396,2024-12-31 12:50:00+05:30,2024-12-31 12:50:00+05:30,2024-12-31 12:55:00+05:30,137.67,137.5035,False,False,False
55413,55413,55414,2024-12-31 14:20:00+05:30,2024-12-31 14:20:00+05:30,2024-12-31 14:25:00+05:30,138.14,137.973,False,False,False
55481,55483,55484,2025-01-01 13:45:00+05:30,2025-01-01 13:55:00+05:30,2025-01-01 14:00:00+05:30,136.98,136.9965,False,False,False
55484,55484,55485,2025-01-01 14:00:00+05:30,2025-01-01 14:00:00+05:30,2025-01-01 14:05:00+05:30,137.09,136.98850000000002,False,False,False
55540,55540,55541,2025-01-02 12:25:00+05:30,2025-01-02 12:25:00+05:30,2025-01-02 12:30:00+05:30,137.24,136.81550000000001,False,False,False
55566,55568,55569,2025-01-02 14:35:00+05:30,2025-01-02 14:45:00+05:30,2025-01-02 14:50:00+05:30,138.17,138.0665,False,False,False
55571,55571,55572,2025-01-02 15:00:00+05:30,2025-01-02 15:00:00+05:30,2025-01-02 15:05:00+05:30,138.15,138.14749999999998,False,False,False
55572,55573,55574,2025-01-02 15:05:00+05:30,2025-01-02 15:10:00+05:30,2025-01-02 15:15:00+05:30,138.18,138.1525,False,False,False
55574,55574,55575,2025-01-02 15:15:00+05:30,2025-01-02 15:15:00+05:30,2025-01-02 15:20:00+05:30,138.32,138.1645,False,False,False
55575,55575,55576,2025-01-02 15:20:00+05:30,2025-01-02 15:20:00+05:30,2025-01-02 15:25:00+05:30,138.17,138.1535,False,False,False
55577,55577,55578,2025-01-03 09:15:00+05:30,2025-01-03 09:15:00+05:30,2025-01-03 09:20:00+05:30,138.48,138.145,False,False,False
55601,55601,55602,2025-01-03 11:15:00+05:30,2025-01-03 11:15:00+05:30,2025-01-03 11:20:00+05:30,138.85,138.411,False,False,False
55690,55692,55693,2025-01-06 12:25:00+05:30,2025-01-06 12:35:00+05:30,2025-01-06 12:40:00+05:30,133.19,133.0105,False,False,False
55716,55719,55720,2025-01-06 14:35:00+05:30,2025-01-06 14:50:00+05:30,2025-01-06 14:55:00+05:30,132.53,132.51349999999996,False,False,False
55721,55721,55722,2025-01-06 15:00:00+05:30,2025-01-06 15:00:00+05:30,2025-01-06 15:05:00+05:30,132.4,132.3295,False,False,False
55722,55722,55723,2025-01-06 15:05:00+05:30,2025-01-06 15:05:00+05:30,2025-01-06 15:10:00+05:30,132.65,132.304,False,False,False
55724,55727,55728,2025-01-06 15:15:00+05:30,2025-01-07 09:15:00+05:30,2025-01-07 09:20:00+05:30,133.4,132.22899999999998,True,False,False
55760,55760,55761,2025-01-07 12:00:00+05:30,2025-01-07 12:00:00+05:30,2025-01-07 12:05:00+05:30,132.81,132.5985,False,False,False
55791,55794,55795,2025-01-07 14:35:00+05:30,2025-01-07 14:50:00+05:30,2025-01-07 14:55:00+05:30,133.45,133.37050000000002,False,False,False
55798,55799,55800,2025-01-07 15:10:00+05:30,2025-01-07 15:15:00+05:30,2025-01-07 15:20:00+05:30,133.41,133.3915,False,False,False
55826,55826,55827,2025-01-08 11:15:00+05:30,2025-01-08 11:15:00+05:30,2025-01-08 11:20:00+05:30,133.05,132.976,False,False,False
55843,55846,55847,2025-01-08 12:40:00+05:30,2025-01-08 12:55:00+05:30,2025-01-08 13:00:00+05:30,132.52,132.4975,False,False,False
55854,55857,55858,2025-01-08 13:35:00+05:30,2025-01-08 13:50:00+05:30,2025-01-08 13:55:00+05:30,132.5,132.2425,False,False,False
55874,55874,55875,2025-01-08 15:15:00+05:30,2025-01-08 15:15:00+05:30,2025-01-08 15:20:00+05:30,132.7,132.6685,False,False,False
55913,55913,55914,2025-01-09 12:15:00+05:30,2025-01-09 12:15:00+05:30,2025-01-09 12:20:00+05:30,130.74,130.60250000000002,False,False,False
55914,55914,55915,2025-01-09 12:20:00+05:30,2025-01-09 12:20:00+05:30,2025-01-09 12:25:00+05:30,130.64,130.576,False,False,False
56003,56006,56007,2025-01-10 13:30:00+05:30,2025-01-10 13:45:00+05:30,2025-01-10 13:50:00+05:30,128.24,128.2225,False,False,False
56023,56025,56026,2025-01-10 15:10:00+05:30,2025-01-10 15:20:00+05:30,2025-01-10 15:25:00+05:30,127.68,127.6415,False,False,False
56026,56026,56027,2025-01-10 15:25:00+05:30,2025-01-10 15:25:00+05:30,2025-01-13 09:15:00+05:30,126.0,127.56949999999999,True,True,False
56061,56062,56063,2025-01-13 12:05:00+05:30,2025-01-13 12:10:00+05:30,2025-01-13 12:15:00+05:30,124.95,124.87750000000001,False,False,False
56064,56064,56065,2025-01-13 12:20:00+05:30,2025-01-13 12:20:00+05:30,2025-01-13 12:25:00+05:30,125.13,124.7365,False,False,False
56099,56102,56103,2025-01-13 15:15:00+05:30,2025-01-14 09:15:00+05:30,2025-01-14 09:20:00+05:30,125.68,123.4075,True,False,False
56137,56137,56138,2025-01-14 12:10:00+05:30,2025-01-14 12:10:00+05:30,2025-01-14 12:15:00+05:30,126.1,125.97850000000001,False,False,False
56139,56139,56140,2025-01-14 12:20:00+05:30,2025-01-14 12:20:00+05:30,2025-01-14 12:25:00+05:30,126.01,126.002,False,False,False
56140,56140,56141,2025-01-14 12:25:00+05:30,2025-01-14 12:25:00+05:30,2025-01-14 12:30:00+05:30,126.24,126.0135,False,False,False
56141,56141,56142,2025-01-14 12:30:00+05:30,2025-01-14 12:30:00+05:30,2025-01-14 12:35:00+05:30,126.22,126.02799999999999,False,False,False
56164,56164,56165,2025-01-14 14:25:00+05:30,2025-01-14 14:25:00+05:30,2025-01-14 14:30:00+05:30,127.08,127.03450000000001,False,False,False
56171,56174,56175,2025-01-14 15:00:00+05:30,2025-01-14 15:15:00+05:30,2025-01-14 15:20:00+05:30,127.07,127.05250000000001,False,False,False
56175,56175,56176,2025-01-14 15:20:00+05:30,2025-01-14 15:20:00+05:30,2025-01-14 15:25:00+05:30,127.02,127.02550000000001,False,False,False
56176,56176,56177,2025-01-14 15:25:00+05:30,2025-01-14 15:25:00+05:30,2025-01-15 09:15:00+05:30,128.0,127.026,True,True,False
56245,56246,56247,2025-01-15 14:55:00+05:30,2025-01-15 15:00:00+05:30,2025-01-15 15:05:00+05:30,126.38,126.196,False,False,False
56270,56272,56273,2025-01-16 10:45:00+05:30,2025-01-16 10:55:00+05:30,2025-01-16 11:00:00+05:30,127.52,127.45899999999999,False,False,False
56277,56277,56278,2025-01-16 11:20:00+05:30,2025-01-16 11:20:00+05:30,2025-01-16 11:25:00+05:30,128.0,127.43599999999999,False,False,False
56299,56299,56300,2025-01-16 13:10:00+05:30,2025-01-16 13:10:00+05:30,2025-01-16 13:15:00+05:30,127.23,127.077,False,False,False
56321,56321,56322,2025-01-16 15:00:00+05:30,2025-01-16 15:00:00+05:30,2025-01-16 15:05:00+05:30,127.85,127.7945,False,False,False
56322,56323,56324,2025-01-16 15:05:00+05:30,2025-01-16 15:10:00+05:30,2025-01-16 15:15:00+05:30,127.84,127.82000000000001,False,False,False
56324,56324,56325,2025-01-16 15:15:00+05:30,2025-01-16 15:15:00+05:30,2025-01-16 15:20:00+05:30,127.9,127.85150000000002,False,False,False
56325,56328,56329,2025-01-16 15:20:00+05:30,2025-01-17 09:20:00+05:30,2025-01-17 09:25:00+05:30,127.94,127.85900000000001,True,False,False
56345,56345,56346,2025-01-17 10:45:00+05:30,2025-01-17 10:45:00+05:30,2025-01-17 10:50:00+05:30,128.81,128.75349999999997,False,False,False
56346,56349,56350,2025-01-17 10:50:00+05:30,2025-01-17 11:05:00+05:30,2025-01-17 11:10:00+05:30,128.95,128.801,False,False,False
56360,56360,56361,2025-01-17 12:00:00+05:30,2025-01-17 12:00:00+05:30,2025-01-17 12:05:00+05:30,129.54,129.0575,False,False,False
56385,56385,56386,2025-01-17 14:05:00+05:30,2025-01-17 14:05:00+05:30,2025-01-17 14:10:00+05:30,130.24,130.16649999999998,False,False,False
56396,56396,56397,2025-01-17 15:00:00+05:30,2025-01-17 15:00:00+05:30,2025-01-17 15:05:00+05:30,130.41,130.3535,False,False,False
56397,56397,56398,2025-01-17 15:05:00+05:30,2025-01-17 15:05:00+05:30,2025-01-17 15:10:00+05:30,130.39,130.3735,False,False,False
56464,56464,56465,2025-01-20 14:25:00+05:30,2025-01-20 14:25:00+05:30,2025-01-20 14:30:00+05:30,131.17,131.06900000000002,False,False,False
56468,56468,56469,2025-01-20 14:45:00+05:30,2025-01-20 14:45:00+05:30,2025-01-20 14:50:00+05:30,131.29,131.21099999999998,False,False,False
56469,56469,56470,2025-01-20 14:50:00+05:30,2025-01-20 14:50:00+05:30,2025-01-20 14:55:00+05:30,131.8,131.24,False,False,False
56475,56475,56476,2025-01-20 15:20:00+05:30,2025-01-20 15:20:00+05:30,2025-01-20 15:25:00+05:30,131.5,131.423,False,False,False
56477,56477,56478,2025-01-21 09:15:00+05:30,2025-01-21 09:15:00+05:30,2025-01-21 09:20:00+05:30,131.52,131.4475,False,False,False
56503,56506,56507,2025-01-21 11:25:00+05:30,2025-01-21 11:40:00+05:30,2025-01-21 11:45:00+05:30,130.45,130.399,False,False,False
56518,56521,56522,2025-01-21 12:40:00+05:30,2025-01-21 12:55:00+05:30,2025-01-21 13:00:00+05:30,131.22,130.6445,False,False,False
56528,56528,56529,2025-01-21 13:30:00+05:30,2025-01-21 13:30:00+05:30,2025-01-21 13:35:00+05:30,130.94,130.915,False,False,False
56606,56606,56607,2025-01-22 13:45:00+05:30,2025-01-22 13:45:00+05:30,2025-01-22 13:50:00+05:30,127.96,127.52149999999999,False,False,False
56631,56631,56632,2025-01-23 09:35:00+05:30,2025-01-23 09:35:00+05:30,2025-01-23 09:40:00+05:30,129.32,128.661,False,False,False
56652,56652,56653,2025-01-23 11:20:00+05:30,2025-01-23 11:20:00+05:30,2025-01-23 11:25:00+05:30,130.31,129.951,False,False,False
56658,56658,56659,2025-01-23 11:50:00+05:30,2025-01-23 11:50:00+05:30,2025-01-23 11:55:00+05:30,130.23,130.158,False,False,False
56663,56665,56666,2025-01-23 12:15:00+05:30,2025-01-23 12:25:00+05:30,2025-01-23 12:30:00+05:30,130.16,130.14899999999997,False,False,False
56668,56668,56669,2025-01-23 12:40:00+05:30,2025-01-23 12:40:00+05:30,2025-01-23 12:45:00+05:30,130.29,130.1565,False,False,False
56694,56697,56698,2025-01-23 14:50:00+05:30,2025-01-23 15:05:00+05:30,2025-01-23 15:10:00+05:30,130.37,130.33100000000002,False,False,False
56698,56698,56699,2025-01-23 15:10:00+05:30,2025-01-23 15:10:00+05:30,2025-01-23 15:15:00+05:30,130.3,130.3065,False,False,False
56699,56699,56700,2025-01-23 15:15:00+05:30,2025-01-23 15:15:00+05:30,2025-01-23 15:20:00+05:30,130.49,130.3095,False,False,False
56702,56702,56703,2025-01-24 09:15:00+05:30,2025-01-24 09:15:00+05:30,2025-01-24 09:20:00+05:30,131.95,130.4155,False,False,False
56814,56814,56815,2025-01-27 12:20:00+05:30,2025-01-27 12:20:00+05:30,2025-01-27 12:25:00+05:30,128.99,128.5825,False,False,False
56820,56821,56822,2025-01-27 12:50:00+05:30,2025-01-27 12:55:00+05:30,2025-01-27 13:00:00+05:30,128.85,128.747,False,False,False
56849,56852,56853,2025-01-27 15:15:00+05:30,2025-01-28 09:15:00+05:30,2025-01-28 09:20:00+05:30,127.79,127.37650000000001,True,False,False
56856,56856,56857,2025-01-28 09:35:00+05:30,2025-01-28 09:35:00+05:30,2025-01-28 09:40:00+05:30,127.35,127.09949999999999,False,False,False
56914,56914,56915,2025-01-28 14:25:00+05:30,2025-01-28 14:25:00+05:30,2025-01-28 14:30:00+05:30,129.6,129.52100000000002,False,False,False
56917,56917,56918,2025-01-28 14:40:00+05:30,2025-01-28 14:40:00+05:30,2025-01-28 14:45:00+05:30,129.76,129.5315,False,False,False
56927,56927,56928,2025-01-29 09:15:00+05:30,2025-01-29 09:15:00+05:30,2025-01-29 09:20:00+05:30,129.15,129.1135,False,False,False
56928,56928,56929,2025-01-29 09:20:00+05:30,2025-01-29 09:20:00+05:30,2025-01-29 09:25:00+05:30,129.66,129.134,False,False,False
56952,56954,56955,2025-01-29 11:20:00+05:30,2025-01-29 11:30:00+05:30,2025-01-29 11:35:00+05:30,130.72,130.63600000000002,False,False,False
56972,56972,56973,2025-01-29 13:00:00+05:30,2025-01-29 13:00:00+05:30,2025-01-29 13:05:00+05:30,131.0,130.89499999999998,False,False,False
56991,56992,56993,2025-01-29 14:35:00+05:30,2025-01-29 14:40:00+05:30,2025-01-29 14:45:00+05:30,130.74,130.73100000000002,False,False,False
56996,56996,56997,2025-01-29 15:00:00+05:30,2025-01-29 15:00:00+05:30,2025-01-29 15:05:00+05:30,130.8,130.6975,False,False,False
56997,56997,56998,2025-01-29 15:05:00+05:30,2025-01-29 15:05:00+05:30,2025-01-29 15:10:00+05:30,130.66,130.69,False,False,False
56998,56998,56999,2025-01-29 15:10:00+05:30,2025-01-29 15:10:00+05:30,2025-01-29 15:15:00+05:30,130.9,130.6925,False,False,False
57002,57002,57003,2025-01-30 09:15:00+05:30,2025-01-30 09:15:00+05:30,2025-01-30 09:20:00+05:30,131.15,130.75500000000002,False,False,False
57003,57003,57004,2025-01-30 09:20:00+05:30,2025-01-30 09:20:00+05:30,2025-01-30 09:25:00+05:30,131.11,130.7795,False,False,False
57025,57025,57026,2025-01-30 11:10:00+05:30,2025-01-30 11:10:00+05:30,2025-01-30 11:15:00+05:30,131.56,131.4985,False,False,False
57026,57028,57029,2025-01-30 11:15:00+05:30,2025-01-30 11:25:00+05:30,2025-01-30 11:30:00+05:30,131.58,131.512,False,False,False
57029,57029,57030,2025-01-30 11:30:00+05:30,2025-01-30 11:30:00+05:30,2025-01-30 11:35:00+05:30,131.62,131.527,False,False,False
57070,57073,57074,2025-01-30 14:55:00+05:30,2025-01-30 15:10:00+05:30,2025-01-30 15:15:00+05:30,131.1,131.0825,False,False,False
57077,57078,57079,2025-01-31 09:15:00+05:30,2025-01-31 09:20:00+05:30,2025-01-31 09:25:00+05:30,131.19,131.0855,False,False,False
57152,57152,57153,2025-02-01 09:15:00+05:30,2025-02-01 09:15:00+05:30,2025-02-01 09:20:00+05:30,135.0,134.3855,False,False,False
57172,57172,57173,2025-02-01 10:55:00+05:30,2025-02-01 10:55:00+05:30,2025-02-01 11:00:00+05:30,135.26,135.026,False,False,False
57174,57177,57178,2025-02-01 11:05:00+05:30,2025-02-01 11:20:00+05:30,2025-02-01 11:25:00+05:30,135.11,135.028,False,False,False
57180,57181,57182,2025-02-01 11:35:00+05:30,2025-02-01 11:40:00+05:30,2025-02-01 11:45:00+05:30,135.04,135.06199999999998,False,False,False
57203,57204,57205,2025-02-01 13:30:00+05:30,2025-02-01 13:35:00+05:30,2025-02-01 13:40:00+05:30,132.08,132.042,False,False,False
57224,57224,57225,2025-02-01 15:15:00+05:30,2025-02-01 15:15:00+05:30,2025-02-01 15:20:00+05:30,132.89,132.77550000000002,False,False,False
57272,57273,57274,2025-02-03 13:00:00+05:30,2025-02-03 13:05:00+05:30,2025-02-03 13:10:00+05:30,129.77,129.7225,False,False,False
57274,57274,57275,2025-02-03 13:10:00+05:30,2025-02-03 13:10:00+05:30,2025-02-03 13:15:00+05:30,129.9,129.707,False,False,False
57337,57337,57338,2025-02-04 12:10:00+05:30,2025-02-04 12:10:00+05:30,2025-02-04 12:15:00+05:30,132.65,132.2065,False,False,False
57367,57370,57371,2025-02-04 14:40:00+05:30,2025-02-04 14:55:00+05:30,2025-02-04 15:00:00+05:30,133.43,133.4475,False,False,False
57371,57371,57372,2025-02-04 15:00:00+05:30,2025-02-04 15:00:00+05:30,2025-02-04 15:05:00+05:30,133.55,133.37199999999999,False,False,False
57373,57373,57374,2025-02-04 15:10:00+05:30,2025-02-04 15:10:00+05:30,2025-02-04 15:15:00+05:30,133.45,133.34949999999998,False,False,False
57374,57374,57375,2025-02-04 15:15:00+05:30,2025-02-04 15:15:00+05:30,2025-02-04 15:20:00+05:30,133.45,133.3475,False,False,False
57375,57377,57378,2025-02-04 15:20:00+05:30,2025-02-05 09:15:00+05:30,2025-02-05 09:20:00+05:30,133.74,133.33800000000002,True,False,False
57422,57425,57426,2025-02-05 13:00:00+05:30,2025-02-05 13:15:00+05:30,2025-02-05 13:20:00+05:30,134.81,134.778,False,False,False
57431,57432,57433,2025-02-05 13:45:00+05:30,2025-02-05 13:50:00+05:30,2025-02-05 13:55:00+05:30,134.74,134.67950000000002,False,False,False
57488,57488,57489,2025-02-06 12:15:00+05:30,2025-02-06 12:15:00+05:30,2025-02-06 12:20:00+05:30,132.41,132.3535,False,False,False
57489,57489,57490,2025-02-06 12:20:00+05:30,2025-02-06 12:20:00+05:30,2025-02-06 12:25:00+05:30,132.6,132.34699999999998,False,False,False
57492,57492,57493,2025-02-06 12:35:00+05:30,2025-02-06 12:35:00+05:30,2025-02-06 12:40:00+05:30,132.6,132.3435,False,False,False
57507,57508,57509,2025-02-06 13:50:00+05:30,2025-02-06 13:55:00+05:30,2025-02-06 14:00:00+05:30,132.72,132.65699999999998,False,False,False
57510,57510,57511,2025-02-06 14:05:00+05:30,2025-02-06 14:05:00+05:30,2025-02-06 14:10:00+05:30,132.7,132.682,False,False,False
57512,57513,57514,2025-02-06 14:15:00+05:30,2025-02-06 14:20:00+05:30,2025-02-06 14:25:00+05:30,132.71,132.6945,False,False,False
57518,57521,57522,2025-02-06 14:45:00+05:30,2025-02-06 15:00:00+05:30,2025-02-06 15:05:00+05:30,132.76,132.67249999999999,False,False,False
57523,57526,57527,2025-02-06 15:10:00+05:30,2025-02-06 15:25:00+05:30,2025-02-07 09:15:00+05:30,133.3,132.60750000000002,True,True,False
57527,57527,57528,2025-02-07 09:15:00+05:30,2025-02-07 09:15:00+05:30,2025-02-07 09:20:00+05:30,133.47,132.632,False,False,False
57582,57583,57584,2025-02-07 13:50:00+05:30,2025-02-07 13:55:00+05:30,2025-02-07 14:00:00+05:30,137.58,137.5115,False,False,False
57593,57593,57594,2025-02-07 14:45:00+05:30,2025-02-07 14:45:00+05:30,2025-02-07 14:50:00+05:30,137.5,137.4525,False,False,False
57628,57628,57629,2025-02-10 11:25:00+05:30,2025-02-10 11:25:00+05:30,2025-02-10 11:30:00+05:30,133.89,133.6085,False,False,False
57635,57635,57636,2025-02-10 12:00:00+05:30,2025-02-10 12:00:00+05:30,2025-02-10 12:05:00+05:30,133.74,133.716,False,False,False
57655,57655,57656,2025-02-10 13:40:00+05:30,2025-02-10 13:40:00+05:30,2025-02-10 13:45:00+05:30,133.82,133.7765,False,False,False
57663,57664,57665,2025-02-10 14:20:00+05:30,2025-02-10 14:25:00+05:30,2025-02-10 14:30:00+05:30,133.85,133.8265,False,False,False
57665,57665,57666,2025-02-10 14:30:00+05:30,2025-02-10 14:30:00+05:30,2025-02-10 14:35:00+05:30,133.95,133.82049999999998,False,False,False
57672,57672,57673,2025-02-10 15:05:00+05:30,2025-02-10 15:05:00+05:30,2025-02-10 15:10:00+05:30,134.1,133.91199999999998,False,False,False
57674,57674,57675,2025-02-10 15:15:00+05:30,2025-02-10 15:15:00+05:30,2025-02-10 15:20:00+05:30,133.99,133.931,False,False,False
57675,57675,57676,2025-02-10 15:20:00+05:30,2025-02-10 15:20:00+05:30,2025-02-10 15:25:00+05:30,134.05,133.94350000000003,False,False,False
57703,57703,57704,2025-02-11 11:25:00+05:30,2025-02-11 11:25:00+05:30,2025-02-11 11:30:00+05:30,133.0,132.8995,False,False,False
57749,57752,57753,2025-02-11 15:15:00+05:30,2025-02-12 09:15:00+05:30,2025-02-12 09:20:00+05:30,131.39,130.41199999999998,True,False,False
57805,57805,57806,2025-02-12 13:40:00+05:30,2025-02-12 13:40:00+05:30,2025-02-12 13:45:00+05:30,132.77,132.5915,False,False,False
57821,57822,57823,2025-02-12 15:00:00+05:30,2025-02-12 15:05:00+05:30,2025-02-12 15:10:00+05:30,132.22,132.179,False,False,False
57823,57823,57824,2025-02-12 15:10:00+05:30,2025-02-12 15:10:00+05:30,2025-02-12 15:15:00+05:30,132.2,132.1125,False,False,False
57827,57827,57828,2025-02-13 09:15:00+05:30,2025-02-13 09:15:00+05:30,2025-02-13 09:20:00+05:30,133.4,132.126,False,False,False
57896,57896,57897,2025-02-13 15:00:00+05:30,2025-02-13 15:00:00+05:30,2025-02-13 15:05:00+05:30,136.26,136.0685,False,False,False
57905,57906,57907,2025-02-14 09:30:00+05:30,2025-02-14 09:35:00+05:30,2025-02-14 09:40:00+05:30,137.0,136.358,False,False,False
57935,57937,57938,2025-02-14 12:00:00+05:30,2025-02-14 12:10:00+05:30,2025-02-14 12:15:00+05:30,134.74,134.752,False,False,False
57961,57962,57963,2025-02-14 14:10:00+05:30,2025-02-14 14:15:00+05:30,2025-02-14 14:20:00+05:30,133.98,133.9495,False,False,False
57964,57964,57965,2025-02-14 14:25:00+05:30,2025-02-14 14:25:00+05:30,2025-02-14 14:30:00+05:30,134.22,133.89299999999997,False,False,False
57974,57974,57975,2025-02-14 15:15:00+05:30,2025-02-14 15:15:00+05:30,2025-02-14 15:20:00+05:30,134.39,134.2705,False,False,False
58024,58026,58027,2025-02-17 13:10:00+05:30,2025-02-17 13:20:00+05:30,2025-02-17 13:25:00+05:30,133.67,133.3725,False,False,False
58041,58041,58042,2025-02-17 14:35:00+05:30,2025-02-17 14:35:00+05:30,2025-02-17 14:40:00+05:30,133.61,133.59150000000002,False,False,False
58042,58042,58043,2025-02-17 14:40:00+05:30,2025-02-17 14:40:00+05:30,2025-02-17 14:45:00+05:30,133.76,133.611,False,False,False
58085,58086,58087,2025-02-18 12:00:00+05:30,2025-02-18 12:05:00+05:30,2025-02-18 12:10:00+05:30,132.32,132.29699999999997,False,False,False
58095,58095,58096,2025-02-18 12:50:00+05:30,2025-02-18 12:50:00+05:30,2025-02-18 12:55:00+05:30,132.45,132.402,False,False,False
58103,58103,58104,2025-02-18 13:30:00+05:30,2025-02-18 13:30:00+05:30,2025-02-18 13:35:00+05:30,132.74,132.45,False,False,False
58127,58127,58128,2025-02-19 09:15:00+05:30,2025-02-19 09:15:00+05:30,2025-02-19 09:20:00+05:30,135.7,134.272,False,False,False
58179,58179,58180,2025-02-19 13:35:00+05:30,2025-02-19 13:35:00+05:30,2025-02-19 13:40:00+05:30,135.95,135.888,False,False,False
58180,58181,58182,2025-02-19 13:40:00+05:30,2025-02-19 13:45:00+05:30,2025-02-19 13:50:00+05:30,135.9,135.8595,False,False,False
58183,58183,58184,2025-02-19 13:55:00+05:30,2025-02-19 13:55:00+05:30,2025-02-19 14:00:00+05:30,135.9,135.7955,False,False,False
58193,58196,58197,2025-02-19 14:45:00+05:30,2025-02-19 15:00:00+05:30,2025-02-19 15:05:00+05:30,135.79,135.713,False,False,False
58199,58200,58201,2025-02-19 15:15:00+05:30,2025-02-19 15:20:00+05:30,2025-02-19 15:25:00+05:30,135.74,135.70149999999998,False,False,False
58202,58205,58206,2025-02-20 09:15:00+05:30,2025-02-20 09:30:00+05:30,2025-02-20 09:35:00+05:30,136.09,135.6855,False,False,False
58204,58204,58205,2025-02-20 09:25:00+05:30,2025-02-20 09:25:00+05:30,2025-02-20 09:30:00+05:30,135.65,135.6435,False,False,False
58222,58222,58223,2025-02-20 10:55:00+05:30,2025-02-20 10:55:00+05:30,2025-02-20 11:00:00+05:30,136.44,135.947,False,False,False
58255,58255,58256,2025-02-20 13:40:00+05:30,2025-02-20 13:40:00+05:30,2025-02-20 13:45:00+05:30,137.62,137.5045,False,False,False
58268,58269,58270,2025-02-20 14:45:00+05:30,2025-02-20 14:50:00+05:30,2025-02-20 14:55:00+05:30,137.8,137.677,False,False,False
58270,58270,58271,2025-02-20 14:55:00+05:30,2025-02-20 14:55:00+05:30,2025-02-20 15:00:00+05:30,137.87,137.71499999999997,False,False,False
58271,58271,58272,2025-02-20 15:00:00+05:30,2025-02-20 15:00:00+05:30,2025-02-20 15:05:00+05:30,137.84,137.7355,False,False,False
58272,58272,58273,2025-02-20 15:05:00+05:30,2025-02-20 15:05:00+05:30,2025-02-20 15:10:00+05:30,137.79,137.751,False,False,False
58276,58276,58277,2025-02-20 15:25:00+05:30,2025-02-20 15:25:00+05:30,2025-02-21 09:15:00+05:30,137.91,137.861,True,True,False
58277,58277,58278,2025-02-21 09:15:00+05:30,2025-02-21 09:15:00+05:30,2025-02-21 09:20:00+05:30,139.97,137.965,False,False,False
58329,58332,58333,2025-02-21 13:35:00+05:30,2025-02-21 13:50:00+05:30,2025-02-21 13:55:00+05:30,140.84,140.62849999999997,False,False,False
58347,58347,58348,2025-02-21 15:05:00+05:30,2025-02-21 15:05:00+05:30,2025-02-21 15:10:00+05:30,140.78,140.7445,False,False,False
58349,58349,58350,2025-02-21 15:15:00+05:30,2025-02-21 15:15:00+05:30,2025-02-21 15:20:00+05:30,140.75,140.7385,False,False,False
58372,58373,58374,2025-02-24 10:55:00+05:30,2025-02-24 11:00:00+05:30,2025-02-24 11:05:00+05:30,140.09,139.514,False,False,False
58415,58417,58418,2025-02-24 14:30:00+05:30,2025-02-24 14:40:00+05:30,2025-02-24 14:45:00+05:30,137.84,137.824,False,False,False
58421,58422,58423,2025-02-24 15:00:00+05:30,2025-02-24 15:05:00+05:30,2025-02-24 15:10:00+05:30,137.89,137.503,False,False,False
58429,58429,58430,2025-02-25 09:25:00+05:30,2025-02-25 09:25:00+05:30,2025-02-25 09:30:00+05:30,137.97,137.542,False,False,False
58473,58473,58474,2025-02-25 13:05:00+05:30,2025-02-25 13:05:00+05:30,2025-02-25 13:10:00+05:30,137.42,137.065,False,False,False
58482,58483,58484,2025-02-25 13:50:00+05:30,2025-02-25 13:55:00+05:30,2025-02-25 14:00:00+05:30,137.15,137.0365,False,False,False
58488,58491,58492,2025-02-25 14:20:00+05:30,2025-02-25 14:35:00+05:30,2025-02-25 14:40:00+05:30,137.49,137.06,False,False,False
58496,58496,58497,2025-02-25 15:00:00+05:30,2025-02-25 15:00:00+05:30,2025-02-25 15:05:00+05:30,137.17,137.13049999999998,False,False,False
58497,58497,58498,2025-02-25 15:05:00+05:30,2025-02-25 15:05:00+05:30,2025-02-25 15:10:00+05:30,137.2,137.1405,False,False,False
58499,58502,58503,2025-02-25 15:15:00+05:30,2025-02-27 09:15:00+05:30,2025-02-27 09:20:00+05:30,138.05,137.133,True,False,False
58542,58542,58543,2025-02-27 12:35:00+05:30,2025-02-27 12:35:00+05:30,2025-02-27 12:40:00+05:30,136.32,136.3155,False,False,False
58546,58546,58547,2025-02-27 12:55:00+05:30,2025-02-27 12:55:00+05:30,2025-02-27 13:00:00+05:30,136.23,136.223,False,False,False
58552,58552,58553,2025-02-27 13:25:00+05:30,2025-02-27 13:25:00+05:30,2025-02-27 13:30:00+05:30,136.31,136.1825,False,False,False
58628,58629,58630,2025-02-28 13:30:00+05:30,2025-02-28 13:35:00+05:30,2025-02-28 13:40:00+05:30,135.24,135.1685,False,False,False
58630,58630,58631,2025-02-28 13:40:00+05:30,2025-02-28 13:40:00+05:30,2025-02-28 13:45:00+05:30,135.45,135.10899999999998,False,False,False
58652,58652,58653,2025-03-03 09:15:00+05:30,2025-03-03 09:15:00+05:30,2025-03-03 09:20:00+05:30,138.64,136.895,False,False,False
58684,58687,58688,2025-03-03 11:55:00+05:30,2025-03-03 12:10:00+05:30,2025-03-03 12:15:00+05:30,135.12,135.088,False,False,False
58688,58688,58689,2025-03-03 12:15:00+05:30,2025-03-03 12:15:00+05:30,2025-03-03 12:20:00+05:30,135.25,134.953,False,False,False
58710,58710,58711,2025-03-03 14:05:00+05:30,2025-03-03 14:05:00+05:30,2025-03-03 14:10:00+05:30,137.49,137.27900000000002,False,False,False
58711,58711,58712,2025-03-03 14:10:00+05:30,2025-03-03 14:10:00+05:30,2025-03-03 14:15:00+05:30,137.87,137.35150000000002,False,False,False
58727,58730,58731,2025-03-04 09:15:00+05:30,2025-03-04 09:30:00+05:30,2025-03-04 09:35:00+05:30,138.36,138.1835,False,False,False
58779,58781,58782,2025-03-04 13:35:00+05:30,2025-03-04 13:45:00+05:30,2025-03-04 13:50:00+05:30,138.91,138.9015,False,False,False
58796,58796,58797,2025-03-04 15:00:00+05:30,2025-03-04 15:00:00+05:30,2025-03-04 15:05:00+05:30,139.36,139.171,False,False,False
58797,58797,58798,2025-03-04 15:05:00+05:30,2025-03-04 15:05:00+05:30,2025-03-04 15:10:00+05:30,139.39,139.20549999999997,False,False,False
58798,58798,58799,2025-03-04 15:10:00+05:30,2025-03-04 15:10:00+05:30,2025-03-04 15:15:00+05:30,139.33,139.2455,False,False,False
58799,58799,58800,2025-03-04 15:15:00+05:30,2025-03-04 15:15:00+05:30,2025-03-04 15:20:00+05:30,139.44,139.3065,False,False,False
58800,58802,58803,2025-03-04 15:20:00+05:30,2025-03-05 09:15:00+05:30,2025-03-05 09:20:00+05:30,139.89,139.347,True,False,False
58855,58856,58857,2025-03-05 13:40:00+05:30,2025-03-05 13:45:00+05:30,2025-03-05 13:50:00+05:30,144.19,144.1645,False,False,False
58857,58857,58858,2025-03-05 13:50:00+05:30,2025-03-05 13:50:00+05:30,2025-03-05 13:55:00+05:30,144.22,144.09949999999998,False,False,False
58876,58876,58877,2025-03-05 15:25:00+05:30,2025-03-05 15:25:00+05:30,2025-03-06 09:15:00+05:30,146.79,145.5005,True,True,False
58904,58904,58905,2025-03-06 11:30:00+05:30,2025-03-06 11:30:00+05:30,2025-03-06 11:35:00+05:30,149.13,148.80149999999998,False,False,False
58952,58953,58954,2025-03-07 09:15:00+05:30,2025-03-07 09:20:00+05:30,2025-03-07 09:25:00+05:30,151.44,150.9905,False,False,False
58966,58966,58967,2025-03-07 10:25:00+05:30,2025-03-07 10:25:00+05:30,2025-03-07 10:30:00+05:30,151.84,151.24200000000002,False,False,False
58990,58993,58994,2025-03-07 12:25:00+05:30,2025-03-07 12:40:00+05:30,2025-03-07 12:45:00+05:30,151.2,151.0885,False,False,False
59024,59027,59028,2025-03-07 15:15:00+05:30,2025-03-10 09:15:00+05:30,2025-03-10 09:20:00+05:30,152.63,151.593,True,False,False
59025,59025,59026,2025-03-07 15:20:00+05:30,2025-03-07 15:20:00+05:30,2025-03-07 15:25:00+05:30,151.58,151.5795,False,False,False
59136,59137,59138,2025-03-11 12:05:00+05:30,2025-03-11 12:10:00+05:30,2025-03-11 12:15:00+05:30,150.98,150.73,False,False,False
59139,59139,59140,2025-03-11 12:20:00+05:30,2025-03-11 12:20:00+05:30,2025-03-11 12:25:00+05:30,150.94,150.73999999999998,False,False,False
59140,59141,59142,2025-03-11 12:25:00+05:30,2025-03-11 12:30:00+05:30,2025-03-11 12:35:00+05:30,150.8,150.72150000000002,False,False,False
59142,59143,59144,2025-03-11 12:35:00+05:30,2025-03-11 12:40:00+05:30,2025-03-11 12:45:00+05:30,150.8,150.6775,False,False,False
59159,59159,59160,2025-03-11 14:00:00+05:30,2025-03-11 14:00:00+05:30,2025-03-11 14:05:00+05:30,151.08,150.90699999999998,False,False,False
59174,59177,59178,2025-03-11 15:15:00+05:30,2025-03-12 09:15:00+05:30,2025-03-12 09:20:00+05:30,151.2,151.065,True,False,False
59245,59245,59246,2025-03-12 14:55:00+05:30,2025-03-12 14:55:00+05:30,2025-03-12 15:00:00+05:30,149.85,149.5855,False,False,False
59302,59303,59304,2025-03-13 13:25:00+05:30,2025-03-13 13:30:00+05:30,2025-03-13 13:35:00+05:30,151.07,150.96949999999998,False,False,False
59310,59310,59311,2025-03-13 14:05:00+05:30,2025-03-13 14:05:00+05:30,2025-03-13 14:10:00+05:30,151.17,151.135,False,False,False
59324,59327,59328,2025-03-13 15:15:00+05:30,2025-03-17 09:15:00+05:30,2025-03-17 09:20:00+05:30,151.2,151.0985,True,False,False
59384,59385,59386,2025-03-17 14:00:00+05:30,2025-03-17 14:05:00+05:30,2025-03-17 14:10:00+05:30,151.97,151.736,False,False,False
59395,59395,59396,2025-03-17 14:55:00+05:30,2025-03-17 14:55:00+05:30,2025-03-17 15:00:00+05:30,151.98,151.831,False,False,False
59399,59399,59400,2025-03-17 15:15:00+05:30,2025-03-17 15:15:00+05:30,2025-03-17 15:20:00+05:30,151.98,151.8195,False,False,False
59442,59443,59444,2025-03-18 12:35:00+05:30,2025-03-18 12:40:00+05:30,2025-03-18 12:45:00+05:30,153.86,153.81149999999997,False,False,False
59445,59445,59446,2025-03-18 12:50:00+05:30,2025-03-18 12:50:00+05:30,2025-03-18 12:55:00+05:30,154.0,153.882,False,False,False
59463,59463,59464,2025-03-18 14:20:00+05:30,2025-03-18 14:20:00+05:30,2025-03-18 14:25:00+05:30,154.05,154.0195,False,False,False
59466,59466,59467,2025-03-18 14:35:00+05:30,2025-03-18 14:35:00+05:30,2025-03-18 14:40:00+05:30,154.08,154.0385,False,False,False
59503,59504,59505,2025-03-19 11:25:00+05:30,2025-03-19 11:30:00+05:30,2025-03-19 11:35:00+05:30,158.38,158.364,False,False,False
59511,59511,59512,2025-03-19 12:05:00+05:30,2025-03-19 12:05:00+05:30,2025-03-19 12:10:00+05:30,158.48,158.41299999999998,False,False,False
59523,59525,59526,2025-03-19 13:05:00+05:30,2025-03-19 13:15:00+05:30,2025-03-19 13:20:00+05:30,158.42,158.329,False,False,False
59535,59537,59538,2025-03-19 14:05:00+05:30,2025-03-19 14:15:00+05:30,2025-03-19 14:20:00+05:30,158.4,158.3245,False,False,False
59548,59548,59549,2025-03-19 15:10:00+05:30,2025-03-19 15:10:00+05:30,2025-03-19 15:15:00+05:30,158.56,158.42350000000002,False,False,False
59550,59550,59551,2025-03-19 15:20:00+05:30,2025-03-19 15:20:00+05:30,2025-03-19 15:25:00+05:30,158.46,158.44549999999998,False,False,False
59551,59551,59552,2025-03-19 15:25:00+05:30,2025-03-19 15:25:00+05:30,2025-03-20 09:15:00+05:30,160.0,158.4615,True,True,False
59617,59619,59620,2025-03-20 14:40:00+05:30,2025-03-20 14:50:00+05:30,2025-03-20 14:55:00+05:30,159.13,159.0225,False,False,False
59621,59621,59622,2025-03-20 15:00:00+05:30,2025-03-20 15:00:00+05:30,2025-03-20 15:05:00+05:30,159.0,158.99499999999998,False,False,False
59622,59622,59623,2025-03-20 15:05:00+05:30,2025-03-20 15:05:00+05:30,2025-03-20 15:10:00+05:30,159.02,158.9865,False,False,False
59623,59623,59624,2025-03-20 15:10:00+05:30,2025-03-20 15:10:00+05:30,2025-03-20 15:15:00+05:30,158.99,158.975,False,False,False
59624,59624,59625,2025-03-20 15:15:00+05:30,2025-03-20 15:15:00+05:30,2025-03-20 15:20:00+05:30,159.05,158.9715,False,False,False
59626,59626,59627,2025-03-20 15:25:00+05:30,2025-03-20 15:25:00+05:30,2025-03-21 09:15:00+05:30,159.03,158.98100000000002,True,True,False
59627,59629,59630,2025-03-21 09:15:00+05:30,2025-03-21 09:25:00+05:30,2025-03-21 09:30:00+05:30,159.04,158.969,False,False,False
59667,59667,59668,2025-03-21 12:35:00+05:30,2025-03-21 12:35:00+05:30,2025-03-21 12:40:00+05:30,158.79,158.787,False,False,False
59683,59685,59686,2025-03-21 13:55:00+05:30,2025-03-21 14:05:00+05:30,2025-03-21 14:10:00+05:30,158.24,158.2135,False,False,False
59699,59702,59703,2025-03-21 15:15:00+05:30,2025-03-24 09:15:00+05:30,2025-03-24 09:20:00+05:30,158.94,157.84300000000002,True,False,False
59737,59738,59739,2025-03-24 12:10:00+05:30,2025-03-24 12:15:00+05:30,2025-03-24 12:20:00+05:30,158.42,158.4255,False,False,False
59749,59750,59751,2025-03-24 13:10:00+05:30,2025-03-24 13:15:00+05:30,2025-03-24 13:20:00+05:30,158.49,158.2465,False,False,False
59766,59766,59767,2025-03-24 14:35:00+05:30,2025-03-24 14:35:00+05:30,2025-03-24 14:40:00+05:30,158.61,158.502,False,False,False
59771,59772,59773,2025-03-24 15:00:00+05:30,2025-03-24 15:05:00+05:30,2025-03-24 15:10:00+05:30,158.53,158.574,False,False,False
59811,59811,59812,2025-03-25 12:05:00+05:30,2025-03-25 12:05:00+05:30,2025-03-25 12:10:00+05:30,157.24,157.1225,False,False,False
59831,59831,59832,2025-03-25 13:45:00+05:30,2025-03-25 13:45:00+05:30,2025-03-25 13:50:00+05:30,157.02,156.625,False,False,False
59838,59838,59839,2025-03-25 14:20:00+05:30,2025-03-25 14:20:00+05:30,2025-03-25 14:25:00+05:30,156.87,156.809,False,False,False
59840,59840,59841,2025-03-25 14:30:00+05:30,2025-03-25 14:30:00+05:30,2025-03-25 14:35:00+05:30,156.92,156.816,False,False,False
59843,59843,59844,2025-03-25 14:45:00+05:30,2025-03-25 14:45:00+05:30,2025-03-25 14:50:00+05:30,156.9,156.84300000000002,False,False,False
59844,59846,59847,2025-03-25 14:50:00+05:30,2025-03-25 15:00:00+05:30,2025-03-25 15:05:00+05:30,156.92,156.84099999999998,False,False,False
59847,59847,59848,2025-03-25 15:05:00+05:30,2025-03-25 15:05:00+05:30,2025-03-25 15:10:00+05:30,157.02,156.9265,False,False,False
59851,59853,59854,2025-03-25 15:25:00+05:30,2025-03-26 09:20:00+05:30,2025-03-26 09:25:00+05:30,156.91,156.90550000000002,True,False,False
59852,59852,59853,2025-03-26 09:15:00+05:30,2025-03-26 09:15:00+05:30,2025-03-26 09:20:00+05:30,156.88,156.8795,False,False,False
59893,59893,59894,2025-03-26 12:40:00+05:30,2025-03-26 12:40:00+05:30,2025-03-26 12:45:00+05:30,156.9,156.749,False,False,False
59906,59908,59909,2025-03-26 13:45:00+05:30,2025-03-26 13:55:00+05:30,2025-03-26 14:00:00+05:30,156.67,156.6235,False,False,False
59957,59957,59958,2025-03-27 11:45:00+05:30,2025-03-27 11:45:00+05:30,2025-03-27 11:50:00+05:30,155.64,155.442,False,False,False
59973,59976,59977,2025-03-27 13:05:00+05:30,2025-03-27 13:20:00+05:30,2025-03-27 13:25:00+05:30,155.4,155.298,False,False,False
59996,59997,59998,2025-03-27 15:00:00+05:30,2025-03-27 15:05:00+05:30,2025-03-27 15:10:00+05:30,155.65,155.601,False,False,False
59998,59999,60000,2025-03-27 15:10:00+05:30,2025-03-27 15:15:00+05:30,2025-03-27 15:20:00+05:30,155.71,155.6095,False,False,False
60000,60002,60003,2025-03-27 15:20:00+05:30,2025-03-28 09:15:00+05:30,2025-03-28 09:20:00+05:30,156.28,155.61849999999998,True,False,False
60024,60024,60025,2025-03-28 11:05:00+05:30,2025-03-28 11:05:00+05:30,2025-03-28 11:10:00+05:30,154.73,154.65699999999998,False,False,False
60061,60063,60064,2025-03-28 14:10:00+05:30,2025-03-28 14:20:00+05:30,2025-03-28 14:25:00+05:30,153.9,153.89950000000002,False,False,False
60077,60079,60080,2025-04-01 09:15:00+05:30,2025-04-01 09:25:00+05:30,2025-04-01 09:30:00+05:30,154.14,154.127,False,False,False
60130,60130,60131,2025-04-01 13:40:00+05:30,2025-04-01 13:40:00+05:30,2025-04-01 13:45:00+05:30,153.61,153.305,False,False,False
60205,60208,60209,2025-04-02 13:40:00+05:30,2025-04-02 13:55:00+05:30,2025-04-02 14:00:00+05:30,154.53,154.223,False,False,False
60225,60225,60226,2025-04-02 15:20:00+05:30,2025-04-02 15:20:00+05:30,2025-04-02 15:25:00+05:30,154.62,154.551,False,False,False
60226,60226,60227,2025-04-02 15:25:00+05:30,2025-04-02 15:25:00+05:30,2025-04-03 09:15:00+05:30,153.0,154.58350000000002,True,True,False
60227,60228,60229,2025-04-03 09:15:00+05:30,2025-04-03 09:20:00+05:30,2025-04-03 09:25:00+05:30,154.62,154.6045,False,False,False
60424,60426,60427,2025-04-07 13:10:00+05:30,2025-04-07 13:20:00+05:30,2025-04-07 13:25:00+05:30,127.84,127.478,False,False,False
60444,60444,60445,2025-04-07 14:50:00+05:30,2025-04-07 14:50:00+05:30,2025-04-07 14:55:00+05:30,128.84,128.75,False,False,False
60445,60445,60446,2025-04-07 14:55:00+05:30,2025-04-07 14:55:00+05:30,2025-04-07 15:00:00+05:30,128.99,128.83700000000002,False,False,False
60446,60446,60447,2025-04-07 15:00:00+05:30,2025-04-07 15:00:00+05:30,2025-04-07 15:05:00+05:30,129.4,128.9165,False,False,False
60569,60569,60570,2025-04-09 12:45:00+05:30,2025-04-09 12:45:00+05:30,2025-04-09 12:50:00+05:30,127.95,127.506,False,False,False
60576,60577,60578,2025-04-09 13:20:00+05:30,2025-04-09 13:25:00+05:30,2025-04-09 13:30:00+05:30,127.63,127.5115,False,False,False
60592,60592,60593,2025-04-09 14:40:00+05:30,2025-04-09 14:40:00+05:30,2025-04-09 14:45:00+05:30,127.55,127.372,False,False,False
60596,60597,60598,2025-04-09 15:00:00+05:30,2025-04-09 15:05:00+05:30,2025-04-09 15:10:00+05:30,127.33,127.30050000000001,False,False,False
60598,60601,60602,2025-04-09 15:10:00+05:30,2025-04-09 15:25:00+05:30,2025-04-11 09:15:00+05:30,134.66,127.275,True,True,False
60668,60669,60670,2025-04-11 14:45:00+05:30,2025-04-11 14:50:00+05:30,2025-04-11 14:55:00+05:30,133.24,133.214,False,False,False
60716,60716,60717,2025-04-15 12:30:00+05:30,2025-04-15 12:30:00+05:30,2025-04-15 12:35:00+05:30,136.04,135.7575,False,False,False
60718,60719,60720,2025-04-15 12:40:00+05:30,2025-04-15 12:45:00+05:30,2025-04-15 12:50:00+05:30,135.84,135.761,False,False,False
60722,60722,60723,2025-04-15 13:00:00+05:30,2025-04-15 13:00:00+05:30,2025-04-15 13:05:00+05:30,135.94,135.77949999999998,False,False,False
60738,60738,60739,2025-04-15 14:20:00+05:30,2025-04-15 14:20:00+05:30,2025-04-15 14:25:00+05:30,136.19,135.9565,False,False,False
60742,60742,60743,2025-04-15 14:40:00+05:30,2025-04-15 14:40:00+05:30,2025-04-15 14:45:00+05:30,136.0,135.98600000000002,False,False,False
60743,60743,60744,2025-04-15 14:45:00+05:30,2025-04-15 14:45:00+05:30,2025-04-15 14:50:00+05:30,136.1,135.997,False,False,False
60744,60744,60745,2025-04-15 14:50:00+05:30,2025-04-15 14:50:00+05:30,2025-04-15 14:55:00+05:30,136.03,136.00150000000002,False,False,False
60745,60746,60747,2025-04-15 14:55:00+05:30,2025-04-15 15:00:00+05:30,2025-04-15 15:05:00+05:30,136.24,136.002,False,False,False
60776,60776,60777,2025-04-16 11:15:00+05:30,2025-04-16 11:15:00+05:30,2025-04-16 11:20:00+05:30,135.44,135.22449999999998,False,False,False
60806,60808,60809,2025-04-16 13:45:00+05:30,2025-04-16 13:55:00+05:30,2025-04-16 14:00:00+05:30,135.76,135.541,False,False,False
60887,60887,60888,2025-04-17 14:15:00+05:30,2025-04-17 14:15:00+05:30,2025-04-17 14:20:00+05:30,137.47,137.4155,False,False,False
60900,60903,60904,2025-04-17 15:20:00+05:30,2025-04-21 09:20:00+05:30,2025-04-21 09:25:00+05:30,138.04,137.44350000000003,True,False,False
60968,60968,60969,2025-04-21 14:45:00+05:30,2025-04-21 14:45:00+05:30,2025-04-21 14:50:00+05:30,139.47,139.37,False,False,False
60973,60976,60977,2025-04-21 15:10:00+05:30,2025-04-21 15:25:00+05:30,2025-04-22 09:15:00+05:30,142.0,139.27050000000003,True,True,False
60974,60975,60976,2025-04-21 15:15:00+05:30,2025-04-21 15:20:00+05:30,2025-04-21 15:25:00+05:30,139.24,139.25799999999998,False,False,False
61038,61041,61042,2025-04-22 14:20:00+05:30,2025-04-22 14:35:00+05:30,2025-04-22 14:40:00+05:30,138.99,138.8075,False,False,False
61042,61042,61043,2025-04-22 14:40:00+05:30,2025-04-22 14:40:00+05:30,2025-04-22 14:45:00+05:30,138.85,138.8115,False,False,False
61049,61052,61053,2025-04-22 15:15:00+05:30,2025-04-23 09:15:00+05:30,2025-04-23 09:20:00+05:30,139.09,138.6225,True,False,False
61106,61106,61107,2025-04-23 13:45:00+05:30,2025-04-23 13:45:00+05:30,2025-04-23 13:50:00+05:30,139.63,139.32800000000003,False,False,False
61127,61127,61128,2025-04-24 09:15:00+05:30,2025-04-24 09:15:00+05:30,2025-04-24 09:20:00+05:30,141.21,140.738,False,False,False
61149,61149,61150,2025-04-24 11:05:00+05:30,2025-04-24 11:05:00+05:30,2025-04-24 11:10:00+05:30,141.5,141.30700000000002,False,False,False
61171,61171,61172,2025-04-24 12:55:00+05:30,2025-04-24 12:55:00+05:30,2025-04-24 13:00:00+05:30,141.66,141.335,False,False,False
61193,61196,61197,2025-04-24 14:45:00+05:30,2025-04-24 15:00:00+05:30,2025-04-24 15:05:00+05:30,141.57,141.402,False,False,False
61275,61277,61278,2025-04-25 15:20:00+05:30,2025-04-28 09:15:00+05:30,2025-04-28 09:20:00+05:30,139.69,139.68099999999998,True,False,False
61278,61279,61280,2025-04-28 09:20:00+05:30,2025-04-28 09:25:00+05:30,2025-04-28 09:30:00+05:30,140.15,139.5055,False,False,False
61342,61345,61346,2025-04-28 14:40:00+05:30,2025-04-28 14:55:00+05:30,2025-04-28 15:00:00+05:30,141.74,141.5635,False,False,False
61357,61357,61358,2025-04-29 09:40:00+05:30,2025-04-29 09:40:00+05:30,2025-04-29 09:45:00+05:30,142.08,141.941,False,False,False
61389,61391,61392,2025-04-29 12:20:00+05:30,2025-04-29 12:30:00+05:30,2025-04-29 12:35:00+05:30,142.0,141.638,False,False,False
61396,61396,61397,2025-04-29 12:55:00+05:30,2025-04-29 12:55:00+05:30,2025-04-29 13:00:00+05:30,141.63,141.65550000000002,False,False,False
61397,61397,61398,2025-04-29 13:00:00+05:30,2025-04-29 13:00:00+05:30,2025-04-29 13:05:00+05:30,141.97,141.6625,False,False,False
61398,61398,61399,2025-04-29 13:05:00+05:30,2025-04-29 13:05:00+05:30,2025-04-29 13:10:00+05:30,141.8,141.671,False,False,False
61419,61419,61420,2025-04-29 14:50:00+05:30,2025-04-29 14:50:00+05:30,2025-04-29 14:55:00+05:30,141.71,141.54649999999998,False,False,False
61420,61421,61422,2025-04-29 14:55:00+05:30,2025-04-29 15:00:00+05:30,2025-04-29 15:05:00+05:30,141.71,141.5385,False,False,False
61422,61422,61423,2025-04-29 15:05:00+05:30,2025-04-29 15:05:00+05:30,2025-04-29 15:10:00+05:30,141.59,141.54399999999998,False,False,False
61424,61426,61427,2025-04-29 15:15:00+05:30,2025-04-29 15:25:00+05:30,2025-04-30 09:15:00+05:30,141.44,141.52249999999998,True,True,False
61433,61433,61434,2025-04-30 09:45:00+05:30,2025-04-30 09:45:00+05:30,2025-04-30 09:50:00+05:30,141.34,141.2965,False,False,False
61447,61447,61448,2025-04-30 10:55:00+05:30,2025-04-30 10:55:00+05:30,2025-04-30 11:00:00+05:30,141.0,140.96999999999997,False,False,False
61450,61451,61452,2025-04-30 11:10:00+05:30,2025-04-30 11:15:00+05:30,2025-04-30 11:20:00+05:30,140.97,140.9445,False,False,False
61454,61455,61456,2025-04-30 11:30:00+05:30,2025-04-30 11:35:00+05:30,2025-04-30 11:40:00+05:30,141.01,140.8915,False,False,False
61475,61477,61478,2025-04-30 13:15:00+05:30,2025-04-30 13:25:00+05:30,2025-04-30 13:30:00+05:30,141.35,141.152,False,False,False
61501,61503,61504,2025-04-30 15:25:00+05:30,2025-05-02 09:20:00+05:30,2025-05-02 09:25:00+05:30,140.46,140.47549999999998,True,False,False
61543,61543,61544,2025-05-02 12:40:00+05:30,2025-05-02 12:40:00+05:30,2025-05-02 12:45:00+05:30,140.99,140.955,False,False,False
61575,61577,61578,2025-05-02 15:20:00+05:30,2025-05-05 09:15:00+05:30,2025-05-05 09:20:00+05:30,141.44,141.43900000000002,True,False,False
61578,61578,61579,2025-05-05 09:20:00+05:30,2025-05-05 09:20:00+05:30,2025-05-05 09:25:00+05:30,142.21,141.406,False,False,False
61597,61600,61601,2025-05-05 10:55:00+05:30,2025-05-05 11:10:00+05:30,2025-05-05 11:15:00+05:30,142.35,142.13150000000002,False,False,False
61618,61618,61619,2025-05-05 12:40:00+05:30,2025-05-05 12:40:00+05:30,2025-05-05 12:45:00+05:30,142.46,142.14600000000002,False,False,False
61625,61628,61629,2025-05-05 13:15:00+05:30,2025-05-05 13:30:00+05:30,2025-05-05 13:35:00+05:30,142.24,142.1905,False,False,False
61644,61644,61645,2025-05-05 14:50:00+05:30,2025-05-05 14:50:00+05:30,2025-05-05 14:55:00+05:30,142.12,142.1465,False,False,False
61645,61645,61646,2025-05-05 14:55:00+05:30,2025-05-05 14:55:00+05:30,2025-05-05 15:00:00+05:30,142.16,142.15400000000002,False,False,False
61646,61649,61650,2025-05-05 15:00:00+05:30,2025-05-05 15:15:00+05:30,2025-05-05 15:20:00+05:30,142.24,142.1445,False,False,False
61648,61648,61649,2025-05-05 15:10:00+05:30,2025-05-05 15:10:00+05:30,2025-05-05 15:15:00+05:30,142.13,142.128,False,False,False
61650,61653,61654,2025-05-05 15:20:00+05:30,2025-05-06 09:20:00+05:30,2025-05-06 09:25:00+05:30,142.16,142.109,True,False,False
61654,61654,61655,2025-05-06 09:25:00+05:30,2025-05-06 09:25:00+05:30,2025-05-06 09:30:00+05:30,142.33,142.0985,False,False,False
61659,61661,61662,2025-05-06 09:50:00+05:30,2025-05-06 10:00:00+05:30,2025-05-06 10:05:00+05:30,142.34,142.24450000000002,False,False,False
61704,61704,61705,2025-05-06 13:35:00+05:30,2025-05-06 13:35:00+05:30,2025-05-06 13:40:00+05:30,144.66,144.5645,False,False,False
61727,61729,61730,2025-05-07 09:15:00+05:30,2025-05-07 09:25:00+05:30,2025-05-07 09:30:00+05:30,144.47,144.44549999999998,False,False,False
61747,61748,61749,2025-05-07 10:55:00+05:30,2025-05-07 11:00:00+05:30,2025-05-07 11:05:00+05:30,144.41,143.99349999999998,False,False,False
61788,61790,61791,2025-05-07 14:20:00+05:30,2025-05-07 14:30:00+05:30,2025-05-07 14:35:00+05:30,146.4,146.36100000000002,False,False,False
61869,61872,61873,2025-05-08 14:50:00+05:30,2025-05-08 15:05:00+05:30,2025-05-08 15:10:00+05:30,144.07,143.764,False,False,False
61870,61871,61872,2025-05-08 14:55:00+05:30,2025-05-08 15:00:00+05:30,2025-05-08 15:05:00+05:30,143.72,143.73000000000002,False,False,False
61942,61945,61946,2025-05-09 14:40:00+05:30,2025-05-09 14:55:00+05:30,2025-05-09 15:00:00+05:30,142.65,142.6145,False,False,False
61947,61947,61948,2025-05-09 15:05:00+05:30,2025-05-09 15:05:00+05:30,2025-05-09 15:10:00+05:30,142.63,142.582,False,False,False
61948,61948,61949,2025-05-09 15:10:00+05:30,2025-05-09 15:10:00+05:30,2025-05-09 15:15:00+05:30,142.69,142.59300000000002,False,False,False
62026,62029,62030,2025-05-12 15:25:00+05:30,2025-05-13 09:25:00+05:30,2025-05-13 09:30:00+05:30,151.63,151.3585,True,False,False
62052,62053,62054,2025-05-13 11:20:00+05:30,2025-05-13 11:25:00+05:30,2025-05-13 11:30:00+05:30,150.19,150.16649999999998,False,False,False
62054,62054,62055,2025-05-13 11:30:00+05:30,2025-05-13 11:30:00+05:30,2025-05-13 11:35:00+05:30,150.56,150.129,False,False,False
62066,62067,62068,2025-05-13 12:30:00+05:30,2025-05-13 12:35:00+05:30,2025-05-13 12:40:00+05:30,150.35,150.2525,False,False,False
62095,62095,62096,2025-05-13 14:55:00+05:30,2025-05-13 14:55:00+05:30,2025-05-13 15:00:00+05:30,149.55,149.54649999999998,False,False,False
62096,62097,62098,2025-05-13 15:00:00+05:30,2025-05-13 15:05:00+05:30,2025-05-13 15:10:00+05:30,149.55,149.522,False,False,False
62098,62100,62101,2025-05-13 15:10:00+05:30,2025-05-13 15:20:00+05:30,2025-05-13 15:25:00+05:30,149.65,149.4785,False,False,False
62152,62154,62155,2025-05-14 13:25:00+05:30,2025-05-14 13:35:00+05:30,2025-05-14 13:40:00+05:30,155.35,155.27749999999997,False,False,False
62165,62167,62168,2025-05-14 14:30:00+05:30,2025-05-14 14:40:00+05:30,2025-05-14 14:45:00+05:30,155.15,155.1375,False,False,False
62170,62170,62171,2025-05-14 14:55:00+05:30,2025-05-14 14:55:00+05:30,2025-05-14 15:00:00+05:30,155.19,155.16500000000002,False,False,False
62171,62171,62172,2025-05-14 15:00:00+05:30,2025-05-14 15:00:00+05:30,2025-05-14 15:05:00+05:30,155.28,155.1805,False,False,False
62172,62173,62174,2025-05-14 15:05:00+05:30,2025-05-14 15:10:00+05:30,2025-05-14 15:15:00+05:30,155.4,155.1815,False,False,False
62174,62174,62175,2025-05-14 15:15:00+05:30,2025-05-14 15:15:00+05:30,2025-05-14 15:20:00+05:30,155.35,155.19650000000001,False,False,False
62177,62178,62179,2025-05-15 09:15:00+05:30,2025-05-15 09:20:00+05:30,2025-05-15 09:25:00+05:30,155.56,155.1815,False,False,False
62179,62179,62180,2025-05-15 09:25:00+05:30,2025-05-15 09:25:00+05:30,2025-05-15 09:30:00+05:30,155.91,155.24099999999999,False,False,False
62222,62223,62224,2025-05-15 13:00:00+05:30,2025-05-15 13:05:00+05:30,2025-05-15 13:10:00+05:30,156.81,156.464,False,False,False
62246,62246,62247,2025-05-15 15:00:00+05:30,2025-05-15 15:00:00+05:30,2025-05-15 15:05:00+05:30,157.55,157.4075,False,False,False
62247,62247,62248,2025-05-15 15:05:00+05:30,2025-05-15 15:05:00+05:30,2025-05-15 15:10:00+05:30,157.44,157.428,False,False,False
62249,62252,62253,2025-05-15 15:15:00+05:30,2025-05-16 09:15:00+05:30,2025-05-16 09:20:00+05:30,158.04,157.42249999999999,True,False,False
62288,62291,62292,2025-05-16 12:15:00+05:30,2025-05-16 12:30:00+05:30,2025-05-16 12:35:00+05:30,157.54,157.5595,False,False,False
62300,62302,62303,2025-05-16 13:15:00+05:30,2025-05-16 13:25:00+05:30,2025-05-16 13:30:00+05:30,157.44,157.4,False,False,False
62309,62310,62311,2025-05-16 14:00:00+05:30,2025-05-16 14:05:00+05:30,2025-05-16 14:10:00+05:30,157.44,157.379,False,False,False
62315,62316,62317,2025-05-16 14:30:00+05:30,2025-05-16 14:35:00+05:30,2025-05-16 14:40:00+05:30,157.35,157.317,False,False,False
62317,62317,62318,2025-05-16 14:40:00+05:30,2025-05-16 14:40:00+05:30,2025-05-16 14:45:00+05:30,157.34,157.31699999999998,False,False,False
62318,62318,62319,2025-05-16 14:45:00+05:30,2025-05-16 14:45:00+05:30,2025-05-16 14:50:00+05:30,157.51,157.327,False,False,False
62325,62325,62326,2025-05-16 15:20:00+05:30,2025-05-16 15:20:00+05:30,2025-05-16 15:25:00+05:30,157.56,157.4315,False,False,False
62366,62366,62367,2025-05-19 12:30:00+05:30,2025-05-19 12:30:00+05:30,2025-05-19 12:35:00+05:30,157.03,156.60250000000002,False,False,False
62392,62394,62395,2025-05-19 14:40:00+05:30,2025-05-19 14:50:00+05:30,2025-05-19 14:55:00+05:30,157.15,157.14249999999998,False,False,False
62395,62395,62396,2025-05-19 14:55:00+05:30,2025-05-19 14:55:00+05:30,2025-05-19 15:00:00+05:30,157.15,157.1155,False,False,False
62450,62452,62453,2025-05-20 13:15:00+05:30,2025-05-20 13:25:00+05:30,2025-05-20 13:30:00+05:30,159.52,159.24849999999998,False,False,False
62473,62473,62474,2025-05-20 15:10:00+05:30,2025-05-20 15:10:00+05:30,2025-05-20 15:15:00+05:30,158.99,158.95499999999998,False,False,False
62474,62476,62477,2025-05-20 15:15:00+05:30,2025-05-20 15:25:00+05:30,2025-05-21 09:15:00+05:30,159.44,158.91950000000003,True,True,False
62477,62477,62478,2025-05-21 09:15:00+05:30,2025-05-21 09:15:00+05:30,2025-05-21 09:20:00+05:30,158.91,158.8555,False,False,False
62512,62512,62513,2025-05-21 12:10:00+05:30,2025-05-21 12:10:00+05:30,2025-05-21 12:15:00+05:30,160.85,160.80349999999999,False,False,False
62513,62514,62515,2025-05-21 12:15:00+05:30,2025-05-21 12:20:00+05:30,2025-05-21 12:25:00+05:30,160.85,160.815,False,False,False
62536,62536,62537,2025-05-21 14:10:00+05:30,2025-05-21 14:10:00+05:30,2025-05-21 14:15:00+05:30,161.05,160.93599999999998,False,False,False
62542,62542,62543,2025-05-21 14:40:00+05:30,2025-05-21 14:40:00+05:30,2025-05-21 14:45:00+05:30,161.0,160.95499999999998,False,False,False
62543,62543,62544,2025-05-21 14:45:00+05:30,2025-05-21 14:45:00+05:30,2025-05-21 14:50:00+05:30,161.12,160.9665,False,False,False
62552,62552,62553,2025-05-22 09:15:00+05:30,2025-05-22 09:15:00+05:30,2025-05-22 09:20:00+05:30,161.47,161.2245,False,False,False
62580,62580,62581,2025-05-22 11:35:00+05:30,2025-05-22 11:35:00+05:30,2025-05-22 11:40:00+05:30,162.77,162.74349999999998,False,False,False
62617,62617,62618,2025-05-22 14:40:00+05:30,2025-05-22 14:40:00+05:30,2025-05-22 14:45:00+05:30,161.19,161.144,False,False,False
62618,62618,62619,2025-05-22 14:45:00+05:30,2025-05-22 14:45:00+05:30,2025-05-22 14:50:00+05:30,161.25,161.1405,False,False,False
62620,62620,62621,2025-05-22 14:55:00+05:30,2025-05-22 14:55:00+05:30,2025-05-22 15:00:00+05:30,161.31,161.13150000000002,False,False,False
62624,62624,62625,2025-05-22 15:15:00+05:30,2025-05-22 15:15:00+05:30,2025-05-22 15:20:00+05:30,161.34,161.119,False,False,False
62695,62698,62699,2025-05-23 14:55:00+05:30,2025-05-23 15:10:00+05:30,2025-05-23 15:15:00+05:30,162.78,162.716,False,False,False
62748,62749,62750,2025-05-26 13:05:00+05:30,2025-05-26 13:10:00+05:30,2025-05-26 13:15:00+05:30,162.94,162.869,False,False,False
62765,62766,62767,2025-05-26 14:30:00+05:30,2025-05-26 14:35:00+05:30,2025-05-26 14:40:00+05:30,162.54,162.4505,False,False,False
62767,62768,62769,2025-05-26 14:40:00+05:30,2025-05-26 14:45:00+05:30,2025-05-26 14:50:00+05:30,162.49,162.4705,False,False,False
62769,62769,62770,2025-05-26 14:50:00+05:30,2025-05-26 14:50:00+05:30,2025-05-26 14:55:00+05:30,162.71,162.453,False,False,False
62844,62846,62847,2025-05-27 14:50:00+05:30,2025-05-27 15:00:00+05:30,2025-05-27 15:05:00+05:30,161.62,161.498,False,False,False
62888,62891,62892,2025-05-28 12:15:00+05:30,2025-05-28 12:30:00+05:30,2025-05-28 12:35:00+05:30,161.32,161.003,False,False,False
62896,62896,62897,2025-05-28 12:55:00+05:30,2025-05-28 12:55:00+05:30,2025-05-28 13:00:00+05:30,161.05,160.972,False,False,False
62906,62908,62909,2025-05-28 13:45:00+05:30,2025-05-28 13:55:00+05:30,2025-05-28 14:00:00+05:30,161.11,161.09599999999998,False,False,False
62916,62916,62917,2025-05-28 14:35:00+05:30,2025-05-28 14:35:00+05:30,2025-05-28 14:40:00+05:30,161.36,161.1375,False,False,False
62922,62922,62923,2025-05-28 15:05:00+05:30,2025-05-28 15:05:00+05:30,2025-05-28 15:10:00+05:30,161.34,161.1915,False,False,False
62923,62924,62925,2025-05-28 15:10:00+05:30,2025-05-28 15:15:00+05:30,2025-05-28 15:20:00+05:30,161.25,161.1965,False,False,False
62925,62927,62928,2025-05-28 15:20:00+05:30,2025-05-29 09:15:00+05:30,2025-05-29 09:20:00+05:30,162.81,161.201,True,False,False
62968,62971,62972,2025-05-29 12:40:00+05:30,2025-05-29 12:55:00+05:30,2025-05-29 13:00:00+05:30,162.85,162.57999999999998,False,False,False
62972,62972,62973,2025-05-29 13:00:00+05:30,2025-05-29 13:00:00+05:30,2025-05-29 13:05:00+05:30,163.37,162.691,False,False,False
62993,62994,62995,2025-05-29 14:45:00+05:30,2025-05-29 14:50:00+05:30,2025-05-29 14:55:00+05:30,163.28,162.996,False,False,False
62999,62999,63000,2025-05-29 15:15:00+05:30,2025-05-29 15:15:00+05:30,2025-05-29 15:20:00+05:30,162.96,162.882,False,False,False
63000,63000,63001,2025-05-29 15:20:00+05:30,2025-05-29 15:20:00+05:30,2025-05-29 15:25:00+05:30,163.22,162.88100000000003,False,False,False
63002,63002,63003,2025-05-30 09:15:00+05:30,2025-05-30 09:15:00+05:30,2025-05-30 09:20:00+05:30,163.04,162.8855,False,False,False
63034,63034,63035,2025-05-30 11:55:00+05:30,2025-05-30 11:55:00+05:30,2025-05-30 12:00:00+05:30,161.53,161.4355,False,False,False
63051,63054,63055,2025-05-30 13:20:00+05:30,2025-05-30 13:35:00+05:30,2025-05-30 13:40:00+05:30,161.41,161.3615,False,False,False
63056,63057,63058,2025-05-30 13:45:00+05:30,2025-05-30 13:50:00+05:30,2025-05-30 13:55:00+05:30,161.4,161.31400000000002,False,False,False
63058,63058,63059,2025-05-30 13:55:00+05:30,2025-05-30 13:55:00+05:30,2025-05-30 14:00:00+05:30,161.54,161.3015,False,False,False
63068,63071,63072,2025-05-30 14:45:00+05:30,2025-05-30 15:00:00+05:30,2025-05-30 15:05:00+05:30,161.16,161.14249999999998,False,False,False
63072,63075,63076,2025-05-30 15:05:00+05:30,2025-05-30 15:20:00+05:30,2025-05-30 15:25:00+05:30,161.12,161.0865,False,False,False
63113,63113,63114,2025-06-02 12:15:00+05:30,2025-06-02 12:15:00+05:30,2025-06-02 12:20:00+05:30,158.88,158.9035,False,False,False
63115,63116,63117,2025-06-02 12:25:00+05:30,2025-06-02 12:30:00+05:30,2025-06-02 12:35:00+05:30,159.1,158.9255,False,False,False
63118,63118,63119,2025-06-02 12:40:00+05:30,2025-06-02 12:40:00+05:30,2025-06-02 12:45:00+05:30,159.22,158.98399999999998,False,False,False
63121,63123,63124,2025-06-02 12:55:00+05:30,2025-06-02 13:05:00+05:30,2025-06-02 13:10:00+05:30,159.08,159.02550000000002,False,False,False
63124,63124,63125,2025-06-02 13:10:00+05:30,2025-06-02 13:10:00+05:30,2025-06-02 13:15:00+05:30,159.21,159.071,False,False,False
63132,63134,63135,2025-06-02 13:50:00+05:30,2025-06-02 14:00:00+05:30,2025-06-02 14:05:00+05:30,159.06,159.02849999999998,False,False,False
63136,63136,63137,2025-06-02 14:10:00+05:30,2025-06-02 14:10:00+05:30,2025-06-02 14:15:00+05:30,159.09,159.0565,False,False,False
63145,63146,63147,2025-06-02 14:55:00+05:30,2025-06-02 15:00:00+05:30,2025-06-02 15:05:00+05:30,159.0,158.9305,False,False,False
63147,63147,63148,2025-06-02 15:05:00+05:30,2025-06-02 15:05:00+05:30,2025-06-02 15:10:00+05:30,158.99,158.92950000000002,False,False,False
63148,63148,63149,2025-06-02 15:10:00+05:30,2025-06-02 15:10:00+05:30,2025-06-02 15:15:00+05:30,159.01,158.93,False,False,False
63149,63149,63150,2025-06-02 15:15:00+05:30,2025-06-02 15:15:00+05:30,2025-06-02 15:20:00+05:30,159.04,158.93200000000002,False,False,False
63157,63157,63158,2025-06-03 09:40:00+05:30,2025-06-03 09:40:00+05:30,2025-06-03 09:45:00+05:30,159.24,159.178,False,False,False
63168,63171,63172,2025-06-03 10:35:00+05:30,2025-06-03 10:50:00+05:30,2025-06-03 10:55:00+05:30,159.73,159.406,False,False,False
63214,63215,63216,2025-06-03 14:25:00+05:30,2025-06-03 14:30:00+05:30,2025-06-03 14:35:00+05:30,158.06,157.817,False,False,False
63224,63227,63228,2025-06-03 15:15:00+05:30,2025-06-04 09:15:00+05:30,2025-06-04 09:20:00+05:30,157.83,157.7225,True,False,False
63260,63260,63261,2025-06-04 12:00:00+05:30,2025-06-04 12:00:00+05:30,2025-06-04 12:05:00+05:30,158.07,157.8355,False,False,False
63274,63274,63275,2025-06-04 13:10:00+05:30,2025-06-04 13:10:00+05:30,2025-06-04 13:15:00+05:30,158.05,158.0355,False,False,False
63275,63276,63277,2025-06-04 13:15:00+05:30,2025-06-04 13:20:00+05:30,2025-06-04 13:25:00+05:30,158.1,158.046,False,False,False
63278,63278,63279,2025-06-04 13:30:00+05:30,2025-06-04 13:30:00+05:30,2025-06-04 13:35:00+05:30,158.18,158.1,False,False,False
63296,63296,63297,2025-06-04 15:00:00+05:30,2025-06-04 15:00:00+05:30,2025-06-04 15:05:00+05:30,158.54,158.504,False,False,False
63302,63305,63306,2025-06-05 09:15:00+05:30,2025-06-05 09:30:00+05:30,2025-06-05 09:35:00+05:30,158.57,158.45,False,False,False
63364,63364,63365,2025-06-05 14:25:00+05:30,2025-06-05 14:25:00+05:30,2025-06-05 14:30:00+05:30,157.69,157.6375,False,False,False
63365,63365,63366,2025-06-05 14:30:00+05:30,2025-06-05 14:30:00+05:30,2025-06-05 14:35:00+05:30,157.77,157.6095,False,False,False
63446,63447,63448,2025-06-06 15:00:00+05:30,2025-06-06 15:05:00+05:30,2025-06-06 15:10:00+05:30,157.19,157.172,False,False,False
63447,63448,63449,2025-06-06 15:05:00+05:30,2025-06-06 15:10:00+05:30,2025-06-06 15:15:00+05:30,157.74,157.2015,False,False,False
63452,63452,63453,2025-06-09 09:15:00+05:30,2025-06-09 09:15:00+05:30,2025-06-09 09:20:00+05:30,157.75,157.394,False,False,False
63478,63478,63479,2025-06-09 11:25:00+05:30,2025-06-09 11:25:00+05:30,2025-06-09 11:30:00+05:30,157.45,157.394,False,False,False
63479,63479,63480,2025-06-09 11:30:00+05:30,2025-06-09 11:30:00+05:30,2025-06-09 11:35:00+05:30,158.0,157.425,False,False,False
63514,63516,63517,2025-06-09 14:25:00+05:30,2025-06-09 14:35:00+05:30,2025-06-09 14:40:00+05:30,157.51,157.4855,False,False,False
63524,63527,63528,2025-06-09 15:15:00+05:30,2025-06-10 09:15:00+05:30,2025-06-10 09:20:00+05:30,158.12,157.38,True,False,False
63525,63525,63526,2025-06-09 15:20:00+05:30,2025-06-09 15:20:00+05:30,2025-06-09 15:25:00+05:30,157.37,157.37050000000002,False,False,False
63531,63532,63533,2025-06-10 09:35:00+05:30,2025-06-10 09:40:00+05:30,2025-06-10 09:45:00+05:30,157.61,157.57,False,False,False
63536,63539,63540,2025-06-10 10:00:00+05:30,2025-06-10 10:15:00+05:30,2025-06-10 10:20:00+05:30,157.64,157.608,False,False,False
63570,63572,63573,2025-06-10 12:50:00+05:30,2025-06-10 13:00:00+05:30,2025-06-10 13:05:00+05:30,156.58,156.5225,False,False,False
63600,63603,63604,2025-06-10 15:20:00+05:30,2025-06-11 09:20:00+05:30,2025-06-11 09:25:00+05:30,156.15,155.95250000000001,True,False,False
63606,63606,63607,2025-06-11 09:35:00+05:30,2025-06-11 09:35:00+05:30,2025-06-11 09:40:00+05:30,155.94,155.8785,False,False,False
63737,63740,63741,2025-06-12 14:15:00+05:30,2025-06-12 14:30:00+05:30,2025-06-12 14:35:00+05:30,153.12,152.939,False,False,False
63790,63792,63793,2025-06-13 12:25:00+05:30,2025-06-13 12:35:00+05:30,2025-06-13 12:40:00+05:30,151.7,151.5805,False,False,False
63796,63796,63797,2025-06-13 12:55:00+05:30,2025-06-13 12:55:00+05:30,2025-06-13 13:00:00+05:30,151.58,151.53650000000002,False,False,False
63798,63798,63799,2025-06-13 13:05:00+05:30,2025-06-13 13:05:00+05:30,2025-06-13 13:10:00+05:30,151.69,151.548,False,False,False
63819,63821,63822,2025-06-13 14:50:00+05:30,2025-06-13 15:00:00+05:30,2025-06-13 15:05:00+05:30,151.95,151.88100000000003,False,False,False
63822,63822,63823,2025-06-13 15:05:00+05:30,2025-06-13 15:05:00+05:30,2025-06-13 15:10:00+05:30,152.26,151.89000000000001,False,False,False
63827,63827,63828,2025-06-16 09:15:00+05:30,2025-06-16 09:15:00+05:30,2025-06-16 09:20:00+05:30,152.92,151.9535,False,False,False
63866,63866,63867,2025-06-16 12:30:00+05:30,2025-06-16 12:30:00+05:30,2025-06-16 12:35:00+05:30,153.75,153.421,False,False,False
63890,63890,63891,2025-06-16 14:30:00+05:30,2025-06-16 14:30:00+05:30,2025-06-16 14:35:00+05:30,154.07,153.973,False,False,False
63891,63892,63893,2025-06-16 14:35:00+05:30,2025-06-16 14:40:00+05:30,2025-06-16 14:45:00+05:30,154.12,153.9925,False,False,False
63896,63898,63899,2025-06-16 15:00:00+05:30,2025-06-16 15:10:00+05:30,2025-06-16 15:15:00+05:30,154.11,154.0725,False,False,False
63899,63899,63900,2025-06-16 15:15:00+05:30,2025-06-16 15:15:00+05:30,2025-06-16 15:20:00+05:30,154.39,154.09949999999998,False,False,False
63900,63900,63901,2025-06-16 15:20:00+05:30,2025-06-16 15:20:00+05:30,2025-06-16 15:25:00+05:30,154.13,154.10649999999998,False,False,False
63902,63905,63906,2025-06-17 09:15:00+05:30,2025-06-17 09:30:00+05:30,2025-06-17 09:35:00+05:30,154.56,154.102,False,False,False
63923,63924,63925,2025-06-17 11:00:00+05:30,2025-06-17 11:05:00+05:30,2025-06-17 11:10:00+05:30,153.99,153.8885,False,False,False
63926,63926,63927,2025-06-17 11:15:00+05:30,2025-06-17 11:15:00+05:30,2025-06-17 11:20:00+05:30,153.93,153.8365,False,False,False
63958,63959,63960,2025-06-17 13:55:00+05:30,2025-06-17 14:00:00+05:30,2025-06-17 14:05:00+05:30,152.97,152.95549999999997,False,False,False
63973,63973,63974,2025-06-17 15:10:00+05:30,2025-06-17 15:10:00+05:30,2025-06-17 15:15:00+05:30,152.76,152.75300000000001,False,False,False
63976,63979,63980,2025-06-17 15:25:00+05:30,2025-06-18 09:25:00+05:30,2025-06-18 09:30:00+05:30,152.87,152.71800000000002,True,False,False
63977,63978,63979,2025-06-18 09:15:00+05:30,2025-06-18 09:20:00+05:30,2025-06-18 09:25:00+05:30,152.72,152.6945,False,False,False
64047,64047,64048,2025-06-18 15:05:00+05:30,2025-06-18 15:05:00+05:30,2025-06-18 15:10:00+05:30,152.23,151.976,False,False,False
64048,64049,64050,2025-06-18 15:10:00+05:30,2025-06-18 15:15:00+05:30,2025-06-18 15:20:00+05:30,152.06,151.9735,False,False,False
64097,64098,64099,2025-06-19 13:00:00+05:30,2025-06-19 13:05:00+05:30,2025-06-19 13:10:00+05:30,150.93,150.88100000000003,False,False,False
64108,64108,64109,2025-06-19 13:55:00+05:30,2025-06-19 13:55:00+05:30,2025-06-19 14:00:00+05:30,150.84,150.704,False,False,False
64173,64173,64174,2025-06-20 13:05:00+05:30,2025-06-20 13:05:00+05:30,2025-06-20 13:10:00+05:30,152.46,152.439,False,False,False
64180,64180,64181,2025-06-20 13:40:00+05:30,2025-06-20 13:40:00+05:30,2025-06-20 13:45:00+05:30,152.24,152.236,False,False,False
64182,64182,64183,2025-06-20 13:50:00+05:30,2025-06-20 13:50:00+05:30,2025-06-20 13:55:00+05:30,152.17,152.183,False,False,False
64195,64195,64196,2025-06-20 14:55:00+05:30,2025-06-20 14:55:00+05:30,2025-06-20 15:00:00+05:30,152.03,152.0555,False,False,False
64196,64198,64199,2025-06-20 15:00:00+05:30,2025-06-20 15:10:00+05:30,2025-06-20 15:15:00+05:30,152.12,152.0285,False,False,False
64199,64199,64200,2025-06-20 15:15:00+05:30,2025-06-20 15:15:00+05:30,2025-06-20 15:20:00+05:30,152.19,151.99849999999998,False,False,False
64200,64200,64201,2025-06-20 15:20:00+05:30,2025-06-20 15:20:00+05:30,2025-06-20 15:25:00+05:30,152.06,151.9895,False,False,False
64266,64268,64269,2025-06-23 14:35:00+05:30,2025-06-23 14:45:00+05:30,2025-06-23 14:50:00+05:30,152.68,152.669,False,False,False
64274,64277,64278,2025-06-23 15:15:00+05:30,2025-06-24 09:15:00+05:30,2025-06-24 09:20:00+05:30,154.18,152.701,True,False,False
64346,64347,64348,2025-06-24 15:00:00+05:30,2025-06-24 15:05:00+05:30,2025-06-24 15:10:00+05:30,154.84,154.754,False,False,False
64348,64349,64350,2025-06-24 15:10:00+05:30,2025-06-24 15:15:00+05:30,2025-06-24 15:20:00+05:30,154.88,154.70549999999997,False,False,False
64375,64376,64377,2025-06-25 11:10:00+05:30,2025-06-25 11:15:00+05:30,2025-06-25 11:20:00+05:30,156.14,155.9305,False,False,False
64388,64388,64389,2025-06-25 12:15:00+05:30,2025-06-25 12:15:00+05:30,2025-06-25 12:20:00+05:30,156.32,156.1855,False,False,False
64403,64404,64405,2025-06-25 13:30:00+05:30,2025-06-25 13:35:00+05:30,2025-06-25 13:40:00+05:30,156.72,156.4575,False,False,False
64420,64423,64424,2025-06-25 14:55:00+05:30,2025-06-25 15:10:00+05:30,2025-06-25 15:15:00+05:30,156.62,156.34949999999998,False,False,False
64475,64475,64476,2025-06-26 13:15:00+05:30,2025-06-26 13:15:00+05:30,2025-06-26 13:20:00+05:30,157.5,157.478,False,False,False
64480,64480,64481,2025-06-26 13:40:00+05:30,2025-06-26 13:40:00+05:30,2025-06-26 13:45:00+05:30,157.72,157.5445,False,False,False
64539,64540,64541,2025-06-27 12:20:00+05:30,2025-06-27 12:25:00+05:30,2025-06-27 12:30:00+05:30,161.94,161.858,False,False,False
64566,64567,64568,2025-06-27 14:35:00+05:30,2025-06-27 14:40:00+05:30,2025-06-27 14:45:00+05:30,161.88,161.8005,False,False,False
64577,64577,64578,2025-06-30 09:15:00+05:30,2025-06-30 09:15:00+05:30,2025-06-30 09:20:00+05:30,161.67,161.678,False,False,False
64637,64638,64639,2025-06-30 14:15:00+05:30,2025-06-30 14:20:00+05:30,2025-06-30 14:25:00+05:30,160.07,160.0495,False,False,False
64641,64641,64642,2025-06-30 14:35:00+05:30,2025-06-30 14:35:00+05:30,2025-06-30 14:40:00+05:30,159.99,159.988,False,False,False
64679,64680,64681,2025-07-01 11:30:00+05:30,2025-07-01 11:35:00+05:30,2025-07-01 11:40:00+05:30,158.27,158.2,False,False,False
64708,64709,64710,2025-07-01 13:55:00+05:30,2025-07-01 14:00:00+05:30,2025-07-01 14:05:00+05:30,159.5,159.40900000000002,False,False,False
64721,64721,64722,2025-07-01 15:00:00+05:30,2025-07-01 15:00:00+05:30,2025-07-01 15:05:00+05:30,159.77,159.5925,False,False,False
64726,64726,64727,2025-07-01 15:25:00+05:30,2025-07-01 15:25:00+05:30,2025-07-02 09:15:00+05:30,160.06,159.7895,True,True,False
64746,64746,64747,2025-07-02 10:50:00+05:30,2025-07-02 10:50:00+05:30,2025-07-02 10:55:00+05:30,160.57,160.52550000000002,False,False,False
64751,64751,64752,2025-07-02 11:15:00+05:30,2025-07-02 11:15:00+05:30,2025-07-02 11:20:00+05:30,160.84,160.3595,False,False,False
64832,64832,64833,2025-07-03 11:45:00+05:30,2025-07-03 11:45:00+05:30,2025-07-03 11:50:00+05:30,166.96,166.742,False,False,False
64837,64837,64838,2025-07-03 12:10:00+05:30,2025-07-03 12:10:00+05:30,2025-07-03 12:15:00+05:30,166.82,166.705,False,False,False
64848,64848,64849,2025-07-03 13:05:00+05:30,2025-07-03 13:05:00+05:30,2025-07-03 13:10:00+05:30,166.86,166.851,False,False,False
64849,64851,64852,2025-07-03 13:10:00+05:30,2025-07-03 13:20:00+05:30,2025-07-03 13:25:00+05:30,166.86,166.832,False,False,False
64852,64852,64853,2025-07-03 13:25:00+05:30,2025-07-03 13:25:00+05:30,2025-07-03 13:30:00+05:30,166.94,166.839,False,False,False
64856,64857,64858,2025-07-03 13:45:00+05:30,2025-07-03 13:50:00+05:30,2025-07-03 13:55:00+05:30,167.04,166.895,False,False,False
64860,64860,64861,2025-07-03 14:05:00+05:30,2025-07-03 14:05:00+05:30,2025-07-03 14:10:00+05:30,167.05,166.924,False,False,False
64952,64955,64956,2025-07-07 09:15:00+05:30,2025-07-07 09:30:00+05:30,2025-07-07 09:35:00+05:30,163.34,162.76100000000002,False,False,False
64990,64990,64991,2025-07-07 12:25:00+05:30,2025-07-07 12:25:00+05:30,2025-07-07 12:30:00+05:30,162.2,162.203,False,False,False
65002,65002,65003,2025-07-07 13:25:00+05:30,2025-07-07 13:25:00+05:30,2025-07-07 13:30:00+05:30,162.29,162.2265,False,False,False
65014,65016,65017,2025-07-07 14:25:00+05:30,2025-07-07 14:35:00+05:30,2025-07-07 14:40:00+05:30,162.15,162.1415,False,False,False
65017,65017,65018,2025-07-07 14:40:00+05:30,2025-07-07 14:40:00+05:30,2025-07-07 14:45:00+05:30,162.1,162.11849999999998,False,False,False
65020,65021,65022,2025-07-07 14:55:00+05:30,2025-07-07 15:00:00+05:30,2025-07-07 15:05:00+05:30,162.32,162.06099999999998,False,False,False
65027,65027,65028,2025-07-08 09:15:00+05:30,2025-07-08 09:15:00+05:30,2025-07-08 09:20:00+05:30,162.19,162.11999999999998,False,False,False
65032,65033,65034,2025-07-08 09:40:00+05:30,2025-07-08 09:45:00+05:30,2025-07-08 09:50:00+05:30,162.42,162.2495,False,False,False
65064,65066,65067,2025-07-08 12:20:00+05:30,2025-07-08 12:30:00+05:30,2025-07-08 12:35:00+05:30,162.09,161.8515,False,False,False
65078,65081,65082,2025-07-08 13:30:00+05:30,2025-07-08 13:45:00+05:30,2025-07-08 13:50:00+05:30,162.06,162.0385,False,False,False
65096,65096,65097,2025-07-08 15:00:00+05:30,2025-07-08 15:00:00+05:30,2025-07-08 15:05:00+05:30,161.93,161.8825,False,False,False
65097,65097,65098,2025-07-08 15:05:00+05:30,2025-07-08 15:05:00+05:30,2025-07-08 15:10:00+05:30,161.88,161.86950000000002,False,False,False
65098,65098,65099,2025-07-08 15:10:00+05:30,2025-07-08 15:10:00+05:30,2025-07-08 15:15:00+05:30,161.98,161.868,False,False,False
65099,65099,65100,2025-07-08 15:15:00+05:30,2025-07-08 15:15:00+05:30,2025-07-08 15:20:00+05:30,161.98,161.8695,False,False,False
65100,65100,65101,2025-07-08 15:20:00+05:30,2025-07-08 15:20:00+05:30,2025-07-08 15:25:00+05:30,162.1,161.8755,False,False,False
65101,65101,65102,2025-07-08 15:25:00+05:30,2025-07-08 15:25:00+05:30,2025-07-09 09:15:00+05:30,161.95,161.8675,True,True,False
65203,65203,65204,2025-07-10 11:25:00+05:30,2025-07-10 11:25:00+05:30,2025-07-10 11:30:00+05:30,159.98,159.7615,False,False,False
65234,65234,65235,2025-07-10 14:00:00+05:30,2025-07-10 14:00:00+05:30,2025-07-10 14:05:00+05:30,160.9,160.475,False,False,False
65250,65253,65254,2025-07-10 15:20:00+05:30,2025-07-11 09:20:00+05:30,2025-07-11 09:25:00+05:30,161.09,160.895,True,False,False
65322,65322,65323,2025-07-11 15:05:00+05:30,2025-07-11 15:05:00+05:30,2025-07-11 15:10:00+05:30,159.95,159.801,False,False,False
65324,65325,65326,2025-07-11 15:15:00+05:30,2025-07-11 15:20:00+05:30,2025-07-11 15:25:00+05:30,159.92,159.81650000000002,False,False,False
65326,65326,65327,2025-07-11 15:25:00+05:30,2025-07-11 15:25:00+05:30,2025-07-14 09:15:00+05:30,159.84,159.8425,True,True,False
65327,65327,65328,2025-07-14 09:15:00+05:30,2025-07-14 09:15:00+05:30,2025-07-14 09:20:00+05:30,160.52,159.876,False,False,False
65373,65376,65377,2025-07-14 13:05:00+05:30,2025-07-14 13:20:00+05:30,2025-07-14 13:25:00+05:30,160.22,159.9385,False,False,False
65388,65388,65389,2025-07-14 14:20:00+05:30,2025-07-14 14:20:00+05:30,2025-07-14 14:25:00+05:30,160.3,159.982,False,False,False
65398,65398,65399,2025-07-14 15:10:00+05:30,2025-07-14 15:10:00+05:30,2025-07-14 15:15:00+05:30,160.23,160.215,False,False,False
65402,65402,65403,2025-07-15 09:15:00+05:30,2025-07-15 09:15:00+05:30,2025-07-15 09:20:00+05:30,160.53,160.2705,False,False,False
65460,65461,65462,2025-07-15 14:05:00+05:30,2025-07-15 14:10:00+05:30,2025-07-15 14:15:00+05:30,159.48,159.4625,False,False,False
65473,65476,65477,2025-07-15 15:10:00+05:30,2025-07-15 15:25:00+05:30,2025-07-16 09:15:00+05:30,159.0,159.248,True,True,False
65501,65503,65504,2025-07-16 11:15:00+05:30,2025-07-16 11:25:00+05:30,2025-07-16 11:30:00+05:30,157.48,157.458,False,False,False
65508,65508,65509,2025-07-16 11:50:00+05:30,2025-07-16 11:50:00+05:30,2025-07-16 11:55:00+05:30,157.9,157.48399999999998,False,False,False
65512,65512,65513,2025-07-16 12:10:00+05:30,2025-07-16 12:10:00+05:30,2025-07-16 12:15:00+05:30,157.59,157.5065,False,False,False
65514,65515,65516,2025-07-16 12:20:00+05:30,2025-07-16 12:25:00+05:30,2025-07-16 12:30:00+05:30,157.52,157.4965,False,False,False
65519,65519,65520,2025-07-16 12:45:00+05:30,2025-07-16 12:45:00+05:30,2025-07-16 12:50:00+05:30,157.54,157.502,False,False,False
65549,65552,65553,2025-07-16 15:15:00+05:30,2025-07-17 09:15:00+05:30,2025-07-17 09:20:00+05:30,157.69,157.48250000000002,True,False,False
65553,65553,65554,2025-07-17 09:20:00+05:30,2025-07-17 09:20:00+05:30,2025-07-17 09:25:00+05:30,157.59,157.4655,False,False,False
65621,65622,65623,2025-07-17 15:00:00+05:30,2025-07-17 15:05:00+05:30,2025-07-17 15:10:00+05:30,160.0,159.8585,False,False,False
65623,65623,65624,2025-07-17 15:10:00+05:30,2025-07-17 15:10:00+05:30,2025-07-17 15:15:00+05:30,159.96,159.869,False,False,False
65624,65624,65625,2025-07-17 15:15:00+05:30,2025-07-17 15:15:00+05:30,2025-07-17 15:20:00+05:30,159.95,159.8565,False,False,False
65625,65625,65626,2025-07-17 15:20:00+05:30,2025-07-17 15:20:00+05:30,2025-07-17 15:25:00+05:30,159.92,159.8555,False,False,False
65649,65650,65651,2025-07-18 11:05:00+05:30,2025-07-18 11:10:00+05:30,2025-07-18 11:15:00+05:30,161.58,161.31550000000001,False,False,False
65682,65683,65684,2025-07-18 13:50:00+05:30,2025-07-18 13:55:00+05:30,2025-07-18 14:00:00+05:30,161.74,161.7465,False,False,False
65695,65695,65696,2025-07-18 14:55:00+05:30,2025-07-18 14:55:00+05:30,2025-07-18 15:00:00+05:30,162.08,161.826,False,False,False
65759,65760,65761,2025-07-21 14:00:00+05:30,2025-07-21 14:05:00+05:30,2025-07-21 14:10:00+05:30,162.92,162.914,False,False,False
65770,65771,65772,2025-07-21 14:55:00+05:30,2025-07-21 15:00:00+05:30,2025-07-21 15:05:00+05:30,162.82,162.826,False,False,False
65772,65772,65773,2025-07-21 15:05:00+05:30,2025-07-21 15:05:00+05:30,2025-07-21 15:10:00+05:30,163.17,162.837,False,False,False
65774,65774,65775,2025-07-21 15:15:00+05:30,2025-07-21 15:15:00+05:30,2025-07-21 15:20:00+05:30,162.98,162.847,False,False,False
65775,65775,65776,2025-07-21 15:20:00+05:30,2025-07-21 15:20:00+05:30,2025-07-21 15:25:00+05:30,163.14,162.85999999999999,False,False,False
65802,65802,65803,2025-07-22 11:20:00+05:30,2025-07-22 11:20:00+05:30,2025-07-22 11:25:00+05:30,163.69,163.5665,False,False,False
65815,65815,65816,2025-07-22 12:25:00+05:30,2025-07-22 12:25:00+05:30,2025-07-22 12:30:00+05:30,163.73,163.7285,False,False,False
65833,65833,65834,2025-07-22 13:55:00+05:30,2025-07-22 13:55:00+05:30,2025-07-22 14:00:00+05:30,163.85,163.7705,False,False,False
65850,65853,65854,2025-07-22 15:20:00+05:30,2025-07-23 09:20:00+05:30,2025-07-23 09:25:00+05:30,163.74,163.528,True,False,False
65877,65878,65879,2025-07-23 11:20:00+05:30,2025-07-23 11:25:00+05:30,2025-07-23 11:30:00+05:30,163.52,163.50799999999998,False,False,False
65878,65879,65880,2025-07-23 11:25:00+05:30,2025-07-23 11:30:00+05:30,2025-07-23 11:35:00+05:30,163.56,163.5185,False,False,False
65912,65913,65914,2025-07-23 14:15:00+05:30,2025-07-23 14:20:00+05:30,2025-07-23 14:25:00+05:30,162.49,162.44549999999998,False,False,False
65926,65927,65928,2025-07-23 15:25:00+05:30,2025-07-24 09:15:00+05:30,2025-07-24 09:20:00+05:30,163.92,162.574,True,False,False
65963,65963,65964,2025-07-24 12:15:00+05:30,2025-07-24 12:15:00+05:30,2025-07-24 12:20:00+05:30,163.49,163.458,False,False,False
65964,65965,65966,2025-07-24 12:20:00+05:30,2025-07-24 12:25:00+05:30,2025-07-24 12:30:00+05:30,163.67,163.44650000000001,False,False,False
65998,66001,66002,2025-07-24 15:10:00+05:30,2025-07-24 15:25:00+05:30,2025-07-25 09:15:00+05:30,163.5,163.565,True,True,False
66029,66029,66030,2025-07-25 11:30:00+05:30,2025-07-25 11:30:00+05:30,2025-07-25 11:35:00+05:30,161.81,161.86350000000002,False,False,False
66041,66042,66043,2025-07-25 12:30:00+05:30,2025-07-25 12:35:00+05:30,2025-07-25 12:40:00+05:30,161.65,161.636,False,False,False
66043,66043,66044,2025-07-25 12:40:00+05:30,2025-07-25 12:40:00+05:30,2025-07-25 12:45:00+05:30,161.81,161.61849999999998,False,False,False
66054,66054,66055,2025-07-25 13:35:00+05:30,2025-07-25 13:35:00+05:30,2025-07-25 13:40:00+05:30,162.0,161.68,False,False,False
66074,66077,66078,2025-07-25 15:15:00+05:30,2025-07-28 09:15:00+05:30,2025-07-28 09:20:00+05:30,162.22,161.82,True,False,False
66089,66089,66090,2025-07-28 10:15:00+05:30,2025-07-28 10:15:00+05:30,2025-07-28 10:20:00+05:30,161.73,161.494,False,False,False
66093,66093,66094,2025-07-28 10:35:00+05:30,2025-07-28 10:35:00+05:30,2025-07-28 10:40:00+05:30,161.55,161.552,False,False,False
66146,66146,66147,2025-07-28 15:00:00+05:30,2025-07-28 15:00:00+05:30,2025-07-28 15:05:00+05:30,159.82,159.6105,False,False,False
66148,66148,66149,2025-07-28 15:10:00+05:30,2025-07-28 15:10:00+05:30,2025-07-28 15:15:00+05:30,159.68,159.661,False,False,False
66149,66150,66151,2025-07-28 15:15:00+05:30,2025-07-28 15:20:00+05:30,2025-07-28 15:25:00+05:30,159.73,159.6795,False,False,False
66151,66153,66154,2025-07-28 15:25:00+05:30,2025-07-29 09:20:00+05:30,2025-07-29 09:25:00+05:30,159.85,159.7075,True,False,False
66170,66171,66172,2025-07-29 10:45:00+05:30,2025-07-29 10:50:00+05:30,2025-07-29 10:55:00+05:30,160.15,159.971,False,False,False
66174,66175,66176,2025-07-29 11:05:00+05:30,2025-07-29 11:10:00+05:30,2025-07-29 11:15:00+05:30,160.05,160.036,False,False,False
66179,66179,66180,2025-07-29 11:30:00+05:30,2025-07-29 11:30:00+05:30,2025-07-29 11:35:00+05:30,160.22,160.0505,False,False,False
66193,66193,66194,2025-07-29 12:40:00+05:30,2025-07-29 12:40:00+05:30,2025-07-29 12:45:00+05:30,160.16,160.071,False,False,False
66216,66216,66217,2025-07-29 14:35:00+05:30,2025-07-29 14:35:00+05:30,2025-07-29 14:40:00+05:30,161.28,161.27749999999997,False,False,False
66221,66221,66222,2025-07-29 15:00:00+05:30,2025-07-29 15:00:00+05:30,2025-07-29 15:05:00+05:30,161.65,161.5015,False,False,False
66222,66222,66223,2025-07-29 15:05:00+05:30,2025-07-29 15:05:00+05:30,2025-07-29 15:10:00+05:30,161.52,161.5095,False,False,False
66223,66223,66224,2025-07-29 15:10:00+05:30,2025-07-29 15:10:00+05:30,2025-07-29 15:15:00+05:30,161.54,161.523,False,False,False
66224,66224,66225,2025-07-29 15:15:00+05:30,2025-07-29 15:15:00+05:30,2025-07-29 15:20:00+05:30,161.63,161.541,False,False,False
66225,66225,66226,2025-07-29 15:20:00+05:30,2025-07-29 15:20:00+05:30,2025-07-29 15:25:00+05:30,161.73,161.561,False,False,False
66227,66227,66228,2025-07-30 09:15:00+05:30,2025-07-30 09:15:00+05:30,2025-07-30 09:20:00+05:30,162.27,161.6405,False,False,False
66228,66228,66229,2025-07-30 09:20:00+05:30,2025-07-30 09:20:00+05:30,2025-07-30 09:25:00+05:30,161.76,161.6565,False,False,False
66231,66231,66232,2025-07-30 09:35:00+05:30,2025-07-30 09:35:00+05:30,2025-07-30 09:40:00+05:30,161.96,161.7045,False,False,False
66291,66291,66292,2025-07-30 14:35:00+05:30,2025-07-30 14:35:00+05:30,2025-07-30 14:40:00+05:30,161.68,161.6385,False,False,False
66299,66302,66303,2025-07-30 15:15:00+05:30,2025-07-31 09:15:00+05:30,2025-07-31 09:20:00+05:30,161.82,161.5695,True,False,False
66303,66303,66304,2025-07-31 09:20:00+05:30,2025-07-31 09:20:00+05:30,2025-07-31 09:25:00+05:30,161.63,161.543,False,False,False
66304,66304,66305,2025-07-31 09:25:00+05:30,2025-07-31 09:25:00+05:30,2025-07-31 09:30:00+05:30,161.6,161.538,False,False,False
66305,66305,66306,2025-07-31 09:30:00+05:30,2025-07-31 09:30:00+05:30,2025-07-31 09:35:00+05:30,161.52,161.531,False,False,False
66440,66440,66441,2025-08-01 14:30:00+05:30,2025-08-01 14:30:00+05:30,2025-08-01 14:35:00+05:30,153.43,153.2735,False,False,False
66445,66446,66447,2025-08-01 14:55:00+05:30,2025-08-01 15:00:00+05:30,2025-08-01 15:05:00+05:30,153.35,153.2645,False,False,False
66449,66452,66453,2025-08-01 15:15:00+05:30,2025-08-04 09:15:00+05:30,2025-08-04 09:20:00+05:30,155.02,153.1935,True,False,False
66521,66521,66522,2025-08-04 15:00:00+05:30,2025-08-04 15:00:00+05:30,2025-08-04 15:05:00+05:30,159.45,159.309,False,False,False
66526,66527,66528,2025-08-04 15:25:00+05:30,2025-08-05 09:15:00+05:30,2025-08-05 09:20:00+05:30,159.74,159.375,True,False,False
66545,66546,66547,2025-08-05 10:45:00+05:30,2025-08-05 10:50:00+05:30,2025-08-05 10:55:00+05:30,159.6,159.4245,False,False,False
66580,66580,66581,2025-08-05 13:40:00+05:30,2025-08-05 13:40:00+05:30,2025-08-05 13:45:00+05:30,159.04,158.95850000000002,False,False,False
66594,66595,66596,2025-08-05 14:50:00+05:30,2025-08-05 14:55:00+05:30,2025-08-05 15:00:00+05:30,159.26,159.1975,False,False,False
66596,66596,66597,2025-08-05 15:00:00+05:30,2025-08-05 15:00:00+05:30,2025-08-05 15:05:00+05:30,159.57,159.28,False,False,False
66601,66602,66603,2025-08-05 15:25:00+05:30,2025-08-06 09:15:00+05:30,2025-08-06 09:20:00+05:30,159.69,159.467,True,False,False
66633,66635,66636,2025-08-06 11:50:00+05:30,2025-08-06 12:00:00+05:30,2025-08-06 12:05:00+05:30,158.7,158.454,False,False,False
66634,66634,66635,2025-08-06 11:55:00+05:30,2025-08-06 11:55:00+05:30,2025-08-06 12:00:00+05:30,158.44,158.416,False,False,False
66646,66646,66647,2025-08-06 12:55:00+05:30,2025-08-06 12:55:00+05:30,2025-08-06 13:00:00+05:30,158.32,158.24200000000002,False,False,False
66655,66655,66656,2025-08-06 13:40:00+05:30,2025-08-06 13:40:00+05:30,2025-08-06 13:45:00+05:30,158.23,158.23999999999998,False,False,False
66666,66666,66667,2025-08-06 14:35:00+05:30,2025-08-06 14:35:00+05:30,2025-08-06 14:40:00+05:30,158.47,158.3705,False,False,False
66667,66667,66668,2025-08-06 14:40:00+05:30,2025-08-06 14:40:00+05:30,2025-08-06 14:45:00+05:30,158.46,158.3825,False,False,False
66671,66671,66672,2025-08-06 15:00:00+05:30,2025-08-06 15:00:00+05:30,2025-08-06 15:05:00+05:30,158.61,158.463,False,False,False
66722,66722,66723,2025-08-07 13:00:00+05:30,2025-08-07 13:00:00+05:30,2025-08-07 13:05:00+05:30,156.83,156.72899999999998,False,False,False
66726,66729,66730,2025-08-07 13:20:00+05:30,2025-08-07 13:35:00+05:30,2025-08-07 13:40:00+05:30,156.76,156.7125,False,False,False
66792,66795,66796,2025-08-08 12:35:00+05:30,2025-08-08 12:50:00+05:30,2025-08-08 12:55:00+05:30,157.89,157.715,False,False,False
66794,66794,66795,2025-08-08 12:45:00+05:30,2025-08-08 12:45:00+05:30,2025-08-08 12:50:00+05:30,157.67,157.65349999999998,False,False,False
66811,66811,66812,2025-08-08 14:10:00+05:30,2025-08-08 14:10:00+05:30,2025-08-08 14:15:00+05:30,158.26,158.094,False,False,False
66815,66816,66817,2025-08-08 14:30:00+05:30,2025-08-08 14:35:00+05:30,2025-08-08 14:40:00+05:30,158.28,158.242,False,False,False
66822,66825,66826,2025-08-08 15:05:00+05:30,2025-08-08 15:20:00+05:30,2025-08-08 15:25:00+05:30,158.34,158.309,False,False,False
66827,66827,66828,2025-08-11 09:15:00+05:30,2025-08-11 09:15:00+05:30,2025-08-11 09:20:00+05:30,158.34,158.2185,False,False,False
66847,66848,66849,2025-08-11 10:55:00+05:30,2025-08-11 11:00:00+05:30,2025-08-11 11:05:00+05:30,158.21,158.198,False,False,False
66896,66896,66897,2025-08-11 15:00:00+05:30,2025-08-11 15:00:00+05:30,2025-08-11 15:05:00+05:30,158.43,158.3865,False,False,False
66897,66897,66898,2025-08-11 15:05:00+05:30,2025-08-11 15:05:00+05:30,2025-08-11 15:10:00+05:30,158.55,158.4195,False,False,False
66899,66901,66902,2025-08-11 15:15:00+05:30,2025-08-11 15:25:00+05:30,2025-08-12 09:15:00+05:30,158.52,158.466,True,True,False
66901,66902,66903,2025-08-11 15:25:00+05:30,2025-08-12 09:15:00+05:30,2025-08-12 09:20:00+05:30,159.9,158.5025,True,False,False
66945,66945,66946,2025-08-12 12:50:00+05:30,2025-08-12 12:50:00+05:30,2025-08-12 12:55:00+05:30,161.07,160.89249999999998,False,False,False
66964,66964,66965,2025-08-12 14:25:00+05:30,2025-08-12 14:25:00+05:30,2025-08-12 14:30:00+05:30,160.72,160.71800000000002,False,False,False
66974,66977,66978,2025-08-12 15:15:00+05:30,2025-08-13 09:15:00+05:30,2025-08-13 09:20:00+05:30,161.4,160.523,True,False,False
67050,67051,67052,2025-08-13 15:20:00+05:30,2025-08-13 15:25:00+05:30,2025-08-14 09:15:00+05:30,160.02,160.33800000000002,True,True,False
67090,67090,67091,2025-08-14 12:25:00+05:30,2025-08-14 12:25:00+05:30,2025-08-14 12:30:00+05:30,157.29,157.20700000000002,False,False,False
67098,67098,67099,2025-08-14 13:05:00+05:30,2025-08-14 13:05:00+05:30,2025-08-14 13:10:00+05:30,157.21,157.21949999999998,False,False,False
67123,67126,67127,2025-08-14 15:10:00+05:30,2025-08-14 15:25:00+05:30,2025-08-18 09:15:00+05:30,158.0,155.6775,True,True,False
67124,67125,67126,2025-08-14 15:15:00+05:30,2025-08-14 15:20:00+05:30,2025-08-14 15:25:00+05:30,155.68,155.6365,False,False,False
67155,67155,67156,2025-08-18 11:35:00+05:30,2025-08-18 11:35:00+05:30,2025-08-18 11:40:00+05:30,157.21,157.16699999999997,False,False,False
67156,67156,67157,2025-08-18 11:40:00+05:30,2025-08-18 11:40:00+05:30,2025-08-18 11:45:00+05:30,157.49,157.1725,False,False,False
67169,67172,67173,2025-08-18 12:45:00+05:30,2025-08-18 13:00:00+05:30,2025-08-18 13:05:00+05:30,157.04,156.89450000000002,False,False,False
67173,67173,67174,2025-08-18 13:05:00+05:30,2025-08-18 13:05:00+05:30,2025-08-18 13:10:00+05:30,156.94,156.83300000000003,False,False,False
67230,67230,67231,2025-08-19 11:35:00+05:30,2025-08-19 11:35:00+05:30,2025-08-19 11:40:00+05:30,158.33,158.01749999999998,False,False,False
67235,67238,67239,2025-08-19 12:00:00+05:30,2025-08-19 12:15:00+05:30,2025-08-19 12:20:00+05:30,158.03,158.0195,False,False,False
67239,67239,67240,2025-08-19 12:20:00+05:30,2025-08-19 12:20:00+05:30,2025-08-19 12:25:00+05:30,158.09,158.0045,False,False,False
67243,67243,67244,2025-08-19 12:40:00+05:30,2025-08-19 12:40:00+05:30,2025-08-19 12:45:00+05:30,158.08,158.0115,False,False,False
67244,67244,67245,2025-08-19 12:45:00+05:30,2025-08-19 12:45:00+05:30,2025-08-19 12:50:00+05:30,158.11,158.02,False,False,False
67260,67260,67261,2025-08-19 14:05:00+05:30,2025-08-19 14:05:00+05:30,2025-08-19 14:10:00+05:30,158.7,158.49200000000002,False,False,False
67271,67271,67272,2025-08-19 15:00:00+05:30,2025-08-19 15:00:00+05:30,2025-08-19 15:05:00+05:30,158.79,158.7395,False,False,False
67272,67272,67273,2025-08-19 15:05:00+05:30,2025-08-19 15:05:00+05:30,2025-08-19 15:10:00+05:30,159.1,158.76299999999998,False,False,False
67335,67335,67336,2025-08-20 14:05:00+05:30,2025-08-20 14:05:00+05:30,2025-08-20 14:10:00+05:30,161.99,161.82850000000002,False,False,False
67362,67362,67363,2025-08-21 10:05:00+05:30,2025-08-21 10:05:00+05:30,2025-08-21 10:10:00+05:30,162.11,162.027,False,False,False
67383,67385,67386,2025-08-21 11:50:00+05:30,2025-08-21 12:00:00+05:30,2025-08-21 12:05:00+05:30,162.28,162.0605,False,False,False
67386,67386,67387,2025-08-21 12:05:00+05:30,2025-08-21 12:05:00+05:30,2025-08-21 12:10:00+05:30,162.1,162.0615,False,False,False
67387,67387,67388,2025-08-21 12:10:00+05:30,2025-08-21 12:10:00+05:30,2025-08-21 12:15:00+05:30,162.1,162.0645,False,False,False
67400,67400,67401,2025-08-21 13:15:00+05:30,2025-08-21 13:15:00+05:30,2025-08-21 13:20:00+05:30,162.01,161.963,False,False,False
67401,67401,67402,2025-08-21 13:20:00+05:30,2025-08-21 13:20:00+05:30,2025-08-21 13:25:00+05:30,161.99,161.9575,False,False,False
67456,67456,67457,2025-08-22 11:40:00+05:30,2025-08-22 11:40:00+05:30,2025-08-22 11:45:00+05:30,160.33,160.086,False,False,False
67499,67502,67503,2025-08-22 15:15:00+05:30,2025-08-25 09:15:00+05:30,2025-08-25 09:20:00+05:30,159.32,158.978,True,False,False
67526,67529,67530,2025-08-25 11:15:00+05:30,2025-08-25 11:30:00+05:30,2025-08-25 11:35:00+05:30,159.55,159.4705,False,False,False
67527,67527,67528,2025-08-25 11:20:00+05:30,2025-08-25 11:20:00+05:30,2025-08-25 11:25:00+05:30,159.46,159.457,False,False,False
67531,67534,67535,2025-08-25 11:40:00+05:30,2025-08-25 11:55:00+05:30,2025-08-25 12:00:00+05:30,159.59,159.41750000000002,False,False,False
67557,67557,67558,2025-08-25 13:50:00+05:30,2025-08-25 13:50:00+05:30,2025-08-25 13:55:00+05:30,159.99,159.945,False,False,False
67558,67558,67559,2025-08-25 13:55:00+05:30,2025-08-25 13:55:00+05:30,2025-08-25 14:00:00+05:30,159.95,159.9465,False,False,False
67566,67566,67567,2025-08-25 14:35:00+05:30,2025-08-25 14:35:00+05:30,2025-08-25 14:40:00+05:30,160.05,159.989,False,False,False
67569,67569,67570,2025-08-25 14:50:00+05:30,2025-08-25 14:50:00+05:30,2025-08-25 14:55:00+05:30,160.05,159.993,False,False,False
67570,67570,67571,2025-08-25 14:55:00+05:30,2025-08-25 14:55:00+05:30,2025-08-25 15:00:00+05:30,160.05,159.99849999999998,False,False,False
67711,67711,67712,2025-08-28 14:10:00+05:30,2025-08-28 14:10:00+05:30,2025-08-28 14:15:00+05:30,154.09,153.8875,False,False,False
67714,67714,67715,2025-08-28 14:25:00+05:30,2025-08-28 14:25:00+05:30,2025-08-28 14:30:00+05:30,154.13,153.8385,False,False,False
67722,67725,67726,2025-08-28 15:05:00+05:30,2025-08-28 15:20:00+05:30,2025-08-28 15:25:00+05:30,154.02,153.698,False,False,False
67759,67759,67760,2025-08-29 11:55:00+05:30,2025-08-29 11:55:00+05:30,2025-08-29 12:00:00+05:30,154.9,154.745,False,False,False
67766,67768,67769,2025-08-29 12:30:00+05:30,2025-08-29 12:40:00+05:30,2025-08-29 12:45:00+05:30,154.88,154.85150000000002,False,False,False
67784,67786,67787,2025-08-29 14:00:00+05:30,2025-08-29 14:10:00+05:30,2025-08-29 14:15:00+05:30,154.65,154.6435,False,False,False
67792,67795,67796,2025-08-29 14:40:00+05:30,2025-08-29 14:55:00+05:30,2025-08-29 15:00:00+05:30,154.6,154.54500000000002,False,False,False
67797,67800,67801,2025-08-29 15:05:00+05:30,2025-08-29 15:20:00+05:30,2025-08-29 15:25:00+05:30,154.53,154.512,False,False,False
67799,67799,67800,2025-08-29 15:15:00+05:30,2025-08-29 15:15:00+05:30,2025-08-29 15:20:00+05:30,154.5,154.499,False,False,False
67802,67802,67803,2025-09-01 09:15:00+05:30,2025-09-01 09:15:00+05:30,2025-09-01 09:20:00+05:30,154.55,154.49899999999997,False,False,False
67823,67823,67824,2025-09-01 11:00:00+05:30,2025-09-01 11:00:00+05:30,2025-09-01 11:05:00+05:30,155.24,155.108,False,False,False
67834,67834,67835,2025-09-01 11:55:00+05:30,2025-09-01 11:55:00+05:30,2025-09-01 12:00:00+05:30,155.45,155.21,False,False,False
67843,67843,67844,2025-09-01 12:40:00+05:30,2025-09-01 12:40:00+05:30,2025-09-01 12:45:00+05:30,155.54,155.4485,False,False,False
67857,67857,67858,2025-09-01 13:50:00+05:30,2025-09-01 13:50:00+05:30,2025-09-01 13:55:00+05:30,155.77,155.621,False,False,False
67877,67879,67880,2025-09-02 09:15:00+05:30,2025-09-02 09:25:00+05:30,2025-09-02 09:30:00+05:30,156.5,156.018,False,False,False
67918,67918,67919,2025-09-02 12:40:00+05:30,2025-09-02 12:40:00+05:30,2025-09-02 12:45:00+05:30,158.53,158.5145,False,False,False
67941,67943,67944,2025-09-02 14:35:00+05:30,2025-09-02 14:45:00+05:30,2025-09-02 14:50:00+05:30,158.47,158.2595,False,False,False
67944,67944,67945,2025-09-02 14:50:00+05:30,2025-09-02 14:50:00+05:30,2025-09-02 14:55:00+05:30,158.18,158.1695,False,False,False
67946,67947,67948,2025-09-02 15:00:00+05:30,2025-09-02 15:05:00+05:30,2025-09-02 15:10:00+05:30,158.46,158.136,False,False,False
68055,68055,68056,2025-09-04 11:35:00+05:30,2025-09-04 11:35:00+05:30,2025-09-04 11:40:00+05:30,167.5,167.253,False,False,False
68062,68062,68063,2025-09-04 12:10:00+05:30,2025-09-04 12:10:00+05:30,2025-09-04 12:15:00+05:30,167.56,167.5025,False,False,False
68074,68077,68078,2025-09-04 13:10:00+05:30,2025-09-04 13:25:00+05:30,2025-09-04 13:30:00+05:30,167.5,167.44,False,False,False
68081,68084,68085,2025-09-04 13:45:00+05:30,2025-09-04 14:00:00+05:30,2025-09-04 14:05:00+05:30,167.34,167.2485,False,False,False
68099,68102,68103,2025-09-04 15:15:00+05:30,2025-09-05 09:15:00+05:30,2025-09-05 09:20:00+05:30,167.05,167.044,True,False,False
68142,68142,68143,2025-09-05 12:35:00+05:30,2025-09-05 12:35:00+05:30,2025-09-05 12:40:00+05:30,166.49,166.461,False,False,False
68143,68143,68144,2025-09-05 12:40:00+05:30,2025-09-05 12:40:00+05:30,2025-09-05 12:45:00+05:30,166.75,166.45850000000002,False,False,False
68167,68170,68171,2025-09-05 14:40:00+05:30,2025-09-05 14:55:00+05:30,2025-09-05 15:00:00+05:30,167.26,167.2455,False,False,False
68171,68171,68172,2025-09-05 15:00:00+05:30,2025-09-05 15:00:00+05:30,2025-09-05 15:05:00+05:30,167.35,167.3045,False,False,False
68172,68172,68173,2025-09-05 15:05:00+05:30,2025-09-05 15:05:00+05:30,2025-09-05 15:10:00+05:30,167.52,167.32549999999998,False,False,False
68236,68238,68239,2025-09-08 14:10:00+05:30,2025-09-08 14:20:00+05:30,2025-09-08 14:25:00+05:30,170.61,170.665,False,False,False
68237,68237,68238,2025-09-08 14:15:00+05:30,2025-09-08 14:15:00+05:30,2025-09-08 14:20:00+05:30,170.64,170.637,False,False,False
68239,68239,68240,2025-09-08 14:25:00+05:30,2025-09-08 14:25:00+05:30,2025-09-08 14:30:00+05:30,170.87,170.6105,False,False,False
68240,68241,68242,2025-09-08 14:30:00+05:30,2025-09-08 14:35:00+05:30,2025-09-08 14:40:00+05:30,170.64,170.5825,False,False,False
68273,68274,68275,2025-09-09 11:00:00+05:30,2025-09-09 11:05:00+05:30,2025-09-09 11:10:00+05:30,168.51,168.45649999999998,False,False,False
68276,68276,68277,2025-09-09 11:15:00+05:30,2025-09-09 11:15:00+05:30,2025-09-09 11:20:00+05:30,168.98,168.52100000000002,False,False,False
68296,68298,68299,2025-09-09 12:55:00+05:30,2025-09-09 13:05:00+05:30,2025-09-09 13:10:00+05:30,168.69,168.7415,False,False,False
68299,68299,68300,2025-09-09 13:10:00+05:30,2025-09-09 13:10:00+05:30,2025-09-09 13:15:00+05:30,168.8,168.68400000000003,False,False,False
68316,68319,68320,2025-09-09 14:35:00+05:30,2025-09-09 14:50:00+05:30,2025-09-09 14:55:00+05:30,168.91,168.847,False,False,False
68320,68320,68321,2025-09-09 14:55:00+05:30,2025-09-09 14:55:00+05:30,2025-09-09 15:00:00+05:30,168.91,168.8545,False,False,False
68321,68321,68322,2025-09-09 15:00:00+05:30,2025-09-09 15:00:00+05:30,2025-09-09 15:05:00+05:30,168.92,168.8565,False,False,False
68322,68322,68323,2025-09-09 15:05:00+05:30,2025-09-09 15:05:00+05:30,2025-09-09 15:10:00+05:30,169.09,168.8625,False,False,False
68327,68328,68329,2025-09-10 09:15:00+05:30,2025-09-10 09:20:00+05:30,2025-09-10 09:25:00+05:30,169.06,168.917,False,False,False
68402,68402,68403,2025-09-11 09:15:00+05:30,2025-09-11 09:15:00+05:30,2025-09-11 09:20:00+05:30,169.5,169.214,False,False,False
68476,68476,68477,2025-09-11 15:25:00+05:30,2025-09-11 15:25:00+05:30,2025-09-12 09:15:00+05:30,169.6,169.25799999999998,True,True,False
68499,68500,68501,2025-09-12 11:05:00+05:30,2025-09-12 11:10:00+05:30,2025-09-12 11:15:00+05:30,169.77,169.5935,False,False,False
68524,68524,68525,2025-09-12 13:10:00+05:30,2025-09-12 13:10:00+05:30,2025-09-12 13:15:00+05:30,169.45,169.038,False,False,False
68546,68546,68547,2025-09-12 15:00:00+05:30,2025-09-12 15:00:00+05:30,2025-09-12 15:05:00+05:30,169.84,169.76550000000003,False,False,False
68547,68547,68548,2025-09-12 15:05:00+05:30,2025-09-12 15:05:00+05:30,2025-09-12 15:10:00+05:30,169.82,169.7945,False,False,False
68548,68548,68549,2025-09-12 15:10:00+05:30,2025-09-12 15:10:00+05:30,2025-09-12 15:15:00+05:30,169.82,169.7925,False,False,False
68549,68549,68550,2025-09-12 15:15:00+05:30,2025-09-12 15:15:00+05:30,2025-09-12 15:20:00+05:30,169.81,169.78799999999998,False,False,False
68601,68601,68602,2025-09-15 13:20:00+05:30,2025-09-15 13:20:00+05:30,2025-09-15 13:25:00+05:30,169.45,169.437,False,False,False
68621,68621,68622,2025-09-15 15:00:00+05:30,2025-09-15 15:00:00+05:30,2025-09-15 15:05:00+05:30,169.23,169.1455,False,False,False
68625,68625,68626,2025-09-15 15:20:00+05:30,2025-09-15 15:20:00+05:30,2025-09-15 15:25:00+05:30,169.2,169.173,False,False,False
68626,68626,68627,2025-09-15 15:25:00+05:30,2025-09-15 15:25:00+05:30,2025-09-16 09:15:00+05:30,169.39,169.183,True,True,False
68627,68627,68628,2025-09-16 09:15:00+05:30,2025-09-16 09:15:00+05:30,2025-09-16 09:20:00+05:30,169.65,169.209,False,False,False
68654,68654,68655,2025-09-16 11:30:00+05:30,2025-09-16 11:30:00+05:30,2025-09-16 11:35:00+05:30,170.1,169.905,False,False,False
68659,68660,68661,2025-09-16 11:55:00+05:30,2025-09-16 12:00:00+05:30,2025-09-16 12:05:00+05:30,170.12,169.951,False,False,False
68667,68667,68668,2025-09-16 12:35:00+05:30,2025-09-16 12:35:00+05:30,2025-09-16 12:40:00+05:30,170.29,170.13500000000002,False,False,False
68671,68671,68672,2025-09-16 12:55:00+05:30,2025-09-16 12:55:00+05:30,2025-09-16 13:00:00+05:30,170.6,170.206,False,False,False
68691,68691,68692,2025-09-16 14:35:00+05:30,2025-09-16 14:35:00+05:30,2025-09-16 14:40:00+05:30,171.83,171.6845,False,False,False
68696,68697,68698,2025-09-16 15:00:00+05:30,2025-09-16 15:05:00+05:30,2025-09-16 15:10:00+05:30,172.03,171.791,False,False,False
68698,68698,68699,2025-09-16 15:10:00+05:30,2025-09-16 15:10:00+05:30,2025-09-16 15:15:00+05:30,172.14,171.8415,False,False,False
68702,68703,68704,2025-09-17 09:15:00+05:30,2025-09-17 09:20:00+05:30,2025-09-17 09:25:00+05:30,172.23,171.8775,False,False,False
68743,68743,68744,2025-09-17 12:40:00+05:30,2025-09-17 12:40:00+05:30,2025-09-17 12:45:00+05:30,171.11,171.0735,False,False,False
68744,68744,68745,2025-09-17 12:45:00+05:30,2025-09-17 12:45:00+05:30,2025-09-17 12:50:00+05:30,171.11,171.101,False,False,False
68748,68749,68750,2025-09-17 13:05:00+05:30,2025-09-17 13:10:00+05:30,2025-09-17 13:15:00+05:30,171.27,171.123,False,False,False
68769,68769,68770,2025-09-17 14:50:00+05:30,2025-09-17 14:50:00+05:30,2025-09-17 14:55:00+05:30,171.05,170.4615,False,False,False
68818,68820,68821,2025-09-18 12:40:00+05:30,2025-09-18 12:50:00+05:30,2025-09-18 12:55:00+05:30,171.18,171.155,False,False,False
68822,68823,68824,2025-09-18 13:00:00+05:30,2025-09-18 13:05:00+05:30,2025-09-18 13:10:00+05:30,171.28,171.148,False,False,False
68852,68852,68853,2025-09-19 09:15:00+05:30,2025-09-19 09:15:00+05:30,2025-09-19 09:20:00+05:30,171.77,171.766,False,False,False
68857,68857,68858,2025-09-19 09:40:00+05:30,2025-09-19 09:40:00+05:30,2025-09-19 09:45:00+05:30,172.24,171.79649999999998,False,False,False
68886,68886,68887,2025-09-19 12:05:00+05:30,2025-09-19 12:05:00+05:30,2025-09-19 12:10:00+05:30,171.49,171.128,False,False,False
68890,68890,68891,2025-09-19 12:25:00+05:30,2025-09-19 12:25:00+05:30,2025-09-19 12:30:00+05:30,171.19,171.1005,False,False,False
68891,68891,68892,2025-09-19 12:30:00+05:30,2025-09-19 12:30:00+05:30,2025-09-19 12:35:00+05:30,171.13,171.0895,False,False,False
68895,68895,68896,2025-09-19 12:50:00+05:30,2025-09-19 12:50:00+05:30,2025-09-19 12:55:00+05:30,171.33,171.1055,False,False,False
68921,68924,68925,2025-09-19 15:00:00+05:30,2025-09-19 15:15:00+05:30,2025-09-19 15:20:00+05:30,171.67,171.65550000000002,False,False,False
68925,68926,68927,2025-09-19 15:20:00+05:30,2025-09-19 15:25:00+05:30,2025-09-22 09:15:00+05:30,170.8,171.6085,True,True,False
68956,68956,68957,2025-09-22 11:40:00+05:30,2025-09-22 11:40:00+05:30,2025-09-22 11:45:00+05:30,171.52,171.333,False,False,False
68962,68964,68965,2025-09-22 12:10:00+05:30,2025-09-22 12:20:00+05:30,2025-09-22 12:25:00+05:30,171.26,171.23549999999997,False,False,False
68967,68967,68968,2025-09-22 12:35:00+05:30,2025-09-22 12:35:00+05:30,2025-09-22 12:40:00+05:30,171.3,171.2155,False,False,False
68978,68981,68982,2025-09-22 13:30:00+05:30,2025-09-22 13:45:00+05:30,2025-09-22 13:50:00+05:30,171.45,171.2385,False,False,False
68982,68982,68983,2025-09-22 13:50:00+05:30,2025-09-22 13:50:00+05:30,2025-09-22 13:55:00+05:30,171.28,171.24550000000002,False,False,False
68984,68984,68985,2025-09-22 14:00:00+05:30,2025-09-22 14:00:00+05:30,2025-09-22 14:05:00+05:30,171.58,171.25,False,False,False
68994,68997,68998,2025-09-22 14:50:00+05:30,2025-09-22 15:05:00+05:30,2025-09-22 15:10:00+05:30,171.39,171.318,False,False,False
68998,68998,68999,2025-09-22 15:10:00+05:30,2025-09-22 15:10:00+05:30,2025-09-22 15:15:00+05:30,171.5,171.356,False,False,False
68999,68999,69000,2025-09-22 15:15:00+05:30,2025-09-22 15:15:00+05:30,2025-09-22 15:20:00+05:30,171.41,171.3725,False,False,False
69066,69066,69067,2025-09-23 14:35:00+05:30,2025-09-23 14:35:00+05:30,2025-09-23 14:40:00+05:30,173.49,173.3695,False,False,False
69077,69080,69081,2025-09-24 09:15:00+05:30,2025-09-24 09:30:00+05:30,2025-09-24 09:35:00+05:30,173.9,173.37349999999998,False,False,False
69158,69159,69160,2025-09-25 09:45:00+05:30,2025-09-25 09:50:00+05:30,2025-09-25 09:55:00+05:30,172.78,172.65449999999998,False,False,False
69185,69188,69189,2025-09-25 12:00:00+05:30,2025-09-25 12:15:00+05:30,2025-09-25 12:20:00+05:30,173.07,173.0435,False,False,False
69187,69187,69188,2025-09-25 12:10:00+05:30,2025-09-25 12:10:00+05:30,2025-09-25 12:15:00+05:30,172.99,172.96999999999997,False,False,False
69274,69275,69276,2025-09-26 13:10:00+05:30,2025-09-26 13:15:00+05:30,2025-09-26 13:20:00+05:30,169.06,168.5895,False,False,False
69299,69302,69303,2025-09-26 15:15:00+05:30,2025-09-29 09:15:00+05:30,2025-09-29 09:20:00+05:30,168.84,167.82,True,False,False
69366,69366,69367,2025-09-29 14:35:00+05:30,2025-09-29 14:35:00+05:30,2025-09-29 14:40:00+05:30,169.75,169.6825,False,False,False
69374,69377,69378,2025-09-29 15:15:00+05:30,2025-09-30 09:15:00+05:30,2025-09-30 09:20:00+05:30,169.8,169.5915,True,False,False
69448,69450,69451,2025-09-30 15:10:00+05:30,2025-09-30 15:20:00+05:30,2025-09-30 15:25:00+05:30,168.89,168.89,False,False,False
69451,69451,69452,2025-09-30 15:25:00+05:30,2025-09-30 15:25:00+05:30,2025-10-01 09:15:00+05:30,169.0,168.8655,True,True,True
69512,69512,69513,2025-10-01 14:15:00+05:30,2025-10-01 14:15:00+05:30,2025-10-01 14:20:00+05:30,167.27,167.23200000000003,False,False,False
69516,69517,69518,2025-10-01 14:35:00+05:30,2025-10-01 14:40:00+05:30,2025-10-01 14:45:00+05:30,167.37,167.2935,False,False,False
69523,69524,69525,2025-10-01 15:10:00+05:30,2025-10-01 15:15:00+05:30,2025-10-01 15:20:00+05:30,167.53,167.501,False,False,False
69525,69525,69526,2025-10-01 15:20:00+05:30,2025-10-01 15:20:00+05:30,2025-10-01 15:25:00+05:30,167.6,167.50900000000001,False,False,False
69558,69560,69561,2025-10-03 11:50:00+05:30,2025-10-03 12:00:00+05:30,2025-10-03 12:05:00+05:30,174.01,173.832,False,False,False
69573,69573,69574,2025-10-03 13:05:00+05:30,2025-10-03 13:05:00+05:30,2025-10-03 13:10:00+05:30,174.27,174.073,False,False,False
69595,69597,69598,2025-10-03 14:55:00+05:30,2025-10-03 15:05:00+05:30,2025-10-03 15:10:00+05:30,173.32,173.3195,False,False,False
69598,69600,69601,2025-10-03 15:10:00+05:30,2025-10-03 15:20:00+05:30,2025-10-03 15:25:00+05:30,173.26,173.26100000000002,False,False,False
69601,69601,69602,2025-10-03 15:25:00+05:30,2025-10-03 15:25:00+05:30,2025-10-06 09:15:00+05:30,173.3,173.188,True,True,False
69638,69638,69639,2025-10-06 12:15:00+05:30,2025-10-06 12:15:00+05:30,2025-10-06 12:20:00+05:30,170.11,169.935,False,False,False
69652,69652,69653,2025-10-06 13:25:00+05:30,2025-10-06 13:25:00+05:30,2025-10-06 13:30:00+05:30,170.09,170.01999999999998,False,False,False
69653,69653,69654,2025-10-06 13:30:00+05:30,2025-10-06 13:30:00+05:30,2025-10-06 13:35:00+05:30,170.15,170.0425,False,False,False
69657,69657,69658,2025-10-06 13:50:00+05:30,2025-10-06 13:50:00+05:30,2025-10-06 13:55:00+05:30,170.1,170.097,False,False,False
69669,69672,69673,2025-10-06 14:50:00+05:30,2025-10-06 15:05:00+05:30,2025-10-06 15:10:00+05:30,170.03,169.994,False,False,False
69708,69710,69711,2025-10-07 11:50:00+05:30,2025-10-07 12:00:00+05:30,2025-10-07 12:05:00+05:30,171.2,171.13500000000002,False,False,False
69715,69716,69717,2025-10-07 12:25:00+05:30,2025-10-07 12:30:00+05:30,2025-10-07 12:35:00+05:30,170.98,170.94199999999998,False,False,False
69749,69752,69753,2025-10-07 15:15:00+05:30,2025-10-08 09:15:00+05:30,2025-10-08 09:20:00+05:30,171.82,171.53050000000002,True,False,False
69770,69770,69771,2025-10-08 10:45:00+05:30,2025-10-08 10:45:00+05:30,2025-10-08 10:50:00+05:30,172.44,171.6205,False,False,False
69779,69782,69783,2025-10-08 11:30:00+05:30,2025-10-08 11:45:00+05:30,2025-10-08 11:50:00+05:30,171.55,171.353,False,False,False
69824,69827,69828,2025-10-08 15:15:00+05:30,2025-10-09 09:15:00+05:30,2025-10-09 09:20:00+05:30,174.56,172.70250000000001,True,False,False
69889,69889,69890,2025-10-09 14:25:00+05:30,2025-10-09 14:25:00+05:30,2025-10-09 14:30:00+05:30,175.63,175.484,False,False,False
69891,69892,69893,2025-10-09 14:35:00+05:30,2025-10-09 14:40:00+05:30,2025-10-09 14:45:00+05:30,175.7,175.502,False,False,False
69935,69935,69936,2025-10-10 12:00:00+05:30,2025-10-10 12:00:00+05:30,2025-10-10 12:05:00+05:30,173.56,173.504,False,False,False
69941,69943,69944,2025-10-10 12:30:00+05:30,2025-10-10 12:40:00+05:30,2025-10-10 12:45:00+05:30,173.65,173.465,False,False,False
69952,69952,69953,2025-10-10 13:25:00+05:30,2025-10-10 13:25:00+05:30,2025-10-10 13:30:00+05:30,173.83,173.5765,False,False,False
69968,69968,69969,2025-10-10 14:45:00+05:30,2025-10-10 14:45:00+05:30,2025-10-10 14:50:00+05:30,173.87,173.756,False,False,False
69972,69973,69974,2025-10-10 15:05:00+05:30,2025-10-10 15:10:00+05:30,2025-10-10 15:15:00+05:30,173.74,173.73899999999998,False,False,False
69974,69974,69975,2025-10-10 15:15:00+05:30,2025-10-10 15:15:00+05:30,2025-10-10 15:20:00+05:30,174.0,173.752,False,False,False
69976,69976,69977,2025-10-10 15:25:00+05:30,2025-10-10 15:25:00+05:30,2025-10-13 09:15:00+05:30,173.0,173.7725,True,True,False
70018,70018,70019,2025-10-13 12:40:00+05:30,2025-10-13 12:40:00+05:30,2025-10-13 12:45:00+05:30,172.89,172.558,False,False,False
70022,70023,70024,2025-10-13 13:00:00+05:30,2025-10-13 13:05:00+05:30,2025-10-13 13:10:00+05:30,172.65,172.6235,False,False,False
70028,70028,70029,2025-10-13 13:30:00+05:30,2025-10-13 13:30:00+05:30,2025-10-13 13:35:00+05:30,172.76,172.6405,False,False,False
70032,70035,70036,2025-10-13 13:50:00+05:30,2025-10-13 14:05:00+05:30,2025-10-13 14:10:00+05:30,172.7,172.66699999999997,False,False,False
70046,70047,70048,2025-10-13 15:00:00+05:30,2025-10-13 15:05:00+05:30,2025-10-13 15:10:00+05:30,172.94,172.7395,False,False,False
70111,70111,70112,2025-10-14 14:10:00+05:30,2025-10-14 14:10:00+05:30,2025-10-14 14:15:00+05:30,169.77,169.6515,False,False,False
70113,70113,70114,2025-10-14 14:20:00+05:30,2025-10-14 14:20:00+05:30,2025-10-14 14:25:00+05:30,170.28,169.702,False,False,False
70126,70127,70128,2025-10-14 15:25:00+05:30,2025-10-15 09:15:00+05:30,2025-10-15 09:20:00+05:30,171.25,170.3535,True,False,False
70182,70182,70183,2025-10-15 13:50:00+05:30,2025-10-15 13:50:00+05:30,2025-10-15 13:55:00+05:30,173.74,173.6185,False,False,False
70185,70185,70186,2025-10-15 14:05:00+05:30,2025-10-15 14:05:00+05:30,2025-10-15 14:10:00+05:30,173.59,173.589,False,False,False
70224,70224,70225,2025-10-16 11:05:00+05:30,2025-10-16 11:05:00+05:30,2025-10-16 11:10:00+05:30,173.5,172.8345,False,False,False
70252,70254,70255,2025-10-16 13:25:00+05:30,2025-10-16 13:35:00+05:30,2025-10-16 13:40:00+05:30,173.65,173.5895,False,False,False
70261,70262,70263,2025-10-16 14:10:00+05:30,2025-10-16 14:15:00+05:30,2025-10-16 14:20:00+05:30,173.69,173.6305,False,False,False
70274,70275,70276,2025-10-16 15:15:00+05:30,2025-10-16 15:20:00+05:30,2025-10-16 15:25:00+05:30,173.94,173.9045,False,False,False
70277,70279,70280,2025-10-17 09:15:00+05:30,2025-10-17 09:25:00+05:30,2025-10-17 09:30:00+05:30,174.04,173.8675,False,False,False
70299,70301,70302,2025-10-17 11:05:00+05:30,2025-10-17 11:15:00+05:30,2025-10-17 11:20:00+05:30,173.71,173.6955,False,False,False
70302,70303,70304,2025-10-17 11:20:00+05:30,2025-10-17 11:25:00+05:30,2025-10-17 11:30:00+05:30,173.68,173.66,False,False,False
70344,70344,70345,2025-10-17 14:50:00+05:30,2025-10-17 14:50:00+05:30,2025-10-17 14:55:00+05:30,172.15,171.82649999999998,False,False,False
70394,70396,70397,2025-10-20 12:45:00+05:30,2025-10-20 12:55:00+05:30,2025-10-20 13:00:00+05:30,172.12,171.82,False,False,False
70407,70407,70408,2025-10-20 13:50:00+05:30,2025-10-20 13:50:00+05:30,2025-10-20 13:55:00+05:30,171.95,171.831,False,False,False
70415,70418,70419,2025-10-20 14:30:00+05:30,2025-10-20 14:45:00+05:30,2025-10-20 14:50:00+05:30,172.02,172.0085,False,False,False
70421,70422,70423,2025-10-20 15:00:00+05:30,2025-10-20 15:05:00+05:30,2025-10-20 15:10:00+05:30,172.02,171.9305,False,False,False
70423,70423,70424,2025-10-20 15:10:00+05:30,2025-10-20 15:10:00+05:30,2025-10-20 15:15:00+05:30,171.95,171.94650000000001,False,False,False
70424,70425,70426,2025-10-20 15:15:00+05:30,2025-10-20 15:20:00+05:30,2025-10-20 15:25:00+05:30,171.99,171.94050000000001,False,False,False
70473,70476,70477,2025-10-23 12:05:00+05:30,2025-10-23 12:20:00+05:30,2025-10-23 12:25:00+05:30,174.84,174.6395,False,False,False
70498,70500,70501,2025-10-23 14:10:00+05:30,2025-10-23 14:20:00+05:30,2025-10-23 14:25:00+05:30,174.69,174.719,False,False,False
70501,70501,70502,2025-10-23 14:25:00+05:30,2025-10-23 14:25:00+05:30,2025-10-23 14:30:00+05:30,174.75,174.7115,False,False,False
70511,70514,70515,2025-10-23 15:15:00+05:30,2025-10-24 09:15:00+05:30,2025-10-24 09:20:00+05:30,175.17,174.599,True,False,False
70549,70551,70552,2025-10-24 12:10:00+05:30,2025-10-24 12:20:00+05:30,2025-10-24 12:25:00+05:30,175.24,175.1865,False,False,False
70555,70555,70556,2025-10-24 12:40:00+05:30,2025-10-24 12:40:00+05:30,2025-10-24 12:45:00+05:30,175.15,175.02349999999998,False,False,False
70556,70556,70557,2025-10-24 12:45:00+05:30,2025-10-24 12:45:00+05:30,2025-10-24 12:50:00+05:30,175.09,175.02050000000003,False,False,False
70571,70573,70574,2025-10-24 14:00:00+05:30,2025-10-24 14:10:00+05:30,2025-10-24 14:15:00+05:30,174.58,174.57150000000001,False,False,False
70583,70583,70584,2025-10-24 15:00:00+05:30,2025-10-24 15:00:00+05:30,2025-10-24 15:05:00+05:30,174.39,174.327,False,False,False
70588,70588,70589,2025-10-24 15:25:00+05:30,2025-10-24 15:25:00+05:30,2025-10-27 09:15:00+05:30,175.89,174.41649999999998,True,True,False
70649,70649,70650,2025-10-27 14:15:00+05:30,2025-10-27 14:15:00+05:30,2025-10-27 14:20:00+05:30,176.85,176.67249999999999,False,False,False
70652,70652,70653,2025-10-27 14:30:00+05:30,2025-10-27 14:30:00+05:30,2025-10-27 14:35:00+05:30,177.0,176.665,False,False,False
70655,70656,70657,2025-10-27 14:45:00+05:30,2025-10-27 14:50:00+05:30,2025-10-27 14:55:00+05:30,176.72,176.651,False,False,False
70657,70657,70658,2025-10-27 14:55:00+05:30,2025-10-27 14:55:00+05:30,2025-10-27 15:00:00+05:30,176.7,176.656,False,False,False
70659,70659,70660,2025-10-27 15:05:00+05:30,2025-10-27 15:05:00+05:30,2025-10-27 15:10:00+05:30,176.74,176.677,False,False,False
70661,70664,70665,2025-10-27 15:15:00+05:30,2025-10-28 09:15:00+05:30,2025-10-28 09:20:00+05:30,177.83,176.70250000000001,True,False,False
70701,70701,70702,2025-10-28 12:20:00+05:30,2025-10-28 12:20:00+05:30,2025-10-28 12:25:00+05:30,180.82,180.59750000000003,False,False,False
70733,70733,70734,2025-10-28 15:00:00+05:30,2025-10-28 15:00:00+05:30,2025-10-28 15:05:00+05:30,181.72,181.25050000000002,False,False,False
70770,70770,70771,2025-10-29 11:50:00+05:30,2025-10-29 11:50:00+05:30,2025-10-29 11:55:00+05:30,185.68,185.2865,False,False,False
70771,70771,70772,2025-10-29 11:55:00+05:30,2025-10-29 11:55:00+05:30,2025-10-29 12:00:00+05:30,185.38,185.294,False,False,False
70848,70851,70852,2025-10-30 12:05:00+05:30,2025-10-30 12:20:00+05:30,2025-10-30 12:25:00+05:30,183.8,183.255,False,False,False
70868,70870,70871,2025-10-30 13:45:00+05:30,2025-10-30 13:55:00+05:30,2025-10-30 14:00:00+05:30,183.32,183.252,False,False,False
70871,70871,70872,2025-10-30 14:00:00+05:30,2025-10-30 14:00:00+05:30,2025-10-30 14:05:00+05:30,183.4,183.24450000000002,False,False,False
70876,70876,70877,2025-10-30 14:25:00+05:30,2025-10-30 14:25:00+05:30,2025-10-30 14:30:00+05:30,183.47,183.21800000000002,False,False,False
70892,70894,70895,2025-10-31 09:30:00+05:30,2025-10-31 09:40:00+05:30,2025-10-31 09:45:00+05:30,184.13,183.782,False,False,False
70918,70918,70919,2025-10-31 11:40:00+05:30,2025-10-31 11:40:00+05:30,2025-10-31 11:45:00+05:30,183.03,182.752,False,False,False
70929,70929,70930,2025-10-31 12:35:00+05:30,2025-10-31 12:35:00+05:30,2025-10-31 12:40:00+05:30,182.98,182.89950000000002,False,False,False
70952,70954,70955,2025-10-31 14:30:00+05:30,2025-10-31 14:40:00+05:30,2025-10-31 14:45:00+05:30,183.05,183.0125,False,False,False
70963,70966,70967,2025-10-31 15:25:00+05:30,2025-11-03 09:25:00+05:30,2025-11-03 09:30:00+05:30,183.06,182.95,True,False,False
70986,70986,70987,2025-11-03 11:05:00+05:30,2025-11-03 11:05:00+05:30,2025-11-03 11:10:00+05:30,183.36,182.4765,False,False,False
70999,71002,71003,2025-11-03 12:10:00+05:30,2025-11-03 12:25:00+05:30,2025-11-03 12:30:00+05:30,183.12,182.8655,False,False,False
71109,71112,71113,2025-11-04 15:05:00+05:30,2025-11-04 15:20:00+05:30,2025-11-04 15:25:00+05:30,179.38,179.389,False,False,False
71114,71114,71115,2025-11-06 09:15:00+05:30,2025-11-06 09:15:00+05:30,2025-11-06 09:20:00+05:30,180.13,179.336,False,False,False
71157,71157,71158,2025-11-06 12:50:00+05:30,2025-11-06 12:50:00+05:30,2025-11-06 12:55:00+05:30,177.56,177.127,False,False,False
71165,71166,71167,2025-11-06 13:30:00+05:30,2025-11-06 13:35:00+05:30,2025-11-06 13:40:00+05:30,177.26,177.2125,False,False,False
71177,71178,71179,2025-11-06 14:30:00+05:30,2025-11-06 14:35:00+05:30,2025-11-06 14:40:00+05:30,177.35,177.17149999999998,False,False,False
71184,71184,71185,2025-11-06 15:05:00+05:30,2025-11-06 15:05:00+05:30,2025-11-06 15:10:00+05:30,177.25,177.152,False,False,False
71185,71185,71186,2025-11-06 15:10:00+05:30,2025-11-06 15:10:00+05:30,2025-11-06 15:15:00+05:30,177.25,177.1545,False,False,False
71186,71186,71187,2025-11-06 15:15:00+05:30,2025-11-06 15:15:00+05:30,2025-11-06 15:20:00+05:30,177.28,177.15550000000002,False,False,False
71188,71188,71189,2025-11-06 15:25:00+05:30,2025-11-06 15:25:00+05:30,2025-11-07 09:15:00+05:30,177.0,177.19150000000002,True,True,False
71231,71231,71232,2025-11-07 12:45:00+05:30,2025-11-07 12:45:00+05:30,2025-11-07 12:50:00+05:30,178.34,178.1905,False,False,False
71258,71258,71259,2025-11-07 15:00:00+05:30,2025-11-07 15:00:00+05:30,2025-11-07 15:05:00+05:30,181.13,181.13299999999998,False,False,False
71259,71260,71261,2025-11-07 15:05:00+05:30,2025-11-07 15:10:00+05:30,2025-11-07 15:15:00+05:30,181.49,181.1405,False,False,False
71263,71263,71264,2025-11-07 15:25:00+05:30,2025-11-07 15:25:00+05:30,2025-11-10 09:15:00+05:30,182.03,181.227,True,True,False
71264,71264,71265,2025-11-10 09:15:00+05:30,2025-11-10 09:15:00+05:30,2025-11-10 09:20:00+05:30,181.67,181.2715,False,False,False
71285,71285,71286,2025-11-10 11:00:00+05:30,2025-11-10 11:00:00+05:30,2025-11-10 11:05:00+05:30,181.06,180.9555,False,False,False
71302,71302,71303,2025-11-10 12:25:00+05:30,2025-11-10 12:25:00+05:30,2025-11-10 12:30:00+05:30,180.91,180.55,False,False,False
71318,71321,71322,2025-11-10 13:45:00+05:30,2025-11-10 14:00:00+05:30,2025-11-10 14:05:00+05:30,181.17,181.04500000000002,False,False,False
71322,71322,71323,2025-11-10 14:05:00+05:30,2025-11-10 14:05:00+05:30,2025-11-10 14:10:00+05:30,181.95,181.156,False,False,False
71331,71331,71332,2025-11-10 14:50:00+05:30,2025-11-10 14:50:00+05:30,2025-11-10 14:55:00+05:30,181.7,181.555,False,False,False
71334,71334,71335,2025-11-10 15:05:00+05:30,2025-11-10 15:05:00+05:30,2025-11-10 15:10:00+05:30,181.6,181.6085,False,False,False
71392,71392,71393,2025-11-11 13:40:00+05:30,2025-11-11 13:40:00+05:30,2025-11-11 13:45:00+05:30,181.0,180.8515,False,False,False
71414,71416,71417,2025-11-12 09:15:00+05:30,2025-11-12 09:25:00+05:30,2025-11-12 09:30:00+05:30,181.35,181.30949999999999,False,False,False
71474,71477,71478,2025-11-12 14:15:00+05:30,2025-11-12 14:30:00+05:30,2025-11-12 14:35:00+05:30,178.96,178.92399999999998,False,False,False
71483,71486,71487,2025-11-12 15:00:00+05:30,2025-11-12 15:15:00+05:30,2025-11-12 15:20:00+05:30,178.77,178.7095,False,False,False
71487,71487,71488,2025-11-12 15:20:00+05:30,2025-11-12 15:20:00+05:30,2025-11-12 15:25:00+05:30,178.64,178.6565,False,False,False
71488,71488,71489,2025-11-12 15:25:00+05:30,2025-11-12 15:25:00+05:30,2025-11-13 09:15:00+05:30,184.0,178.64749999999998,True,True,False
71519,71519,71520,2025-11-13 11:45:00+05:30,2025-11-13 11:45:00+05:30,2025-11-13 11:50:00+05:30,182.09,182.02349999999998,False,False,False
71613,71613,71614,2025-11-14 13:20:00+05:30,2025-11-14 13:20:00+05:30,2025-11-14 13:25:00+05:30,173.26,173.2695,False,False,False
71614,71614,71615,2025-11-14 13:25:00+05:30,2025-11-14 13:25:00+05:30,2025-11-14 13:30:00+05:30,173.26,173.282,False,False,False
71615,71617,71618,2025-11-14 13:30:00+05:30,2025-11-14 13:40:00+05:30,2025-11-14 13:45:00+05:30,173.45,173.2885,False,False,False
71631,71633,71634,2025-11-14 14:50:00+05:30,2025-11-14 15:00:00+05:30,2025-11-14 15:05:00+05:30,174.26,173.52749999999997,False,False,False
71639,71639,71640,2025-11-17 09:15:00+05:30,2025-11-17 09:15:00+05:30,2025-11-17 09:20:00+05:30,174.31,173.8345,False,False,False
71682,71682,71683,2025-11-17 12:50:00+05:30,2025-11-17 12:50:00+05:30,2025-11-17 12:55:00+05:30,173.53,173.39600000000002,False,False,False
71691,71691,71692,2025-11-17 13:35:00+05:30,2025-11-17 13:35:00+05:30,2025-11-17 13:40:00+05:30,173.6,173.4045,False,False,False
71695,71695,71696,2025-11-17 13:55:00+05:30,2025-11-17 13:55:00+05:30,2025-11-17 14:00:00+05:30,173.48,173.41699999999997,False,False,False
71709,71712,71713,2025-11-17 15:05:00+05:30,2025-11-17 15:20:00+05:30,2025-11-17 15:25:00+05:30,173.42,173.3105,False,False,False
71754,71755,71756,2025-11-18 12:35:00+05:30,2025-11-18 12:40:00+05:30,2025-11-18 12:45:00+05:30,172.24,172.14849999999998,False,False,False
71764,71764,71765,2025-11-18 13:25:00+05:30,2025-11-18 13:25:00+05:30,2025-11-18 13:30:00+05:30,172.6,172.427,False,False,False
71767,71767,71768,2025-11-18 13:40:00+05:30,2025-11-18 13:40:00+05:30,2025-11-18 13:45:00+05:30,172.59,172.4835,False,False,False
71776,71776,71777,2025-11-18 14:25:00+05:30,2025-11-18 14:25:00+05:30,2025-11-18 14:30:00+05:30,172.61,172.626,False,False,False
71778,71778,71779,2025-11-18 14:35:00+05:30,2025-11-18 14:35:00+05:30,2025-11-18 14:40:00+05:30,172.69,172.6655,False,False,False
71779,71781,71782,2025-11-18 14:40:00+05:30,2025-11-18 14:50:00+05:30,2025-11-18 14:55:00+05:30,172.73,172.6705,False,False,False
71786,71789,71790,2025-11-18 15:15:00+05:30,2025-11-19 09:15:00+05:30,2025-11-19 09:20:00+05:30,172.68,172.62150000000003,True,False,False
71802,71802,71803,2025-11-19 10:20:00+05:30,2025-11-19 10:20:00+05:30,2025-11-19 10:25:00+05:30,173.37,172.68099999999998,False,False,False
71823,71826,71827,2025-11-19 12:05:00+05:30,2025-11-19 12:20:00+05:30,2025-11-19 12:25:00+05:30,172.98,172.947,False,False,False
71842,71842,71843,2025-11-19 13:40:00+05:30,2025-11-19 13:40:00+05:30,2025-11-19 13:45:00+05:30,173.16,173.1125,False,False,False
71853,71853,71854,2025-11-19 14:35:00+05:30,2025-11-19 14:35:00+05:30,2025-11-19 14:40:00+05:30,173.4,173.33499999999998,False,False,False
71859,71860,71861,2025-11-19 15:05:00+05:30,2025-11-19 15:10:00+05:30,2025-11-19 15:15:00+05:30,173.29,173.2855,False,False,False
71861,71862,71863,2025-11-19 15:15:00+05:30,2025-11-19 15:20:00+05:30,2025-11-19 15:25:00+05:30,173.27,173.286,False,False,False
71863,71864,71865,2025-11-19 15:25:00+05:30,2025-11-20 09:15:00+05:30,2025-11-20 09:20:00+05:30,173.4,173.28850000000003,True,False,False
71911,71914,71915,2025-11-20 13:10:00+05:30,2025-11-20 13:25:00+05:30,2025-11-20 13:30:00+05:30,172.93,172.78300000000002,False,False,False
71916,71916,71917,2025-11-20 13:35:00+05:30,2025-11-20 13:35:00+05:30,2025-11-20 13:40:00+05:30,172.77,172.76600000000002,False,False,False
71924,71924,71925,2025-11-20 14:15:00+05:30,2025-11-20 14:15:00+05:30,2025-11-20 14:20:00+05:30,172.85,172.7495,False,False,False
71926,71929,71930,2025-11-20 14:25:00+05:30,2025-11-20 14:40:00+05:30,2025-11-20 14:45:00+05:30,172.77,172.754,False,False,False
71973,71973,71974,2025-11-21 12:05:00+05:30,2025-11-21 12:05:00+05:30,2025-11-21 12:10:00+05:30,170.2,170.11100000000002,False,False,False
71974,71974,71975,2025-11-21 12:10:00+05:30,2025-11-21 12:10:00+05:30,2025-11-21 12:15:00+05:30,170.25,170.12849999999997,False,False,False
72000,72001,72002,2025-11-21 14:20:00+05:30,2025-11-21 14:25:00+05:30,2025-11-21 14:30:00+05:30,169.11,169.081,False,False,False
72086,72089,72090,2025-11-24 15:15:00+05:30,2025-11-25 09:15:00+05:30,2025-11-25 09:20:00+05:30,166.17,165.88600000000002,True,False,False
72131,72131,72132,2025-11-25 12:45:00+05:30,2025-11-25 12:45:00+05:30,2025-11-25 12:50:00+05:30,166.32,166.27399999999997,False,False,False
72146,72148,72149,2025-11-25 14:00:00+05:30,2025-11-25 14:10:00+05:30,2025-11-25 14:15:00+05:30,166.08,166.013,False,False,False
72149,72149,72150,2025-11-25 14:15:00+05:30,2025-11-25 14:15:00+05:30,2025-11-25 14:20:00+05:30,166.12,165.975,False,False,False
72152,72153,72154,2025-11-25 14:30:00+05:30,2025-11-25 14:35:00+05:30,2025-11-25 14:40:00+05:30,166.2,165.92399999999998,False,False,False
72163,72164,72165,2025-11-25 15:25:00+05:30,2025-11-26 09:15:00+05:30,2025-11-26 09:20:00+05:30,168.79,166.17350000000002,True,False,False
72204,72204,72205,2025-11-26 12:35:00+05:30,2025-11-26 12:35:00+05:30,2025-11-26 12:40:00+05:30,169.11,169.058,False,False,False
72210,72210,72211,2025-11-26 13:05:00+05:30,2025-11-26 13:05:00+05:30,2025-11-26 13:10:00+05:30,169.29,169.1235,False,False,False
72219,72219,72220,2025-11-26 13:50:00+05:30,2025-11-26 13:50:00+05:30,2025-11-26 13:55:00+05:30,169.24,169.1485,False,False,False
72237,72237,72238,2025-11-26 15:20:00+05:30,2025-11-26 15:20:00+05:30,2025-11-26 15:25:00+05:30,169.5,169.492,False,False,False
72238,72238,72239,2025-11-26 15:25:00+05:30,2025-11-26 15:25:00+05:30,2025-11-27 09:15:00+05:30,170.45,169.5165,True,True,False
72296,72298,72299,2025-11-27 14:00:00+05:30,2025-11-27 14:10:00+05:30,2025-11-27 14:15:00+05:30,167.85,167.7845,False,False,False
72314,72316,72317,2025-11-28 09:15:00+05:30,2025-11-28 09:25:00+05:30,2025-11-28 09:30:00+05:30,168.03,167.97750000000002,False,False,False
72341,72344,72345,2025-11-28 11:30:00+05:30,2025-11-28 11:45:00+05:30,2025-11-28 11:50:00+05:30,168.57,168.2095,False,False,False
72380,72383,72384,2025-11-28 14:45:00+05:30,2025-11-28 15:00:00+05:30,2025-11-28 15:05:00+05:30,168.05,168.0695,False,False,False
72385,72387,72388,2025-11-28 15:10:00+05:30,2025-11-28 15:20:00+05:30,2025-11-28 15:25:00+05:30,168.02,168.00400000000002,False,False,False
72388,72388,72389,2025-11-28 15:25:00+05:30,2025-11-28 15:25:00+05:30,2025-12-01 09:15:00+05:30,169.0,168.00050000000002,True,True,True
72400,72400,72401,2025-12-01 10:10:00+05:30,2025-12-01 10:10:00+05:30,2025-12-01 10:15:00+05:30,168.78,168.4155,False,False,False
72440,72441,72442,2025-12-01 13:30:00+05:30,2025-12-01 13:35:00+05:30,2025-12-01 13:40:00+05:30,168.52,168.382,False,False,False
72442,72442,72443,2025-12-01 13:40:00+05:30,2025-12-01 13:40:00+05:30,2025-12-01 13:45:00+05:30,168.54,168.4095,False,False,False
72446,72446,72447,2025-12-01 14:00:00+05:30,2025-12-01 14:00:00+05:30,2025-12-01 14:05:00+05:30,168.8,168.4625,False,False,False
72448,72448,72449,2025-12-01 14:10:00+05:30,2025-12-01 14:10:00+05:30,2025-12-01 14:15:00+05:30,168.74,168.50050000000002,False,False,False
72456,72458,72459,2025-12-01 14:50:00+05:30,2025-12-01 15:00:00+05:30,2025-12-01 15:05:00+05:30,168.59,168.519,False,False,False
72459,72459,72460,2025-12-01 15:05:00+05:30,2025-12-01 15:05:00+05:30,2025-12-01 15:10:00+05:30,168.7,168.527,False,False,False
72461,72461,72462,2025-12-01 15:15:00+05:30,2025-12-01 15:15:00+05:30,2025-12-01 15:20:00+05:30,168.7,168.571,False,False,False
72462,72462,72463,2025-12-01 15:20:00+05:30,2025-12-01 15:20:00+05:30,2025-12-01 15:25:00+05:30,168.64,168.578,False,False,False
72463,72463,72464,2025-12-01 15:25:00+05:30,2025-12-01 15:25:00+05:30,2025-12-02 09:15:00+05:30,168.43,168.578,True,True,False
72489,72492,72493,2025-12-02 11:20:00+05:30,2025-12-02 11:35:00+05:30,2025-12-02 11:40:00+05:30,167.85,167.797,False,False,False
72510,72513,72514,2025-12-02 13:05:00+05:30,2025-12-02 13:20:00+05:30,2025-12-02 13:25:00+05:30,167.87,167.769,False,False,False
72521,72521,72522,2025-12-02 14:00:00+05:30,2025-12-02 14:00:00+05:30,2025-12-02 14:05:00+05:30,167.89,167.82850000000002,False,False,False
72531,72533,72534,2025-12-02 14:50:00+05:30,2025-12-02 15:00:00+05:30,2025-12-02 15:05:00+05:30,167.76,167.6705,False,False,False
72534,72534,72535,2025-12-02 15:05:00+05:30,2025-12-02 15:05:00+05:30,2025-12-02 15:10:00+05:30,167.84,167.6385,False,False,False
72539,72539,72540,2025-12-03 09:15:00+05:30,2025-12-03 09:15:00+05:30,2025-12-03 09:20:00+05:30,167.73,167.63799999999998,False,False,False
72597,72598,72599,2025-12-03 14:05:00+05:30,2025-12-03 14:10:00+05:30,2025-12-03 14:15:00+05:30,166.52,166.397,False,False,False
72599,72600,72601,2025-12-03 14:15:00+05:30,2025-12-03 14:20:00+05:30,2025-12-03 14:25:00+05:30,166.51,166.3665,False,False,False
72659,72659,72660,2025-12-04 13:00:00+05:30,2025-12-04 13:00:00+05:30,2025-12-04 13:05:00+05:30,167.05,166.932,False,False,False
72666,72666,72667,2025-12-04 13:35:00+05:30,2025-12-04 13:35:00+05:30,2025-12-04 13:40:00+05:30,167.01,166.9265,False,False,False
72667,72667,72668,2025-12-04 13:40:00+05:30,2025-12-04 13:40:00+05:30,2025-12-04 13:45:00+05:30,166.96,166.925,False,False,False
72672,72672,72673,2025-12-04 14:05:00+05:30,2025-12-04 14:05:00+05:30,2025-12-04 14:10:00+05:30,167.07,166.899,False,False,False
72683,72684,72685,2025-12-04 15:00:00+05:30,2025-12-04 15:05:00+05:30,2025-12-04 15:10:00+05:30,166.8,166.763,False,False,False
72686,72686,72687,2025-12-04 15:15:00+05:30,2025-12-04 15:15:00+05:30,2025-12-04 15:20:00+05:30,166.82,166.72899999999998,False,False,False
72757,72760,72761,2025-12-05 14:55:00+05:30,2025-12-05 15:10:00+05:30,2025-12-05 15:15:00+05:30,167.23,167.149,False,False,False
72761,72762,72763,2025-12-05 15:15:00+05:30,2025-12-05 15:20:00+05:30,2025-12-05 15:25:00+05:30,167.17,167.1515,False,False,False
72763,72763,72764,2025-12-05 15:25:00+05:30,2025-12-05 15:25:00+05:30,2025-12-08 09:15:00+05:30,167.09,167.1275,True,True,False
72764,72764,72765,2025-12-08 09:15:00+05:30,2025-12-08 09:15:00+05:30,2025-12-08 09:20:00+05:30,167.55,167.1325,False,False,False
72834,72835,72836,2025-12-08 15:05:00+05:30,2025-12-08 15:10:00+05:30,2025-12-08 15:15:00+05:30,163.77,163.7765,False,False,False
72911,72914,72915,2025-12-09 15:15:00+05:30,2025-12-10 09:15:00+05:30,2025-12-10 09:20:00+05:30,161.49,161.153,True,False,False
72934,72937,72938,2025-12-10 10:55:00+05:30,2025-12-10 11:10:00+05:30,2025-12-10 11:15:00+05:30,162.02,161.898,False,False,False
72986,72989,72990,2025-12-10 15:15:00+05:30,2025-12-11 09:15:00+05:30,2025-12-11 09:20:00+05:30,163.8,162.458,True,False,False
73014,73015,73016,2025-12-11 11:20:00+05:30,2025-12-11 11:25:00+05:30,2025-12-11 11:30:00+05:30,164.44,164.411,False,False,False
73034,73034,73035,2025-12-11 13:00:00+05:30,2025-12-11 13:00:00+05:30,2025-12-11 13:05:00+05:30,164.29,164.20250000000001,False,False,False
73128,73129,73130,2025-12-12 14:35:00+05:30,2025-12-12 14:40:00+05:30,2025-12-12 14:45:00+05:30,171.71,171.539,False,False,False
73137,73137,73138,2025-12-12 15:20:00+05:30,2025-12-12 15:20:00+05:30,2025-12-12 15:25:00+05:30,171.9,171.717,False,False,False
73163,73163,73164,2025-12-15 11:15:00+05:30,2025-12-15 11:15:00+05:30,2025-12-15 11:20:00+05:30,172.24,172.1995,False,False,False
73180,73183,73184,2025-12-15 12:40:00+05:30,2025-12-15 12:55:00+05:30,2025-12-15 13:00:00+05:30,172.83,172.711,False,False,False
73204,73207,73208,2025-12-15 14:40:00+05:30,2025-12-15 14:55:00+05:30,2025-12-15 15:00:00+05:30,172.84,172.8,False,False,False
73205,73205,73206,2025-12-15 14:45:00+05:30,2025-12-15 14:45:00+05:30,2025-12-15 14:50:00+05:30,172.8,172.798,False,False,False
73211,73211,73212,2025-12-15 15:15:00+05:30,2025-12-15 15:15:00+05:30,2025-12-15 15:20:00+05:30,172.9,172.796,False,False,False
73232,73234,73235,2025-12-16 10:45:00+05:30,2025-12-16 10:55:00+05:30,2025-12-16 11:00:00+05:30,170.9,170.87050000000002,False,False,False
73248,73250,73251,2025-12-16 12:05:00+05:30,2025-12-16 12:15:00+05:30,2025-12-16 12:20:00+05:30,170.23,170.2475,False,False,False
73264,73267,73268,2025-12-16 13:25:00+05:30,2025-12-16 13:40:00+05:30,2025-12-16 13:45:00+05:30,169.99,169.9725,False,False,False
73278,73281,73282,2025-12-16 14:35:00+05:30,2025-12-16 14:50:00+05:30,2025-12-16 14:55:00+05:30,169.98,169.8475,False,False,False
73282,73282,73283,2025-12-16 14:55:00+05:30,2025-12-16 14:55:00+05:30,2025-12-16 15:00:00+05:30,170.01,169.8095,False,False,False
73285,73285,73286,2025-12-16 15:10:00+05:30,2025-12-16 15:10:00+05:30,2025-12-16 15:15:00+05:30,169.8,169.8245,False,False,False
73286,73289,73290,2025-12-16 15:15:00+05:30,2025-12-17 09:15:00+05:30,2025-12-17 09:20:00+05:30,170.59,169.817,True,False,False
73288,73288,73289,2025-12-16 15:25:00+05:30,2025-12-16 15:25:00+05:30,2025-12-17 09:15:00+05:30,170.09,169.794,True,True,False
73332,73333,73334,2025-12-17 12:50:00+05:30,2025-12-17 12:55:00+05:30,2025-12-17 13:00:00+05:30,169.97,169.94250000000002,False,False,False
73335,73336,73337,2025-12-17 13:05:00+05:30,2025-12-17 13:10:00+05:30,2025-12-17 13:15:00+05:30,169.96,169.942,False,False,False
73339,73339,73340,2025-12-17 13:25:00+05:30,2025-12-17 13:25:00+05:30,2025-12-17 13:30:00+05:30,169.99,169.945,False,False,False
73345,73346,73347,2025-12-17 13:55:00+05:30,2025-12-17 14:00:00+05:30,2025-12-17 14:05:00+05:30,169.98,169.9345,False,False,False
73348,73349,73350,2025-12-17 14:10:00+05:30,2025-12-17 14:15:00+05:30,2025-12-17 14:20:00+05:30,170.0,169.928,False,False,False
73350,73352,73353,2025-12-17 14:20:00+05:30,2025-12-17 14:30:00+05:30,2025-12-17 14:35:00+05:30,170.0,169.93149999999997,False,False,False
73353,73355,73356,2025-12-17 14:35:00+05:30,2025-12-17 14:45:00+05:30,2025-12-17 14:50:00+05:30,170.14,169.93099999999998,False,False,False
73395,73395,73396,2025-12-18 11:50:00+05:30,2025-12-18 11:50:00+05:30,2025-12-18 11:55:00+05:30,170.14,169.831,False,False,False
73436,73439,73440,2025-12-18 15:15:00+05:30,2025-12-19 09:15:00+05:30,2025-12-19 09:20:00+05:30,169.04,168.379,True,False,False
73478,73478,73479,2025-12-19 12:30:00+05:30,2025-12-19 12:30:00+05:30,2025-12-19 12:35:00+05:30,168.13,168.0745,False,False,False
73483,73483,73484,2025-12-19 12:55:00+05:30,2025-12-19 12:55:00+05:30,2025-12-19 13:00:00+05:30,168.24,168.115,False,False,False
73502,73504,73505,2025-12-19 14:30:00+05:30,2025-12-19 14:40:00+05:30,2025-12-19 14:45:00+05:30,168.43,168.415,False,False,False
73506,73507,73508,2025-12-19 14:50:00+05:30,2025-12-19 14:55:00+05:30,2025-12-19 15:00:00+05:30,168.45,168.4395,False,False,False
73508,73508,73509,2025-12-19 15:00:00+05:30,2025-12-19 15:00:00+05:30,2025-12-19 15:05:00+05:30,168.51,168.453,False,False,False
73535,73535,73536,2025-12-22 11:00:00+05:30,2025-12-22 11:00:00+05:30,2025-12-22 11:05:00+05:30,170.9,170.831,False,False,False
73572,73573,73574,2025-12-22 14:05:00+05:30,2025-12-22 14:10:00+05:30,2025-12-22 14:15:00+05:30,169.56,169.58049999999997,False,False,False
73586,73589,73590,2025-12-22 15:15:00+05:30,2025-12-23 09:15:00+05:30,2025-12-23 09:20:00+05:30,169.95,169.44,True,False,False
73617,73617,73618,2025-12-23 11:35:00+05:30,2025-12-23 11:35:00+05:30,2025-12-23 11:40:00+05:30,170.25,170.15949999999998,False,False,False
73618,73620,73621,2025-12-23 11:40:00+05:30,2025-12-23 11:50:00+05:30,2025-12-23 11:55:00+05:30,170.5,170.17950000000002,False,False,False
73633,73633,73634,2025-12-23 12:55:00+05:30,2025-12-23 12:55:00+05:30,2025-12-23 13:00:00+05:30,170.61,170.5855,False,False,False
73641,73641,73642,2025-12-23 13:35:00+05:30,2025-12-23 13:35:00+05:30,2025-12-23 13:40:00+05:30,170.92,170.805,False,False,False
73653,73653,73654,2025-12-23 14:35:00+05:30,2025-12-23 14:35:00+05:30,2025-12-23 14:40:00+05:30,171.02,170.952,False,False,False
73654,73657,73658,2025-12-23 14:40:00+05:30,2025-12-23 14:55:00+05:30,2025-12-23 15:00:00+05:30,170.93,170.95749999999998,False,False,False
73661,73664,73665,2025-12-23 15:15:00+05:30,2025-12-24 09:15:00+05:30,2025-12-24 09:20:00+05:30,171.42,170.9775,True,False,False
73675,73677,73678,2025-12-24 10:10:00+05:30,2025-12-24 10:20:00+05:30,2025-12-24 10:25:00+05:30,171.05,170.978,False,False,False
73695,73698,73699,2025-12-24 11:50:00+05:30,2025-12-24 12:05:00+05:30,2025-12-24 12:10:00+05:30,171.03,170.82049999999998,False,False,False
73784,73785,73786,2025-12-26 13:00:00+05:30,2025-12-26 13:05:00+05:30,2025-12-26 13:10:00+05:30,168.64,168.6365,False,False,False
73803,73804,73805,2025-12-26 14:35:00+05:30,2025-12-26 14:40:00+05:30,2025-12-26 14:45:00+05:30,169.05,169.024,False,False,False
73805,73807,73808,2025-12-26 14:45:00+05:30,2025-12-26 14:55:00+05:30,2025-12-26 15:00:00+05:30,169.3,169.0625,False,False,False
73811,73812,73813,2025-12-26 15:15:00+05:30,2025-12-26 15:20:00+05:30,2025-12-26 15:25:00+05:30,169.15,169.136,False,False,False
73813,73814,73815,2025-12-26 15:25:00+05:30,2025-12-29 09:15:00+05:30,2025-12-29 09:20:00+05:30,170.61,169.13,True,False,False
73840,73840,73841,2025-12-29 11:25:00+05:30,2025-12-29 11:25:00+05:30,2025-12-29 11:30:00+05:30,173.45,173.21800000000002,False,False,False
73841,73841,73842,2025-12-29 11:30:00+05:30,2025-12-29 11:30:00+05:30,2025-12-29 11:35:00+05:30,173.49,173.2435,False,False,False
73882,73882,73883,2025-12-29 14:55:00+05:30,2025-12-29 14:55:00+05:30,2025-12-29 15:00:00+05:30,172.04,171.9835,False,False,False
73961,73961,73962,2025-12-30 15:15:00+05:30,2025-12-30 15:15:00+05:30,2025-12-30 15:20:00+05:30,175.82,175.7715,False,False,False
73963,73964,73965,2025-12-30 15:25:00+05:30,2025-12-31 09:15:00+05:30,2025-12-31 09:20:00+05:30,179.74,175.7725,True,False,False
74013,74013,74014,2025-12-31 13:20:00+05:30,2025-12-31 13:20:00+05:30,2025-12-31 13:25:00+05:30,180.83,180.55,False,False,False
