signal_id,stock,datetime,p01,p02,p03,p04,p05,p06,p07,p07_na,p08,p09,p10,p11,p12,same_candle_tb,bounce_bar_index,entry_bar_index,bounce_datetime,entry_datetime,exit_datetime,entry_price,sl,target,pnl,outcome
S001,ASHOKLEY,2022-01-03 11:50:00+05:30,0.0578,0.2104,31,7.0,0.0167,75.0,-1.0,0,0.4825,,0,0,0,1,0,1,2022-01-03 11:50:00+05:30,2022-01-03 11:55:00+05:30,2022-01-03 14:10:00+05:30,60.7,60.325,61.375,0.675,W
S002,ASHOKLEY,2022-01-03 12:10:00+05:30,0.0866,0.0577,2,2.0,0.3132,50.0,0.1765,0,0.3547,,0,0,1,1,0,1,2022-01-03 12:10:00+05:30,2022-01-03 12:15:00+05:30,2022-01-03 14:00:00+05:30,60.65,60.31071428571428,61.26071428571428,0.6107,W
S003,ASHOKLEY,2022-01-03 12:20:00+05:30,0.0824,0.0577,0,,0.5108,66.67,-0.2593,0,0.6124,,0,0,0,1,0,1,2022-01-03 12:20:00+05:30,2022-01-03 12:25:00+05:30,2022-01-03 14:05:00+05:30,60.75,60.41964285714286,61.34464285714286,0.5946,W
S004,ASHOKLEY,2022-01-03 13:40:00+05:30,0.0781,0.1069,15,10.0,0.3839,50.0,0.1765,0,0.4754,,0,0,1,1,0,1,2022-01-03 13:40:00+05:30,2022-01-03 13:45:00+05:30,2022-01-03 14:00:00+05:30,60.8,60.52321428571428,61.29821428571429,0.4982,W
S005,ASHOKLEY,2022-01-04 09:35:00+05:30,,,0,,2.6275,0.0,-0.8456,0,1.2149,1.0,3,0,0,0,3,4,2022-01-04 09:50:00+05:30,2022-01-04 09:55:00+05:30,2022-01-04 15:00:00+05:30,61.2,60.58392857142857,62.308928571428574,-0.1,EOD-
S006,ASHOKLEY,2022-01-04 10:40:00+05:30,-0.1351,-0.0818,0,,0.5654,0.0,-0.5238,0,1.3296,1.0,3,0,0,0,3,4,2022-01-04 10:55:00+05:30,2022-01-04 11:00:00+05:30,2022-01-04 15:00:00+05:30,61.3,60.83571428571428,62.13571428571428,-0.2,EOD-
S007,ASHOKLEY,2022-01-04 11:10:00+05:30,0.1064,-0.0901,2,1.0,0.0,75.0,,1,0.6757,0.0,1,0,0,0,1,2,2022-01-04 11:15:00+05:30,2022-01-04 11:20:00+05:30,2022-01-04 15:00:00+05:30,61.2,60.72678571428572,62.051785714285714,-0.1,EOD-
S008,ASHOKLEY,2022-01-04 11:25:00+05:30,0.1554,0.1064,0,,0.2593,33.33,-1.0,0,0.5642,1.0,1,0,1,0,1,2,2022-01-04 11:30:00+05:30,2022-01-04 11:35:00+05:30,2022-01-04 15:00:00+05:30,61.2,60.71785714285715,62.06785714285714,-0.1,EOD-
S009,ASHOKLEY,2022-01-04 12:00:00+05:30,0.0858,0.0613,5,4.0,0.035,25.0,12.3333,0,0.9555,,0,0,0,1,0,1,2022-01-04 12:00:00+05:30,2022-01-04 12:05:00+05:30,2022-01-04 15:00:00+05:30,61.3,60.76428571428571,62.264285714285705,-0.2,EOD-
S010,ASHOKLEY,2022-01-04 13:35:00+05:30,-0.0774,-0.0081,0,,3.0625,75.0,-0.7714,0,1.5662,0.0,3,0,0,0,3,4,2022-01-04 13:50:00+05:30,2022-01-04 13:55:00+05:30,2022-01-04 14:25:00+05:30,61.3,60.94285714285715,61.94285714285712,-0.3571,L
S011,ASHOKLEY,2022-01-05 09:15:00+05:30,,,0,,2.7192,25.0,-0.4059,0,1.2756,0.0,1,0,0,0,1,2,2022-01-05 09:20:00+05:30,2022-01-05 09:25:00+05:30,2022-01-05 11:05:00+05:30,61.3,60.83571428571428,62.135714285714286,0.8357,W
S012,ASHOKLEY,2022-01-05 09:30:00+05:30,,,0,,0.8938,50.0,-0.2771,0,0.7262,0.0,2,1,1,0,2,3,2022-01-05 09:40:00+05:30,2022-01-05 09:45:00+05:30,2022-01-05 11:10:00+05:30,61.25,60.66964285714285,62.29464285714286,1.0446,W
S013,ASHOKLEY,2022-01-05 14:15:00+05:30,0.2724,0.3716,54,8.0,0.1286,50.0,-1.0,0,0.6436,,0,0,1,1,0,1,2022-01-05 14:15:00+05:30,2022-01-05 14:20:00+05:30,2022-01-05 15:00:00+05:30,63.4,62.9625,64.18749999999999,-0.3,EOD-
S014,ASHOKLEY,2022-01-05 14:30:00+05:30,0.1696,0.2724,2,2.0,0.1791,33.33,0.8182,0,0.7263,,0,0,1,1,0,1,2022-01-05 14:30:00+05:30,2022-01-05 14:35:00+05:30,2022-01-05 14:55:00+05:30,63.45,63.06607142857143,64.14107142857142,-0.3839,L
S015,ASHOKLEY,2022-01-06 09:25:00+05:30,,,0,,1.788,40.0,-0.9057,0,0.7925,0.0,3,0,1,0,3,4,2022-01-06 09:40:00+05:30,2022-01-06 09:45:00+05:30,2022-01-06 15:00:00+05:30,63.3,62.55892857142857,64.63392857142857,0.35,EOD+
S016,ASHOKLEY,2022-01-06 11:35:00+05:30,-0.1228,-0.0079,0,,1.5604,66.67,-0.8131,0,1.4552,1.0,3,0,0,0,3,4,2022-01-06 11:50:00+05:30,2022-01-06 11:55:00+05:30,2022-01-06 12:50:00+05:30,63.05,62.62142857142857,63.82142857142857,0.7714,W
S017,ASHOKLEY,2022-01-06 12:00:00+05:30,-0.1388,-0.1744,0,,0.1585,80.0,-1.0,0,0.3578,0.0,1,0,1,0,1,2,2022-01-06 12:05:00+05:30,2022-01-06 12:10:00+05:30,2022-01-06 15:00:00+05:30,63.1,62.62678571428572,63.95178571428572,0.8518,W
S018,ASHOKLEY,2022-01-06 12:15:00+05:30,0.004,-0.1388,1,1.0,0.2204,50.0,2.5294,0,3.2668,,0,0,0,1,0,1,2022-01-06 12:15:00+05:30,2022-01-06 12:20:00+05:30,2022-01-06 15:00:00+05:30,63.3,62.817857142857136,64.16785714285714,0.35,EOD+
S019,ASHOKLEY,2022-01-06 14:20:00+05:30,0.1218,0.1848,24,18.0,0.1867,0.0,2.3333,0,0.711,,0,0,1,1,0,1,2022-01-06 14:20:00+05:30,2022-01-06 14:25:00+05:30,2022-01-06 15:00:00+05:30,63.7,63.298214285714295,64.42321428571428,-0.05,EOD-
S020,ASHOKLEY,2022-01-07 09:35:00+05:30,,,4,4.0,0.0354,50.0,9.0,0,1.3927,,0,0,0,1,0,1,2022-01-07 09:35:00+05:30,2022-01-07 09:40:00+05:30,2022-01-07 12:45:00+05:30,63.8,63.09464285714285,65.06964285714285,-0.7054,L
S021,ASHOKLEY,2022-01-07 10:05:00+05:30,0.1254,0.1137,5,4.0,0.0206,66.67,-1.0,0,0.3615,1.0,1,0,0,0,1,2,2022-01-07 10:10:00+05:30,2022-01-07 10:15:00+05:30,2022-01-07 12:45:00+05:30,63.8,63.192857142857136,64.89285714285714,-0.6071,L
S022,ASHOKLEY,2022-01-07 10:20:00+05:30,0.0979,0.1254,0,,0.2088,50.0,0.1765,0,0.2285,,0,0,0,1,0,1,2022-01-07 10:20:00+05:30,2022-01-07 10:25:00+05:30,2022-01-07 11:00:00+05:30,63.9,63.39107142857143,64.81607142857143,-0.5089,L
S023,ASHOKLEY,2022-01-07 10:30:00+05:30,0.09,0.0979,1,1.0,0.4487,0.0,0.6,0,0.1619,,0,0,1,1,0,1,2022-01-07 10:30:00+05:30,2022-01-07 10:35:00+05:30,2022-01-07 10:45:00+05:30,63.9,63.551785714285714,64.52678571428571,-0.3482,L
S024,ASHOKLEY,2022-01-07 11:25:00+05:30,-0.1648,-0.1529,0,,1.3674,33.33,-0.7619,0,0.9795,1.0,3,0,1,0,3,4,2022-01-07 11:40:00+05:30,2022-01-07 11:45:00+05:30,2022-01-07 12:20:00+05:30,63.7,63.31607142857143,64.39107142857144,-0.3839,L
S025,ASHOKLEY,2022-01-07 11:55:00+05:30,-0.0943,-0.1453,0,,0.7913,0.0,-0.2308,0,0.3648,1.0,3,0,1,0,3,4,2022-01-07 12:10:00+05:30,2022-01-07 12:15:00+05:30,2022-01-07 12:45:00+05:30,63.55,63.139285714285705,64.28928571428571,-0.4107,L
S026,ASHOKLEY,2022-01-07 12:20:00+05:30,-0.118,-0.1022,0,,1.785,25.0,-0.6078,0,0.3063,0.0,2,0,1,0,2,3,2022-01-07 12:30:00+05:30,2022-01-07 12:35:00+05:30,2022-01-07 12:45:00+05:30,63.6,63.24285714285714,64.24285714285715,-0.3571,L
S027,ASHOKLEY,2022-01-07 12:55:00+05:30,-0.0787,-0.0315,0,,1.7792,50.0,-1.0,0,0.4731,0.0,3,0,0,0,3,4,2022-01-07 13:10:00+05:30,2022-01-07 13:15:00+05:30,2022-01-07 15:00:00+05:30,63.5,63.07142857142857,64.27142857142857,0.1,EOD+
S028,ASHOKLEY,2022-01-07 13:55:00+05:30,0.0276,0.0039,8,3.0,0.5667,33.33,0.7647,0,2.6033,,0,0,0,1,0,1,2022-01-07 13:55:00+05:30,2022-01-07 14:00:00+05:30,2022-01-07 15:00:00+05:30,63.65,63.275,64.325,-0.05,EOD-
S029,ASHOKLEY,2022-01-07 14:15:00+05:30,0.0276,0.0354,3,3.0,0.76,50.0,-0.4737,0,0.62,1.0,2,0,0,0,2,3,2022-01-07 14:25:00+05:30,2022-01-07 14:30:00+05:30,2022-01-07 15:00:00+05:30,63.55,63.23749999999999,64.1125,0.05,EOD+
S030,ASHOKLEY,2022-01-10 11:10:00+05:30,0.0465,0.1821,0,,2.1833,33.33,-0.8473,0,0.8433,1.0,3,0,0,0,3,4,2022-01-10 11:25:00+05:30,2022-01-10 11:30:00+05:30,2022-01-10 15:00:00+05:30,64.5,64.125,65.175,0.4,EOD+
S031,ASHOKLEY,2022-01-10 11:35:00+05:30,-0.128,-0.0543,0,,0.3316,0.0,1.2222,0,0.3903,,0,0,1,1,0,1,2022-01-10 11:35:00+05:30,2022-01-10 11:40:00+05:30,2022-01-10 15:00:00+05:30,64.5,64.16071428571429,65.11071428571428,0.4,EOD+
S032,ASHOKLEY,2022-01-10 11:50:00+05:30,-0.1203,-0.128,2,2.0,0.0184,0.0,39.0,0,0.6503,,0,0,0,1,0,1,2022-01-10 11:50:00+05:30,2022-01-10 11:55:00+05:30,2022-01-10 15:00:00+05:30,64.5,64.16071428571429,65.11071428571427,0.4,EOD+
S033,ASHOKLEY,2022-01-10 12:15:00+05:30,-0.0039,-0.0815,4,4.0,0.0,50.0,,1,0.2641,,0,0,1,1,0,1,2022-01-10 12:15:00+05:30,2022-01-10 12:20:00+05:30,2022-01-10 15:00:00+05:30,64.4,64.10535714285716,64.93035714285713,0.5,EOD+
S034,ASHOKLEY,2022-01-10 12:25:00+05:30,0.0388,-0.0427,0,,0.1633,100.0,-1.0,0,1.3246,1.0,1,0,1,0,1,2,2022-01-10 12:30:00+05:30,2022-01-10 12:35:00+05:30,2022-01-10 15:00:00+05:30,64.5,64.23214285714286,64.98214285714283,0.4,EOD+
S035,ASHOKLEY,2022-01-10 13:45:00+05:30,0.0658,0.0581,14,11.0,0.084,50.0,5.6667,0,0.5415,,0,1,1,1,0,1,2022-01-10 13:45:00+05:30,2022-01-10 13:50:00+05:30,2022-01-10 15:00:00+05:30,64.7,64.47678571428571,65.10178571428574,0.2,EOD+
S036,ASHOKLEY,2022-01-11 09:15:00+05:30,,,0,,2.1275,53.33,-0.871,0,2.9854,,0,1,0,1,0,1,2022-01-11 09:15:00+05:30,2022-01-11 09:20:00+05:30,2022-01-11 09:30:00+05:30,64.8,64.34464285714286,65.61964285714285,-0.4554,L
S037,ASHOKLEY,2022-01-11 09:40:00+05:30,-0.0774,,0,,1.95,0.0,-0.5897,0,1.2891,1.0,3,0,0,0,3,4,2022-01-11 09:55:00+05:30,2022-01-11 10:00:00+05:30,2022-01-11 15:00:00+05:30,64.7,64.075,65.82500000000002,0.4,EOD+
S038,ASHOKLEY,2022-01-11 10:25:00+05:30,-0.1202,-0.0465,0,,0.6087,0.0,-0.6667,0,0.5354,1.0,3,0,1,0,3,4,2022-01-11 10:40:00+05:30,2022-01-11 10:45:00+05:30,2022-01-11 15:00:00+05:30,64.5,63.88392857142857,65.60892857142858,0.6,EOD+
S039,ASHOKLEY,2022-01-11 11:10:00+05:30,-0.0233,-0.0543,4,3.0,0.0378,100.0,-1.0,0,0.286,,0,0,1,1,0,1,2022-01-11 11:10:00+05:30,2022-01-11 11:15:00+05:30,2022-01-11 12:50:00+05:30,64.5,64.16964285714286,65.09464285714286,0.5946,W
S040,ASHOKLEY,2022-01-11 11:20:00+05:30,0.031,-0.0388,0,,0.5486,50.0,-0.3103,0,2.3701,1.0,1,1,1,0,1,2,2022-01-11 11:25:00+05:30,2022-01-11 11:30:00+05:30,2022-01-11 13:00:00+05:30,64.6,64.26964285714286,65.19464285714284,0.5946,W
S041,ASHOKLEY,2022-01-11 13:20:00+05:30,0.1884,0.2502,22,3.0,0.0412,0.0,19.0,0,0.6895,,0,0,0,1,0,1,2022-01-11 13:20:00+05:30,2022-01-11 13:25:00+05:30,2022-01-11 15:00:00+05:30,65.1,64.79642857142856,65.64642857142857,0.0,EOD-
S042,ASHOKLEY,2022-01-11 13:35:00+05:30,0.0923,0.1884,2,2.0,0.2722,50.0,1.8571,0,3.404,,0,0,0,1,0,1,2022-01-11 13:35:00+05:30,2022-01-11 13:40:00+05:30,2022-01-11 15:00:00+05:30,65.2,64.87857142857143,65.77857142857144,-0.1,EOD-
S043,ASHOKLEY,2022-01-12 09:15:00+05:30,,,0,,1.1421,72.73,-0.6774,0,0.5309,0.0,2,0,1,0,2,3,2022-01-12 09:25:00+05:30,2022-01-12 09:30:00+05:30,2022-01-12 12:05:00+05:30,65.25,64.57142857142857,66.47142857142858,1.2214,W
S044,ASHOKLEY,2022-01-12 12:45:00+05:30,0.2563,0.3284,38,5.0,0.1195,100.0,-1.0,0,0.4668,,0,0,1,1,0,1,2022-01-12 12:45:00+05:30,2022-01-12 12:50:00+05:30,2022-01-12 14:55:00+05:30,66.35,65.98392857142856,67.00892857142857,0.6589,W
S045,ASHOKLEY,2022-01-12 12:55:00+05:30,0.2072,0.2828,0,,0.4725,0.0,0.4815,0,0.3301,,0,0,1,1,0,1,2022-01-12 12:55:00+05:30,2022-01-12 13:00:00+05:30,2022-01-12 14:55:00+05:30,66.4,66.04285714285714,67.04285714285714,0.6429,W
S046,ASHOKLEY,2022-01-12 13:20:00+05:30,0.1129,0.192,0,,0.95,50.0,-1.0,0,0.2016,0.0,3,0,1,0,3,4,2022-01-12 13:35:00+05:30,2022-01-12 13:40:00+05:30,2022-01-12 14:55:00+05:30,66.4,66.025,67.075,0.675,W
S047,ASHOKLEY,2022-01-12 13:45:00+05:30,-0.0038,0.0301,0,,0.2947,50.0,-1.0,0,0.4991,,0,1,1,1,0,1,2022-01-12 13:45:00+05:30,2022-01-12 13:50:00+05:30,2022-01-12 15:00:00+05:30,66.5,66.16071428571428,67.1107142857143,0.6107,W
S048,ASHOKLEY,2022-01-12 13:55:00+05:30,0.0113,0.0,1,1.0,0.6333,0.0,1.1053,0,1.322,,0,0,0,1,0,1,2022-01-12 13:55:00+05:30,2022-01-12 14:00:00+05:30,2022-01-12 15:00:00+05:30,66.55,66.175,67.22500000000001,0.5,EOD+
S049,ASHOKLEY,2022-01-12 14:05:00+05:30,-0.0075,0.0,1,1.0,0.2625,0.0,1.6667,0,0.7919,,0,0,1,1,0,1,2022-01-12 14:05:00+05:30,2022-01-12 14:10:00+05:30,2022-01-12 15:00:00+05:30,66.5,66.14285714285714,67.14285714285714,0.6429,W
S050,ASHOKLEY,2022-01-13 11:20:00+05:30,-0.3298,-0.3254,0,,1.414,0.0,-0.4059,0,0.269,0.0,3,0,1,0,3,4,2022-01-13 11:35:00+05:30,2022-01-13 11:40:00+05:30,2022-01-13 13:30:00+05:30,65.9,65.45357142857144,66.70357142857144,0.8036,W
S051,ASHOKLEY,2022-01-13 14:20:00+05:30,0.2287,0.2477,31,5.0,0.6263,0.0,0.1765,0,1.1481,,0,0,0,1,0,1,2022-01-13 14:20:00+05:30,2022-01-13 14:25:00+05:30,2022-01-13 15:00:00+05:30,66.7,66.3607142857143,67.31071428571428,-0.2,EOD-
S052,ASHOKLEY,2022-01-14 09:15:00+05:30,,,0,,3.1333,23.08,-0.4326,0,1.2501,0.0,1,0,0,0,1,2,2022-01-14 09:20:00+05:30,2022-01-14 09:25:00+05:30,2022-01-14 10:40:00+05:30,66.8,66.2375,67.8125,-0.5625,L
S053,ASHOKLEY,2022-01-14 09:50:00+05:30,0.0824,,5,3.0,0.0486,100.0,-1.0,0,0.338,0.0,1,0,1,0,1,2,2022-01-14 09:55:00+05:30,2022-01-14 10:00:00+05:30,2022-01-14 11:25:00+05:30,66.7,66.05714285714286,67.85714285714285,-0.6429,L
S054,ASHOKLEY,2022-01-14 11:35:00+05:30,-0.3013,-0.2782,0,,2.7462,100.0,-1.0,0,2.2181,1.0,3,0,0,0,3,4,2022-01-14 11:50:00+05:30,2022-01-14 11:55:00+05:30,2022-01-14 12:40:00+05:30,66.5,66.15178571428571,67.12678571428572,-0.3482,L
S055,ASHOKLEY,2022-01-14 12:00:00+05:30,-0.1282,-0.2299,0,,0.65,50.0,-0.4872,0,2.845,1.0,1,0,0,0,1,2,2022-01-14 12:05:00+05:30,2022-01-14 12:10:00+05:30,2022-01-14 15:00:00+05:30,66.3,65.925,66.975,0.2,EOD+
S056,ASHOKLEY,2022-01-14 12:20:00+05:30,-0.049,-0.1094,1,1.0,0.5022,50.0,0.2121,0,0.852,,0,0,0,1,0,1,2022-01-14 12:20:00+05:30,2022-01-14 12:25:00+05:30,2022-01-14 15:00:00+05:30,66.4,65.98928571428573,67.13928571428572,0.1,EOD+
S057,ASHOKLEY,2022-01-14 12:30:00+05:30,-0.0226,-0.0754,1,1.0,0.4319,25.0,0.3793,0,1.0166,,0,0,0,1,0,1,2022-01-14 12:30:00+05:30,2022-01-14 12:35:00+05:30,2022-01-14 15:00:00+05:30,66.3,65.88035714285714,67.05535714285713,0.2,EOD+
S058,ASHOKLEY,2022-01-14 12:40:00+05:30,-0.0453,-0.0377,0,,0.8896,0.0,-0.3443,0,0.2287,0.0,1,0,1,0,1,2,2022-01-14 12:45:00+05:30,2022-01-14 12:50:00+05:30,2022-01-14 15:00:00+05:30,66.3,65.87142857142857,67.07142857142857,0.2,EOD+
S059,ASHOKLEY,2022-01-14 12:55:00+05:30,-0.0264,-0.0453,0,,0.3348,50.0,-0.0909,0,1.7027,1.0,1,0,0,0,1,2,2022-01-14 13:00:00+05:30,2022-01-14 13:05:00+05:30,2022-01-14 15:00:00+05:30,66.35,65.93928571428572,67.08928571428571,0.15,EOD+
S060,ASHOKLEY,2022-01-14 13:15:00+05:30,0.0716,0.0,2,2.0,0.0,100.0,,1,0.3458,0.0,1,0,0,0,1,2,2022-01-14 13:20:00+05:30,2022-01-14 13:25:00+05:30,2022-01-14 15:00:00+05:30,66.4,66.07857142857144,66.97857142857144,0.1,EOD+
S061,ASHOKLEY,2022-01-14 13:30:00+05:30,0.0452,0.0716,0,,0.0194,50.0,-1.0,0,0.5287,1.0,1,1,1,0,1,2,2022-01-14 13:35:00+05:30,2022-01-14 13:40:00+05:30,2022-01-14 15:00:00+05:30,66.4,66.07857142857142,66.97857142857144,0.1,EOD+
S062,ASHOKLEY,2022-01-17 09:15:00+05:30,,,0,,1.4132,50.0,-0.6262,0,1.8506,,0,0,0,1,0,1,2022-01-17 09:15:00+05:30,2022-01-17 09:20:00+05:30,2022-01-17 09:35:00+05:30,66.6,66.1267857142857,67.45178571428572,0.8518,W
S063,ASHOKLEY,2022-01-17 10:25:00+05:30,0.5345,0.5882,13,4.0,0.0063,54.55,59.0,0,1.2589,,0,0,0,1,0,1,2022-01-17 10:25:00+05:30,2022-01-17 10:30:00+05:30,2022-01-17 12:10:00+05:30,67.5,66.50892857142857,69.28392857142858,-0.9911,L
S064,ASHOKLEY,2022-01-17 12:55:00+05:30,-0.1722,-0.2281,0,,0.9722,33.33,-0.7333,0,0.6258,0.0,3,0,0,0,3,4,2022-01-17 13:10:00+05:30,2022-01-17 13:15:00+05:30,2022-01-17 15:00:00+05:30,66.75,66.26785714285714,67.61785714285713,0.55,EOD+
S065,ASHOKLEY,2022-01-18 09:20:00+05:30,,,1,1.0,0.5,60.0,1.0,0,2.0999,,0,0,0,1,0,1,2022-01-18 09:20:00+05:30,2022-01-18 09:25:00+05:30,2022-01-18 09:35:00+05:30,67.3,66.79999999999998,68.20000000000002,-0.5,L
S066,ASHOKLEY,2022-01-18 11:35:00+05:30,-0.0525,-0.1348,0,,0.2139,0.0,-1.0,0,0.6979,1.0,3,0,1,0,3,4,2022-01-18 11:50:00+05:30,2022-01-18 11:55:00+05:30,2022-01-18 12:45:00+05:30,66.75,66.42857142857143,67.32857142857144,-0.3214,L
S067,ASHOKLEY,2022-01-18 12:00:00+05:30,-0.0225,-0.0637,1,1.0,0.1,33.33,3.0,0,0.891,,0,0,0,1,0,1,2022-01-18 12:00:00+05:30,2022-01-18 12:05:00+05:30,2022-01-18 13:25:00+05:30,66.7,66.3875,67.2625,-0.3125,L
S068,ASHOKLEY,2022-01-18 14:15:00+05:30,-0.1657,-0.207,0,,0.6509,33.33,-0.6226,0,2.3627,1.0,3,0,1,0,3,4,2022-01-18 14:30:00+05:30,2022-01-18 14:35:00+05:30,2022-01-18 14:50:00+05:30,66.45,65.94107142857143,67.36607142857143,-0.5089,L
S069,ASHOKLEY,2022-01-19 09:45:00+05:30,-0.8403,,0,,2.4208,100.0,-1.0,0,0.7562,0.0,3,0,1,0,3,4,2022-01-19 10:00:00+05:30,2022-01-19 10:05:00+05:30,2022-01-19 15:00:00+05:30,65.3,63.8,68.0,0.65,EOD+
S070,ASHOKLEY,2022-01-19 10:25:00+05:30,-0.3322,-0.4781,4,4.0,0.2618,71.43,-0.5918,0,0.3091,0.0,2,0,0,0,2,3,2022-01-19 10:35:00+05:30,2022-01-19 10:40:00+05:30,2022-01-19 15:00:00+05:30,64.7,63.53035714285714,66.80535714285716,1.25,EOD+
S071,ASHOKLEY,2022-01-19 10:55:00+05:30,-0.0464,-0.2165,2,2.0,0.0231,0.0,5.6667,0,0.2991,,0,0,1,1,0,1,2022-01-19 10:55:00+05:30,2022-01-19 11:00:00+05:30,2022-01-19 15:00:00+05:30,64.7,63.8875,66.16250000000002,1.25,EOD+
S072,ASHOKLEY,2022-01-19 11:05:00+05:30,0.0464,-0.1586,0,,0.3174,66.67,-1.0,0,0.4598,,0,0,0,1,0,1,2022-01-19 11:05:00+05:30,2022-01-19 11:10:00+05:30,2022-01-19 15:00:00+05:30,64.8,64.03214285714284,66.18214285714286,1.15,EOD+
S073,ASHOKLEY,2022-01-19 11:15:00+05:30,0.2431,0.0039,0,,0.6903,50.0,-0.4366,0,0.7603,1.0,2,0,0,0,2,3,2022-01-19 11:25:00+05:30,2022-01-19 11:30:00+05:30,2022-01-19 15:00:00+05:30,65.0,64.35714285714285,66.15714285714287,0.95,EOD+
S074,ASHOKLEY,2022-01-19 11:35:00+05:30,0.2312,0.2661,0,,0.3983,100.0,-1.0,0,0.5318,1.0,1,0,1,0,1,2,2022-01-19 11:40:00+05:30,2022-01-19 11:45:00+05:30,2022-01-19 14:30:00+05:30,64.85,64.33214285714284,65.78214285714287,0.9321,W
S075,ASHOKLEY,2022-01-19 12:30:00+05:30,0.1884,0.1732,8,6.0,0.3443,28.57,1.0,0,1.4019,,0,0,0,1,0,1,2022-01-19 12:30:00+05:30,2022-01-19 12:35:00+05:30,2022-01-19 14:30:00+05:30,65.0,64.45535714285714,65.98035714285714,0.9804,W
S076,ASHOKLEY,2022-01-19 12:50:00+05:30,0.0999,0.173,0,,1.1812,50.0,-0.8148,0,1.0445,1.0,3,0,0,0,3,4,2022-01-19 13:05:00+05:30,2022-01-19 13:10:00+05:30,2022-01-19 15:00:00+05:30,65.15,64.57857142857144,66.17857142857143,0.8,EOD+
S077,ASHOKLEY,2022-01-19 13:30:00+05:30,0.1151,0.0998,3,3.0,0.315,83.33,-1.0,0,0.6404,0.0,1,0,1,0,1,2,2022-01-19 13:35:00+05:30,2022-01-19 13:40:00+05:30,2022-01-19 15:00:00+05:30,65.35,64.81428571428572,66.3142857142857,0.6,EOD+
S078,ASHOKLEY,2022-01-20 11:50:00+05:30,-0.126,-0.063,0,,0.8978,50.0,-1.0,0,0.9361,1.0,3,0,0,0,3,4,2022-01-20 12:05:00+05:30,2022-01-20 12:10:00+05:30,2022-01-20 12:45:00+05:30,67.5,67.08928571428571,68.23928571428571,-0.4107,L
S079,ASHOKLEY,2022-01-20 12:15:00+05:30,-0.1634,-0.1446,0,,0.2763,0.0,-1.0,0,0.2292,0.0,1,0,1,0,1,2,2022-01-20 12:20:00+05:30,2022-01-20 12:25:00+05:30,2022-01-20 12:45:00+05:30,67.35,67.01071428571427,67.96071428571429,-0.3393,L
S080,ASHOKLEY,2022-01-20 12:30:00+05:30,-0.1449,-0.1634,0,,0.0184,50.0,-1.0,0,0.2197,0.0,1,0,1,0,1,2,2022-01-20 12:35:00+05:30,2022-01-20 12:40:00+05:30,2022-01-20 12:45:00+05:30,67.35,67.01071428571427,67.96071428571429,-0.3393,L
S081,ASHOKLEY,2022-01-21 09:15:00+05:30,,,0,,3.12,25.0,-0.2308,0,1.439,0.0,1,0,1,0,1,2,2022-01-21 09:20:00+05:30,2022-01-21 09:25:00+05:30,2022-01-21 13:55:00+05:30,67.0,66.375,68.12500000000001,-0.625,L
S082,ASHOKLEY,2022-01-21 09:30:00+05:30,,,0,,0.6607,66.67,-0.5238,0,2.2913,,0,0,0,1,0,1,2022-01-21 09:30:00+05:30,2022-01-21 09:35:00+05:30,2022-01-21 10:45:00+05:30,67.2,66.40535714285714,68.63035714285715,-0.7946,L
S083,ASHOKLEY,2022-01-21 09:50:00+05:30,0.112,,0,,0.9642,14.29,-0.1781,0,0.1777,0.0,3,0,1,0,3,4,2022-01-21 10:05:00+05:30,2022-01-21 10:10:00+05:30,2022-01-21 14:05:00+05:30,67.0,66.05357142857143,68.70357142857144,-0.9464,L
S084,ASHOKLEY,2022-01-21 10:55:00+05:30,-0.1682,-0.0896,0,,1.7797,100.0,-1.0,0,0.5987,1.0,3,0,0,0,3,4,2022-01-21 11:10:00+05:30,2022-01-21 11:15:00+05:30,2022-01-21 13:55:00+05:30,66.9,66.3732142857143,67.84821428571428,-0.5268,L
S085,ASHOKLEY,2022-01-21 11:20:00+05:30,-0.1085,-0.1234,0,,0.4948,25.0,-0.0244,0,0.2556,0.0,2,0,0,0,2,3,2022-01-21 11:30:00+05:30,2022-01-21 11:35:00+05:30,2022-01-21 14:05:00+05:30,66.8,66.28214285714286,67.73214285714285,-0.5179,L
S086,ASHOKLEY,2022-01-21 11:40:00+05:30,-0.0562,-0.1085,1,1.0,0.4571,0.0,0.25,0,0.2222,,0,0,1,1,0,1,2022-01-21 11:40:00+05:30,2022-01-21 11:45:00+05:30,2022-01-21 13:55:00+05:30,66.75,66.3125,67.5375,-0.4375,L
S087,ASHOKLEY,2022-01-21 12:00:00+05:30,-0.0524,-0.0487,2,2.0,0.0,0.0,,1,1.5929,,0,0,0,1,0,1,2022-01-21 12:00:00+05:30,2022-01-21 12:05:00+05:30,2022-01-21 13:55:00+05:30,66.8,66.46071428571429,67.41071428571428,-0.3393,L
S088,ASHOKLEY,2022-01-21 12:25:00+05:30,0.0487,-0.0225,4,3.0,0.7452,50.0,0.2121,0,10.4107,,0,0,0,1,0,1,2022-01-21 12:25:00+05:30,2022-01-21 12:30:00+05:30,2022-01-21 12:30:00+05:30,66.9,66.62321428571428,67.3982142857143,-0.2768,L
S089,ASHOKLEY,2022-01-21 12:50:00+05:30,-0.0112,0.0674,0,,1.3243,50.0,-1.0,0,0.1635,0.0,3,0,1,0,3,4,2022-01-21 13:05:00+05:30,2022-01-21 13:10:00+05:30,2022-01-21 13:55:00+05:30,66.8,66.46964285714284,67.39464285714288,-0.3304,L
S090,ASHOKLEY,2022-01-24 11:05:00+05:30,-0.9996,-1.3587,0,,0.8976,50.0,-0.8165,0,0.2706,0.0,3,0,1,0,3,4,2022-01-24 11:20:00+05:30,2022-01-24 11:25:00+05:30,2022-01-24 13:30:00+05:30,63.7,62.94107142857143,65.06607142857143,-0.7589,L
S091,ASHOKLEY,2022-01-24 11:50:00+05:30,-0.1731,-0.1296,0,,0.7115,0.0,-0.3548,0,0.783,0.0,3,0,1,0,3,4,2022-01-24 12:05:00+05:30,2022-01-24 12:10:00+05:30,2022-01-24 13:25:00+05:30,63.6,63.05535714285715,64.58035714285714,-0.5446,L
S092,ASHOKLEY,2022-01-24 12:20:00+05:30,0.0511,-0.1495,2,2.0,0.3557,0.0,1.5806,0,0.7703,,0,0,1,1,0,1,2022-01-24 12:20:00+05:30,2022-01-24 12:25:00+05:30,2022-01-24 12:45:00+05:30,63.7,63.15535714285715,64.68035714285715,-0.5446,L
S093,ASHOKLEY,2022-01-24 13:35:00+05:30,-0.1815,-0.201,0,,2.1,66.67,-1.0,0,0.5398,0.0,3,0,0,0,3,4,2022-01-24 13:50:00+05:30,2022-01-24 13:55:00+05:30,2022-01-24 15:00:00+05:30,63.5,63.080357142857146,64.25535714285714,0.4,EOD+
S094,ASHOKLEY,2022-01-25 11:10:00+05:30,-0.3409,-0.6607,0,,1.6685,50.0,-0.8851,0,0.273,1.0,3,0,1,0,3,4,2022-01-25 11:25:00+05:30,2022-01-25 11:30:00+05:30,2022-01-25 14:30:00+05:30,62.2,61.54821428571429,63.37321428571429,1.1732,W
S095,ASHOKLEY,2022-01-25 11:35:00+05:30,-0.3663,-0.2932,0,,0.5102,66.67,-0.0698,0,0.6159,0.0,1,0,1,0,1,2,2022-01-25 11:40:00+05:30,2022-01-25 11:45:00+05:30,2022-01-25 14:15:00+05:30,62.1,61.573214285714286,63.04821428571429,0.9482,W
S096,ASHOKLEY,2022-01-25 12:25:00+05:30,0.1569,0.0684,8,4.0,0.0298,0.0,9.0,0,0.4447,,0,0,1,1,0,1,2022-01-25 12:25:00+05:30,2022-01-25 12:30:00+05:30,2022-01-25 14:15:00+05:30,62.2,61.78035714285715,62.95535714285714,0.7554,W
S097,ASHOKLEY,2022-01-25 12:45:00+05:30,0.1527,0.1648,0,,1.4311,33.33,-0.5652,0,0.957,0.0,3,0,0,0,3,4,2022-01-25 13:00:00+05:30,2022-01-25 13:05:00+05:30,2022-01-25 14:15:00+05:30,62.4,61.99821428571428,63.12321428571428,0.7232,W
S098,ASHOKLEY,2022-01-25 13:20:00+05:30,0.0843,0.0602,3,3.0,0.2143,40.0,0.3333,0,1.4127,,0,0,0,1,0,1,2022-01-25 13:20:00+05:30,2022-01-25 13:25:00+05:30,2022-01-25 14:20:00+05:30,62.4,61.9625,63.1875,0.7875,W
S099,ASHOKLEY,2022-01-25 13:30:00+05:30,0.0361,0.0602,0,,0.182,0.0,2.0769,0,0.5525,,0,0,0,1,0,1,2022-01-25 13:30:00+05:30,2022-01-25 13:35:00+05:30,2022-01-25 14:20:00+05:30,62.35,61.90357142857143,63.15357142857143,0.8036,W
S100,ASHOKLEY,2022-01-27 12:45:00+05:30,-0.2587,-0.3321,0,,1.1667,66.67,-1.0,0,1.1649,1.0,3,1,0,0,3,4,2022-01-27 13:00:00+05:30,2022-01-27 13:05:00+05:30,2022-01-27 13:50:00+05:30,61.05,60.64821428571428,61.77321428571428,0.7232,W
S101,ASHOKLEY,2022-01-28 10:35:00+05:30,0.5058,0.6712,16,10.0,0.5979,72.73,-0.7561,0,0.3283,0.0,1,1,1,0,1,2,2022-01-28 10:40:00+05:30,2022-01-28 10:45:00+05:30,2022-01-28 13:45:00+05:30,64.6,63.74285714285713,66.14285714285714,-0.8571,L
S102,ASHOKLEY,2022-01-28 11:05:00+05:30,0.4487,0.589,4,2.0,0.4301,33.33,0.5686,0,0.9443,,0,0,0,1,0,1,2022-01-28 11:05:00+05:30,2022-01-28 11:10:00+05:30,2022-01-28 13:40:00+05:30,64.7,63.95892857142857,66.03392857142858,-0.7411,L
S103,ASHOKLEY,2022-01-28 11:15:00+05:30,0.1934,0.5533,0,,1.1282,16.67,-0.854,0,0.3528,0.0,2,0,1,0,2,3,2022-01-28 11:25:00+05:30,2022-01-28 11:30:00+05:30,2022-01-28 13:40:00+05:30,64.75,63.99107142857143,66.11607142857143,-0.7589,L
S104,ASHOKLEY,2022-01-28 11:35:00+05:30,-0.031,0.1199,1,1.0,0.0449,0.0,7.0,0,0.741,,0,0,1,1,0,1,2022-01-28 11:35:00+05:30,2022-01-28 11:40:00+05:30,2022-01-28 13:40:00+05:30,64.7,64.00357142857143,65.95357142857144,-0.6964,L
S105,ASHOKLEY,2022-01-31 11:00:00+05:30,0.0196,0.2233,0,,2.8404,33.33,-0.9052,0,0.5845,0.0,3,0,0,0,3,4,2022-01-31 11:15:00+05:30,2022-01-31 11:20:00+05:30,2022-01-31 15:00:00+05:30,63.7,63.235714285714295,64.53571428571428,0.4,EOD+
S106,ASHOKLEY,2022-01-31 11:25:00+05:30,-0.1374,-0.098,0,,0.2036,33.33,0.25,0,0.5333,,0,0,0,1,0,1,2022-01-31 11:25:00+05:30,2022-01-31 11:30:00+05:30,2022-01-31 15:00:00+05:30,63.75,63.25892857142857,64.63392857142857,0.35,EOD+
S107,ASHOKLEY,2022-01-31 12:00:00+05:30,-0.0314,-0.0825,6,2.0,0.0,40.0,,1,0.4206,,0,0,0,1,0,1,2022-01-31 12:00:00+05:30,2022-01-31 12:05:00+05:30,2022-01-31 15:00:00+05:30,63.7,63.2625,64.4875,0.4,EOD+
S108,ASHOKLEY,2022-01-31 12:10:00+05:30,0.0,-0.0393,0,,0.0286,66.67,9.0,0,0.2188,,0,0,1,1,0,1,2022-01-31 12:10:00+05:30,2022-01-31 12:15:00+05:30,2022-01-31 15:00:00+05:30,63.8,63.3625,64.58749999999999,0.3,EOD+
S109,ASHOKLEY,2022-01-31 12:40:00+05:30,0.1098,0.0981,0,,2.322,0.0,-0.7059,0,0.8847,1.0,3,0,1,0,3,4,2022-01-31 12:55:00+05:30,2022-01-31 13:00:00+05:30,2022-01-31 15:00:00+05:30,63.75,63.38392857142857,64.40892857142858,0.35,EOD+
S110,ASHOKLEY,2022-01-31 13:55:00+05:30,0.1174,0.1174,11,8.0,0.0159,0.0,39.0,0,0.5102,,0,0,0,1,0,1,2022-01-31 13:55:00+05:30,2022-01-31 14:00:00+05:30,2022-01-31 15:00:00+05:30,64.0,63.60714285714285,64.70714285714286,0.1,EOD+
S111,ASHOKLEY,2022-01-31 14:20:00+05:30,0.1601,0.086,4,1.0,0.3949,66.67,-0.0909,0,1.3233,1.0,1,0,0,0,1,2,2022-01-31 14:25:00+05:30,2022-01-31 14:30:00+05:30,2022-01-31 15:00:00+05:30,64.1,63.7517857142857,64.72678571428571,-0.3482,L
S112,ASHOKLEY,2022-02-01 11:35:00+05:30,-0.1719,-0.2515,0,,3.7227,28.57,-0.5726,0,0.7319,0.0,3,0,1,0,3,4,2022-02-01 11:50:00+05:30,2022-02-01 11:55:00+05:30,2022-02-01 12:30:00+05:30,62.5,62.10714285714286,63.207142857142856,-0.3929,L
S113,ASHOKLEY,2022-02-01 12:20:00+05:30,-0.0601,-0.0881,0,,0.7146,0.0,-1.0,0,0.7327,1.0,3,0,1,0,3,4,2022-02-01 12:35:00+05:30,2022-02-01 12:40:00+05:30,2022-02-01 13:00:00+05:30,62.35,61.92142857142858,63.12142857142857,-0.4286,L
S114,ASHOKLEY,2022-02-01 13:10:00+05:30,-0.1123,-0.016,0,,3.0439,60.0,-0.8606,0,1.3595,0.0,3,0,0,0,3,4,2022-02-01 13:25:00+05:30,2022-02-01 13:30:00+05:30,2022-02-01 15:00:00+05:30,62.3,61.71071428571428,63.360714285714295,0.2,EOD+
S115,ASHOKLEY,2022-02-01 14:05:00+05:30,0.0361,0.012,6,5.0,0.0,0.0,,1,0.5322,,0,0,0,1,0,1,2022-02-01 14:05:00+05:30,2022-02-01 14:10:00+05:30,2022-02-01 15:00:00+05:30,62.4,61.74821428571428,63.57321428571429,0.1,EOD+
S116,ASHOKLEY,2022-02-02 10:30:00+05:30,0.4663,0.452,15,14.0,0.0219,0.0,19.0,0,0.132,,0,0,1,1,0,1,2022-02-02 10:30:00+05:30,2022-02-02 10:35:00+05:30,2022-02-02 15:00:00+05:30,63.9,63.32857142857143,64.92857142857142,0.5,EOD+
S117,ASHOKLEY,2022-02-02 11:15:00+05:30,-0.2547,0.0157,0,,2.0,80.0,-0.8571,0,0.6051,0.0,3,0,1,0,3,4,2022-02-02 11:30:00+05:30,2022-02-02 11:35:00+05:30,2022-02-02 15:00:00+05:30,63.8,63.3625,64.58749999999999,0.6,EOD+
S118,ASHOKLEY,2022-02-02 11:50:00+05:30,-0.0588,-0.1177,2,1.0,0.1591,33.33,1.0,0,0.849,,0,0,0,1,0,1,2022-02-02 11:50:00+05:30,2022-02-02 11:55:00+05:30,2022-02-02 14:30:00+05:30,63.75,63.35714285714286,64.45714285714286,0.7071,W
S119,ASHOKLEY,2022-02-02 12:00:00+05:30,-0.0432,-0.0863,0,,0.6848,75.0,-1.0,0,8.203,1.0,2,0,0,0,2,3,2022-02-02 12:10:00+05:30,2022-02-02 12:15:00+05:30,2022-02-02 15:00:00+05:30,63.9,63.48928571428572,64.6392857142857,0.5,EOD+
S120,ASHOKLEY,2022-02-02 12:50:00+05:30,0.1136,0.1489,7,6.0,0.2188,50.0,0.3333,0,0.5629,,0,0,0,1,0,1,2022-02-02 12:50:00+05:30,2022-02-02 12:55:00+05:30,2022-02-02 15:00:00+05:30,63.85,63.42142857142858,64.62142857142857,0.55,EOD+
S121,ASHOKLEY,2022-02-02 13:00:00+05:30,0.0979,0.1019,1,1.0,0.0457,50.0,-1.0,0,0.3136,0.0,3,0,0,0,3,4,2022-02-02 13:15:00+05:30,2022-02-02 13:20:00+05:30,2022-02-02 15:00:00+05:30,63.9,63.489285714285714,64.6392857142857,0.5,EOD+
S122,ASHOKLEY,2022-02-02 13:30:00+05:30,0.0235,0.0548,0,,0.5293,0.0,-1.0,0,1.3445,1.0,3,1,0,0,3,4,2022-02-02 13:45:00+05:30,2022-02-02 13:50:00+05:30,2022-02-02 14:10:00+05:30,64.05,63.683928571428574,64.70892857142857,-0.3661,L
S123,ASHOKLEY,2022-02-02 14:05:00+05:30,0.0,0.0548,3,3.0,1.1511,50.0,-0.7297,0,2.8785,1.0,1,1,0,0,1,2,2022-02-02 14:10:00+05:30,2022-02-02 14:15:00+05:30,2022-02-02 15:00:00+05:30,64.05,63.64821428571429,64.77321428571427,0.35,EOD+
S124,ASHOKLEY,2022-02-03 09:15:00+05:30,,,0,,1.486,0.0,0.6529,0,0.9965,,0,0,1,1,0,1,2022-02-03 09:15:00+05:30,2022-02-03 09:20:00+05:30,2022-02-03 09:45:00+05:30,64.5,63.99107142857142,65.41607142857144,0.9161,W
S125,ASHOKLEY,2022-02-03 12:50:00+05:30,-0.1781,-0.0378,0,,2.4818,50.0,-1.0,0,1.8356,1.0,3,0,0,0,3,4,2022-02-03 13:05:00+05:30,2022-02-03 13:10:00+05:30,2022-02-03 14:40:00+05:30,66.05,65.65714285714286,66.75714285714285,-0.3929,L
S126,ASHOKLEY,2022-02-04 09:15:00+05:30,,,0,,1.9542,18.18,-0.1045,0,6.3178,,0,0,0,1,0,1,2022-02-04 09:15:00+05:30,2022-02-04 09:20:00+05:30,2022-02-04 09:50:00+05:30,65.8,65.37142857142857,66.57142857142856,0.7714,W
S127,ASHOKLEY,2022-02-04 09:25:00+05:30,,,0,,0.9172,0.0,-0.4737,0,1.1682,1.0,1,1,0,0,1,2,2022-02-04 09:30:00+05:30,2022-02-04 09:35:00+05:30,2022-02-04 10:30:00+05:30,65.8,65.28214285714286,66.73214285714285,0.9321,W
S128,ASHOKLEY,2022-02-04 12:45:00+05:30,-0.3157,-0.4252,0,,0.9642,33.33,-0.726,0,0.6047,0.0,3,0,0,0,3,4,2022-02-04 13:00:00+05:30,2022-02-04 13:05:00+05:30,2022-02-04 15:00:00+05:30,65.7,65.22678571428571,66.55178571428573,-0.1,EOD-
S129,ASHOKLEY,2022-02-04 13:10:00+05:30,-0.202,-0.2856,0,,0.5714,50.0,-1.0,0,0.7322,1.0,2,0,0,0,2,3,2022-02-04 13:20:00+05:30,2022-02-04 13:25:00+05:30,2022-02-04 15:00:00+05:30,65.6,65.1625,66.38749999999999,0.0,EOD-
S130,ASHOKLEY,2022-02-04 13:30:00+05:30,-0.061,-0.1601,0,,0.7,0.0,0.1538,0,0.4674,,0,0,0,1,0,1,2022-02-04 13:30:00+05:30,2022-02-04 13:35:00+05:30,2022-02-04 15:00:00+05:30,65.6,65.13571428571429,66.43571428571428,0.0,EOD-
S131,ASHOKLEY,2022-02-04 13:40:00+05:30,-0.0152,-0.08,0,,0.4766,50.0,-0.375,0,0.7279,1.0,1,0,0,0,1,2,2022-02-04 13:45:00+05:30,2022-02-04 13:50:00+05:30,2022-02-04 15:00:00+05:30,65.65,65.23035714285716,66.40535714285714,-0.05,EOD-
S132,ASHOKLEY,2022-02-04 14:10:00+05:30,0.0419,0.0191,4,3.0,0.0718,25.0,9.0,0,2.9697,,0,0,0,1,0,1,2022-02-04 14:10:00+05:30,2022-02-04 14:15:00+05:30,2022-02-04 14:40:00+05:30,65.7,65.35178571428573,66.32678571428572,-0.3482,L
S133,ASHOKLEY,2022-02-07 09:15:00+05:30,,,0,,2.1,50.0,-0.2381,0,2.239,,0,1,0,1,0,1,2022-02-07 09:15:00+05:30,2022-02-07 09:20:00+05:30,2022-02-07 09:35:00+05:30,66.1,65.475,67.225,-0.625,L
S134,ASHOKLEY,2022-02-07 09:25:00+05:30,,,1,1.0,0.4866,10.0,1.4561,0,1.6311,,0,0,0,1,0,1,2022-02-07 09:25:00+05:30,2022-02-07 09:30:00+05:30,2022-02-07 09:55:00+05:30,65.9,65.16785714285714,67.21785714285714,-0.7321,L
S135,ASHOKLEY,2022-02-07 09:35:00+05:30,,,1,1.0,0.586,57.14,-0.7222,0,0.6276,0.0,2,0,0,0,2,3,2022-02-07 09:45:00+05:30,2022-02-07 09:50:00+05:30,2022-02-07 10:00:00+05:30,65.7,64.93214285714286,67.08214285714286,-0.7679,L
S136,ASHOKLEY,2022-02-07 10:50:00+05:30,-0.1261,-0.1604,0,,0.5031,50.0,-1.0,0,0.8758,1.0,3,0,0,0,3,4,2022-02-07 11:05:00+05:30,2022-02-07 11:10:00+05:30,2022-02-07 15:00:00+05:30,65.3,64.72857142857143,66.32857142857142,0.05,EOD+
S137,ASHOKLEY,2022-02-07 11:15:00+05:30,-0.1761,-0.153,0,,0.0,100.0,,1,0.192,,0,0,1,1,0,1,2022-02-07 11:15:00+05:30,2022-02-07 11:20:00+05:30,2022-02-07 12:15:00+05:30,65.4,64.9625,66.18750000000001,0.7875,W
S138,ASHOKLEY,2022-02-07 12:50:00+05:30,0.2431,0.27,17,7.0,0.1254,75.0,0.6667,0,0.2255,,0,0,1,1,0,1,2022-02-07 12:50:00+05:30,2022-02-07 12:55:00+05:30,2022-02-07 14:45:00+05:30,65.85,65.25178571428572,66.9267857142857,-0.5982,L
S139,ASHOKLEY,2022-02-07 13:00:00+05:30,0.205,0.2508,0,,0.2821,0.0,0.4815,0,0.3157,,0,0,0,1,0,1,2022-02-07 13:00:00+05:30,2022-02-07 13:05:00+05:30,2022-02-07 14:45:00+05:30,65.9,65.30178571428571,66.97678571428573,-0.5982,L
S140,ASHOKLEY,2022-02-07 13:10:00+05:30,0.1063,0.2278,0,,0.3274,0.0,-1.0,0,0.3577,1.0,2,0,0,0,2,3,2022-02-07 13:20:00+05:30,2022-02-07 13:25:00+05:30,2022-02-07 14:45:00+05:30,65.9,65.34642857142858,66.89642857142859,-0.5536,L
S141,ASHOKLEY,2022-02-08 09:15:00+05:30,,,0,,0.0614,28.57,11.0,0,1.5468,,0,0,0,1,0,1,2022-02-08 09:15:00+05:30,2022-02-08 09:20:00+05:30,2022-02-08 10:25:00+05:30,65.7,65.19107142857143,66.61607142857143,-0.5089,L
S142,ASHOKLEY,2022-02-08 10:00:00+05:30,0.0915,0.103,8,6.0,0.0789,66.67,1.5,0,0.5781,,0,0,0,1,0,1,2022-02-08 10:00:00+05:30,2022-02-08 10:05:00+05:30,2022-02-08 10:30:00+05:30,65.7,65.06607142857143,66.84107142857144,-0.6339,L
S143,ASHOKLEY,2022-02-08 11:35:00+05:30,-0.4777,-0.4802,0,,1.2174,50.0,-1.0,0,1.0509,1.0,3,0,0,0,3,4,2022-02-08 11:50:00+05:30,2022-02-08 11:55:00+05:30,2022-02-08 15:00:00+05:30,64.8,64.18392857142857,65.90892857142858,0.1,EOD+
S144,ASHOKLEY,2022-02-08 12:00:00+05:30,-0.2859,-0.4089,2,2.0,0.3434,0.0,1.3077,0,0.6016,,0,0,0,1,0,1,2022-02-08 12:00:00+05:30,2022-02-08 12:05:00+05:30,2022-02-08 14:45:00+05:30,64.8,64.3267857142857,65.65178571428571,-0.4732,L
S145,ASHOKLEY,2022-02-08 12:10:00+05:30,-0.201,-0.3244,1,1.0,0.4103,85.71,-1.0,0,0.7267,1.0,1,0,0,0,1,2,2022-02-08 12:15:00+05:30,2022-02-08 12:20:00+05:30,2022-02-08 14:45:00+05:30,64.85,64.33214285714286,65.78214285714286,-0.5179,L
S146,ASHOKLEY,2022-02-08 13:00:00+05:30,0.1773,0.1582,8,1.0,0.3138,50.0,1.3077,0,2.2128,,0,0,1,1,0,1,2022-02-08 13:00:00+05:30,2022-02-08 13:05:00+05:30,2022-02-08 14:25:00+05:30,64.95,64.43214285714286,65.88214285714287,-0.5179,L
S147,ASHOKLEY,2022-02-08 13:10:00+05:30,0.1695,0.1619,1,1.0,0.4493,85.71,-0.5349,0,1.4281,0.0,1,0,1,0,1,2,2022-02-08 13:15:00+05:30,2022-02-08 13:20:00+05:30,2022-02-08 14:25:00+05:30,65.05,64.4517857142857,66.12678571428572,-0.5982,L
S148,ASHOKLEY,2022-02-08 13:25:00+05:30,0.1309,0.1695,0,,0.4118,60.0,0.0,0,1.2274,0.0,1,1,0,0,1,2,2022-02-08 13:30:00+05:30,2022-02-08 13:35:00+05:30,2022-02-08 14:15:00+05:30,65.35,64.74285714285713,66.44285714285714,-0.6071,L
S149,ASHOKLEY,2022-02-08 13:55:00+05:30,0.1997,0.1615,4,4.0,0.0177,50.0,19.0,0,0.1387,,0,0,1,1,0,1,2022-02-08 13:55:00+05:30,2022-02-08 14:00:00+05:30,2022-02-08 14:25:00+05:30,65.15,64.44464285714285,66.41964285714288,-0.7054,L
S150,ASHOKLEY,2022-02-09 10:50:00+05:30,0.4572,0.4355,19,13.0,0.45,50.0,-1.0,0,0.1174,0.0,2,0,0,0,2,3,2022-02-09 11:00:00+05:30,2022-02-09 11:05:00+05:30,2022-02-09 15:00:00+05:30,65.7,65.075,66.82500000000002,0.6,EOD+
S151,ASHOKLEY,2022-02-09 12:00:00+05:30,0.1403,0.1973,10,9.0,0.151,50.0,0.8182,0,0.1141,,0,1,1,1,0,1,2022-02-09 12:00:00+05:30,2022-02-09 12:05:00+05:30,2022-02-09 15:00:00+05:30,66.0,65.54464285714286,66.81964285714287,0.3,EOD+
S152,ASHOKLEY,2022-02-09 12:10:00+05:30,0.0796,0.1707,0,,0.2286,50.0,0.25,0,0.1615,,0,0,0,1,0,1,2022-02-09 12:10:00+05:30,2022-02-09 12:15:00+05:30,2022-02-09 15:00:00+05:30,65.95,65.5125,66.7375,0.35,EOD+
S153,ASHOKLEY,2022-02-09 12:25:00+05:30,0.0758,0.0796,0,,1.1516,0.0,-0.6078,0,0.6595,1.0,3,0,0,0,3,4,2022-02-09 12:40:00+05:30,2022-02-09 12:45:00+05:30,2022-02-09 13:10:00+05:30,66.1,65.82321428571429,66.59821428571428,-0.2768,L
S154,ASHOKLEY,2022-02-09 12:50:00+05:30,0.106,0.1174,1,1.0,1.4368,66.67,-0.4872,0,0.5294,1.0,1,0,1,0,1,2,2022-02-09 12:55:00+05:30,2022-02-09 13:00:00+05:30,2022-02-09 13:10:00+05:30,66.05,65.88035714285714,66.35535714285713,-0.1696,L
S155,ASHOKLEY,2022-02-09 13:05:00+05:30,-0.0379,0.106,1,1.0,1.3125,50.0,-0.1111,0,5.2769,1.0,2,0,0,0,2,3,2022-02-09 13:15:00+05:30,2022-02-09 13:20:00+05:30,2022-02-09 15:00:00+05:30,66.1,65.88571428571429,66.48571428571427,0.2,EOD+
S156,ASHOKLEY,2022-02-09 13:45:00+05:30,0.0568,0.0076,4,3.0,0.2333,0.0,1.6667,0,0.2569,,0,0,1,1,0,1,2022-02-09 13:45:00+05:30,2022-02-09 13:50:00+05:30,2022-02-09 15:00:00+05:30,66.1,65.69821428571427,66.82321428571429,0.2,EOD+
S157,ASHOKLEY,2022-02-10 09:30:00+05:30,,,3,3.0,0.1719,0.0,1.8571,0,0.6658,,0,0,1,1,0,1,2022-02-10 09:30:00+05:30,2022-02-10 09:35:00+05:30,2022-02-10 13:25:00+05:30,66.3,65.79107142857143,67.21607142857144,-0.5089,L
S158,ASHOKLEY,2022-02-10 09:40:00+05:30,0.1094,,0,,0.7233,0.0,-0.3548,0,0.5151,1.0,1,0,0,0,1,2,2022-02-10 09:45:00+05:30,2022-02-10 09:50:00+05:30,2022-02-10 13:25:00+05:30,66.3,65.7642857142857,67.26428571428572,-0.5357,L
S159,ASHOKLEY,2022-02-10 09:55:00+05:30,0.0792,0.1094,0,,1.2197,100.0,-1.0,0,0.4775,0.0,2,0,0,0,2,3,2022-02-10 10:05:00+05:30,2022-02-10 10:10:00+05:30,2022-02-10 13:25:00+05:30,66.35,65.76071428571427,67.41071428571428,-0.5893,L
S160,ASHOKLEY,2022-02-10 10:15:00+05:30,0.0339,0.0679,0,,0.6493,80.0,-0.6875,0,0.3924,1.0,1,0,0,0,1,2,2022-02-10 10:20:00+05:30,2022-02-10 10:25:00+05:30,2022-02-10 13:25:00+05:30,66.35,65.73392857142856,67.45892857142857,-0.6161,L
S161,ASHOKLEY,2022-02-10 10:30:00+05:30,0.0452,0.0339,0,,0.3839,66.67,-0.4118,0,0.3727,,0,0,0,1,0,1,2022-02-10 10:30:00+05:30,2022-02-10 10:35:00+05:30,2022-02-10 13:20:00+05:30,66.4,65.84642857142858,67.39642857142859,-0.5536,L
S162,ASHOKLEY,2022-02-10 11:30:00+05:30,-0.0453,-0.083,0,,1.6333,50.0,-0.5604,0,0.9311,0.0,3,0,0,0,3,4,2022-02-10 11:45:00+05:30,2022-02-10 11:50:00+05:30,2022-02-10 13:20:00+05:30,66.25,65.9017857142857,66.87678571428575,-0.3482,L
S163,ASHOKLEY,2022-02-10 12:20:00+05:30,-0.0869,-0.0453,0,,0.92,0.0,-0.5652,0,0.3713,1.0,3,0,0,0,3,4,2022-02-10 12:35:00+05:30,2022-02-10 12:40:00+05:30,2022-02-10 13:20:00+05:30,66.2,65.8875,66.76250000000002,-0.3125,L
S164,ASHOKLEY,2022-02-10 12:50:00+05:30,0.0076,-0.0642,2,2.0,1.2542,0.0,0.3953,0,2.0163,,0,0,0,1,0,1,2022-02-10 12:50:00+05:30,2022-02-10 12:55:00+05:30,2022-02-10 13:20:00+05:30,66.2,65.9857142857143,66.58571428571429,-0.2143,L
S165,ASHOKLEY,2022-02-10 13:30:00+05:30,-0.0983,-0.0151,0,,1.98,33.33,-1.0,0,0.4671,0.0,3,0,0,0,3,4,2022-02-10 13:45:00+05:30,2022-02-10 13:50:00+05:30,2022-02-10 14:50:00+05:30,66.05,65.73749999999998,66.61250000000001,-0.3125,L
S166,ASHOKLEY,2022-02-10 14:00:00+05:30,-0.0454,-0.0832,0,,1.1919,0.0,-0.3651,0,0.2476,0.0,3,0,1,0,3,4,2022-02-10 14:15:00+05:30,2022-02-10 14:20:00+05:30,2022-02-10 14:50:00+05:30,66.05,65.71964285714286,66.64464285714286,-0.3304,L
S167,ASHOKLEY,2022-02-11 11:30:00+05:30,-0.2646,-0.4003,0,,1.4292,75.0,-0.7959,0,0.1609,0.0,3,0,1,0,3,4,2022-02-11 11:45:00+05:30,2022-02-11 11:50:00+05:30,2022-02-11 14:50:00+05:30,64.2,63.771428571428565,64.97142857142859,-0.4286,L
S168,ASHOKLEY,2022-02-11 12:25:00+05:30,-0.0663,-0.117,0,,0.0618,0.0,-1.0,0,0.466,0.0,3,1,1,0,3,4,2022-02-11 12:40:00+05:30,2022-02-11 12:45:00+05:30,2022-02-11 13:30:00+05:30,64.2,63.89642857142857,64.74642857142858,-0.3036,L
S169,ASHOKLEY,2022-02-11 13:05:00+05:30,0.0234,0.0117,4,4.0,0.25,33.33,3.0,0,3.0156,,0,0,0,1,0,1,2022-02-11 13:05:00+05:30,2022-02-11 13:10:00+05:30,2022-02-11 13:25:00+05:30,64.2,63.95,64.65,-0.25,L
S170,ASHOKLEY,2022-02-11 13:20:00+05:30,0.0156,0.0234,0,,1.19,50.0,-0.6078,0,0.7074,1.0,3,1,1,0,3,4,2022-02-11 13:35:00+05:30,2022-02-11 13:40:00+05:30,2022-02-11 13:45:00+05:30,64.2,63.93214285714286,64.68214285714286,0.4821,W
S171,ASHOKLEY,2022-02-14 10:40:00+05:30,-1.4471,-1.5127,0,,0.6451,0.0,-0.7872,0,0.8894,1.0,3,0,0,0,3,4,2022-02-14 10:55:00+05:30,2022-02-14 11:00:00+05:30,2022-02-14 13:05:00+05:30,61.0,60.08928571428572,62.639285714285705,-0.9107,L
S172,ASHOKLEY,2022-02-14 11:25:00+05:30,0.0165,-0.3671,5,5.0,0.1806,50.0,1.5,0,0.2793,,0,0,1,1,0,1,2022-02-14 11:25:00+05:30,2022-02-14 11:30:00+05:30,2022-02-14 12:40:00+05:30,60.7,60.14642857142858,61.69642857142856,-0.5536,L
S173,ASHOKLEY,2022-02-14 11:40:00+05:30,0.0907,0.0165,1,1.0,0.2525,100.0,-1.0,0,0.5213,1.0,1,0,0,0,1,2,2022-02-14 11:45:00+05:30,2022-02-14 11:50:00+05:30,2022-02-14 12:35:00+05:30,60.7,60.15535714285715,61.68035714285714,-0.5446,L
S174,ASHOKLEY,2022-02-14 11:55:00+05:30,0.0988,0.0907,1,1.0,0.0845,100.0,-1.0,0,0.1577,,0,0,1,1,0,1,2022-02-14 11:55:00+05:30,2022-02-14 12:00:00+05:30,2022-02-14 12:35:00+05:30,60.75,60.23214285714286,61.68214285714285,-0.5179,L
S175,ASHOKLEY,2022-02-14 12:10:00+05:30,0.1235,0.0988,0,,1.4292,50.0,-0.7959,0,0.827,0.0,3,0,1,0,3,4,2022-02-14 12:25:00+05:30,2022-02-14 12:30:00+05:30,2022-02-14 12:35:00+05:30,60.75,60.32142857142858,61.521428571428565,-0.4286,L
S176,ASHOKLEY,2022-02-15 10:05:00+05:30,-0.0758,-0.0505,0,,1.3235,40.0,-0.8222,0,0.3022,1.0,3,0,1,0,3,4,2022-02-15 10:20:00+05:30,2022-02-15 10:25:00+05:30,2022-02-15 13:50:00+05:30,59.4,58.3375,61.31249999999999,1.9125,W
S177,ASHOKLEY,2022-02-15 10:35:00+05:30,-0.1519,-0.1855,2,2.0,0.1511,0.0,3.2105,0,0.3238,,0,0,1,1,0,1,2022-02-15 10:35:00+05:30,2022-02-15 10:40:00+05:30,2022-02-15 11:30:00+05:30,59.4,58.614285714285714,60.81428571428571,1.4143,W
S178,ASHOKLEY,2022-02-15 12:45:00+05:30,0.0989,0.3506,0,,1.9889,80.0,-0.8883,0,0.616,0.0,3,0,0,0,3,4,2022-02-15 13:00:00+05:30,2022-02-15 13:05:00+05:30,2022-02-15 13:25:00+05:30,60.8,60.2375,61.81249999999999,-0.5625,L
S179,ASHOKLEY,2022-02-15 13:10:00+05:30,0.0288,0.0989,0,,0.2889,0.0,0.5385,0,0.4294,,0,0,1,1,0,1,2022-02-15 13:10:00+05:30,2022-02-15 13:15:00+05:30,2022-02-15 14:55:00+05:30,60.7,60.13750000000001,61.71249999999999,1.0125,W
S180,ASHOKLEY,2022-02-15 13:20:00+05:30,-0.0453,0.0536,0,,1.6507,75.0,-0.8734,0,0.9061,0.0,3,0,0,0,3,4,2022-02-15 13:35:00+05:30,2022-02-15 13:40:00+05:30,2022-02-15 14:45:00+05:30,60.6,60.00178571428573,61.67678571428571,1.0768,W
S181,ASHOKLEY,2022-02-16 11:05:00+05:30,-0.268,-0.1216,0,,2.5356,40.0,-0.8773,0,5.3842,1.0,3,0,1,0,3,4,2022-02-16 11:20:00+05:30,2022-02-16 11:25:00+05:30,2022-02-16 15:00:00+05:30,61.5,61.098214285714285,62.22321428571429,0.15,EOD+
S182,ASHOKLEY,2022-02-16 11:30:00+05:30,-0.1546,-0.2805,0,,0.875,28.57,-0.3846,0,2.8846,,0,0,0,1,0,1,2022-02-16 11:30:00+05:30,2022-02-16 11:35:00+05:30,2022-02-16 15:00:00+05:30,61.5,61.035714285714285,62.33571428571429,0.15,EOD+
S183,ASHOKLEY,2022-02-16 11:55:00+05:30,-0.1099,-0.1302,0,,0.475,0.0,-0.4737,0,0.1179,0.0,3,0,1,0,3,4,2022-02-16 12:10:00+05:30,2022-02-16 12:15:00+05:30,2022-02-16 15:00:00+05:30,61.4,60.9,62.3,0.25,EOD+
S184,ASHOKLEY,2022-02-16 13:55:00+05:30,0.2265,0.243,20,1.0,0.1,60.0,2.3333,0,0.6072,,0,0,1,1,0,1,2022-02-16 13:55:00+05:30,2022-02-16 14:00:00+05:30,2022-02-16 14:45:00+05:30,61.85,61.475,62.525000000000006,-0.375,L
S185,ASHOKLEY,2022-02-16 14:05:00+05:30,0.1779,0.2387,0,,1.015,66.67,-1.0,0,7.1874,1.0,2,0,0,0,2,3,2022-02-16 14:15:00+05:30,2022-02-16 14:20:00+05:30,2022-02-16 14:45:00+05:30,61.95,61.59285714285715,62.59285714285715,-0.3571,L
S186,ASHOKLEY,2022-02-16 14:25:00+05:30,0.0404,0.1415,0,,0.6,0.0,-0.5238,0,0.3963,0.0,1,1,1,0,1,2,2022-02-16 14:30:00+05:30,2022-02-16 14:35:00+05:30,2022-02-16 14:45:00+05:30,61.95,61.5125,62.7375,-0.4375,L
S187,ASHOKLEY,2022-02-17 10:40:00+05:30,-0.3471,-0.2608,0,,1.4328,100.0,-1.0,0,0.4895,1.0,3,0,1,0,3,4,2022-02-17 10:55:00+05:30,2022-02-17 11:00:00+05:30,2022-02-17 12:55:00+05:30,61.2,60.62857142857143,62.22857142857144,-0.5714,L
S188,ASHOKLEY,2022-02-17 11:05:00+05:30,-0.2702,-0.2615,0,,0.0761,0.0,3.0,0,0.3476,,0,0,1,1,0,1,2022-02-17 11:05:00+05:30,2022-02-17 11:10:00+05:30,2022-02-17 12:55:00+05:30,61.1,60.68928571428571,61.83928571428572,-0.4107,L
S189,ASHOKLEY,2022-02-17 11:15:00+05:30,-0.2375,-0.2742,0,,0.3043,75.0,0.0,0,0.959,,0,0,1,1,0,1,2022-02-17 11:15:00+05:30,2022-02-17 11:20:00+05:30,2022-02-17 12:45:00+05:30,61.2,60.78928571428571,61.93928571428573,-0.4107,L
S190,ASHOKLEY,2022-02-17 11:40:00+05:30,-0.0246,-0.0655,4,4.0,1.4955,71.43,-0.7872,0,1.5803,0.0,1,0,0,0,1,2,2022-02-17 11:45:00+05:30,2022-02-17 11:50:00+05:30,2022-02-17 12:50:00+05:30,61.1,60.707142857142856,61.807142857142864,-0.3929,L
S191,ASHOKLEY,2022-02-17 12:15:00+05:30,0.1268,0.0409,5,3.0,0.1313,100.0,-1.0,0,1.744,1.0,1,0,0,0,1,2,2022-02-17 12:20:00+05:30,2022-02-17 12:25:00+05:30,2022-02-17 12:45:00+05:30,61.2,60.77142857142858,61.97142857142857,-0.4286,L
S192,ASHOKLEY,2022-02-18 09:15:00+05:30,,,0,,2.5415,78.57,-0.9153,0,2.1832,,0,0,0,1,0,1,2022-02-18 09:15:00+05:30,2022-02-18 09:20:00+05:30,2022-02-18 15:00:00+05:30,60.7,60.11964285714286,61.744642857142864,-0.2,EOD-
S193,ASHOKLEY,2022-02-18 09:30:00+05:30,,,0,,0.42,33.33,-1.0,0,0.7116,0.0,3,0,1,0,3,4,2022-02-18 09:45:00+05:30,2022-02-18 09:50:00+05:30,2022-02-18 15:00:00+05:30,60.8,60.175,61.925,-0.3,EOD-
S194,ASHOKLEY,2022-02-18 09:55:00+05:30,0.0494,0.0412,0,,0.14,0.0,-1.0,0,0.6532,1.0,1,0,0,0,1,2,2022-02-18 10:00:00+05:30,2022-02-18 10:05:00+05:30,2022-02-18 15:00:00+05:30,60.85,60.225,61.975,-0.35,EOD-
S195,ASHOKLEY,2022-02-18 10:10:00+05:30,0.074,0.0494,1,1.0,0.3063,25.0,0.4286,0,0.5558,,0,0,0,1,0,1,2022-02-18 10:10:00+05:30,2022-02-18 10:15:00+05:30,2022-02-18 15:00:00+05:30,60.8,60.22857142857143,61.82857142857142,-0.3,EOD-
S196,ASHOKLEY,2022-02-18 10:35:00+05:30,0.0082,0.0987,4,3.0,0.4286,0.0,0.3333,0,0.9635,,0,0,0,1,0,1,2022-02-18 10:35:00+05:30,2022-02-18 10:40:00+05:30,2022-02-18 15:00:00+05:30,60.8,60.3625,61.58749999999999,-0.3,EOD-
S197,ASHOKLEY,2022-02-18 11:25:00+05:30,0.1027,0.1027,9,6.0,0.5765,0.0,0.4286,0,0.5975,,0,0,0,1,0,1,2022-02-18 11:25:00+05:30,2022-02-18 11:30:00+05:30,2022-02-18 14:15:00+05:30,60.9,60.59642857142857,61.44642857142858,-0.3036,L
S198,ASHOKLEY,2022-02-18 11:35:00+05:30,0.078,0.115,0,,0.8207,50.0,-1.0,0,0.6704,1.0,2,0,0,0,2,3,2022-02-18 11:45:00+05:30,2022-02-18 11:50:00+05:30,2022-02-18 13:30:00+05:30,60.9,60.64107142857142,61.36607142857143,-0.2589,L
S199,ASHOKLEY,2022-02-18 11:55:00+05:30,0.0164,0.0452,0,,0.4,0.0,0.25,0,0.8957,,0,0,0,1,0,1,2022-02-18 11:55:00+05:30,2022-02-18 12:00:00+05:30,2022-02-18 13:30:00+05:30,60.9,60.64999999999999,61.35000000000001,-0.25,L
S200,ASHOKLEY,2022-02-18 12:05:00+05:30,0.0123,0.0328,0,,1.7161,33.33,-0.2105,0,2.8634,,0,0,0,1,0,1,2022-02-18 12:05:00+05:30,2022-02-18 12:10:00+05:30,2022-02-18 13:30:00+05:30,60.95,60.67321428571429,61.44821428571429,-0.2768,L
S201,ASHOKLEY,2022-02-18 12:55:00+05:30,0.0902,0.0943,8,1.0,0.0538,50.0,12.3333,0,0.9677,,0,0,1,1,0,1,2022-02-18 12:55:00+05:30,2022-02-18 13:00:00+05:30,2022-02-18 13:25:00+05:30,61.2,60.85178571428571,61.82678571428572,-0.3482,L
S202,ASHOKLEY,2022-02-21 10:35:00+05:30,-0.5102,-0.5462,0,,1.2623,100.0,-1.0,0,0.2871,0.0,3,0,1,0,3,4,2022-02-21 10:50:00+05:30,2022-02-21 10:55:00+05:30,2022-02-21 15:00:00+05:30,59.7,59.15535714285715,60.68035714285714,0.2,EOD+
S203,ASHOKLEY,2022-02-21 12:25:00+05:30,0.2128,0.3257,18,9.0,0.1262,0.0,2.6364,0,0.7088,,0,0,1,1,0,1,2022-02-21 12:25:00+05:30,2022-02-21 12:30:00+05:30,2022-02-21 15:00:00+05:30,60.0,59.45535714285714,60.98035714285714,-0.1,EOD-
S204,ASHOKLEY,2022-02-21 13:15:00+05:30,0.1496,0.208,8,6.0,0.2864,25.0,1.2222,0,0.5327,,0,0,1,1,0,1,2022-02-21 13:15:00+05:30,2022-02-21 13:20:00+05:30,2022-02-21 13:50:00+05:30,60.1,59.70714285714286,60.80714285714285,-0.3929,L
S205,ASHOKLEY,2022-02-22 10:20:00+05:30,-0.5254,-0.528,0,,0.7119,33.33,-0.8333,0,1.1992,1.0,3,1,0,0,3,4,2022-02-22 10:35:00+05:30,2022-02-22 10:40:00+05:30,2022-02-22 15:00:00+05:30,59.05,57.99642857142857,60.94642857142857,0.55,EOD+
S206,ASHOKLEY,2022-02-22 12:00:00+05:30,0.3331,0.473,16,6.0,0.563,33.33,0.0811,0,1.3186,,0,0,0,1,0,1,2022-02-22 12:00:00+05:30,2022-02-22 12:05:00+05:30,2022-02-22 13:05:00+05:30,59.3,58.88928571428571,60.03928571428571,-0.4107,L
S207,ASHOKLEY,2022-02-22 12:10:00+05:30,0.257,0.3796,0,,0.283,25.0,0.0526,0,0.847,,0,0,1,1,0,1,2022-02-22 12:10:00+05:30,2022-02-22 12:15:00+05:30,2022-02-22 13:00:00+05:30,59.35,58.93035714285715,60.10535714285714,-0.4196,L
S208,ASHOKLEY,2022-02-22 13:40:00+05:30,-0.2239,-0.2236,0,,2.17,50.0,-0.871,0,0.7693,1.0,3,0,1,0,3,4,2022-02-22 13:55:00+05:30,2022-02-22 14:00:00+05:30,2022-02-22 15:00:00+05:30,59.15,58.70357142857142,59.95357142857144,0.45,EOD+
S209,ASHOKLEY,2022-02-23 11:30:00+05:30,-0.4698,-0.3848,0,,2.2375,66.67,-0.8883,0,2.5297,1.0,3,0,0,0,3,4,2022-02-23 11:45:00+05:30,2022-02-23 11:50:00+05:30,2022-02-23 12:35:00+05:30,59.45,58.95,60.35,0.9,W
S210,ASHOKLEY,2022-02-23 11:55:00+05:30,-0.4339,-0.5171,0,,0.1898,0.0,1.5,0,0.8207,,0,0,0,1,0,1,2022-02-23 11:55:00+05:30,2022-02-23 12:00:00+05:30,2022-02-23 12:35:00+05:30,59.4,58.87321428571428,60.348214285714285,0.9482,W
S211,ASHOKLEY,2022-02-23 12:10:00+05:30,-0.1981,-0.4339,1,1.0,0.0,75.0,,1,2.5998,,0,0,0,1,0,1,2022-02-23 12:10:00+05:30,2022-02-23 12:15:00+05:30,2022-02-23 15:00:00+05:30,59.7,59.17321428571429,60.648214285714296,0.2,EOD+
S212,ASHOKLEY,2022-02-24 10:30:00+05:30,-1.0525,-1.2271,0,,1.3674,100.0,-1.0,0,0.2326,0.0,3,0,1,0,3,4,2022-02-24 10:45:00+05:30,2022-02-24 10:50:00+05:30,2022-02-24 12:30:00+05:30,57.45,56.68214285714286,58.83214285714286,-0.7679,L
S213,ASHOKLEY,2022-02-24 11:40:00+05:30,0.1526,-0.0175,9,4.0,0.2667,33.33,1.5,0,1.8147,,0,0,0,1,0,1,2022-02-24 11:40:00+05:30,2022-02-24 11:45:00+05:30,2022-02-24 12:00:00+05:30,57.4,57.02499999999999,58.075,-0.375,L
S214,ASHOKLEY,2022-02-24 11:50:00+05:30,0.2004,0.1134,0,,0.4978,25.0,-0.375,0,1.9018,,0,1,1,1,0,1,2022-02-24 11:50:00+05:30,2022-02-24 11:55:00+05:30,2022-02-24 12:00:00+05:30,57.45,57.04821428571429,58.173214285714295,-0.4018,L
S215,ASHOKLEY,2022-02-24 13:35:00+05:30,-0.9857,-0.8689,0,,3.3874,66.67,-1.0,0,1.1222,1.0,3,0,0,0,3,4,2022-02-24 13:50:00+05:30,2022-02-24 13:55:00+05:30,2022-02-24 14:25:00+05:30,55.85,55.073214285714286,57.24821428571428,-0.7768,L
S216,ASHOKLEY,2022-02-24 14:00:00+05:30,-0.7187,-0.9533,0,,0.1387,66.67,-1.0,0,0.5972,1.0,1,1,1,0,1,2,2022-02-24 14:05:00+05:30,2022-02-24 14:10:00+05:30,2022-02-24 14:50:00+05:30,55.8,54.85357142857143,57.50357142857142,-0.9464,L
S217,ASHOKLEY,2022-02-25 10:40:00+05:30,0.9751,0.8069,17,15.0,0.0175,33.33,9.0,0,0.4604,,0,0,0,1,0,1,2022-02-25 10:40:00+05:30,2022-02-25 10:45:00+05:30,2022-02-25 12:35:00+05:30,56.5,55.785714285714285,57.785714285714285,-0.7143,L
S218,ASHOKLEY,2022-02-25 10:50:00+05:30,0.98,0.9504,0,,0.7848,66.67,-0.7297,0,0.4811,,0,1,1,1,0,1,2022-02-25 10:50:00+05:30,2022-02-25 10:55:00+05:30,2022-02-25 11:55:00+05:30,56.75,56.160714285714285,57.81071428571429,-0.5893,L
S219,ASHOKLEY,2022-02-25 11:00:00+05:30,0.5916,0.9644,1,1.0,0.1424,50.0,0.6667,0,0.3016,,0,1,1,1,0,1,2022-02-25 11:00:00+05:30,2022-02-25 11:05:00+05:30,2022-02-25 11:55:00+05:30,56.7,56.17321428571429,57.64821428571429,-0.5268,L
S220,ASHOKLEY,2022-02-25 11:10:00+05:30,0.1546,0.8165,0,,0.2254,57.14,0.0526,0,1.9526,,0,1,0,1,0,1,2022-02-25 11:10:00+05:30,2022-02-25 11:15:00+05:30,2022-02-25 11:55:00+05:30,56.65,56.12321428571428,57.59821428571428,-0.5268,L
S221,ASHOKLEY,2022-02-25 11:20:00+05:30,-0.0839,0.3665,0,,0.5091,25.0,0.0,0,0.1848,,0,0,1,1,0,1,2022-02-25 11:20:00+05:30,2022-02-25 11:25:00+05:30,2022-02-25 11:55:00+05:30,56.65,56.158928571428575,57.53392857142857,-0.4911,L
S222,ASHOKLEY,2022-02-25 11:40:00+05:30,-0.0133,-0.0795,2,2.0,0.0,50.0,,1,0.1851,,0,0,0,1,0,1,2022-02-25 11:40:00+05:30,2022-02-25 11:45:00+05:30,2022-02-25 11:55:00+05:30,56.65,56.25714285714286,57.35714285714285,-0.3929,L
S223,ASHOKLEY,2022-02-25 12:40:00+05:30,-0.262,-0.2348,0,,1.9708,66.67,-0.8907,0,1.1716,1.0,3,0,0,0,3,4,2022-02-25 12:55:00+05:30,2022-02-25 13:00:00+05:30,2022-02-25 15:00:00+05:30,56.3,55.71964285714285,57.34464285714286,0.2,EOD+
S224,ASHOKLEY,2022-02-25 13:25:00+05:30,-0.1469,-0.1201,4,4.0,0.21,50.0,0.1111,0,0.5728,,0,0,1,1,0,1,2022-02-25 13:25:00+05:30,2022-02-25 13:30:00+05:30,2022-02-25 15:00:00+05:30,56.15,55.614285714285714,57.114285714285714,0.35,EOD+
S225,ASHOKLEY,2022-02-25 13:40:00+05:30,-0.1024,-0.1469,0,,1.2415,0.0,-0.1489,0,0.4474,0.0,3,0,1,0,3,4,2022-02-25 13:55:00+05:30,2022-02-25 14:00:00+05:30,2022-02-25 15:00:00+05:30,56.2,55.72678571428572,57.051785714285714,0.3,EOD+
S226,ASHOKLEY,2022-02-25 14:05:00+05:30,0.0668,0.0089,0,,0.4229,0.0,0.3793,0,0.6655,,0,0,1,1,0,1,2022-02-25 14:05:00+05:30,2022-02-25 14:10:00+05:30,2022-02-25 15:00:00+05:30,56.2,55.77142857142857,56.971428571428575,0.3,EOD+
S227,ASHOKLEY,2022-02-25 14:15:00+05:30,0.0845,0.0668,0,,0.6205,0.0,-1.0,0,1.1031,1.0,1,1,0,0,1,2,2022-02-25 14:20:00+05:30,2022-02-25 14:25:00+05:30,2022-02-25 14:35:00+05:30,56.3,55.90714285714286,57.00714285714285,-0.3929,L
S228,ASHOKLEY,2022-02-28 10:05:00+05:30,-0.0846,-0.1425,0,,0.5843,75.0,-0.7917,0,0.2969,0.0,3,0,0,0,3,4,2022-02-28 10:20:00+05:30,2022-02-28 10:25:00+05:30,2022-02-28 15:00:00+05:30,56.1,55.073214285714286,57.94821428571429,0.4,EOD+
S229,ASHOKLEY,2022-02-28 10:30:00+05:30,-0.1516,-0.107,0,,0.0156,88.89,9.0,0,1.0029,,0,0,0,1,0,1,2022-02-28 10:30:00+05:30,2022-02-28 10:35:00+05:30,2022-02-28 15:00:00+05:30,56.5,55.69642857142857,57.94642857142858,0.0,EOD-
S230,ASHOKLEY,2022-02-28 11:30:00+05:30,0.3013,0.4614,11,9.0,0.1333,100.0,-1.0,0,0.6822,1.0,3,0,0,0,3,4,2022-02-28 11:45:00+05:30,2022-02-28 11:50:00+05:30,2022-02-28 15:00:00+05:30,56.5,55.9375,57.5125,0.0,EOD-
S231,ASHOKLEY,2022-02-28 12:00:00+05:30,0.2474,0.1947,1,1.0,0.1784,50.0,0.5385,0,0.697,,0,0,1,1,0,1,2022-02-28 12:00:00+05:30,2022-02-28 12:05:00+05:30,2022-02-28 15:00:00+05:30,56.6,56.144642857142856,57.41964285714286,-0.1,EOD-
S232,ASHOKLEY,2022-02-28 12:15:00+05:30,0.1678,0.2474,0,,0.6314,14.29,-0.5652,0,0.5021,0.0,3,0,1,0,3,4,2022-02-28 12:30:00+05:30,2022-02-28 12:35:00+05:30,2022-02-28 15:00:00+05:30,56.55,56.09464285714286,57.36964285714285,0.8196,W
S233,ASHOKLEY,2022-02-28 12:45:00+05:30,-0.1415,-0.0442,0,,0.84,0.0,-0.6296,0,2.2275,1.0,3,0,0,0,3,4,2022-02-28 13:00:00+05:30,2022-02-28 13:05:00+05:30,2022-02-28 13:50:00+05:30,56.8,56.39821428571428,57.52321428571428,-0.4018,L
S234,ASHOKLEY,2022-02-28 13:20:00+05:30,0.1369,-0.0044,3,3.0,0.2774,20.0,1.8571,0,0.6238,,0,0,1,1,0,1,2022-02-28 13:20:00+05:30,2022-02-28 13:25:00+05:30,2022-02-28 15:00:00+05:30,56.7,56.22678571428572,57.551785714285714,-0.2,EOD-
S235,ASHOKLEY,2022-02-28 13:30:00+05:30,0.1104,0.1104,0,,1.1226,25.0,-0.0588,0,1.8491,,0,0,0,1,0,1,2022-02-28 13:30:00+05:30,2022-02-28 13:35:00+05:30,2022-02-28 15:00:00+05:30,56.7,56.22678571428572,57.551785714285714,-0.2,EOD-
S236,ASHOKLEY,2022-03-02 09:15:00+05:30,,,0,,1.96,14.29,-0.1071,0,2.2069,,0,1,0,1,0,1,2022-03-02 09:15:00+05:30,2022-03-02 09:20:00+05:30,2022-03-02 09:25:00+05:30,56.7,55.985714285714295,57.98571428571428,-0.7143,L
S237,ASHOKLEY,2022-03-02 11:05:00+05:30,-0.0976,-0.244,0,,0.8556,0.0,-0.2727,0,0.4909,1.0,3,0,1,0,3,4,2022-03-02 11:20:00+05:30,2022-03-02 11:25:00+05:30,2022-03-02 14:15:00+05:30,56.35,55.94821428571429,57.07321428571428,-0.4018,L
S238,ASHOKLEY,2022-03-02 11:30:00+05:30,-0.0266,-0.0089,0,,0.8167,0.0,-0.1837,0,0.2869,0.0,3,0,1,0,3,4,2022-03-02 11:45:00+05:30,2022-03-02 11:50:00+05:30,2022-03-02 14:15:00+05:30,56.3,55.925,56.97499999999999,-0.375,L
S239,ASHOKLEY,2022-03-02 11:55:00+05:30,-0.1066,-0.0666,0,,1.2639,0.0,-0.3846,0,0.6856,0.0,2,0,0,0,2,3,2022-03-02 12:05:00+05:30,2022-03-02 12:10:00+05:30,2022-03-02 14:10:00+05:30,56.3,55.97857142857144,56.87857142857141,-0.3214,L
S240,ASHOKLEY,2022-03-02 12:15:00+05:30,-0.0622,-0.1156,0,,1.6167,33.33,-0.5876,0,1.2991,0.0,1,0,0,0,1,2,2022-03-02 12:20:00+05:30,2022-03-02 12:25:00+05:30,2022-03-02 14:15:00+05:30,56.25,55.87500000000001,56.92499999999999,-0.375,L
S241,ASHOKLEY,2022-03-02 12:30:00+05:30,0.0178,-0.0622,0,,0.6553,0.0,0.3636,0,4.7516,,0,0,0,1,0,1,2022-03-02 12:30:00+05:30,2022-03-02 12:35:00+05:30,2022-03-02 14:15:00+05:30,56.3,55.88035714285714,57.055357142857126,-0.4196,L
S242,ASHOKLEY,2022-03-02 12:40:00+05:30,0.0222,0.0267,0,,0.6,33.33,-0.5238,0,1.2979,1.0,3,0,1,0,3,4,2022-03-02 12:55:00+05:30,2022-03-02 13:00:00+05:30,2022-03-02 14:15:00+05:30,56.3,55.8625,57.087499999999984,-0.4375,L
S243,ASHOKLEY,2022-03-02 13:25:00+05:30,0.0666,0.0355,5,4.0,0.4667,0.0,0.1765,0,0.5531,,0,0,0,1,0,1,2022-03-02 13:25:00+05:30,2022-03-02 13:30:00+05:30,2022-03-02 14:15:00+05:30,56.3,55.84464285714286,57.11964285714285,-0.4554,L
S244,ASHOKLEY,2022-03-02 13:35:00+05:30,0.0488,0.08,0,,0.532,0.0,0.0526,0,1.0532,,0,0,1,1,0,1,2022-03-02 13:35:00+05:30,2022-03-02 13:40:00+05:30,2022-03-02 14:15:00+05:30,56.3,55.85357142857143,57.10357142857142,-0.4464,L
S245,ASHOKLEY,2022-03-03 10:55:00+05:30,-0.5141,-0.4226,0,,2.0239,0.0,-0.8496,0,0.4094,1.0,3,0,1,0,3,4,2022-03-03 11:10:00+05:30,2022-03-03 11:15:00+05:30,2022-03-03 12:30:00+05:30,55.45,55.03928571428572,56.18928571428572,-0.4107,L
S246,ASHOKLEY,2022-03-03 11:50:00+05:30,0.009,0.0677,0,,0.35,0.0,0.0,0,0.3831,0.0,3,0,0,0,3,4,2022-03-03 12:05:00+05:30,2022-03-03 12:10:00+05:30,2022-03-03 12:30:00+05:30,55.4,55.04285714285714,56.04285714285714,-0.3571,L
S247,ASHOKLEY,2022-03-04 11:10:00+05:30,-0.9013,-1.4795,0,,3.8684,33.33,-0.8571,0,1.437,1.0,3,0,0,0,3,4,2022-03-04 11:25:00+05:30,2022-03-04 11:30:00+05:30,2022-03-04 13:25:00+05:30,49.55,48.87142857142857,50.77142857142857,1.2214,W
S248,ASHOKLEY,2022-03-04 11:40:00+05:30,-0.4407,-0.7231,2,2.0,0.1917,66.67,0.7391,0,0.7807,,0,0,0,1,0,1,2022-03-04 11:40:00+05:30,2022-03-04 11:45:00+05:30,2022-03-04 13:25:00+05:30,49.4,48.64999999999999,50.75000000000001,1.35,W
S249,ASHOKLEY,2022-03-04 14:15:00+05:30,0.759,0.8759,30,5.0,0.3763,80.0,-0.2,0,0.7461,0.0,1,0,0,0,1,2,2022-03-04 14:20:00+05:30,2022-03-04 14:25:00+05:30,2022-03-04 15:00:00+05:30,51.0,50.16964285714285,52.49464285714286,-0.8304,L
S250,ASHOKLEY,2022-03-04 14:30:00+05:30,0.5308,0.759,0,,0.2227,25.0,0.4286,0,0.4282,,0,0,0,1,0,1,2022-03-04 14:30:00+05:30,2022-03-04 14:35:00+05:30,2022-03-04 15:00:00+05:30,50.9,50.114285714285714,52.31428571428572,-0.7857,L
S251,ASHOKLEY,2022-03-07 10:35:00+05:30,-1.6674,-1.7241,0,,2.5846,83.33,-0.9074,0,0.3839,0.0,3,0,1,0,3,4,2022-03-07 10:50:00+05:30,2022-03-07 10:55:00+05:30,2022-03-07 14:00:00+05:30,47.7,46.65535714285715,49.580357142857146,-1.0446,L
S252,ASHOKLEY,2022-03-07 12:10:00+05:30,0.4026,0.2777,15,13.0,1.4712,83.33,-0.6774,0,0.4006,0.0,2,0,1,0,2,3,2022-03-07 12:20:00+05:30,2022-03-07 12:25:00+05:30,2022-03-07 13:10:00+05:30,47.85,47.323214285714286,48.79821428571429,-0.5268,L
S253,ASHOKLEY,2022-03-08 09:15:00+05:30,,,0,,0.3058,42.86,3.0,0,1.7433,,0,0,0,1,0,1,2022-03-08 09:15:00+05:30,2022-03-08 09:20:00+05:30,2022-03-08 09:35:00+05:30,47.55,46.630357142857136,49.20535714285714,-0.9196,L
S254,ASHOKLEY,2022-03-08 13:25:00+05:30,-0.5644,-0.7074,0,,2.4967,100.0,-1.0,0,1.3145,1.0,3,0,1,0,3,4,2022-03-08 13:40:00+05:30,2022-03-08 13:45:00+05:30,2022-03-08 14:30:00+05:30,44.7,44.16428571428571,45.664285714285725,0.9643,W
S255,ASHOKLEY,2022-03-09 11:10:00+05:30,0.3767,0.7024,23,3.0,0.0137,0.0,19.0,0,0.4426,,0,0,1,1,0,1,2022-03-09 11:10:00+05:30,2022-03-09 11:15:00+05:30,2022-03-09 12:25:00+05:30,48.5,48.04464285714286,49.31964285714285,0.8196,W
S256,ASHOKLEY,2022-03-09 11:20:00+05:30,0.1599,0.511,0,,0.9692,25.0,-0.4444,0,0.4595,0.0,2,0,0,0,2,3,2022-03-09 11:30:00+05:30,2022-03-09 11:35:00+05:30,2022-03-09 12:50:00+05:30,48.6,48.135714285714286,49.43571428571428,0.8357,W
S257,ASHOKLEY,2022-03-09 11:40:00+05:30,0.1648,0.1495,0,,0.3023,100.0,-1.0,0,0.7025,,0,0,0,1,0,1,2022-03-09 11:40:00+05:30,2022-03-09 11:45:00+05:30,2022-03-09 12:25:00+05:30,48.6,48.207142857142856,49.30714285714286,0.7071,W
S258,ASHOKLEY,2022-03-09 11:50:00+05:30,0.1596,0.1648,0,,0.4356,100.0,-1.0,0,0.3044,,0,0,1,1,0,1,2022-03-09 11:50:00+05:30,2022-03-09 11:55:00+05:30,2022-03-09 12:25:00+05:30,48.6,48.198214285714286,49.323214285714286,0.7232,W
S259,ASHOKLEY,2022-03-10 10:35:00+05:30,1.1314,1.2145,16,16.0,0.0252,40.0,9.0,0,0.553,,0,0,0,1,0,1,2022-03-10 10:35:00+05:30,2022-03-10 10:40:00+05:30,2022-03-10 12:20:00+05:30,52.9,51.90892857142857,54.683928571428574,-0.9911,L
S260,ASHOKLEY,2022-03-10 10:45:00+05:30,0.9903,1.1998,0,,0.5902,50.0,-0.5349,0,0.174,0.0,2,0,1,0,2,3,2022-03-10 10:55:00+05:30,2022-03-10 11:00:00+05:30,2022-03-10 12:15:00+05:30,53.1,52.18928571428571,54.73928571428572,-0.9107,L
S261,ASHOKLEY,2022-03-10 11:05:00+05:30,0.3719,0.9881,1,1.0,0.0223,66.67,-1.0,0,0.4908,,0,0,1,1,0,1,2022-03-10 11:05:00+05:30,2022-03-10 11:10:00+05:30,2022-03-10 12:15:00+05:30,53.3,52.46071428571428,54.81071428571428,-0.8393,L
S262,ASHOKLEY,2022-03-11 11:10:00+05:30,-0.4205,-0.5544,0,,0.6333,0.0,-0.6491,0,0.4429,0.0,3,0,1,0,3,4,2022-03-11 11:25:00+05:30,2022-03-11 11:30:00+05:30,2022-03-11 14:15:00+05:30,49.95,49.3875,50.962500000000006,1.0125,W
S263,ASHOKLEY,2022-03-11 12:50:00+05:30,0.3135,0.3738,16,6.0,0.2471,50.0,1.2222,0,1.0211,,0,0,0,1,0,1,2022-03-11 12:50:00+05:30,2022-03-11 12:55:00+05:30,2022-03-11 15:00:00+05:30,50.3,49.84464285714286,51.11964285714285,0.1,EOD+
S264,ASHOKLEY,2022-03-11 13:00:00+05:30,0.2982,0.3285,0,,0.0438,0.0,12.3333,0,0.4582,,0,0,1,1,0,1,2022-03-11 13:00:00+05:30,2022-03-11 13:05:00+05:30,2022-03-11 15:00:00+05:30,50.4,49.971428571428575,51.17142857142856,0.0,EOD-
S265,ASHOKLEY,2022-03-11 13:10:00+05:30,0.2086,0.3033,0,,1.249,25.0,-0.7802,0,0.7092,0.0,3,1,1,0,3,4,2022-03-11 13:25:00+05:30,2022-03-11 13:30:00+05:30,2022-03-11 15:00:00+05:30,50.45,49.994642857142864,51.269642857142856,-0.05,EOD-
S266,ASHOKLEY,2022-03-11 13:50:00+05:30,-0.0298,0.0099,0,,1.2688,50.0,-1.0,0,1.1168,1.0,3,0,1,0,3,4,2022-03-11 14:05:00+05:30,2022-03-11 14:10:00+05:30,2022-03-11 15:00:00+05:30,50.35,49.92142857142858,51.12142857142857,0.05,EOD+
S267,ASHOKLEY,2022-03-14 09:15:00+05:30,,,0,,0.0259,0.0,19.0,0,1.8471,,0,0,0,1,0,1,2022-03-14 09:15:00+05:30,2022-03-14 09:20:00+05:30,2022-03-14 09:25:00+05:30,50.6,50.11785714285714,51.46785714285715,-0.4821,L
S268,ASHOKLEY,2022-03-14 10:30:00+05:30,-0.4258,-0.4397,0,,1.1603,0.0,-0.8347,0,0.4421,1.0,3,0,1,0,3,4,2022-03-14 10:45:00+05:30,2022-03-14 10:50:00+05:30,2022-03-14 13:40:00+05:30,49.8,49.14821428571428,50.973214285714285,1.1732,W
S269,ASHOKLEY,2022-03-14 11:05:00+05:30,-0.2212,-0.3567,2,2.0,0.1,33.33,9.0,0,0.5965,,0,0,0,1,0,1,2022-03-14 11:05:00+05:30,2022-03-14 11:10:00+05:30,2022-03-14 13:40:00+05:30,49.9,49.4,50.8,0.9,W
S270,ASHOKLEY,2022-03-14 11:35:00+05:30,0.1105,-0.0101,0,,0.952,0.0,-0.4118,0,1.187,0.0,3,0,0,0,3,4,2022-03-14 11:50:00+05:30,2022-03-14 11:55:00+05:30,2022-03-14 13:35:00+05:30,49.8,49.35357142857142,50.60357142857143,0.8036,W
S271,ASHOKLEY,2022-03-14 12:10:00+05:30,0.0602,0.0402,0,,1.2174,0.0,-0.5,0,0.9941,1.0,3,0,0,0,3,4,2022-03-14 12:25:00+05:30,2022-03-14 12:30:00+05:30,2022-03-14 13:35:00+05:30,49.9,49.489285714285714,50.63928571428571,0.7393,W
S272,ASHOKLEY,2022-03-14 13:00:00+05:30,0.0301,-0.01,6,2.0,0.0718,75.0,-1.0,0,0.5442,0.0,1,0,1,0,1,2,2022-03-14 13:05:00+05:30,2022-03-14 13:10:00+05:30,2022-03-14 13:35:00+05:30,49.85,49.50178571428572,50.47678571428572,0.6268,W
S273,ASHOKLEY,2022-03-14 13:20:00+05:30,0.0752,0.0452,1,1.0,0.3325,33.33,0.0526,0,0.7613,,0,0,0,1,0,1,2022-03-14 13:20:00+05:30,2022-03-14 13:25:00+05:30,2022-03-14 13:35:00+05:30,49.85,49.49285714285714,50.49285714285715,0.6429,W
S274,ASHOKLEY,2022-03-15 12:05:00+05:30,0.0522,0.1708,34,7.0,0.252,33.33,0.1111,0,0.5798,,0,0,1,1,0,1,2022-03-15 12:05:00+05:30,2022-03-15 12:10:00+05:30,2022-03-15 12:35:00+05:30,52.7,52.25357142857144,53.50357142857142,-0.4464,L
S275,ASHOKLEY,2022-03-15 13:05:00+05:30,-0.3144,-0.2282,0,,2.8368,25.0,-0.9134,0,1.4074,1.0,3,0,0,0,3,4,2022-03-15 13:20:00+05:30,2022-03-15 13:25:00+05:30,2022-03-15 14:25:00+05:30,52.4,51.89107142857142,53.31607142857143,-0.5089,L
S276,ASHOKLEY,2022-03-15 13:30:00+05:30,-0.2579,-0.334,0,,0.3648,33.33,-0.4595,0,1.4024,1.0,1,0,0,0,1,2,2022-03-15 13:35:00+05:30,2022-03-15 13:40:00+05:30,2022-03-15 15:00:00+05:30,52.45,51.81607142857143,53.59107142857143,0.1,EOD+
S277,ASHOKLEY,2022-03-15 14:00:00+05:30,-0.0717,-0.1482,4,2.0,0.9236,55.56,-0.3684,0,0.5381,0.0,1,0,0,0,1,2,2022-03-15 14:05:00+05:30,2022-03-15 14:10:00+05:30,2022-03-15 15:00:00+05:30,52.4,51.75714285714285,53.557142857142864,0.15,EOD+
S278,ASHOKLEY,2022-03-17 10:55:00+05:30,1.1479,1.3858,20,13.0,0.4034,0.0,0.7647,0,0.4115,,0,0,0,1,0,1,2022-03-17 10:55:00+05:30,2022-03-17 11:00:00+05:30,2022-03-17 12:15:00+05:30,55.6,55.073214285714286,56.54821428571429,-0.5268,L
S279,ASHOKLEY,2022-03-17 11:25:00+05:30,0.054,0.3869,0,,1.3028,0.0,-0.403,0,1.2447,1.0,3,0,0,0,3,4,2022-03-17 11:40:00+05:30,2022-03-17 11:45:00+05:30,2022-03-17 12:05:00+05:30,55.55,55.22857142857143,56.12857142857143,-0.3214,L
S280,ASHOKLEY,2022-03-21 09:15:00+05:30,,,0,,1.2639,88.24,-0.6923,0,0.7664,0.0,2,0,0,0,2,3,2022-03-21 09:25:00+05:30,2022-03-21 09:30:00+05:30,2022-03-21 10:20:00+05:30,54.6,53.95714285714286,55.75714285714285,-0.6429,L
S281,ASHOKLEY,2022-03-21 09:35:00+05:30,,,0,,0.9118,28.57,-0.596,0,0.7181,1.0,1,0,0,0,1,2,2022-03-21 09:40:00+05:30,2022-03-21 09:45:00+05:30,2022-03-21 10:20:00+05:30,54.7,54.02142857142858,55.92142857142857,-0.6786,L
S282,ASHOKLEY,2022-03-22 10:45:00+05:30,-0.5829,-0.6673,0,,0.7246,0.0,-0.661,0,1.4386,1.0,3,0,0,0,3,4,2022-03-22 11:00:00+05:30,2022-03-22 11:05:00+05:30,2022-03-22 11:55:00+05:30,52.0,51.49107142857143,52.91607142857143,-0.5089,L
S283,ASHOKLEY,2022-03-22 12:25:00+05:30,-0.0821,-0.0917,0,,1.0354,0.0,-0.7183,0,1.7373,1.0,3,0,0,0,3,4,2022-03-22 12:40:00+05:30,2022-03-22 12:45:00+05:30,2022-03-22 13:10:00+05:30,51.9,51.47142857142857,52.67142857142857,0.7714,W
S284,ASHOKLEY,2022-03-23 09:15:00+05:30,,,0,,0.9707,18.18,0.7308,0,2.2053,,0,0,0,1,0,1,2022-03-23 09:15:00+05:30,2022-03-23 09:20:00+05:30,2022-03-23 15:00:00+05:30,53.9,53.23035714285714,55.10535714285714,-0.2,EOD-
S285,ASHOKLEY,2022-03-23 09:55:00+05:30,-0.0932,-0.1118,0,,1.4444,50.0,-0.6923,0,1.7518,1.0,3,0,0,0,3,4,2022-03-23 10:10:00+05:30,2022-03-23 10:15:00+05:30,2022-03-23 15:00:00+05:30,53.8,53.2375,54.8125,-0.1,EOD-
S286,ASHOKLEY,2022-03-23 10:20:00+05:30,-0.1073,-0.1353,1,1.0,0.069,0.0,7.5714,0,0.8299,,0,0,1,1,0,1,2022-03-23 10:20:00+05:30,2022-03-23 10:25:00+05:30,2022-03-23 15:00:00+05:30,53.65,53.01607142857143,54.79107142857143,0.05,EOD+
S287,ASHOKLEY,2022-03-23 10:30:00+05:30,0.0047,-0.126,0,,0.1292,100.0,-1.0,0,0.756,,0,0,1,1,0,1,2022-03-23 10:30:00+05:30,2022-03-23 10:35:00+05:30,2022-03-23 11:10:00+05:30,54.0,53.41964285714285,55.04464285714286,-0.5804,L
S288,ASHOKLEY,2022-03-23 11:15:00+05:30,0.0699,0.0979,0,,1.0809,75.0,-0.8095,0,0.6739,1.0,3,0,0,0,3,4,2022-03-23 11:30:00+05:30,2022-03-23 11:35:00+05:30,2022-03-23 15:00:00+05:30,53.7,53.09285714285714,54.79285714285716,0.0,EOD-
S289,ASHOKLEY,2022-03-23 12:00:00+05:30,0.0093,0.1024,0,,1.1226,75.0,-1.0,0,0.5872,0.0,3,1,1,0,3,4,2022-03-23 12:15:00+05:30,2022-03-23 12:20:00+05:30,2022-03-23 15:00:00+05:30,53.8,53.326785714285705,54.65178571428572,-0.1,EOD-
S290,ASHOKLEY,2022-03-23 13:15:00+05:30,0.1255,0.1116,10,10.0,0.0359,0.0,19.0,0,0.3987,,0,0,1,1,0,1,2022-03-23 13:15:00+05:30,2022-03-23 13:20:00+05:30,2022-03-23 13:50:00+05:30,53.9,53.551785714285714,54.52678571428572,-0.3482,L
S291,ASHOKLEY,2022-03-23 13:35:00+05:30,0.1346,0.1393,2,2.0,0.5906,33.33,0.4815,0,1.159,,0,0,1,1,0,1,2022-03-23 13:35:00+05:30,2022-03-23 13:40:00+05:30,2022-03-23 13:50:00+05:30,53.9,53.61428571428571,54.414285714285725,-0.2857,L
S292,ASHOKLEY,2022-03-23 14:10:00+05:30,-0.1208,0.0139,0,,1.8375,100.0,-1.0,0,1.8807,1.0,3,0,1,0,3,4,2022-03-23 14:25:00+05:30,2022-03-23 14:30:00+05:30,2022-03-23 15:00:00+05:30,53.8,53.514285714285705,54.31428571428572,-0.1,EOD-
S293,ASHOKLEY,2022-03-24 09:15:00+05:30,,,0,,4.7367,70.0,-0.8522,0,1.3529,0.0,2,1,0,0,2,3,2022-03-24 09:25:00+05:30,2022-03-24 09:30:00+05:30,2022-03-24 15:00:00+05:30,53.8,53.26428571428571,54.76428571428571,-0.3,EOD-
S294,ASHOKLEY,2022-03-24 09:35:00+05:30,,,0,,0.3043,0.0,0.3333,0,0.3591,,0,0,0,1,0,1,2022-03-24 09:35:00+05:30,2022-03-24 09:40:00+05:30,2022-03-24 15:00:00+05:30,53.7,53.08392857142857,54.808928571428574,-0.2,EOD-
S295,ASHOKLEY,2022-03-24 09:45:00+05:30,0.0047,,0,,0.48,20.0,-0.5833,0,0.5563,0.0,1,0,0,0,1,2,2022-03-24 09:50:00+05:30,2022-03-24 09:55:00+05:30,2022-03-24 15:00:00+05:30,53.8,53.175,54.925,-0.3,EOD-
S296,ASHOKLEY,2022-03-24 10:00:00+05:30,-0.014,0.0047,0,,0.0645,20.0,7.5714,0,0.9805,,0,1,0,1,0,1,2022-03-24 10:00:00+05:30,2022-03-24 10:05:00+05:30,2022-03-24 15:00:00+05:30,53.9,53.22142857142857,55.121428571428574,-0.4,EOD-
S297,ASHOKLEY,2022-03-24 11:20:00+05:30,0.1669,0.2135,15,8.0,0.0875,50.0,7.0,0,0.9404,,0,0,0,1,0,1,2022-03-24 11:20:00+05:30,2022-03-24 11:25:00+05:30,2022-03-24 12:10:00+05:30,54.1,53.74285714285714,54.74285714285715,-0.3571,L
S298,ASHOKLEY,2022-03-24 11:35:00+05:30,0.1483,0.1669,2,2.0,0.035,50.0,9.0,0,0.7129,,0,0,0,1,0,1,2022-03-24 11:35:00+05:30,2022-03-24 11:40:00+05:30,2022-03-24 12:10:00+05:30,54.0,53.64285714285714,54.642857142857146,-0.3571,L
S299,ASHOKLEY,2022-03-24 11:50:00+05:30,0.0649,0.1483,0,,1.4424,0.0,-0.4118,0,0.7549,1.0,3,0,1,0,3,4,2022-03-24 12:05:00+05:30,2022-03-24 12:10:00+05:30,2022-03-24 12:10:00+05:30,54.0,53.705357142857146,54.53035714285714,-0.2946,L
S300,ASHOKLEY,2022-03-24 13:05:00+05:30,-0.1674,-0.1812,0,,0.6067,0.0,-0.4872,0,1.1976,1.0,3,0,0,0,3,4,2022-03-24 13:20:00+05:30,2022-03-24 13:25:00+05:30,2022-03-24 15:00:00+05:30,53.8,53.39821428571428,54.52321428571428,-0.3,EOD-
S301,ASHOKLEY,2022-03-24 13:30:00+05:30,-0.1071,-0.1722,1,1.0,0.2872,25.0,2.75,0,1.3949,,0,0,0,1,0,1,2022-03-24 13:30:00+05:30,2022-03-24 13:35:00+05:30,2022-03-24 14:40:00+05:30,53.85,53.50178571428572,54.47678571428572,-0.3482,L
S302,ASHOKLEY,2022-03-24 13:45:00+05:30,-0.0466,-0.1071,2,2.0,0.1537,33.33,3.4444,0,0.3238,,0,0,0,1,0,1,2022-03-24 13:45:00+05:30,2022-03-24 13:50:00+05:30,2022-03-24 14:40:00+05:30,53.8,53.43392857142857,54.45892857142857,-0.3661,L
S303,ASHOKLEY,2022-03-24 14:05:00+05:30,0.0372,-0.014,3,3.0,0.0184,0.0,19.0,0,0.3715,,0,0,1,1,0,1,2022-03-24 14:05:00+05:30,2022-03-24 14:10:00+05:30,2022-03-24 14:40:00+05:30,53.75,53.41071428571429,54.36071428571428,-0.3393,L
S304,ASHOKLEY,2022-03-25 10:25:00+05:30,0.1023,0.1163,0,,0.9178,0.0,-0.322,0,0.4797,1.0,3,0,1,0,3,4,2022-03-25 10:40:00+05:30,2022-03-25 10:45:00+05:30,2022-03-25 12:05:00+05:30,53.8,53.39821428571428,54.52321428571428,-0.4018,L
S305,ASHOKLEY,2022-03-25 10:55:00+05:30,0.0883,0.0976,0,,0.3973,0.0,-1.0,0,0.747,1.0,3,0,0,0,3,4,2022-03-25 11:10:00+05:30,2022-03-25 11:15:00+05:30,2022-03-25 12:05:00+05:30,53.8,53.46964285714286,54.394642857142856,-0.3304,L
S306,ASHOKLEY,2022-03-25 12:20:00+05:30,-0.1165,-0.0605,0,,2.0588,50.0,-0.6,0,1.3356,1.0,3,0,0,0,3,4,2022-03-25 12:35:00+05:30,2022-03-25 12:40:00+05:30,2022-03-25 14:05:00+05:30,53.7,53.39642857142857,54.246428571428574,-0.3036,L
S307,ASHOKLEY,2022-03-25 13:00:00+05:30,0.0047,-0.0326,3,1.0,0.2,0.0,4.0,0,0.5303,,0,0,0,1,0,1,2022-03-25 13:00:00+05:30,2022-03-25 13:05:00+05:30,2022-03-25 14:05:00+05:30,53.75,53.375,54.425,-0.375,L
S308,ASHOKLEY,2022-03-25 13:25:00+05:30,0.0047,0.0,4,4.0,0.2676,0.0,2.0769,0,0.3725,,0,0,1,1,0,1,2022-03-25 13:25:00+05:30,2022-03-25 13:30:00+05:30,2022-03-25 14:05:00+05:30,53.7,53.39642857142857,54.246428571428574,-0.3036,L
S309,ASHOKLEY,2022-03-25 14:00:00+05:30,-0.0093,0.0093,0,,1.6947,33.33,-0.7826,0,2.4311,1.0,3,0,0,0,3,4,2022-03-25 14:15:00+05:30,2022-03-25 14:20:00+05:30,2022-03-25 14:30:00+05:30,53.7,53.36071428571429,54.31071428571428,0.6107,W
S310,ASHOKLEY,2022-03-25 14:25:00+05:30,-0.0373,-0.0466,0,,0.0667,50.0,-1.0,0,1.1117,,0,0,1,1,0,1,2022-03-25 14:25:00+05:30,2022-03-25 14:30:00+05:30,2022-03-25 14:35:00+05:30,53.7,53.325,54.375,0.675,W
S311,ASHOKLEY,2022-03-28 09:20:00+05:30,,,1,1.0,0.5163,12.5,0.6949,0,1.512,,0,0,0,1,0,1,2022-03-28 09:20:00+05:30,2022-03-28 09:25:00+05:30,2022-03-28 10:40:00+05:30,54.1,53.38571428571429,55.38571428571428,-0.7143,L
S312,ASHOKLEY,2022-03-28 10:55:00+05:30,-0.3116,-0.3621,0,,0.9479,50.0,-1.0,0,0.398,0.0,3,0,0,0,3,4,2022-03-28 11:10:00+05:30,2022-03-28 11:15:00+05:30,2022-03-28 14:00:00+05:30,53.75,53.32142857142857,54.52142857142858,0.7714,W
S313,ASHOKLEY,2022-03-28 12:05:00+05:30,-0.0419,-0.0373,0,,1.4512,100.0,-1.0,0,1.4365,1.0,3,0,0,0,3,4,2022-03-28 12:20:00+05:30,2022-03-28 12:25:00+05:30,2022-03-28 13:00:00+05:30,53.7,53.33392857142858,54.35892857142856,0.6589,W
S314,ASHOKLEY,2022-03-28 13:30:00+05:30,0.1808,0.2274,12,6.0,0.137,20.0,3.4444,0,0.7675,,0,0,0,1,0,1,2022-03-28 13:30:00+05:30,2022-03-28 13:35:00+05:30,2022-03-28 14:50:00+05:30,54.0,53.58928571428572,54.739285714285714,0.7393,W
S315,ASHOKLEY,2022-03-28 13:40:00+05:30,0.1992,0.1902,1,1.0,0.966,0.0,0.7391,0,1.3629,,0,0,0,1,0,1,2022-03-28 13:40:00+05:30,2022-03-28 13:45:00+05:30,2022-03-28 15:00:00+05:30,54.1,53.65357142857143,54.90357142857143,0.55,EOD+
S316,ASHOKLEY,2022-03-29 10:25:00+05:30,0.2318,0.2594,14,10.0,0.4948,16.67,0.4634,0,1.3847,,0,0,0,1,0,1,2022-03-29 10:25:00+05:30,2022-03-29 10:30:00+05:30,2022-03-29 11:40:00+05:30,55.1,54.582142857142856,56.03214285714287,-0.5179,L
S317,ASHOKLEY,2022-03-29 10:35:00+05:30,0.2225,0.2365,1,1.0,0.013,33.33,-1.0,0,0.4465,1.0,1,0,0,0,1,2,2022-03-29 10:40:00+05:30,2022-03-29 10:45:00+05:30,2022-03-29 11:40:00+05:30,55.1,54.61785714285714,55.96785714285715,-0.4821,L
S318,ASHOKLEY,2022-03-29 11:50:00+05:30,-0.182,-0.1773,0,,2.9313,100.0,-1.0,0,2.3057,1.0,3,0,0,0,3,4,2022-03-29 12:05:00+05:30,2022-03-29 12:10:00+05:30,2022-03-29 12:10:00+05:30,55.0,54.71428571428572,55.51428571428571,-0.2857,L
S319,ASHOKLEY,2022-03-29 12:15:00+05:30,-0.1093,-0.1913,0,,1.0,66.67,-0.4286,0,0.9501,,0,0,1,1,0,1,2022-03-29 12:15:00+05:30,2022-03-29 12:20:00+05:30,2022-03-29 13:10:00+05:30,55.0,54.5625,55.7875,-0.4375,L
S320,ASHOKLEY,2022-03-29 12:35:00+05:30,-0.1049,-0.082,0,,0.672,100.0,-1.0,0,0.5476,1.0,3,0,1,0,3,4,2022-03-29 12:50:00+05:30,2022-03-29 12:55:00+05:30,2022-03-29 14:35:00+05:30,54.8,54.35357142857143,55.60357142857141,-0.4464,L
S321,ASHOKLEY,2022-03-29 13:50:00+05:30,-0.0639,-0.0046,0,,0.9333,0.0,-1.0,0,0.5395,0.0,3,0,0,0,3,4,2022-03-29 14:05:00+05:30,2022-03-29 14:10:00+05:30,2022-03-29 14:35:00+05:30,54.7,54.325,55.375,-0.375,L
S322,ASHOKLEY,2022-03-30 10:50:00+05:30,0.4105,0.4161,19,5.0,0.1,0.0,5.6667,0,1.1329,,0,0,0,1,0,1,2022-03-30 10:50:00+05:30,2022-03-30 10:55:00+05:30,2022-03-30 12:50:00+05:30,55.5,55.125,56.175,-0.375,L
S323,ASHOKLEY,2022-03-30 11:15:00+05:30,0.0856,0.2931,4,4.0,0.4487,100.0,-1.0,0,0.6925,1.0,3,0,1,0,3,4,2022-03-30 11:30:00+05:30,2022-03-30 11:35:00+05:30,2022-03-30 12:50:00+05:30,55.5,55.15178571428572,56.12678571428572,-0.3482,L
S324,ASHOKLEY,2022-03-30 12:10:00+05:30,0.0495,0.0811,7,5.0,0.28,100.0,-1.0,0,0.5139,0.0,3,0,0,0,3,4,2022-03-30 12:25:00+05:30,2022-03-30 12:30:00+05:30,2022-03-30 12:40:00+05:30,55.6,55.332142857142856,56.08214285714286,-0.2679,L
S325,ASHOKLEY,2022-03-30 13:10:00+05:30,-0.1082,-0.1036,0,,2.2312,100.0,-1.0,0,0.738,1.0,3,0,0,0,3,4,2022-03-30 13:25:00+05:30,2022-03-30 13:30:00+05:30,2022-03-30 14:00:00+05:30,55.4,55.114285714285714,55.91428571428571,-0.2857,L
S326,ASHOKLEY,2022-03-30 13:35:00+05:30,-0.0857,-0.0947,0,,0.4237,100.0,-1.0,0,1.582,,0,0,0,1,0,1,2022-03-30 13:35:00+05:30,2022-03-30 13:40:00+05:30,2022-03-30 13:55:00+05:30,55.55,55.21071428571428,56.160714285714285,-0.3393,L
S327,ASHOKLEY,2022-03-30 13:45:00+05:30,-0.0767,-0.0993,1,1.0,0.939,0.0,0.0909,0,0.851,,0,0,0,1,0,1,2022-03-30 13:45:00+05:30,2022-03-30 13:50:00+05:30,2022-03-30 15:00:00+05:30,55.4,55.03392857142857,56.058928571428574,-0.3661,L
S328,ASHOKLEY,2022-03-31 09:15:00+05:30,,,0,,1.9979,9.09,0.3139,0,3.2985,,0,0,0,1,0,1,2022-03-31 09:15:00+05:30,2022-03-31 09:20:00+05:30,2022-03-31 09:30:00+05:30,55.3,54.871428571428574,56.07142857142856,-0.4286,L
S329,ASHOKLEY,2022-03-31 09:25:00+05:30,,,0,,0.9745,75.0,-1.0,0,1.9634,1.0,2,0,0,0,2,3,2022-03-31 09:35:00+05:30,2022-03-31 09:40:00+05:30,2022-03-31 12:50:00+05:30,55.4,54.94464285714286,56.21964285714285,0.8196,W
S330,ASHOKLEY,2022-03-31 11:10:00+05:30,0.2742,0.2882,18,16.0,0.1556,66.67,1.5,0,0.4756,,0,0,1,1,0,1,2022-03-31 11:10:00+05:30,2022-03-31 11:15:00+05:30,2022-03-31 11:55:00+05:30,55.65,55.32857142857143,56.22857142857142,-0.3214,L
S331,ASHOKLEY,2022-03-31 11:20:00+05:30,0.2381,0.3013,0,,0.4053,25.0,0.8182,0,0.4468,,0,0,0,1,0,1,2022-03-31 11:20:00+05:30,2022-03-31 11:25:00+05:30,2022-03-31 11:50:00+05:30,55.75,55.41071428571429,56.36071428571427,-0.3393,L
S332,ASHOKLEY,2022-03-31 12:15:00+05:30,-0.1258,-0.0269,0,,1.7907,0.0,-0.8182,0,0.6959,0.0,3,0,0,0,3,4,2022-03-31 12:30:00+05:30,2022-03-31 12:35:00+05:30,2022-03-31 12:50:00+05:30,55.6,55.21607142857143,56.29107142857142,0.6911,W
S333,ASHOKLEY,2022-03-31 13:50:00+05:30,0.3214,0.237,14,12.0,0.0298,0.0,19.0,0,1.4865,,0,0,0,1,0,1,2022-03-31 13:50:00+05:30,2022-03-31 13:55:00+05:30,2022-03-31 15:00:00+05:30,56.1,55.68035714285715,56.85535714285714,0.05,EOD+
S334,ASHOKLEY,2022-03-31 14:00:00+05:30,0.321,0.2903,1,1.0,0.175,50.0,0.8182,0,1.1465,,0,0,0,1,0,1,2022-03-31 14:00:00+05:30,2022-03-31 14:05:00+05:30,2022-03-31 15:00:00+05:30,56.1,55.70714285714286,56.80714285714286,0.05,EOD+
S335,ASHOKLEY,2022-03-31 14:10:00+05:30,0.2939,0.3345,0,,0.5409,66.67,-0.4118,0,0.4518,,0,0,0,1,0,1,2022-03-31 14:10:00+05:30,2022-03-31 14:15:00+05:30,2022-03-31 15:00:00+05:30,56.2,55.80714285714286,56.90714285714286,-0.05,EOD-
S336,ASHOKLEY,2022-03-31 14:20:00+05:30,0.2536,0.3119,0,,0.2333,85.71,0.25,0,1.8779,,0,0,0,1,0,1,2022-03-31 14:20:00+05:30,2022-03-31 14:25:00+05:30,2022-03-31 14:35:00+05:30,56.5,56.07142857142857,57.27142857142857,-0.4286,L
S337,ASHOKLEY,2022-04-01 09:25:00+05:30,,,0,,0.6865,0.0,-0.6078,0,0.7913,0.0,3,0,0,0,3,4,2022-04-01 09:40:00+05:30,2022-04-01 09:45:00+05:30,2022-04-01 12:40:00+05:30,56.3,55.83571428571428,57.135714285714286,0.8357,W
S338,ASHOKLEY,2022-04-01 09:55:00+05:30,-0.0134,-0.0089,1,1.0,0.3213,0.0,1.8571,0,0.4895,,0,0,1,1,0,1,2022-04-01 09:55:00+05:30,2022-04-01 10:00:00+05:30,2022-04-01 12:40:00+05:30,56.3,55.75535714285714,57.28035714285714,0.9804,W
S339,ASHOKLEY,2022-04-01 11:30:00+05:30,-0.0044,0.0488,0,,1.5892,66.67,-0.7619,0,0.1729,0.0,3,0,1,0,3,4,2022-04-01 11:45:00+05:30,2022-04-01 11:50:00+05:30,2022-04-01 12:40:00+05:30,56.3,55.96964285714285,56.894642857142856,0.5946,W
S340,ASHOKLEY,2022-04-01 12:35:00+05:30,0.0621,0.0577,8,7.0,1.7818,28.57,0.1905,0,2.5513,,0,0,1,1,0,1,2022-04-01 12:35:00+05:30,2022-04-01 12:40:00+05:30,2022-04-01 12:40:00+05:30,56.4,56.10535714285714,56.93035714285714,0.5304,W
S341,ASHOKLEY,2022-04-04 10:35:00+05:30,0.1611,0.2092,16,16.0,0.0447,0.0,5.6667,0,0.1711,,0,1,1,1,0,1,2022-04-04 10:35:00+05:30,2022-04-04 10:40:00+05:30,2022-04-04 11:15:00+05:30,57.5,57.08035714285714,58.25535714285715,0.7554,W
S342,ASHOKLEY,2022-04-04 12:10:00+05:30,0.2928,0.2803,17,11.0,0.48,50.0,-1.0,0,0.6385,0.0,1,1,0,0,1,2,2022-04-04 12:15:00+05:30,2022-04-04 12:20:00+05:30,2022-04-04 12:50:00+05:30,58.15,57.8375,58.7125,-0.3125,L
S343,ASHOKLEY,2022-04-04 12:25:00+05:30,0.2494,0.2928,0,,0.3694,50.0,0.0526,0,1.6891,,0,1,0,1,0,1,2022-04-04 12:25:00+05:30,2022-04-04 12:30:00+05:30,2022-04-04 12:40:00+05:30,58.4,58.07857142857143,58.97857142857142,-0.3214,L
S344,ASHOKLEY,2022-04-04 13:00:00+05:30,-0.1076,0.0301,0,,1.9571,40.0,-0.854,0,0.8878,0.0,3,0,0,0,3,4,2022-04-04 13:15:00+05:30,2022-04-04 13:20:00+05:30,2022-04-04 15:00:00+05:30,58.1,57.6625,58.8875,-0.1,EOD-
S345,ASHOKLEY,2022-04-04 13:25:00+05:30,-0.0517,-0.1248,0,,0.3646,0.0,0.6,0,0.287,,0,0,1,1,0,1,2022-04-04 13:25:00+05:30,2022-04-04 13:30:00+05:30,2022-04-04 15:00:00+05:30,58.1,57.67142857142857,58.871428571428574,-0.1,EOD-
S346,ASHOKLEY,2022-04-04 13:35:00+05:30,-0.0474,-0.0646,0,,0.2705,0.0,-1.0,0,0.7418,1.0,1,0,0,0,1,2,2022-04-04 13:40:00+05:30,2022-04-04 13:45:00+05:30,2022-04-04 15:00:00+05:30,58.1,57.707142857142856,58.807142857142864,-0.1,EOD-
S347,ASHOKLEY,2022-04-04 14:05:00+05:30,-0.0129,-0.0345,4,4.0,0.2471,25.0,2.3333,0,1.2949,,0,0,0,1,0,1,2022-04-04 14:05:00+05:30,2022-04-04 14:10:00+05:30,2022-04-04 15:00:00+05:30,58.1,57.79642857142857,58.64642857142858,-0.1,EOD-
S348,ASHOKLEY,2022-04-05 12:20:00+05:30,0.0888,0.1143,37,8.0,0.025,50.0,19.0,0,0.906,,0,0,1,1,0,1,2022-04-05 12:20:00+05:30,2022-04-05 12:25:00+05:30,2022-04-05 14:00:00+05:30,59.2,58.95,59.650000000000006,-0.25,L
S349,ASHOKLEY,2022-04-05 12:35:00+05:30,0.0888,0.0888,1,1.0,0.2333,33.33,0.8182,0,0.7384,,0,0,1,1,0,1,2022-04-05 12:35:00+05:30,2022-04-05 12:40:00+05:30,2022-04-05 14:00:00+05:30,59.15,58.85535714285714,59.68035714285714,-0.2946,L
S350,ASHOKLEY,2022-04-05 12:45:00+05:30,0.0423,0.0973,0,,0.2484,100.0,-1.0,0,0.6258,1.0,3,0,1,0,3,4,2022-04-05 13:00:00+05:30,2022-04-05 13:05:00+05:30,2022-04-05 14:00:00+05:30,59.15,58.87321428571428,59.64821428571428,-0.2768,L
S351,ASHOKLEY,2022-04-05 13:10:00+05:30,0.0465,0.0254,0,,0.5704,0.0,-0.0909,0,0.5887,1.0,2,0,1,0,2,3,2022-04-05 13:20:00+05:30,2022-04-05 13:25:00+05:30,2022-04-05 14:00:00+05:30,59.2,58.95892857142857,59.63392857142858,-0.2411,L
S352,ASHOKLEY,2022-04-05 13:35:00+05:30,0.0042,0.0254,2,2.0,0.7667,0.0,0.7391,0,1.3785,,0,0,1,1,0,1,2022-04-05 13:35:00+05:30,2022-04-05 13:40:00+05:30,2022-04-05 13:55:00+05:30,59.2,59.0125,59.53750000000001,-0.1875,L
S353,ASHOKLEY,2022-04-05 13:50:00+05:30,0.0169,0.0042,1,1.0,1.0294,0.0,0.6,0,2.0432,,0,0,0,1,0,1,2022-04-05 13:50:00+05:30,2022-04-05 13:55:00+05:30,2022-04-05 13:55:00+05:30,59.2,59.04821428571429,59.47321428571429,-0.1518,L
S354,ASHOKLEY,2022-04-05 14:15:00+05:30,-0.0761,-0.0169,0,,1.9031,25.0,-0.5402,0,2.2861,1.0,3,1,1,0,3,4,2022-04-05 14:30:00+05:30,2022-04-05 14:35:00+05:30,2022-04-05 14:40:00+05:30,59.3,59.014285714285705,59.81428571428572,0.5143,W
S355,ASHOKLEY,2022-04-06 09:15:00+05:30,,,0,,1.4443,11.11,-0.0184,0,1.1859,0.0,1,0,0,0,1,2,2022-04-06 09:20:00+05:30,2022-04-06 09:25:00+05:30,2022-04-06 15:00:00+05:30,59.4,58.69464285714285,60.66964285714286,0.4,EOD+
S356,ASHOKLEY,2022-04-06 10:05:00+05:30,-0.1605,0.0927,0,,1.8565,100.0,-1.0,0,0.4203,0.0,3,0,1,0,3,4,2022-04-06 10:20:00+05:30,2022-04-06 10:25:00+05:30,2022-04-06 15:00:00+05:30,59.2,58.58392857142857,60.30892857142858,0.6,EOD+
S357,ASHOKLEY,2022-04-06 10:35:00+05:30,-0.0084,-0.2113,2,1.0,0.3281,83.33,-0.3333,0,0.3174,0.0,1,0,0,0,1,2,2022-04-06 10:40:00+05:30,2022-04-06 10:45:00+05:30,2022-04-06 15:00:00+05:30,59.2,58.62857142857143,60.22857142857144,0.6,EOD+
S358,ASHOKLEY,2022-04-06 11:15:00+05:30,-0.038,0.0253,6,3.0,0.1114,33.33,4.7143,0,0.2886,,0,0,1,1,0,1,2022-04-06 11:15:00+05:30,2022-04-06 11:20:00+05:30,2022-04-06 15:00:00+05:30,59.25,58.85714285714286,59.95714285714285,0.7071,W
S359,ASHOKLEY,2022-04-06 11:25:00+05:30,-0.0084,-0.0169,0,,0.5409,0.0,1.3529,0,2.1101,,0,0,0,1,0,1,2022-04-06 11:25:00+05:30,2022-04-06 11:30:00+05:30,2022-04-06 15:00:00+05:30,59.3,58.90714285714286,60.007142857142846,0.5,EOD+
S360,ASHOKLEY,2022-04-06 13:25:00+05:30,0.105,0.1303,23,7.0,0.4,66.67,0.0,0,2.1248,0.0,1,0,0,0,1,2,2022-04-06 13:30:00+05:30,2022-04-06 13:35:00+05:30,2022-04-06 15:00:00+05:30,59.6,59.2875,60.16250000000001,0.2,EOD+
S361,ASHOKLEY,2022-04-07 09:15:00+05:30,,,0,,0.6759,78.95,0.4286,0,2.9782,,0,0,0,1,0,1,2022-04-07 09:15:00+05:30,2022-04-07 09:20:00+05:30,2022-04-07 15:00:00+05:30,60.5,59.98214285714285,61.432142857142864,0.1,EOD+
S362,ASHOKLEY,2022-04-07 14:10:00+05:30,-0.3256,-0.4156,0,,1.43,100.0,-1.0,0,1.1795,1.0,3,0,0,0,3,4,2022-04-07 14:25:00+05:30,2022-04-07 14:30:00+05:30,2022-04-07 15:00:00+05:30,60.6,59.975,61.725,0.0,EOD-
S363,ASHOKLEY,2022-04-08 09:30:00+05:30,,,3,2.0,0.0972,37.5,5.0,0,1.4713,,0,0,0,1,0,1,2022-04-08 09:30:00+05:30,2022-04-08 09:35:00+05:30,2022-04-08 12:35:00+05:30,60.7,60.05714285714286,61.85714285714287,1.1571,W
S364,ASHOKLEY,2022-04-08 09:40:00+05:30,0.1607,,0,,0.4324,33.33,-1.0,0,1.1433,1.0,1,0,1,0,1,2,2022-04-08 09:45:00+05:30,2022-04-08 09:50:00+05:30,2022-04-08 12:35:00+05:30,60.9,60.29285714285714,61.99285714285715,1.0929,W
S365,ASHOKLEY,2022-04-08 11:10:00+05:30,0.1918,0.3187,17,12.0,0.0737,66.67,2.3333,0,0.7381,,0,0,0,1,0,1,2022-04-08 11:10:00+05:30,2022-04-08 11:15:00+05:30,2022-04-08 14:00:00+05:30,61.3,60.79107142857143,62.21607142857143,0.9161,W
S366,ASHOKLEY,2022-04-08 11:20:00+05:30,0.2486,0.2286,0,,0.2423,0.0,1.2222,0,0.9646,,0,0,0,1,0,1,2022-04-08 11:20:00+05:30,2022-04-08 11:25:00+05:30,2022-04-08 14:00:00+05:30,61.4,60.93571428571428,62.23571428571429,0.8357,W
S367,ASHOKLEY,2022-04-08 12:05:00+05:30,0.1219,0.1383,8,1.0,0.0833,50.0,7.0,0,0.6975,,0,0,1,1,0,1,2022-04-08 12:05:00+05:30,2022-04-08 12:10:00+05:30,2022-04-08 14:00:00+05:30,61.55,61.17499999999999,62.225,0.675,W
S368,ASHOKLEY,2022-04-08 13:30:00+05:30,0.1777,0.2506,15,8.0,0.4333,0.0,1.3077,0,0.654,,0,0,0,1,0,1,2022-04-08 13:30:00+05:30,2022-04-08 13:35:00+05:30,2022-04-08 15:00:00+05:30,62.0,61.625,62.675,0.3,EOD+
S369,ASHOKLEY,2022-04-08 13:45:00+05:30,0.1412,0.1777,1,1.0,0.4605,25.0,-0.2,0,0.8034,0.0,1,0,0,0,1,2,2022-04-08 13:50:00+05:30,2022-04-08 13:55:00+05:30,2022-04-08 15:00:00+05:30,62.15,61.81071428571428,62.760714285714286,0.15,EOD+
S370,ASHOKLEY,2022-04-11 09:15:00+05:30,,,0,,0.3017,10.0,2.2,0,2.9131,,0,1,0,1,0,1,2022-04-11 09:15:00+05:30,2022-04-11 09:20:00+05:30,2022-04-11 15:00:00+05:30,62.45,61.93214285714286,63.38214285714286,0.55,EOD+
S371,ASHOKLEY,2022-04-11 09:25:00+05:30,,,1,1.0,0.3609,0.0,1.4242,0,0.9628,,0,0,0,1,0,1,2022-04-11 09:25:00+05:30,2022-04-11 09:30:00+05:30,2022-04-11 15:00:00+05:30,62.4,61.82857142857143,63.42857142857142,0.6,EOD+
S372,ASHOKLEY,2022-04-11 11:00:00+05:30,0.3497,0.414,18,6.0,0.1273,50.0,1.5,0,0.6388,,0,0,1,1,0,1,2022-04-11 11:00:00+05:30,2022-04-11 11:05:00+05:30,2022-04-11 15:00:00+05:30,62.95,62.55714285714286,63.65714285714287,0.05,EOD+
S373,ASHOKLEY,2022-04-11 11:10:00+05:30,0.2343,0.3975,0,,0.6682,33.33,-1.0,0,0.585,0.0,2,0,0,0,2,3,2022-04-11 11:20:00+05:30,2022-04-11 11:25:00+05:30,2022-04-11 13:55:00+05:30,63.0,62.60714285714285,63.70714285714286,-0.3929,L
S374,ASHOKLEY,2022-04-11 11:30:00+05:30,0.0992,0.1588,0,,0.6533,75.0,-0.5238,0,0.6728,,0,0,0,1,0,1,2022-04-11 11:30:00+05:30,2022-04-11 11:35:00+05:30,2022-04-11 13:55:00+05:30,63.1,62.698214285714286,63.82321428571429,-0.4018,L
S375,ASHOKLEY,2022-04-11 12:20:00+05:30,0.0515,0.0911,9,8.0,0.06,100.0,-1.0,0,0.7902,0.0,1,0,1,0,1,2,2022-04-11 12:25:00+05:30,2022-04-11 12:30:00+05:30,2022-04-11 13:25:00+05:30,63.15,62.837500000000006,63.71249999999999,-0.3125,L
S376,ASHOKLEY,2022-04-11 12:35:00+05:30,0.0317,0.0515,0,,0.1256,66.67,-1.0,0,1.1162,,0,0,1,1,0,1,2022-04-11 12:35:00+05:30,2022-04-11 12:40:00+05:30,2022-04-11 13:25:00+05:30,63.2,62.851785714285725,63.826785714285705,-0.3482,L
S377,ASHOKLEY,2022-04-11 12:45:00+05:30,0.0594,0.0277,0,,0.9902,25.0,0.0345,0,2.2362,,0,0,0,1,0,1,2022-04-11 12:45:00+05:30,2022-04-11 12:50:00+05:30,2022-04-11 13:25:00+05:30,63.2,62.83392857142858,63.85892857142856,-0.3661,L
S378,ASHOKLEY,2022-04-11 13:55:00+05:30,-0.1667,-0.1269,0,,2.73,66.67,-0.7436,0,0.8063,0.0,3,0,1,0,3,4,2022-04-11 14:10:00+05:30,2022-04-11 14:15:00+05:30,2022-04-11 15:00:00+05:30,63.0,62.64285714285714,63.642857142857146,0.0,EOD-
S379,ASHOKLEY,2022-04-11 14:20:00+05:30,-0.0755,-0.1588,0,,0.2902,0.0,1.3529,0,0.9664,,0,1,1,1,0,1,2022-04-11 14:20:00+05:30,2022-04-11 14:25:00+05:30,2022-04-11 15:00:00+05:30,63.1,62.73392857142857,63.75892857142858,-0.3661,L
S380,ASHOKLEY,2022-04-11 14:30:00+05:30,-0.0516,-0.1112,1,1.0,0.5133,40.0,0.8182,0,0.9156,,0,0,0,1,0,1,2022-04-11 14:30:00+05:30,2022-04-11 14:35:00+05:30,2022-04-11 15:00:00+05:30,63.0,62.598214285714285,63.723214285714285,0.0,EOD-
S381,ASHOKLEY,2022-04-12 10:30:00+05:30,-0.6676,-0.6125,0,,2.0553,50.0,-0.8551,0,0.4583,1.0,3,1,0,0,3,4,2022-04-12 10:45:00+05:30,2022-04-12 10:50:00+05:30,2022-04-12 15:00:00+05:30,61.65,60.81071428571428,63.160714285714285,1.0,EOD+
S382,ASHOKLEY,2022-04-12 12:30:00+05:30,0.2661,0.4118,20,3.0,0.0,66.67,,1,0.6808,0.0,1,0,0,0,1,2,2022-04-12 12:35:00+05:30,2022-04-12 12:40:00+05:30,2022-04-12 13:30:00+05:30,62.1,61.64464285714286,62.91964285714285,-0.4554,L
S383,ASHOKLEY,2022-04-12 12:45:00+05:30,0.1651,0.2661,1,1.0,0.0977,66.67,2.3333,0,0.6781,,0,0,1,1,0,1,2022-04-12 12:45:00+05:30,2022-04-12 12:50:00+05:30,2022-04-12 13:25:00+05:30,62.1,61.71607142857143,62.79107142857142,-0.3839,L
S384,ASHOKLEY,2022-04-12 12:55:00+05:30,0.1771,0.1853,1,1.0,0.0683,50.0,4.0,0,0.5605,,0,0,1,1,0,1,2022-04-12 12:55:00+05:30,2022-04-12 13:00:00+05:30,2022-04-12 13:25:00+05:30,62.15,61.783928571428575,62.80892857142857,-0.3661,L
S385,ASHOKLEY,2022-04-12 13:35:00+05:30,-0.1491,0.0121,0,,2.3187,25.0,-0.7484,0,1.216,0.0,3,0,1,0,3,4,2022-04-12 13:50:00+05:30,2022-04-12 13:55:00+05:30,2022-04-12 15:00:00+05:30,62.0,61.57142857142857,62.77142857142857,0.7714,W
S386,ASHOKLEY,2022-04-13 09:40:00+05:30,0.1162,,5,5.0,0.341,25.0,0.5789,0,0.4131,,0,0,0,1,0,1,2022-04-13 09:40:00+05:30,2022-04-13 09:45:00+05:30,2022-04-13 12:20:00+05:30,62.45,61.75357142857143,63.70357142857143,-0.6964,L
S387,ASHOKLEY,2022-04-13 09:50:00+05:30,0.0961,,0,,0.0645,33.33,1.8571,0,0.2224,,0,1,1,1,0,1,2022-04-13 09:50:00+05:30,2022-04-13 09:55:00+05:30,2022-04-13 11:45:00+05:30,62.55,61.871428571428574,63.771428571428565,-0.6786,L
S388,ASHOKLEY,2022-04-13 10:50:00+05:30,0.0281,-0.0842,0,,1.358,0.0,-0.5876,0,1.4991,1.0,3,0,0,0,3,4,2022-04-13 11:05:00+05:30,2022-04-13 11:10:00+05:30,2022-04-13 11:45:00+05:30,62.3,61.85357142857143,63.10357142857142,-0.4464,L
S389,ASHOKLEY,2022-04-13 11:15:00+05:30,-0.1325,-0.0682,0,,0.0609,50.0,4.0,0,0.3226,,0,0,1,1,0,1,2022-04-13 11:15:00+05:30,2022-04-13 11:20:00+05:30,2022-04-13 11:45:00+05:30,62.3,61.88928571428571,63.03928571428571,-0.4107,L
S390,ASHOKLEY,2022-04-13 11:25:00+05:30,-0.0763,-0.1124,0,,0.3,0.0,1.2222,0,0.2933,,0,0,0,1,0,1,2022-04-13 11:25:00+05:30,2022-04-13 11:30:00+05:30,2022-04-13 11:45:00+05:30,62.3,61.925,62.975,-0.375,L
S391,ASHOKLEY,2022-04-13 12:40:00+05:30,-0.137,-0.1208,0,,0.8867,100.0,-1.0,0,0.7952,1.0,3,0,0,0,3,4,2022-04-13 12:55:00+05:30,2022-04-13 13:00:00+05:30,2022-04-13 14:45:00+05:30,62.1,61.698214285714286,62.823214285714286,-0.4018,L
S392,ASHOKLEY,2022-04-13 13:05:00+05:30,-0.117,-0.125,0,,0.4667,75.0,-0.2857,0,0.601,,0,0,1,1,0,1,2022-04-13 13:05:00+05:30,2022-04-13 13:10:00+05:30,2022-04-13 14:45:00+05:30,62.1,61.725,62.775,-0.375,L
S393,ASHOKLEY,2022-04-13 13:35:00+05:30,0.0121,-0.0524,5,4.0,0.1302,0.0,1.5,0,0.2876,,0,0,1,1,0,1,2022-04-13 13:35:00+05:30,2022-04-13 13:40:00+05:30,2022-04-13 14:45:00+05:30,62.0,61.61607142857143,62.69107142857143,-0.3839,L
S394,ASHOKLEY,2022-04-13 13:45:00+05:30,0.0161,0.0,1,1.0,0.5833,0.0,0.3333,0,0.5727,,0,0,1,1,0,1,2022-04-13 13:45:00+05:30,2022-04-13 13:50:00+05:30,2022-04-13 14:45:00+05:30,62.0,61.67857142857143,62.57857142857143,-0.3214,L
S395,ASHOKLEY,2022-04-13 13:55:00+05:30,0.0161,0.0242,0,,1.26,33.33,-0.4444,0,0.8532,1.0,1,0,0,0,1,2,2022-04-13 14:00:00+05:30,2022-04-13 14:05:00+05:30,2022-04-13 14:45:00+05:30,62.0,61.64285714285714,62.642857142857146,-0.3571,L
S396,ASHOKLEY,2022-04-18 11:05:00+05:30,-0.226,-0.2586,0,,1.0667,33.33,-0.5833,0,1.5552,1.0,3,0,0,0,3,4,2022-04-18 11:20:00+05:30,2022-04-18 11:25:00+05:30,2022-04-18 12:35:00+05:30,60.95,60.3875,61.962500000000006,-0.5625,L
S397,ASHOKLEY,2022-04-18 11:30:00+05:30,-0.1646,-0.2221,1,1.0,0.7127,25.0,0.4286,0,3.5085,,0,0,0,1,0,1,2022-04-18 11:30:00+05:30,2022-04-18 11:35:00+05:30,2022-04-18 12:35:00+05:30,60.8,60.308928571428574,61.68392857142857,-0.4911,L
S398,ASHOKLEY,2022-04-18 12:50:00+05:30,-0.1318,-0.107,0,,2.7364,60.0,-0.8837,0,1.2655,1.0,3,0,1,0,3,4,2022-04-18 13:05:00+05:30,2022-04-18 13:10:00+05:30,2022-04-18 14:20:00+05:30,60.7,60.30714285714286,61.40714285714287,0.7071,W
S399,ASHOKLEY,2022-04-19 09:35:00+05:30,,,4,4.0,0.3141,0.0,1.2857,0,1.0035,,0,0,0,1,0,1,2022-04-19 09:35:00+05:30,2022-04-19 09:40:00+05:30,2022-04-19 13:10:00+05:30,61.5,60.80357142857143,62.75357142857143,-0.6964,L
S400,ASHOKLEY,2022-04-19 09:55:00+05:30,0.1099,0.175,2,2.0,0.1077,0.0,2.3333,0,0.4623,,0,1,1,1,0,1,2022-04-19 09:55:00+05:30,2022-04-19 10:00:00+05:30,2022-04-19 13:10:00+05:30,61.55,60.85357142857143,62.80357142857142,-0.6964,L
S401,ASHOKLEY,2022-04-19 10:15:00+05:30,0.0773,0.0895,3,2.0,0.0808,33.33,1.2222,0,0.3072,,0,0,1,1,0,1,2022-04-19 10:15:00+05:30,2022-04-19 10:20:00+05:30,2022-04-19 13:10:00+05:30,61.5,60.80357142857143,62.75357142857143,-0.6964,L
S402,ASHOKLEY,2022-04-19 10:30:00+05:30,0.1016,0.0773,1,1.0,0.0792,0.0,5.6667,0,0.3988,,0,0,1,1,0,1,2022-04-19 10:30:00+05:30,2022-04-19 10:35:00+05:30,2022-04-19 12:40:00+05:30,61.6,61.12678571428572,62.45178571428572,-0.4732,L
S403,ASHOKLEY,2022-04-19 10:55:00+05:30,0.0934,0.1381,4,4.0,0.134,50.0,-1.0,0,0.3194,0.0,2,0,0,0,2,3,2022-04-19 11:05:00+05:30,2022-04-19 11:10:00+05:30,2022-04-19 12:40:00+05:30,61.55,61.13035714285714,62.30535714285714,-0.4196,L
S404,ASHOKLEY,2022-04-19 11:15:00+05:30,-0.0081,0.0487,0,,0.2947,0.0,0.25,0,0.7077,,0,0,0,1,0,1,2022-04-19 11:15:00+05:30,2022-04-19 11:20:00+05:30,2022-04-19 12:40:00+05:30,61.55,61.21071428571428,62.160714285714285,-0.3393,L
S405,ASHOKLEY,2022-04-19 11:25:00+05:30,0.0325,0.0162,0,,0.7,100.0,-1.0,0,0.9378,1.0,1,0,0,0,1,2,2022-04-19 11:30:00+05:30,2022-04-19 11:35:00+05:30,2022-04-19 12:40:00+05:30,61.6,61.260714285714286,62.21071428571429,-0.3393,L
S406,ASHOKLEY,2022-04-19 11:40:00+05:30,0.0365,0.0325,0,,0.0946,50.0,3.0,0,0.4067,,0,0,1,1,0,1,2022-04-19 11:40:00+05:30,2022-04-19 11:45:00+05:30,2022-04-19 12:40:00+05:30,61.65,61.31964285714285,62.244642857142864,-0.3304,L
S407,ASHOKLEY,2022-04-19 12:00:00+05:30,-0.0162,0.0325,0,,1.64,50.0,-0.7561,0,0.5126,0.0,3,0,0,0,3,4,2022-04-19 12:15:00+05:30,2022-04-19 12:20:00+05:30,2022-04-19 12:40:00+05:30,61.6,61.2875,62.16250000000001,-0.3125,L
S408,ASHOKLEY,2022-04-19 13:45:00+05:30,-0.1061,-0.1835,0,,0.65,66.67,-1.0,0,0.5696,1.0,3,0,0,0,3,4,2022-04-19 14:00:00+05:30,2022-04-19 14:05:00+05:30,2022-04-19 14:55:00+05:30,61.3,60.8,62.2,-0.5,L
S409,ASHOKLEY,2022-04-19 14:10:00+05:30,-0.1389,-0.1306,0,,0.2471,66.67,0.1111,0,0.6323,,0,0,0,1,0,1,2022-04-19 14:10:00+05:30,2022-04-19 14:15:00+05:30,2022-04-19 14:55:00+05:30,61.2,60.744642857142864,62.019642857142856,-0.4554,L
S410,ASHOKLEY,2022-04-20 09:15:00+05:30,,,0,,2.018,13.33,-0.3125,0,0.7722,0.0,2,0,1,0,2,3,2022-04-20 09:25:00+05:30,2022-04-20 09:30:00+05:30,2022-04-20 15:00:00+05:30,60.7,59.70892857142857,62.48392857142858,0.55,EOD+
S411,ASHOKLEY,2022-04-20 11:00:00+05:30,0.5801,0.5408,18,14.0,0.4875,25.0,0.0256,0,1.008,,0,0,0,1,0,1,2022-04-20 11:00:00+05:30,2022-04-20 11:05:00+05:30,2022-04-20 11:45:00+05:30,61.2,60.7,62.1,-0.5,L
S412,ASHOKLEY,2022-04-20 12:10:00+05:30,-0.1105,-0.1922,0,,1.05,66.67,-1.0,0,0.7914,1.0,3,1,1,0,3,4,2022-04-20 12:25:00+05:30,2022-04-20 12:30:00+05:30,2022-04-20 13:55:00+05:30,61.2,60.71785714285714,62.06785714285715,-0.4821,L
S413,ASHOKLEY,2022-04-20 13:25:00+05:30,0.1349,0.0614,0,,0.3872,0.0,-1.0,0,0.9752,1.0,3,1,1,0,3,4,2022-04-20 13:40:00+05:30,2022-04-20 13:45:00+05:30,2022-04-20 13:50:00+05:30,61.25,60.83035714285714,62.00535714285715,-0.4196,L
S414,ASHOKLEY,2022-04-21 10:25:00+05:30,0.2544,0.3559,14,14.0,0.053,50.0,-1.0,0,0.2536,,0,0,0,1,0,1,2022-04-21 10:25:00+05:30,2022-04-21 10:30:00+05:30,2022-04-21 15:00:00+05:30,62.0,61.410714285714285,63.06071428571429,-0.1,EOD-
S415,ASHOKLEY,2022-04-21 12:00:00+05:30,-0.1172,-0.1131,0,,1.7281,50.0,-1.0,0,0.3749,0.0,3,0,1,0,3,4,2022-04-21 12:15:00+05:30,2022-04-21 12:20:00+05:30,2022-04-21 13:55:00+05:30,61.85,61.56428571428572,62.364285714285714,-0.2857,L
S416,ASHOKLEY,2022-04-21 12:25:00+05:30,-0.0607,-0.1092,0,,0.0903,0.0,9.0,0,0.8146,,0,0,1,1,0,1,2022-04-21 12:25:00+05:30,2022-04-21 12:30:00+05:30,2022-04-21 12:50:00+05:30,61.9,61.62321428571428,62.39821428571428,-0.2768,L
S417,ASHOKLEY,2022-04-21 12:35:00+05:30,-0.0324,-0.0809,0,,0.0219,0.0,39.0,0,0.9551,,0,0,0,1,0,1,2022-04-21 12:35:00+05:30,2022-04-21 12:40:00+05:30,2022-04-21 12:50:00+05:30,61.9,61.614285714285714,62.41428571428572,-0.2857,L
S418,ASHOKLEY,2022-04-21 12:50:00+05:30,-0.0324,-0.0324,2,1.0,1.5647,33.33,0.0526,0,2.7489,,0,0,0,1,0,1,2022-04-21 12:50:00+05:30,2022-04-21 12:55:00+05:30,2022-04-21 15:00:00+05:30,61.8,61.49642857142857,62.346428571428575,0.1,EOD+
S419,ASHOKLEY,2022-04-21 13:00:00+05:30,0.004,-0.0243,1,1.0,0.0412,0.0,19.0,0,0.4744,,0,0,1,1,0,1,2022-04-21 13:00:00+05:30,2022-04-21 13:05:00+05:30,2022-04-21 13:55:00+05:30,61.9,61.59642857142857,62.44642857142858,-0.3036,L
S420,ASHOKLEY,2022-04-21 13:10:00+05:30,0.0283,-0.0121,1,1.0,0.4605,20.0,0.6,0,6.4042,,0,0,0,1,0,1,2022-04-21 13:10:00+05:30,2022-04-21 13:15:00+05:30,2022-04-21 13:55:00+05:30,61.85,61.510714285714286,62.460714285714296,-0.3393,L
S421,ASHOKLEY,2022-04-21 14:00:00+05:30,-0.0728,-0.0121,0,,1.925,100.0,-1.0,0,1.6121,1.0,3,0,1,0,3,4,2022-04-21 14:15:00+05:30,2022-04-21 14:20:00+05:30,2022-04-21 15:00:00+05:30,61.85,61.49285714285715,62.49285714285715,0.05,EOD+
S422,ASHOKLEY,2022-04-22 10:15:00+05:30,-0.2404,-0.3052,0,,0.9091,0.0,-0.6,0,0.6652,1.0,3,0,0,0,3,4,2022-04-22 10:30:00+05:30,2022-04-22 10:35:00+05:30,2022-04-22 12:40:00+05:30,61.3,60.6125,62.5375,1.2375,W
S423,ASHOKLEY,2022-04-22 11:20:00+05:30,0.1144,-0.1063,9,3.0,0.15,50.0,-1.0,0,0.7994,0.0,2,0,1,0,2,3,2022-04-22 11:30:00+05:30,2022-04-22 11:35:00+05:30,2022-04-22 12:35:00+05:30,61.25,61.00000000000001,61.7,0.45,W
S424,ASHOKLEY,2022-04-22 12:30:00+05:30,0.0652,0.0978,10,7.0,0.68,50.0,0.1765,0,1.7909,,0,0,1,1,0,1,2022-04-22 12:30:00+05:30,2022-04-22 12:35:00+05:30,2022-04-22 12:35:00+05:30,61.5,61.1875,62.0625,0.5625,W
S425,ASHOKLEY,2022-04-25 10:45:00+05:30,-0.4744,-0.4078,0,,1.0281,0.0,-1.0,0,0.4286,1.0,3,0,1,0,3,4,2022-04-25 11:00:00+05:30,2022-04-25 11:05:00+05:30,2022-04-25 12:20:00+05:30,61.0,60.42857142857143,62.02857142857143,-0.5714,L
S426,ASHOKLEY,2022-04-25 11:45:00+05:30,-0.0943,-0.0984,0,,1.5711,0.0,-0.802,0,2.0347,1.0,3,0,0,0,3,4,2022-04-25 12:00:00+05:30,2022-04-25 12:05:00+05:30,2022-04-25 12:20:00+05:30,60.9,60.49821428571428,61.62321428571428,-0.4018,L
S427,ASHOKLEY,2022-04-25 12:30:00+05:30,-0.1892,-0.0945,0,,2.6353,100.0,-1.0,0,2.063,1.0,3,0,0,0,3,4,2022-04-25 12:45:00+05:30,2022-04-25 12:50:00+05:30,2022-04-25 14:40:00+05:30,60.75,60.29464285714286,61.56964285714285,-0.4554,L
S428,ASHOKLEY,2022-04-25 13:55:00+05:30,0.0822,0.111,12,8.0,0.3125,75.0,-1.0,0,0.9472,1.0,1,0,0,0,1,2,2022-04-25 14:00:00+05:30,2022-04-25 14:05:00+05:30,2022-04-25 14:40:00+05:30,60.95,60.45,61.85000000000001,-0.5,L
S429,ASHOKLEY,2022-04-26 11:25:00+05:30,0.0595,0.4246,26,23.0,0.8225,100.0,-1.0,0,2.5726,0.0,1,0,0,0,1,2,2022-04-26 11:30:00+05:30,2022-04-26 11:35:00+05:30,2022-04-26 12:30:00+05:30,63.1,62.74285714285714,63.742857142857154,-0.3571,L
S430,ASHOKLEY,2022-04-27 09:15:00+05:30,,,0,,4.172,43.75,-0.6644,0,2.3055,0.0,1,0,0,0,1,2,2022-04-27 09:20:00+05:30,2022-04-27 09:25:00+05:30,2022-04-27 09:30:00+05:30,62.5,62.05357142857143,63.30357142857142,-0.4464,L
S431,ASHOKLEY,2022-04-27 13:10:00+05:30,-0.2741,-0.1838,0,,2.6133,50.0,-0.881,0,1.18,1.0,3,0,0,0,3,4,2022-04-27 13:25:00+05:30,2022-04-27 13:30:00+05:30,2022-04-27 14:30:00+05:30,61.2,60.798214285714295,61.92321428571428,0.7232,W
S432,ASHOKLEY,2022-04-28 09:15:00+05:30,,,0,,0.1487,33.33,-1.0,0,2.5767,,0,0,0,1,0,1,2022-04-28 09:15:00+05:30,2022-04-28 09:20:00+05:30,2022-04-28 15:00:00+05:30,61.6,60.885714285714286,62.885714285714286,0.3,EOD+
S433,ASHOKLEY,2022-04-28 09:25:00+05:30,,,0,,0.7733,25.0,-0.1579,0,0.9965,,0,0,0,1,0,1,2022-04-28 09:25:00+05:30,2022-04-28 09:30:00+05:30,2022-04-28 15:00:00+05:30,61.6,60.832142857142856,62.98214285714286,0.3,EOD+
S434,ASHOKLEY,2022-04-28 12:00:00+05:30,-0.1627,-0.1138,0,,1.12,0.0,-0.5833,0,1.3595,1.0,3,0,1,0,3,4,2022-04-28 12:15:00+05:30,2022-04-28 12:20:00+05:30,2022-04-28 12:25:00+05:30,61.5,61.23214285714285,61.98214285714286,-0.2679,L
S435,ASHOKLEY,2022-04-28 12:25:00+05:30,-0.0814,-0.1546,0,,1.8667,75.0,-0.7727,0,1.9414,0.0,3,0,0,0,3,4,2022-04-28 12:40:00+05:30,2022-04-28 12:45:00+05:30,2022-04-28 14:25:00+05:30,61.5,61.205357142857146,62.03035714285714,0.5304,W
S436,ASHOKLEY,2022-04-28 12:50:00+05:30,-0.0041,-0.0448,0,,0.1324,25.0,-1.0,0,1.8252,,0,0,0,1,0,1,2022-04-28 12:50:00+05:30,2022-04-28 12:55:00+05:30,2022-04-28 14:25:00+05:30,61.45,61.11964285714286,62.04464285714286,0.5946,W
S437,ASHOKLEY,2022-04-29 09:50:00+05:30,0.2773,,7,7.0,0.5283,70.0,-0.25,0,0.9555,0.0,1,1,1,0,1,2,2022-04-29 09:55:00+05:30,2022-04-29 10:00:00+05:30,2022-04-29 11:20:00+05:30,62.3,61.35357142857143,64.00357142857142,-0.9464,L
S438,ASHOKLEY,2022-04-29 11:40:00+05:30,-0.3035,-0.4163,0,,0.6517,66.67,-1.0,0,0.5694,1.0,3,0,1,0,3,4,2022-04-29 11:55:00+05:30,2022-04-29 12:00:00+05:30,2022-04-29 15:00:00+05:30,61.9,61.38214285714286,62.832142857142856,-0.5179,L
S439,ASHOKLEY,2022-04-29 12:25:00+05:30,0.0283,-0.0243,5,5.0,0.398,100.0,-1.0,0,0.308,0.0,1,0,0,0,1,2,2022-04-29 12:30:00+05:30,2022-04-29 12:35:00+05:30,2022-04-29 15:00:00+05:30,61.8,61.34464285714286,62.61964285714285,-0.4554,L
S440,ASHOKLEY,2022-04-29 13:15:00+05:30,0.1131,0.0566,8,5.0,0.1355,100.0,-1.0,0,0.5308,0.0,2,0,1,0,2,3,2022-04-29 13:25:00+05:30,2022-04-29 13:30:00+05:30,2022-04-29 13:55:00+05:30,61.95,61.67321428571429,62.44821428571429,-0.2768,L
S441,ASHOKLEY,2022-04-29 13:35:00+05:30,0.0646,0.1131,0,,0.0,50.0,,1,2.0215,1.0,1,0,0,0,1,2,2022-04-29 13:40:00+05:30,2022-04-29 13:45:00+05:30,2022-04-29 13:55:00+05:30,62.0,61.723214285714285,62.49821428571429,-0.2768,L
S442,ASHOKLEY,2022-04-29 14:10:00+05:30,-0.0364,-0.0242,0,,1.3702,40.0,-0.7826,0,3.3532,1.0,3,0,1,0,3,4,2022-04-29 14:25:00+05:30,2022-04-29 14:30:00+05:30,2022-04-29 15:00:00+05:30,61.9,61.48035714285714,62.65535714285714,-0.4196,L
S443,ASHOKLEY,2022-05-02 10:05:00+05:30,-0.8494,-1.0103,0,,0.8764,66.67,-0.8701,0,0.5123,0.0,3,0,0,0,3,4,2022-05-02 10:20:00+05:30,2022-05-02 10:25:00+05:30,2022-05-02 15:00:00+05:30,60.3,59.20178571428571,62.27678571428572,0.3,EOD+
S444,ASHOKLEY,2022-05-02 11:40:00+05:30,0.4326,0.7101,0,,1.4942,33.33,-0.6396,0,0.6809,0.0,3,0,0,0,3,4,2022-05-02 11:55:00+05:30,2022-05-02 12:00:00+05:30,2022-05-02 14:15:00+05:30,60.8,60.33571428571428,61.63571428571429,-0.4643,L
S445,ASHOKLEY,2022-05-02 12:35:00+05:30,0.119,0.193,6,2.0,0.2196,33.33,2.75,0,3.1676,,0,0,0,1,0,1,2022-05-02 12:35:00+05:30,2022-05-02 12:40:00+05:30,2022-05-02 13:25:00+05:30,61.05,60.59464285714285,61.86964285714286,-0.4554,L
S446,ASHOKLEY,2022-05-04 11:05:00+05:30,-0.0783,-0.0371,0,,1.1978,0.0,-0.2208,0,1.3498,1.0,3,1,1,0,3,4,2022-05-04 11:20:00+05:30,2022-05-04 11:25:00+05:30,2022-05-04 12:15:00+05:30,60.7,60.29821428571429,61.42321428571429,-0.4018,L
S447,ASHOKLEY,2022-05-04 11:45:00+05:30,-0.1446,-0.1114,0,,1.3271,0.0,-0.5604,0,0.8398,0.0,3,0,1,0,3,4,2022-05-04 12:00:00+05:30,2022-05-04 12:05:00+05:30,2022-05-04 12:30:00+05:30,60.6,60.17142857142857,61.371428571428574,-0.4286,L
S448,ASHOKLEY,2022-05-05 09:15:00+05:30,,,0,,0.1309,18.18,3.3478,0,1.4853,,0,1,0,1,0,1,2022-05-05 09:15:00+05:30,2022-05-05 09:20:00+05:30,2022-05-05 12:10:00+05:30,58.65,57.55178571428572,60.6267857142857,1.9768,W
S449,ASHOKLEY,2022-05-05 10:45:00+05:30,0.6256,0.7125,17,8.0,0.5955,100.0,-1.0,0,2.9409,1.0,3,0,0,0,3,4,2022-05-05 11:00:00+05:30,2022-05-05 11:05:00+05:30,2022-05-05 12:10:00+05:30,59.5,58.90178571428571,60.57678571428572,1.0768,W
S450,ASHOKLEY,2022-05-05 11:15:00+05:30,0.2653,0.4554,2,2.0,0.8273,66.67,-0.3846,0,1.5883,1.0,2,0,0,0,2,3,2022-05-05 11:25:00+05:30,2022-05-05 11:30:00+05:30,2022-05-05 12:10:00+05:30,59.4,58.90892857142857,60.283928571428575,0.8839,W
S451,ASHOKLEY,2022-05-05 11:35:00+05:30,0.0168,0.2148,0,,0.5375,66.67,-0.5349,0,1.1995,1.0,2,0,0,0,2,3,2022-05-05 11:45:00+05:30,2022-05-05 11:50:00+05:30,2022-05-05 12:10:00+05:30,59.6,59.1,60.5,0.9,W
S452,ASHOKLEY,2022-05-05 14:10:00+05:30,-0.8941,-0.4592,0,,3.4372,50.0,-0.8433,0,1.724,1.0,3,0,0,0,3,4,2022-05-05 14:25:00+05:30,2022-05-05 14:30:00+05:30,2022-05-05 15:00:00+05:30,59.55,58.85357142857143,60.80357142857142,-0.15,EOD-
S453,ASHOKLEY,2022-05-06 09:35:00+05:30,,,0,,2.2556,50.0,-0.8851,0,0.4946,0.0,3,0,0,0,3,4,2022-05-06 09:50:00+05:30,2022-05-06 09:55:00+05:30,2022-05-06 11:10:00+05:30,59.1,58.135714285714286,60.83571428571429,-0.9643,L
S454,ASHOKLEY,2022-05-06 13:10:00+05:30,-0.3522,-0.334,0,,2.0279,0.0,-0.797,0,1.0376,1.0,3,0,1,0,3,4,2022-05-06 13:25:00+05:30,2022-05-06 13:30:00+05:30,2022-05-06 14:35:00+05:30,57.5,56.89285714285714,58.59285714285715,-0.6071,L
S455,ASHOKLEY,2022-05-06 13:40:00+05:30,-0.0566,-0.3441,1,1.0,0.4179,83.33,-0.5,0,0.7531,1.0,1,0,1,0,1,2,2022-05-06 13:45:00+05:30,2022-05-06 13:50:00+05:30,2022-05-06 14:35:00+05:30,57.5,56.90178571428571,58.57678571428572,-0.5982,L
S456,ASHOKLEY,2022-05-06 14:05:00+05:30,0.0392,0.0,3,2.0,0.9162,0.0,0.3483,0,1.0578,,0,0,0,1,0,1,2022-05-06 14:05:00+05:30,2022-05-06 14:10:00+05:30,2022-05-06 14:35:00+05:30,57.5,56.89285714285714,58.59285714285714,-0.6071,L
S457,ASHOKLEY,2022-05-09 10:20:00+05:30,-0.5755,-0.7247,0,,1.238,50.0,-0.8131,0,0.3222,0.0,3,0,0,0,3,4,2022-05-09 10:35:00+05:30,2022-05-09 10:40:00+05:30,2022-05-09 15:00:00+05:30,55.85,54.769642857142856,57.79464285714286,0.5,EOD+
S458,ASHOKLEY,2022-05-09 11:20:00+05:30,-0.0765,-0.3418,0,,2.2928,25.0,-0.7345,0,0.838,1.0,3,0,1,0,3,4,2022-05-09 11:35:00+05:30,2022-05-09 11:40:00+05:30,2022-05-09 14:50:00+05:30,55.7,55.08392857142858,56.808928571428574,1.1089,W
S459,ASHOKLEY,2022-05-09 11:50:00+05:30,0.0674,0.045,2,1.0,0.0677,33.33,2.3333,0,1.0119,,0,0,0,1,0,1,2022-05-09 11:50:00+05:30,2022-05-09 11:55:00+05:30,2022-05-09 14:45:00+05:30,55.65,55.096428571428575,56.646428571428565,0.9964,W
S460,ASHOKLEY,2022-05-09 12:00:00+05:30,0.009,0.0899,0,,0.4773,16.67,0.3333,0,2.0949,,0,1,0,1,0,1,2022-05-09 12:00:00+05:30,2022-05-09 12:05:00+05:30,2022-05-09 14:45:00+05:30,55.7,55.110714285714295,56.760714285714286,1.0607,W
S461,ASHOKLEY,2022-05-09 12:10:00+05:30,0.0045,0.0449,0,,0.0778,50.0,4.7143,0,1.1503,,0,0,1,1,0,1,2022-05-09 12:10:00+05:30,2022-05-09 12:15:00+05:30,2022-05-09 14:50:00+05:30,55.8,55.2375,56.81249999999999,1.0125,W
S462,ASHOKLEY,2022-05-09 13:10:00+05:30,0.3086,0.3002,10,5.0,0.4065,50.0,0.1111,0,0.9131,,0,0,1,1,0,1,2022-05-09 13:10:00+05:30,2022-05-09 13:15:00+05:30,2022-05-09 14:50:00+05:30,55.9,55.34642857142857,56.89642857142857,0.9964,W
S463,ASHOKLEY,2022-05-09 13:20:00+05:30,0.1967,0.3535,0,,0.5049,33.33,-0.0909,0,0.6194,,0,0,0,1,0,1,2022-05-09 13:20:00+05:30,2022-05-09 13:25:00+05:30,2022-05-09 14:50:00+05:30,55.9,55.35535714285714,56.88035714285715,0.9804,W
S464,ASHOKLEY,2022-05-09 13:30:00+05:30,0.0983,0.2505,0,,1.1375,25.0,-0.5604,0,0.8024,0.0,1,0,1,0,1,2,2022-05-09 13:35:00+05:30,2022-05-09 13:40:00+05:30,2022-05-09 15:00:00+05:30,56.1,55.6,57.00000000000001,0.25,EOD+
S465,ASHOKLEY,2022-05-09 14:15:00+05:30,0.0089,0.1606,0,,0.5717,100.0,-1.0,0,1.9162,1.0,3,0,0,0,3,4,2022-05-09 14:30:00+05:30,2022-05-09 14:35:00+05:30,2022-05-09 15:00:00+05:30,56.1,55.56428571428572,57.06428571428572,0.25,EOD+
S466,ASHOKLEY,2022-05-10 09:15:00+05:30,,,0,,0.245,89.19,-0.0476,0,2.7534,,0,1,1,1,0,1,2022-05-10 09:15:00+05:30,2022-05-10 09:20:00+05:30,2022-05-10 09:50:00+05:30,58.0,56.92857142857143,59.92857142857143,-1.0714,L
S467,ASHOKLEY,2022-05-10 09:55:00+05:30,0.4757,0.6227,7,7.0,0.1471,100.0,-1.0,0,0.5401,0.0,2,0,0,0,2,3,2022-05-10 10:05:00+05:30,2022-05-10 10:10:00+05:30,2022-05-10 15:00:00+05:30,56.9,55.8375,58.8125,0.4,EOD+
S468,ASHOKLEY,2022-05-10 10:15:00+05:30,0.1803,0.4182,0,,0.0852,50.0,-1.0,0,2.7175,1.0,1,0,0,0,1,2,2022-05-10 10:20:00+05:30,2022-05-10 10:25:00+05:30,2022-05-10 15:00:00+05:30,56.95,55.92321428571429,58.79821428571429,0.35,EOD+
S469,ASHOKLEY,2022-05-10 10:45:00+05:30,0.1799,0.2064,0,,2.9203,83.33,-0.9251,0,0.8734,1.0,3,1,0,0,3,4,2022-05-10 11:00:00+05:30,2022-05-10 11:05:00+05:30,2022-05-10 14:00:00+05:30,57.0,56.42857142857143,58.02857142857143,-0.5714,L
S470,ASHOKLEY,2022-05-10 11:10:00+05:30,-0.3258,-0.0659,0,,0.6724,0.0,0.0959,0,0.2507,,0,0,1,1,0,1,2022-05-10 11:10:00+05:30,2022-05-10 11:15:00+05:30,2022-05-10 14:40:00+05:30,56.8,56.121428571428574,58.021428571428565,1.2214,W
S471,ASHOKLEY,2022-05-10 11:20:00+05:30,-0.2643,-0.2684,1,1.0,0.3545,60.0,-0.4872,0,0.4109,1.0,3,0,0,0,3,4,2022-05-10 11:35:00+05:30,2022-05-10 11:40:00+05:30,2022-05-10 14:40:00+05:30,56.85,56.1625,58.0875,1.2375,W
S472,ASHOKLEY,2022-05-10 11:45:00+05:30,-0.0617,-0.1896,0,,0.0507,50.0,3.0,0,0.1533,,0,0,1,1,0,1,2022-05-10 11:45:00+05:30,2022-05-10 11:50:00+05:30,2022-05-10 14:35:00+05:30,56.8,56.18392857142857,57.90892857142857,1.1089,W
S473,ASHOKLEY,2022-05-10 11:55:00+05:30,-0.0132,-0.0926,0,,0.0108,100.0,-1.0,0,0.2487,,0,0,1,1,0,1,2022-05-10 11:55:00+05:30,2022-05-10 12:00:00+05:30,2022-05-10 14:35:00+05:30,56.8,56.21964285714286,57.84464285714285,1.0446,W
S474,ASHOKLEY,2022-05-10 12:05:00+05:30,-0.0617,-0.0353,0,,0.3667,33.33,0.2121,0,0.2553,,0,0,1,1,0,1,2022-05-10 12:05:00+05:30,2022-05-10 12:10:00+05:30,2022-05-10 14:35:00+05:30,56.7,56.1375,57.7125,1.0125,W
S475,ASHOKLEY,2022-05-10 12:15:00+05:30,-0.0088,-0.0441,0,,0.2558,0.0,0.0526,0,0.4278,,0,0,1,1,0,1,2022-05-10 12:15:00+05:30,2022-05-10 12:20:00+05:30,2022-05-10 14:35:00+05:30,56.7,56.23571428571429,57.535714285714285,0.8357,W
S476,ASHOKLEY,2022-05-10 12:25:00+05:30,0.0397,-0.0441,0,,0.644,66.67,-1.0,0,1.3922,1.0,2,0,0,0,2,3,2022-05-10 12:35:00+05:30,2022-05-10 12:40:00+05:30,2022-05-10 14:00:00+05:30,56.8,56.35357142857143,57.60357142857142,-0.4464,L
S477,ASHOKLEY,2022-05-10 12:45:00+05:30,0.0661,0.0837,0,,0.2286,75.0,0.25,0,1.3062,,0,0,1,1,0,1,2022-05-10 12:45:00+05:30,2022-05-10 12:50:00+05:30,2022-05-10 14:00:00+05:30,56.9,56.462500000000006,57.68749999999999,-0.4375,L
S478,ASHOKLEY,2022-05-10 13:15:00+05:30,0.1583,0.0836,5,2.0,0.1972,87.5,-1.0,0,1.0685,0.0,1,0,0,0,1,2,2022-05-10 13:20:00+05:30,2022-05-10 13:25:00+05:30,2022-05-10 14:00:00+05:30,57.0,56.36607142857143,58.14107142857142,-0.6339,L
S479,ASHOKLEY,2022-05-10 13:30:00+05:30,0.0879,0.1583,1,1.0,0.1151,0.0,0.6667,0,1.1175,,0,0,0,1,0,1,2022-05-10 13:30:00+05:30,2022-05-10 13:35:00+05:30,2022-05-10 14:40:00+05:30,56.9,56.24821428571428,58.073214285714286,1.1732,W
S480,ASHOKLEY,2022-05-10 14:10:00+05:30,-0.0088,0.0351,0,,0.728,50.0,-1.0,0,0.8903,0.0,3,0,1,0,3,4,2022-05-10 14:25:00+05:30,2022-05-10 14:30:00+05:30,2022-05-10 14:40:00+05:30,56.95,56.28035714285714,58.15535714285716,1.2054,W
S481,ASHOKLEY,2022-05-11 09:15:00+05:30,,,0,,0.5221,25.0,0.7582,0,1.5647,,0,0,0,1,0,1,2022-05-11 09:15:00+05:30,2022-05-11 09:20:00+05:30,2022-05-11 10:30:00+05:30,57.35,56.260714285714286,59.31071428571428,-1.0893,L
S482,ASHOKLEY,2022-05-11 11:00:00+05:30,-0.2605,-0.2071,0,,1.8287,33.33,-0.8086,0,0.746,0.0,3,0,1,0,3,4,2022-05-11 11:15:00+05:30,2022-05-11 11:20:00+05:30,2022-05-11 12:25:00+05:30,56.6,55.885714285714286,57.885714285714286,-0.7143,L
S483,ASHOKLEY,2022-05-11 11:25:00+05:30,-0.2479,-0.3627,0,,0.5807,100.0,-1.0,0,0.6383,,0,0,0,1,0,1,2022-05-11 11:25:00+05:30,2022-05-11 11:30:00+05:30,2022-05-11 12:40:00+05:30,56.55,55.76428571428571,57.96428571428572,-0.7857,L
S484,ASHOKLEY,2022-05-11 11:35:00+05:30,-0.1018,-0.3053,0,,0.2141,50.0,-1.0,0,0.5061,1.0,1,0,1,0,1,2,2022-05-11 11:40:00+05:30,2022-05-11 11:45:00+05:30,2022-05-11 12:25:00+05:30,56.6,55.84107142857143,57.96607142857143,-0.7589,L
S485,ASHOKLEY,2022-05-11 13:35:00+05:30,-0.5075,-0.5644,0,,1.2634,50.0,-0.7297,0,0.7141,1.0,3,0,1,0,3,4,2022-05-11 13:50:00+05:30,2022-05-11 13:55:00+05:30,2022-05-11 15:00:00+05:30,55.8,55.067857142857136,57.11785714285715,0.1,EOD+
S486,ASHOKLEY,2022-05-12 10:10:00+05:30,-0.7236,-0.8157,0,,1.9168,66.67,-0.8635,0,0.5985,0.0,3,0,0,0,3,4,2022-05-12 10:25:00+05:30,2022-05-12 10:30:00+05:30,2022-05-12 14:45:00+05:30,54.75,53.79464285714286,56.46964285714285,1.7196,W
S487,ASHOKLEY,2022-05-12 11:00:00+05:30,-0.2567,-0.3938,5,4.0,0.1383,33.33,1.5,0,0.3944,,0,0,1,1,0,1,2022-05-12 11:00:00+05:30,2022-05-12 11:05:00+05:30,2022-05-12 14:40:00+05:30,54.7,53.97678571428572,56.00178571428572,1.3018,W
S488,ASHOKLEY,2022-05-12 11:20:00+05:30,0.1465,-0.1421,0,,0.7671,50.0,-1.0,0,1.6309,1.0,3,0,0,0,3,4,2022-05-12 11:35:00+05:30,2022-05-12 11:40:00+05:30,2022-05-12 14:40:00+05:30,55.0,54.348214285714285,56.17321428571428,1.1732,W
S489,ASHOKLEY,2022-05-12 12:30:00+05:30,0.0957,0.2097,10,6.0,0.7444,50.0,-0.403,0,1.3946,0.0,1,0,0,0,1,2,2022-05-12 12:35:00+05:30,2022-05-12 12:40:00+05:30,2022-05-12 14:40:00+05:30,55.0,54.4375,56.0125,1.0125,W
S490,ASHOKLEY,2022-05-12 12:50:00+05:30,0.1729,0.0957,2,2.0,0.2534,50.0,0.9048,0,0.4789,,0,0,0,1,0,1,2022-05-12 12:50:00+05:30,2022-05-12 12:55:00+05:30,2022-05-12 14:40:00+05:30,55.1,54.582142857142856,56.03214285714286,0.9321,W
S491,ASHOKLEY,2022-05-12 13:00:00+05:30,0.2272,0.1274,1,1.0,0.5625,50.0,-0.1111,0,1.2691,1.0,3,0,0,0,3,4,2022-05-12 13:15:00+05:30,2022-05-12 13:20:00+05:30,2022-05-12 14:40:00+05:30,55.4,54.9,56.3,0.9,W
S492,ASHOKLEY,2022-05-13 11:55:00+05:30,0.5404,0.5126,32,1.0,0.1355,75.0,-1.0,0,0.6155,0.0,1,1,0,0,1,2,2022-05-13 12:00:00+05:30,2022-05-13 12:05:00+05:30,2022-05-13 14:15:00+05:30,59.8,59.24642857142857,60.79642857142857,-0.5536,L
S493,ASHOKLEY,2022-05-13 12:30:00+05:30,0.1922,0.2091,4,4.0,0.112,75.0,-1.0,0,0.8024,1.0,2,0,0,0,2,3,2022-05-13 12:40:00+05:30,2022-05-13 12:45:00+05:30,2022-05-13 14:10:00+05:30,60.1,59.43035714285714,61.305357142857154,-0.6696,L
S494,ASHOKLEY,2022-05-13 12:50:00+05:30,0.1252,0.1587,1,1.0,0.168,50.0,2.3333,0,0.9945,,0,0,0,1,0,1,2022-05-13 12:50:00+05:30,2022-05-13 12:55:00+05:30,2022-05-13 14:05:00+05:30,60.2,59.53035714285714,61.40535714285715,-0.6696,L
S495,ASHOKLEY,2022-05-13 13:25:00+05:30,0.179,0.2125,6,4.0,0.04,20.0,14.0,0,0.4788,,0,0,0,1,0,1,2022-05-13 13:25:00+05:30,2022-05-13 13:30:00+05:30,2022-05-13 14:05:00+05:30,60.15,59.525,61.275,-0.625,L
S496,ASHOKLEY,2022-05-13 13:40:00+05:30,0.1829,0.179,2,1.0,0.1247,25.0,0.5385,0,0.3315,,0,0,0,1,0,1,2022-05-13 13:40:00+05:30,2022-05-13 13:45:00+05:30,2022-05-13 14:10:00+05:30,60.15,59.49821428571429,61.32321428571428,-0.6518,L
S497,ASHOKLEY,2022-05-16 09:15:00+05:30,,,0,,2.59,19.05,-0.5135,0,0.6842,0.0,2,1,0,0,2,3,2022-05-16 09:25:00+05:30,2022-05-16 09:30:00+05:30,2022-05-16 15:00:00+05:30,59.3,58.40714285714285,60.90714285714286,0.8,EOD+
S498,ASHOKLEY,2022-05-16 09:45:00+05:30,-0.106,,3,2.0,0.175,40.0,1.2222,0,0.5327,,0,0,0,1,0,1,2022-05-16 09:45:00+05:30,2022-05-16 09:50:00+05:30,2022-05-16 15:00:00+05:30,59.15,58.18571428571428,60.88571428571429,0.95,EOD+
S499,ASHOKLEY,2022-05-16 09:55:00+05:30,-0.0594,-0.1611,1,1.0,0.4226,50.0,-0.375,0,0.2762,1.0,2,1,1,0,2,3,2022-05-16 10:05:00+05:30,2022-05-16 10:10:00+05:30,2022-05-16 15:00:00+05:30,59.25,58.30357142857142,60.95357142857144,0.85,EOD+
S500,ASHOKLEY,2022-05-16 10:50:00+05:30,0.1648,0.2199,8,2.0,0.2046,50.0,-1.0,0,0.5649,1.0,1,0,0,0,1,2,2022-05-16 10:55:00+05:30,2022-05-16 11:00:00+05:30,2022-05-16 14:25:00+05:30,59.2,58.619642857142864,60.24464285714285,1.0446,W
S501,ASHOKLEY,2022-05-16 11:05:00+05:30,0.114,0.1648,1,1.0,0.21,66.67,0.1111,0,0.6353,,0,0,0,1,0,1,2022-05-16 11:05:00+05:30,2022-05-16 11:10:00+05:30,2022-05-16 14:25:00+05:30,59.3,58.76428571428572,60.2642857142857,0.9643,W
S502,ASHOKLEY,2022-05-16 11:15:00+05:30,0.0634,0.1267,0,,0.425,0.0,0.1765,0,0.446,,0,0,1,1,0,1,2022-05-16 11:15:00+05:30,2022-05-16 11:20:00+05:30,2022-05-16 14:20:00+05:30,59.2,58.70000000000001,60.09999999999999,0.9,W
S503,ASHOKLEY,2022-05-16 12:05:00+05:30,-0.1142,-0.0211,0,,1.1125,50.0,-0.7753,0,0.5555,0.0,3,0,0,0,3,4,2022-05-16 12:20:00+05:30,2022-05-16 12:25:00+05:30,2022-05-16 13:55:00+05:30,59.1,58.6,60.0,0.9,W
S504,ASHOKLEY,2022-05-16 12:30:00+05:30,-0.0465,-0.1057,0,,0.4508,83.33,-0.4737,0,1.4557,,0,0,0,1,0,1,2022-05-16 12:30:00+05:30,2022-05-16 12:35:00+05:30,2022-05-16 14:25:00+05:30,59.3,58.77321428571428,60.24821428571428,0.9482,W
S505,ASHOKLEY,2022-05-16 12:40:00+05:30,-0.0296,-0.0762,1,1.0,0.8222,66.67,-0.4595,0,0.9078,0.0,2,0,1,0,2,3,2022-05-16 12:50:00+05:30,2022-05-16 12:55:00+05:30,2022-05-16 14:25:00+05:30,59.2,58.6375,60.212500000000006,1.0125,W
S506,ASHOKLEY,2022-05-16 13:55:00+05:30,0.1939,0.1688,12,11.0,0.0926,28.57,7.8889,0,4.125,,0,0,0,1,0,1,2022-05-16 13:55:00+05:30,2022-05-16 14:00:00+05:30,2022-05-16 15:00:00+05:30,59.7,59.09285714285714,60.79285714285715,0.4,EOD+
S507,ASHOKLEY,2022-05-17 09:15:00+05:30,,,0,,1.0652,40.0,0.1429,0,2.2881,,0,0,1,1,0,1,2022-05-17 09:15:00+05:30,2022-05-17 09:20:00+05:30,2022-05-17 15:00:00+05:30,60.1,59.48392857142858,61.20892857142857,1.1089,W
S508,ASHOKLEY,2022-05-17 09:55:00+05:30,0.0291,0.2367,0,,1.1846,0.0,-0.5455,0,0.3135,0.0,3,0,1,0,3,4,2022-05-17 10:10:00+05:30,2022-05-17 10:15:00+05:30,2022-05-17 15:00:00+05:30,60.2,59.50357142857143,61.45357142857143,0.9,EOD+
S509,ASHOKLEY,2022-05-17 10:20:00+05:30,-0.0457,-0.079,0,,0.196,50.0,-1.0,0,0.8386,1.0,1,0,0,0,1,2,2022-05-17 10:25:00+05:30,2022-05-17 10:30:00+05:30,2022-05-17 15:00:00+05:30,60.35,59.68035714285715,61.55535714285715,0.75,EOD+
S510,ASHOKLEY,2022-05-17 11:05:00+05:30,-0.0083,0.0457,7,6.0,0.4226,0.0,0.25,0,0.4707,,0,0,1,1,0,1,2022-05-17 11:05:00+05:30,2022-05-17 11:10:00+05:30,2022-05-17 14:55:00+05:30,60.2,59.72678571428572,61.05178571428572,0.8518,W
S511,ASHOKLEY,2022-05-17 11:15:00+05:30,-0.0208,-0.0042,0,,0.98,0.0,-0.4286,0,0.6598,0.0,1,0,0,0,1,2,2022-05-17 11:20:00+05:30,2022-05-17 11:25:00+05:30,2022-05-17 14:55:00+05:30,60.2,59.75357142857143,61.00357142857143,0.8036,W
S512,ASHOKLEY,2022-05-17 11:30:00+05:30,0.0374,-0.0208,0,,0.6674,50.0,-1.0,0,0.7547,1.0,2,0,0,0,2,3,2022-05-17 11:40:00+05:30,2022-05-17 11:45:00+05:30,2022-05-17 13:40:00+05:30,60.3,59.91607142857143,60.99107142857143,0.6911,W
S513,ASHOKLEY,2022-05-17 11:50:00+05:30,0.0623,0.0581,0,,0.9692,100.0,-1.0,0,1.5008,1.0,3,0,0,0,3,4,2022-05-17 12:05:00+05:30,2022-05-17 12:10:00+05:30,2022-05-17 13:40:00+05:30,60.3,59.95178571428571,60.926785714285714,0.6268,W
S514,ASHOKLEY,2022-05-17 12:15:00+05:30,-0.0415,0.0332,0,,0.0824,100.0,-1.0,0,0.5239,,0,0,1,1,0,1,2022-05-17 12:15:00+05:30,2022-05-17 12:20:00+05:30,2022-05-17 13:40:00+05:30,60.3,59.99642857142857,60.84642857142857,0.5464,W
S515,ASHOKLEY,2022-05-17 12:25:00+05:30,-0.0457,-0.0415,1,1.0,0.3868,80.0,-0.0476,0,1.2273,0.0,1,0,1,0,1,2,2022-05-17 12:30:00+05:30,2022-05-17 12:35:00+05:30,2022-05-17 13:40:00+05:30,60.3,59.96071428571428,60.910714285714285,0.6107,W
S516,ASHOKLEY,2022-05-17 12:40:00+05:30,-0.0125,-0.0457,0,,0.0163,0.0,39.0,0,0.6055,,0,0,1,1,0,1,2022-05-17 12:40:00+05:30,2022-05-17 12:45:00+05:30,2022-05-17 13:40:00+05:30,60.3,59.91607142857143,60.99107142857142,0.6911,W
S517,ASHOKLEY,2022-05-17 12:55:00+05:30,0.0498,-0.0125,2,2.0,0.5167,50.0,-0.3548,0,0.9417,0.0,1,0,0,0,1,2,2022-05-17 13:00:00+05:30,2022-05-17 13:05:00+05:30,2022-05-17 13:40:00+05:30,60.3,59.925,60.975,0.675,W
S518,ASHOKLEY,2022-05-17 13:20:00+05:30,0.0912,0.0664,3,2.0,0.182,20.0,3.6154,0,2.9557,,0,0,0,1,0,1,2022-05-17 13:20:00+05:30,2022-05-17 13:25:00+05:30,2022-05-17 15:00:00+05:30,60.4,59.95357142857143,61.20357142857142,0.8036,W
S519,ASHOKLEY,2022-05-17 13:30:00+05:30,0.1078,0.0912,1,1.0,0.0404,66.67,-1.0,0,2.1692,,0,0,0,1,0,1,2022-05-17 13:30:00+05:30,2022-05-17 13:35:00+05:30,2022-05-17 15:00:00+05:30,60.5,60.035714285714285,61.33571428571429,0.8357,W
S520,ASHOKLEY,2022-05-17 14:25:00+05:30,0.1651,0.2065,10,9.0,0.448,50.0,0.25,0,0.5236,,0,0,1,1,0,1,2022-05-17 14:25:00+05:30,2022-05-17 14:30:00+05:30,2022-05-17 15:00:00+05:30,60.6,60.15357142857143,61.40357142857143,0.8036,W
S521,ASHOKLEY,2022-05-18 09:15:00+05:30,,,0,,0.5632,94.74,-1.0,0,1.9842,,0,0,0,1,0,1,2022-05-18 09:15:00+05:30,2022-05-18 09:20:00+05:30,2022-05-18 10:00:00+05:30,61.6,60.823214285714286,62.99821428571429,-0.7768,L
S522,ASHOKLEY,2022-05-18 09:30:00+05:30,,,2,2.0,0.2625,40.0,-0.4444,0,0.8342,0.0,2,0,0,0,2,3,2022-05-18 09:40:00+05:30,2022-05-18 09:45:00+05:30,2022-05-18 14:05:00+05:30,61.1,60.24285714285714,62.642857142857146,-0.8571,L
S523,ASHOKLEY,2022-05-18 10:50:00+05:30,-0.3081,-0.2707,0,,1.8755,66.67,-1.0,0,1.0911,0.0,3,0,1,0,3,4,2022-05-18 11:05:00+05:30,2022-05-18 11:10:00+05:30,2022-05-18 12:35:00+05:30,60.8,60.32678571428571,61.65178571428572,-0.4732,L
S524,ASHOKLEY,2022-05-18 12:00:00+05:30,0.1028,0.037,9,9.0,0.2463,33.33,0.0526,0,1.1086,,0,0,0,1,0,1,2022-05-18 12:00:00+05:30,2022-05-18 12:05:00+05:30,2022-05-18 12:35:00+05:30,60.8,60.317857142857136,61.66785714285714,-0.4821,L
S525,ASHOKLEY,2022-05-18 13:15:00+05:30,-0.2515,-0.1688,0,,1.4,50.0,-1.0,0,1.0074,1.0,3,1,0,0,3,4,2022-05-18 13:30:00+05:30,2022-05-18 13:35:00+05:30,2022-05-18 13:50:00+05:30,60.7,60.28035714285715,61.455357142857146,-0.4196,L
S526,ASHOKLEY,2022-05-19 10:20:00+05:30,-0.28,-0.2586,0,,0.5811,50.0,-1.0,0,0.2684,0.0,3,0,1,0,3,4,2022-05-19 10:35:00+05:30,2022-05-19 10:40:00+05:30,2022-05-19 14:15:00+05:30,59.75,58.80357142857143,61.45357142857142,-0.9464,L
S527,ASHOKLEY,2022-05-19 11:05:00+05:30,-0.0419,-0.4116,5,5.0,0.2291,66.67,0.1111,0,0.6122,,0,0,0,1,0,1,2022-05-19 11:05:00+05:30,2022-05-19 11:10:00+05:30,2022-05-19 14:15:00+05:30,59.6,59.10892857142857,60.48392857142857,-0.4911,L
S528,ASHOKLEY,2022-05-19 11:30:00+05:30,0.1424,0.1761,0,,1.7422,0.0,-0.2857,0,0.503,0.0,3,0,0,0,3,4,2022-05-19 11:45:00+05:30,2022-05-19 11:50:00+05:30,2022-05-19 14:10:00+05:30,59.7,59.29821428571429,60.42321428571429,-0.4018,L
S529,ASHOKLEY,2022-05-19 12:10:00+05:30,-0.0335,-0.0209,0,,1.1541,50.0,-1.0,0,1.2824,1.0,3,0,0,0,3,4,2022-05-19 12:25:00+05:30,2022-05-19 12:30:00+05:30,2022-05-19 14:10:00+05:30,59.65,59.31964285714285,60.244642857142864,-0.3304,L
S530,ASHOKLEY,2022-05-19 12:35:00+05:30,-0.0923,-0.0629,0,,0.7,50.0,-1.0,0,3.3138,1.0,2,0,1,0,2,3,2022-05-19 12:45:00+05:30,2022-05-19 12:50:00+05:30,2022-05-19 14:10:00+05:30,59.55,59.201785714285705,60.17678571428572,-0.3482,L
S531,ASHOKLEY,2022-05-19 12:55:00+05:30,-0.0294,-0.0965,0,,0.6282,0.0,0.1429,0,0.9247,,0,0,1,1,0,1,2022-05-19 12:55:00+05:30,2022-05-19 13:00:00+05:30,2022-05-19 14:10:00+05:30,59.6,59.25178571428571,60.22678571428572,-0.3482,L
S532,ASHOKLEY,2022-05-19 13:05:00+05:30,0.0084,-0.0545,0,,0.6816,0.0,0.0811,0,1.0206,,0,0,1,1,0,1,2022-05-19 13:05:00+05:30,2022-05-19 13:10:00+05:30,2022-05-19 14:10:00+05:30,59.6,59.260714285714286,60.210714285714296,-0.3393,L
S533,ASHOKLEY,2022-05-19 13:15:00+05:30,0.0168,-0.0084,1,1.0,0.2891,16.67,1.1053,0,1.8413,,0,0,0,1,0,1,2022-05-19 13:15:00+05:30,2022-05-19 13:20:00+05:30,2022-05-19 14:10:00+05:30,59.7,59.28928571428571,60.43928571428573,-0.4107,L
S534,ASHOKLEY,2022-05-19 13:25:00+05:30,0.0294,0.0084,0,,0.0583,83.33,4.0,0,1.9225,,0,0,0,1,0,1,2022-05-19 13:25:00+05:30,2022-05-19 13:30:00+05:30,2022-05-19 14:10:00+05:30,59.9,59.47142857142857,60.67142857142857,-0.4286,L
S535,ASHOKLEY,2022-05-19 13:35:00+05:30,0.0419,0.021,1,1.0,0.3706,0.0,1.2222,0,1.8576,,0,0,1,1,0,1,2022-05-19 13:35:00+05:30,2022-05-19 13:40:00+05:30,2022-05-19 14:10:00+05:30,59.7,59.24464285714286,60.51964285714286,-0.4554,L
S536,ASHOKLEY,2022-05-20 10:45:00+05:30,1.2598,1.3262,18,18.0,0.0389,25.0,-1.0,0,0.4336,,0,0,0,1,0,1,2022-05-20 10:45:00+05:30,2022-05-20 10:50:00+05:30,2022-05-20 15:00:00+05:30,61.75,60.785714285714285,63.48571428571428,0.65,EOD+
S537,ASHOKLEY,2022-05-20 10:55:00+05:30,0.8657,1.3072,0,,0.0069,66.67,-1.0,0,0.3441,,0,0,0,1,0,1,2022-05-20 10:55:00+05:30,2022-05-20 11:00:00+05:30,2022-05-20 15:00:00+05:30,62.0,61.098214285714285,63.62321428571428,0.4,EOD+
S538,ASHOKLEY,2022-05-20 11:10:00+05:30,0.2223,0.8657,2,1.0,0.1581,30.0,1.8571,0,0.7397,,0,1,0,1,0,1,2022-05-20 11:10:00+05:30,2022-05-20 11:15:00+05:30,2022-05-20 15:00:00+05:30,62.0,61.16964285714285,63.49464285714286,0.4,EOD+
S539,ASHOKLEY,2022-05-20 11:20:00+05:30,0.1252,0.3761,0,,0.56,66.67,-0.7222,0,0.7005,1.0,2,0,0,0,2,3,2022-05-20 11:30:00+05:30,2022-05-20 11:35:00+05:30,2022-05-20 15:00:00+05:30,61.9,61.09642857142857,63.34642857142857,0.5,EOD+
S540,ASHOKLEY,2022-05-20 12:05:00+05:30,-0.0647,0.0485,0,,1.4721,60.0,-0.8601,0,0.7689,1.0,3,0,1,0,3,4,2022-05-20 12:20:00+05:30,2022-05-20 12:25:00+05:30,2022-05-20 15:00:00+05:30,61.8,61.19285714285714,62.89285714285714,0.6,EOD+
S541,ASHOKLEY,2022-05-20 13:40:00+05:30,0.1412,0.1534,14,5.0,0.5976,25.0,0.1429,0,0.7647,,0,0,0,1,0,1,2022-05-20 13:40:00+05:30,2022-05-20 13:45:00+05:30,2022-05-20 15:00:00+05:30,62.0,61.63392857142857,62.658928571428575,0.6589,W
S542,ASHOKLEY,2022-05-20 13:50:00+05:30,0.1612,0.1412,0,,0.2605,100.0,-1.0,0,0.8279,0.0,1,0,0,0,1,2,2022-05-20 13:55:00+05:30,2022-05-20 14:00:00+05:30,2022-05-20 15:00:00+05:30,62.1,61.71607142857143,62.79107142857144,0.3,EOD+
S543,ASHOKLEY,2022-05-20 14:05:00+05:30,0.157,0.1612,1,1.0,0.213,0.0,0.4286,0,0.484,,0,0,1,1,0,1,2022-05-20 14:05:00+05:30,2022-05-20 14:10:00+05:30,2022-05-20 15:00:00+05:30,62.1,61.68928571428571,62.83928571428572,0.3,EOD+
S544,ASHOKLEY,2022-05-20 14:15:00+05:30,0.0805,0.1732,0,,0.9852,42.86,-0.4737,0,2.3872,,0,0,0,1,0,1,2022-05-20 14:15:00+05:30,2022-05-20 14:20:00+05:30,2022-05-20 15:00:00+05:30,62.15,61.66785714285714,63.017857142857146,0.25,EOD+
S545,ASHOKLEY,2022-05-20 14:25:00+05:30,0.0242,0.1087,0,,0.2471,0.0,0.1111,0,1.2607,,0,0,1,1,0,1,2022-05-20 14:25:00+05:30,2022-05-20 14:30:00+05:30,2022-05-20 15:00:00+05:30,62.1,61.644642857142856,62.91964285714287,0.3,EOD+
S546,ASHOKLEY,2022-05-23 10:40:00+05:30,1.3813,1.5528,17,17.0,0.1714,66.67,0.6667,0,0.2528,,0,0,0,1,0,1,2022-05-23 10:40:00+05:30,2022-05-23 10:45:00+05:30,2022-05-23 15:00:00+05:30,66.25,65.375,67.82499999999999,-0.875,L
S547,ASHOKLEY,2022-05-23 11:15:00+05:30,-0.0527,0.7682,0,,0.3111,50.0,-1.0,0,2.4551,1.0,3,0,0,0,3,4,2022-05-23 11:30:00+05:30,2022-05-23 11:35:00+05:30,2022-05-23 13:05:00+05:30,66.3,65.7375,67.3125,1.0125,W
S548,ASHOKLEY,2022-05-23 11:55:00+05:30,0.0151,-0.0943,3,2.0,0.0146,0.0,39.0,0,0.2532,,0,0,1,1,0,1,2022-05-23 11:55:00+05:30,2022-05-23 12:00:00+05:30,2022-05-23 13:05:00+05:30,66.4,65.97142857142858,67.17142857142858,0.7714,W
S549,ASHOKLEY,2022-05-23 12:20:00+05:30,0.0791,0.0075,4,4.0,0.308,66.67,0.8182,0,0.9434,,0,0,1,1,0,1,2022-05-23 12:20:00+05:30,2022-05-23 12:25:00+05:30,2022-05-23 13:05:00+05:30,66.6,66.15357142857142,67.40357142857142,0.8036,W
S550,ASHOKLEY,2022-05-23 12:50:00+05:30,0.1842,0.1731,5,5.0,0.4948,33.33,0.9512,0,1.3934,,0,0,0,1,0,1,2022-05-23 12:50:00+05:30,2022-05-23 12:55:00+05:30,2022-05-23 14:05:00+05:30,66.7,66.18214285714285,67.63214285714287,-0.5179,L
S551,ASHOKLEY,2022-05-24 10:30:00+05:30,0.5236,0.364,15,14.0,0.1279,50.0,2.1579,0,0.4165,,0,0,0,1,0,1,2022-05-24 10:30:00+05:30,2022-05-24 10:35:00+05:30,2022-05-24 15:00:00+05:30,66.95,66.02142857142857,68.62142857142857,0.8,EOD+
S552,ASHOKLEY,2022-05-24 10:40:00+05:30,0.5858,0.483,1,1.0,0.0219,33.33,5.6667,0,0.2033,,0,0,1,1,0,1,2022-05-24 10:40:00+05:30,2022-05-24 10:45:00+05:30,2022-05-24 15:00:00+05:30,67.05,66.19285714285714,68.59285714285714,0.7,EOD+
S553,ASHOKLEY,2022-05-24 10:50:00+05:30,0.6029,0.5603,0,,0.236,50.0,-0.3333,0,0.4134,1.0,1,0,1,0,1,2,2022-05-24 10:55:00+05:30,2022-05-24 11:00:00+05:30,2022-05-24 15:00:00+05:30,67.3,66.50535714285714,68.73035714285714,0.45,EOD+
S554,ASHOKLEY,2022-05-24 12:40:00+05:30,-0.0148,0.0111,0,,1.5043,0.0,-0.604,0,0.8472,1.0,3,0,1,0,3,4,2022-05-24 12:55:00+05:30,2022-05-24 13:00:00+05:30,2022-05-24 14:20:00+05:30,67.4,66.98035714285714,68.15535714285714,-0.4196,L
S555,ASHOKLEY,2022-05-24 13:05:00+05:30,-0.104,-0.0557,1,1.0,1.002,83.33,-0.726,0,1.1069,1.0,1,0,1,0,1,2,2022-05-24 13:10:00+05:30,2022-05-24 13:15:00+05:30,2022-05-24 14:20:00+05:30,67.4,66.94464285714285,68.21964285714287,-0.4554,L
S556,ASHOKLEY,2022-05-24 14:05:00+05:30,0.1595,0.1114,10,3.0,0.4586,25.0,0.0526,0,0.8338,,0,0,0,1,0,1,2022-05-24 14:05:00+05:30,2022-05-24 14:10:00+05:30,2022-05-24 15:00:00+05:30,67.4,66.88214285714287,68.33214285714286,0.35,EOD+
S557,ASHOKLEY,2022-05-25 10:00:00+05:30,0.4617,0.4629,9,9.0,0.0828,50.0,2.6364,0,0.61,,0,0,0,1,0,1,2022-05-25 10:00:00+05:30,2022-05-25 10:05:00+05:30,2022-05-25 12:05:00+05:30,68.4,67.56964285714287,69.89464285714286,-0.8304,L
S558,ASHOKLEY,2022-05-25 10:50:00+05:30,0.1641,0.2446,8,3.0,0.302,50.0,-0.0909,0,0.7307,,0,0,0,1,0,1,2022-05-25 10:50:00+05:30,2022-05-25 10:55:00+05:30,2022-05-25 11:30:00+05:30,68.6,68.14464285714286,69.41964285714285,-0.4554,L
S559,ASHOKLEY,2022-05-25 11:00:00+05:30,0.0693,0.1824,0,,0.8556,66.67,-1.0,0,1.7573,1.0,2,0,0,0,2,3,2022-05-25 11:10:00+05:30,2022-05-25 11:15:00+05:30,2022-05-25 11:25:00+05:30,68.7,68.2982142857143,69.42321428571428,-0.4018,L
S560,ASHOKLEY,2022-05-25 12:40:00+05:30,-0.2795,-0.3047,0,,1.6125,66.67,-0.845,0,0.7177,1.0,3,0,0,0,3,4,2022-05-25 12:55:00+05:30,2022-05-25 13:00:00+05:30,2022-05-25 13:35:00+05:30,67.9,67.4,68.8,-0.5,L
S561,ASHOKLEY,2022-05-26 09:15:00+05:30,,,0,,2.2046,80.95,-1.0,0,1.4632,0.0,1,0,0,0,1,2,2022-05-26 09:20:00+05:30,2022-05-26 09:25:00+05:30,2022-05-26 10:25:00+05:30,67.2,66.4232142857143,68.59821428571429,-0.7768,L
S562,ASHOKLEY,2022-05-26 09:30:00+05:30,,,0,,0.525,60.0,-0.4203,0,0.6611,,0,0,1,1,0,1,2022-05-26 09:30:00+05:30,2022-05-26 09:35:00+05:30,2022-05-26 10:25:00+05:30,67.2,66.37857142857143,68.67857142857143,-0.8214,L
S563,ASHOKLEY,2022-05-26 09:40:00+05:30,-0.0447,,0,,0.0143,66.67,19.0,0,0.7187,,0,0,1,1,0,1,2022-05-26 09:40:00+05:30,2022-05-26 09:45:00+05:30,2022-05-26 10:25:00+05:30,67.35,66.475,68.925,-0.875,L
S564,ASHOKLEY,2022-05-26 12:00:00+05:30,-0.4317,-0.5781,0,,0.8151,75.0,-0.7647,0,0.9761,1.0,3,0,0,0,3,4,2022-05-26 12:15:00+05:30,2022-05-26 12:20:00+05:30,2022-05-26 15:00:00+05:30,66.1,65.44821428571427,67.27321428571429,0.25,EOD+
S565,ASHOKLEY,2022-05-26 12:25:00+05:30,-0.0189,-0.288,1,1.0,0.0,25.0,,1,0.6456,,0,0,0,1,0,1,2022-05-26 12:25:00+05:30,2022-05-26 12:30:00+05:30,2022-05-26 15:00:00+05:30,66.1,65.61785714285713,66.96785714285714,0.25,EOD+
S566,ASHOKLEY,2022-05-26 12:35:00+05:30,0.053,-0.1099,0,,0.056,100.0,-1.0,0,0.5856,,0,0,1,1,0,1,2022-05-26 12:35:00+05:30,2022-05-26 12:40:00+05:30,2022-05-26 15:00:00+05:30,66.2,65.75357142857143,67.00357142857143,0.15,EOD+
S567,ASHOKLEY,2022-05-26 13:05:00+05:30,0.0379,0.0303,5,4.0,0.7955,85.71,-1.0,0,1.1554,0.0,1,0,1,0,1,2,2022-05-26 13:10:00+05:30,2022-05-26 13:15:00+05:30,2022-05-26 15:00:00+05:30,66.2,65.80714285714286,66.90714285714286,0.15,EOD+
S568,ASHOKLEY,2022-05-26 13:50:00+05:30,0.151,0.1512,7,3.0,0.05,85.71,-1.0,0,0.7274,0.0,2,1,0,0,2,3,2022-05-26 14:00:00+05:30,2022-05-26 14:05:00+05:30,2022-05-26 15:00:00+05:30,66.3,65.80000000000001,67.19999999999997,0.05,EOD+
S569,ASHOKLEY,2022-05-26 14:15:00+05:30,0.0113,0.0982,0,,0.7328,0.0,-0.7015,0,0.7399,0.0,3,0,0,0,3,4,2022-05-26 14:30:00+05:30,2022-05-26 14:35:00+05:30,2022-05-26 15:00:00+05:30,66.35,65.77857142857144,67.3785714285714,0.0,EOD-
S570,ASHOKLEY,2022-05-27 09:35:00+05:30,,,4,4.0,0.2767,70.0,-0.4118,0,0.4168,0.0,1,1,1,0,1,2,2022-05-27 09:40:00+05:30,2022-05-27 09:45:00+05:30,2022-05-27 14:00:00+05:30,66.55,65.78214285714284,67.93214285714286,1.3821,W
S571,ASHOKLEY,2022-05-27 09:50:00+05:30,0.1242,,0,,0.7156,0.0,-0.1304,0,0.5899,1.0,3,0,1,0,3,4,2022-05-27 10:05:00+05:30,2022-05-27 10:10:00+05:30,2022-05-27 14:00:00+05:30,66.5,65.69642857142857,67.94642857142858,1.4464,W
S572,ASHOKLEY,2022-05-27 10:15:00+05:30,0.0,0.0715,1,1.0,0.3914,83.33,-1.0,0,0.1851,0.0,2,0,0,0,2,3,2022-05-27 10:25:00+05:30,2022-05-27 10:30:00+05:30,2022-05-27 14:00:00+05:30,66.45,65.61964285714286,67.94464285714285,1.4946,W
S573,ASHOKLEY,2022-05-27 10:35:00+05:30,0.0639,-0.0038,0,,0.4853,80.0,-0.6154,0,0.2759,,0,0,1,1,0,1,2022-05-27 10:35:00+05:30,2022-05-27 10:40:00+05:30,2022-05-27 14:00:00+05:30,66.6,65.93035714285713,67.80535714285713,1.2054,W
S574,ASHOKLEY,2022-05-27 11:40:00+05:30,-0.0565,-0.1017,0,,1.0,50.0,-1.0,0,0.946,1.0,3,0,1,0,3,4,2022-05-27 11:55:00+05:30,2022-05-27 12:00:00+05:30,2022-05-27 13:15:00+05:30,66.5,66.0625,67.2875,0.7875,W
S575,ASHOKLEY,2022-05-27 12:10:00+05:30,0.0188,-0.0452,2,1.0,0.4173,42.86,1.5806,0,1.1163,,0,0,0,1,0,1,2022-05-27 12:10:00+05:30,2022-05-27 12:15:00+05:30,2022-05-27 13:15:00+05:30,66.5,66.03571428571429,67.33571428571427,0.8357,W
S576,ASHOKLEY,2022-05-30 11:00:00+05:30,0.0769,0.2453,0,,1.4528,50.0,-1.0,0,1.8821,0.0,3,0,0,0,3,4,2022-05-30 11:15:00+05:30,2022-05-30 11:20:00+05:30,2022-05-30 11:35:00+05:30,68.4,67.92678571428571,69.25178571428573,-0.4732,L
S577,ASHOKLEY,2022-05-30 11:25:00+05:30,0.0183,0.0146,1,1.0,0.4375,33.33,0.1429,0,1.4058,,0,0,1,1,0,1,2022-05-30 11:25:00+05:30,2022-05-30 11:30:00+05:30,2022-05-30 11:35:00+05:30,68.25,67.75,69.15,-0.5,L
S578,ASHOKLEY,2022-05-30 13:15:00+05:30,-0.4166,-0.36,0,,0.6696,33.33,-0.697,0,0.6448,1.0,3,0,0,0,3,4,2022-05-30 13:30:00+05:30,2022-05-30 13:35:00+05:30,2022-05-30 15:00:00+05:30,67.3,66.68392857142857,68.40892857142858,0.0,EOD-
S579,ASHOKLEY,2022-05-30 13:45:00+05:30,0.0818,-0.0855,2,1.0,0.2962,50.0,1.7273,0,0.6618,,0,1,0,1,0,1,2022-05-30 13:45:00+05:30,2022-05-30 13:50:00+05:30,2022-05-30 15:00:00+05:30,67.4,66.93571428571428,68.23571428571431,-0.1,EOD-
S580,ASHOKLEY,2022-05-30 13:55:00+05:30,0.0632,0.0595,0,,0.1145,85.71,1.2222,0,1.3271,,0,0,1,1,0,1,2022-05-30 13:55:00+05:30,2022-05-30 14:00:00+05:30,2022-05-30 15:00:00+05:30,67.6,67.10892857142856,68.48392857142858,-0.4911,L
S581,ASHOKLEY,2022-05-30 14:15:00+05:30,0.078,0.0743,3,3.0,0.2702,20.0,1.7273,0,0.7115,,0,0,0,1,0,1,2022-05-30 14:15:00+05:30,2022-05-30 14:20:00+05:30,2022-05-30 15:00:00+05:30,67.45,66.94107142857143,68.36607142857143,-0.15,EOD-
S582,ASHOKLEY,2022-05-31 09:15:00+05:30,,,0,,2.8212,27.78,-0.2481,0,2.8611,,0,1,0,1,0,1,2022-05-31 09:15:00+05:30,2022-05-31 09:20:00+05:30,2022-05-31 12:45:00+05:30,67.5,66.91071428571429,68.56071428571427,-0.5893,L
S583,ASHOKLEY,2022-05-31 09:35:00+05:30,,,0,,0.5562,33.33,-0.6552,0,0.4927,0.0,3,0,0,0,3,4,2022-05-31 09:50:00+05:30,2022-05-31 09:55:00+05:30,2022-05-31 12:45:00+05:30,67.4,66.7482142857143,68.57321428571427,-0.6518,L
S584,ASHOKLEY,2022-05-31 10:00:00+05:30,-0.026,-0.0557,0,,0.4697,16.67,0.1765,0,3.2414,,0,0,0,1,0,1,2022-05-31 10:00:00+05:30,2022-05-31 10:05:00+05:30,2022-05-31 12:45:00+05:30,67.35,66.67142857142858,68.57142857142856,-0.6786,L
S585,ASHOKLEY,2022-05-31 10:15:00+05:30,0.026,-0.026,2,2.0,0.1676,100.0,-1.0,0,1.7321,1.0,1,0,0,0,1,2,2022-05-31 10:20:00+05:30,2022-05-31 10:25:00+05:30,2022-05-31 12:45:00+05:30,67.5,66.86607142857143,68.64107142857142,-0.6339,L
S586,ASHOKLEY,2022-05-31 10:30:00+05:30,0.026,0.026,0,,0.5574,66.67,-0.5349,0,0.2327,,0,0,1,1,0,1,2022-05-31 10:30:00+05:30,2022-05-31 10:35:00+05:30,2022-05-31 12:45:00+05:30,67.4,66.91785714285714,68.26785714285715,-0.4821,L
S587,ASHOKLEY,2022-05-31 10:40:00+05:30,0.0371,0.0371,0,,0.938,0.0,-0.403,0,1.4602,1.0,3,0,0,0,3,4,2022-05-31 10:55:00+05:30,2022-05-31 11:00:00+05:30,2022-05-31 12:45:00+05:30,67.4,66.95357142857144,68.20357142857144,-0.4464,L
S588,ASHOKLEY,2022-05-31 11:05:00+05:30,-0.0148,0.0297,0,,0.3354,25.0,0.7391,0,0.5758,,0,0,0,1,0,1,2022-05-31 11:05:00+05:30,2022-05-31 11:10:00+05:30,2022-05-31 12:00:00+05:30,67.45,67.02142857142857,68.22142857142858,-0.4286,L
S589,ASHOKLEY,2022-05-31 11:45:00+05:30,-0.0334,0.0408,0,,2.3258,0.0,-0.6117,0,4.7176,1.0,3,0,0,0,3,4,2022-05-31 12:00:00+05:30,2022-05-31 12:05:00+05:30,2022-05-31 12:45:00+05:30,67.35,67.07321428571429,67.84821428571428,-0.2768,L
S590,ASHOKLEY,2022-05-31 12:10:00+05:30,-0.0334,-0.0557,0,,0.6103,0.0,-0.4118,0,0.6166,1.0,2,0,0,0,2,3,2022-05-31 12:20:00+05:30,2022-05-31 12:25:00+05:30,2022-05-31 12:45:00+05:30,67.4,67.05178571428571,68.02678571428572,-0.3482,L
S591,ASHOKLEY,2022-05-31 14:00:00+05:30,-0.3152,-0.2997,0,,1.3841,0.0,-0.5402,0,0.2604,0.0,3,0,1,0,3,4,2022-05-31 14:15:00+05:30,2022-05-31 14:20:00+05:30,2022-05-31 15:00:00+05:30,66.5,66.10714285714286,67.20714285714286,0.0,EOD-
S592,ASHOKLEY,2022-06-01 09:20:00+05:30,,,1,1.0,0.1148,50.0,7.0,0,1.1895,,0,0,0,1,0,1,2022-06-01 09:20:00+05:30,2022-06-01 09:25:00+05:30,2022-06-01 09:45:00+05:30,66.8,66.25535714285714,67.78035714285714,-0.5446,L
S593,ASHOKLEY,2022-06-01 09:30:00+05:30,,,1,1.0,0.5492,20.0,0.5686,0,1.0033,,0,0,0,1,0,1,2022-06-01 09:30:00+05:30,2022-06-01 09:35:00+05:30,2022-06-01 13:50:00+05:30,66.5,65.91964285714286,67.54464285714285,1.0446,W
S594,ASHOKLEY,2022-06-01 10:50:00+05:30,0.0038,-0.0565,0,,0.9435,0.0,-0.3548,0,0.4413,1.0,3,0,1,0,3,4,2022-06-01 11:05:00+05:30,2022-06-01 11:10:00+05:30,2022-06-01 11:35:00+05:30,66.3,65.88928571428572,67.0392857142857,0.7393,W
S595,ASHOKLEY,2022-06-01 11:15:00+05:30,-0.1396,-0.0679,0,,1.3382,50.0,-0.6923,0,1.2961,1.0,1,0,1,0,1,2,2022-06-01 11:20:00+05:30,2022-06-01 11:25:00+05:30,2022-06-01 11:35:00+05:30,66.3,65.99642857142858,66.84642857142856,0.5464,W
S596,ASHOKLEY,2022-06-01 11:30:00+05:30,-0.0113,-0.1396,0,,0.5133,75.0,0.2121,0,9.6587,,0,0,0,1,0,1,2022-06-01 11:30:00+05:30,2022-06-01 11:35:00+05:30,2022-06-01 11:50:00+05:30,66.75,66.34821428571429,67.47321428571428,-0.4018,L
S597,ASHOKLEY,2022-06-01 11:50:00+05:30,0.1206,0.049,3,3.0,0.178,100.0,-1.0,0,0.6436,0.0,2,0,0,0,2,3,2022-06-01 12:00:00+05:30,2022-06-01 12:05:00+05:30,2022-06-01 13:50:00+05:30,66.5,65.97321428571429,67.44821428571427,0.9482,W
S598,ASHOKLEY,2022-06-01 13:20:00+05:30,0.1535,0.2847,15,5.0,0.0583,0.0,11.0,0,0.7298,,0,0,0,1,0,1,2022-06-01 13:20:00+05:30,2022-06-01 13:25:00+05:30,2022-06-01 13:50:00+05:30,66.9,66.36428571428573,67.86428571428571,0.9643,W
S599,ASHOKLEY,2022-06-01 13:30:00+05:30,0.0898,0.1948,0,,1.1246,20.0,-0.3878,0,0.6952,0.0,3,0,1,0,3,4,2022-06-01 13:45:00+05:30,2022-06-01 13:50:00+05:30,2022-06-01 13:50:00+05:30,66.9,66.35535714285716,67.88035714285714,0.9804,W
S600,ASHOKLEY,2022-06-02 09:15:00+05:30,,,0,,0.9855,75.0,-0.6262,0,0.664,0.0,2,0,0,0,2,3,2022-06-02 09:25:00+05:30,2022-06-02 09:30:00+05:30,2022-06-02 14:25:00+05:30,67.6,66.92142857142856,68.82142857142857,1.2214,W
S601,ASHOKLEY,2022-06-02 09:35:00+05:30,,,0,,0.1667,25.0,-1.0,0,0.1641,0.0,2,1,1,0,2,3,2022-06-02 09:45:00+05:30,2022-06-02 09:50:00+05:30,2022-06-02 14:25:00+05:30,67.5,66.75,68.85,1.35,W
S602,ASHOKLEY,2022-06-02 09:55:00+05:30,0.0148,-0.0334,0,,0.2193,66.67,-1.0,0,0.3788,,0,0,0,1,0,1,2022-06-02 09:55:00+05:30,2022-06-02 10:00:00+05:30,2022-06-02 14:25:00+05:30,67.6,66.85892857142856,68.93392857142857,1.3339,W
S603,ASHOKLEY,2022-06-02 10:05:00+05:30,0.063,-0.0148,0,,0.2988,25.0,0.1429,0,0.2037,,0,0,0,1,0,1,2022-06-02 10:05:00+05:30,2022-06-02 10:10:00+05:30,2022-06-02 14:25:00+05:30,67.55,66.81785714285715,68.86785714285713,1.3179,W
S604,ASHOKLEY,2022-06-02 10:20:00+05:30,0.0333,0.063,2,2.0,0.3403,75.0,-0.4286,0,0.4266,0.0,1,0,0,0,1,2,2022-06-02 10:25:00+05:30,2022-06-02 10:30:00+05:30,2022-06-02 14:25:00+05:30,67.5,66.85714285714286,68.65714285714284,1.1571,W
S605,ASHOKLEY,2022-06-02 10:40:00+05:30,-0.0074,0.0185,0,,1.5647,71.43,-0.8246,0,1.9237,1.0,3,0,0,0,3,4,2022-06-02 10:55:00+05:30,2022-06-02 11:00:00+05:30,2022-06-02 14:20:00+05:30,67.6,67.14464285714286,68.41964285714283,0.8196,W
S606,ASHOKLEY,2022-06-02 11:10:00+05:30,0.0074,-0.0593,1,1.0,0.1037,0.0,1.5,0,0.3288,,0,0,1,1,0,1,2022-06-02 11:10:00+05:30,2022-06-02 11:15:00+05:30,2022-06-02 12:55:00+05:30,67.5,67.01785714285715,68.36785714285712,0.8679,W
S607,ASHOKLEY,2022-06-02 11:20:00+05:30,0.037,-0.0259,1,1.0,0.1849,66.67,0.4286,0,0.2826,,0,0,1,1,0,1,2022-06-02 11:20:00+05:30,2022-06-02 11:25:00+05:30,2022-06-02 14:20:00+05:30,67.6,67.12678571428572,68.45178571428569,0.8518,W
S608,ASHOKLEY,2022-06-02 11:30:00+05:30,0.037,0.0445,1,1.0,0.2333,100.0,-1.0,0,0.8935,1.0,1,0,0,0,1,2,2022-06-02 11:35:00+05:30,2022-06-02 11:40:00+05:30,2022-06-02 12:55:00+05:30,67.55,67.09464285714286,68.36964285714284,0.8196,W
S609,ASHOKLEY,2022-06-02 11:45:00+05:30,-0.0037,0.037,0,,0.7135,66.67,-0.6226,0,0.5952,,0,0,0,1,0,1,2022-06-02 11:45:00+05:30,2022-06-02 11:50:00+05:30,2022-06-02 12:55:00+05:30,67.5,67.03571428571429,68.33571428571426,0.8357,W
S610,ASHOKLEY,2022-06-02 11:55:00+05:30,-0.0296,0.0148,0,,0.4413,0.0,-0.3103,0,0.2583,1.0,3,0,1,0,3,4,2022-06-02 12:10:00+05:30,2022-06-02 12:15:00+05:30,2022-06-02 12:55:00+05:30,67.5,67.08928571428572,68.2392857142857,0.7393,W
S611,ASHOKLEY,2022-06-02 12:45:00+05:30,0.037,0.0519,5,5.0,0.3938,66.67,-1.0,0,10.1045,1.0,2,0,0,0,2,3,2022-06-02 12:55:00+05:30,2022-06-02 13:00:00+05:30,2022-06-02 13:00:00+05:30,68.1,67.81428571428572,68.6142857142857,-0.2857,L
S612,ASHOKLEY,2022-06-02 13:30:00+05:30,0.1035,0.1036,6,6.0,0.0522,0.0,15.0,0,0.7957,,0,0,0,1,0,1,2022-06-02 13:30:00+05:30,2022-06-02 13:35:00+05:30,2022-06-02 14:25:00+05:30,67.8,67.20178571428572,68.8767857142857,1.0768,W
S613,ASHOKLEY,2022-06-02 13:40:00+05:30,0.1109,0.0925,0,,0.5347,50.0,-0.2727,0,1.5185,1.0,1,0,0,0,1,2,2022-06-02 13:45:00+05:30,2022-06-02 13:50:00+05:30,2022-06-02 14:25:00+05:30,67.8,67.15714285714286,68.95714285714286,1.1571,W
S614,ASHOKLEY,2022-06-03 09:45:00+05:30,0.3011,,6,6.0,0.0239,100.0,-1.0,0,0.6117,1.0,1,0,0,0,1,2,2022-06-03 09:50:00+05:30,2022-06-03 09:55:00+05:30,2022-06-03 10:40:00+05:30,69.0,68.21428571428571,70.41428571428571,-0.7857,L
S615,ASHOKLEY,2022-06-03 11:15:00+05:30,-0.2442,-0.3896,0,,1.4389,50.0,-1.0,0,0.423,0.0,3,0,1,0,3,4,2022-06-03 11:30:00+05:30,2022-06-03 11:35:00+05:30,2022-06-03 12:55:00+05:30,68.5,68.01785714285715,69.36785714285712,-0.4821,L
S616,ASHOKLEY,2022-06-03 11:40:00+05:30,-0.1826,-0.2189,0,,0.5979,66.67,-0.5122,0,0.3902,,0,0,1,1,0,1,2022-06-03 11:40:00+05:30,2022-06-03 11:45:00+05:30,2022-06-03 12:55:00+05:30,68.5,68.07142857142857,69.27142857142857,-0.4286,L
S617,ASHOKLEY,2022-06-03 11:50:00+05:30,-0.1096,-0.2191,1,1.0,0.2705,0.0,1.3529,0,1.0076,,0,0,0,1,0,1,2022-06-03 11:50:00+05:30,2022-06-03 11:55:00+05:30,2022-06-03 12:35:00+05:30,68.5,68.10714285714286,69.20714285714286,-0.3929,L
S618,ASHOKLEY,2022-06-03 12:10:00+05:30,-0.0037,-0.0731,2,2.0,0.6488,0.0,0.5789,0,1.0548,,0,0,0,1,0,1,2022-06-03 12:10:00+05:30,2022-06-03 12:15:00+05:30,2022-06-03 12:35:00+05:30,68.5,68.13392857142857,69.15892857142856,-0.3661,L
S619,ASHOKLEY,2022-06-03 13:25:00+05:30,-0.1317,-0.0695,0,,2.0509,75.0,-0.8802,0,1.1409,1.0,3,0,0,0,3,4,2022-06-03 13:40:00+05:30,2022-06-03 13:45:00+05:30,2022-06-03 14:00:00+05:30,68.3,67.79107142857141,69.21607142857144,-0.5089,L
S620,ASHOKLEY,2022-06-03 13:55:00+05:30,-0.1466,-0.1575,0,,1.4121,100.0,-1.0,0,2.8601,1.0,3,0,0,0,3,4,2022-06-03 14:10:00+05:30,2022-06-03 14:15:00+05:30,2022-06-03 14:20:00+05:30,68.4,67.88214285714287,69.33214285714287,-0.5179,L
S621,ASHOKLEY,2022-06-06 12:00:00+05:30,-0.1366,-0.2047,0,,0.9625,50.0,-1.0,0,2.0184,1.0,3,0,0,0,3,4,2022-06-06 12:15:00+05:30,2022-06-06 12:20:00+05:30,2022-06-06 15:00:00+05:30,66.2,65.7,67.1,0.35,EOD+
S622,ASHOKLEY,2022-06-06 12:25:00+05:30,-0.0152,-0.1481,1,1.0,0.1569,66.67,0.5385,0,0.7231,,0,0,0,1,0,1,2022-06-06 12:25:00+05:30,2022-06-06 12:30:00+05:30,2022-06-06 13:40:00+05:30,65.9,65.38214285714287,66.83214285714286,0.9321,W
S623,ASHOKLEY,2022-06-06 14:15:00+05:30,0.2408,0.3014,20,7.0,0.0226,40.0,29.0,0,1.3207,,0,0,0,1,0,1,2022-06-06 14:15:00+05:30,2022-06-06 14:20:00+05:30,2022-06-06 15:00:00+05:30,66.6,66.04642857142856,67.59642857142856,-0.05,EOD-
S624,ASHOKLEY,2022-06-07 09:20:00+05:30,,,0,,3.0053,25.0,-0.9379,0,1.6556,1.0,3,1,0,0,3,4,2022-06-07 09:35:00+05:30,2022-06-07 09:40:00+05:30,2022-06-07 15:00:00+05:30,66.6,65.93035714285713,67.80535714285716,0.2,EOD+
S625,ASHOKLEY,2022-06-07 09:45:00+05:30,-0.0564,,0,,0.1687,100.0,-1.0,0,0.4976,0.0,1,0,0,0,1,2,2022-06-07 09:50:00+05:30,2022-06-07 09:55:00+05:30,2022-06-07 15:00:00+05:30,66.5,65.5,68.30000000000001,0.3,EOD+
S626,ASHOKLEY,2022-06-07 10:00:00+05:30,0.0376,-0.0564,0,,0.7897,28.57,-0.2424,0,0.8047,,0,0,0,1,0,1,2022-06-07 10:00:00+05:30,2022-06-07 10:05:00+05:30,2022-06-07 15:00:00+05:30,66.5,65.45535714285714,68.38035714285715,0.3,EOD+
S627,ASHOKLEY,2022-06-07 10:55:00+05:30,0.0976,0.0338,9,2.0,0.0192,50.0,19.0,0,0.3932,,0,0,0,1,0,1,2022-06-07 10:55:00+05:30,2022-06-07 11:00:00+05:30,2022-06-07 15:00:00+05:30,66.7,66.0482142857143,67.87321428571428,0.1,EOD+
S628,ASHOKLEY,2022-06-07 11:10:00+05:30,0.2174,0.0976,2,1.0,0.4136,75.0,-0.4872,0,0.4424,1.0,1,0,1,0,1,2,2022-06-07 11:15:00+05:30,2022-06-07 11:20:00+05:30,2022-06-07 11:45:00+05:30,66.8,66.21071428571429,67.86071428571428,-0.5893,L
S629,ASHOKLEY,2022-06-07 12:25:00+05:30,-0.1578,-0.1051,0,,0.6763,66.67,-1.0,0,0.4102,0.0,3,0,1,0,3,4,2022-06-07 12:40:00+05:30,2022-06-07 12:45:00+05:30,2022-06-07 15:00:00+05:30,66.5,65.97321428571429,67.44821428571429,0.3,EOD+
S630,ASHOKLEY,2022-06-07 13:00:00+05:30,-0.1317,-0.1429,0,,0.814,100.0,-1.0,0,0.8412,1.0,3,0,1,0,3,4,2022-06-07 13:15:00+05:30,2022-06-07 13:20:00+05:30,2022-06-07 13:35:00+05:30,66.5,66.11607142857143,67.19107142857142,-0.3839,L
S631,ASHOKLEY,2022-06-07 13:50:00+05:30,-0.0866,-0.0075,0,,1.0196,100.0,-1.0,0,0.6918,1.0,3,1,0,0,3,4,2022-06-07 14:05:00+05:30,2022-06-07 14:10:00+05:30,2022-06-07 15:00:00+05:30,66.4,65.98928571428571,67.13928571428572,0.7393,W
S632,ASHOKLEY,2022-06-07 14:15:00+05:30,-0.0679,-0.0716,0,,0.6596,50.0,-1.0,0,0.9895,1.0,2,1,1,0,2,3,2022-06-07 14:25:00+05:30,2022-06-07 14:30:00+05:30,2022-06-07 15:00:00+05:30,66.45,65.9857142857143,67.28571428571428,0.35,EOD+
S633,ASHOKLEY,2022-06-08 09:55:00+05:30,0.324,0.3731,8,8.0,0.3818,33.33,-1.0,0,0.4722,0.0,1,0,1,0,1,2,2022-06-08 10:00:00+05:30,2022-06-08 10:05:00+05:30,2022-06-08 15:00:00+05:30,67.15,66.36428571428573,68.56428571428572,-0.45,EOD-
S634,ASHOKLEY,2022-06-08 10:15:00+05:30,0.2268,0.2904,1,1.0,0.1462,50.0,1.1053,0,0.7372,,0,0,1,1,0,1,2022-06-08 10:15:00+05:30,2022-06-08 10:20:00+05:30,2022-06-08 14:30:00+05:30,67.3,66.4875,68.7625,-0.8125,L
S635,ASHOKLEY,2022-06-08 10:25:00+05:30,0.1784,0.2417,0,,0.9134,80.0,-1.0,0,0.2943,0.0,1,0,1,0,1,2,2022-06-08 10:30:00+05:30,2022-06-08 10:35:00+05:30,2022-06-08 14:15:00+05:30,67.4,66.66785714285714,68.71785714285716,-0.7321,L
S636,ASHOKLEY,2022-06-08 11:10:00+05:30,0.0965,0.0743,7,5.0,0.2194,75.0,-0.0476,0,0.3139,0.0,3,0,0,0,3,4,2022-06-08 11:25:00+05:30,2022-06-08 11:30:00+05:30,2022-06-08 14:10:00+05:30,67.45,66.85178571428573,68.52678571428571,-0.5982,L
S637,ASHOKLEY,2022-06-08 11:35:00+05:30,0.0779,0.0594,1,1.0,0.0292,0.0,-1.0,0,0.5151,1.0,3,0,1,0,3,4,2022-06-08 11:50:00+05:30,2022-06-08 11:55:00+05:30,2022-06-08 13:25:00+05:30,67.55,67.12142857142858,68.32142857142856,-0.4286,L
S638,ASHOKLEY,2022-06-09 10:05:00+05:30,-0.1353,-0.2029,0,,1.2642,0.0,-0.8347,0,1.1763,1.0,3,0,0,0,3,4,2022-06-09 10:20:00+05:30,2022-06-09 10:25:00+05:30,2022-06-09 13:05:00+05:30,66.45,65.85178571428571,67.52678571428572,-0.5982,L
S639,ASHOKLEY,2022-06-09 10:30:00+05:30,-0.1468,-0.1505,0,,0.0237,50.0,19.0,0,0.4824,,0,0,0,1,0,1,2022-06-09 10:30:00+05:30,2022-06-09 10:35:00+05:30,2022-06-09 12:20:00+05:30,66.6,66.07321428571429,67.54821428571427,-0.5268,L
S640,ASHOKLEY,2022-06-09 10:40:00+05:30,-0.1168,-0.1581,0,,0.3111,66.67,-0.2857,0,1.6946,,0,0,0,1,0,1,2022-06-09 10:40:00+05:30,2022-06-09 10:45:00+05:30,2022-06-09 12:20:00+05:30,66.5,65.93750000000001,67.51249999999999,-0.5625,L
S641,ASHOKLEY,2022-06-09 13:10:00+05:30,-0.2112,-0.1619,0,,2.1137,0.0,-0.7403,0,0.4108,0.0,3,0,1,0,3,4,2022-06-09 13:25:00+05:30,2022-06-09 13:30:00+05:30,2022-06-09 15:00:00+05:30,66.2,65.74464285714286,67.01964285714287,0.2,EOD+
S642,ASHOKLEY,2022-06-09 13:35:00+05:30,-0.1776,-0.2492,1,1.0,0.6714,50.0,-0.1489,0,0.1637,0.0,2,0,1,0,2,3,2022-06-09 13:45:00+05:30,2022-06-09 13:50:00+05:30,2022-06-09 15:00:00+05:30,66.2,65.7625,66.9875,0.2,EOD+
S643,ASHOKLEY,2022-06-09 14:00:00+05:30,-0.0265,-0.1058,2,2.0,0.0,0.0,,1,0.3585,,0,0,1,1,0,1,2022-06-09 14:00:00+05:30,2022-06-09 14:05:00+05:30,2022-06-09 15:00:00+05:30,66.2,65.78928571428573,66.93928571428572,0.2,EOD+
S644,ASHOKLEY,2022-06-10 09:15:00+05:30,,,0,,3.7403,80.0,-0.7765,0,5.7643,,0,0,0,1,0,1,2022-06-10 09:15:00+05:30,2022-06-10 09:20:00+05:30,2022-06-10 09:25:00+05:30,66.5,65.90178571428571,67.57678571428572,-0.5982,L
S645,ASHOKLEY,2022-06-10 10:15:00+05:30,-0.1321,-0.1207,0,,0.7987,75.0,-0.7753,0,0.6071,0.0,3,0,0,0,3,4,2022-06-10 10:30:00+05:30,2022-06-10 10:35:00+05:30,2022-06-10 15:00:00+05:30,66.25,65.55357142857143,67.50357142857143,0.1,EOD+
S646,ASHOKLEY,2022-06-10 10:40:00+05:30,-0.121,-0.1511,0,,0.8674,0.0,-0.2982,0,0.389,0.0,1,0,1,0,1,2,2022-06-10 10:45:00+05:30,2022-06-10 10:50:00+05:30,2022-06-10 15:00:00+05:30,66.2,65.78928571428571,66.93928571428572,0.15,EOD+
S647,ASHOKLEY,2022-06-10 11:40:00+05:30,0.0982,0.1548,0,,0.3111,33.33,-1.0,0,1.0632,1.0,3,0,0,0,3,4,2022-06-10 11:55:00+05:30,2022-06-10 12:00:00+05:30,2022-06-10 15:00:00+05:30,66.25,65.76785714285714,67.11785714285715,0.1,EOD+
S648,ASHOKLEY,2022-06-10 12:35:00+05:30,0.0,0.0302,0,,0.9026,100.0,-1.0,0,2.3464,1.0,3,0,0,0,3,4,2022-06-10 12:50:00+05:30,2022-06-10 12:55:00+05:30,2022-06-10 15:00:00+05:30,66.2,65.86071428571428,66.8107142857143,0.15,EOD+
S649,ASHOKLEY,2022-06-10 13:00:00+05:30,-0.0945,-0.0642,0,,0.0737,33.33,-1.0,0,0.5252,,0,0,0,1,0,1,2022-06-10 13:00:00+05:30,2022-06-10 13:05:00+05:30,2022-06-10 15:00:00+05:30,66.2,65.8607142857143,66.81071428571428,0.15,EOD+
S650,ASHOKLEY,2022-06-10 13:10:00+05:30,-0.0605,-0.0831,1,1.0,0.4118,66.67,0.0,0,1.2679,1.0,1,0,0,0,1,2,2022-06-10 13:15:00+05:30,2022-06-10 13:20:00+05:30,2022-06-10 15:00:00+05:30,66.2,65.89642857142857,66.74642857142857,0.15,EOD+
S651,ASHOKLEY,2022-06-10 13:25:00+05:30,-0.0076,-0.0605,1,1.0,0.4053,100.0,-1.0,0,0.4302,0.0,2,0,1,0,2,3,2022-06-10 13:35:00+05:30,2022-06-10 13:40:00+05:30,2022-06-10 15:00:00+05:30,66.2,65.8607142857143,66.81071428571428,0.15,EOD+
S652,ASHOKLEY,2022-06-10 14:05:00+05:30,0.0302,0.0453,5,5.0,0.6816,33.33,0.0811,0,0.809,,0,0,0,1,0,1,2022-06-10 14:05:00+05:30,2022-06-10 14:10:00+05:30,2022-06-10 15:00:00+05:30,66.25,65.91071428571428,66.8607142857143,0.1,EOD+
S653,ASHOKLEY,2022-06-10 14:15:00+05:30,0.0264,0.0491,1,1.0,0.0175,50.0,-1.0,0,0.5907,,0,0,1,1,0,1,2022-06-10 14:15:00+05:30,2022-06-10 14:20:00+05:30,2022-06-10 15:00:00+05:30,66.3,65.94285714285714,66.94285714285715,0.05,EOD+
S654,ASHOKLEY,2022-06-13 10:50:00+05:30,-0.8996,-0.9764,0,,0.3644,50.0,-1.0,0,0.112,0.0,3,0,1,0,3,4,2022-06-13 11:05:00+05:30,2022-06-13 11:10:00+05:30,2022-06-13 12:45:00+05:30,64.2,63.54821428571428,65.3732142857143,-0.6518,L
S655,ASHOKLEY,2022-06-13 11:30:00+05:30,-0.0273,-0.0312,3,2.0,0.3379,100.0,-1.0,0,0.5868,1.0,2,0,0,0,2,3,2022-06-13 11:40:00+05:30,2022-06-13 11:45:00+05:30,2022-06-13 12:40:00+05:30,64.15,63.63214285714286,65.08214285714287,-0.5179,L
S656,ASHOKLEY,2022-06-13 11:50:00+05:30,-0.1092,-0.0585,0,,0.0894,0.0,-1.0,0,0.2728,1.0,2,0,1,0,2,3,2022-06-13 12:00:00+05:30,2022-06-13 12:05:00+05:30,2022-06-13 12:40:00+05:30,64.2,63.780357142857135,64.95535714285717,-0.4196,L
S657,ASHOKLEY,2022-06-13 12:10:00+05:30,0.0662,-0.0858,0,,0.4725,100.0,-1.0,0,0.3576,,0,0,1,1,0,1,2022-06-13 12:10:00+05:30,2022-06-13 12:15:00+05:30,2022-06-13 12:35:00+05:30,64.2,63.842857142857135,64.84285714285717,-0.3571,L
S658,ASHOKLEY,2022-06-13 13:45:00+05:30,-0.2396,-0.255,0,,0.9026,25.0,-0.5918,0,0.5094,0.0,3,0,0,0,3,4,2022-06-13 14:00:00+05:30,2022-06-13 14:05:00+05:30,2022-06-13 15:00:00+05:30,63.6,62.92142857142857,64.82142857142858,-0.1,EOD-
S659,ASHOKLEY,2022-06-13 14:10:00+05:30,-0.2599,-0.2675,1,1.0,0.7304,50.0,0.1111,0,0.7157,,0,0,0,1,0,1,2022-06-13 14:10:00+05:30,2022-06-13 14:15:00+05:30,2022-06-13 15:00:00+05:30,63.45,62.83392857142857,64.55892857142858,0.05,EOD+
S660,ASHOKLEY,2022-06-13 14:20:00+05:30,-0.1813,-0.2677,0,,0.5971,0.0,-0.3103,0,0.9981,1.0,2,0,0,0,2,3,2022-06-13 14:30:00+05:30,2022-06-13 14:35:00+05:30,2022-06-13 15:00:00+05:30,63.5,62.89285714285714,64.59285714285716,0.0,EOD-
S661,ASHOKLEY,2022-06-14 09:15:00+05:30,,,0,,2.0259,86.96,-1.0,0,8.6165,,0,0,0,1,0,1,2022-06-14 09:15:00+05:30,2022-06-14 09:20:00+05:30,2022-06-14 15:00:00+05:30,63.9,63.14107142857142,65.26607142857144,0.2,EOD+
S662,ASHOKLEY,2022-06-14 09:25:00+05:30,,,0,,0.8714,80.0,-1.0,0,0.3617,0.0,3,0,1,0,3,4,2022-06-14 09:40:00+05:30,2022-06-14 09:45:00+05:30,2022-06-14 15:00:00+05:30,63.8,62.925,65.375,0.3,EOD+
S663,ASHOKLEY,2022-06-14 12:00:00+05:30,0.1626,0.1395,27,11.0,0.2227,33.33,0.4286,0,0.4723,,0,1,0,1,0,1,2022-06-14 12:00:00+05:30,2022-06-14 12:05:00+05:30,2022-06-14 12:20:00+05:30,64.7,64.30714285714285,65.40714285714287,-0.3929,L
S664,ASHOKLEY,2022-06-14 12:10:00+05:30,0.1354,0.1549,1,1.0,0.0667,100.0,-1.0,0,0.6548,,0,0,0,1,0,1,2022-06-14 12:10:00+05:30,2022-06-14 12:15:00+05:30,2022-06-14 12:20:00+05:30,64.7,64.325,65.37500000000001,-0.375,L
S665,ASHOKLEY,2022-06-14 12:55:00+05:30,-0.1551,-0.1162,0,,1.9963,50.0,-0.7403,0,1.2039,1.0,3,0,0,0,3,4,2022-06-14 13:10:00+05:30,2022-06-14 13:15:00+05:30,2022-06-14 14:10:00+05:30,64.5,64.01785714285714,65.36785714285716,-0.4821,L
S666,ASHOKLEY,2022-06-15 10:50:00+05:30,0.2234,0.3393,0,,1.3239,75.0,-0.7701,0,0.5646,0.0,3,0,1,0,3,4,2022-06-15 11:05:00+05:30,2022-06-15 11:10:00+05:30,2022-06-15 14:30:00+05:30,65.05,64.63928571428572,65.78928571428571,-0.4107,L
S667,ASHOKLEY,2022-06-15 11:15:00+05:30,0.05,0.1309,0,,0.5957,40.0,0.5,0,2.2272,,0,0,1,1,0,1,2022-06-15 11:15:00+05:30,2022-06-15 11:20:00+05:30,2022-06-15 14:30:00+05:30,65.1,64.68035714285715,65.85535714285712,-0.4196,L
S668,ASHOKLEY,2022-06-15 12:45:00+05:30,0.2561,0.2411,17,3.0,0.0429,50.0,5.6667,0,0.5032,,0,1,1,1,0,1,2022-06-15 12:45:00+05:30,2022-06-15 12:50:00+05:30,2022-06-15 13:25:00+05:30,65.6,65.16250000000001,66.38749999999997,-0.4375,L
S669,ASHOKLEY,2022-06-16 10:20:00+05:30,0.4186,0.4844,13,10.0,0.0,100.0,,1,0.1659,0.0,1,0,1,0,1,2,2022-06-16 10:25:00+05:30,2022-06-16 10:30:00+05:30,2022-06-16 11:20:00+05:30,65.8,64.94285714285714,67.34285714285714,-0.8571,L
S670,ASHOKLEY,2022-06-17 09:25:00+05:30,,,0,,2.3234,66.67,-0.9359,0,1.0323,1.0,3,0,0,0,3,4,2022-06-17 09:40:00+05:30,2022-06-17 09:45:00+05:30,2022-06-17 15:00:00+05:30,63.1,62.26071428571429,64.61071428571428,0.6,EOD+
S671,ASHOKLEY,2022-06-17 10:05:00+05:30,0.1397,-0.0639,4,2.0,0.1045,76.92,1.0,0,3.8928,,0,0,0,1,0,1,2022-06-17 10:05:00+05:30,2022-06-17 10:10:00+05:30,2022-06-17 15:00:00+05:30,62.7,61.50357142857143,64.85357142857143,1.0,EOD+
S672,ASHOKLEY,2022-06-17 10:15:00+05:30,0.1117,0.1477,0,,0.327,66.67,-1.0,0,0.5911,,0,0,0,1,0,1,2022-06-17 10:15:00+05:30,2022-06-17 10:20:00+05:30,2022-06-17 15:00:00+05:30,62.7,61.47678571428572,64.90178571428571,1.0,EOD+
S673,ASHOKLEY,2022-06-17 10:25:00+05:30,-0.004,0.1117,0,,0.7861,0.0,-0.708,0,0.7402,1.0,1,0,0,0,1,2,2022-06-17 10:30:00+05:30,2022-06-17 10:35:00+05:30,2022-06-17 15:00:00+05:30,63.0,61.910714285714285,64.96071428571429,0.7,EOD+
S674,ASHOKLEY,2022-06-17 11:20:00+05:30,0.4472,0.4718,9,2.0,0.0865,40.0,4.4545,0,0.4943,,0,0,0,1,0,1,2022-06-17 11:20:00+05:30,2022-06-17 11:25:00+05:30,2022-06-17 15:00:00+05:30,63.3,62.505357142857136,64.73035714285714,0.4,EOD+
S675,ASHOKLEY,2022-06-17 11:30:00+05:30,0.1544,0.5422,0,,0.3458,40.0,-0.5122,0,0.7128,1.0,1,0,1,0,1,2,2022-06-17 11:35:00+05:30,2022-06-17 11:40:00+05:30,2022-06-17 15:00:00+05:30,63.2,62.45892857142857,64.53392857142858,0.5,EOD+
S676,ASHOKLEY,2022-06-17 12:35:00+05:30,-0.1505,0.0277,0,,1.0267,25.0,-1.0,0,0.9443,1.0,3,0,1,0,3,4,2022-06-17 12:50:00+05:30,2022-06-17 12:55:00+05:30,2022-06-17 15:00:00+05:30,63.1,62.56428571428571,64.06428571428572,0.6,EOD+
S677,ASHOKLEY,2022-06-17 13:00:00+05:30,-0.2143,-0.2062,0,,0.4103,100.0,-1.0,0,0.4527,,0,0,0,1,0,1,2022-06-17 13:00:00+05:30,2022-06-17 13:05:00+05:30,2022-06-17 15:00:00+05:30,63.0,62.48214285714285,63.932142857142864,0.7,EOD+
S678,ASHOKLEY,2022-06-17 13:10:00+05:30,-0.139,-0.2341,0,,1.2772,66.67,-0.6154,0,0.515,0.0,2,0,1,0,2,3,2022-06-17 13:20:00+05:30,2022-06-17 13:25:00+05:30,2022-06-17 15:00:00+05:30,63.0,62.49107142857143,63.91607142857143,0.7,EOD+
S679,ASHOKLEY,2022-06-17 13:40:00+05:30,0.0318,-0.0516,3,1.0,0.07,40.0,2.3333,0,0.8289,,0,0,1,1,0,1,2022-06-17 13:40:00+05:30,2022-06-17 13:45:00+05:30,2022-06-17 15:00:00+05:30,63.0,62.46428571428572,63.96428571428572,0.7,EOD+
S680,ASHOKLEY,2022-06-17 13:50:00+05:30,0.0199,0.0,0,,0.3085,0.0,0.5385,0,0.6368,,0,0,1,1,0,1,2022-06-17 13:50:00+05:30,2022-06-17 13:55:00+05:30,2022-06-17 15:00:00+05:30,63.0,62.473214285714285,63.948214285714286,0.7,EOD+
S681,ASHOKLEY,2022-06-17 14:05:00+05:30,0.0595,0.0199,2,1.0,0.0127,40.0,39.0,0,1.611,,0,0,1,1,0,1,2022-06-17 14:05:00+05:30,2022-06-17 14:10:00+05:30,2022-06-17 15:00:00+05:30,63.1,62.60892857142857,63.98392857142857,0.6,EOD+
S682,ASHOKLEY,2022-06-20 10:05:00+05:30,0.5646,0.7615,10,7.0,0.1158,71.43,-0.1304,0,0.3066,0.0,1,0,0,0,1,2,2022-06-20 10:10:00+05:30,2022-06-20 10:15:00+05:30,2022-06-20 13:45:00+05:30,64.25,63.00892857142857,66.48392857142858,-1.2411,L
S683,ASHOKLEY,2022-06-20 11:00:00+05:30,-0.1204,0.2907,0,,3.2133,54.55,-0.79,0,0.7052,0.0,3,0,1,0,3,4,2022-06-20 11:15:00+05:30,2022-06-20 11:20:00+05:30,2022-06-20 13:20:00+05:30,64.2,63.45892857142857,65.53392857142858,-0.7411,L
S684,ASHOKLEY,2022-06-20 11:30:00+05:30,-0.2769,-0.5143,1,1.0,0.3111,60.0,0.0,0,0.4396,0.0,1,0,1,0,1,2,2022-06-20 11:35:00+05:30,2022-06-20 11:40:00+05:30,2022-06-20 13:35:00+05:30,64.2,63.39642857142857,65.64642857142857,-0.8036,L
S685,ASHOKLEY,2022-06-20 12:10:00+05:30,0.1325,0.0273,5,3.0,0.2306,87.5,-0.2857,0,0.3236,0.0,2,0,1,0,2,3,2022-06-20 12:20:00+05:30,2022-06-20 12:25:00+05:30,2022-06-20 13:35:00+05:30,64.2,63.44107142857143,65.56607142857143,-0.7589,L
S686,ASHOKLEY,2022-06-20 13:55:00+05:30,-0.4637,-0.4273,0,,2.3371,33.33,-0.8068,0,3.0078,1.0,3,0,0,0,3,4,2022-06-20 14:10:00+05:30,2022-06-20 14:15:00+05:30,2022-06-20 15:00:00+05:30,63.6,63.04642857142857,64.59642857142858,-0.2,EOD-
S687,ASHOKLEY,2022-06-21 11:20:00+05:30,0.3188,0.381,25,10.0,0.1922,66.67,0.4286,0,0.4396,,0,0,0,1,0,1,2022-06-21 11:20:00+05:30,2022-06-21 11:25:00+05:30,2022-06-21 14:15:00+05:30,65.1,64.64464285714286,65.91964285714285,0.8196,W
S688,ASHOKLEY,2022-06-21 11:30:00+05:30,0.3069,0.3152,0,,0.6689,0.0,-0.5349,0,0.6562,1.0,1,0,0,0,1,2,2022-06-21 11:35:00+05:30,2022-06-21 11:40:00+05:30,2022-06-21 14:15:00+05:30,65.3,64.89821428571429,66.02321428571429,0.7232,W
S689,ASHOKLEY,2022-06-21 11:50:00+05:30,0.1725,0.3182,1,1.0,0.2275,0.0,2.0769,0,0.5231,,0,0,0,1,0,1,2022-06-21 11:50:00+05:30,2022-06-21 11:55:00+05:30,2022-06-21 14:15:00+05:30,65.3,64.94285714285714,65.94285714285714,0.6429,W
S690,ASHOKLEY,2022-06-21 12:00:00+05:30,0.0766,0.2108,0,,0.0179,0.0,19.0,0,0.4867,,0,0,1,1,0,1,2022-06-21 12:00:00+05:30,2022-06-21 12:05:00+05:30,2022-06-21 14:15:00+05:30,65.3,64.9517857142857,65.92678571428571,0.6268,W
S691,ASHOKLEY,2022-06-21 12:30:00+05:30,-0.0652,-0.0115,0,,0.7757,66.67,-1.0,0,0.8804,1.0,3,0,0,0,3,4,2022-06-21 12:45:00+05:30,2022-06-21 12:50:00+05:30,2022-06-21 14:15:00+05:30,65.3,64.96964285714284,65.89464285714287,0.5946,W
S692,ASHOKLEY,2022-06-21 12:55:00+05:30,-0.0115,-0.0422,0,,1.3,66.67,-0.4872,0,1.0951,1.0,3,0,0,0,3,4,2022-06-21 13:10:00+05:30,2022-06-21 13:15:00+05:30,2022-06-21 14:15:00+05:30,65.25,64.875,65.92500000000001,0.675,W
S693,ASHOKLEY,2022-06-21 13:20:00+05:30,0.0192,0.0038,0,,0.05,0.0,12.3333,0,1.4344,,0,0,0,1,0,1,2022-06-21 13:20:00+05:30,2022-06-21 13:25:00+05:30,2022-06-21 14:15:00+05:30,65.3,64.925,65.975,0.675,W
S694,ASHOKLEY,2022-06-21 13:30:00+05:30,0.0115,0.0115,0,,0.7,0.0,0.8605,0,0.4858,,0,0,1,1,0,1,2022-06-21 13:30:00+05:30,2022-06-21 13:35:00+05:30,2022-06-21 14:15:00+05:30,65.3,64.91607142857143,65.99107142857143,0.6911,W
S695,ASHOKLEY,2022-06-21 13:40:00+05:30,-0.0077,0.0192,0,,0.5979,50.0,-0.0244,0,1.2124,0.0,1,0,0,0,1,2,2022-06-21 13:45:00+05:30,2022-06-21 13:50:00+05:30,2022-06-21 14:20:00+05:30,65.4,64.97142857142858,66.17142857142858,0.7714,W
S696,ASHOKLEY,2022-06-22 10:35:00+05:30,-0.4197,-0.5454,0,,0.7951,16.67,-0.5652,0,0.4668,0.0,3,0,1,0,3,4,2022-06-22 10:50:00+05:30,2022-06-22 10:55:00+05:30,2022-06-22 11:45:00+05:30,64.8,64.07678571428572,66.10178571428571,-0.7232,L
S697,ASHOKLEY,2022-06-22 11:15:00+05:30,-0.0657,-0.3477,3,3.0,0.4266,100.0,-1.0,0,0.7311,0.0,1,0,0,0,1,2,2022-06-22 11:20:00+05:30,2022-06-22 11:25:00+05:30,2022-06-22 11:45:00+05:30,64.8,64.22857142857141,65.82857142857144,-0.5714,L
S698,ASHOKLEY,2022-06-22 11:30:00+05:30,0.0348,-0.0657,0,,0.0969,66.67,-1.0,0,0.5883,1.0,1,0,1,0,1,2,2022-06-22 11:35:00+05:30,2022-06-22 11:40:00+05:30,2022-06-22 11:45:00+05:30,64.75,64.16964285714285,65.79464285714288,-0.5804,L
S699,ASHOKLEY,2022-06-22 12:30:00+05:30,-0.2055,-0.275,0,,1.55,16.67,-0.3548,0,2.2257,1.0,3,0,0,0,3,4,2022-06-22 12:45:00+05:30,2022-06-22 12:50:00+05:30,2022-06-22 15:00:00+05:30,64.4,63.77500000000001,65.525,0.0,EOD-
S700,ASHOKLEY,2022-06-22 13:00:00+05:30,-0.1865,-0.1785,0,,0.6,100.0,-1.0,0,0.3825,0.0,3,0,1,0,3,4,2022-06-22 13:15:00+05:30,2022-06-22 13:20:00+05:30,2022-06-22 15:00:00+05:30,64.3,63.7375,65.3125,0.1,EOD+
S701,ASHOKLEY,2022-06-22 13:35:00+05:30,-0.0272,-0.1829,2,1.0,0.3566,0.0,0.4815,0,0.9645,,0,0,0,1,0,1,2022-06-22 13:35:00+05:30,2022-06-22 13:40:00+05:30,2022-06-22 15:00:00+05:30,64.3,63.82678571428571,65.15178571428571,0.1,EOD+
S702,ASHOKLEY,2022-06-22 13:50:00+05:30,0.0583,-0.0272,0,,1.6571,100.0,-1.0,0,0.8455,0.0,3,0,1,0,3,4,2022-06-22 14:05:00+05:30,2022-06-22 14:10:00+05:30,2022-06-22 14:15:00+05:30,64.4,63.96250000000001,65.1875,-0.4375,L
S703,ASHOKLEY,2022-06-23 11:45:00+05:30,0.3138,0.3825,30,4.0,0.1098,50.0,1.5,0,0.6398,,0,0,1,1,0,1,2022-06-23 11:45:00+05:30,2022-06-23 11:50:00+05:30,2022-06-23 12:55:00+05:30,66.15,65.69464285714285,66.96964285714289,-0.4554,L
S704,ASHOKLEY,2022-06-23 13:15:00+05:30,-0.2808,-0.1477,0,,2.5073,0.0,-0.797,0,0.7699,1.0,3,0,1,0,3,4,2022-06-23 13:30:00+05:30,2022-06-23 13:35:00+05:30,2022-06-23 14:25:00+05:30,65.9,65.40892857142859,66.78392857142856,0.8839,W
S705,ASHOKLEY,2022-06-23 13:40:00+05:30,-0.1178,-0.3076,0,,0.0724,75.0,2.3333,0,0.3982,,0,0,1,1,0,1,2022-06-23 13:40:00+05:30,2022-06-23 13:45:00+05:30,2022-06-23 14:30:00+05:30,66.0,65.48214285714286,66.93214285714285,0.9321,W
S706,ASHOKLEY,2022-06-27 10:30:00+05:30,0.4779,0.5489,15,11.0,0.0733,25.0,3.4444,0,1.0909,,0,0,1,1,0,1,2022-06-27 10:30:00+05:30,2022-06-27 10:35:00+05:30,2022-06-27 15:00:00+05:30,68.65,67.88214285714287,70.03214285714287,-0.35,EOD-
S707,ASHOKLEY,2022-06-27 12:20:00+05:30,-0.0694,-0.1096,0,,1.0379,50.0,-0.5349,0,1.7497,1.0,3,0,0,0,3,4,2022-06-27 12:35:00+05:30,2022-06-27 12:40:00+05:30,2022-06-27 14:35:00+05:30,68.5,68.24107142857142,68.96607142857145,-0.2589,L
S708,ASHOKLEY,2022-06-27 12:45:00+05:30,0.0073,-0.0329,0,,0.0897,50.0,-1.0,0,0.7389,,0,1,0,1,0,1,2022-06-27 12:45:00+05:30,2022-06-27 12:50:00+05:30,2022-06-27 14:35:00+05:30,68.55,68.2017857142857,69.17678571428573,-0.3482,L
S709,ASHOKLEY,2022-06-27 12:55:00+05:30,0.0329,0.0037,1,1.0,0.1867,12.5,7.3333,0,1.5844,,0,0,1,1,0,1,2022-06-27 12:55:00+05:30,2022-06-27 13:00:00+05:30,2022-06-27 14:35:00+05:30,68.65,68.24821428571428,69.37321428571431,-0.4018,L
S710,ASHOKLEY,2022-06-27 13:30:00+05:30,0.0876,0.0876,6,1.0,0.0583,100.0,-1.0,0,7.9093,1.0,1,0,0,0,1,2,2022-06-27 13:35:00+05:30,2022-06-27 13:40:00+05:30,2022-06-27 14:35:00+05:30,68.6,68.17142857142856,69.37142857142857,-0.4286,L
S711,ASHOKLEY,2022-06-27 13:50:00+05:30,0.0802,0.0912,2,2.0,0.35,100.0,-1.0,0,0.2808,0.0,2,0,1,0,2,3,2022-06-27 14:00:00+05:30,2022-06-27 14:05:00+05:30,2022-06-27 14:35:00+05:30,68.65,68.22142857142858,69.42142857142859,-0.4286,L
S712,ASHOKLEY,2022-06-28 09:15:00+05:30,,,0,,2.9292,64.71,-0.5588,0,2.4215,,0,0,0,1,0,1,2022-06-28 09:15:00+05:30,2022-06-28 09:20:00+05:30,2022-06-28 12:25:00+05:30,68.45,67.86964285714286,69.49464285714285,1.0446,W
S713,ASHOKLEY,2022-06-28 09:30:00+05:30,,,0,,0.7824,50.0,-0.4737,0,0.6921,0.0,3,0,0,0,3,4,2022-06-28 09:45:00+05:30,2022-06-28 09:50:00+05:30,2022-06-28 10:50:00+05:30,68.3,67.69285714285714,69.39285714285714,1.0929,W
S714,ASHOKLEY,2022-06-28 09:55:00+05:30,-0.0989,-0.1209,0,,0.0829,33.33,1.2222,0,0.3843,,0,0,1,1,0,1,2022-06-28 09:55:00+05:30,2022-06-28 10:00:00+05:30,2022-06-28 12:25:00+05:30,68.25,67.57142857142857,69.47142857142858,1.2214,W
S715,ASHOKLEY,2022-06-28 12:00:00+05:30,0.2277,0.3293,23,5.0,0.0724,75.0,-1.0,0,0.7472,1.0,1,0,0,0,1,2,2022-06-28 12:05:00+05:30,2022-06-28 12:10:00+05:30,2022-06-28 13:55:00+05:30,69.2,68.68214285714286,70.13214285714287,0.9321,W
S716,ASHOKLEY,2022-06-28 12:15:00+05:30,0.1517,0.2277,0,,0.1328,33.33,0.8182,0,0.5108,,0,0,0,1,0,1,2022-06-28 12:15:00+05:30,2022-06-28 12:20:00+05:30,2022-06-28 14:00:00+05:30,69.3,68.78214285714286,70.23214285714285,0.9321,W
S717,ASHOKLEY,2022-06-28 12:25:00+05:30,0.1227,0.1662,0,,0.0,40.0,,1,1.2012,,0,0,1,1,0,1,2022-06-28 12:25:00+05:30,2022-06-28 12:30:00+05:30,2022-06-28 14:00:00+05:30,69.4,68.85535714285714,70.38035714285715,0.9804,W
S718,ASHOKLEY,2022-06-28 14:25:00+05:30,0.2502,0.3006,23,3.0,0.19,50.0,1.1053,0,0.9589,,0,0,0,1,0,1,2022-06-28 14:25:00+05:30,2022-06-28 14:30:00+05:30,2022-06-28 15:00:00+05:30,70.15,69.525,71.27500000000002,-0.25,EOD-
S719,ASHOKLEY,2022-06-29 09:25:00+05:30,,,0,,2.2944,20.0,-0.9153,0,0.4767,0.0,3,0,1,0,3,4,2022-06-29 09:40:00+05:30,2022-06-29 09:45:00+05:30,2022-06-29 14:50:00+05:30,69.9,69.25714285714287,71.05714285714285,1.1571,W
S720,ASHOKLEY,2022-06-29 09:50:00+05:30,-0.1861,,0,,0.2024,100.0,-1.0,0,0.2529,,0,0,1,1,0,1,2022-06-29 09:50:00+05:30,2022-06-29 09:55:00+05:30,2022-06-29 14:50:00+05:30,69.9,69.15892857142858,71.23392857142856,1.3339,W
S721,ASHOKLEY,2022-06-29 13:00:00+05:30,-0.268,-0.1676,0,,1.2031,0.0,-0.6364,0,0.8948,1.0,3,1,0,0,3,4,2022-06-29 13:15:00+05:30,2022-06-29 13:20:00+05:30,2022-06-29 14:50:00+05:30,70.05,69.47857142857141,71.07857142857144,1.0286,W
S722,ASHOKLEY,2022-06-29 13:30:00+05:30,-0.1109,-0.2612,2,2.0,0.0113,0.0,59.0,0,0.5999,,0,0,0,1,0,1,2022-06-29 13:30:00+05:30,2022-06-29 13:35:00+05:30,2022-06-29 14:25:00+05:30,70.0,69.44642857142857,70.99642857142858,0.9964,W
S723,ASHOKLEY,2022-06-29 13:45:00+05:30,-0.0644,-0.1109,2,2.0,0.1375,25.0,2.6364,0,0.2124,,0,0,1,1,0,1,2022-06-29 13:45:00+05:30,2022-06-29 13:50:00+05:30,2022-06-29 14:20:00+05:30,69.9,69.4,70.80000000000001,0.9,W
S724,ASHOKLEY,2022-06-30 09:15:00+05:30,,,0,,0.4313,78.26,-0.0164,0,2.3115,,0,0,0,1,0,1,2022-06-30 09:15:00+05:30,2022-06-30 09:20:00+05:30,2022-06-30 12:10:00+05:30,71.6,70.71607142857142,73.19107142857142,-0.8839,L
S725,ASHOKLEY,2022-06-30 10:05:00+05:30,0.263,0.3406,9,6.0,0.0065,66.67,19.0,0,0.518,,0,0,1,1,0,1,2022-06-30 10:05:00+05:30,2022-06-30 10:10:00+05:30,2022-06-30 12:15:00+05:30,71.45,70.4857142857143,73.18571428571428,-0.9643,L
S726,ASHOKLEY,2022-06-30 11:05:00+05:30,-0.0351,0.0876,0,,1.2174,60.0,-0.6667,0,0.9606,1.0,3,0,1,0,3,4,2022-06-30 11:20:00+05:30,2022-06-30 11:25:00+05:30,2022-06-30 12:10:00+05:30,71.4,70.78392857142858,72.50892857142857,-0.6161,L
S727,ASHOKLEY,2022-06-30 11:30:00+05:30,-0.1404,-0.2036,1,1.0,0.0,100.0,,1,0.8488,0.0,1,0,0,0,1,2,2022-06-30 11:35:00+05:30,2022-06-30 11:40:00+05:30,2022-06-30 12:10:00+05:30,71.3,70.69285714285715,72.39285714285712,-0.6071,L
S728,ASHOKLEY,2022-06-30 12:45:00+05:30,-0.2077,-0.1407,0,,1.6833,50.0,-0.802,0,0.691,1.0,3,0,0,0,3,4,2022-06-30 13:00:00+05:30,2022-06-30 13:05:00+05:30,2022-06-30 15:00:00+05:30,70.95,70.2,72.3,0.75,EOD+
S729,ASHOKLEY,2022-06-30 13:10:00+05:30,-0.1234,-0.1726,0,,0.0605,100.0,-1.0,0,0.3594,,0,0,1,1,0,1,2022-06-30 13:10:00+05:30,2022-06-30 13:15:00+05:30,2022-06-30 15:00:00+05:30,71.0,70.27678571428572,72.30178571428571,0.7,EOD+
S730,ASHOKLEY,2022-07-01 09:15:00+05:30,,,0,,2.8304,61.9,-0.6774,0,1.1613,0.0,2,0,0,0,2,3,2022-07-01 09:25:00+05:30,2022-07-01 09:30:00+05:30,2022-07-01 10:00:00+05:30,71.6,70.77857142857142,73.07857142857141,-0.8214,L
S731,ASHOKLEY,2022-07-01 10:35:00+05:30,-0.2994,-0.3657,0,,1.3646,100.0,-1.0,0,0.4641,0.0,3,0,1,0,3,4,2022-07-01 10:50:00+05:30,2022-07-01 10:55:00+05:30,2022-07-01 11:45:00+05:30,71.0,70.29464285714285,72.26964285714287,-0.7054,L
S732,ASHOKLEY,2022-07-01 11:00:00+05:30,-0.0952,-0.2362,0,,0.4387,25.0,-0.1489,0,0.3375,,0,0,0,1,0,1,2022-07-01 11:00:00+05:30,2022-07-01 11:05:00+05:30,2022-07-01 11:45:00+05:30,70.95,70.28035714285714,72.15535714285716,-0.6696,L
S733,ASHOKLEY,2022-07-01 11:10:00+05:30,-0.0953,-0.1198,0,,0.0189,60.0,-1.0,0,0.9285,,0,0,0,1,0,1,2022-07-01 11:10:00+05:30,2022-07-01 11:15:00+05:30,2022-07-01 11:35:00+05:30,71.0,70.33928571428571,72.18928571428573,-0.6607,L
S734,ASHOKLEY,2022-07-01 12:25:00+05:30,-0.2164,-0.2197,0,,1.0306,50.0,-0.8113,0,0.26,0.0,3,0,1,0,3,4,2022-07-01 12:40:00+05:30,2022-07-01 12:45:00+05:30,2022-07-01 15:00:00+05:30,70.4,69.75714285714287,71.55714285714286,-0.15,EOD-
S735,ASHOKLEY,2022-07-01 12:50:00+05:30,-0.224,-0.206,0,,0.4426,0.0,-0.5349,0,0.5568,1.0,1,0,1,0,1,2,2022-07-01 12:55:00+05:30,2022-07-01 13:00:00+05:30,2022-07-01 15:00:00+05:30,70.3,69.69285714285715,71.39285714285714,-0.05,EOD-
S736,ASHOKLEY,2022-07-01 13:05:00+05:30,-0.1779,-0.224,0,,0.6672,16.67,0.3115,0,0.4344,,0,0,0,1,0,1,2022-07-01 13:05:00+05:30,2022-07-01 13:10:00+05:30,2022-07-01 15:00:00+05:30,70.3,69.72857142857143,71.32857142857141,-0.05,EOD-
S737,ASHOKLEY,2022-07-01 13:15:00+05:30,-0.1032,-0.1992,0,,0.1531,50.0,-1.0,0,0.1981,,0,0,1,1,0,1,2022-07-01 13:15:00+05:30,2022-07-01 13:20:00+05:30,2022-07-01 15:00:00+05:30,70.25,69.67857142857143,71.27857142857142,0.0,EOD-
S738,ASHOKLEY,2022-07-01 13:25:00+05:30,-0.0534,-0.1459,0,,0.1222,0.0,2.6364,0,0.1711,,0,0,1,1,0,1,2022-07-01 13:25:00+05:30,2022-07-01 13:30:00+05:30,2022-07-01 15:00:00+05:30,70.3,69.7375,71.31249999999999,-0.05,EOD-
S739,ASHOKLEY,2022-07-01 13:35:00+05:30,0.032,-0.0748,0,,0.3138,16.67,2.8462,0,0.7011,,0,0,1,1,0,1,2022-07-01 13:35:00+05:30,2022-07-01 13:40:00+05:30,2022-07-01 15:00:00+05:30,70.5,69.98214285714286,71.43214285714285,-0.25,EOD-
S740,ASHOKLEY,2022-07-01 14:25:00+05:30,0.11,0.1384,9,3.0,0.3441,0.0,0.3793,0,1.628,,0,0,0,1,0,1,2022-07-01 14:25:00+05:30,2022-07-01 14:30:00+05:30,2022-07-01 15:00:00+05:30,70.5,69.97321428571429,71.44821428571429,-0.25,EOD-
S741,ASHOKLEY,2022-07-04 09:15:00+05:30,,,0,,0.4183,17.65,-0.1837,0,0.5826,0.0,1,1,1,0,1,2,2022-07-04 09:20:00+05:30,2022-07-04 09:25:00+05:30,2022-07-04 11:20:00+05:30,70.75,70.01785714285715,72.06785714285714,-0.7321,L
S742,ASHOKLEY,2022-07-04 09:40:00+05:30,0.0354,,2,2.0,0.1494,16.67,0.0526,0,0.6331,,0,0,0,1,0,1,2022-07-04 09:40:00+05:30,2022-07-04 09:45:00+05:30,2022-07-04 11:30:00+05:30,70.65,69.85535714285714,72.08035714285715,-0.7946,L
S743,ASHOKLEY,2022-07-04 12:35:00+05:30,-0.297,-0.3072,0,,1.9056,50.0,-0.8639,0,1.0813,1.0,3,0,1,0,3,4,2022-07-04 12:50:00+05:30,2022-07-04 12:55:00+05:30,2022-07-04 15:00:00+05:30,69.7,69.21785714285714,70.56785714285715,0.2,EOD+
S744,ASHOKLEY,2022-07-04 13:10:00+05:30,-0.0932,-0.2258,2,2.0,0.1556,0.0,2.3333,0,0.8703,,0,0,1,1,0,1,2022-07-04 13:10:00+05:30,2022-07-04 13:15:00+05:30,2022-07-04 15:00:00+05:30,69.8,69.31785714285714,70.66785714285714,0.1,EOD+
S745,ASHOKLEY,2022-07-04 13:25:00+05:30,-0.0179,-0.0932,1,1.0,0.2143,0.0,1.6667,0,0.8315,,0,0,1,1,0,1,2022-07-04 13:25:00+05:30,2022-07-04 13:30:00+05:30,2022-07-04 15:00:00+05:30,69.8,69.3625,70.5875,0.1,EOD+
S746,ASHOKLEY,2022-07-04 13:35:00+05:30,0.0358,-0.043,0,,0.851,50.0,-0.3548,0,1.2039,,0,0,0,1,0,1,2022-07-04 13:35:00+05:30,2022-07-04 13:40:00+05:30,2022-07-04 15:00:00+05:30,69.85,69.39464285714284,70.66964285714286,0.05,EOD+
S747,ASHOKLEY,2022-07-04 13:55:00+05:30,0.0609,0.0573,3,3.0,0.4327,0.0,1.9412,0,7.1113,,0,0,0,1,0,1,2022-07-04 13:55:00+05:30,2022-07-04 14:00:00+05:30,2022-07-04 15:00:00+05:30,69.95,69.45892857142857,70.83392857142859,-0.05,EOD-
S748,ASHOKLEY,2022-07-04 14:15:00+05:30,0.0931,0.0573,3,3.0,0.2288,50.0,1.3529,0,0.9969,,0,0,0,1,0,1,2022-07-04 14:15:00+05:30,2022-07-04 14:20:00+05:30,2022-07-04 15:00:00+05:30,70.0,69.53571428571428,70.83571428571429,-0.1,EOD-
S749,ASHOKLEY,2022-07-05 11:45:00+05:30,0.1443,0.0916,30,30.0,0.2406,25.0,2.6364,0,1.8945,,0,0,0,1,0,1,2022-07-05 11:45:00+05:30,2022-07-05 11:50:00+05:30,2022-07-05 12:10:00+05:30,71.1,70.81428571428572,71.6142857142857,-0.2857,L
S750,ASHOKLEY,2022-07-05 11:55:00+05:30,0.1302,0.1267,0,,0.4735,50.0,-1.0,0,0.6829,,0,0,1,1,0,1,2022-07-05 11:55:00+05:30,2022-07-05 12:00:00+05:30,2022-07-05 12:35:00+05:30,71.1,70.79642857142856,71.64642857142857,-0.3036,L
S751,ASHOKLEY,2022-07-06 09:15:00+05:30,,,0,,0.2958,76.19,-1.0,0,4.4455,,0,0,0,1,0,1,2022-07-06 09:15:00+05:30,2022-07-06 09:20:00+05:30,2022-07-06 15:00:00+05:30,70.75,70.11607142857143,71.89107142857142,0.4,EOD+
S752,ASHOKLEY,2022-07-06 10:45:00+05:30,0.1943,0.2582,0,,1.325,100.0,-1.0,0,1.9139,1.0,3,0,0,0,3,4,2022-07-06 11:00:00+05:30,2022-07-06 11:05:00+05:30,2022-07-06 11:50:00+05:30,71.0,70.5,71.89999999999999,-0.5,L
S753,ASHOKLEY,2022-07-06 12:15:00+05:30,-0.0601,-0.1167,0,,1.3512,0.0,-1.0,0,0.9161,1.0,3,1,0,0,3,4,2022-07-06 12:30:00+05:30,2022-07-06 12:35:00+05:30,2022-07-06 15:00:00+05:30,70.75,70.36607142857143,71.44107142857142,0.4,EOD+
S754,ASHOKLEY,2022-07-06 12:40:00+05:30,-0.0424,-0.0212,1,1.0,0.5167,0.0,0.2903,0,0.5534,,0,0,1,1,0,1,2022-07-06 12:40:00+05:30,2022-07-06 12:45:00+05:30,2022-07-06 15:00:00+05:30,70.65,70.275,71.325,0.5,EOD+
S755,ASHOKLEY,2022-07-06 14:00:00+05:30,0.1693,0.1695,14,7.0,0.4233,50.0,-0.2308,0,0.724,0.0,1,1,1,0,1,2,2022-07-06 14:05:00+05:30,2022-07-06 14:10:00+05:30,2022-07-06 15:00:00+05:30,70.95,70.56607142857143,71.64107142857142,0.2,EOD+
S756,ASHOKLEY,2022-07-06 14:15:00+05:30,0.0952,0.1693,0,,0.6186,33.33,-0.4737,0,0.5709,,0,0,1,1,0,1,2022-07-06 14:15:00+05:30,2022-07-06 14:20:00+05:30,2022-07-06 15:00:00+05:30,70.9,70.51607142857144,71.59107142857142,0.25,EOD+
S757,ASHOKLEY,2022-07-06 14:25:00+05:30,0.0705,0.1093,0,,0.1024,100.0,-1.0,0,0.9427,,0,0,1,1,0,1,2022-07-06 14:25:00+05:30,2022-07-06 14:30:00+05:30,2022-07-06 15:00:00+05:30,71.0,70.63392857142858,71.65892857142856,0.15,EOD+
S758,ASHOKLEY,2022-07-07 09:45:00+05:30,0.1441,,6,6.0,0.4375,0.0,0.7778,0,0.8806,,0,0,0,1,0,1,2022-07-07 09:45:00+05:30,2022-07-07 09:50:00+05:30,2022-07-07 15:00:00+05:30,71.2,70.55714285714286,72.35714285714285,0.2,EOD+
S759,ASHOKLEY,2022-07-07 10:30:00+05:30,0.1578,0.1825,7,4.0,0.042,100.0,-1.0,0,0.1187,,0,0,1,1,0,1,2022-07-07 10:30:00+05:30,2022-07-07 10:35:00+05:30,2022-07-07 11:00:00+05:30,71.4,70.95357142857144,72.20357142857144,-0.4464,L
S760,ASHOKLEY,2022-07-07 12:05:00+05:30,-0.1724,-0.1547,0,,1.1472,50.0,-1.0,0,3.2291,1.0,3,0,0,0,3,4,2022-07-07 12:20:00+05:30,2022-07-07 12:25:00+05:30,2022-07-07 15:00:00+05:30,71.0,70.67857142857143,71.57857142857142,0.4,EOD+
S761,ASHOKLEY,2022-07-07 12:30:00+05:30,-0.1198,-0.162,0,,0.5645,0.0,0.6,0,0.566,,0,0,1,1,0,1,2022-07-07 12:30:00+05:30,2022-07-07 12:35:00+05:30,2022-07-07 13:35:00+05:30,71.0,70.72321428571429,71.49821428571427,0.4982,W
S762,ASHOKLEY,2022-07-07 12:40:00+05:30,-0.0634,-0.1339,0,,0.0724,0.0,5.6667,0,0.6243,,0,0,1,1,0,1,2022-07-07 12:40:00+05:30,2022-07-07 12:45:00+05:30,2022-07-07 13:35:00+05:30,71.0,70.74107142857143,71.46607142857141,0.4661,W
S763,ASHOKLEY,2022-07-07 12:55:00+05:30,0.0106,-0.0634,1,1.0,0.784,50.0,-0.2857,0,1.1773,1.0,1,0,0,0,1,2,2022-07-07 13:00:00+05:30,2022-07-07 13:05:00+05:30,2022-07-07 13:35:00+05:30,71.0,70.77678571428572,71.4017857142857,0.4018,W
S764,ASHOKLEY,2022-07-07 14:10:00+05:30,0.0668,0.1442,0,,1.4341,0.0,-0.5238,0,0.4561,0.0,3,0,1,0,3,4,2022-07-07 14:25:00+05:30,2022-07-07 14:30:00+05:30,2022-07-07 15:00:00+05:30,71.1,70.73392857142856,71.75892857142857,0.3,EOD+
S765,ASHOKLEY,2022-07-08 12:25:00+05:30,-0.297,-0.3716,0,,2.3705,100.0,-1.0,0,1.9358,1.0,3,0,0,0,3,4,2022-07-08 12:40:00+05:30,2022-07-08 12:45:00+05:30,2022-07-08 12:55:00+05:30,69.9,69.50714285714285,70.60714285714288,-0.3929,L
S766,ASHOKLEY,2022-07-08 12:50:00+05:30,-0.111,-0.2041,0,,1.2133,75.0,-0.7436,0,0.9493,1.0,3,0,0,0,3,4,2022-07-08 13:05:00+05:30,2022-07-08 13:10:00+05:30,2022-07-08 15:00:00+05:30,69.8,69.39821428571427,70.5232142857143,-0.1,EOD-
S767,ASHOKLEY,2022-07-08 13:15:00+05:30,-0.0753,-0.0968,0,,0.8489,50.0,-0.2982,0,0.7912,,0,0,0,1,0,1,2022-07-08 13:15:00+05:30,2022-07-08 13:20:00+05:30,2022-07-08 15:00:00+05:30,69.75,69.33035714285714,70.50535714285716,-0.05,EOD-
S768,ASHOKLEY,2022-07-08 14:05:00+05:30,0.0215,0.043,0,,1.0341,50.0,-1.0,0,0.4132,1.0,3,0,1,0,3,4,2022-07-08 14:20:00+05:30,2022-07-08 14:25:00+05:30,2022-07-08 15:00:00+05:30,69.7,69.30714285714285,70.40714285714287,0.0,EOD-
S769,ASHOKLEY,2022-07-11 09:15:00+05:30,,,0,,3.438,73.33,-0.6907,0,2.2603,,0,0,0,1,0,1,2022-07-11 09:15:00+05:30,2022-07-11 09:20:00+05:30,2022-07-11 11:25:00+05:30,70.1,69.39464285714284,71.36964285714286,-0.7054,L
S770,ASHOKLEY,2022-07-11 10:15:00+05:30,0.1073,0.1789,11,9.0,0.2882,50.0,-0.4286,0,0.2056,0.0,1,0,0,0,1,2,2022-07-11 10:20:00+05:30,2022-07-11 10:25:00+05:30,2022-07-11 15:00:00+05:30,69.9,69.14107142857144,71.26607142857144,0.1,EOD+
S771,ASHOKLEY,2022-07-11 10:30:00+05:30,0.0929,0.1073,0,,0.1885,50.0,0.4286,0,0.1192,,0,0,0,1,0,1,2022-07-11 10:30:00+05:30,2022-07-11 10:35:00+05:30,2022-07-11 11:20:00+05:30,69.95,69.4857142857143,70.78571428571429,-0.4643,L
S772,ASHOKLEY,2022-07-11 11:40:00+05:30,-0.2799,-0.2006,0,,3.2439,40.0,-0.7895,0,0.7025,0.0,3,0,1,0,3,4,2022-07-11 11:55:00+05:30,2022-07-11 12:00:00+05:30,2022-07-11 13:45:00+05:30,69.7,69.33392857142857,70.35892857142858,0.6589,W
S773,ASHOKLEY,2022-07-11 12:15:00+05:30,-0.0863,-0.1724,3,3.0,0.3277,100.0,-1.0,0,0.4852,1.0,1,0,1,0,1,2,2022-07-11 12:20:00+05:30,2022-07-11 12:25:00+05:30,2022-07-11 13:45:00+05:30,69.55,69.13035714285715,70.30535714285713,0.7554,W
S774,ASHOKLEY,2022-07-11 13:00:00+05:30,0.0647,0.0359,7,6.0,0.014,75.0,19.0,0,0.3774,,0,0,1,1,0,1,2022-07-11 13:00:00+05:30,2022-07-11 13:05:00+05:30,2022-07-11 15:00:00+05:30,69.8,69.35357142857143,70.60357142857141,0.2,EOD+
S775,ASHOKLEY,2022-07-12 12:35:00+05:30,-0.2061,-0.2384,0,,0.2283,0.0,-1.0,0,0.5655,1.0,3,0,1,0,3,4,2022-07-12 12:50:00+05:30,2022-07-12 12:55:00+05:30,2022-07-12 15:00:00+05:30,69.05,68.6392857142857,69.78928571428573,0.25,EOD+
S776,ASHOKLEY,2022-07-12 13:00:00+05:30,-0.1158,-0.17,0,,1.0256,100.0,-1.0,0,0.6051,1.0,1,0,1,0,1,2,2022-07-12 13:05:00+05:30,2022-07-12 13:10:00+05:30,2022-07-12 15:00:00+05:30,69.15,68.76607142857144,69.84107142857144,0.15,EOD+
S777,ASHOKLEY,2022-07-12 13:25:00+05:30,0.0651,-0.0507,2,2.0,0.0146,100.0,-1.0,0,0.681,0.0,1,0,0,0,1,2,2022-07-12 13:30:00+05:30,2022-07-12 13:35:00+05:30,2022-07-12 15:00:00+05:30,69.2,68.77142857142859,69.97142857142856,0.1,EOD+
S778,ASHOKLEY,2022-07-12 13:45:00+05:30,0.0289,0.0724,2,2.0,0.7833,0.0,0.7021,0,1.6503,,0,0,0,1,0,1,2022-07-12 13:45:00+05:30,2022-07-12 13:50:00+05:30,2022-07-12 15:00:00+05:30,69.2,68.825,69.87499999999999,0.1,EOD+
S779,ASHOKLEY,2022-07-12 13:55:00+05:30,0.0181,0.0543,0,,0.4558,40.0,-0.2857,0,0.476,0.0,1,0,1,0,1,2,2022-07-12 14:00:00+05:30,2022-07-12 14:05:00+05:30,2022-07-12 15:00:00+05:30,69.2,68.81607142857143,69.89107142857142,0.1,EOD+
S780,ASHOKLEY,2022-07-13 09:55:00+05:30,0.0864,0.1549,8,8.0,0.5815,71.43,-0.2593,0,0.3071,0.0,2,0,1,0,2,3,2022-07-13 10:05:00+05:30,2022-07-13 10:10:00+05:30,2022-07-13 10:35:00+05:30,69.5,68.91964285714285,70.54464285714288,-0.5804,L
S781,ASHOKLEY,2022-07-13 11:20:00+05:30,-0.2131,-0.1695,0,,0.7933,0.0,-1.0,0,0.6785,1.0,3,0,0,0,3,4,2022-07-13 11:35:00+05:30,2022-07-13 11:40:00+05:30,2022-07-13 12:55:00+05:30,69.2,68.7982142857143,69.92321428571428,-0.4018,L
S782,ASHOKLEY,2022-07-13 11:45:00+05:30,-0.1338,-0.1843,0,,0.2579,50.0,-1.0,0,0.3784,0.0,1,0,1,0,1,2,2022-07-13 11:50:00+05:30,2022-07-13 11:55:00+05:30,2022-07-13 12:55:00+05:30,69.2,68.86071428571428,69.8107142857143,-0.3393,L
S783,ASHOKLEY,2022-07-13 12:05:00+05:30,-0.0977,-0.1194,1,1.0,0.3281,0.0,0.3333,0,0.9314,,0,0,0,1,0,1,2022-07-13 12:05:00+05:30,2022-07-13 12:10:00+05:30,2022-07-13 12:55:00+05:30,69.1,68.81428571428569,69.61428571428573,-0.2857,L
S784,ASHOKLEY,2022-07-13 12:15:00+05:30,-0.0217,-0.1013,0,,0.04,25.0,9.0,0,1.5691,,0,0,0,1,0,1,2022-07-13 12:15:00+05:30,2022-07-13 12:20:00+05:30,2022-07-13 12:55:00+05:30,69.2,68.88749999999999,69.76250000000003,-0.3125,L
S785,ASHOKLEY,2022-07-13 13:35:00+05:30,-0.0942,-0.0579,0,,1.702,25.0,-0.8387,0,0.9767,0.0,3,0,0,0,3,4,2022-07-13 13:50:00+05:30,2022-07-13 13:55:00+05:30,2022-07-13 15:00:00+05:30,69.0,68.54464285714286,69.81964285714285,0.3,EOD+
S786,ASHOKLEY,2022-07-13 14:00:00+05:30,-0.0761,-0.1015,0,,0.2927,100.0,-1.0,0,0.4427,,0,0,1,1,0,1,2022-07-13 14:00:00+05:30,2022-07-13 14:05:00+05:30,2022-07-13 15:00:00+05:30,69.0,68.50892857142857,69.88392857142857,0.3,EOD+
S787,ASHOKLEY,2022-07-13 14:10:00+05:30,-0.0544,-0.087,0,,0.84,50.0,-0.3333,0,2.178,1.0,3,1,0,0,3,4,2022-07-13 14:25:00+05:30,2022-07-13 14:30:00+05:30,2022-07-13 15:00:00+05:30,69.2,68.75357142857143,70.00357142857143,0.1,EOD+
S788,ASHOKLEY,2022-07-14 09:15:00+05:30,,,0,,1.1219,58.33,-0.3162,0,2.4501,,0,0,0,1,0,1,2022-07-14 09:15:00+05:30,2022-07-14 09:20:00+05:30,2022-07-14 10:20:00+05:30,69.3,68.64821428571429,70.47321428571428,-0.6518,L
S789,ASHOKLEY,2022-07-14 10:45:00+05:30,-0.0907,-0.1051,0,,0.7311,100.0,-1.0,0,0.8217,1.0,3,0,0,0,3,4,2022-07-14 11:00:00+05:30,2022-07-14 11:05:00+05:30,2022-07-14 11:55:00+05:30,68.9,68.49821428571428,69.6232142857143,-0.4018,L
S790,ASHOKLEY,2022-07-14 11:20:00+05:30,-0.0399,-0.1271,0,,0.6632,0.0,-0.4444,0,0.968,0.0,3,0,0,0,3,4,2022-07-14 11:35:00+05:30,2022-07-14 11:40:00+05:30,2022-07-14 11:50:00+05:30,68.85,68.51071428571427,69.46071428571429,-0.3393,L
S791,ASHOKLEY,2022-07-15 10:50:00+05:30,0.2175,0.2903,19,11.0,0.2059,0.0,1.0,0,0.6103,,0,0,0,1,0,1,2022-07-15 10:50:00+05:30,2022-07-15 10:55:00+05:30,2022-07-15 12:15:00+05:30,69.0,68.69642857142858,69.54642857142855,0.5464,W
S792,ASHOKLEY,2022-07-15 11:05:00+05:30,0.1377,0.2175,1,1.0,0.1094,0.0,-1.0,0,1.2197,1.0,2,0,0,0,2,3,2022-07-15 11:15:00+05:30,2022-07-15 11:20:00+05:30,2022-07-15 12:45:00+05:30,69.1,68.81428571428572,69.61428571428569,0.5143,W
S793,ASHOKLEY,2022-07-15 12:05:00+05:30,0.0434,0.0507,9,4.0,0.8,100.0,-1.0,0,0.8094,0.0,1,0,1,0,1,2,2022-07-15 12:10:00+05:30,2022-07-15 12:15:00+05:30,2022-07-15 12:45:00+05:30,69.15,68.89999999999999,69.60000000000002,0.45,W
S794,ASHOKLEY,2022-07-15 14:10:00+05:30,0.0072,0.0719,0,,0.634,50.0,-1.0,0,0.3928,1.0,3,0,0,0,3,4,2022-07-15 14:25:00+05:30,2022-07-15 14:30:00+05:30,2022-07-15 15:00:00+05:30,69.55,69.07678571428572,70.40178571428571,-0.05,EOD-
S795,ASHOKLEY,2022-07-18 11:00:00+05:30,-0.0249,0.0533,0,,1.9,0.0,-0.6491,0,0.8929,1.0,3,1,0,0,3,4,2022-07-18 11:15:00+05:30,2022-07-18 11:20:00+05:30,2022-07-18 12:55:00+05:30,70.4,70.025,71.075,-0.375,L
S796,ASHOKLEY,2022-07-18 12:35:00+05:30,0.0994,0.0924,15,4.0,0.7206,0.0,0.7143,0,2.745,,0,0,1,1,0,1,2022-07-18 12:35:00+05:30,2022-07-18 12:40:00+05:30,2022-07-18 12:50:00+05:30,70.45,70.14642857142859,70.99642857142855,-0.3036,L
S797,ASHOKLEY,2022-07-18 13:15:00+05:30,-0.1244,-0.0284,0,,1.613,66.67,-0.8113,0,0.7216,1.0,3,0,0,0,3,4,2022-07-18 13:30:00+05:30,2022-07-18 13:35:00+05:30,2022-07-18 15:00:00+05:30,70.3,69.88928571428572,71.0392857142857,0.1,EOD+
S798,ASHOKLEY,2022-07-18 13:40:00+05:30,-0.0569,-0.1245,0,,0.14,71.43,1.0,0,4.3336,,0,0,0,1,0,1,2022-07-18 13:40:00+05:30,2022-07-18 13:45:00+05:30,2022-07-18 15:00:00+05:30,70.5,70.05357142857143,71.30357142857143,-0.1,EOD-
S799,ASHOKLEY,2022-07-18 14:05:00+05:30,0.0107,0.0178,4,4.0,0.2022,33.33,0.5385,0,1.04,,0,0,0,1,0,1,2022-07-18 14:05:00+05:30,2022-07-18 14:10:00+05:30,2022-07-18 15:00:00+05:30,70.35,69.94821428571429,71.07321428571427,0.05,EOD+
S800,ASHOKLEY,2022-07-19 09:15:00+05:30,,,0,,2.7797,40.63,-0.0511,0,5.1395,,0,0,0,1,0,1,2022-07-19 09:15:00+05:30,2022-07-19 09:20:00+05:30,2022-07-19 11:40:00+05:30,71.0,70.38392857142856,72.10892857142859,-0.6161,L
S801,ASHOKLEY,2022-07-19 10:00:00+05:30,0.184,0.2373,8,6.0,0.0159,50.0,9.0,0,0.8389,,0,0,0,1,0,1,2022-07-19 10:00:00+05:30,2022-07-19 10:05:00+05:30,2022-07-19 15:00:00+05:30,70.7,69.91428571428573,72.11428571428571,0.1,EOD+
S802,ASHOKLEY,2022-07-19 10:25:00+05:30,0.1449,0.1591,3,3.0,0.3426,0.0,0.7391,0,0.2901,,0,0,0,1,0,1,2022-07-19 10:25:00+05:30,2022-07-19 10:30:00+05:30,2022-07-19 11:40:00+05:30,70.8,70.38035714285715,71.55535714285712,-0.4196,L
S803,ASHOKLEY,2022-07-19 10:40:00+05:30,0.1412,0.1449,0,,0.9676,0.0,-1.0,0,0.6845,1.0,3,0,0,0,3,4,2022-07-19 10:55:00+05:30,2022-07-19 11:00:00+05:30,2022-07-19 11:25:00+05:30,70.9,70.59642857142859,71.44642857142856,-0.3036,L
S804,ASHOKLEY,2022-07-19 12:40:00+05:30,-0.1028,-0.0885,0,,0.3267,0.0,-1.0,0,0.4661,0.0,3,0,1,0,3,4,2022-07-19 12:55:00+05:30,2022-07-19 13:00:00+05:30,2022-07-19 15:00:00+05:30,70.5,70.23214285714286,70.98214285714283,0.3,EOD+
S805,ASHOKLEY,2022-07-19 13:05:00+05:30,-0.0709,-0.1135,0,,0.49,0.0,0.4286,0,0.4517,,0,0,1,1,0,1,2022-07-19 13:05:00+05:30,2022-07-19 13:10:00+05:30,2022-07-19 14:35:00+05:30,70.5,70.32142857142858,70.82142857142856,0.3214,W
S806,ASHOKLEY,2022-07-19 13:20:00+05:30,-0.0248,-0.0709,0,,1.9833,0.0,-0.6078,0,5.9047,1.0,3,0,0,0,3,4,2022-07-19 13:35:00+05:30,2022-07-19 13:40:00+05:30,2022-07-19 14:35:00+05:30,70.55,70.38928571428572,70.8392857142857,0.2893,W
S807,ASHOKLEY,2022-07-19 13:55:00+05:30,0.0142,0.0,3,3.0,0.825,0.0,0.2121,0,4.6786,,0,0,0,1,0,1,2022-07-19 13:55:00+05:30,2022-07-19 14:00:00+05:30,2022-07-19 15:00:00+05:30,70.5,70.25000000000001,70.94999999999999,0.3,EOD+
S808,ASHOKLEY,2022-07-19 14:15:00+05:30,0.0425,0.0177,3,2.0,0.1,40.0,7.0,0,1.3383,,0,0,0,1,0,1,2022-07-19 14:15:00+05:30,2022-07-19 14:20:00+05:30,2022-07-19 15:00:00+05:30,70.7,70.3875,71.26249999999999,0.1,EOD+
S809,ASHOKLEY,2022-07-20 11:00:00+05:30,0.5913,0.7,21,12.0,0.0742,66.67,1.8571,0,0.2093,,0,1,1,1,0,1,2022-07-20 11:00:00+05:30,2022-07-20 11:05:00+05:30,2022-07-20 11:55:00+05:30,72.8,72.21071428571427,73.8607142857143,-0.5893,L
S810,ASHOKLEY,2022-07-20 13:45:00+05:30,-0.1281,-0.1937,0,,1.2982,66.67,-0.8039,0,0.5241,1.0,3,0,0,0,3,4,2022-07-20 14:00:00+05:30,2022-07-20 14:05:00+05:30,2022-07-20 14:20:00+05:30,72.3,71.80892857142857,73.18392857142857,-0.4911,L
S811,ASHOKLEY,2022-07-21 09:15:00+05:30,,,0,,1.3903,33.33,-0.1608,0,2.0514,,0,0,0,1,0,1,2022-07-21 09:15:00+05:30,2022-07-21 09:20:00+05:30,2022-07-21 12:15:00+05:30,72.0,71.35714285714286,73.15714285714286,-0.6429,L
S812,ASHOKLEY,2022-07-21 09:25:00+05:30,,,0,,0.28,33.33,0.3333,0,0.6466,,0,0,0,1,0,1,2022-07-21 09:25:00+05:30,2022-07-21 09:30:00+05:30,2022-07-21 12:15:00+05:30,71.9,71.23035714285714,73.10535714285714,-0.6696,L
S813,ASHOKLEY,2022-07-21 09:35:00+05:30,,,0,,0.0,50.0,,1,0.3388,,0,0,1,1,0,1,2022-07-21 09:35:00+05:30,2022-07-21 09:40:00+05:30,2022-07-21 12:15:00+05:30,71.85,71.19821428571427,73.02321428571429,-0.6518,L
S814,ASHOKLEY,2022-07-21 10:05:00+05:30,0.1252,0.0313,4,1.0,0.0,50.0,,1,0.5591,,0,0,0,1,0,1,2022-07-21 10:05:00+05:30,2022-07-21 10:10:00+05:30,2022-07-21 12:15:00+05:30,72.0,71.44642857142857,72.99642857142858,-0.5536,L
S815,ASHOKLEY,2022-07-21 10:15:00+05:30,0.0765,0.1182,0,,0.6672,60.0,-0.6721,0,0.3746,0.0,3,0,1,0,3,4,2022-07-21 10:30:00+05:30,2022-07-21 10:35:00+05:30,2022-07-21 12:15:00+05:30,72.0,71.42857142857143,73.02857142857142,-0.5714,L
S816,ASHOKLEY,2022-07-21 11:40:00+05:30,0.0831,0.1766,13,8.0,0.6208,50.0,-0.5745,0,0.4901,0.0,1,0,1,0,1,2,2022-07-21 11:45:00+05:30,2022-07-21 11:50:00+05:30,2022-07-21 12:10:00+05:30,72.3,71.82678571428572,73.15178571428571,-0.4732,L
S817,ASHOKLEY,2022-07-21 11:55:00+05:30,0.1003,0.0831,0,,0.1655,40.0,0.5385,0,3.986,,0,0,0,1,0,1,2022-07-21 11:55:00+05:30,2022-07-21 12:00:00+05:30,2022-07-21 12:10:00+05:30,72.3,71.80892857142857,73.18392857142857,-0.4911,L
S818,ASHOKLEY,2022-07-21 13:25:00+05:30,-0.4524,-0.5002,0,,1.5853,100.0,-1.0,0,0.9623,1.0,3,0,0,0,3,4,2022-07-21 13:40:00+05:30,2022-07-21 13:45:00+05:30,2022-07-21 15:00:00+05:30,71.1,70.49285714285715,72.19285714285712,-0.1,EOD-
S819,ASHOKLEY,2022-07-21 13:50:00+05:30,-0.4438,-0.4462,0,,1.4264,100.0,-1.0,0,0.6939,0.0,1,0,1,0,1,2,2022-07-21 13:55:00+05:30,2022-07-21 14:00:00+05:30,2022-07-21 15:00:00+05:30,71.0,70.52678571428572,71.8517857142857,0.0,EOD-
S820,ASHOKLEY,2022-07-21 14:10:00+05:30,-0.0246,-0.3558,1,1.0,0.3096,33.33,-0.1304,0,0.88,0.0,2,0,1,0,2,3,2022-07-21 14:20:00+05:30,2022-07-21 14:25:00+05:30,2022-07-21 15:00:00+05:30,71.1,70.63571428571429,71.93571428571425,-0.1,EOD-
S821,ASHOKLEY,2022-07-22 10:05:00+05:30,0.1399,0.2101,10,5.0,0.3841,57.14,-0.5556,0,0.542,0.0,2,0,1,0,2,3,2022-07-22 10:15:00+05:30,2022-07-22 10:20:00+05:30,2022-07-22 15:00:00+05:30,71.45,70.71785714285714,72.76785714285715,-0.35,EOD-
S822,ASHOKLEY,2022-07-22 11:00:00+05:30,-0.1014,0.028,0,,2.2489,50.0,-0.8675,0,0.3001,0.0,3,0,0,0,3,4,2022-07-22 11:15:00+05:30,2022-07-22 11:20:00+05:30,2022-07-22 13:20:00+05:30,71.5,71.08035714285715,72.25535714285714,-0.4196,L
S823,ASHOKLEY,2022-07-22 11:25:00+05:30,-0.091,-0.119,0,,0.0875,100.0,-1.0,0,0.3697,,0,0,1,1,0,1,2022-07-22 11:25:00+05:30,2022-07-22 11:30:00+05:30,2022-07-22 13:20:00+05:30,71.5,71.14285714285715,72.14285714285712,-0.3571,L
S824,ASHOKLEY,2022-07-22 11:50:00+05:30,0.0,-0.0665,4,1.0,0.0897,33.33,7.0,0,0.6123,,0,0,0,1,0,1,2022-07-22 11:50:00+05:30,2022-07-22 11:55:00+05:30,2022-07-22 13:20:00+05:30,71.5,71.15178571428572,72.1267857142857,-0.3482,L
S825,ASHOKLEY,2022-07-22 12:00:00+05:30,0.0,-0.0175,0,,0.3868,0.0,-0.0476,0,0.5235,0.0,2,1,1,0,2,3,2022-07-22 12:10:00+05:30,2022-07-22 12:15:00+05:30,2022-07-22 13:20:00+05:30,71.45,71.1107142857143,72.06071428571428,-0.3393,L
S826,ASHOKLEY,2022-07-22 12:20:00+05:30,-0.0035,-0.0035,1,1.0,0.0437,50.0,9.0,0,0.5477,,0,0,0,1,0,1,2022-07-22 12:20:00+05:30,2022-07-22 12:25:00+05:30,2022-07-22 13:10:00+05:30,71.5,71.21428571428572,72.0142857142857,-0.2857,L
S827,ASHOKLEY,2022-07-22 12:40:00+05:30,0.0805,0.0245,0,,1.75,0.0,-0.25,0,0.8358,0.0,3,0,0,0,3,4,2022-07-22 12:55:00+05:30,2022-07-22 13:00:00+05:30,2022-07-22 13:20:00+05:30,71.45,71.16428571428573,71.96428571428571,-0.2857,L
S828,ASHOKLEY,2022-07-22 13:25:00+05:30,-0.1121,-0.035,0,,2.94,50.0,-1.0,0,1.3983,1.0,3,1,1,0,3,4,2022-07-22 13:40:00+05:30,2022-07-22 13:45:00+05:30,2022-07-22 14:55:00+05:30,71.45,71.1375,72.01249999999999,-0.3125,L
S829,ASHOKLEY,2022-07-22 13:50:00+05:30,-0.0385,-0.1227,0,,0.2732,0.0,1.5,0,0.3927,,0,0,1,1,0,1,2022-07-22 13:50:00+05:30,2022-07-22 13:55:00+05:30,2022-07-22 15:00:00+05:30,71.4,71.03392857142858,72.05892857142858,-0.3,EOD-
S830,ASHOKLEY,2022-07-22 14:00:00+05:30,-0.0035,-0.0701,1,1.0,0.213,0.0,1.8571,0,0.4597,,0,0,0,1,0,1,2022-07-22 14:00:00+05:30,2022-07-22 14:05:00+05:30,2022-07-22 15:00:00+05:30,71.4,70.98928571428571,72.13928571428573,-0.3,EOD-
S831,ASHOKLEY,2022-07-22 14:10:00+05:30,-0.0245,-0.0105,0,,0.134,50.0,-1.0,0,0.2487,,0,0,1,1,0,1,2022-07-22 14:10:00+05:30,2022-07-22 14:15:00+05:30,2022-07-22 15:00:00+05:30,71.35,70.93035714285713,72.10535714285716,-0.25,EOD-
S832,ASHOKLEY,2022-07-22 14:20:00+05:30,-0.0351,-0.0175,0,,0.0933,50.0,-1.0,0,0.4363,,0,0,1,1,0,1,2022-07-22 14:20:00+05:30,2022-07-22 14:25:00+05:30,2022-07-22 15:00:00+05:30,71.35,70.94821428571427,72.0732142857143,-0.25,EOD-
S833,ASHOKLEY,2022-07-25 09:15:00+05:30,,,0,,2.0152,80.95,-0.5789,0,3.0867,,0,0,0,1,0,1,2022-07-25 09:15:00+05:30,2022-07-25 09:20:00+05:30,2022-07-25 09:55:00+05:30,71.8,71.21071428571427,72.8607142857143,-0.5893,L
S834,ASHOKLEY,2022-07-25 09:45:00+05:30,0.0666,,5,5.0,0.1318,40.0,1.5,0,0.5081,,0,0,0,1,0,1,2022-07-25 09:45:00+05:30,2022-07-25 09:50:00+05:30,2022-07-25 10:05:00+05:30,71.4,70.64107142857144,72.76607142857144,-0.7589,L
S835,ASHOKLEY,2022-07-25 12:40:00+05:30,-0.1525,-0.2127,0,,1.1516,0.0,-0.2157,0,0.4851,1.0,3,0,0,0,3,4,2022-07-25 12:55:00+05:30,2022-07-25 13:00:00+05:30,2022-07-25 14:10:00+05:30,70.5,70.22321428571429,70.99821428571427,0.4982,W
S836,ASHOKLEY,2022-07-25 13:05:00+05:30,-0.0213,-0.1065,0,,0.5,0.0,-0.2,0,2.7194,1.0,1,0,0,0,1,2,2022-07-25 13:10:00+05:30,2022-07-25 13:15:00+05:30,2022-07-25 14:20:00+05:30,70.5,70.1875,71.0625,0.5625,W
S837,ASHOKLEY,2022-07-25 13:25:00+05:30,0.0177,0.0,1,1.0,0.473,50.0,-0.2,0,0.8071,1.0,1,0,0,0,1,2,2022-07-25 13:30:00+05:30,2022-07-25 13:35:00+05:30,2022-07-25 14:20:00+05:30,70.45,70.11964285714286,71.04464285714286,0.5946,W
S838,ASHOKLEY,2022-07-25 13:40:00+05:30,0.0035,0.0177,0,,0.54,100.0,-1.0,0,0.4028,0.0,3,0,1,0,3,4,2022-07-25 13:55:00+05:30,2022-07-25 14:00:00+05:30,2022-07-25 14:20:00+05:30,70.5,70.1875,71.0625,0.5625,W
S839,ASHOKLEY,2022-07-25 14:05:00+05:30,-0.0142,0.0,0,,0.5194,66.67,-1.0,0,5.1766,,0,0,0,1,0,1,2022-07-25 14:05:00+05:30,2022-07-25 14:10:00+05:30,2022-07-25 14:10:00+05:30,70.5,70.2232142857143,70.99821428571425,0.4982,W
S840,ASHOKLEY,2022-07-26 13:25:00+05:30,-0.3448,-0.344,0,,1.703,0.0,-0.7546,0,0.5106,1.0,3,0,0,0,3,4,2022-07-26 13:40:00+05:30,2022-07-26 13:45:00+05:30,2022-07-26 15:00:00+05:30,69.5,68.90178571428571,70.57678571428572,0.4,EOD+
S841,ASHOKLEY,2022-07-26 13:50:00+05:30,-0.2737,-0.3308,0,,0.5672,100.0,-1.0,0,0.9064,,0,0,1,1,0,1,2022-07-26 13:50:00+05:30,2022-07-26 13:55:00+05:30,2022-07-26 15:00:00+05:30,69.5,68.98214285714286,70.43214285714285,0.4,EOD+
S842,ASHOKLEY,2022-07-27 09:15:00+05:30,,,0,,0.975,66.67,-0.2308,0,2.1075,,0,0,0,1,0,1,2022-07-27 09:15:00+05:30,2022-07-27 09:20:00+05:30,2022-07-27 14:55:00+05:30,70.4,69.9,71.3,0.9,W
S843,ASHOKLEY,2022-07-27 10:20:00+05:30,0.1637,0.1782,12,6.0,0.1024,100.0,-1.0,0,0.7801,0.0,1,1,0,0,1,2,2022-07-27 10:25:00+05:30,2022-07-27 10:30:00+05:30,2022-07-27 15:00:00+05:30,70.3,69.56785714285715,71.61785714285713,0.95,EOD+
S844,ASHOKLEY,2022-07-27 10:35:00+05:30,0.1423,0.1637,0,,0.1778,0.0,2.75,0,0.3147,,0,0,1,1,0,1,2022-07-27 10:35:00+05:30,2022-07-27 10:40:00+05:30,2022-07-27 15:00:00+05:30,70.4,69.8375,71.4125,1.0125,W
S845,ASHOKLEY,2022-07-27 11:05:00+05:30,0.1385,0.1883,5,5.0,0.05,50.0,-1.0,0,0.2415,0.0,1,0,1,0,1,2,2022-07-27 11:10:00+05:30,2022-07-27 11:15:00+05:30,2022-07-27 13:30:00+05:30,70.5,70.125,71.17499999999998,0.675,W
S846,ASHOKLEY,2022-07-27 12:20:00+05:30,0.131,0.1205,13,8.0,0.2838,0.0,0.3333,0,0.7262,,0,0,1,1,0,1,2022-07-27 12:20:00+05:30,2022-07-27 12:25:00+05:30,2022-07-27 13:30:00+05:30,70.6,70.26964285714286,71.19464285714284,0.5946,W
S847,ASHOKLEY,2022-07-27 12:30:00+05:30,0.039,0.1346,0,,1.7267,50.0,-0.8198,0,0.6058,0.0,3,0,1,0,3,4,2022-07-27 12:45:00+05:30,2022-07-27 12:50:00+05:30,2022-07-27 15:00:00+05:30,70.6,70.19821428571429,71.32321428571427,0.7232,W
S848,ASHOKLEY,2022-07-27 14:25:00+05:30,0.2289,0.1798,18,11.0,0.0,100.0,,1,1.0339,1.0,1,0,0,0,1,2,2022-07-27 14:30:00+05:30,2022-07-27 14:35:00+05:30,2022-07-27 15:00:00+05:30,71.1,70.8142857142857,71.61428571428571,0.15,EOD+
S849,ASHOKLEY,2022-07-28 11:20:00+05:30,-0.3177,-0.5315,0,,1.277,50.0,-0.7037,0,1.1574,1.0,3,0,0,0,3,4,2022-07-28 11:35:00+05:30,2022-07-28 11:40:00+05:30,2022-07-28 15:00:00+05:30,70.1,69.4392857142857,71.28928571428573,0.0,EOD-
S850,ASHOKLEY,2022-07-28 11:50:00+05:30,-0.0321,-0.0714,0,,0.4123,50.0,-0.5349,0,0.3035,0.0,3,0,1,0,3,4,2022-07-28 12:05:00+05:30,2022-07-28 12:10:00+05:30,2022-07-28 15:00:00+05:30,70.0,69.34821428571429,71.17321428571428,0.1,EOD+
S851,ASHOKLEY,2022-07-28 12:20:00+05:30,-0.0822,-0.0679,0,,0.7894,25.0,-0.2453,0,1.1644,1.0,3,0,0,0,3,4,2022-07-28 12:35:00+05:30,2022-07-28 12:40:00+05:30,2022-07-28 15:00:00+05:30,70.0,69.58035714285715,70.75535714285714,0.1,EOD+
S852,ASHOKLEY,2022-07-28 12:55:00+05:30,0.0929,-0.0036,2,1.0,0.4319,50.0,-0.3103,0,1.0198,1.0,1,0,0,0,1,2,2022-07-28 13:00:00+05:30,2022-07-28 13:05:00+05:30,2022-07-28 15:00:00+05:30,70.0,69.58035714285715,70.75535714285714,0.1,EOD+
S853,ASHOKLEY,2022-07-28 13:40:00+05:30,0.0286,0.0214,7,7.0,0.0175,0.0,19.0,0,0.4519,,0,0,1,1,0,1,2022-07-28 13:40:00+05:30,2022-07-28 13:45:00+05:30,2022-07-28 15:00:00+05:30,70.05,69.69285714285715,70.69285714285712,0.05,EOD+
S854,ASHOKLEY,2022-07-28 14:00:00+05:30,0.0464,0.025,2,2.0,0.24,100.0,-1.0,0,0.8586,1.0,1,0,0,0,1,2,2022-07-28 14:05:00+05:30,2022-07-28 14:10:00+05:30,2022-07-28 15:00:00+05:30,70.05,69.7375,70.61249999999998,0.05,EOD+
S855,ASHOKLEY,2022-07-28 14:15:00+05:30,0.0607,0.0464,0,,0.0656,66.67,5.6667,0,1.3682,,0,0,0,1,0,1,2022-07-28 14:15:00+05:30,2022-07-28 14:20:00+05:30,2022-07-28 15:00:00+05:30,70.2,69.91428571428573,70.71428571428571,-0.1,EOD-
S856,ASHOKLEY,2022-07-28 14:30:00+05:30,0.0535,0.0607,2,2.0,0.2121,66.67,1.0,0,1.0721,,0,0,0,1,0,1,2022-07-28 14:30:00+05:30,2022-07-28 14:35:00+05:30,2022-07-28 15:00:00+05:30,70.1,69.80535714285713,70.63035714285715,0.0,EOD-
S857,ASHOKLEY,2022-07-29 11:40:00+05:30,-0.2519,-0.1632,0,,0.5621,50.0,-0.6226,0,1.7648,1.0,3,0,0,0,3,4,2022-07-29 11:55:00+05:30,2022-07-29 12:00:00+05:30,2022-07-29 13:30:00+05:30,73.5,72.91071428571429,74.56071428571428,-0.5893,L
S858,ASHOKLEY,2022-07-29 12:10:00+05:30,-0.0613,-0.0783,2,2.0,0.4125,0.0,0.2121,0,1.7547,,0,1,0,1,0,1,2022-07-29 12:10:00+05:30,2022-07-29 12:15:00+05:30,2022-07-29 13:25:00+05:30,73.5,73.0,74.4,-0.5,L
S859,ASHOKLEY,2022-07-29 12:20:00+05:30,-0.0341,-0.0613,0,,0.434,25.0,-0.3548,0,1.8165,,0,0,0,1,0,1,2022-07-29 12:20:00+05:30,2022-07-29 12:25:00+05:30,2022-07-29 13:25:00+05:30,73.4,72.95357142857144,74.20357142857144,-0.4464,L
S860,ASHOKLEY,2022-07-29 12:30:00+05:30,-0.0443,-0.0409,0,,1.0093,50.0,-1.0,0,0.422,0.0,1,0,1,0,1,2,2022-07-29 12:35:00+05:30,2022-07-29 12:40:00+05:30,2022-07-29 13:30:00+05:30,73.3,72.91607142857143,73.99107142857143,-0.3839,L
S861,ASHOKLEY,2022-07-29 12:45:00+05:30,0.0272,-0.0443,0,,0.2956,66.67,0.0526,0,0.3889,,0,0,1,1,0,1,2022-07-29 12:45:00+05:30,2022-07-29 12:50:00+05:30,2022-07-29 13:25:00+05:30,73.5,73.09821428571428,74.22321428571429,-0.4018,L
S862,ASHOKLEY,2022-08-01 10:25:00+05:30,0.8969,1.1816,14,12.0,0.0348,33.33,5.6667,0,0.5881,,0,0,0,1,0,1,2022-08-01 10:25:00+05:30,2022-08-01 10:30:00+05:30,2022-08-01 15:00:00+05:30,74.55,72.93392857142857,77.45892857142856,0.05,EOD+
S863,ASHOKLEY,2022-08-01 11:30:00+05:30,-0.4699,-0.3881,0,,1.6917,25.0,-0.6552,0,0.4,1.0,3,0,1,0,3,4,2022-08-01 11:45:00+05:30,2022-08-01 11:50:00+05:30,2022-08-01 12:30:00+05:30,74.4,73.54285714285714,75.94285714285715,-0.8571,L
S864,ASHOKLEY,2022-08-01 11:55:00+05:30,-0.2119,-0.4267,0,,0.0618,100.0,-1.0,0,0.8376,1.0,2,0,0,0,2,3,2022-08-01 12:05:00+05:30,2022-08-01 12:10:00+05:30,2022-08-01 15:00:00+05:30,74.3,73.3892857142857,75.93928571428572,0.3,EOD+
S865,ASHOKLEY,2022-08-01 12:35:00+05:30,-0.0674,-0.0101,0,,1.8773,50.0,-1.0,0,1.7507,1.0,3,1,0,0,3,4,2022-08-01 12:50:00+05:30,2022-08-01 12:55:00+05:30,2022-08-01 15:00:00+05:30,74.35,73.36785714285713,76.11785714285713,0.25,EOD+
S866,ASHOKLEY,2022-08-01 13:00:00+05:30,-0.0438,-0.1347,1,1.0,0.0137,50.0,19.0,0,0.3471,,0,0,1,1,0,1,2022-08-01 13:00:00+05:30,2022-08-01 13:05:00+05:30,2022-08-01 15:00:00+05:30,74.4,73.48928571428571,76.03928571428573,0.2,EOD+
S867,ASHOKLEY,2022-08-01 13:20:00+05:30,0.0842,-0.0067,3,2.0,0.1361,0.0,2.8095,0,0.5473,,0,0,0,1,0,1,2022-08-01 13:20:00+05:30,2022-08-01 13:25:00+05:30,2022-08-01 15:00:00+05:30,74.4,73.43571428571428,76.1357142857143,0.2,EOD+
S868,ASHOKLEY,2022-08-01 14:10:00+05:30,0.0807,0.037,9,9.0,0.1607,0.0,1.8571,0,0.5206,,0,1,1,1,0,1,2022-08-01 14:10:00+05:30,2022-08-01 14:15:00+05:30,2022-08-01 15:00:00+05:30,74.45,73.90535714285714,75.43035714285715,0.15,EOD+
S869,ASHOKLEY,2022-08-01 14:20:00+05:30,0.1512,0.0303,0,,0.238,0.0,0.1765,0,0.3992,,0,0,1,1,0,1,2022-08-01 14:20:00+05:30,2022-08-01 14:25:00+05:30,2022-08-01 15:00:00+05:30,74.4,73.95357142857144,75.20357142857144,0.2,EOD+
S870,ASHOKLEY,2022-08-02 10:40:00+05:30,-0.7908,-0.7631,0,,1.8976,0.0,-0.7333,0,0.2903,0.0,3,0,1,0,3,4,2022-08-02 10:55:00+05:30,2022-08-02 11:00:00+05:30,2022-08-02 12:05:00+05:30,72.5,71.75892857142858,73.83392857142854,-0.7411,L
S871,ASHOKLEY,2022-08-02 11:05:00+05:30,-0.4074,-0.762,0,,0.071,50.0,1.8571,0,0.2929,,0,0,1,1,0,1,2022-08-02 11:05:00+05:30,2022-08-02 11:10:00+05:30,2022-08-02 12:00:00+05:30,72.5,71.88392857142858,73.60892857142855,-0.6161,L
S872,ASHOKLEY,2022-08-02 11:15:00+05:30,-0.1762,-0.5384,1,1.0,0.1203,0.0,4.4545,0,0.602,,0,0,0,1,0,1,2022-08-02 11:15:00+05:30,2022-08-02 11:20:00+05:30,2022-08-02 12:00:00+05:30,72.5,71.92857142857144,73.5285714285714,-0.5714,L
S873,ASHOKLEY,2022-08-02 13:30:00+05:30,-0.4122,-0.4148,0,,1.671,50.0,-0.7297,0,1.6569,1.0,3,0,0,0,3,4,2022-08-02 13:45:00+05:30,2022-08-02 13:50:00+05:30,2022-08-02 15:00:00+05:30,71.85,71.29642857142856,72.84642857142856,0.05,EOD+
S874,ASHOKLEY,2022-08-03 12:35:00+05:30,-0.1631,-0.1807,0,,2.1431,57.14,-0.799,0,1.4432,0.0,3,0,0,0,3,4,2022-08-03 12:50:00+05:30,2022-08-03 12:55:00+05:30,2022-08-03 14:40:00+05:30,70.6,70.01964285714286,71.64464285714284,1.0446,W
S875,ASHOKLEY,2022-08-04 12:15:00+05:30,-0.3809,-0.5508,0,,0.7318,100.0,-1.0,0,0.4669,1.0,3,1,1,0,3,4,2022-08-04 12:30:00+05:30,2022-08-04 12:35:00+05:30,2022-08-04 15:00:00+05:30,70.2,69.41428571428571,71.61428571428571,0.3,EOD+
S876,ASHOKLEY,2022-08-05 09:15:00+05:30,,,0,,0.3818,16.67,0.1111,0,1.247,,0,0,0,1,0,1,2022-08-05 09:15:00+05:30,2022-08-05 09:20:00+05:30,2022-08-05 10:50:00+05:30,70.6,70.01071428571429,71.66071428571428,-0.5893,L
S877,ASHOKLEY,2022-08-05 09:30:00+05:30,,,1,1.0,0.0618,71.43,2.3333,0,0.7869,,0,0,0,1,0,1,2022-08-05 09:30:00+05:30,2022-08-05 09:35:00+05:30,2022-08-05 14:45:00+05:30,70.6,69.99285714285713,71.69285714285715,-0.6071,L
S878,ASHOKLEY,2022-08-05 11:20:00+05:30,-0.1742,-0.1527,0,,1.4156,0.0,-1.0,0,0.7966,1.0,3,0,0,0,3,4,2022-08-05 11:35:00+05:30,2022-08-05 11:40:00+05:30,2022-08-05 12:00:00+05:30,70.3,69.89821428571427,71.02321428571429,0.7232,W
S879,ASHOKLEY,2022-08-05 12:40:00+05:30,0.2373,0.195,11,8.0,0.3367,16.67,0.5789,0,0.4886,,0,1,1,1,0,1,2022-08-05 12:40:00+05:30,2022-08-05 12:45:00+05:30,2022-08-05 14:45:00+05:30,70.7,69.99464285714285,71.96964285714287,-0.7054,L
S880,ASHOKLEY,2022-08-05 13:20:00+05:30,0.1343,0.1379,0,,1.2833,0.0,-0.596,0,0.7655,1.0,3,0,0,0,3,4,2022-08-05 13:35:00+05:30,2022-08-05 13:40:00+05:30,2022-08-05 14:30:00+05:30,70.8,70.31785714285714,71.66785714285714,-0.4821,L
S881,ASHOKLEY,2022-08-05 13:45:00+05:30,-0.0318,0.0813,0,,0.1346,25.0,3.0,0,0.6565,,0,0,1,1,0,1,2022-08-05 13:45:00+05:30,2022-08-05 13:50:00+05:30,2022-08-05 14:25:00+05:30,70.85,70.38571428571429,71.68571428571428,-0.4643,L
S882,ASHOKLEY,2022-08-05 13:55:00+05:30,-0.053,-0.0071,0,,0.07,50.0,-1.0,0,0.4552,0.0,2,0,1,0,2,3,2022-08-05 14:05:00+05:30,2022-08-05 14:10:00+05:30,2022-08-05 14:35:00+05:30,70.7,70.25357142857143,71.50357142857143,-0.4464,L
S883,ASHOKLEY,2022-08-08 09:15:00+05:30,,,0,,0.2909,25.0,0.25,0,2.9752,,0,1,0,1,0,1,2022-08-08 09:15:00+05:30,2022-08-08 09:20:00+05:30,2022-08-08 15:00:00+05:30,70.6,69.9125,71.83749999999998,-0.5,EOD-
S884,ASHOKLEY,2022-08-08 10:35:00+05:30,0.3776,0.3642,15,12.0,0.2295,20.0,3.0,0,0.569,,0,0,1,1,0,1,2022-08-08 10:35:00+05:30,2022-08-08 10:40:00+05:30,2022-08-08 13:10:00+05:30,71.0,70.45535714285714,71.98035714285716,-0.5446,L
S885,ASHOKLEY,2022-08-08 10:45:00+05:30,0.3278,0.3814,0,,1.2185,33.33,-1.0,0,0.5005,1.0,1,0,0,0,1,2,2022-08-08 10:50:00+05:30,2022-08-08 10:55:00+05:30,2022-08-08 13:00:00+05:30,71.0,70.51785714285714,71.86785714285715,-0.4821,L
S886,ASHOKLEY,2022-08-08 11:00:00+05:30,0.2288,0.3278,0,,0.5625,25.0,-0.5556,0,0.299,0.0,1,0,0,0,1,2,2022-08-08 11:05:00+05:30,2022-08-08 11:10:00+05:30,2022-08-08 12:55:00+05:30,71.05,70.55,71.94999999999999,-0.5,L
S887,ASHOKLEY,2022-08-08 11:45:00+05:30,-0.0987,-0.0775,0,,1.3509,0.0,-0.8182,0,1.9393,1.0,3,0,0,0,3,4,2022-08-08 12:00:00+05:30,2022-08-08 12:05:00+05:30,2022-08-08 13:10:00+05:30,71.0,70.49107142857143,71.91607142857141,-0.5089,L
S888,ASHOKLEY,2022-08-08 12:10:00+05:30,-0.0953,-0.1199,0,,0.3038,50.0,-1.0,0,0.7588,,0,1,1,1,0,1,2022-08-08 12:10:00+05:30,2022-08-08 12:15:00+05:30,2022-08-08 13:10:00+05:30,70.95,70.47678571428573,71.80178571428571,-0.4732,L
S889,ASHOKLEY,2022-08-10 09:30:00+05:30,,,3,3.0,0.1167,50.0,3.0,0,1.2726,,0,0,1,1,0,1,2022-08-10 09:30:00+05:30,2022-08-10 09:35:00+05:30,2022-08-10 09:55:00+05:30,70.3,69.7642857142857,71.26428571428572,-0.5357,L
S890,ASHOKLEY,2022-08-10 10:40:00+05:30,-0.1142,-0.132,0,,0.9692,100.0,-1.0,0,0.578,1.0,3,0,0,0,3,4,2022-08-10 10:55:00+05:30,2022-08-10 11:00:00+05:30,2022-08-10 14:40:00+05:30,70.05,69.46964285714284,71.09464285714287,1.0446,W
S891,ASHOKLEY,2022-08-10 11:05:00+05:30,-0.1466,-0.0964,0,,0.6018,100.0,-1.0,0,0.2545,,0,0,0,1,0,1,2022-08-10 11:05:00+05:30,2022-08-10 11:10:00+05:30,2022-08-10 14:40:00+05:30,70.0,69.49107142857143,70.91607142857144,0.9161,W
S892,ASHOKLEY,2022-08-10 11:15:00+05:30,-0.1502,-0.1394,0,,0.4796,25.0,0.0811,0,0.2049,,0,0,1,1,0,1,2022-08-10 11:15:00+05:30,2022-08-10 11:20:00+05:30,2022-08-10 14:40:00+05:30,69.95,69.46785714285714,70.81785714285715,0.8679,W
S893,ASHOKLEY,2022-08-10 12:20:00+05:30,0.0107,0.0643,0,,1.12,50.0,-1.0,0,1.3957,1.0,3,0,0,0,3,4,2022-08-10 12:35:00+05:30,2022-08-10 12:40:00+05:30,2022-08-10 14:30:00+05:30,70.0,69.64285714285714,70.64285714285714,0.6429,W
S894,ASHOKLEY,2022-08-11 10:25:00+05:30,0.0877,0.2,14,14.0,0.9534,66.67,-0.4937,0,0.4696,0.0,1,0,1,0,1,2,2022-08-11 10:30:00+05:30,2022-08-11 10:35:00+05:30,2022-08-11 11:45:00+05:30,71.35,70.83214285714284,72.28214285714287,-0.5179,L
S895,ASHOKLEY,2022-08-11 11:00:00+05:30,0.0385,0.0876,0,,0.359,0.0,-1.0,0,0.1293,0.0,3,0,0,0,3,4,2022-08-11 11:15:00+05:30,2022-08-11 11:20:00+05:30,2022-08-11 11:40:00+05:30,71.3,70.9517857142857,71.92678571428573,-0.3482,L
S896,ASHOKLEY,2022-08-12 10:40:00+05:30,0.3718,0.5341,17,7.0,0.2887,0.0,0.2121,0,0.5441,,0,0,0,1,0,1,2022-08-12 10:40:00+05:30,2022-08-12 10:45:00+05:30,2022-08-12 15:00:00+05:30,71.3,70.58571428571429,72.58571428571429,-0.2,EOD-
S897,ASHOKLEY,2022-08-12 12:20:00+05:30,-0.1016,-0.2137,0,,1.6049,50.0,-0.5745,0,0.906,0.0,3,0,0,0,3,4,2022-08-12 12:35:00+05:30,2022-08-12 12:40:00+05:30,2022-08-12 15:00:00+05:30,71.3,70.93392857142857,71.95892857142856,-0.2,EOD-
S898,ASHOKLEY,2022-08-12 14:05:00+05:30,-0.0598,-0.0316,0,,0.7452,0.0,-1.0,0,0.5873,1.0,3,0,1,0,3,4,2022-08-12 14:20:00+05:30,2022-08-12 14:25:00+05:30,2022-08-12 15:00:00+05:30,71.1,70.82321428571429,71.59821428571428,0.0,EOD-
S899,ASHOKLEY,2022-08-16 09:20:00+05:30,,,1,1.0,0.0483,85.71,-1.0,0,0.7832,0.0,1,0,1,0,1,2,2022-08-16 09:25:00+05:30,2022-08-16 09:30:00+05:30,2022-08-16 10:15:00+05:30,71.2,70.68214285714285,72.13214285714288,0.9321,W
S900,ASHOKLEY,2022-08-16 09:35:00+05:30,,,1,1.0,0.7,0.0,1.5397,0,4.7018,,0,0,0,1,0,1,2022-08-16 09:35:00+05:30,2022-08-16 09:40:00+05:30,2022-08-16 14:45:00+05:30,71.4,70.8375,72.41250000000002,1.0125,W
S901,ASHOKLEY,2022-08-16 10:55:00+05:30,0.1573,0.2203,15,8.0,0.1556,66.67,-1.0,0,4.6172,1.0,3,0,0,0,3,4,2022-08-16 11:10:00+05:30,2022-08-16 11:15:00+05:30,2022-08-16 13:40:00+05:30,71.6,71.11785714285713,72.46785714285716,-0.4821,L
S902,ASHOKLEY,2022-08-16 12:00:00+05:30,-0.1399,-0.007,0,,1.4925,50.0,-0.823,0,0.5775,1.0,3,0,0,0,3,4,2022-08-16 12:15:00+05:30,2022-08-16 12:20:00+05:30,2022-08-16 13:40:00+05:30,71.5,71.02678571428572,72.3517857142857,-0.4732,L
S903,ASHOKLEY,2022-08-16 12:30:00+05:30,-0.0805,-0.1365,0,,0.0333,0.0,-1.0,0,0.1501,1.0,3,0,1,0,3,4,2022-08-16 12:45:00+05:30,2022-08-16 12:50:00+05:30,2022-08-16 13:40:00+05:30,71.4,71.025,72.07499999999999,-0.375,L
S904,ASHOKLEY,2022-08-16 13:45:00+05:30,0.0105,0.0385,0,,2.1341,66.67,-1.0,0,1.049,1.0,3,0,0,0,3,4,2022-08-16 14:00:00+05:30,2022-08-16 14:05:00+05:30,2022-08-16 14:20:00+05:30,71.4,71.03392857142858,72.05892857142857,0.6589,W
S905,ASHOKLEY,2022-08-17 09:50:00+05:30,0.2453,,7,7.0,0.0,33.33,,1,0.5475,,0,0,0,1,0,1,2022-08-17 09:50:00+05:30,2022-08-17 09:55:00+05:30,2022-08-17 10:30:00+05:30,72.45,71.75357142857143,73.70357142857144,-0.6964,L
S906,ASHOKLEY,2022-08-17 11:10:00+05:30,-0.2843,-0.2008,0,,1.4491,66.67,-1.0,0,0.8838,1.0,3,0,0,0,3,4,2022-08-17 11:25:00+05:30,2022-08-17 11:30:00+05:30,2022-08-17 12:55:00+05:30,72.1,71.59107142857142,73.01607142857142,-0.5089,L
S907,ASHOKLEY,2022-08-17 11:35:00+05:30,-0.1528,-0.2325,0,,0.5289,50.0,-1.0,0,0.4087,1.0,3,0,0,0,3,4,2022-08-17 11:50:00+05:30,2022-08-17 11:55:00+05:30,2022-08-17 12:55:00+05:30,71.95,71.5482142857143,72.67321428571428,-0.4018,L
S908,ASHOKLEY,2022-08-17 13:50:00+05:30,-0.1187,-0.1291,0,,1.129,50.0,-1.0,0,0.6934,1.0,3,0,0,0,3,4,2022-08-17 14:05:00+05:30,2022-08-17 14:10:00+05:30,2022-08-17 15:00:00+05:30,71.6,71.32321428571429,72.09821428571426,-0.1,EOD-
S909,ASHOKLEY,2022-08-17 14:15:00+05:30,-0.0943,-0.1013,0,,0.575,0.0,-1.0,0,5.1206,1.0,1,0,0,0,1,2,2022-08-17 14:20:00+05:30,2022-08-17 14:25:00+05:30,2022-08-17 14:50:00+05:30,71.7,71.45000000000002,72.14999999999998,-0.25,L
S910,ASHOKLEY,2022-08-18 09:35:00+05:30,,,0,,2.4967,66.67,-1.0,0,2.6552,1.0,3,0,0,0,3,4,2022-08-18 09:50:00+05:30,2022-08-18 09:55:00+05:30,2022-08-18 10:25:00+05:30,71.5,70.96428571428572,72.4642857142857,-0.5357,L
S911,ASHOKLEY,2022-08-18 10:00:00+05:30,-0.1228,-0.2561,0,,0.175,33.33,1.1053,0,1.1348,,0,0,0,1,0,1,2022-08-18 10:00:00+05:30,2022-08-18 10:05:00+05:30,2022-08-18 15:00:00+05:30,71.3,70.62142857142858,72.52142857142856,-0.15,EOD-
S912,ASHOKLEY,2022-08-18 10:20:00+05:30,-0.0913,-0.0877,0,,0.691,80.0,-1.0,0,0.5767,0.0,3,0,0,0,3,4,2022-08-18 10:35:00+05:30,2022-08-18 10:40:00+05:30,2022-08-18 15:00:00+05:30,71.25,70.55357142857143,72.50357142857142,-0.1,EOD-
S913,ASHOKLEY,2022-08-18 10:45:00+05:30,-0.1301,-0.137,1,1.0,0.0,100.0,,1,0.2437,1.0,1,0,1,0,1,2,2022-08-18 10:50:00+05:30,2022-08-18 10:55:00+05:30,2022-08-18 15:00:00+05:30,71.15,70.6232142857143,72.09821428571428,0.0,EOD-
S914,ASHOKLEY,2022-08-18 11:00:00+05:30,-0.0211,-0.1301,0,,0.112,0.0,4.0,0,0.2158,,0,0,0,1,0,1,2022-08-18 11:00:00+05:30,2022-08-18 11:05:00+05:30,2022-08-18 13:05:00+05:30,71.2,70.75357142857143,72.00357142857143,-0.4464,L
S915,ASHOKLEY,2022-08-18 11:10:00+05:30,0.0773,-0.0633,1,1.0,0.385,100.0,-1.0,0,0.1653,0.0,1,0,1,0,1,2,2022-08-18 11:15:00+05:30,2022-08-18 11:20:00+05:30,2022-08-18 13:05:00+05:30,71.15,70.79285714285714,71.79285714285716,-0.3571,L
S916,ASHOKLEY,2022-08-18 11:55:00+05:30,-0.1231,-0.0703,0,,1.42,50.0,-1.0,0,1.362,1.0,3,0,0,0,3,4,2022-08-18 12:10:00+05:30,2022-08-18 12:15:00+05:30,2022-08-18 13:05:00+05:30,71.1,70.7875,71.6625,-0.3125,L
S917,ASHOKLEY,2022-08-18 12:40:00+05:30,-0.0845,-0.0387,0,,1.435,75.0,-1.0,0,1.6069,1.0,3,0,0,0,3,4,2022-08-18 12:55:00+05:30,2022-08-18 13:00:00+05:30,2022-08-18 15:00:00+05:30,71.0,70.64285714285715,71.64285714285712,0.15,EOD+
S918,ASHOKLEY,2022-08-18 13:15:00+05:30,-0.0811,-0.0881,0,,1.5925,100.0,-1.0,0,1.7322,1.0,3,0,0,0,3,4,2022-08-18 13:30:00+05:30,2022-08-18 13:35:00+05:30,2022-08-18 15:00:00+05:30,71.0,70.64285714285715,71.64285714285712,0.15,EOD+
S919,ASHOKLEY,2022-08-18 13:40:00+05:30,-0.0353,-0.0705,0,,0.3419,66.67,-1.0,0,0.5441,0.0,1,0,1,0,1,2,2022-08-18 13:45:00+05:30,2022-08-18 13:50:00+05:30,2022-08-18 15:00:00+05:30,70.9,70.51607142857144,71.59107142857142,0.25,EOD+
S920,ASHOKLEY,2022-08-18 13:55:00+05:30,-0.0317,-0.0353,0,,0.5372,66.67,-0.3939,0,0.4511,1.0,1,0,1,0,1,2,2022-08-18 14:00:00+05:30,2022-08-18 14:05:00+05:30,2022-08-18 15:00:00+05:30,70.9,70.51607142857144,71.59107142857142,0.25,EOD+
S921,ASHOKLEY,2022-08-18 14:10:00+05:30,-0.0353,-0.0317,0,,0.4951,0.0,0.3793,0,0.847,,0,0,1,1,0,1,2022-08-18 14:10:00+05:30,2022-08-18 14:15:00+05:30,2022-08-18 15:00:00+05:30,70.9,70.53392857142858,71.55892857142858,0.25,EOD+
S922,ASHOKLEY,2022-08-19 09:35:00+05:30,,,4,3.0,0.0629,80.0,6.5,0,1.8299,,0,0,0,1,0,1,2022-08-19 09:35:00+05:30,2022-08-19 09:40:00+05:30,2022-08-19 15:00:00+05:30,71.5,70.70535714285714,72.93035714285715,0.2,EOD+
S923,ASHOKLEY,2022-08-19 12:45:00+05:30,-0.2686,-0.3275,0,,0.5923,50.0,-0.697,0,0.7155,1.0,3,0,1,0,3,4,2022-08-19 13:00:00+05:30,2022-08-19 13:05:00+05:30,2022-08-19 15:00:00+05:30,71.8,71.10357142857143,73.05357142857142,-0.1,EOD-
S924,ASHOKLEY,2022-08-19 13:50:00+05:30,0.0628,0.0872,8,1.0,0.5385,62.5,0.5,0,1.1257,,0,0,1,1,0,1,2022-08-19 13:50:00+05:30,2022-08-19 13:55:00+05:30,2022-08-19 15:00:00+05:30,71.7,71.23571428571428,72.53571428571429,0.0,EOD-
S925,ASHOKLEY,2022-08-19 14:00:00+05:30,0.0627,0.0837,0,,1.5596,62.5,-0.5276,0,0.6197,0.0,2,0,1,0,2,3,2022-08-19 14:10:00+05:30,2022-08-19 14:15:00+05:30,2022-08-19 15:00:00+05:30,71.8,71.29107142857143,72.71607142857142,-0.1,EOD-
S926,ASHOKLEY,2022-08-22 10:45:00+05:30,-0.5672,-0.6295,0,,0.5333,0.0,-1.0,0,1.8922,1.0,3,0,0,0,3,4,2022-08-22 11:00:00+05:30,2022-08-22 11:05:00+05:30,2022-08-22 13:10:00+05:30,70.1,69.72500000000001,70.77499999999998,-0.375,L
S927,ASHOKLEY,2022-08-22 11:10:00+05:30,-0.1214,-0.4214,0,,0.3938,0.0,0.1111,0,0.297,,0,0,0,1,0,1,2022-08-22 11:10:00+05:30,2022-08-22 11:15:00+05:30,2022-08-22 13:10:00+05:30,70.0,69.71428571428574,70.51428571428569,-0.2857,L
S928,ASHOKLEY,2022-08-22 11:30:00+05:30,0.0071,-0.0357,0,,0.05,0.0,-1.0,0,2.2293,1.0,3,0,0,0,3,4,2022-08-22 11:45:00+05:30,2022-08-22 11:50:00+05:30,2022-08-22 13:10:00+05:30,70.0,69.75000000000001,70.44999999999997,-0.25,L
S929,ASHOKLEY,2022-08-22 11:55:00+05:30,-0.0107,0.0,1,1.0,0.4926,0.0,0.0526,0,0.4158,,0,0,1,1,0,1,2022-08-22 11:55:00+05:30,2022-08-22 12:00:00+05:30,2022-08-22 13:10:00+05:30,70.0,69.75892857142858,70.43392857142855,-0.2411,L
S930,ASHOKLEY,2022-08-22 12:05:00+05:30,-0.0036,-0.0107,1,1.0,0.5115,0.0,0.0526,0,0.2722,,0,0,1,1,0,1,2022-08-22 12:05:00+05:30,2022-08-22 12:10:00+05:30,2022-08-22 13:10:00+05:30,70.0,69.76785714285715,70.41785714285712,-0.2321,L
S931,ASHOKLEY,2022-08-22 12:30:00+05:30,0.0071,0.0,4,4.0,0.0389,50.0,-1.0,0,1.5398,,0,0,0,1,0,1,2022-08-22 12:30:00+05:30,2022-08-22 12:35:00+05:30,2022-08-22 12:55:00+05:30,70.1,69.93928571428572,70.38928571428569,-0.1607,L
S932,ASHOKLEY,2022-08-23 09:15:00+05:30,,,0,,4.8114,40.0,-0.558,0,1.2796,0.0,2,0,0,0,2,3,2022-08-23 09:25:00+05:30,2022-08-23 09:30:00+05:30,2022-08-23 13:05:00+05:30,69.0,68.29464285714285,70.26964285714287,1.2696,W
S933,ASHOKLEY,2022-08-23 11:00:00+05:30,0.3486,0.3998,0,,0.7545,66.67,-1.0,0,0.6165,1.0,3,0,1,0,3,4,2022-08-23 11:15:00+05:30,2022-08-23 11:20:00+05:30,2022-08-23 14:50:00+05:30,69.7,69.0125,70.9375,1.2375,W
S934,ASHOKLEY,2022-08-23 12:15:00+05:30,-0.0682,-0.0323,0,,1.0714,100.0,-1.0,0,1.0122,0.0,3,1,1,0,3,4,2022-08-23 12:30:00+05:30,2022-08-23 12:35:00+05:30,2022-08-23 13:55:00+05:30,69.9,69.4625,70.68750000000001,0.7875,W
S935,ASHOKLEY,2022-08-24 09:15:00+05:30,,,0,,1.4394,40.91,-0.1781,0,2.4863,,0,0,0,1,0,1,2022-08-24 09:15:00+05:30,2022-08-24 09:20:00+05:30,2022-08-24 15:00:00+05:30,71.1,70.46607142857142,72.24107142857142,1.1411,W
S936,ASHOKLEY,2022-08-24 09:30:00+05:30,,,2,2.0,1.0585,77.78,-0.8387,0,0.6587,0.0,2,0,0,0,2,3,2022-08-24 09:40:00+05:30,2022-08-24 09:45:00+05:30,2022-08-24 15:00:00+05:30,70.9,70.16785714285716,72.21785714285714,1.3179,W
S937,ASHOKLEY,2022-08-24 11:25:00+05:30,0.2453,0.1789,19,9.0,0.0333,60.0,9.0,0,0.913,,0,0,0,1,0,1,2022-08-24 11:25:00+05:30,2022-08-24 11:30:00+05:30,2022-08-24 12:45:00+05:30,71.4,71.025,72.07499999999999,-0.375,L
S938,ASHOKLEY,2022-08-24 11:40:00+05:30,0.1121,0.2453,1,1.0,0.2579,0.0,0.4286,0,0.365,,0,0,0,1,0,1,2022-08-24 11:40:00+05:30,2022-08-24 11:45:00+05:30,2022-08-24 12:45:00+05:30,71.4,71.0607142857143,72.01071428571429,-0.3393,L
S939,ASHOKLEY,2022-08-24 12:10:00+05:30,0.0035,0.0875,0,,1.82,66.67,-1.0,0,1.2952,1.0,3,0,0,0,3,4,2022-08-24 12:25:00+05:30,2022-08-24 12:30:00+05:30,2022-08-24 12:45:00+05:30,71.45,71.09285714285716,72.09285714285714,-0.3571,L
S940,ASHOKLEY,2022-08-24 13:20:00+05:30,-0.2075,-0.2248,0,,1.8136,50.0,-0.8246,0,1.246,1.0,3,0,0,0,3,4,2022-08-24 13:35:00+05:30,2022-08-24 13:40:00+05:30,2022-08-24 14:55:00+05:30,71.1,70.70714285714284,71.80714285714286,0.7071,W
S941,ASHOKLEY,2022-08-24 13:45:00+05:30,-0.0915,-0.1901,0,,0.16,100.0,-1.0,0,0.6612,,0,0,0,1,0,1,2022-08-24 13:45:00+05:30,2022-08-24 13:50:00+05:30,2022-08-24 14:50:00+05:30,71.1,70.7875,71.6625,0.5625,W
S942,ASHOKLEY,2022-08-25 10:15:00+05:30,0.3348,0.3942,12,12.0,0.5359,100.0,-1.0,0,0.504,0.0,1,0,1,0,1,2,2022-08-25 10:20:00+05:30,2022-08-25 10:25:00+05:30,2022-08-25 13:15:00+05:30,72.45,71.87857142857143,73.47857142857141,-0.5714,L
S943,ASHOKLEY,2022-08-25 11:35:00+05:30,-0.1003,-0.1037,0,,0.8485,50.0,-0.5,0,0.5104,0.0,3,0,1,0,3,4,2022-08-25 11:50:00+05:30,2022-08-25 11:55:00+05:30,2022-08-25 13:15:00+05:30,72.3,72.00535714285714,72.83035714285715,-0.2946,L
S944,ASHOKLEY,2022-08-25 12:00:00+05:30,-0.0657,-0.0899,0,,0.0259,0.0,19.0,0,1.6341,,0,0,0,1,0,1,2022-08-25 12:00:00+05:30,2022-08-25 12:05:00+05:30,2022-08-25 12:50:00+05:30,72.3,72.05892857142857,72.73392857142856,-0.2411,L
S945,ASHOKLEY,2022-08-25 12:10:00+05:30,0.0,-0.0692,0,,0.7519,0.0,0.3793,0,1.9893,,0,0,0,1,0,1,2022-08-25 12:10:00+05:30,2022-08-25 12:15:00+05:30,2022-08-25 12:50:00+05:30,72.3,72.05892857142857,72.73392857142856,-0.2411,L
S946,ASHOKLEY,2022-08-25 12:20:00+05:30,0.0035,-0.0346,0,,1.125,0.0,-0.5556,0,0.6069,0.0,2,0,1,0,2,3,2022-08-25 12:30:00+05:30,2022-08-25 12:35:00+05:30,2022-08-25 12:50:00+05:30,72.3,72.05,72.74999999999999,-0.25,L
S947,ASHOKLEY,2022-08-26 12:35:00+05:30,-0.0655,-0.1172,0,,0.8207,0.0,-0.4118,0,1.0811,1.0,3,0,1,0,3,4,2022-08-26 12:50:00+05:30,2022-08-26 12:55:00+05:30,2022-08-26 15:00:00+05:30,72.55,72.29107142857143,73.01607142857142,-0.2589,L
S948,ASHOKLEY,2022-08-26 13:00:00+05:30,-0.0414,-0.0138,0,,0.056,0.0,-1.0,0,1.4765,1.0,1,0,1,0,1,2,2022-08-26 13:05:00+05:30,2022-08-26 13:10:00+05:30,2022-08-26 15:00:00+05:30,72.5,72.27678571428572,72.90178571428571,-0.2232,L
S949,ASHOKLEY,2022-08-26 13:15:00+05:30,-0.031,-0.0414,0,,0.0,0.0,,1,0.9845,1.0,2,0,0,0,2,3,2022-08-26 13:25:00+05:30,2022-08-26 13:30:00+05:30,2022-08-26 15:00:00+05:30,72.5,72.25892857142857,72.93392857142857,-0.2411,L
S950,ASHOKLEY,2022-08-26 13:35:00+05:30,-0.0276,-0.0276,0,,0.952,50.0,-0.4118,0,0.8578,0.0,1,0,0,0,1,2,2022-08-26 13:40:00+05:30,2022-08-26 13:45:00+05:30,2022-08-26 15:00:00+05:30,72.5,72.27678571428572,72.9017857142857,-0.2232,L
S951,ASHOKLEY,2022-08-26 13:50:00+05:30,0.0,-0.0276,0,,0.9423,50.0,-0.4286,0,1.4783,,0,0,0,1,0,1,2022-08-26 13:50:00+05:30,2022-08-26 13:55:00+05:30,2022-08-26 15:00:00+05:30,72.5,72.26785714285715,72.91785714285713,-0.2321,L
S952,ASHOKLEY,2022-08-26 14:15:00+05:30,0.0138,0.0172,3,2.0,1.092,0.0,0.0256,0,1.69,,0,0,0,1,0,1,2022-08-26 14:15:00+05:30,2022-08-26 14:20:00+05:30,2022-08-26 15:00:00+05:30,72.5,72.27678571428572,72.9017857142857,-0.2232,L
S953,ASHOKLEY,2022-08-29 11:30:00+05:30,-0.1404,-0.0526,0,,1.19,66.67,-1.0,0,1.3074,1.0,3,0,0,0,3,4,2022-08-29 11:45:00+05:30,2022-08-29 11:50:00+05:30,2022-08-29 15:00:00+05:30,71.2,70.75357142857143,72.00357142857143,0.3,EOD+
S954,ASHOKLEY,2022-08-29 12:00:00+05:30,-0.1266,-0.13,0,,0.6837,50.0,-0.5238,0,1.5372,1.0,3,0,0,0,3,4,2022-08-29 12:15:00+05:30,2022-08-29 12:20:00+05:30,2022-08-29 15:00:00+05:30,71.3,70.91607142857143,71.99107142857142,0.2,EOD+
S955,ASHOKLEY,2022-08-29 12:45:00+05:30,0.0914,0.0141,5,4.0,0.1711,66.67,-1.0,0,1.1526,1.0,3,0,0,0,3,4,2022-08-29 13:00:00+05:30,2022-08-29 13:05:00+05:30,2022-08-29 15:00:00+05:30,71.15,70.7482142857143,71.8732142857143,0.35,EOD+
S956,ASHOKLEY,2022-08-29 13:30:00+05:30,0.0351,0.0351,4,4.0,0.4333,25.0,0.5385,0,1.1835,,0,0,0,1,0,1,2022-08-29 13:30:00+05:30,2022-08-29 13:35:00+05:30,2022-08-29 15:00:00+05:30,71.2,70.825,71.875,0.3,EOD+
S957,ASHOKLEY,2022-08-30 12:10:00+05:30,0.2196,0.4023,35,10.0,0.0737,50.0,-1.0,0,0.333,,0,0,1,1,0,1,2022-08-30 12:10:00+05:30,2022-08-30 12:15:00+05:30,2022-08-30 15:00:00+05:30,74.1,73.59107142857142,75.01607142857144,0.25,EOD+
S958,ASHOKLEY,2022-08-30 13:05:00+05:30,-0.0879,-0.0169,0,,0.8225,0.0,-0.5745,0,0.8061,1.0,3,0,0,0,3,4,2022-08-30 13:20:00+05:30,2022-08-30 13:25:00+05:30,2022-08-30 15:00:00+05:30,74.0,73.64285714285714,74.64285714285715,0.35,EOD+
S959,ASHOKLEY,2022-09-01 12:30:00+05:30,-0.1353,-0.1127,0,,1.249,50.0,-0.7802,0,0.4982,0.0,3,0,1,0,3,4,2022-09-01 12:45:00+05:30,2022-09-01 12:50:00+05:30,2022-09-01 13:55:00+05:30,77.5,77.04464285714286,78.31964285714287,-0.4554,L
S960,ASHOKLEY,2022-09-01 13:00:00+05:30,-0.0484,-0.1968,1,1.0,0.4261,44.44,-0.0476,0,0.8052,0.0,1,1,0,0,1,2,2022-09-01 13:05:00+05:30,2022-09-01 13:10:00+05:30,2022-09-01 14:15:00+05:30,77.55,76.93392857142857,78.65892857142856,1.1089,W
S961,ASHOKLEY,2022-09-01 13:15:00+05:30,-0.0161,-0.0484,0,,0.1778,0.0,0.25,0,0.6761,,0,0,0,1,0,1,2022-09-01 13:15:00+05:30,2022-09-01 13:20:00+05:30,2022-09-01 14:15:00+05:30,77.5,76.93750000000001,78.51249999999999,1.0125,W
S962,ASHOKLEY,2022-09-01 13:25:00+05:30,-0.0129,0.0065,0,,0.2211,0.0,0.1111,0,0.4245,,0,0,1,1,0,1,2022-09-01 13:25:00+05:30,2022-09-01 13:30:00+05:30,2022-09-01 14:10:00+05:30,77.5,76.99107142857144,78.41607142857141,0.9161,W
S963,ASHOKLEY,2022-09-01 13:45:00+05:30,-0.0,0.0,0,,0.4582,50.0,-1.0,0,2.3494,1.0,3,0,0,0,3,4,2022-09-01 14:00:00+05:30,2022-09-01 14:05:00+05:30,2022-09-01 14:15:00+05:30,77.7,77.20892857142859,78.58392857142856,0.8839,W
S964,ASHOKLEY,2022-09-02 10:55:00+05:30,0.3378,0.3197,20,10.0,0.2,33.33,0.25,0,0.8828,,0,0,1,1,0,1,2022-09-02 10:55:00+05:30,2022-09-02 11:00:00+05:30,2022-09-02 14:35:00+05:30,79.95,79.45,80.85,-0.5,L
S965,ASHOKLEY,2022-09-02 11:15:00+05:30,0.203,0.3438,2,2.0,0.2947,33.33,0.6667,0,0.5193,,0,0,1,1,0,1,2022-09-02 11:15:00+05:30,2022-09-02 11:20:00+05:30,2022-09-02 14:35:00+05:30,80.05,79.54107142857143,80.96607142857141,-0.5089,L
S966,ASHOKLEY,2022-09-02 12:25:00+05:30,-0.0438,-0.0594,0,,1.1766,0.0,-0.7468,0,0.6066,1.0,3,0,1,0,3,4,2022-09-02 12:40:00+05:30,2022-09-02 12:45:00+05:30,2022-09-02 14:35:00+05:30,79.95,79.53035714285716,80.70535714285714,-0.4196,L
S967,ASHOKLEY,2022-09-02 12:50:00+05:30,-0.097,-0.0375,0,,0.672,50.0,-0.5833,0,0.8657,,0,0,0,1,0,1,2022-09-02 12:50:00+05:30,2022-09-02 12:55:00+05:30,2022-09-02 14:35:00+05:30,79.9,79.45357142857142,80.70357142857145,-0.4464,L
S968,ASHOKLEY,2022-09-02 13:00:00+05:30,-0.1158,-0.0876,0,,0.6067,0.0,-0.4872,0,0.7773,1.0,3,0,1,0,3,4,2022-09-02 13:15:00+05:30,2022-09-02 13:20:00+05:30,2022-09-02 14:35:00+05:30,79.9,79.49821428571428,80.62321428571431,-0.4018,L
S969,ASHOKLEY,2022-09-02 13:40:00+05:30,-0.0157,-0.0251,0,,1.5795,33.33,-0.5455,0,1.2873,0.0,3,0,1,0,3,4,2022-09-02 13:55:00+05:30,2022-09-02 14:00:00+05:30,2022-09-02 14:35:00+05:30,79.9,79.55178571428571,80.52678571428574,-0.3482,L
S970,ASHOKLEY,2022-09-05 11:30:00+05:30,-0.1501,-0.1656,0,,1.3109,0.0,-0.6117,0,0.662,1.0,3,0,1,0,3,4,2022-09-05 11:45:00+05:30,2022-09-05 11:50:00+05:30,2022-09-05 12:50:00+05:30,80.0,79.50892857142857,80.88392857142857,-0.4911,L
S971,ASHOKLEY,2022-09-05 12:10:00+05:30,-0.025,-0.0594,4,2.0,0.0259,40.0,19.0,0,0.8057,,0,0,0,1,0,1,2022-09-05 12:10:00+05:30,2022-09-05 12:15:00+05:30,2022-09-05 12:50:00+05:30,80.0,79.51785714285714,80.86785714285715,-0.4821,L
S972,ASHOKLEY,2022-09-05 12:25:00+05:30,-0.0282,-0.025,1,1.0,0.798,50.0,-0.6491,0,0.9361,0.0,1,0,0,0,1,2,2022-09-05 12:30:00+05:30,2022-09-05 12:35:00+05:30,2022-09-05 15:00:00+05:30,79.85,79.40357142857142,80.65357142857142,-0.05,EOD-
S973,ASHOKLEY,2022-09-05 13:10:00+05:30,-0.0344,-0.0094,0,,1.6383,0.0,-0.6364,0,1.1439,1.0,3,0,1,0,3,4,2022-09-05 13:25:00+05:30,2022-09-05 13:30:00+05:30,2022-09-05 15:00:00+05:30,79.9,79.48035714285714,80.65535714285716,-0.1,EOD-
S974,ASHOKLEY,2022-09-05 13:35:00+05:30,-0.0438,-0.0376,1,1.0,0.2333,80.0,-1.0,0,0.8519,0.0,2,0,1,0,2,3,2022-09-05 13:45:00+05:30,2022-09-05 13:50:00+05:30,2022-09-05 15:00:00+05:30,79.9,79.47142857142858,80.67142857142859,-0.1,EOD-
S975,ASHOKLEY,2022-09-05 14:20:00+05:30,0.0,-0.0313,6,6.0,0.4804,40.0,0.1429,0,1.3113,,0,0,0,1,0,1,2022-09-05 14:20:00+05:30,2022-09-05 14:25:00+05:30,2022-09-05 15:00:00+05:30,79.8,79.34464285714284,80.61964285714288,0.0,EOD-
S976,ASHOKLEY,2022-09-06 10:30:00+05:30,0.4762,0.6045,15,7.0,0.0941,0.0,4.0,0,0.8113,,0,0,0,1,0,1,2022-09-06 10:30:00+05:30,2022-09-06 10:35:00+05:30,2022-09-06 13:15:00+05:30,81.0,79.9375,82.9125,-1.0625,L
S977,ASHOKLEY,2022-09-06 10:50:00+05:30,0.3884,0.411,3,2.0,0.2533,60.0,0.0526,0,0.6381,,0,0,1,1,0,1,2022-09-06 10:50:00+05:30,2022-09-06 10:55:00+05:30,2022-09-06 12:50:00+05:30,81.15,80.2125,82.8375,-0.9375,L
S978,ASHOKLEY,2022-09-06 14:10:00+05:30,-0.1186,-0.1496,0,,0.7729,0.0,-0.2453,0,0.607,1.0,3,0,1,0,3,4,2022-09-06 14:25:00+05:30,2022-09-06 14:30:00+05:30,2022-09-06 15:00:00+05:30,80.1,79.67142857142858,80.87142857142855,-0.1,EOD-
S979,ASHOKLEY,2022-09-07 11:40:00+05:30,-0.4213,-0.5733,0,,1.4104,0.0,-1.0,0,0.3321,1.0,3,0,1,0,3,4,2022-09-07 11:55:00+05:30,2022-09-07 12:00:00+05:30,2022-09-07 15:00:00+05:30,78.4,77.80178571428573,79.47678571428571,0.1,EOD+
S980,ASHOKLEY,2022-09-07 12:05:00+05:30,-0.2111,-0.3003,0,,0.3123,100.0,-1.0,0,0.4977,1.0,1,0,0,0,1,2,2022-09-07 12:10:00+05:30,2022-09-07 12:15:00+05:30,2022-09-07 15:00:00+05:30,78.4,77.81964285714287,79.44464285714285,0.1,EOD+
S981,ASHOKLEY,2022-09-07 12:20:00+05:30,-0.1408,-0.2111,0,,0.5306,0.0,-0.1489,0,0.4876,0.0,1,1,0,0,1,2,2022-09-07 12:25:00+05:30,2022-09-07 12:30:00+05:30,2022-09-07 15:00:00+05:30,78.2,77.64642857142857,79.19642857142858,0.3,EOD+
S982,ASHOKLEY,2022-09-07 13:45:00+05:30,0.1148,0.185,15,11.0,0.9333,40.0,-0.2308,0,3.0551,1.0,1,0,0,0,1,2,2022-09-07 13:50:00+05:30,2022-09-07 13:55:00+05:30,2022-09-07 15:00:00+05:30,78.55,78.2017857142857,79.17678571428571,-0.05,EOD-
S983,ASHOKLEY,2022-09-07 14:05:00+05:30,0.1083,0.0829,2,2.0,0.7179,50.0,0.0,0,1.2418,1.0,2,0,1,0,2,3,2022-09-07 14:15:00+05:30,2022-09-07 14:20:00+05:30,2022-09-07 15:00:00+05:30,78.6,78.25178571428572,79.2267857142857,-0.1,EOD-
S984,ASHOKLEY,2022-09-07 14:25:00+05:30,0.0796,0.1083,0,,0.3,50.0,0.1111,0,0.7843,,0,0,1,1,0,1,2022-09-07 14:25:00+05:30,2022-09-07 14:30:00+05:30,2022-09-07 15:00:00+05:30,78.55,78.175,79.225,-0.05,EOD-
S985,ASHOKLEY,2022-09-08 11:35:00+05:30,-0.1137,-0.0252,0,,0.9386,100.0,-1.0,0,0.6861,1.0,3,0,1,0,3,4,2022-09-08 11:50:00+05:30,2022-09-08 11:55:00+05:30,2022-09-08 14:20:00+05:30,79.2,78.80714285714286,79.90714285714286,0.7071,W
S986,ASHOKLEY,2022-09-08 12:20:00+05:30,-0.0095,-0.0632,5,4.0,0.15,66.67,1.2222,0,0.7579,,0,0,1,1,0,1,2022-09-08 12:20:00+05:30,2022-09-08 12:25:00+05:30,2022-09-08 14:20:00+05:30,79.1,78.725,79.77499999999998,0.675,W
S987,ASHOKLEY,2022-09-08 12:30:00+05:30,0.0348,-0.0285,0,,0.6333,50.0,-0.4737,0,0.6369,,0,0,1,1,0,1,2022-09-08 12:30:00+05:30,2022-09-08 12:35:00+05:30,2022-09-08 14:20:00+05:30,79.15,78.775,79.825,0.675,W
S988,ASHOKLEY,2022-09-08 12:50:00+05:30,0.06,0.0664,0,,0.5167,0.0,-0.3548,0,0.6287,0.0,3,0,1,0,3,4,2022-09-08 13:05:00+05:30,2022-09-08 13:10:00+05:30,2022-09-08 14:20:00+05:30,79.2,78.825,79.875,0.675,W
S989,ASHOKLEY,2022-09-08 13:55:00+05:30,0.0158,0.041,8,4.0,0.0724,33.33,5.6667,0,1.067,,0,0,1,1,0,1,2022-09-08 13:55:00+05:30,2022-09-08 14:00:00+05:30,2022-09-08 14:20:00+05:30,79.3,79.04107142857143,79.76607142857142,0.4661,W
S990,ASHOKLEY,2022-09-09 12:15:00+05:30,-0.261,-0.2016,0,,2.5025,33.33,-0.5804,0,0.8593,0.0,3,0,1,0,3,4,2022-09-09 12:30:00+05:30,2022-09-09 12:35:00+05:30,2022-09-09 15:00:00+05:30,80.4,80.04285714285716,81.04285714285714,0.5,EOD+
S991,ASHOKLEY,2022-09-09 12:50:00+05:30,-0.0311,-0.1867,3,2.0,0.0206,0.0,59.0,0,2.5613,,0,0,0,1,0,1,2022-09-09 12:50:00+05:30,2022-09-09 12:55:00+05:30,2022-09-09 15:00:00+05:30,80.5,80.19642857142858,81.04642857142856,0.4,EOD+
S992,ASHOKLEY,2022-09-09 13:20:00+05:30,0.0218,0.0187,5,1.0,1.38,66.67,-0.4203,0,0.9761,0.0,2,0,0,0,2,3,2022-09-09 13:30:00+05:30,2022-09-09 13:35:00+05:30,2022-09-09 15:00:00+05:30,80.5,80.1875,81.06249999999999,0.4,EOD+
S993,ASHOKLEY,2022-09-09 13:40:00+05:30,0.0435,0.0218,1,1.0,0.06,50.0,5.6667,0,0.7522,,0,0,1,1,0,1,2022-09-09 13:40:00+05:30,2022-09-09 13:45:00+05:30,2022-09-09 15:00:00+05:30,80.45,80.13750000000002,81.01249999999999,0.45,EOD+
S994,ASHOKLEY,2022-09-12 09:55:00+05:30,-0.1489,-0.1643,0,,1.2306,0.0,-1.0,0,0.5772,1.0,3,0,1,0,3,4,2022-09-12 10:10:00+05:30,2022-09-12 10:15:00+05:30,2022-09-12 14:50:00+05:30,80.7,80.14642857142857,81.69642857142857,-0.5536,L
S995,ASHOKLEY,2022-09-12 10:40:00+05:30,-0.0777,-0.0683,5,5.0,0.2545,50.0,1.0,0,0.4206,,0,0,0,1,0,1,2022-09-12 10:40:00+05:30,2022-09-12 10:45:00+05:30,2022-09-12 14:55:00+05:30,80.5,80.00892857142857,81.38392857142857,-0.4911,L
S996,ASHOKLEY,2022-09-12 10:50:00+05:30,-0.0902,-0.0497,0,,0.1037,100.0,-1.0,0,0.3247,1.0,1,0,1,0,1,2,2022-09-12 10:55:00+05:30,2022-09-12 11:00:00+05:30,2022-09-12 14:55:00+05:30,80.5,80.01785714285714,81.36785714285715,-0.4821,L
S997,ASHOKLEY,2022-09-12 11:05:00+05:30,-0.0093,-0.0902,0,,0.2204,0.0,-1.0,0,1.0157,1.0,2,0,1,0,2,3,2022-09-12 11:15:00+05:30,2022-09-12 11:20:00+05:30,2022-09-12 14:55:00+05:30,80.5,80.01785714285715,81.36785714285713,-0.4821,L
S998,ASHOKLEY,2022-09-12 11:25:00+05:30,0.0683,0.0218,0,,0.6167,50.0,-0.4595,0,0.5625,,0,0,1,1,0,1,2022-09-12 11:25:00+05:30,2022-09-12 11:30:00+05:30,2022-09-12 14:50:00+05:30,80.5,80.125,81.17499999999998,-0.375,L
S999,ASHOKLEY,2022-09-12 11:35:00+05:30,0.0838,0.0714,0,,0.1366,0.0,1.5,0,0.6324,,0,0,0,1,0,1,2022-09-12 11:35:00+05:30,2022-09-12 11:40:00+05:30,2022-09-12 14:50:00+05:30,80.5,80.13392857142858,81.15892857142855,-0.3661,L
S1000,ASHOKLEY,2022-09-12 11:45:00+05:30,0.0745,0.0807,0,,0.6622,0.0,-0.4286,0,2.1104,1.0,3,1,0,0,3,4,2022-09-12 12:00:00+05:30,2022-09-12 12:05:00+05:30,2022-09-12 13:50:00+05:30,80.8,80.46964285714287,81.39464285714283,-0.3304,L
S1001,ASHOKLEY,2022-09-12 12:15:00+05:30,-0.0062,-0.0124,2,2.0,0.1465,100.0,-1.0,0,1.5509,1.0,1,0,0,0,1,2,2022-09-12 12:20:00+05:30,2022-09-12 12:25:00+05:30,2022-09-12 13:55:00+05:30,80.7,80.31607142857143,81.39107142857142,-0.3839,L
S1002,ASHOKLEY,2022-09-12 12:30:00+05:30,0.0403,-0.0062,1,1.0,0.3043,50.0,1.0,0,0.5269,,0,0,1,1,0,1,2022-09-12 12:30:00+05:30,2022-09-12 12:35:00+05:30,2022-09-12 14:45:00+05:30,80.7,80.28928571428573,81.43928571428572,-0.4107,L
S1003,ASHOKLEY,2022-09-12 13:15:00+05:30,0.1115,0.1549,8,7.0,0.1655,50.0,2.0769,0,1.3216,,0,0,0,1,0,1,2022-09-12 13:15:00+05:30,2022-09-12 13:20:00+05:30,2022-09-12 13:55:00+05:30,80.9,80.40892857142858,81.78392857142859,-0.4911,L
S1004,ASHOKLEY,2022-09-12 13:25:00+05:30,0.096,0.127,1,1.0,0.3571,0.0,0.6,0,0.5903,,0,0,1,1,0,1,2022-09-12 13:25:00+05:30,2022-09-12 13:30:00+05:30,2022-09-12 13:55:00+05:30,80.8,80.3625,81.5875,-0.4375,L
S1005,ASHOKLEY,2022-09-13 09:55:00+05:30,-0.2156,-0.181,0,,1.2817,25.0,-0.8462,0,2.0256,1.0,3,0,1,0,3,4,2022-09-13 10:10:00+05:30,2022-09-13 10:15:00+05:30,2022-09-13 13:05:00+05:30,80.0,79.36607142857143,81.14107142857144,-0.6339,L
S1006,ASHOKLEY,2022-09-13 10:25:00+05:30,-0.097,-0.1782,0,,0.8623,66.67,-1.0,0,0.2717,0.0,3,0,0,0,3,4,2022-09-13 10:40:00+05:30,2022-09-13 10:45:00+05:30,2022-09-13 15:00:00+05:30,79.85,79.23392857142856,80.95892857142856,-0.25,EOD-
S1007,ASHOKLEY,2022-09-13 10:50:00+05:30,-0.0814,-0.097,0,,0.4789,0.0,-0.4872,0,0.2309,1.0,2,0,0,0,2,3,2022-09-13 11:00:00+05:30,2022-09-13 11:05:00+05:30,2022-09-13 15:00:00+05:30,79.8,79.29107142857143,80.71607142857142,-0.2,EOD-
S1008,ASHOKLEY,2022-09-13 11:10:00+05:30,-0.0846,-0.1002,0,,0.2113,66.67,0.25,0,0.2082,,0,0,1,1,0,1,2022-09-13 11:10:00+05:30,2022-09-13 11:15:00+05:30,2022-09-13 15:00:00+05:30,79.8,79.3267857142857,80.65178571428571,-0.2,EOD-
S1009,ASHOKLEY,2022-09-13 11:20:00+05:30,-0.0282,-0.1003,0,,0.2333,33.33,-1.0,0,0.2378,,0,0,0,1,0,1,2022-09-13 11:20:00+05:30,2022-09-13 11:25:00+05:30,2022-09-13 13:05:00+05:30,79.8,79.37142857142857,80.57142857142857,-0.4286,L
S1010,ASHOKLEY,2022-09-13 12:00:00+05:30,-0.069,-0.0094,0,,2.5162,50.0,-0.6992,0,1.4223,1.0,3,0,1,0,3,4,2022-09-13 12:15:00+05:30,2022-09-13 12:20:00+05:30,2022-09-13 13:00:00+05:30,79.8,79.46964285714286,80.39464285714284,-0.3304,L
S1011,ASHOKLEY,2022-09-13 12:25:00+05:30,-0.0125,-0.069,0,,1.1233,40.0,-0.1304,0,1.7567,1.0,1,0,0,0,1,2,2022-09-13 12:30:00+05:30,2022-09-13 12:35:00+05:30,2022-09-13 13:05:00+05:30,79.8,79.41607142857143,80.49107142857142,-0.3839,L
S1012,ASHOKLEY,2022-09-13 12:40:00+05:30,-0.0157,-0.0125,1,1.0,0.4455,50.0,-0.2857,0,0.8903,0.0,1,0,1,0,1,2,2022-09-13 12:45:00+05:30,2022-09-13 12:50:00+05:30,2022-09-13 13:05:00+05:30,79.75,79.35714285714286,80.45714285714286,-0.3929,L
S1013,ASHOKLEY,2022-09-13 13:30:00+05:30,-0.0439,-0.0596,0,,1.0684,0.0,-1.0,0,0.5358,0.0,3,0,0,0,3,4,2022-09-13 13:45:00+05:30,2022-09-13 13:50:00+05:30,2022-09-13 15:00:00+05:30,79.65,79.3107142857143,80.26071428571427,-0.05,EOD-
S1014,ASHOKLEY,2022-09-14 09:15:00+05:30,,,0,,4.6573,83.33,-0.8397,0,4.7656,,0,1,0,1,0,1,2022-09-14 09:15:00+05:30,2022-09-14 09:20:00+05:30,2022-09-14 12:40:00+05:30,79.8,79.13035714285714,81.00535714285714,-0.6696,L
S1015,ASHOKLEY,2022-09-14 09:25:00+05:30,,,1,1.0,0.168,50.0,0.1111,0,1.307,,0,0,1,1,0,1,2022-09-14 09:25:00+05:30,2022-09-14 09:30:00+05:30,2022-09-14 15:00:00+05:30,79.55,78.88035714285714,80.75535714285714,-0.35,EOD-
S1016,ASHOKLEY,2022-09-14 09:50:00+05:30,0.0408,,3,2.0,0.6061,75.0,-0.4366,0,0.5154,0.0,2,0,0,0,2,3,2022-09-14 10:00:00+05:30,2022-09-14 10:05:00+05:30,2022-09-14 15:00:00+05:30,79.6,78.86785714285713,80.91785714285713,-0.4,EOD-
S1017,ASHOKLEY,2022-09-14 10:10:00+05:30,-0.0063,0.0346,0,,0.2446,50.0,-1.0,0,0.4655,1.0,2,0,0,0,2,3,2022-09-14 10:20:00+05:30,2022-09-14 10:25:00+05:30,2022-09-14 15:00:00+05:30,79.6,78.85892857142856,80.93392857142857,-0.4,EOD-
S1018,ASHOKLEY,2022-09-14 10:30:00+05:30,-0.0031,-0.0031,0,,0.9857,50.0,-0.7101,0,0.7871,1.0,2,0,0,0,2,3,2022-09-14 10:40:00+05:30,2022-09-14 10:45:00+05:30,2022-09-14 12:25:00+05:30,79.7,79.2625,80.4875,-0.4375,L
S1019,ASHOKLEY,2022-09-14 10:50:00+05:30,0.0251,-0.0,1,1.0,0.2587,0.0,0.1765,0,0.3549,,0,0,1,1,0,1,2022-09-14 10:50:00+05:30,2022-09-14 10:55:00+05:30,2022-09-14 12:40:00+05:30,79.55,79.1392857142857,80.28928571428571,-0.4107,L
S1020,ASHOKLEY,2022-09-14 11:05:00+05:30,0.0031,0.0251,1,1.0,0.6,100.0,-1.0,0,0.9657,1.0,3,0,1,0,3,4,2022-09-14 11:20:00+05:30,2022-09-14 11:25:00+05:30,2022-09-14 12:25:00+05:30,79.65,79.275,80.32500000000002,-0.375,L
S1021,ASHOKLEY,2022-09-14 13:25:00+05:30,-0.2144,-0.1701,0,,1.9744,0.0,-1.0,0,1.4274,0.0,3,0,0,0,3,4,2022-09-14 13:40:00+05:30,2022-09-14 13:45:00+05:30,2022-09-14 15:00:00+05:30,79.35,79.00178571428572,79.9767857142857,-0.3482,L
S1022,ASHOKLEY,2022-09-14 13:55:00+05:30,-0.0852,-0.1515,1,1.0,0.462,25.0,0.8182,0,0.4085,,0,0,1,1,0,1,2022-09-14 13:55:00+05:30,2022-09-14 14:00:00+05:30,2022-09-14 15:00:00+05:30,79.25,78.80357142857143,80.05357142857143,-0.05,EOD-
S1023,ASHOKLEY,2022-09-14 14:05:00+05:30,-0.079,-0.101,0,,0.322,100.0,-1.0,0,0.3978,,0,0,1,1,0,1,2022-09-14 14:05:00+05:30,2022-09-14 14:10:00+05:30,2022-09-14 15:00:00+05:30,79.2,78.75357142857143,80.00357142857143,0.0,EOD-
S1024,ASHOKLEY,2022-09-14 14:15:00+05:30,-0.0569,-0.079,1,1.0,0.2979,66.67,0.0,0,0.4986,1.0,1,0,1,0,1,2,2022-09-14 14:20:00+05:30,2022-09-14 14:25:00+05:30,2022-09-14 15:00:00+05:30,79.2,78.78035714285714,79.95535714285714,0.0,EOD-
S1025,ASHOKLEY,2022-09-14 14:30:00+05:30,-0.0063,-0.0569,0,,0.3,0.0,1.8571,0,1.1145,,0,0,0,1,0,1,2022-09-14 14:30:00+05:30,2022-09-14 14:35:00+05:30,2022-09-14 15:00:00+05:30,79.25,78.8125,80.0375,-0.05,EOD-
S1026,ASHOKLEY,2022-09-15 12:20:00+05:30,-0.1966,-0.3242,0,,0.4565,0.0,-0.3333,0,0.4167,1.0,3,0,1,0,3,4,2022-09-15 12:35:00+05:30,2022-09-15 12:40:00+05:30,2022-09-15 15:00:00+05:30,80.1,79.68928571428572,80.83928571428571,0.25,EOD+
S1027,ASHOKLEY,2022-09-15 12:50:00+05:30,-0.0437,-0.0624,0,,0.5923,0.0,-1.0,0,0.7019,1.0,3,0,1,0,3,4,2022-09-15 13:05:00+05:30,2022-09-15 13:10:00+05:30,2022-09-15 15:00:00+05:30,80.1,79.7517857142857,80.72678571428571,0.25,EOD+
S1028,ASHOKLEY,2022-09-15 13:45:00+05:30,0.0187,0.0,0,,1.2805,0.0,-0.4667,0,1.7521,1.0,3,0,0,0,3,4,2022-09-15 14:00:00+05:30,2022-09-15 14:05:00+05:30,2022-09-15 15:00:00+05:30,80.1,79.73392857142856,80.75892857142857,0.25,EOD+
S1029,ASHOKLEY,2022-09-15 14:10:00+05:30,-0.0062,-0.0125,0,,0.5372,100.0,-1.0,0,0.8925,,0,0,1,1,0,1,2022-09-15 14:10:00+05:30,2022-09-15 14:15:00+05:30,2022-09-15 15:00:00+05:30,80.2,79.81607142857143,80.89107142857142,0.15,EOD+
S1030,ASHOKLEY,2022-09-15 14:30:00+05:30,0.053,0.0062,2,2.0,0.7467,16.67,0.6667,0,1.06,,0,0,0,1,0,1,2022-09-15 14:30:00+05:30,2022-09-15 14:35:00+05:30,2022-09-15 15:00:00+05:30,80.2,79.7982142857143,80.92321428571427,0.15,EOD+
S1031,ASHOKLEY,2022-09-16 09:15:00+05:30,,,0,,3.1101,35.0,-0.3162,0,2.8892,,0,0,0,1,0,1,2022-09-16 09:15:00+05:30,2022-09-16 09:20:00+05:30,2022-09-16 09:45:00+05:30,80.1,79.39464285714286,81.36964285714285,-0.7054,L
S1032,ASHOKLEY,2022-09-16 11:00:00+05:30,-0.2394,-0.2454,0,,0.6188,66.67,-0.6721,0,0.2191,0.0,3,0,1,0,3,4,2022-09-16 11:15:00+05:30,2022-09-16 11:20:00+05:30,2022-09-16 12:15:00+05:30,79.3,78.68392857142857,80.40892857142858,-0.6161,L
S1033,ASHOKLEY,2022-09-16 11:25:00+05:30,-0.1704,-0.2744,0,,0.0891,25.0,1.8571,0,0.2967,,0,0,0,1,0,1,2022-09-16 11:25:00+05:30,2022-09-16 11:30:00+05:30,2022-09-16 12:15:00+05:30,79.25,78.75892857142857,80.13392857142857,-0.4911,L
S1034,ASHOKLEY,2022-09-19 09:15:00+05:30,,,0,,0.5071,9.09,2.4783,0,1.3766,,0,0,0,1,0,1,2022-09-19 09:15:00+05:30,2022-09-19 09:20:00+05:30,2022-09-19 11:40:00+05:30,77.9,76.76607142857144,79.94107142857143,-1.1339,L
S1035,ASHOKLEY,2022-09-19 09:25:00+05:30,,,0,,0.8316,20.0,-0.2405,0,0.9657,1.0,1,0,0,0,1,2,2022-09-19 09:30:00+05:30,2022-09-19 09:35:00+05:30,2022-09-19 11:40:00+05:30,78.05,76.8625,80.1875,-1.1875,L
S1036,ASHOKLEY,2022-09-19 10:00:00+05:30,0.2893,0.4055,5,2.0,0.6529,80.0,-0.6396,0,0.1942,0.0,1,0,1,0,1,2,2022-09-19 10:05:00+05:30,2022-09-19 10:10:00+05:30,2022-09-19 11:40:00+05:30,78.0,76.9375,79.91250000000001,-1.0625,L
S1037,ASHOKLEY,2022-09-19 11:50:00+05:30,-0.3625,-0.2519,0,,2.625,66.67,-1.0,0,1.804,1.0,3,0,1,0,3,4,2022-09-19 12:05:00+05:30,2022-09-19 12:10:00+05:30,2022-09-19 12:20:00+05:30,77.4,76.79285714285714,78.49285714285715,1.0929,W
S1038,ASHOKLEY,2022-09-19 13:20:00+05:30,0.5566,0.5488,14,6.0,0.0064,92.31,19.0,0,1.2368,,0,0,1,1,0,1,2022-09-19 13:20:00+05:30,2022-09-19 13:25:00+05:30,2022-09-19 15:00:00+05:30,78.2,77.22678571428571,79.95178571428572,0.15,EOD+
S1039,ASHOKLEY,2022-09-19 13:30:00+05:30,0.4918,0.5668,0,,1.3646,0.0,-0.5855,0,0.5231,0.0,2,0,0,0,2,3,2022-09-19 13:40:00+05:30,2022-09-19 13:45:00+05:30,2022-09-19 15:00:00+05:30,78.55,77.66607142857143,80.14107142857142,-0.2,EOD-
S1040,ASHOKLEY,2022-09-19 14:10:00+05:30,0.2889,0.4546,5,3.0,0.1291,100.0,-1.0,0,0.6692,,0,0,1,1,0,1,2022-09-19 14:10:00+05:30,2022-09-19 14:15:00+05:30,2022-09-19 15:00:00+05:30,79.2,78.28035714285714,80.85535714285714,-0.9196,L
S1041,ASHOKLEY,2022-09-20 09:30:00+05:30,,,3,3.0,0.21,30.0,1.6667,0,1.2982,,0,0,0,1,0,1,2022-09-20 09:30:00+05:30,2022-09-20 09:35:00+05:30,2022-09-20 15:00:00+05:30,78.8,77.90714285714286,80.40714285714284,0.25,EOD+
S1042,ASHOKLEY,2022-09-20 12:05:00+05:30,0.0754,0.1446,30,10.0,0.0457,66.67,5.6667,0,0.578,,0,0,1,1,0,1,2022-09-20 12:05:00+05:30,2022-09-20 12:10:00+05:30,2022-09-20 13:20:00+05:30,79.6,79.1892857142857,80.33928571428571,-0.4107,L
S1043,ASHOKLEY,2022-09-20 12:30:00+05:30,0.0879,0.0785,3,1.0,0.1833,0.0,2.6364,0,0.6335,,0,0,0,1,0,1,2022-09-20 12:30:00+05:30,2022-09-20 12:35:00+05:30,2022-09-20 13:10:00+05:30,79.7,79.325,80.37500000000001,-0.375,L
S1044,ASHOKLEY,2022-09-21 09:15:00+05:30,,,0,,3.8431,55.56,-0.9286,0,1.3844,0.0,1,0,0,0,1,2,2022-09-21 09:20:00+05:30,2022-09-21 09:25:00+05:30,2022-09-21 10:00:00+05:30,79.0,78.54464285714286,79.81964285714285,-0.4554,L
S1045,ASHOKLEY,2022-09-21 09:30:00+05:30,,,0,,0.3985,40.0,0.6216,0,0.516,,0,0,0,1,0,1,2022-09-21 09:30:00+05:30,2022-09-21 09:35:00+05:30,2022-09-21 10:05:00+05:30,79.0,78.41964285714286,80.04464285714285,-0.5804,L
S1046,ASHOKLEY,2022-09-21 09:40:00+05:30,-0.019,,0,,0.5478,50.0,-0.6296,0,0.5628,,0,1,0,1,0,1,2022-09-21 09:40:00+05:30,2022-09-21 09:45:00+05:30,2022-09-21 10:05:00+05:30,79.1,78.48392857142856,80.20892857142856,-0.6161,L
S1047,ASHOKLEY,2022-09-21 10:10:00+05:30,-0.1205,-0.0412,0,,0.811,0.0,-0.7895,0,0.3509,1.0,3,0,1,0,3,4,2022-09-21 10:25:00+05:30,2022-09-21 10:30:00+05:30,2022-09-21 11:45:00+05:30,78.7,77.96785714285714,80.01785714285714,-0.7321,L
S1048,ASHOKLEY,2022-09-21 11:00:00+05:30,-0.0603,-0.054,0,,1.1582,50.0,-1.0,0,0.7569,1.0,3,0,0,0,3,4,2022-09-21 11:15:00+05:30,2022-09-21 11:20:00+05:30,2022-09-21 11:40:00+05:30,78.75,78.25892857142857,79.63392857142857,-0.4911,L
S1049,ASHOKLEY,2022-09-21 12:30:00+05:30,-0.1981,-0.2106,0,,1.6295,0.0,-1.0,0,1.3807,1.0,3,0,0,0,3,4,2022-09-21 12:45:00+05:30,2022-09-21 12:50:00+05:30,2022-09-21 15:00:00+05:30,78.3,77.75535714285714,79.28035714285714,0.5,EOD+
S1050,ASHOKLEY,2022-09-22 09:15:00+05:30,,,0,,2.4944,44.44,-0.3676,0,4.3294,,0,0,0,1,0,1,2022-09-22 09:15:00+05:30,2022-09-22 09:20:00+05:30,2022-09-22 09:50:00+05:30,78.9,78.26607142857144,80.04107142857144,1.1411,W
S1051,ASHOKLEY,2022-09-22 12:35:00+05:30,-0.1383,-0.1854,0,,0.7109,66.67,-0.6923,0,0.4726,1.0,3,0,1,0,3,4,2022-09-22 12:50:00+05:30,2022-09-22 12:55:00+05:30,2022-09-22 15:00:00+05:30,79.5,78.92857142857143,80.52857142857142,0.15,EOD+
S1052,ASHOKLEY,2022-09-22 13:00:00+05:30,-0.0881,-0.0944,0,,0.2204,0.0,0.1765,0,0.4533,,0,0,0,1,0,1,2022-09-22 13:00:00+05:30,2022-09-22 13:05:00+05:30,2022-09-22 15:00:00+05:30,79.45,78.96785714285714,80.31785714285714,0.2,EOD+
S1053,ASHOKLEY,2022-09-22 13:10:00+05:30,-0.0787,-0.0787,0,,0.154,100.0,-1.0,0,0.5666,,0,0,1,1,0,1,2022-09-22 13:10:00+05:30,2022-09-22 13:15:00+05:30,2022-09-22 15:00:00+05:30,79.5,79.05357142857143,80.30357142857142,0.15,EOD+
S1054,ASHOKLEY,2022-09-23 11:05:00+05:30,-0.5487,-0.7307,0,,1.6,50.0,-0.7222,0,0.6829,0.0,3,0,1,0,3,4,2022-09-23 11:20:00+05:30,2022-09-23 11:25:00+05:30,2022-09-23 13:05:00+05:30,77.5,76.9375,78.5125,-0.5625,L
S1055,ASHOKLEY,2022-09-23 11:30:00+05:30,-0.0452,-0.3035,0,,0.9692,25.0,-0.3333,0,0.415,0.0,2,1,1,0,2,3,2022-09-23 11:40:00+05:30,2022-09-23 11:45:00+05:30,2022-09-23 13:05:00+05:30,77.5,76.91964285714286,78.54464285714286,-0.5804,L
S1056,ASHOKLEY,2022-09-23 11:50:00+05:30,-0.0388,-0.0323,1,1.0,0.2729,33.33,0.7391,0,0.3722,,0,1,1,1,0,1,2022-09-23 11:50:00+05:30,2022-09-23 11:55:00+05:30,2022-09-23 13:05:00+05:30,77.5,76.97321428571428,78.44821428571429,-0.5268,L
S1057,ASHOKLEY,2022-09-23 12:00:00+05:30,0.0,-0.0355,0,,0.5164,50.0,-0.1111,0,7.8664,1.0,1,0,0,0,1,2,2022-09-23 12:05:00+05:30,2022-09-23 12:10:00+05:30,2022-09-23 13:05:00+05:30,77.5,76.95535714285714,78.48035714285714,-0.5446,L
S1058,ASHOKLEY,2022-09-23 12:15:00+05:30,-0.0065,0.0,0,,0.0137,0.0,-1.0,0,0.3034,1.0,2,0,1,0,2,3,2022-09-23 12:25:00+05:30,2022-09-23 12:30:00+05:30,2022-09-23 13:00:00+05:30,77.5,77.04464285714286,78.31964285714287,-0.4554,L
S1059,ASHOKLEY,2022-09-23 12:35:00+05:30,-0.0258,-0.0161,1,1.0,0.5833,33.33,-0.4286,0,0.3235,0.0,2,0,1,0,2,3,2022-09-23 12:45:00+05:30,2022-09-23 12:50:00+05:30,2022-09-23 13:00:00+05:30,77.4,77.025,78.075,-0.375,L
S1060,ASHOKLEY,2022-09-23 13:15:00+05:30,-0.0776,-0.0065,0,,2.5521,62.5,-0.8857,0,0.6288,0.0,3,0,0,0,3,4,2022-09-23 13:30:00+05:30,2022-09-23 13:35:00+05:30,2022-09-23 14:00:00+05:30,77.4,76.97142857142858,78.17142857142858,-0.4286,L
S1061,ASHOKLEY,2022-09-23 13:40:00+05:30,-0.0517,-0.0808,0,,0.5056,50.0,-1.0,0,0.748,1.0,1,0,1,0,1,2,2022-09-23 13:45:00+05:30,2022-09-23 13:50:00+05:30,2022-09-23 14:30:00+05:30,77.25,76.76785714285714,78.11785714285713,-0.4821,L
S1062,ASHOKLEY,2022-09-26 11:00:00+05:30,-0.9428,-1.3388,0,,1.1951,0.0,-0.7143,0,0.4465,1.0,3,0,1,0,3,4,2022-09-26 11:15:00+05:30,2022-09-26 11:20:00+05:30,2022-09-26 12:35:00+05:30,73.4,72.66785714285714,74.71785714285716,1.3179,W
S1063,ASHOKLEY,2022-09-26 11:40:00+05:30,0.092,-0.1841,4,3.0,0.0,66.67,,1,0.6155,,0,0,1,1,0,1,2022-09-26 11:40:00+05:30,2022-09-26 11:45:00+05:30,2022-09-26 12:35:00+05:30,73.4,72.73035714285714,74.60535714285717,1.2054,W
S1064,ASHOKLEY,2022-09-26 13:35:00+05:30,0.4349,0.4762,22,10.0,0.5028,33.33,0.5686,0,1.0698,,0,1,0,1,0,1,2022-09-26 13:35:00+05:30,2022-09-26 13:40:00+05:30,2022-09-26 15:00:00+05:30,74.95,74.31607142857142,76.09107142857144,0.1,EOD+
S1065,ASHOKLEY,2022-09-26 14:05:00+05:30,0.2035,0.3073,0,,1.4437,50.0,-0.697,0,1.6266,1.0,3,0,0,0,3,4,2022-09-26 14:20:00+05:30,2022-09-26 14:25:00+05:30,2022-09-26 15:00:00+05:30,75.0,74.42857142857142,76.02857142857144,0.05,EOD+
S1066,ASHOKLEY,2022-09-26 14:30:00+05:30,-0.02,0.1234,0,,0.0609,0.0,5.6667,0,0.9529,,0,0,0,1,0,1,2022-09-26 14:30:00+05:30,2022-09-26 14:35:00+05:30,2022-09-26 15:00:00+05:30,75.0,74.38392857142857,76.10892857142858,0.05,EOD+
S1067,ASHOKLEY,2022-09-27 10:20:00+05:30,-0.9873,-0.9137,0,,2.7258,0.0,-0.9222,0,1.0477,1.0,3,0,0,0,3,4,2022-09-27 10:35:00+05:30,2022-09-27 10:40:00+05:30,2022-09-27 11:05:00+05:30,73.25,72.07142857142857,75.37142857142857,-1.1786,L
S1068,ASHOKLEY,2022-09-27 10:45:00+05:30,-0.5821,-0.8636,1,1.0,0.2826,42.86,0.3636,0,0.5472,,0,0,0,1,0,1,2022-09-27 10:45:00+05:30,2022-09-27 10:50:00+05:30,2022-09-27 11:05:00+05:30,73.0,72.02678571428572,74.75178571428572,-0.9732,L
S1069,ASHOKLEY,2022-09-27 11:30:00+05:30,-0.2241,-0.5308,0,,0.6323,16.67,-0.5238,0,0.8357,1.0,3,0,0,0,3,4,2022-09-27 11:45:00+05:30,2022-09-27 11:50:00+05:30,2022-09-27 15:00:00+05:30,72.5,71.66964285714286,73.99464285714286,0.6,EOD+
S1070,ASHOKLEY,2022-09-27 11:55:00+05:30,0.0724,-0.0379,0,,0.5909,20.0,-0.3846,0,0.8789,1.0,2,0,0,0,2,3,2022-09-27 12:05:00+05:30,2022-09-27 12:10:00+05:30,2022-09-27 15:00:00+05:30,72.6,71.9125,73.83749999999999,0.5,EOD+
S1071,ASHOKLEY,2022-09-27 12:15:00+05:30,-0.1035,0.0758,0,,1.4189,71.43,-1.0,0,1.1943,0.0,1,0,0,0,1,2,2022-09-27 12:20:00+05:30,2022-09-27 12:25:00+05:30,2022-09-27 15:00:00+05:30,72.45,71.78928571428571,73.63928571428572,0.65,EOD+
S1072,ASHOKLEY,2022-09-27 12:30:00+05:30,-0.2452,-0.1035,0,,0.6816,50.0,-0.4595,0,0.7853,,0,0,1,1,0,1,2022-09-27 12:30:00+05:30,2022-09-27 12:35:00+05:30,2022-09-27 15:00:00+05:30,72.4,71.72142857142858,73.62142857142858,0.7,EOD+
S1073,ASHOKLEY,2022-09-27 12:40:00+05:30,-0.1313,-0.2279,0,,0.2835,100.0,-1.0,0,0.7175,1.0,2,0,1,0,2,3,2022-09-27 12:50:00+05:30,2022-09-27 12:55:00+05:30,2022-09-27 15:00:00+05:30,72.5,71.79464285714286,73.76964285714286,0.6,EOD+
S1074,ASHOKLEY,2022-09-27 13:00:00+05:30,0.069,-0.0691,1,1.0,0.0951,66.67,-1.0,0,2.2499,1.0,1,0,0,0,1,2,2022-09-27 13:05:00+05:30,2022-09-27 13:10:00+05:30,2022-09-27 15:00:00+05:30,72.75,72.02678571428571,74.05178571428571,0.35,EOD+
S1075,ASHOKLEY,2022-09-28 09:50:00+05:30,-0.158,,0,,0.9042,100.0,-1.0,0,0.653,0.0,3,0,0,0,3,4,2022-09-28 10:05:00+05:30,2022-09-28 10:10:00+05:30,2022-09-28 15:00:00+05:30,72.8,71.72857142857143,74.72857142857141,-0.45,EOD-
S1076,ASHOKLEY,2022-09-28 11:15:00+05:30,-0.1071,-0.2208,0,,1.3879,50.0,-0.8261,0,0.8908,1.0,3,0,0,0,3,4,2022-09-28 11:30:00+05:30,2022-09-28 11:35:00+05:30,2022-09-28 15:00:00+05:30,72.4,71.88214285714285,73.33214285714287,-0.05,EOD-
S1077,ASHOKLEY,2022-09-28 12:45:00+05:30,0.2619,0.2071,13,5.0,0.0418,57.14,14.0,0,2.0886,,0,0,0,1,0,1,2022-09-28 12:45:00+05:30,2022-09-28 12:50:00+05:30,2022-09-28 14:55:00+05:30,72.9,72.30178571428571,73.97678571428573,-0.5982,L
S1078,ASHOKLEY,2022-09-28 13:05:00+05:30,0.1618,0.248,0,,0.5833,50.0,-0.6364,0,0.6472,0.0,3,0,1,0,3,4,2022-09-28 13:20:00+05:30,2022-09-28 13:25:00+05:30,2022-09-28 15:00:00+05:30,72.7,72.11071428571428,73.76071428571429,-0.35,EOD-
S1079,ASHOKLEY,2022-09-28 13:40:00+05:30,0.0894,0.086,3,1.0,0.1286,33.33,3.4444,0,0.7575,,0,0,0,1,0,1,2022-09-28 13:40:00+05:30,2022-09-28 13:45:00+05:30,2022-09-28 14:40:00+05:30,72.85,72.4125,73.6375,-0.4375,L
S1080,ASHOKLEY,2022-09-28 14:00:00+05:30,0.0481,0.0859,3,2.0,0.2864,0.0,1.2222,0,0.7299,,0,0,0,1,0,1,2022-09-28 14:00:00+05:30,2022-09-28 14:05:00+05:30,2022-09-28 14:40:00+05:30,72.8,72.40714285714286,73.50714285714285,-0.3929,L
S1081,ASHOKLEY,2022-09-28 14:10:00+05:30,0.0206,0.0619,0,,0.293,50.0,-1.0,0,0.9133,1.0,1,1,0,0,1,2,2022-09-28 14:15:00+05:30,2022-09-28 14:20:00+05:30,2022-09-28 14:30:00+05:30,72.9,72.51607142857144,73.59107142857144,-0.3839,L
S1082,ASHOKLEY,2022-09-29 10:45:00+05:30,0.3577,0.3892,18,12.0,0.3667,0.0,0.2121,0,0.5862,,0,1,0,1,0,1,2022-09-29 10:45:00+05:30,2022-09-29 10:50:00+05:30,2022-09-29 11:45:00+05:30,73.45,72.8875,74.46249999999999,-0.5625,L
S1083,ASHOKLEY,2022-09-29 10:55:00+05:30,0.3029,0.3716,0,,0.2673,100.0,-1.0,0,0.6277,,0,0,1,1,0,1,2022-09-29 10:55:00+05:30,2022-09-29 11:00:00+05:30,2022-09-29 11:40:00+05:30,73.45,72.95892857142859,74.33392857142856,-0.4911,L
S1084,ASHOKLEY,2022-09-29 12:05:00+05:30,-0.2736,-0.1604,0,,3.4857,60.0,-0.918,0,1.118,0.0,3,0,1,0,3,4,2022-09-29 12:20:00+05:30,2022-09-29 12:25:00+05:30,2022-09-29 13:05:00+05:30,73.0,72.5625,73.7875,-0.4375,L
S1085,ASHOKLEY,2022-09-29 12:30:00+05:30,-0.1541,-0.2738,0,,0.4627,62.5,0.0256,0,0.7406,,0,0,1,1,0,1,2022-09-29 12:30:00+05:30,2022-09-29 12:35:00+05:30,2022-09-29 13:05:00+05:30,73.0,72.47321428571429,73.94821428571427,-0.5268,L
S1086,ASHOKLEY,2022-09-29 12:40:00+05:30,-0.1199,-0.1986,0,,0.6781,66.67,-1.0,0,0.7894,,0,0,0,1,0,1,2022-09-29 12:40:00+05:30,2022-09-29 12:45:00+05:30,2022-09-29 13:05:00+05:30,73.0,72.42857142857143,74.02857142857141,-0.5714,L
S1087,ASHOKLEY,2022-09-30 10:00:00+05:30,-0.373,-0.3652,0,,2.3625,50.0,-0.8148,0,0.7846,1.0,3,0,1,0,3,4,2022-09-30 10:15:00+05:30,2022-09-30 10:20:00+05:30,2022-09-30 12:40:00+05:30,71.75,70.89285714285714,73.29285714285714,1.5429,W
S1088,ASHOKLEY,2022-09-30 11:30:00+05:30,0.4135,0.2925,14,3.0,0.1711,16.67,1.7273,0,0.8428,,0,0,0,1,0,1,2022-09-30 11:30:00+05:30,2022-09-30 11:35:00+05:30,2022-09-30 12:45:00+05:30,72.05,71.24642857142857,73.49642857142857,1.4464,W
S1089,ASHOKLEY,2022-09-30 11:40:00+05:30,0.3747,0.3929,0,,0.0169,20.0,9.0,0,0.7632,,0,0,0,1,0,1,2022-09-30 11:40:00+05:30,2022-09-30 11:45:00+05:30,2022-09-30 12:45:00+05:30,72.15,71.40892857142858,73.48392857142858,1.3339,W
S1090,ASHOKLEY,2022-09-30 11:50:00+05:30,0.3396,0.4062,0,,0.1518,75.0,-1.0,0,0.5353,,0,0,1,1,0,1,2022-09-30 11:50:00+05:30,2022-09-30 11:55:00+05:30,2022-09-30 12:45:00+05:30,72.25,71.50892857142857,73.58392857142857,1.3339,W
S1091,ASHOKLEY,2022-09-30 14:10:00+05:30,0.3531,0.3947,26,7.0,0.1235,100.0,-1.0,0,1.1195,1.0,1,0,1,0,1,2,2022-09-30 14:15:00+05:30,2022-09-30 14:20:00+05:30,2022-09-30 15:00:00+05:30,73.8,73.19285714285714,74.89285714285715,-0.1,EOD-
S1092,ASHOKLEY,2022-10-03 09:35:00+05:30,,,4,4.0,0.1815,44.44,1.2857,0,1.1238,,0,0,0,1,0,1,2022-10-03 09:35:00+05:30,2022-10-03 09:40:00+05:30,2022-10-03 13:30:00+05:30,74.05,72.84464285714286,76.21964285714286,-1.2054,L
S1093,ASHOKLEY,2022-10-03 10:25:00+05:30,0.0439,0.0034,0,,0.9093,33.33,-0.8413,0,0.5838,1.0,3,0,0,0,3,4,2022-10-03 10:40:00+05:30,2022-10-03 10:45:00+05:30,2022-10-03 11:15:00+05:30,74.1,73.23392857142856,75.65892857142856,-0.8661,L
S1094,ASHOKLEY,2022-10-03 11:20:00+05:30,-0.2848,-0.2573,0,,1.8472,77.78,-1.0,0,0.727,0.0,3,0,1,0,3,4,2022-10-03 11:35:00+05:30,2022-10-03 11:40:00+05:30,2022-10-03 13:15:00+05:30,73.8,73.15714285714286,74.95714285714286,-0.6429,L
S1095,ASHOKLEY,2022-10-03 11:50:00+05:30,0.0203,-0.1357,1,1.0,0.0645,0.0,4.7143,0,0.6908,,0,0,0,1,0,1,2022-10-03 11:50:00+05:30,2022-10-03 11:55:00+05:30,2022-10-03 13:20:00+05:30,73.8,73.12142857142857,75.02142857142856,-0.6786,L
S1096,ASHOKLEY,2022-10-03 12:20:00+05:30,-0.0407,0.0237,0,,0.9147,25.0,-0.3878,0,0.8149,0.0,3,0,0,0,3,4,2022-10-03 12:35:00+05:30,2022-10-03 12:40:00+05:30,2022-10-03 13:20:00+05:30,73.7,73.03035714285714,74.90535714285714,-0.6696,L
S1097,ASHOKLEY,2022-10-03 12:45:00+05:30,-0.0441,-0.095,0,,0.6594,100.0,-1.0,0,0.5973,,0,0,1,1,0,1,2022-10-03 12:45:00+05:30,2022-10-03 12:50:00+05:30,2022-10-03 13:20:00+05:30,73.7,73.08392857142857,74.80892857142857,-0.6161,L
S1098,ASHOKLEY,2022-10-04 10:50:00+05:30,0.6634,0.8306,19,3.0,0.0737,0.0,5.6667,0,0.5761,,0,0,1,1,0,1,2022-10-04 10:50:00+05:30,2022-10-04 10:55:00+05:30,2022-10-04 12:15:00+05:30,74.7,74.19107142857143,75.61607142857143,0.9161,W
S1099,ASHOKLEY,2022-10-04 11:00:00+05:30,0.4086,0.7145,0,,0.7942,50.0,-1.0,0,0.3963,1.0,2,0,0,0,2,3,2022-10-04 11:10:00+05:30,2022-10-04 11:15:00+05:30,2022-10-04 12:10:00+05:30,74.65,74.18571428571428,75.4857142857143,0.8357,W
S1100,ASHOKLEY,2022-10-04 11:25:00+05:30,0.1338,0.2042,1,1.0,0.2714,20.0,1.1053,0,0.8337,,0,0,0,1,0,1,2022-10-04 11:25:00+05:30,2022-10-04 11:30:00+05:30,2022-10-04 12:10:00+05:30,74.75,74.3125,75.53750000000001,0.7875,W
S1101,ASHOKLEY,2022-10-04 13:10:00+05:30,0.2715,0.3879,19,5.0,0.2423,83.33,-0.2593,0,0.7292,0.0,1,0,0,0,1,2,2022-10-04 13:15:00+05:30,2022-10-04 13:20:00+05:30,2022-10-04 15:00:00+05:30,75.65,74.95357142857144,76.90357142857142,-0.15,EOD-
S1102,ASHOKLEY,2022-10-04 13:45:00+05:30,0.1981,0.2082,0,,0.5385,0.0,-0.2,0,0.5809,1.0,3,0,1,0,3,4,2022-10-04 14:00:00+05:30,2022-10-04 14:05:00+05:30,2022-10-04 15:00:00+05:30,75.85,75.26964285714286,76.89464285714284,-0.35,EOD-
S1103,ASHOKLEY,2022-10-04 14:20:00+05:30,0.0198,0.066,3,1.0,0.3,100.0,-1.0,0,0.9109,0.0,2,0,1,0,2,3,2022-10-04 14:30:00+05:30,2022-10-04 14:35:00+05:30,2022-10-04 15:00:00+05:30,75.75,75.25,76.65,-0.25,EOD-
S1104,ASHOKLEY,2022-10-06 09:15:00+05:30,,,0,,0.1931,16.67,9.0,0,1.4367,,0,0,1,1,0,1,2022-10-06 09:15:00+05:30,2022-10-06 09:20:00+05:30,2022-10-06 15:00:00+05:30,76.2,75.68214285714286,77.13214285714287,-0.4,EOD-
S1105,ASHOKLEY,2022-10-06 11:05:00+05:30,0.1272,0.287,0,,0.8896,66.67,-1.0,0,1.3001,1.0,3,0,1,0,3,4,2022-10-06 11:20:00+05:30,2022-10-06 11:25:00+05:30,2022-10-06 13:15:00+05:30,76.75,76.32142857142857,77.52142857142856,-0.4286,L
S1106,ASHOKLEY,2022-10-06 11:35:00+05:30,-0.0457,-0.0196,0,,0.35,50.0,-0.2308,0,0.712,1.0,3,0,0,0,3,4,2022-10-06 11:50:00+05:30,2022-10-06 11:55:00+05:30,2022-10-06 13:20:00+05:30,76.6,76.13571428571429,77.43571428571427,-0.4643,L
S1107,ASHOKLEY,2022-10-06 12:10:00+05:30,-0.0359,-0.049,3,2.0,0.112,40.0,1.5,0,1.5713,,0,0,0,1,0,1,2022-10-06 12:10:00+05:30,2022-10-06 12:15:00+05:30,2022-10-06 13:20:00+05:30,76.6,76.15357142857142,77.40357142857142,-0.4464,L
S1108,ASHOKLEY,2022-10-06 12:20:00+05:30,-0.0163,-0.0359,0,,0.4286,50.0,-1.0,0,1.1168,1.0,2,0,0,0,2,3,2022-10-06 12:30:00+05:30,2022-10-06 12:35:00+05:30,2022-10-06 13:20:00+05:30,76.7,76.2625,77.4875,-0.4375,L
S1109,ASHOKLEY,2022-10-07 09:30:00+05:30,,,0,,2.9418,80.0,-0.9398,0,1.1134,0.0,3,1,1,0,3,4,2022-10-07 09:45:00+05:30,2022-10-07 09:50:00+05:30,2022-10-07 15:00:00+05:30,76.1,75.39464285714286,77.36964285714285,1.2696,W
S1110,ASHOKLEY,2022-10-07 10:30:00+05:30,0.112,0.1483,8,8.0,0.2705,75.0,0.1765,0,0.919,,0,0,0,1,0,1,2022-10-07 10:30:00+05:30,2022-10-07 10:35:00+05:30,2022-10-07 15:00:00+05:30,75.85,75.0642857142857,77.26428571428572,1.4143,W
S1111,ASHOKLEY,2022-10-07 11:15:00+05:30,0.1743,0.0395,0,,0.4261,50.0,-1.0,0,0.468,0.0,3,0,1,0,3,4,2022-10-07 11:30:00+05:30,2022-10-07 11:35:00+05:30,2022-10-07 15:00:00+05:30,76.15,75.53392857142858,77.25892857142858,1.1089,W
S1112,ASHOKLEY,2022-10-07 13:30:00+05:30,0.0393,0.0885,23,10.0,0.0921,66.67,3.0,0,0.7976,,0,0,1,1,0,1,2022-10-07 13:30:00+05:30,2022-10-07 13:35:00+05:30,2022-10-07 14:55:00+05:30,76.4,76.06071428571428,77.0107142857143,0.6107,W
S1113,ASHOKLEY,2022-10-07 13:45:00+05:30,0.0786,0.0393,2,1.0,0.0568,66.67,-1.0,0,1.0232,1.0,1,0,1,0,1,2,2022-10-07 13:50:00+05:30,2022-10-07 13:55:00+05:30,2022-10-07 14:50:00+05:30,76.4,76.06964285714285,76.99464285714288,0.5946,W
S1114,ASHOKLEY,2022-10-07 14:00:00+05:30,0.0721,0.0786,0,,1.08,0.0,-0.2593,0,0.9035,0.0,1,0,0,0,1,2,2022-10-07 14:05:00+05:30,2022-10-07 14:10:00+05:30,2022-10-07 14:50:00+05:30,76.35,76.03749999999998,76.91250000000002,0.5625,W
S1115,ASHOKLEY,2022-10-10 10:40:00+05:30,-1.0138,-0.9577,0,,2.5699,66.67,-0.9254,0,0.5815,1.0,3,0,0,0,3,4,2022-10-10 10:55:00+05:30,2022-10-10 11:00:00+05:30,2022-10-10 15:00:00+05:30,74.6,73.94821428571429,75.77321428571427,0.1,EOD+
S1116,ASHOKLEY,2022-10-11 11:10:00+05:30,-0.2534,-0.5405,0,,0.3872,0.0,-0.2308,0,0.6088,1.0,3,0,0,0,3,4,2022-10-11 11:25:00+05:30,2022-10-11 11:30:00+05:30,2022-10-11 12:50:00+05:30,73.0,72.58035714285715,73.75535714285712,-0.4196,L
S1117,ASHOKLEY,2022-10-11 11:35:00+05:30,-0.1406,-0.1885,1,1.0,0.0761,75.0,-1.0,0,0.6282,1.0,1,0,1,0,1,2,2022-10-11 11:40:00+05:30,2022-10-11 11:45:00+05:30,2022-10-11 12:50:00+05:30,73.0,72.58928571428574,73.73928571428569,-0.4107,L
S1118,ASHOKLEY,2022-10-11 12:00:00+05:30,0.0,-0.0446,0,,0.7159,50.0,-1.0,0,1.9572,1.0,3,0,0,0,3,4,2022-10-11 12:15:00+05:30,2022-10-11 12:20:00+05:30,2022-10-11 12:25:00+05:30,73.2,72.80714285714288,73.90714285714284,-0.3929,L
S1119,ASHOKLEY,2022-10-11 13:55:00+05:30,-0.1067,-0.1135,0,,0.7184,0.0,-0.4872,0,0.9652,1.0,3,0,0,0,3,4,2022-10-11 14:10:00+05:30,2022-10-11 14:15:00+05:30,2022-10-11 14:55:00+05:30,72.7,72.3607142857143,73.31071428571428,-0.3393,L
S1120,ASHOKLEY,2022-10-12 09:20:00+05:30,,,0,,2.5023,57.14,-0.8714,0,1.0364,1.0,3,0,0,0,3,4,2022-10-12 09:35:00+05:30,2022-10-12 09:40:00+05:30,2022-10-12 10:15:00+05:30,72.3,71.52321428571427,73.6982142857143,-0.7768,L
S1121,ASHOKLEY,2022-10-12 09:45:00+05:30,-0.1661,,0,,0.2595,71.43,-0.5349,0,0.4499,,0,1,1,1,0,1,2022-10-12 09:45:00+05:30,2022-10-12 09:50:00+05:30,2022-10-12 10:30:00+05:30,72.5,71.46428571428572,74.36428571428571,-1.0357,L
S1122,ASHOKLEY,2022-10-12 11:25:00+05:30,-0.3077,-0.2722,0,,0.8441,33.33,-0.7561,0,0.4575,0.0,3,0,1,0,3,4,2022-10-12 11:40:00+05:30,2022-10-12 11:45:00+05:30,2022-10-12 15:00:00+05:30,71.4,70.79285714285714,72.49285714285715,0.7,EOD+
S1123,ASHOKLEY,2022-10-12 11:50:00+05:30,-0.2559,-0.3431,0,,0.5444,0.0,-0.1837,0,0.9684,1.0,1,0,0,0,1,2,2022-10-12 11:55:00+05:30,2022-10-12 12:00:00+05:30,2022-10-12 15:00:00+05:30,71.4,70.8375,72.41250000000001,0.7,EOD+
S1124,ASHOKLEY,2022-10-12 12:45:00+05:30,0.1819,0.1296,9,3.0,0.1057,0.0,6.5,0,1.2498,,0,0,0,1,0,1,2022-10-12 12:45:00+05:30,2022-10-12 12:50:00+05:30,2022-10-12 15:00:00+05:30,71.6,71.12678571428572,72.45178571428569,0.5,EOD+
S1125,ASHOKLEY,2022-10-12 12:55:00+05:30,0.1503,0.1645,1,1.0,0.0389,33.33,12.3333,0,1.6829,,0,0,0,1,0,1,2022-10-12 12:55:00+05:30,2022-10-12 13:00:00+05:30,2022-10-12 15:00:00+05:30,71.6,71.11785714285715,72.46785714285713,0.5,EOD+
S1126,ASHOKLEY,2022-10-12 13:30:00+05:30,0.0978,0.0943,6,5.0,0.0,0.0,,1,0.627,0.0,1,0,0,0,1,2,2022-10-12 13:35:00+05:30,2022-10-12 13:40:00+05:30,2022-10-12 15:00:00+05:30,71.7,71.43214285714285,72.18214285714288,0.4,EOD+
S1127,ASHOKLEY,2022-10-12 14:15:00+05:30,-0.0244,0.0105,0,,1.176,25.0,-0.5238,0,2.1788,1.0,3,0,1,0,3,4,2022-10-12 14:30:00+05:30,2022-10-12 14:35:00+05:30,2022-10-12 14:50:00+05:30,71.65,71.42678571428571,72.05178571428573,0.4018,W
S1128,ASHOKLEY,2022-10-13 09:15:00+05:30,,,0,,0.36,6.67,4.5556,0,0.9639,,0,0,0,1,0,1,2022-10-13 09:15:00+05:30,2022-10-13 09:20:00+05:30,2022-10-13 10:10:00+05:30,72.25,71.625,73.375,-0.625,L
S1129,ASHOKLEY,2022-10-13 09:30:00+05:30,,,2,2.0,0.0532,75.0,2.3333,0,0.5519,,0,0,0,1,0,1,2022-10-13 09:30:00+05:30,2022-10-13 09:35:00+05:30,2022-10-13 10:10:00+05:30,72.25,71.54464285714286,73.51964285714286,-0.7054,L
S1130,ASHOKLEY,2022-10-13 10:25:00+05:30,-0.0764,0.0451,0,,1.5545,50.0,-0.7661,0,0.3355,1.0,3,0,0,0,3,4,2022-10-13 10:40:00+05:30,2022-10-13 10:45:00+05:30,2022-10-13 11:30:00+05:30,72.0,71.3125,73.23750000000001,-0.6875,L
S1131,ASHOKLEY,2022-10-13 12:30:00+05:30,-0.3547,-0.3293,0,,2.7417,66.67,-0.8298,0,0.8604,1.0,3,0,1,0,3,4,2022-10-13 12:45:00+05:30,2022-10-13 12:50:00+05:30,2022-10-13 15:00:00+05:30,71.1,70.5642857142857,72.06428571428572,0.3,EOD+
S1132,ASHOKLEY,2022-10-13 13:05:00+05:30,-0.1797,-0.2991,2,1.0,0.3259,50.0,0.4815,0,1.1974,,0,0,1,1,0,1,2022-10-13 13:05:00+05:30,2022-10-13 13:10:00+05:30,2022-10-13 15:00:00+05:30,71.0,70.48214285714285,71.93214285714286,0.4,EOD+
S1133,ASHOKLEY,2022-10-13 13:30:00+05:30,-0.0141,-0.1551,3,2.0,0.5281,20.0,0.3953,0,1.9077,,0,0,0,1,0,1,2022-10-13 13:30:00+05:30,2022-10-13 13:35:00+05:30,2022-10-13 15:00:00+05:30,70.95,70.44107142857142,71.86607142857144,0.45,EOD+
S1134,ASHOKLEY,2022-10-13 13:40:00+05:30,0.0916,-0.067,0,,0.2074,0.0,1.5,0,0.6323,,0,0,0,1,0,1,2022-10-13 13:40:00+05:30,2022-10-13 13:45:00+05:30,2022-10-13 15:00:00+05:30,71.05,70.56785714285714,71.91785714285714,0.35,EOD+
S1135,ASHOKLEY,2022-10-13 13:50:00+05:30,0.0986,0.0423,0,,0.6851,50.0,-0.1304,0,0.5739,0.0,1,0,1,0,1,2,2022-10-13 13:55:00+05:30,2022-10-13 14:00:00+05:30,2022-10-13 15:00:00+05:30,71.05,70.63035714285715,71.80535714285713,0.35,EOD+
S1136,ASHOKLEY,2022-10-13 14:05:00+05:30,0.0669,0.0986,0,,0.2561,33.33,0.3333,0,0.7814,,0,0,1,1,0,1,2022-10-13 14:05:00+05:30,2022-10-13 14:10:00+05:30,2022-10-13 15:00:00+05:30,71.1,70.73392857142858,71.75892857142856,0.3,EOD+
S1137,ASHOKLEY,2022-10-13 14:15:00+05:30,0.0774,0.0704,1,1.0,0.1302,28.57,1.5,0,1.6372,,0,0,0,1,0,1,2022-10-13 14:15:00+05:30,2022-10-13 14:20:00+05:30,2022-10-13 15:00:00+05:30,71.1,70.71607142857142,71.79107142857141,0.3,EOD+
S1138,ASHOKLEY,2022-10-14 11:25:00+05:30,0.0482,0.2068,26,26.0,0.0447,50.0,5.6667,0,0.3958,,0,0,1,1,0,1,2022-10-14 11:25:00+05:30,2022-10-14 11:30:00+05:30,2022-10-14 13:20:00+05:30,72.6,72.18035714285713,73.35535714285714,-0.4196,L
S1139,ASHOKLEY,2022-10-14 11:35:00+05:30,0.0482,0.0689,0,,0.4356,50.0,-0.2857,0,0.7181,1.0,2,0,1,0,2,3,2022-10-14 11:45:00+05:30,2022-10-14 11:50:00+05:30,2022-10-14 13:10:00+05:30,72.65,72.24821428571428,73.3732142857143,-0.4018,L
S1140,ASHOKLEY,2022-10-14 11:55:00+05:30,0.0723,0.0517,0,,0.4789,60.0,-0.2308,0,1.5086,,0,0,0,1,0,1,2022-10-14 11:55:00+05:30,2022-10-14 12:00:00+05:30,2022-10-14 12:25:00+05:30,72.75,72.41071428571428,73.3607142857143,-0.3393,L
S1141,ASHOKLEY,2022-10-17 10:20:00+05:30,-0.4702,-0.5147,0,,1.3103,33.33,-1.0,0,0.9705,1.0,3,0,0,0,3,4,2022-10-17 10:35:00+05:30,2022-10-17 10:40:00+05:30,2022-10-17 15:00:00+05:30,70.5,69.80357142857142,71.75357142857145,1.1,EOD+
S1142,ASHOKLEY,2022-10-17 11:45:00+05:30,0.1276,0.1277,13,12.0,0.7549,33.33,-0.2727,0,1.0558,0.0,1,0,0,0,1,2,2022-10-17 11:50:00+05:30,2022-10-17 11:55:00+05:30,2022-10-17 12:25:00+05:30,70.55,70.09464285714284,71.36964285714286,0.8196,W
S1143,ASHOKLEY,2022-10-17 12:00:00+05:30,0.0638,0.1276,0,,0.3723,33.33,-0.2,0,1.1738,1.0,2,0,1,0,2,3,2022-10-17 12:10:00+05:30,2022-10-17 12:15:00+05:30,2022-10-17 13:05:00+05:30,70.8,70.38035714285714,71.55535714285715,0.7554,W
S1144,ASHOKLEY,2022-10-17 13:35:00+05:30,0.2948,0.2953,16,6.0,0.532,0.0,0.5789,0,1.2394,,0,0,0,1,0,1,2022-10-17 13:35:00+05:30,2022-10-17 13:40:00+05:30,2022-10-17 15:00:00+05:30,71.3,70.85357142857143,72.10357142857143,0.3,EOD+
S1145,ASHOKLEY,2022-10-17 14:10:00+05:30,-0.0035,0.2067,0,,1.4318,0.0,-1.0,0,2.4087,1.0,3,0,1,0,3,4,2022-10-17 14:25:00+05:30,2022-10-17 14:30:00+05:30,2022-10-17 15:00:00+05:30,71.6,71.20714285714286,72.30714285714285,0.0,EOD-
S1146,ASHOKLEY,2022-10-18 10:35:00+05:30,0.321,0.3873,16,6.0,0.2059,50.0,0.3333,0,0.4445,,0,0,0,1,0,1,2022-10-18 10:35:00+05:30,2022-10-18 10:40:00+05:30,2022-10-18 15:00:00+05:30,72.45,71.99464285714286,73.26964285714286,-0.2,EOD-
S1147,ASHOKLEY,2022-10-18 11:40:00+05:30,-0.0759,-0.0069,0,,0.9032,50.0,-1.0,0,1.2794,1.0,3,0,0,0,3,4,2022-10-18 11:55:00+05:30,2022-10-18 12:00:00+05:30,2022-10-18 12:35:00+05:30,72.5,72.22321428571429,72.99821428571427,-0.2768,L
S1148,ASHOKLEY,2022-10-18 12:05:00+05:30,-0.0725,-0.1208,0,,0.4156,100.0,-1.0,0,0.5916,1.0,1,0,1,0,1,2,2022-10-18 12:10:00+05:30,2022-10-18 12:15:00+05:30,2022-10-18 12:35:00+05:30,72.5,72.21428571428572,73.01428571428569,-0.2857,L
S1149,ASHOKLEY,2022-10-18 12:35:00+05:30,-0.0207,-0.0173,0,,2.1,100.0,-1.0,0,1.8126,0.0,3,0,0,0,3,4,2022-10-18 12:50:00+05:30,2022-10-18 12:55:00+05:30,2022-10-18 14:30:00+05:30,72.35,72.07321428571429,72.84821428571426,-0.2768,L
S1150,ASHOKLEY,2022-10-18 13:00:00+05:30,-0.0622,-0.0656,0,,0.7,50.0,-0.4286,0,0.9199,,0,0,0,1,0,1,2022-10-18 13:00:00+05:30,2022-10-18 13:05:00+05:30,2022-10-18 14:30:00+05:30,72.4,72.0875,72.9625,-0.3125,L
S1151,ASHOKLEY,2022-10-18 13:10:00+05:30,-0.0242,-0.076,0,,0.6417,50.0,-1.0,0,1.7829,,0,0,0,1,0,1,2022-10-18 13:10:00+05:30,2022-10-18 13:15:00+05:30,2022-10-18 14:30:00+05:30,72.4,72.07857142857144,72.97857142857144,-0.3214,L
S1152,ASHOKLEY,2022-10-19 10:00:00+05:30,-0.0277,-0.0589,0,,0.6314,0.0,-0.5652,0,1.258,1.0,3,0,1,0,3,4,2022-10-19 10:15:00+05:30,2022-10-19 10:20:00+05:30,2022-10-19 11:30:00+05:30,72.2,71.74464285714286,73.01964285714284,-0.4554,L
S1153,ASHOKLEY,2022-10-19 10:30:00+05:30,-0.0069,0.0,1,1.0,0.3744,33.33,0.7391,0,1.0982,,0,0,0,1,0,1,2022-10-19 10:30:00+05:30,2022-10-19 10:35:00+05:30,2022-10-19 11:20:00+05:30,72.2,71.81607142857143,72.89107142857142,-0.3839,L
S1154,ASHOKLEY,2022-10-19 10:40:00+05:30,-0.0589,0.0035,0,,0.1703,0.0,-1.0,0,1.0011,1.0,2,0,1,0,2,3,2022-10-19 10:50:00+05:30,2022-10-19 10:55:00+05:30,2022-10-19 11:30:00+05:30,72.1,71.76964285714286,72.69464285714285,-0.3304,L
S1155,ASHOKLEY,2022-10-19 13:20:00+05:30,-0.1715,-0.1853,0,,1.725,100.0,-1.0,0,1.0262,1.0,3,0,0,0,3,4,2022-10-19 13:35:00+05:30,2022-10-19 13:40:00+05:30,2022-10-19 14:30:00+05:30,71.5,71.0,72.4,-0.5,L
S1156,ASHOKLEY,2022-10-19 13:45:00+05:30,-0.0595,-0.147,0,,0.0143,0.0,39.0,0,0.6583,,0,0,1,1,0,1,2022-10-19 13:45:00+05:30,2022-10-19 13:50:00+05:30,2022-10-19 14:30:00+05:30,71.5,71.0625,72.2875,-0.4375,L
S1157,ASHOKLEY,2022-10-20 10:25:00+05:30,-0.5292,-0.4847,0,,1.925,0.0,-0.8086,0,0.934,1.0,3,0,0,0,3,4,2022-10-20 10:40:00+05:30,2022-10-20 10:45:00+05:30,2022-10-20 15:00:00+05:30,69.8,69.12142857142857,71.02142857142857,0.0,EOD-
S1158,ASHOKLEY,2022-10-20 11:05:00+05:30,-0.1329,-0.4778,4,4.0,0.0673,0.0,3.0,0,0.4321,,0,0,1,1,0,1,2022-10-20 11:05:00+05:30,2022-10-20 11:10:00+05:30,2022-10-20 15:00:00+05:30,69.65,69.18571428571428,70.4857142857143,0.15,EOD+
S1159,ASHOKLEY,2022-10-20 11:15:00+05:30,0.0754,-0.2407,0,,1.1,25.0,-0.4805,0,0.8143,0.0,1,0,0,0,1,2,2022-10-20 11:20:00+05:30,2022-10-20 11:25:00+05:30,2022-10-20 15:00:00+05:30,69.8,69.3625,70.5875,0.0,EOD-
S1160,ASHOKLEY,2022-10-20 12:10:00+05:30,0.0717,0.0538,0,,1.1822,0.0,-0.7368,0,1.0168,1.0,3,0,1,0,3,4,2022-10-20 12:25:00+05:30,2022-10-20 12:30:00+05:30,2022-10-20 15:00:00+05:30,69.7,69.29821428571428,70.42321428571431,0.1,EOD+
S1161,ASHOKLEY,2022-10-20 13:55:00+05:30,-0.0647,-0.1221,0,,1.2478,100.0,-1.0,0,0.9577,0.0,3,0,1,0,3,4,2022-10-20 14:10:00+05:30,2022-10-20 14:15:00+05:30,2022-10-20 15:00:00+05:30,69.6,69.39464285714286,69.96964285714284,0.2,EOD+
S1162,ASHOKLEY,2022-10-20 14:25:00+05:30,-0.0395,-0.0647,1,1.0,0.8667,0.0,1.3077,0,1.3735,,0,0,0,1,0,1,2022-10-20 14:25:00+05:30,2022-10-20 14:30:00+05:30,2022-10-20 15:00:00+05:30,69.6,69.4125,69.93749999999999,0.2,EOD+
S1163,ASHOKLEY,2022-10-21 11:15:00+05:30,-0.0756,-0.1295,0,,2.1636,100.0,-1.0,0,1.1959,0.0,3,0,1,0,3,4,2022-10-21 11:30:00+05:30,2022-10-21 11:35:00+05:30,2022-10-21 12:35:00+05:30,69.4,69.10535714285714,69.93035714285715,-0.2946,L
S1164,ASHOKLEY,2022-10-21 11:50:00+05:30,-0.0036,-0.0684,2,2.0,0.1703,33.33,3.4444,0,0.4823,,0,0,1,1,0,1,2022-10-21 11:50:00+05:30,2022-10-21 11:55:00+05:30,2022-10-21 12:35:00+05:30,69.5,69.16964285714286,70.09464285714284,-0.3304,L
S1165,ASHOKLEY,2022-10-21 12:00:00+05:30,-0.0072,-0.018,0,,0.1703,66.67,-1.0,0,0.6714,,0,0,1,1,0,1,2022-10-21 12:00:00+05:30,2022-10-21 12:05:00+05:30,2022-10-21 12:35:00+05:30,69.5,69.16964285714286,70.09464285714284,-0.3304,L
S1166,ASHOKLEY,2022-10-21 12:10:00+05:30,-0.0108,-0.0036,0,,0.84,0.0,-0.1667,0,0.4198,0.0,1,0,1,0,1,2,2022-10-21 12:15:00+05:30,2022-10-21 12:20:00+05:30,2022-10-21 12:35:00+05:30,69.45,69.09285714285716,70.09285714285713,-0.3571,L
S1167,ASHOKLEY,2022-10-25 09:15:00+05:30,,,0,,0.3408,85.71,1.1622,0,2.4561,,0,0,0,1,0,1,2022-10-25 09:15:00+05:30,2022-10-25 09:20:00+05:30,2022-10-25 10:15:00+05:30,68.9,68.22142857142859,70.12142857142855,1.2214,W
S1168,ASHOKLEY,2022-10-25 11:00:00+05:30,0.3463,0.4186,20,6.0,0.0907,60.0,1.8571,0,0.4263,,0,0,1,1,0,1,2022-10-25 11:00:00+05:30,2022-10-25 11:05:00+05:30,2022-10-25 14:40:00+05:30,70.2,69.71785714285714,71.06785714285715,0.8679,W
S1169,ASHOKLEY,2022-10-25 13:15:00+05:30,0.1449,0.1804,26,11.0,0.225,0.0,3.4444,0,0.5346,,0,0,1,1,0,1,2022-10-25 13:15:00+05:30,2022-10-25 13:20:00+05:30,2022-10-25 14:55:00+05:30,70.8,70.55,71.24999999999999,0.45,W
S1170,ASHOKLEY,2022-10-25 13:25:00+05:30,0.1237,0.1591,0,,0.6192,0.0,0.7391,0,0.7004,,0,0,1,1,0,1,2022-10-25 13:25:00+05:30,2022-10-25 13:30:00+05:30,2022-10-25 14:55:00+05:30,70.8,70.56785714285715,71.21785714285713,0.4179,W
S1171,ASHOKLEY,2022-10-25 13:35:00+05:30,0.113,0.1378,0,,0.42,0.0,0.3333,0,0.6646,,0,0,0,1,0,1,2022-10-25 13:35:00+05:30,2022-10-25 13:40:00+05:30,2022-10-25 14:55:00+05:30,70.8,70.57678571428572,71.20178571428569,0.4018,W
S1172,ASHOKLEY,2022-10-25 13:45:00+05:30,0.0812,0.1095,0,,0.5542,0.0,0.0526,0,0.3475,,0,0,1,1,0,1,2022-10-25 13:45:00+05:30,2022-10-25 13:50:00+05:30,2022-10-25 14:40:00+05:30,70.8,70.58571428571429,71.18571428571425,0.3857,W
S1173,ASHOKLEY,2022-10-25 13:55:00+05:30,0.0459,0.0918,0,,0.5923,75.0,-0.0909,0,1.3957,,0,0,0,1,0,1,2022-10-25 13:55:00+05:30,2022-10-25 14:00:00+05:30,2022-10-25 14:15:00+05:30,70.95,70.71785714285716,71.36785714285713,-0.2321,L
S1174,ASHOKLEY,2022-10-27 10:00:00+05:30,0.1965,0.1757,9,9.0,0.2947,80.0,-0.375,0,0.7185,1.0,3,0,1,0,3,4,2022-10-27 10:15:00+05:30,2022-10-27 10:20:00+05:30,2022-10-27 15:00:00+05:30,71.25,70.57142857142857,72.47142857142858,0.05,EOD+
S1175,ASHOKLEY,2022-10-27 11:35:00+05:30,-0.0807,-0.0316,0,,1.2939,0.0,-1.0,0,1.9345,1.0,3,0,0,0,3,4,2022-10-27 11:50:00+05:30,2022-10-27 11:55:00+05:30,2022-10-27 12:25:00+05:30,71.3,71.00535714285714,71.83035714285714,-0.2946,L
S1176,ASHOKLEY,2022-10-27 12:05:00+05:30,0.0,-0.021,1,1.0,0.0,66.67,,1,1.0955,,0,0,0,1,0,1,2022-10-27 12:05:00+05:30,2022-10-27 12:10:00+05:30,2022-10-27 12:40:00+05:30,71.3,70.97857142857143,71.87857142857143,-0.3214,L
S1177,ASHOKLEY,2022-10-27 13:35:00+05:30,-0.0739,-0.0668,0,,0.42,50.0,-0.0476,0,0.8338,1.0,3,0,1,0,3,4,2022-10-27 13:50:00+05:30,2022-10-27 13:55:00+05:30,2022-10-27 15:00:00+05:30,71.05,70.7375,71.6125,0.25,EOD+
S1178,ASHOKLEY,2022-10-27 14:15:00+05:30,-0.0,-0.0669,3,3.0,0.0483,66.67,-1.0,0,0.6454,0.0,1,0,1,0,1,2,2022-10-27 14:20:00+05:30,2022-10-27 14:25:00+05:30,2022-10-27 15:00:00+05:30,71.1,70.84107142857142,71.56607142857142,0.2,EOD+
S1179,ASHOKLEY,2022-10-28 09:30:00+05:30,,,3,2.0,0.0309,66.67,5.6667,0,1.7925,,0,1,0,1,0,1,2022-10-28 09:30:00+05:30,2022-10-28 09:35:00+05:30,2022-10-28 15:00:00+05:30,71.75,71.14285714285714,72.84285714285716,-0.05,EOD-
S1180,ASHOKLEY,2022-10-28 09:55:00+05:30,0.2237,0.1995,4,1.0,0.057,71.43,4.7143,0,0.8173,,0,0,1,1,0,1,2022-10-28 09:55:00+05:30,2022-10-28 10:00:00+05:30,2022-10-28 15:00:00+05:30,71.85,71.08214285714286,73.23214285714286,-0.15,EOD-
S1181,ASHOKLEY,2022-10-28 10:45:00+05:30,0.3399,0.4551,9,6.0,0.336,50.0,1.2222,0,1.1241,,0,0,1,1,0,1,2022-10-28 10:45:00+05:30,2022-10-28 10:50:00+05:30,2022-10-28 12:45:00+05:30,72.2,71.53035714285714,73.40535714285714,-0.6696,L
S1182,ASHOKLEY,2022-10-28 10:55:00+05:30,0.2426,0.3851,0,,0.3273,40.0,-0.4444,0,0.533,0.0,1,0,1,0,1,2,2022-10-28 11:00:00+05:30,2022-10-28 11:05:00+05:30,2022-10-28 12:45:00+05:30,72.2,71.5125,73.4375,-0.6875,L
S1183,ASHOKLEY,2022-10-28 11:35:00+05:30,0.1555,0.1626,0,,0.1527,0.0,-1.0,0,0.3643,1.0,3,0,1,0,3,4,2022-10-28 11:50:00+05:30,2022-10-28 11:55:00+05:30,2022-10-28 12:15:00+05:30,72.4,71.90892857142858,73.28392857142858,-0.4911,L
S1184,ASHOKLEY,2022-10-28 13:45:00+05:30,-0.2722,-0.3137,0,,0.7286,100.0,-1.0,0,0.5524,0.0,3,0,1,0,3,4,2022-10-28 14:00:00+05:30,2022-10-28 14:05:00+05:30,2022-10-28 15:00:00+05:30,71.6,71.1625,72.38749999999999,0.1,EOD+
S1185,ASHOKLEY,2022-10-28 14:10:00+05:30,-0.1048,-0.1956,0,,0.3675,100.0,-1.0,0,0.7403,,0,0,1,1,0,1,2022-10-28 14:10:00+05:30,2022-10-28 14:15:00+05:30,2022-10-28 15:00:00+05:30,71.55,71.19285714285714,72.19285714285714,0.15,EOD+
S1186,ASHOKLEY,2022-10-31 11:55:00+05:30,0.1218,0.2336,0,,0.504,50.0,-1.0,0,0.5283,0.0,3,0,1,0,3,4,2022-10-31 12:10:00+05:30,2022-10-31 12:15:00+05:30,2022-10-31 12:40:00+05:30,74.0,73.55357142857144,74.80357142857142,-0.4464,L
S1187,ASHOKLEY,2022-11-01 09:15:00+05:30,,,0,,0.6753,68.18,0.4634,0,2.5192,,0,0,0,1,0,1,2022-11-01 09:15:00+05:30,2022-11-01 09:20:00+05:30,2022-11-01 12:10:00+05:30,73.9,73.14107142857144,75.26607142857144,-0.7589,L
S1188,ASHOKLEY,2022-11-01 11:35:00+05:30,-0.1495,-0.2309,0,,1.7927,66.67,-1.0,0,1.1336,1.0,3,0,0,0,3,4,2022-11-01 11:50:00+05:30,2022-11-01 11:55:00+05:30,2022-11-01 12:10:00+05:30,73.5,73.13392857142857,74.15892857142858,-0.3661,L
S1189,ASHOKLEY,2022-11-01 12:00:00+05:30,-0.1463,-0.1496,1,1.0,0.4667,0.0,0.8182,0,1.0445,,0,0,0,1,0,1,2022-11-01 12:00:00+05:30,2022-11-01 12:05:00+05:30,2022-11-01 12:10:00+05:30,73.5,73.20535714285714,74.03035714285714,-0.2946,L
S1190,ASHOKLEY,2022-11-01 13:25:00+05:30,-0.6127,-0.683,0,,2.1184,100.0,-1.0,0,0.7343,0.0,3,0,0,0,3,4,2022-11-01 13:40:00+05:30,2022-11-01 13:45:00+05:30,2022-11-01 15:00:00+05:30,72.1,71.42142857142856,73.32142857142857,0.25,EOD+
S1191,ASHOKLEY,2022-11-02 09:15:00+05:30,,,0,,0.0761,50.0,15.0,0,1.3668,,0,0,0,1,0,1,2022-11-02 09:15:00+05:30,2022-11-02 09:20:00+05:30,2022-11-02 09:45:00+05:30,72.85,72.4392857142857,73.58928571428571,-0.4107,L
S1192,ASHOKLEY,2022-11-02 09:35:00+05:30,,,3,3.0,0.1426,66.67,0.8182,0,0.4196,,0,0,1,1,0,1,2022-11-02 09:35:00+05:30,2022-11-02 09:40:00+05:30,2022-11-02 10:55:00+05:30,72.5,72.01785714285714,73.36785714285713,-0.4821,L
S1193,ASHOKLEY,2022-11-02 09:45:00+05:30,0.0621,,1,1.0,0.8719,60.0,-0.4366,0,0.3085,0.0,2,0,1,0,2,3,2022-11-02 09:55:00+05:30,2022-11-02 10:00:00+05:30,2022-11-02 11:10:00+05:30,72.5,71.99107142857143,73.41607142857143,-0.5089,L
S1194,ASHOKLEY,2022-11-02 11:40:00+05:30,-0.1211,-0.1626,0,,1.1951,100.0,-1.0,0,0.4286,0.0,3,0,0,0,3,4,2022-11-02 11:55:00+05:30,2022-11-02 12:00:00+05:30,2022-11-02 12:15:00+05:30,72.2,71.83392857142857,72.85892857142859,-0.3661,L
S1195,ASHOKLEY,2022-11-02 13:05:00+05:30,-0.0868,-0.1076,0,,1.4438,100.0,-1.0,0,1.8061,1.0,3,0,0,0,3,4,2022-11-02 13:20:00+05:30,2022-11-02 13:25:00+05:30,2022-11-02 15:00:00+05:30,72.0,71.71428571428571,72.51428571428572,0.05,EOD+
S1196,ASHOKLEY,2022-11-03 09:15:00+05:30,,,0,,3.349,33.33,-0.5082,0,3.2561,1.0,1,0,1,0,1,2,2022-11-03 09:20:00+05:30,2022-11-03 09:25:00+05:30,2022-11-03 09:50:00+05:30,72.65,72.19464285714287,73.46964285714286,-0.4554,L
S1197,ASHOKLEY,2022-11-03 13:00:00+05:30,-0.063,-0.0559,0,,1.2865,0.0,-0.4118,0,1.0906,1.0,3,1,0,0,3,4,2022-11-03 13:15:00+05:30,2022-11-03 13:20:00+05:30,2022-11-03 13:55:00+05:30,71.55,71.21964285714286,72.14464285714284,-0.3304,L
S1198,ASHOKLEY,2022-11-03 13:30:00+05:30,0.0035,-0.0665,2,1.0,0.0757,75.0,4.0,0,1.0641,,0,0,1,1,0,1,2022-11-03 13:30:00+05:30,2022-11-03 13:35:00+05:30,2022-11-03 14:25:00+05:30,71.5,71.16964285714285,72.09464285714286,-0.3304,L
S1199,ASHOKLEY,2022-11-03 13:40:00+05:30,0.0105,-0.0175,0,,0.0757,0.0,4.0,0,0.8791,,0,0,0,1,0,1,2022-11-03 13:40:00+05:30,2022-11-03 13:45:00+05:30,2022-11-03 14:25:00+05:30,71.5,71.16964285714285,72.09464285714286,-0.3304,L
S1200,ASHOKLEY,2022-11-03 14:15:00+05:30,-0.0455,-0.042,0,,1.569,0.0,-0.6923,0,1.0516,1.0,3,0,1,0,3,4,2022-11-03 14:30:00+05:30,2022-11-03 14:35:00+05:30,2022-11-03 15:00:00+05:30,71.4,71.14107142857144,71.86607142857143,0.1,EOD+
S1201,ASHOKLEY,2022-11-04 09:15:00+05:30,,,0,,0.21,20.0,-1.0,0,1.6019,,0,0,0,1,0,1,2022-11-04 09:15:00+05:30,2022-11-04 09:20:00+05:30,2022-11-04 09:45:00+05:30,71.5,71.05357142857144,72.30357142857142,-0.4464,L
S1202,ASHOKLEY,2022-11-04 09:25:00+05:30,,,0,,0.8373,50.0,-0.3443,0,0.9038,,0,0,0,1,0,1,2022-11-04 09:25:00+05:30,2022-11-04 09:30:00+05:30,2022-11-04 09:50:00+05:30,71.45,70.99464285714286,72.26964285714284,-0.4554,L
S1203,ASHOKLEY,2022-11-04 11:10:00+05:30,-0.2541,-0.2784,0,,1.3759,0.0,-0.6491,0,1.3295,1.0,3,0,0,0,3,4,2022-11-04 11:25:00+05:30,2022-11-04 11:30:00+05:30,2022-11-04 12:25:00+05:30,70.8,70.54107142857143,71.26607142857141,0.4661,W
S1204,ASHOKLEY,2022-11-04 12:00:00+05:30,0.0141,-0.0318,6,2.0,0.0,25.0,,1,1.881,,0,0,1,1,0,1,2022-11-04 12:00:00+05:30,2022-11-04 12:05:00+05:30,2022-11-04 15:00:00+05:30,70.9,70.67678571428573,71.30178571428571,-0.1,EOD-
S1205,ASHOKLEY,2022-11-04 12:30:00+05:30,0.1128,0.0988,5,1.0,0.8029,0.0,1.0513,0,3.2818,,0,0,0,1,0,1,2022-11-04 12:30:00+05:30,2022-11-04 12:35:00+05:30,2022-11-04 15:00:00+05:30,71.0,70.69642857142857,71.54642857142858,-0.2,EOD-
S1206,ASHOKLEY,2022-11-04 13:05:00+05:30,0.0916,0.0881,5,3.0,0.5535,50.0,0.1765,0,1.1387,,0,0,1,1,0,1,2022-11-04 13:05:00+05:30,2022-11-04 13:10:00+05:30,2022-11-04 15:00:00+05:30,71.0,70.61607142857144,71.6910714285714,-0.2,EOD-
S1207,ASHOKLEY,2022-11-04 13:15:00+05:30,0.081,0.0916,0,,0.0538,0.0,-1.0,0,0.7465,1.0,2,0,1,0,2,3,2022-11-04 13:25:00+05:30,2022-11-04 13:30:00+05:30,2022-11-04 14:20:00+05:30,71.1,70.75178571428572,71.72678571428568,-0.3482,L
S1208,ASHOKLEY,2022-11-07 12:00:00+05:30,-0.1692,-0.1972,0,,1.54,100.0,-1.0,0,0.6684,0.0,3,0,1,0,3,4,2022-11-07 12:15:00+05:30,2022-11-07 12:20:00+05:30,2022-11-07 13:25:00+05:30,70.95,70.72678571428571,71.35178571428574,-0.2232,L
S1209,ASHOKLEY,2022-11-07 12:25:00+05:30,-0.0458,-0.1304,0,,0.0538,0.0,9.0,0,0.9457,,0,0,0,1,0,1,2022-11-07 12:25:00+05:30,2022-11-07 12:30:00+05:30,2022-11-07 13:25:00+05:30,70.95,70.71785714285714,71.36785714285716,-0.2321,L
S1210,ASHOKLEY,2022-11-07 12:35:00+05:30,-0.0247,-0.0776,0,,0.95,0.0,0.0526,0,1.0792,,0,0,0,1,0,1,2022-11-07 12:35:00+05:30,2022-11-07 12:40:00+05:30,2022-11-07 13:25:00+05:30,70.9,70.65,71.35000000000002,-0.25,L
S1211,ASHOKLEY,2022-11-07 12:45:00+05:30,-0.0176,-0.0247,0,,0.95,100.0,-1.0,0,0.5676,,0,0,0,1,0,1,2022-11-07 12:45:00+05:30,2022-11-07 12:50:00+05:30,2022-11-07 13:40:00+05:30,70.85,70.59999999999998,71.30000000000001,0.45,W
S1212,ASHOKLEY,2022-11-07 13:00:00+05:30,0.0106,-0.0176,1,1.0,0.0259,50.0,-1.0,0,0.4461,,0,1,1,1,0,1,2022-11-07 13:00:00+05:30,2022-11-07 13:05:00+05:30,2022-11-07 13:25:00+05:30,71.0,70.75892857142857,71.43392857142858,-0.2411,L
S1213,ASHOKLEY,2022-11-07 13:15:00+05:30,0.0071,0.0106,0,,0.5185,0.0,0.0,0,2.9591,1.0,3,0,1,0,3,4,2022-11-07 13:30:00+05:30,2022-11-07 13:35:00+05:30,2022-11-07 13:40:00+05:30,70.9,70.65892857142858,71.33392857142859,0.4339,W
S1214,ASHOKLEY,2022-11-09 09:55:00+05:30,-0.1438,-0.1226,0,,2.0582,50.0,-0.797,0,1.7531,1.0,3,0,0,0,3,4,2022-11-09 10:10:00+05:30,2022-11-09 10:15:00+05:30,2022-11-09 10:35:00+05:30,71.3,70.7017857142857,72.37678571428572,1.0768,W
S1215,ASHOKLEY,2022-11-09 10:20:00+05:30,-0.0456,-0.1298,0,,0.1909,75.0,0.6667,0,4.0932,,0,1,0,1,0,1,2022-11-09 10:20:00+05:30,2022-11-09 10:25:00+05:30,2022-11-09 15:00:00+05:30,71.95,71.16428571428571,73.36428571428573,-0.6,EOD-
S1216,ASHOKLEY,2022-11-09 12:00:00+05:30,0.2116,0.3298,0,,1.0804,50.0,-0.7183,0,0.6755,1.0,3,0,1,0,3,4,2022-11-09 12:15:00+05:30,2022-11-09 12:20:00+05:30,2022-11-09 13:50:00+05:30,72.1,71.6892857142857,72.83928571428571,-0.4107,L
S1217,ASHOKLEY,2022-11-09 12:25:00+05:30,-0.0659,0.0971,0,,0.4,33.33,-0.375,0,1.2527,,0,0,0,1,0,1,2022-11-09 12:25:00+05:30,2022-11-09 12:30:00+05:30,2022-11-09 13:50:00+05:30,72.1,71.6,72.99999999999999,-0.5,L
S1218,ASHOKLEY,2022-11-09 13:05:00+05:30,0.0867,0.0555,7,4.0,0.0222,50.0,19.0,0,0.3727,,0,0,1,1,0,1,2022-11-09 13:05:00+05:30,2022-11-09 13:10:00+05:30,2022-11-09 13:50:00+05:30,72.3,71.7375,73.31249999999999,-0.5625,L
S1219,ASHOKLEY,2022-11-10 11:20:00+05:30,-0.1694,-0.134,0,,2.1,33.33,-0.8485,0,6.8474,1.0,3,0,0,0,3,4,2022-11-10 11:35:00+05:30,2022-11-10 11:40:00+05:30,2022-11-10 14:45:00+05:30,70.85,70.45714285714286,71.55714285714285,-0.3929,L
S1220,ASHOKLEY,2022-11-10 12:25:00+05:30,-0.0919,-0.0388,0,,0.9435,0.0,-1.0,0,0.861,1.0,3,0,0,0,3,4,2022-11-10 12:40:00+05:30,2022-11-10 12:45:00+05:30,2022-11-10 14:50:00+05:30,70.8,70.3892857142857,71.53928571428573,-0.4107,L
S1221,ASHOKLEY,2022-11-10 12:50:00+05:30,0.0071,-0.0671,0,,0.4421,100.0,-1.0,0,0.5977,1.0,3,0,0,0,3,4,2022-11-10 13:05:00+05:30,2022-11-10 13:10:00+05:30,2022-11-10 14:45:00+05:30,70.8,70.46071428571429,71.41071428571428,-0.3393,L
S1222,ASHOKLEY,2022-11-10 13:15:00+05:30,0.0212,0.0389,0,,0.5833,0.0,-0.3333,0,0.825,1.0,1,0,1,0,1,2,2022-11-10 13:20:00+05:30,2022-11-10 13:25:00+05:30,2022-11-10 14:45:00+05:30,70.8,70.47857142857143,71.37857142857142,-0.3214,L
S1223,ASHOKLEY,2022-11-10 14:10:00+05:30,0.1024,0.053,9,7.0,0.245,33.33,0.4286,0,1.4565,,0,0,1,1,0,1,2022-11-10 14:10:00+05:30,2022-11-10 14:15:00+05:30,2022-11-10 14:45:00+05:30,70.85,70.49285714285715,71.49285714285712,-0.3571,L
S1224,ASHOKLEY,2022-11-11 09:30:00+05:30,,,3,3.0,0.0811,22.22,6.3684,0,1.8782,,0,0,0,1,0,1,2022-11-11 09:30:00+05:30,2022-11-11 09:35:00+05:30,2022-11-11 15:00:00+05:30,71.15,69.68571428571428,73.78571428571429,0.25,EOD+
S1225,ASHOKLEY,2022-11-11 10:50:00+05:30,-0.067,-0.1163,0,,0.91,33.33,-0.8291,0,0.787,1.0,3,0,1,0,3,4,2022-11-11 11:05:00+05:30,2022-11-11 11:10:00+05:30,2022-11-11 15:00:00+05:30,70.85,70.04642857142856,72.29642857142856,0.55,EOD+
S1226,ASHOKLEY,2022-11-11 12:35:00+05:30,0.2596,0.3268,17,5.0,0.28,20.0,2.3333,0,0.5595,,0,0,0,1,0,1,2022-11-11 12:35:00+05:30,2022-11-11 12:40:00+05:30,2022-11-11 12:50:00+05:30,71.4,70.86428571428571,72.36428571428573,-0.5357,L
S1227,ASHOKLEY,2022-11-11 13:30:00+05:30,-0.0421,-0.1229,0,,1.0055,0.0,-0.4937,0,0.7122,1.0,3,0,0,0,3,4,2022-11-11 13:45:00+05:30,2022-11-11 13:50:00+05:30,2022-11-11 15:00:00+05:30,71.1,70.60892857142856,71.98392857142856,0.3,EOD+
S1228,ASHOKLEY,2022-11-11 13:55:00+05:30,-0.0843,-0.0386,0,,0.2019,57.14,0.3333,0,2.0189,,0,1,0,1,0,1,2022-11-11 13:55:00+05:30,2022-11-11 14:00:00+05:30,2022-11-11 15:00:00+05:30,71.4,70.9357142857143,72.2357142857143,0.0,EOD-
S1229,ASHOKLEY,2022-11-11 14:10:00+05:30,-0.0774,-0.0843,2,2.0,0.0,40.0,,1,0.7023,0.0,1,0,1,0,1,2,2022-11-11 14:15:00+05:30,2022-11-11 14:20:00+05:30,2022-11-11 15:00:00+05:30,71.2,70.7625,71.9875,0.2,EOD+
S1230,ASHOKLEY,2022-11-14 12:00:00+05:30,0.1223,0.2108,33,18.0,0.4038,57.14,0.3333,0,1.0081,,0,0,1,1,0,1,2022-11-14 12:00:00+05:30,2022-11-14 12:05:00+05:30,2022-11-14 12:15:00+05:30,73.6,73.13571428571429,74.43571428571428,-0.4643,L
S1231,ASHOKLEY,2022-11-14 12:30:00+05:30,-0.0884,-0.0034,0,,1.694,0.0,-1.0,0,0.9365,1.0,3,0,0,0,3,4,2022-11-14 12:45:00+05:30,2022-11-14 12:50:00+05:30,2022-11-14 15:00:00+05:30,73.5,73.05357142857143,74.30357142857143,0.65,EOD+
S1232,ASHOKLEY,2022-11-14 12:55:00+05:30,-0.0715,-0.0953,0,,0.2456,100.0,-1.0,0,1.5203,1.0,1,0,0,0,1,2,2022-11-14 13:00:00+05:30,2022-11-14 13:05:00+05:30,2022-11-14 15:00:00+05:30,73.6,73.09107142857142,74.51607142857142,0.55,EOD+
S1233,ASHOKLEY,2022-11-15 12:55:00+05:30,-0.2131,-0.2301,0,,1.2714,33.33,-1.0,0,0.9703,1.0,3,0,0,0,3,4,2022-11-15 13:10:00+05:30,2022-11-15 13:15:00+05:30,2022-11-15 15:00:00+05:30,72.7,72.2625,73.4875,-0.05,EOD-
S1234,ASHOKLEY,2022-11-15 13:20:00+05:30,-0.1687,-0.1927,1,1.0,0.3684,0.0,0.0,0,0.8708,1.0,1,1,0,0,1,2,2022-11-15 13:25:00+05:30,2022-11-15 13:30:00+05:30,2022-11-15 15:00:00+05:30,72.7,72.3607142857143,73.31071428571428,-0.05,EOD-
S1235,ASHOKLEY,2022-11-15 13:55:00+05:30,0.0,-0.0861,6,2.0,0.2414,0.0,3.0,0,0.6572,,0,1,0,1,0,1,2022-11-15 13:55:00+05:30,2022-11-15 14:00:00+05:30,2022-11-15 15:00:00+05:30,72.7,72.44107142857142,73.16607142857144,-0.05,EOD-
S1236,ASHOKLEY,2022-11-15 14:30:00+05:30,0.0757,0.0654,6,4.0,0.4667,0.0,1.2222,0,0.6496,,0,0,1,1,0,1,2022-11-15 14:30:00+05:30,2022-11-15 14:35:00+05:30,2022-11-15 15:00:00+05:30,72.7,72.45892857142857,73.13392857142858,-0.05,EOD-
S1237,ASHOKLEY,2022-11-16 09:15:00+05:30,,,0,,1.5522,11.11,-0.2157,0,0.8233,0.0,1,1,1,0,1,2,2022-11-16 09:20:00+05:30,2022-11-16 09:25:00+05:30,2022-11-16 09:30:00+05:30,72.75,72.33928571428571,73.48928571428571,-0.4107,L
S1238,ASHOKLEY,2022-11-16 12:15:00+05:30,-0.1979,-0.1526,0,,1.4,100.0,-1.0,0,0.9762,1.0,3,0,0,0,3,4,2022-11-16 12:30:00+05:30,2022-11-16 12:35:00+05:30,2022-11-16 14:20:00+05:30,72.0,71.61607142857143,72.69107142857142,-0.3839,L
S1239,ASHOKLEY,2022-11-16 13:10:00+05:30,-0.0174,-0.0278,7,5.0,0.3281,33.33,1.6667,0,0.8248,,0,0,0,1,0,1,2022-11-16 13:10:00+05:30,2022-11-16 13:15:00+05:30,2022-11-16 14:15:00+05:30,72.0,71.71428571428572,72.5142857142857,-0.2857,L
S1240,ASHOKLEY,2022-11-16 14:05:00+05:30,0.1179,0.1145,10,2.0,0.363,66.67,0.4286,0,0.804,,0,0,1,1,0,1,2022-11-16 14:05:00+05:30,2022-11-16 14:10:00+05:30,2022-11-16 14:15:00+05:30,72.1,71.85892857142858,72.53392857142855,-0.2411,L
S1241,ASHOKLEY,2022-11-17 10:30:00+05:30,-0.5413,-0.4294,0,,1.6683,0.0,-0.8601,0,0.371,1.0,3,0,0,0,3,4,2022-11-17 10:45:00+05:30,2022-11-17 10:50:00+05:30,2022-11-17 15:00:00+05:30,70.1,69.5642857142857,71.06428571428572,0.0,EOD-
S1242,ASHOKLEY,2022-11-17 11:45:00+05:30,0.1176,0.1712,12,3.0,0.3051,50.0,1.3529,0,1.4631,,0,0,0,1,0,1,2022-11-17 11:45:00+05:30,2022-11-17 11:50:00+05:30,2022-11-17 15:00:00+05:30,70.2,69.85178571428571,70.82678571428573,-0.1,EOD-
S1243,ASHOKLEY,2022-11-17 11:55:00+05:30,0.0677,0.139,0,,0.7553,50.0,-0.5122,0,0.8917,1.0,2,0,1,0,2,3,2022-11-17 12:05:00+05:30,2022-11-17 12:10:00+05:30,2022-11-17 15:00:00+05:30,70.2,69.86071428571428,70.81071428571431,-0.1,EOD-
S1244,ASHOKLEY,2022-11-17 12:15:00+05:30,0.089,0.0499,1,1.0,0.0757,100.0,-1.0,0,0.5682,,0,0,1,1,0,1,2022-11-17 12:15:00+05:30,2022-11-17 12:20:00+05:30,2022-11-17 15:00:00+05:30,70.3,69.96964285714284,70.89464285714287,-0.3304,L
S1245,ASHOKLEY,2022-11-17 12:25:00+05:30,0.1032,0.0677,0,,0.2528,0.0,2.0769,0,0.5887,,0,0,0,1,0,1,2022-11-17 12:25:00+05:30,2022-11-17 12:30:00+05:30,2022-11-17 15:00:00+05:30,70.3,69.97857142857141,70.87857142857143,-0.3214,L
S1246,ASHOKLEY,2022-11-18 09:45:00+05:30,-0.1464,,0,,0.4768,0.0,-0.1489,0,0.2392,0.0,3,0,0,0,3,4,2022-11-18 10:00:00+05:30,2022-11-18 10:05:00+05:30,2022-11-18 11:30:00+05:30,70.0,69.38392857142857,71.10892857142856,-0.6161,L
S1247,ASHOKLEY,2022-11-18 10:10:00+05:30,-0.1251,-0.1215,0,,0.5433,100.0,-1.0,0,0.2497,1.0,1,0,0,0,1,2,2022-11-18 10:15:00+05:30,2022-11-18 10:20:00+05:30,2022-11-18 11:25:00+05:30,70.0,69.40178571428571,71.07678571428572,-0.5982,L
S1248,ASHOKLEY,2022-11-18 11:55:00+05:30,-0.1473,-0.1723,0,,1.3622,75.0,-1.0,0,0.2336,0.0,3,0,1,0,3,4,2022-11-18 12:10:00+05:30,2022-11-18 12:15:00+05:30,2022-11-18 13:55:00+05:30,69.55,69.21964285714286,70.14464285714284,-0.3304,L
S1249,ASHOKLEY,2022-11-18 12:20:00+05:30,-0.0683,-0.133,0,,0.6243,66.67,-0.3939,0,0.3961,0.0,1,0,0,0,1,2,2022-11-18 12:25:00+05:30,2022-11-18 12:30:00+05:30,2022-11-18 13:55:00+05:30,69.55,69.21964285714287,70.14464285714283,-0.3304,L
S1250,ASHOKLEY,2022-11-18 12:35:00+05:30,-0.0216,-0.0683,0,,0.1909,100.0,-1.0,0,0.1996,,0,0,1,1,0,1,2022-11-18 12:35:00+05:30,2022-11-18 12:40:00+05:30,2022-11-18 13:55:00+05:30,69.6,69.30535714285715,70.13035714285712,-0.2946,L
S1251,ASHOKLEY,2022-11-18 13:15:00+05:30,0.0467,0.0252,6,5.0,0.6276,25.0,0.5385,0,2.042,,0,0,0,1,0,1,2022-11-18 13:15:00+05:30,2022-11-18 13:20:00+05:30,2022-11-18 13:55:00+05:30,69.6,69.34107142857142,70.06607142857142,-0.2589,L
S1252,ASHOKLEY,2022-11-18 14:15:00+05:30,-0.1115,-0.0503,0,,2.0682,0.0,-0.6923,0,1.7548,1.0,3,0,0,0,3,4,2022-11-18 14:30:00+05:30,2022-11-18 14:35:00+05:30,2022-11-18 15:00:00+05:30,69.6,69.20714285714286,70.30714285714285,0.3,EOD+
S1253,ASHOKLEY,2022-11-21 10:10:00+05:30,-0.2019,-0.1872,0,,1.0618,33.33,-0.8519,0,0.2971,1.0,3,0,1,0,3,4,2022-11-21 10:25:00+05:30,2022-11-21 10:30:00+05:30,2022-11-21 15:00:00+05:30,69.3,68.50535714285714,70.73035714285714,-0.2,EOD-
S1254,ASHOKLEY,2022-11-21 10:40:00+05:30,-0.2568,-0.2672,2,2.0,1.05,88.89,-0.7778,0,0.5143,0.0,1,1,0,0,1,2,2022-11-21 10:45:00+05:30,2022-11-21 10:50:00+05:30,2022-11-21 15:00:00+05:30,69.15,68.61428571428571,70.11428571428573,-0.05,EOD-
S1255,ASHOKLEY,2022-11-21 12:35:00+05:30,-0.0869,-0.1194,0,,1.596,100.0,-1.0,0,0.3356,0.0,3,0,0,0,3,4,2022-11-21 12:50:00+05:30,2022-11-21 12:55:00+05:30,2022-11-21 15:00:00+05:30,69.1,68.87678571428572,69.5017857142857,0.0,EOD-
S1256,ASHOKLEY,2022-11-21 13:45:00+05:30,0.0652,0.0435,9,8.0,0.4433,33.33,1.1053,0,0.2699,,0,0,1,1,0,1,2022-11-21 13:45:00+05:30,2022-11-21 13:50:00+05:30,2022-11-21 15:00:00+05:30,69.1,68.83214285714286,69.58214285714286,0.0,EOD-
S1257,ASHOKLEY,2022-11-21 13:55:00+05:30,0.0724,0.0579,0,,0.1441,0.0,1.8571,0,0.3432,,0,0,1,1,0,1,2022-11-21 13:55:00+05:30,2022-11-21 14:00:00+05:30,2022-11-21 15:00:00+05:30,69.1,68.79642857142856,69.64642857142857,0.0,EOD-
S1258,ASHOKLEY,2022-11-22 09:20:00+05:30,,,0,,2.1614,42.86,-0.5455,0,0.3542,0.0,3,0,1,0,3,4,2022-11-22 09:35:00+05:30,2022-11-22 09:40:00+05:30,2022-11-22 13:10:00+05:30,69.2,68.69107142857143,70.11607142857143,0.9161,W
S1259,ASHOKLEY,2022-11-22 09:55:00+05:30,0.0578,-0.0289,2,1.0,0.0547,0.0,7.0,0,0.6031,,0,0,0,1,0,1,2022-11-22 09:55:00+05:30,2022-11-22 10:00:00+05:30,2022-11-22 15:00:00+05:30,69.3,68.72857142857143,70.32857142857144,0.4,EOD+
S1260,ASHOKLEY,2022-11-22 10:05:00+05:30,0.0831,0.0325,1,1.0,0.5906,0.0,0.4815,0,0.3414,,0,0,0,1,0,1,2022-11-22 10:05:00+05:30,2022-11-22 10:10:00+05:30,2022-11-22 15:00:00+05:30,69.3,68.72857142857143,70.32857142857144,0.4,EOD+
S1261,ASHOKLEY,2022-11-22 11:30:00+05:30,-0.047,0.0,0,,0.4083,0.0,-1.0,0,1.0948,1.0,3,0,1,0,3,4,2022-11-22 11:45:00+05:30,2022-11-22 11:50:00+05:30,2022-11-22 12:05:00+05:30,69.2,68.98571428571428,69.5857142857143,0.3857,W
S1262,ASHOKLEY,2022-11-22 14:25:00+05:30,0.0928,0.1286,31,15.0,0.105,50.0,5.6667,0,0.3032,,0,1,0,1,0,1,2022-11-22 14:25:00+05:30,2022-11-22 14:30:00+05:30,2022-11-22 14:45:00+05:30,70.1,69.92142857142858,70.42142857142855,-0.1786,L
S1263,ASHOKLEY,2022-11-23 09:15:00+05:30,,,0,,0.4627,57.14,0.0256,0,1.6914,,0,1,0,1,0,1,2022-11-23 09:15:00+05:30,2022-11-23 09:20:00+05:30,2022-11-23 15:00:00+05:30,70.35,69.82321428571429,71.29821428571427,0.05,EOD+
S1264,ASHOKLEY,2022-11-23 10:45:00+05:30,0.3195,0.3094,17,5.0,0.1703,100.0,-1.0,0,0.4304,1.0,1,0,0,0,1,2,2022-11-23 10:50:00+05:30,2022-11-23 10:55:00+05:30,2022-11-23 15:00:00+05:30,70.5,70.16964285714286,71.09464285714284,-0.1,EOD-
S1265,ASHOKLEY,2022-11-23 12:15:00+05:30,-0.0604,-0.0461,0,,0.2333,100.0,-1.0,0,0.8801,1.0,3,0,0,0,3,4,2022-11-23 12:30:00+05:30,2022-11-23 12:35:00+05:30,2022-11-23 13:15:00+05:30,70.4,70.29285714285714,70.59285714285716,0.1929,W
S1266,ASHOKLEY,2022-11-23 12:40:00+05:30,-0.0178,-0.0462,0,,3.0333,0.0,0.0256,0,1.0131,,0,0,1,1,0,1,2022-11-23 12:40:00+05:30,2022-11-23 12:45:00+05:30,2022-11-23 13:15:00+05:30,70.4,70.31964285714285,70.54464285714288,0.1446,W
S1267,ASHOKLEY,2022-11-23 12:50:00+05:30,0.0036,-0.0249,0,,0.1273,50.0,9.0,0,1.1927,,0,0,0,1,0,1,2022-11-23 12:50:00+05:30,2022-11-23 12:55:00+05:30,2022-11-23 13:30:00+05:30,70.45,70.35178571428571,70.62678571428573,-0.0982,L
S1268,ASHOKLEY,2022-11-23 13:00:00+05:30,0.0249,-0.0036,0,,0.28,50.0,2.3333,0,0.8493,,0,0,1,1,0,1,2022-11-23 13:00:00+05:30,2022-11-23 13:05:00+05:30,2022-11-23 13:30:00+05:30,70.5,70.36607142857143,70.74107142857143,-0.1339,L
S1269,ASHOKLEY,2022-11-23 13:30:00+05:30,0.0213,0.0319,4,3.0,0.952,33.33,-0.4118,0,0.5419,0.0,3,0,1,0,3,4,2022-11-23 13:45:00+05:30,2022-11-23 13:50:00+05:30,2022-11-23 14:20:00+05:30,70.45,70.22678571428571,70.85178571428571,-0.2232,L
S1270,ASHOKLEY,2022-11-24 09:20:00+05:30,,,0,,1.4933,0.0,-0.375,0,1.2116,0.0,3,0,1,0,3,4,2022-11-24 09:35:00+05:30,2022-11-24 09:40:00+05:30,2022-11-24 15:00:00+05:30,70.4,69.9982142857143,71.12321428571428,0.1,EOD+
S1271,ASHOKLEY,2022-11-24 12:40:00+05:30,-0.1277,-0.1134,0,,0.9763,50.0,-1.0,0,0.3408,0.0,3,0,1,0,3,4,2022-11-24 12:55:00+05:30,2022-11-24 13:00:00+05:30,2022-11-24 15:00:00+05:30,70.45,70.11071428571428,71.0607142857143,0.05,EOD+
S1272,ASHOKLEY,2022-11-24 13:05:00+05:30,-0.1243,-0.1242,0,,0.76,0.0,-1.0,0,0.4913,1.0,1,0,1,0,1,2,2022-11-24 13:10:00+05:30,2022-11-24 13:15:00+05:30,2022-11-24 15:00:00+05:30,70.4,70.08749999999999,70.96250000000002,0.1,EOD+
S1273,ASHOKLEY,2022-11-24 13:35:00+05:30,-0.0249,-0.0924,4,4.0,0.54,50.0,0.4815,0,1.0452,,0,0,0,1,0,1,2022-11-24 13:35:00+05:30,2022-11-24 13:40:00+05:30,2022-11-24 15:00:00+05:30,70.5,70.1875,71.0625,0.0,EOD-
S1274,ASHOKLEY,2022-11-24 14:00:00+05:30,0.071,0.0249,4,4.0,0.1289,50.0,-1.0,0,6.7347,1.0,1,0,0,0,1,2,2022-11-24 14:05:00+05:30,2022-11-24 14:10:00+05:30,2022-11-24 15:00:00+05:30,70.5,70.16071428571429,71.11071428571427,0.0,EOD-
S1275,ASHOKLEY,2022-11-24 14:15:00+05:30,0.0532,0.071,0,,0.28,50.0,-1.0,0,0.6589,1.0,1,0,1,0,1,2,2022-11-24 14:20:00+05:30,2022-11-24 14:25:00+05:30,2022-11-24 15:00:00+05:30,70.4,70.04285714285716,71.04285714285712,0.1,EOD+
S1276,ASHOKLEY,2022-11-25 09:15:00+05:30,,,0,,0.6588,40.0,0.6667,0,2.2575,,0,0,0,1,0,1,2022-11-25 09:15:00+05:30,2022-11-25 09:20:00+05:30,2022-11-25 10:30:00+05:30,70.8,70.34464285714286,71.61964285714285,0.8196,W
S1277,ASHOKLEY,2022-11-25 11:55:00+05:30,0.2878,0.3786,31,5.0,0.28,50.0,0.25,0,0.4417,,0,0,0,1,0,1,2022-11-25 11:55:00+05:30,2022-11-25 12:00:00+05:30,2022-11-25 15:00:00+05:30,72.1,71.74285714285713,72.74285714285715,-0.3,EOD-
S1278,ASHOKLEY,2022-11-25 12:05:00+05:30,0.2529,0.3365,0,,0.4237,66.67,-1.0,0,0.3923,,0,0,1,1,0,1,2022-11-25 12:05:00+05:30,2022-11-25 12:10:00+05:30,2022-11-25 14:50:00+05:30,72.2,71.86071428571428,72.8107142857143,-0.3393,L
S1279,ASHOKLEY,2022-11-25 12:35:00+05:30,0.045,0.1247,4,4.0,0.4,66.67,0.0,0,0.7918,0.0,2,0,0,0,2,3,2022-11-25 12:45:00+05:30,2022-11-25 12:50:00+05:30,2022-11-25 14:25:00+05:30,72.3,71.98749999999998,72.86250000000001,-0.3125,L
S1280,ASHOKLEY,2022-11-25 13:15:00+05:30,-0.0242,0.0208,0,,1.16,33.33,-0.6552,0,2.1222,1.0,3,0,0,0,3,4,2022-11-25 13:30:00+05:30,2022-11-25 13:35:00+05:30,2022-11-25 14:25:00+05:30,72.3,71.9875,72.8625,-0.3125,L
S1281,ASHOKLEY,2022-11-25 13:50:00+05:30,0.0519,0.0312,2,2.0,0.3027,50.0,0.25,0,1.2466,,0,1,0,1,0,1,2022-11-25 13:50:00+05:30,2022-11-25 13:55:00+05:30,2022-11-25 14:25:00+05:30,72.3,71.96964285714284,72.89464285714287,-0.3304,L
S1282,ASHOKLEY,2022-11-25 14:00:00+05:30,0.0208,0.0588,0,,0.2917,0.0,1.6667,0,1.3125,,0,0,1,1,0,1,2022-11-25 14:00:00+05:30,2022-11-25 14:05:00+05:30,2022-11-25 14:25:00+05:30,72.3,71.97857142857141,72.87857142857143,-0.3214,L
S1283,ASHOKLEY,2022-11-25 14:10:00+05:30,-0.0104,0.0381,1,1.0,0.2676,0.0,2.0769,0,0.8419,,0,0,1,1,0,1,2022-11-25 14:10:00+05:30,2022-11-25 14:15:00+05:30,2022-11-25 14:25:00+05:30,72.3,71.99642857142857,72.84642857142858,-0.3036,L
S1284,ASHOKLEY,2022-11-28 09:15:00+05:30,,,0,,0.3924,35.29,4.4054,0,4.3295,,0,0,0,1,0,1,2022-11-28 09:15:00+05:30,2022-11-28 09:20:00+05:30,2022-11-28 15:00:00+05:30,72.8,72.21071428571429,73.86071428571428,-0.25,EOD-
S1285,ASHOKLEY,2022-11-28 10:35:00+05:30,0.2788,0.2999,15,9.0,0.2036,100.0,-1.0,0,0.2301,,0,0,0,1,0,1,2022-11-28 10:35:00+05:30,2022-11-28 10:40:00+05:30,2022-11-28 15:00:00+05:30,72.65,72.15892857142856,73.53392857142859,-0.1,EOD-
S1286,ASHOKLEY,2022-11-28 10:45:00+05:30,0.2647,0.2721,0,,0.7447,0.0,-0.2,0,1.199,1.0,2,0,0,0,2,3,2022-11-28 10:55:00+05:30,2022-11-28 11:00:00+05:30,2022-11-28 15:00:00+05:30,72.8,72.38035714285712,73.55535714285716,-0.25,EOD-
S1287,ASHOKLEY,2022-11-28 12:15:00+05:30,-0.0482,-0.0757,0,,1.4304,100.0,-1.0,0,1.4059,1.0,3,0,0,0,3,4,2022-11-28 12:30:00+05:30,2022-11-28 12:35:00+05:30,2022-11-28 15:00:00+05:30,72.6,72.39464285714286,72.96964285714286,-0.05,EOD-
S1288,ASHOKLEY,2022-11-28 12:40:00+05:30,-0.0413,-0.0413,1,1.0,0.875,50.0,-0.4286,0,0.6375,0.0,1,0,1,0,1,2,2022-11-28 12:45:00+05:30,2022-11-28 12:50:00+05:30,2022-11-28 15:00:00+05:30,72.6,72.35,73.04999999999998,-0.05,EOD-
S1289,ASHOKLEY,2022-11-28 12:55:00+05:30,-0.0379,-0.0413,0,,0.2852,100.0,-1.0,0,1.4853,1.0,1,0,0,0,1,2,2022-11-28 13:00:00+05:30,2022-11-28 13:05:00+05:30,2022-11-28 15:00:00+05:30,72.6,72.35892857142856,73.03392857142856,-0.05,EOD-
S1290,ASHOKLEY,2022-11-28 13:10:00+05:30,-0.0172,-0.0379,0,,0.7,0.0,-1.0,0,1.3482,1.0,3,0,0,0,3,4,2022-11-28 13:25:00+05:30,2022-11-28 13:30:00+05:30,2022-11-28 15:00:00+05:30,72.6,72.33214285714286,73.08214285714284,-0.05,EOD-
S1291,ASHOKLEY,2022-11-28 13:35:00+05:30,-0.0207,-0.0207,0,,0.48,66.67,-1.0,0,0.7591,,0,1,1,1,0,1,2022-11-28 13:35:00+05:30,2022-11-28 13:40:00+05:30,2022-11-28 15:00:00+05:30,72.65,72.3375,73.2125,-0.1,EOD-
S1292,ASHOKLEY,2022-11-28 13:45:00+05:30,0.0034,-0.0276,1,1.0,0.1235,0.0,2.3333,0,0.6735,,0,0,1,1,0,1,2022-11-28 13:45:00+05:30,2022-11-28 13:50:00+05:30,2022-11-28 15:00:00+05:30,72.6,72.29642857142856,73.14642857142857,-0.05,EOD-
S1293,ASHOKLEY,2022-11-28 13:55:00+05:30,0.0207,-0.0103,0,,0.2032,0.0,1.2222,0,0.7362,,0,0,1,1,0,1,2022-11-28 13:55:00+05:30,2022-11-28 14:00:00+05:30,2022-11-28 15:00:00+05:30,72.6,72.32321428571427,73.09821428571428,-0.05,EOD-
S1294,ASHOKLEY,2022-11-28 14:15:00+05:30,-0.0241,0.0138,0,,0.49,0.0,-1.0,0,0.891,1.0,3,0,1,0,3,4,2022-11-28 14:30:00+05:30,2022-11-28 14:35:00+05:30,2022-11-28 15:00:00+05:30,72.55,72.28214285714286,73.03214285714286,0.0,EOD-
S1295,ASHOKLEY,2022-11-29 10:00:00+05:30,-0.1554,-0.0759,0,,2.4286,66.67,-0.8824,0,0.6037,1.0,3,0,1,0,3,4,2022-11-29 10:15:00+05:30,2022-11-29 10:20:00+05:30,2022-11-29 15:00:00+05:30,72.3,71.8625,73.08749999999999,-0.25,EOD-
S1296,ASHOKLEY,2022-11-29 10:55:00+05:30,-0.1073,-0.083,0,,0.7467,66.67,-1.0,0,0.3,0.0,3,0,1,0,3,4,2022-11-29 11:10:00+05:30,2022-11-29 11:15:00+05:30,2022-11-29 15:00:00+05:30,72.2,71.7982142857143,72.92321428571428,-0.15,EOD-
S1297,ASHOKLEY,2022-11-29 11:45:00+05:30,0.0381,-0.0069,0,,0.5367,100.0,-1.0,0,1.0812,1.0,3,0,1,0,3,4,2022-11-29 12:00:00+05:30,2022-11-29 12:05:00+05:30,2022-11-29 15:00:00+05:30,72.25,71.98214285714286,72.73214285714286,-0.2,EOD-
S1298,ASHOKLEY,2022-11-29 13:10:00+05:30,0.0484,0.083,13,8.0,0.0467,50.0,-1.0,0,1.394,1.0,1,0,0,0,1,2,2022-11-29 13:15:00+05:30,2022-11-29 13:20:00+05:30,2022-11-29 14:55:00+05:30,72.4,72.13214285714285,72.88214285714288,-0.2679,L
S1299,ASHOKLEY,2022-11-29 13:25:00+05:30,0.0657,0.0484,0,,0.3267,50.0,0.4286,0,0.2571,,0,0,1,1,0,1,2022-11-29 13:25:00+05:30,2022-11-29 13:30:00+05:30,2022-11-29 14:55:00+05:30,72.35,72.08214285714284,72.83214285714287,-0.2679,L
S1300,ASHOKLEY,2022-11-29 14:15:00+05:30,0.0311,0.0725,8,8.0,0.336,50.0,0.6667,0,0.6104,,0,0,1,1,0,1,2022-11-29 14:15:00+05:30,2022-11-29 14:20:00+05:30,2022-11-29 14:55:00+05:30,72.45,72.22678571428571,72.85178571428571,-0.2232,L
S1301,ASHOKLEY,2022-11-29 14:25:00+05:30,0.0035,0.0483,0,,0.8037,0.0,-0.3548,0,0.4183,0.0,1,0,1,0,1,2,2022-11-29 14:30:00+05:30,2022-11-29 14:35:00+05:30,2022-11-29 14:55:00+05:30,72.5,72.25892857142857,72.93392857142857,-0.2411,L
S1302,ASHOKLEY,2022-11-30 09:15:00+05:30,,,0,,2.975,75.0,-0.8319,0,1.2295,0.0,1,1,1,0,1,2,2022-11-30 09:20:00+05:30,2022-11-30 09:25:00+05:30,2022-11-30 12:10:00+05:30,72.25,71.75,73.15,-0.5,L
S1303,ASHOKLEY,2022-11-30 09:40:00+05:30,-0.0693,,2,2.0,0.168,75.0,0.1111,0,0.4255,,0,0,1,1,0,1,2022-11-30 09:40:00+05:30,2022-11-30 09:45:00+05:30,2022-11-30 12:10:00+05:30,72.1,71.43035714285713,73.30535714285715,-0.6696,L
S1304,ASHOKLEY,2022-11-30 10:45:00+05:30,0.2313,0.128,11,10.0,0.0146,0.0,39.0,0,0.6342,,0,0,0,1,0,1,2022-11-30 10:45:00+05:30,2022-11-30 10:50:00+05:30,2022-11-30 12:10:00+05:30,72.5,72.07142857142858,73.27142857142856,-0.4286,L
S1305,ASHOKLEY,2022-11-30 12:00:00+05:30,0.1031,0.0997,14,7.0,0.2139,0.0,2.6364,0,1.2782,,0,0,1,1,0,1,2022-11-30 12:00:00+05:30,2022-11-30 12:05:00+05:30,2022-11-30 12:10:00+05:30,72.8,72.47857142857143,73.37857142857143,-0.3214,L
S1306,ASHOKLEY,2022-11-30 13:30:00+05:30,-0.4636,-0.4484,0,,1.1175,50.0,-1.0,0,0.7613,1.0,3,0,1,0,3,4,2022-11-30 13:45:00+05:30,2022-11-30 13:50:00+05:30,2022-11-30 15:00:00+05:30,71.55,71.04107142857143,72.46607142857142,0.15,EOD+
S1307,ASHOKLEY,2022-11-30 13:55:00+05:30,-0.2516,-0.4644,0,,0.2608,75.0,-1.0,0,1.1333,0.0,1,0,1,0,1,2,2022-11-30 14:00:00+05:30,2022-11-30 14:05:00+05:30,2022-11-30 15:00:00+05:30,71.8,71.34464285714286,72.61964285714285,-0.1,EOD-
S1308,ASHOKLEY,2022-12-01 10:25:00+05:30,0.2593,0.2908,14,14.0,0.8366,25.0,0.2245,0,0.413,,0,1,0,1,0,1,2022-12-01 10:25:00+05:30,2022-12-01 10:30:00+05:30,2022-12-01 11:45:00+05:30,72.4,72.03392857142858,73.05892857142858,-0.3661,L
S1309,ASHOKLEY,2022-12-01 11:40:00+05:30,-0.1003,-0.0484,0,,1.89,100.0,-1.0,0,2.3734,1.0,3,0,1,0,3,4,2022-12-01 11:55:00+05:30,2022-12-01 12:00:00+05:30,2022-12-01 12:00:00+05:30,72.25,72.07142857142858,72.57142857142856,0.3214,W
S1310,ASHOKLEY,2022-12-01 12:15:00+05:30,-0.0069,-0.0831,2,2.0,0.34,0.0,1.3529,0,1.0405,,0,0,0,1,0,1,2022-12-01 12:15:00+05:30,2022-12-01 12:20:00+05:30,2022-12-01 13:30:00+05:30,72.3,71.9875,72.8625,-0.3125,L
S1311,ASHOKLEY,2022-12-01 12:40:00+05:30,-0.0242,-0.0069,0,,0.8974,50.0,-0.6,0,1.0413,1.0,3,0,0,0,3,4,2022-12-01 12:55:00+05:30,2022-12-01 13:00:00+05:30,2022-12-01 13:30:00+05:30,72.3,71.9517857142857,72.92678571428571,-0.3482,L
S1312,ASHOKLEY,2022-12-01 13:05:00+05:30,0.0138,-0.0242,1,1.0,0.2227,83.33,-1.0,0,0.408,0.0,1,0,0,0,1,2,2022-12-01 13:10:00+05:30,2022-12-01 13:15:00+05:30,2022-12-01 13:30:00+05:30,72.3,71.90714285714286,73.00714285714285,-0.3929,L
S1313,ASHOKLEY,2022-12-01 14:10:00+05:30,-0.1909,-0.1734,0,,1.9396,100.0,-1.0,0,1.4004,1.0,3,0,0,0,3,4,2022-12-01 14:25:00+05:30,2022-12-01 14:30:00+05:30,2022-12-01 15:00:00+05:30,72.0,71.57142857142857,72.77142857142856,0.05,EOD+
S1314,ASHOKLEY,2022-12-02 10:35:00+05:30,-0.5371,-0.5848,0,,1.2704,100.0,-1.0,0,0.3809,1.0,3,0,0,0,3,4,2022-12-02 10:50:00+05:30,2022-12-02 10:55:00+05:30,2022-12-02 15:00:00+05:30,70.6,70.11785714285713,71.46785714285713,0.0,EOD-
S1315,ASHOKLEY,2022-12-02 12:10:00+05:30,-0.0746,-0.0213,0,,2.3154,50.0,-1.0,0,0.9216,1.0,3,0,0,0,3,4,2022-12-02 12:25:00+05:30,2022-12-02 12:30:00+05:30,2022-12-02 15:00:00+05:30,70.4,70.16785714285716,70.81785714285714,0.2,EOD+
S1316,ASHOKLEY,2022-12-02 12:35:00+05:30,-0.0639,-0.0888,0,,0.2333,0.0,1.5,0,0.5137,,0,0,1,1,0,1,2022-12-02 12:35:00+05:30,2022-12-02 12:40:00+05:30,2022-12-02 15:00:00+05:30,70.4,70.1857142857143,70.78571428571429,0.2,EOD+
S1317,ASHOKLEY,2022-12-02 13:25:00+05:30,0.0426,0.0036,9,6.0,0.8556,0.0,0.2121,0,0.8212,,0,0,0,1,0,1,2022-12-02 13:25:00+05:30,2022-12-02 13:30:00+05:30,2022-12-02 15:00:00+05:30,70.4,70.15892857142858,70.83392857142857,0.2,EOD+
S1318,ASHOKLEY,2022-12-02 13:35:00+05:30,0.0497,0.032,0,,0.5185,100.0,-1.0,0,2.8335,1.0,2,0,0,0,2,3,2022-12-02 13:45:00+05:30,2022-12-02 13:50:00+05:30,2022-12-02 15:00:00+05:30,70.6,70.35892857142856,71.03392857142856,0.0,EOD-
S1319,ASHOKLEY,2022-12-05 10:00:00+05:30,0.1377,0.2049,9,9.0,0.4083,100.0,-1.0,0,0.2993,0.0,2,0,1,0,2,3,2022-12-05 10:10:00+05:30,2022-12-05 10:15:00+05:30,2022-12-05 15:00:00+05:30,70.8,70.2642857142857,71.7642857142857,0.4,EOD+
S1320,ASHOKLEY,2022-12-05 10:35:00+05:30,0.134,0.1164,3,3.0,0.1024,100.0,-1.0,0,0.5142,,0,0,0,1,0,1,2022-12-05 10:35:00+05:30,2022-12-05 10:40:00+05:30,2022-12-05 15:00:00+05:30,71.0,70.63392857142857,71.65892857142858,0.2,EOD+
S1321,ASHOKLEY,2022-12-05 10:45:00+05:30,0.1304,0.127,0,,0.3868,0.0,-1.0,0,0.4316,1.0,3,0,0,0,3,4,2022-12-05 11:00:00+05:30,2022-12-05 11:05:00+05:30,2022-12-05 15:00:00+05:30,71.0,70.66071428571429,71.61071428571428,0.2,EOD+
S1322,ASHOKLEY,2022-12-05 11:10:00+05:30,-0.0388,0.0916,0,,0.25,100.0,-1.0,0,0.3186,,0,0,1,1,0,1,2022-12-05 11:10:00+05:30,2022-12-05 11:15:00+05:30,2022-12-05 12:15:00+05:30,70.95,70.7,71.39999999999999,0.45,W
S1323,ASHOKLEY,2022-12-05 11:20:00+05:30,-0.0599,-0.007,0,,0.14,0.0,5.6667,0,2.2434,,0,0,0,1,0,1,2022-12-05 11:20:00+05:30,2022-12-05 11:25:00+05:30,2022-12-05 15:00:00+05:30,71.0,70.73214285714286,71.48214285714285,0.2,EOD+
S1324,ASHOKLEY,2022-12-05 11:45:00+05:30,0.0599,-0.0106,3,3.0,0.5367,0.0,0.7391,0,1.4495,,0,0,0,1,0,1,2022-12-05 11:45:00+05:30,2022-12-05 11:50:00+05:30,2022-12-05 15:00:00+05:30,71.0,70.73214285714286,71.48214285714283,0.2,EOD+
S1325,ASHOKLEY,2022-12-05 12:55:00+05:30,0.0668,0.0915,13,8.0,0.7,66.67,-0.4444,0,1.6397,1.0,1,0,0,0,1,2,2022-12-05 13:00:00+05:30,2022-12-05 13:05:00+05:30,2022-12-05 15:00:00+05:30,71.15,70.82857142857144,71.72857142857143,0.05,EOD+
S1326,ASHOKLEY,2022-12-05 13:10:00+05:30,0.0352,0.0668,0,,0.02,0.0,-1.0,0,0.517,1.0,1,0,0,0,1,2,2022-12-05 13:15:00+05:30,2022-12-05 13:20:00+05:30,2022-12-05 15:00:00+05:30,71.15,70.8375,71.71250000000002,0.05,EOD+
S1327,ASHOKLEY,2022-12-05 13:35:00+05:30,0.0281,0.0387,0,,1.3192,50.0,-1.0,0,2.0865,1.0,3,0,1,0,3,4,2022-12-05 13:50:00+05:30,2022-12-05 13:55:00+05:30,2022-12-05 15:00:00+05:30,71.2,70.96785714285714,71.61785714285716,0.0,EOD-
S1328,ASHOKLEY,2022-12-05 14:15:00+05:30,0.0176,0.0105,4,2.0,0.35,0.0,1.5,0,0.6,,0,0,1,1,0,1,2022-12-05 14:15:00+05:30,2022-12-05 14:20:00+05:30,2022-12-05 15:00:00+05:30,71.2,70.91428571428571,71.71428571428572,0.0,EOD-
S1329,ASHOKLEY,2022-12-06 10:35:00+05:30,-0.1872,-0.1694,0,,1.5094,100.0,-1.0,0,0.4548,1.0,3,0,1,0,3,4,2022-12-06 10:50:00+05:30,2022-12-06 10:55:00+05:30,2022-12-06 11:00:00+05:30,70.8,70.5142857142857,71.31428571428572,-0.2857,L
S1330,ASHOKLEY,2022-12-06 12:55:00+05:30,-0.0923,-0.1207,0,,2.175,50.0,-0.7701,0,0.4805,0.0,3,0,1,0,3,4,2022-12-06 13:10:00+05:30,2022-12-06 13:15:00+05:30,2022-12-06 15:00:00+05:30,70.5,70.25000000000001,70.94999999999999,0.0,EOD-
S1331,ASHOKLEY,2022-12-06 13:20:00+05:30,-0.0107,-0.0533,0,,0.08,100.0,-1.0,0,0.139,,0,0,1,1,0,1,2022-12-06 13:20:00+05:30,2022-12-06 13:25:00+05:30,2022-12-06 15:00:00+05:30,70.5,70.18750000000001,71.06249999999999,0.0,EOD-
S1332,ASHOKLEY,2022-12-06 13:30:00+05:30,-0.0071,-0.0249,0,,0.0412,100.0,-1.0,0,0.6575,,0,0,0,1,0,1,2022-12-06 13:30:00+05:30,2022-12-06 13:35:00+05:30,2022-12-06 15:00:00+05:30,70.45,70.14642857142859,70.99642857142857,0.05,EOD+
S1333,ASHOKLEY,2022-12-06 13:40:00+05:30,-0.0178,-0.0142,0,,0.91,0.0,0.0256,0,0.5245,,0,0,1,1,0,1,2022-12-06 13:40:00+05:30,2022-12-06 13:45:00+05:30,2022-12-06 15:00:00+05:30,70.4,70.13214285714287,70.88214285714285,0.1,EOD+
S1334,ASHOKLEY,2022-12-06 13:50:00+05:30,-0.0249,-0.0142,0,,0.8448,0.0,0.1429,0,0.2941,,0,0,1,1,0,1,2022-12-06 13:50:00+05:30,2022-12-06 13:55:00+05:30,2022-12-06 15:00:00+05:30,70.4,70.14107142857144,70.86607142857143,0.1,EOD+
S1335,ASHOKLEY,2022-12-06 14:00:00+05:30,-0.032,-0.0249,0,,0.7233,100.0,-1.0,0,0.4444,0.0,2,0,1,0,2,3,2022-12-06 14:10:00+05:30,2022-12-06 14:15:00+05:30,2022-12-06 15:00:00+05:30,70.4,70.13214285714287,70.88214285714287,0.1,EOD+
S1336,ASHOKLEY,2022-12-07 09:30:00+05:30,,,0,,1.6333,50.0,-0.5238,0,0.7633,1.0,3,0,0,0,3,4,2022-12-07 09:45:00+05:30,2022-12-07 09:50:00+05:30,2022-12-07 10:40:00+05:30,70.6,70.27857142857142,71.17857142857142,-0.3214,L
S1337,ASHOKLEY,2022-12-07 09:55:00+05:30,0.0213,-0.0036,0,,0.1522,33.33,1.0,0,0.2677,,0,0,0,1,0,1,2022-12-07 09:55:00+05:30,2022-12-07 10:00:00+05:30,2022-12-07 10:50:00+05:30,70.45,70.03928571428573,71.18928571428572,-0.4107,L
S1338,ASHOKLEY,2022-12-07 10:05:00+05:30,0.0213,0.0213,0,,0.686,0.0,-0.1837,0,0.1289,0.0,3,0,1,0,3,4,2022-12-07 10:20:00+05:30,2022-12-07 10:25:00+05:30,2022-12-07 10:50:00+05:30,70.45,70.00357142857143,71.25357142857143,-0.4464,L
S1339,ASHOKLEY,2022-12-07 11:40:00+05:30,-0.2141,-0.2174,0,,1.1605,0.0,-0.6825,0,0.2955,0.0,3,0,0,0,3,4,2022-12-07 11:55:00+05:30,2022-12-07 12:00:00+05:30,2022-12-07 15:00:00+05:30,70.0,69.66071428571428,70.6107142857143,0.2,EOD+
S1340,ASHOKLEY,2022-12-07 12:10:00+05:30,-0.1573,-0.1536,0,,0.6176,0.0,-0.3333,0,0.2323,0.0,3,0,1,0,3,4,2022-12-07 12:25:00+05:30,2022-12-07 12:30:00+05:30,2022-12-07 15:00:00+05:30,69.9,69.59642857142858,70.44642857142858,0.3,EOD+
S1341,ASHOKLEY,2022-12-07 12:40:00+05:30,-0.0179,-0.1395,1,1.0,0.3839,66.67,0.1765,0,0.7415,,0,0,0,1,0,1,2022-12-07 12:40:00+05:30,2022-12-07 12:45:00+05:30,2022-12-07 15:00:00+05:30,69.9,69.62321428571428,70.3982142857143,0.3,EOD+
S1342,ASHOKLEY,2022-12-07 12:50:00+05:30,0.0465,-0.0572,0,,0.575,100.0,-1.0,0,0.4939,,0,0,1,1,0,1,2022-12-07 12:50:00+05:30,2022-12-07 12:55:00+05:30,2022-12-07 15:00:00+05:30,70.0,69.74999999999999,70.45000000000002,0.2,EOD+
S1343,ASHOKLEY,2022-12-07 13:10:00+05:30,0.0679,0.0536,3,1.0,0.532,66.67,0.0526,0,0.711,,0,0,1,1,0,1,2022-12-07 13:10:00+05:30,2022-12-07 13:15:00+05:30,2022-12-07 15:00:00+05:30,69.95,69.72678571428571,70.35178571428573,0.25,EOD+
S1344,ASHOKLEY,2022-12-07 13:20:00+05:30,0.0536,0.0679,0,,0.0292,0.0,19.0,0,1.1835,,0,0,1,1,0,1,2022-12-07 13:20:00+05:30,2022-12-07 13:25:00+05:30,2022-12-07 15:00:00+05:30,70.0,69.78571428571428,70.3857142857143,0.2,EOD+
S1345,ASHOKLEY,2022-12-07 14:15:00+05:30,0.0429,0.0429,10,8.0,0.0,0.0,,1,0.7323,,0,0,1,1,0,1,2022-12-07 14:15:00+05:30,2022-12-07 14:20:00+05:30,2022-12-07 15:00:00+05:30,70.05,69.89821428571429,70.32321428571427,0.15,EOD+
S1346,ASHOKLEY,2022-12-07 14:25:00+05:30,0.05,0.0429,0,,0.3294,50.0,1.5,0,0.6776,,0,0,1,1,0,1,2022-12-07 14:25:00+05:30,2022-12-07 14:30:00+05:30,2022-12-07 15:00:00+05:30,70.1,69.94821428571429,70.37321428571427,0.1,EOD+
S1347,ASHOKLEY,2022-12-08 09:15:00+05:30,,,0,,1.1162,36.36,0.6949,0,3.006,,0,1,0,1,0,1,2022-12-08 09:15:00+05:30,2022-12-08 09:20:00+05:30,2022-12-08 09:50:00+05:30,70.45,70.11964285714285,71.04464285714286,-0.3304,L
S1348,ASHOKLEY,2022-12-08 09:50:00+05:30,0.0677,,6,5.0,0.4857,100.0,-1.0,0,0.4624,0.0,1,0,0,0,1,2,2022-12-08 09:55:00+05:30,2022-12-08 10:00:00+05:30,2022-12-08 15:00:00+05:30,70.2,69.7625,70.9875,-0.2,EOD-
S1349,ASHOKLEY,2022-12-08 10:55:00+05:30,-0.0713,-0.0535,0,,1.4972,0.0,-1.0,0,0.7452,1.0,3,0,0,0,3,4,2022-12-08 11:10:00+05:30,2022-12-08 11:15:00+05:30,2022-12-08 15:00:00+05:30,70.05,69.72857142857143,70.62857142857142,-0.05,EOD-
S1350,ASHOKLEY,2022-12-08 11:20:00+05:30,-0.1107,-0.1106,1,1.0,0.1355,100.0,-1.0,0,0.8849,1.0,3,0,0,0,3,4,2022-12-08 11:35:00+05:30,2022-12-08 11:40:00+05:30,2022-12-08 15:00:00+05:30,70.0,69.72321428571429,70.49821428571427,0.0,EOD-
S1351,ASHOKLEY,2022-12-08 11:45:00+05:30,-0.0607,-0.075,0,,0.2172,50.0,-1.0,0,0.8117,,0,0,1,1,0,1,2022-12-08 11:45:00+05:30,2022-12-08 11:50:00+05:30,2022-12-08 15:00:00+05:30,70.0,69.74107142857144,70.46607142857141,0.0,EOD-
S1352,ASHOKLEY,2022-12-08 12:00:00+05:30,-0.0357,-0.0607,0,,1.5931,33.33,-0.697,0,1.4713,0.0,3,0,1,0,3,4,2022-12-08 12:15:00+05:30,2022-12-08 12:20:00+05:30,2022-12-08 15:00:00+05:30,69.95,69.69107142857145,70.41607142857141,0.05,EOD+
S1353,ASHOKLEY,2022-12-08 12:45:00+05:30,-0.0393,-0.0214,0,,1.0719,0.0,-1.0,0,1.3082,1.0,3,0,1,0,3,4,2022-12-08 13:00:00+05:30,2022-12-08 13:05:00+05:30,2022-12-08 15:00:00+05:30,69.9,69.61428571428571,70.41428571428574,0.1,EOD+
S1354,ASHOKLEY,2022-12-08 13:30:00+05:30,-0.0036,-0.0286,5,3.0,0.3621,33.33,0.3333,0,0.8053,,0,0,1,1,0,1,2022-12-08 13:30:00+05:30,2022-12-08 13:35:00+05:30,2022-12-08 15:00:00+05:30,69.95,69.69107142857143,70.41607142857144,0.05,EOD+
S1355,ASHOKLEY,2022-12-08 13:45:00+05:30,0.0072,-0.0036,2,2.0,0.4345,0.0,0.1111,0,1.2131,,0,0,0,1,0,1,2022-12-08 13:45:00+05:30,2022-12-08 13:50:00+05:30,2022-12-08 15:00:00+05:30,69.9,69.64107142857144,70.36607142857143,0.1,EOD+
S1356,ASHOKLEY,2022-12-08 13:55:00+05:30,0.0072,0.0036,0,,0.8633,50.0,-0.4595,0,0.6016,,0,0,1,1,0,1,2022-12-08 13:55:00+05:30,2022-12-08 14:00:00+05:30,2022-12-08 15:00:00+05:30,69.9,69.63214285714287,70.38214285714287,0.1,EOD+
S1357,ASHOKLEY,2022-12-08 14:05:00+05:30,-0.0036,0.0179,0,,0.7875,50.0,-0.4444,0,2.7751,1.0,2,0,0,0,2,3,2022-12-08 14:15:00+05:30,2022-12-08 14:20:00+05:30,2022-12-08 15:00:00+05:30,69.9,69.61428571428571,70.41428571428573,0.1,EOD+
S1358,ASHOKLEY,2022-12-12 09:30:00+05:30,,,0,,3.306,84.62,-0.949,0,0.9452,0.0,3,1,0,0,3,4,2022-12-12 09:45:00+05:30,2022-12-12 09:50:00+05:30,2022-12-12 15:00:00+05:30,69.1,68.35892857142856,70.43392857142858,0.6,EOD+
S1359,ASHOKLEY,2022-12-12 11:05:00+05:30,0.3129,0.2163,14,3.0,0.6791,50.0,-0.3846,0,0.5354,0.0,1,0,0,0,1,2,2022-12-12 11:10:00+05:30,2022-12-12 11:15:00+05:30,2022-12-12 15:00:00+05:30,69.7,69.10178571428571,70.77678571428572,0.0,EOD-
S1360,ASHOKLEY,2022-12-12 11:45:00+05:30,0.0646,0.2082,0,,1.4127,100.0,-1.0,0,2.549,1.0,3,0,0,0,3,4,2022-12-12 12:00:00+05:30,2022-12-12 12:05:00+05:30,2022-12-12 15:00:00+05:30,69.75,69.25892857142858,70.63392857142856,-0.05,EOD-
S1361,ASHOKLEY,2022-12-12 12:45:00+05:30,0.0072,-0.0251,8,5.0,0.0,33.33,,1,0.8895,,0,1,1,1,0,1,2022-12-12 12:45:00+05:30,2022-12-12 12:50:00+05:30,2022-12-12 13:25:00+05:30,69.8,69.43392857142858,70.45892857142856,-0.3661,L
S1362,ASHOKLEY,2022-12-12 14:15:00+05:30,-0.1474,-0.1796,0,,0.9333,0.0,-0.4444,0,1.3131,1.0,3,0,1,0,3,4,2022-12-12 14:30:00+05:30,2022-12-12 14:35:00+05:30,2022-12-12 15:00:00+05:30,69.5,69.25892857142858,69.93392857142855,0.2,EOD+
S1363,ASHOKLEY,2022-12-13 10:40:00+05:30,0.0787,0.1181,17,17.0,0.0,100.0,,1,0.4649,,0,0,0,1,0,1,2022-12-13 10:40:00+05:30,2022-12-13 10:45:00+05:30,2022-12-13 14:55:00+05:30,69.95,69.66428571428573,70.4642857142857,-0.2857,L
S1364,ASHOKLEY,2022-12-13 10:55:00+05:30,0.0751,0.0787,1,1.0,0.2962,50.0,0.8182,0,2.0133,,0,0,0,1,0,1,2022-12-13 10:55:00+05:30,2022-12-13 11:00:00+05:30,2022-12-13 12:20:00+05:30,69.9,69.66785714285716,70.31785714285712,0.4179,W
S1365,ASHOKLEY,2022-12-13 11:05:00+05:30,0.0536,0.0751,0,,0.4038,100.0,-1.0,0,0.6537,,0,0,0,1,0,1,2022-12-13 11:05:00+05:30,2022-12-13 11:10:00+05:30,2022-12-13 14:10:00+05:30,69.95,69.71785714285716,70.36785714285712,-0.2321,L
S1366,ASHOKLEY,2022-12-13 11:15:00+05:30,0.0322,0.0679,0,,0.4926,100.0,-1.0,0,0.6213,,0,0,1,1,0,1,2022-12-13 11:15:00+05:30,2022-12-13 11:20:00+05:30,2022-12-13 14:10:00+05:30,69.95,69.70892857142859,70.38392857142856,-0.2411,L
S1367,ASHOKLEY,2022-12-13 11:25:00+05:30,0.0393,0.0322,0,,0.5793,50.0,-1.0,0,0.7998,1.0,1,0,1,0,1,2,2022-12-13 11:30:00+05:30,2022-12-13 11:35:00+05:30,2022-12-13 14:55:00+05:30,69.9,69.64107142857145,70.3660714285714,-0.2589,L
S1368,ASHOKLEY,2022-12-13 11:40:00+05:30,0.0214,0.0393,0,,0.6481,50.0,-1.0,0,0.6296,0.0,3,0,1,0,3,4,2022-12-13 11:55:00+05:30,2022-12-13 12:00:00+05:30,2022-12-13 14:10:00+05:30,70.0,69.75892857142858,70.43392857142855,-0.2411,L
S1369,ASHOKLEY,2022-12-13 12:05:00+05:30,-0.0071,-0.0071,0,,0.075,0.0,5.6667,0,2.895,,0,0,0,1,0,1,2022-12-13 12:05:00+05:30,2022-12-13 12:10:00+05:30,2022-12-13 14:10:00+05:30,70.0,69.75000000000001,70.44999999999997,-0.25,L
S1370,ASHOKLEY,2022-12-13 12:15:00+05:30,0.0322,-0.0143,0,,0.2484,80.0,0.8182,0,4.436,,0,0,0,1,0,1,2022-12-13 12:15:00+05:30,2022-12-13 12:20:00+05:30,2022-12-13 13:10:00+05:30,70.2,69.9232142857143,70.69821428571427,-0.2768,L
S1371,ASHOKLEY,2022-12-13 12:25:00+05:30,0.0393,0.0071,1,1.0,0.2649,66.67,0.4286,0,4.5841,,0,0,0,1,0,1,2022-12-13 12:25:00+05:30,2022-12-13 12:30:00+05:30,2022-12-13 14:55:00+05:30,69.95,69.61964285714288,70.54464285714283,-0.3304,L
S1372,ASHOKLEY,2022-12-13 12:40:00+05:30,0.025,0.0393,1,1.0,0.36,50.0,0.1111,0,0.2922,,0,0,0,1,0,1,2022-12-13 12:40:00+05:30,2022-12-13 12:45:00+05:30,2022-12-13 14:55:00+05:30,70.0,69.68750000000001,70.56249999999999,-0.3125,L
S1373,ASHOKLEY,2022-12-13 12:50:00+05:30,0.0286,0.0357,1,1.0,0.0424,100.0,-1.0,0,0.202,,0,0,1,1,0,1,2022-12-13 12:50:00+05:30,2022-12-13 12:55:00+05:30,2022-12-13 14:10:00+05:30,70.0,69.70535714285715,70.53035714285713,-0.2946,L
S1374,ASHOKLEY,2022-12-13 13:50:00+05:30,0.0,0.0107,0,,0.9579,0.0,-0.2308,0,1.0347,1.0,3,0,1,0,3,4,2022-12-13 14:05:00+05:30,2022-12-13 14:10:00+05:30,2022-12-13 14:10:00+05:30,69.9,69.73035714285716,70.20535714285712,-0.1696,L
S1375,ASHOKLEY,2022-12-14 10:00:00+05:30,0.0287,0.0573,9,9.0,0.9167,0.0,0.0909,0,0.3522,,0,0,0,1,0,1,2022-12-14 10:00:00+05:30,2022-12-14 10:05:00+05:30,2022-12-14 10:45:00+05:30,69.75,69.375,70.42499999999998,0.675,W
S1376,ASHOKLEY,2022-12-14 10:10:00+05:30,0.0143,0.043,0,,0.5756,50.0,-0.4595,0,0.1325,,0,0,1,1,0,1,2022-12-14 10:10:00+05:30,2022-12-14 10:15:00+05:30,2022-12-14 10:50:00+05:30,69.8,69.39821428571429,70.52321428571427,0.7232,W
S1377,ASHOKLEY,2022-12-14 13:40:00+05:30,0.0849,0.138,40,7.0,1.2688,50.0,-0.3103,0,0.6725,1.0,2,0,0,0,2,3,2022-12-14 13:50:00+05:30,2022-12-14 13:55:00+05:30,2022-12-14 14:05:00+05:30,70.7,70.55714285714285,70.95714285714287,-0.1429,L
S1378,ASHOKLEY,2022-12-14 14:05:00+05:30,0.046,0.0637,0,,2.17,66.67,-0.6774,0,0.4464,1.0,3,0,0,0,3,4,2022-12-14 14:20:00+05:30,2022-12-14 14:25:00+05:30,2022-12-14 15:00:00+05:30,70.75,70.57142857142857,71.07142857142858,0.15,EOD+
S1379,ASHOKLEY,2022-12-14 14:30:00+05:30,0.0389,0.0318,0,,0.3792,75.0,-1.0,0,2.7325,,0,0,0,1,0,1,2022-12-14 14:30:00+05:30,2022-12-14 14:35:00+05:30,2022-12-14 15:00:00+05:30,70.8,70.58571428571427,71.18571428571428,0.1,EOD+
S1380,ASHOKLEY,2022-12-15 12:45:00+05:30,-0.0857,-0.1177,0,,0.9172,0.0,-0.4737,0,2.2684,1.0,3,0,0,0,3,4,2022-12-15 13:00:00+05:30,2022-12-15 13:05:00+05:30,2022-12-15 13:55:00+05:30,70.0,69.74107142857143,70.46607142857141,-0.2589,L
S1381,ASHOKLEY,2022-12-15 13:10:00+05:30,-0.0607,-0.075,0,,0.028,0.0,-1.0,0,0.3606,1.0,1,0,1,0,1,2,2022-12-15 13:15:00+05:30,2022-12-15 13:20:00+05:30,2022-12-15 13:55:00+05:30,70.0,69.77678571428572,70.40178571428571,-0.2232,L
S1382,ASHOKLEY,2022-12-15 13:25:00+05:30,-0.0321,-0.0607,0,,1.1261,0.0,0.0811,0,0.3725,,0,0,1,1,0,1,2022-12-15 13:25:00+05:30,2022-12-15 13:30:00+05:30,2022-12-15 13:55:00+05:30,70.0,69.79464285714286,70.36964285714285,-0.2054,L
S1383,ASHOKLEY,2022-12-16 09:15:00+05:30,,,0,,5.4515,27.78,-0.572,0,1.0633,0.0,3,0,0,0,3,4,2022-12-16 09:30:00+05:30,2022-12-16 09:35:00+05:30,2022-12-16 09:45:00+05:30,69.6,69.01071428571427,70.66071428571429,-0.5893,L
S1384,ASHOKLEY,2022-12-16 12:25:00+05:30,-0.1677,-0.2404,0,,0.8225,0.0,-0.5745,0,0.7771,0.0,3,0,0,0,3,4,2022-12-16 12:40:00+05:30,2022-12-16 12:45:00+05:30,2022-12-16 14:20:00+05:30,68.6,68.24285714285715,69.24285714285713,-0.3571,L
S1385,ASHOKLEY,2022-12-19 10:10:00+05:30,-0.2889,-0.3845,0,,1.0088,0.0,-0.7959,0,0.4489,1.0,3,0,1,0,3,4,2022-12-19 10:25:00+05:30,2022-12-19 10:30:00+05:30,2022-12-19 12:15:00+05:30,67.4,66.79285714285714,68.49285714285715,1.0929,W
S1386,ASHOKLEY,2022-12-19 12:25:00+05:30,0.2747,0.3558,23,2.0,0.3316,33.33,1.2222,0,0.9816,,0,0,0,1,0,1,2022-12-19 12:25:00+05:30,2022-12-19 12:30:00+05:30,2022-12-19 13:20:00+05:30,68.35,68.01071428571427,68.96071428571429,0.6107,W
S1387,ASHOKLEY,2022-12-19 12:40:00+05:30,0.183,0.2747,2,2.0,0.1167,100.0,-1.0,0,0.7796,1.0,1,0,1,0,1,2,2022-12-19 12:45:00+05:30,2022-12-19 12:50:00+05:30,2022-12-19 13:15:00+05:30,68.4,68.13214285714285,68.88214285714287,0.4821,W
S1388,ASHOKLEY,2022-12-20 09:15:00+05:30,,,0,,1.0569,30.77,0.8182,0,3.8657,,0,0,0,1,0,1,2022-12-20 09:15:00+05:30,2022-12-20 09:20:00+05:30,2022-12-20 09:35:00+05:30,69.8,69.34464285714286,70.61964285714284,-0.4554,L
S1389,ASHOKLEY,2022-12-20 09:50:00+05:30,0.0252,,0,,0.7462,100.0,-1.0,0,0.8559,1.0,3,0,0,0,3,4,2022-12-20 10:05:00+05:30,2022-12-20 10:10:00+05:30,2022-12-20 15:00:00+05:30,69.8,68.9875,71.26249999999999,0.1,EOD+
S1390,ASHOKLEY,2022-12-20 10:25:00+05:30,0.0755,0.0359,0,,0.3567,0.0,-0.6226,0,0.6267,1.0,3,0,0,0,3,4,2022-12-20 10:40:00+05:30,2022-12-20 10:45:00+05:30,2022-12-20 15:00:00+05:30,69.65,68.72142857142858,71.32142857142858,0.25,EOD+
S1391,ASHOKLEY,2022-12-20 11:50:00+05:30,-0.0323,0.0826,0,,1.9875,50.0,-0.7484,0,0.8992,0.0,3,1,0,0,3,4,2022-12-20 12:05:00+05:30,2022-12-20 12:10:00+05:30,2022-12-20 15:00:00+05:30,69.65,69.15000000000002,70.55,0.25,EOD+
S1392,ASHOKLEY,2022-12-20 12:15:00+05:30,0.0215,-0.0934,1,1.0,0.0686,100.0,-1.0,0,0.7052,,0,0,1,1,0,1,2022-12-20 12:15:00+05:30,2022-12-20 12:20:00+05:30,2022-12-20 15:00:00+05:30,69.7,69.24464285714286,70.51964285714284,0.2,EOD+
S1393,ASHOKLEY,2022-12-20 13:30:00+05:30,0.1398,0.1112,13,11.0,0.08,0.0,4.0,0,0.9089,,0,0,1,1,0,1,2022-12-20 13:30:00+05:30,2022-12-20 13:35:00+05:30,2022-12-20 15:00:00+05:30,69.75,69.43749999999999,70.31250000000003,0.15,EOD+
S1394,ASHOKLEY,2022-12-20 13:40:00+05:30,0.1504,0.1362,0,,0.0,100.0,,1,0.8823,,0,0,0,1,0,1,2022-12-20 13:40:00+05:30,2022-12-20 13:45:00+05:30,2022-12-20 15:00:00+05:30,69.9,69.6142857142857,70.41428571428574,0.0,EOD-
S1395,ASHOKLEY,2022-12-20 13:55:00+05:30,0.1002,0.1504,0,,0.2897,0.0,-1.0,0,2.2415,1.0,3,0,0,0,3,4,2022-12-20 14:10:00+05:30,2022-12-20 14:15:00+05:30,2022-12-20 14:45:00+05:30,70.0,69.74107142857142,70.46607142857145,-0.2589,L
S1396,ASHOKLEY,2022-12-20 14:20:00+05:30,0.0143,0.0465,0,,0.3027,80.0,-1.0,0,1.773,,0,0,0,1,0,1,2022-12-20 14:20:00+05:30,2022-12-20 14:25:00+05:30,2022-12-20 15:00:00+05:30,70.0,69.66964285714285,70.59464285714287,-0.1,EOD-
S1397,ASHOKLEY,2022-12-21 09:15:00+05:30,,,0,,0.1098,75.0,4.0,0,3.7261,,0,0,0,1,0,1,2022-12-21 09:15:00+05:30,2022-12-21 09:20:00+05:30,2022-12-21 12:30:00+05:30,70.0,69.54464285714286,70.81964285714285,-0.4554,L
S1398,ASHOKLEY,2022-12-21 09:25:00+05:30,,,0,,0.2032,75.0,-1.0,0,2.1041,,0,0,0,1,0,1,2022-12-21 09:25:00+05:30,2022-12-21 09:30:00+05:30,2022-12-21 12:25:00+05:30,70.2,69.64642857142857,71.19642857142857,-0.5536,L
S1399,ASHOKLEY,2022-12-21 09:55:00+05:30,0.0607,0.0893,5,3.0,0.7972,0.0,0.4634,0,2.1884,,0,0,0,1,0,1,2022-12-21 09:55:00+05:30,2022-12-21 10:00:00+05:30,2022-12-21 12:30:00+05:30,70.1,69.45714285714286,71.25714285714284,-0.6429,L
S1400,ASHOKLEY,2022-12-21 10:05:00+05:30,0.0643,0.0679,0,,0.1055,25.0,0.8182,0,0.3909,,0,0,0,1,0,1,2022-12-21 10:05:00+05:30,2022-12-21 10:10:00+05:30,2022-12-21 12:30:00+05:30,70.1,69.44821428571429,71.27321428571427,-0.6518,L
S1401,ASHOKLEY,2022-12-21 10:20:00+05:30,0.0999,0.0643,2,1.0,0.2838,80.0,-0.3333,0,0.3278,0.0,2,0,1,0,2,3,2022-12-21 10:30:00+05:30,2022-12-21 10:35:00+05:30,2022-12-21 12:30:00+05:30,70.2,69.53928571428571,71.38928571428572,-0.6607,L
S1402,ASHOKLEY,2022-12-21 10:40:00+05:30,0.0428,0.0963,0,,0.5151,75.0,-0.4872,0,0.5565,,0,0,1,1,0,1,2022-12-21 10:40:00+05:30,2022-12-21 10:45:00+05:30,2022-12-21 12:25:00+05:30,70.2,69.72678571428571,71.05178571428573,-0.4732,L
S1403,ASHOKLEY,2022-12-21 13:50:00+05:30,-0.3576,-0.3533,0,,1.3563,80.0,-1.0,0,1.4159,1.0,3,0,0,0,3,4,2022-12-21 14:05:00+05:30,2022-12-21 14:10:00+05:30,2022-12-21 15:00:00+05:30,69.1,68.52857142857142,70.12857142857142,0.2,EOD+
S1404,ASHOKLEY,2022-12-21 14:15:00+05:30,-0.2353,-0.3799,1,1.0,0.1847,57.14,1.1053,0,0.7847,,0,0,0,1,0,1,2022-12-21 14:15:00+05:30,2022-12-21 14:20:00+05:30,2022-12-21 15:00:00+05:30,69.1,68.45714285714286,70.25714285714285,0.2,EOD+
S1405,ASHOKLEY,2022-12-22 09:35:00+05:30,,,0,,2.8144,57.14,-0.9487,0,1.2926,1.0,3,0,0,0,3,4,2022-12-22 09:50:00+05:30,2022-12-22 09:55:00+05:30,2022-12-22 10:55:00+05:30,69.0,68.13392857142857,70.55892857142858,-0.8661,L
S1406,ASHOKLEY,2022-12-22 10:00:00+05:30,-0.2833,-0.3118,0,,0.575,12.5,-0.5652,0,0.6219,1.0,1,0,1,0,1,2,2022-12-22 10:05:00+05:30,2022-12-22 10:10:00+05:30,2022-12-22 15:00:00+05:30,68.8,67.8,70.60000000000001,-0.1,EOD-
S1407,ASHOKLEY,2022-12-22 10:30:00+05:30,-0.2733,-0.3166,0,,0.5627,100.0,-1.0,0,1.4786,1.0,3,0,1,0,3,4,2022-12-22 10:45:00+05:30,2022-12-22 10:50:00+05:30,2022-12-22 15:00:00+05:30,68.55,67.6392857142857,70.18928571428572,0.15,EOD+
S1408,ASHOKLEY,2022-12-22 10:55:00+05:30,-0.1716,-0.2152,0,,1.625,75.0,-0.8974,0,1.0198,0.0,3,0,0,0,3,4,2022-12-22 11:10:00+05:30,2022-12-22 11:15:00+05:30,2022-12-22 15:00:00+05:30,68.6,67.85000000000001,69.94999999999997,0.1,EOD+
S1409,ASHOKLEY,2022-12-22 11:20:00+05:30,0.1094,-0.0913,1,1.0,0.05,33.33,7.0,0,0.4013,,0,1,1,1,0,1,2022-12-22 11:20:00+05:30,2022-12-22 11:25:00+05:30,2022-12-22 15:00:00+05:30,68.7,68.075,69.82499999999999,0.0,EOD-
S1410,ASHOKLEY,2022-12-22 11:30:00+05:30,0.0511,0.0146,0,,0.875,66.67,-0.5556,0,1.2506,1.0,1,0,0,0,1,2,2022-12-22 11:35:00+05:30,2022-12-22 11:40:00+05:30,2022-12-22 15:00:00+05:30,68.6,67.95714285714286,69.75714285714284,0.1,EOD+
S1411,ASHOKLEY,2022-12-22 11:50:00+05:30,-0.1388,0.0073,0,,1.2153,50.0,-0.84,0,1.7548,1.0,3,0,0,0,3,4,2022-12-22 12:05:00+05:30,2022-12-22 12:10:00+05:30,2022-12-22 15:00:00+05:30,68.6,67.95714285714286,69.75714285714284,0.1,EOD+
S1412,ASHOKLEY,2022-12-22 12:45:00+05:30,0.1349,0.0985,7,5.0,0.3138,100.0,-1.0,0,1.2627,1.0,3,0,0,0,3,4,2022-12-22 13:00:00+05:30,2022-12-22 13:05:00+05:30,2022-12-22 15:00:00+05:30,68.85,68.33214285714286,69.78214285714284,-0.15,EOD-
S1413,ASHOKLEY,2022-12-22 14:25:00+05:30,0.0944,0.0727,16,7.0,0.896,33.33,0.25,0,1.1839,,0,0,0,1,0,1,2022-12-22 14:25:00+05:30,2022-12-22 14:30:00+05:30,2022-12-22 15:00:00+05:30,68.85,68.40357142857142,69.65357142857142,-0.15,EOD-
S1414,ASHOKLEY,2022-12-23 12:15:00+05:30,-0.2918,-0.3361,0,,2.1368,100.0,-1.0,0,0.7521,0.0,3,0,0,0,3,4,2022-12-23 12:30:00+05:30,2022-12-23 12:35:00+05:30,2022-12-23 15:00:00+05:30,66.8,66.29107142857143,67.71607142857142,-0.1,EOD-
S1415,ASHOKLEY,2022-12-23 12:40:00+05:30,-0.1611,-0.2433,0,,0.151,0.0,-1.0,0,0.4426,0.0,1,0,1,0,1,2,2022-12-23 12:45:00+05:30,2022-12-23 12:50:00+05:30,2022-12-23 15:00:00+05:30,66.7,66.24464285714286,67.51964285714286,0.0,EOD-
S1416,ASHOKLEY,2022-12-23 12:55:00+05:30,-0.2214,-0.1611,0,,0.8065,100.0,-1.0,0,1.0955,1.0,2,0,0,0,2,3,2022-12-23 13:05:00+05:30,2022-12-23 13:10:00+05:30,2022-12-23 15:00:00+05:30,67.0,66.58928571428572,67.7392857142857,-0.3,EOD-
S1417,ASHOKLEY,2022-12-23 13:50:00+05:30,0.1684,0.1872,8,5.0,0.075,0.0,5.6667,0,1.0385,,0,1,0,1,0,1,2022-12-23 13:50:00+05:30,2022-12-23 13:55:00+05:30,2022-12-23 15:00:00+05:30,66.95,66.45,67.85000000000001,-0.25,EOD-
S1418,ASHOKLEY,2022-12-26 09:20:00+05:30,,,0,,1.84,44.44,-0.9275,0,1.8661,1.0,3,0,0,0,3,4,2022-12-26 09:35:00+05:30,2022-12-26 09:40:00+05:30,2022-12-26 15:00:00+05:30,67.0,66.0625,68.6875,1.5,EOD+
S1419,ASHOKLEY,2022-12-26 11:55:00+05:30,0.3823,0.409,27,2.0,0.0156,100.0,-1.0,0,0.4316,0.0,1,0,0,0,1,2,2022-12-26 12:00:00+05:30,2022-12-26 12:05:00+05:30,2022-12-26 15:00:00+05:30,68.2,67.79821428571428,68.92321428571431,0.3,EOD+
S1420,ASHOKLEY,2022-12-26 12:20:00+05:30,0.1945,0.3232,3,2.0,0.2085,75.0,-1.0,0,1.0024,1.0,3,0,1,0,3,4,2022-12-26 12:35:00+05:30,2022-12-26 12:40:00+05:30,2022-12-26 15:00:00+05:30,68.2,67.78035714285713,68.95535714285717,0.3,EOD+
S1421,ASHOKLEY,2022-12-26 12:50:00+05:30,0.0587,0.0807,2,1.0,0.7,50.0,0.1538,0,3.4301,,0,0,0,1,0,1,2022-12-26 12:50:00+05:30,2022-12-26 12:55:00+05:30,2022-12-26 15:00:00+05:30,68.15,67.68571428571428,68.9857142857143,0.35,EOD+
S1422,ASHOKLEY,2022-12-26 13:20:00+05:30,-0.011,0.055,0,,1.002,0.0,-0.726,0,0.5951,0.0,3,0,0,0,3,4,2022-12-26 13:35:00+05:30,2022-12-26 13:40:00+05:30,2022-12-26 15:00:00+05:30,68.2,67.74464285714286,69.01964285714286,0.3,EOD+
S1423,ASHOKLEY,2022-12-26 13:45:00+05:30,-0.0183,-0.044,0,,0.4,0.0,-1.0,0,0.5714,1.0,3,0,0,0,3,4,2022-12-26 14:00:00+05:30,2022-12-26 14:05:00+05:30,2022-12-26 15:00:00+05:30,68.2,67.7625,68.9875,0.3,EOD+
S1424,ASHOKLEY,2022-12-26 14:25:00+05:30,0.0586,0.0183,4,1.0,0.0171,50.0,39.0,0,1.3168,,0,0,0,1,0,1,2022-12-26 14:25:00+05:30,2022-12-26 14:30:00+05:30,2022-12-26 15:00:00+05:30,68.3,67.93392857142857,68.95892857142859,0.2,EOD+
S1425,ASHOKLEY,2022-12-27 09:15:00+05:30,,,0,,0.0111,20.0,79.0,0,3.5364,,0,1,0,1,0,1,2022-12-27 09:15:00+05:30,2022-12-27 09:20:00+05:30,2022-12-27 09:30:00+05:30,68.65,68.0875,69.66250000000001,-0.5625,L
S1426,ASHOKLEY,2022-12-27 09:50:00+05:30,-0.0915,,0,,1.575,100.0,-1.0,0,0.2239,0.0,3,0,1,0,3,4,2022-12-27 10:05:00+05:30,2022-12-27 10:10:00+05:30,2022-12-27 15:00:00+05:30,68.3,67.55,69.64999999999999,0.2,EOD+
S1427,ASHOKLEY,2022-12-27 10:15:00+05:30,-0.0843,-0.1356,0,,0.0488,0.0,5.6667,0,0.29,,0,0,0,1,0,1,2022-12-27 10:15:00+05:30,2022-12-27 10:20:00+05:30,2022-12-27 15:00:00+05:30,68.3,67.53214285714286,69.68214285714285,0.2,EOD+
S1428,ASHOKLEY,2022-12-27 10:45:00+05:30,0.1281,0.0147,5,1.0,0.0,0.0,,1,0.184,,0,0,0,1,0,1,2022-12-27 10:45:00+05:30,2022-12-27 10:50:00+05:30,2022-12-27 15:00:00+05:30,68.4,67.8732142857143,69.34821428571429,0.1,EOD+
S1429,ASHOKLEY,2022-12-27 10:55:00+05:30,0.0878,0.0952,1,1.0,0.0,100.0,,1,0.3488,1.0,1,0,1,0,1,2,2022-12-27 11:00:00+05:30,2022-12-27 11:05:00+05:30,2022-12-27 15:00:00+05:30,68.3,67.84464285714286,69.11964285714285,0.2,EOD+
S1430,ASHOKLEY,2022-12-27 11:15:00+05:30,-0.0183,0.022,3,1.0,0.0156,33.33,39.0,0,0.7126,,0,0,0,1,0,1,2022-12-27 11:15:00+05:30,2022-12-27 11:20:00+05:30,2022-12-27 13:30:00+05:30,68.4,67.99821428571428,69.1232142857143,-0.4018,L
S1431,ASHOKLEY,2022-12-27 11:25:00+05:30,0.0768,-0.0073,1,1.0,0.2022,0.0,2.0769,0,1.3553,,0,0,0,1,0,1,2022-12-27 11:25:00+05:30,2022-12-27 11:30:00+05:30,2022-12-27 13:30:00+05:30,68.4,67.99821428571428,69.1232142857143,-0.4018,L
S1432,ASHOKLEY,2022-12-27 11:35:00+05:30,0.1207,0.0073,0,,0.4822,0.0,0.2903,0,0.5686,,0,0,1,1,0,1,2022-12-27 11:35:00+05:30,2022-12-27 11:40:00+05:30,2022-12-27 15:00:00+05:30,68.3,67.89821428571427,69.0232142857143,0.2,EOD+
S1433,ASHOKLEY,2022-12-27 12:45:00+05:30,-0.0842,-0.0842,0,,1.9526,0.0,-0.6226,0,1.526,1.0,3,0,0,0,3,4,2022-12-27 13:00:00+05:30,2022-12-27 13:05:00+05:30,2022-12-27 13:30:00+05:30,68.3,67.96071428571429,68.91071428571428,-0.3393,L
S1434,ASHOKLEY,2022-12-27 13:45:00+05:30,-0.0807,-0.044,0,,1.232,0.0,-0.7727,0,4.2085,1.0,3,0,0,0,3,4,2022-12-27 14:00:00+05:30,2022-12-27 14:05:00+05:30,2022-12-27 15:00:00+05:30,68.2,67.75357142857143,69.00357142857143,0.3,EOD+
S1435,ASHOKLEY,2022-12-27 14:10:00+05:30,-0.0293,-0.0917,0,,0.0,33.33,,1,1.1826,,0,0,0,1,0,1,2022-12-27 14:10:00+05:30,2022-12-27 14:15:00+05:30,2022-12-27 15:00:00+05:30,68.25,67.84821428571429,68.97321428571428,0.25,EOD+
S1436,ASHOKLEY,2022-12-28 09:15:00+05:30,,,0,,1.882,0.0,-0.0244,0,2.0758,1.0,1,0,1,0,1,2,2022-12-28 09:20:00+05:30,2022-12-28 09:25:00+05:30,2022-12-28 10:00:00+05:30,68.6,68.05535714285715,69.58035714285712,0.9804,W
S1437,ASHOKLEY,2022-12-28 10:20:00+05:30,0.2211,0.352,11,4.0,0.216,0.0,1.7586,0,0.7901,,0,0,0,1,0,1,2022-12-28 10:20:00+05:30,2022-12-28 10:25:00+05:30,2022-12-28 15:00:00+05:30,69.05,68.21071428571427,70.56071428571428,0.45,EOD+
S1438,ASHOKLEY,2022-12-28 11:05:00+05:30,0.3101,0.3142,7,2.0,0.2204,0.0,1.3529,0,0.6006,,0,0,1,1,0,1,2022-12-28 11:05:00+05:30,2022-12-28 11:10:00+05:30,2022-12-28 15:00:00+05:30,69.4,68.91785714285714,70.26785714285715,0.1,EOD+
S1439,ASHOKLEY,2022-12-28 11:15:00+05:30,0.1802,0.3426,0,,0.35,50.0,-0.0476,0,0.509,,0,0,1,1,0,1,2022-12-28 11:15:00+05:30,2022-12-28 11:20:00+05:30,2022-12-28 15:00:00+05:30,69.35,68.97499999999998,70.025,0.15,EOD+
S1440,ASHOKLEY,2022-12-28 11:25:00+05:30,0.0288,0.2524,0,,0.315,0.0,0.1111,0,0.5741,,0,0,1,1,0,1,2022-12-28 11:25:00+05:30,2022-12-28 11:30:00+05:30,2022-12-28 14:00:00+05:30,69.35,68.99285714285713,69.99285714285716,0.6429,W
S1441,ASHOKLEY,2022-12-28 11:35:00+05:30,-0.0325,0.0937,0,,0.2121,100.0,-1.0,0,0.5364,0.0,1,0,1,0,1,2,2022-12-28 11:40:00+05:30,2022-12-28 11:45:00+05:30,2022-12-28 13:55:00+05:30,69.35,69.05535714285713,69.88035714285715,0.5304,W
S1442,ASHOKLEY,2022-12-28 12:20:00+05:30,0.0648,0.1045,6,2.0,1.2174,33.33,0.0,0,0.6888,1.0,2,0,1,0,2,3,2022-12-28 12:30:00+05:30,2022-12-28 12:35:00+05:30,2022-12-28 13:55:00+05:30,69.4,69.19464285714285,69.76964285714288,0.3696,W
S1443,ASHOKLEY,2022-12-28 12:40:00+05:30,-0.0072,0.0432,0,,0.4667,0.0,0.25,0,0.9091,,0,0,0,1,0,1,2022-12-28 12:40:00+05:30,2022-12-28 12:45:00+05:30,2022-12-28 13:55:00+05:30,69.4,69.18571428571428,69.7857142857143,0.3857,W
S1444,ASHOKLEY,2022-12-28 12:50:00+05:30,-0.0072,0.0036,1,1.0,1.0231,0.0,0.5789,0,0.848,,0,0,0,1,0,1,2022-12-28 12:50:00+05:30,2022-12-28 12:55:00+05:30,2022-12-28 13:55:00+05:30,69.45,69.21785714285714,69.86785714285716,0.4179,W
S1445,ASHOKLEY,2022-12-28 13:00:00+05:30,-0.0,-0.0108,0,,0.4407,0.0,0.1765,0,0.4502,,0,0,1,1,0,1,2022-12-28 13:00:00+05:30,2022-12-28 13:05:00+05:30,2022-12-28 13:55:00+05:30,69.4,69.15892857142858,69.83392857142859,0.4339,W
S1446,ASHOKLEY,2022-12-28 13:30:00+05:30,0.018,0.018,0,,0.9059,50.0,-0.0909,0,2.8781,1.0,3,0,0,0,3,4,2022-12-28 13:45:00+05:30,2022-12-28 13:50:00+05:30,2022-12-28 15:00:00+05:30,69.7,69.39642857142856,70.2464285714286,-0.2,EOD-
S1447,ASHOKLEY,2022-12-29 10:05:00+05:30,-0.2055,-0.2161,0,,1.0051,60.0,-0.8214,0,1.3169,1.0,3,0,0,0,3,4,2022-12-29 10:20:00+05:30,2022-12-29 10:25:00+05:30,2022-12-29 15:00:00+05:30,69.4,68.70357142857144,70.65357142857144,0.1,EOD+
S1448,ASHOKLEY,2022-12-29 10:55:00+05:30,-0.0036,-0.0469,5,5.0,0.2479,0.0,1.3529,0,0.4873,,0,0,1,1,0,1,2022-12-29 10:55:00+05:30,2022-12-29 11:00:00+05:30,2022-12-29 12:25:00+05:30,69.3,68.87142857142857,70.07142857142857,-0.4286,L
S1449,ASHOKLEY,2022-12-29 11:05:00+05:30,0.0289,-0.0397,0,,0.0457,0.0,5.6667,0,0.7844,,0,0,0,1,0,1,2022-12-29 11:05:00+05:30,2022-12-29 11:10:00+05:30,2022-12-29 12:25:00+05:30,69.3,68.88928571428572,70.03928571428571,-0.4107,L
S1450,ASHOKLEY,2022-12-29 12:30:00+05:30,-0.1266,-0.0759,0,,2.22,66.67,-1.0,0,0.6334,0.0,3,0,0,0,3,4,2022-12-29 12:45:00+05:30,2022-12-29 12:50:00+05:30,2022-12-29 15:00:00+05:30,69.15,68.83749999999999,69.71250000000002,0.35,EOD+
S1451,ASHOKLEY,2022-12-29 13:00:00+05:30,-0.0434,-0.1049,2,2.0,0.595,25.0,0.1765,0,1.0156,,0,0,1,1,0,1,2022-12-29 13:00:00+05:30,2022-12-29 13:05:00+05:30,2022-12-29 15:00:00+05:30,69.1,68.74285714285713,69.74285714285715,0.4,EOD+
S1452,ASHOKLEY,2022-12-29 13:35:00+05:30,-0.0036,0.0,6,6.0,0.2676,0.0,0.5385,0,0.7754,,0,0,1,1,0,1,2022-12-29 13:35:00+05:30,2022-12-29 13:40:00+05:30,2022-12-29 14:35:00+05:30,69.1,68.79642857142855,69.64642857142859,0.5464,W
S1453,ASHOKLEY,2022-12-29 14:05:00+05:30,0.0795,0.0217,5,4.0,0.4308,0.0,1.5,0,0.9751,,0,0,0,1,0,1,2022-12-29 14:05:00+05:30,2022-12-29 14:10:00+05:30,2022-12-29 14:35:00+05:30,69.2,68.96785714285713,69.61785714285716,0.4179,W
S1454,ASHOKLEY,2022-12-30 09:30:00+05:30,,,3,3.0,0.0614,83.33,3.0,0,0.8193,,0,0,1,1,0,1,2022-12-30 09:30:00+05:30,2022-12-30 09:35:00+05:30,2022-12-30 15:00:00+05:30,69.6,69.09107142857142,70.51607142857142,-0.5089,L
S1455,ASHOKLEY,2022-12-30 10:20:00+05:30,-0.0179,0.0,0,,0.7339,50.0,-0.6923,0,0.4162,1.0,3,0,1,0,3,4,2022-12-30 10:35:00+05:30,2022-12-30 10:40:00+05:30,2022-12-30 15:00:00+05:30,69.6,69.04642857142856,70.59642857142856,-0.5536,L
S1456,ASHOKLEY,2022-12-30 10:45:00+05:30,-0.0251,-0.0036,0,,0.3231,0.0,0.1111,0,0.4706,,0,1,1,1,0,1,2022-12-30 10:45:00+05:30,2022-12-30 10:50:00+05:30,2022-12-30 11:30:00+05:30,69.7,69.35178571428571,70.32678571428572,-0.3482,L
S1457,ASHOKLEY,2022-12-30 11:45:00+05:30,-0.0611,-0.0755,0,,1.9031,100.0,-1.0,0,2.8924,1.0,3,0,0,0,3,4,2022-12-30 12:00:00+05:30,2022-12-30 12:05:00+05:30,2022-12-30 15:00:00+05:30,69.5,69.21428571428571,70.01428571428572,-0.2857,L
S1458,ASHOKLEY,2022-12-30 13:00:00+05:30,0.0288,0.0108,10,3.0,0.77,60.0,-0.3939,0,1.3809,1.0,1,0,0,0,1,2,2022-12-30 13:05:00+05:30,2022-12-30 13:10:00+05:30,2022-12-30 13:55:00+05:30,69.6,69.33214285714284,70.08214285714287,-0.2679,L
S1459,ASHOKLEY,2022-12-30 13:15:00+05:30,0.0468,0.0288,1,1.0,0.0903,100.0,-1.0,0,0.8154,,0,0,0,1,0,1,2022-12-30 13:15:00+05:30,2022-12-30 13:20:00+05:30,2022-12-30 13:55:00+05:30,69.6,69.32321428571427,70.09821428571428,-0.2768,L
S1460,ASHOKLEY,2022-12-30 13:25:00+05:30,0.0683,0.036,0,,0.271,33.33,0.6667,0,0.7518,,0,0,0,1,0,1,2022-12-30 13:25:00+05:30,2022-12-30 13:30:00+05:30,2022-12-30 13:55:00+05:30,69.6,69.32321428571427,70.09821428571428,-0.2768,L
S1461,ASHOKLEY,2022-12-30 13:35:00+05:30,0.0827,0.0468,0,,0.0452,0.0,9.0,0,0.609,,0,0,0,1,0,1,2022-12-30 13:35:00+05:30,2022-12-30 13:40:00+05:30,2022-12-30 13:55:00+05:30,69.6,69.32321428571427,70.09821428571428,-0.2768,L
S1462,ASHOKLEY,2022-12-30 13:45:00+05:30,0.0683,0.0755,0,,0.5833,0.0,0.6,0,0.4386,,0,0,1,1,0,1,2022-12-30 13:45:00+05:30,2022-12-30 13:50:00+05:30,2022-12-30 13:55:00+05:30,69.6,69.33214285714286,70.08214285714286,-0.2679,L
