signal_id,stock,datetime,p01,p02,p03,p04,p05,p06,p07,p07_na,p08,p09,p10,p11,p12,same_candle_tb,bounce_bar_index,entry_bar_index,bounce_datetime,entry_datetime,exit_datetime,entry_price,sl,target,pnl,outcome
S001,AXISBANK,2022-01-03 12:00:00+05:30,0.164,0.226,33,4.0,0.2036,11.54,1.6531,0,0.6254,,0,0,0,1,0,1,2022-01-03 12:00:00+05:30,2022-01-03 12:05:00+05:30,2022-01-03 13:20:00+05:30,691.15,688.1410714285714,696.5660714285714,5.4161,W
S002,AXISBANK,2022-01-03 13:35:00+05:30,0.135,0.1247,18,3.0,0.6505,77.08,-0.2715,0,0.8884,0.0,1,1,0,0,1,2,2022-01-03 13:40:00+05:30,2022-01-03 13:45:00+05:30,2022-01-03 15:00:00+05:30,695.0,692.0982142857142,700.2232142857143,0.7,EOD+
S003,AXISBANK,2022-01-03 14:05:00+05:30,0.064,0.1238,0,,1.1449,80.77,-0.8374,0,0.6155,0.0,3,0,1,0,3,4,2022-01-03 14:20:00+05:30,2022-01-03 14:25:00+05:30,2022-01-03 15:00:00+05:30,695.85,692.4928571428571,701.8928571428572,-0.15,EOD-
S004,AXISBANK,2022-01-03 14:30:00+05:30,0.0557,0.0331,1,1.0,0.0502,8.57,18.3333,0,0.9015,,0,1,1,1,0,1,2022-01-03 14:30:00+05:30,2022-01-03 14:35:00+05:30,2022-01-03 15:00:00+05:30,696.9,693.1678571428571,703.6178571428571,-1.2,EOD-
S005,AXISBANK,2022-01-04 10:45:00+05:30,0.416,0.4474,18,5.0,0.6237,83.67,-0.8817,0,0.463,0.0,3,1,0,0,3,4,2022-01-04 11:00:00+05:30,2022-01-04 11:05:00+05:30,2022-01-04 13:45:00+05:30,707.1,702.0196428571428,716.2446428571429,-5.0804,L
S006,AXISBANK,2022-01-04 11:45:00+05:30,-0.0325,-0.0166,0,,0.4354,12.5,-0.1698,0,0.9315,1.0,3,0,1,0,3,4,2022-01-04 12:00:00+05:30,2022-01-04 12:05:00+05:30,2022-01-04 12:30:00+05:30,707.15,703.3464285714285,713.9964285714286,-3.8036,L
S007,AXISBANK,2022-01-04 12:10:00+05:30,-0.0651,-0.0265,1,1.0,0.4082,35.29,0.3575,0,0.6794,,0,0,1,1,0,1,2022-01-04 12:10:00+05:30,2022-01-04 12:15:00+05:30,2022-01-04 12:30:00+05:30,706.5,703.1160714285714,712.5910714285715,-3.3839,L
S008,AXISBANK,2022-01-04 12:40:00+05:30,-0.0691,-0.0829,0,,1.1286,48.0,-0.8418,0,2.0239,1.0,3,0,0,0,3,4,2022-01-04 12:55:00+05:30,2022-01-04 13:00:00+05:30,2022-01-04 13:45:00+05:30,705.9,702.4,712.1999999999999,-3.5,L
S009,AXISBANK,2022-01-04 13:05:00+05:30,-0.0043,-0.0581,0,,0.1624,7.69,0.8,0,0.622,,0,0,1,1,0,1,2022-01-04 13:05:00+05:30,2022-01-04 13:10:00+05:30,2022-01-04 13:45:00+05:30,705.9,702.0517857142856,712.8267857142857,-3.8482,L
S010,AXISBANK,2022-01-04 13:45:00+05:30,-0.0933,-0.0521,0,,1.9686,16.22,-0.5777,0,1.0527,0.0,3,0,0,0,3,4,2022-01-04 14:00:00+05:30,2022-01-04 14:05:00+05:30,2022-01-04 15:00:00+05:30,706.2,702.4410714285715,712.9660714285715,2.3,EOD+
S011,AXISBANK,2022-01-05 13:45:00+05:30,0.0717,0.0714,54,7.0,0.8282,62.16,-0.9492,0,0.7374,0.0,2,0,1,0,2,3,2022-01-05 13:55:00+05:30,2022-01-05 14:00:00+05:30,2022-01-05 15:00:00+05:30,725.95,722.9767857142857,731.3017857142858,-1.35,EOD-
S012,AXISBANK,2022-01-05 14:05:00+05:30,0.0489,0.0682,0,,0.9141,67.86,-0.7963,0,0.9938,1.0,2,0,1,0,2,3,2022-01-05 14:15:00+05:30,2022-01-05 14:20:00+05:30,2022-01-05 15:00:00+05:30,726.4,723.0428571428571,732.4428571428571,-1.8,EOD-
S013,AXISBANK,2022-01-06 11:00:00+05:30,-0.1371,-0.1769,0,,0.953,15.38,-0.6008,0,0.7925,1.0,3,0,1,0,3,4,2022-01-06 11:15:00+05:30,2022-01-06 11:20:00+05:30,2022-01-06 14:20:00+05:30,723.4,720.1142857142858,729.3142857142856,5.9143,W
S014,AXISBANK,2022-01-06 12:00:00+05:30,0.0311,0.0367,8,6.0,0.4771,72.41,-0.4975,0,1.9055,1.0,1,0,0,0,1,2,2022-01-06 12:05:00+05:30,2022-01-06 12:10:00+05:30,2022-01-06 13:30:00+05:30,723.05,720.4428571428571,727.7428571428571,4.6929,W
S015,AXISBANK,2022-01-06 12:15:00+05:30,0.0329,0.0311,1,1.0,0.4719,26.09,0.5166,0,0.5842,,0,0,1,1,0,1,2022-01-06 12:15:00+05:30,2022-01-06 12:20:00+05:30,2022-01-06 13:35:00+05:30,722.9,720.1053571428571,727.9303571428571,5.0304,W
S016,AXISBANK,2022-01-06 12:25:00+05:30,0.0401,0.0387,0,,0.4875,0.0,-0.2821,0,1.2888,1.0,1,1,0,0,1,2,2022-01-06 12:30:00+05:30,2022-01-06 12:35:00+05:30,2022-01-06 13:40:00+05:30,724.1,721.6,728.6,4.5,W
S017,AXISBANK,2022-01-06 14:05:00+05:30,0.1497,0.1661,18,5.0,0.0303,18.18,17.8235,0,0.6889,,0,0,1,1,0,1,2022-01-06 14:05:00+05:30,2022-01-06 14:10:00+05:30,2022-01-06 15:00:00+05:30,727.2,723.6910714285715,733.5160714285714,3.8,EOD+
S018,AXISBANK,2022-01-07 09:15:00+05:30,,,0,,0.0983,49.37,9.9589,0,2.48,,0,1,0,1,0,1,2022-01-07 09:15:00+05:30,2022-01-07 09:20:00+05:30,2022-01-07 09:30:00+05:30,732.1,727.4571428571429,740.4571428571429,8.3571,W
S019,AXISBANK,2022-01-07 13:05:00+05:30,-0.1732,-0.2154,0,,1.1294,28.26,-0.7975,0,0.5099,0.0,3,0,0,0,3,4,2022-01-07 13:20:00+05:30,2022-01-07 13:25:00+05:30,2022-01-07 15:00:00+05:30,729.8,724.8803571428571,738.6553571428572,-0.55,EOD-
S020,AXISBANK,2022-01-07 13:30:00+05:30,-0.0977,-0.1672,0,,0.0352,8.33,13.1667,0,0.668,,0,1,0,1,0,1,2022-01-07 13:30:00+05:30,2022-01-07 13:35:00+05:30,2022-01-07 15:00:00+05:30,730.5,726.2410714285714,738.1660714285714,-1.25,EOD-
S021,AXISBANK,2022-01-07 13:55:00+05:30,0.0017,-0.0408,4,4.0,0.3203,31.91,2.1746,0,1.0256,,0,0,0,1,0,1,2022-01-07 13:55:00+05:30,2022-01-07 14:00:00+05:30,2022-01-07 15:00:00+05:30,731.4,727.7125,738.0375,-2.15,EOD-
S022,AXISBANK,2022-01-07 14:05:00+05:30,0.0106,-0.0093,0,,0.6699,54.35,-0.2908,0,0.8316,0.0,2,1,1,0,2,3,2022-01-07 14:15:00+05:30,2022-01-07 14:20:00+05:30,2022-01-07 15:00:00+05:30,730.3,726.3535714285713,737.4035714285715,-1.05,EOD-
S023,AXISBANK,2022-01-07 14:30:00+05:30,0.0678,0.026,1,1.0,0.4007,21.88,0.6598,0,0.8591,,0,0,1,1,0,1,2022-01-07 14:30:00+05:30,2022-01-07 14:35:00+05:30,2022-01-07 15:00:00+05:30,730.45,726.6910714285714,737.2160714285716,-1.2,EOD-
S024,AXISBANK,2022-01-10 11:05:00+05:30,0.2144,0.3325,22,11.0,0.1638,39.39,1.3009,0,0.4859,,0,0,0,1,0,1,2022-01-10 11:05:00+05:30,2022-01-10 11:10:00+05:30,2022-01-10 15:00:00+05:30,741.2,736.8875,748.9625,1.2,EOD+
S025,AXISBANK,2022-01-10 11:55:00+05:30,-0.08,-0.0118,0,,2.1141,27.59,-0.6004,0,0.5607,0.0,3,0,1,0,3,4,2022-01-10 12:10:00+05:30,2022-01-10 12:15:00+05:30,2022-01-10 15:00:00+05:30,740.05,736.9428571428571,745.6428571428571,2.35,EOD+
S026,AXISBANK,2022-01-10 12:25:00+05:30,-0.0257,-0.0632,1,1.0,0.3717,33.33,0.5205,0,0.5291,,0,1,0,1,0,1,2022-01-10 12:25:00+05:30,2022-01-10 12:30:00+05:30,2022-01-10 15:00:00+05:30,740.3,737.425,745.475,2.1,EOD+
S027,AXISBANK,2022-01-10 12:40:00+05:30,-0.003,-0.0257,1,1.0,0.2292,21.43,0.5054,0,0.3432,,0,0,1,1,0,1,2022-01-10 12:40:00+05:30,2022-01-10 12:45:00+05:30,2022-01-10 15:00:00+05:30,739.8,737.2642857142856,744.3642857142856,2.6,EOD+
S028,AXISBANK,2022-01-10 12:50:00+05:30,-0.0257,-0.0037,0,,0.5172,50.0,-0.3488,0,0.4709,,0,0,1,1,0,1,2022-01-10 12:50:00+05:30,2022-01-10 12:55:00+05:30,2022-01-10 15:00:00+05:30,739.9,737.3017857142856,744.5767857142857,2.5,EOD+
S029,AXISBANK,2022-01-10 13:20:00+05:30,-0.0375,-0.0581,0,,1.1772,68.42,-0.8765,0,1.1543,1.0,3,1,0,0,3,4,2022-01-10 13:35:00+05:30,2022-01-10 13:40:00+05:30,2022-01-10 15:00:00+05:30,740.15,737.5696428571428,744.7946428571429,2.25,EOD+
S030,AXISBANK,2022-01-10 13:45:00+05:30,0.0091,-0.0108,1,1.0,0.0272,44.44,5.1538,0,1.5107,,0,1,0,1,0,1,2022-01-10 13:45:00+05:30,2022-01-10 13:50:00+05:30,2022-01-10 15:00:00+05:30,739.75,736.7589285714286,745.1339285714287,2.65,EOD+
S031,AXISBANK,2022-01-10 13:55:00+05:30,0.0007,0.0071,0,,0.3898,25.0,-0.267,0,1.0818,,0,1,1,1,0,1,2022-01-10 13:55:00+05:30,2022-01-10 14:00:00+05:30,2022-01-10 15:00:00+05:30,739.65,736.5875,745.1625,2.75,EOD+
S032,AXISBANK,2022-01-10 14:05:00+05:30,-0.0108,0.0068,1,1.0,0.1155,85.0,0.5625,0,1.2026,,0,0,1,1,0,1,2022-01-10 14:05:00+05:30,2022-01-10 14:10:00+05:30,2022-01-10 15:00:00+05:30,739.55,736.0857142857142,745.7857142857142,2.85,EOD+
S033,AXISBANK,2022-01-11 09:15:00+05:30,,,0,,1.3657,36.04,-0.3836,0,1.34,0.0,1,0,0,0,1,2,2022-01-11 09:20:00+05:30,2022-01-11 09:25:00+05:30,2022-01-11 09:40:00+05:30,742.4,738.3910714285714,749.6160714285714,-4.0089,L
S034,AXISBANK,2022-01-11 10:15:00+05:30,-0.0948,-0.0425,0,,1.7154,40.91,-0.6797,0,0.3404,0.0,3,0,0,0,3,4,2022-01-11 10:30:00+05:30,2022-01-11 10:35:00+05:30,2022-01-11 15:00:00+05:30,741.7,736.0125,751.9375,-0.4,EOD-
S035,AXISBANK,2022-01-11 10:55:00+05:30,-0.025,-0.0425,4,3.0,0.0976,65.0,1.4561,0,0.5459,,0,0,1,1,0,1,2022-01-11 10:55:00+05:30,2022-01-11 11:00:00+05:30,2022-01-11 15:00:00+05:30,741.55,737.8982142857142,748.1232142857143,-0.25,EOD-
S036,AXISBANK,2022-01-11 12:25:00+05:30,0.0773,0.145,17,7.0,0.3136,13.64,1.6087,0,0.6701,,0,1,0,1,0,1,2022-01-11 12:25:00+05:30,2022-01-11 12:30:00+05:30,2022-01-11 14:40:00+05:30,744.1,741.35,749.0500000000001,-2.75,L
S037,AXISBANK,2022-01-11 12:35:00+05:30,0.0776,0.0928,0,,0.0192,40.0,9.0,0,1.1622,,0,0,1,1,0,1,2022-01-11 12:35:00+05:30,2022-01-11 12:40:00+05:30,2022-01-11 14:40:00+05:30,744.25,741.6428571428571,748.9428571428572,-2.6071,L
S038,AXISBANK,2022-01-11 13:35:00+05:30,0.05,0.0715,10,4.0,1.12,23.53,0.1694,0,5.3156,,0,0,0,1,0,1,2022-01-11 13:35:00+05:30,2022-01-11 13:40:00+05:30,2022-01-11 14:40:00+05:30,745.1,742.3321428571429,750.0821428571429,-2.7679,L
S039,AXISBANK,2022-01-11 13:50:00+05:30,0.0007,0.05,0,,1.5257,21.05,-0.9725,0,1.6808,1.0,3,0,0,0,3,4,2022-01-11 14:05:00+05:30,2022-01-11 14:10:00+05:30,2022-01-11 14:40:00+05:30,745.5,742.5178571428571,750.8678571428571,-2.9821,L
S040,AXISBANK,2022-01-12 09:40:00+05:30,0.0501,,5,5.0,0.0631,67.11,5.5517,0,1.8081,,0,1,0,1,0,1,2022-01-12 09:40:00+05:30,2022-01-12 09:45:00+05:30,2022-01-12 15:00:00+05:30,747.75,742.0089285714286,758.0839285714286,-2.8,EOD-
S041,AXISBANK,2022-01-12 11:00:00+05:30,0.1466,0.2425,15,7.0,0.2376,29.41,0.4414,0,0.4044,,0,0,1,1,0,1,2022-01-12 11:00:00+05:30,2022-01-12 11:05:00+05:30,2022-01-12 11:20:00+05:30,748.9,745.9803571428571,754.1553571428572,-2.9196,L
S042,AXISBANK,2022-01-12 12:10:00+05:30,-0.0989,-0.0778,0,,0.7698,26.32,-0.9396,0,0.4024,0.0,3,0,1,0,3,4,2022-01-12 12:25:00+05:30,2022-01-12 12:30:00+05:30,2022-01-12 13:55:00+05:30,747.4,744.7125,752.2375,-2.6875,L
S043,AXISBANK,2022-01-13 11:25:00+05:30,-0.128,-0.1232,0,,0.7086,54.55,-0.939,0,0.4271,1.0,3,0,1,0,3,4,2022-01-13 11:40:00+05:30,2022-01-13 11:45:00+05:30,2022-01-13 13:25:00+05:30,740.15,737.2571428571429,745.3571428571428,-2.8929,L
S044,AXISBANK,2022-01-13 12:10:00+05:30,0.0378,-0.0081,4,3.0,0.0593,5.13,14.2381,0,2.9441,,0,0,0,1,0,1,2022-01-13 12:10:00+05:30,2022-01-13 12:15:00+05:30,2022-01-13 12:35:00+05:30,741.0,738.7857142857143,744.9857142857143,-2.2143,L
S045,AXISBANK,2022-01-13 12:25:00+05:30,0.0334,0.0378,0,,0.8094,50.0,-0.9324,0,1.7958,1.0,3,0,0,0,3,4,2022-01-13 12:40:00+05:30,2022-01-13 12:45:00+05:30,2022-01-13 13:05:00+05:30,740.55,738.2642857142857,744.6642857142856,-2.2857,L
S046,AXISBANK,2022-01-13 13:15:00+05:30,-0.0318,-0.0206,0,,1.6087,0.0,-0.5676,0,1.5808,0.0,3,0,0,0,3,4,2022-01-13 13:30:00+05:30,2022-01-13 13:35:00+05:30,2022-01-13 15:00:00+05:30,739.95,737.075,745.125,-1.15,EOD-
S047,AXISBANK,2022-01-13 14:20:00+05:30,0.0669,0.0473,9,4.0,0.0618,7.69,11.7273,0,0.6464,,0,0,0,1,0,1,2022-01-13 14:20:00+05:30,2022-01-13 14:25:00+05:30,2022-01-13 15:00:00+05:30,741.05,737.7107142857142,747.0607142857143,-2.25,EOD-
S048,AXISBANK,2022-01-14 11:25:00+05:30,-0.2278,-0.3813,0,,1.9497,23.53,-0.8458,0,1.9636,1.0,3,1,0,0,3,4,2022-01-14 11:40:00+05:30,2022-01-14 11:45:00+05:30,2022-01-14 15:00:00+05:30,719.4,716.4892857142856,724.6392857142857,1.1,EOD+
S049,AXISBANK,2022-01-14 12:55:00+05:30,0.1007,0.1289,14,4.0,0.0377,31.58,11.7273,0,0.9559,,0,0,0,1,0,1,2022-01-14 12:55:00+05:30,2022-01-14 13:00:00+05:30,2022-01-14 15:00:00+05:30,720.45,718.6285714285715,723.7285714285715,0.05,EOD+
S050,AXISBANK,2022-01-14 13:30:00+05:30,0.0652,0.1228,0,,0.8802,16.67,-0.5238,0,1.2233,0.0,3,0,1,0,3,4,2022-01-14 13:45:00+05:30,2022-01-14 13:50:00+05:30,2022-01-14 15:00:00+05:30,721.1,719.6089285714286,723.7839285714286,-0.6,EOD-
S051,AXISBANK,2022-01-14 13:55:00+05:30,0.001,0.009,0,,0.0565,60.0,-1.0,0,1.1108,1.0,1,0,0,0,1,2,2022-01-14 14:00:00+05:30,2022-01-14 14:05:00+05:30,2022-01-14 15:00:00+05:30,721.1,719.6625,723.6875000000001,-0.6,EOD-
S052,AXISBANK,2022-01-17 11:00:00+05:30,-0.2414,-0.2911,0,,0.5838,18.18,-0.9005,0,0.1655,0.0,3,0,0,0,3,4,2022-01-17 11:15:00+05:30,2022-01-17 11:20:00+05:30,2022-01-17 11:45:00+05:30,713.45,711.2982142857143,717.3232142857145,-2.1518,L
S053,AXISBANK,2022-01-17 11:25:00+05:30,-0.0442,-0.1437,0,,1.0868,42.11,-0.5932,0,0.7247,1.0,2,0,0,0,2,3,2022-01-17 11:35:00+05:30,2022-01-17 11:40:00+05:30,2022-01-17 11:45:00+05:30,713.5,711.8035714285713,716.5535714285716,-1.6964,L
S054,AXISBANK,2022-01-17 11:45:00+05:30,-0.0112,-0.0336,0,,2.727,9.37,-0.3527,0,1.4046,0.0,2,0,0,0,2,3,2022-01-17 11:55:00+05:30,2022-01-17 12:00:00+05:30,2022-01-17 12:05:00+05:30,713.35,711.2964285714286,717.0464285714287,-2.0536,L
S055,AXISBANK,2022-01-17 13:05:00+05:30,-0.0874,-0.0635,0,,1.4517,53.33,-0.8382,0,0.2562,0.0,3,0,1,0,3,4,2022-01-17 13:20:00+05:30,2022-01-17 13:25:00+05:30,2022-01-17 15:00:00+05:30,711.65,708.9892857142856,716.4392857142857,0.15,EOD+
S056,AXISBANK,2022-01-17 13:40:00+05:30,-0.0165,-0.045,2,1.0,1.104,67.44,-0.4468,0,0.1401,0.0,2,1,0,0,2,3,2022-01-17 13:50:00+05:30,2022-01-17 13:55:00+05:30,2022-01-17 15:00:00+05:30,711.8,709.1392857142856,716.5892857142857,0.0,EOD-
S057,AXISBANK,2022-01-17 14:10:00+05:30,0.0316,-0.0112,3,1.0,0.0667,54.55,5.6667,0,0.6766,,0,0,0,1,0,1,2022-01-17 14:10:00+05:30,2022-01-17 14:15:00+05:30,2022-01-17 15:00:00+05:30,712.15,709.3375,717.2125,-0.35,EOD-
S058,AXISBANK,2022-01-18 12:00:00+05:30,0.0469,0.0569,33,13.0,0.0067,88.89,5.6667,0,0.148,,0,1,0,1,0,1,2022-01-18 12:00:00+05:30,2022-01-18 12:05:00+05:30,2022-01-18 13:00:00+05:30,725.7,722.8875,730.7625000000002,5.0625,W
S059,AXISBANK,2022-01-18 12:10:00+05:30,0.071,0.061,0,,0.1478,86.67,-0.2982,0,0.1773,0.0,2,1,0,0,2,3,2022-01-18 12:20:00+05:30,2022-01-18 12:25:00+05:30,2022-01-18 13:00:00+05:30,726.3,723.8892857142856,730.6392857142857,4.3393,W
S060,AXISBANK,2022-01-18 12:30:00+05:30,0.0592,0.0854,0,,0.2996,0.0,-0.5918,0,2.5013,1.0,2,1,0,0,2,3,2022-01-18 12:40:00+05:30,2022-01-18 12:45:00+05:30,2022-01-18 13:05:00+05:30,728.0,725.9553571428571,731.6803571428571,3.6804,W
S061,AXISBANK,2022-01-18 14:00:00+05:30,0.2121,0.2367,15,8.0,0.0349,36.36,4.9259,0,0.6127,,0,0,0,1,0,1,2022-01-18 14:00:00+05:30,2022-01-18 14:05:00+05:30,2022-01-18 14:50:00+05:30,731.1,726.2607142857144,739.8107142857143,-4.8393,L
S062,AXISBANK,2022-01-18 14:20:00+05:30,0.2182,0.2127,2,2.0,0.2657,77.78,0.1538,0,0.5035,,0,0,0,1,0,1,2022-01-18 14:20:00+05:30,2022-01-18 14:25:00+05:30,2022-01-18 14:50:00+05:30,732.25,727.3571428571429,741.0571428571429,-4.8929,L
S063,AXISBANK,2022-01-19 09:40:00+05:30,-0.225,,0,,1.2197,12.0,-0.8254,0,0.6422,1.0,3,0,0,0,3,4,2022-01-19 09:55:00+05:30,2022-01-19 10:00:00+05:30,2022-01-19 12:30:00+05:30,730.25,721.4464285714286,746.0964285714286,-8.8036,L
S064,AXISBANK,2022-01-19 10:30:00+05:30,0.0749,-0.0144,6,3.0,0.5351,77.19,-0.6512,0,0.699,0.0,1,0,0,0,1,2,2022-01-19 10:35:00+05:30,2022-01-19 10:40:00+05:30,2022-01-19 12:30:00+05:30,727.5,721.4732142857142,738.3482142857144,-6.0268,L
S065,AXISBANK,2022-01-19 11:45:00+05:30,-0.1229,-0.0402,0,,2.0119,17.65,-0.4876,0,0.3926,0.0,3,0,1,0,3,4,2022-01-19 12:00:00+05:30,2022-01-19 12:05:00+05:30,2022-01-19 12:30:00+05:30,725.9,722.1410714285714,732.6660714285714,-3.7589,L
S066,AXISBANK,2022-01-19 12:10:00+05:30,-0.1265,-0.1654,0,,0.6798,62.5,-0.9007,0,0.3664,0.0,2,0,1,0,2,3,2022-01-19 12:20:00+05:30,2022-01-19 12:25:00+05:30,2022-01-19 12:30:00+05:30,725.2,721.4946428571429,731.8696428571429,-3.7054,L
S067,AXISBANK,2022-01-19 12:55:00+05:30,-0.0981,-0.0707,0,,1.7266,9.68,-0.903,0,0.5988,0.0,3,0,1,0,3,4,2022-01-19 13:10:00+05:30,2022-01-19 13:15:00+05:30,2022-01-19 14:40:00+05:30,724.3,720.5678571428571,731.0178571428571,6.7179,W
S068,AXISBANK,2022-01-19 13:45:00+05:30,-0.0138,-0.0031,5,5.0,0.1438,57.89,2.3735,0,0.9716,,0,1,0,1,0,1,2022-01-19 13:45:00+05:30,2022-01-19 13:50:00+05:30,2022-01-19 14:40:00+05:30,724.3,720.6928571428571,730.7928571428572,6.4929,W
S069,AXISBANK,2022-01-20 11:50:00+05:30,-0.1397,-0.2208,0,,1.7176,7.14,-0.854,0,1.2799,1.0,3,0,1,0,3,4,2022-01-20 12:05:00+05:30,2022-01-20 12:10:00+05:30,2022-01-20 13:30:00+05:30,726.9,723.9089285714286,732.2839285714284,-2.9911,L
S070,AXISBANK,2022-01-20 13:00:00+05:30,0.0279,0.0189,9,3.0,0.4121,54.55,0.2785,0,0.6979,,0,0,0,1,0,1,2022-01-20 13:00:00+05:30,2022-01-20 13:05:00+05:30,2022-01-20 13:30:00+05:30,726.2,722.8785714285715,732.1785714285714,-3.3214,L
S071,AXISBANK,2022-01-20 14:05:00+05:30,-0.0778,-0.0554,0,,0.9888,10.71,-0.703,0,0.9137,0.0,3,1,1,0,3,4,2022-01-20 14:20:00+05:30,2022-01-20 14:25:00+05:30,2022-01-20 15:00:00+05:30,726.2,722.3696428571429,733.0946428571428,1.25,EOD+
S072,AXISBANK,2022-01-21 11:05:00+05:30,-0.3446,-0.6714,0,,0.6826,43.48,-0.9217,0,1.602,1.0,3,1,0,0,3,4,2022-01-21 11:20:00+05:30,2022-01-21 11:25:00+05:30,2022-01-21 11:35:00+05:30,713.45,708.7714285714286,721.8714285714285,-4.6786,L
S073,AXISBANK,2022-01-21 11:40:00+05:30,-0.1996,-0.1362,0,,1.7326,59.18,-1.0,0,1.6087,0.0,3,0,0,0,3,4,2022-01-21 11:55:00+05:30,2022-01-21 12:00:00+05:30,2022-01-21 15:00:00+05:30,711.7,707.5660714285715,719.1410714285714,-3.15,EOD-
S074,AXISBANK,2022-01-21 13:50:00+05:30,0.1506,0.2108,22,8.0,0.1238,11.76,1.8205,0,0.6606,,0,0,1,1,0,1,2022-01-21 13:50:00+05:30,2022-01-21 13:55:00+05:30,2022-01-21 14:20:00+05:30,716.0,712.0625,723.0875,-3.9375,L
S075,AXISBANK,2022-01-24 09:45:00+05:30,-0.3363,,0,,1.2457,58.0,-0.8617,0,0.4873,0.0,3,0,0,0,3,4,2022-01-24 10:00:00+05:30,2022-01-24 10:05:00+05:30,2022-01-24 11:45:00+05:30,710.35,702.3678571428571,724.7178571428573,-7.9821,L
S076,AXISBANK,2022-01-24 10:25:00+05:30,-0.0815,-0.0839,0,,1.1728,81.97,-0.937,0,0.2058,0.0,3,0,1,0,3,4,2022-01-24 10:40:00+05:30,2022-01-24 10:45:00+05:30,2022-01-24 11:55:00+05:30,708.8,702.0321428571427,720.9821428571429,-6.7679,L
S077,AXISBANK,2022-01-24 10:50:00+05:30,-0.1827,-0.1366,0,,0.57,18.97,0.8324,0,0.5921,,0,0,1,1,0,1,2022-01-24 10:50:00+05:30,2022-01-24 10:55:00+05:30,2022-01-24 11:10:00+05:30,709.25,703.625,719.375,-5.625,L
S078,AXISBANK,2022-01-24 11:00:00+05:30,-0.1205,-0.1886,0,,0.5638,68.75,-0.802,0,0.3214,,0,0,0,1,0,1,2022-01-24 11:00:00+05:30,2022-01-24 11:05:00+05:30,2022-01-24 11:45:00+05:30,708.15,702.5517857142856,718.2267857142857,-5.5982,L
S079,AXISBANK,2022-01-24 12:45:00+05:30,-0.2182,-0.2179,0,,1.5728,23.81,-0.9287,0,0.8766,1.0,3,0,0,0,3,4,2022-01-24 13:00:00+05:30,2022-01-24 13:05:00+05:30,2022-01-24 13:30:00+05:30,703.0,697.4285714285714,713.0285714285714,-5.5714,L
S080,AXISBANK,2022-01-24 13:10:00+05:30,-0.1366,-0.176,0,,1.0665,78.72,-0.7613,0,0.5157,,0,0,1,1,0,1,2022-01-24 13:10:00+05:30,2022-01-24 13:15:00+05:30,2022-01-24 13:30:00+05:30,702.8,697.8892857142857,711.6392857142855,-4.9107,L
S081,AXISBANK,2022-01-24 14:05:00+05:30,-0.2162,-0.1841,0,,3.2476,68.35,-0.9296,0,1.2947,0.0,3,0,1,0,3,4,2022-01-24 14:20:00+05:30,2022-01-24 14:25:00+05:30,2022-01-24 14:45:00+05:30,699.5,693.4821428571429,710.3321428571428,-6.0179,L
S082,AXISBANK,2022-01-24 14:30:00+05:30,-0.188,-0.3014,0,,0.6378,50.0,-0.3503,0,1.0761,,0,0,1,1,0,1,2022-01-24 14:30:00+05:30,2022-01-24 14:35:00+05:30,2022-01-24 15:00:00+05:30,699.5,691.0535714285714,714.7035714285714,-0.25,EOD-
S083,AXISBANK,2022-01-25 12:45:00+05:30,0.2782,0.2648,42,3.0,0.5757,15.56,0.0506,0,1.1879,,0,1,0,1,0,1,2022-01-25 12:45:00+05:30,2022-01-25 12:50:00+05:30,2022-01-25 15:00:00+05:30,745.1,739.5196428571429,755.1446428571429,6.9,EOD+
S084,AXISBANK,2022-01-25 13:00:00+05:30,0.1492,0.2782,1,1.0,1.1716,20.29,-0.2203,0,0.8617,0.0,3,1,1,0,3,4,2022-01-25 13:15:00+05:30,2022-01-25 13:20:00+05:30,2022-01-25 15:00:00+05:30,748.2,742.3160714285715,758.7910714285715,3.8,EOD+
S085,AXISBANK,2022-01-25 14:10:00+05:30,0.0558,0.111,10,6.0,0.0472,44.9,6.6923,0,0.6088,,0,0,1,1,0,1,2022-01-25 14:10:00+05:30,2022-01-25 14:15:00+05:30,2022-01-25 15:00:00+05:30,749.35,744.1803571428571,758.6553571428572,2.65,EOD+
S086,AXISBANK,2022-01-27 09:15:00+05:30,,,0,,3.9475,21.89,-0.5489,0,3.1231,0.0,1,0,0,0,1,2,2022-01-27 09:20:00+05:30,2022-01-27 09:25:00+05:30,2022-01-27 09:30:00+05:30,758.5,750.3571428571429,773.1571428571428,-8.1429,L
S087,AXISBANK,2022-01-27 09:30:00+05:30,,,1,1.0,1.0436,91.76,-0.8085,0,0.7325,0.0,3,1,0,0,3,4,2022-01-27 09:45:00+05:30,2022-01-27 09:50:00+05:30,2022-01-27 15:00:00+05:30,752.4,739.2660714285714,776.0410714285714,19.4,EOD+
S088,AXISBANK,2022-01-27 09:55:00+05:30,0.0442,0.1333,0,,0.1698,63.81,-1.0,0,1.0251,,0,0,0,1,0,1,2022-01-27 09:55:00+05:30,2022-01-27 10:00:00+05:30,2022-01-27 15:00:00+05:30,754.6,739.6535714285715,781.5035714285714,17.2,EOD+
S089,AXISBANK,2022-01-27 10:20:00+05:30,0.1185,0.0927,4,4.0,0.1754,19.05,1.2222,0,0.463,,0,1,0,1,0,1,2022-01-27 10:20:00+05:30,2022-01-27 10:25:00+05:30,2022-01-27 15:00:00+05:30,754.5,739.4285714285714,781.6285714285714,17.3,EOD+
S090,AXISBANK,2022-01-27 11:00:00+05:30,0.1765,0.1571,7,3.0,0.3971,11.94,1.3041,0,0.7814,,0,1,0,1,0,1,2022-01-27 11:00:00+05:30,2022-01-27 11:05:00+05:30,2022-01-27 13:45:00+05:30,757.0,750.1696428571429,769.2946428571429,12.2946,W
S091,AXISBANK,2022-01-27 11:35:00+05:30,0.2396,0.1936,6,5.0,0.3644,18.75,1.1114,0,0.7877,,0,0,0,1,0,1,2022-01-27 11:35:00+05:30,2022-01-27 11:40:00+05:30,2022-01-27 13:45:00+05:30,758.45,752.6017857142858,768.9767857142857,10.5268,W
S092,AXISBANK,2022-01-27 11:50:00+05:30,0.129,0.2396,2,1.0,0.1359,14.93,6.1429,0,0.96,,0,1,0,1,0,1,2022-01-27 11:50:00+05:30,2022-01-27 11:55:00+05:30,2022-01-27 14:35:00+05:30,760.2,753.7625,771.7875,11.5875,W
S093,AXISBANK,2022-01-27 12:00:00+05:30,0.1272,0.1574,1,1.0,0.0251,52.38,17.5185,0,0.8925,,0,1,1,1,0,1,2022-01-27 12:00:00+05:30,2022-01-27 12:05:00+05:30,2022-01-27 14:35:00+05:30,759.85,753.1178571428572,771.9678571428572,12.1179,W
S094,AXISBANK,2022-01-27 12:10:00+05:30,0.1351,0.1184,0,,0.3044,48.0,0.1728,0,0.9397,,0,0,1,1,0,1,2022-01-27 12:10:00+05:30,2022-01-27 12:15:00+05:30,2022-01-27 14:35:00+05:30,759.0,752.3482142857143,770.9732142857142,11.9732,W
S095,AXISBANK,2022-01-27 12:20:00+05:30,0.0672,0.1446,0,,1.4829,33.33,-0.757,0,1.0713,0.0,2,1,0,0,2,3,2022-01-27 12:30:00+05:30,2022-01-27 12:35:00+05:30,2022-01-27 14:35:00+05:30,759.6,752.6625,772.0875,12.4875,W
S096,AXISBANK,2022-01-27 12:40:00+05:30,0.0346,0.0392,0,,0.6956,54.35,-0.6474,0,0.7155,1.0,1,1,1,0,1,2,2022-01-27 12:45:00+05:30,2022-01-27 12:50:00+05:30,2022-01-27 14:50:00+05:30,759.95,752.8160714285715,772.7910714285714,12.8411,W
S097,AXISBANK,2022-01-28 10:15:00+05:30,0.3393,0.3843,12,3.0,0.2504,22.73,1.5073,0,0.5658,,0,0,0,1,0,1,2022-01-28 10:15:00+05:30,2022-01-28 10:20:00+05:30,2022-01-28 13:20:00+05:30,779.05,770.4875,794.4625,-8.5625,L
S098,AXISBANK,2022-01-28 10:35:00+05:30,0.2328,0.2971,3,1.0,0.4997,62.22,-0.7004,0,0.4793,1.0,1,0,0,0,1,2,2022-01-28 10:40:00+05:30,2022-01-28 10:45:00+05:30,2022-01-28 12:35:00+05:30,781.0,774.3214285714286,793.0214285714286,-6.6786,L
S099,AXISBANK,2022-01-28 10:50:00+05:30,0.1794,0.2328,1,1.0,0.0206,53.33,11.381,0,0.3441,,0,0,1,1,0,1,2022-01-28 10:50:00+05:30,2022-01-28 10:55:00+05:30,2022-01-28 12:35:00+05:30,781.7,775.3428571428572,793.1428571428571,-6.3571,L
S100,AXISBANK,2022-01-28 11:00:00+05:30,0.1627,0.2153,0,,0.1789,35.48,0.8519,0,0.3508,,0,0,1,1,0,1,2022-01-28 11:00:00+05:30,2022-01-28 11:05:00+05:30,2022-01-28 12:35:00+05:30,780.95,775.2892857142857,791.1392857142857,-5.6607,L
S101,AXISBANK,2022-01-28 11:35:00+05:30,-0.1,-0.0048,0,,1.7537,92.59,-0.9833,0,4.3955,1.0,3,0,0,0,3,4,2022-01-28 11:50:00+05:30,2022-01-28 11:55:00+05:30,2022-01-28 12:35:00+05:30,779.6,775.3232142857142,787.2982142857144,-4.2768,L
S102,AXISBANK,2022-01-28 12:00:00+05:30,-0.0311,-0.1228,0,,0.0984,58.7,3.127,0,0.6358,,0,0,0,1,0,1,2022-01-28 12:00:00+05:30,2022-01-28 12:05:00+05:30,2022-01-28 12:30:00+05:30,781.45,777.45,788.6500000000001,-4.0,L
S103,AXISBANK,2022-01-28 12:15:00+05:30,0.0382,-0.0311,2,2.0,0.0355,34.48,5.9565,0,2.3291,,0,0,0,1,0,1,2022-01-28 12:15:00+05:30,2022-01-28 12:20:00+05:30,2022-01-28 12:30:00+05:30,780.65,776.6053571428571,787.9303571428571,-4.0446,L
S104,AXISBANK,2022-01-31 09:15:00+05:30,,,0,,0.4944,29.44,2.5459,0,2.6951,,0,0,0,1,0,1,2022-01-31 09:15:00+05:30,2022-01-31 09:20:00+05:30,2022-01-31 15:00:00+05:30,772.4,762.4892857142856,790.2392857142858,1.75,EOD+
S105,AXISBANK,2022-01-31 10:00:00+05:30,0.1219,0.1298,8,3.0,0.265,88.33,-0.8333,0,0.3938,0.0,2,0,0,0,2,3,2022-01-31 10:10:00+05:30,2022-01-31 10:15:00+05:30,2022-01-31 15:00:00+05:30,769.05,760.5589285714285,784.3339285714286,5.1,EOD+
S106,AXISBANK,2022-01-31 10:20:00+05:30,0.0088,0.0608,0,,0.0181,60.98,4.2174,0,0.3049,,0,0,1,1,0,1,2022-01-31 10:20:00+05:30,2022-01-31 10:25:00+05:30,2022-01-31 15:00:00+05:30,770.4,762.4625,784.6875,3.75,EOD+
S107,AXISBANK,2022-01-31 10:55:00+05:30,-0.0471,0.0702,0,,1.8778,26.09,-0.9311,0,1.0474,1.0,3,0,1,0,3,4,2022-01-31 11:10:00+05:30,2022-01-31 11:15:00+05:30,2022-01-31 15:00:00+05:30,769.5,763.7053571428571,779.9303571428572,4.65,EOD+
S108,AXISBANK,2022-01-31 14:05:00+05:30,-0.0884,-0.0507,0,,1.6058,82.35,-0.9693,0,0.762,1.0,3,1,1,0,3,4,2022-01-31 14:20:00+05:30,2022-01-31 14:25:00+05:30,2022-01-31 15:00:00+05:30,774.75,769.6785714285714,783.8785714285714,-0.6,EOD-
S109,AXISBANK,2022-01-31 14:30:00+05:30,-0.0313,-0.0639,0,,0.0312,48.89,5.9231,0,1.3994,,0,1,0,1,0,1,2022-01-31 14:30:00+05:30,2022-01-31 14:35:00+05:30,2022-01-31 15:00:00+05:30,776.0,770.7946428571429,785.3696428571429,-1.85,EOD-
S110,AXISBANK,2022-02-01 09:15:00+05:30,,,0,,0.4342,39.78,3.4493,0,2.5862,,0,1,0,1,0,1,2022-02-01 09:15:00+05:30,2022-02-01 09:20:00+05:30,2022-02-01 11:00:00+05:30,781.9,775.3642857142856,793.6642857142857,11.7643,W
S111,AXISBANK,2022-02-01 10:55:00+05:30,0.5054,0.5394,19,8.0,0.072,33.33,5.8657,0,0.6299,,0,1,0,1,0,1,2022-02-01 10:55:00+05:30,2022-02-01 11:00:00+05:30,2022-02-01 11:25:00+05:30,791.9,786.0875,802.3625,-5.8125,L
S112,AXISBANK,2022-02-01 11:35:00+05:30,-0.0437,0.1331,0,,3.4162,5.81,-0.5547,0,0.71,0.0,3,1,1,0,3,4,2022-02-01 11:50:00+05:30,2022-02-01 11:55:00+05:30,2022-02-01 12:45:00+05:30,790.8,784.3089285714285,802.4839285714286,-6.4911,L
S113,AXISBANK,2022-02-01 12:05:00+05:30,0.0158,-0.0719,2,1.0,0.2869,34.85,1.0991,0,0.7975,,0,1,0,1,0,1,2022-02-01 12:05:00+05:30,2022-02-01 12:10:00+05:30,2022-02-01 12:55:00+05:30,791.0,783.5267857142857,804.4517857142858,-7.4732,L
S114,AXISBANK,2022-02-01 12:15:00+05:30,0.0098,-0.0025,1,1.0,0.5561,56.36,-0.6937,0,0.5937,0.0,2,1,1,0,2,3,2022-02-01 12:25:00+05:30,2022-02-01 12:30:00+05:30,2022-02-01 12:45:00+05:30,791.7,784.3607142857143,804.9107142857144,-7.3393,L
S115,AXISBANK,2022-02-01 13:50:00+05:30,-0.4348,-0.36,0,,0.7714,47.3,-0.7927,0,0.5012,0.0,3,0,0,0,3,4,2022-02-01 14:05:00+05:30,2022-02-01 14:10:00+05:30,2022-02-01 15:00:00+05:30,780.25,769.3035714285714,799.9535714285714,0.15,EOD+
S116,AXISBANK,2022-02-02 11:30:00+05:30,0.176,0.1999,27,13.0,0.1624,11.11,-0.2857,0,0.868,1.0,2,1,1,0,2,3,2022-02-02 11:40:00+05:30,2022-02-02 11:45:00+05:30,2022-02-02 15:00:00+05:30,801.65,798.4178571428571,807.4678571428572,2.6,EOD+
S117,AXISBANK,2022-02-02 13:00:00+05:30,0.0881,0.1037,15,11.0,0.1838,21.43,1.3404,0,0.6209,,0,0,1,1,0,1,2022-02-02 13:00:00+05:30,2022-02-02 13:05:00+05:30,2022-02-02 14:10:00+05:30,803.55,800.3535714285714,809.3035714285714,-3.1964,L
S118,AXISBANK,2022-02-02 13:10:00+05:30,0.0685,0.0906,0,,1.2906,7.69,-0.7458,0,2.1662,1.0,2,0,0,0,2,3,2022-02-02 13:20:00+05:30,2022-02-02 13:25:00+05:30,2022-02-02 14:05:00+05:30,804.15,800.7214285714285,810.3214285714286,-3.4286,L
S119,AXISBANK,2022-02-02 13:30:00+05:30,0.0504,0.0675,0,,0.6595,44.0,-0.7546,0,0.4299,0.0,1,1,1,0,1,2,2022-02-02 13:35:00+05:30,2022-02-02 13:40:00+05:30,2022-02-02 13:50:00+05:30,804.0,800.9107142857142,809.5607142857143,-3.0893,L
S120,AXISBANK,2022-02-02 13:55:00+05:30,-0.0236,0.0348,0,,1.508,29.63,-0.8272,0,1.6122,1.0,3,0,0,0,3,4,2022-02-02 14:10:00+05:30,2022-02-02 14:15:00+05:30,2022-02-02 15:00:00+05:30,803.75,800.3928571428571,809.7928571428571,0.5,EOD+
S121,AXISBANK,2022-02-02 14:20:00+05:30,-0.0482,-0.0635,0,,0.6172,0.0,-0.2405,0,1.1389,0.0,2,0,1,0,2,3,2022-02-02 14:30:00+05:30,2022-02-02 14:35:00+05:30,2022-02-02 15:00:00+05:30,803.95,799.95,811.1500000000001,0.3,EOD+
S122,AXISBANK,2022-02-03 09:40:00+05:30,-0.0299,,0,,1.4069,35.0,-0.941,0,0.6075,0.0,3,0,0,0,3,4,2022-02-03 09:55:00+05:30,2022-02-03 10:00:00+05:30,2022-02-03 13:05:00+05:30,803.3,798.7821428571428,811.4321428571428,8.1321,W
S123,AXISBANK,2022-02-03 10:05:00+05:30,-0.0445,-0.0408,0,,0.8088,33.33,-0.3272,0,0.4471,1.0,3,0,1,0,3,4,2022-02-03 10:20:00+05:30,2022-02-03 10:25:00+05:30,2022-02-03 15:00:00+05:30,803.45,798.3964285714286,812.5464285714287,-0.1,EOD-
S124,AXISBANK,2022-02-03 10:30:00+05:30,-0.0489,-0.062,0,,0.0263,100.0,-1.0,0,0.4887,,0,0,1,1,0,1,2022-02-03 10:30:00+05:30,2022-02-03 10:35:00+05:30,2022-02-03 15:00:00+05:30,804.65,800.6053571428571,811.9303571428571,-1.3,EOD-
S125,AXISBANK,2022-02-03 11:50:00+05:30,0.1603,0.1781,15,3.0,0.3039,29.63,1.1935,0,1.0251,,0,0,0,1,0,1,2022-02-03 11:50:00+05:30,2022-02-03 11:55:00+05:30,2022-02-03 14:55:00+05:30,806.8,803.6125,812.5374999999999,-3.1875,L
S126,AXISBANK,2022-02-03 12:00:00+05:30,0.1453,0.1721,0,,0.2532,33.33,0.3636,0,0.9766,,0,0,0,1,0,1,2022-02-03 12:00:00+05:30,2022-02-03 12:05:00+05:30,2022-02-03 14:55:00+05:30,806.95,803.6910714285715,812.8160714285715,-3.2589,L
S127,AXISBANK,2022-02-03 12:10:00+05:30,0.1267,0.1516,0,,0.6061,52.63,-0.5484,0,0.6253,0.0,3,1,1,0,3,4,2022-02-03 12:25:00+05:30,2022-02-03 12:30:00+05:30,2022-02-03 14:40:00+05:30,807.5,804.3035714285714,813.2535714285714,-3.1964,L
S128,AXISBANK,2022-02-03 13:15:00+05:30,0.0736,0.1015,8,2.0,0.1798,76.36,-0.1398,0,0.7847,0.0,1,0,0,0,1,2,2022-02-03 13:20:00+05:30,2022-02-03 13:25:00+05:30,2022-02-03 13:45:00+05:30,808.95,805.7178571428572,814.7678571428572,-3.2321,L
S129,AXISBANK,2022-02-03 13:30:00+05:30,0.0396,0.0736,0,,0.1735,23.81,0.3953,0,0.4292,,0,0,1,1,0,1,2022-02-03 13:30:00+05:30,2022-02-03 13:35:00+05:30,2022-02-03 13:45:00+05:30,808.95,805.8517857142858,814.5267857142857,-3.0982,L
S130,AXISBANK,2022-02-04 09:15:00+05:30,,,0,,4.6548,9.02,-0.6282,0,1.3681,0.0,3,0,0,0,3,4,2022-02-04 09:30:00+05:30,2022-02-04 09:35:00+05:30,2022-02-04 10:20:00+05:30,802.25,796.6160714285714,812.3910714285714,-5.6339,L
S131,AXISBANK,2022-02-04 09:40:00+05:30,-0.1263,,0,,0.1659,16.13,1.199,0,1.5862,,0,0,0,1,0,1,2022-02-04 09:40:00+05:30,2022-02-04 09:45:00+05:30,2022-02-04 10:40:00+05:30,802.5,795.3035714285714,815.4535714285714,-7.1964,L
S132,AXISBANK,2022-02-04 09:55:00+05:30,-0.0798,-0.1263,1,1.0,0.186,88.24,-0.5556,0,0.5081,0.0,1,0,1,0,1,2,2022-02-04 10:00:00+05:30,2022-02-04 10:05:00+05:30,2022-02-04 10:45:00+05:30,801.9,794.3375,815.5124999999999,-7.5625,L
S133,AXISBANK,2022-02-04 11:10:00+05:30,-0.0551,-0.0109,0,,0.847,61.7,-0.9426,0,0.3307,0.0,3,1,1,0,3,4,2022-02-04 11:25:00+05:30,2022-02-04 11:30:00+05:30,2022-02-04 12:10:00+05:30,798.65,793.5071428571429,807.9071428571427,-5.1429,L
S134,AXISBANK,2022-02-04 11:35:00+05:30,-0.1504,-0.1258,0,,0.6835,36.0,-0.3873,0,0.5692,,0,0,1,1,0,1,2022-02-04 11:35:00+05:30,2022-02-04 11:40:00+05:30,2022-02-04 12:10:00+05:30,797.8,793.6214285714286,805.3214285714284,-4.1786,L
S135,AXISBANK,2022-02-04 12:20:00+05:30,-0.0804,-0.0951,0,,3.6271,22.22,-0.6639,0,1.2125,0.0,3,0,0,0,3,4,2022-02-04 12:35:00+05:30,2022-02-04 12:40:00+05:30,2022-02-04 13:00:00+05:30,796.25,792.6607142857143,802.7107142857143,-3.5893,L
S136,AXISBANK,2022-02-04 13:00:00+05:30,-0.1254,-0.0496,0,,1.8617,19.05,-0.5866,0,1.7968,1.0,3,1,0,0,3,4,2022-02-04 13:15:00+05:30,2022-02-04 13:20:00+05:30,2022-02-04 15:00:00+05:30,795.6,791.3767857142857,803.2017857142858,2.0,EOD+
S137,AXISBANK,2022-02-07 09:15:00+05:30,,,0,,1.4705,21.74,0.783,0,3.4684,,0,0,0,1,0,1,2022-02-07 09:15:00+05:30,2022-02-07 09:20:00+05:30,2022-02-07 09:25:00+05:30,800.75,795.6964285714286,809.8464285714285,-5.0536,L
S138,AXISBANK,2022-02-07 09:25:00+05:30,,,0,,1.6333,0.0,0.0902,0,1.3614,,0,0,1,1,0,1,2022-02-07 09:25:00+05:30,2022-02-07 09:30:00+05:30,2022-02-07 11:40:00+05:30,798.7,792.5928571428572,809.6928571428572,-6.1071,L
S139,AXISBANK,2022-02-07 09:50:00+05:30,-0.1251,,0,,1.0463,53.57,-0.825,0,0.8392,1.0,3,0,0,0,3,4,2022-02-07 10:05:00+05:30,2022-02-07 10:10:00+05:30,2022-02-07 13:35:00+05:30,797.6,790.0910714285715,811.1160714285714,-7.5089,L
S140,AXISBANK,2022-02-08 09:25:00+05:30,,,2,2.0,0.376,38.18,0.5254,0,1.4518,,0,1,0,1,0,1,2022-02-08 09:25:00+05:30,2022-02-08 09:30:00+05:30,2022-02-08 10:20:00+05:30,790.35,784.4660714285715,800.9410714285715,-5.8839,L
S141,AXISBANK,2022-02-08 09:45:00+05:30,0.0646,,3,2.0,0.7516,8.51,0.0818,0,0.4653,,0,1,0,1,0,1,2022-02-08 09:45:00+05:30,2022-02-08 09:50:00+05:30,2022-02-08 10:30:00+05:30,789.3,782.9964285714285,800.6464285714286,-6.3036,L
S142,AXISBANK,2022-02-08 11:10:00+05:30,-0.4204,-0.3857,0,,2.5538,92.06,-0.9925,0,0.598,0.0,3,0,1,0,3,4,2022-02-08 11:25:00+05:30,2022-02-08 11:30:00+05:30,2022-02-08 12:25:00+05:30,782.7,776.2,794.4,11.7,W
S143,AXISBANK,2022-02-08 13:10:00+05:30,0.3692,0.571,20,4.0,0.483,5.88,-0.4816,0,1.1216,1.0,1,0,0,0,1,2,2022-02-08 13:15:00+05:30,2022-02-08 13:20:00+05:30,2022-02-08 15:00:00+05:30,792.75,786.7589285714286,803.5339285714286,4.5,EOD+
S144,AXISBANK,2022-02-08 13:25:00+05:30,0.2005,0.3692,0,,0.4623,40.43,0.0989,0,0.4537,,0,0,1,1,0,1,2022-02-08 13:25:00+05:30,2022-02-08 13:30:00+05:30,2022-02-08 15:00:00+05:30,792.9,786.7482142857142,803.9732142857143,4.35,EOD+
S145,AXISBANK,2022-02-08 13:45:00+05:30,0.1681,0.179,2,2.0,0.0478,41.67,1.449,0,0.6774,,0,0,1,1,0,1,2022-02-08 13:45:00+05:30,2022-02-08 13:50:00+05:30,2022-02-08 15:00:00+05:30,794.3,787.8892857142856,805.8392857142857,2.95,EOD+
S146,AXISBANK,2022-02-08 14:15:00+05:30,-0.0384,0.1095,0,,1.4787,14.58,-0.5683,0,0.7736,0.0,3,0,1,0,3,4,2022-02-08 14:30:00+05:30,2022-02-08 14:35:00+05:30,2022-02-08 15:00:00+05:30,794.25,788.375,804.825,3.0,EOD+
S147,AXISBANK,2022-02-09 10:25:00+05:30,0.2665,0.365,14,8.0,0.4595,21.88,0.2042,0,0.527,,0,0,1,1,0,1,2022-02-09 10:25:00+05:30,2022-02-09 10:30:00+05:30,2022-02-09 15:00:00+05:30,804.15,798.9535714285714,813.5035714285714,0.05,EOD+
S148,AXISBANK,2022-02-09 10:35:00+05:30,0.2156,0.3058,0,,0.308,46.0,0.1255,0,0.5849,,0,0,1,1,0,1,2022-02-09 10:35:00+05:30,2022-02-09 10:40:00+05:30,2022-02-09 15:00:00+05:30,805.8,801.1125,814.2375,-1.6,EOD-
S149,AXISBANK,2022-02-09 10:50:00+05:30,0.2543,0.2156,2,1.0,0.2228,60.98,0.7284,0,0.8576,,0,1,1,1,0,1,2022-02-09 10:50:00+05:30,2022-02-09 10:55:00+05:30,2022-02-09 15:00:00+05:30,806.35,801.8053571428571,814.5303571428572,-2.15,EOD-
S150,AXISBANK,2022-02-09 11:50:00+05:30,-0.0286,-0.0845,0,,0.2709,5.0,-0.2771,0,0.7417,1.0,3,0,0,0,3,4,2022-02-09 12:05:00+05:30,2022-02-09 12:10:00+05:30,2022-02-09 15:00:00+05:30,805.2,801.3696428571429,812.0946428571428,-1.0,EOD-
S151,AXISBANK,2022-02-09 12:15:00+05:30,0.0053,-0.0003,0,,0.351,64.71,-0.8907,0,0.3993,,0,1,1,1,0,1,2022-02-09 12:15:00+05:30,2022-02-09 12:20:00+05:30,2022-02-09 15:00:00+05:30,805.35,802.0910714285715,811.2160714285715,-1.15,EOD-
S152,AXISBANK,2022-02-10 09:15:00+05:30,,,0,,0.3147,72.63,-0.6364,0,1.7433,0.0,1,0,0,0,1,2,2022-02-10 09:20:00+05:30,2022-02-10 09:25:00+05:30,2022-02-10 10:45:00+05:30,807.05,803.7732142857143,812.9482142857142,5.8982,W
S153,AXISBANK,2022-02-10 09:30:00+05:30,,,1,1.0,0.1841,47.76,4.303,0,1.4891,,0,0,0,1,0,1,2022-02-10 09:30:00+05:30,2022-02-10 09:35:00+05:30,2022-02-10 11:15:00+05:30,807.6,803.1178571428571,815.6678571428572,8.0679,W
S154,AXISBANK,2022-02-10 09:55:00+05:30,0.0692,0.0742,4,2.0,0.2581,69.64,-0.814,0,0.8704,0.0,1,0,1,0,1,2,2022-02-10 10:00:00+05:30,2022-02-10 10:05:00+05:30,2022-02-10 11:10:00+05:30,805.3,800.0946428571428,814.6696428571428,9.3696,W
S155,AXISBANK,2022-02-10 10:20:00+05:30,0.0893,0.0624,2,2.0,0.0818,45.45,3.3373,0,0.7668,,0,1,1,1,0,1,2022-02-10 10:20:00+05:30,2022-02-10 10:25:00+05:30,2022-02-10 15:00:00+05:30,806.75,800.4107142857143,818.1607142857143,3.15,EOD+
S156,AXISBANK,2022-02-10 11:35:00+05:30,0.1898,0.2011,14,4.0,0.023,24.24,22.75,0,0.5617,,0,1,1,1,0,1,2022-02-10 11:35:00+05:30,2022-02-10 11:40:00+05:30,2022-02-10 12:25:00+05:30,812.35,807.9928571428571,820.1928571428573,-4.3571,L
S157,AXISBANK,2022-02-10 11:45:00+05:30,0.1814,0.1877,0,,0.1876,64.29,-0.3701,0,0.5066,,0,1,1,1,0,1,2022-02-10 11:45:00+05:30,2022-02-10 11:50:00+05:30,2022-02-10 12:20:00+05:30,812.75,808.5178571428571,820.3678571428572,-4.2321,L
S158,AXISBANK,2022-02-10 11:55:00+05:30,0.1619,0.1857,0,,0.5867,13.04,-0.4102,0,0.3973,0.0,1,0,1,0,1,2,2022-02-10 12:00:00+05:30,2022-02-10 12:05:00+05:30,2022-02-10 12:15:00+05:30,812.95,808.9767857142857,820.1017857142858,-3.9732,L
S159,AXISBANK,2022-02-10 12:30:00+05:30,-0.0733,0.0766,0,,1.6177,40.74,-0.9613,0,1.2456,1.0,3,1,0,0,3,4,2022-02-10 12:45:00+05:30,2022-02-10 12:50:00+05:30,2022-02-10 14:40:00+05:30,812.65,808.6589285714284,819.8339285714287,-3.9911,L
S160,AXISBANK,2022-02-10 13:15:00+05:30,0.0111,-0.0243,5,3.0,0.1766,68.63,-0.646,0,1.2518,1.0,2,0,0,0,2,3,2022-02-10 13:25:00+05:30,2022-02-10 13:30:00+05:30,2022-02-10 15:00:00+05:30,812.15,808.15,819.35,-2.25,EOD-
S161,AXISBANK,2022-02-10 13:35:00+05:30,-0.0003,0.016,1,1.0,0.3284,0.0,0.6484,0,1.0712,,0,0,0,1,0,1,2022-02-10 13:35:00+05:30,2022-02-10 13:40:00+05:30,2022-02-10 14:40:00+05:30,812.15,808.6857142857143,818.3857142857142,-3.4643,L
S162,AXISBANK,2022-02-11 11:35:00+05:30,-0.2466,-0.217,0,,2.7059,12.5,-0.8092,0,1.3749,1.0,3,0,0,0,3,4,2022-02-11 11:50:00+05:30,2022-02-11 11:55:00+05:30,2022-02-11 15:00:00+05:30,802.55,798.4339285714285,809.9589285714285,0.2,EOD+
S163,AXISBANK,2022-02-14 10:15:00+05:30,-0.5471,-0.6737,0,,1.6099,40.0,-0.8684,0,0.516,1.0,3,1,0,0,3,4,2022-02-14 10:30:00+05:30,2022-02-14 10:35:00+05:30,2022-02-14 13:45:00+05:30,788.65,779.2125,805.6374999999999,-9.4375,L
S164,AXISBANK,2022-02-14 11:15:00+05:30,0.1419,-0.2742,8,3.0,0.2886,59.38,0.0744,0,0.7971,,0,0,0,1,0,1,2022-02-14 11:15:00+05:30,2022-02-14 11:20:00+05:30,2022-02-14 13:40:00+05:30,785.75,780.5089285714286,795.1839285714286,-5.2411,L
S165,AXISBANK,2022-02-14 12:40:00+05:30,-0.1557,-0.1556,0,,1.1657,58.82,-0.9519,0,0.7406,1.0,3,1,1,0,3,4,2022-02-14 12:55:00+05:30,2022-02-14 13:00:00+05:30,2022-02-14 13:45:00+05:30,782.75,778.2946428571429,790.7696428571429,-4.4554,L
S166,AXISBANK,2022-02-14 13:05:00+05:30,-0.1176,-0.175,0,,0.17,17.86,0.165,0,1.067,,0,1,0,1,0,1,2022-02-14 13:05:00+05:30,2022-02-14 13:10:00+05:30,2022-02-14 13:45:00+05:30,782.8,779.0142857142856,789.6142857142858,-3.7857,L
S167,AXISBANK,2022-02-14 13:15:00+05:30,-0.0498,-0.1486,1,1.0,0.2169,54.29,0.0937,0,1.0112,,0,0,1,1,0,1,2022-02-14 13:15:00+05:30,2022-02-14 13:20:00+05:30,2022-02-14 13:45:00+05:30,782.5,778.8125,789.1375,-3.6875,L
S168,AXISBANK,2022-02-14 13:25:00+05:30,-0.0003,-0.0844,0,,0.054,16.67,1.7586,0,0.891,,0,1,1,1,0,1,2022-02-14 13:25:00+05:30,2022-02-14 13:30:00+05:30,2022-02-14 13:45:00+05:30,782.8,779.4428571428571,788.8428571428572,-3.3571,L
S169,AXISBANK,2022-02-15 09:15:00+05:30,,,0,,0.3326,24.04,0.7971,0,1.211,,0,0,0,1,0,1,2022-02-15 09:15:00+05:30,2022-02-15 09:20:00+05:30,2022-02-15 09:40:00+05:30,775.4,768.9178571428571,787.0678571428572,-6.4821,L
S170,AXISBANK,2022-02-15 10:45:00+05:30,-0.2605,-0.227,0,,1.579,33.33,-0.8516,0,1.113,1.0,3,0,1,0,3,4,2022-02-15 11:00:00+05:30,2022-02-15 11:05:00+05:30,2022-02-15 12:05:00+05:30,769.35,763.4839285714286,779.9089285714286,10.5589,W
S171,AXISBANK,2022-02-15 12:45:00+05:30,0.3418,0.4736,20,5.0,0.1823,54.1,1.8025,0,0.638,,0,1,1,1,0,1,2022-02-15 12:45:00+05:30,2022-02-15 12:50:00+05:30,2022-02-15 13:50:00+05:30,779.95,774.5660714285715,789.6410714285714,9.6911,W
S172,AXISBANK,2022-02-15 13:05:00+05:30,0.2033,0.2935,3,3.0,0.4733,61.19,-0.5577,0,0.8602,0.0,1,1,1,0,1,2,2022-02-15 13:10:00+05:30,2022-02-15 13:15:00+05:30,2022-02-15 13:50:00+05:30,780.15,774.775,789.8249999999999,9.675,W
S173,AXISBANK,2022-02-15 13:20:00+05:30,0.153,0.2033,1,1.0,0.5576,70.0,-0.6596,0,0.7045,0.0,2,1,1,0,2,3,2022-02-15 13:30:00+05:30,2022-02-15 13:35:00+05:30,2022-02-15 13:50:00+05:30,780.35,775.0821428571428,789.8321428571429,9.4821,W
S174,AXISBANK,2022-02-16 09:25:00+05:30,,,2,2.0,0.2598,43.33,0.1047,0,0.693,,0,0,0,1,0,1,2022-02-16 09:25:00+05:30,2022-02-16 09:30:00+05:30,2022-02-16 15:00:00+05:30,796.6,788.3232142857144,811.4982142857142,1.1,EOD+
S175,AXISBANK,2022-02-16 09:45:00+05:30,0.1241,,3,3.0,0.1044,63.64,-0.0769,0,0.3874,,0,0,1,1,0,1,2022-02-16 09:45:00+05:30,2022-02-16 09:50:00+05:30,2022-02-16 15:00:00+05:30,797.2,789.4142857142857,811.2142857142858,0.5,EOD+
S176,AXISBANK,2022-02-16 09:55:00+05:30,0.0973,0.1251,0,,0.2745,13.33,-0.9353,0,0.8874,1.0,1,1,0,0,1,2,2022-02-16 10:00:00+05:30,2022-02-16 10:05:00+05:30,2022-02-16 10:55:00+05:30,797.0,789.9642857142857,809.6642857142857,-7.0357,L
S177,AXISBANK,2022-02-16 10:10:00+05:30,0.0709,0.0973,0,,1.08,10.0,-0.5525,0,0.5896,0.0,1,0,1,0,1,2,2022-02-16 10:15:00+05:30,2022-02-16 10:20:00+05:30,2022-02-16 10:50:00+05:30,798.2,790.7,811.7000000000002,-7.5,L
S178,AXISBANK,2022-02-16 10:30:00+05:30,0.058,0.0672,2,2.0,0.033,36.0,7.4848,0,0.1974,,0,0,1,1,0,1,2022-02-16 10:30:00+05:30,2022-02-16 10:35:00+05:30,2022-02-16 10:50:00+05:30,797.45,791.2,808.7,-6.25,L
S179,AXISBANK,2022-02-16 11:05:00+05:30,-0.1767,-0.0747,0,,2.0339,33.33,-0.9705,0,0.7874,1.0,3,0,1,0,3,4,2022-02-16 11:20:00+05:30,2022-02-16 11:25:00+05:30,2022-02-16 13:50:00+05:30,795.55,789.3089285714285,806.7839285714285,11.2339,W
S180,AXISBANK,2022-02-16 11:30:00+05:30,-0.0708,-0.1683,0,,0.1387,42.11,0.6981,0,0.3483,,0,1,1,1,0,1,2022-02-16 11:30:00+05:30,2022-02-16 11:35:00+05:30,2022-02-16 13:30:00+05:30,794.9,790.1232142857143,803.4982142857143,8.5982,W
S181,AXISBANK,2022-02-16 11:45:00+05:30,-0.0535,-0.0708,0,,0.4007,3.7,-0.4872,0,1.6736,1.0,3,1,0,0,3,4,2022-02-16 12:00:00+05:30,2022-02-16 12:05:00+05:30,2022-02-16 13:25:00+05:30,794.1,789.2339285714286,802.8589285714286,8.7589,W
S182,AXISBANK,2022-02-17 10:40:00+05:30,-0.4174,-0.395,0,,1.5199,77.05,-0.9487,0,0.7979,0.0,3,0,1,0,3,4,2022-02-17 10:55:00+05:30,2022-02-17 11:00:00+05:30,2022-02-17 14:10:00+05:30,789.6,783.1892857142857,801.1392857142858,-6.4107,L
S183,AXISBANK,2022-02-17 11:15:00+05:30,-0.1502,-0.2485,3,3.0,0.3525,62.5,-0.3143,0,1.5826,1.0,1,1,0,0,1,2,2022-02-17 11:20:00+05:30,2022-02-17 11:25:00+05:30,2022-02-17 14:15:00+05:30,788.4,782.1946428571429,799.5696428571429,-6.2054,L
S184,AXISBANK,2022-02-17 11:35:00+05:30,-0.0476,-0.0959,1,1.0,0.0172,68.57,8.3333,0,0.3334,,0,0,1,1,0,1,2022-02-17 11:35:00+05:30,2022-02-17 11:40:00+05:30,2022-02-17 14:15:00+05:30,787.5,782.0535714285714,797.3035714285714,-5.4464,L
S185,AXISBANK,2022-02-17 11:45:00+05:30,-0.0502,-0.0489,0,,0.9098,53.49,-0.7995,0,0.3753,0.0,2,1,1,0,2,3,2022-02-17 11:55:00+05:30,2022-02-17 12:00:00+05:30,2022-02-17 14:15:00+05:30,788.2,782.7178571428572,798.0678571428572,-5.4821,L
S186,AXISBANK,2022-02-17 12:05:00+05:30,0.0721,-0.0454,0,,0.2363,58.62,-0.2553,0,0.5978,,0,0,1,1,0,1,2022-02-17 12:05:00+05:30,2022-02-17 12:10:00+05:30,2022-02-17 14:05:00+05:30,788.35,783.3767857142858,797.3017857142856,-4.9732,L
S187,AXISBANK,2022-02-17 12:15:00+05:30,0.1228,0.0162,0,,0.6275,9.09,0.0142,0,0.4844,,0,0,1,1,0,1,2022-02-17 12:15:00+05:30,2022-02-17 12:20:00+05:30,2022-02-17 14:15:00+05:30,787.55,782.6392857142857,796.3892857142855,-4.9107,L
S188,AXISBANK,2022-02-17 12:25:00+05:30,0.0793,0.0987,0,,0.2569,15.38,-0.4898,0,1.071,1.0,1,1,0,0,1,2,2022-02-17 12:30:00+05:30,2022-02-17 12:35:00+05:30,2022-02-17 14:00:00+05:30,789.95,785.1821428571429,798.5321428571427,-4.7679,L
S189,AXISBANK,2022-02-17 12:40:00+05:30,0.0013,0.0793,1,1.0,0.1508,53.13,1.5641,0,0.8525,,0,0,1,1,0,1,2022-02-17 12:40:00+05:30,2022-02-17 12:45:00+05:30,2022-02-17 14:05:00+05:30,788.4,783.5517857142858,797.1267857142856,-4.8482,L
S190,AXISBANK,2022-02-17 13:05:00+05:30,0.0105,-0.0079,3,1.0,0.719,17.31,0.1698,0,1.3371,,0,0,0,1,0,1,2022-02-17 13:05:00+05:30,2022-02-17 13:10:00+05:30,2022-02-17 14:05:00+05:30,788.25,783.6428571428572,796.5428571428571,-4.6071,L
S191,AXISBANK,2022-02-17 13:15:00+05:30,0.0184,-0.0013,0,,0.1795,42.31,-0.845,0,0.5301,,0,0,1,1,0,1,2022-02-17 13:15:00+05:30,2022-02-17 13:20:00+05:30,2022-02-17 14:05:00+05:30,788.3,783.8089285714286,796.3839285714284,-4.4911,L
S192,AXISBANK,2022-02-17 13:25:00+05:30,0.0159,0.0136,0,,0.9612,25.0,-0.6947,0,1.73,1.0,3,0,0,0,3,4,2022-02-17 13:40:00+05:30,2022-02-17 13:45:00+05:30,2022-02-17 14:05:00+05:30,788.7,784.4410714285715,796.3660714285714,-4.2589,L
S193,AXISBANK,2022-02-18 09:15:00+05:30,,,0,,1.9247,14.61,-0.5182,0,1.0069,0.0,1,0,0,0,1,2,2022-02-18 09:20:00+05:30,2022-02-18 09:25:00+05:30,2022-02-18 15:00:00+05:30,785.7,780.1732142857143,795.6482142857144,0.15,EOD+
S194,AXISBANK,2022-02-18 09:40:00+05:30,0.045,,3,2.0,0.1806,72.92,-0.9015,0,0.3146,0.0,3,1,1,0,3,4,2022-02-18 09:55:00+05:30,2022-02-18 10:00:00+05:30,2022-02-18 15:00:00+05:30,784.5,777.4732142857143,797.1482142857143,1.35,EOD+
S195,AXISBANK,2022-02-18 10:10:00+05:30,0.0265,-0.0112,2,1.0,0.2236,35.62,0.3492,0,0.5747,,0,1,0,1,0,1,2022-02-18 10:10:00+05:30,2022-02-18 10:15:00+05:30,2022-02-18 15:00:00+05:30,784.25,777.2053571428572,796.9303571428571,1.6,EOD+
S196,AXISBANK,2022-02-18 10:40:00+05:30,0.0182,0.0367,0,,0.7282,20.69,-0.7738,0,0.7363,1.0,3,1,1,0,3,4,2022-02-18 10:55:00+05:30,2022-02-18 11:00:00+05:30,2022-02-18 15:00:00+05:30,784.55,779.2375,794.1125,1.3,EOD+
S197,AXISBANK,2022-02-18 12:00:00+05:30,0.0592,0.0627,12,3.0,0.4712,80.36,-0.9275,0,0.9506,0.0,1,1,1,0,1,2,2022-02-18 12:05:00+05:30,2022-02-18 12:10:00+05:30,2022-02-18 15:00:00+05:30,786.25,782.5892857142857,792.8392857142858,-0.4,EOD-
S198,AXISBANK,2022-02-18 12:15:00+05:30,0.0729,0.0592,0,,0.0427,48.39,4.6,0,1.1936,,0,1,0,1,0,1,2022-02-18 12:15:00+05:30,2022-02-18 12:20:00+05:30,2022-02-18 15:00:00+05:30,786.9,783.2392857142856,793.4892857142858,-1.05,EOD-
S199,AXISBANK,2022-02-18 12:30:00+05:30,0.0979,0.0729,2,2.0,0.3782,8.7,0.3462,0,0.8956,,0,1,0,1,0,1,2022-02-18 12:30:00+05:30,2022-02-18 12:35:00+05:30,2022-02-18 15:00:00+05:30,786.65,783.2125,792.8375000000001,-0.8,EOD-
S200,AXISBANK,2022-02-18 12:40:00+05:30,0.0858,0.0868,0,,0.4123,20.59,0.5319,0,0.9449,,0,1,1,1,0,1,2022-02-18 12:40:00+05:30,2022-02-18 12:45:00+05:30,2022-02-18 15:00:00+05:30,787.35,783.7875,793.7625000000002,-1.5,EOD-
S201,AXISBANK,2022-02-18 14:00:00+05:30,0.1065,0.0888,15,6.0,0.1609,82.35,-1.0,0,0.7241,0.0,1,0,1,0,1,2,2022-02-18 14:05:00+05:30,2022-02-18 14:10:00+05:30,2022-02-18 14:15:00+05:30,788.75,785.5267857142857,794.5517857142858,-3.2232,L
S202,AXISBANK,2022-02-21 10:20:00+05:30,-0.2405,-0.2011,0,,1.8735,68.18,-0.9455,0,1.2087,1.0,3,0,1,0,3,4,2022-02-21 10:35:00+05:30,2022-02-21 10:40:00+05:30,2022-02-21 11:50:00+05:30,783.65,777.525,794.675,11.025,W
S203,AXISBANK,2022-02-21 12:45:00+05:30,0.2326,0.3359,25,6.0,0.5035,50.0,-0.1453,0,0.7282,,0,0,0,1,0,1,2022-02-21 12:45:00+05:30,2022-02-21 12:50:00+05:30,2022-02-21 14:35:00+05:30,793.05,788.6928571428571,800.8928571428571,-4.3571,L
S204,AXISBANK,2022-02-21 12:55:00+05:30,0.2103,0.2551,0,,0.2831,90.48,-0.8913,0,0.3432,,0,0,1,1,0,1,2022-02-21 12:55:00+05:30,2022-02-21 13:00:00+05:30,2022-02-21 14:05:00+05:30,793.35,789.2875,800.6625,-4.0625,L
S205,AXISBANK,2022-02-21 13:05:00+05:30,0.1966,0.2155,0,,0.259,62.07,-0.7619,0,0.6209,,0,1,1,1,0,1,2022-02-21 13:05:00+05:30,2022-02-21 13:10:00+05:30,2022-02-21 13:35:00+05:30,794.05,789.9964285714285,801.3464285714285,-4.0536,L
S206,AXISBANK,2022-02-22 10:35:00+05:30,-0.363,-0.369,0,,0.6542,13.79,-0.3145,0,0.3246,1.0,3,0,1,0,3,4,2022-02-22 10:50:00+05:30,2022-02-22 10:55:00+05:30,2022-02-22 15:00:00+05:30,776.7,770.2892857142857,788.2392857142859,3.25,EOD+
S207,AXISBANK,2022-02-22 11:50:00+05:30,0.121,0.167,11,1.0,0.3577,63.04,0.2451,0,1.0687,,0,0,1,1,0,1,2022-02-22 11:50:00+05:30,2022-02-22 11:55:00+05:30,2022-02-22 12:55:00+05:30,779.05,774.5589285714286,787.1339285714284,-4.4911,L
S208,AXISBANK,2022-02-22 13:00:00+05:30,-0.1263,-0.0376,0,,2.0591,31.25,-0.9853,0,1.0358,0.0,3,0,1,0,3,4,2022-02-22 13:15:00+05:30,2022-02-22 13:20:00+05:30,2022-02-22 14:00:00+05:30,777.9,773.775,785.325,7.425,W
S209,AXISBANK,2022-02-22 13:25:00+05:30,-0.1132,-0.1344,1,1.0,0.6862,89.58,-1.0,0,0.7561,0.0,3,0,0,0,3,4,2022-02-22 13:40:00+05:30,2022-02-22 13:45:00+05:30,2022-02-22 14:00:00+05:30,777.95,773.8785714285715,785.2785714285715,7.3286,W
S210,AXISBANK,2022-02-23 09:15:00+05:30,,,0,,0.663,30.68,0.0894,0,1.5364,,0,1,0,1,0,1,2022-02-23 09:15:00+05:30,2022-02-23 09:20:00+05:30,2022-02-23 10:10:00+05:30,782.3,775.55,794.4499999999999,-6.75,L
S211,AXISBANK,2022-02-23 09:45:00+05:30,-0.0176,,4,4.0,0.6022,20.0,0.3333,0,0.4796,,0,0,0,1,0,1,2022-02-23 09:45:00+05:30,2022-02-23 09:50:00+05:30,2022-02-23 10:10:00+05:30,782.45,776.3785714285715,793.3785714285715,-6.0714,L
S212,AXISBANK,2022-02-23 10:55:00+05:30,-0.1605,-0.1642,0,,1.3202,33.33,-0.9858,0,0.5286,1.0,3,0,0,0,3,4,2022-02-23 11:10:00+05:30,2022-02-23 11:15:00+05:30,2022-02-23 15:00:00+05:30,778.2,771.5392857142858,790.1892857142857,1.9,EOD+
S213,AXISBANK,2022-02-23 12:15:00+05:30,0.1842,0.132,12,6.0,0.5314,69.81,-0.4175,0,0.8178,0.0,2,0,0,0,2,3,2022-02-23 12:25:00+05:30,2022-02-23 12:30:00+05:30,2022-02-23 15:00:00+05:30,779.45,775.8160714285715,785.9910714285714,0.65,EOD+
S214,AXISBANK,2022-02-23 13:05:00+05:30,-0.0183,0.0561,0,,1.4554,74.07,-1.0,0,0.6856,0.0,3,1,1,0,3,4,2022-02-23 13:20:00+05:30,2022-02-23 13:25:00+05:30,2022-02-23 15:00:00+05:30,780.05,776.6660714285714,786.1410714285714,-3.3839,L
S215,AXISBANK,2022-02-23 13:30:00+05:30,-0.0844,-0.0548,0,,1.7454,69.57,-0.7037,0,1.3136,0.0,3,0,0,0,3,4,2022-02-23 13:45:00+05:30,2022-02-23 13:50:00+05:30,2022-02-23 15:00:00+05:30,779.15,775.7660714285714,785.2410714285714,0.95,EOD+
S216,AXISBANK,2022-02-23 13:55:00+05:30,-0.0478,-0.0857,0,,0.4332,59.32,-0.3478,0,0.8325,0.0,2,0,1,0,2,3,2022-02-23 14:05:00+05:30,2022-02-23 14:10:00+05:30,2022-02-23 15:00:00+05:30,779.75,775.7678571428571,786.9178571428572,0.35,EOD+
S217,AXISBANK,2022-02-23 14:20:00+05:30,0.0164,-0.0177,2,2.0,0.2157,50.0,0.3605,0,0.8081,,0,1,1,1,0,1,2022-02-23 14:20:00+05:30,2022-02-23 14:25:00+05:30,2022-02-23 15:00:00+05:30,779.05,774.7910714285714,786.7160714285715,1.05,EOD+
S218,AXISBANK,2022-02-24 10:40:00+05:30,-0.7344,-0.8141,0,,1.262,75.61,-1.0,0,0.5569,1.0,3,1,1,0,3,4,2022-02-24 10:55:00+05:30,2022-02-24 11:00:00+05:30,2022-02-24 12:25:00+05:30,755.05,747.4428571428572,768.742857142857,-7.6071,L
S219,AXISBANK,2022-02-24 11:50:00+05:30,0.1509,0.1566,10,3.0,0.0065,37.5,24.0,0,1.7186,,0,1,1,1,0,1,2022-02-24 11:50:00+05:30,2022-02-24 11:55:00+05:30,2022-02-24 12:15:00+05:30,755.9,752.0517857142856,762.8267857142857,-3.8482,L
S220,AXISBANK,2022-02-24 13:35:00+05:30,-0.3565,-0.2757,0,,1.8519,55.56,-0.9696,0,2.0084,1.0,3,0,0,0,3,4,2022-02-24 13:50:00+05:30,2022-02-24 13:55:00+05:30,2022-02-24 14:40:00+05:30,748.15,741.4982142857142,760.1232142857144,-6.6518,L
S221,AXISBANK,2022-02-25 09:15:00+05:30,,,0,,0.3299,37.5,1.8365,0,1.7332,,0,0,0,1,0,1,2022-02-25 09:15:00+05:30,2022-02-25 09:20:00+05:30,2022-02-25 15:00:00+05:30,746.75,733.6607142857142,770.3107142857143,12.7,EOD+
S222,AXISBANK,2022-02-25 11:15:00+05:30,0.4204,0.859,23,4.0,0.0627,21.15,8.0625,0,0.7435,,0,0,0,1,0,1,2022-02-25 11:15:00+05:30,2022-02-25 11:20:00+05:30,2022-02-25 15:00:00+05:30,758.75,752.3660714285714,770.2410714285714,0.7,EOD+
S223,AXISBANK,2022-02-25 11:50:00+05:30,0.2673,0.275,6,5.0,0.4807,54.84,0.2293,0,0.8796,,0,1,0,1,0,1,2022-02-25 11:50:00+05:30,2022-02-25 11:55:00+05:30,2022-02-25 14:35:00+05:30,760.75,755.25,770.6500000000001,-5.5,L
S224,AXISBANK,2022-02-25 12:05:00+05:30,0.1958,0.2673,0,,1.2198,35.14,-0.6008,0,0.7709,0.0,3,0,1,0,3,4,2022-02-25 12:20:00+05:30,2022-02-25 12:25:00+05:30,2022-02-25 14:30:00+05:30,761.4,756.2660714285714,770.6410714285714,-5.1339,L
S225,AXISBANK,2022-02-25 12:35:00+05:30,-0.0516,0.0473,0,,1.6274,8.2,-0.7331,0,3.0443,1.0,3,0,0,0,3,4,2022-02-25 12:50:00+05:30,2022-02-25 12:55:00+05:30,2022-02-25 14:30:00+05:30,763.0,758.1071428571429,771.8071428571429,-4.8929,L
S226,AXISBANK,2022-02-25 13:20:00+05:30,0.0076,0.0601,5,3.0,0.1633,63.64,-1.0,0,0.6619,0.0,1,1,1,0,1,2,2022-02-25 13:25:00+05:30,2022-02-25 13:30:00+05:30,2022-02-25 14:30:00+05:30,762.55,756.6928571428572,773.092857142857,-5.8571,L
S227,AXISBANK,2022-02-25 13:40:00+05:30,0.0342,-0.0082,2,2.0,0.3473,20.75,0.8012,0,1.8089,,0,0,0,1,0,1,2022-02-25 13:40:00+05:30,2022-02-25 13:45:00+05:30,2022-02-25 14:30:00+05:30,762.35,756.5553571428572,772.7803571428572,-5.7946,L
S228,AXISBANK,2022-02-25 13:50:00+05:30,0.0748,0.0151,0,,0.4776,30.61,-0.1489,0,0.9494,,0,0,0,1,0,1,2022-02-25 13:50:00+05:30,2022-02-25 13:55:00+05:30,2022-02-25 14:30:00+05:30,762.15,756.6142857142858,772.1142857142856,-5.5357,L
S229,AXISBANK,2022-02-25 14:00:00+05:30,0.0601,0.0545,0,,0.4883,25.71,-0.3985,0,0.7288,,0,1,1,1,0,1,2022-02-25 14:00:00+05:30,2022-02-25 14:05:00+05:30,2022-02-25 14:30:00+05:30,761.8,756.6928571428571,770.992857142857,-5.1071,L
S230,AXISBANK,2022-02-28 10:55:00+05:30,-0.5509,-0.6249,0,,1.1313,15.38,-0.6912,0,0.3786,0.0,3,0,1,0,3,4,2022-02-28 11:10:00+05:30,2022-02-28 11:15:00+05:30,2022-02-28 15:00:00+05:30,741.25,736.5982142857143,749.6232142857142,2.25,EOD+
S231,AXISBANK,2022-02-28 11:20:00+05:30,-0.0834,-0.3419,0,,0.4277,50.0,-0.3803,0,0.3003,,0,0,1,1,0,1,2022-02-28 11:20:00+05:30,2022-02-28 11:25:00+05:30,2022-02-28 15:00:00+05:30,741.45,736.2625,750.7875,2.05,EOD+
S232,AXISBANK,2022-02-28 11:30:00+05:30,-0.0621,-0.1134,1,1.0,0.456,84.78,-0.6078,0,0.4108,0.0,3,1,1,0,3,4,2022-02-28 11:45:00+05:30,2022-02-28 11:50:00+05:30,2022-02-28 15:00:00+05:30,740.35,735.4571428571429,749.1571428571428,3.15,EOD+
S233,AXISBANK,2022-02-28 12:45:00+05:30,0.1628,0.2007,10,2.0,0.389,39.29,-0.4186,0,0.3824,0.0,2,0,1,0,2,3,2022-02-28 12:55:00+05:30,2022-02-28 13:00:00+05:30,2022-02-28 14:00:00+05:30,743.85,738.3232142857144,753.7982142857143,-5.5268,L
S234,AXISBANK,2022-02-28 13:15:00+05:30,0.125,0.0992,0,,0.7974,39.29,-0.703,0,0.5559,0.0,3,0,1,0,3,4,2022-02-28 13:30:00+05:30,2022-02-28 13:35:00+05:30,2022-02-28 14:00:00+05:30,744.65,739.9,753.1999999999999,-4.75,L
S235,AXISBANK,2022-03-02 09:55:00+05:30,-0.2565,-0.2588,0,,1.6438,78.38,-0.9147,0,0.3718,0.0,3,0,0,0,3,4,2022-03-02 10:10:00+05:30,2022-03-02 10:15:00+05:30,2022-03-02 12:15:00+05:30,738.4,729.4803571428571,754.4553571428571,-8.9196,L
S236,AXISBANK,2022-03-02 10:45:00+05:30,-0.1563,-0.1154,6,4.0,0.0267,30.95,16.1429,0,0.4952,,0,0,0,1,0,1,2022-03-02 10:45:00+05:30,2022-03-02 10:50:00+05:30,2022-03-02 12:15:00+05:30,737.45,730.8875,749.2625,-6.5625,L
S237,AXISBANK,2022-03-02 11:10:00+05:30,0.2045,-0.0336,4,4.0,0.0811,16.67,3.507,0,0.4271,,0,0,0,1,0,1,2022-03-02 11:10:00+05:30,2022-03-02 11:15:00+05:30,2022-03-02 12:10:00+05:30,737.75,732.2767857142857,747.6017857142857,-5.4732,L
S238,AXISBANK,2022-03-02 11:30:00+05:30,0.2086,0.2495,3,2.0,0.2028,36.17,0.6185,0,0.5738,,0,1,1,1,0,1,2022-03-02 11:30:00+05:30,2022-03-02 11:35:00+05:30,2022-03-02 11:50:00+05:30,739.7,734.3696428571429,749.2946428571429,-5.3304,L
S239,AXISBANK,2022-03-02 12:45:00+05:30,-0.3185,-0.2737,0,,2.6314,17.07,-0.8042,0,1.0553,1.0,3,0,1,0,3,4,2022-03-02 13:00:00+05:30,2022-03-02 13:05:00+05:30,2022-03-02 15:00:00+05:30,734.35,728.5285714285715,744.8285714285715,10.4786,W
S240,AXISBANK,2022-03-03 09:45:00+05:30,0.3786,,6,6.0,0.0262,11.76,9.4762,0,0.2841,,0,0,0,1,0,1,2022-03-03 09:45:00+05:30,2022-03-03 09:50:00+05:30,2022-03-03 12:35:00+05:30,746.25,736.2410714285714,764.2660714285715,-10.0089,L
S241,AXISBANK,2022-03-03 11:05:00+05:30,-0.4643,-0.3778,0,,2.033,57.14,-0.9751,0,2.7828,1.0,3,0,0,0,3,4,2022-03-03 11:20:00+05:30,2022-03-03 11:25:00+05:30,2022-03-03 12:20:00+05:30,743.65,738.7035714285714,752.5535714285714,-4.9464,L
S242,AXISBANK,2022-03-03 11:55:00+05:30,-0.0455,-0.0691,6,6.0,0.4149,11.36,1.0619,0,1.067,,0,1,0,1,0,1,2022-03-03 11:55:00+05:30,2022-03-03 12:00:00+05:30,2022-03-03 12:30:00+05:30,742.35,737.9660714285715,750.2410714285714,-4.3839,L
S243,AXISBANK,2022-03-03 12:05:00+05:30,-0.0047,-0.058,1,1.0,0.0557,18.75,5.6667,0,0.7424,,0,0,0,1,0,1,2022-03-03 12:05:00+05:30,2022-03-03 12:10:00+05:30,2022-03-03 12:30:00+05:30,741.95,737.575,749.825,-4.375,L
S244,AXISBANK,2022-03-03 13:25:00+05:30,-0.3129,-0.2292,0,,2.8788,21.28,-0.677,0,0.6525,0.0,3,0,1,0,3,4,2022-03-03 13:40:00+05:30,2022-03-03 13:45:00+05:30,2022-03-03 15:00:00+05:30,737.6,732.7607142857144,746.3107142857142,0.0,EOD-
S245,AXISBANK,2022-03-03 13:55:00+05:30,-0.1214,-0.2292,2,2.0,0.0547,34.04,10.4894,0,0.7927,,0,0,1,1,0,1,2022-03-03 13:55:00+05:30,2022-03-03 14:00:00+05:30,2022-03-03 15:00:00+05:30,738.2,732.825,747.875,-0.6,EOD-
S246,AXISBANK,2022-03-03 14:05:00+05:30,-0.0974,-0.1431,0,,1.2052,18.6,-0.4773,0,0.9669,1.0,3,0,0,0,3,4,2022-03-03 14:20:00+05:30,2022-03-03 14:25:00+05:30,2022-03-03 15:00:00+05:30,737.15,731.7928571428572,746.7928571428571,0.45,EOD+
S247,AXISBANK,2022-03-04 12:00:00+05:30,-0.255,-0.2817,0,,0.8429,47.37,-0.8415,0,1.4343,1.0,3,0,0,0,3,4,2022-03-04 12:15:00+05:30,2022-03-04 12:20:00+05:30,2022-03-04 12:45:00+05:30,713.55,708.8714285714285,721.9714285714286,8.4214,W
S248,AXISBANK,2022-03-04 12:25:00+05:30,-0.1266,-0.1661,0,,0.767,75.68,-0.7778,0,0.7034,,0,1,1,1,0,1,2022-03-04 12:25:00+05:30,2022-03-04 12:30:00+05:30,2022-03-04 12:50:00+05:30,712.95,707.8160714285714,722.1910714285716,9.2411,W
S249,AXISBANK,2022-03-07 11:10:00+05:30,-0.8087,-1.3815,0,,1.8563,100.0,-1.0,0,0.7527,1.0,3,0,0,0,3,4,2022-03-07 11:25:00+05:30,2022-03-07 11:30:00+05:30,2022-03-07 12:25:00+05:30,677.1,671.2785714285715,687.5785714285715,-5.8214,L
S250,AXISBANK,2022-03-07 11:40:00+05:30,-0.1715,-0.3261,0,,1.2484,1.89,-0.759,0,1.1235,0.0,3,0,0,0,3,4,2022-03-07 11:55:00+05:30,2022-03-07 12:00:00+05:30,2022-03-07 12:25:00+05:30,676.5,671.0982142857142,686.2232142857144,-5.4018,L
S251,AXISBANK,2022-03-08 12:00:00+05:30,-0.7152,-0.5792,0,,2.3865,83.51,-1.0,0,2.6961,1.0,3,0,0,0,3,4,2022-03-08 12:15:00+05:30,2022-03-08 12:20:00+05:30,2022-03-08 14:45:00+05:30,647.5,639.625,661.675,14.175,W
S252,AXISBANK,2022-03-08 13:00:00+05:30,0.0666,-0.0364,9,3.0,0.3071,40.0,1.0305,0,0.7378,,0,0,0,1,0,1,2022-03-08 13:00:00+05:30,2022-03-08 13:05:00+05:30,2022-03-08 14:45:00+05:30,646.1,638.0821428571429,660.532142857143,14.4321,W
S253,AXISBANK,2022-03-08 13:20:00+05:30,0.1293,0.0756,2,1.0,0.1784,63.79,0.1483,0,0.3417,,0,0,1,1,0,1,2022-03-08 13:20:00+05:30,2022-03-08 13:25:00+05:30,2022-03-08 14:30:00+05:30,645.8,638.4785714285714,658.9785714285714,13.1786,W
S254,AXISBANK,2022-03-08 13:30:00+05:30,0.2169,0.1065,0,,0.8662,75.76,-0.9791,0,0.7332,,0,1,1,1,0,1,2022-03-08 13:30:00+05:30,2022-03-08 13:35:00+05:30,2022-03-08 14:35:00+05:30,647.0,640.0803571428571,659.4553571428571,12.4554,W
S255,AXISBANK,2022-03-08 14:20:00+05:30,0.2503,0.258,8,2.0,0.0008,53.97,539.0,0,0.9176,,0,0,0,1,0,1,2022-03-08 14:20:00+05:30,2022-03-08 14:25:00+05:30,2022-03-08 14:45:00+05:30,651.5,643.7321428571429,665.4821428571428,13.9821,W
S256,AXISBANK,2022-03-09 11:35:00+05:30,-0.1425,-0.2352,0,,1.0876,12.5,-0.7463,0,1.091,1.0,3,0,0,0,3,4,2022-03-09 11:50:00+05:30,2022-03-09 11:55:00+05:30,2022-03-09 12:30:00+05:30,662.55,657.5678571428571,671.5178571428571,8.9679,W
S257,AXISBANK,2022-03-09 12:05:00+05:30,-0.0823,-0.0985,1,1.0,0.091,71.43,-1.0,0,0.8908,1.0,2,0,1,0,2,3,2022-03-09 12:15:00+05:30,2022-03-09 12:20:00+05:30,2022-03-09 12:55:00+05:30,665.15,660.4089285714285,673.6839285714285,8.5339,W
S258,AXISBANK,2022-03-09 13:30:00+05:30,0.3846,0.4759,14,6.0,0.9476,76.25,-0.6833,0,1.1822,0.0,1,0,0,0,1,2,2022-03-09 13:35:00+05:30,2022-03-09 13:40:00+05:30,2022-03-09 15:00:00+05:30,670.35,664.5196428571429,680.8446428571428,4.05,EOD+
S259,AXISBANK,2022-03-09 13:55:00+05:30,0.3471,0.33,2,1.0,0.2475,25.93,1.0233,0,0.7257,,0,1,1,1,0,1,2022-03-09 13:55:00+05:30,2022-03-09 14:00:00+05:30,2022-03-09 15:00:00+05:30,672.75,666.2589285714286,684.4339285714285,1.65,EOD+
S260,AXISBANK,2022-03-10 11:15:00+05:30,0.3239,1.0133,24,8.0,0.2846,31.43,0.44,0,0.6231,,0,0,0,1,0,1,2022-03-10 11:15:00+05:30,2022-03-10 11:20:00+05:30,2022-03-10 11:35:00+05:30,715.0,709.5089285714286,724.8839285714286,-5.4911,L
S261,AXISBANK,2022-03-11 09:15:00+05:30,,,0,,1.3356,42.86,-0.3196,0,1.6604,,0,1,0,1,0,1,2022-03-11 09:15:00+05:30,2022-03-11 09:20:00+05:30,2022-03-11 15:00:00+05:30,695.6,684.0464285714286,716.3964285714286,-5.7,EOD-
S262,AXISBANK,2022-03-11 11:10:00+05:30,-0.0078,0.0848,0,,1.6381,77.92,-1.0,0,0.6335,0.0,3,1,1,0,3,4,2022-03-11 11:25:00+05:30,2022-03-11 11:30:00+05:30,2022-03-11 13:05:00+05:30,700.65,693.2482142857142,713.9732142857143,-7.4018,L
S263,AXISBANK,2022-03-11 12:00:00+05:30,-0.0704,-0.0725,5,5.0,0.2644,42.86,0.0526,0,0.8785,,0,0,1,1,0,1,2022-03-11 12:00:00+05:30,2022-03-11 12:05:00+05:30,2022-03-11 13:05:00+05:30,699.85,694.0107142857142,710.3607142857144,-5.8393,L
S264,AXISBANK,2022-03-11 12:10:00+05:30,-0.0118,-0.0679,0,,0.0132,61.54,9.0,0,0.8241,,0,1,1,1,0,1,2022-03-11 12:10:00+05:30,2022-03-11 12:15:00+05:30,2022-03-11 13:05:00+05:30,701.55,695.8535714285714,711.8035714285714,-5.6964,L
S265,AXISBANK,2022-03-11 14:05:00+05:30,-0.3973,-0.3755,0,,1.7298,4.76,-0.7146,0,0.9688,1.0,3,0,1,0,3,4,2022-03-11 14:20:00+05:30,2022-03-11 14:25:00+05:30,2022-03-11 15:00:00+05:30,693.85,687.5196428571429,705.2446428571429,-3.95,EOD-
S266,AXISBANK,2022-03-14 09:15:00+05:30,,,0,,0.184,27.5,2.2609,0,2.736,,0,1,0,1,0,1,2022-03-14 09:15:00+05:30,2022-03-14 09:20:00+05:30,2022-03-14 09:40:00+05:30,693.15,686.8999999999999,704.4000000000001,-6.25,L
S267,AXISBANK,2022-03-14 09:35:00+05:30,,,0,,1.1034,65.91,-0.8547,0,0.5949,0.0,3,1,1,0,3,4,2022-03-14 09:50:00+05:30,2022-03-14 09:55:00+05:30,2022-03-14 11:50:00+05:30,691.9,684.8821428571428,704.532142857143,12.6321,W
S268,AXISBANK,2022-03-14 13:20:00+05:30,0.1603,0.2136,41,5.0,0.3031,44.68,-0.1304,0,0.9862,0.0,1,0,0,0,1,2,2022-03-14 13:25:00+05:30,2022-03-14 13:30:00+05:30,2022-03-14 15:00:00+05:30,705.7,701.9053571428572,712.5303571428573,5.6,EOD+
S269,AXISBANK,2022-03-14 13:35:00+05:30,0.0957,0.1603,0,,0.2047,59.7,0.8321,0,1.3396,,0,0,0,1,0,1,2022-03-14 13:35:00+05:30,2022-03-14 13:40:00+05:30,2022-03-14 15:00:00+05:30,707.6,703.6,714.8000000000001,3.7,EOD+
S270,AXISBANK,2022-03-14 14:00:00+05:30,0.1338,0.1155,4,2.0,0.0138,39.47,30.1111,0,0.7164,,0,0,0,1,0,1,2022-03-14 14:00:00+05:30,2022-03-14 14:05:00+05:30,2022-03-14 15:00:00+05:30,706.8,702.7196428571428,714.1446428571428,4.5,EOD+
S271,AXISBANK,2022-03-14 14:10:00+05:30,0.1115,0.1448,0,,0.2246,0.0,0.2414,0,0.6031,,0,1,1,1,0,1,2022-03-14 14:10:00+05:30,2022-03-14 14:15:00+05:30,2022-03-14 15:00:00+05:30,706.85,702.8142857142857,714.1142857142858,4.45,EOD+
S272,AXISBANK,2022-03-15 09:35:00+05:30,,,4,4.0,0.3153,55.13,-0.548,0,0.9121,0.0,1,0,0,0,1,2,2022-03-15 09:40:00+05:30,2022-03-15 09:45:00+05:30,2022-03-15 12:35:00+05:30,711.7,704.6821428571429,724.3321428571428,-7.0179,L
S273,AXISBANK,2022-03-15 09:50:00+05:30,0.0819,,0,,1.2941,53.19,-0.8859,0,0.6776,0.0,2,1,0,0,2,3,2022-03-15 10:00:00+05:30,2022-03-15 10:05:00+05:30,2022-03-15 12:35:00+05:30,712.0,704.3839285714287,725.7089285714285,-7.6161,L
S274,AXISBANK,2022-03-15 11:35:00+05:30,-0.0144,-0.1176,0,,2.1097,56.52,-0.8689,0,0.7266,1.0,3,0,1,0,3,4,2022-03-15 11:50:00+05:30,2022-03-15 11:55:00+05:30,2022-03-15 12:20:00+05:30,711.75,707.2321428571428,719.8821428571429,-4.5179,L
S275,AXISBANK,2022-03-17 11:10:00+05:30,0.2268,1.1309,0,,1.4643,39.29,-0.4984,0,0.9756,0.0,3,0,1,0,3,4,2022-03-17 11:25:00+05:30,2022-03-17 11:30:00+05:30,2022-03-17 12:20:00+05:30,740.5,737.7767857142857,745.4017857142858,-2.7232,L
S276,AXISBANK,2022-03-17 12:00:00+05:30,0.0463,0.0375,6,1.0,0.3313,52.5,0.8543,0,0.9609,,0,0,1,1,0,1,2022-03-17 12:00:00+05:30,2022-03-17 12:05:00+05:30,2022-03-17 12:20:00+05:30,740.3,737.4517857142856,745.4267857142856,-2.8482,L
S277,AXISBANK,2022-03-17 12:10:00+05:30,0.024,0.0456,0,,0.8984,90.91,-0.9182,0,0.8534,0.0,3,0,0,0,3,4,2022-03-17 12:25:00+05:30,2022-03-17 12:30:00+05:30,2022-03-17 15:00:00+05:30,740.95,737.5482142857143,747.0732142857144,4.4,EOD+
S278,AXISBANK,2022-03-17 13:00:00+05:30,0.0924,0.0844,6,3.0,0.0016,8.0,219.0,0,0.7802,,0,0,1,1,0,1,2022-03-17 13:00:00+05:30,2022-03-17 13:05:00+05:30,2022-03-17 15:00:00+05:30,741.55,737.7553571428571,748.3803571428572,3.8,EOD+
S279,AXISBANK,2022-03-17 13:20:00+05:30,0.0533,0.0867,2,1.0,0.0294,3.7,27.2353,0,1.5326,,0,0,0,1,0,1,2022-03-17 13:20:00+05:30,2022-03-17 13:25:00+05:30,2022-03-17 15:00:00+05:30,742.4,738.7839285714285,748.9089285714286,2.95,EOD+
S280,AXISBANK,2022-03-17 13:45:00+05:30,0.0691,0.0378,4,3.0,0.0768,28.26,8.5238,0,1.2449,,0,0,0,1,0,1,2022-03-17 13:45:00+05:30,2022-03-17 13:50:00+05:30,2022-03-17 15:00:00+05:30,743.3,739.8803571428571,749.4553571428571,2.05,EOD+
S281,AXISBANK,2022-03-21 10:30:00+05:30,-0.3004,-0.3206,0,,1.5878,78.12,-0.9338,0,0.3059,1.0,3,1,1,0,3,4,2022-03-21 10:45:00+05:30,2022-03-21 10:50:00+05:30,2022-03-21 11:45:00+05:30,736.2,731.4410714285715,744.7660714285714,-4.7589,L
S282,AXISBANK,2022-03-21 10:55:00+05:30,-0.1149,-0.2143,0,,0.9132,47.62,-0.6954,0,0.6566,1.0,1,1,1,0,1,2,2022-03-21 11:00:00+05:30,2022-03-21 11:05:00+05:30,2022-03-21 11:45:00+05:30,736.15,732.1053571428571,743.4303571428571,-4.0446,L
S283,AXISBANK,2022-03-21 13:20:00+05:30,-0.3392,-0.3701,0,,2.8118,57.89,-0.9582,0,1.1545,1.0,3,0,0,0,3,4,2022-03-21 13:35:00+05:30,2022-03-21 13:40:00+05:30,2022-03-21 15:00:00+05:30,728.0,724.8125,733.7375,-1.95,EOD-
S284,AXISBANK,2022-03-21 13:45:00+05:30,-0.1441,-0.2653,0,,0.4898,76.19,-0.7091,0,0.5707,1.0,2,0,1,0,2,3,2022-03-21 13:55:00+05:30,2022-03-21 14:00:00+05:30,2022-03-21 15:00:00+05:30,727.35,723.8410714285715,733.6660714285714,-1.3,EOD-
S285,AXISBANK,2022-03-21 14:20:00+05:30,-0.0076,-0.1008,4,2.0,0.077,84.78,1.1739,0,0.5868,,0,0,1,1,0,1,2022-03-21 14:20:00+05:30,2022-03-21 14:25:00+05:30,2022-03-21 15:00:00+05:30,726.75,723.0178571428571,733.4678571428572,-0.7,EOD-
S286,AXISBANK,2022-03-22 10:35:00+05:30,-0.5378,-0.5613,0,,1.5709,36.67,-0.9627,0,0.4073,1.0,3,0,0,0,3,4,2022-03-22 10:50:00+05:30,2022-03-22 10:55:00+05:30,2022-03-22 13:10:00+05:30,712.6,706.1982142857142,724.1232142857143,11.5232,W
S287,AXISBANK,2022-03-22 12:20:00+05:30,-0.0098,0.0151,0,,1.3458,66.67,-0.7867,0,0.7809,1.0,3,1,1,0,3,4,2022-03-22 12:35:00+05:30,2022-03-22 12:40:00+05:30,2022-03-22 13:00:00+05:30,714.65,710.7303571428571,721.7053571428571,7.0554,W
S288,AXISBANK,2022-03-23 09:55:00+05:30,0.2093,0.2604,8,8.0,0.5211,27.4,0.1609,0,0.7825,,0,0,0,1,0,1,2022-03-23 09:55:00+05:30,2022-03-23 10:00:00+05:30,2022-03-23 13:50:00+05:30,733.75,726.5178571428571,746.7678571428571,-7.2321,L
S289,AXISBANK,2022-03-23 10:05:00+05:30,0.1778,0.2315,0,,0.2474,15.38,-0.9306,0,0.3568,1.0,1,0,1,0,1,2,2022-03-23 10:10:00+05:30,2022-03-23 10:15:00+05:30,2022-03-23 12:40:00+05:30,734.25,726.9732142857143,747.3482142857143,-7.2768,L
S290,AXISBANK,2022-03-23 10:35:00+05:30,0.115,0.1368,0,,0.9653,76.47,-1.0,0,0.6235,1.0,3,0,1,0,3,4,2022-03-23 10:50:00+05:30,2022-03-23 10:55:00+05:30,2022-03-23 11:10:00+05:30,735.5,729.6339285714286,746.0589285714286,-5.8661,L
S291,AXISBANK,2022-03-23 13:05:00+05:30,-0.1051,-0.1876,0,,0.8769,58.82,-0.8847,0,1.3494,1.0,3,0,0,0,3,4,2022-03-23 13:20:00+05:30,2022-03-23 13:25:00+05:30,2022-03-23 13:50:00+05:30,731.15,726.2035714285714,740.0535714285714,-4.9464,L
S292,AXISBANK,2022-03-23 14:15:00+05:30,-0.1006,-0.1235,0,,1.419,3.03,-0.6082,0,1.5374,1.0,3,1,0,0,3,4,2022-03-23 14:30:00+05:30,2022-03-23 14:35:00+05:30,2022-03-23 15:00:00+05:30,729.3,724.3535714285714,738.2035714285713,-1.1,EOD-
S293,AXISBANK,2022-03-24 09:35:00+05:30,,,0,,2.0108,51.43,-0.9683,0,1.8479,1.0,3,0,0,0,3,4,2022-03-24 09:50:00+05:30,2022-03-24 09:55:00+05:30,2022-03-24 12:10:00+05:30,726.9,721.0160714285714,737.4910714285713,-5.8839,L
S294,AXISBANK,2022-03-24 10:05:00+05:30,-0.0703,-0.1272,1,1.0,0.0412,10.53,11.5581,0,0.7066,,0,0,0,1,0,1,2022-03-24 10:05:00+05:30,2022-03-24 10:10:00+05:30,2022-03-24 12:20:00+05:30,726.6,720.0821428571428,738.3321428571429,-6.5179,L
S295,AXISBANK,2022-03-24 10:15:00+05:30,-0.0655,-0.0865,1,1.0,0.278,35.9,0.4493,0,0.7359,,0,0,0,1,0,1,2022-03-24 10:15:00+05:30,2022-03-24 10:20:00+05:30,2022-03-24 15:00:00+05:30,724.9,718.6946428571428,736.069642857143,-0.65,EOD-
S296,AXISBANK,2022-03-24 10:25:00+05:30,-0.0769,-0.0559,0,,0.0804,5.26,1.0339,0,0.2459,,0,1,1,1,0,1,2022-03-24 10:25:00+05:30,2022-03-24 10:30:00+05:30,2022-03-24 12:15:00+05:30,724.95,720.3607142857143,733.2107142857144,-4.5893,L
S297,AXISBANK,2022-03-24 10:45:00+05:30,-0.0711,-0.0825,2,1.0,0.1564,36.84,-0.4393,0,0.5346,1.0,2,0,1,0,2,3,2022-03-24 10:55:00+05:30,2022-03-24 11:00:00+05:30,2022-03-24 12:20:00+05:30,724.45,720.1732142857143,732.1482142857144,-4.2768,L
S298,AXISBANK,2022-03-24 11:45:00+05:30,0.0957,0.1714,8,3.0,0.0316,45.1,14.6522,0,0.7097,,0,1,1,1,0,1,2022-03-24 11:45:00+05:30,2022-03-24 11:50:00+05:30,2022-03-24 12:00:00+05:30,727.4,722.8553571428572,735.5803571428571,-4.5446,L
S299,AXISBANK,2022-03-24 13:10:00+05:30,-0.232,-0.1568,0,,1.334,58.33,-0.8969,0,2.6922,1.0,3,0,0,0,3,4,2022-03-24 13:25:00+05:30,2022-03-24 13:30:00+05:30,2022-03-24 13:45:00+05:30,725.8,721.2553571428571,733.9803571428571,-4.5446,L
S300,AXISBANK,2022-03-24 13:40:00+05:30,-0.0564,-0.2212,2,2.0,0.0046,76.19,9.0,0,0.7688,,0,0,1,1,0,1,2022-03-24 13:40:00+05:30,2022-03-24 13:45:00+05:30,2022-03-24 15:00:00+05:30,722.25,716.8660714285714,731.9410714285714,2.0,EOD+
S301,AXISBANK,2022-03-24 13:50:00+05:30,-0.0062,-0.1025,0,,0.4992,44.83,-0.6706,0,0.4717,1.0,2,0,1,0,2,3,2022-03-24 14:00:00+05:30,2022-03-24 14:05:00+05:30,2022-03-24 15:00:00+05:30,723.8,718.4785714285714,733.3785714285714,0.45,EOD+
S302,AXISBANK,2022-03-24 14:15:00+05:30,0.0941,0.0177,2,1.0,0.1078,48.84,1.4742,0,1.0164,,0,0,0,1,0,1,2022-03-24 14:15:00+05:30,2022-03-24 14:20:00+05:30,2022-03-24 15:00:00+05:30,723.0,717.375,733.1250000000001,1.25,EOD+
S303,AXISBANK,2022-03-25 09:45:00+05:30,-0.1777,,0,,1.8339,44.0,-0.5944,0,0.7792,0.0,3,0,1,0,3,4,2022-03-25 10:00:00+05:30,2022-03-25 10:05:00+05:30,2022-03-25 15:00:00+05:30,722.0,715.4464285714286,733.7964285714286,-3.55,EOD-
S304,AXISBANK,2022-03-25 10:10:00+05:30,-0.1228,-0.1414,1,1.0,0.7539,76.47,-0.6879,0,0.2488,0.0,2,0,1,0,2,3,2022-03-25 10:20:00+05:30,2022-03-25 10:25:00+05:30,2022-03-25 15:00:00+05:30,720.85,714.475,732.325,-2.4,EOD-
S305,AXISBANK,2022-03-25 10:35:00+05:30,-0.0722,-0.1263,1,1.0,0.0258,53.33,3.7619,0,0.3133,,0,0,1,1,0,1,2022-03-25 10:35:00+05:30,2022-03-25 10:40:00+05:30,2022-03-25 15:00:00+05:30,720.4,715.3107142857142,729.5607142857143,-1.95,EOD-
S306,AXISBANK,2022-03-25 10:55:00+05:30,-0.0121,-0.043,2,2.0,0.0804,8.82,3.0741,0,0.426,,0,1,0,1,0,1,2022-03-25 10:55:00+05:30,2022-03-25 11:00:00+05:30,2022-03-25 12:10:00+05:30,720.95,716.7535714285714,728.5035714285716,-4.1964,L
S307,AXISBANK,2022-03-25 11:10:00+05:30,0.0423,-0.0121,0,,0.5759,45.0,-0.6133,0,0.5382,1.0,3,0,1,0,3,4,2022-03-25 11:25:00+05:30,2022-03-25 11:30:00+05:30,2022-03-25 12:05:00+05:30,721.25,717.3214285714286,728.3214285714287,-3.9286,L
S308,AXISBANK,2022-03-25 11:35:00+05:30,0.027,0.0697,0,,0.9376,60.47,-0.4483,0,1.2367,,0,0,0,1,0,1,2022-03-25 11:35:00+05:30,2022-03-25 11:40:00+05:30,2022-03-25 12:05:00+05:30,721.25,717.3839285714286,728.2089285714286,-3.8661,L
S309,AXISBANK,2022-03-25 12:50:00+05:30,-0.0848,-0.1275,0,,1.1348,0.0,-0.5021,0,0.9529,1.0,3,1,1,0,3,4,2022-03-25 13:05:00+05:30,2022-03-25 13:10:00+05:30,2022-03-25 14:05:00+05:30,719.55,715.5678571428571,726.717857142857,-3.9821,L
S310,AXISBANK,2022-03-25 13:20:00+05:30,-0.0571,-0.0744,1,1.0,0.1484,9.09,3.1975,0,0.6697,,0,0,1,1,0,1,2022-03-25 13:20:00+05:30,2022-03-25 13:25:00+05:30,2022-03-25 14:05:00+05:30,719.25,715.8392857142857,725.3892857142857,-3.4107,L
S311,AXISBANK,2022-03-25 14:10:00+05:30,-0.0003,-0.0174,0,,1.3699,56.1,-0.74,0,1.0792,1.0,3,0,0,0,3,4,2022-03-25 14:25:00+05:30,2022-03-25 14:30:00+05:30,2022-03-25 15:00:00+05:30,719.0,714.4375,727.2125,-0.55,EOD-
S312,AXISBANK,2022-03-28 09:20:00+05:30,,,1,1.0,0.3459,32.35,-0.2042,0,0.6339,0.0,3,0,0,0,3,4,2022-03-28 09:35:00+05:30,2022-03-28 09:40:00+05:30,2022-03-28 13:15:00+05:30,719.9,713.0875,732.1625,12.2625,W
S313,AXISBANK,2022-03-28 10:30:00+05:30,-0.0129,0.0149,0,,0.9681,8.82,-0.6726,0,0.2833,0.0,3,0,1,0,3,4,2022-03-28 10:45:00+05:30,2022-03-28 10:50:00+05:30,2022-03-28 12:45:00+05:30,718.6,713.8678571428572,727.1178571428571,8.5179,W
S314,AXISBANK,2022-03-28 11:00:00+05:30,-0.1246,-0.0932,2,1.0,0.2472,73.08,-0.625,0,0.554,0.0,2,0,1,0,2,3,2022-03-28 11:10:00+05:30,2022-03-28 11:15:00+05:30,2022-03-28 12:35:00+05:30,718.5,714.4553571428571,725.7803571428572,7.2804,W
S315,AXISBANK,2022-03-28 11:20:00+05:30,-0.0268,-0.1047,0,,0.1289,26.92,0.039,0,1.6665,,0,0,0,1,0,1,2022-03-28 11:20:00+05:30,2022-03-28 11:25:00+05:30,2022-03-28 12:35:00+05:30,718.65,714.9178571428571,725.3678571428571,6.7179,W
S316,AXISBANK,2022-03-28 11:55:00+05:30,-0.0508,-0.0275,0,,1.0738,81.82,-0.9317,0,2.8572,1.0,3,1,1,0,3,4,2022-03-28 12:10:00+05:30,2022-03-28 12:15:00+05:30,2022-03-28 12:35:00+05:30,719.65,716.2392857142858,725.7892857142857,6.1393,W
S317,AXISBANK,2022-03-28 14:00:00+05:30,0.3693,0.4596,21,9.0,0.1756,81.03,-0.2754,0,0.744,0.0,2,0,0,0,2,3,2022-03-28 14:10:00+05:30,2022-03-28 14:15:00+05:30,2022-03-28 15:00:00+05:30,729.8,724.8892857142857,738.6392857142856,7.65,EOD+
S318,AXISBANK,2022-03-28 14:20:00+05:30,0.2003,0.3222,0,,0.0262,75.0,2.0,0,0.6936,,0,0,1,1,0,1,2022-03-28 14:20:00+05:30,2022-03-28 14:25:00+05:30,2022-03-28 15:00:00+05:30,731.3,726.5321428571428,739.8821428571428,6.15,EOD+
S319,AXISBANK,2022-03-29 10:15:00+05:30,0.0024,0.1009,0,,0.9408,60.53,-1.0,0,0.3547,1.0,3,0,1,0,3,4,2022-03-29 10:30:00+05:30,2022-03-29 10:35:00+05:30,2022-03-29 15:00:00+05:30,736.15,730.5696428571429,746.1946428571429,-2.1,EOD-
S320,AXISBANK,2022-03-29 10:40:00+05:30,-0.0102,-0.0238,0,,0.4851,14.29,0.1429,0,0.6382,,0,0,0,1,0,1,2022-03-29 10:40:00+05:30,2022-03-29 10:45:00+05:30,2022-03-29 13:15:00+05:30,736.0,731.4910714285714,744.1160714285714,-4.5089,L
S321,AXISBANK,2022-03-29 10:50:00+05:30,0.0007,-0.0126,0,,0.1975,40.74,0.4925,0,0.5919,,0,0,1,1,0,1,2022-03-29 10:50:00+05:30,2022-03-29 10:55:00+05:30,2022-03-29 13:15:00+05:30,736.5,732.2589285714287,744.1339285714284,-4.2411,L
S322,AXISBANK,2022-03-29 12:05:00+05:30,0.0221,0.0489,0,,1.0988,63.41,-1.0,0,1.0154,1.0,3,1,1,0,3,4,2022-03-29 12:20:00+05:30,2022-03-29 12:25:00+05:30,2022-03-29 13:10:00+05:30,738.05,734.2732142857143,744.8482142857142,-3.7768,L
S323,AXISBANK,2022-03-29 12:35:00+05:30,0.0468,0.0217,2,2.0,0.2426,62.26,-1.0,0,1.4349,1.0,3,0,0,0,3,4,2022-03-29 12:50:00+05:30,2022-03-29 12:55:00+05:30,2022-03-29 13:10:00+05:30,738.75,734.2678571428571,746.8178571428572,-4.4821,L
S324,AXISBANK,2022-03-30 11:30:00+05:30,0.391,0.6279,27,5.0,0.0611,54.55,1.2222,0,0.4838,,0,0,0,1,0,1,2022-03-30 11:30:00+05:30,2022-03-30 11:35:00+05:30,2022-03-30 12:10:00+05:30,761.05,755.5232142857142,770.9982142857143,-5.5268,L
S325,AXISBANK,2022-03-30 13:00:00+05:30,-0.2892,-0.2867,0,,2.0346,80.36,-0.9011,0,0.7693,0.0,3,1,0,0,3,4,2022-03-30 13:15:00+05:30,2022-03-30 13:20:00+05:30,2022-03-30 14:45:00+05:30,756.0,749.7857142857142,767.1857142857143,-6.2143,L
S326,AXISBANK,2022-03-30 13:25:00+05:30,-0.2076,-0.2776,0,,0.1386,16.67,0.3793,0,0.3278,,0,0,1,1,0,1,2022-03-30 13:25:00+05:30,2022-03-30 13:30:00+05:30,2022-03-30 14:45:00+05:30,755.0,749.7678571428571,764.4178571428572,-5.2321,L
S327,AXISBANK,2022-03-30 13:40:00+05:30,-0.1319,-0.2076,1,1.0,1.1069,52.38,-0.4637,0,1.1311,1.0,1,0,0,0,1,2,2022-03-30 13:45:00+05:30,2022-03-30 13:50:00+05:30,2022-03-30 14:45:00+05:30,755.05,749.9964285714285,764.1464285714286,-5.0536,L
S328,AXISBANK,2022-03-30 14:00:00+05:30,-0.0189,-0.1299,2,2.0,0.4618,21.15,0.2105,0,0.9469,,0,0,1,1,0,1,2022-03-30 14:00:00+05:30,2022-03-30 14:05:00+05:30,2022-03-30 14:45:00+05:30,754.55,749.4071428571428,763.8071428571428,-5.1429,L
S329,AXISBANK,2022-03-30 14:10:00+05:30,0.0394,-0.0338,0,,0.4123,58.33,-0.3569,0,0.6574,,0,0,1,1,0,1,2022-03-30 14:10:00+05:30,2022-03-30 14:15:00+05:30,2022-03-30 14:45:00+05:30,754.55,749.8357142857143,763.0357142857142,-4.7143,L
S330,AXISBANK,2022-03-31 09:20:00+05:30,,,1,1.0,0.2813,78.57,-0.0047,0,0.9674,0.0,1,0,0,0,1,2,2022-03-31 09:25:00+05:30,2022-03-31 09:30:00+05:30,2022-03-31 15:00:00+05:30,752.8,743.425,769.6750000000001,6.45,EOD+
S331,AXISBANK,2022-03-31 10:40:00+05:30,0.2468,0.2588,14,10.0,0.3024,12.5,-0.0868,0,0.2107,,0,0,0,1,0,1,2022-03-31 10:40:00+05:30,2022-03-31 10:45:00+05:30,2022-03-31 15:00:00+05:30,757.85,753.3232142857142,765.9982142857143,1.4,EOD+
S332,AXISBANK,2022-03-31 10:50:00+05:30,0.2614,0.246,0,,0.5092,92.59,-1.0,0,0.1385,,0,0,1,1,0,1,2022-03-31 10:50:00+05:30,2022-03-31 10:55:00+05:30,2022-03-31 12:10:00+05:30,758.9,755.0339285714285,765.8589285714286,-3.8661,L
S333,AXISBANK,2022-03-31 11:00:00+05:30,0.222,0.2667,0,,0.0875,91.67,-1.0,0,0.3987,,0,1,0,1,0,1,2022-03-31 11:00:00+05:30,2022-03-31 11:05:00+05:30,2022-03-31 11:55:00+05:30,759.95,756.5928571428572,765.9928571428572,-3.3571,L
S334,AXISBANK,2022-03-31 12:15:00+05:30,-0.0841,-0.1029,0,,1.129,33.33,-0.4595,0,1.262,1.0,3,0,0,0,3,4,2022-03-31 12:30:00+05:30,2022-03-31 12:35:00+05:30,2022-03-31 15:00:00+05:30,757.9,754.4178571428571,764.1678571428571,1.35,EOD+
S335,AXISBANK,2022-03-31 12:45:00+05:30,-0.0568,-0.0247,0,,1.3444,19.35,-0.449,0,1.3312,1.0,3,0,0,0,3,4,2022-03-31 13:00:00+05:30,2022-03-31 13:05:00+05:30,2022-03-31 15:00:00+05:30,757.9,754.525,763.975,1.35,EOD+
S336,AXISBANK,2022-03-31 13:15:00+05:30,-0.0178,-0.074,1,1.0,0.073,0.0,3.1026,0,0.6741,,0,0,0,1,0,1,2022-03-31 13:15:00+05:30,2022-03-31 13:20:00+05:30,2022-03-31 15:00:00+05:30,757.45,754.1107142857143,763.4607142857144,1.8,EOD+
S337,AXISBANK,2022-03-31 13:40:00+05:30,-0.0053,-0.0089,0,,0.6782,20.0,-0.5335,0,1.179,1.0,3,1,1,0,3,4,2022-03-31 13:55:00+05:30,2022-03-31 14:00:00+05:30,2022-03-31 15:00:00+05:30,757.3,754.1392857142857,762.9892857142856,1.95,EOD+
S338,AXISBANK,2022-03-31 14:05:00+05:30,-0.003,0.0079,0,,0.5784,15.0,-0.3631,0,1.6363,1.0,1,1,0,0,1,2,2022-03-31 14:10:00+05:30,2022-03-31 14:15:00+05:30,2022-03-31 15:00:00+05:30,757.75,754.3571428571429,763.8571428571429,1.5,EOD+
S339,AXISBANK,2022-04-01 09:15:00+05:30,,,0,,1.6784,35.97,0.1331,0,1.7566,,0,0,0,1,0,1,2022-04-01 09:15:00+05:30,2022-04-01 09:20:00+05:30,2022-04-01 13:50:00+05:30,762.45,756.9946428571429,772.2696428571428,9.8196,W
S340,AXISBANK,2022-04-01 09:25:00+05:30,,,1,1.0,0.2154,35.0,-0.0625,0,0.4173,0.0,1,1,1,0,1,2,2022-04-01 09:30:00+05:30,2022-04-01 09:35:00+05:30,2022-04-01 13:45:00+05:30,760.4,754.8285714285714,770.4285714285713,10.0286,W
S341,AXISBANK,2022-04-01 09:40:00+05:30,0.1147,,0,,0.0568,37.78,5.6667,0,0.2949,,0,0,1,1,0,1,2022-04-01 09:40:00+05:30,2022-04-01 09:45:00+05:30,2022-04-01 13:50:00+05:30,762.0,756.0625,772.6874999999999,10.6875,W
S342,AXISBANK,2022-04-01 11:15:00+05:30,0.139,0.1231,18,9.0,0.2371,25.93,1.1557,0,0.3761,,0,1,1,1,0,1,2022-04-01 11:15:00+05:30,2022-04-01 11:20:00+05:30,2022-04-01 12:00:00+05:30,765.1,760.6982142857144,773.0232142857143,-4.4018,L
S343,AXISBANK,2022-04-01 11:25:00+05:30,0.1242,0.1413,0,,0.4337,53.57,-0.538,0,0.4278,,0,1,0,1,0,1,2022-04-01 11:25:00+05:30,2022-04-01 11:30:00+05:30,2022-04-01 12:00:00+05:30,765.3,760.9339285714285,773.1589285714284,-4.3661,L
S344,AXISBANK,2022-04-01 12:05:00+05:30,-0.069,0.0297,0,,2.7852,83.56,-1.0,0,1.0665,0.0,3,0,1,0,3,4,2022-04-01 12:20:00+05:30,2022-04-01 12:25:00+05:30,2022-04-01 14:15:00+05:30,764.8,760.1392857142856,773.1892857142857,8.3893,W
S345,AXISBANK,2022-04-01 13:00:00+05:30,-0.0079,0.0026,7,4.0,0.2724,70.83,-0.7849,0,0.7895,1.0,1,1,0,0,1,2,2022-04-01 13:05:00+05:30,2022-04-01 13:10:00+05:30,2022-04-01 13:45:00+05:30,764.35,760.0821428571429,772.0321428571428,7.6821,W
S346,AXISBANK,2022-04-04 09:15:00+05:30,,,0,,2.2049,66.8,-0.2223,0,1.8807,0.0,1,1,1,0,1,2,2022-04-04 09:20:00+05:30,2022-04-04 09:25:00+05:30,2022-04-04 14:40:00+05:30,773.7,767.5035714285715,784.8535714285714,11.1536,W
S347,AXISBANK,2022-04-04 10:15:00+05:30,0.0058,0.0781,0,,1.055,88.31,-0.9405,0,0.6397,1.0,3,1,0,0,3,4,2022-04-04 10:30:00+05:30,2022-04-04 10:35:00+05:30,2022-04-04 15:00:00+05:30,774.8,764.8357142857142,792.7357142857143,9.2,EOD+
S348,AXISBANK,2022-04-04 11:05:00+05:30,-0.0375,-0.0161,0,,0.941,50.0,-0.8933,0,1.0211,1.0,3,1,1,0,3,4,2022-04-04 11:20:00+05:30,2022-04-04 11:25:00+05:30,2022-04-04 15:00:00+05:30,774.5,768.2767857142857,785.7017857142858,9.5,EOD+
S349,AXISBANK,2022-04-04 11:30:00+05:30,-0.1342,-0.1148,0,,0.9876,48.98,-0.42,0,0.6571,0.0,3,1,1,0,3,4,2022-04-04 11:45:00+05:30,2022-04-04 11:50:00+05:30,2022-04-04 14:40:00+05:30,773.85,768.3946428571428,783.669642857143,9.8196,W
S350,AXISBANK,2022-04-04 12:40:00+05:30,0.0711,0.0213,10,3.0,0.3578,24.44,1.2222,0,0.6589,,0,0,0,1,0,1,2022-04-04 12:40:00+05:30,2022-04-04 12:45:00+05:30,2022-04-04 14:00:00+05:30,774.5,770.8839285714286,781.0089285714287,6.5089,W
S351,AXISBANK,2022-04-04 12:50:00+05:30,0.0798,0.0559,0,,0.6396,27.91,-0.2347,0,0.4903,0.0,1,0,0,0,1,2,2022-04-04 12:55:00+05:30,2022-04-04 13:00:00+05:30,2022-04-04 14:25:00+05:30,775.0,771.1696428571428,781.8946428571429,6.8946,W
S352,AXISBANK,2022-04-05 09:15:00+05:30,,,0,,2.566,49.2,-1.0,0,1.1136,0.0,2,0,0,0,2,3,2022-04-05 09:25:00+05:30,2022-04-05 09:30:00+05:30,2022-04-05 09:45:00+05:30,783.8,777.3357142857143,795.4357142857142,-6.4643,L
S353,AXISBANK,2022-04-05 10:15:00+05:30,-0.1244,-0.0684,0,,0.7928,78.79,-0.9766,0,0.6207,1.0,3,0,0,0,3,4,2022-04-05 10:30:00+05:30,2022-04-05 10:35:00+05:30,2022-04-05 13:25:00+05:30,781.45,774.7178571428572,793.5678571428572,12.1179,W
S354,AXISBANK,2022-04-05 10:40:00+05:30,-0.1101,-0.1167,0,,1.019,0.0,-0.5072,0,0.4463,0.0,1,0,1,0,1,2,2022-04-05 10:45:00+05:30,2022-04-05 10:50:00+05:30,2022-04-05 13:05:00+05:30,781.4,777.1678571428571,789.0178571428571,7.6179,W
S355,AXISBANK,2022-04-05 14:00:00+05:30,0.2602,0.2995,37,6.0,0.1239,92.31,0.3483,0,2.0232,,0,1,0,1,0,1,2022-04-05 14:00:00+05:30,2022-04-05 14:05:00+05:30,2022-04-05 14:25:00+05:30,790.9,786.4089285714285,798.9839285714286,-4.4911,L
S356,AXISBANK,2022-04-06 10:35:00+05:30,-0.4689,-0.5182,0,,2.388,24.39,-0.7945,0,0.6065,0.0,3,0,0,0,3,4,2022-04-06 10:50:00+05:30,2022-04-06 10:55:00+05:30,2022-04-06 15:00:00+05:30,773.4,768.5607142857143,782.1107142857143,1.15,EOD+
S357,AXISBANK,2022-04-06 11:45:00+05:30,0.1112,0.0362,9,5.0,0.0968,79.49,0.8462,0,0.6,,0,1,1,1,0,1,2022-04-06 11:45:00+05:30,2022-04-06 11:50:00+05:30,2022-04-06 15:00:00+05:30,773.5,769.3035714285714,781.0535714285714,1.05,EOD+
S358,AXISBANK,2022-04-06 11:55:00+05:30,0.1109,0.1083,0,,0.2267,86.84,-0.6226,0,1.1144,,0,1,1,1,0,1,2022-04-06 11:55:00+05:30,2022-04-06 12:00:00+05:30,2022-04-06 15:00:00+05:30,776.75,772.3660714285714,784.6410714285715,-2.2,EOD-
S359,AXISBANK,2022-04-06 14:10:00+05:30,-0.0941,-0.0522,0,,1.7586,47.06,-0.9608,0,1.6307,1.0,3,0,1,0,3,4,2022-04-06 14:25:00+05:30,2022-04-06 14:30:00+05:30,2022-04-06 15:00:00+05:30,776.05,772.425,782.575,-1.5,EOD-
S360,AXISBANK,2022-04-07 09:15:00+05:30,,,0,,2.3663,87.42,-0.9473,0,2.5447,,0,0,0,1,0,1,2022-04-07 09:15:00+05:30,2022-04-07 09:20:00+05:30,2022-04-07 11:40:00+05:30,776.1,770.0910714285715,786.9160714285714,10.8161,W
S361,AXISBANK,2022-04-07 09:25:00+05:30,,,0,,0.8787,38.3,-0.6158,0,0.5989,0.0,1,0,1,0,1,2,2022-04-07 09:30:00+05:30,2022-04-07 09:35:00+05:30,2022-04-07 11:35:00+05:30,775.1,768.8053571428571,786.4303571428571,11.3304,W
S362,AXISBANK,2022-04-07 10:55:00+05:30,0.2009,0.1963,15,7.0,0.7569,13.33,0.2207,0,0.6761,,0,0,0,1,0,1,2022-04-07 10:55:00+05:30,2022-04-07 11:00:00+05:30,2022-04-07 11:45:00+05:30,779.3,774.0232142857143,788.7982142857143,9.4982,W
S363,AXISBANK,2022-04-07 13:20:00+05:30,0.252,0.312,28,14.0,0.0673,27.78,1.381,0,0.4944,,0,0,1,1,0,1,2022-04-07 13:20:00+05:30,2022-04-07 13:25:00+05:30,2022-04-07 13:35:00+05:30,793.0,789.0982142857143,800.0232142857143,-3.9018,L
S364,AXISBANK,2022-04-08 09:25:00+05:30,,,2,2.0,0.2091,98.44,-1.0,0,0.8463,0.0,1,0,0,0,1,2,2022-04-08 09:30:00+05:30,2022-04-08 09:35:00+05:30,2022-04-08 15:00:00+05:30,792.35,786.5821428571429,802.7321428571429,3.45,EOD+
S365,AXISBANK,2022-04-08 09:50:00+05:30,0.136,,3,2.0,0.7345,91.07,-0.9171,0,1.2122,1.0,1,1,0,0,1,2,2022-04-08 09:55:00+05:30,2022-04-08 10:00:00+05:30,2022-04-08 15:00:00+05:30,793.9,787.7392857142858,804.9892857142856,1.9,EOD+
S366,AXISBANK,2022-04-08 10:05:00+05:30,0.0893,0.136,0,,0.9228,46.22,-0.3818,0,1.3836,,0,1,0,1,0,1,2022-04-08 10:05:00+05:30,2022-04-08 10:10:00+05:30,2022-04-08 15:00:00+05:30,794.3,786.1928571428571,808.8928571428571,1.5,EOD+
S367,AXISBANK,2022-04-08 10:15:00+05:30,0.0905,0.112,1,1.0,0.4707,72.34,-0.1518,0,0.3641,0.0,2,0,1,0,2,3,2022-04-08 10:25:00+05:30,2022-04-08 10:30:00+05:30,2022-04-08 15:00:00+05:30,794.65,784.9446428571429,812.1196428571428,1.15,EOD+
S368,AXISBANK,2022-04-08 10:35:00+05:30,0.0381,0.0602,1,1.0,0.1424,15.09,2.8679,0,0.2757,,0,0,0,1,0,1,2022-04-08 10:35:00+05:30,2022-04-08 10:40:00+05:30,2022-04-08 15:00:00+05:30,795.0,785.6964285714286,811.7464285714285,0.8,EOD+
S369,AXISBANK,2022-04-08 10:50:00+05:30,0.0857,0.0381,2,2.0,0.0653,28.95,1.6374,0,0.1875,,0,1,0,1,0,1,2022-04-08 10:50:00+05:30,2022-04-08 10:55:00+05:30,2022-04-08 15:00:00+05:30,794.15,785.4357142857143,809.8357142857142,1.65,EOD+
S370,AXISBANK,2022-04-08 11:00:00+05:30,0.0491,0.0778,1,1.0,0.1537,55.88,0.1538,0,0.3965,,0,0,0,1,0,1,2022-04-08 11:00:00+05:30,2022-04-08 11:05:00+05:30,2022-04-08 15:00:00+05:30,793.6,785.1446428571429,808.8196428571429,2.2,EOD+
S371,AXISBANK,2022-04-08 11:20:00+05:30,-0.018,0.0535,0,,1.2554,59.09,-0.8593,0,0.6056,1.0,3,0,0,0,3,4,2022-04-08 11:35:00+05:30,2022-04-08 11:40:00+05:30,2022-04-08 15:00:00+05:30,793.8,788.1392857142857,803.9892857142856,2.0,EOD+
S372,AXISBANK,2022-04-08 11:45:00+05:30,-0.0104,-0.0425,0,,0.9523,50.0,-0.7682,0,0.648,1.0,2,0,1,0,2,3,2022-04-08 11:55:00+05:30,2022-04-08 12:00:00+05:30,2022-04-08 14:10:00+05:30,793.4,789.4357142857143,800.5357142857142,7.1357,W
S373,AXISBANK,2022-04-08 12:05:00+05:30,-0.0416,-0.0296,0,,0.2075,40.54,-1.0,0,1.6469,0.0,1,0,1,0,1,2,2022-04-08 12:10:00+05:30,2022-04-08 12:15:00+05:30,2022-04-08 15:00:00+05:30,794.25,790.3035714285714,801.3535714285715,1.55,EOD+
S374,AXISBANK,2022-04-08 13:00:00+05:30,0.1108,0.0624,9,5.0,0.1249,10.0,3.9383,0,0.4807,,0,1,1,1,0,1,2022-04-08 13:00:00+05:30,2022-04-08 13:05:00+05:30,2022-04-08 15:00:00+05:30,795.1,791.0464285714286,802.3964285714286,0.7,EOD+
S375,AXISBANK,2022-04-08 14:20:00+05:30,0.1088,0.1308,15,2.0,0.3856,37.25,0.9417,0,1.3848,,0,0,0,1,0,1,2022-04-08 14:20:00+05:30,2022-04-08 14:25:00+05:30,2022-04-08 14:45:00+05:30,797.55,794.2107142857142,803.5607142857143,-3.3393,L
S376,AXISBANK,2022-04-11 10:00:00+05:30,-0.2252,-0.2971,0,,1.2494,61.9,-0.8875,0,0.91,1.0,3,0,0,0,3,4,2022-04-11 10:15:00+05:30,2022-04-11 10:20:00+05:30,2022-04-11 12:30:00+05:30,792.95,786.7267857142857,804.1517857142859,-6.2232,L
S377,AXISBANK,2022-04-11 10:40:00+05:30,-0.0768,-0.1175,4,3.0,0.0768,80.95,0.3115,0,0.5122,,0,0,0,1,0,1,2022-04-11 10:40:00+05:30,2022-04-11 10:45:00+05:30,2022-04-11 14:55:00+05:30,791.2,786.2357142857143,800.1357142857144,-4.9643,L
S378,AXISBANK,2022-04-11 11:35:00+05:30,-0.0092,0.0288,0,,0.8592,14.29,-0.4005,0,1.1948,1.0,3,0,0,0,3,4,2022-04-11 11:50:00+05:30,2022-04-11 11:55:00+05:30,2022-04-11 12:25:00+05:30,790.85,788.1803571428571,795.6553571428572,-2.6696,L
S379,AXISBANK,2022-04-11 12:00:00+05:30,-0.036,-0.0019,0,,1.1698,6.0,-0.0669,0,1.8042,,0,1,0,1,0,1,2022-04-11 12:00:00+05:30,2022-04-11 12:05:00+05:30,2022-04-11 12:25:00+05:30,791.0,788.3660714285714,795.7410714285714,-2.6339,L
S380,AXISBANK,2022-04-11 12:10:00+05:30,-0.062,-0.0205,0,,0.3538,62.5,-0.5714,0,0.8646,1.0,1,0,1,0,1,2,2022-04-11 12:15:00+05:30,2022-04-11 12:20:00+05:30,2022-04-11 12:30:00+05:30,790.4,787.9267857142858,794.8517857142857,-2.4732,L
S381,AXISBANK,2022-04-11 12:40:00+05:30,-0.0709,-0.0645,0,,2.3552,90.48,-0.9616,0,1.6331,1.0,3,0,1,0,3,4,2022-04-11 12:55:00+05:30,2022-04-11 13:00:00+05:30,2022-04-11 13:55:00+05:30,791.5,788.7321428571429,796.4821428571429,-2.7679,L
S382,AXISBANK,2022-04-11 14:00:00+05:30,-0.0259,-0.0022,0,,1.3464,51.28,-0.6149,0,0.9791,0.0,3,0,0,0,3,4,2022-04-11 14:15:00+05:30,2022-04-11 14:20:00+05:30,2022-04-11 14:50:00+05:30,790.5,786.8839285714286,797.0089285714287,-3.6161,L
S383,AXISBANK,2022-04-12 10:10:00+05:30,-0.2281,-0.2214,0,,1.2317,4.17,-0.7833,0,0.6017,1.0,3,1,0,0,3,4,2022-04-12 10:25:00+05:30,2022-04-12 10:30:00+05:30,2022-04-12 11:30:00+05:30,784.1,778.0107142857142,795.0607142857143,-6.0893,L
S384,AXISBANK,2022-04-12 11:25:00+05:30,-0.0713,-0.086,0,,1.0516,20.83,-0.7882,0,0.8798,1.0,3,1,0,0,3,4,2022-04-12 11:40:00+05:30,2022-04-12 11:45:00+05:30,2022-04-12 12:50:00+05:30,782.65,778.7214285714285,789.7214285714285,7.0714,W
S385,AXISBANK,2022-04-12 13:30:00+05:30,0.2208,0.2802,20,7.0,0.0236,0.0,20.1111,0,0.9037,,0,1,0,1,0,1,2022-04-12 13:30:00+05:30,2022-04-12 13:35:00+05:30,2022-04-12 14:20:00+05:30,787.9,783.1410714285714,796.4660714285714,8.5661,W
S386,AXISBANK,2022-04-12 13:40:00+05:30,0.1613,0.2383,0,,0.555,25.0,-0.3304,0,0.7998,1.0,1,0,1,0,1,2,2022-04-12 13:45:00+05:30,2022-04-12 13:50:00+05:30,2022-04-12 14:30:00+05:30,788.5,783.4553571428571,797.5803571428571,9.0804,W
S387,AXISBANK,2022-04-13 09:45:00+05:30,0.2423,,6,6.0,0.2224,54.69,0.4815,0,1.1569,,0,1,0,1,0,1,2022-04-13 09:45:00+05:30,2022-04-13 09:50:00+05:30,2022-04-13 12:10:00+05:30,800.0,794.6875,809.5625,-5.3125,L
S388,AXISBANK,2022-04-13 09:55:00+05:30,0.1584,0.2917,1,1.0,0.1043,56.0,0.1628,0,0.6676,,0,0,1,1,0,1,2022-04-13 09:55:00+05:30,2022-04-13 10:00:00+05:30,2022-04-13 12:10:00+05:30,799.95,794.7982142857144,809.2232142857142,-5.1518,L
S389,AXISBANK,2022-04-13 10:50:00+05:30,-0.0028,-0.0109,0,,0.4303,10.0,-0.7668,0,0.3749,0.0,3,0,1,0,3,4,2022-04-13 11:05:00+05:30,2022-04-13 11:10:00+05:30,2022-04-13 12:10:00+05:30,799.3,794.3178571428571,808.2678571428571,-4.9821,L
S390,AXISBANK,2022-04-13 11:15:00+05:30,-0.1343,-0.0544,0,,1.1251,17.95,-0.2695,0,0.9727,1.0,1,0,0,0,1,2,2022-04-13 11:20:00+05:30,2022-04-13 11:25:00+05:30,2022-04-13 12:10:00+05:30,798.45,794.0392857142857,806.3892857142858,-4.4107,L
S391,AXISBANK,2022-04-13 11:45:00+05:30,-0.0013,-0.0921,4,3.0,0.5645,17.86,-0.0769,0,0.609,0.0,1,1,0,0,1,2,2022-04-13 11:50:00+05:30,2022-04-13 11:55:00+05:30,2022-04-13 12:10:00+05:30,798.5,794.9017857142857,804.9767857142857,-3.5982,L
S392,AXISBANK,2022-04-13 12:55:00+05:30,-0.0703,-0.0966,0,,0.8492,9.37,-0.5195,0,0.7167,1.0,3,0,1,0,3,4,2022-04-13 13:10:00+05:30,2022-04-13 13:15:00+05:30,2022-04-13 15:00:00+05:30,796.7,791.7982142857143,805.5232142857144,-2.6,EOD-
S393,AXISBANK,2022-04-13 13:20:00+05:30,-0.082,-0.0866,1,1.0,0.0072,9.09,55.0,0,0.594,,0,0,1,1,0,1,2022-04-13 13:20:00+05:30,2022-04-13 13:25:00+05:30,2022-04-13 14:00:00+05:30,797.0,792.6785714285714,804.7785714285714,-4.3214,L
S394,AXISBANK,2022-04-13 13:30:00+05:30,-0.0732,-0.0867,0,,0.3963,7.89,-0.2334,0,0.7808,0.0,1,0,0,0,1,2,2022-04-13 13:35:00+05:30,2022-04-13 13:40:00+05:30,2022-04-13 15:00:00+05:30,795.9,791.3732142857143,804.0482142857142,-1.8,EOD-
S395,AXISBANK,2022-04-13 13:45:00+05:30,-0.0603,-0.0732,0,,0.0949,29.63,-0.2453,0,1.3592,1.0,3,0,0,0,3,4,2022-04-13 14:00:00+05:30,2022-04-13 14:05:00+05:30,2022-04-13 15:00:00+05:30,795.9,792.4089285714285,802.1839285714285,-1.8,EOD-
S396,AXISBANK,2022-04-13 14:10:00+05:30,0.0408,-0.0217,0,,0.0356,20.0,5.087,0,0.8171,,0,1,1,1,0,1,2022-04-13 14:10:00+05:30,2022-04-13 14:15:00+05:30,2022-04-13 15:00:00+05:30,796.6,792.5642857142858,803.8642857142856,-4.0357,L
S397,AXISBANK,2022-04-18 11:05:00+05:30,-0.1589,-0.3763,0,,1.639,59.37,-0.9792,0,0.9014,1.0,3,0,1,0,3,4,2022-04-18 11:20:00+05:30,2022-04-18 11:25:00+05:30,2022-04-18 14:15:00+05:30,783.05,779.3892857142856,789.6392857142857,6.5893,W
S398,AXISBANK,2022-04-18 13:05:00+05:30,0.0159,0.1009,0,,2.2574,40.62,-0.9594,0,0.6896,0.0,3,0,1,0,3,4,2022-04-18 13:20:00+05:30,2022-04-18 13:25:00+05:30,2022-04-18 14:35:00+05:30,784.8,780.7107142857142,792.1607142857142,7.3607,W
S399,AXISBANK,2022-04-18 13:30:00+05:30,-0.0688,-0.0526,0,,0.0015,75.0,139.0,0,0.6249,,0,0,1,1,0,1,2022-04-18 13:30:00+05:30,2022-04-18 13:35:00+05:30,2022-04-18 14:40:00+05:30,785.8,781.5678571428571,793.4178571428571,7.6179,W
S400,AXISBANK,2022-04-18 13:40:00+05:30,-0.0453,-0.0711,1,1.0,0.0869,7.69,7.1356,0,0.8944,,0,0,0,1,0,1,2022-04-18 13:40:00+05:30,2022-04-18 13:45:00+05:30,2022-04-18 14:35:00+05:30,785.5,781.2589285714286,793.1339285714286,7.6339,W
S401,AXISBANK,2022-04-19 10:20:00+05:30,0.255,0.3717,13,13.0,0.0135,57.14,14.0,0,0.3353,,0,0,1,1,0,1,2022-04-19 10:20:00+05:30,2022-04-19 10:25:00+05:30,2022-04-19 15:00:00+05:30,804.55,797.1303571428571,817.9053571428572,4.95,EOD+
S402,AXISBANK,2022-04-19 13:15:00+05:30,0.02,0.0739,0,,1.9905,88.71,-0.9855,0,0.5315,0.0,3,0,0,0,3,4,2022-04-19 13:30:00+05:30,2022-04-19 13:35:00+05:30,2022-04-19 15:00:00+05:30,812.45,808.1107142857144,820.2607142857144,-4.3393,L
S403,AXISBANK,2022-04-19 13:40:00+05:30,0.0588,0.0333,1,1.0,0.8129,83.72,-0.8124,0,0.567,0.0,1,1,1,0,1,2,2022-04-19 13:45:00+05:30,2022-04-19 13:50:00+05:30,2022-04-19 14:55:00+05:30,812.8,808.7017857142857,820.1767857142856,-4.0982,L
S404,AXISBANK,2022-04-19 14:20:00+05:30,0.024,0.0462,5,2.0,0.2671,60.38,0.7172,0,1.0983,,0,1,0,1,0,1,2022-04-19 14:20:00+05:30,2022-04-19 14:25:00+05:30,2022-04-19 14:55:00+05:30,813.0,808.3660714285713,821.3410714285715,-4.6339,L
S405,AXISBANK,2022-04-20 11:00:00+05:30,-0.0855,-0.2193,0,,1.0421,48.0,-1.0,0,0.7569,0.0,3,1,0,0,3,4,2022-04-20 11:15:00+05:30,2022-04-20 11:20:00+05:30,2022-04-20 15:00:00+05:30,794.85,789.3142857142858,804.8142857142857,-0.65,EOD-
S406,AXISBANK,2022-04-20 11:25:00+05:30,-0.1517,-0.0874,0,,0.5878,69.77,-0.5228,0,0.4183,0.0,3,1,1,0,3,4,2022-04-20 11:40:00+05:30,2022-04-20 11:45:00+05:30,2022-04-20 15:00:00+05:30,794.45,789.5482142857144,803.2732142857143,-0.25,EOD-
S407,AXISBANK,2022-04-20 13:15:00+05:30,0.148,0.1559,17,3.0,1.3899,32.69,-0.1727,0,0.5761,0.0,2,0,1,0,2,3,2022-04-20 13:25:00+05:30,2022-04-20 13:30:00+05:30,2022-04-20 13:45:00+05:30,798.7,795.0035714285715,805.3535714285715,-3.6964,L
S408,AXISBANK,2022-04-21 09:20:00+05:30,,,1,1.0,0.5627,87.32,-0.8182,0,0.757,0.0,2,0,0,0,2,3,2022-04-21 09:30:00+05:30,2022-04-21 09:35:00+05:30,2022-04-21 15:00:00+05:30,794.6,787.2696428571429,807.7946428571429,4.6,EOD+
S409,AXISBANK,2022-04-21 10:15:00+05:30,-0.0639,0.0123,0,,0.9002,24.0,-0.9454,0,0.65,0.0,3,0,1,0,3,4,2022-04-21 10:30:00+05:30,2022-04-21 10:35:00+05:30,2022-04-21 15:00:00+05:30,794.25,789.1607142857142,803.4107142857143,4.95,EOD+
S410,AXISBANK,2022-04-21 12:05:00+05:30,0.1833,0.1748,18,7.0,0.7973,23.68,-0.1006,0,0.9726,,0,0,0,1,0,1,2022-04-21 12:05:00+05:30,2022-04-21 12:10:00+05:30,2022-04-21 15:00:00+05:30,798.1,794.4392857142857,804.6892857142858,1.1,EOD+
S411,AXISBANK,2022-04-21 13:00:00+05:30,-0.0542,-0.0116,0,,0.9406,25.0,-0.6512,0,0.7592,1.0,3,0,1,0,3,4,2022-04-21 13:15:00+05:30,2022-04-21 13:20:00+05:30,2022-04-21 15:00:00+05:30,797.15,793.7214285714285,803.3214285714286,2.05,EOD+
S412,AXISBANK,2022-04-21 13:25:00+05:30,-0.0718,-0.0793,0,,0.6392,78.05,-0.8271,0,0.9391,,0,1,0,1,0,1,2022-04-21 13:25:00+05:30,2022-04-21 13:30:00+05:30,2022-04-21 15:00:00+05:30,798.1,794.7071428571429,804.2071428571429,1.1,EOD+
S413,AXISBANK,2022-04-21 13:55:00+05:30,0.0116,-0.0245,5,2.0,0.1802,63.64,-0.7917,0,1.738,1.0,1,0,0,0,1,2,2022-04-21 14:00:00+05:30,2022-04-21 14:05:00+05:30,2022-04-21 15:00:00+05:30,797.5,794.1696428571429,803.4946428571429,1.7,EOD+
S414,AXISBANK,2022-04-22 11:40:00+05:30,-0.1536,-0.1538,0,,0.698,57.14,-0.8867,0,0.8344,1.0,3,0,0,0,3,4,2022-04-22 11:55:00+05:30,2022-04-22 12:00:00+05:30,2022-04-22 13:45:00+05:30,787.0,783.8392857142857,792.6892857142858,-3.1607,L
S415,AXISBANK,2022-04-22 12:15:00+05:30,-0.0105,0.0025,0,,0.7413,42.86,-0.9443,0,1.6306,1.0,3,0,1,0,3,4,2022-04-22 12:30:00+05:30,2022-04-22 12:35:00+05:30,2022-04-22 13:45:00+05:30,786.3,783.2732142857142,791.7482142857143,-3.0268,L
S416,AXISBANK,2022-04-22 12:50:00+05:30,0.013,-0.0162,3,3.0,0.0789,11.11,4.5,0,0.6581,,0,0,1,1,0,1,2022-04-22 12:50:00+05:30,2022-04-22 12:55:00+05:30,2022-04-22 13:45:00+05:30,786.65,783.4803571428571,792.3553571428572,-3.1696,L
S417,AXISBANK,2022-04-22 13:00:00+05:30,-0.0102,0.0051,0,,0.4851,11.11,-0.9216,0,1.0999,1.0,1,1,0,0,1,2,2022-04-22 13:05:00+05:30,2022-04-22 13:10:00+05:30,2022-04-22 13:45:00+05:30,786.55,783.2642857142856,792.4642857142857,-3.2857,L
S418,AXISBANK,2022-04-25 09:20:00+05:30,,,0,,2.6181,52.11,-0.7426,0,1.554,1.0,3,0,0,0,3,4,2022-04-25 09:35:00+05:30,2022-04-25 09:40:00+05:30,2022-04-25 15:00:00+05:30,783.0,774.6517857142857,798.0267857142857,-2.9,EOD-
S419,AXISBANK,2022-04-25 09:50:00+05:30,0.0506,,2,1.0,0.0025,82.5,59.0,0,0.7105,,0,0,0,1,0,1,2022-04-25 09:50:00+05:30,2022-04-25 09:55:00+05:30,2022-04-25 15:00:00+05:30,781.0,770.875,799.225,-0.9,EOD-
S420,AXISBANK,2022-04-25 11:15:00+05:30,0.254,0.2642,15,12.0,0.1127,23.53,4.9259,0,0.5106,,0,1,0,1,0,1,2022-04-25 11:15:00+05:30,2022-04-25 11:20:00+05:30,2022-04-25 11:40:00+05:30,786.5,782.0089285714286,794.5839285714286,-4.4911,L
S421,AXISBANK,2022-04-25 11:50:00+05:30,-0.0025,0.0694,0,,0.8529,5.88,-0.931,0,0.906,1.0,3,1,1,0,3,4,2022-04-25 12:05:00+05:30,2022-04-25 12:10:00+05:30,2022-04-25 12:35:00+05:30,785.55,781.3,793.1999999999999,-4.25,L
S422,AXISBANK,2022-04-25 12:30:00+05:30,-0.0707,-0.0382,0,,1.3797,50.0,-0.9017,0,0.9786,0.0,3,1,0,0,3,4,2022-04-25 12:45:00+05:30,2022-04-25 12:50:00+05:30,2022-04-25 14:40:00+05:30,784.9,780.2928571428571,793.1928571428571,-4.6071,L
S423,AXISBANK,2022-04-25 13:20:00+05:30,0.0491,-0.0239,5,1.0,0.0548,92.16,1.0,0,2.2871,,0,0,0,1,0,1,2022-04-25 13:20:00+05:30,2022-04-25 13:25:00+05:30,2022-04-25 14:45:00+05:30,784.65,780.0875,792.8625,-4.5625,L
S424,AXISBANK,2022-04-25 13:50:00+05:30,-0.0411,0.0229,0,,1.1517,71.43,-0.8578,0,1.0753,0.0,3,1,0,0,3,4,2022-04-25 14:05:00+05:30,2022-04-25 14:10:00+05:30,2022-04-25 14:40:00+05:30,785.5,780.9196428571429,793.7446428571429,-4.5804,L
S425,AXISBANK,2022-04-26 11:05:00+05:30,0.1107,0.3821,0,,1.5521,7.69,-0.8218,0,1.0872,1.0,3,1,0,0,3,4,2022-04-26 11:20:00+05:30,2022-04-26 11:25:00+05:30,2022-04-26 13:00:00+05:30,793.4,789.7839285714285,799.9089285714286,-3.6161,L
S426,AXISBANK,2022-04-26 11:30:00+05:30,-0.0653,-0.0473,0,,0.3906,40.0,-1.0,0,0.6053,0.0,1,0,1,0,1,2,2022-04-26 11:35:00+05:30,2022-04-26 11:40:00+05:30,2022-04-26 13:00:00+05:30,793.1,789.4035714285714,799.7535714285715,-3.6964,L
S427,AXISBANK,2022-04-26 12:15:00+05:30,0.0265,0.0268,7,3.0,0.0683,62.5,2.7838,0,1.5445,,0,1,0,1,0,1,2022-04-26 12:15:00+05:30,2022-04-26 12:20:00+05:30,2022-04-26 12:55:00+05:30,794.0,790.6160714285714,800.0910714285715,-3.3839,L
S428,AXISBANK,2022-04-26 13:05:00+05:30,-0.0107,0.0567,0,,1.65,52.38,-0.8328,0,2.0888,1.0,3,0,0,0,3,4,2022-04-26 13:20:00+05:30,2022-04-26 13:25:00+05:30,2022-04-26 14:20:00+05:30,793.0,789.375,799.525,-3.625,L
S429,AXISBANK,2022-04-26 13:30:00+05:30,-0.0192,-0.0407,1,1.0,0.3259,37.04,0.1224,0,0.5813,,0,1,0,1,0,1,2022-04-26 13:30:00+05:30,2022-04-26 13:35:00+05:30,2022-04-26 14:20:00+05:30,793.0,789.2410714285714,799.7660714285714,-3.7589,L
S430,AXISBANK,2022-04-26 13:55:00+05:30,0.0255,-0.0088,3,1.0,0.0245,74.14,10.7647,0,1.1298,,0,0,0,1,0,1,2022-04-26 13:55:00+05:30,2022-04-26 14:00:00+05:30,2022-04-26 14:20:00+05:30,793.5,789.1607142857143,801.3107142857143,-4.3393,L
S431,AXISBANK,2022-04-26 14:05:00+05:30,0.0262,0.0218,0,,0.2433,50.0,-0.3865,0,0.5847,,0,1,1,1,0,1,2022-04-26 14:05:00+05:30,2022-04-26 14:10:00+05:30,2022-04-26 14:20:00+05:30,793.6,789.4125,801.1374999999999,-4.1875,L
S432,AXISBANK,2022-04-27 10:40:00+05:30,-0.3289,-0.3683,0,,0.7215,73.33,-0.8746,0,0.2666,0.0,3,0,1,0,3,4,2022-04-27 10:55:00+05:30,2022-04-27 11:00:00+05:30,2022-04-27 11:55:00+05:30,765.0,759.4732142857142,774.9482142857144,-5.5268,L
S433,AXISBANK,2022-04-27 11:15:00+05:30,-0.0451,-0.2534,3,1.0,0.9722,3.23,0.0545,0,0.5368,,0,0,1,1,0,1,2022-04-27 11:15:00+05:30,2022-04-27 11:20:00+05:30,2022-04-27 11:35:00+05:30,764.6,761.0642857142857,770.9642857142858,-3.5357,L
S434,AXISBANK,2022-04-27 13:25:00+05:30,-0.3141,-0.3975,0,,0.9427,41.18,-0.7139,0,0.7264,1.0,3,0,1,0,3,4,2022-04-27 13:40:00+05:30,2022-04-27 13:45:00+05:30,2022-04-27 14:40:00+05:30,755.65,750.0875,765.6625,10.0125,W
S435,AXISBANK,2022-04-28 09:45:00+05:30,0.3158,,6,6.0,0.1331,89.02,-0.6552,0,0.3846,0.0,1,0,0,0,1,2,2022-04-28 09:50:00+05:30,2022-04-28 09:55:00+05:30,2022-04-28 14:50:00+05:30,767.8,759.6303571428571,782.5053571428571,14.7054,W
S436,AXISBANK,2022-04-28 10:00:00+05:30,0.2096,0.3158,0,,0.2339,83.33,-0.7091,0,0.4498,,0,0,0,1,0,1,2022-04-28 10:00:00+05:30,2022-04-28 10:05:00+05:30,2022-04-28 14:50:00+05:30,769.7,762.3517857142857,782.9267857142858,13.2268,W
S437,AXISBANK,2022-04-28 10:25:00+05:30,0.093,0.1672,4,4.0,0.3768,11.11,0.4235,0,0.2255,,0,0,1,1,0,1,2022-04-28 10:25:00+05:30,2022-04-28 10:30:00+05:30,2022-04-28 13:45:00+05:30,769.0,764.3392857142857,777.3892857142857,8.3893,W
S438,AXISBANK,2022-04-28 10:35:00+05:30,0.0995,0.108,0,,0.2573,14.29,-0.8701,0,0.6257,1.0,3,0,0,0,3,4,2022-04-28 10:50:00+05:30,2022-04-28 10:55:00+05:30,2022-04-28 13:40:00+05:30,770.0,766.2589285714286,776.7339285714286,6.7339,W
S439,AXISBANK,2022-04-28 11:00:00+05:30,0.0211,0.1154,1,1.0,0.1267,62.5,-1.0,0,0.3174,0.0,1,0,1,0,1,2,2022-04-28 11:05:00+05:30,2022-04-28 11:10:00+05:30,2022-04-28 13:35:00+05:30,769.2,766.2892857142857,774.4392857142858,5.2393,W
S440,AXISBANK,2022-04-28 11:20:00+05:30,-0.0702,-0.014,0,,1.4407,9.09,-0.5245,0,0.7311,1.0,3,0,1,0,3,4,2022-04-28 11:35:00+05:30,2022-04-28 11:40:00+05:30,2022-04-28 13:35:00+05:30,769.15,766.2303571428571,774.4053571428572,5.2554,W
S441,AXISBANK,2022-04-28 11:45:00+05:30,0.0107,-0.04,0,,0.7041,85.71,-0.9422,0,0.5463,,0,0,1,1,0,1,2022-04-28 11:45:00+05:30,2022-04-28 11:50:00+05:30,2022-04-28 13:35:00+05:30,769.55,766.4785714285714,775.0785714285713,5.5286,W
S442,AXISBANK,2022-04-28 11:55:00+05:30,-0.0387,0.001,0,,1.4229,83.87,-1.0,0,0.6342,1.0,1,0,0,0,1,2,2022-04-28 12:00:00+05:30,2022-04-28 12:05:00+05:30,2022-04-28 13:35:00+05:30,768.95,765.4053571428572,775.3303571428572,6.3804,W
S443,AXISBANK,2022-04-28 12:25:00+05:30,0.0361,-0.025,4,2.0,0.1374,17.39,4.1351,0,0.8753,,0,1,0,1,0,1,2022-04-28 12:25:00+05:30,2022-04-28 12:30:00+05:30,2022-04-28 13:35:00+05:30,769.8,766.4339285714285,775.8589285714286,6.0589,W
S444,AXISBANK,2022-04-28 13:15:00+05:30,0.1126,0.0809,9,1.0,0.0319,1.79,52.6842,0,4.0565,,0,1,0,1,0,1,2022-04-28 13:15:00+05:30,2022-04-28 13:20:00+05:30,2022-04-28 13:55:00+05:30,772.8,769.0767857142856,779.5017857142857,6.7018,W
S445,AXISBANK,2022-04-29 11:00:00+05:30,-0.7302,-1.099,0,,0.9599,96.61,-1.0,0,0.4768,0.0,3,0,1,0,3,4,2022-04-29 11:15:00+05:30,2022-04-29 11:20:00+05:30,2022-04-29 13:35:00+05:30,745.95,738.9053571428572,758.6303571428572,-7.0446,L
S446,AXISBANK,2022-04-29 11:25:00+05:30,-0.212,-0.3592,0,,0.7348,83.33,-0.9649,0,0.5561,1.0,1,0,1,0,1,2,2022-04-29 11:30:00+05:30,2022-04-29 11:35:00+05:30,2022-04-29 13:35:00+05:30,745.3,740.4517857142856,754.0267857142858,-4.8482,L
S447,AXISBANK,2022-04-29 11:40:00+05:30,-0.0547,-0.212,0,,0.4653,15.38,-0.2793,0,0.4217,0.0,1,0,1,0,1,2,2022-04-29 11:45:00+05:30,2022-04-29 11:50:00+05:30,2022-04-29 12:45:00+05:30,747.1,742.6267857142857,755.1517857142858,-4.4732,L
S448,AXISBANK,2022-05-02 09:15:00+05:30,,,0,,3.3108,77.09,-0.8018,0,2.8477,,0,0,0,1,0,1,2022-05-02 09:15:00+05:30,2022-05-02 09:20:00+05:30,2022-05-02 10:55:00+05:30,736.0,726.2857142857143,753.4857142857143,-9.7143,L
S449,AXISBANK,2022-05-02 09:25:00+05:30,,,1,1.0,0.2181,51.19,0.9469,0,0.8092,,0,1,0,1,0,1,2022-05-02 09:25:00+05:30,2022-05-02 09:30:00+05:30,2022-05-02 11:55:00+05:30,733.15,723.4357142857143,750.6357142857142,-9.7143,L
S450,AXISBANK,2022-05-02 09:35:00+05:30,,,0,,0.3066,55.56,-0.1635,0,0.6872,,0,1,0,1,0,1,2022-05-02 09:35:00+05:30,2022-05-02 09:40:00+05:30,2022-05-02 11:55:00+05:30,735.3,724.5767857142857,754.6017857142856,-10.7232,L
S451,AXISBANK,2022-05-02 09:45:00+05:30,0.0092,,1,1.0,0.0894,30.0,2.8462,0,0.2675,,0,0,0,1,0,1,2022-05-02 09:45:00+05:30,2022-05-02 09:50:00+05:30,2022-05-02 11:55:00+05:30,733.5,722.5982142857143,753.1232142857142,-10.9018,L
S452,AXISBANK,2022-05-02 12:05:00+05:30,-0.152,-0.1865,0,,2.1037,19.35,-0.775,0,0.9145,0.0,3,1,1,0,3,4,2022-05-02 12:20:00+05:30,2022-05-02 12:25:00+05:30,2022-05-02 15:00:00+05:30,726.95,721.9321428571429,735.9821428571429,0.9,EOD+
S453,AXISBANK,2022-05-02 12:45:00+05:30,-0.0382,-0.0695,4,3.0,1.378,94.44,-1.0,0,1.0163,0.0,1,0,0,0,1,2,2022-05-02 12:50:00+05:30,2022-05-02 12:55:00+05:30,2022-05-02 15:00:00+05:30,726.3,721.4785714285714,734.9785714285714,1.55,EOD+
S454,AXISBANK,2022-05-02 13:00:00+05:30,-0.0813,-0.0382,0,,0.2749,78.05,-0.8148,0,0.5063,0.0,1,0,1,0,1,2,2022-05-02 13:05:00+05:30,2022-05-02 13:10:00+05:30,2022-05-02 15:00:00+05:30,727.0,722.0892857142857,735.8392857142857,0.85,EOD+
S455,AXISBANK,2022-05-02 13:20:00+05:30,-0.0375,-0.0733,1,1.0,0.1123,7.14,1.4658,0,0.4862,,0,1,1,1,0,1,2022-05-02 13:20:00+05:30,2022-05-02 13:25:00+05:30,2022-05-02 15:00:00+05:30,726.4,722.3375,733.7125,1.45,EOD+
S456,AXISBANK,2022-05-02 13:30:00+05:30,-0.0148,-0.042,0,,0.4578,58.49,-0.5719,0,1.0355,,0,0,1,1,0,1,2022-05-02 13:30:00+05:30,2022-05-02 13:35:00+05:30,2022-05-02 14:20:00+05:30,727.0,722.5357142857143,735.0357142857143,-4.4643,L
S457,AXISBANK,2022-05-02 13:40:00+05:30,0.0437,-0.0251,0,,0.4036,62.07,-0.6552,0,0.912,0.0,3,0,0,0,3,4,2022-05-02 13:55:00+05:30,2022-05-02 14:00:00+05:30,2022-05-02 15:00:00+05:30,726.5,722.0089285714286,734.5839285714286,1.35,EOD+
S458,AXISBANK,2022-05-04 09:40:00+05:30,0.1358,,5,5.0,0.1554,47.62,0.5748,0,0.5844,,0,0,0,1,0,1,2022-05-04 09:40:00+05:30,2022-05-04 09:45:00+05:30,2022-05-04 12:05:00+05:30,728.5,723.3928571428571,737.6928571428571,-5.1071,L
S459,AXISBANK,2022-05-04 10:45:00+05:30,-0.0591,-0.0629,0,,2.1582,65.22,-0.8562,0,0.6239,0.0,3,0,1,0,3,4,2022-05-04 11:00:00+05:30,2022-05-04 11:05:00+05:30,2022-05-04 12:05:00+05:30,726.9,723.6767857142856,732.7017857142857,-3.2232,L
S460,AXISBANK,2022-05-04 11:10:00+05:30,-0.1039,-0.0867,0,,0.1441,35.29,2.0986,0,0.4323,,0,0,1,1,0,1,2022-05-04 11:10:00+05:30,2022-05-04 11:15:00+05:30,2022-05-04 12:05:00+05:30,727.2,724.1196428571429,732.7446428571429,-3.0804,L
S461,AXISBANK,2022-05-04 11:20:00+05:30,-0.0654,-0.108,0,,0.1148,62.5,1.2581,0,2.3511,,0,0,0,1,0,1,2022-05-04 11:20:00+05:30,2022-05-04 11:25:00+05:30,2022-05-04 12:05:00+05:30,727.8,724.425,733.875,-3.375,L
S462,AXISBANK,2022-05-04 11:40:00+05:30,-0.0093,-0.0468,3,3.0,0.1016,56.0,2.4783,0,0.7098,,0,0,1,1,0,1,2022-05-04 11:40:00+05:30,2022-05-04 11:45:00+05:30,2022-05-04 12:05:00+05:30,726.75,723.9196428571429,731.8446428571428,-2.8304,L
S463,AXISBANK,2022-05-04 13:25:00+05:30,-0.2735,-0.3258,0,,0.7747,43.48,-0.7904,0,0.7633,0.0,3,1,1,0,3,4,2022-05-04 13:40:00+05:30,2022-05-04 13:45:00+05:30,2022-05-04 14:00:00+05:30,720.15,716.3017857142856,727.0767857142857,-3.8482,L
S464,AXISBANK,2022-05-04 13:50:00+05:30,-0.1631,-0.2429,0,,0.0133,60.0,1.5,0,0.7473,,0,1,0,1,0,1,2022-05-04 13:50:00+05:30,2022-05-04 13:55:00+05:30,2022-05-04 14:00:00+05:30,719.35,715.6,726.1,-3.75,L
S465,AXISBANK,2022-05-04 14:00:00+05:30,-0.0953,-0.2023,0,,1.8247,23.2,-0.4197,0,1.2149,0.0,3,1,1,0,3,4,2022-05-04 14:15:00+05:30,2022-05-04 14:20:00+05:30,2022-05-04 14:20:00+05:30,718.95,713.6375,728.5125,-5.3125,L
S466,AXISBANK,2022-05-05 09:20:00+05:30,,,1,1.0,0.161,56.1,1.8685,0,0.8898,,0,1,1,1,0,1,2022-05-05 09:20:00+05:30,2022-05-05 09:25:00+05:30,2022-05-05 14:10:00+05:30,712.3,702.5589285714285,729.8339285714285,-9.7411,L
S467,AXISBANK,2022-05-05 11:25:00+05:30,0.2097,0.2476,24,3.0,0.0095,36.0,65.6667,0,0.6186,,0,0,1,1,0,1,2022-05-05 11:25:00+05:30,2022-05-05 11:30:00+05:30,2022-05-05 12:00:00+05:30,717.55,713.5857142857142,724.6857142857143,-3.9643,L
S468,AXISBANK,2022-05-05 11:35:00+05:30,0.152,0.2279,0,,0.8981,6.67,-0.3137,0,0.4833,0.0,2,0,1,0,2,3,2022-05-05 11:45:00+05:30,2022-05-05 11:50:00+05:30,2022-05-05 12:00:00+05:30,717.7,713.4410714285714,725.3660714285716,-4.2589,L
S469,AXISBANK,2022-05-05 12:15:00+05:30,-0.0352,0.054,0,,1.687,51.61,-0.841,0,0.7189,0.0,3,0,0,0,3,4,2022-05-05 12:30:00+05:30,2022-05-05 12:35:00+05:30,2022-05-05 13:15:00+05:30,717.5,712.8392857142857,725.8892857142857,-4.6607,L
S470,AXISBANK,2022-05-05 12:40:00+05:30,-0.0509,-0.0537,0,,0.4034,10.53,0.1765,0,0.5007,,0,0,1,1,0,1,2022-05-05 12:40:00+05:30,2022-05-05 12:45:00+05:30,2022-05-05 13:15:00+05:30,716.5,712.2857142857143,724.0857142857143,-4.2143,L
S471,AXISBANK,2022-05-05 12:50:00+05:30,-0.0708,-0.0457,0,,0.0447,3.45,8.3333,0,0.8695,,0,0,1,1,0,1,2022-05-05 12:50:00+05:30,2022-05-05 12:55:00+05:30,2022-05-05 13:15:00+05:30,716.85,712.6535714285715,724.4035714285715,-4.1964,L
S472,AXISBANK,2022-05-05 13:00:00+05:30,-0.0838,-0.0558,0,,0.3298,33.33,0.1818,0,1.1214,,0,1,0,1,0,1,2022-05-05 13:00:00+05:30,2022-05-05 13:05:00+05:30,2022-05-05 13:15:00+05:30,716.55,712.3803571428571,724.0553571428571,-4.1696,L
S473,AXISBANK,2022-05-06 11:25:00+05:30,-0.4701,-0.4649,0,,3.2658,85.29,-0.9595,0,0.8472,0.0,3,0,0,0,3,4,2022-05-06 11:40:00+05:30,2022-05-06 11:45:00+05:30,2022-05-06 12:10:00+05:30,678.35,673.6267857142857,686.8517857142858,-4.7232,L
S474,AXISBANK,2022-05-06 13:10:00+05:30,-0.115,-0.1219,0,,2.4166,90.32,-0.9631,0,2.9632,1.0,3,0,0,0,3,4,2022-05-06 13:25:00+05:30,2022-05-06 13:30:00+05:30,2022-05-06 15:00:00+05:30,674.95,670.7446428571429,682.5196428571429,-1.5,EOD-
S475,AXISBANK,2022-05-06 13:45:00+05:30,-0.0461,-0.1872,3,3.0,0.5225,31.71,0.244,0,0.7804,,0,0,0,1,0,1,2022-05-06 13:45:00+05:30,2022-05-06 13:50:00+05:30,2022-05-06 15:00:00+05:30,673.2,668.2,682.2,0.25,EOD+
S476,AXISBANK,2022-05-06 13:55:00+05:30,-0.0479,-0.0981,0,,0.4107,30.77,-0.2453,0,1.2722,1.0,1,0,0,0,1,2,2022-05-06 14:00:00+05:30,2022-05-06 14:05:00+05:30,2022-05-06 15:00:00+05:30,674.5,669.6607142857143,683.2107142857143,-1.05,EOD-
S477,AXISBANK,2022-05-06 14:30:00+05:30,0.0765,0.0731,4,2.0,0.1404,8.57,1.1127,0,0.552,,0,1,0,1,0,1,2022-05-06 14:30:00+05:30,2022-05-06 14:35:00+05:30,2022-05-06 15:00:00+05:30,673.95,667.6285714285715,685.3285714285715,-0.5,EOD-
S478,AXISBANK,2022-05-09 10:20:00+05:30,-0.3853,-0.3961,0,,0.6517,48.08,-0.6921,0,0.3302,1.0,3,1,0,0,3,4,2022-05-09 10:35:00+05:30,2022-05-09 10:40:00+05:30,2022-05-09 15:00:00+05:30,665.05,651.9696428571428,688.5946428571428,-1.15,EOD-
S479,AXISBANK,2022-05-09 10:50:00+05:30,-0.3716,-0.3711,2,2.0,0.1335,64.58,0.3235,0,0.3445,,0,0,1,1,0,1,2022-05-09 10:50:00+05:30,2022-05-09 10:55:00+05:30,2022-05-09 15:00:00+05:30,661.45,655.0839285714286,672.9089285714286,2.45,EOD+
S480,AXISBANK,2022-05-09 11:15:00+05:30,0.1272,-0.1632,0,,1.5856,58.62,-0.9529,0,1.8091,1.0,3,1,0,0,3,4,2022-05-09 11:30:00+05:30,2022-05-09 11:35:00+05:30,2022-05-09 15:00:00+05:30,663.05,658.0321428571428,672.0821428571428,0.85,EOD+
S481,AXISBANK,2022-05-09 12:15:00+05:30,0.0336,0.0774,7,6.0,0.2493,60.0,1.139,0,0.7178,,0,0,0,1,0,1,2022-05-09 12:15:00+05:30,2022-05-09 12:20:00+05:30,2022-05-09 15:00:00+05:30,663.0,658.3125,671.4375000000001,0.9,EOD+
S482,AXISBANK,2022-05-09 12:55:00+05:30,0.2206,0.1176,7,3.0,0.0781,60.53,2.6667,0,1.0035,,0,1,0,1,0,1,2022-05-09 12:55:00+05:30,2022-05-09 13:00:00+05:30,2022-05-09 15:00:00+05:30,664.65,659.8464285714285,673.2964285714286,-0.75,EOD-
S483,AXISBANK,2022-05-09 13:10:00+05:30,0.2019,0.2206,1,1.0,0.2229,69.57,0.4508,0,0.7588,,0,0,0,1,0,1,2022-05-09 13:10:00+05:30,2022-05-09 13:15:00+05:30,2022-05-09 15:00:00+05:30,665.1,659.6892857142857,674.8392857142858,-1.2,EOD-
S484,AXISBANK,2022-05-09 14:00:00+05:30,-0.0545,-0.0316,0,,2.1499,64.52,-0.8955,0,1.3429,0.0,3,1,1,0,3,4,2022-05-09 14:15:00+05:30,2022-05-09 14:20:00+05:30,2022-05-09 15:00:00+05:30,665.0,659.9910714285714,674.0160714285714,-1.1,EOD-
S485,AXISBANK,2022-05-09 14:25:00+05:30,-0.0644,-0.0594,1,1.0,0.2205,80.65,-0.8837,0,2.0489,1.0,1,0,0,0,1,2,2022-05-09 14:30:00+05:30,2022-05-09 14:35:00+05:30,2022-05-09 15:00:00+05:30,667.05,662.175,675.825,-3.15,EOD-
S486,AXISBANK,2022-05-10 09:15:00+05:30,,,0,,0.421,84.62,-0.8765,0,1.7714,,0,0,0,1,0,1,2022-05-10 09:15:00+05:30,2022-05-10 09:20:00+05:30,2022-05-10 09:35:00+05:30,670.85,663.6357142857142,683.8357142857144,-7.2143,L
S487,AXISBANK,2022-05-10 09:25:00+05:30,,,1,1.0,0.264,70.0,-0.7468,0,0.6277,0.0,1,0,1,0,1,2,2022-05-10 09:30:00+05:30,2022-05-10 09:35:00+05:30,2022-05-10 15:00:00+05:30,665.65,658.1678571428571,679.1178571428571,-3.9,EOD-
S488,AXISBANK,2022-05-10 10:40:00+05:30,-0.1049,-0.1912,0,,0.7043,27.78,-1.0,0,0.5306,0.0,3,0,0,0,3,4,2022-05-10 10:55:00+05:30,2022-05-10 11:00:00+05:30,2022-05-10 15:00:00+05:30,662.35,658.0017857142857,670.1767857142858,-0.6,EOD-
S489,AXISBANK,2022-05-10 11:05:00+05:30,-0.1549,-0.0894,0,,0.4906,36.0,-0.6923,0,0.3901,0.0,1,0,1,0,1,2,2022-05-10 11:10:00+05:30,2022-05-10 11:15:00+05:30,2022-05-10 12:20:00+05:30,661.7,658.3875,667.6625,5.9625,W
S490,AXISBANK,2022-05-10 11:20:00+05:30,-0.1138,-0.1549,1,1.0,0.242,65.52,-0.8347,0,0.6706,1.0,2,1,1,0,2,3,2022-05-10 11:30:00+05:30,2022-05-10 11:35:00+05:30,2022-05-10 12:20:00+05:30,661.95,658.825,667.575,5.625,W
S491,AXISBANK,2022-05-10 11:40:00+05:30,-0.028,-0.1074,1,1.0,0.1692,31.43,2.1915,0,0.6706,,0,0,0,1,0,1,2022-05-10 11:40:00+05:30,2022-05-10 11:45:00+05:30,2022-05-10 12:20:00+05:30,662.35,658.8767857142857,668.6017857142857,6.2518,W
S492,AXISBANK,2022-05-10 13:50:00+05:30,0.0263,0.1014,0,,0.8725,41.67,-0.7674,0,0.9046,0.0,3,1,1,0,3,4,2022-05-10 14:05:00+05:30,2022-05-10 14:10:00+05:30,2022-05-10 14:55:00+05:30,665.85,662.1535714285715,672.5035714285715,-3.6964,L
S493,AXISBANK,2022-05-10 14:15:00+05:30,-0.0319,-0.0417,0,,0.1859,44.44,1.1622,0,0.9032,,0,0,1,1,0,1,2022-05-10 14:15:00+05:30,2022-05-10 14:20:00+05:30,2022-05-10 14:25:00+05:30,666.75,663.0178571428571,673.4678571428572,-3.7321,L
S494,AXISBANK,2022-05-11 10:30:00+05:30,-0.1357,-0.2235,0,,1.7535,23.08,-0.7571,0,1.251,1.0,3,0,0,0,3,4,2022-05-11 10:45:00+05:30,2022-05-11 10:50:00+05:30,2022-05-11 13:10:00+05:30,660.85,656.4482142857144,668.7732142857143,-4.4018,L
S495,AXISBANK,2022-05-11 12:10:00+05:30,0.2301,0.2225,16,5.0,0.3313,13.16,1.8696,0,1.3341,,0,0,0,1,0,1,2022-05-11 12:10:00+05:30,2022-05-11 12:15:00+05:30,2022-05-11 13:00:00+05:30,664.0,659.6607142857142,671.8107142857143,-4.3393,L
S496,AXISBANK,2022-05-11 12:25:00+05:30,0.2189,0.2301,2,1.0,0.2218,50.0,0.6216,0,1.0439,,0,0,1,1,0,1,2022-05-11 12:25:00+05:30,2022-05-11 12:30:00+05:30,2022-05-11 13:00:00+05:30,663.7,659.5303571428572,671.2053571428572,-4.1696,L
S497,AXISBANK,2022-05-11 13:15:00+05:30,-0.2198,-0.1041,0,,2.8133,36.67,-0.8887,0,1.8891,1.0,3,0,0,0,3,4,2022-05-11 13:30:00+05:30,2022-05-11 13:35:00+05:30,2022-05-11 14:05:00+05:30,662.1,656.9125,671.4375,9.3375,W
S498,AXISBANK,2022-05-12 11:55:00+05:30,-0.259,-0.3213,0,,0.9247,56.25,-0.7993,0,1.0939,1.0,3,1,1,0,3,4,2022-05-12 12:10:00+05:30,2022-05-12 12:15:00+05:30,2022-05-12 14:00:00+05:30,654.0,647.9375,664.9125,-6.0625,L
S499,AXISBANK,2022-05-12 12:20:00+05:30,-0.2682,-0.2459,0,,1.0845,70.21,-0.8216,0,1.0748,1.0,3,0,0,0,3,4,2022-05-12 12:35:00+05:30,2022-05-12 12:40:00+05:30,2022-05-12 14:00:00+05:30,651.7,646.5303571428572,661.0053571428572,-5.1696,L
S500,AXISBANK,2022-05-12 12:50:00+05:30,-0.0387,-0.2017,1,1.0,0.6135,26.19,0.039,0,0.7149,,0,0,0,1,0,1,2022-05-12 12:50:00+05:30,2022-05-12 12:55:00+05:30,2022-05-12 14:00:00+05:30,652.6,647.1089285714286,662.4839285714286,-5.4911,L
S501,AXISBANK,2022-05-12 13:00:00+05:30,0.0613,-0.0986,0,,0.1674,17.65,2.913,0,0.7879,,0,0,1,1,0,1,2022-05-12 13:00:00+05:30,2022-05-12 13:05:00+05:30,2022-05-12 13:50:00+05:30,653.35,648.1982142857142,662.6232142857144,-5.1518,L
S502,AXISBANK,2022-05-12 13:10:00+05:30,0.0828,0.0234,0,,0.8337,62.96,-0.5109,0,1.3955,,0,0,1,1,0,1,2022-05-12 13:10:00+05:30,2022-05-12 13:15:00+05:30,2022-05-12 14:00:00+05:30,653.15,647.6321428571428,663.0821428571429,-5.5179,L
S503,AXISBANK,2022-05-13 09:45:00+05:30,0.2859,,6,3.0,0.1533,60.81,-0.0135,0,0.3091,0.0,1,0,0,0,1,2,2022-05-13 09:50:00+05:30,2022-05-13 09:55:00+05:30,2022-05-13 14:15:00+05:30,651.6,642.5107142857144,667.9607142857143,-9.0893,L
S504,AXISBANK,2022-05-13 10:05:00+05:30,0.1657,0.2289,0,,0.669,24.39,-0.6203,0,0.7614,1.0,3,1,0,0,3,4,2022-05-13 10:20:00+05:30,2022-05-13 10:25:00+05:30,2022-05-13 14:15:00+05:30,652.75,643.8928571428571,668.6928571428571,-8.8571,L
S505,AXISBANK,2022-05-13 10:30:00+05:30,0.0943,0.1373,1,1.0,0.0965,21.05,1.3404,0,0.2394,,0,1,1,1,0,1,2022-05-13 10:30:00+05:30,2022-05-13 10:35:00+05:30,2022-05-13 14:05:00+05:30,652.65,646.5607142857143,663.6107142857143,-6.0893,L
S506,AXISBANK,2022-05-13 10:40:00+05:30,0.0801,0.084,0,,0.9307,58.97,-0.6856,0,0.2862,0.0,1,1,1,0,1,2,2022-05-13 10:45:00+05:30,2022-05-13 10:50:00+05:30,2022-05-13 14:05:00+05:30,653.05,647.4964285714285,663.0464285714285,-5.5536,L
S507,AXISBANK,2022-05-13 11:20:00+05:30,-0.1816,-0.0437,0,,1.6895,62.5,-0.8629,0,1.2581,1.0,3,0,0,0,3,4,2022-05-13 11:35:00+05:30,2022-05-13 11:40:00+05:30,2022-05-13 14:05:00+05:30,652.25,647.3928571428571,660.9928571428572,-4.8571,L
S508,AXISBANK,2022-05-13 11:45:00+05:30,0.0115,-0.1205,1,1.0,0.2896,23.08,0.5247,0,0.9141,,0,1,1,1,0,1,2022-05-13 11:45:00+05:30,2022-05-13 11:50:00+05:30,2022-05-13 14:05:00+05:30,652.0,647.1875,660.6625000000001,-4.8125,L
S509,AXISBANK,2022-05-13 12:40:00+05:30,-0.0665,-0.0726,0,,0.4974,34.29,-0.9383,0,1.5494,1.0,3,0,0,0,3,4,2022-05-13 12:55:00+05:30,2022-05-13 13:00:00+05:30,2022-05-13 14:05:00+05:30,650.8,646.7285714285714,658.1285714285714,-4.0714,L
S510,AXISBANK,2022-05-13 13:05:00+05:30,0.025,-0.0607,0,,0.4241,86.27,-0.654,0,1.9353,,0,0,1,1,0,1,2022-05-13 13:05:00+05:30,2022-05-13 13:10:00+05:30,2022-05-13 14:05:00+05:30,652.55,648.2910714285714,660.2160714285714,-4.2589,L
S511,AXISBANK,2022-05-13 13:25:00+05:30,0.0472,0.0676,3,3.0,0.7322,56.72,-0.4463,0,1.0335,0.0,1,0,0,0,1,2,2022-05-13 13:30:00+05:30,2022-05-13 13:35:00+05:30,2022-05-13 14:05:00+05:30,651.55,646.3089285714285,660.9839285714286,-5.2411,L
S512,AXISBANK,2022-05-13 13:45:00+05:30,0.0031,0.0157,2,2.0,0.015,20.0,12.8462,0,0.5998,,0,0,0,1,0,1,2022-05-13 13:45:00+05:30,2022-05-13 13:50:00+05:30,2022-05-13 14:05:00+05:30,651.9,646.4803571428571,661.6553571428572,-5.4196,L
S513,AXISBANK,2022-05-16 09:15:00+05:30,,,0,,2.7507,60.94,-0.5986,0,1.3627,0.0,1,0,0,0,1,2,2022-05-16 09:20:00+05:30,2022-05-16 09:25:00+05:30,2022-05-16 15:00:00+05:30,639.95,631.4589285714286,655.2339285714286,-0.35,EOD-
S514,AXISBANK,2022-05-16 10:55:00+05:30,0.4372,0.3855,17,13.0,0.057,3.03,7.4444,0,0.4514,,0,0,1,1,0,1,2022-05-16 10:55:00+05:30,2022-05-16 11:00:00+05:30,2022-05-16 11:35:00+05:30,645.85,640.9125,654.7375,-4.9375,L
S515,AXISBANK,2022-05-16 12:05:00+05:30,-0.1988,-0.2029,0,,2.9313,15.79,-0.7222,0,1.2756,0.0,3,0,1,0,3,4,2022-05-16 12:20:00+05:30,2022-05-16 12:25:00+05:30,2022-05-16 12:40:00+05:30,643.45,638.6910714285715,652.0160714285714,-4.7589,L
S516,AXISBANK,2022-05-16 12:30:00+05:30,-0.1778,-0.192,0,,0.8923,83.33,-0.9484,0,1.0431,,0,0,1,1,0,1,2022-05-16 12:30:00+05:30,2022-05-16 12:35:00+05:30,2022-05-16 12:45:00+05:30,642.75,637.3214285714287,652.5214285714285,-5.4286,L
S517,AXISBANK,2022-05-16 13:00:00+05:30,-0.2533,-0.2397,0,,0.879,25.0,-0.5152,0,1.3661,1.0,3,0,0,0,3,4,2022-05-16 13:15:00+05:30,2022-05-16 13:20:00+05:30,2022-05-16 15:00:00+05:30,641.25,635.3839285714286,651.8089285714285,-1.65,EOD-
S518,AXISBANK,2022-05-16 13:25:00+05:30,-0.0746,-0.2019,1,1.0,0.5058,42.5,-0.4093,0,1.0698,1.0,1,1,0,0,1,2,2022-05-16 13:30:00+05:30,2022-05-16 13:35:00+05:30,2022-05-16 15:00:00+05:30,641.7,635.8428571428572,652.2428571428572,-2.1,EOD-
S519,AXISBANK,2022-05-16 13:55:00+05:30,0.0683,0.0422,4,3.0,0.5188,39.51,0.7904,0,1.2444,,0,1,0,1,0,1,2022-05-16 13:55:00+05:30,2022-05-16 14:00:00+05:30,2022-05-16 15:00:00+05:30,642.35,636.8321428571429,652.282142857143,-2.75,EOD-
S520,AXISBANK,2022-05-16 14:20:00+05:30,0.0515,0.0515,4,4.0,0.867,48.31,0.0123,0,1.3508,,0,0,0,1,0,1,2022-05-16 14:20:00+05:30,2022-05-16 14:25:00+05:30,2022-05-16 15:00:00+05:30,642.95,637.1107142857144,653.4607142857143,-3.35,EOD-
S521,AXISBANK,2022-05-17 09:55:00+05:30,0.0783,0.1122,8,8.0,0.0858,16.13,4.7831,0,0.6129,,0,0,1,1,0,1,2022-05-17 09:55:00+05:30,2022-05-17 10:00:00+05:30,2022-05-17 11:45:00+05:30,643.0,636.9553571428571,653.8803571428572,10.8804,W
S522,AXISBANK,2022-05-17 10:05:00+05:30,0.023,0.0775,0,,0.3212,42.31,-0.5062,0,0.4937,,0,1,0,1,0,1,2022-05-17 10:05:00+05:30,2022-05-17 10:10:00+05:30,2022-05-17 11:45:00+05:30,642.4,636.0964285714285,653.7464285714286,11.3464,W
S523,AXISBANK,2022-05-17 10:50:00+05:30,0.2258,0.1993,7,1.0,0.1149,32.43,3.6512,0,0.7987,,0,1,1,1,0,1,2022-05-17 10:50:00+05:30,2022-05-17 10:55:00+05:30,2022-05-17 11:45:00+05:30,645.75,641.0714285714286,654.1714285714287,8.4214,W
S524,AXISBANK,2022-05-17 11:10:00+05:30,0.0454,0.1812,3,2.0,0.0489,66.67,-1.0,0,0.7583,0.0,1,0,1,0,1,2,2022-05-17 11:15:00+05:30,2022-05-17 11:20:00+05:30,2022-05-17 11:45:00+05:30,645.25,641.0357142857143,652.8357142857143,7.5857,W
S525,AXISBANK,2022-05-17 12:55:00+05:30,0.2815,0.2459,19,12.0,0.1299,66.67,0.0204,0,0.5985,,0,0,0,1,0,1,2022-05-17 12:55:00+05:30,2022-05-17 13:00:00+05:30,2022-05-17 15:00:00+05:30,651.8,647.0857142857143,660.2857142857142,3.1,EOD+
S526,AXISBANK,2022-05-17 13:05:00+05:30,0.2216,0.2775,0,,0.0252,20.0,2.5294,0,0.3976,,0,0,1,1,0,1,2022-05-17 13:05:00+05:30,2022-05-17 13:10:00+05:30,2022-05-17 15:00:00+05:30,652.35,648.1357142857144,659.9357142857143,2.55,EOD+
S527,AXISBANK,2022-05-17 13:20:00+05:30,0.0943,0.2216,1,1.0,0.7642,65.96,-0.6983,0,0.6824,0.0,3,0,1,0,3,4,2022-05-17 13:35:00+05:30,2022-05-17 13:40:00+05:30,2022-05-17 15:00:00+05:30,652.5,648.7053571428571,659.3303571428571,2.4,EOD+
S528,AXISBANK,2022-05-17 13:45:00+05:30,-0.0617,0.0119,0,,0.5842,51.35,-0.9417,0,1.035,1.0,2,1,1,0,2,3,2022-05-17 13:55:00+05:30,2022-05-17 14:00:00+05:30,2022-05-17 15:00:00+05:30,653.4,649.7303571428571,660.0053571428572,1.5,EOD+
S529,AXISBANK,2022-05-17 14:25:00+05:30,0.08,0.118,5,5.0,0.1974,4.76,0.7266,0,0.8067,,0,0,1,1,0,1,2022-05-17 14:25:00+05:30,2022-05-17 14:30:00+05:30,2022-05-17 15:00:00+05:30,653.15,648.7482142857142,661.0732142857142,1.75,EOD+
S530,AXISBANK,2022-05-18 09:15:00+05:30,,,0,,1.7942,57.06,-0.0646,0,5.7118,,0,1,0,1,0,1,2022-05-18 09:15:00+05:30,2022-05-18 09:20:00+05:30,2022-05-18 09:50:00+05:30,659.85,654.1892857142858,670.0392857142856,10.1893,W
S531,AXISBANK,2022-05-18 10:50:00+05:30,0.5017,0.4339,18,12.0,0.0336,47.62,9.7143,0,0.2025,,0,1,1,1,0,1,2022-05-18 10:50:00+05:30,2022-05-18 10:55:00+05:30,2022-05-18 12:10:00+05:30,667.0,661.7946428571429,676.3696428571428,-5.2054,L
S532,AXISBANK,2022-05-18 11:00:00+05:30,0.3869,0.4781,0,,0.4332,7.14,-0.7561,0,0.9315,1.0,3,0,0,0,3,4,2022-05-18 11:15:00+05:30,2022-05-18 11:20:00+05:30,2022-05-18 12:10:00+05:30,667.8,663.0678571428571,676.3178571428571,-4.7321,L
S533,AXISBANK,2022-05-18 11:25:00+05:30,0.015,0.1994,0,,0.2702,58.33,-0.8936,0,0.2578,,0,1,1,1,0,1,2022-05-18 11:25:00+05:30,2022-05-18 11:30:00+05:30,2022-05-18 12:10:00+05:30,667.35,663.0017857142858,675.1767857142856,-4.3482,L
S534,AXISBANK,2022-05-18 11:35:00+05:30,-0.0124,0.0787,1,1.0,0.2785,29.17,0.0929,0,0.3449,,0,0,1,1,0,1,2022-05-18 11:35:00+05:30,2022-05-18 11:40:00+05:30,2022-05-18 12:10:00+05:30,666.55,662.4428571428572,673.9428571428571,-4.1071,L
S535,AXISBANK,2022-05-18 13:15:00+05:30,-0.2907,-0.3114,0,,1.0478,36.84,-0.7893,0,2.1277,1.0,3,1,1,0,3,4,2022-05-18 13:30:00+05:30,2022-05-18 13:35:00+05:30,2022-05-18 15:00:00+05:30,663.25,657.5892857142857,673.4392857142858,-2.55,EOD-
S536,AXISBANK,2022-05-18 13:50:00+05:30,-0.1008,-0.2166,3,3.0,0.3818,58.14,-0.3939,0,0.7031,0.0,1,0,0,0,1,2,2022-05-18 13:55:00+05:30,2022-05-18 14:00:00+05:30,2022-05-18 15:00:00+05:30,661.45,656.0482142857143,671.1732142857144,-0.75,EOD-
S537,AXISBANK,2022-05-18 14:05:00+05:30,-0.0049,-0.1008,0,,0.3777,44.19,-0.3413,0,0.7134,0.0,1,1,1,0,1,2,2022-05-18 14:10:00+05:30,2022-05-18 14:15:00+05:30,2022-05-18 15:00:00+05:30,660.2,654.6732142857144,670.1482142857143,0.5,EOD+
S538,AXISBANK,2022-05-18 14:20:00+05:30,0.0326,-0.0049,0,,0.2252,17.07,-0.703,0,0.3538,0.0,1,0,1,0,1,2,2022-05-18 14:25:00+05:30,2022-05-18 14:30:00+05:30,2022-05-18 15:00:00+05:30,660.3,654.6928571428571,670.3928571428571,0.4,EOD+
S539,AXISBANK,2022-05-19 10:05:00+05:30,-0.3935,-0.4763,0,,0.9065,60.38,-0.9831,0,0.5233,0.0,3,1,1,0,3,4,2022-05-19 10:20:00+05:30,2022-05-19 10:25:00+05:30,2022-05-19 15:00:00+05:30,652.75,644.6071428571428,667.407142857143,-3.85,EOD-
S540,AXISBANK,2022-05-19 12:00:00+05:30,-0.0609,0.057,0,,2.2816,73.68,-0.884,0,0.9643,0.0,3,0,1,0,3,4,2022-05-19 12:15:00+05:30,2022-05-19 12:20:00+05:30,2022-05-19 14:30:00+05:30,653.3,648.1035714285714,662.6535714285714,-5.1964,L
S541,AXISBANK,2022-05-19 12:45:00+05:30,-0.0341,-0.0525,5,4.0,0.1186,47.22,1.1569,0,0.6527,,0,0,0,1,0,1,2022-05-19 12:45:00+05:30,2022-05-19 12:50:00+05:30,2022-05-19 15:00:00+05:30,652.5,647.125,662.175,-3.6,EOD-
S542,AXISBANK,2022-05-19 13:05:00+05:30,-0.0249,-0.0525,3,2.0,0.5902,61.54,-0.4311,0,1.2727,0.0,2,1,0,0,2,3,2022-05-19 13:15:00+05:30,2022-05-19 13:20:00+05:30,2022-05-19 15:00:00+05:30,652.35,647.5107142857144,661.0607142857143,-3.45,EOD-
S543,AXISBANK,2022-05-19 13:25:00+05:30,0.0318,-0.0127,0,,0.3705,81.58,-1.0,0,1.1705,,0,0,0,1,0,1,2022-05-19 13:25:00+05:30,2022-05-19 13:30:00+05:30,2022-05-19 14:30:00+05:30,653.25,648.6785714285714,661.4785714285714,-4.5714,L
S544,AXISBANK,2022-05-19 13:35:00+05:30,0.113,0.0184,0,,0.4687,0.0,-0.0132,0,1.021,1.0,1,1,1,0,1,2,2022-05-19 13:40:00+05:30,2022-05-19 13:45:00+05:30,2022-05-19 14:25:00+05:30,654.8,650.7464285714285,662.0964285714284,-4.0536,L
S545,AXISBANK,2022-05-20 11:30:00+05:30,0.0082,0.1053,0,,1.8282,34.62,-0.776,0,3.1142,1.0,3,1,0,0,3,4,2022-05-20 11:45:00+05:30,2022-05-20 11:50:00+05:30,2022-05-20 12:05:00+05:30,667.75,664.3928571428571,673.7928571428571,-3.3571,L
S546,AXISBANK,2022-05-20 12:30:00+05:30,-0.1428,-0.1149,0,,1.437,22.22,-0.8284,0,1.0336,1.0,3,1,0,0,3,4,2022-05-20 12:45:00+05:30,2022-05-20 12:50:00+05:30,2022-05-20 14:15:00+05:30,666.9,662.3375,675.1125000000001,8.2125,W
S547,AXISBANK,2022-05-20 14:25:00+05:30,0.3443,0.3177,19,2.0,0.144,68.09,2.4884,0,1.5049,,0,1,0,1,0,1,2022-05-20 14:25:00+05:30,2022-05-20 14:30:00+05:30,2022-05-20 15:00:00+05:30,672.45,668.7178571428573,679.1678571428571,1.95,EOD+
S548,AXISBANK,2022-05-23 09:25:00+05:30,,,0,,1.6423,3.03,-0.2938,0,0.4371,0.0,3,0,1,0,3,4,2022-05-23 09:40:00+05:30,2022-05-23 09:45:00+05:30,2022-05-23 15:00:00+05:30,675.05,669.0142857142857,685.9142857142856,1.8,EOD+
S549,AXISBANK,2022-05-23 11:00:00+05:30,0.1781,0.1676,15,14.0,0.0462,52.38,2.6364,0,0.3221,,0,0,1,1,0,1,2022-05-23 11:00:00+05:30,2022-05-23 11:05:00+05:30,2022-05-23 13:30:00+05:30,676.7,672.2357142857143,684.7357142857144,8.0357,W
S550,AXISBANK,2022-05-23 11:10:00+05:30,0.1743,0.1767,0,,0.1615,22.22,-0.6396,0,0.6361,,0,0,1,1,0,1,2022-05-23 11:10:00+05:30,2022-05-23 11:15:00+05:30,2022-05-23 15:00:00+05:30,677.2,672.9053571428572,684.9303571428572,-0.35,EOD-
S551,AXISBANK,2022-05-23 12:30:00+05:30,0.1727,0.1563,14,1.0,0.0196,68.09,26.2727,0,1.3018,,0,0,1,1,0,1,2022-05-23 12:30:00+05:30,2022-05-23 12:35:00+05:30,2022-05-23 14:00:00+05:30,680.9,677.4,687.2,-3.5,L
S552,AXISBANK,2022-05-23 12:45:00+05:30,0.1806,0.1727,1,1.0,0.202,12.5,1.3622,0,0.9024,,0,0,0,1,0,1,2022-05-23 12:45:00+05:30,2022-05-23 12:50:00+05:30,2022-05-23 14:00:00+05:30,681.55,677.6214285714285,688.6214285714286,-3.9286,L
S553,AXISBANK,2022-05-23 12:55:00+05:30,0.1589,0.1814,0,,0.0716,16.67,1.7273,0,0.8773,,0,1,1,1,0,1,2022-05-23 12:55:00+05:30,2022-05-23 13:00:00+05:30,2022-05-23 14:00:00+05:30,681.8,677.9607142857142,688.7107142857143,-3.8393,L
S554,AXISBANK,2022-05-23 13:10:00+05:30,0.0807,0.1589,1,1.0,0.3817,83.87,-1.0,0,0.6091,0.0,1,0,0,0,1,2,2022-05-23 13:15:00+05:30,2022-05-23 13:20:00+05:30,2022-05-23 14:00:00+05:30,681.75,677.7053571428571,689.0303571428573,-4.0446,L
S555,AXISBANK,2022-05-24 09:15:00+05:30,,,0,,2.8702,84.44,-0.8891,0,2.0878,,0,1,0,1,0,1,2022-05-24 09:15:00+05:30,2022-05-24 09:20:00+05:30,2022-05-24 11:20:00+05:30,677.55,670.8714285714285,689.5714285714284,-6.6786,L
S556,AXISBANK,2022-05-24 09:30:00+05:30,,,2,2.0,0.0389,46.15,16.8723,0,1.0867,,0,0,0,1,0,1,2022-05-24 09:30:00+05:30,2022-05-24 09:35:00+05:30,2022-05-24 10:15:00+05:30,680.55,672.9964285714285,694.1464285714285,-7.5536,L
S557,AXISBANK,2022-05-24 11:25:00+05:30,-0.2827,-0.1637,0,,1.8937,42.42,-0.901,0,2.2405,1.0,3,0,0,0,3,4,2022-05-24 11:40:00+05:30,2022-05-24 11:45:00+05:30,2022-05-24 13:05:00+05:30,673.9,669.9,681.1,-4.0,L
S558,AXISBANK,2022-05-24 11:50:00+05:30,-0.117,-0.2648,0,,0.4813,62.79,0.0101,0,0.7946,,0,0,0,1,0,1,2022-05-24 11:50:00+05:30,2022-05-24 11:55:00+05:30,2022-05-24 13:05:00+05:30,674.35,670.4928571428571,681.2928571428572,-3.8571,L
S559,AXISBANK,2022-05-24 12:05:00+05:30,-0.049,-0.117,0,,1.1453,30.56,-0.618,0,0.4056,0.0,3,0,1,0,3,4,2022-05-24 12:20:00+05:30,2022-05-24 12:25:00+05:30,2022-05-24 14:10:00+05:30,672.7,668.7,679.9000000000001,-4.0,L
S560,AXISBANK,2022-05-24 12:30:00+05:30,-0.0476,-0.0479,0,,0.5194,90.63,-0.8769,0,0.434,,0,0,1,1,0,1,2022-05-24 12:30:00+05:30,2022-05-24 12:35:00+05:30,2022-05-24 14:10:00+05:30,673.25,669.3392857142857,680.2892857142857,-3.9107,L
S561,AXISBANK,2022-05-24 12:40:00+05:30,-0.0446,-0.0624,0,,0.8394,77.5,-0.7445,0,0.5441,,0,0,1,1,0,1,2022-05-24 12:40:00+05:30,2022-05-24 12:45:00+05:30,2022-05-24 14:10:00+05:30,672.85,668.7696428571429,680.1946428571429,-4.0804,L
S562,AXISBANK,2022-05-24 12:50:00+05:30,-0.0227,-0.055,0,,0.1573,42.11,0.8367,0,0.5421,,0,0,1,1,0,1,2022-05-24 12:50:00+05:30,2022-05-24 12:55:00+05:30,2022-05-24 14:10:00+05:30,673.0,669.1071428571429,680.0071428571429,-3.8929,L
S563,AXISBANK,2022-05-24 13:00:00+05:30,0.0249,-0.045,0,,0.0759,78.38,-0.5652,0,2.2524,,0,1,1,1,0,1,2022-05-24 13:00:00+05:30,2022-05-24 13:05:00+05:30,2022-05-24 13:05:00+05:30,674.0,670.2142857142858,680.8142857142857,-3.7857,L
S564,AXISBANK,2022-05-24 13:10:00+05:30,0.0331,-0.0086,0,,1.7612,40.48,-0.682,0,0.9234,0.0,3,0,1,0,3,4,2022-05-24 13:25:00+05:30,2022-05-24 13:30:00+05:30,2022-05-24 14:10:00+05:30,672.45,667.9857142857144,680.4857142857143,-4.4643,L
S565,AXISBANK,2022-05-25 09:15:00+05:30,,,0,,0.0409,37.14,19.4348,0,2.2986,,0,0,0,1,0,1,2022-05-25 09:15:00+05:30,2022-05-25 09:20:00+05:30,2022-05-25 12:00:00+05:30,670.6,663.5642857142858,683.2642857142857,-7.0357,L
S566,AXISBANK,2022-05-25 10:15:00+05:30,0.1906,0.1739,11,11.0,0.0961,18.75,5.1728,0,0.5747,,0,0,1,1,0,1,2022-05-25 10:15:00+05:30,2022-05-25 10:20:00+05:30,2022-05-25 12:00:00+05:30,668.7,663.4321428571429,678.1821428571429,-5.2679,L
S567,AXISBANK,2022-05-25 10:25:00+05:30,0.1381,0.2037,1,1.0,0.4224,25.0,0.4343,0,0.3294,,0,0,0,1,0,1,2022-05-25 10:25:00+05:30,2022-05-25 10:30:00+05:30,2022-05-25 11:50:00+05:30,668.5,664.7857142857142,675.1857142857144,-3.7143,L
S568,AXISBANK,2022-05-25 10:35:00+05:30,0.132,0.1561,1,1.0,0.1189,45.16,0.3115,0,0.4534,,0,0,0,1,0,1,2022-05-25 10:35:00+05:30,2022-05-25 10:40:00+05:30,2022-05-25 11:50:00+05:30,668.45,665.2446428571428,674.219642857143,-3.2054,L
S569,AXISBANK,2022-05-25 10:55:00+05:30,0.1476,0.1488,0,,0.9518,6.67,-0.466,0,0.8661,1.0,3,1,1,0,3,4,2022-05-25 11:10:00+05:30,2022-05-25 11:15:00+05:30,2022-05-25 11:15:00+05:30,669.35,666.6446428571428,674.219642857143,-2.7054,L
S570,AXISBANK,2022-05-25 12:55:00+05:30,-0.2605,-0.2258,0,,2.1484,16.67,-0.948,0,0.8935,1.0,3,0,1,0,3,4,2022-05-25 13:10:00+05:30,2022-05-25 13:15:00+05:30,2022-05-25 15:00:00+05:30,664.85,661.4928571428571,670.8928571428571,-0.3,EOD-
S571,AXISBANK,2022-05-25 13:20:00+05:30,-0.1364,-0.2369,0,,0.0202,80.0,5.6667,0,0.5778,,0,0,1,1,0,1,2022-05-25 13:20:00+05:30,2022-05-25 13:25:00+05:30,2022-05-25 15:00:00+05:30,663.45,659.7357142857143,670.1357142857144,1.1,EOD+
S572,AXISBANK,2022-05-25 13:30:00+05:30,-0.0977,-0.1552,0,,0.3967,60.0,-0.457,0,0.5952,0.0,2,0,1,0,2,3,2022-05-25 13:40:00+05:30,2022-05-25 13:45:00+05:30,2022-05-25 15:00:00+05:30,663.05,659.5678571428571,669.3178571428571,1.5,EOD+
S573,AXISBANK,2022-05-25 13:50:00+05:30,-0.0577,-0.0928,0,,0.886,50.0,-0.6537,0,0.762,,0,0,0,1,0,1,2022-05-25 13:50:00+05:30,2022-05-25 13:55:00+05:30,2022-05-25 15:00:00+05:30,662.85,659.5910714285715,668.7160714285715,1.7,EOD+
S574,AXISBANK,2022-05-25 14:00:00+05:30,-0.0498,-0.063,0,,0.5848,20.97,0.2941,0,1.2673,,0,0,0,1,0,1,2022-05-25 14:00:00+05:30,2022-05-25 14:05:00+05:30,2022-05-25 15:00:00+05:30,663.5,659.8660714285714,670.0410714285714,1.05,EOD+
S575,AXISBANK,2022-05-26 10:35:00+05:30,0.2754,0.2664,16,3.0,0.307,33.33,0.9324,0,1.3726,,0,0,0,1,0,1,2022-05-26 10:35:00+05:30,2022-05-26 10:40:00+05:30,2022-05-26 13:10:00+05:30,671.1,666.8857142857144,678.6857142857142,7.5857,W
S576,AXISBANK,2022-05-26 10:50:00+05:30,0.2232,0.2754,2,1.0,0.7699,52.08,-0.1682,0,1.143,1.0,1,1,0,0,1,2,2022-05-26 10:55:00+05:30,2022-05-26 11:00:00+05:30,2022-05-26 13:15:00+05:30,671.55,667.2553571428571,679.2803571428572,7.7304,W
S577,AXISBANK,2022-05-26 11:05:00+05:30,0.0995,0.2232,0,,0.0422,4.76,1.2222,0,0.5747,,0,0,0,1,0,1,2022-05-26 11:05:00+05:30,2022-05-26 11:10:00+05:30,2022-05-26 13:00:00+05:30,671.05,667.05,678.25,7.2,W
S578,AXISBANK,2022-05-26 11:15:00+05:30,0.0391,0.1397,0,,0.2433,34.29,-0.2208,0,0.9819,,0,0,0,1,0,1,2022-05-26 11:15:00+05:30,2022-05-26 11:20:00+05:30,2022-05-26 13:15:00+05:30,671.65,667.6946428571428,678.7696428571429,7.1196,W
S579,AXISBANK,2022-05-26 11:45:00+05:30,0.0168,0.067,0,,0.5442,28.57,-0.6581,0,0.6167,1.0,3,1,1,0,3,4,2022-05-26 12:00:00+05:30,2022-05-26 12:05:00+05:30,2022-05-26 12:50:00+05:30,671.35,668.6624999999999,676.1875000000002,4.8375,W
S580,AXISBANK,2022-05-26 12:10:00+05:30,-0.0257,-0.0182,0,,0.4614,15.38,-0.3103,0,1.5407,1.0,1,1,0,0,1,2,2022-05-26 12:15:00+05:30,2022-05-26 12:20:00+05:30,2022-05-26 12:50:00+05:30,671.9,669.9357142857142,675.4357142857144,3.5357,W
S581,AXISBANK,2022-05-26 12:25:00+05:30,0.0168,-0.0257,0,,0.4401,82.86,-0.7315,0,0.8432,0.0,1,0,1,0,1,2,2022-05-26 12:30:00+05:30,2022-05-26 12:35:00+05:30,2022-05-26 12:50:00+05:30,672.1,669.9839285714286,675.9089285714286,3.8089,W
S582,AXISBANK,2022-05-26 14:05:00+05:30,0.2774,0.338,18,6.0,0.3913,17.86,0.4545,0,0.8396,,0,0,0,1,0,1,2022-05-26 14:05:00+05:30,2022-05-26 14:10:00+05:30,2022-05-26 15:00:00+05:30,678.1,673.7071428571428,686.007142857143,6.4,EOD+
S583,AXISBANK,2022-05-27 10:15:00+05:30,0.2123,0.3122,12,8.0,0.2925,27.03,0.7899,0,0.4816,,0,0,0,1,0,1,2022-05-27 10:15:00+05:30,2022-05-27 10:20:00+05:30,2022-05-27 15:00:00+05:30,688.3,682.8089285714285,698.1839285714285,2.25,EOD+
S584,AXISBANK,2022-05-27 10:30:00+05:30,0.1881,0.2123,1,1.0,0.3734,12.5,0.098,0,0.2417,,0,0,1,1,0,1,2022-05-27 10:30:00+05:30,2022-05-27 10:35:00+05:30,2022-05-27 12:10:00+05:30,688.85,684.5821428571428,696.532142857143,-4.2679,L
S585,AXISBANK,2022-05-27 12:00:00+05:30,-0.1098,-0.1596,0,,1.2811,80.95,-0.9216,0,0.9889,1.0,3,1,1,0,3,4,2022-05-27 12:15:00+05:30,2022-05-27 12:20:00+05:30,2022-05-27 15:00:00+05:30,687.4,683.6678571428571,694.1178571428571,3.15,EOD+
S586,AXISBANK,2022-05-27 12:50:00+05:30,0.0109,-0.0808,6,2.0,0.0,13.64,,1,0.9724,,0,0,1,1,0,1,2022-05-27 12:50:00+05:30,2022-05-27 12:55:00+05:30,2022-05-27 15:00:00+05:30,687.3,683.4607142857143,694.2107142857142,3.25,EOD+
S587,AXISBANK,2022-05-27 13:35:00+05:30,0.1584,0.1236,8,3.0,0.1435,38.89,3.1758,0,1.0973,,0,1,0,1,0,1,2022-05-27 13:35:00+05:30,2022-05-27 13:40:00+05:30,2022-05-27 15:00:00+05:30,689.75,685.7857142857143,696.8857142857142,0.8,EOD+
S588,AXISBANK,2022-05-27 13:50:00+05:30,0.1372,0.1584,2,2.0,1.3747,1.3,0.3405,0,2.1894,,0,1,0,1,0,1,2022-05-27 13:50:00+05:30,2022-05-27 13:55:00+05:30,2022-05-27 15:00:00+05:30,689.7,685.4946428571429,697.2696428571428,0.85,EOD+
S589,AXISBANK,2022-05-30 11:25:00+05:30,-0.1031,-0.0389,0,,1.9048,76.0,-0.9803,0,2.338,1.0,3,1,0,0,3,4,2022-05-30 11:40:00+05:30,2022-05-30 11:45:00+05:30,2022-05-30 12:15:00+05:30,694.7,691.3696428571429,700.6946428571429,-3.3304,L
S590,AXISBANK,2022-05-30 11:50:00+05:30,-0.079,-0.119,1,1.0,0.2552,29.41,0.6176,0,0.9111,,0,0,0,1,0,1,2022-05-30 11:50:00+05:30,2022-05-30 11:55:00+05:30,2022-05-30 15:00:00+05:30,693.25,689.9196428571429,699.2446428571428,0.5,EOD+
S591,AXISBANK,2022-05-30 12:00:00+05:30,-0.0707,-0.0815,0,,0.069,35.29,4.0,0,0.541,,0,0,1,1,0,1,2022-05-30 12:00:00+05:30,2022-05-30 12:05:00+05:30,2022-05-30 15:00:00+05:30,693.3,690.0410714285714,699.1660714285714,0.45,EOD+
S592,AXISBANK,2022-05-30 12:40:00+05:30,-0.0144,-0.061,0,,0.7653,12.5,-0.3171,0,0.6621,1.0,3,1,0,0,3,4,2022-05-30 12:55:00+05:30,2022-05-30 13:00:00+05:30,2022-05-30 15:00:00+05:30,693.0,689.6517857142857,699.0267857142857,0.75,EOD+
S593,AXISBANK,2022-05-30 13:15:00+05:30,0.0552,0.0242,2,1.0,0.0692,19.44,11.5714,0,1.4647,,0,0,0,1,0,1,2022-05-30 13:15:00+05:30,2022-05-30 13:20:00+05:30,2022-05-30 15:00:00+05:30,693.9,690.7392857142856,699.5892857142858,-0.15,EOD-
S594,AXISBANK,2022-05-30 14:00:00+05:30,0.0832,0.053,8,7.0,0.375,27.5,1.5556,0,1.1998,,0,0,0,1,0,1,2022-05-30 14:00:00+05:30,2022-05-30 14:05:00+05:30,2022-05-30 15:00:00+05:30,694.35,691.35,699.7500000000001,-0.6,EOD-
S595,AXISBANK,2022-05-31 09:40:00+05:30,-0.1386,,0,,1.3048,18.18,-0.7775,0,0.9515,1.0,3,1,1,0,3,4,2022-05-31 09:55:00+05:30,2022-05-31 10:00:00+05:30,2022-05-31 12:40:00+05:30,692.85,688.975,699.825,-3.875,L
S596,AXISBANK,2022-05-31 13:30:00+05:30,-0.1382,-0.1688,0,,1.7663,18.18,-0.9131,0,2.0681,0.0,3,1,0,0,3,4,2022-05-31 13:45:00+05:30,2022-05-31 13:50:00+05:30,2022-05-31 14:40:00+05:30,689.1,685.8410714285715,694.9660714285715,-3.2589,L
S597,AXISBANK,2022-05-31 13:55:00+05:30,-0.1223,-0.1462,0,,0.0901,52.17,0.3636,0,0.9098,,0,0,0,1,0,1,2022-05-31 13:55:00+05:30,2022-05-31 14:00:00+05:30,2022-05-31 14:35:00+05:30,689.7,686.6464285714286,695.1964285714287,-3.0536,L
S598,AXISBANK,2022-05-31 14:15:00+05:30,-0.0349,-0.0969,3,3.0,0.6258,9.37,0.0897,0,1.2776,,0,0,0,1,0,1,2022-05-31 14:15:00+05:30,2022-05-31 14:20:00+05:30,2022-05-31 14:40:00+05:30,688.5,685.3839285714286,694.1089285714286,-3.1161,L
S599,AXISBANK,2022-06-01 09:15:00+05:30,,,0,,2.3845,78.82,-0.8003,0,0.8002,,0,0,0,1,0,1,2022-06-01 09:15:00+05:30,2022-06-01 09:20:00+05:30,2022-06-01 14:05:00+05:30,689.55,684.3,699.0,-5.25,L
S600,AXISBANK,2022-06-01 09:30:00+05:30,,,1,1.0,0.2656,66.67,-0.1416,0,0.1235,0.0,3,1,1,0,3,4,2022-06-01 09:45:00+05:30,2022-06-01 09:50:00+05:30,2022-06-01 14:45:00+05:30,687.0,681.5178571428571,696.8678571428572,-5.4821,L
S601,AXISBANK,2022-06-01 09:55:00+05:30,-0.0845,-0.0998,0,,0.6775,20.83,-0.6007,0,0.1867,1.0,3,0,0,0,3,4,2022-06-01 10:10:00+05:30,2022-06-01 10:15:00+05:30,2022-06-01 14:45:00+05:30,686.95,681.4053571428572,696.9303571428572,-5.5446,L
S602,AXISBANK,2022-06-01 11:15:00+05:30,0.0345,0.0924,12,7.0,0.1206,35.71,0.6393,0,0.821,,0,0,1,1,0,1,2022-06-01 11:15:00+05:30,2022-06-01 11:20:00+05:30,2022-06-01 12:10:00+05:30,687.6,684.4392857142857,693.2892857142858,-3.1607,L
S603,AXISBANK,2022-06-01 12:20:00+05:30,-0.0508,0.0602,0,,0.759,28.57,-0.4444,0,0.6808,1.0,3,0,1,0,3,4,2022-06-01 12:35:00+05:30,2022-06-01 12:40:00+05:30,2022-06-01 13:45:00+05:30,689.3,684.8535714285713,697.3035714285714,-4.4464,L
S604,AXISBANK,2022-06-02 09:15:00+05:30,,,0,,1.1605,49.51,-1.0,0,2.8915,,0,0,0,1,0,1,2022-06-02 09:15:00+05:30,2022-06-02 09:20:00+05:30,2022-06-02 15:00:00+05:30,684.55,679.175,694.2249999999999,8.05,EOD+
S605,AXISBANK,2022-06-02 09:25:00+05:30,,,0,,0.3604,44.26,-0.3902,0,1.0228,,0,1,0,1,0,1,2022-06-02 09:25:00+05:30,2022-06-02 09:30:00+05:30,2022-06-02 15:00:00+05:30,685.55,679.8625,695.7875,7.05,EOD+
S606,AXISBANK,2022-06-02 12:00:00+05:30,-0.187,-0.1443,0,,1.3898,47.37,-0.9754,0,0.3658,0.0,3,1,1,0,3,4,2022-06-02 12:15:00+05:30,2022-06-02 12:20:00+05:30,2022-06-02 15:00:00+05:30,686.6,682.9392857142857,693.1892857142858,6.0,EOD+
S607,AXISBANK,2022-06-02 12:25:00+05:30,-0.1093,-0.1792,0,,0.1537,75.0,-0.7297,0,0.5874,,0,0,1,1,0,1,2022-06-02 12:25:00+05:30,2022-06-02 12:30:00+05:30,2022-06-02 14:55:00+05:30,687.05,684.0410714285713,692.4660714285715,5.4161,W
S608,AXISBANK,2022-06-02 12:50:00+05:30,0.0364,-0.0361,4,3.0,0.1924,47.06,0.9149,0,0.7412,,0,1,1,1,0,1,2022-06-02 12:50:00+05:30,2022-06-02 12:55:00+05:30,2022-06-02 14:55:00+05:30,686.8,683.7464285714285,692.2964285714286,5.4964,W
S609,AXISBANK,2022-06-02 13:00:00+05:30,0.0386,0.0342,1,1.0,0.6514,48.94,-0.4627,0,0.7729,0.0,1,0,1,0,1,2,2022-06-02 13:05:00+05:30,2022-06-02 13:10:00+05:30,2022-06-02 14:55:00+05:30,686.7,683.4857142857143,692.4857142857144,5.7857,W
S610,AXISBANK,2022-06-02 13:15:00+05:30,-0.0055,0.0386,0,,0.7268,90.0,-0.9472,0,2.5454,1.0,3,0,0,0,3,4,2022-06-02 13:30:00+05:30,2022-06-02 13:35:00+05:30,2022-06-02 14:55:00+05:30,686.8,683.5410714285713,692.6660714285715,5.8661,W
S611,AXISBANK,2022-06-02 13:40:00+05:30,0.048,-0.0066,0,,0.5113,89.58,-0.7048,0,2.3515,,0,0,1,1,0,1,2022-06-02 13:40:00+05:30,2022-06-02 13:45:00+05:30,2022-06-02 15:00:00+05:30,688.5,685.1875,694.4625000000001,4.1,EOD+
S612,AXISBANK,2022-06-03 09:55:00+05:30,0.1715,0.18,8,8.0,0.1598,28.57,2.0657,0,2.3148,,0,0,0,1,0,1,2022-06-03 09:55:00+05:30,2022-06-03 10:00:00+05:30,2022-06-03 12:20:00+05:30,693.15,687.7928571428571,702.7928571428571,-5.3571,L
S613,AXISBANK,2022-06-03 10:35:00+05:30,0.0177,0.0675,0,,0.8966,0.0,-0.9649,0,2.4065,1.0,3,0,0,0,3,4,2022-06-03 10:50:00+05:30,2022-06-03 10:55:00+05:30,2022-06-03 12:10:00+05:30,693.2,689.2267857142857,700.3517857142858,-3.9732,L
S614,AXISBANK,2022-06-03 11:00:00+05:30,-0.0076,0.0105,0,,0.0155,59.37,-1.0,0,0.5925,1.0,1,1,0,0,1,2,2022-06-03 11:05:00+05:30,2022-06-03 11:10:00+05:30,2022-06-03 11:55:00+05:30,693.65,690.0249999999999,700.1750000000001,-3.625,L
S615,AXISBANK,2022-06-06 09:15:00+05:30,,,0,,2.102,62.0,-0.4267,0,2.1002,,0,0,0,1,0,1,2022-06-06 09:15:00+05:30,2022-06-06 09:20:00+05:30,2022-06-06 09:40:00+05:30,683.2,676.9767857142857,694.4017857142858,-6.2232,L
S616,AXISBANK,2022-06-06 09:25:00+05:30,,,1,1.0,0.2605,49.02,-0.3455,0,0.671,0.0,1,1,0,0,1,2,2022-06-06 09:30:00+05:30,2022-06-06 09:35:00+05:30,2022-06-06 14:25:00+05:30,679.8,673.2017857142856,691.6767857142856,-6.5982,L
S617,AXISBANK,2022-06-06 09:40:00+05:30,-0.1548,,1,1.0,0.5182,31.25,0.1935,0,0.6043,,0,0,0,1,0,1,2022-06-06 09:40:00+05:30,2022-06-06 09:45:00+05:30,2022-06-06 15:00:00+05:30,678.25,671.5803571428571,690.2553571428572,-6.6696,L
S618,AXISBANK,2022-06-06 10:15:00+05:30,0.1141,0.0092,6,3.0,0.1239,83.33,-0.5312,0,0.3734,0.0,1,0,1,0,1,2,2022-06-06 10:20:00+05:30,2022-06-06 10:25:00+05:30,2022-06-06 14:25:00+05:30,679.75,673.2946428571429,691.3696428571428,-6.4554,L
S619,AXISBANK,2022-06-06 12:25:00+05:30,-0.0851,-0.1464,0,,1.05,15.0,-0.8179,0,0.7894,1.0,3,0,1,0,3,4,2022-06-06 12:40:00+05:30,2022-06-06 12:45:00+05:30,2022-06-06 15:00:00+05:30,675.65,672.3821428571429,681.5321428571428,-3.2679,L
S620,AXISBANK,2022-06-06 12:55:00+05:30,-0.0429,-0.0936,1,1.0,0.2887,12.5,2.5616,0,0.8992,,0,0,1,1,0,1,2022-06-06 12:55:00+05:30,2022-06-06 13:00:00+05:30,2022-06-06 14:25:00+05:30,676.4,673.2392857142856,682.0892857142858,-3.1607,L
S621,AXISBANK,2022-06-06 13:10:00+05:30,-0.0226,-0.0429,2,1.0,0.6959,40.54,0.0029,0,1.2275,,0,0,0,1,0,1,2022-06-06 13:10:00+05:30,2022-06-06 13:15:00+05:30,2022-06-06 15:00:00+05:30,675.35,672.3053571428571,680.8303571428572,-3.0446,L
S622,AXISBANK,2022-06-06 13:25:00+05:30,-0.003,-0.0226,0,,0.7971,47.37,-1.0,0,0.8624,1.0,3,0,1,0,3,4,2022-06-06 13:40:00+05:30,2022-06-06 13:45:00+05:30,2022-06-06 15:00:00+05:30,675.35,672.3232142857144,680.7982142857143,-3.0268,L
S623,AXISBANK,2022-06-07 09:15:00+05:30,,,0,,1.0456,23.02,-0.4471,0,3.2139,,0,0,0,1,0,1,2022-06-07 09:15:00+05:30,2022-06-07 09:20:00+05:30,2022-06-07 09:30:00+05:30,673.8,668.8267857142856,682.7517857142858,-4.9732,L
S624,AXISBANK,2022-06-07 10:10:00+05:30,-0.2414,-0.247,0,,1.6209,0.0,-0.8609,0,1.746,1.0,3,0,0,0,3,4,2022-06-07 10:25:00+05:30,2022-06-07 10:30:00+05:30,2022-06-07 11:20:00+05:30,671.2,665.6553571428572,681.1803571428572,-5.5446,L
S625,AXISBANK,2022-06-07 12:25:00+05:30,-0.202,-0.1673,0,,1.1618,40.0,-0.6435,0,0.2887,0.0,3,0,1,0,3,4,2022-06-07 12:40:00+05:30,2022-06-07 12:45:00+05:30,2022-06-07 13:05:00+05:30,665.6,662.5821428571428,671.032142857143,-3.0179,L
S626,AXISBANK,2022-06-07 14:10:00+05:30,-0.0893,-0.0734,0,,1.202,13.33,-0.5824,0,2.6416,1.0,3,0,0,0,3,4,2022-06-07 14:25:00+05:30,2022-06-07 14:30:00+05:30,2022-06-07 14:35:00+05:30,664.45,662.2089285714285,668.4839285714288,-2.2411,L
S627,AXISBANK,2022-06-08 09:55:00+05:30,0.1655,0.2505,8,8.0,0.4152,3.12,0.2838,0,0.658,,0,0,0,1,0,1,2022-06-08 09:55:00+05:30,2022-06-08 10:00:00+05:30,2022-06-08 13:15:00+05:30,666.5,662.0446428571429,674.5196428571428,-4.4554,L
S628,AXISBANK,2022-06-08 10:05:00+05:30,0.1395,0.1858,0,,1.2663,19.54,-0.334,0,2.144,1.0,1,0,1,0,1,2,2022-06-08 10:10:00+05:30,2022-06-08 10:15:00+05:30,2022-06-08 13:10:00+05:30,668.65,663.4625,677.9875,-5.1875,L
S629,AXISBANK,2022-06-08 10:25:00+05:30,0.1764,0.1567,2,2.0,0.0209,13.04,9.0,0,0.3091,,0,0,1,1,0,1,2022-06-08 10:25:00+05:30,2022-06-08 10:30:00+05:30,2022-06-08 13:10:00+05:30,668.2,662.8160714285715,677.8910714285714,-5.3839,L
S630,AXISBANK,2022-06-08 11:05:00+05:30,0.0587,0.1749,7,4.0,0.0352,71.43,3.0,0,0.4189,,0,0,1,1,0,1,2022-06-08 11:05:00+05:30,2022-06-08 11:10:00+05:30,2022-06-08 13:05:00+05:30,669.0,663.6785714285714,678.5785714285713,-5.3214,L
S631,AXISBANK,2022-06-08 11:15:00+05:30,-0.0112,0.1144,0,,0.6069,55.56,-0.8319,0,0.2823,0.0,2,0,0,0,2,3,2022-06-08 11:25:00+05:30,2022-06-08 11:30:00+05:30,2022-06-08 13:05:00+05:30,668.85,663.9482142857144,677.6732142857143,-4.9018,L
S632,AXISBANK,2022-06-09 10:10:00+05:30,-0.1752,-0.2028,0,,1.7586,60.87,-1.0,0,0.934,1.0,3,1,0,0,3,4,2022-06-09 10:25:00+05:30,2022-06-09 10:30:00+05:30,2022-06-09 13:00:00+05:30,654.7,650.7089285714286,661.8839285714286,-3.9911,L
S633,AXISBANK,2022-06-09 10:35:00+05:30,-0.1567,-0.1569,0,,0.706,45.71,-0.3201,0,0.9264,1.0,3,0,0,0,3,4,2022-06-09 10:50:00+05:30,2022-06-09 10:55:00+05:30,2022-06-09 13:05:00+05:30,653.3,650.175,658.925,-3.125,L
S634,AXISBANK,2022-06-09 11:20:00+05:30,0.0302,-0.0765,0,,0.2972,77.78,-1.0,0,1.2721,1.0,3,1,0,0,3,4,2022-06-09 11:35:00+05:30,2022-06-09 11:40:00+05:30,2022-06-09 13:00:00+05:30,653.8,650.6035714285714,659.5535714285714,-3.1964,L
S635,AXISBANK,2022-06-09 12:00:00+05:30,0.0077,0.0099,0,,0.7201,21.05,-0.6273,0,0.5086,0.0,3,0,1,0,3,4,2022-06-09 12:15:00+05:30,2022-06-09 12:20:00+05:30,2022-06-09 13:00:00+05:30,653.7,650.9053571428572,658.7303571428572,-2.7946,L
S636,AXISBANK,2022-06-09 12:25:00+05:30,-0.0264,-0.0142,0,,0.5003,44.83,-0.7183,0,1.3075,0.0,1,1,1,0,1,2,2022-06-09 12:30:00+05:30,2022-06-09 12:35:00+05:30,2022-06-09 13:00:00+05:30,653.85,651.1892857142857,658.6392857142857,-2.6607,L
S637,AXISBANK,2022-06-09 13:10:00+05:30,-0.0578,0.008,0,,2.0404,17.39,-0.828,0,0.4857,0.0,3,0,0,0,3,4,2022-06-09 13:25:00+05:30,2022-06-09 13:30:00+05:30,2022-06-09 14:55:00+05:30,653.1,649.5375,659.5125,6.4125,W
S638,AXISBANK,2022-06-09 13:35:00+05:30,-0.0195,-0.0716,0,,0.7,9.52,-0.1667,0,0.3125,0.0,2,0,1,0,2,3,2022-06-09 13:45:00+05:30,2022-06-09 13:50:00+05:30,2022-06-09 15:00:00+05:30,653.15,649.2928571428571,660.0928571428572,6.9429,W
S639,AXISBANK,2022-06-09 13:55:00+05:30,-0.0069,-0.0073,0,,0.1948,38.89,0.5842,0,0.4807,,0,0,1,1,0,1,2022-06-09 13:55:00+05:30,2022-06-09 14:00:00+05:30,2022-06-09 14:50:00+05:30,653.4,650.1589285714285,659.2339285714286,5.8339,W
S640,AXISBANK,2022-06-10 09:30:00+05:30,,,0,,1.7665,35.56,-0.6819,0,0.942,1.0,3,0,0,0,3,4,2022-06-10 09:45:00+05:30,2022-06-10 09:50:00+05:30,2022-06-10 15:00:00+05:30,658.8,653.6839285714285,668.0089285714286,1.7,EOD+
S641,AXISBANK,2022-06-10 09:55:00+05:30,0.0755,0.0839,0,,0.7353,73.08,-0.776,0,0.5102,1.0,1,0,0,0,1,2,2022-06-10 10:00:00+05:30,2022-06-10 10:05:00+05:30,2022-06-10 15:00:00+05:30,660.0,654.6875,669.5625000000001,0.5,EOD+
S642,AXISBANK,2022-06-10 10:10:00+05:30,0.0607,0.0755,0,,0.2141,91.67,-1.0,0,0.5445,,0,0,0,1,0,1,2022-06-10 10:10:00+05:30,2022-06-10 10:15:00+05:30,2022-06-10 15:00:00+05:30,660.2,654.6821428571428,670.132142857143,0.3,EOD+
S643,AXISBANK,2022-06-10 11:30:00+05:30,0.1479,0.2097,15,4.0,0.4904,15.0,0.0196,0,0.9385,,0,0,0,1,0,1,2022-06-10 11:30:00+05:30,2022-06-10 11:35:00+05:30,2022-06-10 15:00:00+05:30,661.1,657.85,666.95,-0.6,EOD-
S644,AXISBANK,2022-06-10 11:45:00+05:30,0.0998,0.1479,1,1.0,0.1211,85.71,-1.0,0,0.5808,1.0,1,0,1,0,1,2,2022-06-10 11:50:00+05:30,2022-06-10 11:55:00+05:30,2022-06-10 15:00:00+05:30,661.8,658.7553571428571,667.2803571428572,-1.3,EOD-
S645,AXISBANK,2022-06-10 12:00:00+05:30,0.0752,0.0998,1,1.0,1.0786,38.24,-0.2245,0,0.5362,0.0,2,0,1,0,2,3,2022-06-10 12:10:00+05:30,2022-06-10 12:15:00+05:30,2022-06-10 15:00:00+05:30,661.85,659.0107142857142,666.9607142857143,-1.35,EOD-
S646,AXISBANK,2022-06-10 12:20:00+05:30,0.0117,0.0586,0,,0.0229,45.45,-1.0,0,0.7907,,0,1,1,1,0,1,2022-06-10 12:20:00+05:30,2022-06-10 12:25:00+05:30,2022-06-10 12:35:00+05:30,662.05,659.5946428571428,666.4696428571428,-2.4554,L
S647,AXISBANK,2022-06-10 12:45:00+05:30,-0.0378,0.0004,0,,2.2347,22.86,-0.7632,0,0.7663,0.0,3,0,1,0,3,4,2022-06-10 13:00:00+05:30,2022-06-10 13:05:00+05:30,2022-06-10 15:00:00+05:30,661.3,658.7017857142856,665.9767857142857,-0.8,EOD-
S648,AXISBANK,2022-06-10 13:10:00+05:30,-0.0291,-0.0594,0,,0.7097,64.0,-0.3836,0,0.8223,1.0,2,1,0,0,2,3,2022-06-10 13:20:00+05:30,2022-06-10 13:25:00+05:30,2022-06-10 15:00:00+05:30,661.5,658.9285714285714,666.1285714285715,-1.0,EOD-
S649,AXISBANK,2022-06-10 13:30:00+05:30,-0.0106,-0.017,0,,0.5638,20.0,0.1152,0,1.7891,,0,1,0,1,0,1,2022-06-10 13:30:00+05:30,2022-06-10 13:35:00+05:30,2022-06-10 15:00:00+05:30,661.7,658.7178571428572,667.0678571428573,-1.2,EOD-
S650,AXISBANK,2022-06-10 13:50:00+05:30,0.0057,-0.0106,2,1.0,0.4869,91.67,-1.0,0,0.6046,0.0,1,0,0,0,1,2,2022-06-10 13:55:00+05:30,2022-06-10 14:00:00+05:30,2022-06-10 15:00:00+05:30,661.35,658.1535714285715,667.1035714285714,-0.85,EOD-
S651,AXISBANK,2022-06-10 14:05:00+05:30,-0.0076,0.0057,0,,0.3624,61.54,0.0526,0,1.3022,,0,0,0,1,0,1,2022-06-10 14:05:00+05:30,2022-06-10 14:10:00+05:30,2022-06-10 15:00:00+05:30,662.0,658.7232142857143,667.8982142857143,-1.5,EOD-
S652,AXISBANK,2022-06-10 14:15:00+05:30,0.0095,0.0015,1,1.0,0.3265,13.79,0.6092,0,0.8592,,0,0,1,1,0,1,2022-06-10 14:15:00+05:30,2022-06-10 14:20:00+05:30,2022-06-10 15:00:00+05:30,661.4,658.0696428571429,667.3946428571428,-0.9,EOD-
S653,AXISBANK,2022-06-13 10:35:00+05:30,-0.6938,-0.7002,0,,1.9594,27.78,-0.7903,0,0.6608,1.0,3,1,0,0,3,4,2022-06-13 10:50:00+05:30,2022-06-13 10:55:00+05:30,2022-06-13 15:00:00+05:30,645.5,641.5446428571429,652.6196428571428,2.7,EOD+
S654,AXISBANK,2022-06-13 11:35:00+05:30,0.121,0.1521,8,5.0,0.0745,54.76,4.2632,0,3.5817,,0,0,0,1,0,1,2022-06-13 11:35:00+05:30,2022-06-13 11:40:00+05:30,2022-06-13 15:00:00+05:30,644.9,641.7125,650.6375,3.3,EOD+
S655,AXISBANK,2022-06-13 11:45:00+05:30,0.0822,0.1594,0,,0.2898,66.67,-0.6226,0,0.3664,,0,0,1,1,0,1,2022-06-13 11:45:00+05:30,2022-06-13 11:50:00+05:30,2022-06-13 15:00:00+05:30,645.15,641.7214285714285,651.3214285714287,3.05,EOD+
S656,AXISBANK,2022-06-13 11:55:00+05:30,0.0775,0.0943,1,1.0,0.0766,48.28,1.381,0,0.7796,,0,1,0,1,0,1,2022-06-13 11:55:00+05:30,2022-06-13 12:00:00+05:30,2022-06-13 15:00:00+05:30,645.95,642.5214285714286,652.1214285714286,2.25,EOD+
S657,AXISBANK,2022-06-13 12:20:00+05:30,0.1169,0.1069,4,3.0,0.2427,18.18,2.6538,0,0.6672,,0,0,0,1,0,1,2022-06-13 12:20:00+05:30,2022-06-13 12:25:00+05:30,2022-06-13 15:00:00+05:30,646.7,644.0214285714286,651.5214285714286,1.5,EOD+
S658,AXISBANK,2022-06-13 12:35:00+05:30,0.0677,0.1169,0,,0.702,71.43,-1.0,0,0.7062,1.0,3,0,0,0,3,4,2022-06-13 12:50:00+05:30,2022-06-13 12:55:00+05:30,2022-06-13 15:00:00+05:30,646.3,643.2196428571428,651.8446428571428,1.9,EOD+
S659,AXISBANK,2022-06-13 13:00:00+05:30,-0.024,0.0066,1,1.0,0.4168,60.87,-0.3478,0,0.8197,1.0,1,0,1,0,1,2,2022-06-13 13:05:00+05:30,2022-06-13 13:10:00+05:30,2022-06-13 15:00:00+05:30,646.0,643.2410714285714,650.9660714285715,2.2,EOD+
S660,AXISBANK,2022-06-13 13:30:00+05:30,0.0778,0.0159,4,2.0,0.1413,24.14,5.4615,0,1.1182,,0,1,1,1,0,1,2022-06-13 13:30:00+05:30,2022-06-13 13:35:00+05:30,2022-06-13 15:00:00+05:30,647.15,644.275,652.325,1.05,EOD+
S661,AXISBANK,2022-06-13 14:15:00+05:30,-0.0073,0.0073,0,,1.3537,15.38,-0.6717,0,1.2939,1.0,3,0,0,0,3,4,2022-06-13 14:30:00+05:30,2022-06-13 14:35:00+05:30,2022-06-13 15:00:00+05:30,647.3,643.925,653.375,0.9,EOD+
S662,AXISBANK,2022-06-14 09:15:00+05:30,,,0,,2.2262,51.03,-0.5734,0,4.1932,,0,0,0,1,0,1,2022-06-14 09:15:00+05:30,2022-06-14 09:20:00+05:30,2022-06-14 09:30:00+05:30,648.7,644.0928571428572,656.9928571428571,-4.6071,L
S663,AXISBANK,2022-06-14 10:00:00+05:30,-0.0243,-0.0282,0,,0.7346,22.58,-0.6657,0,0.6784,1.0,3,0,0,0,3,4,2022-06-14 10:15:00+05:30,2022-06-14 10:20:00+05:30,2022-06-14 15:00:00+05:30,647.3,641.7017857142856,657.3767857142858,0.2,EOD+
S664,AXISBANK,2022-06-14 13:05:00+05:30,-0.1315,-0.0835,0,,1.5621,73.91,-0.8868,0,0.9762,1.0,3,1,0,0,3,4,2022-06-14 13:20:00+05:30,2022-06-14 13:25:00+05:30,2022-06-14 13:45:00+05:30,653.35,649.1089285714286,660.9839285714286,-4.2411,L
S665,AXISBANK,2022-06-15 09:55:00+05:30,0.097,0.0724,0,,0.2553,47.37,-0.5763,0,0.3439,1.0,3,0,1,0,3,4,2022-06-15 10:10:00+05:30,2022-06-15 10:15:00+05:30,2022-06-15 15:00:00+05:30,650.05,644.2732142857143,660.4482142857142,-0.3,EOD-
S666,AXISBANK,2022-06-15 10:20:00+05:30,0.0654,0.0727,0,,0.5753,33.33,-0.4089,0,0.5142,1.0,3,0,1,0,3,4,2022-06-15 10:35:00+05:30,2022-06-15 10:40:00+05:30,2022-06-15 15:00:00+05:30,650.95,646.5392857142858,658.8892857142857,-1.2,EOD-
S667,AXISBANK,2022-06-15 10:45:00+05:30,0.0077,0.0638,1,1.0,0.0907,4.55,5.5217,0,0.6013,,0,1,0,1,0,1,2022-06-15 10:45:00+05:30,2022-06-15 10:50:00+05:30,2022-06-15 11:50:00+05:30,650.95,647.7803571428572,656.6553571428572,-3.1696,L
S668,AXISBANK,2022-06-15 10:55:00+05:30,-0.0311,0.0358,0,,0.5201,5.88,0.1814,0,0.4697,,0,0,1,1,0,1,2022-06-15 10:55:00+05:30,2022-06-15 11:00:00+05:30,2022-06-15 11:55:00+05:30,650.25,647.4017857142857,655.3767857142857,-2.8482,L
S669,AXISBANK,2022-06-15 11:10:00+05:30,-0.0215,-0.0311,1,1.0,0.119,10.0,4.6,0,0.7659,,0,0,0,1,0,1,2022-06-15 11:10:00+05:30,2022-06-15 11:15:00+05:30,2022-06-15 11:50:00+05:30,650.8,648.175,655.525,-2.625,L
S670,AXISBANK,2022-06-15 11:35:00+05:30,0.0361,0.0038,3,2.0,0.1566,6.25,2.75,0,1.0908,,0,1,1,1,0,1,2022-06-15 11:35:00+05:30,2022-06-15 11:40:00+05:30,2022-06-15 11:45:00+05:30,650.9,648.3464285714285,655.4964285714286,-2.5536,L
S671,AXISBANK,2022-06-15 12:05:00+05:30,-0.0288,-0.0035,0,,0.874,45.83,-0.6721,0,1.8582,1.0,3,1,0,0,3,4,2022-06-15 12:20:00+05:30,2022-06-15 12:25:00+05:30,2022-06-15 15:00:00+05:30,650.35,647.2964285714286,655.8464285714286,-0.6,EOD-
S672,AXISBANK,2022-06-15 12:30:00+05:30,-0.0412,-0.0242,0,,0.7163,64.71,-0.9091,0,1.2452,,0,1,1,1,0,1,2022-06-15 12:30:00+05:30,2022-06-15 12:35:00+05:30,2022-06-15 15:00:00+05:30,650.1,646.2607142857144,657.0107142857142,-0.35,EOD-
S673,AXISBANK,2022-06-15 13:00:00+05:30,-0.0019,-0.0142,4,3.0,0.4249,14.29,0.7625,0,0.9079,,0,1,0,1,0,1,2022-06-15 13:00:00+05:30,2022-06-15 13:05:00+05:30,2022-06-15 15:00:00+05:30,650.45,646.6107142857144,657.3607142857143,-0.7,EOD-
S674,AXISBANK,2022-06-15 13:15:00+05:30,-0.0131,-0.0019,2,2.0,0.7103,34.09,0.0194,0,1.0447,,0,0,0,1,0,1,2022-06-15 13:15:00+05:30,2022-06-15 13:20:00+05:30,2022-06-15 15:00:00+05:30,649.5,645.875,656.025,0.25,EOD+
S675,AXISBANK,2022-06-15 13:25:00+05:30,0.0023,-0.0073,0,,0.6725,44.44,-0.455,0,0.8707,0.0,1,0,1,0,1,2,2022-06-15 13:30:00+05:30,2022-06-15 13:35:00+05:30,2022-06-15 15:00:00+05:30,650.2,646.7892857142857,656.3392857142858,-0.45,EOD-
S676,AXISBANK,2022-06-16 10:05:00+05:30,0.1498,0.1595,10,10.0,0.0769,54.17,2.5088,0,0.4334,,0,0,0,1,0,1,2022-06-16 10:05:00+05:30,2022-06-16 10:10:00+05:30,2022-06-16 11:20:00+05:30,652.85,648.2160714285715,661.1910714285715,-4.6339,L
S677,AXISBANK,2022-06-16 10:15:00+05:30,0.1398,0.1568,0,,0.3722,6.67,-0.7692,0,0.5984,1.0,2,0,1,0,2,3,2022-06-16 10:25:00+05:30,2022-06-16 10:30:00+05:30,2022-06-16 11:20:00+05:30,653.1,648.7339285714286,660.9589285714286,-4.3661,L
S678,AXISBANK,2022-06-17 09:20:00+05:30,,,0,,1.4394,4.35,-0.726,0,0.5903,0.0,3,1,1,0,3,4,2022-06-17 09:35:00+05:30,2022-06-17 09:40:00+05:30,2022-06-17 15:00:00+05:30,634.4,628.6946428571429,644.6696428571429,4.2,EOD+
S679,AXISBANK,2022-06-17 10:10:00+05:30,0.1893,0.1726,6,4.0,0.3471,90.2,-0.9048,0,0.2953,0.0,1,0,0,0,1,2,2022-06-17 10:15:00+05:30,2022-06-17 10:20:00+05:30,2022-06-17 15:00:00+05:30,635.0,627.4375,648.6125000000001,3.6,EOD+
S680,AXISBANK,2022-06-17 10:25:00+05:30,0.0586,0.1893,0,,0.5717,19.61,-0.5578,0,0.2264,0.0,1,0,1,0,1,2,2022-06-17 10:30:00+05:30,2022-06-17 10:35:00+05:30,2022-06-17 15:00:00+05:30,636.0,629.5714285714286,647.5714285714287,2.6,EOD+
S681,AXISBANK,2022-06-17 10:45:00+05:30,0.0279,0.0338,1,1.0,0.4842,48.78,-0.5483,0,0.802,1.0,1,1,0,0,1,2,2022-06-17 10:50:00+05:30,2022-06-17 10:55:00+05:30,2022-06-17 15:00:00+05:30,636.1,629.8142857142857,647.4142857142858,2.5,EOD+
S682,AXISBANK,2022-06-17 11:55:00+05:30,-0.1494,-0.2447,0,,0.7981,8.33,-0.6975,0,1.4692,1.0,3,0,0,0,3,4,2022-06-17 12:10:00+05:30,2022-06-17 12:15:00+05:30,2022-06-17 15:00:00+05:30,635.1,630.9571428571429,642.5571428571428,3.5,EOD+
S683,AXISBANK,2022-06-17 13:10:00+05:30,0.1433,0.1331,11,4.0,0.2991,76.92,-0.476,0,0.5598,1.0,3,0,1,0,3,4,2022-06-17 13:25:00+05:30,2022-06-17 13:30:00+05:30,2022-06-17 14:20:00+05:30,636.1,631.3142857142857,644.7142857142858,-4.7857,L
S684,AXISBANK,2022-06-17 13:35:00+05:30,0.0916,0.1047,0,,0.4772,11.54,-0.6133,0,0.246,0.0,1,1,1,0,1,2,2022-06-17 13:40:00+05:30,2022-06-17 13:45:00+05:30,2022-06-17 14:15:00+05:30,636.6,631.8589285714286,645.1339285714287,-4.7411,L
S685,AXISBANK,2022-06-17 13:50:00+05:30,0.0943,0.0916,0,,0.5673,14.63,0.2888,0,0.42,,0,1,1,1,0,1,2022-06-17 13:50:00+05:30,2022-06-17 13:55:00+05:30,2022-06-17 14:15:00+05:30,636.5,631.8839285714286,644.8089285714287,-4.6161,L
S686,AXISBANK,2022-06-20 09:45:00+05:30,-0.0347,,0,,1.4423,16.67,-0.9512,0,1.9061,1.0,3,1,0,0,3,4,2022-06-20 10:00:00+05:30,2022-06-20 10:05:00+05:30,2022-06-20 13:20:00+05:30,635.3,628.2017857142856,648.0767857142857,-7.0982,L
S687,AXISBANK,2022-06-20 10:10:00+05:30,-0.0008,-0.0374,1,1.0,0.3157,5.88,0.7857,0,0.1806,,0,0,1,1,0,1,2022-06-20 10:10:00+05:30,2022-06-20 10:15:00+05:30,2022-06-20 13:20:00+05:30,634.9,628.2482142857143,646.8732142857143,-6.6518,L
S688,AXISBANK,2022-06-20 10:55:00+05:30,-0.1423,-0.1318,0,,0.8918,0.0,-1.0,0,0.3714,0.0,3,0,1,0,3,4,2022-06-20 11:10:00+05:30,2022-06-20 11:15:00+05:30,2022-06-20 13:20:00+05:30,632.75,628.0892857142858,641.1392857142856,-4.6607,L
S689,AXISBANK,2022-06-20 11:20:00+05:30,-0.0257,-0.149,0,,0.5484,48.57,-0.1765,0,0.4583,,0,0,1,1,0,1,2022-06-20 11:20:00+05:30,2022-06-20 11:25:00+05:30,2022-06-20 13:15:00+05:30,633.2,629.325,640.175,-3.875,L
S690,AXISBANK,2022-06-20 11:35:00+05:30,0.019,-0.0257,0,,0.8959,65.0,-0.7976,0,0.6062,1.0,3,0,1,0,3,4,2022-06-20 11:50:00+05:30,2022-06-20 11:55:00+05:30,2022-06-20 13:15:00+05:30,632.75,629.3035714285714,638.9535714285714,-3.4464,L
S691,AXISBANK,2022-06-20 12:15:00+05:30,0.0182,-0.0799,4,2.0,0.2793,30.56,-0.5238,0,1.1875,1.0,1,0,0,0,1,2,2022-06-20 12:20:00+05:30,2022-06-20 12:25:00+05:30,2022-06-20 13:15:00+05:30,633.8,630.0410714285714,640.5660714285714,-3.7589,L
S692,AXISBANK,2022-06-20 12:35:00+05:30,0.0609,0.0558,2,2.0,0.4936,70.97,-0.7909,0,0.4655,0.0,1,0,1,0,1,2,2022-06-20 12:40:00+05:30,2022-06-20 12:45:00+05:30,2022-06-20 13:15:00+05:30,632.7,629.0660714285715,639.2410714285714,-3.6339,L
S693,AXISBANK,2022-06-21 10:50:00+05:30,0.1765,0.2522,19,2.0,0.2269,6.45,0.4773,0,0.3305,,0,0,0,1,0,1,2022-06-21 10:50:00+05:30,2022-06-21 10:55:00+05:30,2022-06-21 12:45:00+05:30,632.1,627.2517857142857,640.8267857142858,8.7268,W
S694,AXISBANK,2022-06-22 10:15:00+05:30,-0.5824,-0.645,0,,1.4446,67.39,-0.9691,0,0.5406,1.0,3,1,1,0,3,4,2022-06-22 10:30:00+05:30,2022-06-22 10:35:00+05:30,2022-06-22 15:00:00+05:30,629.7,624.0928571428572,639.7928571428572,-1.45,EOD-
S695,AXISBANK,2022-06-22 12:10:00+05:30,-0.0446,0.0243,0,,1.1741,26.32,-0.7651,0,1.3302,1.0,3,1,1,0,3,4,2022-06-22 12:25:00+05:30,2022-06-22 12:30:00+05:30,2022-06-22 13:30:00+05:30,628.3,624.675,634.8249999999999,-3.625,L
S696,AXISBANK,2022-06-22 12:35:00+05:30,-0.1147,-0.0697,0,,0.7,44.44,-0.5467,0,1.0647,,0,0,0,1,0,1,2022-06-22 12:35:00+05:30,2022-06-22 12:40:00+05:30,2022-06-22 13:30:00+05:30,627.7,624.5482142857144,633.3732142857143,-3.1518,L
S697,AXISBANK,2022-06-22 12:50:00+05:30,-0.094,-0.1147,1,1.0,0.3203,8.33,1.7815,0,1.1378,,0,1,0,1,0,1,2022-06-22 12:50:00+05:30,2022-06-22 12:55:00+05:30,2022-06-22 13:20:00+05:30,628.15,625.2035714285714,633.4535714285713,-2.9464,L
S698,AXISBANK,2022-06-22 13:10:00+05:30,0.0004,-0.065,3,2.0,0.0463,53.85,1.6087,0,0.5802,,0,1,1,1,0,1,2022-06-22 13:10:00+05:30,2022-06-22 13:15:00+05:30,2022-06-22 13:30:00+05:30,627.8,624.6928571428571,633.3928571428571,-3.1071,L
S699,AXISBANK,2022-06-22 13:50:00+05:30,-0.0562,-0.0458,0,,1.5167,23.53,-0.7802,0,1.1108,1.0,3,0,0,0,3,4,2022-06-22 14:05:00+05:30,2022-06-22 14:10:00+05:30,2022-06-22 15:00:00+05:30,627.6,624.225,633.6750000000001,0.65,EOD+
S700,AXISBANK,2022-06-22 14:15:00+05:30,-0.0279,-0.0654,1,1.0,0.0156,57.14,23.4444,0,0.5672,,0,0,1,1,0,1,2022-06-22 14:15:00+05:30,2022-06-22 14:20:00+05:30,2022-06-22 15:00:00+05:30,627.3,623.7017857142856,633.7767857142857,0.95,EOD+
S701,AXISBANK,2022-06-23 09:15:00+05:30,,,0,,0.4572,54.24,0.0989,0,3.5981,,0,0,0,1,0,1,2022-06-23 09:15:00+05:30,2022-06-23 09:20:00+05:30,2022-06-23 09:45:00+05:30,629.0,625.2678571428571,635.7178571428572,6.7179,W
S702,AXISBANK,2022-06-23 13:35:00+05:30,-0.5035,-0.5643,0,,1.1849,13.56,-0.873,0,0.464,0.0,3,0,1,0,3,4,2022-06-23 13:50:00+05:30,2022-06-23 13:55:00+05:30,2022-06-23 15:00:00+05:30,625.45,619.6375,635.9125,2.85,EOD+
S703,AXISBANK,2022-06-23 14:00:00+05:30,-0.2905,-0.3831,1,1.0,0.421,70.67,-0.3119,0,0.7143,0.0,3,0,0,0,3,4,2022-06-23 14:15:00+05:30,2022-06-23 14:20:00+05:30,2022-06-23 15:00:00+05:30,624.3,617.8267857142856,635.9517857142857,4.0,EOD+
S704,AXISBANK,2022-06-23 14:25:00+05:30,-0.2061,-0.2768,0,,0.3683,30.56,-0.0052,0,1.0343,,0,0,0,1,0,1,2022-06-23 14:25:00+05:30,2022-06-23 14:30:00+05:30,2022-06-23 15:00:00+05:30,623.85,617.3678571428571,635.5178571428572,4.45,EOD+
S705,AXISBANK,2022-06-27 10:50:00+05:30,0.3419,0.4002,0,,1.8161,20.0,-0.8287,0,1.6471,1.0,3,1,0,0,3,4,2022-06-27 11:05:00+05:30,2022-06-27 11:10:00+05:30,2022-06-27 11:35:00+05:30,640.75,637.5357142857142,646.5357142857144,-3.2143,L
S706,AXISBANK,2022-06-27 11:15:00+05:30,-0.0813,0.1372,1,1.0,0.1392,48.28,0.8182,0,0.869,,0,0,0,1,0,1,2022-06-27 11:15:00+05:30,2022-06-27 11:20:00+05:30,2022-06-27 11:45:00+05:30,639.15,636.1857142857142,644.4857142857144,-2.9643,L
S707,AXISBANK,2022-06-27 11:25:00+05:30,-0.0438,-0.0168,0,,0.0872,7.14,1.1053,0,0.4964,,0,0,1,1,0,1,2022-06-27 11:25:00+05:30,2022-06-27 11:30:00+05:30,2022-06-27 11:40:00+05:30,639.25,636.5267857142857,644.1517857142858,-2.7232,L
S708,AXISBANK,2022-06-27 12:30:00+05:30,-0.1283,-0.1455,0,,2.4463,80.0,-0.8778,0,1.0337,0.0,3,0,0,0,3,4,2022-06-27 12:45:00+05:30,2022-06-27 12:50:00+05:30,2022-06-27 15:00:00+05:30,636.7,634.1910714285715,641.2160714285715,-0.05,EOD-
S709,AXISBANK,2022-06-28 09:15:00+05:30,,,0,,2.5246,59.41,-0.61,0,10.6901,,0,0,0,1,0,1,2022-06-28 09:15:00+05:30,2022-06-28 09:20:00+05:30,2022-06-28 13:45:00+05:30,636.8,632.7374999999998,644.1125000000001,7.3125,W
S710,AXISBANK,2022-06-28 09:25:00+05:30,,,0,,0.4486,63.54,-0.4253,0,0.9974,,0,0,1,1,0,1,2022-06-28 09:25:00+05:30,2022-06-28 09:30:00+05:30,2022-06-28 10:00:00+05:30,639.25,634.4017857142857,647.9767857142858,-4.8482,L
S711,AXISBANK,2022-06-28 09:35:00+05:30,,,1,1.0,0.1348,95.16,-1.0,0,0.189,0.0,1,1,1,0,1,2,2022-06-28 09:40:00+05:30,2022-06-28 09:45:00+05:30,2022-06-28 15:00:00+05:30,636.9,631.6142857142856,646.4142857142857,4.4,EOD+
S712,AXISBANK,2022-06-28 10:50:00+05:30,-0.122,-0.0605,0,,1.3386,0.0,-0.8567,0,0.2898,1.0,3,0,1,0,3,4,2022-06-28 11:05:00+05:30,2022-06-28 11:10:00+05:30,2022-06-28 12:20:00+05:30,635.4,632.1410714285714,641.2660714285714,5.8661,W
S713,AXISBANK,2022-06-28 13:05:00+05:30,0.2158,0.3048,23,2.0,0.9634,66.67,-0.6941,0,1.1764,0.0,1,1,1,0,1,2,2022-06-28 13:10:00+05:30,2022-06-28 13:15:00+05:30,2022-06-28 15:00:00+05:30,641.25,637.8571428571428,647.3571428571429,0.05,EOD+
S714,AXISBANK,2022-06-28 14:15:00+05:30,-0.0343,0.0946,0,,1.5819,30.43,-0.9768,0,0.5793,1.0,3,1,1,0,3,4,2022-06-28 14:30:00+05:30,2022-06-28 14:35:00+05:30,2022-06-28 15:00:00+05:30,642.35,638.9482142857144,648.4732142857143,-1.05,EOD-
S715,AXISBANK,2022-06-29 10:15:00+05:30,-0.28,-0.2521,0,,1.0825,38.71,-0.8845,0,0.3972,0.0,3,0,1,0,3,4,2022-06-29 10:30:00+05:30,2022-06-29 10:35:00+05:30,2022-06-29 13:50:00+05:30,637.0,632.0,646.0,-5.0,L
S716,AXISBANK,2022-06-29 10:45:00+05:30,-0.2324,-0.236,1,1.0,0.2364,78.95,-0.8039,0,0.3875,0.0,1,0,1,0,1,2,2022-06-29 10:50:00+05:30,2022-06-29 10:55:00+05:30,2022-06-29 13:50:00+05:30,635.7,633.0035714285715,640.5535714285716,-2.6964,L
S717,AXISBANK,2022-06-29 11:00:00+05:30,-0.1531,-0.2324,0,,0.8375,15.79,-0.5821,0,0.5883,0.0,3,1,0,0,3,4,2022-06-29 11:15:00+05:30,2022-06-29 11:20:00+05:30,2022-06-29 13:20:00+05:30,636.75,634.25,641.2500000000001,-2.5,L
S718,AXISBANK,2022-06-29 11:25:00+05:30,0.0668,-0.0452,0,,0.1723,13.04,3.0,0,0.9669,,0,0,1,1,0,1,2022-06-29 11:25:00+05:30,2022-06-29 11:30:00+05:30,2022-06-29 13:20:00+05:30,636.35,633.9928571428571,640.5928571428572,-2.3571,L
S719,AXISBANK,2022-06-29 11:40:00+05:30,0.0511,0.0668,0,,0.432,15.38,-1.0,0,0.7977,0.0,3,0,1,0,3,4,2022-06-29 11:55:00+05:30,2022-06-29 12:00:00+05:30,2022-06-29 13:20:00+05:30,636.25,633.9642857142857,640.3642857142858,-2.2857,L
S720,AXISBANK,2022-06-30 09:15:00+05:30,,,0,,1.7594,95.89,-1.0,0,0.9705,,0,1,0,1,0,1,2022-06-30 09:15:00+05:30,2022-06-30 09:20:00+05:30,2022-06-30 15:00:00+05:30,631.05,624.425,642.9749999999999,5.8,EOD+
S721,AXISBANK,2022-06-30 11:00:00+05:30,0.4063,0.4591,20,3.0,0.0864,50.0,4.4902,0,0.8622,,0,0,0,1,0,1,2022-06-30 11:00:00+05:30,2022-06-30 11:05:00+05:30,2022-06-30 12:30:00+05:30,637.5,633.8125,644.1374999999999,-3.6875,L
S722,AXISBANK,2022-06-30 11:10:00+05:30,0.2933,0.4451,1,1.0,0.3607,66.67,-0.1089,0,0.7394,1.0,1,0,0,0,1,2,2022-06-30 11:15:00+05:30,2022-06-30 11:20:00+05:30,2022-06-30 12:30:00+05:30,637.5,634.0,643.8,-3.5,L
S723,AXISBANK,2022-06-30 11:25:00+05:30,0.1017,0.2933,0,,0.3083,55.17,-0.2941,0,0.7646,,0,1,0,1,0,1,2022-06-30 11:25:00+05:30,2022-06-30 11:30:00+05:30,2022-06-30 12:25:00+05:30,637.6,634.1535714285715,643.8035714285713,-3.4464,L
S724,AXISBANK,2022-06-30 12:20:00+05:30,-0.0177,0.0196,0,,1.5571,27.78,-0.911,0,1.339,1.0,3,1,1,0,3,4,2022-06-30 12:35:00+05:30,2022-06-30 12:40:00+05:30,2022-06-30 15:00:00+05:30,637.2,634.4946428571429,642.0696428571429,-0.35,EOD-
S725,AXISBANK,2022-06-30 12:45:00+05:30,-0.0766,-0.0825,0,,0.6362,20.69,-0.3872,0,0.7492,0.0,2,0,0,0,2,3,2022-06-30 12:55:00+05:30,2022-06-30 13:00:00+05:30,2022-06-30 15:00:00+05:30,636.85,633.3232142857144,643.1982142857142,0.0,EOD-
S726,AXISBANK,2022-06-30 13:15:00+05:30,-0.002,-0.0287,3,3.0,0.4528,27.78,0.6031,0,0.9812,,0,0,0,1,0,1,2022-06-30 13:15:00+05:30,2022-06-30 13:20:00+05:30,2022-06-30 15:00:00+05:30,637.05,633.4339285714285,643.5589285714285,-0.2,EOD-
S727,AXISBANK,2022-06-30 13:25:00+05:30,-0.0118,-0.0141,0,,0.7097,25.0,-0.4989,0,0.7083,0.0,1,0,0,0,1,2,2022-06-30 13:30:00+05:30,2022-06-30 13:35:00+05:30,2022-06-30 15:00:00+05:30,635.95,632.0839285714286,642.9089285714286,0.9,EOD+
S728,AXISBANK,2022-06-30 13:40:00+05:30,-0.0185,-0.0118,0,,0.4042,0.0,-0.234,0,0.6745,1.0,2,0,1,0,2,3,2022-06-30 13:50:00+05:30,2022-06-30 13:55:00+05:30,2022-06-30 15:00:00+05:30,636.05,632.4160714285714,642.5910714285714,0.8,EOD+
S729,AXISBANK,2022-06-30 14:00:00+05:30,0.0012,-0.0181,0,,0.9134,44.0,-0.6262,0,0.8137,0.0,1,0,1,0,1,2,2022-06-30 14:05:00+05:30,2022-06-30 14:10:00+05:30,2022-06-30 15:00:00+05:30,636.2,633.2714285714286,641.4714285714286,0.65,EOD+
S730,AXISBANK,2022-07-01 09:40:00+05:30,-0.0818,,0,,1.5632,82.0,-0.8608,0,0.5874,1.0,3,1,0,0,3,4,2022-07-01 09:55:00+05:30,2022-07-01 10:00:00+05:30,2022-07-01 15:00:00+05:30,636.7,631.5303571428572,646.0053571428573,5.6,EOD+
S731,AXISBANK,2022-07-01 11:45:00+05:30,0.1929,0.2638,21,9.0,0.3324,64.86,0.4118,0,0.6467,,0,1,1,1,0,1,2022-07-01 11:45:00+05:30,2022-07-01 11:50:00+05:30,2022-07-01 15:00:00+05:30,640.5,637.3035714285714,646.2535714285714,1.8,EOD+
S732,AXISBANK,2022-07-01 11:55:00+05:30,0.151,0.2199,0,,0.3082,70.0,-0.2258,0,0.6074,,0,0,1,1,0,1,2022-07-01 11:55:00+05:30,2022-07-01 12:00:00+05:30,2022-07-01 15:00:00+05:30,641.1,637.9571428571429,646.7571428571429,1.2,EOD+
S733,AXISBANK,2022-07-01 12:05:00+05:30,0.124,0.1729,0,,0.2165,55.56,0.165,0,0.8274,,0,0,0,1,0,1,2022-07-01 12:05:00+05:30,2022-07-01 12:10:00+05:30,2022-07-01 15:00:00+05:30,640.95,637.9767857142857,646.3017857142858,1.35,EOD+
S734,AXISBANK,2022-07-01 12:50:00+05:30,-0.0558,-0.0016,0,,1.8192,77.27,-1.0,0,1.5055,1.0,3,0,0,0,3,4,2022-07-01 13:05:00+05:30,2022-07-01 13:10:00+05:30,2022-07-01 15:00:00+05:30,641.25,638.1785714285714,646.7785714285715,1.05,EOD+
S735,AXISBANK,2022-07-01 13:15:00+05:30,-0.0476,-0.0546,0,,1.0491,75.86,-0.8649,0,1.1698,1.0,1,0,1,0,1,2,2022-07-01 13:20:00+05:30,2022-07-01 13:25:00+05:30,2022-07-01 15:00:00+05:30,640.75,637.2232142857142,647.0982142857143,1.55,EOD+
S736,AXISBANK,2022-07-01 13:30:00+05:30,-0.0343,-0.0476,0,,0.6983,27.59,-0.2252,0,1.0161,,0,0,0,1,0,1,2022-07-01 13:30:00+05:30,2022-07-01 13:35:00+05:30,2022-07-01 15:00:00+05:30,640.65,636.9535714285714,647.3035714285714,1.65,EOD+
S737,AXISBANK,2022-07-01 14:30:00+05:30,0.0768,0.0328,10,2.0,0.8988,30.61,0.219,0,1.2333,,0,0,0,1,0,1,2022-07-01 14:30:00+05:30,2022-07-01 14:35:00+05:30,2022-07-01 15:00:00+05:30,642.1,639.0196428571429,647.6446428571428,0.2,EOD+
S738,AXISBANK,2022-07-04 09:15:00+05:30,,,0,,0.5443,37.1,-1.0,0,1.8162,,0,1,0,1,0,1,2022-07-04 09:15:00+05:30,2022-07-04 09:20:00+05:30,2022-07-04 14:55:00+05:30,644.0,639.1428571428571,652.7428571428571,8.7429,W
S739,AXISBANK,2022-07-04 09:40:00+05:30,0.1259,,4,2.0,0.4343,94.74,-0.9017,0,2.4006,1.0,1,1,0,0,1,2,2022-07-04 09:45:00+05:30,2022-07-04 09:50:00+05:30,2022-07-04 15:00:00+05:30,645.5,639.6428571428571,656.0428571428572,7.75,EOD+
S740,AXISBANK,2022-07-04 11:25:00+05:30,0.1654,0.1977,19,5.0,0.106,74.19,-1.0,0,0.5668,,0,0,1,1,0,1,2022-07-04 11:25:00+05:30,2022-07-04 11:30:00+05:30,2022-07-04 13:45:00+05:30,649.25,646.125,654.875,-3.125,L
S741,AXISBANK,2022-07-04 12:40:00+05:30,-0.0451,0.0177,0,,0.9333,0.0,-0.3925,0,1.8544,1.0,3,0,1,0,3,4,2022-07-04 12:55:00+05:30,2022-07-04 13:00:00+05:30,2022-07-04 13:35:00+05:30,649.95,647.0839285714286,655.1089285714287,-2.8661,L
S742,AXISBANK,2022-07-04 13:05:00+05:30,-0.0027,-0.0775,1,1.0,0.2567,73.53,0.4876,0,1.0408,,0,0,0,1,0,1,2022-07-04 13:05:00+05:30,2022-07-04 13:10:00+05:30,2022-07-04 13:50:00+05:30,648.65,645.7035714285714,653.9535714285714,-2.9464,L
S743,AXISBANK,2022-07-04 13:15:00+05:30,0.0027,-0.015,0,,0.583,23.08,0.0949,0,1.1774,,0,0,0,1,0,1,2022-07-04 13:15:00+05:30,2022-07-04 13:20:00+05:30,2022-07-04 15:00:00+05:30,648.6,645.6625,653.8875,5.2875,W
S744,AXISBANK,2022-07-04 13:50:00+05:30,-0.0112,-0.0197,0,,2.1713,33.33,-0.6816,0,1.2413,0.0,3,1,0,0,3,4,2022-07-04 14:05:00+05:30,2022-07-04 14:10:00+05:30,2022-07-04 15:00:00+05:30,649.3,646.4071428571428,654.5071428571428,3.95,EOD+
S745,AXISBANK,2022-07-05 10:40:00+05:30,0.1613,0.2345,17,3.0,0.5682,4.17,0.28,0,1.1764,,0,0,0,1,0,1,2022-07-05 10:40:00+05:30,2022-07-05 10:45:00+05:30,2022-07-05 11:05:00+05:30,657.4,654.65,662.35,-2.75,L
S746,AXISBANK,2022-07-05 11:55:00+05:30,-0.1254,-0.086,0,,2.1994,38.46,-0.8394,0,1.4467,1.0,3,0,1,0,3,4,2022-07-05 12:10:00+05:30,2022-07-05 12:15:00+05:30,2022-07-05 13:55:00+05:30,656.0,653.1696428571429,661.0946428571428,-2.8304,L
S747,AXISBANK,2022-07-05 13:40:00+05:30,0.0948,0.0549,17,1.0,0.2176,38.1,1.6087,0,1.2091,,0,0,1,1,0,1,2022-07-05 13:40:00+05:30,2022-07-05 13:45:00+05:30,2022-07-05 13:50:00+05:30,657.3,655.3178571428572,660.867857142857,-1.9821,L
S748,AXISBANK,2022-07-06 10:30:00+05:30,0.1983,0.15,15,8.0,0.1326,56.25,-1.0,0,0.6486,1.0,3,1,1,0,3,4,2022-07-06 10:45:00+05:30,2022-07-06 10:50:00+05:30,2022-07-06 15:00:00+05:30,655.35,651.4392857142857,662.3892857142857,2.6,EOD+
S749,AXISBANK,2022-07-06 11:45:00+05:30,-0.1402,-0.0989,0,,1.4582,25.0,-0.6372,0,1.3624,1.0,3,0,0,0,3,4,2022-07-06 12:00:00+05:30,2022-07-06 12:05:00+05:30,2022-07-06 15:00:00+05:30,654.65,651.1053571428571,661.030357142857,3.3,EOD+
S750,AXISBANK,2022-07-06 12:20:00+05:30,0.0225,-0.0566,3,1.0,0.0166,52.17,7.8889,0,0.5814,,0,0,0,1,0,1,2022-07-06 12:20:00+05:30,2022-07-06 12:25:00+05:30,2022-07-06 15:00:00+05:30,654.35,650.9660714285715,660.4410714285714,3.6,EOD+
S751,AXISBANK,2022-07-06 13:30:00+05:30,0.1696,0.1697,13,4.0,0.7259,61.11,-0.6675,0,0.6022,0.0,1,0,1,0,1,2,2022-07-06 13:35:00+05:30,2022-07-06 13:40:00+05:30,2022-07-06 15:00:00+05:30,657.25,653.625,663.7750000000001,0.7,EOD+
S752,AXISBANK,2022-07-06 14:00:00+05:30,0.0095,0.0861,0,,1.5498,44.83,-0.8914,0,5.8911,1.0,3,0,0,0,3,4,2022-07-06 14:15:00+05:30,2022-07-06 14:20:00+05:30,2022-07-06 15:00:00+05:30,657.95,654.2357142857143,664.6357142857145,0.0,EOD-
S753,AXISBANK,2022-07-06 14:25:00+05:30,0.0324,-0.0118,1,1.0,0.0371,6.67,5.1538,0,1.2052,,0,1,0,1,0,1,2022-07-06 14:25:00+05:30,2022-07-06 14:30:00+05:30,2022-07-06 15:00:00+05:30,656.95,652.5749999999999,664.8250000000002,1.0,EOD+
S754,AXISBANK,2022-07-07 11:25:00+05:30,-0.1734,-0.2075,0,,1.2684,45.0,-0.717,0,0.4908,0.0,3,0,1,0,3,4,2022-07-07 11:40:00+05:30,2022-07-07 11:45:00+05:30,2022-07-07 14:10:00+05:30,655.8,652.6660714285714,661.4410714285714,-3.1339,L
S755,AXISBANK,2022-07-07 11:50:00+05:30,-0.0366,-0.1189,0,,0.8522,55.56,-0.2381,0,0.2412,0.0,1,1,1,0,1,2,2022-07-07 11:55:00+05:30,2022-07-07 12:00:00+05:30,2022-07-07 14:10:00+05:30,656.05,652.9696428571428,661.5946428571427,-3.0804,L
S756,AXISBANK,2022-07-07 12:05:00+05:30,-0.0126,-0.0366,0,,0.1201,53.85,0.7241,0,0.5999,,0,0,0,1,0,1,2022-07-07 12:05:00+05:30,2022-07-07 12:10:00+05:30,2022-07-07 14:10:00+05:30,656.15,653.1321428571429,661.5821428571428,-3.0179,L
S757,AXISBANK,2022-07-07 12:15:00+05:30,-0.0084,-0.0217,0,,0.3556,67.74,0.1392,0,0.9636,,0,0,0,1,0,1,2022-07-07 12:15:00+05:30,2022-07-07 12:20:00+05:30,2022-07-07 14:10:00+05:30,656.8,654.0232142857142,661.7982142857143,-2.7768,L
S758,AXISBANK,2022-07-07 12:50:00+05:30,0.0354,0.0274,0,,0.3239,28.57,-0.3007,0,0.5508,1.0,3,0,1,0,3,4,2022-07-07 13:05:00+05:30,2022-07-07 13:10:00+05:30,2022-07-07 14:10:00+05:30,656.2,653.4410714285715,661.1660714285715,-2.7589,L
S759,AXISBANK,2022-07-08 12:10:00+05:30,-0.2434,-0.1463,0,,4.3223,54.84,-0.8814,0,1.0188,1.0,3,0,1,0,3,4,2022-07-08 12:25:00+05:30,2022-07-08 12:30:00+05:30,2022-07-08 13:20:00+05:30,669.75,666.5803571428572,675.455357142857,-3.1696,L
S760,AXISBANK,2022-07-08 12:55:00+05:30,-0.1118,-0.1685,4,2.0,0.3733,61.11,0.3462,0,0.4314,,0,0,0,1,0,1,2022-07-08 12:55:00+05:30,2022-07-08 13:00:00+05:30,2022-07-08 14:30:00+05:30,668.85,665.3678571428571,675.1178571428571,-3.4821,L
S761,AXISBANK,2022-07-08 13:05:00+05:30,-0.083,-0.1185,0,,0.1138,41.18,-0.6667,0,2.2234,,0,0,0,1,0,1,2022-07-08 13:05:00+05:30,2022-07-08 13:10:00+05:30,2022-07-08 14:25:00+05:30,668.75,665.4553571428571,674.6803571428572,-3.2946,L
S762,AXISBANK,2022-07-08 13:15:00+05:30,-0.0692,-0.0991,0,,0.8137,47.06,-0.5588,0,0.5745,1.0,2,0,1,0,2,3,2022-07-08 13:25:00+05:30,2022-07-08 13:30:00+05:30,2022-07-08 14:30:00+05:30,668.5,665.3660714285713,674.1410714285715,-3.1339,L
S763,AXISBANK,2022-07-08 13:35:00+05:30,0.0112,-0.061,1,1.0,0.0139,85.19,2.3333,0,0.4436,,0,0,1,1,0,1,2022-07-08 13:35:00+05:30,2022-07-08 13:40:00+05:30,2022-07-08 13:50:00+05:30,669.7,667.0035714285714,674.5535714285716,-2.6964,L
S764,AXISBANK,2022-07-11 09:15:00+05:30,,,0,,0.9504,80.95,-0.6738,0,2.0926,,0,1,0,1,0,1,2022-07-11 09:15:00+05:30,2022-07-11 09:20:00+05:30,2022-07-11 15:00:00+05:30,673.4,668.1589285714285,682.8339285714287,7.05,EOD+
S765,AXISBANK,2022-07-11 10:45:00+05:30,0.2046,0.2601,17,5.0,0.2112,37.5,0.2598,0,1.1193,,0,0,0,1,0,1,2022-07-11 10:45:00+05:30,2022-07-11 10:50:00+05:30,2022-07-11 12:15:00+05:30,673.5,669.7410714285714,680.2660714285714,-3.7589,L
S766,AXISBANK,2022-07-11 11:50:00+05:30,-0.0498,-0.0186,0,,2.3979,45.45,-0.8048,0,1.0547,1.0,3,0,0,0,3,4,2022-07-11 12:05:00+05:30,2022-07-11 12:10:00+05:30,2022-07-11 12:15:00+05:30,673.4,670.4625,678.6875,-2.9375,L
S767,AXISBANK,2022-07-11 12:20:00+05:30,-0.1309,-0.113,0,,1.6938,17.39,-0.9184,0,0.3085,0.0,3,0,1,0,3,4,2022-07-11 12:35:00+05:30,2022-07-11 12:40:00+05:30,2022-07-11 13:45:00+05:30,671.8,668.1839285714285,678.3089285714286,6.5089,W
S768,AXISBANK,2022-07-12 09:15:00+05:30,,,0,,1.9895,78.49,-0.7693,0,0.8181,,0,0,1,1,0,1,2022-07-12 09:15:00+05:30,2022-07-12 09:20:00+05:30,2022-07-12 15:00:00+05:30,680.4,676.0428571428571,688.2428571428571,-2.25,EOD-
S769,AXISBANK,2022-07-12 09:35:00+05:30,,,3,3.0,0.5825,97.87,-0.9588,0,0.2277,0.0,2,1,1,0,2,3,2022-07-12 09:45:00+05:30,2022-07-12 09:50:00+05:30,2022-07-12 15:00:00+05:30,681.65,676.4357142857143,691.0357142857142,-3.5,EOD-
S770,AXISBANK,2022-07-12 09:55:00+05:30,0.0275,0.1498,0,,0.1444,11.54,0.6,0,0.3513,,0,0,0,1,0,1,2022-07-12 09:55:00+05:30,2022-07-12 10:00:00+05:30,2022-07-12 15:00:00+05:30,681.0,675.5892857142857,690.7392857142858,-2.85,EOD-
S771,AXISBANK,2022-07-12 11:05:00+05:30,0.052,0.1228,13,2.0,0.5153,72.0,-0.422,0,0.8909,1.0,3,0,0,0,3,4,2022-07-12 11:20:00+05:30,2022-07-12 11:25:00+05:30,2022-07-12 11:35:00+05:30,683.0,680.9017857142858,686.7767857142857,-2.0982,L
S772,AXISBANK,2022-07-12 11:40:00+05:30,0.0348,0.0366,0,,1.8521,27.78,-0.685,0,0.5432,0.0,3,0,1,0,3,4,2022-07-12 11:55:00+05:30,2022-07-12 12:00:00+05:30,2022-07-12 13:00:00+05:30,682.95,680.8071428571429,686.8071428571429,-2.1429,L
S773,AXISBANK,2022-07-12 12:20:00+05:30,0.0106,0.0059,3,2.0,0.1235,44.44,1.7451,0,1.3875,,0,0,0,1,0,1,2022-07-12 12:20:00+05:30,2022-07-12 12:25:00+05:30,2022-07-12 13:05:00+05:30,682.9,680.3196428571428,687.5446428571429,-2.5804,L
S774,AXISBANK,2022-07-12 12:30:00+05:30,0.0062,0.015,0,,0.2431,68.75,0.2963,0,1.4784,,0,0,1,1,0,1,2022-07-12 12:30:00+05:30,2022-07-12 12:35:00+05:30,2022-07-12 13:00:00+05:30,683.85,681.0732142857142,688.8482142857144,-2.7768,L
S775,AXISBANK,2022-07-12 12:40:00+05:30,-0.0007,0.0066,1,1.0,0.0685,30.77,5.4516,0,1.3174,,0,0,0,1,0,1,2022-07-12 12:40:00+05:30,2022-07-12 12:45:00+05:30,2022-07-12 13:05:00+05:30,683.1,680.2696428571428,688.194642857143,-2.8304,L
S776,AXISBANK,2022-07-12 13:50:00+05:30,-0.0473,-0.0154,0,,1.5339,3.23,-0.2593,0,0.7879,0.0,3,0,1,0,3,4,2022-07-12 14:05:00+05:30,2022-07-12 14:10:00+05:30,2022-07-12 14:55:00+05:30,682.2,679.1196428571429,687.7446428571429,-3.0804,L
S777,AXISBANK,2022-07-12 14:20:00+05:30,-0.0374,-0.0678,1,1.0,0.239,52.17,0.4286,0,1.6152,,0,0,0,1,0,1,2022-07-12 14:20:00+05:30,2022-07-12 14:25:00+05:30,2022-07-12 14:55:00+05:30,681.65,678.7214285714284,686.9214285714287,-2.9286,L
S778,AXISBANK,2022-07-13 09:15:00+05:30,,,0,,0.8261,38.64,-0.3114,0,1.2692,0.0,3,0,1,0,3,4,2022-07-13 09:30:00+05:30,2022-07-13 09:35:00+05:30,2022-07-13 15:00:00+05:30,679.4,674.3464285714285,688.4964285714286,2.1,EOD+
S779,AXISBANK,2022-07-13 09:40:00+05:30,-0.0902,,0,,0.3065,63.46,-0.2739,0,0.9317,,0,0,0,1,0,1,2022-07-13 09:40:00+05:30,2022-07-13 09:45:00+05:30,2022-07-13 15:00:00+05:30,680.5,674.3214285714286,691.6214285714286,1.0,EOD+
S780,AXISBANK,2022-07-13 10:50:00+05:30,0.2328,0.117,13,4.0,0.6537,34.62,-0.056,0,0.2471,0.0,1,0,0,0,1,2,2022-07-13 10:55:00+05:30,2022-07-13 11:00:00+05:30,2022-07-13 15:00:00+05:30,681.25,678.0089285714287,687.0839285714285,0.25,EOD+
S781,AXISBANK,2022-07-13 11:05:00+05:30,0.1472,0.2328,0,,0.5734,53.85,-1.0,0,3.3794,1.0,3,1,0,0,3,4,2022-07-13 11:20:00+05:30,2022-07-13 11:25:00+05:30,2022-07-13 15:00:00+05:30,682.25,679.0892857142858,687.9392857142857,-0.75,EOD-
S782,AXISBANK,2022-07-13 11:50:00+05:30,0.0297,0.0712,5,5.0,0.1992,53.57,-0.292,0,0.1678,0.0,1,1,1,0,1,2,2022-07-13 11:55:00+05:30,2022-07-13 12:00:00+05:30,2022-07-13 15:00:00+05:30,681.95,678.4053571428573,688.3303571428571,-0.45,EOD-
S783,AXISBANK,2022-07-13 12:05:00+05:30,-0.0037,0.0297,0,,0.3958,66.67,-1.0,0,1.1307,1.0,1,0,0,0,1,2,2022-07-13 12:10:00+05:30,2022-07-13 12:15:00+05:30,2022-07-13 15:00:00+05:30,681.6,678.3946428571429,687.3696428571428,-0.1,EOD-
S784,AXISBANK,2022-07-13 12:20:00+05:30,-0.0051,-0.0037,0,,0.1965,29.41,0.7476,0,0.2125,,0,1,1,1,0,1,2022-07-13 12:20:00+05:30,2022-07-13 12:25:00+05:30,2022-07-13 15:00:00+05:30,682.0,678.7232142857143,687.8982142857143,-0.5,EOD-
S785,AXISBANK,2022-07-13 12:30:00+05:30,0.0117,0.0037,1,1.0,0.4125,7.14,0.1429,0,0.2756,,0,1,0,1,0,1,2022-07-13 12:30:00+05:30,2022-07-13 12:35:00+05:30,2022-07-13 15:00:00+05:30,681.85,679.1982142857144,686.6232142857143,-0.35,EOD-
S786,AXISBANK,2022-07-13 12:40:00+05:30,0.0114,0.0018,0,,0.8232,5.88,-0.6599,0,0.9432,1.0,3,0,0,0,3,4,2022-07-13 12:55:00+05:30,2022-07-13 13:00:00+05:30,2022-07-13 13:40:00+05:30,682.0,679.7678571428571,686.0178571428571,-2.2321,L
S787,AXISBANK,2022-07-13 13:45:00+05:30,-0.0393,-0.0565,0,,1.4413,83.33,-0.8567,0,1.8982,1.0,3,0,0,0,3,4,2022-07-13 14:00:00+05:30,2022-07-13 14:05:00+05:30,2022-07-13 15:00:00+05:30,681.25,678.2232142857142,686.6982142857144,0.25,EOD+
S788,AXISBANK,2022-07-13 14:10:00+05:30,-0.0275,-0.0363,0,,0.4629,28.57,-0.1133,0,0.5934,1.0,1,1,0,0,1,2,2022-07-13 14:15:00+05:30,2022-07-13 14:20:00+05:30,2022-07-13 15:00:00+05:30,682.3,679.5589285714285,687.2339285714286,-2.7411,L
S789,AXISBANK,2022-07-13 14:25:00+05:30,0.0103,-0.0275,1,1.0,0.556,13.95,1.1583,0,1.2528,,0,0,0,1,0,1,2022-07-13 14:25:00+05:30,2022-07-13 14:30:00+05:30,2022-07-13 15:00:00+05:30,682.0,678.875,687.6250000000001,-0.5,EOD-
S790,AXISBANK,2022-07-14 09:45:00+05:30,-0.1921,,0,,1.7462,71.21,-0.8243,0,0.2454,0.0,3,1,0,0,3,4,2022-07-14 10:00:00+05:30,2022-07-14 10:05:00+05:30,2022-07-14 11:05:00+05:30,679.45,673.7446428571429,689.7196428571428,-5.7054,L
S791,AXISBANK,2022-07-14 10:10:00+05:30,-0.098,-0.1716,1,1.0,0.0089,60.0,19.0,0,0.1696,,0,0,1,1,0,1,2022-07-14 10:10:00+05:30,2022-07-14 10:15:00+05:30,2022-07-14 11:10:00+05:30,678.8,673.1571428571428,688.9571428571428,-5.6429,L
S792,AXISBANK,2022-07-14 13:30:00+05:30,-0.1412,-0.1176,0,,1.2698,45.0,-0.7436,0,1.5737,1.0,3,1,0,0,3,4,2022-07-14 13:45:00+05:30,2022-07-14 13:50:00+05:30,2022-07-14 14:10:00+05:30,669.4,666.3285714285714,674.9285714285714,-3.0714,L
S793,AXISBANK,2022-07-15 11:15:00+05:30,-0.1176,-0.2178,0,,0.6739,12.0,-0.8063,0,1.0118,1.0,3,1,1,0,3,4,2022-07-15 11:30:00+05:30,2022-07-15 11:35:00+05:30,2022-07-15 12:40:00+05:30,663.6,659.7696428571428,670.4946428571429,-3.8304,L
S794,AXISBANK,2022-07-15 11:55:00+05:30,-0.0309,-0.0494,4,2.0,0.3258,72.73,0.0323,0,0.5195,,0,1,1,1,0,1,2022-07-15 11:55:00+05:30,2022-07-15 12:00:00+05:30,2022-07-15 12:25:00+05:30,662.95,659.9767857142857,668.3017857142859,-2.9732,L
S795,AXISBANK,2022-07-15 12:40:00+05:30,-0.0468,-0.0298,0,,2.4443,32.61,-0.5618,0,0.6316,0.0,3,0,0,0,3,4,2022-07-15 12:55:00+05:30,2022-07-15 13:00:00+05:30,2022-07-15 15:00:00+05:30,662.2,658.9321428571428,668.0821428571429,1.2,EOD+
S796,AXISBANK,2022-07-15 13:05:00+05:30,-0.0162,-0.0377,0,,0.6059,77.42,-1.0,0,0.7932,,0,1,0,1,0,1,2022-07-15 13:05:00+05:30,2022-07-15 13:10:00+05:30,2022-07-15 15:00:00+05:30,662.7,659.2446428571428,668.919642857143,0.7,EOD+
S797,AXISBANK,2022-07-15 13:15:00+05:30,-0.0291,-0.0279,0,,0.0516,10.53,4.1852,0,1.1769,,0,1,0,1,0,1,2022-07-15 13:15:00+05:30,2022-07-15 13:20:00+05:30,2022-07-15 15:00:00+05:30,662.55,659.2821428571427,668.4321428571429,0.85,EOD+
S798,AXISBANK,2022-07-15 13:25:00+05:30,-0.0491,-0.0245,0,,0.3323,38.1,0.0651,0,0.6401,,0,0,1,1,0,1,2022-07-15 13:25:00+05:30,2022-07-15 13:30:00+05:30,2022-07-15 15:00:00+05:30,662.35,659.1714285714286,668.0714285714287,1.05,EOD+
S799,AXISBANK,2022-07-15 13:35:00+05:30,-0.0786,-0.0415,0,,0.8967,40.0,-0.7849,0,1.0735,1.0,3,1,0,0,3,4,2022-07-15 13:50:00+05:30,2022-07-15 13:55:00+05:30,2022-07-15 15:00:00+05:30,661.7,658.4589285714286,667.5339285714286,1.7,EOD+
S800,AXISBANK,2022-07-15 14:00:00+05:30,0.0053,-0.068,0,,0.5596,44.44,-0.0734,0,0.9962,1.0,1,0,1,0,1,2,2022-07-15 14:05:00+05:30,2022-07-15 14:10:00+05:30,2022-07-15 15:00:00+05:30,661.6,658.7071428571428,666.8071428571429,1.8,EOD+
S801,AXISBANK,2022-07-15 14:15:00+05:30,0.054,0.0053,0,,0.264,17.39,3.5455,0,3.3623,,0,1,0,1,0,1,2022-07-15 14:15:00+05:30,2022-07-15 14:20:00+05:30,2022-07-15 15:00:00+05:30,663.6,660.475,669.225,-0.2,EOD-
S802,AXISBANK,2022-07-18 09:40:00+05:30,0.1479,,5,5.0,0.3423,95.89,-0.7924,0,0.4869,0.0,3,0,0,0,3,4,2022-07-18 09:55:00+05:30,2022-07-18 10:00:00+05:30,2022-07-18 14:00:00+05:30,665.35,660.0732142857144,674.8482142857142,9.4982,W
S803,AXISBANK,2022-07-18 10:20:00+05:30,0.053,0.0309,4,3.0,0.0539,31.03,5.1905,0,0.3731,,0,0,0,1,0,1,2022-07-18 10:20:00+05:30,2022-07-18 10:25:00+05:30,2022-07-18 13:55:00+05:30,665.65,660.7839285714285,674.4089285714285,8.7589,W
S804,AXISBANK,2022-07-18 10:35:00+05:30,0.0951,0.053,0,,0.7386,47.06,-0.6818,0,1.2217,1.0,3,1,0,0,3,4,2022-07-18 10:50:00+05:30,2022-07-18 10:55:00+05:30,2022-07-18 13:50:00+05:30,665.75,662.0267857142857,672.4517857142857,6.7018,W
S805,AXISBANK,2022-07-18 11:00:00+05:30,0.0327,0.1022,0,,0.1448,31.25,1.9851,0,0.5384,,0,1,1,1,0,1,2022-07-18 11:00:00+05:30,2022-07-18 11:05:00+05:30,2022-07-18 13:45:00+05:30,665.7,662.8071428571428,670.907142857143,5.2071,W
S806,AXISBANK,2022-07-18 11:45:00+05:30,0.0323,0.0481,0,,0.254,25.0,-0.6748,0,0.4211,0.0,3,0,1,0,3,4,2022-07-18 12:00:00+05:30,2022-07-18 12:05:00+05:30,2022-07-18 13:45:00+05:30,665.7,662.6732142857144,671.1482142857143,5.4482,W
S807,AXISBANK,2022-07-18 12:50:00+05:30,0.0409,0.0971,8,6.0,0.4478,12.5,0.7476,0,2.186,,0,0,0,1,0,1,2022-07-18 12:50:00+05:30,2022-07-18 12:55:00+05:30,2022-07-18 13:50:00+05:30,667.25,664.375,672.425,5.175,W
S808,AXISBANK,2022-07-18 13:15:00+05:30,0.0484,0.0337,4,2.0,0.706,50.0,-0.5493,0,0.3859,0.0,3,0,1,0,3,4,2022-07-18 13:30:00+05:30,2022-07-18 13:35:00+05:30,2022-07-18 13:50:00+05:30,667.45,664.3071428571429,673.1071428571429,5.6571,W
S809,AXISBANK,2022-07-19 09:15:00+05:30,,,0,,0.9444,55.56,-1.0,0,0.9016,,0,1,0,1,0,1,2022-07-19 09:15:00+05:30,2022-07-19 09:20:00+05:30,2022-07-19 10:40:00+05:30,681.2,675.1910714285715,692.0160714285715,10.8161,W
S810,AXISBANK,2022-07-19 11:45:00+05:30,0.274,0.3889,28,7.0,0.484,15.38,0.3978,0,1.3261,,0,0,1,1,0,1,2022-07-19 11:45:00+05:30,2022-07-19 11:50:00+05:30,2022-07-19 14:30:00+05:30,694.2,689.3964285714286,702.8464285714286,8.6464,W
S811,AXISBANK,2022-07-19 12:50:00+05:30,0.1047,0.2374,12,7.0,0.3706,74.42,-0.9234,0,0.7467,0.0,1,1,1,0,1,2,2022-07-19 12:55:00+05:30,2022-07-19 13:00:00+05:30,2022-07-19 15:00:00+05:30,699.7,695.2982142857144,707.6232142857143,1.8,EOD+
S812,AXISBANK,2022-07-19 13:05:00+05:30,0.0509,0.1047,0,,0.2666,40.0,-0.0769,0,0.6254,,0,1,1,1,0,1,2022-07-19 13:05:00+05:30,2022-07-19 13:10:00+05:30,2022-07-19 15:00:00+05:30,698.45,693.8785714285715,706.6785714285714,3.05,EOD+
S813,AXISBANK,2022-07-19 13:20:00+05:30,0.0544,0.0509,0,,0.6219,22.86,-0.7835,0,0.8727,1.0,3,0,1,0,3,4,2022-07-19 13:35:00+05:30,2022-07-19 13:40:00+05:30,2022-07-19 15:00:00+05:30,698.9,694.2571428571429,707.2571428571429,2.6,EOD+
S814,AXISBANK,2022-07-19 13:55:00+05:30,0.0608,0.0838,2,1.0,0.0351,6.0,24.5172,0,1.2266,,0,1,0,1,0,1,2022-07-19 13:55:00+05:30,2022-07-19 14:00:00+05:30,2022-07-19 15:00:00+05:30,700.75,695.5803571428571,710.0553571428571,0.75,EOD+
S815,AXISBANK,2022-07-19 14:15:00+05:30,0.0225,0.0447,3,3.0,0.2468,0.0,2.8596,0,1.1803,,0,0,0,1,0,1,2022-07-19 14:15:00+05:30,2022-07-19 14:20:00+05:30,2022-07-19 15:00:00+05:30,699.9,695.5696428571429,707.6946428571428,1.6,EOD+
S816,AXISBANK,2022-07-20 11:00:00+05:30,0.3486,0.4115,21,15.0,0.1721,66.67,-0.3333,0,0.7409,1.0,1,0,0,0,1,2,2022-07-20 11:05:00+05:30,2022-07-20 11:10:00+05:30,2022-07-20 11:45:00+05:30,712.5,709.2321428571428,718.3821428571429,-3.2679,L
S817,AXISBANK,2022-07-20 12:30:00+05:30,-0.1063,-0.1024,0,,1.2385,56.25,-0.7101,0,0.871,1.0,3,0,0,0,3,4,2022-07-20 12:45:00+05:30,2022-07-20 12:50:00+05:30,2022-07-20 13:15:00+05:30,710.25,706.0714285714286,717.7714285714286,-4.1786,L
S818,AXISBANK,2022-07-20 13:25:00+05:30,-0.108,-0.122,0,,1.004,15.0,-0.7183,0,0.6836,0.0,3,1,1,0,3,4,2022-07-20 13:40:00+05:30,2022-07-20 13:45:00+05:30,2022-07-20 15:00:00+05:30,708.8,705.2642857142856,715.1642857142857,-1.55,EOD-
S819,AXISBANK,2022-07-20 13:50:00+05:30,-0.0187,-0.0639,0,,0.1954,22.22,0.7391,0,0.9925,,0,0,0,1,0,1,2022-07-20 13:50:00+05:30,2022-07-20 13:55:00+05:30,2022-07-20 15:00:00+05:30,709.1,705.4214285714286,715.7214285714285,-1.85,EOD-
S820,AXISBANK,2022-07-21 09:15:00+05:30,,,0,,0.9329,38.6,-0.0753,0,1.5004,1.0,1,1,0,0,1,2,2022-07-21 09:20:00+05:30,2022-07-21 09:25:00+05:30,2022-07-21 15:00:00+05:30,708.25,703.1785714285714,717.3785714285715,6.25,EOD+
S821,AXISBANK,2022-07-21 10:55:00+05:30,0.0892,0.0568,0,,0.3231,21.05,-0.7436,0,0.4491,0.0,3,0,1,0,3,4,2022-07-21 11:10:00+05:30,2022-07-21 11:15:00+05:30,2022-07-21 12:40:00+05:30,708.95,705.9321428571429,714.3821428571428,5.4321,W
S822,AXISBANK,2022-07-21 11:20:00+05:30,-0.0092,0.0705,0,,0.055,37.5,-0.3333,0,0.8205,,0,0,1,1,0,1,2022-07-21 11:20:00+05:30,2022-07-21 11:25:00+05:30,2022-07-21 12:55:00+05:30,709.2,705.7892857142858,715.3392857142858,6.1393,W
S823,AXISBANK,2022-07-21 12:20:00+05:30,0.1611,0.1275,11,5.0,0.2848,69.44,-0.3464,0,1.1381,0.0,1,0,0,0,1,2,2022-07-21 12:25:00+05:30,2022-07-21 12:30:00+05:30,2022-07-21 15:00:00+05:30,712.6,709.2428571428572,718.642857142857,1.9,EOD+
S824,AXISBANK,2022-07-21 13:00:00+05:30,0.1838,0.1724,6,1.0,0.0947,48.72,2.9344,0,1.1157,,0,0,0,1,0,1,2022-07-21 13:00:00+05:30,2022-07-21 13:05:00+05:30,2022-07-21 15:00:00+05:30,713.0,708.9732142857143,720.2482142857142,1.5,EOD+
S825,AXISBANK,2022-07-21 13:30:00+05:30,0.0733,0.1178,4,1.0,0.0612,26.92,4.9459,0,0.823,,0,0,0,1,0,1,2022-07-21 13:30:00+05:30,2022-07-21 13:35:00+05:30,2022-07-21 15:00:00+05:30,713.7,709.9232142857143,720.4982142857143,0.8,EOD+
S826,AXISBANK,2022-07-21 13:40:00+05:30,0.0585,0.0831,0,,0.2578,55.56,-0.1667,0,0.5251,,0,0,1,1,0,1,2022-07-21 13:40:00+05:30,2022-07-21 13:45:00+05:30,2022-07-21 15:00:00+05:30,713.65,710.1589285714285,719.9339285714286,0.85,EOD+
S827,AXISBANK,2022-07-21 14:05:00+05:30,0.0347,0.0343,0,,0.4738,25.0,-0.7531,0,1.2237,1.0,3,0,0,0,3,4,2022-07-21 14:20:00+05:30,2022-07-21 14:25:00+05:30,2022-07-21 15:00:00+05:30,713.9,710.6946428571429,719.6696428571429,0.6,EOD+
S828,AXISBANK,2022-07-21 14:30:00+05:30,0.0067,0.041,0,,0.2588,53.13,1.2951,0,1.7422,,0,0,0,1,0,1,2022-07-21 14:30:00+05:30,2022-07-21 14:35:00+05:30,2022-07-21 15:00:00+05:30,714.9,711.9535714285714,720.2035714285714,-0.4,EOD-
S829,AXISBANK,2022-07-22 10:00:00+05:30,0.1277,0.1523,9,3.0,0.0629,9.52,5.3415,0,0.5155,,0,0,1,1,0,1,2022-07-22 10:00:00+05:30,2022-07-22 10:05:00+05:30,2022-07-22 12:40:00+05:30,716.9,712.8285714285714,724.2285714285713,7.3286,W
S830,AXISBANK,2022-07-22 10:20:00+05:30,0.1074,0.1214,3,3.0,0.1585,51.28,0.3592,0,0.5834,,0,1,0,1,0,1,2022-07-22 10:20:00+05:30,2022-07-22 10:25:00+05:30,2022-07-22 13:50:00+05:30,717.2,713.1375,724.5125,7.3125,W
S831,AXISBANK,2022-07-22 11:15:00+05:30,0.0696,0.0957,9,8.0,0.0912,81.25,-0.5349,0,0.586,1.0,1,0,0,0,1,2,2022-07-22 11:20:00+05:30,2022-07-22 11:25:00+05:30,2022-07-22 12:40:00+05:30,718.9,715.9535714285714,724.2035714285714,5.3036,W
S832,AXISBANK,2022-07-22 11:45:00+05:30,0.0504,0.0351,4,1.0,0.1162,68.0,0.9048,0,2.9328,,0,0,0,1,0,1,2022-07-22 11:45:00+05:30,2022-07-22 11:50:00+05:30,2022-07-22 12:10:00+05:30,719.15,716.8910714285714,723.2160714285714,4.0661,W
S833,AXISBANK,2022-07-22 13:20:00+05:30,0.1253,0.1416,17,8.0,0.0198,73.68,3.0,0,0.4862,,0,0,1,1,0,1,2022-07-22 13:20:00+05:30,2022-07-22 13:25:00+05:30,2022-07-22 15:00:00+05:30,722.45,719.2982142857144,728.1232142857143,5.6732,W
S834,AXISBANK,2022-07-22 13:30:00+05:30,0.0951,0.1436,0,,1.1841,16.67,-0.6934,0,1.4479,1.0,3,0,1,0,3,4,2022-07-22 13:45:00+05:30,2022-07-22 13:50:00+05:30,2022-07-22 15:00:00+05:30,723.35,720.2517857142858,728.9267857142858,2.3,EOD+
S835,AXISBANK,2022-07-22 14:05:00+05:30,0.0425,0.0491,3,2.0,0.195,7.69,5.1053,0,1.5195,,0,1,0,1,0,1,2022-07-22 14:05:00+05:30,2022-07-22 14:10:00+05:30,2022-07-22 15:00:00+05:30,724.35,721.3053571428572,729.8303571428571,1.3,EOD+
S836,AXISBANK,2022-07-22 14:15:00+05:30,0.0363,0.0443,1,1.0,0.0155,15.15,39.0,0,0.9211,,0,0,1,1,0,1,2022-07-22 14:15:00+05:30,2022-07-22 14:20:00+05:30,2022-07-22 15:00:00+05:30,724.15,720.9267857142858,729.9517857142856,1.5,EOD+
S837,AXISBANK,2022-07-25 09:55:00+05:30,0.3309,0.4201,8,6.0,0.076,44.44,3.0449,0,0.474,,0,0,1,1,0,1,2022-07-25 09:55:00+05:30,2022-07-25 10:00:00+05:30,2022-07-25 11:00:00+05:30,732.1,724.7785714285715,745.2785714285715,-7.3214,L
S838,AXISBANK,2022-07-25 11:45:00+05:30,-0.1784,-0.3723,0,,0.8572,85.71,-0.9574,0,1.041,1.0,3,0,0,0,3,4,2022-07-25 12:00:00+05:30,2022-07-25 12:05:00+05:30,2022-07-25 14:10:00+05:30,725.95,722.5303571428572,732.1053571428572,6.1554,W
S839,AXISBANK,2022-07-25 12:10:00+05:30,-0.0627,-0.0978,0,,0.2146,21.43,0.4953,0,0.4678,,0,1,1,1,0,1,2022-07-25 12:10:00+05:30,2022-07-25 12:15:00+05:30,2022-07-25 14:05:00+05:30,725.85,722.7339285714286,731.4589285714286,5.6089,W
S840,AXISBANK,2022-07-25 12:35:00+05:30,-0.0376,-0.0489,4,2.0,0.1635,91.67,-0.2308,0,0.5934,0.0,1,0,0,0,1,2,2022-07-25 12:40:00+05:30,2022-07-25 12:45:00+05:30,2022-07-25 14:05:00+05:30,725.3,722.3178571428571,730.6678571428571,5.3679,W
S841,AXISBANK,2022-07-25 12:50:00+05:30,0.0289,-0.0376,0,,0.134,12.5,1.5806,0,0.3631,,0,0,1,1,0,1,2022-07-25 12:50:00+05:30,2022-07-25 12:55:00+05:30,2022-07-25 14:05:00+05:30,726.0,723.1071428571429,731.2071428571428,5.2071,W
S842,AXISBANK,2022-07-25 13:40:00+05:30,0.1025,0.1094,8,4.0,0.2584,25.0,0.1024,0,1.0443,,0,0,0,1,0,1,2022-07-25 13:40:00+05:30,2022-07-25 13:45:00+05:30,2022-07-25 14:10:00+05:30,727.05,723.9785714285714,732.5785714285713,5.5286,W
S843,AXISBANK,2022-07-25 14:00:00+05:30,0.0595,0.0901,2,2.0,0.0728,40.48,5.1111,0,1.3879,,0,1,1,1,0,1,2022-07-25 14:00:00+05:30,2022-07-25 14:05:00+05:30,2022-07-25 15:00:00+05:30,729.0,725.9107142857142,734.5607142857143,2.8,EOD+
S844,AXISBANK,2022-07-26 11:40:00+05:30,-0.4985,-0.5767,0,,1.1122,15.79,-0.9416,0,0.5685,1.0,3,0,1,0,3,4,2022-07-26 11:55:00+05:30,2022-07-26 12:00:00+05:30,2022-07-26 15:00:00+05:30,708.45,702.6732142857144,718.8482142857142,-1.4,EOD-
S845,AXISBANK,2022-07-26 13:35:00+05:30,0.1278,0.1832,19,7.0,0.1495,22.22,0.8182,0,0.4043,,0,0,1,1,0,1,2022-07-26 13:35:00+05:30,2022-07-26 13:40:00+05:30,2022-07-26 13:50:00+05:30,710.55,707.7910714285714,715.5160714285714,-2.7589,L
S846,AXISBANK,2022-07-27 09:35:00+05:30,,,0,,1.0892,60.98,-1.0,0,0.6807,1.0,3,0,0,0,3,4,2022-07-27 09:50:00+05:30,2022-07-27 09:55:00+05:30,2022-07-27 11:10:00+05:30,706.8,701.8535714285714,715.7035714285713,8.9036,W
S847,AXISBANK,2022-07-27 12:25:00+05:30,0.2497,0.2955,30,7.0,1.5211,76.6,-0.8553,0,0.9922,0.0,2,1,0,0,2,3,2022-07-27 12:35:00+05:30,2022-07-27 12:40:00+05:30,2022-07-27 15:00:00+05:30,717.9,715.0607142857142,723.0107142857142,1.1,EOD+
S848,AXISBANK,2022-07-27 13:45:00+05:30,0.0581,0.1048,13,11.0,0.9516,77.27,-0.7015,0,0.7804,0.0,2,0,0,0,2,3,2022-07-27 13:55:00+05:30,2022-07-27 14:00:00+05:30,2022-07-27 15:00:00+05:30,718.35,715.2696428571429,723.8946428571429,0.65,EOD+
S849,AXISBANK,2022-07-27 14:05:00+05:30,0.0668,0.0477,0,,0.7617,10.53,-0.2523,0,0.6992,1.0,2,1,1,0,2,3,2022-07-27 14:15:00+05:30,2022-07-27 14:20:00+05:30,2022-07-27 15:00:00+05:30,719.1,716.4660714285715,723.8410714285715,-0.1,EOD-
S850,AXISBANK,2022-07-28 11:00:00+05:30,0.2515,0.4074,21,9.0,0.0963,30.77,2.0508,0,0.4584,,0,0,1,1,0,1,2022-07-28 11:00:00+05:30,2022-07-28 11:05:00+05:30,2022-07-28 12:25:00+05:30,730.2,726.3696428571428,737.0946428571431,-3.8304,L
S851,AXISBANK,2022-07-28 12:50:00+05:30,-0.1295,-0.1143,0,,1.4468,31.58,-1.0,0,0.559,0.0,3,1,1,0,3,4,2022-07-28 13:05:00+05:30,2022-07-28 13:10:00+05:30,2022-07-28 13:40:00+05:30,727.4,724.9982142857143,731.7232142857142,-2.4018,L
S852,AXISBANK,2022-07-28 13:55:00+05:30,-0.1129,-0.0661,0,,2.1751,29.17,-0.6954,0,1.4916,1.0,3,0,1,0,3,4,2022-07-28 14:10:00+05:30,2022-07-28 14:15:00+05:30,2022-07-28 14:40:00+05:30,726.4,723.5696428571429,731.4946428571428,-2.8304,L
S853,AXISBANK,2022-07-29 10:05:00+05:30,0.15,0.1612,10,10.0,0.0491,13.79,3.9057,0,0.4667,,0,0,0,1,0,1,2022-07-29 10:05:00+05:30,2022-07-29 10:10:00+05:30,2022-07-29 15:00:00+05:30,728.75,722.0089285714286,740.8839285714287,-3.35,EOD-
S854,AXISBANK,2022-07-29 10:50:00+05:30,-0.034,-0.0072,0,,1.3002,38.46,-0.7085,0,0.8143,1.0,3,0,0,0,3,4,2022-07-29 11:05:00+05:30,2022-07-29 11:10:00+05:30,2022-07-29 15:00:00+05:30,727.8,722.8535714285714,736.7035714285714,-2.4,EOD-
S855,AXISBANK,2022-07-29 12:25:00+05:30,0.1133,0.0852,15,10.0,0.3536,15.79,0.9048,0,0.7612,,0,0,0,1,0,1,2022-07-29 12:25:00+05:30,2022-07-29 12:30:00+05:30,2022-07-29 13:25:00+05:30,728.3,725.7017857142856,732.9767857142857,-2.5982,L
S856,AXISBANK,2022-07-29 12:35:00+05:30,0.0965,0.1168,0,,0.4581,14.29,-0.3258,0,1.1173,1.0,3,0,0,0,3,4,2022-07-29 12:50:00+05:30,2022-07-29 12:55:00+05:30,2022-07-29 13:25:00+05:30,728.1,725.6714285714286,732.4714285714285,-2.4286,L
S857,AXISBANK,2022-07-29 14:10:00+05:30,-0.1432,-0.1255,0,,2.4055,28.13,-0.8823,0,0.9861,0.0,3,0,1,0,3,4,2022-07-29 14:25:00+05:30,2022-07-29 14:30:00+05:30,2022-07-29 15:00:00+05:30,726.05,722.9607142857142,731.6107142857143,-0.65,EOD-
S858,AXISBANK,2022-08-01 09:40:00+05:30,-0.0179,,0,,1.223,26.83,-0.4991,0,0.3337,0.0,3,0,1,0,3,4,2022-08-01 09:55:00+05:30,2022-08-01 10:00:00+05:30,2022-08-01 15:00:00+05:30,725.1,719.5910714285715,735.0160714285714,5.95,EOD+
S859,AXISBANK,2022-08-01 12:00:00+05:30,0.0523,0.108,24,3.0,0.1385,59.09,-0.6364,0,1.5666,1.0,1,0,0,0,1,2,2022-08-01 12:05:00+05:30,2022-08-01 12:10:00+05:30,2022-08-01 15:00:00+05:30,727.35,724.8678571428571,731.8178571428572,4.4679,W
S860,AXISBANK,2022-08-01 12:20:00+05:30,0.0567,0.0529,1,1.0,0.1518,33.33,2.3898,0,0.5622,,0,0,0,1,0,1,2022-08-01 12:20:00+05:30,2022-08-01 12:25:00+05:30,2022-08-01 15:00:00+05:30,727.9,725.4714285714285,732.2714285714286,3.15,EOD+
S861,AXISBANK,2022-08-01 12:30:00+05:30,0.0663,0.0553,0,,0.2545,17.39,1.5926,0,0.5084,,0,0,1,1,0,1,2022-08-01 12:30:00+05:30,2022-08-01 12:35:00+05:30,2022-08-01 15:00:00+05:30,728.35,725.6982142857142,733.1232142857143,2.7,EOD+
S862,AXISBANK,2022-08-01 12:40:00+05:30,0.0368,0.0667,0,,1.0285,84.21,-0.9559,0,1.0863,1.0,3,0,1,0,3,4,2022-08-01 12:55:00+05:30,2022-08-01 13:00:00+05:30,2022-08-01 15:00:00+05:30,728.3,725.5410714285714,733.2660714285714,2.75,EOD+
S863,AXISBANK,2022-08-01 13:05:00+05:30,0.0254,0.023,0,,0.2844,5.88,0.5625,0,0.866,,0,0,1,1,0,1,2022-08-01 13:05:00+05:30,2022-08-01 13:10:00+05:30,2022-08-01 15:00:00+05:30,728.1,725.2875,733.1625,2.95,EOD+
S864,AXISBANK,2022-08-01 13:20:00+05:30,-0.0106,0.0254,0,,1.1035,30.77,-0.6364,0,1.3047,1.0,3,0,0,0,3,4,2022-08-01 13:35:00+05:30,2022-08-01 13:40:00+05:30,2022-08-01 15:00:00+05:30,727.95,725.1464285714286,732.9964285714286,3.1,EOD+
S865,AXISBANK,2022-08-01 13:45:00+05:30,-0.0041,-0.0388,0,,0.2478,43.33,0.9417,0,2.5149,,0,0,1,1,0,1,2022-08-01 13:45:00+05:30,2022-08-01 13:50:00+05:30,2022-08-01 15:00:00+05:30,728.65,726.0517857142856,733.3267857142857,2.4,EOD+
S866,AXISBANK,2022-08-02 10:35:00+05:30,-0.2561,-0.2681,0,,1.1915,59.09,-0.9745,0,0.2784,0.0,3,0,1,0,3,4,2022-08-02 10:50:00+05:30,2022-08-02 10:55:00+05:30,2022-08-02 13:50:00+05:30,724.5,720.3928571428572,731.892857142857,7.3929,W
S867,AXISBANK,2022-08-02 11:00:00+05:30,-0.1484,-0.2432,0,,0.2381,46.67,0.0526,0,0.3311,,0,0,1,1,0,1,2022-08-02 11:00:00+05:30,2022-08-02 11:05:00+05:30,2022-08-02 12:00:00+05:30,724.3,720.8089285714286,730.5839285714285,6.2839,W
S868,AXISBANK,2022-08-02 12:35:00+05:30,0.1475,0.1648,17,7.0,0.5626,86.96,-0.6512,0,0.8814,0.0,3,0,1,0,3,4,2022-08-02 12:50:00+05:30,2022-08-02 12:55:00+05:30,2022-08-02 15:00:00+05:30,727.55,723.7285714285714,734.4285714285714,5.15,EOD+
S869,AXISBANK,2022-08-02 13:15:00+05:30,0.0333,0.0608,0,,0.8334,88.24,-1.0,0,1.3188,1.0,3,0,0,0,3,4,2022-08-02 13:30:00+05:30,2022-08-02 13:35:00+05:30,2022-08-02 15:00:00+05:30,728.9,724.7303571428571,736.405357142857,3.8,EOD+
S870,AXISBANK,2022-08-03 09:15:00+05:30,,,0,,1.1885,71.74,-1.0,0,2.0851,,0,0,0,1,0,1,2022-08-03 09:15:00+05:30,2022-08-03 09:20:00+05:30,2022-08-03 09:45:00+05:30,733.2,728.7089285714286,741.2839285714286,-4.4911,L
S871,AXISBANK,2022-08-03 09:25:00+05:30,,,1,1.0,0.3082,92.59,-0.9138,0,0.8077,0.0,1,0,0,0,1,2,2022-08-03 09:30:00+05:30,2022-08-03 09:35:00+05:30,2022-08-03 10:25:00+05:30,732.8,728.0946428571427,741.2696428571429,-4.7054,L
S872,AXISBANK,2022-08-03 09:40:00+05:30,-0.0256,,0,,1.3552,89.29,-1.0,0,0.5222,0.0,3,0,0,0,3,4,2022-08-03 09:55:00+05:30,2022-08-03 10:00:00+05:30,2022-08-03 10:25:00+05:30,733.25,727.8125,743.0375,-5.4375,L
S873,AXISBANK,2022-08-03 10:05:00+05:30,-0.0591,-0.0676,1,1.0,0.0926,5.0,2.0233,0,0.2622,,0,0,1,1,0,1,2022-08-03 10:05:00+05:30,2022-08-03 10:10:00+05:30,2022-08-03 15:00:00+05:30,731.7,725.8964285714286,742.1464285714286,-3.85,EOD-
S874,AXISBANK,2022-08-03 10:25:00+05:30,-0.0954,-0.0564,0,,1.6831,92.11,-1.0,0,0.5793,0.0,3,0,0,0,3,4,2022-08-03 10:40:00+05:30,2022-08-03 10:45:00+05:30,2022-08-03 15:00:00+05:30,730.7,725.9321428571429,739.2821428571428,-2.85,EOD-
S875,AXISBANK,2022-08-03 11:15:00+05:30,-0.1068,-0.025,0,,0.9416,21.88,-0.6358,0,0.7094,1.0,3,1,1,0,3,4,2022-08-03 11:30:00+05:30,2022-08-03 11:35:00+05:30,2022-08-03 12:50:00+05:30,730.05,726.0410714285714,737.2660714285713,7.2161,W
S876,AXISBANK,2022-08-03 11:50:00+05:30,-0.048,-0.0524,2,2.0,0.002,37.5,159.0,0,0.8244,,0,1,1,1,0,1,2022-08-03 11:50:00+05:30,2022-08-03 11:55:00+05:30,2022-08-03 12:40:00+05:30,730.5,727.3571428571429,736.1571428571428,5.6571,W
S877,AXISBANK,2022-08-03 12:00:00+05:30,-0.0164,-0.061,1,1.0,0.0204,0.0,19.0,0,0.6343,,0,1,0,1,0,1,2022-08-03 12:00:00+05:30,2022-08-03 12:05:00+05:30,2022-08-03 12:40:00+05:30,730.2,727.1375,735.7125000000001,5.5125,W
S878,AXISBANK,2022-08-03 12:10:00+05:30,0.0295,-0.0401,0,,0.0848,0.0,2.5,0,0.886,,0,1,1,1,0,1,2022-08-03 12:10:00+05:30,2022-08-03 12:15:00+05:30,2022-08-03 12:40:00+05:30,730.1,727.1535714285715,735.4035714285715,5.3036,W
S879,AXISBANK,2022-08-03 12:20:00+05:30,0.0408,0.0062,0,,0.1271,58.62,2.2727,0,0.7865,,0,0,1,1,0,1,2022-08-03 12:20:00+05:30,2022-08-03 12:25:00+05:30,2022-08-03 12:40:00+05:30,731.0,728.2946428571429,735.8696428571428,4.8696,W
S880,AXISBANK,2022-08-04 12:25:00+05:30,-0.374,-0.4129,0,,1.099,34.04,-0.7027,0,0.3267,0.0,3,0,0,0,3,4,2022-08-04 12:40:00+05:30,2022-08-04 12:45:00+05:30,2022-08-04 15:00:00+05:30,721.05,713.7821428571428,734.1321428571428,-1.4,EOD-
S881,AXISBANK,2022-08-04 13:20:00+05:30,0.0267,-0.1264,0,,1.1552,61.54,-1.0,0,0.7291,1.0,3,0,0,0,3,4,2022-08-04 13:35:00+05:30,2022-08-04 13:40:00+05:30,2022-08-04 14:05:00+05:30,721.0,717.0178571428571,728.1678571428572,-3.9821,L
S882,AXISBANK,2022-08-05 10:05:00+05:30,0.2669,0.2483,10,1.0,0.7773,43.57,0.5804,0,2.1186,,0,0,0,1,0,1,2022-08-05 10:05:00+05:30,2022-08-05 10:10:00+05:30,2022-08-05 15:00:00+05:30,727.0,721.0982142857142,737.6232142857143,1.3,EOD+
S883,AXISBANK,2022-08-05 10:45:00+05:30,0.2218,0.2604,7,3.0,0.1768,79.59,-1.0,0,0.3708,0.0,1,0,0,0,1,2,2022-08-05 10:50:00+05:30,2022-08-05 10:55:00+05:30,2022-08-05 15:00:00+05:30,727.6,721.4839285714286,738.6089285714286,0.7,EOD+
S884,AXISBANK,2022-08-05 11:25:00+05:30,0.1498,0.1784,6,4.0,0.0454,48.28,2.4286,0,0.3387,,0,0,1,1,0,1,2022-08-05 11:25:00+05:30,2022-08-05 11:30:00+05:30,2022-08-05 15:00:00+05:30,727.95,723.1285714285714,736.6285714285716,0.35,EOD+
S885,AXISBANK,2022-08-05 11:35:00+05:30,0.1284,0.1605,0,,0.1778,64.0,-0.0476,0,0.4245,1.0,2,0,0,0,2,3,2022-08-05 11:45:00+05:30,2022-08-05 11:50:00+05:30,2022-08-05 14:15:00+05:30,728.6,724.1714285714286,736.5714285714287,-4.4286,L
S886,AXISBANK,2022-08-05 11:55:00+05:30,0.0762,0.1291,0,,0.1374,15.79,-0.7619,0,0.7109,0.0,1,1,1,0,1,2,2022-08-05 12:00:00+05:30,2022-08-05 12:05:00+05:30,2022-08-05 13:00:00+05:30,730.5,726.6785714285713,737.3785714285715,-3.8214,L
S887,AXISBANK,2022-08-05 12:25:00+05:30,0.0645,0.0429,4,4.0,0.0212,31.82,24.4545,0,0.8361,,0,0,1,1,0,1,2022-08-05 12:25:00+05:30,2022-08-05 12:30:00+05:30,2022-08-05 13:00:00+05:30,729.75,726.5,735.6,-3.25,L
S888,AXISBANK,2022-08-05 12:35:00+05:30,0.0734,0.048,0,,0.5264,73.33,-0.7133,0,1.0834,,0,0,1,1,0,1,2022-08-05 12:35:00+05:30,2022-08-05 12:40:00+05:30,2022-08-05 13:00:00+05:30,729.8,726.4875,735.7625,-3.3125,L
S889,AXISBANK,2022-08-05 14:05:00+05:30,-0.1176,-0.0972,0,,1.1802,23.33,-0.7914,0,0.7824,1.0,3,0,0,0,3,4,2022-08-05 14:20:00+05:30,2022-08-05 14:25:00+05:30,2022-08-05 15:00:00+05:30,726.25,722.6964285714286,732.6464285714287,2.05,EOD+
S890,AXISBANK,2022-08-05 14:30:00+05:30,-0.1195,-0.1366,0,,1.2182,56.45,-0.5771,0,1.2216,,0,0,0,1,0,1,2022-08-05 14:30:00+05:30,2022-08-05 14:35:00+05:30,2022-08-05 15:00:00+05:30,726.7,722.575,734.1250000000001,1.6,EOD+
S891,AXISBANK,2022-08-08 11:50:00+05:30,0.2204,0.2196,31,14.0,0.0158,33.33,4.0,0,0.3411,,0,1,0,1,0,1,2022-08-08 11:50:00+05:30,2022-08-08 11:55:00+05:30,2022-08-08 14:20:00+05:30,739.95,736.7803571428572,745.6553571428572,5.7054,W
S892,AXISBANK,2022-08-08 12:00:00+05:30,0.209,0.211,0,,0.2619,100.0,-1.0,0,0.3012,,0,0,1,1,0,1,2022-08-08 12:00:00+05:30,2022-08-08 12:05:00+05:30,2022-08-08 14:20:00+05:30,741.0,738.1607142857142,746.1107142857143,5.1107,W
S893,AXISBANK,2022-08-08 13:00:00+05:30,0.1011,0.088,11,9.0,0.6026,10.2,1.4242,0,1.4122,,0,1,0,1,0,1,2022-08-08 13:00:00+05:30,2022-08-08 13:05:00+05:30,2022-08-08 15:00:00+05:30,742.9,739.8196428571428,748.4446428571429,2.35,EOD+
S894,AXISBANK,2022-08-08 13:15:00+05:30,0.0849,0.1011,2,2.0,0.0184,27.78,19.0,0,0.5399,,0,1,1,1,0,1,2022-08-08 13:15:00+05:30,2022-08-08 13:20:00+05:30,2022-08-08 15:00:00+05:30,742.9,739.8375,748.4125,2.35,EOD+
S895,AXISBANK,2022-08-08 14:00:00+05:30,0.0125,0.0875,0,,0.5483,16.67,-0.375,0,3.4628,1.0,3,0,1,0,3,4,2022-08-08 14:15:00+05:30,2022-08-08 14:20:00+05:30,2022-08-08 14:45:00+05:30,745.0,742.4464285714286,749.5964285714286,-2.5536,L
S896,AXISBANK,2022-08-10 09:15:00+05:30,,,0,,1.52,15.7,-0.202,0,4.4151,1.0,1,0,0,0,1,2,2022-08-10 09:20:00+05:30,2022-08-10 09:25:00+05:30,2022-08-10 09:35:00+05:30,744.85,739.9035714285715,753.7535714285715,-4.9464,L
S897,AXISBANK,2022-08-10 10:30:00+05:30,-0.1777,-0.1855,0,,1.2043,69.23,-0.8991,0,0.5887,1.0,3,0,1,0,3,4,2022-08-10 10:45:00+05:30,2022-08-10 10:50:00+05:30,2022-08-10 15:00:00+05:30,740.95,735.8071428571429,750.2071428571429,-1.5,EOD-
S898,AXISBANK,2022-08-10 11:10:00+05:30,-0.1176,-0.154,0,,0.4238,4.35,-0.2713,0,0.4956,0.0,3,0,1,0,3,4,2022-08-10 11:25:00+05:30,2022-08-10 11:30:00+05:30,2022-08-10 15:00:00+05:30,740.0,736.3571428571428,746.5571428571429,-0.55,EOD-
S899,AXISBANK,2022-08-10 11:35:00+05:30,0.002,-0.0821,0,,0.3738,28.57,-0.5376,0,0.9341,,0,1,0,1,0,1,2022-08-10 11:35:00+05:30,2022-08-10 11:40:00+05:30,2022-08-10 15:00:00+05:30,740.05,737.1571428571427,745.2571428571429,-0.6,EOD-
S900,AXISBANK,2022-08-10 12:35:00+05:30,-0.0615,-0.027,0,,1.5197,20.0,-0.5556,0,1.7448,1.0,3,0,0,0,3,4,2022-08-10 12:50:00+05:30,2022-08-10 12:55:00+05:30,2022-08-10 13:25:00+05:30,740.05,738.0142857142856,743.7142857142857,-2.0357,L
S901,AXISBANK,2022-08-10 13:10:00+05:30,0.0017,-0.0271,3,2.0,0.0893,44.44,0.6,0,0.4622,,0,0,1,1,0,1,2022-08-10 13:10:00+05:30,2022-08-10 13:15:00+05:30,2022-08-10 15:00:00+05:30,739.25,737.5,742.4000000000001,0.2,EOD+
S902,AXISBANK,2022-08-10 13:50:00+05:30,-0.0061,0.002,0,,0.8664,25.0,-0.5732,0,1.4637,1.0,3,0,0,0,3,4,2022-08-10 14:05:00+05:30,2022-08-10 14:10:00+05:30,2022-08-10 15:00:00+05:30,740.0,737.6339285714286,744.2589285714287,-0.55,EOD-
S903,AXISBANK,2022-08-10 14:30:00+05:30,0.0345,0.0311,4,3.0,0.7756,25.0,0.1552,0,1.5624,,0,0,0,1,0,1,2022-08-10 14:30:00+05:30,2022-08-10 14:35:00+05:30,2022-08-10 15:00:00+05:30,739.6,737.3678571428571,743.6178571428572,-0.15,EOD-
S904,AXISBANK,2022-08-11 11:10:00+05:30,0.3557,0.5506,23,8.0,0.0858,83.33,0.5686,0,0.5117,,0,0,0,1,0,1,2022-08-11 11:10:00+05:30,2022-08-11 11:15:00+05:30,2022-08-11 15:00:00+05:30,756.0,752.2857142857142,762.6857142857143,3.45,EOD+
S905,AXISBANK,2022-08-11 12:05:00+05:30,-0.0288,0.0556,0,,1.6743,70.0,-0.78,0,0.9516,1.0,3,0,1,0,3,4,2022-08-11 12:20:00+05:30,2022-08-11 12:25:00+05:30,2022-08-11 15:00:00+05:30,756.45,753.3964285714286,761.9464285714287,3.0,EOD+
S906,AXISBANK,2022-08-11 13:20:00+05:30,0.0754,0.0473,11,5.0,0.0025,42.86,259.0,0,1.1028,,0,1,0,1,0,1,2022-08-11 13:20:00+05:30,2022-08-11 13:25:00+05:30,2022-08-11 15:00:00+05:30,756.85,754.3410714285715,761.3660714285714,2.6,EOD+
S907,AXISBANK,2022-08-11 13:55:00+05:30,0.1089,0.1044,5,1.0,0.1623,44.83,4.0,0,0.9399,,0,0,1,1,0,1,2022-08-11 13:55:00+05:30,2022-08-11 14:00:00+05:30,2022-08-11 15:00:00+05:30,758.55,756.0857142857143,762.9857142857143,0.9,EOD+
S908,AXISBANK,2022-08-11 14:10:00+05:30,0.07,0.1089,1,1.0,0.0862,4.55,9.9091,0,0.9771,,0,0,1,1,0,1,2022-08-11 14:10:00+05:30,2022-08-11 14:15:00+05:30,2022-08-11 15:00:00+05:30,758.15,755.7571428571429,762.4571428571428,1.3,EOD+
S909,AXISBANK,2022-08-11 14:20:00+05:30,0.0403,0.0812,0,,0.8744,94.44,-0.8964,0,0.9017,,0,0,1,1,0,1,2022-08-11 14:20:00+05:30,2022-08-11 14:25:00+05:30,2022-08-11 15:00:00+05:30,758.4,755.6410714285714,763.3660714285713,1.05,EOD+
S910,AXISBANK,2022-08-12 10:35:00+05:30,-0.1279,-0.113,0,,2.0959,68.42,-0.8832,0,1.6877,1.0,3,0,0,0,3,4,2022-08-12 10:50:00+05:30,2022-08-12 10:55:00+05:30,2022-08-12 15:00:00+05:30,757.8,754.7375,763.3125,1.95,EOD+
S911,AXISBANK,2022-08-12 13:05:00+05:30,0.1095,0.126,26,8.0,0.9495,18.42,0.3625,0,1.4606,,0,0,0,1,0,1,2022-08-12 13:05:00+05:30,2022-08-12 13:10:00+05:30,2022-08-12 15:00:00+05:30,760.75,758.0446428571429,765.6196428571428,-1.0,EOD-
S912,AXISBANK,2022-08-12 13:15:00+05:30,0.0671,0.1236,0,,0.7365,90.48,-1.0,0,0.6335,1.0,3,0,1,0,3,4,2022-08-12 13:30:00+05:30,2022-08-12 13:35:00+05:30,2022-08-12 15:00:00+05:30,760.8,758.0589285714285,765.7339285714285,-1.05,EOD-
S913,AXISBANK,2022-08-12 13:40:00+05:30,0.0362,0.0227,0,,1.0362,78.12,-0.9031,0,0.7096,,0,0,1,1,0,1,2022-08-12 13:40:00+05:30,2022-08-12 13:45:00+05:30,2022-08-12 14:35:00+05:30,761.0,758.5089285714286,765.4839285714285,-2.4911,L
S914,AXISBANK,2022-08-12 13:55:00+05:30,0.022,0.0362,0,,1.2554,33.33,-0.7172,0,2.4565,1.0,3,1,0,0,3,4,2022-08-12 14:10:00+05:30,2022-08-12 14:15:00+05:30,2022-08-12 14:35:00+05:30,761.2,758.7357142857144,765.6357142857142,-2.4643,L
S915,AXISBANK,2022-08-16 10:10:00+05:30,0.2587,0.3173,11,6.0,0.1922,24.24,-0.2308,0,0.6595,0.0,2,0,0,0,2,3,2022-08-16 10:20:00+05:30,2022-08-16 10:25:00+05:30,2022-08-16 13:10:00+05:30,765.65,759.7303571428571,776.3053571428571,-5.9196,L
S916,AXISBANK,2022-08-16 10:30:00+05:30,0.1973,0.2315,0,,0.0906,8.7,1.5397,0,0.3536,,0,1,0,1,0,1,2022-08-16 10:30:00+05:30,2022-08-16 10:35:00+05:30,2022-08-16 11:55:00+05:30,766.85,762.5017857142857,774.6767857142859,-4.3482,L
S917,AXISBANK,2022-08-16 12:15:00+05:30,-0.0991,-0.0774,0,,1.5017,68.0,-0.8698,0,0.3961,0.0,3,0,1,0,3,4,2022-08-16 12:30:00+05:30,2022-08-16 12:35:00+05:30,2022-08-16 13:05:00+05:30,764.35,761.1535714285715,770.1035714285714,-3.1964,L
S918,AXISBANK,2022-08-16 12:40:00+05:30,-0.0717,-0.0968,0,,0.416,22.22,-0.4709,0,0.4931,1.0,2,1,1,0,2,3,2022-08-16 12:50:00+05:30,2022-08-16 12:55:00+05:30,2022-08-16 13:05:00+05:30,764.0,761.1607142857143,769.1107142857143,-2.8393,L
S919,AXISBANK,2022-08-16 13:50:00+05:30,-0.0899,-0.1158,0,,1.7675,12.5,-0.791,0,1.8146,1.0,3,0,0,0,3,4,2022-08-16 14:05:00+05:30,2022-08-16 14:10:00+05:30,2022-08-16 15:00:00+05:30,762.35,758.9660714285715,768.4410714285715,3.15,EOD+
S920,AXISBANK,2022-08-17 10:45:00+05:30,0.1466,0.1416,18,18.0,0.2901,14.29,0.6514,0,0.2016,,0,0,0,1,0,1,2022-08-17 10:45:00+05:30,2022-08-17 10:50:00+05:30,2022-08-17 11:05:00+05:30,769.2,766.8517857142858,773.4267857142858,4.2268,W
S921,AXISBANK,2022-08-17 10:55:00+05:30,0.1219,0.146,0,,0.124,27.27,0.7778,0,0.0843,,0,0,1,1,0,1,2022-08-17 10:55:00+05:30,2022-08-17 11:00:00+05:30,2022-08-17 11:05:00+05:30,769.35,767.0821428571429,773.4321428571428,4.0821,W
S922,AXISBANK,2022-08-17 12:15:00+05:30,0.0959,0.0988,14,10.0,0.6706,56.41,-0.1246,0,0.4626,0.0,1,1,0,0,1,2,2022-08-17 12:20:00+05:30,2022-08-17 12:25:00+05:30,2022-08-17 13:45:00+05:30,772.5,769.7321428571429,777.4821428571429,-2.7679,L
S923,AXISBANK,2022-08-17 12:30:00+05:30,0.0958,0.0959,0,,0.2841,80.0,-1.0,0,0.7952,1.0,1,1,0,0,1,2,2022-08-17 12:35:00+05:30,2022-08-17 12:40:00+05:30,2022-08-17 13:40:00+05:30,772.75,770.0,777.7,-2.75,L
S924,AXISBANK,2022-08-17 12:45:00+05:30,0.0667,0.0958,0,,0.6251,33.33,-0.6255,0,0.8191,1.0,1,0,0,0,1,2,2022-08-17 12:50:00+05:30,2022-08-17 12:55:00+05:30,2022-08-17 13:40:00+05:30,772.85,770.1803571428571,777.6553571428573,-2.6696,L
S925,AXISBANK,2022-08-17 14:00:00+05:30,-0.0862,-0.0512,0,,1.9755,90.91,-1.0,0,0.8917,1.0,3,0,0,0,3,4,2022-08-17 14:15:00+05:30,2022-08-17 14:20:00+05:30,2022-08-17 15:00:00+05:30,771.5,768.5892857142857,776.7392857142858,0.5,EOD+
S926,AXISBANK,2022-08-17 14:30:00+05:30,-0.024,-0.0664,2,2.0,0.2289,46.43,0.4876,0,0.5376,,0,0,0,1,0,1,2022-08-17 14:30:00+05:30,2022-08-17 14:35:00+05:30,2022-08-17 15:00:00+05:30,771.55,768.2464285714285,777.4964285714285,0.45,EOD+
S927,AXISBANK,2022-08-18 09:20:00+05:30,,,0,,1.9655,40.0,-0.7394,0,3.4085,0.0,3,0,0,0,3,4,2022-08-18 09:35:00+05:30,2022-08-18 09:40:00+05:30,2022-08-18 11:45:00+05:30,771.45,768.5214285714286,776.7214285714285,-2.9286,L
S928,AXISBANK,2022-08-18 09:45:00+05:30,-0.0052,,0,,0.0452,25.0,6.2,0,0.3029,,0,0,1,1,0,1,2022-08-18 09:45:00+05:30,2022-08-18 09:50:00+05:30,2022-08-18 11:45:00+05:30,771.9,768.4446428571429,778.1196428571428,-3.4554,L
S929,AXISBANK,2022-08-18 12:55:00+05:30,-0.27,-0.2908,0,,1.0918,83.33,-0.9716,0,0.4352,1.0,3,0,0,0,3,4,2022-08-18 13:10:00+05:30,2022-08-18 13:15:00+05:30,2022-08-18 15:00:00+05:30,764.95,760.9142857142857,772.2142857142858,0.1,EOD+
S930,AXISBANK,2022-08-18 13:50:00+05:30,0.0552,-0.0654,7,3.0,0.3696,55.0,0.3636,0,0.8737,,0,0,0,1,0,1,2022-08-18 13:50:00+05:30,2022-08-18 13:55:00+05:30,2022-08-18 15:00:00+05:30,764.85,762.6178571428571,768.8678571428571,0.2,EOD+
S931,AXISBANK,2022-08-18 14:00:00+05:30,0.0644,0.0265,0,,0.444,46.67,0.227,0,0.8712,,0,0,1,1,0,1,2022-08-18 14:00:00+05:30,2022-08-18 14:05:00+05:30,2022-08-18 14:25:00+05:30,765.7,763.4053571428572,769.8303571428572,-2.2946,L
S932,AXISBANK,2022-08-19 09:25:00+05:30,,,2,2.0,0.6042,19.64,0.7716,0,1.5652,,0,1,0,1,0,1,2022-08-19 09:25:00+05:30,2022-08-19 09:30:00+05:30,2022-08-19 11:05:00+05:30,766.0,761.5625,773.9875000000001,-4.4375,L
S933,AXISBANK,2022-08-19 09:35:00+05:30,,,1,1.0,1.2148,63.01,-0.4532,0,0.4422,0.0,2,1,1,0,2,3,2022-08-19 09:45:00+05:30,2022-08-19 09:50:00+05:30,2022-08-19 11:05:00+05:30,765.35,760.4571428571429,774.157142857143,-4.8929,L
S934,AXISBANK,2022-08-19 10:10:00+05:30,0.0682,0.0389,3,2.0,0.0914,26.09,0.6667,0,0.2119,,0,0,1,1,0,1,2022-08-19 10:10:00+05:30,2022-08-19 10:15:00+05:30,2022-08-19 11:05:00+05:30,766.15,760.4089285714285,776.4839285714286,-5.7411,L
S935,AXISBANK,2022-08-19 10:20:00+05:30,0.0516,0.0718,1,1.0,0.1553,35.29,0.1429,0,0.2063,,0,0,1,1,0,1,2022-08-19 10:20:00+05:30,2022-08-19 10:25:00+05:30,2022-08-19 11:25:00+05:30,765.75,760.1160714285714,775.8910714285714,-5.6339,L
S936,AXISBANK,2022-08-19 12:40:00+05:30,-0.3074,-0.3181,0,,1.3325,12.12,-0.7419,0,0.4532,0.0,3,0,1,0,3,4,2022-08-19 12:55:00+05:30,2022-08-19 13:00:00+05:30,2022-08-19 15:00:00+05:30,757.7,752.6107142857143,766.8607142857145,-1.1,EOD-
S937,AXISBANK,2022-08-19 13:35:00+05:30,0.0178,0.0155,7,4.0,0.2416,84.09,-0.6571,0,0.7674,0.0,1,0,0,0,1,2,2022-08-19 13:40:00+05:30,2022-08-19 13:45:00+05:30,2022-08-19 14:00:00+05:30,757.6,753.0732142857142,765.7482142857143,-4.5268,L
S938,AXISBANK,2022-08-19 14:10:00+05:30,0.0459,-0.0228,0,,0.9622,49.15,-0.8064,0,0.709,0.0,3,1,1,0,3,4,2022-08-19 14:25:00+05:30,2022-08-19 14:30:00+05:30,2022-08-19 15:00:00+05:30,759.05,754.3535714285714,767.5035714285714,-2.45,EOD-
S939,AXISBANK,2022-08-22 12:00:00+05:30,-0.068,-0.0801,0,,1.0962,16.67,-0.7004,0,0.6782,1.0,3,0,0,0,3,4,2022-08-22 12:15:00+05:30,2022-08-22 12:20:00+05:30,2022-08-22 13:30:00+05:30,742.45,739.4053571428573,747.9303571428571,-3.0446,L
S940,AXISBANK,2022-08-22 12:45:00+05:30,0.0256,-0.0505,5,2.0,0.0956,28.57,4.4054,0,1.3222,,0,1,1,1,0,1,2022-08-22 12:45:00+05:30,2022-08-22 12:50:00+05:30,2022-08-22 13:25:00+05:30,743.05,740.6303571428571,747.4053571428572,-2.4196,L
S941,AXISBANK,2022-08-22 13:00:00+05:30,0.0215,0.0256,0,,0.8425,15.38,-0.6439,0,3.6348,1.0,3,0,0,0,3,4,2022-08-22 13:15:00+05:30,2022-08-22 13:20:00+05:30,2022-08-22 13:25:00+05:30,742.75,740.25,747.25,-2.5,L
S942,AXISBANK,2022-08-22 14:00:00+05:30,-0.0802,-0.0687,0,,1.8175,33.33,-0.9072,0,0.6585,0.0,3,0,0,0,3,4,2022-08-22 14:15:00+05:30,2022-08-22 14:20:00+05:30,2022-08-22 15:00:00+05:30,741.5,738.5357142857143,746.8357142857143,1.2,EOD+
S943,AXISBANK,2022-08-22 14:25:00+05:30,-0.0644,-0.0823,0,,0.1466,22.22,0.6901,0,0.9094,,0,1,1,1,0,1,2022-08-22 14:25:00+05:30,2022-08-22 14:30:00+05:30,2022-08-22 15:00:00+05:30,741.75,738.7232142857142,747.1982142857144,0.95,EOD+
S944,AXISBANK,2022-08-23 09:20:00+05:30,,,0,,2.4434,75.82,-0.8301,0,1.1484,0.0,3,0,0,0,3,4,2022-08-23 09:35:00+05:30,2022-08-23 09:40:00+05:30,2022-08-23 11:05:00+05:30,743.15,736.525,755.0749999999999,-6.625,L
S945,AXISBANK,2022-08-23 10:10:00+05:30,0.0448,0.0688,6,6.0,0.1369,96.77,-1.0,0,1.1033,1.0,1,0,0,0,1,2,2022-08-23 10:15:00+05:30,2022-08-23 10:20:00+05:30,2022-08-23 11:05:00+05:30,742.75,735.8571428571429,755.1571428571428,-6.8929,L
S946,AXISBANK,2022-08-23 12:15:00+05:30,-0.1448,-0.2054,0,,0.5171,35.42,-1.0,0,0.9558,1.0,3,0,1,0,3,4,2022-08-23 12:30:00+05:30,2022-08-23 12:35:00+05:30,2022-08-23 15:00:00+05:30,738.45,734.075,746.3250000000002,5.45,EOD+
S947,AXISBANK,2022-08-23 14:30:00+05:30,0.1811,0.2123,23,1.0,0.3034,69.39,0.2698,0,0.9797,,0,0,1,1,0,1,2022-08-23 14:30:00+05:30,2022-08-23 14:35:00+05:30,2022-08-23 15:00:00+05:30,742.7,738.8071428571429,749.7071428571429,1.2,EOD+
S948,AXISBANK,2022-08-24 09:15:00+05:30,,,0,,0.8767,13.33,-0.0181,0,1.8813,,0,0,0,1,0,1,2022-08-24 09:15:00+05:30,2022-08-24 09:20:00+05:30,2022-08-24 15:00:00+05:30,745.3,739.7821428571428,755.2321428571429,4.45,EOD+
S949,AXISBANK,2022-08-24 09:45:00+05:30,0.0178,,0,,0.9527,42.86,-0.8472,0,0.5855,1.0,3,0,0,0,3,4,2022-08-24 10:00:00+05:30,2022-08-24 10:05:00+05:30,2022-08-24 15:00:00+05:30,746.85,740.8410714285715,757.6660714285715,2.9,EOD+
S950,AXISBANK,2022-08-24 11:35:00+05:30,0.2027,0.1699,18,4.0,0.0288,68.52,2.5294,0,1.4102,,0,0,0,1,0,1,2022-08-24 11:35:00+05:30,2022-08-24 11:40:00+05:30,2022-08-24 12:50:00+05:30,748.65,744.9625,755.2875,-3.6875,L
S951,AXISBANK,2022-08-24 12:55:00+05:30,-0.1425,-0.0655,0,,2.274,33.33,-1.0,0,0.895,1.0,3,0,1,0,3,4,2022-08-24 13:10:00+05:30,2022-08-24 13:15:00+05:30,2022-08-24 15:00:00+05:30,747.4,744.3107142857142,752.9607142857143,2.35,EOD+
S952,AXISBANK,2022-08-24 13:20:00+05:30,-0.1125,-0.1432,0,,1.4709,50.0,-0.7716,0,0.859,0.0,2,0,0,0,2,3,2022-08-24 13:30:00+05:30,2022-08-24 13:35:00+05:30,2022-08-24 15:00:00+05:30,746.9,743.5517857142856,752.9267857142856,2.85,EOD+
S953,AXISBANK,2022-08-24 13:45:00+05:30,-0.0409,-0.1095,2,1.0,0.2611,43.75,0.8072,0,6.308,,0,0,0,1,0,1,2022-08-24 13:45:00+05:30,2022-08-24 13:50:00+05:30,2022-08-24 15:00:00+05:30,746.6,742.6267857142857,753.7517857142857,3.15,EOD+
S954,AXISBANK,2022-08-24 13:55:00+05:30,-0.009,-0.0636,0,,0.6144,85.19,-0.8507,0,0.4528,0.0,1,0,1,0,1,2,2022-08-24 14:00:00+05:30,2022-08-24 14:05:00+05:30,2022-08-24 15:00:00+05:30,746.75,742.6607142857143,754.1107142857143,3.0,EOD+
S955,AXISBANK,2022-08-25 11:30:00+05:30,-0.2013,-0.1056,0,,3.3775,6.67,-0.8681,0,1.8238,1.0,3,0,0,0,3,4,2022-08-25 11:45:00+05:30,2022-08-25 11:50:00+05:30,2022-08-25 14:15:00+05:30,754.2,750.8339285714286,760.2589285714286,-3.3661,L
S956,AXISBANK,2022-08-25 12:00:00+05:30,-0.102,-0.1942,2,2.0,0.1809,33.33,0.4754,0,1.6525,,0,0,1,1,0,1,2022-08-25 12:00:00+05:30,2022-08-25 12:05:00+05:30,2022-08-25 14:30:00+05:30,752.8,748.5857142857143,760.3857142857142,-4.2143,L
S957,AXISBANK,2022-08-25 12:25:00+05:30,0.0037,-0.0482,3,3.0,0.1045,96.3,-1.0,0,0.9459,0.0,1,0,0,0,1,2,2022-08-25 12:30:00+05:30,2022-08-25 12:35:00+05:30,2022-08-25 14:30:00+05:30,753.65,749.2839285714285,761.5089285714286,-4.3661,L
S958,AXISBANK,2022-08-25 13:05:00+05:30,0.0763,0.007,6,6.0,0.8389,41.67,-0.4183,0,0.7503,1.0,1,0,1,0,1,2,2022-08-25 13:10:00+05:30,2022-08-25 13:15:00+05:30,2022-08-25 14:15:00+05:30,753.9,750.5696428571428,759.8946428571429,-3.3304,L
S959,AXISBANK,2022-08-25 13:20:00+05:30,0.1008,0.0763,0,,0.5425,40.74,-0.5804,0,0.7409,,0,0,0,1,0,1,2022-08-25 13:20:00+05:30,2022-08-25 13:25:00+05:30,2022-08-25 14:15:00+05:30,753.9,750.6053571428571,759.8303571428572,-3.2946,L
S960,AXISBANK,2022-08-25 13:30:00+05:30,0.0604,0.1098,1,1.0,0.339,0.0,0.6568,0,0.8082,,0,0,0,1,0,1,2022-08-25 13:30:00+05:30,2022-08-25 13:35:00+05:30,2022-08-25 14:10:00+05:30,754.05,750.9339285714285,759.6589285714285,-3.1161,L
S961,AXISBANK,2022-08-26 09:15:00+05:30,,,0,,0.2395,21.87,0.0289,0,1.6899,,0,0,0,1,0,1,2022-08-26 09:15:00+05:30,2022-08-26 09:20:00+05:30,2022-08-26 15:00:00+05:30,749.05,740.9339285714285,763.6589285714286,-1.7,EOD-
S962,AXISBANK,2022-08-26 09:25:00+05:30,,,1,1.0,0.0366,33.33,9.4167,0,0.7229,,0,0,1,1,0,1,2022-08-26 09:25:00+05:30,2022-08-26 09:30:00+05:30,2022-08-26 15:00:00+05:30,749.35,741.1535714285715,764.1035714285715,-2.0,EOD-
S963,AXISBANK,2022-08-26 10:40:00+05:30,0.2011,0.1105,14,13.0,0.0112,86.11,3.0,0,0.4285,,0,1,1,1,0,1,2022-08-26 10:40:00+05:30,2022-08-26 10:45:00+05:30,2022-08-26 15:00:00+05:30,749.9,744.3107142857143,759.9607142857143,-5.5893,L
S964,AXISBANK,2022-08-26 11:05:00+05:30,0.0673,0.2392,0,,1.9771,26.92,-0.8324,0,1.374,1.0,3,1,0,0,3,4,2022-08-26 11:20:00+05:30,2022-08-26 11:25:00+05:30,2022-08-26 13:05:00+05:30,749.75,745.2232142857142,757.8982142857143,-4.5268,L
S965,AXISBANK,2022-08-26 11:35:00+05:30,-0.0727,-0.1177,1,1.0,0.623,6.9,0.2352,0,0.6462,,0,0,1,1,0,1,2022-08-26 11:35:00+05:30,2022-08-26 11:40:00+05:30,2022-08-26 13:05:00+05:30,749.55,745.3267857142856,757.1517857142858,-4.2232,L
S966,AXISBANK,2022-08-26 11:50:00+05:30,-0.04,-0.0727,1,1.0,0.1511,93.33,-0.8165,0,0.4822,1.0,2,0,1,0,2,3,2022-08-26 12:00:00+05:30,2022-08-26 12:05:00+05:30,2022-08-26 13:10:00+05:30,749.55,745.0410714285714,757.6660714285714,-4.5089,L
S967,AXISBANK,2022-08-26 12:15:00+05:30,-0.0541,-0.032,1,1.0,0.1792,70.0,-0.2126,0,0.712,1.0,1,1,0,0,1,2,2022-08-26 12:20:00+05:30,2022-08-26 12:25:00+05:30,2022-08-26 13:10:00+05:30,749.3,744.8714285714285,757.2714285714286,-4.4286,L
S968,AXISBANK,2022-08-26 12:30:00+05:30,-0.026,-0.0541,1,1.0,0.3218,96.55,-1.0,0,0.6364,0.0,1,0,0,0,1,2,2022-08-26 12:35:00+05:30,2022-08-26 12:40:00+05:30,2022-08-26 13:05:00+05:30,749.4,745.6321428571428,756.1821428571429,-3.7679,L
S969,AXISBANK,2022-08-26 13:45:00+05:30,-0.1281,-0.1227,0,,1.3711,50.0,-0.9257,0,1.8478,1.0,3,0,0,0,3,4,2022-08-26 14:00:00+05:30,2022-08-26 14:05:00+05:30,2022-08-26 15:00:00+05:30,747.8,744.1214285714285,754.4214285714286,-3.6786,L
S970,AXISBANK,2022-08-26 14:10:00+05:30,-0.0847,-0.1242,1,1.0,0.4912,38.46,-0.1156,0,1.2599,1.0,1,0,0,0,1,2,2022-08-26 14:15:00+05:30,2022-08-26 14:20:00+05:30,2022-08-26 15:00:00+05:30,747.75,744.0089285714286,754.4839285714286,-3.7411,L
S971,AXISBANK,2022-08-26 14:25:00+05:30,-0.0573,-0.0847,1,1.0,0.2774,40.0,0.6279,0,0.7266,,0,1,1,1,0,1,2022-08-26 14:25:00+05:30,2022-08-26 14:30:00+05:30,2022-08-26 15:00:00+05:30,746.8,742.925,753.7750000000001,-3.875,L
S972,AXISBANK,2022-08-29 10:45:00+05:30,-0.4721,-0.4747,0,,1.2831,21.88,-1.0,0,0.7416,1.0,3,1,0,0,3,4,2022-08-29 11:00:00+05:30,2022-08-29 11:05:00+05:30,2022-08-29 12:45:00+05:30,731.8,728.1125,738.4375,-3.6875,L
S973,AXISBANK,2022-08-29 11:20:00+05:30,-0.0024,-0.1733,0,,1.3055,35.56,-0.8151,0,0.8808,1.0,3,1,1,0,3,4,2022-08-29 11:35:00+05:30,2022-08-29 11:40:00+05:30,2022-08-29 12:05:00+05:30,731.75,728.6428571428571,737.3428571428572,-3.1071,L
S974,AXISBANK,2022-08-29 12:10:00+05:30,-0.0438,-0.0883,0,,1.3741,47.83,-0.8842,0,0.9668,0.0,3,0,1,0,3,4,2022-08-29 12:25:00+05:30,2022-08-29 12:30:00+05:30,2022-08-29 12:50:00+05:30,730.15,727.0071428571429,735.8071428571428,-3.1429,L
S975,AXISBANK,2022-08-29 13:20:00+05:30,-0.0868,-0.0867,0,,0.8404,100.0,-1.0,0,0.8406,1.0,3,0,1,0,3,4,2022-08-29 13:35:00+05:30,2022-08-29 13:40:00+05:30,2022-08-29 14:30:00+05:30,729.05,726.2464285714285,734.0964285714285,-2.8036,L
S976,AXISBANK,2022-08-29 14:10:00+05:30,0.0045,0.0103,6,5.0,0.2238,46.43,2.1915,0,1.0047,,0,0,0,1,0,1,2022-08-29 14:10:00+05:30,2022-08-29 14:15:00+05:30,2022-08-29 14:20:00+05:30,730.0,727.375,734.725,-2.625,L
S977,AXISBANK,2022-08-30 10:35:00+05:30,0.3548,0.4102,16,12.0,0.4688,40.0,-0.0135,0,0.8491,1.0,1,0,0,0,1,2,2022-08-30 10:40:00+05:30,2022-08-30 10:45:00+05:30,2022-08-30 12:45:00+05:30,738.5,735.5267857142857,743.8517857142857,5.3518,W
S978,AXISBANK,2022-08-30 10:50:00+05:30,0.3172,0.3548,0,,0.1848,55.56,-0.5294,0,1.9018,1.0,3,0,0,0,3,4,2022-08-30 11:05:00+05:30,2022-08-30 11:10:00+05:30,2022-08-30 12:55:00+05:30,740.4,737.525,745.5749999999999,5.175,W
S979,AXISBANK,2022-08-30 11:15:00+05:30,-0.0041,0.2022,1,1.0,0.3316,58.62,-0.6078,0,0.5222,0.0,1,0,1,0,1,2,2022-08-30 11:20:00+05:30,2022-08-30 11:25:00+05:30,2022-08-30 12:50:00+05:30,739.4,736.5160714285714,744.5910714285715,5.1911,W
S980,AXISBANK,2022-08-30 11:30:00+05:30,-0.0301,-0.0041,0,,0.1,0.0,4.9574,0,1.713,,0,0,0,1,0,1,2022-08-30 11:30:00+05:30,2022-08-30 11:35:00+05:30,2022-08-30 12:50:00+05:30,739.6,736.6625,744.8875,5.2875,W
S981,AXISBANK,2022-08-30 11:40:00+05:30,-0.0091,-0.02,0,,0.0955,89.66,0.3043,0,0.6161,,0,0,1,1,0,1,2022-08-30 11:40:00+05:30,2022-08-30 11:45:00+05:30,2022-08-30 12:55:00+05:30,740.35,737.3410714285715,745.7660714285715,5.4161,W
S982,AXISBANK,2022-08-30 13:45:00+05:30,0.1672,0.2188,24,4.0,0.2818,72.73,-0.1304,0,1.4755,,0,0,1,1,0,1,2022-08-30 13:45:00+05:30,2022-08-30 13:50:00+05:30,2022-08-30 15:00:00+05:30,745.35,741.7785714285715,751.7785714285715,0.8,EOD+
S983,AXISBANK,2022-08-30 14:10:00+05:30,0.0493,0.1242,0,,1.7871,15.62,-0.7653,0,1.7446,1.0,3,0,0,0,3,4,2022-08-30 14:25:00+05:30,2022-08-30 14:30:00+05:30,2022-08-30 15:00:00+05:30,745.65,741.775,752.625,0.5,EOD+
S984,AXISBANK,2022-09-01 09:15:00+05:30,,,0,,3.8108,76.61,-1.0,0,0.6845,0.0,2,0,1,0,2,3,2022-09-01 09:25:00+05:30,2022-09-01 09:30:00+05:30,2022-09-01 13:55:00+05:30,747.4,738.7928571428571,762.8928571428571,-8.6071,L
S985,AXISBANK,2022-09-01 10:35:00+05:30,0.1135,0.2896,12,5.0,0.0983,74.42,0.7391,0,0.5833,,0,0,0,1,0,1,2022-09-01 10:35:00+05:30,2022-09-01 10:40:00+05:30,2022-09-01 13:10:00+05:30,751.05,745.2017857142856,761.5767857142857,-5.8482,L
S986,AXISBANK,2022-09-01 11:00:00+05:30,0.1287,0.0083,3,1.0,0.1036,60.87,3.557,0,0.5532,,0,0,1,1,0,1,2022-09-01 11:00:00+05:30,2022-09-01 11:05:00+05:30,2022-09-01 11:55:00+05:30,752.7,747.9321428571428,761.2821428571431,-4.7679,L
S987,AXISBANK,2022-09-01 11:10:00+05:30,0.189,0.0772,0,,0.7117,52.63,-0.4161,0,0.686,,0,0,1,1,0,1,2022-09-01 11:10:00+05:30,2022-09-01 11:15:00+05:30,2022-09-01 11:55:00+05:30,752.85,748.0374999999999,761.5125000000002,-4.8125,L
S988,AXISBANK,2022-09-01 14:15:00+05:30,-0.3754,-0.3029,0,,2.79,37.5,-0.8177,0,2.3914,1.0,3,0,0,0,3,4,2022-09-01 14:30:00+05:30,2022-09-01 14:35:00+05:30,2022-09-01 15:00:00+05:30,743.9,738.2482142857143,754.0732142857142,-1.3,EOD-
S989,AXISBANK,2022-09-02 10:05:00+05:30,0.0366,0.1978,0,,1.2093,55.88,-0.9119,0,1.1631,1.0,3,1,1,0,3,4,2022-09-02 10:20:00+05:30,2022-09-02 10:25:00+05:30,2022-09-02 15:00:00+05:30,744.45,738.5839285714286,755.0089285714287,4.35,EOD+
S990,AXISBANK,2022-09-02 12:10:00+05:30,0.1365,0.1995,20,5.0,0.2599,8.82,3.6847,0,0.6174,,0,0,1,1,0,1,2022-09-02 12:10:00+05:30,2022-09-02 12:15:00+05:30,2022-09-02 14:00:00+05:30,748.3,745.6303571428571,753.1053571428572,4.8054,W
S991,AXISBANK,2022-09-02 13:35:00+05:30,0.0857,0.0961,16,3.0,0.1445,37.5,2.1429,0,1.0057,,0,1,0,1,0,1,2022-09-02 13:35:00+05:30,2022-09-02 13:40:00+05:30,2022-09-02 15:00:00+05:30,750.3,747.2732142857143,755.7482142857142,-1.5,EOD-
S992,AXISBANK,2022-09-02 13:45:00+05:30,0.075,0.089,0,,0.3356,50.0,-0.0184,0,0.7374,,0,0,0,1,0,1,2022-09-02 13:45:00+05:30,2022-09-02 13:50:00+05:30,2022-09-02 15:00:00+05:30,750.75,747.7142857142858,756.2142857142857,-1.95,EOD-
S993,AXISBANK,2022-09-05 09:15:00+05:30,,,0,,0.7283,62.82,-0.8649,0,2.0227,,0,0,1,1,0,1,2022-09-05 09:15:00+05:30,2022-09-05 09:20:00+05:30,2022-09-05 15:00:00+05:30,752.4,747.3196428571429,761.5446428571428,3.5,EOD+
S994,AXISBANK,2022-09-05 10:05:00+05:30,0.1115,0.1096,9,4.0,0.0431,2.86,14.0,0,0.592,,0,1,0,1,0,1,2022-09-05 10:05:00+05:30,2022-09-05 10:10:00+05:30,2022-09-05 15:00:00+05:30,754.75,748.9553571428571,765.1803571428571,1.15,EOD+
S995,AXISBANK,2022-09-05 10:25:00+05:30,0.1614,0.1208,3,2.0,0.3175,16.67,0.0879,0,0.2215,,0,1,0,1,0,1,2022-09-05 10:25:00+05:30,2022-09-05 10:30:00+05:30,2022-09-05 11:20:00+05:30,754.55,749.8446428571428,763.0196428571428,-4.7054,L
S996,AXISBANK,2022-09-05 11:25:00+05:30,-0.1785,-0.0633,0,,1.7581,55.17,-0.9794,0,1.2431,1.0,3,0,0,0,3,4,2022-09-05 11:40:00+05:30,2022-09-05 11:45:00+05:30,2022-09-05 15:00:00+05:30,753.35,749.8946428571429,759.5696428571429,2.55,EOD+
S997,AXISBANK,2022-09-05 11:55:00+05:30,-0.0528,-0.1261,2,2.0,0.1746,65.22,0.3861,0,0.7757,,0,1,0,1,0,1,2022-09-05 11:55:00+05:30,2022-09-05 12:00:00+05:30,2022-09-05 15:00:00+05:30,753.05,749.4339285714285,759.5589285714285,2.85,EOD+
S998,AXISBANK,2022-09-05 12:05:00+05:30,-0.0389,-0.0654,0,,0.0931,50.0,0.5385,0,0.8999,,0,1,0,1,0,1,2022-09-05 12:05:00+05:30,2022-09-05 12:10:00+05:30,2022-09-05 15:00:00+05:30,753.4,749.9089285714285,759.6839285714286,2.5,EOD+
S999,AXISBANK,2022-09-05 13:10:00+05:30,0.1382,0.1389,12,5.0,0.5914,14.81,0.1429,0,1.1089,,0,0,0,1,0,1,2022-09-05 13:10:00+05:30,2022-09-05 13:15:00+05:30,2022-09-05 15:00:00+05:30,754.65,752.0607142857142,759.3107142857143,1.25,EOD+
S1000,AXISBANK,2022-09-05 13:20:00+05:30,0.103,0.1508,0,,0.3477,8.33,0.2162,0,0.5113,,0,0,1,1,0,1,2022-09-05 13:20:00+05:30,2022-09-05 13:25:00+05:30,2022-09-05 15:00:00+05:30,754.95,752.2892857142857,759.7392857142858,0.95,EOD+
S1001,AXISBANK,2022-09-05 13:35:00+05:30,0.0794,0.103,1,1.0,0.2341,60.87,0.5238,0,0.5548,,0,1,0,1,0,1,2022-09-05 13:35:00+05:30,2022-09-05 13:40:00+05:30,2022-09-05 15:00:00+05:30,755.45,752.6464285714286,760.4964285714286,0.45,EOD+
S1002,AXISBANK,2022-09-05 13:45:00+05:30,0.0725,0.0788,0,,0.7614,72.22,-0.7118,0,0.5477,,0,0,0,1,0,1,2022-09-05 13:45:00+05:30,2022-09-05 13:50:00+05:30,2022-09-05 15:00:00+05:30,755.45,752.6017857142857,760.5767857142858,0.45,EOD+
S1003,AXISBANK,2022-09-05 13:55:00+05:30,0.0582,0.0688,0,,0.3455,3.12,-0.0909,0,0.9554,,0,0,0,1,0,1,2022-09-05 13:55:00+05:30,2022-09-05 14:00:00+05:30,2022-09-05 15:00:00+05:30,755.55,752.7642857142856,760.5642857142857,0.35,EOD+
S1004,AXISBANK,2022-09-05 14:15:00+05:30,0.0205,0.0506,2,2.0,0.1847,22.22,1.716,0,1.3905,,0,1,1,1,0,1,2022-09-05 14:15:00+05:30,2022-09-05 14:20:00+05:30,2022-09-05 15:00:00+05:30,756.05,753.3089285714285,760.9839285714286,-0.15,EOD-
S1005,AXISBANK,2022-09-06 09:30:00+05:30,,,3,3.0,0.1151,56.82,3.3836,0,1.0737,,0,0,0,1,0,1,2022-09-06 09:30:00+05:30,2022-09-06 09:35:00+05:30,2022-09-06 14:15:00+05:30,757.25,753.2857142857142,764.3857142857144,-3.9643,L
S1006,AXISBANK,2022-09-06 09:40:00+05:30,0.0568,,0,,0.4229,58.06,-0.6622,0,2.7272,,0,1,0,1,0,1,2022-09-06 09:40:00+05:30,2022-09-06 09:45:00+05:30,2022-09-06 14:15:00+05:30,757.15,752.775,765.025,-4.375,L
S1007,AXISBANK,2022-09-06 09:50:00+05:30,0.0168,,0,,0.3301,23.81,0.0788,0,0.1648,,0,1,1,1,0,1,2022-09-06 09:50:00+05:30,2022-09-06 09:55:00+05:30,2022-09-06 14:20:00+05:30,756.85,752.2875,765.0625,-4.5625,L
S1008,AXISBANK,2022-09-06 10:00:00+05:30,0.0211,0.0334,0,,0.1048,27.78,1.5641,0,0.3125,,0,1,0,1,0,1,2022-09-06 10:00:00+05:30,2022-09-06 10:05:00+05:30,2022-09-06 14:20:00+05:30,757.15,752.4982142857142,765.5232142857143,-4.6518,L
S1009,AXISBANK,2022-09-06 10:45:00+05:30,-0.0463,-0.0301,0,,1.6804,15.79,-0.7564,0,0.5764,0.0,3,1,0,0,3,4,2022-09-06 11:00:00+05:30,2022-09-06 11:05:00+05:30,2022-09-06 13:45:00+05:30,756.8,753.7464285714285,762.2964285714285,-3.0536,L
S1010,AXISBANK,2022-09-07 09:50:00+05:30,-0.3741,,0,,1.918,73.91,-0.9414,0,0.6857,0.0,3,0,1,0,3,4,2022-09-07 10:05:00+05:30,2022-09-07 10:10:00+05:30,2022-09-07 15:00:00+05:30,748.0,742.4375,758.0125,5.8,EOD+
S1011,AXISBANK,2022-09-07 11:30:00+05:30,0.2472,0.2108,16,9.0,0.2132,64.52,1.4691,0,1.0713,,0,0,0,1,0,1,2022-09-07 11:30:00+05:30,2022-09-07 11:35:00+05:30,2022-09-07 12:55:00+05:30,750.55,748.175,754.8249999999999,4.275,W
S1012,AXISBANK,2022-09-07 12:45:00+05:30,0.1028,0.1022,14,6.0,0.2208,69.23,0.4634,0,1.2328,,0,0,0,1,0,1,2022-09-07 12:45:00+05:30,2022-09-07 12:50:00+05:30,2022-09-07 13:15:00+05:30,751.85,749.5285714285715,756.0285714285715,4.1786,W
S1013,AXISBANK,2022-09-08 11:05:00+05:30,0.157,0.2528,22,18.0,0.547,40.0,-0.0476,0,0.5667,,0,1,1,1,0,1,2022-09-08 11:05:00+05:30,2022-09-08 11:10:00+05:30,2022-09-08 11:40:00+05:30,763.1,761.1803571428571,766.5553571428571,3.4554,W
S1014,AXISBANK,2022-09-08 11:15:00+05:30,0.0551,0.1862,1,1.0,0.1588,60.0,0.2245,0,0.5956,,0,0,1,1,0,1,2022-09-08 11:15:00+05:30,2022-09-08 11:20:00+05:30,2022-09-08 11:40:00+05:30,762.75,760.8214285714286,766.2214285714285,3.4714,W
S1015,AXISBANK,2022-09-08 13:00:00+05:30,0.2879,0.3381,19,9.0,0.2267,8.82,1.4818,0,0.8208,,0,1,0,1,0,1,2022-09-08 13:00:00+05:30,2022-09-08 13:05:00+05:30,2022-09-08 14:35:00+05:30,771.6,767.8232142857144,778.3982142857143,6.7982,W
S1016,AXISBANK,2022-09-08 13:45:00+05:30,0.0133,0.1724,0,,1.3185,15.38,-0.6513,0,0.8127,1.0,3,0,1,0,3,4,2022-09-08 14:00:00+05:30,2022-09-08 14:05:00+05:30,2022-09-08 14:30:00+05:30,772.55,769.5589285714285,777.9339285714285,5.3839,W
S1017,AXISBANK,2022-09-08 14:10:00+05:30,-0.0761,-0.069,0,,0.4412,36.36,0.1224,0,1.2961,,0,0,0,1,0,1,2022-09-08 14:10:00+05:30,2022-09-08 14:15:00+05:30,2022-09-08 14:30:00+05:30,772.05,769.2732142857142,777.0482142857143,4.9982,W
S1018,AXISBANK,2022-09-09 10:15:00+05:30,0.2071,0.3137,12,12.0,0.0056,38.89,75.0,0,0.4846,,0,0,0,1,0,1,2022-09-09 10:15:00+05:30,2022-09-09 10:20:00+05:30,2022-09-09 15:00:00+05:30,785.1,779.5642857142857,795.0642857142858,0.35,EOD+
S1019,AXISBANK,2022-09-09 11:30:00+05:30,-0.0854,-0.0755,0,,0.9432,70.37,-0.7758,0,1.7933,1.0,3,0,0,0,3,4,2022-09-09 11:45:00+05:30,2022-09-09 11:50:00+05:30,2022-09-09 12:05:00+05:30,784.05,781.0946428571428,789.3696428571428,-2.9554,L
S1020,AXISBANK,2022-09-09 12:20:00+05:30,-0.09,-0.0673,0,,0.7427,92.31,-1.0,0,1.0596,1.0,3,0,1,0,3,4,2022-09-09 12:35:00+05:30,2022-09-09 12:40:00+05:30,2022-09-09 15:00:00+05:30,783.35,779.6892857142857,789.9392857142858,2.1,EOD+
S1021,AXISBANK,2022-09-09 13:15:00+05:30,-0.0125,0.0549,0,,1.0324,30.0,-0.7482,0,0.935,1.0,3,0,0,0,3,4,2022-09-09 13:30:00+05:30,2022-09-09 13:35:00+05:30,2022-09-09 15:00:00+05:30,782.8,779.4339285714285,788.8589285714286,2.65,EOD+
S1022,AXISBANK,2022-09-09 13:40:00+05:30,-0.0316,-0.054,0,,1.2902,34.37,-0.4142,0,0.8411,0.0,1,1,1,0,1,2,2022-09-09 13:45:00+05:30,2022-09-09 13:50:00+05:30,2022-09-09 15:00:00+05:30,783.5,780.0267857142858,789.7517857142857,1.95,EOD+
S1023,AXISBANK,2022-09-09 13:55:00+05:30,0.016,-0.0316,0,,0.1839,33.33,-0.5918,0,0.7791,,0,1,1,1,0,1,2022-09-09 13:55:00+05:30,2022-09-09 14:00:00+05:30,2022-09-09 15:00:00+05:30,783.0,779.6696428571429,788.9946428571428,2.45,EOD+
S1024,AXISBANK,2022-09-09 14:10:00+05:30,0.0153,0.016,0,,0.6814,20.83,-0.4536,0,1.0674,1.0,3,0,0,0,3,4,2022-09-09 14:25:00+05:30,2022-09-09 14:30:00+05:30,2022-09-09 15:00:00+05:30,783.3,779.9428571428571,789.342857142857,2.15,EOD+
S1025,AXISBANK,2022-09-13 11:35:00+05:30,-0.0214,0.0071,0,,1.6664,9.09,-0.7358,0,1.5576,1.0,3,0,0,0,3,4,2022-09-13 11:50:00+05:30,2022-09-13 11:55:00+05:30,2022-09-13 15:00:00+05:30,806.5,803.6607142857142,811.6107142857144,-1.2,EOD-
S1026,AXISBANK,2022-09-13 12:00:00+05:30,-0.0599,-0.045,0,,0.1729,5.0,2.0952,0,0.4907,,0,0,1,1,0,1,2022-09-13 12:00:00+05:30,2022-09-13 12:05:00+05:30,2022-09-13 15:00:00+05:30,806.55,803.5142857142856,812.0142857142857,-1.25,EOD-
S1027,AXISBANK,2022-09-13 12:35:00+05:30,0.0124,-0.0025,6,5.0,0.4724,77.78,-0.4495,0,0.7942,0.0,1,0,1,0,1,2,2022-09-13 12:40:00+05:30,2022-09-13 12:45:00+05:30,2022-09-13 15:00:00+05:30,806.3,803.4160714285714,811.4910714285713,-1.0,EOD-
S1028,AXISBANK,2022-09-13 13:30:00+05:30,-0.0236,-0.0115,0,,1.1733,38.46,-0.9242,0,1.4619,1.0,3,0,1,0,3,4,2022-09-13 13:45:00+05:30,2022-09-13 13:50:00+05:30,2022-09-13 15:00:00+05:30,805.8,802.9875,810.8625,-0.5,EOD-
S1029,AXISBANK,2022-09-13 13:55:00+05:30,-0.0394,-0.0382,0,,0.3726,44.19,-0.558,0,3.3791,,0,0,0,1,0,1,2022-09-13 13:55:00+05:30,2022-09-13 14:00:00+05:30,2022-09-13 15:00:00+05:30,806.35,803.3142857142857,811.8142857142857,-1.05,EOD-
S1030,AXISBANK,2022-09-13 14:10:00+05:30,-0.0289,-0.0394,2,2.0,0.2828,31.43,1.1583,0,0.6501,,0,0,1,1,0,1,2022-09-13 14:10:00+05:30,2022-09-13 14:15:00+05:30,2022-09-13 15:00:00+05:30,805.95,802.8785714285715,811.4785714285715,-0.65,EOD-
S1031,AXISBANK,2022-09-13 14:20:00+05:30,-0.027,-0.0295,0,,0.5925,36.0,-0.8089,0,1.4533,0.0,1,1,0,0,1,2,2022-09-13 14:25:00+05:30,2022-09-13 14:30:00+05:30,2022-09-13 15:00:00+05:30,806.15,802.8375,812.1125,-0.85,EOD-
S1032,AXISBANK,2022-09-14 10:40:00+05:30,-0.2887,-0.291,0,,1.8889,65.0,-0.9832,0,0.6659,1.0,3,0,1,0,3,4,2022-09-14 10:55:00+05:30,2022-09-14 11:00:00+05:30,2022-09-14 12:30:00+05:30,799.55,795.6125,806.6374999999999,7.0875,W
S1033,AXISBANK,2022-09-14 13:50:00+05:30,0.1526,0.2113,0,,1.0693,55.26,-0.7423,0,0.7693,0.0,3,1,1,0,3,4,2022-09-14 14:05:00+05:30,2022-09-14 14:10:00+05:30,2022-09-14 15:00:00+05:30,808.3,803.7642857142856,816.4642857142857,-0.7,EOD-
S1034,AXISBANK,2022-09-15 12:10:00+05:30,-0.1863,-0.1541,0,,1.499,29.17,-0.8058,0,0.4186,0.0,3,1,1,0,3,4,2022-09-15 12:25:00+05:30,2022-09-15 12:30:00+05:30,2022-09-15 15:00:00+05:30,794.25,789.9553571428571,801.9803571428571,-1.7,EOD-
S1035,AXISBANK,2022-09-15 12:50:00+05:30,0.0054,-0.0687,0,,1.147,8.33,-0.3536,0,1.7352,1.0,3,1,0,0,3,4,2022-09-15 13:05:00+05:30,2022-09-15 13:10:00+05:30,2022-09-15 13:25:00+05:30,796.9,794.0339285714285,802.0589285714285,-2.8661,L
S1036,AXISBANK,2022-09-15 13:25:00+05:30,0.0387,0.0063,3,3.0,0.3119,47.27,2.1522,0,1.2558,,0,0,0,1,0,1,2022-09-15 13:25:00+05:30,2022-09-15 13:30:00+05:30,2022-09-15 15:00:00+05:30,795.05,791.3625,801.6875,-3.6875,L
S1037,AXISBANK,2022-09-15 13:35:00+05:30,0.0422,0.0189,0,,0.7647,33.33,-0.3235,0,1.6613,1.0,1,0,0,0,1,2,2022-09-15 13:40:00+05:30,2022-09-15 13:45:00+05:30,2022-09-15 15:00:00+05:30,794.15,790.2839285714285,801.1089285714286,-1.6,EOD-
S1038,AXISBANK,2022-09-15 13:50:00+05:30,0.0544,0.0422,0,,0.6256,82.0,-0.5881,0,0.9204,,0,0,0,1,0,1,2022-09-15 13:50:00+05:30,2022-09-15 13:55:00+05:30,2022-09-15 15:00:00+05:30,795.95,791.5839285714286,803.8089285714286,-4.3661,L
S1039,AXISBANK,2022-09-15 14:00:00+05:30,0.0648,0.0431,0,,0.4727,66.67,-0.233,0,0.831,0.0,2,0,0,0,2,3,2022-09-15 14:10:00+05:30,2022-09-15 14:15:00+05:30,2022-09-15 15:00:00+05:30,794.95,790.4678571428572,803.0178571428572,-2.4,EOD-
S1040,AXISBANK,2022-09-16 10:10:00+05:30,-0.6065,-0.5843,0,,2.5332,81.48,-0.9849,0,0.6191,1.0,3,1,1,0,3,4,2022-09-16 10:25:00+05:30,2022-09-16 10:30:00+05:30,2022-09-16 15:00:00+05:30,783.5,776.9642857142857,795.2642857142858,2.65,EOD+
S1041,AXISBANK,2022-09-16 12:05:00+05:30,0.1632,0.2884,0,,1.8285,37.04,-0.9807,0,0.6022,0.0,3,1,1,0,3,4,2022-09-16 12:20:00+05:30,2022-09-16 12:25:00+05:30,2022-09-16 13:15:00+05:30,786.1,782.5553571428571,792.4803571428572,-3.5446,L
S1042,AXISBANK,2022-09-16 12:30:00+05:30,-0.0,0.0341,0,,0.2959,67.11,-0.2893,0,1.0674,,0,0,1,1,0,1,2022-09-16 12:30:00+05:30,2022-09-16 12:35:00+05:30,2022-09-16 12:55:00+05:30,788.05,783.8892857142857,795.5392857142856,-4.1607,L
S1043,AXISBANK,2022-09-16 12:40:00+05:30,0.0019,-0.0051,1,1.0,0.2772,10.71,1.2449,0,0.4251,,0,0,1,1,0,1,2022-09-16 12:40:00+05:30,2022-09-16 12:45:00+05:30,2022-09-16 13:15:00+05:30,786.2,781.7803571428572,794.1553571428572,-4.4196,L
S1044,AXISBANK,2022-09-16 12:50:00+05:30,-0.0137,0.0121,0,,0.6623,73.53,-0.8374,0,0.4156,0.0,1,0,0,0,1,2,2022-09-16 12:55:00+05:30,2022-09-16 13:00:00+05:30,2022-09-16 13:15:00+05:30,785.6,780.9571428571429,793.9571428571428,-4.6429,L
S1045,AXISBANK,2022-09-16 14:10:00+05:30,-0.1702,-0.0692,0,,2.0403,4.88,-0.7832,0,1.2741,1.0,3,0,1,0,3,4,2022-09-16 14:25:00+05:30,2022-09-16 14:30:00+05:30,2022-09-16 15:00:00+05:30,782.35,776.6982142857144,792.5232142857143,3.8,EOD+
S1046,AXISBANK,2022-09-19 10:50:00+05:30,0.265,0.3324,19,6.0,0.113,50.0,-1.0,0,0.4096,,0,0,1,1,0,1,2022-09-19 10:50:00+05:30,2022-09-19 10:55:00+05:30,2022-09-19 15:00:00+05:30,797.65,792.5071428571429,806.9071428571428,-1.45,EOD-
S1047,AXISBANK,2022-09-19 11:20:00+05:30,0.1196,0.2187,0,,0.6267,47.37,-1.0,0,0.5325,1.0,3,1,1,0,3,4,2022-09-19 11:35:00+05:30,2022-09-19 11:40:00+05:30,2022-09-19 15:00:00+05:30,798.45,794.2714285714286,805.9714285714286,-2.25,EOD-
S1048,AXISBANK,2022-09-19 11:45:00+05:30,-0.0166,0.0232,0,,0.4874,33.33,-0.5489,0,0.8784,,0,1,0,1,0,1,2022-09-19 11:45:00+05:30,2022-09-19 11:50:00+05:30,2022-09-19 13:25:00+05:30,798.25,794.8392857142858,804.3892857142857,-3.4107,L
S1049,AXISBANK,2022-09-19 11:55:00+05:30,-0.0257,-0.0038,0,,0.7601,89.29,-0.9012,0,0.43,,0,0,1,1,0,1,2022-09-19 11:55:00+05:30,2022-09-19 12:00:00+05:30,2022-09-19 13:20:00+05:30,798.35,795.0196428571429,804.3446428571428,-3.3304,L
S1050,AXISBANK,2022-09-19 12:10:00+05:30,-0.0169,-0.0257,1,1.0,0.0228,73.68,5.6667,0,0.6836,,0,1,1,1,0,1,2022-09-19 12:10:00+05:30,2022-09-19 12:15:00+05:30,2022-09-19 13:25:00+05:30,798.25,794.9642857142858,804.1642857142857,-3.2857,L
S1051,AXISBANK,2022-09-19 12:30:00+05:30,0.0175,0.0009,3,3.0,0.2226,70.0,-1.0,0,1.7015,1.0,1,1,0,0,1,2,2022-09-19 12:35:00+05:30,2022-09-19 12:40:00+05:30,2022-09-19 13:20:00+05:30,798.55,795.4339285714285,804.1589285714285,-3.1161,L
S1052,AXISBANK,2022-09-19 13:25:00+05:30,-0.0476,-0.0072,0,,2.3296,28.57,-0.8869,0,0.6043,0.0,3,0,1,0,3,4,2022-09-19 13:40:00+05:30,2022-09-19 13:45:00+05:30,2022-09-19 15:00:00+05:30,798.0,794.6785714285714,803.9785714285714,-3.3214,L
S1053,AXISBANK,2022-09-20 10:50:00+05:30,0.4191,0.5052,19,13.0,1.6367,71.79,-0.776,0,0.7207,0.0,3,1,0,0,3,4,2022-09-20 11:05:00+05:30,2022-09-20 11:10:00+05:30,2022-09-20 15:00:00+05:30,813.4,809.65,820.15,0.6,EOD+
S1054,AXISBANK,2022-09-20 11:15:00+05:30,0.0363,0.2535,0,,0.0778,0.0,0.0,0,1.1614,1.0,1,0,0,0,1,2,2022-09-20 11:20:00+05:30,2022-09-20 11:25:00+05:30,2022-09-20 15:00:00+05:30,812.95,809.7357142857143,818.7357142857144,1.05,EOD+
S1055,AXISBANK,2022-09-20 11:30:00+05:30,-0.0071,0.0363,0,,0.7866,15.38,0.1905,0,1.7463,,0,0,0,1,0,1,2022-09-20 11:30:00+05:30,2022-09-20 11:35:00+05:30,2022-09-20 15:00:00+05:30,812.8,810.1303571428571,817.6053571428571,1.2,EOD+
S1056,AXISBANK,2022-09-20 11:50:00+05:30,0.0169,0.0003,2,2.0,0.5576,32.0,0.0213,0,0.9468,,0,0,1,1,0,1,2022-09-20 11:50:00+05:30,2022-09-20 11:55:00+05:30,2022-09-20 15:00:00+05:30,812.75,810.1160714285714,817.4910714285714,1.25,EOD+
S1057,AXISBANK,2022-09-20 12:00:00+05:30,0.0108,0.0028,0,,0.1015,90.48,0.0526,0,0.6965,,0,0,1,1,0,1,2022-09-20 12:00:00+05:30,2022-09-20 12:05:00+05:30,2022-09-20 15:00:00+05:30,813.75,811.4107142857142,817.9607142857143,0.25,EOD+
S1058,AXISBANK,2022-09-20 13:15:00+05:30,0.0635,0.0636,13,8.0,0.3916,15.38,1.4658,0,0.8509,,0,1,0,1,0,1,2022-09-20 13:15:00+05:30,2022-09-20 13:20:00+05:30,2022-09-20 13:25:00+05:30,815.1,812.7696428571429,819.2946428571429,-2.3304,L
S1059,AXISBANK,2022-09-20 14:10:00+05:30,-0.0215,0.0,0,,1.2917,25.0,-0.4839,0,2.3024,1.0,3,0,0,0,3,4,2022-09-20 14:25:00+05:30,2022-09-20 14:30:00+05:30,2022-09-20 15:00:00+05:30,814.6,812.35,818.65,-2.25,L
S1060,AXISBANK,2022-09-21 09:15:00+05:30,,,0,,3.919,6.14,-0.7378,0,0.9614,0.0,2,0,0,0,2,3,2022-09-21 09:25:00+05:30,2022-09-21 09:30:00+05:30,2022-09-21 09:45:00+05:30,813.05,809.1571428571428,820.0571428571428,-3.8929,L
S1061,AXISBANK,2022-09-21 09:55:00+05:30,-0.1185,-0.0664,0,,1.3842,29.03,-0.8773,0,0.5451,1.0,3,0,1,0,3,4,2022-09-21 10:10:00+05:30,2022-09-21 10:15:00+05:30,2022-09-21 12:25:00+05:30,811.75,806.5982142857142,821.0232142857143,-5.1518,L
S1062,AXISBANK,2022-09-21 10:20:00+05:30,-0.0863,-0.1361,0,,0.2966,63.89,-0.2337,0,0.2909,,0,1,1,1,0,1,2022-09-21 10:20:00+05:30,2022-09-21 10:25:00+05:30,2022-09-21 12:25:00+05:30,812.5,807.0,822.4000000000001,-5.5,L
S1063,AXISBANK,2022-09-21 11:30:00+05:30,0.0775,0.0637,13,11.0,0.531,27.78,-0.1608,0,1.0572,1.0,1,1,0,0,1,2,2022-09-21 11:35:00+05:30,2022-09-21 11:40:00+05:30,2022-09-21 11:55:00+05:30,813.0,809.6339285714286,819.0589285714285,-3.3661,L
S1064,AXISBANK,2022-09-21 13:20:00+05:30,-0.1497,-0.1449,0,,0.6385,0.0,-0.5663,0,0.7548,1.0,3,0,1,0,3,4,2022-09-21 13:35:00+05:30,2022-09-21 13:40:00+05:30,2022-09-21 15:00:00+05:30,808.4,804.3375,815.7125,-1.0,EOD-
S1065,AXISBANK,2022-09-21 14:15:00+05:30,0.0751,0.047,7,5.0,0.2262,16.67,1.4818,0,0.7529,,0,0,1,1,0,1,2022-09-21 14:15:00+05:30,2022-09-21 14:20:00+05:30,2022-09-21 15:00:00+05:30,809.6,805.8142857142858,816.4142857142857,-2.2,EOD-
S1066,AXISBANK,2022-09-22 09:15:00+05:30,,,0,,3.2953,19.23,-0.4542,0,1.6676,0.0,1,1,0,0,1,2,2022-09-22 09:20:00+05:30,2022-09-22 09:25:00+05:30,2022-09-22 09:45:00+05:30,808.15,803.6321428571429,816.2821428571428,-4.5179,L
S1067,AXISBANK,2022-09-22 09:30:00+05:30,,,0,,0.4797,14.29,0.1082,0,0.5096,,0,0,0,1,0,1,2022-09-22 09:30:00+05:30,2022-09-22 09:35:00+05:30,2022-09-22 10:05:00+05:30,807.75,802.8125,816.6374999999999,-4.9375,L
S1068,AXISBANK,2022-09-22 13:00:00+05:30,-0.2377,-0.3007,0,,1.1891,85.71,-0.9573,0,1.2965,1.0,3,0,1,0,3,4,2022-09-22 13:15:00+05:30,2022-09-22 13:20:00+05:30,2022-09-22 15:00:00+05:30,790.1,785.1803571428571,798.9553571428572,-1.8,EOD-
S1069,AXISBANK,2022-09-23 11:10:00+05:30,-0.3132,-0.5422,0,,0.4883,17.65,-0.4822,0,0.9154,1.0,3,0,0,0,3,4,2022-09-23 11:25:00+05:30,2022-09-23 11:30:00+05:30,2022-09-23 12:15:00+05:30,771.55,767.5946428571428,778.6696428571428,-3.9554,L
S1070,AXISBANK,2022-09-23 11:35:00+05:30,-0.084,-0.1656,0,,1.1638,27.27,-0.791,0,0.6089,0.0,2,1,1,0,2,3,2022-09-23 11:45:00+05:30,2022-09-23 11:50:00+05:30,2022-09-23 12:15:00+05:30,771.8,768.2017857142856,778.2767857142858,-3.5982,L
S1071,AXISBANK,2022-09-23 12:05:00+05:30,0.0165,-0.0746,3,2.0,0.1156,18.18,0.0909,0,0.7209,,0,0,1,1,0,1,2022-09-23 12:05:00+05:30,2022-09-23 12:10:00+05:30,2022-09-23 12:15:00+05:30,771.2,768.2267857142857,776.5517857142859,-2.9732,L
S1072,AXISBANK,2022-09-23 13:00:00+05:30,-0.1268,-0.1283,0,,1.2624,5.26,-0.6647,0,1.0662,1.0,3,1,0,0,3,4,2022-09-23 13:15:00+05:30,2022-09-23 13:20:00+05:30,2022-09-23 13:40:00+05:30,769.0,764.8660714285714,776.4410714285714,-4.1339,L
S1073,AXISBANK,2022-09-23 13:55:00+05:30,-0.1313,-0.1531,0,,1.0311,70.83,-0.7906,0,0.7682,1.0,3,0,0,0,3,4,2022-09-23 14:10:00+05:30,2022-09-23 14:15:00+05:30,2022-09-23 15:00:00+05:30,767.55,764.0767857142856,773.8017857142858,0.45,EOD+
S1074,AXISBANK,2022-09-23 14:20:00+05:30,-0.0108,-0.0743,0,,0.3073,4.76,0.0,0,1.1989,1.0,1,0,0,0,1,2,2022-09-23 14:25:00+05:30,2022-09-23 14:30:00+05:30,2022-09-23 15:00:00+05:30,767.15,763.4892857142856,773.7392857142858,0.85,EOD+
S1075,AXISBANK,2022-09-26 11:50:00+05:30,-0.2379,-0.166,0,,0.9325,66.67,-0.92,0,1.5158,1.0,3,1,0,0,3,4,2022-09-26 12:05:00+05:30,2022-09-26 12:10:00+05:30,2022-09-26 15:00:00+05:30,749.1,744.0732142857142,758.1482142857144,-5.0268,L
S1076,AXISBANK,2022-09-26 12:25:00+05:30,-0.0188,-0.1524,3,2.0,0.1259,65.22,1.8571,0,3.2606,,0,1,0,1,0,1,2022-09-26 12:25:00+05:30,2022-09-26 12:30:00+05:30,2022-09-26 15:00:00+05:30,746.8,742.2821428571428,754.9321428571428,-4.5179,L
S1077,AXISBANK,2022-09-26 12:35:00+05:30,0.0013,-0.0405,1,1.0,0.3682,51.72,0.1565,0,0.7752,,0,0,0,1,0,1,2022-09-26 12:35:00+05:30,2022-09-26 12:40:00+05:30,2022-09-26 15:00:00+05:30,748.05,743.0589285714285,757.0339285714285,-4.9911,L
S1078,AXISBANK,2022-09-26 14:05:00+05:30,-0.0816,-0.0381,0,,1.7528,34.62,-0.6771,0,1.9322,1.0,3,1,0,0,3,4,2022-09-26 14:20:00+05:30,2022-09-26 14:25:00+05:30,2022-09-26 14:45:00+05:30,750.5,747.1875,756.4625,-3.3125,L
S1079,AXISBANK,2022-09-26 14:30:00+05:30,-0.0013,-0.0371,1,1.0,0.2809,45.31,0.8378,0,1.2035,,0,1,0,1,0,1,2022-09-26 14:30:00+05:30,2022-09-26 14:35:00+05:30,2022-09-26 15:00:00+05:30,748.35,744.2339285714286,755.7589285714286,-4.1161,L
S1080,AXISBANK,2022-09-27 09:15:00+05:30,,,0,,0.1799,74.71,0.6867,0,2.3216,,0,0,0,1,0,1,2022-09-27 09:15:00+05:30,2022-09-27 09:20:00+05:30,2022-09-27 10:20:00+05:30,749.55,743.7821428571428,759.9321428571428,-5.7679,L
S1081,AXISBANK,2022-09-27 09:25:00+05:30,,,1,1.0,0.1506,24.14,6.0199,0,1.6725,,0,0,0,1,0,1,2022-09-27 09:25:00+05:30,2022-09-27 09:30:00+05:30,2022-09-27 10:20:00+05:30,749.6,743.3321428571429,760.8821428571429,-6.2679,L
S1082,AXISBANK,2022-09-27 10:10:00+05:30,0.0191,0.0405,8,8.0,0.1521,3.57,0.7526,0,0.3436,,0,0,1,1,0,1,2022-09-27 10:10:00+05:30,2022-09-27 10:15:00+05:30,2022-09-27 11:00:00+05:30,747.5,739.5267857142857,761.8517857142857,-7.9732,L
S1083,AXISBANK,2022-09-27 11:45:00+05:30,-0.3853,-0.4552,0,,1.8688,88.24,-0.9656,0,0.7281,0.0,3,0,1,0,3,4,2022-09-27 12:00:00+05:30,2022-09-27 12:05:00+05:30,2022-09-27 12:40:00+05:30,740.35,734.5107142857142,750.8607142857144,-5.8393,L
S1084,AXISBANK,2022-09-27 12:10:00+05:30,-0.2032,-0.332,0,,0.0696,78.33,0.5385,0,0.6663,,0,0,1,1,0,1,2022-09-27 12:10:00+05:30,2022-09-27 12:15:00+05:30,2022-09-27 12:40:00+05:30,739.55,733.7107142857142,750.0607142857143,-5.8393,L
S1085,AXISBANK,2022-09-27 12:40:00+05:30,-0.2122,-0.2388,0,,2.1994,83.53,-0.9557,0,1.2489,1.0,3,0,0,0,3,4,2022-09-27 12:55:00+05:30,2022-09-27 13:00:00+05:30,2022-09-27 15:00:00+05:30,738.1,731.6892857142857,749.6392857142857,-3.5,EOD-
S1086,AXISBANK,2022-09-27 13:05:00+05:30,-0.0159,-0.138,0,,0.2773,40.48,-0.8706,0,0.7584,,0,0,0,1,0,1,2022-09-27 13:05:00+05:30,2022-09-27 13:10:00+05:30,2022-09-27 15:00:00+05:30,737.45,730.4857142857143,749.9857142857145,-2.85,EOD-
S1087,AXISBANK,2022-09-27 13:25:00+05:30,0.0075,0.0166,2,1.0,0.2765,61.9,0.1321,0,0.599,,0,0,1,1,0,1,2022-09-27 13:25:00+05:30,2022-09-27 13:30:00+05:30,2022-09-27 15:00:00+05:30,737.25,731.2589285714286,748.0339285714286,-2.65,EOD-
S1088,AXISBANK,2022-09-27 13:35:00+05:30,-0.0034,0.02,0,,0.5065,2.22,0.6,0,0.6501,,0,1,0,1,0,1,2022-09-27 13:35:00+05:30,2022-09-27 13:40:00+05:30,2022-09-27 15:00:00+05:30,738.25,732.0803571428571,749.3553571428572,-3.65,EOD-
S1089,AXISBANK,2022-09-28 10:55:00+05:30,-0.3828,-0.3234,0,,0.7982,56.0,-0.9054,0,0.591,1.0,3,0,1,0,3,4,2022-09-28 11:10:00+05:30,2022-09-28 11:15:00+05:30,2022-09-28 14:05:00+05:30,728.5,723.5357142857142,737.4357142857143,-4.9643,L
S1090,AXISBANK,2022-09-28 11:20:00+05:30,-0.024,-0.2414,0,,0.3976,48.65,-0.507,0,0.6949,,0,0,0,1,0,1,2022-09-28 11:20:00+05:30,2022-09-28 11:25:00+05:30,2022-09-28 14:05:00+05:30,728.6,724.1357142857142,736.6357142857144,-4.4643,L
S1091,AXISBANK,2022-09-28 11:45:00+05:30,-0.0615,-0.0034,3,3.0,0.9211,73.68,-0.808,0,1.8018,0.0,1,0,1,0,1,2,2022-09-28 11:50:00+05:30,2022-09-28 11:55:00+05:30,2022-09-28 14:05:00+05:30,729.05,724.8089285714285,736.6839285714285,-4.2411,L
S1092,AXISBANK,2022-09-28 12:15:00+05:30,0.1033,-0.0192,4,4.0,0.7797,61.19,-0.2782,0,0.9216,0.0,3,0,0,0,3,4,2022-09-28 12:30:00+05:30,2022-09-28 12:35:00+05:30,2022-09-28 14:05:00+05:30,729.0,723.6696428571428,738.594642857143,-5.3304,L
S1093,AXISBANK,2022-09-28 13:00:00+05:30,-0.0141,0.0408,0,,1.0074,70.45,-0.8357,0,0.7598,1.0,3,0,0,0,3,4,2022-09-28 13:15:00+05:30,2022-09-28 13:20:00+05:30,2022-09-28 14:05:00+05:30,728.45,723.1642857142857,737.9642857142858,-5.2857,L
S1094,AXISBANK,2022-09-28 13:25:00+05:30,-0.011,-0.0432,0,,0.1725,21.43,0.6667,0,0.624,,0,1,1,1,0,1,2022-09-28 13:25:00+05:30,2022-09-28 13:30:00+05:30,2022-09-28 14:05:00+05:30,728.95,724.6017857142857,736.7767857142858,-4.3482,L
S1095,AXISBANK,2022-09-28 13:35:00+05:30,-0.0093,-0.0299,0,,0.4281,47.37,-0.2701,0,1.0971,1.0,3,0,1,0,3,4,2022-09-28 13:50:00+05:30,2022-09-28 13:55:00+05:30,2022-09-28 14:05:00+05:30,729.0,725.0,736.2,-4.0,L
S1096,AXISBANK,2022-09-29 10:00:00+05:30,0.1535,0.179,9,8.0,0.7804,1.32,0.25,0,0.5801,,0,0,0,1,0,1,2022-09-29 10:00:00+05:30,2022-09-29 10:05:00+05:30,2022-09-29 12:55:00+05:30,722.05,712.9517857142857,738.4267857142855,-9.0982,L
S1097,AXISBANK,2022-09-29 10:20:00+05:30,0.1499,0.1441,2,2.0,0.1204,12.0,-0.2857,0,0.2163,0.0,1,0,1,0,1,2,2022-09-29 10:25:00+05:30,2022-09-29 10:30:00+05:30,2022-09-29 12:55:00+05:30,722.65,713.9267857142858,738.3517857142856,-8.7232,L
S1098,AXISBANK,2022-09-29 10:40:00+05:30,0.1825,0.1692,1,1.0,0.2147,75.0,-0.4475,0,0.4826,1.0,1,0,1,0,1,2,2022-09-29 10:45:00+05:30,2022-09-29 10:50:00+05:30,2022-09-29 11:10:00+05:30,723.9,718.6321428571429,733.3821428571426,-5.2679,L
S1099,AXISBANK,2022-09-29 10:55:00+05:30,0.2192,0.1825,0,,0.0928,56.1,2.3766,0,0.5107,,0,0,1,1,0,1,2022-09-29 10:55:00+05:30,2022-09-29 11:00:00+05:30,2022-09-29 11:10:00+05:30,724.8,719.6125,734.1374999999998,-5.1875,L
S1100,AXISBANK,2022-09-29 12:10:00+05:30,-0.1808,-0.1626,0,,2.9528,12.5,-0.6422,0,0.902,1.0,3,0,1,0,3,4,2022-09-29 12:25:00+05:30,2022-09-29 12:30:00+05:30,2022-09-29 12:35:00+05:30,719.8,716.4875,725.7624999999999,-3.3125,L
S1101,AXISBANK,2022-09-29 13:30:00+05:30,-0.182,-0.2139,0,,1.8688,0.0,-0.6167,0,1.7793,1.0,3,1,0,0,3,4,2022-09-29 13:45:00+05:30,2022-09-29 13:50:00+05:30,2022-09-29 14:40:00+05:30,715.75,709.9910714285714,726.1160714285714,10.3661,W
S1102,AXISBANK,2022-09-30 09:25:00+05:30,,,0,,0.8244,50.0,-0.8875,0,0.5794,1.0,3,0,1,0,3,4,2022-09-30 09:40:00+05:30,2022-09-30 09:45:00+05:30,2022-09-30 13:45:00+05:30,720.1,712.0107142857142,734.6607142857144,14.5607,W
S1103,AXISBANK,2022-09-30 09:50:00+05:30,-0.0396,,0,,0.4765,94.83,-0.9052,0,0.5138,1.0,2,0,1,0,2,3,2022-09-30 10:00:00+05:30,2022-09-30 10:05:00+05:30,2022-09-30 13:45:00+05:30,719.95,711.6464285714286,734.8964285714286,14.9464,W
S1104,AXISBANK,2022-09-30 10:10:00+05:30,-0.1638,-0.0612,0,,0.4145,58.93,-0.4222,0,0.5204,,0,1,1,1,0,1,2022-09-30 10:10:00+05:30,2022-09-30 10:15:00+05:30,2022-09-30 14:20:00+05:30,719.85,710.4571428571428,736.757142857143,16.9071,W
S1105,AXISBANK,2022-09-30 11:45:00+05:30,0.26,0.3197,18,12.0,0.7872,78.95,-0.9453,0,0.4541,0.0,2,0,1,0,2,3,2022-09-30 11:55:00+05:30,2022-09-30 12:00:00+05:30,2022-09-30 15:00:00+05:30,727.95,722.1464285714286,738.3964285714287,3.8,EOD+
S1106,AXISBANK,2022-09-30 12:05:00+05:30,0.2006,0.2644,1,1.0,0.1458,24.24,2.4074,0,0.3977,,0,1,1,1,0,1,2022-09-30 12:05:00+05:30,2022-09-30 12:10:00+05:30,2022-09-30 15:00:00+05:30,729.2,723.4142857142857,739.6142857142858,2.55,EOD+
S1107,AXISBANK,2022-09-30 13:35:00+05:30,0.1867,0.1671,16,11.0,0.0254,17.86,21.3529,0,0.8987,,0,0,1,1,0,1,2022-09-30 13:35:00+05:30,2022-09-30 13:40:00+05:30,2022-09-30 15:00:00+05:30,731.95,727.7714285714286,739.4714285714286,-0.2,EOD-
S1108,AXISBANK,2022-10-03 09:15:00+05:30,,,0,,2.5901,38.78,-0.6287,0,1.4202,0.0,1,0,0,0,1,2,2022-10-03 09:20:00+05:30,2022-10-03 09:25:00+05:30,2022-10-03 09:30:00+05:30,740.65,733.8910714285713,752.8160714285716,-6.7589,L
S1109,AXISBANK,2022-10-03 09:30:00+05:30,,,1,1.0,0.2177,53.73,-0.696,0,0.4106,0.0,3,1,0,0,3,4,2022-10-03 09:45:00+05:30,2022-10-03 09:50:00+05:30,2022-10-03 12:40:00+05:30,736.5,727.0535714285713,753.5035714285715,-9.4464,L
S1110,AXISBANK,2022-10-03 10:05:00+05:30,-0.0027,-0.0556,0,,0.4041,3.03,-0.5764,0,0.4043,1.0,3,1,0,0,3,4,2022-10-03 10:20:00+05:30,2022-10-03 10:25:00+05:30,2022-10-03 14:55:00+05:30,734.9,724.6767857142858,753.3017857142856,-10.2232,L
S1111,AXISBANK,2022-10-03 10:30:00+05:30,0.0657,0.0279,0,,0.5245,17.39,-0.5122,0,0.3965,1.0,2,0,1,0,2,3,2022-10-03 10:40:00+05:30,2022-10-03 10:45:00+05:30,2022-10-03 12:15:00+05:30,734.75,727.9107142857143,747.0607142857142,-6.8393,L
S1112,AXISBANK,2022-10-03 10:50:00+05:30,0.0324,0.0586,1,1.0,0.1666,21.21,2.6111,0,0.3734,,0,0,1,1,0,1,2022-10-03 10:50:00+05:30,2022-10-03 10:55:00+05:30,2022-10-03 11:45:00+05:30,734.95,729.5482142857144,744.6732142857144,-5.4018,L
S1113,AXISBANK,2022-10-03 11:00:00+05:30,0.0099,0.0433,1,1.0,0.0086,20.0,25.6667,0,0.4083,,0,0,1,1,0,1,2022-10-03 11:00:00+05:30,2022-10-03 11:05:00+05:30,2022-10-03 11:45:00+05:30,734.3,729.9607142857142,742.1107142857143,-4.3393,L
S1114,AXISBANK,2022-10-03 11:10:00+05:30,-0.0109,0.0609,0,,0.6352,55.17,-0.4527,0,0.4475,,0,1,1,1,0,1,2022-10-03 11:10:00+05:30,2022-10-03 11:15:00+05:30,2022-10-03 11:45:00+05:30,734.4,730.4446428571429,741.5196428571429,-3.9554,L
S1115,AXISBANK,2022-10-03 12:55:00+05:30,-0.1956,-0.2268,0,,0.924,54.17,-0.8217,0,0.7296,1.0,3,0,1,0,3,4,2022-10-03 13:10:00+05:30,2022-10-03 13:15:00+05:30,2022-10-03 14:45:00+05:30,729.8,726.0053571428572,736.6303571428571,-3.7946,L
S1116,AXISBANK,2022-10-03 14:00:00+05:30,0.1034,0.0603,9,7.0,0.035,27.78,35.1905,0,1.5077,,0,0,0,1,0,1,2022-10-03 14:00:00+05:30,2022-10-03 14:05:00+05:30,2022-10-03 14:30:00+05:30,732.75,729.0,739.5,-3.75,L
S1117,AXISBANK,2022-10-03 14:15:00+05:30,0.1215,0.1034,2,2.0,0.3752,26.53,0.7886,0,1.0428,,0,0,0,1,0,1,2022-10-03 14:15:00+05:30,2022-10-03 14:20:00+05:30,2022-10-03 14:30:00+05:30,731.75,727.6517857142858,739.1267857142857,-4.0982,L
S1118,AXISBANK,2022-10-04 11:35:00+05:30,-0.121,-0.1269,0,,1.882,66.67,-0.878,0,0.9935,1.0,3,0,1,0,3,4,2022-10-04 11:50:00+05:30,2022-10-04 11:55:00+05:30,2022-10-04 15:00:00+05:30,739.3,736.0321428571427,745.1821428571429,3.15,EOD+
S1119,AXISBANK,2022-10-04 12:55:00+05:30,0.0888,0.0811,11,5.0,0.6279,92.45,-0.7911,0,0.773,0.0,1,1,1,0,1,2,2022-10-04 13:00:00+05:30,2022-10-04 13:05:00+05:30,2022-10-04 15:00:00+05:30,740.55,736.7375,747.4125,1.9,EOD+
S1120,AXISBANK,2022-10-04 13:10:00+05:30,0.0469,0.0888,0,,0.6224,58.82,-0.8841,0,0.8906,1.0,2,0,1,0,2,3,2022-10-04 13:20:00+05:30,2022-10-04 13:25:00+05:30,2022-10-04 15:00:00+05:30,740.9,737.4357142857142,747.1357142857144,1.55,EOD+
S1121,AXISBANK,2022-10-04 13:50:00+05:30,-0.0007,0.087,0,,1.7995,86.49,-0.9796,0,0.9087,0.0,3,0,1,0,3,4,2022-10-04 14:05:00+05:30,2022-10-04 14:10:00+05:30,2022-10-04 15:00:00+05:30,740.9,737.4892857142856,747.0392857142858,1.55,EOD+
S1122,AXISBANK,2022-10-06 12:20:00+05:30,-0.1197,-0.125,0,,0.8549,52.94,-0.6868,0,0.7832,1.0,3,0,1,0,3,4,2022-10-06 12:35:00+05:30,2022-10-06 12:40:00+05:30,2022-10-06 15:00:00+05:30,755.3,752.0321428571428,761.1821428571428,2.25,EOD+
S1123,AXISBANK,2022-10-06 13:50:00+05:30,0.1453,0.1556,14,8.0,0.4,73.08,-0.661,0,1.0542,1.0,2,0,1,0,2,3,2022-10-06 14:00:00+05:30,2022-10-06 14:05:00+05:30,2022-10-06 15:00:00+05:30,757.45,753.7625,764.0875000000001,0.1,EOD+
S1124,AXISBANK,2022-10-07 12:00:00+05:30,-0.1783,-0.1815,0,,1.4142,42.86,-0.7315,0,1.6486,1.0,3,0,0,0,3,4,2022-10-07 12:15:00+05:30,2022-10-07 12:20:00+05:30,2022-10-07 13:40:00+05:30,745.8,743.1660714285714,750.5410714285713,4.7411,W
S1125,AXISBANK,2022-10-07 12:35:00+05:30,0.0382,-0.0248,2,1.0,0.0087,42.86,79.0,0,2.3718,,0,1,0,1,0,1,2022-10-07 12:35:00+05:30,2022-10-07 12:40:00+05:30,2022-10-07 13:50:00+05:30,746.75,743.8839285714286,751.9089285714285,5.1589,W
S1126,AXISBANK,2022-10-10 09:15:00+05:30,,,0,,3.1741,31.3,-0.9225,0,1.7071,0.0,3,1,0,0,3,4,2022-10-10 09:30:00+05:30,2022-10-10 09:35:00+05:30,2022-10-10 10:50:00+05:30,753.7,747.6017857142857,764.6767857142859,10.9768,W
S1127,AXISBANK,2022-10-10 09:45:00+05:30,0.0829,,0,,0.5083,27.27,-0.8395,0,0.5083,0.0,3,0,0,0,3,4,2022-10-10 10:00:00+05:30,2022-10-10 10:05:00+05:30,2022-10-10 11:25:00+05:30,754.65,746.9892857142856,768.4392857142858,13.7893,W
S1128,AXISBANK,2022-10-10 10:10:00+05:30,-0.006,0.056,0,,0.7537,59.68,-0.5122,0,0.4554,,0,1,1,1,0,1,2022-10-10 10:10:00+05:30,2022-10-10 10:15:00+05:30,2022-10-10 12:00:00+05:30,754.4,745.8999999999999,769.7,15.3,W
S1129,AXISBANK,2022-10-10 13:00:00+05:30,0.1668,0.2656,32,5.0,0.8098,80.95,-0.7183,0,0.5833,0.0,1,0,0,0,1,2,2022-10-10 13:05:00+05:30,2022-10-10 13:10:00+05:30,2022-10-10 15:00:00+05:30,771.65,767.2660714285714,779.5410714285714,4.2,EOD+
S1130,AXISBANK,2022-10-10 13:25:00+05:30,0.0947,0.1236,0,,1.1523,67.74,-0.75,0,1.1606,1.0,3,0,1,0,3,4,2022-10-10 13:40:00+05:30,2022-10-10 13:45:00+05:30,2022-10-10 15:00:00+05:30,772.5,768.1607142857143,780.3107142857143,3.35,EOD+
S1131,AXISBANK,2022-10-10 14:00:00+05:30,-0.0259,0.0366,0,,0.842,80.95,-0.9608,0,1.764,1.0,3,1,0,0,3,4,2022-10-10 14:15:00+05:30,2022-10-10 14:20:00+05:30,2022-10-10 15:00:00+05:30,771.9,768.1142857142856,778.7142857142857,3.95,EOD+
S1132,AXISBANK,2022-10-11 09:30:00+05:30,,,3,3.0,0.2739,35.19,0.36,0,0.611,,0,0,0,1,0,1,2022-10-11 09:30:00+05:30,2022-10-11 09:35:00+05:30,2022-10-11 10:25:00+05:30,776.4,770.6946428571429,786.6696428571429,10.2696,W
S1133,AXISBANK,2022-10-11 09:50:00+05:30,0.1668,,2,2.0,0.2576,39.13,-0.0984,0,0.3991,1.0,1,1,1,0,1,2,2022-10-11 09:55:00+05:30,2022-10-11 10:00:00+05:30,2022-10-11 11:45:00+05:30,778.5,772.5803571428571,789.1553571428572,10.6554,W
S1134,AXISBANK,2022-10-11 11:20:00+05:30,0.2346,0.25,16,11.0,0.2901,65.79,0.0204,0,0.9042,,0,1,1,1,0,1,2022-10-11 11:20:00+05:30,2022-10-11 11:25:00+05:30,2022-10-11 12:00:00+05:30,784.4,780.1767857142858,792.0017857142856,7.6018,W
S1135,AXISBANK,2022-10-11 13:25:00+05:30,0.1755,0.3028,0,,1.4971,42.42,-0.6994,0,0.8625,1.0,3,0,0,0,3,4,2022-10-11 13:40:00+05:30,2022-10-11 13:45:00+05:30,2022-10-11 14:55:00+05:30,792.4,787.1232142857142,801.8982142857143,-5.2768,L
S1136,AXISBANK,2022-10-11 13:50:00+05:30,-0.0249,0.0716,0,,1.1359,11.11,-0.5981,0,0.8297,1.0,3,1,1,0,3,4,2022-10-11 14:05:00+05:30,2022-10-11 14:10:00+05:30,2022-10-11 15:00:00+05:30,792.35,786.6,802.7,-5.75,L
S1137,AXISBANK,2022-10-12 09:15:00+05:30,,,0,,2.3195,12.4,-0.0306,0,1.544,0.0,1,0,0,0,1,2,2022-10-12 09:20:00+05:30,2022-10-12 09:25:00+05:30,2022-10-12 12:25:00+05:30,792.2,786.3071428571429,802.8071428571428,10.6071,W
S1138,AXISBANK,2022-10-12 13:20:00+05:30,0.0006,0.0296,0,,0.7763,58.06,-0.6,0,0.6258,0.0,3,0,1,0,3,4,2022-10-12 13:35:00+05:30,2022-10-12 13:40:00+05:30,2022-10-12 15:00:00+05:30,801.95,797.1196428571429,810.6446428571429,4.4,EOD+
S1139,AXISBANK,2022-10-12 13:45:00+05:30,0.0196,0.0109,0,,0.2346,10.53,0.0929,0,0.7785,,0,1,0,1,0,1,2022-10-12 13:45:00+05:30,2022-10-12 13:50:00+05:30,2022-10-12 15:00:00+05:30,802.3,797.425,811.0749999999999,4.05,EOD+
S1140,AXISBANK,2022-10-12 14:05:00+05:30,0.0147,0.0243,2,1.0,0.07,50.0,3.6809,0,0.794,,0,0,1,1,0,1,2022-10-12 14:05:00+05:30,2022-10-12 14:10:00+05:30,2022-10-12 15:00:00+05:30,802.25,798.0535714285714,809.8035714285714,4.1,EOD+
S1141,AXISBANK,2022-10-13 11:20:00+05:30,-0.3749,-0.314,0,,2.3292,21.62,-0.7433,0,0.9192,1.0,3,0,0,0,3,4,2022-10-13 11:35:00+05:30,2022-10-13 11:40:00+05:30,2022-10-13 11:55:00+05:30,801.95,796.9321428571429,810.9821428571429,-5.0179,L
S1142,AXISBANK,2022-10-13 11:50:00+05:30,-0.1972,-0.3622,0,,1.3349,43.59,-0.7783,0,0.9042,1.0,3,0,0,0,3,4,2022-10-13 12:05:00+05:30,2022-10-13 12:10:00+05:30,2022-10-13 15:00:00+05:30,799.85,795.6267857142857,807.4517857142858,2.4,EOD+
S1143,AXISBANK,2022-10-13 13:20:00+05:30,0.1128,0.1515,14,7.0,0.18,3.23,1.4,0,1.1754,,0,0,1,1,0,1,2022-10-13 13:20:00+05:30,2022-10-13 13:25:00+05:30,2022-10-13 13:30:00+05:30,802.75,798.4107142857142,810.5607142857144,-4.3393,L
S1144,AXISBANK,2022-10-13 14:05:00+05:30,-0.0708,-0.0146,0,,1.209,61.76,-0.9788,0,0.5994,0.0,3,0,1,0,3,4,2022-10-13 14:20:00+05:30,2022-10-13 14:25:00+05:30,2022-10-13 15:00:00+05:30,801.8,796.925,810.5749999999999,0.45,EOD+
S1145,AXISBANK,2022-10-14 11:45:00+05:30,-0.1186,-0.129,0,,1.6768,9.38,-0.6681,0,0.9759,0.0,3,1,1,0,3,4,2022-10-14 12:00:00+05:30,2022-10-14 12:05:00+05:30,2022-10-14 14:15:00+05:30,808.8,804.5321428571428,816.4821428571429,-4.2679,L
S1146,AXISBANK,2022-10-14 12:10:00+05:30,-0.1262,-0.1542,0,,0.3828,59.09,-0.8444,0,1.0676,,0,0,0,1,0,1,2022-10-14 12:10:00+05:30,2022-10-14 12:15:00+05:30,2022-10-14 14:15:00+05:30,808.55,804.3535714285714,816.1035714285714,-4.1964,L
S1147,AXISBANK,2022-10-14 12:25:00+05:30,-0.0752,-0.1262,0,,1.0733,60.53,-0.7756,0,0.9034,0.0,3,1,0,0,3,4,2022-10-14 12:40:00+05:30,2022-10-14 12:45:00+05:30,2022-10-14 14:15:00+05:30,808.05,803.8982142857142,815.5232142857143,-4.1518,L
S1148,AXISBANK,2022-10-14 13:25:00+05:30,-0.0728,-0.0752,0,,0.8565,37.5,-0.7363,0,1.0752,1.0,3,0,1,0,3,4,2022-10-14 13:40:00+05:30,2022-10-14 13:45:00+05:30,2022-10-14 14:15:00+05:30,807.25,803.375,814.225,-3.875,L
S1149,AXISBANK,2022-10-14 13:50:00+05:30,-0.0502,-0.0551,0,,0.8632,78.05,-0.8866,0,1.1214,0.0,3,1,0,0,3,4,2022-10-14 14:05:00+05:30,2022-10-14 14:10:00+05:30,2022-10-14 14:15:00+05:30,806.7,802.8696428571429,813.5946428571428,-3.8304,L
S1150,AXISBANK,2022-10-17 09:30:00+05:30,,,0,,0.8995,28.0,-0.7163,0,0.6588,0.0,3,0,0,0,3,4,2022-10-17 09:45:00+05:30,2022-10-17 09:50:00+05:30,2022-10-17 15:00:00+05:30,800.9,790.1232142857143,820.2982142857143,12.3,EOD+
S1151,AXISBANK,2022-10-17 11:20:00+05:30,0.0638,-0.0115,0,,0.9345,40.0,-0.7992,0,0.5377,1.0,3,0,0,0,3,4,2022-10-17 11:35:00+05:30,2022-10-17 11:40:00+05:30,2022-10-17 15:00:00+05:30,804.1,798.7696428571429,813.6946428571429,9.5946,W
S1152,AXISBANK,2022-10-17 11:45:00+05:30,0.0367,0.088,0,,0.6608,6.45,-0.2088,0,0.8786,1.0,3,0,0,0,3,4,2022-10-17 12:00:00+05:30,2022-10-17 12:05:00+05:30,2022-10-17 13:45:00+05:30,803.85,799.5464285714286,811.5964285714285,7.7464,W
S1153,AXISBANK,2022-10-17 14:00:00+05:30,0.1427,0.1939,22,2.0,0.0521,46.67,0.2121,0,1.4062,,0,0,1,1,0,1,2022-10-17 14:00:00+05:30,2022-10-17 14:05:00+05:30,2022-10-17 15:00:00+05:30,807.6,803.6446428571429,814.719642857143,5.6,EOD+
S1154,AXISBANK,2022-10-17 14:20:00+05:30,0.0947,0.13,2,2.0,0.0597,52.0,5.6667,0,1.1996,,0,0,0,1,0,1,2022-10-17 14:20:00+05:30,2022-10-17 14:25:00+05:30,2022-10-17 15:00:00+05:30,809.1,805.3321428571429,815.8821428571429,4.1,EOD+
S1155,AXISBANK,2022-10-17 14:30:00+05:30,0.0946,0.086,0,,0.0066,11.76,34.0,0,0.8577,,0,0,0,1,0,1,2022-10-17 14:30:00+05:30,2022-10-17 14:35:00+05:30,2022-10-17 15:00:00+05:30,808.6,804.8232142857144,815.3982142857143,4.6,EOD+
S1156,AXISBANK,2022-10-18 09:35:00+05:30,,,4,4.0,0.3791,27.66,0.2788,0,1.4082,,0,0,0,1,0,1,2022-10-18 09:35:00+05:30,2022-10-18 09:40:00+05:30,2022-10-18 15:00:00+05:30,812.8,806.3535714285714,824.4035714285715,3.8,EOD+
S1157,AXISBANK,2022-10-18 10:10:00+05:30,0.2282,0.2058,5,3.0,0.2385,69.57,-0.0875,0,0.4223,1.0,2,0,0,0,2,3,2022-10-18 10:20:00+05:30,2022-10-18 10:25:00+05:30,2022-10-18 15:00:00+05:30,815.85,808.9571428571429,828.2571428571429,0.75,EOD+
S1158,AXISBANK,2022-10-18 10:30:00+05:30,0.099,0.1954,0,,0.1816,43.48,-0.2771,0,0.3107,,0,0,1,1,0,1,2022-10-18 10:30:00+05:30,2022-10-18 10:35:00+05:30,2022-10-18 15:00:00+05:30,816.0,810.2857142857142,826.2857142857143,0.6,EOD+
S1159,AXISBANK,2022-10-18 10:45:00+05:30,0.0518,0.099,0,,0.4268,15.79,-0.934,0,0.4988,1.0,3,1,1,0,3,4,2022-10-18 11:00:00+05:30,2022-10-18 11:05:00+05:30,2022-10-18 15:00:00+05:30,816.65,812.2125,824.6375,-0.05,EOD-
S1160,AXISBANK,2022-10-18 11:10:00+05:30,-0.0123,-0.0012,1,1.0,0.9339,12.5,0.0657,0,0.7796,,0,1,1,1,0,1,2022-10-18 11:10:00+05:30,2022-10-18 11:15:00+05:30,2022-10-18 15:00:00+05:30,815.95,812.1821428571429,822.7321428571429,0.65,EOD+
S1161,AXISBANK,2022-10-18 11:20:00+05:30,0.0303,-0.0297,0,,0.62,22.73,-0.1202,0,0.488,,0,1,1,1,0,1,2022-10-18 11:20:00+05:30,2022-10-18 11:25:00+05:30,2022-10-18 15:00:00+05:30,816.1,812.6625,822.2875,0.5,EOD+
S1162,AXISBANK,2022-10-18 11:30:00+05:30,0.0227,0.0138,0,,0.5467,68.75,-0.631,0,0.5365,,0,0,0,1,0,1,2022-10-18 11:30:00+05:30,2022-10-18 11:35:00+05:30,2022-10-18 14:20:00+05:30,815.85,812.7517857142857,821.4267857142858,5.5768,W
S1163,AXISBANK,2022-10-18 11:40:00+05:30,-0.023,0.0398,0,,0.1022,46.67,1.1739,0,0.9147,,0,1,1,1,0,1,2022-10-18 11:40:00+05:30,2022-10-18 11:45:00+05:30,2022-10-18 14:15:00+05:30,816.25,813.4375,821.3125,5.0625,W
S1164,AXISBANK,2022-10-18 11:50:00+05:30,-0.0254,0.0018,0,,0.5424,50.0,-0.4872,0,1.1889,1.0,2,0,0,0,2,3,2022-10-18 12:00:00+05:30,2022-10-18 12:05:00+05:30,2022-10-18 13:00:00+05:30,815.85,813.1535714285715,820.7035714285715,4.8536,W
S1165,AXISBANK,2022-10-18 12:10:00+05:30,0.0055,-0.0095,0,,1.134,15.62,-0.2593,0,0.4253,0.0,1,0,1,0,1,2,2022-10-18 12:15:00+05:30,2022-10-18 12:20:00+05:30,2022-10-18 13:00:00+05:30,815.9,813.2214285714285,820.7214285714285,4.8214,W
S1166,AXISBANK,2022-10-18 12:25:00+05:30,0.0092,0.0055,0,,0.0781,64.71,-0.3333,0,1.7241,,0,1,1,1,0,1,2022-10-18 12:25:00+05:30,2022-10-18 12:30:00+05:30,2022-10-18 13:00:00+05:30,816.4,813.9982142857142,820.7232142857143,4.3232,W
S1167,AXISBANK,2022-10-18 13:35:00+05:30,0.1222,0.137,13,6.0,0.3723,20.59,1.5,0,0.9077,,0,0,0,1,0,1,2022-10-18 13:35:00+05:30,2022-10-18 13:40:00+05:30,2022-10-18 15:00:00+05:30,818.75,815.5267857142857,824.5517857142858,-2.15,EOD-
S1168,AXISBANK,2022-10-18 13:45:00+05:30,0.1176,0.125,1,1.0,0.3113,46.51,1.1302,0,0.6535,,0,1,0,1,0,1,2022-10-18 13:45:00+05:30,2022-10-18 13:50:00+05:30,2022-10-18 15:00:00+05:30,819.15,815.7571428571429,825.2571428571428,-2.55,EOD-
S1169,AXISBANK,2022-10-19 09:15:00+05:30,,,0,,0.6401,17.58,0.0954,0,2.3125,,0,0,0,1,0,1,2022-10-19 09:15:00+05:30,2022-10-19 09:20:00+05:30,2022-10-19 09:30:00+05:30,819.25,813.7232142857142,829.1982142857144,9.9482,W
S1170,AXISBANK,2022-10-19 11:05:00+05:30,0.4052,0.495,21,7.0,0.457,11.43,-0.5376,0,3.3127,1.0,1,0,0,0,1,2,2022-10-19 11:10:00+05:30,2022-10-19 11:15:00+05:30,2022-10-19 12:20:00+05:30,835.65,830.9178571428571,844.1678571428571,-4.7321,L
S1171,AXISBANK,2022-10-19 13:05:00+05:30,-0.2462,-0.1286,0,,3.3479,45.45,-0.9912,0,2.7597,1.0,3,0,0,0,3,4,2022-10-19 13:20:00+05:30,2022-10-19 13:25:00+05:30,2022-10-19 14:45:00+05:30,830.0,825.7678571428571,837.6178571428571,-4.2321,L
S1172,AXISBANK,2022-10-19 13:30:00+05:30,-0.1857,-0.2904,0,,0.7895,51.35,-0.5601,0,0.864,1.0,3,0,0,0,3,4,2022-10-19 13:45:00+05:30,2022-10-19 13:50:00+05:30,2022-10-19 14:50:00+05:30,829.05,824.3714285714285,837.4714285714285,-4.6786,L
S1173,AXISBANK,2022-10-19 13:55:00+05:30,-0.1298,-0.1394,0,,0.9366,92.31,-0.9697,0,1.1679,1.0,3,1,1,0,3,4,2022-10-19 14:10:00+05:30,2022-10-19 14:15:00+05:30,2022-10-19 14:45:00+05:30,830.2,825.7892857142858,838.1392857142857,-4.4107,L
S1174,AXISBANK,2022-10-20 09:15:00+05:30,,,0,,1.6476,91.38,-1.0,0,3.181,,0,0,0,1,0,1,2022-10-20 09:15:00+05:30,2022-10-20 09:20:00+05:30,2022-10-20 09:40:00+05:30,830.2,824.4946428571429,840.4696428571428,-5.7054,L
S1175,AXISBANK,2022-10-20 10:30:00+05:30,-0.1026,-0.1092,0,,2.2785,81.97,-0.9208,0,0.9553,1.0,3,0,0,0,3,4,2022-10-20 10:45:00+05:30,2022-10-20 10:50:00+05:30,2022-10-20 11:50:00+05:30,825.2,818.9678571428572,836.4178571428572,-6.2321,L
S1176,AXISBANK,2022-10-20 11:00:00+05:30,-0.1929,-0.2088,1,1.0,0.0103,52.83,1.5,0,0.6872,,0,0,0,1,0,1,2022-10-20 11:00:00+05:30,2022-10-20 11:05:00+05:30,2022-10-20 11:50:00+05:30,823.9,819.0339285714284,832.6589285714286,-4.8661,L
S1177,AXISBANK,2022-10-20 12:10:00+05:30,-0.1284,-0.1064,0,,2.6919,29.17,-0.8914,0,3.8342,1.0,3,0,0,0,3,4,2022-10-20 12:25:00+05:30,2022-10-20 12:30:00+05:30,2022-10-20 13:20:00+05:30,821.75,817.4732142857143,829.4482142857142,-4.2768,L
S1178,AXISBANK,2022-10-20 12:35:00+05:30,-0.1203,-0.1187,1,1.0,0.514,63.16,-0.7933,0,0.5972,0.0,3,0,1,0,3,4,2022-10-20 12:50:00+05:30,2022-10-20 12:55:00+05:30,2022-10-20 15:00:00+05:30,820.35,815.6446428571429,828.8196428571429,6.2,EOD+
S1179,AXISBANK,2022-10-20 13:15:00+05:30,-0.079,-0.0826,0,,1.2151,85.0,-0.9748,0,0.9274,0.0,3,1,0,0,3,4,2022-10-20 13:30:00+05:30,2022-10-20 13:35:00+05:30,2022-10-20 15:00:00+05:30,819.5,815.4107142857143,826.8607142857143,7.3607,W
S1180,AXISBANK,2022-10-20 13:40:00+05:30,-0.0501,-0.0793,0,,0.7184,11.11,-0.6931,0,1.4233,1.0,1,0,0,0,1,2,2022-10-20 13:45:00+05:30,2022-10-20 13:50:00+05:30,2022-10-20 14:55:00+05:30,820.0,816.5982142857142,826.1232142857143,6.1232,W
S1181,AXISBANK,2022-10-20 14:00:00+05:30,0.047,-0.0137,2,1.0,0.2692,62.79,0.9394,0,1.4183,,0,1,1,1,0,1,2022-10-20 14:00:00+05:30,2022-10-20 14:05:00+05:30,2022-10-20 14:55:00+05:30,819.95,816.1196428571429,826.844642857143,6.8946,W
S1182,AXISBANK,2022-10-21 11:15:00+05:30,0.0664,0.9177,24,22.0,0.0315,61.29,4.8333,0,0.5773,,0,1,0,1,0,1,2022-10-21 11:15:00+05:30,2022-10-21 11:20:00+05:30,2022-10-21 12:00:00+05:30,874.1,869.3410714285715,882.6660714285715,8.5661,W
S1183,AXISBANK,2022-10-21 11:25:00+05:30,-0.0177,0.3648,0,,0.8739,84.85,-0.8342,0,0.8391,1.0,2,1,0,0,2,3,2022-10-21 11:35:00+05:30,2022-10-21 11:40:00+05:30,2022-10-21 12:00:00+05:30,873.75,869.4375,881.5125,7.7625,W
S1184,AXISBANK,2022-10-21 14:15:00+05:30,-0.1122,-0.0143,0,,0.9471,4.76,-0.4568,0,0.7907,0.0,3,0,1,0,3,4,2022-10-21 14:30:00+05:30,2022-10-21 14:35:00+05:30,2022-10-21 15:00:00+05:30,890.6,882.5821428571429,905.0321428571428,3.4,EOD+
S1185,AXISBANK,2022-10-25 09:20:00+05:30,,,1,1.0,0.2177,27.64,3.5326,0,0.8894,,0,0,0,1,0,1,2022-10-25 09:20:00+05:30,2022-10-25 09:25:00+05:30,2022-10-25 15:00:00+05:30,897.0,886.8660714285714,915.2410714285714,8.55,EOD+
S1186,AXISBANK,2022-10-25 10:05:00+05:30,0.2635,0.3123,8,6.0,0.0537,82.14,-1.0,0,0.1347,,0,0,1,1,0,1,2022-10-25 10:05:00+05:30,2022-10-25 10:10:00+05:30,2022-10-25 15:00:00+05:30,899.5,889.7232142857142,917.0982142857144,6.05,EOD+
S1187,AXISBANK,2022-10-25 11:15:00+05:30,-0.1394,-0.1682,0,,2.3947,45.45,-0.9555,0,1.2674,1.0,3,1,0,0,3,4,2022-10-25 11:30:00+05:30,2022-10-25 11:35:00+05:30,2022-10-25 14:00:00+05:30,897.15,892.4625,905.5875,8.4375,W
S1188,AXISBANK,2022-10-25 11:45:00+05:30,-0.0821,-0.1292,2,2.0,0.8037,68.0,-0.4839,0,0.9133,1.0,3,1,1,0,3,4,2022-10-25 12:00:00+05:30,2022-10-25 12:05:00+05:30,2022-10-25 14:00:00+05:30,895.65,890.8285714285714,904.3285714285714,8.6786,W
S1189,AXISBANK,2022-10-25 12:10:00+05:30,-0.0614,-0.0977,1,1.0,0.2917,20.59,0.5455,0,0.6981,,0,1,0,1,0,1,2022-10-25 12:10:00+05:30,2022-10-25 12:15:00+05:30,2022-10-25 14:00:00+05:30,895.65,890.9357142857142,904.1357142857142,8.4857,W
S1190,AXISBANK,2022-10-25 12:40:00+05:30,0.0207,-0.0089,4,2.0,0.4995,44.74,0.4085,0,1.1613,,0,0,1,1,0,1,2022-10-25 12:40:00+05:30,2022-10-25 12:45:00+05:30,2022-10-25 13:45:00+05:30,895.6,892.0464285714286,901.9964285714284,6.3964,W
S1191,AXISBANK,2022-10-27 09:15:00+05:30,,,0,,1.3371,17.28,0.6532,0,4.2064,,0,1,0,1,0,1,2022-10-27 09:15:00+05:30,2022-10-27 09:20:00+05:30,2022-10-27 15:00:00+05:30,907.85,900.8946428571428,920.369642857143,5.25,EOD+
S1192,AXISBANK,2022-10-27 09:25:00+05:30,,,0,,0.1439,83.7,0.25,0,0.7874,,0,1,1,1,0,1,2022-10-27 09:25:00+05:30,2022-10-27 09:30:00+05:30,2022-10-27 15:00:00+05:30,909.3,901.6571428571428,923.0571428571428,3.8,EOD+
S1193,AXISBANK,2022-10-27 10:45:00+05:30,0.237,0.2112,15,7.0,0.3306,25.64,-0.1406,0,0.5514,1.0,3,0,0,0,3,4,2022-10-27 11:00:00+05:30,2022-10-27 11:05:00+05:30,2022-10-27 15:00:00+05:30,911.5,906.6607142857144,920.2107142857142,1.6,EOD+
S1194,AXISBANK,2022-10-27 11:10:00+05:30,0.1193,0.2105,0,,0.153,27.78,0.6216,0,0.407,,0,0,1,1,0,1,2022-10-27 11:10:00+05:30,2022-10-27 11:15:00+05:30,2022-10-27 13:35:00+05:30,911.45,906.9142857142858,919.6142857142858,8.1643,W
S1195,AXISBANK,2022-10-27 11:20:00+05:30,0.0502,0.1627,1,1.0,0.2915,78.26,-0.6791,0,0.5394,1.0,1,0,1,0,1,2,2022-10-27 11:25:00+05:30,2022-10-27 11:30:00+05:30,2022-10-27 13:35:00+05:30,911.65,907.6410714285714,918.8660714285714,7.2161,W
S1196,AXISBANK,2022-10-27 11:45:00+05:30,0.048,0.0282,2,2.0,0.0835,21.05,4.2381,0,0.6258,,0,0,1,1,0,1,2022-10-27 11:45:00+05:30,2022-10-27 11:50:00+05:30,2022-10-27 13:35:00+05:30,912.35,909.2071428571428,918.007142857143,5.6571,W
S1197,AXISBANK,2022-10-27 11:55:00+05:30,0.0052,0.0488,0,,0.5377,17.86,0.434,0,0.7989,,0,1,0,1,0,1,2022-10-27 11:55:00+05:30,2022-10-27 12:00:00+05:30,2022-10-27 13:25:00+05:30,912.2,909.1196428571428,917.7446428571428,5.5446,W
S1198,AXISBANK,2022-10-27 12:15:00+05:30,-0.0118,-0.0173,3,3.0,0.3428,42.11,-0.3007,0,0.6875,0.0,3,0,1,0,3,4,2022-10-27 12:30:00+05:30,2022-10-27 12:35:00+05:30,2022-10-27 13:20:00+05:30,911.95,909.3428571428572,916.6428571428572,4.6929,W
S1199,AXISBANK,2022-10-27 12:40:00+05:30,0.0258,0.0104,0,,0.7452,100.0,-1.0,0,0.968,1.0,1,0,1,0,1,2,2022-10-27 12:45:00+05:30,2022-10-27 12:50:00+05:30,2022-10-27 13:20:00+05:30,911.9,909.4089285714284,916.3839285714286,4.4839,W
S1200,AXISBANK,2022-10-27 14:05:00+05:30,0.1323,0.131,14,6.0,0.2029,40.82,1.5316,0,1.088,,0,0,0,1,0,1,2022-10-27 14:05:00+05:30,2022-10-27 14:10:00+05:30,2022-10-27 15:00:00+05:30,916.4,911.5339285714284,925.1589285714286,-3.3,EOD-
S1201,AXISBANK,2022-10-28 09:15:00+05:30,,,0,,3.0677,42.5,-0.4,0,1.3556,0.0,2,0,0,0,2,3,2022-10-28 09:25:00+05:30,2022-10-28 09:30:00+05:30,2022-10-28 09:50:00+05:30,915.6,911.1178571428572,923.6678571428572,-4.4821,L
S1202,AXISBANK,2022-10-28 09:35:00+05:30,,,0,,0.5973,12.82,-0.0654,0,0.6045,,0,1,1,1,0,1,2022-10-28 09:35:00+05:30,2022-10-28 09:40:00+05:30,2022-10-28 10:45:00+05:30,914.7,909.1017857142856,924.776785714286,-5.5982,L
S1203,AXISBANK,2022-10-28 12:20:00+05:30,-0.1831,-0.2511,0,,1.1488,27.27,-0.6953,0,0.6136,0.0,3,1,1,0,3,4,2022-10-28 12:35:00+05:30,2022-10-28 12:40:00+05:30,2022-10-28 13:50:00+05:30,905.8,900.8,914.8,-5.0,L
S1204,AXISBANK,2022-10-28 12:45:00+05:30,-0.0727,-0.1232,1,1.0,0.3638,35.9,0.0145,0,0.493,,0,1,0,1,0,1,2022-10-28 12:45:00+05:30,2022-10-28 12:50:00+05:30,2022-10-28 13:55:00+05:30,904.5,899.7589285714286,913.0339285714284,-4.7411,L
S1205,AXISBANK,2022-10-28 12:55:00+05:30,-0.0888,-0.0857,0,,0.9823,67.65,-0.7097,0,0.8771,1.0,1,1,0,0,1,2,2022-10-28 13:00:00+05:30,2022-10-28 13:05:00+05:30,2022-10-28 13:55:00+05:30,904.0,899.6160714285714,911.8910714285714,-4.3839,L
S1206,AXISBANK,2022-10-28 13:10:00+05:30,-0.0725,-0.0888,0,,0.4697,16.0,-0.8726,0,0.5437,1.0,2,1,1,0,2,3,2022-10-28 13:20:00+05:30,2022-10-28 13:25:00+05:30,2022-10-28 13:55:00+05:30,904.0,899.8214285714286,911.5214285714284,-4.1786,L
S1207,AXISBANK,2022-10-28 13:30:00+05:30,0.0014,-0.0467,0,,0.9005,58.62,-1.0,0,0.6228,0.0,1,1,1,0,1,2,2022-10-28 13:35:00+05:30,2022-10-28 13:40:00+05:30,2022-10-28 13:55:00+05:30,904.3,900.4964285714285,911.1464285714284,-3.8036,L
S1208,AXISBANK,2022-10-28 14:10:00+05:30,-0.1047,-0.0515,0,,2.1968,62.5,-0.9853,0,1.4197,1.0,3,0,0,0,3,4,2022-10-28 14:25:00+05:30,2022-10-28 14:30:00+05:30,2022-10-28 15:00:00+05:30,902.55,898.675,909.525,-0.9,EOD-
S1209,AXISBANK,2022-10-31 11:05:00+05:30,0.0359,0.2058,0,,2.445,39.47,-0.7935,0,1.4903,1.0,3,0,0,0,3,4,2022-10-31 11:20:00+05:30,2022-10-31 11:25:00+05:30,2022-10-31 12:35:00+05:30,911.95,908.2357142857144,918.6357142857144,-3.7143,L
S1210,AXISBANK,2022-10-31 11:30:00+05:30,-0.0796,-0.1012,0,,0.3094,19.05,0.3115,0,0.6724,,0,0,1,1,0,1,2022-10-31 11:30:00+05:30,2022-10-31 11:35:00+05:30,2022-10-31 12:35:00+05:30,911.0,907.3035714285714,917.6535714285716,-3.6964,L
S1211,AXISBANK,2022-11-01 13:10:00+05:30,-0.2208,-0.2599,0,,1.9308,23.53,-0.9011,0,0.6682,1.0,3,0,1,0,3,4,2022-11-01 13:25:00+05:30,2022-11-01 13:30:00+05:30,2022-11-01 15:00:00+05:30,874.0,869.4196428571428,882.2446428571429,-2.85,EOD-
S1212,AXISBANK,2022-11-02 09:45:00+05:30,-0.209,,0,,0.8691,10.0,-0.9804,0,0.6562,1.0,3,0,1,0,3,4,2022-11-02 10:00:00+05:30,2022-11-02 10:05:00+05:30,2022-11-02 12:50:00+05:30,870.8,863.4428571428571,884.0428571428571,-7.3571,L
S1213,AXISBANK,2022-11-02 13:00:00+05:30,-0.1022,-0.0851,0,,2.4915,40.0,-0.8463,0,1.4893,0.0,3,0,0,0,3,4,2022-11-02 13:15:00+05:30,2022-11-02 13:20:00+05:30,2022-11-02 13:35:00+05:30,865.9,862.9625,871.1874999999999,-2.9375,L
S1214,AXISBANK,2022-11-02 14:15:00+05:30,-0.0437,-0.0584,0,,0.5374,50.0,-0.8089,0,0.8011,1.0,3,0,0,0,3,4,2022-11-02 14:30:00+05:30,2022-11-02 14:35:00+05:30,2022-11-02 15:00:00+05:30,864.05,860.3982142857142,870.6232142857143,-1.05,EOD-
S1215,AXISBANK,2022-11-03 09:15:00+05:30,,,0,,3.3819,91.46,-0.9252,0,2.7689,,0,1,0,1,0,1,2022-11-03 09:15:00+05:30,2022-11-03 09:20:00+05:30,2022-11-03 10:10:00+05:30,865.5,861.0535714285714,873.5035714285714,8.0036,W
S1216,AXISBANK,2022-11-03 10:55:00+05:30,0.2968,0.3322,19,5.0,0.3572,43.48,-0.9194,0,0.7276,1.0,1,0,0,0,1,2,2022-11-03 11:00:00+05:30,2022-11-03 11:05:00+05:30,2022-11-03 13:30:00+05:30,873.1,868.7607142857144,880.9107142857142,-4.3393,L
S1217,AXISBANK,2022-11-04 09:45:00+05:30,0.1222,,6,6.0,0.5711,70.42,-0.2977,0,0.6447,0.0,1,1,0,0,1,2,2022-11-04 09:50:00+05:30,2022-11-04 09:55:00+05:30,2022-11-04 15:00:00+05:30,866.35,859.8053571428571,878.1303571428573,-0.4,EOD-
S1218,AXISBANK,2022-11-04 10:00:00+05:30,0.0924,0.1222,0,,0.09,35.71,1.7368,0,0.2595,,0,0,1,1,0,1,2022-11-04 10:00:00+05:30,2022-11-04 10:05:00+05:30,2022-11-04 15:00:00+05:30,866.65,860.0517857142856,878.5267857142857,-0.7,EOD-
S1219,AXISBANK,2022-11-04 11:20:00+05:30,-0.1191,-0.1098,0,,1.0318,38.1,-0.6463,0,1.1001,0.0,3,1,0,0,3,4,2022-11-04 11:35:00+05:30,2022-11-04 11:40:00+05:30,2022-11-04 15:00:00+05:30,865.0,861.2321428571429,871.7821428571428,0.95,EOD+
S1220,AXISBANK,2022-11-04 12:40:00+05:30,0.0745,0.0754,11,7.0,0.1492,64.29,0.2821,0,0.4389,,0,0,1,1,0,1,2022-11-04 12:40:00+05:30,2022-11-04 12:45:00+05:30,2022-11-04 15:00:00+05:30,865.45,862.1821428571428,871.332142857143,0.5,EOD+
S1221,AXISBANK,2022-11-04 12:50:00+05:30,0.0661,0.0676,0,,0.0588,70.83,1.069,0,0.8243,,0,1,1,1,0,1,2022-11-04 12:50:00+05:30,2022-11-04 12:55:00+05:30,2022-11-04 14:10:00+05:30,866.55,863.4696428571427,872.094642857143,-3.0804,L
S1222,AXISBANK,2022-11-04 13:45:00+05:30,0.0778,0.1133,10,2.0,0.4518,78.57,-0.485,0,0.8041,0.0,1,0,1,0,1,2,2022-11-04 13:50:00+05:30,2022-11-04 13:55:00+05:30,2022-11-04 14:05:00+05:30,867.9,864.6767857142856,873.7017857142857,-3.2232,L
S1223,AXISBANK,2022-11-07 09:50:00+05:30,0.1824,,7,7.0,0.0579,12.82,4.3333,0,0.5625,,0,0,0,1,0,1,2022-11-07 09:50:00+05:30,2022-11-07 09:55:00+05:30,2022-11-07 10:55:00+05:30,869.85,863.3678571428571,881.5178571428572,-6.4821,L
S1224,AXISBANK,2022-11-07 10:00:00+05:30,0.1311,0.2184,0,,0.174,16.67,-0.7765,0,0.3488,1.0,1,0,1,0,1,2,2022-11-07 10:05:00+05:30,2022-11-07 10:10:00+05:30,2022-11-07 10:55:00+05:30,870.05,863.6214285714285,881.6214285714286,-6.4286,L
S1225,AXISBANK,2022-11-07 11:20:00+05:30,-0.3074,-0.2126,0,,3.4452,83.33,-0.9487,0,2.4362,1.0,3,0,0,0,3,4,2022-11-07 11:35:00+05:30,2022-11-07 11:40:00+05:30,2022-11-07 15:00:00+05:30,865.8,862.2642857142856,872.1642857142857,6.3643,W
S1226,AXISBANK,2022-11-07 11:55:00+05:30,-0.1009,-0.1818,2,1.0,0.478,14.81,0.5714,0,0.7494,,0,1,0,1,0,1,2022-11-07 11:55:00+05:30,2022-11-07 12:00:00+05:30,2022-11-07 14:30:00+05:30,865.15,861.4892857142856,871.7392857142858,6.5893,W
S1227,AXISBANK,2022-11-07 12:05:00+05:30,-0.0839,-0.1171,0,,0.1516,48.0,1.2472,0,0.6327,,0,0,1,1,0,1,2022-11-07 12:05:00+05:30,2022-11-07 12:10:00+05:30,2022-11-07 14:30:00+05:30,865.25,861.5803571428571,871.8553571428572,6.6054,W
S1228,AXISBANK,2022-11-07 13:05:00+05:30,0.112,0.0725,11,10.0,0.3171,11.11,-0.2793,0,0.4925,0.0,1,0,1,0,1,2,2022-11-07 13:10:00+05:30,2022-11-07 13:15:00+05:30,2022-11-07 15:00:00+05:30,866.3,861.925,874.175,2.25,EOD+
S1229,AXISBANK,2022-11-07 13:40:00+05:30,-0.0202,0.0268,0,,1.3199,32.0,-0.9472,0,1.9475,1.0,3,0,1,0,3,4,2022-11-07 13:55:00+05:30,2022-11-07 14:00:00+05:30,2022-11-07 15:00:00+05:30,865.8,862.2107142857143,872.2607142857142,6.4607,W
S1230,AXISBANK,2022-11-09 09:40:00+05:30,0.2232,,5,5.0,0.1606,22.5,1.7545,0,0.7574,,0,0,1,1,0,1,2022-11-09 09:40:00+05:30,2022-11-09 09:45:00+05:30,2022-11-09 15:00:00+05:30,873.6,867.1,885.3000000000001,0.6,EOD+
S1231,AXISBANK,2022-11-09 09:55:00+05:30,0.1572,0.2232,1,1.0,0.0292,22.22,12.7931,0,0.5039,,0,0,0,1,0,1,2022-11-09 09:55:00+05:30,2022-11-09 10:00:00+05:30,2022-11-09 15:00:00+05:30,874.15,867.9446428571429,885.3196428571429,0.05,EOD+
S1232,AXISBANK,2022-11-09 10:25:00+05:30,0.0684,0.097,0,,1.3778,7.69,-0.7988,0,0.8073,1.0,3,1,1,0,3,4,2022-11-09 10:40:00+05:30,2022-11-09 10:45:00+05:30,2022-11-09 15:00:00+05:30,874.25,869.7410714285714,882.3660714285714,-0.05,EOD-
S1233,AXISBANK,2022-11-09 10:55:00+05:30,-0.0298,0.0089,0,,0.7462,28.57,-1.0,0,0.5229,0.0,3,1,1,0,3,4,2022-11-09 11:10:00+05:30,2022-11-09 11:15:00+05:30,2022-11-09 12:20:00+05:30,874.15,870.3642857142856,880.9642857142858,-3.7857,L
S1234,AXISBANK,2022-11-09 12:00:00+05:30,0.0609,0.0183,9,3.0,0.2742,27.27,0.4634,0,0.7352,,0,0,1,1,0,1,2022-11-09 12:00:00+05:30,2022-11-09 12:05:00+05:30,2022-11-09 12:15:00+05:30,873.85,871.0464285714286,878.8964285714286,-2.8036,L
S1235,AXISBANK,2022-11-09 12:25:00+05:30,-0.028,0.0492,0,,1.8272,72.22,-0.9437,0,0.7877,1.0,3,1,0,0,3,4,2022-11-09 12:40:00+05:30,2022-11-09 12:45:00+05:30,2022-11-09 14:15:00+05:30,873.85,870.2071428571428,880.407142857143,6.5571,W
S1236,AXISBANK,2022-11-09 12:50:00+05:30,0.0074,-0.0389,0,,0.3768,45.0,-1.0,0,0.8927,1.0,2,0,0,0,2,3,2022-11-09 13:00:00+05:30,2022-11-09 13:05:00+05:30,2022-11-09 14:15:00+05:30,874.1,870.6,880.4000000000001,6.3,W
S1237,AXISBANK,2022-11-09 13:15:00+05:30,-0.0072,0.0026,2,2.0,0.1548,28.57,0.8605,0,0.8896,,0,1,1,1,0,1,2022-11-09 13:15:00+05:30,2022-11-09 13:20:00+05:30,2022-11-09 14:15:00+05:30,873.7,870.2267857142857,879.9517857142858,6.2518,W
S1238,AXISBANK,2022-11-10 12:10:00+05:30,-0.0962,-0.0658,0,,1.3601,68.75,-0.76,0,1.3185,1.0,3,1,0,0,3,4,2022-11-10 12:25:00+05:30,2022-11-10 12:30:00+05:30,2022-11-10 14:45:00+05:30,846.7,843.2535714285715,852.9035714285715,-3.4464,L
S1239,AXISBANK,2022-11-10 12:40:00+05:30,-0.0419,-0.0969,1,1.0,0.0644,4.76,5.25,0,0.6676,,0,1,0,1,0,1,2022-11-10 12:40:00+05:30,2022-11-10 12:45:00+05:30,2022-11-10 14:45:00+05:30,847.1,843.9928571428572,852.6928571428571,-3.1071,L
S1240,AXISBANK,2022-11-10 12:50:00+05:30,-0.0289,-0.0611,0,,0.2429,52.63,0.3559,0,0.7033,,0,0,1,1,0,1,2022-11-10 12:50:00+05:30,2022-11-10 12:55:00+05:30,2022-11-10 14:45:00+05:30,846.5,843.4642857142858,851.9642857142856,-3.0357,L
S1241,AXISBANK,2022-11-10 13:00:00+05:30,-0.0257,-0.0322,0,,0.8745,14.29,-0.7115,0,0.8872,1.0,2,0,0,0,2,3,2022-11-10 13:10:00+05:30,2022-11-10 13:15:00+05:30,2022-11-10 14:45:00+05:30,846.45,843.4767857142858,851.8017857142856,-2.9732,L
S1242,AXISBANK,2022-11-10 13:20:00+05:30,0.0009,-0.0239,0,,0.3818,47.62,-0.3827,0,0.4665,,0,1,1,1,0,1,2022-11-10 13:20:00+05:30,2022-11-10 13:25:00+05:30,2022-11-10 14:45:00+05:30,846.9,844.2482142857143,851.6732142857143,-2.6518,L
S1243,AXISBANK,2022-11-10 13:30:00+05:30,0.0086,-0.0071,0,,0.5793,10.0,0.1667,0,0.8397,,0,0,1,1,0,1,2022-11-10 13:30:00+05:30,2022-11-10 13:35:00+05:30,2022-11-10 14:45:00+05:30,846.45,843.8607142857144,851.1107142857143,-2.5893,L
S1244,AXISBANK,2022-11-10 13:55:00+05:30,0.0313,0.0216,3,3.0,0.1615,13.33,1.7273,0,0.9564,,0,0,1,1,0,1,2022-11-10 13:55:00+05:30,2022-11-10 14:00:00+05:30,2022-11-10 14:30:00+05:30,847.0,844.4464285714286,851.5964285714285,-2.5536,L
S1245,AXISBANK,2022-11-10 14:15:00+05:30,0.0369,0.0384,3,2.0,0.3193,58.62,-0.1304,0,1.2487,0.0,2,0,1,0,2,3,2022-11-10 14:25:00+05:30,2022-11-10 14:30:00+05:30,2022-11-10 14:45:00+05:30,847.0,843.8482142857143,852.6732142857143,-3.1518,L
S1246,AXISBANK,2022-11-11 11:35:00+05:30,-0.1667,-0.1456,0,,2.2782,39.29,-0.9369,0,1.9161,1.0,3,0,0,0,3,4,2022-11-11 11:50:00+05:30,2022-11-11 11:55:00+05:30,2022-11-11 15:00:00+05:30,848.7,844.3517857142857,856.5267857142858,1.9,EOD+
S1247,AXISBANK,2022-11-11 12:50:00+05:30,0.0659,0.0916,0,,0.845,0.0,-0.5499,0,0.7783,1.0,3,1,0,0,3,4,2022-11-11 13:05:00+05:30,2022-11-11 13:10:00+05:30,2022-11-11 15:00:00+05:30,850.0,844.7410714285714,859.4660714285714,0.6,EOD+
S1248,AXISBANK,2022-11-11 13:15:00+05:30,0.0962,0.0609,0,,0.6459,17.95,-0.8326,0,0.5054,0.0,2,1,1,0,2,3,2022-11-11 13:25:00+05:30,2022-11-11 13:30:00+05:30,2022-11-11 15:00:00+05:30,850.9,846.275,859.2249999999999,-0.3,EOD-
S1249,AXISBANK,2022-11-11 13:50:00+05:30,-0.0185,0.0908,0,,1.3038,62.5,-0.7823,0,1.6932,1.0,3,1,0,0,3,4,2022-11-11 14:05:00+05:30,2022-11-11 14:10:00+05:30,2022-11-11 15:00:00+05:30,851.05,847.0857142857143,858.1857142857142,-0.45,EOD-
S1250,AXISBANK,2022-11-14 09:15:00+05:30,,,0,,1.3148,49.54,-0.17,0,1.9389,,0,0,0,1,0,1,2022-11-14 09:15:00+05:30,2022-11-14 09:20:00+05:30,2022-11-14 09:50:00+05:30,853.15,848.4535714285714,861.6035714285714,-4.6964,L
S1251,AXISBANK,2022-11-14 09:25:00+05:30,,,1,1.0,0.3084,18.18,1.2656,0,0.548,,0,0,0,1,0,1,2022-11-14 09:25:00+05:30,2022-11-14 09:30:00+05:30,2022-11-14 15:00:00+05:30,851.95,846.7625,861.2875,-2.5,EOD-
S1252,AXISBANK,2022-11-14 09:35:00+05:30,,,0,,0.0973,36.0,-0.0361,0,0.2789,,0,0,1,1,0,1,2022-11-14 09:35:00+05:30,2022-11-14 09:40:00+05:30,2022-11-14 15:00:00+05:30,851.65,846.3196428571429,861.2446428571428,-2.2,EOD-
S1253,AXISBANK,2022-11-14 10:50:00+05:30,-0.0635,-0.0491,0,,1.2634,4.35,-0.7333,0,0.736,1.0,3,0,0,0,3,4,2022-11-14 11:05:00+05:30,2022-11-14 11:10:00+05:30,2022-11-14 15:00:00+05:30,849.6,846.2607142857142,855.6107142857144,-0.15,EOD-
S1254,AXISBANK,2022-11-14 11:15:00+05:30,-0.0807,-0.0889,0,,0.0019,28.57,99.0,0,0.7602,,0,0,0,1,0,1,2022-11-14 11:15:00+05:30,2022-11-14 11:20:00+05:30,2022-11-14 15:00:00+05:30,849.55,846.2910714285713,855.4160714285715,-0.1,EOD-
S1255,AXISBANK,2022-11-14 11:25:00+05:30,-0.048,-0.0845,0,,0.5965,66.67,-0.6599,0,0.7333,0.0,1,0,0,0,1,2,2022-11-14 11:30:00+05:30,2022-11-14 11:35:00+05:30,2022-11-14 15:00:00+05:30,849.9,846.8196428571428,855.4446428571429,-0.45,EOD-
S1256,AXISBANK,2022-11-14 12:10:00+05:30,0.0132,0.0115,7,6.0,1.8637,41.86,-0.3579,0,0.6159,0.0,2,1,1,0,2,3,2022-11-14 12:20:00+05:30,2022-11-14 12:25:00+05:30,2022-11-14 15:00:00+05:30,849.8,847.7107142857142,853.5607142857143,-0.35,EOD-
S1257,AXISBANK,2022-11-14 13:05:00+05:30,-0.0097,-0.0029,0,,0.7645,38.89,-0.625,0,2.1708,1.0,3,0,1,0,3,4,2022-11-14 13:20:00+05:30,2022-11-14 13:25:00+05:30,2022-11-14 15:00:00+05:30,849.95,847.3339285714286,854.6589285714286,-0.5,EOD-
S1258,AXISBANK,2022-11-14 13:30:00+05:30,0.0026,-0.0053,1,1.0,0.3596,43.75,1.9586,0,5.1163,,0,0,0,1,0,1,2022-11-14 13:30:00+05:30,2022-11-14 13:35:00+05:30,2022-11-14 15:00:00+05:30,849.95,847.0125,855.2375000000001,-0.5,EOD-
S1259,AXISBANK,2022-11-14 13:40:00+05:30,0.0106,0.0029,0,,0.0315,15.0,11.5,0,0.9887,,0,0,1,1,0,1,2022-11-14 13:40:00+05:30,2022-11-14 13:45:00+05:30,2022-11-14 15:00:00+05:30,850.0,846.8303571428571,855.7053571428572,-0.55,EOD-
S1260,AXISBANK,2022-11-14 13:50:00+05:30,0.0106,0.0068,1,1.0,0.0385,27.59,2.0,0,1.0578,,0,1,0,1,0,1,2022-11-14 13:50:00+05:30,2022-11-14 13:55:00+05:30,2022-11-14 15:00:00+05:30,850.15,846.9,856.0,-0.7,EOD-
S1261,AXISBANK,2022-11-14 14:20:00+05:30,0.0297,0.0227,5,3.0,0.3074,30.0,0.1613,0,0.4065,,0,0,1,1,0,1,2022-11-14 14:20:00+05:30,2022-11-14 14:25:00+05:30,2022-11-14 15:00:00+05:30,849.7,846.5482142857144,855.3732142857143,-0.25,EOD-
S1262,AXISBANK,2022-11-14 14:30:00+05:30,0.0359,0.0303,0,,0.0299,30.0,8.3333,0,0.6942,,0,0,0,1,0,1,2022-11-14 14:30:00+05:30,2022-11-14 14:35:00+05:30,2022-11-14 15:00:00+05:30,850.15,847.0160714285714,855.7910714285714,-0.7,EOD-
S1263,AXISBANK,2022-11-15 09:15:00+05:30,,,0,,0.4039,13.75,1.6178,0,1.6017,,0,0,0,1,0,1,2022-11-15 09:15:00+05:30,2022-11-15 09:20:00+05:30,2022-11-15 09:25:00+05:30,851.75,848.7946428571429,857.0696428571429,-2.9554,L
S1264,AXISBANK,2022-11-15 09:50:00+05:30,-0.0632,,0,,1.45,16.13,-0.8922,0,0.8008,1.0,3,1,0,0,3,4,2022-11-15 10:05:00+05:30,2022-11-15 10:10:00+05:30,2022-11-15 14:45:00+05:30,851.1,847.1,858.3000000000001,7.2,W
S1265,AXISBANK,2022-11-15 10:25:00+05:30,0.0462,-0.0162,3,1.0,0.2673,55.56,0.0405,0,0.5275,,0,0,0,1,0,1,2022-11-15 10:25:00+05:30,2022-11-15 10:30:00+05:30,2022-11-15 14:30:00+05:30,850.0,845.9553571428571,857.2803571428572,7.2804,W
S1266,AXISBANK,2022-11-15 10:35:00+05:30,0.0144,0.0362,0,,0.2754,64.44,-1.0,0,1.8124,1.0,2,0,0,0,2,3,2022-11-15 10:45:00+05:30,2022-11-15 10:50:00+05:30,2022-11-15 14:25:00+05:30,850.1,846.3321428571428,856.882142857143,6.7821,W
S1267,AXISBANK,2022-11-15 11:00:00+05:30,-0.0459,-0.0321,2,1.0,0.168,23.53,0.5556,0,1.6598,,0,0,0,1,0,1,2022-11-15 11:00:00+05:30,2022-11-15 11:05:00+05:30,2022-11-15 14:25:00+05:30,849.7,846.3517857142858,855.7267857142857,6.0268,W
S1268,AXISBANK,2022-11-15 12:10:00+05:30,-0.0465,-0.0074,0,,1.2031,33.33,-0.7273,0,1.0659,1.0,3,0,0,0,3,4,2022-11-15 12:25:00+05:30,2022-11-15 12:30:00+05:30,2022-11-15 14:25:00+05:30,850.1,847.8142857142858,854.2142857142857,4.1143,W
S1269,AXISBANK,2022-11-15 12:35:00+05:30,-0.0068,-0.0291,0,,0.7343,46.67,-0.7665,0,1.3506,1.0,2,0,0,0,2,3,2022-11-15 12:45:00+05:30,2022-11-15 12:50:00+05:30,2022-11-15 14:25:00+05:30,850.0,847.8125,853.9375,3.9375,W
S1270,AXISBANK,2022-11-15 12:55:00+05:30,-0.0085,-0.0053,0,,0.0593,0.0,3.7619,0,0.8759,,0,0,0,1,0,1,2022-11-15 12:55:00+05:30,2022-11-15 13:00:00+05:30,2022-11-15 14:25:00+05:30,850.0,847.7857142857142,853.9857142857143,3.9857,W
S1271,AXISBANK,2022-11-15 13:05:00+05:30,-0.0153,-0.0074,0,,0.4544,36.84,-0.6273,0,0.5786,,0,0,1,1,0,1,2022-11-15 13:05:00+05:30,2022-11-15 13:10:00+05:30,2022-11-15 14:25:00+05:30,849.8,847.5857142857142,853.7857142857143,3.9857,W
S1272,AXISBANK,2022-11-15 13:15:00+05:30,-0.023,-0.0129,0,,0.6053,33.33,-0.9052,0,1.209,1.0,1,0,0,0,1,2,2022-11-15 13:20:00+05:30,2022-11-15 13:25:00+05:30,2022-11-15 14:25:00+05:30,850.35,848.1714285714286,854.2714285714287,3.9214,W
S1273,AXISBANK,2022-11-15 13:30:00+05:30,-0.0106,-0.023,1,1.0,0.2297,7.14,0.1765,0,0.5417,,0,0,1,1,0,1,2022-11-15 13:30:00+05:30,2022-11-15 13:35:00+05:30,2022-11-15 14:25:00+05:30,849.65,847.3375,853.8125,4.1625,W
S1274,AXISBANK,2022-11-15 13:40:00+05:30,0.0118,-0.0124,0,,0.0792,65.79,2.2258,0,1.6146,,0,1,0,1,0,1,2022-11-15 13:40:00+05:30,2022-11-15 13:45:00+05:30,2022-11-15 14:25:00+05:30,851.45,849.0035714285715,855.8535714285715,4.4036,W
S1275,AXISBANK,2022-11-15 14:05:00+05:30,0.0365,0.0294,4,4.0,0.0374,31.58,15.0,0,1.2151,,0,1,0,1,0,1,2022-11-15 14:05:00+05:30,2022-11-15 14:10:00+05:30,2022-11-15 14:25:00+05:30,850.65,848.1410714285714,855.1660714285714,4.5161,W
S1276,AXISBANK,2022-11-16 09:35:00+05:30,,,4,4.0,0.0148,65.22,12.3333,0,0.5817,,0,0,0,1,0,1,2022-11-16 09:35:00+05:30,2022-11-16 09:40:00+05:30,2022-11-16 11:05:00+05:30,859.6,854.5375,868.7125,-5.0625,L
S1277,AXISBANK,2022-11-16 09:45:00+05:30,0.21,,0,,0.7329,53.06,-0.8395,0,0.2662,0.0,3,1,1,0,3,4,2022-11-16 10:00:00+05:30,2022-11-16 10:05:00+05:30,2022-11-16 12:15:00+05:30,858.45,853.1375,868.0125,-5.3125,L
S1278,AXISBANK,2022-11-16 12:55:00+05:30,-0.041,-0.0752,0,,0.605,25.0,-0.7309,0,0.773,1.0,3,1,1,0,3,4,2022-11-16 13:10:00+05:30,2022-11-16 13:15:00+05:30,2022-11-16 14:40:00+05:30,854.5,852.1964285714286,858.6464285714286,-2.3036,L
S1279,AXISBANK,2022-11-16 13:20:00+05:30,-0.0407,-0.0237,0,,0.5209,22.22,0.25,0,0.8079,,0,0,1,1,0,1,2022-11-16 13:20:00+05:30,2022-11-16 13:25:00+05:30,2022-11-16 14:45:00+05:30,853.8,851.1125,858.6375,-2.6875,L
S1280,AXISBANK,2022-11-16 13:30:00+05:30,-0.0334,-0.0372,1,1.0,0.224,12.5,0.6667,0,0.6848,,0,0,1,1,0,1,2022-11-16 13:30:00+05:30,2022-11-16 13:35:00+05:30,2022-11-16 14:45:00+05:30,853.9,851.2214285714285,858.7214285714286,-2.6786,L
S1281,AXISBANK,2022-11-16 14:10:00+05:30,0.0802,0.0603,7,4.0,0.083,61.9,0.6216,0,0.8046,,0,0,1,1,0,1,2022-11-16 14:10:00+05:30,2022-11-16 14:15:00+05:30,2022-11-16 14:40:00+05:30,854.6,851.8142857142857,859.6142857142858,-2.7857,L
S1282,AXISBANK,2022-11-17 11:20:00+05:30,-0.1481,-0.0467,0,,2.1856,43.48,-0.8237,0,1.032,1.0,3,0,0,0,3,4,2022-11-17 11:35:00+05:30,2022-11-17 11:40:00+05:30,2022-11-17 13:25:00+05:30,855.35,852.4303571428571,860.6053571428572,5.2554,W
S1283,AXISBANK,2022-11-17 11:45:00+05:30,-0.0944,-0.1575,0,,0.2833,51.61,1.029,0,1.4614,,0,0,0,1,0,1,2022-11-17 11:45:00+05:30,2022-11-17 11:50:00+05:30,2022-11-17 15:00:00+05:30,856.2,853.1553571428572,861.6803571428572,2.55,EOD+
S1284,AXISBANK,2022-11-17 13:40:00+05:30,0.1083,0.141,22,3.0,0.2064,75.86,0.6216,0,4.438,,0,0,0,1,0,1,2022-11-17 13:40:00+05:30,2022-11-17 13:45:00+05:30,2022-11-17 13:55:00+05:30,859.0,856.7589285714286,863.0339285714285,-2.2411,L
S1285,AXISBANK,2022-11-17 13:50:00+05:30,0.0536,0.1223,0,,1.7257,60.61,-0.8873,0,1.1768,1.0,3,0,0,0,3,4,2022-11-17 14:05:00+05:30,2022-11-17 14:10:00+05:30,2022-11-17 15:00:00+05:30,859.25,856.6785714285714,863.8785714285714,-0.5,EOD-
S1286,AXISBANK,2022-11-17 14:15:00+05:30,0.0306,0.0079,1,1.0,0.0839,75.0,1.2857,0,1.8631,,0,1,0,1,0,1,2022-11-17 14:15:00+05:30,2022-11-17 14:20:00+05:30,2022-11-17 14:25:00+05:30,860.15,857.5428571428571,864.842857142857,-2.6071,L
S1287,AXISBANK,2022-11-18 11:10:00+05:30,-0.0397,0.0643,0,,1.093,21.21,-0.7325,0,0.9733,0.0,3,1,0,0,3,4,2022-11-18 11:25:00+05:30,2022-11-18 11:30:00+05:30,2022-11-18 12:55:00+05:30,862.3,858.4517857142857,869.2267857142856,-3.8482,L
S1288,AXISBANK,2022-11-18 11:35:00+05:30,-0.0354,-0.0795,0,,0.7925,12.5,-0.3206,0,0.5681,1.0,1,0,1,0,1,2,2022-11-18 11:40:00+05:30,2022-11-18 11:45:00+05:30,2022-11-18 12:55:00+05:30,862.4,858.6857142857143,869.0857142857142,-3.7143,L
S1289,AXISBANK,2022-11-18 11:50:00+05:30,-0.0261,-0.0354,0,,0.4481,9.52,0.2403,0,0.4458,,0,0,1,1,0,1,2022-11-18 11:50:00+05:30,2022-11-18 11:55:00+05:30,2022-11-18 12:55:00+05:30,861.8,858.2017857142857,868.2767857142856,-3.5982,L
S1290,AXISBANK,2022-11-18 14:10:00+05:30,-0.1635,-0.2021,0,,1.7322,52.38,-0.9315,0,0.8451,1.0,3,0,1,0,3,4,2022-11-18 14:25:00+05:30,2022-11-18 14:30:00+05:30,2022-11-18 15:00:00+05:30,857.6,854.4392857142857,863.2892857142858,0.25,EOD+
S1291,AXISBANK,2022-11-21 10:45:00+05:30,0.1829,0.2399,18,5.0,0.4634,33.33,0.2012,0,0.8581,,0,1,0,1,0,1,2022-11-21 10:45:00+05:30,2022-11-21 10:50:00+05:30,2022-11-21 15:00:00+05:30,864.15,859.6589285714285,872.2339285714286,3.3,EOD+
S1292,AXISBANK,2022-11-21 11:40:00+05:30,0.1212,0.1216,9,1.0,0.0884,55.0,2.6735,0,0.473,,0,1,1,1,0,1,2022-11-21 11:40:00+05:30,2022-11-21 11:45:00+05:30,2022-11-21 15:00:00+05:30,866.5,863.0357142857142,872.7357142857143,0.95,EOD+
S1293,AXISBANK,2022-11-21 12:05:00+05:30,0.0427,0.0877,3,3.0,0.2388,76.92,0.0256,0,0.6217,,0,0,0,1,0,1,2022-11-21 12:05:00+05:30,2022-11-21 12:10:00+05:30,2022-11-21 15:00:00+05:30,866.5,863.4375,872.0124999999999,0.95,EOD+
S1294,AXISBANK,2022-11-21 12:15:00+05:30,0.0219,0.056,0,,0.0455,62.86,-0.0476,0,0.5959,,0,1,1,1,0,1,2022-11-21 12:15:00+05:30,2022-11-21 12:20:00+05:30,2022-11-21 15:00:00+05:30,867.75,864.8660714285714,872.9410714285714,-0.3,EOD-
S1295,AXISBANK,2022-11-21 12:25:00+05:30,0.0407,0.0268,1,1.0,0.0532,50.0,-0.1667,0,0.7238,1.0,1,0,1,0,1,2,2022-11-21 12:30:00+05:30,2022-11-21 12:35:00+05:30,2022-11-21 15:00:00+05:30,867.0,864.1785714285714,872.0785714285713,0.45,EOD+
S1296,AXISBANK,2022-11-21 13:05:00+05:30,0.0484,0.06,5,2.0,0.0125,63.64,31.0,0,0.9383,,0,0,1,1,0,1,2022-11-21 13:05:00+05:30,2022-11-21 13:10:00+05:30,2022-11-21 15:00:00+05:30,867.95,865.45,872.45,-0.5,EOD-
S1297,AXISBANK,2022-11-21 13:15:00+05:30,0.028,0.0599,0,,0.8366,67.74,-0.8281,0,0.791,1.0,2,1,0,0,2,3,2022-11-21 13:25:00+05:30,2022-11-21 13:30:00+05:30,2022-11-21 15:00:00+05:30,868.15,865.5428571428571,872.842857142857,-0.7,EOD-
S1298,AXISBANK,2022-11-21 13:35:00+05:30,0.0017,0.017,1,1.0,0.499,51.61,-0.3519,0,0.8171,1.0,2,0,0,0,2,3,2022-11-21 13:45:00+05:30,2022-11-21 13:50:00+05:30,2022-11-21 15:00:00+05:30,868.1,865.3946428571429,872.9696428571428,-0.65,EOD-
S1299,AXISBANK,2022-11-21 13:55:00+05:30,0.0158,0.0012,0,,0.0963,8.33,3.3902,0,0.7923,,0,0,1,1,0,1,2022-11-21 13:55:00+05:30,2022-11-21 14:00:00+05:30,2022-11-21 15:00:00+05:30,868.15,865.4892857142856,872.9392857142857,-0.7,EOD-
S1300,AXISBANK,2022-11-22 10:45:00+05:30,0.1415,0.202,18,5.0,0.2852,40.91,-0.4545,0,0.9364,1.0,1,0,0,0,1,2,2022-11-22 10:50:00+05:30,2022-11-22 10:55:00+05:30,2022-11-22 11:25:00+05:30,874.75,872.3392857142858,879.0892857142857,-2.4107,L
S1301,AXISBANK,2022-11-22 11:00:00+05:30,0.0952,0.1415,0,,0.7187,39.29,-0.0879,0,0.7808,,0,1,1,1,0,1,2022-11-22 11:00:00+05:30,2022-11-22 11:05:00+05:30,2022-11-22 11:20:00+05:30,875.45,872.7803571428573,880.2553571428571,-2.6696,L
S1302,AXISBANK,2022-11-22 12:50:00+05:30,-0.1493,-0.1584,0,,1.4353,25.0,-0.8462,0,1.2839,1.0,3,0,0,0,3,4,2022-11-22 13:05:00+05:30,2022-11-22 13:10:00+05:30,2022-11-22 15:00:00+05:30,870.2,867.3696428571429,875.2946428571429,-0.6,EOD-
S1303,AXISBANK,2022-11-22 13:20:00+05:30,-0.0721,-0.1215,1,1.0,1.0605,80.49,-0.7792,0,1.634,1.0,1,1,0,0,1,2,2022-11-22 13:25:00+05:30,2022-11-22 13:30:00+05:30,2022-11-22 15:00:00+05:30,870.0,867.3303571428571,874.8053571428572,-0.4,EOD-
S1304,AXISBANK,2022-11-22 13:35:00+05:30,-0.0417,-0.0721,1,1.0,0.125,6.25,2.2727,0,0.6396,,0,1,1,1,0,1,2022-11-22 13:35:00+05:30,2022-11-22 13:40:00+05:30,2022-11-22 15:00:00+05:30,870.0,867.25,874.95,-0.4,EOD-
S1305,AXISBANK,2022-11-22 13:50:00+05:30,0.0057,-0.0417,2,1.0,0.7166,45.16,-0.404,0,1.3911,1.0,1,0,0,0,1,2,2022-11-22 13:55:00+05:30,2022-11-22 14:00:00+05:30,2022-11-22 15:00:00+05:30,869.95,867.3160714285715,874.6910714285715,-0.35,EOD-
S1306,AXISBANK,2022-11-22 14:05:00+05:30,0.0221,0.0057,0,,0.9556,15.0,-0.4419,0,0.9822,0.0,3,0,1,0,3,4,2022-11-22 14:20:00+05:30,2022-11-22 14:25:00+05:30,2022-11-22 15:00:00+05:30,869.8,866.9875,874.8625,-0.2,EOD-
S1307,AXISBANK,2022-11-23 09:20:00+05:30,,,1,1.0,0.8651,70.18,-0.4606,0,0.8597,0.0,1,1,1,0,1,2,2022-11-23 09:25:00+05:30,2022-11-23 09:30:00+05:30,2022-11-23 12:10:00+05:30,870.95,867.4678571428572,877.2178571428573,6.2679,W
S1308,AXISBANK,2022-11-23 09:45:00+05:30,0.0635,,3,1.0,0.0334,30.23,24.2174,0,1.9052,,0,0,0,1,0,1,2022-11-23 09:45:00+05:30,2022-11-23 09:50:00+05:30,2022-11-23 15:00:00+05:30,871.9,867.5964285714285,879.6464285714286,5.1,EOD+
S1309,AXISBANK,2022-11-23 10:35:00+05:30,0.0891,0.1153,9,9.0,0.0036,48.28,89.0,0,0.4123,,0,0,0,1,0,1,2022-11-23 10:35:00+05:30,2022-11-23 10:40:00+05:30,2022-11-23 15:00:00+05:30,873.45,870.0214285714286,879.6214285714286,3.55,EOD+
S1310,AXISBANK,2022-11-23 11:25:00+05:30,0.0761,0.1127,9,6.0,2.213,10.2,0.071,0,3.1344,,0,0,0,1,0,1,2022-11-23 11:25:00+05:30,2022-11-23 11:30:00+05:30,2022-11-23 15:00:00+05:30,874.15,871.8821428571428,878.2321428571429,2.85,EOD+
S1311,AXISBANK,2022-11-23 11:35:00+05:30,0.0403,0.0924,0,,0.322,38.46,0.2174,0,0.7906,,0,0,1,1,0,1,2022-11-23 11:35:00+05:30,2022-11-23 11:40:00+05:30,2022-11-23 15:00:00+05:30,874.25,872.0178571428571,878.2678571428572,2.75,EOD+
S1312,AXISBANK,2022-11-23 11:55:00+05:30,0.0432,0.0317,2,1.0,0.1092,30.95,13.359,0,1.186,,0,0,0,1,0,1,2022-11-23 11:55:00+05:30,2022-11-23 12:00:00+05:30,2022-11-23 13:15:00+05:30,876.35,874.1178571428571,880.3678571428572,-2.2321,L
S1313,AXISBANK,2022-11-23 12:35:00+05:30,0.0697,0.1017,7,3.0,0.0772,64.29,1.5,0,0.4708,,0,1,0,1,0,1,2022-11-23 12:35:00+05:30,2022-11-23 12:40:00+05:30,2022-11-23 15:00:00+05:30,875.7,873.1107142857143,880.3607142857144,1.3,EOD+
S1314,AXISBANK,2022-11-23 12:55:00+05:30,0.0411,0.0591,2,1.0,0.2412,37.5,-0.1304,0,0.4585,1.0,1,0,1,0,1,2,2022-11-23 13:00:00+05:30,2022-11-23 13:05:00+05:30,2022-11-23 15:00:00+05:30,876.05,873.6660714285714,880.3410714285714,0.95,EOD+
S1315,AXISBANK,2022-11-23 13:25:00+05:30,0.0029,0.032,0,,1.9306,66.67,-1.0,0,0.9544,1.0,3,0,0,0,3,4,2022-11-23 13:40:00+05:30,2022-11-23 13:45:00+05:30,2022-11-23 15:00:00+05:30,876.0,873.75,880.05,1.0,EOD+
S1316,AXISBANK,2022-11-23 13:50:00+05:30,-0.0263,-0.0154,0,,0.756,33.33,-0.5885,0,2.1664,1.0,1,0,0,0,1,2,2022-11-23 13:55:00+05:30,2022-11-23 14:00:00+05:30,2022-11-23 15:00:00+05:30,876.5,874.4910714285714,880.1160714285714,0.5,EOD+
S1317,AXISBANK,2022-11-24 10:15:00+05:30,0.0661,0.0701,12,12.0,0.541,41.67,0.278,0,0.6603,,0,0,0,1,0,1,2022-11-24 10:15:00+05:30,2022-11-24 10:20:00+05:30,2022-11-24 13:20:00+05:30,878.0,874.3839285714286,884.5089285714286,-3.6161,L
S1318,AXISBANK,2022-11-24 10:30:00+05:30,0.0467,0.0661,1,1.0,0.095,0.0,0.9512,0,0.359,,0,1,0,1,0,1,2022-11-24 10:30:00+05:30,2022-11-24 10:35:00+05:30,2022-11-24 13:15:00+05:30,877.7,875.0035714285715,882.5535714285714,-2.6964,L
S1319,AXISBANK,2022-11-24 10:40:00+05:30,0.0743,0.0433,0,,0.5238,35.29,-0.1589,0,0.6083,1.0,1,0,1,0,1,2,2022-11-24 10:45:00+05:30,2022-11-24 10:50:00+05:30,2022-11-24 13:10:00+05:30,878.1,875.5464285714286,882.6964285714287,-2.5536,L
S1320,AXISBANK,2022-11-24 11:00:00+05:30,0.0783,0.0942,1,1.0,0.2877,43.75,0.5385,0,0.6378,,0,0,1,1,0,1,2022-11-24 11:00:00+05:30,2022-11-24 11:05:00+05:30,2022-11-24 13:10:00+05:30,878.45,876.1910714285715,882.5160714285715,-2.2589,L
S1321,AXISBANK,2022-11-24 11:10:00+05:30,0.0225,0.0988,0,,0.0054,36.36,49.0,0,0.7557,,0,0,0,1,0,1,2022-11-24 11:10:00+05:30,2022-11-24 11:15:00+05:30,2022-11-24 13:10:00+05:30,878.65,876.3285714285714,882.8285714285714,-2.3214,L
S1322,AXISBANK,2022-11-24 11:20:00+05:30,-0.0046,0.0501,1,1.0,0.6444,12.5,0.3793,0,0.9116,,0,0,0,1,0,1,2022-11-24 11:20:00+05:30,2022-11-24 11:25:00+05:30,2022-11-24 13:10:00+05:30,878.45,876.2,882.5,-2.25,L
S1323,AXISBANK,2022-11-24 11:50:00+05:30,0.0182,0.0174,4,3.0,1.1012,22.22,-0.196,0,1.9014,0.0,2,0,0,0,2,3,2022-11-24 12:00:00+05:30,2022-11-24 12:05:00+05:30,2022-11-24 13:10:00+05:30,878.5,876.2410714285714,882.5660714285714,-2.2589,L
S1324,AXISBANK,2022-11-24 13:40:00+05:30,-0.1278,-0.1131,0,,2.9799,15.0,-0.8369,0,0.77,0.0,3,0,1,0,3,4,2022-11-24 13:55:00+05:30,2022-11-24 14:00:00+05:30,2022-11-24 15:00:00+05:30,876.2,873.6285714285715,880.8285714285714,-1.25,EOD-
S1325,AXISBANK,2022-11-24 14:05:00+05:30,-0.0636,-0.105,0,,0.0506,4.76,9.4348,0,0.9858,,0,0,0,1,0,1,2022-11-24 14:05:00+05:30,2022-11-24 14:10:00+05:30,2022-11-24 15:00:00+05:30,876.5,873.6607142857143,881.6107142857143,-1.55,EOD-
S1326,AXISBANK,2022-11-24 14:15:00+05:30,-0.0497,-0.0799,1,1.0,0.1184,86.67,-0.2982,0,0.8083,1.0,1,1,1,0,1,2,2022-11-24 14:20:00+05:30,2022-11-24 14:25:00+05:30,2022-11-24 15:00:00+05:30,876.55,873.5410714285714,881.9660714285714,-1.6,EOD-
S1327,AXISBANK,2022-11-25 12:15:00+05:30,-0.1197,-0.0894,0,,1.6988,75.0,-0.9417,0,1.5097,1.0,3,1,0,0,3,4,2022-11-25 12:30:00+05:30,2022-11-25 12:35:00+05:30,2022-11-25 15:00:00+05:30,885.45,881.6642857142857,892.2642857142858,3.25,EOD+
S1328,AXISBANK,2022-11-25 12:40:00+05:30,-0.1032,-0.1189,1,1.0,0.1675,17.39,2.3333,0,1.5651,,0,0,0,1,0,1,2022-11-25 12:40:00+05:30,2022-11-25 12:45:00+05:30,2022-11-25 15:00:00+05:30,885.1,881.9660714285715,890.7410714285714,3.6,EOD+
S1329,AXISBANK,2022-11-25 13:25:00+05:30,0.0613,0.0483,8,6.0,0.02,26.67,13.0,0,0.4288,,0,0,1,1,0,1,2022-11-25 13:25:00+05:30,2022-11-25 13:30:00+05:30,2022-11-25 15:00:00+05:30,885.5,882.375,891.125,3.2,EOD+
S1330,AXISBANK,2022-11-25 13:35:00+05:30,0.0776,0.0545,0,,0.0455,20.0,5.6667,0,0.6363,,0,1,1,1,0,1,2022-11-25 13:35:00+05:30,2022-11-25 13:40:00+05:30,2022-11-25 15:00:00+05:30,886.0,883.1160714285714,891.1910714285715,2.7,EOD+
S1331,AXISBANK,2022-11-25 14:10:00+05:30,0.0989,0.1266,6,2.0,0.7805,67.5,-0.3122,0,1.2474,1.0,3,0,0,0,3,4,2022-11-25 14:25:00+05:30,2022-11-25 14:30:00+05:30,2022-11-25 15:00:00+05:30,888.0,884.9732142857143,893.4482142857142,0.7,EOD+
S1332,AXISBANK,2022-11-28 09:15:00+05:30,,,0,,1.2334,24.44,-0.5207,0,1.0638,0.0,3,1,1,0,3,4,2022-11-28 09:30:00+05:30,2022-11-28 09:35:00+05:30,2022-11-28 12:50:00+05:30,888.9,884.2482142857143,897.2732142857143,8.3732,W
S1333,AXISBANK,2022-11-28 10:05:00+05:30,0.02,0.0799,6,4.0,0.3941,31.03,0.0169,0,0.5384,,0,0,0,1,0,1,2022-11-28 10:05:00+05:30,2022-11-28 10:10:00+05:30,2022-11-28 12:05:00+05:30,888.05,883.3714285714285,896.4714285714285,8.4214,W
S1334,AXISBANK,2022-11-28 13:45:00+05:30,0.0775,0.0884,42,1.0,0.0323,81.63,9.6667,0,1.007,,0,1,0,1,0,1,2022-11-28 13:45:00+05:30,2022-11-28 13:50:00+05:30,2022-11-28 14:40:00+05:30,897.5,894.5982142857143,902.7232142857144,-2.9018,L
S1335,AXISBANK,2022-11-29 09:15:00+05:30,,,0,,1.1683,54.95,-0.1258,0,1.7554,,0,0,0,1,0,1,2022-11-29 09:15:00+05:30,2022-11-29 09:20:00+05:30,2022-11-29 15:00:00+05:30,896.9,891.8821428571429,905.9321428571428,-2.8,EOD-
S1336,AXISBANK,2022-11-29 10:50:00+05:30,0.2349,0.1645,18,5.0,0.0871,82.05,1.8,0,0.3947,,0,0,1,1,0,1,2022-11-29 10:50:00+05:30,2022-11-29 10:55:00+05:30,2022-11-29 13:00:00+05:30,898.45,894.8607142857144,904.9107142857142,-3.5893,L
S1337,AXISBANK,2022-11-29 11:00:00+05:30,0.1606,0.2355,0,,0.2483,35.71,0.0145,0,0.3111,,0,0,1,1,0,1,2022-11-29 11:00:00+05:30,2022-11-29 11:05:00+05:30,2022-11-29 13:00:00+05:30,898.35,894.8767857142858,904.6017857142856,-3.4732,L
S1338,AXISBANK,2022-11-29 11:10:00+05:30,0.0495,0.202,0,,0.8718,37.5,-0.5807,0,0.5676,,0,0,1,1,0,1,2022-11-29 11:10:00+05:30,2022-11-29 11:15:00+05:30,2022-11-29 13:00:00+05:30,898.45,895.0303571428573,904.6053571428572,-3.4196,L
S1339,AXISBANK,2022-11-29 11:55:00+05:30,-0.059,0.03,0,,2.4605,39.13,-0.7772,0,1.3017,1.0,3,0,0,0,3,4,2022-11-29 12:10:00+05:30,2022-11-29 12:15:00+05:30,2022-11-29 13:00:00+05:30,898.0,895.0357142857143,903.3357142857144,-2.9643,L
S1340,AXISBANK,2022-11-29 13:30:00+05:30,-0.065,-0.0725,0,,1.7709,82.14,-0.9179,0,1.1343,1.0,3,0,1,0,3,4,2022-11-29 13:45:00+05:30,2022-11-29 13:50:00+05:30,2022-11-29 15:00:00+05:30,896.0,892.5625,902.1875,-1.9,EOD-
S1341,AXISBANK,2022-11-29 13:55:00+05:30,-0.0424,-0.0567,0,,0.4458,42.86,0.6529,0,0.9207,,0,1,1,1,0,1,2022-11-29 13:55:00+05:30,2022-11-29 14:00:00+05:30,2022-11-29 15:00:00+05:30,896.15,892.7571428571429,902.2571428571428,-2.05,EOD-
S1342,AXISBANK,2022-11-29 14:10:00+05:30,-0.0159,-0.0424,2,2.0,0.2333,59.26,0.0345,0,0.7596,,0,0,1,1,0,1,2022-11-29 14:10:00+05:30,2022-11-29 14:15:00+05:30,2022-11-29 15:00:00+05:30,895.55,892.4428571428572,901.142857142857,-1.45,EOD-
S1343,AXISBANK,2022-11-30 09:15:00+05:30,,,0,,0.8039,23.33,0.1787,0,3.6856,,0,0,0,1,0,1,2022-11-30 09:15:00+05:30,2022-11-30 09:20:00+05:30,2022-11-30 09:50:00+05:30,894.3,890.2107142857142,901.6607142857142,-4.0893,L
S1344,AXISBANK,2022-11-30 10:30:00+05:30,-0.1186,-0.0897,0,,1.8961,71.43,-1.0,0,2.0688,1.0,3,0,0,0,3,4,2022-11-30 10:45:00+05:30,2022-11-30 10:50:00+05:30,2022-11-30 11:25:00+05:30,891.2,887.5214285714286,897.8214285714287,-3.6786,L
S1345,AXISBANK,2022-11-30 10:55:00+05:30,-0.0351,-0.1004,0,,0.0211,40.0,8.0909,0,1.4015,,0,1,1,1,0,1,2022-11-30 10:55:00+05:30,2022-11-30 11:00:00+05:30,2022-11-30 11:25:00+05:30,891.75,888.4910714285714,897.6160714285713,-3.2589,L
S1346,AXISBANK,2022-11-30 12:40:00+05:30,-0.1332,-0.1131,0,,1.9033,100.0,-1.0,0,1.2951,1.0,3,0,1,0,3,4,2022-11-30 12:55:00+05:30,2022-11-30 13:00:00+05:30,2022-11-30 13:55:00+05:30,888.65,885.9178571428572,893.5678571428571,4.9179,W
S1347,AXISBANK,2022-12-01 11:55:00+05:30,0.0724,0.0774,32,32.0,0.0906,92.31,0.0811,0,1.027,,0,0,1,1,0,1,2022-12-01 11:55:00+05:30,2022-12-01 12:00:00+05:30,2022-12-01 15:00:00+05:30,905.7,903.1464285714286,910.2964285714286,-0.2,EOD-
S1348,AXISBANK,2022-12-01 12:35:00+05:30,0.0836,0.1069,7,2.0,0.336,59.38,0.5385,0,0.8424,,0,0,0,1,0,1,2022-12-01 12:35:00+05:30,2022-12-01 12:40:00+05:30,2022-12-01 13:35:00+05:30,906.7,903.7982142857144,911.9232142857144,-2.9018,L
S1349,AXISBANK,2022-12-01 12:45:00+05:30,0.0535,0.0955,1,1.0,0.078,76.67,1.6316,0,1.1747,,0,0,0,1,0,1,2022-12-01 12:45:00+05:30,2022-12-01 12:50:00+05:30,2022-12-01 15:00:00+05:30,906.0,902.9553571428572,911.4803571428572,-0.5,EOD-
S1350,AXISBANK,2022-12-01 13:05:00+05:30,0.0403,0.043,2,2.0,0.3343,40.0,-0.1765,0,1.241,1.0,1,0,0,0,1,2,2022-12-01 13:10:00+05:30,2022-12-01 13:15:00+05:30,2022-12-01 13:35:00+05:30,907.35,904.1714285714286,913.0714285714286,-3.1786,L
S1351,AXISBANK,2022-12-01 13:55:00+05:30,-0.0298,0.011,0,,1.4124,28.0,-0.5985,0,1.3426,0.0,3,0,0,0,3,4,2022-12-01 14:10:00+05:30,2022-12-01 14:15:00+05:30,2022-12-01 15:00:00+05:30,907.25,903.7232142857144,913.5982142857142,-1.75,EOD-
S1352,AXISBANK,2022-12-01 14:20:00+05:30,-0.0097,-0.0383,1,1.0,0.0034,36.36,29.0,0,1.342,,0,0,0,1,0,1,2022-12-01 14:20:00+05:30,2022-12-01 14:25:00+05:30,2022-12-01 15:00:00+05:30,906.35,902.725,912.875,-0.85,EOD-
S1353,AXISBANK,2022-12-02 10:25:00+05:30,-0.3248,-0.359,0,,2.0829,19.05,-0.8357,0,0.4824,1.0,3,0,1,0,3,4,2022-12-02 10:40:00+05:30,2022-12-02 10:45:00+05:30,2022-12-02 14:55:00+05:30,895.65,891.9982142857143,902.2232142857142,6.5732,W
S1354,AXISBANK,2022-12-02 11:50:00+05:30,0.0999,0.1203,12,4.0,0.7987,48.57,0.0345,0,1.6951,,0,0,0,1,0,1,2022-12-02 11:50:00+05:30,2022-12-02 11:55:00+05:30,2022-12-02 12:25:00+05:30,896.0,893.2767857142857,900.9017857142858,-2.7232,L
S1355,AXISBANK,2022-12-02 12:45:00+05:30,-0.0061,0.0036,0,,0.9112,66.67,-0.7917,0,0.5314,0.0,3,0,1,0,3,4,2022-12-02 13:00:00+05:30,2022-12-02 13:05:00+05:30,2022-12-02 14:55:00+05:30,895.95,893.3160714285714,900.6910714285716,4.7411,W
S1356,AXISBANK,2022-12-02 14:15:00+05:30,0.1011,0.1156,13,2.0,1.0116,60.71,-0.5089,0,0.8058,0.0,1,0,0,0,1,2,2022-12-02 14:20:00+05:30,2022-12-02 14:25:00+05:30,2022-12-02 15:00:00+05:30,898.7,895.9321428571429,903.6821428571428,4.9821,W
S1357,AXISBANK,2022-12-05 09:15:00+05:30,,,0,,0.145,79.17,4.0505,0,1.6493,,0,0,0,1,0,1,2022-12-05 09:15:00+05:30,2022-12-05 09:20:00+05:30,2022-12-05 15:00:00+05:30,902.25,897.9821428571429,909.9321428571428,-2.35,EOD-
S1358,AXISBANK,2022-12-05 10:20:00+05:30,-0.0108,0.023,0,,1.6343,50.0,-1.0,0,0.4018,1.0,3,0,0,0,3,4,2022-12-05 10:35:00+05:30,2022-12-05 10:40:00+05:30,2022-12-05 15:00:00+05:30,901.45,897.2625,908.9875,-1.55,EOD-
S1359,AXISBANK,2022-12-05 10:45:00+05:30,-0.1282,-0.0574,0,,0.6742,36.36,-0.8722,0,1.0299,1.0,2,0,0,0,2,3,2022-12-05 10:55:00+05:30,2022-12-05 11:00:00+05:30,2022-12-05 15:00:00+05:30,900.55,897.6482142857143,905.7732142857142,-0.65,EOD-
S1360,AXISBANK,2022-12-05 11:05:00+05:30,-0.095,-0.1349,0,,0.5481,60.0,-0.7403,0,2.5823,1.0,1,0,0,0,1,2,2022-12-05 11:10:00+05:30,2022-12-05 11:15:00+05:30,2022-12-05 11:35:00+05:30,902.25,899.6160714285714,906.9910714285714,-2.6339,L
S1361,AXISBANK,2022-12-05 11:50:00+05:30,0.0036,0.0058,0,,0.4411,0.0,-0.521,0,0.9122,0.0,3,0,1,0,3,4,2022-12-05 12:05:00+05:30,2022-12-05 12:10:00+05:30,2022-12-05 15:00:00+05:30,901.25,898.8839285714286,905.5089285714286,-2.3661,L
S1362,AXISBANK,2022-12-05 13:05:00+05:30,0.0214,0.0546,11,8.0,0.3381,25.0,0.7188,0,0.7263,,0,0,0,1,0,1,2022-12-05 13:05:00+05:30,2022-12-05 13:10:00+05:30,2022-12-05 14:55:00+05:30,901.65,899.2839285714285,905.9089285714284,-2.3661,L
S1363,AXISBANK,2022-12-05 13:30:00+05:30,0.0214,0.0172,0,,1.8442,96.43,-1.0,0,0.7058,0.0,3,0,0,0,3,4,2022-12-05 13:45:00+05:30,2022-12-05 13:50:00+05:30,2022-12-05 14:55:00+05:30,901.65,899.3285714285714,905.8285714285712,-2.3214,L
S1364,AXISBANK,2022-12-05 13:55:00+05:30,-0.0103,0.0125,0,,1.542,8.33,-0.7039,0,0.901,1.0,2,0,1,0,2,3,2022-12-05 14:05:00+05:30,2022-12-05 14:10:00+05:30,2022-12-05 14:55:00+05:30,901.7,899.2357142857144,906.1357142857144,-2.4643,L
S1365,AXISBANK,2022-12-06 09:15:00+05:30,,,0,,1.8126,96.49,-1.0,0,2.2049,,0,0,0,1,0,1,2022-12-06 09:15:00+05:30,2022-12-06 09:20:00+05:30,2022-12-06 11:45:00+05:30,902.7,898.8071428571429,909.7071428571428,-3.8929,L
S1366,AXISBANK,2022-12-06 09:35:00+05:30,,,2,1.0,0.1287,3.57,1.4719,0,0.3153,,0,0,0,1,0,1,2022-12-06 09:35:00+05:30,2022-12-06 09:40:00+05:30,2022-12-06 12:10:00+05:30,900.5,896.1785714285714,908.2785714285714,-4.3214,L
S1367,AXISBANK,2022-12-06 12:40:00+05:30,-0.1496,-0.1931,0,,1.4467,45.16,-0.9226,0,0.9946,1.0,3,1,1,0,3,4,2022-12-06 12:55:00+05:30,2022-12-06 13:00:00+05:30,2022-12-06 15:00:00+05:30,899.5,896.1517857142858,905.5267857142856,3.75,EOD+
S1368,AXISBANK,2022-12-06 13:20:00+05:30,-0.0273,-0.0593,4,1.0,0.1501,38.24,3.4156,0,2.3313,,0,1,0,1,0,1,2022-12-06 13:20:00+05:30,2022-12-06 13:25:00+05:30,2022-12-06 15:00:00+05:30,898.95,895.7446428571429,904.7196428571428,5.7696,W
S1369,AXISBANK,2022-12-06 13:50:00+05:30,0.0832,0.017,5,1.0,0.1163,17.65,8.8182,0,1.0648,,0,0,0,1,0,1,2022-12-06 13:50:00+05:30,2022-12-06 13:55:00+05:30,2022-12-06 15:00:00+05:30,900.1,897.1446428571429,905.4196428571428,3.15,EOD+
S1370,AXISBANK,2022-12-06 14:00:00+05:30,0.0826,0.0609,0,,0.3243,70.59,-0.7647,0,1.1645,,0,0,0,1,0,1,2022-12-06 14:00:00+05:30,2022-12-06 14:05:00+05:30,2022-12-06 15:00:00+05:30,899.95,896.6732142857144,905.8482142857144,3.3,EOD+
S1371,AXISBANK,2022-12-06 14:10:00+05:30,0.0598,0.0829,0,,0.217,58.33,-0.4595,0,0.6145,,0,0,1,1,0,1,2022-12-06 14:10:00+05:30,2022-12-06 14:15:00+05:30,2022-12-06 15:00:00+05:30,899.75,896.5535714285714,905.5035714285716,3.5,EOD+
S1372,AXISBANK,2022-12-06 14:25:00+05:30,0.0609,0.0598,2,2.0,0.382,29.63,0.4354,0,0.8285,,0,0,0,1,0,1,2022-12-06 14:25:00+05:30,2022-12-06 14:30:00+05:30,2022-12-06 15:00:00+05:30,899.7,896.2803571428572,905.8553571428572,3.55,EOD+
S1373,AXISBANK,2022-12-07 09:30:00+05:30,,,3,3.0,0.2161,18.75,0.6901,0,0.5532,,0,0,1,1,0,1,2022-12-07 09:30:00+05:30,2022-12-07 09:35:00+05:30,2022-12-07 13:15:00+05:30,903.1,898.9928571428571,910.4928571428572,7.3929,W
S1374,AXISBANK,2022-12-07 10:40:00+05:30,0.0883,0.1416,12,7.0,0.1654,51.61,2.0303,0,0.6476,,0,1,1,1,0,1,2022-12-07 10:40:00+05:30,2022-12-07 10:45:00+05:30,2022-12-07 10:55:00+05:30,906.85,903.1089285714286,913.5839285714286,-3.7411,L
S1375,AXISBANK,2022-12-07 11:40:00+05:30,-0.0926,-0.0525,0,,1.6986,82.14,-0.8991,0,0.468,0.0,3,1,1,0,3,4,2022-12-07 11:55:00+05:30,2022-12-07 12:00:00+05:30,2022-12-07 13:15:00+05:30,904.8,900.425,912.675,7.875,W
S1376,AXISBANK,2022-12-08 09:15:00+05:30,,,0,,0.693,29.09,0.066,0,2.088,,0,1,0,1,0,1,2022-12-08 09:15:00+05:30,2022-12-08 09:20:00+05:30,2022-12-08 09:30:00+05:30,915.2,911.6464285714286,921.5964285714286,6.3964,W
S1377,AXISBANK,2022-12-08 12:00:00+05:30,0.2248,0.3092,31,7.0,0.1238,3.33,4.102,0,0.829,,0,0,0,1,0,1,2022-12-08 12:00:00+05:30,2022-12-08 12:05:00+05:30,2022-12-08 15:00:00+05:30,934.25,929.3035714285714,943.1535714285716,2.5,EOD+
S1378,AXISBANK,2022-12-08 13:05:00+05:30,-0.057,0.0326,0,,1.331,40.62,-0.6114,0,1.7703,1.0,3,1,0,0,3,4,2022-12-08 13:20:00+05:30,2022-12-08 13:25:00+05:30,2022-12-08 15:00:00+05:30,934.4,930.775,940.925,2.35,EOD+
S1379,AXISBANK,2022-12-08 13:30:00+05:30,-0.0705,-0.1096,1,1.0,0.1877,63.33,2.2558,0,1.6337,,0,0,1,1,0,1,2022-12-08 13:30:00+05:30,2022-12-08 13:35:00+05:30,2022-12-08 15:00:00+05:30,935.65,931.3553571428572,943.3803571428572,1.1,EOD+
S1380,AXISBANK,2022-12-09 09:15:00+05:30,,,0,,0.0977,86.33,1.0833,0,1.3535,,0,0,0,1,0,1,2022-12-09 09:15:00+05:30,2022-12-09 09:20:00+05:30,2022-12-09 12:35:00+05:30,938.0,931.8571428571428,949.0571428571428,-6.1429,L
S1381,AXISBANK,2022-12-09 09:25:00+05:30,,,0,,0.6872,91.25,-1.0,0,0.4858,0.0,2,1,1,0,2,3,2022-12-09 09:35:00+05:30,2022-12-09 09:40:00+05:30,2022-12-09 12:35:00+05:30,938.75,931.9107142857142,951.0607142857144,-6.8393,L
S1382,AXISBANK,2022-12-09 09:45:00+05:30,0.0,,0,,0.1445,85.71,-0.8883,0,0.3273,1.0,3,0,1,0,3,4,2022-12-09 10:00:00+05:30,2022-12-09 10:05:00+05:30,2022-12-09 12:35:00+05:30,939.1,931.3589285714286,953.0339285714286,-7.7411,L
S1383,AXISBANK,2022-12-09 10:10:00+05:30,0.0149,0.0013,0,,0.1781,96.15,-0.814,0,0.3581,0.0,1,0,0,0,1,2,2022-12-09 10:15:00+05:30,2022-12-09 10:20:00+05:30,2022-12-09 14:20:00+05:30,938.8,931.2553571428572,952.3803571428572,-7.5446,L
S1384,AXISBANK,2022-12-09 11:30:00+05:30,-0.115,-0.1261,0,,1.6612,66.67,-1.0,0,0.4331,0.0,3,0,1,0,3,4,2022-12-09 11:45:00+05:30,2022-12-09 11:50:00+05:30,2022-12-09 14:20:00+05:30,934.75,931.0892857142856,941.3392857142858,-3.6607,L
S1385,AXISBANK,2022-12-09 12:10:00+05:30,-0.0372,-0.1022,4,2.0,0.1885,36.67,0.3861,0,0.9889,,0,0,0,1,0,1,2022-12-09 12:10:00+05:30,2022-12-09 12:15:00+05:30,2022-12-09 14:20:00+05:30,934.1,930.7517857142856,940.1267857142856,-3.3482,L
S1386,AXISBANK,2022-12-09 12:20:00+05:30,-0.0195,-0.0642,0,,0.6036,12.0,-0.8817,0,2.8395,1.0,3,1,0,0,3,4,2022-12-09 12:35:00+05:30,2022-12-09 12:40:00+05:30,2022-12-09 14:20:00+05:30,934.8,931.3,941.1,-3.5,L
S1387,AXISBANK,2022-12-09 12:45:00+05:30,0.0075,-0.0319,0,,0.4061,28.95,0.3986,0,1.8675,,0,1,0,1,0,1,2022-12-09 12:45:00+05:30,2022-12-09 12:50:00+05:30,2022-12-09 14:20:00+05:30,934.35,929.9482142857144,942.2732142857144,-4.4018,L
S1388,AXISBANK,2022-12-09 12:55:00+05:30,0.0463,-0.0094,0,,0.3507,51.28,-0.2308,0,1.112,,0,0,1,1,0,1,2022-12-09 12:55:00+05:30,2022-12-09 13:00:00+05:30,2022-12-09 14:20:00+05:30,934.8,930.1660714285714,943.1410714285714,-4.6339,L
S1389,AXISBANK,2022-12-09 13:30:00+05:30,-0.0062,0.0479,0,,0.8313,15.62,-0.395,0,1.5448,1.0,3,1,0,0,3,4,2022-12-09 13:45:00+05:30,2022-12-09 13:50:00+05:30,2022-12-09 14:20:00+05:30,934.95,930.4767857142858,943.0017857142856,-4.4732,L
S1390,AXISBANK,2022-12-09 13:55:00+05:30,-0.0209,-0.0423,1,1.0,0.3662,30.0,-0.0717,0,1.0692,0.0,1,0,1,0,1,2,2022-12-09 14:00:00+05:30,2022-12-09 14:05:00+05:30,2022-12-09 14:20:00+05:30,934.2,930.1553571428572,941.4803571428572,-4.0446,L
S1391,AXISBANK,2022-12-12 10:15:00+05:30,-0.1632,-0.1127,0,,2.6678,32.14,-0.8741,0,0.9746,1.0,3,0,0,0,3,4,2022-12-12 10:30:00+05:30,2022-12-12 10:35:00+05:30,2022-12-12 12:15:00+05:30,927.85,921.8946428571428,938.5696428571428,10.7196,W
S1392,AXISBANK,2022-12-12 11:55:00+05:30,0.1083,0.0701,16,15.0,0.1832,16.67,4.1282,0,0.6203,,0,0,1,1,0,1,2022-12-12 11:55:00+05:30,2022-12-12 12:00:00+05:30,2022-12-12 12:00:00+05:30,928.7,926.0392857142858,933.4892857142858,4.7893,W
S1393,AXISBANK,2022-12-12 13:35:00+05:30,0.2222,0.2799,0,,1.4128,22.92,-0.6389,0,0.6078,1.0,3,0,1,0,3,4,2022-12-12 13:50:00+05:30,2022-12-12 13:55:00+05:30,2022-12-12 15:00:00+05:30,937.25,932.8392857142856,945.1892857142856,0.05,EOD+
S1394,AXISBANK,2022-12-13 09:15:00+05:30,,,0,,0.5124,1.1,2.2432,0,3.0925,,0,1,0,1,0,1,2022-12-13 09:15:00+05:30,2022-12-13 09:20:00+05:30,2022-12-13 15:00:00+05:30,940.3,935.3357142857144,949.2357142857144,3.75,EOD+
S1395,AXISBANK,2022-12-13 10:40:00+05:30,0.249,0.2679,16,8.0,0.2639,44.74,1.2754,0,0.4653,,0,1,0,1,0,1,2022-12-13 10:40:00+05:30,2022-12-13 10:45:00+05:30,2022-12-13 13:00:00+05:30,946.45,942.4946428571428,953.5696428571428,-3.9554,L
S1396,AXISBANK,2022-12-13 10:50:00+05:30,0.2382,0.2613,0,,0.7173,84.21,-0.7108,0,0.2594,,0,0,1,1,0,1,2022-12-13 10:50:00+05:30,2022-12-13 10:55:00+05:30,2022-12-13 12:40:00+05:30,947.5,943.8839285714286,954.0089285714286,-3.6161,L
S1397,AXISBANK,2022-12-13 11:05:00+05:30,0.1779,0.2382,2,2.0,0.002,35.71,119.0,0,0.2837,,0,1,0,1,0,1,2022-12-13 11:05:00+05:30,2022-12-13 11:10:00+05:30,2022-12-13 12:25:00+05:30,947.8,944.6303571428572,953.5053571428572,-3.1696,L
S1398,AXISBANK,2022-12-13 11:15:00+05:30,0.0966,0.2006,0,,0.3793,76.47,-0.779,0,0.2791,,0,0,1,1,0,1,2022-12-13 11:15:00+05:30,2022-12-13 11:20:00+05:30,2022-12-13 12:20:00+05:30,947.85,944.8678571428572,953.2178571428572,-2.9821,L
S1399,AXISBANK,2022-12-13 11:25:00+05:30,0.0467,0.148,0,,0.0907,30.77,3.6154,0,0.2799,,0,0,1,1,0,1,2022-12-13 11:25:00+05:30,2022-12-13 11:30:00+05:30,2022-12-13 12:15:00+05:30,948.0,945.3125,952.8375,-2.6875,L
S1400,AXISBANK,2022-12-13 11:40:00+05:30,-0.0016,0.0467,0,,0.7949,63.64,-1.0,0,1.4776,1.0,3,1,0,0,3,4,2022-12-13 11:55:00+05:30,2022-12-13 12:00:00+05:30,2022-12-13 12:20:00+05:30,947.8,945.1660714285712,952.5410714285716,-2.6339,L
S1401,AXISBANK,2022-12-13 12:10:00+05:30,-0.0108,-0.0206,1,1.0,0.2052,23.53,0.7647,0,1.7978,,0,0,0,1,0,1,2022-12-13 12:10:00+05:30,2022-12-13 12:15:00+05:30,2022-12-13 12:15:00+05:30,947.4,945.3285714285712,951.1285714285716,-2.0714,L
S1402,AXISBANK,2022-12-13 13:40:00+05:30,-0.0921,-0.0799,0,,1.572,82.61,-1.0,0,0.7212,0.0,3,0,0,0,3,4,2022-12-13 13:55:00+05:30,2022-12-13 14:00:00+05:30,2022-12-13 15:00:00+05:30,944.3,941.2107142857144,949.8607142857144,-0.25,EOD-
S1403,AXISBANK,2022-12-13 14:05:00+05:30,-0.0702,-0.1163,0,,0.8598,26.67,-0.0708,0,0.8735,,0,0,0,1,0,1,2022-12-13 14:05:00+05:30,2022-12-13 14:10:00+05:30,2022-12-13 15:00:00+05:30,944.05,940.7642857142856,949.9642857142856,0.0,EOD-
S1404,AXISBANK,2022-12-13 14:15:00+05:30,-0.0268,-0.0879,0,,0.2868,17.65,0.7323,0,0.5637,,0,0,1,1,0,1,2022-12-13 14:15:00+05:30,2022-12-13 14:20:00+05:30,2022-12-13 15:00:00+05:30,944.05,941.2821428571428,949.0321428571428,0.0,EOD-
S1405,AXISBANK,2022-12-13 14:25:00+05:30,-0.0082,-0.0477,0,,0.2141,62.07,0.0,0,0.6289,,0,0,1,1,0,1,2022-12-13 14:25:00+05:30,2022-12-13 14:30:00+05:30,2022-12-13 15:00:00+05:30,944.4,941.4803571428572,949.6553571428572,-0.35,EOD-
S1406,AXISBANK,2022-12-14 09:15:00+05:30,,,0,,1.0393,1.45,0.903,0,2.8886,,0,0,0,1,0,1,2022-12-14 09:15:00+05:30,2022-12-14 09:20:00+05:30,2022-12-14 13:25:00+05:30,945.55,942.3267857142856,951.3517857142856,-3.2232,L
S1407,AXISBANK,2022-12-14 10:05:00+05:30,0.0727,0.0957,9,7.0,0.3131,16.13,0.3974,0,0.4438,,0,0,0,1,0,1,2022-12-14 10:05:00+05:30,2022-12-14 10:10:00+05:30,2022-12-14 13:40:00+05:30,946.35,941.7785714285716,954.5785714285714,-4.5714,L
S1408,AXISBANK,2022-12-14 10:25:00+05:30,0.0774,0.0624,3,1.0,0.1172,11.11,3.8718,0,0.4614,,0,1,0,1,0,1,2022-12-14 10:25:00+05:30,2022-12-14 10:30:00+05:30,2022-12-14 13:25:00+05:30,947.65,943.4892857142858,955.1392857142856,-4.1607,L
S1409,AXISBANK,2022-12-14 10:40:00+05:30,0.0795,0.0774,2,2.0,0.4111,14.81,0.1207,0,0.3874,,0,0,1,1,0,1,2022-12-14 10:40:00+05:30,2022-12-14 10:45:00+05:30,2022-12-14 13:20:00+05:30,947.1,943.5732142857144,953.448214285714,-3.5268,L
S1410,AXISBANK,2022-12-14 11:10:00+05:30,0.0024,0.0594,0,,1.4853,17.24,-0.5166,0,1.0783,0.0,3,0,0,0,3,4,2022-12-14 11:25:00+05:30,2022-12-14 11:30:00+05:30,2022-12-14 13:10:00+05:30,947.4,944.6142857142858,952.4142857142856,-2.7857,L
S1411,AXISBANK,2022-12-14 12:30:00+05:30,0.0414,0.0343,11,5.0,0.532,59.26,0.0526,0,1.5244,,0,0,0,1,0,1,2022-12-14 12:30:00+05:30,2022-12-14 12:35:00+05:30,2022-12-14 13:10:00+05:30,947.8,945.5678571428572,951.8178571428572,-2.2321,L
S1412,AXISBANK,2022-12-14 12:40:00+05:30,0.0327,0.0448,0,,0.6669,44.44,-0.5041,0,1.7314,,0,0,0,1,0,1,2022-12-14 12:40:00+05:30,2022-12-14 12:45:00+05:30,2022-12-14 13:10:00+05:30,948.0,945.7321428571428,952.0821428571428,-2.2679,L
S1413,AXISBANK,2022-12-14 12:50:00+05:30,0.0338,0.0393,0,,0.3886,23.08,0.4103,0,0.4933,,0,0,1,1,0,1,2022-12-14 12:50:00+05:30,2022-12-14 12:55:00+05:30,2022-12-14 13:10:00+05:30,948.2,945.6910714285716,952.7160714285716,-2.5089,L
S1414,AXISBANK,2022-12-15 09:15:00+05:30,,,0,,1.9803,54.43,-0.4419,0,2.5691,,0,0,1,1,0,1,2022-12-15 09:15:00+05:30,2022-12-15 09:20:00+05:30,2022-12-15 10:35:00+05:30,941.8,937.7285714285714,949.1285714285714,-4.0714,L
S1415,AXISBANK,2022-12-15 09:25:00+05:30,,,0,,0.352,5.88,0.938,0,0.2129,,0,1,1,1,0,1,2022-12-15 09:25:00+05:30,2022-12-15 09:30:00+05:30,2022-12-15 10:35:00+05:30,942.0,937.4196428571428,950.2446428571428,-4.5804,L
S1416,AXISBANK,2022-12-15 09:55:00+05:30,0.0422,0.0234,4,2.0,0.0281,0.0,8.0,0,0.223,,0,1,1,1,0,1,2022-12-15 09:55:00+05:30,2022-12-15 10:00:00+05:30,2022-12-15 10:35:00+05:30,942.05,937.6035714285714,950.0535714285714,-4.4464,L
S1417,AXISBANK,2022-12-15 10:55:00+05:30,-0.1034,-0.0866,0,,1.4621,31.58,-0.9228,0,1.0677,1.0,3,0,0,0,3,4,2022-12-15 11:10:00+05:30,2022-12-15 11:15:00+05:30,2022-12-15 15:00:00+05:30,940.2,936.8785714285716,946.1785714285714,-1.2,EOD-
S1418,AXISBANK,2022-12-15 11:20:00+05:30,-0.0644,-0.0729,0,,0.3878,20.0,-0.1795,0,2.4651,1.0,3,1,0,0,3,4,2022-12-15 11:35:00+05:30,2022-12-15 11:40:00+05:30,2022-12-15 15:00:00+05:30,939.8,936.6571428571428,945.4571428571428,-0.8,EOD-
S1419,AXISBANK,2022-12-15 13:05:00+05:30,-0.0322,-0.0215,0,,0.989,60.0,-0.9588,0,1.1429,1.0,3,0,0,0,3,4,2022-12-15 13:20:00+05:30,2022-12-15 13:25:00+05:30,2022-12-15 15:00:00+05:30,940.0,936.9285714285714,945.5285714285716,-1.0,EOD-
S1420,AXISBANK,2022-12-16 09:15:00+05:30,,,0,,2.8175,95.68,-1.0,0,1.033,0.0,1,0,1,0,1,2,2022-12-16 09:20:00+05:30,2022-12-16 09:25:00+05:30,2022-12-16 10:00:00+05:30,942.2,935.0392857142856,955.089285714286,-7.1607,L
S1421,AXISBANK,2022-12-16 09:40:00+05:30,-0.0035,,3,1.0,0.0432,53.85,6.2727,0,1.2489,,0,1,0,1,0,1,2022-12-16 09:40:00+05:30,2022-12-16 09:45:00+05:30,2022-12-16 10:15:00+05:30,941.2,933.2357142857144,955.5357142857144,-7.9643,L
S1422,AXISBANK,2022-12-16 10:55:00+05:30,-0.103,-0.1737,0,,1.1809,23.26,-0.819,0,1.0057,1.0,3,0,0,0,3,4,2022-12-16 11:10:00+05:30,2022-12-16 11:15:00+05:30,2022-12-16 11:55:00+05:30,936.55,930.7017857142856,947.0767857142856,-5.8482,L
S1423,AXISBANK,2022-12-16 12:10:00+05:30,-0.0426,-0.0624,0,,1.2908,37.5,-0.9332,0,0.6624,1.0,3,0,1,0,3,4,2022-12-16 12:25:00+05:30,2022-12-16 12:30:00+05:30,2022-12-16 15:00:00+05:30,933.9,929.5517857142856,941.7267857142856,-1.6,EOD-
S1424,AXISBANK,2022-12-16 12:35:00+05:30,-0.0123,-0.0292,1,1.0,0.5444,15.91,0.4286,0,0.9396,,0,1,1,1,0,1,2022-12-16 12:35:00+05:30,2022-12-16 12:40:00+05:30,2022-12-16 15:00:00+05:30,934.35,929.85,942.45,-2.05,EOD-
S1425,AXISBANK,2022-12-16 13:50:00+05:30,0.0808,0.0939,0,,1.0117,47.06,-0.7027,0,0.8749,0.0,3,1,1,0,3,4,2022-12-16 14:05:00+05:30,2022-12-16 14:10:00+05:30,2022-12-16 15:00:00+05:30,935.35,930.7785714285716,943.5785714285714,-3.05,EOD-
S1426,AXISBANK,2022-12-19 09:45:00+05:30,0.0396,,6,6.0,0.8087,74.55,-0.7128,0,0.3383,0.0,1,0,1,0,1,2,2022-12-19 09:50:00+05:30,2022-12-19 09:55:00+05:30,2022-12-19 14:40:00+05:30,935.6,929.6803571428572,946.2553571428572,10.6554,W
S1427,AXISBANK,2022-12-19 11:50:00+05:30,0.1393,0.217,23,8.0,0.238,15.38,1.5243,0,0.6108,,0,0,1,1,0,1,2022-12-19 11:50:00+05:30,2022-12-19 11:55:00+05:30,2022-12-19 13:00:00+05:30,942.35,939.6446428571428,947.219642857143,-2.7054,L
S1428,AXISBANK,2022-12-19 12:15:00+05:30,0.0592,0.0952,0,,0.6951,58.82,-1.0,0,1.5581,1.0,3,1,0,0,3,4,2022-12-19 12:30:00+05:30,2022-12-19 12:35:00+05:30,2022-12-19 13:00:00+05:30,942.8,940.2285714285714,947.4285714285714,-2.5714,L
S1429,AXISBANK,2022-12-19 13:05:00+05:30,-0.0632,-0.009,0,,2.1574,56.25,-0.8976,0,1.352,1.0,3,0,0,0,3,4,2022-12-19 13:20:00+05:30,2022-12-19 13:25:00+05:30,2022-12-19 15:00:00+05:30,942.15,939.3196428571428,947.2446428571428,3.75,EOD+
S1430,AXISBANK,2022-12-19 13:30:00+05:30,-0.0364,-0.0719,0,,0.0859,62.5,-1.0,0,0.6243,,0,1,0,1,0,1,2022-12-19 13:30:00+05:30,2022-12-19 13:35:00+05:30,2022-12-19 15:00:00+05:30,942.05,939.1392857142856,947.2892857142856,3.85,EOD+
S1431,AXISBANK,2022-12-19 14:00:00+05:30,0.0287,0.009,5,3.0,0.3006,65.52,-0.4286,0,0.7554,1.0,1,0,0,0,1,2,2022-12-19 14:05:00+05:30,2022-12-19 14:10:00+05:30,2022-12-19 15:00:00+05:30,942.75,939.8392857142858,947.9892857142856,3.15,EOD+
S1432,AXISBANK,2022-12-20 09:15:00+05:30,,,0,,1.4057,76.92,-0.5968,0,2.8484,,0,0,1,1,0,1,2022-12-20 09:15:00+05:30,2022-12-20 09:20:00+05:30,2022-12-20 11:20:00+05:30,947.2,942.7892857142856,955.1392857142856,-4.4107,L
S1433,AXISBANK,2022-12-20 09:55:00+05:30,0.0905,0.1598,7,7.0,0.9662,75.0,-0.7621,0,1.1523,0.0,2,0,0,0,2,3,2022-12-20 10:05:00+05:30,2022-12-20 10:10:00+05:30,2022-12-20 11:25:00+05:30,948.15,941.6232142857142,959.8982142857144,-6.5268,L
S1434,AXISBANK,2022-12-20 10:15:00+05:30,0.0438,0.0718,1,1.0,0.018,51.85,3.0,0,0.4417,,0,1,0,1,0,1,2022-12-20 10:15:00+05:30,2022-12-20 10:20:00+05:30,2022-12-20 11:25:00+05:30,948.45,941.5035714285716,960.9535714285716,-6.9464,L
S1435,AXISBANK,2022-12-20 10:35:00+05:30,0.0741,0.0557,2,2.0,0.1909,38.46,0.6993,0,0.4486,,0,0,0,1,0,1,2022-12-20 10:35:00+05:30,2022-12-20 10:40:00+05:30,2022-12-20 11:20:00+05:30,948.35,943.3410714285716,957.3660714285714,-5.0089,L
S1436,AXISBANK,2022-12-20 11:50:00+05:30,-0.1478,-0.1453,0,,2.7226,93.1,-1.0,0,1.0027,0.0,3,0,0,0,3,4,2022-12-20 12:05:00+05:30,2022-12-20 12:10:00+05:30,2022-12-20 15:00:00+05:30,944.95,940.8339285714286,952.3589285714288,3.8,EOD+
S1437,AXISBANK,2022-12-20 12:15:00+05:30,-0.1181,-0.1447,0,,0.8699,26.92,-0.4477,0,0.787,0.0,1,0,1,0,1,2,2022-12-20 12:20:00+05:30,2022-12-20 12:25:00+05:30,2022-12-20 15:00:00+05:30,944.35,940.7071428571428,950.907142857143,4.4,EOD+
S1438,AXISBANK,2022-12-20 14:00:00+05:30,-0.0183,0.0273,0,,0.9641,64.29,-0.8499,0,0.8575,1.0,3,0,1,0,3,4,2022-12-20 14:15:00+05:30,2022-12-20 14:20:00+05:30,2022-12-20 15:00:00+05:30,945.05,941.5946428571428,951.2696428571428,3.7,EOD+
S1439,AXISBANK,2022-12-21 11:25:00+05:30,-0.1646,-0.129,0,,1.8105,50.0,-1.0,0,0.7408,1.0,3,0,0,0,3,4,2022-12-21 11:40:00+05:30,2022-12-21 11:45:00+05:30,2022-12-21 12:15:00+05:30,951.9,948.3375,958.3125,-3.5625,L
S1440,AXISBANK,2022-12-21 11:50:00+05:30,-0.124,-0.1644,0,,0.1317,23.53,1.0,0,0.5452,,0,1,0,1,0,1,2022-12-21 11:50:00+05:30,2022-12-21 11:55:00+05:30,2022-12-21 12:10:00+05:30,951.8,948.9517857142856,956.9267857142858,-2.8482,L
S1441,AXISBANK,2022-12-22 10:50:00+05:30,-0.4095,-0.4948,0,,0.914,24.39,-0.5568,0,0.702,1.0,3,1,0,0,3,4,2022-12-22 11:05:00+05:30,2022-12-22 11:10:00+05:30,2022-12-22 15:00:00+05:30,920.2,913.1017857142858,932.9767857142856,-1.8,EOD-
S1442,AXISBANK,2022-12-22 11:25:00+05:30,-0.0819,-0.2193,3,1.0,0.0758,73.08,2.4568,0,0.6653,,0,0,1,1,0,1,2022-12-22 11:25:00+05:30,2022-12-22 11:30:00+05:30,2022-12-22 15:00:00+05:30,918.8,912.1214285714284,930.8214285714284,-0.4,EOD-
S1443,AXISBANK,2022-12-22 11:35:00+05:30,-0.0907,-0.1108,0,,0.6326,51.67,-0.4895,0,0.5969,,0,0,0,1,0,1,2022-12-22 11:35:00+05:30,2022-12-22 11:40:00+05:30,2022-12-22 15:00:00+05:30,918.55,911.9696428571428,930.3946428571428,-0.15,EOD-
S1444,AXISBANK,2022-12-22 12:40:00+05:30,-0.0741,0.0123,0,,1.5949,51.43,-0.7937,0,0.696,0.0,3,0,0,0,3,4,2022-12-22 12:55:00+05:30,2022-12-22 13:00:00+05:30,2022-12-22 15:00:00+05:30,916.75,911.8125,925.6375,1.65,EOD+
S1445,AXISBANK,2022-12-22 13:05:00+05:30,-0.1086,-0.1006,0,,0.3855,86.05,-0.6454,0,0.8244,,0,0,1,1,0,1,2022-12-22 13:05:00+05:30,2022-12-22 13:10:00+05:30,2022-12-22 15:00:00+05:30,917.65,913.0785714285714,925.8785714285714,0.75,EOD+
S1446,AXISBANK,2022-12-23 10:45:00+05:30,-0.2214,-0.2367,0,,0.1501,71.43,-0.7895,0,0.2508,0.0,3,0,1,0,3,4,2022-12-23 11:00:00+05:30,2022-12-23 11:05:00+05:30,2022-12-23 11:50:00+05:30,911.5,907.5446428571428,918.6196428571428,-3.9554,L
S1447,AXISBANK,2022-12-23 11:10:00+05:30,-0.1021,-0.2013,0,,0.1856,57.14,0.7886,0,0.5133,,0,1,1,1,0,1,2022-12-23 11:10:00+05:30,2022-12-23 11:15:00+05:30,2022-12-23 11:50:00+05:30,912.45,908.3071428571428,919.907142857143,-4.1429,L
S1448,AXISBANK,2022-12-23 11:30:00+05:30,-0.0305,-0.062,3,3.0,0.0831,26.32,1.9787,0,0.3368,,0,0,1,1,0,1,2022-12-23 11:30:00+05:30,2022-12-23 11:35:00+05:30,2022-12-23 11:50:00+05:30,911.6,908.0642857142856,917.9642857142858,-3.5357,L
S1449,AXISBANK,2022-12-23 12:50:00+05:30,-0.0673,-0.0593,0,,1.2313,34.21,-0.8317,0,1.3306,1.0,3,0,1,0,3,4,2022-12-23 13:05:00+05:30,2022-12-23 13:10:00+05:30,2022-12-23 14:15:00+05:30,910.0,905.7767857142856,917.6017857142856,-4.2232,L
S1450,AXISBANK,2022-12-23 13:20:00+05:30,-0.0713,-0.0954,1,1.0,0.1306,33.33,1.6804,0,0.6412,,0,1,1,1,0,1,2022-12-23 13:20:00+05:30,2022-12-23 13:25:00+05:30,2022-12-23 15:00:00+05:30,909.7,905.0571428571428,918.0571428571428,-1.0,EOD-
S1451,AXISBANK,2022-12-23 13:50:00+05:30,-0.011,-0.0363,0,,1.1224,2.78,-0.3004,0,1.4526,0.0,3,1,0,0,3,4,2022-12-23 14:05:00+05:30,2022-12-23 14:10:00+05:30,2022-12-23 15:00:00+05:30,908.95,904.3339285714286,917.2589285714288,-0.25,EOD-
S1452,AXISBANK,2022-12-23 14:15:00+05:30,-0.0336,-0.0157,0,,1.6417,21.88,-0.5483,0,1.9252,1.0,3,0,0,0,3,4,2022-12-23 14:30:00+05:30,2022-12-23 14:35:00+05:30,2022-12-23 15:00:00+05:30,908.15,903.9357142857142,915.7357142857144,0.55,EOD+
S1453,AXISBANK,2022-12-26 09:15:00+05:30,,,0,,1.2212,22.03,0.1027,0,1.2762,,0,1,0,1,0,1,2022-12-26 09:15:00+05:30,2022-12-26 09:20:00+05:30,2022-12-26 10:40:00+05:30,909.45,904.0660714285716,919.1410714285714,9.6911,W
S1454,AXISBANK,2022-12-26 11:05:00+05:30,0.1947,0.2778,21,5.0,0.1626,33.33,-0.6694,0,1.046,1.0,2,1,0,0,2,3,2022-12-26 11:15:00+05:30,2022-12-26 11:20:00+05:30,2022-12-26 12:05:00+05:30,916.3,911.6482142857142,924.6732142857144,8.3732,W
S1455,AXISBANK,2022-12-26 13:05:00+05:30,0.1988,0.2144,20,11.0,0.0145,17.14,19.0,0,1.1239,,0,1,0,1,0,1,2022-12-26 13:05:00+05:30,2022-12-26 13:10:00+05:30,2022-12-26 14:35:00+05:30,923.85,919.5464285714286,931.5964285714284,7.7464,W
S1456,AXISBANK,2022-12-26 13:15:00+05:30,0.1418,0.214,1,1.0,0.0284,5.41,11.2222,0,0.8925,,0,1,0,1,0,1,2022-12-26 13:15:00+05:30,2022-12-26 13:20:00+05:30,2022-12-26 14:35:00+05:30,924.15,920.1857142857144,931.2857142857142,7.1357,W
S1457,AXISBANK,2022-12-26 13:25:00+05:30,0.0896,0.1727,0,,0.2843,51.52,0.6185,0,1.0882,,0,1,1,1,0,1,2022-12-26 13:25:00+05:30,2022-12-26 13:30:00+05:30,2022-12-26 14:35:00+05:30,924.95,921.1464285714286,931.7964285714288,6.8464,W
S1458,AXISBANK,2022-12-27 10:20:00+05:30,-0.1407,-0.1567,0,,0.7858,20.59,-0.5977,0,0.3193,0.0,3,1,1,0,3,4,2022-12-27 10:35:00+05:30,2022-12-27 10:40:00+05:30,2022-12-27 15:00:00+05:30,927.5,919.1964285714286,942.4464285714286,4.85,EOD+
S1459,AXISBANK,2022-12-27 10:45:00+05:30,-0.0553,-0.1022,0,,0.7168,24.14,-0.3656,0,0.3597,0.0,1,0,1,0,1,2,2022-12-27 10:50:00+05:30,2022-12-27 10:55:00+05:30,2022-12-27 15:00:00+05:30,927.25,922.0267857142856,936.6517857142856,5.1,EOD+
S1460,AXISBANK,2022-12-27 11:10:00+05:30,-0.0988,-0.0755,3,1.0,0.6331,17.46,0.649,0,0.973,,0,1,0,1,0,1,2022-12-27 11:10:00+05:30,2022-12-27 11:15:00+05:30,2022-12-27 15:00:00+05:30,927.15,922.4803571428572,935.5553571428572,5.2,EOD+
S1461,AXISBANK,2022-12-27 11:25:00+05:30,0.0362,-0.0988,1,1.0,0.3551,21.43,0.3878,0,0.5898,,0,1,1,1,0,1,2022-12-27 11:25:00+05:30,2022-12-27 11:30:00+05:30,2022-12-27 15:00:00+05:30,927.2,922.8875,934.9625,5.15,EOD+
S1462,AXISBANK,2022-12-27 11:35:00+05:30,0.0664,-0.0227,0,,0.5148,25.0,-0.705,0,0.7313,1.0,3,0,0,0,3,4,2022-12-27 11:50:00+05:30,2022-12-27 11:55:00+05:30,2022-12-27 12:50:00+05:30,927.8,923.6839285714284,935.2089285714286,-4.1161,L
S1463,AXISBANK,2022-12-27 12:00:00+05:30,0.0337,0.0569,0,,0.5497,13.89,0.3021,0,0.9891,,0,0,0,1,0,1,2022-12-27 12:00:00+05:30,2022-12-27 12:05:00+05:30,2022-12-27 15:00:00+05:30,927.2,922.8339285714286,935.0589285714284,5.15,EOD+
S1464,AXISBANK,2022-12-27 12:10:00+05:30,0.0197,0.0418,0,,0.2943,35.29,-0.3204,0,0.5144,,0,0,1,1,0,1,2022-12-27 12:10:00+05:30,2022-12-27 12:15:00+05:30,2022-12-27 15:00:00+05:30,927.3,922.925,935.175,5.05,EOD+
S1465,AXISBANK,2022-12-27 13:00:00+05:30,-0.0737,-0.0353,0,,1.8306,59.52,-0.9658,0,1.5503,1.0,3,1,1,0,3,4,2022-12-27 13:15:00+05:30,2022-12-27 13:20:00+05:30,2022-12-27 15:00:00+05:30,926.85,922.8589285714286,934.0339285714286,5.5,EOD+
S1466,AXISBANK,2022-12-27 13:25:00+05:30,0.013,-0.0621,0,,0.0223,18.75,36.6471,0,0.9147,,0,0,0,1,0,1,2022-12-27 13:25:00+05:30,2022-12-27 13:30:00+05:30,2022-12-27 15:00:00+05:30,928.0,923.2321428571428,936.5821428571428,4.35,EOD+
S1467,AXISBANK,2022-12-28 09:15:00+05:30,,,0,,1.1122,5.36,-0.1119,0,3.219,1.0,1,0,0,0,1,2,2022-12-28 09:20:00+05:30,2022-12-28 09:25:00+05:30,2022-12-28 15:00:00+05:30,932.3,925.7196428571428,944.1446428571428,-2.2,EOD-
S1468,AXISBANK,2022-12-28 09:30:00+05:30,,,0,,0.4893,2.27,-0.581,0,0.9974,0.0,1,1,0,0,1,2,2022-12-28 09:35:00+05:30,2022-12-28 09:40:00+05:30,2022-12-28 15:00:00+05:30,932.3,925.5946428571428,944.3696428571428,-2.2,EOD-
S1469,AXISBANK,2022-12-28 09:45:00+05:30,0.0148,,0,,0.304,57.5,-0.402,0,1.1027,1.0,1,1,0,0,1,2,2022-12-28 09:50:00+05:30,2022-12-28 09:55:00+05:30,2022-12-28 15:00:00+05:30,933.9,927.7125,945.0375,-3.8,EOD-
S1470,AXISBANK,2022-12-28 10:00:00+05:30,0.1016,0.0148,0,,0.4664,78.26,-0.6741,0,1.1149,,0,1,0,1,0,1,2022-12-28 10:00:00+05:30,2022-12-28 10:05:00+05:30,2022-12-28 15:00:00+05:30,933.3,926.7196428571428,945.1446428571428,-3.2,EOD-
S1471,AXISBANK,2022-12-28 10:35:00+05:30,0.0043,0.0507,0,,0.551,69.57,-0.7778,0,0.4309,1.0,3,0,1,0,3,4,2022-12-28 10:50:00+05:30,2022-12-28 10:55:00+05:30,2022-12-28 15:00:00+05:30,932.75,926.625,943.775,-2.65,EOD-
S1472,AXISBANK,2022-12-28 11:00:00+05:30,-0.0115,-0.0161,0,,0.8906,4.55,0.0568,0,0.6161,,0,0,0,1,0,1,2022-12-28 11:00:00+05:30,2022-12-28 11:05:00+05:30,2022-12-28 15:00:00+05:30,932.6,927.2875,942.1625,-2.5,EOD-
S1473,AXISBANK,2022-12-28 11:10:00+05:30,0.0327,-0.0075,0,,0.1464,96.97,-1.0,0,1.0506,,0,0,0,1,0,1,2022-12-28 11:10:00+05:30,2022-12-28 11:15:00+05:30,2022-12-28 15:00:00+05:30,933.95,929.0392857142856,942.7892857142858,-3.85,EOD-
S1474,AXISBANK,2022-12-28 11:25:00+05:30,0.0539,0.0327,2,2.0,0.3354,22.58,0.7431,0,0.644,,0,1,0,1,0,1,2022-12-28 11:25:00+05:30,2022-12-28 11:30:00+05:30,2022-12-28 14:55:00+05:30,933.75,929.6875,941.0625,-4.0625,L
S1475,AXISBANK,2022-12-28 11:35:00+05:30,0.0378,0.0423,0,,0.3818,50.0,0.1111,0,0.6595,,0,1,1,1,0,1,2022-12-28 11:35:00+05:30,2022-12-28 11:40:00+05:30,2022-12-28 14:50:00+05:30,934.0,930.4642857142858,940.3642857142856,-3.5357,L
S1476,AXISBANK,2022-12-28 12:20:00+05:30,0.0611,0.0153,8,1.0,0.6063,80.43,-0.4953,0,1.5821,0.0,3,0,0,0,3,4,2022-12-28 12:35:00+05:30,2022-12-28 12:40:00+05:30,2022-12-28 14:50:00+05:30,934.3,931.0321428571428,940.1821428571428,-3.2679,L
S1477,AXISBANK,2022-12-28 12:45:00+05:30,0.0372,0.0485,0,,1.0781,3.33,-0.2014,0,1.374,1.0,2,1,1,0,2,3,2022-12-28 12:55:00+05:30,2022-12-28 13:00:00+05:30,2022-12-28 14:50:00+05:30,934.3,930.9607142857144,940.3107142857142,-3.3393,L
S1478,AXISBANK,2022-12-28 13:30:00+05:30,-0.015,0.0126,0,,0.9841,46.15,-0.7706,0,0.8343,1.0,3,0,0,0,3,4,2022-12-28 13:45:00+05:30,2022-12-28 13:50:00+05:30,2022-12-28 14:50:00+05:30,934.9,931.5785714285714,940.8785714285714,-3.3214,L
S1479,AXISBANK,2022-12-28 13:55:00+05:30,-0.008,-0.0241,1,1.0,0.0651,83.33,0.8182,0,0.9802,,0,0,0,1,0,1,2022-12-28 13:55:00+05:30,2022-12-28 14:00:00+05:30,2022-12-28 14:50:00+05:30,933.8,930.6303571428572,939.5053571428572,-3.1696,L
S1480,AXISBANK,2022-12-29 10:25:00+05:30,-0.3383,-0.3716,0,,1.1907,76.47,-0.9409,0,1.2314,1.0,3,0,1,0,3,4,2022-12-29 10:40:00+05:30,2022-12-29 10:45:00+05:30,2022-12-29 13:45:00+05:30,919.9,916.3464285714284,926.2964285714284,6.3964,W
S1481,AXISBANK,2022-12-29 11:00:00+05:30,-0.0229,-0.1787,3,3.0,0.0344,25.0,4.8824,0,3.3125,,0,0,0,1,0,1,2022-12-29 11:00:00+05:30,2022-12-29 11:05:00+05:30,2022-12-29 13:10:00+05:30,919.45,916.3607142857144,925.0107142857142,5.5607,W
S1482,AXISBANK,2022-12-29 11:30:00+05:30,0.0487,0.0386,4,4.0,0.3914,51.72,-0.3651,0,0.3214,0.0,1,0,1,0,1,2,2022-12-29 11:35:00+05:30,2022-12-29 11:40:00+05:30,2022-12-29 13:10:00+05:30,919.65,916.6321428571428,925.0821428571428,5.4321,W
S1483,AXISBANK,2022-12-29 12:10:00+05:30,0.0674,0.0505,5,3.0,0.0384,0.0,10.7647,0,0.4341,,0,1,1,1,0,1,2022-12-29 12:10:00+05:30,2022-12-29 12:15:00+05:30,2022-12-29 13:40:00+05:30,920.8,918.0321428571428,925.7821428571428,4.9821,W
S1484,AXISBANK,2022-12-29 12:25:00+05:30,0.0426,0.0674,2,1.0,0.1229,12.0,4.3571,0,0.6057,,0,0,1,1,0,1,2022-12-29 12:25:00+05:30,2022-12-29 12:30:00+05:30,2022-12-29 13:45:00+05:30,921.2,918.3517857142858,926.3267857142856,5.1268,W
S1485,AXISBANK,2022-12-30 10:15:00+05:30,0.2751,0.3249,12,12.0,0.0045,0.0,55.0,0,0.0392,,0,0,1,1,0,1,2022-12-30 10:15:00+05:30,2022-12-30 10:20:00+05:30,2022-12-30 15:00:00+05:30,937.7,930.7267857142858,950.2517857142856,-6.9732,L
S1486,AXISBANK,2022-12-30 10:50:00+05:30,0.0775,0.1854,6,2.0,0.0516,68.42,-0.3939,0,0.3538,1.0,1,1,0,0,1,2,2022-12-30 10:55:00+05:30,2022-12-30 11:00:00+05:30,2022-12-30 11:20:00+05:30,939.05,935.05,946.25,-4.0,L
S1487,AXISBANK,2022-12-30 12:20:00+05:30,-0.1079,-0.0873,0,,0.6779,37.04,-0.5252,0,1.0889,1.0,3,1,0,0,3,4,2022-12-30 12:35:00+05:30,2022-12-30 12:40:00+05:30,2022-12-30 13:00:00+05:30,937.45,934.3428571428572,943.0428571428572,-3.1071,L
S1488,AXISBANK,2022-12-30 13:30:00+05:30,-0.0206,-0.0147,0,,0.9019,22.73,-0.5025,0,1.3815,1.0,3,0,0,0,3,4,2022-12-30 13:45:00+05:30,2022-12-30 13:50:00+05:30,2022-12-30 15:00:00+05:30,936.6,932.4214285714286,944.1214285714286,-4.1786,L
S1489,AXISBANK,2022-12-30 13:55:00+05:30,-0.0099,-0.0091,0,,0.7208,2.78,-0.5062,0,0.7446,1.0,2,0,1,0,2,3,2022-12-30 14:05:00+05:30,2022-12-30 14:10:00+05:30,2022-12-30 15:00:00+05:30,936.1,931.8857142857144,943.6857142857144,-4.2143,L
