signal_id,stock,datetime,p01,p02,p03,p04,p05,p06,p07,p07_na,p08,p09,p10,p11,p12,same_candle_tb,bounce_bar_index,entry_bar_index,bounce_datetime,entry_datetime,exit_datetime,entry_price,sl,target,pnl,outcome
S001,CIPLA,2025-01-01 13:10:00+05:30,0.0639,0.0732,36,3.0,0.1175,63.64,4.3933,0,1.1205,,0,0,0,1,0,1,2025-01-01 13:10:00+05:30,2025-01-01 13:15:00+05:30,2025-01-01 14:55:00+05:30,1545.4,1540.6678571428572,1553.9178571428572,-4.7321,L
S002,CIPLA,2025-01-01 13:20:00+05:30,0.0591,0.0683,0,,0.2383,21.05,0.5819,0,0.7189,,0,0,1,1,0,1,2025-01-01 13:20:00+05:30,2025-01-01 13:25:00+05:30,2025-01-01 14:55:00+05:30,1545.1,1540.4571428571428,1553.4571428571428,-4.6429,L
S003,CIPLA,2025-01-01 13:30:00+05:30,0.0414,0.0634,0,,0.5998,26.92,-0.5165,0,1.2609,1.0,3,0,0,0,3,4,2025-01-01 13:45:00+05:30,2025-01-01 13:50:00+05:30,2025-01-01 14:50:00+05:30,1545.9,1541.1589285714288,1554.4339285714286,-4.7411,L
S004,CIPLA,2025-01-01 13:55:00+05:30,0.0296,0.0291,0,,0.9855,8.82,-0.3872,0,1.2726,1.0,1,0,0,0,1,2,2025-01-01 14:00:00+05:30,2025-01-01 14:05:00+05:30,2025-01-01 14:25:00+05:30,1546.0,1541.4464285714284,1554.196428571429,-4.5536,L
S005,CIPLA,2025-01-02 10:00:00+05:30,-0.2197,-0.232,0,,0.7326,11.29,-0.7917,0,0.1947,1.0,3,0,1,0,3,4,2025-01-02 10:15:00+05:30,2025-01-02 10:20:00+05:30,2025-01-02 15:00:00+05:30,1532.25,1519.9642857142856,1554.364285714286,7.6,EOD+
S006,CIPLA,2025-01-02 10:25:00+05:30,-0.1531,-0.2069,0,,0.1875,31.37,0.749,0,0.1928,,0,1,0,1,0,1,2025-01-02 10:25:00+05:30,2025-01-02 10:30:00+05:30,2025-01-02 15:00:00+05:30,1530.75,1521.982142857143,1546.532142857143,9.1,EOD+
S007,CIPLA,2025-01-02 12:10:00+05:30,-0.006,0.0252,0,,1.5854,70.83,-1.0,0,0.8368,0.0,3,1,1,0,3,4,2025-01-02 12:25:00+05:30,2025-01-02 12:30:00+05:30,2025-01-02 15:00:00+05:30,1535.05,1527.5321428571428,1548.5821428571428,4.8,EOD+
S008,CIPLA,2025-01-02 12:40:00+05:30,-0.0331,-0.0367,2,2.0,0.0449,43.64,5.6667,0,0.6494,,0,0,1,1,0,1,2025-01-02 12:40:00+05:30,2025-01-02 12:45:00+05:30,2025-01-02 15:00:00+05:30,1535.0,1526.6517857142858,1550.0267857142858,4.85,EOD+
S009,CIPLA,2025-01-02 13:00:00+05:30,-0.0266,-0.022,2,2.0,0.1321,0.0,3.7059,0,1.3538,,0,0,0,1,0,1,2025-01-02 13:00:00+05:30,2025-01-02 13:05:00+05:30,2025-01-02 15:00:00+05:30,1535.25,1528.008928571429,1548.2839285714283,4.6,EOD+
S010,CIPLA,2025-01-02 13:10:00+05:30,-0.0466,-0.0184,0,,0.5126,30.65,-0.8998,0,0.5969,1.0,1,0,0,0,1,2,2025-01-02 13:15:00+05:30,2025-01-02 13:20:00+05:30,2025-01-02 15:00:00+05:30,1536.65,1529.3464285714283,1549.7964285714288,3.2,EOD+
S011,CIPLA,2025-01-02 13:35:00+05:30,0.0438,-0.0346,3,3.0,0.6635,23.38,0.0714,0,2.0891,,0,1,0,1,0,1,2025-01-02 13:35:00+05:30,2025-01-02 13:40:00+05:30,2025-01-02 15:00:00+05:30,1534.85,1527.992857142857,1547.192857142857,5.0,EOD+
S012,CIPLA,2025-01-02 13:55:00+05:30,0.0139,0.05,0,,1.7317,48.1,-0.8836,0,1.2731,0.0,3,1,1,0,3,4,2025-01-02 14:10:00+05:30,2025-01-02 14:15:00+05:30,2025-01-02 15:00:00+05:30,1535.1,1528.2785714285717,1547.3785714285714,4.75,EOD+
S013,CIPLA,2025-01-03 10:45:00+05:30,-0.3036,-0.2987,0,,1.6716,40.82,-0.8532,0,1.9602,1.0,3,0,0,0,3,4,2025-01-03 11:00:00+05:30,2025-01-03 11:05:00+05:30,2025-01-03 11:40:00+05:30,1520.0,1512.866071428571,1532.8410714285717,-7.1339,L
S014,CIPLA,2025-01-03 11:10:00+05:30,-0.118,-0.308,0,,0.1951,22.45,1.4645,0,1.4013,,0,0,1,1,0,1,2025-01-03 11:10:00+05:30,2025-01-03 11:15:00+05:30,2025-01-03 11:35:00+05:30,1519.85,1513.0910714285712,1532.0160714285714,-6.7589,L
S015,CIPLA,2025-01-03 11:20:00+05:30,-0.0198,-0.1863,0,,0.3551,34.09,-0.2632,0,2.085,1.0,1,1,1,0,1,2,2025-01-03 11:25:00+05:30,2025-01-03 11:30:00+05:30,2025-01-03 11:30:00+05:30,1521.45,1514.7625,1533.4875000000002,-6.6875,L
S016,CIPLA,2025-01-03 12:50:00+05:30,-0.0973,-0.1128,0,,0.6587,97.78,-0.9744,0,0.3386,1.0,3,0,1,0,3,4,2025-01-03 13:05:00+05:30,2025-01-03 13:10:00+05:30,2025-01-03 15:00:00+05:30,1511.8,1504.380357142857,1525.1553571428572,4.5,EOD+
S017,CIPLA,2025-01-03 13:15:00+05:30,-0.0906,-0.1223,0,,0.2155,21.62,1.4299,0,0.4309,,0,0,1,1,0,1,2025-01-03 13:15:00+05:30,2025-01-03 13:20:00+05:30,2025-01-03 15:00:00+05:30,1512.75,1506.544642857143,1523.919642857143,3.55,EOD+
S018,CIPLA,2025-01-03 13:40:00+05:30,-0.042,-0.0476,0,,1.3859,36.54,-0.6441,0,1.9735,1.0,3,0,0,0,3,4,2025-01-03 13:55:00+05:30,2025-01-03 14:00:00+05:30,2025-01-03 15:00:00+05:30,1511.5,1506.1785714285716,1521.0785714285712,4.8,EOD+
S019,CIPLA,2025-01-03 14:05:00+05:30,0.0392,-0.0275,0,,0.7075,82.35,-0.726,0,0.8483,,0,0,1,1,0,1,2025-01-03 14:05:00+05:30,2025-01-03 14:10:00+05:30,2025-01-03 15:00:00+05:30,1512.45,1506.6464285714287,1522.8964285714285,3.85,EOD+
S020,CIPLA,2025-01-03 14:20:00+05:30,0.0265,0.0392,2,2.0,0.2648,42.42,0.6727,0,1.2973,,0,0,0,1,0,1,2025-01-03 14:20:00+05:30,2025-01-03 14:25:00+05:30,2025-01-03 15:00:00+05:30,1512.15,1505.6589285714288,1523.8339285714285,4.15,EOD+
S021,CIPLA,2025-01-06 10:45:00+05:30,-0.3456,-0.3873,0,,0.7184,85.71,-1.0,0,0.2403,1.0,3,0,1,0,3,4,2025-01-06 11:00:00+05:30,2025-01-06 11:05:00+05:30,2025-01-06 14:10:00+05:30,1491.6,1481.0910714285717,1510.5160714285712,-10.5089,L
S022,CIPLA,2025-01-06 11:10:00+05:30,-0.1871,-0.28,0,,0.8696,44.59,-0.2491,0,2.0021,0.0,3,1,0,0,3,4,2025-01-06 11:25:00+05:30,2025-01-06 11:30:00+05:30,2025-01-06 11:50:00+05:30,1493.9,1486.051785714286,1508.0267857142858,-7.8482,L
S023,CIPLA,2025-01-06 11:55:00+05:30,-0.0674,0.0553,0,,1.7361,52.38,-1.0,0,0.5038,0.0,3,1,0,0,3,4,2025-01-06 12:10:00+05:30,2025-01-06 12:15:00+05:30,2025-01-06 14:10:00+05:30,1491.8,1482.8357142857142,1507.9357142857143,-8.9643,L
S024,CIPLA,2025-01-06 12:20:00+05:30,-0.0119,-0.074,0,,0.2677,55.21,-0.5444,0,0.5494,,0,0,0,1,0,1,2025-01-06 12:20:00+05:30,2025-01-06 12:25:00+05:30,2025-01-06 14:10:00+05:30,1492.4,1482.15,1510.85,-10.25,L
S025,CIPLA,2025-01-06 12:30:00+05:30,0.0062,-0.0396,0,,0.1233,85.59,-0.799,0,0.2952,,0,0,0,1,0,1,2025-01-06 12:30:00+05:30,2025-01-06 12:35:00+05:30,2025-01-06 13:50:00+05:30,1494.85,1484.760714285714,1513.010714285714,-10.0893,L
S026,CIPLA,2025-01-06 13:05:00+05:30,0.0349,0.0495,6,5.0,0.0058,44.9,9.0,0,0.2143,,0,0,1,1,0,1,2025-01-06 13:05:00+05:30,2025-01-06 13:10:00+05:30,2025-01-06 14:05:00+05:30,1491.6,1483.0464285714286,1506.9964285714284,-8.5536,L
S027,CIPLA,2025-01-07 11:50:00+05:30,0.1145,0.1945,31,6.0,0.2392,36.73,0.8852,0,0.9229,,0,0,0,1,0,1,2025-01-07 11:50:00+05:30,2025-01-07 11:55:00+05:30,2025-01-07 12:10:00+05:30,1506.15,1499.775,1517.6250000000002,-6.375,L
S028,CIPLA,2025-01-07 13:50:00+05:30,-0.124,-0.1405,0,,2.1982,36.59,-0.9489,0,1.0499,0.0,3,0,1,0,3,4,2025-01-07 14:05:00+05:30,2025-01-07 14:10:00+05:30,2025-01-07 14:25:00+05:30,1497.05,1492.5946428571428,1505.069642857143,-4.4554,L
S029,CIPLA,2025-01-07 14:15:00+05:30,-0.0359,-0.0865,0,,0.2916,33.33,-0.717,0,0.7253,,0,0,1,1,0,1,2025-01-07 14:15:00+05:30,2025-01-07 14:20:00+05:30,2025-01-07 14:35:00+05:30,1496.95,1492.4053571428572,1505.1303571428573,-4.5446,L
S030,CIPLA,2025-01-08 09:15:00+05:30,,,0,,0.217,17.12,8.6552,0,1.0293,,0,0,1,1,0,1,2025-01-08 09:15:00+05:30,2025-01-08 09:20:00+05:30,2025-01-08 09:50:00+05:30,1502.7,1493.5125,1519.2375000000002,-9.1875,L
S031,CIPLA,2025-01-08 09:45:00+05:30,0.0978,,5,4.0,0.5716,66.3,-0.6543,0,0.2782,0.0,2,0,0,0,2,3,2025-01-08 09:55:00+05:30,2025-01-08 10:00:00+05:30,2025-01-08 15:00:00+05:30,1499.4,1486.7482142857143,1522.1732142857145,-5.55,EOD-
S032,CIPLA,2025-01-08 10:05:00+05:30,0.0727,0.0657,0,,0.247,51.95,-0.8868,0,0.2786,0.0,1,0,0,0,1,2,2025-01-08 10:10:00+05:30,2025-01-08 10:15:00+05:30,2025-01-08 13:50:00+05:30,1501.0,1487.5892857142858,1525.1392857142855,-13.4107,L
S033,CIPLA,2025-01-08 10:20:00+05:30,0.0749,0.0727,0,,1.2405,92.86,-0.95,0,0.8986,1.0,3,0,0,0,3,4,2025-01-08 10:35:00+05:30,2025-01-08 10:40:00+05:30,2025-01-08 15:00:00+05:30,1500.55,1486.442857142857,1525.942857142857,-6.7,EOD-
S034,CIPLA,2025-01-08 10:45:00+05:30,0.0357,0.0248,0,,0.3906,26.79,0.0703,0,0.3576,,0,0,1,1,0,1,2025-01-08 10:45:00+05:30,2025-01-08 10:50:00+05:30,2025-01-08 13:35:00+05:30,1500.25,1489.7857142857142,1519.0857142857144,-10.4643,L
S035,CIPLA,2025-01-08 10:55:00+05:30,0.0413,0.017,0,,0.4738,17.24,-0.3398,0,1.1191,1.0,2,1,0,0,2,3,2025-01-08 11:05:00+05:30,2025-01-08 11:10:00+05:30,2025-01-08 13:30:00+05:30,1500.55,1490.9607142857142,1517.8107142857143,-9.5893,L
S036,CIPLA,2025-01-08 11:15:00+05:30,-0.1096,-0.003,0,,0.472,72.73,-0.6434,0,0.8345,0.0,2,1,0,0,2,3,2025-01-08 11:25:00+05:30,2025-01-08 11:30:00+05:30,2025-01-08 13:35:00+05:30,1499.4,1490.489285714286,1515.4392857142857,-8.9107,L
S037,CIPLA,2025-01-08 11:45:00+05:30,0.0087,-0.0275,0,,0.5874,20.83,-0.5952,0,0.514,0.0,3,0,1,0,3,4,2025-01-08 12:00:00+05:30,2025-01-08 12:05:00+05:30,2025-01-08 13:35:00+05:30,1498.95,1490.0125,1515.0375,-8.9375,L
S038,CIPLA,2025-01-08 12:30:00+05:30,-0.0813,0.0063,0,,1.6527,57.69,-0.7869,0,0.861,0.0,3,1,0,0,3,4,2025-01-08 12:45:00+05:30,2025-01-08 12:50:00+05:30,2025-01-08 13:35:00+05:30,1497.4,1490.301785714286,1510.176785714286,-7.0982,L
S039,CIPLA,2025-01-08 12:55:00+05:30,-0.0506,-0.083,0,,0.8467,34.38,-0.274,0,1.0603,,0,0,0,1,0,1,2025-01-08 12:55:00+05:30,2025-01-08 13:00:00+05:30,2025-01-08 13:30:00+05:30,1497.3,1490.9964285714286,1508.6464285714285,-6.3036,L
S040,CIPLA,2025-01-08 13:50:00+05:30,-0.1314,-0.0828,0,,2.1594,25.76,-0.6686,0,0.6712,0.0,3,1,0,0,3,4,2025-01-08 14:05:00+05:30,2025-01-08 14:10:00+05:30,2025-01-08 15:00:00+05:30,1494.95,1487.7892857142858,1507.8392857142858,-1.1,EOD-
S041,CIPLA,2025-01-08 14:15:00+05:30,-0.035,-0.1182,1,1.0,0.0736,95.0,-1.0,0,0.7006,1.0,1,1,1,0,1,2,2025-01-08 14:20:00+05:30,2025-01-08 14:25:00+05:30,2025-01-08 15:00:00+05:30,1496.45,1489.2357142857145,1509.4357142857143,-2.6,EOD-
S042,CIPLA,2025-01-08 14:30:00+05:30,-0.0193,-0.035,0,,0.2449,40.43,0.3505,0,0.8868,,0,0,0,1,0,1,2025-01-08 14:30:00+05:30,2025-01-08 14:35:00+05:30,2025-01-08 15:00:00+05:30,1494.15,1486.2125,1508.4375,-0.3,EOD-
S043,CIPLA,2025-01-09 10:15:00+05:30,-0.1822,-0.1654,0,,0.9773,20.37,-0.6047,0,0.8862,1.0,3,0,0,0,3,4,2025-01-09 10:30:00+05:30,2025-01-09 10:35:00+05:30,2025-01-09 15:00:00+05:30,1488.9,1477.9,1508.7000000000005,-1.5,EOD-
S044,CIPLA,2025-01-09 11:50:00+05:30,0.1526,0.1571,15,1.0,0.2486,60.26,-0.4268,0,0.7602,0.0,1,1,0,0,1,2,2025-01-09 11:55:00+05:30,2025-01-09 12:00:00+05:30,2025-01-09 14:45:00+05:30,1493.65,1485.757142857143,1507.8571428571431,-7.8929,L
S045,CIPLA,2025-01-09 12:05:00+05:30,0.1397,0.1526,1,1.0,0.0863,48.28,4.4,0,1.5509,,0,1,0,1,0,1,2025-01-09 12:05:00+05:30,2025-01-09 12:10:00+05:30,2025-01-09 14:35:00+05:30,1494.95,1487.7089285714285,1507.9839285714288,-7.2411,L
S046,CIPLA,2025-01-09 12:30:00+05:30,0.0569,0.1276,0,,1.0927,15.38,-0.5469,0,1.1482,0.0,3,0,0,0,3,4,2025-01-09 12:45:00+05:30,2025-01-09 12:50:00+05:30,2025-01-09 14:45:00+05:30,1493.35,1486.0285714285712,1506.5285714285717,-7.3214,L
S047,CIPLA,2025-01-09 13:15:00+05:30,0.0154,0.0126,4,3.0,0.0569,3.33,5.1224,0,1.5616,,0,0,0,1,0,1,2025-01-09 13:15:00+05:30,2025-01-09 13:20:00+05:30,2025-01-09 14:35:00+05:30,1494.3,1488.9160714285713,1503.9910714285716,-5.3839,L
S048,CIPLA,2025-01-09 13:25:00+05:30,0.0203,0.0229,1,1.0,0.2844,70.45,-0.2187,0,0.3736,0.0,3,1,0,0,3,4,2025-01-09 13:40:00+05:30,2025-01-09 13:45:00+05:30,2025-01-09 14:35:00+05:30,1494.35,1488.725,1504.475,-5.625,L
S049,CIPLA,2025-01-09 13:50:00+05:30,0.0115,0.0189,0,,0.483,2.44,0.3506,0,0.905,,0,0,1,1,0,1,2025-01-09 13:50:00+05:30,2025-01-09 13:55:00+05:30,2025-01-09 14:10:00+05:30,1494.35,1489.367857142857,1503.3178571428573,-4.9821,L
S050,CIPLA,2025-01-10 09:15:00+05:30,,,0,,2.3495,75.0,-0.7006,0,1.0494,,0,0,1,1,0,1,2025-01-10 09:15:00+05:30,2025-01-10 09:20:00+05:30,2025-01-10 09:55:00+05:30,1493.3,1483.880357142857,1510.255357142857,-9.4196,L
S051,CIPLA,2025-01-10 09:25:00+05:30,,,1,1.0,0.0529,69.37,6.3118,0,0.4547,,0,0,0,1,0,1,2025-01-10 09:25:00+05:30,2025-01-10 09:30:00+05:30,2025-01-10 09:55:00+05:30,1491.0,1480.017857142857,1510.767857142857,-10.9821,L
S052,CIPLA,2025-01-10 09:35:00+05:30,,,0,,0.7235,32.05,-0.4087,0,0.5611,1.0,1,1,0,0,1,2,2025-01-10 09:40:00+05:30,2025-01-10 09:45:00+05:30,2025-01-10 09:55:00+05:30,1490.85,1479.1625,1511.8874999999998,-11.6875,L
S053,CIPLA,2025-01-10 11:00:00+05:30,-0.241,-0.2292,0,,0.8182,55.0,-0.7816,0,0.8269,1.0,3,0,1,0,3,4,2025-01-10 11:15:00+05:30,2025-01-10 11:20:00+05:30,2025-01-10 15:00:00+05:30,1480.0,1468.107142857143,1501.4071428571428,-11.8929,L
S054,CIPLA,2025-01-10 11:45:00+05:30,0.0548,-0.0896,4,3.0,0.2131,25.77,1.9912,0,3.1042,,0,0,0,1,0,1,2025-01-10 11:45:00+05:30,2025-01-10 11:50:00+05:30,2025-01-10 12:10:00+05:30,1482.0,1472.0,1499.9999999999998,-10.0,L
S055,CIPLA,2025-01-10 12:30:00+05:30,0.036,0.0052,0,,1.0653,48.94,-0.7976,0,0.4614,0.0,3,1,0,0,3,4,2025-01-10 12:45:00+05:30,2025-01-10 12:50:00+05:30,2025-01-10 14:10:00+05:30,1481.95,1471.5125,1500.7375,-10.4375,L
S056,CIPLA,2025-01-10 13:35:00+05:30,-0.0953,-0.1367,0,,0.7489,27.78,-0.739,0,0.5743,1.0,3,0,1,0,3,4,2025-01-10 13:50:00+05:30,2025-01-10 13:55:00+05:30,2025-01-10 15:00:00+05:30,1477.05,1468.0946428571428,1493.169642857143,-8.9554,L
S057,CIPLA,2025-01-13 10:35:00+05:30,-0.3054,-0.3443,0,,0.703,3.85,-0.7286,0,0.4834,0.0,3,0,1,0,3,4,2025-01-13 10:50:00+05:30,2025-01-13 10:55:00+05:30,2025-01-13 13:30:00+05:30,1455.0,1444.517857142857,1473.8678571428577,-10.4821,L
S058,CIPLA,2025-01-13 11:30:00+05:30,-0.0887,-0.1396,0,,0.9884,67.27,-0.8348,0,0.5739,1.0,3,0,0,0,3,4,2025-01-13 11:45:00+05:30,2025-01-13 11:50:00+05:30,2025-01-13 13:30:00+05:30,1453.0,1443.8125,1469.5375,-9.1875,L
S059,CIPLA,2025-01-13 12:05:00+05:30,-0.0183,-0.0484,0,,0.958,9.62,-0.8813,0,0.324,1.0,3,0,1,0,3,4,2025-01-13 12:20:00+05:30,2025-01-13 12:25:00+05:30,2025-01-13 13:55:00+05:30,1450.25,1441.455357142857,1466.080357142857,-8.7946,L
S060,CIPLA,2025-01-13 12:35:00+05:30,-0.049,-0.061,2,2.0,0.0873,61.22,2.4043,0,1.1607,,0,0,0,1,0,1,2025-01-13 12:35:00+05:30,2025-01-13 12:40:00+05:30,2025-01-13 13:30:00+05:30,1451.55,1444.817857142857,1463.6678571428572,-6.7321,L
S061,CIPLA,2025-01-13 12:55:00+05:30,0.0221,-0.0283,3,3.0,0.822,20.75,-0.1877,0,0.5104,0.0,1,0,1,0,1,2,2025-01-13 13:00:00+05:30,2025-01-13 13:05:00+05:30,2025-01-13 13:30:00+05:30,1450.35,1444.9214285714284,1460.1214285714286,-5.4286,L
S062,CIPLA,2025-01-13 13:10:00+05:30,0.0279,0.0221,1,1.0,0.3046,25.93,0.7778,0,2.8159,,0,0,0,1,0,1,2025-01-13 13:10:00+05:30,2025-01-13 13:15:00+05:30,2025-01-13 13:25:00+05:30,1450.0,1445.3839285714284,1458.3089285714286,-4.6161,L
S063,CIPLA,2025-01-14 09:15:00+05:30,,,0,,1.4561,81.47,-0.8608,0,2.2001,,0,1,0,1,0,1,2025-01-14 09:15:00+05:30,2025-01-14 09:20:00+05:30,2025-01-14 10:25:00+05:30,1445.8,1436.5499999999995,1462.4500000000005,-9.25,L
S064,CIPLA,2025-01-14 09:30:00+05:30,,,2,2.0,0.2456,69.81,0.4742,0,0.3677,,0,0,0,1,0,1,2025-01-14 09:30:00+05:30,2025-01-14 09:35:00+05:30,2025-01-14 15:00:00+05:30,1441.6,1431.242857142857,1460.2428571428572,3.15,EOD+
S065,CIPLA,2025-01-14 09:40:00+05:30,0.048,,1,1.0,0.2558,13.92,0.8981,0,0.2779,,0,1,1,1,0,1,2025-01-14 09:40:00+05:30,2025-01-14 09:45:00+05:30,2025-01-14 15:00:00+05:30,1442.35,1431.7964285714284,1461.3464285714288,2.4,EOD+
S066,CIPLA,2025-01-14 09:50:00+05:30,0.0225,,0,,0.0992,84.78,-0.6552,0,0.3372,1.0,1,0,1,0,1,2,2025-01-14 09:55:00+05:30,2025-01-14 10:00:00+05:30,2025-01-14 15:00:00+05:30,1442.3,1431.3357142857142,1462.0357142857144,2.45,EOD+
S067,CIPLA,2025-01-14 10:40:00+05:30,-0.0574,-0.0512,0,,1.4427,12.5,-0.8671,0,5.5828,1.0,3,0,0,0,3,4,2025-01-14 10:55:00+05:30,2025-01-14 11:00:00+05:30,2025-01-14 15:00:00+05:30,1443.7,1436.5303571428572,1456.6053571428572,1.05,EOD+
S068,CIPLA,2025-01-14 11:20:00+05:30,0.0583,0.0311,4,2.0,0.0866,52.94,-1.0,0,2.8583,1.0,3,0,0,0,3,4,2025-01-14 11:35:00+05:30,2025-01-14 11:40:00+05:30,2025-01-14 15:00:00+05:30,1442.25,1433.1607142857142,1458.6107142857145,2.5,EOD+
S069,CIPLA,2025-01-14 11:55:00+05:30,0.0659,-0.0007,3,2.0,0.2709,30.95,0.3272,0,0.1305,,0,0,1,1,0,1,2025-01-14 11:55:00+05:30,2025-01-14 12:00:00+05:30,2025-01-14 15:00:00+05:30,1441.45,1431.369642857143,1459.594642857143,3.3,EOD+
S070,CIPLA,2025-01-14 12:05:00+05:30,0.0804,0.0446,0,,0.1129,69.44,0.2865,0,0.1372,,0,0,1,1,0,1,2025-01-14 12:05:00+05:30,2025-01-14 12:10:00+05:30,2025-01-14 15:00:00+05:30,1443.95,1434.4857142857145,1460.9857142857145,0.8,EOD+
S071,CIPLA,2025-01-14 12:30:00+05:30,0.0902,0.0996,0,,0.6991,5.26,-0.5213,0,0.6355,1.0,3,0,0,0,3,4,2025-01-14 12:45:00+05:30,2025-01-14 12:50:00+05:30,2025-01-14 15:00:00+05:30,1443.45,1436.7267857142856,1455.551785714286,1.3,EOD+
S072,CIPLA,2025-01-14 12:55:00+05:30,-0.0896,0.0171,0,,1.5027,9.76,-0.572,0,0.1248,0.0,2,0,1,0,2,3,2025-01-14 13:05:00+05:30,2025-01-14 13:10:00+05:30,2025-01-14 15:00:00+05:30,1442.75,1437.6964285714284,1451.8464285714283,2.0,EOD+
S073,CIPLA,2025-01-14 13:15:00+05:30,0.014,-0.0886,0,,0.2191,0.0,1.2222,0,0.8247,,0,1,1,1,0,1,2025-01-14 13:15:00+05:30,2025-01-14 13:20:00+05:30,2025-01-14 15:00:00+05:30,1444.65,1439.5160714285714,1453.8910714285716,0.1,EOD+
S074,CIPLA,2025-01-14 13:25:00+05:30,0.009,-0.0244,0,,0.1334,0.0,3.1905,0,2.1252,,0,0,1,1,0,1,2025-01-14 13:25:00+05:30,2025-01-14 13:30:00+05:30,2025-01-14 15:00:00+05:30,1443.5,1438.580357142857,1452.3553571428572,1.25,EOD+
S075,CIPLA,2025-01-14 13:55:00+05:30,0.0374,0.0118,4,4.0,0.057,44.44,5.1538,0,0.5064,,0,0,1,1,0,1,2025-01-14 13:55:00+05:30,2025-01-14 14:00:00+05:30,2025-01-14 15:00:00+05:30,1443.9,1438.194642857143,1454.169642857143,0.85,EOD+
S076,CIPLA,2025-01-14 14:05:00+05:30,0.0139,0.0367,0,,1.2521,21.21,-0.2295,0,1.3388,,0,0,1,1,0,1,2025-01-14 14:05:00+05:30,2025-01-14 14:10:00+05:30,2025-01-14 15:00:00+05:30,1443.3,1437.4696428571428,1453.794642857143,1.45,EOD+
S077,CIPLA,2025-01-14 14:30:00+05:30,0.0466,0.0256,3,2.0,0.2411,52.17,0.3825,0,0.9757,,0,0,0,1,0,1,2025-01-14 14:30:00+05:30,2025-01-14 14:35:00+05:30,2025-01-14 15:00:00+05:30,1445.3,1439.675,1455.425,-0.55,EOD-
S078,CIPLA,2025-01-15 10:05:00+05:30,-0.1352,-0.1729,0,,1.0374,24.29,-0.7681,0,0.8582,1.0,3,0,0,0,3,4,2025-01-15 10:20:00+05:30,2025-01-15 10:25:00+05:30,2025-01-15 15:00:00+05:30,1445.0,1434.0892857142856,1464.6392857142855,-0.3,EOD-
S079,CIPLA,2025-01-15 11:35:00+05:30,0.2262,0.2215,14,2.0,0.1438,14.75,4.6579,0,2.0722,,0,1,0,1,0,1,2025-01-15 11:35:00+05:30,2025-01-15 11:40:00+05:30,2025-01-15 12:10:00+05:30,1449.15,1442.5428571428574,1461.042857142857,-6.6071,L
S080,CIPLA,2025-01-15 11:55:00+05:30,0.1691,0.2135,3,2.0,0.1976,17.39,0.3714,0,0.517,,0,0,1,1,0,1,2025-01-15 11:55:00+05:30,2025-01-15 12:00:00+05:30,2025-01-15 12:10:00+05:30,1448.6,1443.0642857142857,1458.5642857142857,-5.5357,L
S081,CIPLA,2025-01-15 13:25:00+05:30,-0.1353,-0.0948,0,,2.2225,78.43,-0.9775,0,0.4666,0.0,3,1,1,0,3,4,2025-01-15 13:40:00+05:30,2025-01-15 13:45:00+05:30,2025-01-15 15:00:00+05:30,1445.05,1440.05,1454.05,-0.35,EOD-
S082,CIPLA,2025-01-15 13:50:00+05:30,-0.0466,-0.1203,0,,0.3138,54.76,-0.3309,0,1.1223,1.0,1,1,1,0,1,2,2025-01-15 13:55:00+05:30,2025-01-15 14:00:00+05:30,2025-01-15 15:00:00+05:30,1444.8,1439.442857142857,1454.442857142857,-0.1,EOD-
S083,CIPLA,2025-01-15 14:05:00+05:30,-0.0031,-0.0466,0,,0.2107,75.28,0.407,0,1.1366,,0,0,1,1,0,1,2025-01-15 14:05:00+05:30,2025-01-15 14:10:00+05:30,2025-01-15 15:00:00+05:30,1447.6,1441.698214285714,1458.2232142857142,-2.9,EOD-
S084,CIPLA,2025-01-15 14:15:00+05:30,-0.0023,-0.014,1,1.0,0.2057,15.56,1.449,0,0.9258,,0,1,1,1,0,1,2025-01-15 14:15:00+05:30,2025-01-15 14:20:00+05:30,2025-01-15 15:00:00+05:30,1445.0,1439.044642857143,1455.7196428571428,-0.3,EOD-
S085,CIPLA,2025-01-15 14:25:00+05:30,-0.0048,-0.0055,1,1.0,0.028,52.0,0.6,0,1.5323,,0,0,0,1,0,1,2025-01-15 14:25:00+05:30,2025-01-15 14:30:00+05:30,2025-01-15 15:00:00+05:30,1443.9,1438.3107142857143,1453.9607142857144,0.8,EOD+
S086,CIPLA,2025-01-16 10:40:00+05:30,-0.2242,-0.1325,0,,1.9474,44.9,-0.9319,0,1.1986,1.0,3,0,1,0,3,4,2025-01-16 10:55:00+05:30,2025-01-16 11:00:00+05:30,2025-01-16 15:00:00+05:30,1438.35,1430.8142857142857,1451.9142857142856,5.8,EOD+
S087,CIPLA,2025-01-16 12:40:00+05:30,0.1125,0.1624,20,8.0,0.0256,28.85,24.0,0,1.6215,,0,0,0,1,0,1,2025-01-16 12:40:00+05:30,2025-01-16 12:45:00+05:30,2025-01-16 15:00:00+05:30,1441.45,1436.5660714285714,1450.2410714285716,2.7,EOD+
S088,CIPLA,2025-01-16 12:50:00+05:30,0.0653,0.1349,1,1.0,0.0133,42.11,3.0,0,0.8804,,0,0,0,1,0,1,2025-01-16 12:50:00+05:30,2025-01-16 12:55:00+05:30,2025-01-16 15:00:00+05:30,1440.6,1435.885714285714,1449.0857142857142,3.55,EOD+
S089,CIPLA,2025-01-16 13:00:00+05:30,0.0475,0.0896,0,,0.8988,25.64,-0.4505,0,1.207,1.0,1,0,0,0,1,2,2025-01-16 13:05:00+05:30,2025-01-16 13:10:00+05:30,2025-01-16 15:00:00+05:30,1441.25,1436.1875,1450.3625,2.9,EOD+
S090,CIPLA,2025-01-16 13:15:00+05:30,0.0449,0.0475,0,,0.3699,10.53,-0.4796,0,0.929,1.0,2,0,0,0,2,3,2025-01-16 13:25:00+05:30,2025-01-16 13:30:00+05:30,2025-01-16 15:00:00+05:30,1441.85,1437.305357142857,1450.030357142857,2.3,EOD+
S091,CIPLA,2025-01-17 09:20:00+05:30,,,0,,2.72,21.05,-0.8529,0,1.1002,1.0,3,1,0,0,3,4,2025-01-17 09:35:00+05:30,2025-01-17 09:40:00+05:30,2025-01-17 10:05:00+05:30,1446.2,1440.2625,1456.8875,-5.9375,L
S092,CIPLA,2025-01-17 10:10:00+05:30,-0.0383,0.0095,0,,0.8989,66.67,-0.8172,0,0.6233,1.0,3,1,1,0,3,4,2025-01-17 10:25:00+05:30,2025-01-17 10:30:00+05:30,2025-01-17 15:00:00+05:30,1445.7,1435.0482142857145,1464.8732142857143,-2.3,EOD-
S093,CIPLA,2025-01-17 11:15:00+05:30,-0.0121,-0.0194,0,,1.321,100.0,-1.0,0,0.4934,1.0,3,0,0,0,3,4,2025-01-17 11:30:00+05:30,2025-01-17 11:35:00+05:30,2025-01-17 15:00:00+05:30,1443.15,1436.739285714286,1454.6892857142857,0.25,EOD+
S094,CIPLA,2025-01-17 13:45:00+05:30,-0.092,-0.0707,0,,0.9902,23.53,-0.8119,0,1.1832,1.0,3,0,0,0,3,4,2025-01-17 14:00:00+05:30,2025-01-17 14:05:00+05:30,2025-01-17 15:00:00+05:30,1442.35,1438.323214285714,1449.5982142857142,1.05,EOD+
S095,CIPLA,2025-01-20 09:15:00+05:30,,,0,,1.0081,46.21,0.0051,0,1.9642,,0,0,0,1,0,1,2025-01-20 09:15:00+05:30,2025-01-20 09:20:00+05:30,2025-01-20 09:35:00+05:30,1442.35,1436.305357142857,1453.230357142857,-6.0446,L
S096,CIPLA,2025-01-20 10:15:00+05:30,-0.1909,-0.1683,0,,2.048,6.67,-0.8509,0,0.3386,1.0,3,1,1,0,3,4,2025-01-20 10:30:00+05:30,2025-01-20 10:35:00+05:30,2025-01-20 15:00:00+05:30,1437.2,1428.1910714285714,1453.4160714285715,7.8,EOD+
S097,CIPLA,2025-01-20 12:05:00+05:30,0.2504,0.2802,18,3.0,0.0042,48.57,44.0,0,0.3931,,0,0,1,1,0,1,2025-01-20 12:05:00+05:30,2025-01-20 12:10:00+05:30,2025-01-20 15:00:00+05:30,1445.2,1439.2892857142858,1455.8392857142856,-0.2,EOD-
S098,CIPLA,2025-01-20 12:15:00+05:30,0.1935,0.2737,0,,0.1465,74.42,-0.1176,0,0.5165,,0,1,1,1,0,1,2025-01-20 12:15:00+05:30,2025-01-20 12:20:00+05:30,2025-01-20 15:00:00+05:30,1447.85,1442.0464285714286,1458.2964285714284,-2.85,EOD-
S099,CIPLA,2025-01-20 12:50:00+05:30,0.0099,0.0786,0,,0.6869,11.54,-0.6875,0,0.9139,1.0,3,0,0,0,3,4,2025-01-20 13:05:00+05:30,2025-01-20 13:10:00+05:30,2025-01-20 15:00:00+05:30,1447.95,1442.7089285714287,1457.3839285714284,-2.95,EOD-
S100,CIPLA,2025-01-20 13:20:00+05:30,-0.0173,-0.0071,2,1.0,0.2184,80.49,-0.0909,0,0.4307,1.0,1,0,0,0,1,2,2025-01-20 13:25:00+05:30,2025-01-20 13:30:00+05:30,2025-01-20 15:00:00+05:30,1446.25,1441.2142857142858,1455.3142857142857,-1.25,EOD-
S101,CIPLA,2025-01-20 13:35:00+05:30,-0.0147,-0.0173,0,,0.0464,80.0,-1.0,0,0.5088,1.0,3,0,1,0,3,4,2025-01-20 13:50:00+05:30,2025-01-20 13:55:00+05:30,2025-01-20 15:00:00+05:30,1446.3,1441.7196428571428,1454.544642857143,-1.3,EOD-
S102,CIPLA,2025-01-20 14:00:00+05:30,-0.0128,-0.0036,0,,0.4893,53.33,-0.7778,0,0.5871,0.0,2,0,1,0,2,3,2025-01-20 14:10:00+05:30,2025-01-20 14:15:00+05:30,2025-01-20 15:00:00+05:30,1446.0,1441.4017857142858,1454.2767857142858,-1.0,EOD-
S103,CIPLA,2025-01-21 09:50:00+05:30,0.1822,,7,5.0,0.1065,53.28,3.4103,0,0.898,,0,0,0,1,0,1,2025-01-21 09:50:00+05:30,2025-01-21 09:55:00+05:30,2025-01-21 10:45:00+05:30,1451.65,1440.2035714285714,1472.2535714285716,-11.4464,L
S104,CIPLA,2025-01-21 11:35:00+05:30,-0.2628,-0.3448,0,,1.0408,15.38,-0.9168,0,2.7041,1.0,3,1,0,0,3,4,2025-01-21 11:50:00+05:30,2025-01-21 11:55:00+05:30,2025-01-21 12:15:00+05:30,1443.25,1437.4732142857142,1453.6482142857144,-5.7768,L
S105,CIPLA,2025-01-21 12:15:00+05:30,-0.0557,-0.092,4,3.0,1.5095,42.99,-0.3255,0,0.6779,0.0,1,1,0,0,1,2,2025-01-21 12:20:00+05:30,2025-01-21 12:25:00+05:30,2025-01-21 14:40:00+05:30,1440.55,1433.1839285714286,1453.8089285714286,-7.3661,L
S106,CIPLA,2025-01-21 12:40:00+05:30,-0.0221,-0.0602,0,,0.8591,9.68,-0.6708,0,0.5502,1.0,3,0,1,0,3,4,2025-01-21 12:55:00+05:30,2025-01-21 13:00:00+05:30,2025-01-21 14:35:00+05:30,1441.4,1434.3285714285716,1454.1285714285714,-7.0714,L
S107,CIPLA,2025-01-21 13:10:00+05:30,0.0241,0.008,2,2.0,0.1357,13.33,0.7266,0,0.2507,,0,0,1,1,0,1,2025-01-21 13:10:00+05:30,2025-01-21 13:15:00+05:30,2025-01-21 14:35:00+05:30,1440.35,1433.9482142857144,1451.873214285714,-6.4018,L
S108,CIPLA,2025-01-21 13:25:00+05:30,0.0057,0.0241,0,,0.417,25.0,-0.7585,0,0.2696,0.0,3,0,0,0,3,4,2025-01-21 13:40:00+05:30,2025-01-21 13:45:00+05:30,2025-01-21 14:40:00+05:30,1439.6,1433.3946428571428,1450.7696428571428,-6.2054,L
S109,CIPLA,2025-01-21 13:50:00+05:30,-0.0571,-0.0257,0,,0.6293,78.05,-0.7025,0,0.6364,1.0,2,0,0,0,2,3,2025-01-21 14:00:00+05:30,2025-01-21 14:05:00+05:30,2025-01-21 14:35:00+05:30,1439.9,1433.8910714285716,1450.7160714285717,-6.0089,L
S110,CIPLA,2025-01-22 09:15:00+05:30,,,0,,1.5374,30.05,-0.3809,0,2.9244,,0,1,0,1,0,1,2025-01-22 09:15:00+05:30,2025-01-22 09:20:00+05:30,2025-01-22 09:20:00+05:30,1434.05,1425.9071428571428,1448.7071428571428,-8.1429,L
S111,CIPLA,2025-01-22 09:50:00+05:30,-0.2218,,0,,0.723,1.14,-0.2418,0,0.3571,0.0,3,0,1,0,3,4,2025-01-22 10:05:00+05:30,2025-01-22 10:10:00+05:30,2025-01-22 15:00:00+05:30,1428.6,1417.198214285714,1449.1232142857143,10.85,EOD+
S112,CIPLA,2025-01-22 10:15:00+05:30,-0.0834,-0.1674,0,,0.2247,36.21,-0.3228,0,1.057,1.0,2,1,0,0,2,3,2025-01-22 10:25:00+05:30,2025-01-22 10:30:00+05:30,2025-01-22 15:00:00+05:30,1431.8,1419.4785714285713,1453.9785714285715,7.65,EOD+
S113,CIPLA,2025-01-22 11:35:00+05:30,0.1303,0.1754,13,1.0,0.2051,61.9,0.1659,0,1.0994,,0,0,0,1,0,1,2025-01-22 11:35:00+05:30,2025-01-22 11:40:00+05:30,2025-01-22 15:00:00+05:30,1433.75,1426.955357142857,1445.9803571428572,5.7,EOD+
S114,CIPLA,2025-01-22 11:45:00+05:30,0.1204,0.1443,0,,0.0905,96.1,-0.8214,0,2.2865,,0,0,0,1,0,1,2025-01-22 11:45:00+05:30,2025-01-22 11:50:00+05:30,2025-01-22 12:55:00+05:30,1439.75,1432.017857142857,1453.6678571428572,-7.7321,L
S115,CIPLA,2025-01-22 12:05:00+05:30,0.159,0.1402,3,3.0,0.2367,67.27,0.196,0,0.5967,,0,0,1,1,0,1,2025-01-22 12:05:00+05:30,2025-01-22 12:10:00+05:30,2025-01-22 15:00:00+05:30,1434.45,1426.5035714285716,1448.7535714285714,5.0,EOD+
S116,CIPLA,2025-01-22 12:35:00+05:30,0.073,0.0974,4,3.0,0.0711,63.64,1.4742,0,1.0969,,0,0,0,1,0,1,2025-01-22 12:35:00+05:30,2025-01-22 12:40:00+05:30,2025-01-22 15:00:00+05:30,1435.85,1427.3232142857144,1451.198214285714,3.6,EOD+
S117,CIPLA,2025-01-22 12:55:00+05:30,0.0209,0.0597,0,,1.381,14.58,-0.6076,0,0.6631,0.0,3,0,0,0,3,4,2025-01-22 13:10:00+05:30,2025-01-22 13:15:00+05:30,2025-01-22 15:00:00+05:30,1438.15,1431.2303571428572,1450.6053571428572,1.3,EOD+
S118,CIPLA,2025-01-22 13:20:00+05:30,0.0543,0.0049,1,1.0,0.3406,82.05,-1.0,0,2.0841,1.0,3,0,0,0,3,4,2025-01-22 13:35:00+05:30,2025-01-22 13:40:00+05:30,2025-01-22 15:00:00+05:30,1439.2,1432.575,1451.125,0.25,EOD+
S119,CIPLA,2025-01-22 13:50:00+05:30,0.0204,0.008,2,1.0,0.1752,26.03,3.532,0,0.814,,0,0,0,1,0,1,2025-01-22 13:50:00+05:30,2025-01-22 13:55:00+05:30,2025-01-22 15:00:00+05:30,1438.35,1431.1089285714286,1451.3839285714284,1.1,EOD+
S120,CIPLA,2025-01-22 14:05:00+05:30,0.0292,0.0204,2,1.0,0.0652,71.25,1.8947,0,1.86,,0,0,0,1,0,1,2025-01-22 14:05:00+05:30,2025-01-22 14:10:00+05:30,2025-01-22 15:00:00+05:30,1439.85,1432.5642857142857,1452.9642857142858,-0.4,EOD-
S121,CIPLA,2025-01-23 09:20:00+05:30,,,0,,1.0668,30.21,-0.7972,0,1.4191,1.0,3,0,0,0,3,4,2025-01-23 09:35:00+05:30,2025-01-23 09:40:00+05:30,2025-01-23 10:45:00+05:30,1441.7,1435.9232142857145,1452.0982142857144,10.3982,W
S122,CIPLA,2025-01-23 11:45:00+05:30,0.0923,0.1948,25,5.0,0.2471,73.85,-0.0204,0,0.7824,0.0,3,0,0,0,3,4,2025-01-23 12:00:00+05:30,2025-01-23 12:05:00+05:30,2025-01-23 15:00:00+05:30,1453.85,1447.6535714285712,1465.0035714285716,-1.15,EOD-
S123,CIPLA,2025-01-23 12:25:00+05:30,0.0617,0.0528,0,,0.9399,42.11,-0.7617,0,1.1492,1.0,3,1,1,0,3,4,2025-01-23 12:40:00+05:30,2025-01-23 12:45:00+05:30,2025-01-23 15:00:00+05:30,1454.55,1447.8535714285713,1466.6035714285715,-1.85,EOD-
S124,CIPLA,2025-01-23 12:50:00+05:30,-0.0184,0.0304,1,1.0,0.2503,20.75,1.5385,0,0.6076,,0,0,1,1,0,1,2025-01-23 12:50:00+05:30,2025-01-23 12:55:00+05:30,2025-01-23 15:00:00+05:30,1454.35,1447.8589285714284,1466.0339285714283,-1.65,EOD-
S125,CIPLA,2025-01-23 13:45:00+05:30,-0.0284,-0.053,0,,1.5454,52.0,-0.9077,0,1.0674,1.0,3,0,0,0,3,4,2025-01-23 14:00:00+05:30,2025-01-23 14:05:00+05:30,2025-01-23 15:00:00+05:30,1451.45,1447.0660714285714,1459.3410714285717,1.25,EOD+
S126,CIPLA,2025-01-23 14:10:00+05:30,-0.0245,-0.0425,0,,0.0383,25.0,8.0909,0,0.5722,,0,0,1,1,0,1,2025-01-23 14:10:00+05:30,2025-01-23 14:15:00+05:30,2025-01-23 15:00:00+05:30,1451.35,1447.760714285714,1457.8107142857143,1.35,EOD+
S127,CIPLA,2025-01-24 10:40:00+05:30,-0.2575,-0.3301,0,,0.6603,54.35,-0.8108,0,3.1413,1.0,3,0,0,0,3,4,2025-01-24 10:55:00+05:30,2025-01-24 11:00:00+05:30,2025-01-24 13:00:00+05:30,1438.3,1427.2910714285713,1458.116071428571,-11.0089,L
S128,CIPLA,2025-01-27 11:00:00+05:30,-0.3035,-0.377,0,,0.5017,49.12,-0.6689,0,2.7312,1.0,3,1,1,0,3,4,2025-01-27 11:15:00+05:30,2025-01-27 11:20:00+05:30,2025-01-27 15:00:00+05:30,1397.65,1384.8553571428572,1420.6803571428572,-5.05,EOD-
S129,CIPLA,2025-01-27 11:25:00+05:30,-0.2358,-0.2501,0,,0.5509,97.44,-0.9612,0,0.5507,,0,0,1,1,0,1,2025-01-27 11:25:00+05:30,2025-01-27 11:30:00+05:30,2025-01-27 15:00:00+05:30,1396.8,1385.1035714285715,1417.8535714285713,-4.2,EOD-
S130,CIPLA,2025-01-27 11:35:00+05:30,-0.2049,-0.2532,0,,0.4351,55.71,-0.673,0,0.4876,0.0,2,0,0,0,2,3,2025-01-27 11:45:00+05:30,2025-01-27 11:50:00+05:30,2025-01-27 15:00:00+05:30,1397.2,1386.6553571428572,1416.180357142857,-4.6,EOD-
S131,CIPLA,2025-01-27 12:30:00+05:30,0.1495,0.1684,8,6.0,0.0818,49.18,5.3918,0,0.3376,,0,0,0,1,0,1,2025-01-27 12:30:00+05:30,2025-01-27 12:35:00+05:30,2025-01-27 14:00:00+05:30,1399.1,1391.6892857142857,1412.4392857142857,-7.4107,L
S132,CIPLA,2025-01-27 12:55:00+05:30,-0.002,0.0544,0,,0.5015,26.42,-0.5563,0,2.1369,1.0,3,0,0,0,3,4,2025-01-27 13:10:00+05:30,2025-01-27 13:15:00+05:30,2025-01-27 14:00:00+05:30,1399.5,1392.1964285714284,1412.6464285714287,-7.3036,L
S133,CIPLA,2025-01-27 13:20:00+05:30,0.054,0.0106,0,,0.3713,37.84,-0.5327,0,0.7507,1.0,3,0,1,0,3,4,2025-01-27 13:35:00+05:30,2025-01-27 13:40:00+05:30,2025-01-27 15:00:00+05:30,1398.25,1391.044642857143,1411.2196428571428,-5.65,EOD-
S134,CIPLA,2025-01-27 14:10:00+05:30,-0.0995,-0.0694,0,,1.4545,23.08,-0.689,0,3.1861,1.0,3,0,0,0,3,4,2025-01-27 14:25:00+05:30,2025-01-27 14:30:00+05:30,2025-01-27 15:00:00+05:30,1396.65,1390.569642857143,1407.594642857143,-4.05,EOD-
S135,CIPLA,2025-01-28 10:10:00+05:30,-0.3189,-0.4056,0,,1.2927,44.65,-0.5519,0,0.3954,0.0,3,0,0,0,3,4,2025-01-28 10:25:00+05:30,2025-01-28 10:30:00+05:30,2025-01-28 13:50:00+05:30,1383.05,1364.0589285714284,1417.2339285714286,34.1839,W
S136,CIPLA,2025-01-28 10:35:00+05:30,-0.2244,-0.246,0,,0.3476,30.43,0.7223,0,0.5272,,0,1,0,1,0,1,2025-01-28 10:35:00+05:30,2025-01-28 10:40:00+05:30,2025-01-28 13:50:00+05:30,1382.55,1365.8446428571426,1412.619642857143,30.0696,W
S137,CIPLA,2025-01-28 11:20:00+05:30,0.2094,-0.0493,8,3.0,0.037,94.5,-1.0,0,0.7567,0.0,1,0,1,0,1,2,2025-01-28 11:25:00+05:30,2025-01-28 11:30:00+05:30,2025-01-28 13:50:00+05:30,1382.0,1371.875,1400.225,18.225,W
S138,CIPLA,2025-01-28 11:35:00+05:30,0.1852,0.2094,0,,0.1658,88.52,-0.8491,0,0.7927,,0,1,1,1,0,1,2025-01-28 11:35:00+05:30,2025-01-28 11:40:00+05:30,2025-01-28 13:50:00+05:30,1385.0,1375.008928571429,1402.9839285714286,17.9839,W
S139,CIPLA,2025-01-28 12:00:00+05:30,0.1091,0.1489,4,4.0,0.1364,80.0,-0.3013,0,0.8671,,0,1,0,1,0,1,2025-01-28 12:00:00+05:30,2025-01-28 12:05:00+05:30,2025-01-28 13:50:00+05:30,1388.45,1377.9589285714285,1407.3339285714287,18.8839,W
S140,CIPLA,2025-01-28 12:20:00+05:30,0.1047,0.1031,3,2.0,0.182,32.0,2.0034,0,1.7334,,0,0,0,1,0,1,2025-01-28 12:20:00+05:30,2025-01-28 12:25:00+05:30,2025-01-28 13:50:00+05:30,1386.6,1376.5375,1404.7125,18.1125,W
S141,CIPLA,2025-01-28 12:35:00+05:30,0.0467,0.1047,0,,1.1918,52.38,-0.869,0,0.5696,0.0,3,0,0,0,3,4,2025-01-28 12:50:00+05:30,2025-01-28 12:55:00+05:30,2025-01-28 13:50:00+05:30,1386.5,1376.892857142857,1403.792857142857,17.2929,W
S142,CIPLA,2025-01-28 13:10:00+05:30,0.0649,-0.0034,3,3.0,0.0046,20.0,42.3333,0,0.499,,0,0,0,1,0,1,2025-01-28 13:10:00+05:30,2025-01-28 13:15:00+05:30,2025-01-28 13:50:00+05:30,1386.65,1378.426785714286,1401.4517857142855,14.8018,W
S143,CIPLA,2025-01-28 13:35:00+05:30,-0.0213,0.0642,0,,1.0913,21.74,-0.526,0,12.4925,1.0,3,1,0,0,3,4,2025-01-28 13:50:00+05:30,2025-01-28 13:55:00+05:30,2025-01-28 13:55:00+05:30,1457.05,1449.5589285714286,1470.5339285714283,-7.4911,L
S144,CIPLA,2025-01-29 09:15:00+05:30,,,0,,1.2854,2.97,0.0211,0,1.2111,,0,0,0,1,0,1,2025-01-29 09:15:00+05:30,2025-01-29 09:20:00+05:30,2025-01-29 15:00:00+05:30,1439.0,1405.2857142857142,1499.6857142857143,-17.5,EOD-
S145,CIPLA,2025-01-29 10:15:00+05:30,-0.3993,-0.4443,0,,1.1818,41.9,-0.9098,0,0.4177,0.0,3,1,1,0,3,4,2025-01-29 10:30:00+05:30,2025-01-29 10:35:00+05:30,2025-01-29 15:00:00+05:30,1425.15,1393.4714285714283,1482.1714285714288,-3.65,EOD-
S146,CIPLA,2025-01-29 10:45:00+05:30,0.0233,-0.2271,0,,1.3149,24.54,-0.5017,0,1.0644,1.0,3,0,0,0,3,4,2025-01-29 11:00:00+05:30,2025-01-29 11:05:00+05:30,2025-01-29 15:00:00+05:30,1424.45,1404.6107142857145,1460.1607142857144,-2.95,EOD-
S147,CIPLA,2025-01-29 11:10:00+05:30,-0.2194,-0.042,1,1.0,0.1264,55.42,1.2876,0,1.253,,0,0,0,1,0,1,2025-01-29 11:10:00+05:30,2025-01-29 11:15:00+05:30,2025-01-29 15:00:00+05:30,1423.1,1407.9660714285712,1450.3410714285717,-1.6,EOD-
S148,CIPLA,2025-01-29 11:30:00+05:30,-0.0654,-0.2269,0,,0.4139,24.72,-0.7049,0,0.2068,0.0,3,0,1,0,3,4,2025-01-29 11:45:00+05:30,2025-01-29 11:50:00+05:30,2025-01-29 15:00:00+05:30,1421.7,1408.3964285714285,1445.6464285714287,-0.2,EOD-
S149,CIPLA,2025-01-29 11:55:00+05:30,0.0262,-0.0482,0,,0.5745,15.63,-0.5556,0,1.7117,1.0,1,0,0,0,1,2,2025-01-29 12:00:00+05:30,2025-01-29 12:05:00+05:30,2025-01-29 15:00:00+05:30,1421.9,1413.0875,1437.7625,-0.4,EOD-
S150,CIPLA,2025-01-29 12:20:00+05:30,0.0113,0.0705,2,2.0,0.1761,81.63,-1.0,0,4.1348,1.0,1,1,0,0,1,2,2025-01-29 12:25:00+05:30,2025-01-29 12:30:00+05:30,2025-01-29 15:00:00+05:30,1422.0,1413.696428571429,1436.946428571429,-0.5,EOD-
S151,CIPLA,2025-01-29 12:35:00+05:30,-0.0012,0.0113,0,,0.493,37.5,-0.8955,0,0.9524,1.0,1,0,0,0,1,2,2025-01-29 12:40:00+05:30,2025-01-29 12:45:00+05:30,2025-01-29 15:00:00+05:30,1421.95,1414.6732142857145,1435.0482142857145,-0.45,EOD-
S152,CIPLA,2025-01-29 12:55:00+05:30,-0.026,-0.012,1,1.0,0.1483,56.45,1.1818,0,0.55,,0,1,1,1,0,1,2025-01-29 12:55:00+05:30,2025-01-29 13:00:00+05:30,2025-01-29 15:00:00+05:30,1423.95,1416.994642857143,1436.4696428571428,-2.45,EOD-
S153,CIPLA,2025-01-29 13:15:00+05:30,0.049,-0.013,2,1.0,0.0933,7.14,1.5,0,0.7132,,0,0,1,1,0,1,2025-01-29 13:15:00+05:30,2025-01-29 13:20:00+05:30,2025-01-29 15:00:00+05:30,1422.25,1415.2857142857142,1434.7857142857144,-0.75,EOD-
S154,CIPLA,2025-01-29 13:35:00+05:30,0.0589,0.0547,2,1.0,0.3804,57.63,0.1456,0,0.7161,,0,1,0,1,0,1,2025-01-29 13:35:00+05:30,2025-01-29 13:40:00+05:30,2025-01-29 15:00:00+05:30,1423.0,1416.116071428571,1435.3910714285714,-1.5,EOD-
S155,CIPLA,2025-01-30 12:45:00+05:30,0.1573,0.2036,0,,2.1473,73.91,-0.8071,0,0.3664,0.0,3,0,1,0,3,4,2025-01-30 13:00:00+05:30,2025-01-30 13:05:00+05:30,2025-01-30 13:55:00+05:30,1465.6,1455.0375,1484.6125000000002,-10.5625,L
S156,CIPLA,2025-01-31 09:50:00+05:30,0.4265,,7,3.0,0.0152,64.46,16.0213,0,0.9495,,0,0,0,1,0,1,2025-01-31 09:50:00+05:30,2025-01-31 09:55:00+05:30,2025-01-31 15:00:00+05:30,1464.15,1444.8553571428572,1498.880357142857,22.15,EOD+
S157,CIPLA,2025-01-31 10:00:00+05:30,0.2627,0.4506,0,,0.414,58.41,-0.8662,0,0.5521,,0,0,1,1,0,1,2025-01-31 10:00:00+05:30,2025-01-31 10:05:00+05:30,2025-01-31 15:00:00+05:30,1465.05,1446.9964285714286,1497.5464285714286,21.25,EOD+
S158,CIPLA,2025-01-31 10:55:00+05:30,-0.1078,-0.0333,0,,2.2249,25.0,-0.95,0,1.6819,1.0,3,1,0,0,3,4,2025-01-31 11:10:00+05:30,2025-01-31 11:15:00+05:30,2025-01-31 13:10:00+05:30,1460.8,1450.692857142857,1478.9928571428572,18.1929,W
S159,CIPLA,2025-01-31 11:35:00+05:30,-0.1909,-0.3528,4,2.0,0.9677,93.27,-0.91,0,4.1188,1.0,1,0,0,0,1,2,2025-01-31 11:40:00+05:30,2025-01-31 11:45:00+05:30,2025-01-31 12:20:00+05:30,1460.8,1452.1839285714284,1476.3089285714286,15.5089,W
S160,CIPLA,2025-01-31 13:40:00+05:30,0.22,0.3252,23,4.0,0.2399,5.56,2.5616,0,0.4651,,0,0,1,1,0,1,2025-01-31 13:40:00+05:30,2025-01-31 13:45:00+05:30,2025-01-31 14:50:00+05:30,1477.5,1471.794642857143,1487.7696428571428,10.2696,W
S161,CIPLA,2025-02-01 10:20:00+05:30,-0.2463,-0.2034,0,,1.0308,72.73,-0.8574,0,0.7183,1.0,3,0,0,0,3,4,2025-02-01 10:35:00+05:30,2025-02-01 10:40:00+05:30,2025-02-01 11:50:00+05:30,1479.55,1464.2464285714284,1507.0964285714288,-15.3036,L
S162,CIPLA,2025-02-01 11:05:00+05:30,0.012,-0.0456,5,5.0,0.4643,11.7,1.3752,0,0.759,,0,0,0,1,0,1,2025-02-01 11:05:00+05:30,2025-02-01 11:10:00+05:30,2025-02-01 11:45:00+05:30,1476.45,1468.6285714285714,1490.5285714285717,-7.8214,L
S163,CIPLA,2025-02-01 11:15:00+05:30,0.0234,0.0012,1,1.0,0.243,31.67,0.0631,0,0.9265,,0,0,0,1,0,1,2025-02-01 11:15:00+05:30,2025-02-01 11:20:00+05:30,2025-02-01 11:45:00+05:30,1474.35,1466.6089285714286,1488.2839285714283,-7.7411,L
S164,CIPLA,2025-02-01 11:25:00+05:30,-0.0073,0.0161,0,,0.368,0.0,-1.0,0,3.5072,1.0,1,0,1,0,1,2,2025-02-01 11:30:00+05:30,2025-02-01 11:35:00+05:30,2025-02-01 11:45:00+05:30,1475.7,1468.075,1489.425,-7.625,L
S165,CIPLA,2025-02-01 13:55:00+05:30,-0.4427,-0.5514,0,,1.1887,37.37,-0.5226,0,1.208,0.0,3,0,0,0,3,4,2025-02-01 14:10:00+05:30,2025-02-01 14:15:00+05:30,2025-02-01 15:00:00+05:30,1439.8,1427.0232142857142,1462.7982142857145,-3.3,EOD-
S166,CIPLA,2025-02-01 14:30:00+05:30,-0.0655,-0.2004,3,2.0,0.0332,65.0,4.8182,0,0.4384,,0,1,0,1,0,1,2025-02-01 14:30:00+05:30,2025-02-01 14:35:00+05:30,2025-02-01 15:00:00+05:30,1435.9,1425.551785714286,1454.5267857142858,0.6,EOD+
S167,CIPLA,2025-02-03 09:15:00+05:30,,,0,,3.7638,84.96,-0.9226,0,1.8333,0.0,3,0,0,0,3,4,2025-02-03 09:30:00+05:30,2025-02-03 09:35:00+05:30,2025-02-03 09:45:00+05:30,1438.4,1425.5339285714283,1461.5589285714289,-12.8661,L
S168,CIPLA,2025-02-03 11:00:00+05:30,-0.3392,-0.4971,0,,2.0477,23.26,-0.9597,0,1.2188,1.0,3,0,0,0,3,4,2025-02-03 11:15:00+05:30,2025-02-03 11:20:00+05:30,2025-02-03 15:00:00+05:30,1418.9,1409.8107142857143,1435.2607142857144,-3.15,EOD-
S169,CIPLA,2025-02-03 11:50:00+05:30,0.0145,-0.0716,6,3.0,0.3515,57.39,-1.0,0,0.639,0.0,1,0,0,0,1,2,2025-02-03 11:55:00+05:30,2025-02-03 12:00:00+05:30,2025-02-03 15:00:00+05:30,1415.9,1405.2660714285714,1435.0410714285715,-0.15,EOD-
S170,CIPLA,2025-02-03 12:15:00+05:30,0.1372,0.0452,3,2.0,0.145,74.29,0.4118,0,0.5061,,0,0,1,1,0,1,2025-02-03 12:15:00+05:30,2025-02-03 12:20:00+05:30,2025-02-03 15:00:00+05:30,1416.0,1405.0089285714284,1435.7839285714283,-0.25,EOD-
S171,CIPLA,2025-02-03 12:25:00+05:30,0.1334,0.1023,0,,0.0382,49.18,2.7931,0,0.4198,,0,0,0,1,0,1,2025-02-03 12:25:00+05:30,2025-02-03 12:30:00+05:30,2025-02-03 15:00:00+05:30,1418.25,1408.7589285714284,1435.3339285714287,-2.5,EOD-
S172,CIPLA,2025-02-03 12:50:00+05:30,0.0869,0.1082,0,,1.951,62.89,-0.7872,0,2.3968,1.0,3,0,0,0,3,4,2025-02-03 13:05:00+05:30,2025-02-03 13:10:00+05:30,2025-02-03 15:00:00+05:30,1416.9,1408.4714285714283,1432.071428571429,-1.15,EOD-
S173,CIPLA,2025-02-03 13:15:00+05:30,-0.0918,-0.0058,0,,0.2246,82.5,-0.3127,0,1.0742,0.0,1,1,1,0,1,2,2025-02-03 13:20:00+05:30,2025-02-03 13:25:00+05:30,2025-02-03 15:00:00+05:30,1416.45,1408.3517857142856,1431.0267857142858,-0.7,EOD-
S174,CIPLA,2025-02-03 13:35:00+05:30,-0.0473,-0.0809,0,,0.3754,14.29,-1.0,0,1.1141,1.0,3,0,0,0,3,4,2025-02-03 13:50:00+05:30,2025-02-03 13:55:00+05:30,2025-02-03 15:00:00+05:30,1417.05,1408.8089285714284,1431.883928571429,-1.3,EOD-
S175,CIPLA,2025-02-04 10:50:00+05:30,0.4299,0.5141,19,12.0,0.7063,92.0,-0.9642,0,0.9796,1.0,3,0,0,0,3,4,2025-02-04 11:05:00+05:30,2025-02-04 11:10:00+05:30,2025-02-04 15:00:00+05:30,1450.45,1440.557142857143,1468.257142857143,-0.95,EOD-
S176,CIPLA,2025-02-04 11:20:00+05:30,0.0798,0.1966,2,2.0,0.0732,100.0,-1.0,0,0.7554,0.0,1,1,1,0,1,2,2025-02-04 11:25:00+05:30,2025-02-04 11:30:00+05:30,2025-02-04 11:55:00+05:30,1448.6,1440.573214285714,1463.048214285714,14.4482,W
S177,CIPLA,2025-02-04 12:40:00+05:30,0.2157,0.2344,14,9.0,0.0299,67.5,0.3333,0,0.7224,,0,0,0,1,0,1,2025-02-04 12:40:00+05:30,2025-02-04 12:45:00+05:30,2025-02-04 14:20:00+05:30,1456.7,1450.4321428571427,1467.9821428571431,-6.2679,L
S178,CIPLA,2025-02-04 12:50:00+05:30,0.1779,0.2304,0,,0.7411,81.82,-0.7727,0,0.814,,0,0,0,1,0,1,2025-02-04 12:50:00+05:30,2025-02-04 12:55:00+05:30,2025-02-04 14:15:00+05:30,1457.8,1451.8625,1468.4875000000002,-5.9375,L
S179,CIPLA,2025-02-04 13:00:00+05:30,0.1342,0.19,0,,1.4347,48.78,-0.6779,0,0.7668,1.0,3,0,0,0,3,4,2025-02-04 13:15:00+05:30,2025-02-04 13:20:00+05:30,2025-02-04 14:10:00+05:30,1459.6,1454.1892857142857,1469.3392857142858,-5.4107,L
S180,CIPLA,2025-02-04 13:25:00+05:30,0.0528,0.1195,0,,0.6891,52.0,-0.6491,0,0.8404,1.0,1,0,0,0,1,2,2025-02-04 13:30:00+05:30,2025-02-04 13:35:00+05:30,2025-02-04 14:10:00+05:30,1459.2,1454.0303571428572,1468.5053571428573,-5.1696,L
S181,CIPLA,2025-02-04 13:40:00+05:30,-0.0158,0.0528,0,,0.1271,22.86,3.5455,0,0.6488,,0,0,1,1,0,1,2025-02-04 13:40:00+05:30,2025-02-04 13:45:00+05:30,2025-02-04 14:10:00+05:30,1459.6,1454.1892857142857,1469.3392857142858,-5.4107,L
S182,CIPLA,2025-02-05 09:15:00+05:30,,,0,,3.9588,90.25,-0.8483,0,0.6846,0.0,3,0,0,0,3,4,2025-02-05 09:30:00+05:30,2025-02-05 09:35:00+05:30,2025-02-05 10:05:00+05:30,1452.15,1445.489285714286,1464.1392857142855,-6.6607,L
S183,CIPLA,2025-02-05 10:45:00+05:30,-0.0791,-0.0839,0,,1.4749,66.67,-0.8413,0,2.1729,1.0,3,0,0,0,3,4,2025-02-05 11:00:00+05:30,2025-02-05 11:05:00+05:30,2025-02-05 11:25:00+05:30,1449.95,1441.9410714285716,1464.366071428571,-8.0089,L
S184,CIPLA,2025-02-05 13:25:00+05:30,-0.1084,-0.191,0,,0.7341,44.0,-0.6573,0,0.4386,1.0,3,1,1,0,3,4,2025-02-05 13:40:00+05:30,2025-02-05 13:45:00+05:30,2025-02-05 15:00:00+05:30,1436.2,1429.244642857143,1448.719642857143,-3.4,EOD-
S185,CIPLA,2025-02-05 13:50:00+05:30,-0.1166,-0.1027,0,,0.3412,34.88,-0.0244,0,0.5288,,0,1,0,1,0,1,2025-02-05 13:50:00+05:30,2025-02-05 13:55:00+05:30,2025-02-05 14:40:00+05:30,1435.5,1429.491071428571,1446.3160714285716,-6.0089,L
S186,CIPLA,2025-02-05 14:00:00+05:30,-0.1049,-0.1185,1,1.0,0.0491,8.7,6.8049,0,0.2916,,0,0,1,1,0,1,2025-02-05 14:00:00+05:30,2025-02-05 14:05:00+05:30,2025-02-05 14:40:00+05:30,1434.85,1429.635714285714,1444.2357142857145,-5.2143,L
S187,CIPLA,2025-02-05 14:10:00+05:30,-0.0697,-0.1114,1,1.0,0.0193,0.0,19.0,0,0.7872,,0,0,0,1,0,1,2025-02-05 14:10:00+05:30,2025-02-05 14:15:00+05:30,2025-02-05 14:40:00+05:30,1434.45,1429.9232142857145,1442.5982142857144,-4.5268,L
S188,CIPLA,2025-02-05 14:20:00+05:30,-0.0106,-0.0921,0,,0.5606,32.35,0.1282,0,0.9467,,0,0,0,1,0,1,2025-02-05 14:20:00+05:30,2025-02-05 14:25:00+05:30,2025-02-05 14:40:00+05:30,1434.4,1430.0517857142856,1442.2267857142858,-4.3482,L
S189,CIPLA,2025-02-06 13:20:00+05:30,0.1526,0.1767,49,2.0,0.542,64.42,0.4468,0,1.4425,,0,0,1,1,0,1,2025-02-06 13:20:00+05:30,2025-02-06 13:25:00+05:30,2025-02-06 15:00:00+05:30,1470.05,1464.630357142857,1479.805357142857,-1.35,EOD-
S190,CIPLA,2025-02-06 13:30:00+05:30,0.1239,0.1791,0,,0.6551,87.5,-0.739,0,0.6351,,0,0,1,1,0,1,2025-02-06 13:30:00+05:30,2025-02-06 13:35:00+05:30,2025-02-06 14:40:00+05:30,1472.2,1466.3517857142858,1482.7267857142858,-5.8482,L
S191,CIPLA,2025-02-07 09:20:00+05:30,,,1,1.0,0.0246,86.45,4.5556,0,0.7819,,0,0,0,1,0,1,2025-02-07 09:20:00+05:30,2025-02-07 09:25:00+05:30,2025-02-07 09:40:00+05:30,1477.45,1468.307142857143,1493.9071428571428,-9.1429,L
S192,CIPLA,2025-02-07 10:25:00+05:30,-0.1337,-0.1696,0,,1.1486,50.0,-0.8643,0,0.5732,1.0,3,0,1,0,3,4,2025-02-07 10:40:00+05:30,2025-02-07 10:45:00+05:30,2025-02-07 15:00:00+05:30,1465.35,1452.5196428571428,1488.4446428571428,5.1,EOD+
S193,CIPLA,2025-02-07 12:05:00+05:30,0.1869,0.2332,15,2.0,0.2285,27.78,1.8464,0,0.7774,,0,0,1,1,0,1,2025-02-07 12:05:00+05:30,2025-02-07 12:10:00+05:30,2025-02-07 15:00:00+05:30,1470.05,1462.7464285714286,1483.1964285714284,0.4,EOD+
S194,CIPLA,2025-02-07 12:15:00+05:30,0.1492,0.2084,0,,0.8486,48.65,-0.5331,0,0.7411,,0,1,0,1,0,1,2025-02-07 12:15:00+05:30,2025-02-07 12:20:00+05:30,2025-02-07 15:00:00+05:30,1470.4,1462.8285714285716,1484.0285714285717,0.05,EOD+
S195,CIPLA,2025-02-07 12:25:00+05:30,0.1184,0.1683,1,1.0,0.1276,57.89,-0.52,0,0.8154,,0,1,0,1,0,1,2025-02-07 12:25:00+05:30,2025-02-07 12:30:00+05:30,2025-02-07 15:00:00+05:30,1470.8,1464.675,1481.825,-0.35,EOD-
S196,CIPLA,2025-02-07 12:40:00+05:30,0.0634,0.1184,1,1.0,0.0198,76.74,1.8571,0,0.2174,,0,1,0,1,0,1,2025-02-07 12:40:00+05:30,2025-02-07 12:45:00+05:30,2025-02-07 15:00:00+05:30,1470.95,1464.307142857143,1482.907142857143,-0.5,EOD-
S197,CIPLA,2025-02-07 12:50:00+05:30,0.0464,0.0904,0,,0.2994,6.67,0.0072,0,0.2163,,0,0,0,1,0,1,2025-02-07 12:50:00+05:30,2025-02-07 12:55:00+05:30,2025-02-07 15:00:00+05:30,1470.95,1465.1464285714285,1481.3964285714287,-0.5,EOD-
S198,CIPLA,2025-02-07 13:00:00+05:30,0.0265,0.049,0,,0.112,64.41,-1.0,0,0.3528,,0,1,0,1,0,1,2025-02-07 13:00:00+05:30,2025-02-07 13:05:00+05:30,2025-02-07 14:05:00+05:30,1472.95,1467.2,1483.3000000000002,-5.75,L
S199,CIPLA,2025-02-07 13:20:00+05:30,0.0274,0.0325,3,2.0,0.1219,56.41,0.4894,0,0.4971,,0,1,0,1,0,1,2025-02-07 13:20:00+05:30,2025-02-07 13:25:00+05:30,2025-02-07 14:05:00+05:30,1471.7,1466.8785714285714,1480.3785714285716,-4.8214,L
S200,CIPLA,2025-02-10 10:25:00+05:30,-0.3833,-0.3726,0,,0.8145,57.89,-0.8644,0,0.3216,1.0,3,0,1,0,3,4,2025-02-10 10:40:00+05:30,2025-02-10 10:45:00+05:30,2025-02-10 15:00:00+05:30,1449.9,1437.4535714285714,1472.3035714285716,11.1,EOD+
S201,CIPLA,2025-02-10 12:30:00+05:30,0.0876,0.1183,21,13.0,0.6374,63.83,-0.8889,0,0.8061,1.0,1,0,0,0,1,2,2025-02-10 12:35:00+05:30,2025-02-10 12:40:00+05:30,2025-02-10 15:00:00+05:30,1452.75,1447.455357142857,1462.2803571428572,8.25,EOD+
S202,CIPLA,2025-02-10 12:55:00+05:30,0.0662,0.0532,2,1.0,0.236,44.29,2.5122,0,0.7892,,0,0,0,1,0,1,2025-02-10 12:55:00+05:30,2025-02-10 13:00:00+05:30,2025-02-10 15:00:00+05:30,1454.7,1449.2714285714287,1464.4714285714283,6.3,EOD+
S203,CIPLA,2025-02-10 13:35:00+05:30,0.0014,0.0114,0,,0.4742,17.86,-0.4962,0,1.1282,1.0,3,1,0,0,3,4,2025-02-10 13:50:00+05:30,2025-02-10 13:55:00+05:30,2025-02-10 15:00:00+05:30,1453.85,1448.617857142857,1463.267857142857,7.15,EOD+
S204,CIPLA,2025-02-10 14:00:00+05:30,0.001,0.0058,0,,0.6987,27.08,0.0707,0,1.4522,,0,0,0,1,0,1,2025-02-10 14:00:00+05:30,2025-02-10 14:05:00+05:30,2025-02-10 15:00:00+05:30,1454.45,1449.7714285714287,1462.8714285714284,6.55,EOD+
S205,CIPLA,2025-02-10 14:15:00+05:30,0.0296,0.001,2,1.0,0.3379,38.89,0.6878,0,1.065,,0,0,0,1,0,1,2025-02-10 14:15:00+05:30,2025-02-10 14:20:00+05:30,2025-02-10 15:00:00+05:30,1454.5,1450.1160714285716,1462.3910714285712,6.5,EOD+
S206,CIPLA,2025-02-10 14:25:00+05:30,0.0203,0.0236,0,,0.4152,60.87,-0.4636,0,0.8097,,0,0,1,1,0,1,2025-02-10 14:25:00+05:30,2025-02-10 14:30:00+05:30,2025-02-10 14:55:00+05:30,1454.4,1450.4714285714288,1461.4714285714283,7.0714,W
S207,CIPLA,2025-02-11 09:15:00+05:30,,,0,,1.6807,44.38,0.0682,0,3.4901,,0,0,0,1,0,1,2025-02-11 09:15:00+05:30,2025-02-11 09:20:00+05:30,2025-02-11 13:10:00+05:30,1457.3,1447.9696428571428,1474.0946428571428,-9.3304,L
S208,CIPLA,2025-02-11 09:25:00+05:30,,,1,1.0,0.5388,67.57,-0.5051,0,1.1735,0.0,1,1,0,0,1,2,2025-02-11 09:30:00+05:30,2025-02-11 09:35:00+05:30,2025-02-11 13:10:00+05:30,1460.0,1449.6875,1478.5625,-10.3125,L
S209,CIPLA,2025-02-11 11:00:00+05:30,0.0991,0.1028,17,2.0,2.2276,96.28,-0.9636,0,1.2625,0.0,2,0,0,0,2,3,2025-02-11 11:10:00+05:30,2025-02-11 11:15:00+05:30,2025-02-11 12:35:00+05:30,1463.8,1454.5410714285713,1480.4660714285717,-9.2589,L
S210,CIPLA,2025-02-11 11:20:00+05:30,0.0381,0.0984,0,,0.6083,63.38,-0.7934,0,0.7623,0.0,3,0,0,0,3,4,2025-02-11 11:35:00+05:30,2025-02-11 11:40:00+05:30,2025-02-11 12:40:00+05:30,1463.9,1453.9535714285714,1481.8035714285718,-9.9464,L
S211,CIPLA,2025-02-11 11:45:00+05:30,-0.0169,0.0135,0,,0.0192,3.45,16.931,0,0.5004,,0,0,1,1,0,1,2025-02-11 11:45:00+05:30,2025-02-11 11:50:00+05:30,2025-02-11 12:25:00+05:30,1464.6,1455.1714285714284,1481.571428571429,-9.4286,L
S212,CIPLA,2025-02-12 09:35:00+05:30,,,0,,1.4234,30.36,-0.8949,0,1.06,1.0,3,0,0,0,3,4,2025-02-12 09:50:00+05:30,2025-02-12 09:55:00+05:30,2025-02-12 10:30:00+05:30,1450.35,1437.8142857142857,1472.9142857142856,-12.5357,L
S213,CIPLA,2025-02-12 10:30:00+05:30,-0.1761,-0.0857,0,,1.6513,76.98,-0.8052,0,0.9064,1.0,3,1,0,0,3,4,2025-02-12 10:45:00+05:30,2025-02-12 10:50:00+05:30,2025-02-12 11:35:00+05:30,1448.35,1435.9125,1470.7375000000002,-12.4375,L
S214,CIPLA,2025-02-12 11:25:00+05:30,-0.0071,-0.0296,0,,0.8657,31.67,-0.6799,0,2.3035,1.0,3,0,0,0,3,4,2025-02-12 11:40:00+05:30,2025-02-12 11:45:00+05:30,2025-02-12 15:00:00+05:30,1447.75,1436.4732142857142,1468.0482142857145,-3.0,EOD-
S215,CIPLA,2025-02-12 11:50:00+05:30,-0.0605,-0.0688,0,,0.0955,58.57,1.3834,0,0.9862,,0,0,0,1,0,1,2025-02-12 11:50:00+05:30,2025-02-12 11:55:00+05:30,2025-02-12 15:00:00+05:30,1445.05,1432.4160714285715,1467.7910714285713,-0.3,EOD-
S216,CIPLA,2025-02-12 13:00:00+05:30,0.1751,0.1725,13,6.0,0.0065,78.21,1.2222,0,1.8153,,0,0,0,1,0,1,2025-02-12 13:00:00+05:30,2025-02-12 13:05:00+05:30,2025-02-12 14:00:00+05:30,1452.1,1443.4392857142857,1467.6892857142857,-8.6607,L
S217,CIPLA,2025-02-13 10:50:00+05:30,0.6054,0.6465,19,9.0,0.2674,11.11,0.0478,0,0.2355,,0,0,1,1,0,1,2025-02-13 10:50:00+05:30,2025-02-13 10:55:00+05:30,2025-02-13 14:35:00+05:30,1485.15,1474.8910714285714,1503.6160714285716,-10.2589,L
S218,CIPLA,2025-02-13 11:00:00+05:30,0.4055,0.6048,0,,0.6436,25.27,-0.468,0,0.4175,0.0,3,0,0,0,3,4,2025-02-13 11:15:00+05:30,2025-02-13 11:20:00+05:30,2025-02-13 14:10:00+05:30,1486.55,1476.692857142857,1504.2928571428572,-9.8571,L
S219,CIPLA,2025-02-13 11:25:00+05:30,0.0579,0.1753,0,,0.2419,23.08,0.2539,0,0.284,,0,0,1,1,0,1,2025-02-13 11:25:00+05:30,2025-02-13 11:30:00+05:30,2025-02-13 13:40:00+05:30,1487.15,1478.9089285714283,1501.9839285714288,-8.2411,L
S220,CIPLA,2025-02-13 11:35:00+05:30,0.0552,0.0757,0,,0.0127,21.43,19.0,0,0.6338,,0,0,1,1,0,1,2025-02-13 11:35:00+05:30,2025-02-13 11:40:00+05:30,2025-02-13 13:35:00+05:30,1487.3,1480.4160714285713,1499.6910714285714,-6.8839,L
S221,CIPLA,2025-02-13 12:05:00+05:30,0.0182,-0.0128,4,2.0,0.2326,74.07,0.3146,0,0.8151,,0,0,1,1,0,1,2025-02-13 12:05:00+05:30,2025-02-13 12:10:00+05:30,2025-02-13 13:35:00+05:30,1486.95,1481.2267857142856,1497.251785714286,-5.7232,L
S222,CIPLA,2025-02-13 12:15:00+05:30,0.0318,-0.0079,0,,1.0801,63.89,-0.4748,0,0.8262,,0,0,0,1,0,1,2025-02-13 12:15:00+05:30,2025-02-13 12:20:00+05:30,2025-02-13 13:30:00+05:30,1487.95,1482.4410714285714,1497.8660714285716,-5.5089,L
S223,CIPLA,2025-02-13 12:25:00+05:30,0.0202,0.0257,0,,0.5394,25.93,-0.4861,0,1.9689,1.0,1,0,0,0,1,2,2025-02-13 12:30:00+05:30,2025-02-13 12:35:00+05:30,2025-02-13 13:30:00+05:30,1489.95,1484.5392857142858,1499.689285714286,-5.4107,L
S224,CIPLA,2025-02-13 12:40:00+05:30,0.0382,0.0202,0,,0.4108,47.37,-0.0931,0,0.8575,,0,0,0,1,0,1,2025-02-13 12:40:00+05:30,2025-02-13 12:45:00+05:30,2025-02-13 13:30:00+05:30,1488.3,1481.925,1499.775,-6.375,L
S225,CIPLA,2025-02-13 12:50:00+05:30,0.0526,0.0287,1,1.0,0.2407,32.35,0.0833,0,0.7015,,0,0,0,1,0,1,2025-02-13 12:50:00+05:30,2025-02-13 12:55:00+05:30,2025-02-13 13:30:00+05:30,1487.65,1481.4178571428572,1498.8678571428572,-6.2321,L
S226,CIPLA,2025-02-13 13:00:00+05:30,0.0358,0.0508,0,,0.6682,17.78,0.0123,0,1.0153,,0,0,0,1,0,1,2025-02-13 13:00:00+05:30,2025-02-13 13:05:00+05:30,2025-02-13 13:30:00+05:30,1487.75,1481.6517857142858,1498.7267857142858,-6.0982,L
S227,CIPLA,2025-02-14 10:40:00+05:30,-0.4008,-0.4951,0,,1.238,47.13,-0.9795,0,0.7197,1.0,3,0,1,0,3,4,2025-02-14 10:55:00+05:30,2025-02-14 11:00:00+05:30,2025-02-14 15:00:00+05:30,1454.3,1439.5589285714286,1480.8339285714285,6.5,EOD+
S228,CIPLA,2025-02-14 11:05:00+05:30,-0.306,-0.3741,0,,0.5428,4.12,0.2656,0,1.5301,,0,0,1,1,0,1,2025-02-14 11:05:00+05:30,2025-02-14 11:10:00+05:30,2025-02-14 15:00:00+05:30,1453.45,1440.5303571428574,1476.705357142857,7.35,EOD+
S229,CIPLA,2025-02-14 11:35:00+05:30,0.0005,-0.1052,5,4.0,0.0644,58.26,6.027,0,1.3617,,0,1,0,1,0,1,2025-02-14 11:35:00+05:30,2025-02-14 11:40:00+05:30,2025-02-14 15:00:00+05:30,1454.5,1443.732142857143,1473.8821428571428,6.3,EOD+
S230,CIPLA,2025-02-14 12:10:00+05:30,0.1605,0.1426,6,6.0,0.0559,78.41,2.2967,0,0.6281,,0,0,1,1,0,1,2025-02-14 12:10:00+05:30,2025-02-14 12:15:00+05:30,2025-02-14 15:00:00+05:30,1459.95,1449.7714285714287,1478.2714285714287,0.85,EOD+
S231,CIPLA,2025-02-14 12:30:00+05:30,0.1465,0.171,3,2.0,0.4422,55.06,0.1599,0,1.0497,,0,0,0,1,0,1,2025-02-14 12:30:00+05:30,2025-02-14 12:35:00+05:30,2025-02-14 15:00:00+05:30,1457.65,1448.632142857143,1473.882142857143,3.15,EOD+
S232,CIPLA,2025-02-14 12:40:00+05:30,0.1133,0.1431,0,,0.4577,20.63,-0.4118,0,0.8051,0.0,2,1,1,0,2,3,2025-02-14 12:50:00+05:30,2025-02-14 12:55:00+05:30,2025-02-14 15:00:00+05:30,1459.7,1450.8785714285714,1475.5785714285714,1.1,EOD+
S233,CIPLA,2025-02-14 13:00:00+05:30,0.0257,0.1015,0,,0.1108,20.59,-1.0,0,0.4483,0.0,1,0,0,0,1,2,2025-02-14 13:05:00+05:30,2025-02-14 13:10:00+05:30,2025-02-14 14:05:00+05:30,1460.6,1453.492857142857,1473.392857142857,-7.1071,L
S234,CIPLA,2025-02-14 13:45:00+05:30,0.0569,0.0642,7,4.0,0.1697,55.88,-0.2105,0,0.5914,0.0,1,1,0,0,1,2,2025-02-14 13:50:00+05:30,2025-02-14 13:55:00+05:30,2025-02-14 14:05:00+05:30,1460.3,1454.7017857142855,1470.3767857142857,-5.5982,L
S235,CIPLA,2025-02-14 14:05:00+05:30,-0.0086,0.0445,2,1.0,2.6694,64.75,-0.6791,0,1.2629,0.0,2,0,0,0,2,3,2025-02-14 14:15:00+05:30,2025-02-14 14:20:00+05:30,2025-02-14 15:00:00+05:30,1460.55,1454.567857142857,1471.317857142857,0.25,EOD+
S236,CIPLA,2025-02-17 09:15:00+05:30,,,0,,2.1766,64.38,-0.3078,0,3.6374,,0,1,0,1,0,1,2025-02-17 09:15:00+05:30,2025-02-17 09:20:00+05:30,2025-02-17 09:30:00+05:30,1470.95,1460.744642857143,1489.319642857143,-10.2054,L
S237,CIPLA,2025-02-17 09:30:00+05:30,,,2,1.0,0.6077,18.07,0.5194,0,0.8928,,0,1,0,1,0,1,2025-02-17 09:30:00+05:30,2025-02-17 09:35:00+05:30,2025-02-17 15:00:00+05:30,1463.95,1449.869642857143,1489.2946428571431,12.45,EOD+
S238,CIPLA,2025-02-17 09:40:00+05:30,0.1214,,0,,0.7837,49.69,-0.2016,0,0.7314,,0,0,0,1,0,1,2025-02-17 09:40:00+05:30,2025-02-17 09:45:00+05:30,2025-02-17 15:00:00+05:30,1464.9,1448.9178571428572,1493.6678571428574,11.5,EOD+
S239,CIPLA,2025-02-17 09:50:00+05:30,0.059,,0,,0.4795,67.27,-0.8587,0,0.6255,1.0,1,0,0,0,1,2,2025-02-17 09:55:00+05:30,2025-02-17 10:00:00+05:30,2025-02-17 15:00:00+05:30,1469.4,1452.7928571428572,1499.2928571428574,7.0,EOD+
S240,CIPLA,2025-02-17 11:45:00+05:30,0.1696,0.2133,21,11.0,0.2087,6.25,1.3151,0,0.6847,,0,0,0,1,0,1,2025-02-17 11:45:00+05:30,2025-02-17 11:50:00+05:30,2025-02-17 15:00:00+05:30,1474.55,1465.2375,1491.3125,1.85,EOD+
S241,CIPLA,2025-02-17 13:25:00+05:30,-0.0902,-0.0793,0,,1.5375,69.07,-0.9704,0,1.0306,0.0,3,1,0,0,3,4,2025-02-17 13:40:00+05:30,2025-02-17 13:45:00+05:30,2025-02-17 15:00:00+05:30,1472.95,1467.45,1482.85,3.45,EOD+
S242,CIPLA,2025-02-17 13:50:00+05:30,-0.067,-0.0892,0,,0.6559,23.08,-0.1862,0,0.3113,0.0,1,0,1,0,1,2,2025-02-17 13:55:00+05:30,2025-02-17 14:00:00+05:30,2025-02-17 15:00:00+05:30,1471.95,1465.8607142857145,1482.9107142857142,4.45,EOD+
S243,CIPLA,2025-02-18 09:15:00+05:30,,,0,,1.0879,29.41,-0.9737,0,2.3998,1.0,2,0,0,0,2,3,2025-02-18 09:25:00+05:30,2025-02-18 09:30:00+05:30,2025-02-18 10:25:00+05:30,1476.2,1467.45,1491.95,-8.75,L
S244,CIPLA,2025-02-18 10:25:00+05:30,-0.1087,-0.0843,0,,1.2072,57.14,-0.8902,0,0.5689,1.0,3,1,0,0,3,4,2025-02-18 10:40:00+05:30,2025-02-18 10:45:00+05:30,2025-02-18 15:00:00+05:30,1472.35,1461.975,1491.025,7.7,EOD+
S245,CIPLA,2025-02-18 10:50:00+05:30,-0.0802,-0.1364,0,,0.4103,92.96,-0.8311,0,0.693,,0,0,0,1,0,1,2025-02-18 10:50:00+05:30,2025-02-18 10:55:00+05:30,2025-02-18 15:00:00+05:30,1473.35,1464.3321428571428,1489.5821428571426,6.7,EOD+
S246,CIPLA,2025-02-18 11:00:00+05:30,0.0015,-0.1118,1,1.0,0.0283,2.17,15.9231,0,0.7012,,0,0,0,1,0,1,2025-02-18 11:00:00+05:30,2025-02-18 11:05:00+05:30,2025-02-18 15:00:00+05:30,1473.1,1464.4839285714286,1488.6089285714284,6.95,EOD+
S247,CIPLA,2025-02-18 11:15:00+05:30,-0.0114,0.0015,2,1.0,0.1437,25.58,1.4865,0,0.837,,0,1,1,1,0,1,2025-02-18 11:15:00+05:30,2025-02-18 11:20:00+05:30,2025-02-18 15:00:00+05:30,1472.0,1463.955357142857,1486.480357142857,8.05,EOD+
S248,CIPLA,2025-02-18 11:25:00+05:30,-0.0399,-0.0042,0,,0.7587,94.23,-1.0,0,1.5346,,0,0,1,1,0,1,2025-02-18 11:25:00+05:30,2025-02-18 11:30:00+05:30,2025-02-18 15:00:00+05:30,1471.0,1463.2232142857142,1484.9982142857143,9.05,EOD+
S249,CIPLA,2025-02-18 11:35:00+05:30,-0.0124,-0.032,0,,1.2793,39.45,-0.2005,0,2.5268,,0,1,0,1,0,1,2025-02-18 11:35:00+05:30,2025-02-18 11:40:00+05:30,2025-02-18 15:00:00+05:30,1472.5,1465.044642857143,1485.919642857143,7.55,EOD+
S250,CIPLA,2025-02-18 11:55:00+05:30,0.0394,0.007,3,2.0,0.6428,69.01,-0.4911,0,1.6215,1.0,2,0,0,0,2,3,2025-02-18 12:05:00+05:30,2025-02-18 12:10:00+05:30,2025-02-18 15:00:00+05:30,1472.15,1464.507142857143,1485.907142857143,7.9,EOD+
S251,CIPLA,2025-02-18 12:15:00+05:30,0.0311,0.0234,1,1.0,0.04,36.36,4.6,0,0.6749,,0,0,1,1,0,1,2025-02-18 12:15:00+05:30,2025-02-18 12:20:00+05:30,2025-02-18 15:00:00+05:30,1473.0,1465.1875,1487.0625,7.05,EOD+
S252,CIPLA,2025-02-18 12:25:00+05:30,0.0535,0.0212,0,,0.1101,62.16,-0.2806,0,0.7027,,0,1,0,1,0,1,2025-02-18 12:25:00+05:30,2025-02-18 12:30:00+05:30,2025-02-18 15:00:00+05:30,1473.4,1465.507142857143,1487.6071428571431,6.65,EOD+
S253,CIPLA,2025-02-18 13:00:00+05:30,0.0518,0.0334,6,1.0,0.3641,68.83,-0.4269,0,0.9154,0.0,2,0,0,0,2,3,2025-02-18 13:10:00+05:30,2025-02-18 13:15:00+05:30,2025-02-18 15:00:00+05:30,1473.55,1467.5589285714286,1484.3339285714285,6.5,EOD+
S254,CIPLA,2025-02-19 09:40:00+05:30,-0.5231,,0,,3.2775,15.25,-0.8598,0,0.44,0.0,3,0,1,0,3,4,2025-02-19 09:55:00+05:30,2025-02-19 10:00:00+05:30,2025-02-19 15:00:00+05:30,1472.6,1453.0196428571426,1507.8446428571428,-11.6,EOD-
S255,CIPLA,2025-02-19 10:05:00+05:30,-0.2074,-0.4154,0,,0.2034,1.15,-0.284,0,0.2507,0.0,1,0,1,0,1,2,2025-02-19 10:10:00+05:30,2025-02-19 10:15:00+05:30,2025-02-19 15:00:00+05:30,1471.0,1446.107142857143,1515.8071428571432,-10.0,EOD-
S256,CIPLA,2025-02-19 10:55:00+05:30,-0.1389,-0.2355,8,8.0,0.019,45.95,15.5517,0,0.4587,,0,0,0,1,0,1,2025-02-19 10:55:00+05:30,2025-02-19 11:00:00+05:30,2025-02-19 15:00:00+05:30,1463.65,1454.0964285714283,1480.846428571429,-2.65,EOD-
S257,CIPLA,2025-02-19 11:30:00+05:30,0.2052,0.307,5,4.0,0.0806,89.13,0.3699,0,1.3605,,0,0,0,1,0,1,2025-02-19 11:30:00+05:30,2025-02-19 11:35:00+05:30,2025-02-19 14:20:00+05:30,1467.9,1462.239285714286,1478.0892857142858,-5.6607,L
S258,CIPLA,2025-02-19 11:45:00+05:30,0.0017,0.2052,2,2.0,0.223,15.0,0.3953,0,0.5439,,0,0,1,1,0,1,2025-02-19 11:45:00+05:30,2025-02-19 11:50:00+05:30,2025-02-19 14:15:00+05:30,1467.95,1463.1285714285714,1476.6285714285714,-4.8214,L
S259,CIPLA,2025-02-19 11:55:00+05:30,-0.0327,0.0647,0,,0.7694,86.36,-1.0,0,1.2777,,0,1,0,1,0,1,2025-02-19 11:55:00+05:30,2025-02-19 12:00:00+05:30,2025-02-19 14:20:00+05:30,1467.95,1462.9053571428572,1477.0303571428572,-5.0446,L
S260,CIPLA,2025-02-19 12:15:00+05:30,0.0066,-0.022,2,1.0,0.2665,49.02,1.2785,0,0.6478,,0,0,1,1,0,1,2025-02-19 12:15:00+05:30,2025-02-19 12:20:00+05:30,2025-02-19 12:30:00+05:30,1467.95,1464.244642857143,1474.619642857143,-3.7054,L
S261,CIPLA,2025-02-19 12:25:00+05:30,0.0138,-0.0131,1,1.0,1.1672,15.79,-0.0476,0,2.9761,1.0,2,0,0,0,2,3,2025-02-19 12:35:00+05:30,2025-02-19 12:40:00+05:30,2025-02-19 14:15:00+05:30,1468.3,1464.7017857142855,1474.7767857142856,-3.5982,L
S262,CIPLA,2025-02-19 12:45:00+05:30,0.0179,0.0107,0,,0.5841,16.67,-0.876,0,0.5613,1.0,2,0,0,0,2,3,2025-02-19 12:55:00+05:30,2025-02-19 13:00:00+05:30,2025-02-19 14:20:00+05:30,1467.9,1462.7214285714288,1477.2214285714288,-5.1786,L
S263,CIPLA,2025-02-19 13:20:00+05:30,-0.0305,-0.0118,0,,1.0347,16.67,-0.8583,0,0.6918,1.0,3,1,0,0,3,4,2025-02-19 13:35:00+05:30,2025-02-19 13:40:00+05:30,2025-02-19 14:20:00+05:30,1467.3,1462.1839285714286,1476.5089285714284,-5.1161,L
S264,CIPLA,2025-02-19 13:45:00+05:30,-0.0157,-0.0312,0,,0.9575,47.37,-0.4286,0,0.579,,0,1,1,1,0,1,2025-02-19 13:45:00+05:30,2025-02-19 13:50:00+05:30,2025-02-19 14:15:00+05:30,1467.4,1463.5160714285714,1474.3910714285716,-3.8839,L
S265,CIPLA,2025-02-19 13:55:00+05:30,-0.0189,-0.0218,0,,0.1971,44.83,0.1864,0,0.6967,,0,1,0,1,0,1,2025-02-19 13:55:00+05:30,2025-02-19 14:00:00+05:30,2025-02-19 14:15:00+05:30,1467.6,1463.8589285714284,1474.3339285714285,-3.7411,L
S266,CIPLA,2025-02-20 09:15:00+05:30,,,0,,0.5707,88.97,-0.7812,0,5.1661,,0,0,0,1,0,1,2025-02-20 09:15:00+05:30,2025-02-20 09:20:00+05:30,2025-02-20 15:00:00+05:30,1479.35,1469.3410714285712,1497.3660714285716,1.3,EOD+
S267,CIPLA,2025-02-20 10:35:00+05:30,0.2792,0.3442,15,5.0,0.0023,55.77,152.3333,0,0.4039,,0,0,1,1,0,1,2025-02-20 10:35:00+05:30,2025-02-20 10:40:00+05:30,2025-02-20 15:00:00+05:30,1477.75,1469.5089285714284,1492.5839285714287,2.9,EOD+
S268,CIPLA,2025-02-20 10:45:00+05:30,0.2366,0.3034,0,,0.3266,14.29,-0.4359,0,0.3346,1.0,1,0,0,0,1,2,2025-02-20 10:50:00+05:30,2025-02-20 10:55:00+05:30,2025-02-20 11:40:00+05:30,1479.95,1472.4857142857145,1493.3857142857144,-7.4643,L
S269,CIPLA,2025-02-20 11:35:00+05:30,-0.0545,0.0328,0,,2.5667,89.47,-0.9468,0,1.4791,1.0,3,0,1,0,3,4,2025-02-20 11:50:00+05:30,2025-02-20 11:55:00+05:30,2025-02-20 15:00:00+05:30,1478.15,1472.6589285714288,1488.0339285714283,2.5,EOD+
S270,CIPLA,2025-02-20 13:25:00+05:30,0.0342,-0.0042,0,,1.3146,15.38,-0.7719,0,1.7098,1.0,3,0,0,0,3,4,2025-02-20 13:40:00+05:30,2025-02-20 13:45:00+05:30,2025-02-20 14:10:00+05:30,1479.5,1475.330357142857,1487.0053571428573,-4.1696,L
S271,CIPLA,2025-02-20 13:50:00+05:30,-0.0272,0.0238,0,,0.4363,12.2,-0.3038,0,0.6572,0.0,1,0,1,0,1,2,2025-02-20 13:55:00+05:30,2025-02-20 14:00:00+05:30,2025-02-20 14:10:00+05:30,1479.85,1475.323214285714,1487.9982142857143,-4.5268,L
S272,CIPLA,2025-02-21 09:25:00+05:30,,,2,2.0,0.4868,46.03,0.1261,0,0.7002,,0,0,1,1,0,1,2025-02-21 09:25:00+05:30,2025-02-21 09:30:00+05:30,2025-02-21 15:00:00+05:30,1478.75,1467.3482142857142,1499.2732142857144,-1.0,EOD-
S273,CIPLA,2025-02-21 10:25:00+05:30,-0.0791,-0.0328,0,,1.0241,16.88,-0.8016,0,0.1611,1.0,3,1,1,0,3,4,2025-02-21 10:40:00+05:30,2025-02-21 10:45:00+05:30,2025-02-21 15:00:00+05:30,1479.85,1466.930357142857,1503.1053571428572,-2.1,EOD-
S274,CIPLA,2025-02-21 11:15:00+05:30,-0.1454,-0.1038,0,,0.5761,33.33,-0.5391,0,0.2561,0.0,3,1,1,0,3,4,2025-02-21 11:30:00+05:30,2025-02-21 11:35:00+05:30,2025-02-21 15:00:00+05:30,1476.0,1467.5267857142858,1491.2517857142857,1.75,EOD+
S275,CIPLA,2025-02-21 11:40:00+05:30,-0.01,-0.0888,1,1.0,0.225,48.08,0.2977,0,0.7209,,0,0,0,1,0,1,2025-02-21 11:40:00+05:30,2025-02-21 11:45:00+05:30,2025-02-21 15:00:00+05:30,1475.5,1468.2232142857144,1488.5982142857142,2.25,EOD+
S276,CIPLA,2025-02-21 12:00:00+05:30,-0.0173,0.0005,0,,2.158,14.13,-0.4704,0,1.5625,0.0,3,1,0,0,3,4,2025-02-21 12:15:00+05:30,2025-02-21 12:20:00+05:30,2025-02-21 15:00:00+05:30,1476.55,1469.1125,1489.9374999999998,1.2,EOD+
S277,CIPLA,2025-02-21 12:30:00+05:30,-0.0075,-0.0192,2,2.0,0.1072,50.75,2.04,0,0.6785,,0,0,1,1,0,1,2025-02-21 12:30:00+05:30,2025-02-21 12:35:00+05:30,2025-02-21 15:00:00+05:30,1475.45,1468.1642857142858,1488.5642857142857,2.3,EOD+
S278,CIPLA,2025-02-21 12:50:00+05:30,0.0439,0.0041,2,1.0,0.028,67.07,14.2941,0,0.812,,0,0,0,1,0,1,2025-02-21 12:50:00+05:30,2025-02-21 12:55:00+05:30,2025-02-21 15:00:00+05:30,1476.8,1469.2017857142855,1490.4767857142856,0.95,EOD+
S279,CIPLA,2025-02-21 13:00:00+05:30,0.0459,0.0376,1,1.0,0.5635,59.62,-0.708,0,0.6644,0.0,2,0,0,0,2,3,2025-02-21 13:10:00+05:30,2025-02-21 13:15:00+05:30,2025-02-21 15:00:00+05:30,1477.0,1469.4017857142858,1490.6767857142856,0.75,EOD+
S280,CIPLA,2025-02-21 13:20:00+05:30,0.0159,0.0418,0,,0.3294,10.26,0.5698,0,0.7626,,0,0,0,1,0,1,2025-02-21 13:20:00+05:30,2025-02-21 13:25:00+05:30,2025-02-21 15:00:00+05:30,1476.35,1469.823214285714,1488.0982142857142,1.4,EOD+
S281,CIPLA,2025-02-21 13:35:00+05:30,0.0117,0.0159,0,,1.5928,83.58,-0.9618,0,1.2798,1.0,3,0,1,0,3,4,2025-02-21 13:50:00+05:30,2025-02-21 13:55:00+05:30,2025-02-21 15:00:00+05:30,1476.75,1470.5892857142858,1487.8392857142858,1.0,EOD+
S282,CIPLA,2025-02-24 09:15:00+05:30,,,0,,5.2581,88.6,-0.8816,0,5.3637,,0,0,0,1,0,1,2025-02-24 09:15:00+05:30,2025-02-24 09:20:00+05:30,2025-02-24 15:00:00+05:30,1477.8,1468.1660714285713,1495.1410714285714,-1.55,EOD-
S283,CIPLA,2025-02-24 09:30:00+05:30,,,1,1.0,0.0733,56.5,1.6923,0,1.7448,,0,0,0,1,0,1,2025-02-24 09:30:00+05:30,2025-02-24 09:35:00+05:30,2025-02-24 15:00:00+05:30,1478.75,1465.4464285714284,1502.696428571429,-2.5,EOD-
S284,CIPLA,2025-02-24 09:40:00+05:30,0.0044,,0,,0.4253,6.96,-0.778,0,0.6877,0.0,1,0,1,0,1,2,2025-02-24 09:45:00+05:30,2025-02-24 09:50:00+05:30,2025-02-24 15:00:00+05:30,1479.2,1464.6375,1505.4125,-2.95,EOD-
S285,CIPLA,2025-02-24 10:05:00+05:30,0.0122,-0.0201,3,3.0,0.0172,62.26,8.3023,0,0.3666,,0,0,0,1,0,1,2025-02-24 10:05:00+05:30,2025-02-24 10:10:00+05:30,2025-02-24 15:00:00+05:30,1479.0,1463.4017857142858,1507.0767857142855,-2.75,EOD-
S286,CIPLA,2025-02-24 10:35:00+05:30,0.0698,0.0242,5,1.0,0.032,31.03,14.5556,0,0.5065,,0,0,1,1,0,1,2025-02-24 10:35:00+05:30,2025-02-24 10:40:00+05:30,2025-02-24 15:00:00+05:30,1481.1,1470.5464285714284,1500.0964285714283,-4.85,EOD-
S287,CIPLA,2025-02-24 10:55:00+05:30,0.0708,0.0772,0,,0.6667,50.0,-0.781,0,1.2074,1.0,3,0,0,0,3,4,2025-02-24 11:10:00+05:30,2025-02-24 11:15:00+05:30,2025-02-24 15:00:00+05:30,1479.95,1472.244642857143,1493.8196428571428,-3.7,EOD-
S288,CIPLA,2025-02-24 11:20:00+05:30,-0.009,0.0118,0,,0.5749,2.38,-0.9419,0,0.6537,1.0,3,0,1,0,3,4,2025-02-24 11:35:00+05:30,2025-02-24 11:40:00+05:30,2025-02-24 13:25:00+05:30,1479.95,1472.4589285714287,1493.4339285714286,-7.4911,L
S289,CIPLA,2025-02-24 11:55:00+05:30,-0.0069,0.0014,0,,0.7141,59.26,-0.6657,0,0.9867,0.0,3,0,0,0,3,4,2025-02-24 12:10:00+05:30,2025-02-24 12:15:00+05:30,2025-02-24 13:25:00+05:30,1479.4,1473.6410714285714,1489.7660714285714,-5.7589,L
S290,CIPLA,2025-02-24 12:20:00+05:30,-0.0414,-0.026,0,,0.8474,69.05,-1.0,0,0.6927,0.0,2,0,0,0,2,3,2025-02-24 12:30:00+05:30,2025-02-24 12:35:00+05:30,2025-02-24 13:20:00+05:30,1478.95,1473.6910714285714,1488.4160714285715,-5.2589,L
S291,CIPLA,2025-02-24 13:15:00+05:30,-0.0562,-0.0521,0,,1.0237,7.69,-0.9697,0,0.5999,1.0,3,0,1,0,3,4,2025-02-24 13:30:00+05:30,2025-02-24 13:35:00+05:30,2025-02-24 15:00:00+05:30,1477.3,1473.2642857142855,1484.5642857142857,-1.05,EOD-
S292,CIPLA,2025-02-24 13:40:00+05:30,-0.0615,-0.0733,0,,0.9188,60.0,-1.0,0,1.5768,1.0,2,0,0,0,2,3,2025-02-24 13:50:00+05:30,2025-02-24 13:55:00+05:30,2025-02-24 15:00:00+05:30,1478.25,1473.366071428571,1487.0410714285715,-2.0,EOD-
S293,CIPLA,2025-02-25 09:30:00+05:30,,,0,,1.0909,82.26,-0.9619,0,0.5303,0.0,3,1,0,0,3,4,2025-02-25 09:45:00+05:30,2025-02-25 09:50:00+05:30,2025-02-25 13:25:00+05:30,1476.5,1467.482142857143,1492.732142857143,-9.0179,L
S294,CIPLA,2025-02-25 09:55:00+05:30,-0.0961,-0.1003,0,,0.6642,43.9,-0.7017,0,0.7618,1.0,2,1,0,0,2,3,2025-02-25 10:05:00+05:30,2025-02-25 10:10:00+05:30,2025-02-25 10:45:00+05:30,1480.25,1468.892857142857,1500.692857142857,-11.3571,L
S295,CIPLA,2025-02-25 10:45:00+05:30,-0.0444,0.0259,0,,1.9002,90.38,-0.9922,0,1.7383,1.0,3,1,1,0,3,4,2025-02-25 11:00:00+05:30,2025-02-25 11:05:00+05:30,2025-02-25 13:55:00+05:30,1474.95,1466.5035714285714,1490.1535714285717,-8.4464,L
S296,CIPLA,2025-02-25 11:10:00+05:30,-0.0073,-0.0697,0,,0.9416,7.78,0.1321,0,2.1815,,0,0,0,1,0,1,2025-02-25 11:10:00+05:30,2025-02-25 11:15:00+05:30,2025-02-25 13:55:00+05:30,1475.35,1466.555357142857,1491.1803571428572,-8.7946,L
S297,CIPLA,2025-02-25 11:20:00+05:30,0.0239,-0.0385,0,,0.7213,49.06,-0.8251,0,0.8223,0.0,2,0,0,0,2,3,2025-02-25 11:30:00+05:30,2025-02-25 11:35:00+05:30,2025-02-25 13:25:00+05:30,1475.7,1467.7714285714287,1489.9714285714283,-7.9286,L
S298,CIPLA,2025-02-25 12:15:00+05:30,-0.0585,-0.0638,0,,0.2079,5.26,-1.0,0,0.5812,1.0,3,0,0,0,3,4,2025-02-25 12:30:00+05:30,2025-02-25 12:35:00+05:30,2025-02-25 13:25:00+05:30,1473.95,1468.9589285714287,1482.9339285714284,-4.9911,L
S299,CIPLA,2025-02-25 12:40:00+05:30,0.0278,-0.012,1,1.0,0.231,62.5,-1.0,0,0.6534,1.0,2,0,1,0,2,3,2025-02-25 12:50:00+05:30,2025-02-25 12:55:00+05:30,2025-02-25 13:20:00+05:30,1474.25,1470.732142857143,1480.5821428571428,-3.5179,L
S300,CIPLA,2025-02-25 13:00:00+05:30,-0.0195,0.0232,0,,0.749,73.68,-1.0,0,1.1451,0.0,1,0,0,0,1,2,2025-02-25 13:05:00+05:30,2025-02-25 13:10:00+05:30,2025-02-25 13:20:00+05:30,1474.15,1470.4535714285714,1480.8035714285716,-3.6964,L
S301,CIPLA,2025-02-27 12:10:00+05:30,-0.273,-0.306,0,,0.5302,69.23,-0.9689,0,0.5536,0.0,3,1,1,0,3,4,2025-02-27 12:25:00+05:30,2025-02-27 12:30:00+05:30,2025-02-27 15:00:00+05:30,1443.0,1435.419642857143,1456.6446428571428,-0.75,EOD-
S302,CIPLA,2025-02-27 12:35:00+05:30,-0.2078,-0.2461,0,,0.0306,25.0,10.2,0,0.857,,0,1,0,1,0,1,2025-02-27 12:35:00+05:30,2025-02-27 12:40:00+05:30,2025-02-27 13:00:00+05:30,1441.9,1436.801785714286,1451.0767857142855,-5.0982,L
S303,CIPLA,2025-02-27 12:55:00+05:30,-0.0536,-0.1779,3,3.0,1.4774,92.0,-0.9831,0,2.2202,1.0,3,1,1,0,3,4,2025-02-27 13:10:00+05:30,2025-02-27 13:15:00+05:30,2025-02-27 15:00:00+05:30,1442.95,1437.9410714285714,1451.9660714285717,-0.7,EOD-
S304,CIPLA,2025-02-27 13:40:00+05:30,0.0763,0.0624,0,,0.7462,2.78,-0.4223,0,1.3004,1.0,3,0,0,0,3,4,2025-02-27 13:55:00+05:30,2025-02-27 14:00:00+05:30,2025-02-27 15:00:00+05:30,1442.05,1435.9607142857142,1453.0107142857144,0.2,EOD+
S305,CIPLA,2025-02-27 14:05:00+05:30,-0.0208,0.0142,0,,0.3301,71.43,-0.8046,0,1.002,,0,0,1,1,0,1,2025-02-27 14:05:00+05:30,2025-02-27 14:10:00+05:30,2025-02-27 15:00:00+05:30,1441.9,1436.0875,1452.3625000000002,0.35,EOD+
S306,CIPLA,2025-02-28 10:10:00+05:30,-0.306,-0.2806,0,,2.0696,80.95,-0.884,0,0.4878,0.0,3,1,1,0,3,4,2025-02-28 10:25:00+05:30,2025-02-28 10:30:00+05:30,2025-02-28 15:00:00+05:30,1430.95,1415.3339285714285,1459.0589285714289,-15.6161,L
S307,CIPLA,2025-02-28 12:05:00+05:30,0.1723,0.2496,19,7.0,0.3552,53.33,-0.6324,0,1.3033,0.0,2,1,0,0,2,3,2025-02-28 12:15:00+05:30,2025-02-28 12:20:00+05:30,2025-02-28 12:35:00+05:30,1436.9,1432.114285714286,1445.514285714286,-4.7857,L
S308,CIPLA,2025-02-28 12:25:00+05:30,0.0094,0.1087,0,,0.0514,75.76,2.5,0,0.8828,,0,0,1,1,0,1,2025-02-28 12:25:00+05:30,2025-02-28 12:30:00+05:30,2025-02-28 12:35:00+05:30,1436.6,1431.7339285714284,1445.3589285714286,-4.8661,L
S309,CIPLA,2025-03-03 10:00:00+05:30,-0.2841,-0.2935,0,,1.237,36.27,-0.7753,0,0.0447,0.0,3,0,1,0,3,4,2025-03-03 10:15:00+05:30,2025-03-03 10:20:00+05:30,2025-03-03 15:00:00+05:30,1405.95,1389.307142857143,1435.9071428571428,3.8,EOD+
S310,CIPLA,2025-03-03 10:25:00+05:30,-0.2622,-0.3293,1,1.0,0.052,72.82,3.6,0,0.11,,0,0,0,1,0,1,2025-03-03 10:25:00+05:30,2025-03-03 10:30:00+05:30,2025-03-03 11:35:00+05:30,1409.8,1397.7732142857142,1431.448214285714,-12.0268,L
S311,CIPLA,2025-03-03 12:05:00+05:30,-0.1081,-0.092,0,,0.6388,3.23,-0.3407,0,1.8187,1.0,3,0,0,0,3,4,2025-03-03 12:20:00+05:30,2025-03-03 12:25:00+05:30,2025-03-03 13:15:00+05:30,1401.15,1394.9178571428572,1412.3678571428572,11.2179,W
S312,CIPLA,2025-03-03 14:00:00+05:30,0.1407,0.1458,19,9.0,0.2104,96.43,-0.7895,0,0.8258,,0,0,1,1,0,1,2025-03-03 14:00:00+05:30,2025-03-03 14:05:00+05:30,2025-03-03 15:00:00+05:30,1409.55,1403.9071428571428,1419.7071428571428,0.2,EOD+
S313,CIPLA,2025-03-03 14:10:00+05:30,0.1292,0.1423,0,,0.4061,58.44,-0.1346,0,0.9532,,0,0,0,1,0,1,2025-03-03 14:10:00+05:30,2025-03-03 14:15:00+05:30,2025-03-03 15:00:00+05:30,1409.55,1403.1482142857142,1421.0732142857144,0.2,EOD+
S314,CIPLA,2025-03-03 14:20:00+05:30,0.1097,0.1376,0,,0.2521,31.11,-0.3407,0,0.7039,,0,0,1,1,0,1,2025-03-03 14:20:00+05:30,2025-03-03 14:25:00+05:30,2025-03-03 15:00:00+05:30,1409.15,1402.382142857143,1421.332142857143,0.6,EOD+
S315,CIPLA,2025-03-03 14:30:00+05:30,0.0809,0.117,1,1.0,0.2058,52.54,1.7053,0,1.1898,,0,0,0,1,0,1,2025-03-03 14:30:00+05:30,2025-03-03 14:35:00+05:30,2025-03-03 15:00:00+05:30,1409.65,1403.364285714286,1420.9642857142858,0.1,EOD+
S316,CIPLA,2025-03-04 10:10:00+05:30,-0.1517,-0.1616,0,,0.6296,47.73,-0.9828,0,0.6251,0.0,3,0,0,0,3,4,2025-03-04 10:25:00+05:30,2025-03-04 10:30:00+05:30,2025-03-04 13:30:00+05:30,1402.6,1391.055357142857,1423.380357142857,-11.5446,L
S317,CIPLA,2025-03-04 10:40:00+05:30,-0.1075,-0.1526,1,1.0,0.0697,77.36,1.963,0,0.4287,,0,0,1,1,0,1,2025-03-04 10:40:00+05:30,2025-03-04 10:45:00+05:30,2025-03-04 11:35:00+05:30,1400.7,1393.4410714285716,1413.7660714285714,-7.2589,L
S318,CIPLA,2025-03-04 10:55:00+05:30,-0.0523,-0.1075,2,2.0,1.2758,85.48,-0.8515,0,1.8804,1.0,1,0,0,0,1,2,2025-03-04 11:00:00+05:30,2025-03-04 11:05:00+05:30,2025-03-04 11:30:00+05:30,1400.55,1394.6125,1411.2375,-5.9375,L
S319,CIPLA,2025-03-04 12:15:00+05:30,-0.1355,-0.1318,0,,1.5429,54.69,-0.715,0,0.7044,0.0,3,0,0,0,3,4,2025-03-04 12:30:00+05:30,2025-03-04 12:35:00+05:30,2025-03-04 13:30:00+05:30,1396.15,1391.0339285714288,1405.3589285714286,-5.1161,L
S320,CIPLA,2025-03-04 12:55:00+05:30,-0.0396,-0.0562,4,3.0,0.1452,100.0,-1.0,0,0.7537,1.0,3,0,1,0,3,4,2025-03-04 13:10:00+05:30,2025-03-04 13:15:00+05:30,2025-03-04 13:35:00+05:30,1395.4,1390.0607142857143,1405.010714285714,-5.3393,L
S321,CIPLA,2025-03-04 13:50:00+05:30,-0.0262,-0.0068,0,,1.4112,78.26,-1.0,0,1.3836,1.0,3,0,1,0,3,4,2025-03-04 14:05:00+05:30,2025-03-04 14:10:00+05:30,2025-03-04 15:00:00+05:30,1395.75,1391.2767857142858,1403.8017857142856,4.65,EOD+
S322,CIPLA,2025-03-05 09:15:00+05:30,,,0,,1.7611,42.53,-0.6532,0,1.5044,0.0,1,1,0,0,1,2,2025-03-05 09:20:00+05:30,2025-03-05 09:25:00+05:30,2025-03-05 11:40:00+05:30,1404.2,1396.0125,1418.9375,14.7375,W
S323,CIPLA,2025-03-05 11:10:00+05:30,0.1583,0.1705,21,13.0,0.2065,3.23,2.5503,0,0.3688,,0,0,0,1,0,1,2025-03-05 11:10:00+05:30,2025-03-05 11:15:00+05:30,2025-03-05 12:00:00+05:30,1411.6,1406.4839285714284,1420.8089285714286,9.2089,W
S324,CIPLA,2025-03-05 11:20:00+05:30,0.1346,0.1608,0,,0.1482,95.24,-0.619,0,1.0228,,0,0,1,1,0,1,2025-03-05 11:20:00+05:30,2025-03-05 11:25:00+05:30,2025-03-05 12:00:00+05:30,1412.95,1408.5214285714285,1420.9214285714286,7.9714,W
S325,CIPLA,2025-03-05 12:35:00+05:30,0.1057,0.1629,0,,2.195,58.18,-0.9064,0,3.0652,1.0,3,0,0,0,3,4,2025-03-05 12:50:00+05:30,2025-03-05 12:55:00+05:30,2025-03-05 13:15:00+05:30,1419.0,1414.133928571429,1427.758928571429,8.7589,W
S326,CIPLA,2025-03-06 09:15:00+05:30,,,0,,0.7848,4.02,0.5409,0,1.1083,,0,1,0,1,0,1,2025-03-06 09:15:00+05:30,2025-03-06 09:20:00+05:30,2025-03-06 09:55:00+05:30,1424.7,1414.6732142857145,1442.7482142857143,18.0482,W
S327,CIPLA,2025-03-06 11:00:00+05:30,0.4638,0.5571,20,5.0,0.2111,83.33,-0.3531,0,0.7421,0.0,1,1,0,0,1,2,2025-03-06 11:05:00+05:30,2025-03-06 11:10:00+05:30,2025-03-06 15:00:00+05:30,1447.9,1436.9178571428572,1467.6678571428574,11.2,EOD+
S328,CIPLA,2025-03-06 11:15:00+05:30,0.2671,0.4638,0,,0.1225,2.38,1.9947,0,0.4017,,0,1,1,1,0,1,2025-03-06 11:15:00+05:30,2025-03-06 11:20:00+05:30,2025-03-06 15:00:00+05:30,1447.5,1437.955357142857,1464.6803571428572,11.6,EOD+
S329,CIPLA,2025-03-06 11:40:00+05:30,0.0848,0.2108,0,,1.2132,2.33,-0.659,0,1.0567,1.0,3,1,1,0,3,4,2025-03-06 11:55:00+05:30,2025-03-06 12:00:00+05:30,2025-03-06 15:00:00+05:30,1449.95,1440.5839285714285,1466.8089285714286,9.15,EOD+
S330,CIPLA,2025-03-06 14:15:00+05:30,0.1255,0.1548,27,2.0,0.1823,9.76,1.3404,0,1.2177,,0,0,0,1,0,1,2025-03-06 14:15:00+05:30,2025-03-06 14:20:00+05:30,2025-03-06 15:00:00+05:30,1460.35,1453.9035714285712,1471.9535714285714,-1.25,EOD-
S331,CIPLA,2025-03-07 09:35:00+05:30,,,0,,0.8148,36.36,-0.893,0,0.2751,0.0,3,0,0,0,3,4,2025-03-07 09:50:00+05:30,2025-03-07 09:55:00+05:30,2025-03-07 15:00:00+05:30,1459.1,1446.198214285714,1482.3232142857144,4.5,EOD+
S332,CIPLA,2025-03-07 10:00:00+05:30,-0.0459,-0.1057,0,,0.1554,56.25,-0.2357,0,0.1966,,0,0,1,1,0,1,2025-03-07 10:00:00+05:30,2025-03-07 10:05:00+05:30,2025-03-07 15:00:00+05:30,1459.5,1446.875,1482.225,4.1,EOD+
S333,CIPLA,2025-03-07 10:25:00+05:30,0.0219,0.0067,4,2.0,0.0566,28.81,9.0,0,0.193,,0,0,0,1,0,1,2025-03-07 10:25:00+05:30,2025-03-07 10:30:00+05:30,2025-03-07 15:00:00+05:30,1461.8,1452.7375,1478.1125,1.8,EOD+
S334,CIPLA,2025-03-07 11:05:00+05:30,0.0507,-0.0113,7,3.0,0.2398,65.52,0.5447,0,0.6841,,0,1,0,1,0,1,2025-03-07 11:05:00+05:30,2025-03-07 11:10:00+05:30,2025-03-07 15:00:00+05:30,1460.1,1453.6892857142857,1471.6392857142855,3.5,EOD+
S335,CIPLA,2025-03-07 11:40:00+05:30,0.0783,0.1252,0,,1.0901,59.09,-0.8978,0,1.4387,0.0,3,0,0,0,3,4,2025-03-07 11:55:00+05:30,2025-03-07 12:00:00+05:30,2025-03-07 15:00:00+05:30,1460.25,1454.642857142857,1470.3428571428572,3.35,EOD+
S336,CIPLA,2025-03-07 12:10:00+05:30,-0.032,-0.0339,0,,0.679,78.05,-1.0,0,0.7459,0.0,3,0,0,0,3,4,2025-03-07 12:25:00+05:30,2025-03-07 12:30:00+05:30,2025-03-07 15:00:00+05:30,1460.95,1454.3875,1472.7625,2.65,EOD+
S337,CIPLA,2025-03-07 12:55:00+05:30,-0.0043,-0.0031,5,5.0,0.0516,67.92,3.898,0,0.3194,,0,1,1,1,0,1,2025-03-07 12:55:00+05:30,2025-03-07 13:00:00+05:30,2025-03-07 13:55:00+05:30,1463.0,1457.0625,1473.6875,-5.9375,L
S338,CIPLA,2025-03-07 13:10:00+05:30,-0.025,-0.0043,2,1.0,0.1759,100.0,-1.0,0,0.504,1.0,2,0,0,0,2,3,2025-03-07 13:20:00+05:30,2025-03-07 13:25:00+05:30,2025-03-07 15:00:00+05:30,1462.25,1456.991071428571,1471.7160714285717,1.35,EOD+
S339,CIPLA,2025-03-07 14:00:00+05:30,-0.0003,0.0356,0,,1.781,93.42,-1.0,0,0.8506,0.0,3,0,0,0,3,4,2025-03-07 14:15:00+05:30,2025-03-07 14:20:00+05:30,2025-03-07 15:00:00+05:30,1461.2,1455.8517857142856,1470.826785714286,2.4,EOD+
S340,CIPLA,2025-03-07 14:25:00+05:30,-0.0142,-0.0086,1,1.0,0.0275,2.94,17.0952,0,1.7157,,0,0,0,1,0,1,2025-03-07 14:25:00+05:30,2025-03-07 14:30:00+05:30,2025-03-07 15:00:00+05:30,1461.6,1456.823214285714,1470.198214285714,2.0,EOD+
S341,CIPLA,2025-03-10 09:15:00+05:30,,,0,,1.2057,65.29,-0.6477,0,2.7928,,0,0,0,1,0,1,2025-03-10 09:15:00+05:30,2025-03-10 09:20:00+05:30,2025-03-10 14:35:00+05:30,1468.6,1460.6535714285717,1482.9035714285712,-7.9464,L
S342,CIPLA,2025-03-10 11:10:00+05:30,0.2109,0.3256,22,10.0,0.0,39.47,,1,0.782,,0,1,0,1,0,1,2025-03-10 11:10:00+05:30,2025-03-10 11:15:00+05:30,2025-03-10 12:35:00+05:30,1479.3,1473.7196428571428,1489.3446428571428,-5.5804,L
S343,CIPLA,2025-03-10 11:25:00+05:30,0.127,0.2109,1,1.0,0.1861,8.0,1.5806,0,0.4789,,0,0,0,1,0,1,2025-03-10 11:25:00+05:30,2025-03-10 11:30:00+05:30,2025-03-10 12:30:00+05:30,1479.6,1474.3946428571428,1488.9696428571428,-5.2054,L
S344,CIPLA,2025-03-10 11:55:00+05:30,0.0343,0.0656,5,4.0,0.0229,51.72,19.0,0,0.571,,0,0,1,1,0,1,2025-03-10 11:55:00+05:30,2025-03-10 12:00:00+05:30,2025-03-10 12:15:00+05:30,1480.0,1477.0,1485.4,-3.0,L
S345,CIPLA,2025-03-11 09:50:00+05:30,-0.2757,,0,,0.3395,52.17,-0.5687,0,0.442,0.0,3,1,0,0,3,4,2025-03-11 10:05:00+05:30,2025-03-11 10:10:00+05:30,2025-03-11 12:35:00+05:30,1456.9,1443.239285714286,1481.489285714286,-13.6607,L
S346,CIPLA,2025-03-11 10:25:00+05:30,-0.1226,-0.096,0,,0.8106,28.36,-0.7843,0,0.5457,1.0,3,0,1,0,3,4,2025-03-11 10:40:00+05:30,2025-03-11 10:45:00+05:30,2025-03-11 13:00:00+05:30,1453.6,1441.448214285714,1475.4732142857142,-12.1518,L
S347,CIPLA,2025-03-11 10:50:00+05:30,-0.1802,-0.1904,0,,0.0692,81.31,1.0,0,0.3853,,0,0,1,1,0,1,2025-03-11 10:50:00+05:30,2025-03-11 10:55:00+05:30,2025-03-11 12:25:00+05:30,1455.65,1445.7214285714288,1473.5214285714285,-9.9286,L
S348,CIPLA,2025-03-11 11:15:00+05:30,0.1808,-0.0098,4,3.0,0.4011,90.67,-0.7504,0,1.2447,1.0,3,0,0,0,3,4,2025-03-11 11:30:00+05:30,2025-03-11 11:35:00+05:30,2025-03-11 12:35:00+05:30,1453.95,1445.2089285714287,1469.6839285714286,-8.7411,L
S349,CIPLA,2025-03-11 13:25:00+05:30,-0.2041,-0.1921,0,,2.2913,29.63,-0.8821,0,0.4719,1.0,3,0,1,0,3,4,2025-03-11 13:40:00+05:30,2025-03-11 13:45:00+05:30,2025-03-11 15:00:00+05:30,1445.05,1439.4964285714284,1455.0464285714286,2.35,EOD+
S350,CIPLA,2025-03-12 09:15:00+05:30,,,0,,3.3545,2.27,-0.5607,0,0.3055,0.0,2,1,1,0,2,3,2025-03-12 09:25:00+05:30,2025-03-12 09:30:00+05:30,2025-03-12 11:00:00+05:30,1447.35,1440.5642857142857,1459.5642857142857,-6.7857,L
S351,CIPLA,2025-03-12 09:35:00+05:30,,,0,,0.963,65.68,-0.3552,0,0.523,,0,0,0,1,0,1,2025-03-12 09:35:00+05:30,2025-03-12 09:40:00+05:30,2025-03-12 11:00:00+05:30,1451.1,1440.8321428571428,1469.5821428571428,-10.2679,L
S352,CIPLA,2025-03-12 09:45:00+05:30,0.0187,,0,,0.6571,78.48,-0.4677,0,0.4142,,0,0,0,1,0,1,2025-03-12 09:45:00+05:30,2025-03-12 09:50:00+05:30,2025-03-12 11:05:00+05:30,1451.5,1439.705357142857,1472.7303571428572,-11.7946,L
S353,CIPLA,2025-03-12 10:15:00+05:30,0.0772,0.0698,5,3.0,0.0673,6.78,5.4286,0,0.4914,,0,0,0,1,0,1,2025-03-12 10:15:00+05:30,2025-03-12 10:20:00+05:30,2025-03-12 15:00:00+05:30,1450.55,1437.5410714285713,1473.9660714285717,-1.85,EOD-
S354,CIPLA,2025-03-12 11:30:00+05:30,-0.0721,-0.0601,0,,0.4839,14.71,-0.8496,0,1.1062,1.0,3,0,0,0,3,4,2025-03-12 11:45:00+05:30,2025-03-12 11:50:00+05:30,2025-03-12 15:00:00+05:30,1447.05,1438.4607142857144,1462.510714285714,1.65,EOD+
S355,CIPLA,2025-03-12 11:55:00+05:30,-0.1296,-0.1194,1,1.0,0.3806,71.67,-0.845,0,0.2547,0.0,2,0,1,0,2,3,2025-03-12 12:05:00+05:30,2025-03-12 12:10:00+05:30,2025-03-12 15:00:00+05:30,1446.65,1438.176785714286,1461.9017857142858,2.05,EOD+
S356,CIPLA,2025-03-12 12:25:00+05:30,0.0344,-0.0208,3,3.0,0.0024,46.27,159.0,0,1.2407,,0,0,1,1,0,1,2025-03-12 12:25:00+05:30,2025-03-12 12:30:00+05:30,2025-03-12 15:00:00+05:30,1446.75,1438.9285714285716,1460.8285714285714,1.95,EOD+
S357,CIPLA,2025-03-12 12:35:00+05:30,0.0081,0.0241,0,,0.7197,63.51,-0.789,0,0.7765,0.0,1,0,0,0,1,2,2025-03-12 12:40:00+05:30,2025-03-12 12:45:00+05:30,2025-03-12 15:00:00+05:30,1445.0,1436.767857142857,1459.817857142857,3.7,EOD+
S358,CIPLA,2025-03-12 12:50:00+05:30,0.0476,0.0081,0,,0.1038,100.0,-1.0,0,0.327,,0,0,1,1,0,1,2025-03-12 12:50:00+05:30,2025-03-12 12:55:00+05:30,2025-03-12 15:00:00+05:30,1447.15,1440.0428571428572,1459.9428571428573,1.55,EOD+
S359,CIPLA,2025-03-12 13:40:00+05:30,0.1089,0.1347,9,3.0,0.0144,0.0,17.8235,0,0.7791,,0,0,1,1,0,1,2025-03-12 13:40:00+05:30,2025-03-12 13:45:00+05:30,2025-03-12 15:00:00+05:30,1449.0,1441.6339285714284,1462.258928571429,-0.3,EOD-
S360,CIPLA,2025-03-12 13:50:00+05:30,0.0551,0.131,0,,0.4484,4.35,-0.7959,0,0.5977,0.0,2,0,0,0,2,3,2025-03-12 14:00:00+05:30,2025-03-12 14:05:00+05:30,2025-03-12 15:00:00+05:30,1448.3,1441.4696428571428,1460.5946428571428,0.4,EOD+
S361,CIPLA,2025-03-13 09:15:00+05:30,,,0,,1.3161,30.66,0.3271,0,1.489,,0,1,0,1,0,1,2025-03-13 09:15:00+05:30,2025-03-13 09:20:00+05:30,2025-03-13 15:00:00+05:30,1452.05,1442.9607142857142,1468.4107142857142,8.05,EOD+
S362,CIPLA,2025-03-13 09:40:00+05:30,0.147,,4,3.0,0.0042,60.64,39.0,0,0.581,,0,1,0,1,0,1,2025-03-13 09:40:00+05:30,2025-03-13 09:45:00+05:30,2025-03-13 15:00:00+05:30,1456.6,1444.6089285714286,1478.1839285714284,3.5,EOD+
S363,CIPLA,2025-03-13 10:55:00+05:30,0.1291,0.1237,14,8.0,0.0044,53.7,55.0,0,0.4671,,0,0,1,1,0,1,2025-03-13 10:55:00+05:30,2025-03-13 11:00:00+05:30,2025-03-13 15:00:00+05:30,1460.95,1453.9053571428572,1473.6303571428573,-0.85,EOD-
S364,CIPLA,2025-03-13 11:40:00+05:30,0.028,0.0942,0,,1.6417,81.36,-0.8534,0,1.0072,0.0,3,0,0,0,3,4,2025-03-13 11:55:00+05:30,2025-03-13 12:00:00+05:30,2025-03-13 15:00:00+05:30,1461.05,1455.3357142857142,1471.3357142857142,-0.95,EOD-
S365,CIPLA,2025-03-13 12:05:00+05:30,-0.0382,-0.0282,0,,0.133,44.44,1.0339,0,0.5783,,0,0,1,1,0,1,2025-03-13 12:05:00+05:30,2025-03-13 12:10:00+05:30,2025-03-13 15:00:00+05:30,1461.5,1455.955357142857,1471.480357142857,-1.4,EOD-
S366,CIPLA,2025-03-13 12:25:00+05:30,0.014,-0.0188,0,,0.4132,20.0,-0.5294,0,0.5731,1.0,3,0,1,0,3,4,2025-03-13 12:40:00+05:30,2025-03-13 12:45:00+05:30,2025-03-13 15:00:00+05:30,1462.45,1457.307142857143,1471.7071428571428,-2.35,EOD-
S367,CIPLA,2025-03-13 13:05:00+05:30,0.0216,-0.0048,4,2.0,0.1791,78.57,0.2676,0,0.5913,,0,0,1,1,0,1,2025-03-13 13:05:00+05:30,2025-03-13 13:10:00+05:30,2025-03-13 15:00:00+05:30,1461.75,1456.794642857143,1470.669642857143,-1.65,EOD-
S368,CIPLA,2025-03-13 13:15:00+05:30,0.0345,0.0205,0,,0.6853,6.98,-0.0272,0,0.7638,,0,0,1,1,0,1,2025-03-13 13:15:00+05:30,2025-03-13 13:20:00+05:30,2025-03-13 15:00:00+05:30,1461.95,1457.2625,1470.3875,-1.85,EOD-
S369,CIPLA,2025-03-13 13:25:00+05:30,0.0325,0.0277,1,1.0,0.5791,22.73,0.5313,0,0.9292,,0,1,0,1,0,1,2025-03-13 13:25:00+05:30,2025-03-13 13:30:00+05:30,2025-03-13 15:00:00+05:30,1462.85,1458.198214285714,1471.2232142857142,-2.75,EOD-
S370,CIPLA,2025-03-13 13:35:00+05:30,0.0403,0.0316,0,,0.136,85.71,-1.0,0,0.6462,,0,0,1,1,0,1,2025-03-13 13:35:00+05:30,2025-03-13 13:40:00+05:30,2025-03-13 15:00:00+05:30,1462.9,1458.2125,1471.3375,-2.8,EOD-
S371,CIPLA,2025-03-13 13:45:00+05:30,0.0289,0.0357,1,1.0,0.0377,67.65,7.1481,0,0.8455,,0,0,1,1,0,1,2025-03-13 13:45:00+05:30,2025-03-13 13:50:00+05:30,2025-03-13 15:00:00+05:30,1462.85,1458.3767857142857,1470.9017857142858,-2.75,EOD-
S372,CIPLA,2025-03-13 13:55:00+05:30,0.0111,0.0318,0,,0.1963,3.45,-1.0,0,0.9672,0.0,1,0,1,0,1,2,2025-03-13 14:00:00+05:30,2025-03-13 14:05:00+05:30,2025-03-13 15:00:00+05:30,1463.85,1459.5196428571428,1471.6446428571428,-3.75,EOD-
S373,CIPLA,2025-03-13 14:10:00+05:30,0.0226,0.0111,0,,0.3485,14.81,0.5063,0,1.3958,,0,1,0,1,0,1,2025-03-13 14:10:00+05:30,2025-03-13 14:15:00+05:30,2025-03-13 15:00:00+05:30,1463.4,1459.114285714286,1471.114285714286,-3.3,EOD-
S374,CIPLA,2025-03-13 14:20:00+05:30,0.0294,0.0198,0,,1.0456,44.74,-0.4068,0,2.1383,,0,0,0,1,0,1,2025-03-13 14:20:00+05:30,2025-03-13 14:25:00+05:30,2025-03-13 15:00:00+05:30,1462.9,1458.6678571428572,1470.517857142857,-2.8,EOD-
S375,CIPLA,2025-03-17 09:15:00+05:30,,,0,,2.052,79.75,-0.4204,0,2.0045,,0,1,1,1,0,1,2025-03-17 09:15:00+05:30,2025-03-17 09:20:00+05:30,2025-03-17 09:40:00+05:30,1479.15,1470.4267857142856,1494.851785714286,15.7018,W
S376,CIPLA,2025-03-17 10:50:00+05:30,0.4803,0.4821,18,13.0,0.1184,34.21,1.449,0,0.2659,,0,0,1,1,0,1,2025-03-17 10:50:00+05:30,2025-03-17 10:55:00+05:30,2025-03-17 15:00:00+05:30,1491.3,1480.9517857142855,1509.926785714286,-5.25,EOD-
S377,CIPLA,2025-03-17 11:15:00+05:30,0.1126,0.3679,3,2.0,0.4735,67.57,-0.6296,0,0.6825,1.0,3,0,1,0,3,4,2025-03-17 11:30:00+05:30,2025-03-17 11:35:00+05:30,2025-03-17 15:00:00+05:30,1492.9,1484.3464285714283,1508.2964285714288,-6.85,EOD-
S378,CIPLA,2025-03-17 11:55:00+05:30,0.0442,-0.0127,4,3.0,0.2901,29.17,1.2378,0,1.0236,,0,1,0,1,0,1,2025-03-17 11:55:00+05:30,2025-03-17 12:00:00+05:30,2025-03-17 12:25:00+05:30,1494.8,1488.6392857142855,1505.8892857142855,-6.1607,L
S379,CIPLA,2025-03-17 12:05:00+05:30,0.0658,0.0206,1,1.0,0.0674,54.0,2.6923,0,0.78,,0,0,0,1,0,1,2025-03-17 12:05:00+05:30,2025-03-17 12:10:00+05:30,2025-03-17 12:35:00+05:30,1493.5,1487.4732142857144,1504.3482142857142,-6.0268,L
S380,CIPLA,2025-03-17 13:05:00+05:30,-0.0632,-0.0923,0,,1.5265,17.95,-0.6143,0,0.772,1.0,3,0,1,0,3,4,2025-03-17 13:20:00+05:30,2025-03-17 13:25:00+05:30,2025-03-17 14:55:00+05:30,1492.45,1486.7178571428572,1502.767857142857,-5.7321,L
S381,CIPLA,2025-03-17 14:05:00+05:30,-0.0007,-0.0361,7,4.0,0.2096,27.66,3.4898,0,1.0259,,0,0,0,1,0,1,2025-03-17 14:05:00+05:30,2025-03-17 14:10:00+05:30,2025-03-17 14:45:00+05:30,1492.45,1488.0660714285716,1500.3410714285712,-4.3839,L
S382,CIPLA,2025-03-17 14:20:00+05:30,0.0389,-0.0007,2,2.0,0.0518,30.0,7.4848,0,0.9188,,0,0,1,1,0,1,2025-03-17 14:20:00+05:30,2025-03-17 14:25:00+05:30,2025-03-17 14:55:00+05:30,1491.15,1487.1678571428574,1498.317857142857,-3.9821,L
S383,CIPLA,2025-03-18 10:30:00+05:30,0.2428,0.2737,15,7.0,0.3479,53.66,-0.24,0,0.9792,1.0,1,0,0,0,1,2,2025-03-18 10:35:00+05:30,2025-03-18 10:40:00+05:30,2025-03-18 15:00:00+05:30,1507.25,1498.267857142857,1523.417857142857,-2.5,EOD-
S384,CIPLA,2025-03-18 10:50:00+05:30,0.2212,0.2365,2,1.0,0.6533,71.3,-0.4552,0,0.8164,0.0,2,0,0,0,2,3,2025-03-18 11:00:00+05:30,2025-03-18 11:05:00+05:30,2025-03-18 15:00:00+05:30,1506.4,1497.9714285714288,1521.5714285714284,-1.65,EOD-
S385,CIPLA,2025-03-18 11:10:00+05:30,0.0577,0.186,0,,0.0257,12.0,12.1034,0,0.4772,,0,0,1,1,0,1,2025-03-18 11:10:00+05:30,2025-03-18 11:15:00+05:30,2025-03-18 14:10:00+05:30,1507.75,1500.6875,1520.4625,-7.0625,L
S386,CIPLA,2025-03-18 11:25:00+05:30,0.0111,0.0577,2,2.0,0.2401,6.45,1.8856,0,0.6785,,0,0,0,1,0,1,2025-03-18 11:25:00+05:30,2025-03-18 11:30:00+05:30,2025-03-18 13:20:00+05:30,1507.5,1502.267857142857,1516.917857142857,-5.2321,L
S387,CIPLA,2025-03-18 11:55:00+05:30,0.0413,-0.0146,5,2.0,0.8844,13.95,0.2542,0,0.7118,,0,1,1,1,0,1,2025-03-18 11:55:00+05:30,2025-03-18 12:00:00+05:30,2025-03-18 13:15:00+05:30,1507.5,1503.330357142857,1515.0053571428573,-4.1696,L
S388,CIPLA,2025-03-18 12:05:00+05:30,0.0577,0.0232,0,,0.616,36.84,-0.7576,0,0.6702,1.0,1,0,0,0,1,2,2025-03-18 12:10:00+05:30,2025-03-18 12:15:00+05:30,2025-03-18 13:15:00+05:30,1507.95,1504.6017857142856,1513.9767857142858,-3.3482,L
S389,CIPLA,2025-03-18 12:20:00+05:30,0.0333,0.0577,1,1.0,1.2223,5.26,0.2609,0,1.2719,,0,0,0,1,0,1,2025-03-18 12:20:00+05:30,2025-03-18 12:25:00+05:30,2025-03-18 12:45:00+05:30,1508.05,1505.130357142857,1513.3053571428572,-2.9196,L
S390,CIPLA,2025-03-18 12:40:00+05:30,0.0212,0.0219,3,1.0,0.5297,86.49,-0.8571,0,0.3717,0.0,3,1,1,0,3,4,2025-03-18 12:55:00+05:30,2025-03-18 13:00:00+05:30,2025-03-18 13:15:00+05:30,1508.0,1504.696428571429,1513.946428571429,-3.3036,L
S391,CIPLA,2025-03-18 14:10:00+05:30,-0.1079,-0.0834,0,,2.5424,45.28,-0.7481,0,1.8082,0.0,3,0,0,0,3,4,2025-03-18 14:25:00+05:30,2025-03-18 14:30:00+05:30,2025-03-18 15:00:00+05:30,1503.9,1499.6053571428574,1511.630357142857,0.85,EOD+
S392,CIPLA,2025-03-19 09:15:00+05:30,,,0,,1.3006,61.29,0.3317,0,1.475,,0,0,0,1,0,1,2025-03-19 09:15:00+05:30,2025-03-19 09:20:00+05:30,2025-03-19 09:25:00+05:30,1505.7,1497.9053571428572,1519.7303571428572,-7.7946,L
S393,CIPLA,2025-03-19 10:00:00+05:30,-0.0086,-0.0341,0,,0.2014,9.09,-0.746,0,0.2802,0.0,3,0,1,0,3,4,2025-03-19 10:15:00+05:30,2025-03-19 10:20:00+05:30,2025-03-19 15:00:00+05:30,1506.5,1496.7232142857142,1524.0982142857142,-6.75,EOD-
S394,CIPLA,2025-03-19 11:00:00+05:30,-0.1109,-0.1329,0,,0.8008,30.95,-0.6368,0,0.5575,0.0,3,0,0,0,3,4,2025-03-19 11:15:00+05:30,2025-03-19 11:20:00+05:30,2025-03-19 15:00:00+05:30,1502.75,1496.303571428571,1514.3535714285715,-3.0,EOD-
S395,CIPLA,2025-03-19 11:40:00+05:30,-0.0238,0.0314,0,,0.4877,9.52,-0.9383,0,0.6595,0.0,3,0,0,0,3,4,2025-03-19 11:55:00+05:30,2025-03-19 12:00:00+05:30,2025-03-19 15:00:00+05:30,1503.3,1499.1482142857142,1510.7732142857144,-4.1518,L
S396,CIPLA,2025-03-19 12:05:00+05:30,-0.0473,-0.0243,1,1.0,0.8131,88.46,-0.9565,0,0.7718,0.0,1,0,1,0,1,2,2025-03-19 12:10:00+05:30,2025-03-19 12:15:00+05:30,2025-03-19 15:00:00+05:30,1501.6,1498.0642857142857,1507.9642857142858,-1.85,EOD-
S397,CIPLA,2025-03-19 12:30:00+05:30,0.0083,-0.0353,0,,1.1053,96.15,-0.9683,0,1.0908,0.0,3,1,1,0,3,4,2025-03-19 12:45:00+05:30,2025-03-19 12:50:00+05:30,2025-03-19 15:00:00+05:30,1502.4,1498.8375,1508.8125000000002,-3.5625,L
S398,CIPLA,2025-03-19 13:00:00+05:30,0.0023,-0.0007,2,1.0,0.1951,81.48,-0.1597,0,1.171,1.0,1,0,0,0,1,2,2025-03-19 13:05:00+05:30,2025-03-19 13:10:00+05:30,2025-03-19 15:00:00+05:30,1502.0,1498.1875,1508.8625000000002,-2.25,EOD-
S399,CIPLA,2025-03-19 13:45:00+05:30,0.0316,0.0479,7,6.0,0.2582,78.95,-0.1111,0,1.378,1.0,3,0,0,0,3,4,2025-03-19 14:00:00+05:30,2025-03-19 14:05:00+05:30,2025-03-19 15:00:00+05:30,1503.0,1498.642857142857,1510.8428571428572,-4.3571,L
S400,CIPLA,2025-03-21 12:05:00+05:30,-0.0166,-0.0011,0,,1.8836,78.95,-0.9478,0,1.8396,1.0,3,0,0,0,3,4,2025-03-21 12:20:00+05:30,2025-03-21 12:25:00+05:30,2025-03-21 13:15:00+05:30,1524.2,1520.3874999999998,1531.0625000000005,-3.8125,L
S401,CIPLA,2025-03-21 14:05:00+05:30,-0.0767,-0.0483,0,,1.1975,12.0,-0.9577,0,1.4099,1.0,3,1,0,0,3,4,2025-03-21 14:20:00+05:30,2025-03-21 14:25:00+05:30,2025-03-21 15:00:00+05:30,1522.4,1517.4625,1531.2875,-4.9375,L
S402,CIPLA,2025-03-24 09:15:00+05:30,,,0,,0.9934,1.69,0.7927,0,0.4553,,0,0,0,1,0,1,2025-03-24 09:15:00+05:30,2025-03-24 09:20:00+05:30,2025-03-24 15:00:00+05:30,1524.85,1513.198214285714,1545.823214285714,-0.55,EOD-
S403,CIPLA,2025-03-24 09:35:00+05:30,,,0,,1.0286,69.6,-0.9918,0,0.084,0.0,3,1,0,0,3,4,2025-03-24 09:50:00+05:30,2025-03-24 09:55:00+05:30,2025-03-24 15:00:00+05:30,1524.05,1509.2732142857142,1550.6482142857144,0.25,EOD+
S404,CIPLA,2025-03-24 10:10:00+05:30,0.0197,-0.0123,3,3.0,0.2242,54.55,-0.7046,0,0.0492,1.0,3,0,1,0,3,4,2025-03-24 10:25:00+05:30,2025-03-24 10:30:00+05:30,2025-03-24 15:00:00+05:30,1521.05,1507.8357142857142,1544.8357142857144,3.25,EOD+
S405,CIPLA,2025-03-24 11:50:00+05:30,0.1729,0.2065,15,4.0,0.1271,75.76,1.2222,0,2.3396,,0,0,0,1,0,1,2025-03-24 11:50:00+05:30,2025-03-24 11:55:00+05:30,2025-03-24 12:45:00+05:30,1530.0,1523.803571428571,1541.1535714285717,-6.1964,L
S406,CIPLA,2025-03-24 12:00:00+05:30,0.1653,0.1815,0,,0.6519,60.47,-0.9037,0,1.0492,1.0,2,0,1,0,2,3,2025-03-24 12:10:00+05:30,2025-03-24 12:15:00+05:30,2025-03-24 12:40:00+05:30,1532.0,1526.0267857142858,1542.7517857142857,-5.9732,L
S407,CIPLA,2025-03-24 12:20:00+05:30,0.1028,0.1581,1,1.0,0.6481,88.37,-0.843,0,0.4108,0.0,1,0,1,0,1,2,2025-03-24 12:25:00+05:30,2025-03-24 12:30:00+05:30,2025-03-24 12:35:00+05:30,1533.0,1526.857142857143,1544.057142857143,-6.1429,L
S408,CIPLA,2025-03-24 13:55:00+05:30,-0.1374,-0.1376,0,,1.0359,41.18,-0.7598,0,1.1251,1.0,3,1,0,0,3,4,2025-03-24 14:10:00+05:30,2025-03-24 14:15:00+05:30,2025-03-24 15:00:00+05:30,1523.6,1518.073214285714,1533.5482142857145,0.7,EOD+
S409,CIPLA,2025-03-25 09:15:00+05:30,,,0,,0.6569,34.76,0.9699,0,1.5159,,0,0,0,1,0,1,2025-03-25 09:15:00+05:30,2025-03-25 09:20:00+05:30,2025-03-25 09:20:00+05:30,1525.0,1518.044642857143,1537.519642857143,-6.9554,L
S410,CIPLA,2025-03-25 09:40:00+05:30,-0.1071,,0,,1.3036,28.42,-0.7264,0,0.6107,1.0,3,0,0,0,3,4,2025-03-25 09:55:00+05:30,2025-03-25 10:00:00+05:30,2025-03-25 14:45:00+05:30,1522.65,1511.4357142857143,1542.8357142857144,-11.2143,L
S411,CIPLA,2025-03-25 11:35:00+05:30,-0.0792,0.0115,0,,1.7706,53.19,-1.0,0,1.082,0.0,3,0,1,0,3,4,2025-03-25 11:50:00+05:30,2025-03-25 11:55:00+05:30,2025-03-25 15:00:00+05:30,1516.95,1511.3339285714287,1527.0589285714286,-3.3,EOD-
S412,CIPLA,2025-03-25 13:30:00+05:30,0.1015,0.0805,18,9.0,0.6208,10.87,0.387,0,1.8228,,0,0,0,1,0,1,2025-03-25 13:30:00+05:30,2025-03-25 13:35:00+05:30,2025-03-25 14:25:00+05:30,1520.05,1515.5499999999995,1528.15,-4.5,L
S413,CIPLA,2025-03-25 13:40:00+05:30,0.0674,0.1053,0,,0.0819,27.27,3.6667,0,0.9134,,0,1,1,1,0,1,2025-03-25 13:40:00+05:30,2025-03-25 13:45:00+05:30,2025-03-25 14:10:00+05:30,1520.95,1516.3696428571427,1529.194642857143,-4.5804,L
S414,CIPLA,2025-03-26 13:00:00+05:30,-0.1947,-0.2499,0,,2.4175,31.91,-0.7885,0,0.9974,1.0,3,0,1,0,3,4,2025-03-26 13:15:00+05:30,2025-03-26 13:20:00+05:30,2025-03-26 15:00:00+05:30,1484.65,1478.7839285714283,1495.2089285714287,-5.8661,L
S415,CIPLA,2025-03-26 13:25:00+05:30,-0.1449,-0.1829,0,,0.6437,48.84,-0.682,0,0.7857,1.0,1,0,0,0,1,2,2025-03-26 13:30:00+05:30,2025-03-26 13:35:00+05:30,2025-03-26 15:00:00+05:30,1483.55,1477.442857142857,1494.5428571428572,-6.1071,L
S416,CIPLA,2025-03-26 13:40:00+05:30,-0.089,-0.1449,0,,1.0346,19.05,-0.4439,0,0.6719,1.0,3,0,1,0,3,4,2025-03-26 13:55:00+05:30,2025-03-26 14:00:00+05:30,2025-03-26 15:00:00+05:30,1483.2,1477.3339285714285,1493.758928571429,-5.8661,L
S417,CIPLA,2025-03-27 09:15:00+05:30,,,0,,5.3252,74.64,-0.8681,0,0.4476,0.0,3,0,0,0,3,4,2025-03-27 09:30:00+05:30,2025-03-27 09:35:00+05:30,2025-03-27 12:00:00+05:30,1480.45,1472.2625,1495.1875000000002,-8.1875,L
S418,CIPLA,2025-03-27 09:40:00+05:30,-0.0676,,0,,0.5192,83.33,-0.5726,0,0.3857,,0,0,1,1,0,1,2025-03-27 09:40:00+05:30,2025-03-27 09:45:00+05:30,2025-03-27 12:40:00+05:30,1482.5,1471.232142857143,1502.7821428571428,-11.2679,L
S419,CIPLA,2025-03-27 10:30:00+05:30,0.0627,0.0585,9,3.0,0.0265,65.12,11.973,0,0.3563,,0,0,0,1,0,1,2025-03-27 10:30:00+05:30,2025-03-27 10:35:00+05:30,2025-03-27 12:00:00+05:30,1481.4,1472.6678571428572,1497.1178571428572,-8.7321,L
S420,CIPLA,2025-03-27 12:05:00+05:30,-0.1734,-0.1435,0,,2.4591,7.69,-0.7376,0,3.7574,1.0,3,0,0,0,3,4,2025-03-27 12:20:00+05:30,2025-03-27 12:25:00+05:30,2025-03-27 12:40:00+05:30,1476.0,1471.544642857143,1484.0196428571428,-4.4554,L
S421,CIPLA,2025-03-27 12:30:00+05:30,-0.0839,-0.1622,0,,0.6429,20.69,-0.5753,0,0.8633,1.0,1,1,1,0,1,2,2025-03-27 12:35:00+05:30,2025-03-27 12:40:00+05:30,2025-03-27 12:40:00+05:30,1475.65,1470.614285714286,1484.7142857142858,-5.0357,L
S422,CIPLA,2025-03-27 14:10:00+05:30,-0.11,-0.0902,0,,0.9077,53.85,-0.9703,0,0.9406,0.0,3,0,1,0,3,4,2025-03-27 14:25:00+05:30,2025-03-27 14:30:00+05:30,2025-03-27 15:00:00+05:30,1469.0,1464.3660714285716,1477.3410714285717,8.3411,W
S423,CIPLA,2025-03-28 10:20:00+05:30,-0.2994,-0.3084,0,,1.8348,33.04,-0.7985,0,0.4124,1.0,3,1,0,0,3,4,2025-03-28 10:35:00+05:30,2025-03-28 10:40:00+05:30,2025-03-28 13:55:00+05:30,1463.65,1448.0964285714283,1491.6464285714287,-15.5536,L
S424,CIPLA,2025-03-28 11:25:00+05:30,0.0772,-0.0863,9,4.0,0.3211,68.12,-0.0887,0,0.8085,0.0,1,0,0,0,1,2,2025-03-28 11:30:00+05:30,2025-03-28 11:35:00+05:30,2025-03-28 12:30:00+05:30,1460.0,1451.883928571429,1474.6089285714286,-8.1161,L
S425,CIPLA,2025-03-28 11:40:00+05:30,0.1028,0.0772,1,1.0,0.4664,44.19,-0.1497,0,0.4808,0.0,1,1,1,0,1,2,2025-03-28 11:45:00+05:30,2025-03-28 11:50:00+05:30,2025-03-28 12:30:00+05:30,1460.35,1453.1,1473.4,-7.25,L
S426,CIPLA,2025-03-28 11:55:00+05:30,0.1479,0.1028,0,,0.1773,12.5,0.3472,0,0.6894,,0,0,1,1,0,1,2025-03-28 11:55:00+05:30,2025-03-28 12:00:00+05:30,2025-03-28 12:30:00+05:30,1461.0,1454.196428571429,1473.2464285714286,-6.8036,L
S427,CIPLA,2025-03-28 13:20:00+05:30,-0.1375,-0.147,0,,1.859,37.25,-0.7222,0,2.2332,1.0,3,0,0,0,3,4,2025-03-28 13:35:00+05:30,2025-03-28 13:40:00+05:30,2025-03-28 13:55:00+05:30,1455.0,1448.4642857142858,1466.7642857142855,-6.5357,L
S428,CIPLA,2025-04-01 09:15:00+05:30,,,0,,2.897,34.86,-0.2772,0,1.8139,,0,0,0,1,0,1,2025-04-01 09:15:00+05:30,2025-04-01 09:20:00+05:30,2025-04-01 15:00:00+05:30,1445.85,1434.4482142857144,1466.373214285714,-4.65,EOD-
S429,CIPLA,2025-04-01 10:20:00+05:30,0.288,0.287,12,1.0,0.0977,49.47,5.8182,0,0.5553,,0,0,0,1,0,1,2025-04-01 10:20:00+05:30,2025-04-01 10:25:00+05:30,2025-04-01 14:05:00+05:30,1455.85,1438.9660714285712,1486.241071428571,-16.8839,L
S430,CIPLA,2025-04-01 11:00:00+05:30,0.2142,0.271,0,,0.634,42.25,-0.8668,0,0.2622,0.0,3,1,1,0,3,4,2025-04-01 11:15:00+05:30,2025-04-01 11:20:00+05:30,2025-04-01 13:40:00+05:30,1458.5,1446.6607142857142,1479.8107142857143,-11.8393,L
S431,CIPLA,2025-04-01 11:25:00+05:30,0.0698,0.1274,0,,0.0719,1.82,5.25,0,0.8329,,0,0,1,1,0,1,2025-04-01 11:25:00+05:30,2025-04-01 11:30:00+05:30,2025-04-01 12:55:00+05:30,1459.95,1448.8160714285714,1479.9910714285716,-11.1339,L
S432,CIPLA,2025-04-01 11:35:00+05:30,0.0319,0.0787,0,,0.2594,0.0,-0.4885,0,0.4955,1.0,2,1,1,0,2,3,2025-04-01 11:45:00+05:30,2025-04-01 11:50:00+05:30,2025-04-01 12:50:00+05:30,1458.55,1449.130357142857,1475.5053571428573,-9.4196,L
S433,CIPLA,2025-04-01 11:55:00+05:30,-0.0696,0.0099,0,,0.1448,3.03,0.519,0,0.6086,,0,0,1,1,0,1,2025-04-01 11:55:00+05:30,2025-04-01 12:00:00+05:30,2025-04-01 12:20:00+05:30,1457.2,1450.3785714285714,1469.4785714285715,-6.8214,L
S434,CIPLA,2025-04-01 12:10:00+05:30,-0.0832,-0.0696,0,,1.7199,32.61,-0.8495,0,0.7339,1.0,3,0,0,0,3,4,2025-04-01 12:25:00+05:30,2025-04-01 12:30:00+05:30,2025-04-01 12:50:00+05:30,1456.45,1449.6910714285714,1468.6160714285716,-6.7589,L
S435,CIPLA,2025-04-02 09:15:00+05:30,,,0,,2.3987,28.53,-0.891,0,0.543,0.0,3,0,1,0,3,4,2025-04-02 09:30:00+05:30,2025-04-02 09:35:00+05:30,2025-04-02 15:00:00+05:30,1441.9,1429.4714285714288,1464.2714285714285,11.3,EOD+
S436,CIPLA,2025-04-02 10:20:00+05:30,-0.0825,-0.0904,0,,1.1984,91.6,-0.9352,0,0.3287,1.0,3,0,1,0,3,4,2025-04-02 10:35:00+05:30,2025-04-02 10:40:00+05:30,2025-04-02 15:00:00+05:30,1439.65,1423.5607142857143,1468.6107142857145,13.55,EOD+
S437,CIPLA,2025-04-02 11:35:00+05:30,0.0911,0.0892,11,9.0,0.6288,78.95,-0.6911,0,0.8908,0.0,3,0,1,0,3,4,2025-04-02 11:50:00+05:30,2025-04-02 11:55:00+05:30,2025-04-02 12:40:00+05:30,1440.85,1433.1267857142857,1454.7517857142857,13.9018,W
S438,CIPLA,2025-04-02 12:05:00+05:30,0.113,0.0449,1,1.0,0.9081,44.79,0.0794,0,2.628,,0,0,1,1,0,1,2025-04-02 12:05:00+05:30,2025-04-02 12:10:00+05:30,2025-04-02 14:25:00+05:30,1444.5,1437.741071428571,1456.6660714285715,12.1661,W
S439,CIPLA,2025-04-02 13:35:00+05:30,0.1607,0.1558,17,11.0,0.5252,68.57,-0.6496,0,0.5599,1.0,1,0,0,0,1,2,2025-04-02 13:40:00+05:30,2025-04-02 13:45:00+05:30,2025-04-02 15:00:00+05:30,1448.65,1440.4982142857143,1463.3232142857144,4.55,EOD+
S440,CIPLA,2025-04-02 13:55:00+05:30,0.0504,0.141,0,,1.3013,66.0,-1.0,0,1.7545,1.0,3,0,0,0,3,4,2025-04-02 14:10:00+05:30,2025-04-02 14:15:00+05:30,2025-04-02 15:00:00+05:30,1450.1,1443.073214285714,1462.7482142857143,3.1,EOD+
S441,CIPLA,2025-04-03 10:45:00+05:30,0.7416,0.7142,18,17.0,0.5411,57.69,-0.5291,0,0.5566,1.0,2,0,1,0,2,3,2025-04-03 10:55:00+05:30,2025-04-03 11:00:00+05:30,2025-04-03 15:00:00+05:30,1499.45,1483.7535714285714,1527.7035714285714,-4.25,EOD-
S442,CIPLA,2025-04-03 11:05:00+05:30,0.1237,0.7379,1,1.0,0.4019,58.56,0.0698,0,0.4165,,0,0,1,1,0,1,2025-04-03 11:05:00+05:30,2025-04-03 11:10:00+05:30,2025-04-03 15:00:00+05:30,1496.3,1482.925,1520.375,-1.1,EOD-
S443,CIPLA,2025-04-03 11:15:00+05:30,-0.2437,0.3292,0,,1.2962,92.13,-0.9226,0,0.6645,0.0,3,0,1,0,3,4,2025-04-03 11:30:00+05:30,2025-04-03 11:35:00+05:30,2025-04-03 15:00:00+05:30,1496.3,1483.8357142857142,1518.7357142857145,-1.1,EOD-
S444,CIPLA,2025-04-03 12:15:00+05:30,0.0182,0.1297,8,6.0,0.2586,68.12,0.0753,0,0.6033,,0,0,1,1,0,1,2025-04-03 12:15:00+05:30,2025-04-03 12:20:00+05:30,2025-04-03 15:00:00+05:30,1499.85,1490.8589285714284,1516.0339285714283,-4.65,EOD-
S445,CIPLA,2025-04-03 12:25:00+05:30,0.0272,0.0513,0,,0.2031,54.29,0.1364,0,0.4213,,0,0,1,1,0,1,2025-04-03 12:25:00+05:30,2025-04-03 12:30:00+05:30,2025-04-03 15:00:00+05:30,1498.45,1490.325,1513.0750000000005,-3.25,EOD-
S446,CIPLA,2025-04-03 12:35:00+05:30,0.02,0.0129,0,,0.3688,48.57,-0.6107,0,0.5448,,0,0,1,1,0,1,2025-04-03 12:35:00+05:30,2025-04-03 12:40:00+05:30,2025-04-03 15:00:00+05:30,1497.85,1490.885714285714,1510.3857142857144,-2.65,EOD-
S447,CIPLA,2025-04-03 12:45:00+05:30,0.0038,0.0247,0,,0.8538,9.62,-0.1469,0,0.9406,1.0,1,0,0,0,1,2,2025-04-03 12:50:00+05:30,2025-04-03 12:55:00+05:30,2025-04-03 15:00:00+05:30,1499.2,1493.0214285714285,1510.321428571429,-4.0,EOD-
S448,CIPLA,2025-04-03 13:00:00+05:30,0.0792,0.0038,1,1.0,0.0067,0.0,79.0,0,0.5367,,0,0,1,1,0,1,2025-04-03 13:00:00+05:30,2025-04-03 13:05:00+05:30,2025-04-03 13:20:00+05:30,1500.0,1494.428571428571,1510.0285714285717,-5.5714,L
S449,CIPLA,2025-04-03 13:10:00+05:30,0.1152,0.0412,0,,0.0872,5.56,3.5333,0,0.5849,,0,0,1,1,0,1,2025-04-03 13:10:00+05:30,2025-04-03 13:15:00+05:30,2025-04-03 13:20:00+05:30,1499.95,1494.575,1509.6250000000002,-5.375,L
S450,CIPLA,2025-04-03 13:20:00+05:30,0.0365,0.1071,0,,2.1916,67.42,-0.7276,0,0.6106,0.0,2,0,1,0,2,3,2025-04-03 13:30:00+05:30,2025-04-03 13:35:00+05:30,2025-04-03 15:00:00+05:30,1500.05,1493.9785714285713,1510.9785714285715,-6.0714,L
S451,CIPLA,2025-04-03 13:40:00+05:30,-0.0402,-0.0105,0,,0.6311,14.71,-0.1888,0,0.6715,0.0,1,1,1,0,1,2,2025-04-03 13:45:00+05:30,2025-04-03 13:50:00+05:30,2025-04-03 15:00:00+05:30,1499.85,1493.5017857142857,1511.2767857142858,-4.65,EOD-
S452,CIPLA,2025-04-03 13:55:00+05:30,-0.0048,-0.0402,0,,0.5041,24.44,0.0156,0,0.8849,,0,1,0,1,0,1,2025-04-03 13:55:00+05:30,2025-04-03 14:00:00+05:30,2025-04-03 15:00:00+05:30,1498.7,1492.3517857142858,1510.126785714286,-3.5,EOD-
S453,CIPLA,2025-04-03 14:05:00+05:30,0.0053,0.0022,0,,0.6113,4.0,0.2142,0,3.4858,,0,0,0,1,0,1,2025-04-03 14:05:00+05:30,2025-04-03 14:10:00+05:30,2025-04-03 15:00:00+05:30,1499.1,1493.0375,1510.0124999999998,-3.9,EOD-
S454,CIPLA,2025-04-03 14:15:00+05:30,0.0085,-0.0002,0,,0.3961,92.5,-0.845,0,0.6569,,0,0,0,1,0,1,2025-04-03 14:15:00+05:30,2025-04-03 14:20:00+05:30,2025-04-03 15:00:00+05:30,1499.85,1493.742857142857,1510.8428571428572,-4.65,EOD-
S455,CIPLA,2025-04-04 11:15:00+05:30,-0.8608,-1.1699,0,,0.7664,5.41,-0.7881,0,0.4828,1.0,3,0,0,0,3,4,2025-04-04 11:30:00+05:30,2025-04-04 11:35:00+05:30,2025-04-04 15:00:00+05:30,1412.85,1391.2964285714286,1451.6464285714285,0.7,EOD+
S456,CIPLA,2025-04-04 11:40:00+05:30,-0.2335,-0.7161,1,1.0,0.0845,69.88,0.5111,0,0.2593,,0,0,0,1,0,1,2025-04-04 11:40:00+05:30,2025-04-04 11:45:00+05:30,2025-04-04 15:00:00+05:30,1414.55,1397.9071428571428,1444.507142857143,-1.0,EOD-
S457,CIPLA,2025-04-04 11:50:00+05:30,-0.0035,-0.401,1,1.0,0.0614,67.09,1.5,0,0.418,,0,0,1,1,0,1,2025-04-04 11:50:00+05:30,2025-04-04 11:55:00+05:30,2025-04-04 15:00:00+05:30,1415.0,1399.517857142857,1442.8678571428572,-1.45,EOD-
S458,CIPLA,2025-04-04 12:45:00+05:30,0.0224,0.0249,10,4.0,0.1264,23.08,1.6667,0,0.5935,,0,0,1,1,0,1,2025-04-04 12:45:00+05:30,2025-04-04 12:50:00+05:30,2025-04-04 13:45:00+05:30,1415.55,1408.130357142857,1428.9053571428572,-7.4196,L
S459,CIPLA,2025-04-04 12:55:00+05:30,0.0751,-0.0124,0,,0.2129,52.54,-0.6047,0,0.9298,,0,0,0,1,0,1,2025-04-04 12:55:00+05:30,2025-04-04 13:00:00+05:30,2025-04-04 13:30:00+05:30,1418.35,1410.9214285714284,1431.7214285714283,-7.4286,L
S460,CIPLA,2025-04-04 13:05:00+05:30,0.1394,0.03,0,,0.4733,47.83,-0.6709,0,0.5037,1.0,2,1,0,0,2,3,2025-04-04 13:15:00+05:30,2025-04-04 13:20:00+05:30,2025-04-04 13:30:00+05:30,1417.3,1410.0767857142855,1430.301785714286,-7.2232,L
S461,CIPLA,2025-04-04 14:15:00+05:30,-0.2039,-0.1998,0,,1.342,30.77,-0.7973,0,5.213,1.0,3,1,0,0,3,4,2025-04-04 14:30:00+05:30,2025-04-04 14:35:00+05:30,2025-04-04 14:45:00+05:30,1413.5,1406.607142857143,1425.9071428571428,-6.8929,L
S462,CIPLA,2025-04-07 10:10:00+05:30,-0.4739,-0.4346,0,,1.2943,85.0,-0.9541,0,0.3876,1.0,3,0,0,0,3,4,2025-04-07 10:25:00+05:30,2025-04-07 10:30:00+05:30,2025-04-07 15:00:00+05:30,1394.55,1362.9785714285713,1451.3785714285714,-15.15,EOD-
S463,CIPLA,2025-04-07 10:35:00+05:30,-0.4446,-0.4727,0,,0.6308,75.86,-0.6511,0,0.5764,1.0,1,0,0,0,1,2,2025-04-07 10:40:00+05:30,2025-04-07 10:45:00+05:30,2025-04-07 12:25:00+05:30,1394.65,1378.7482142857143,1423.2732142857142,-15.9018,L
S464,CIPLA,2025-04-07 13:35:00+05:30,-0.3813,-0.3616,0,,2.0563,66.67,-0.9534,0,1.222,1.0,3,0,0,0,3,4,2025-04-07 13:50:00+05:30,2025-04-07 13:55:00+05:30,2025-04-07 15:00:00+05:30,1376.55,1366.1214285714286,1395.3214285714284,2.85,EOD+
S465,CIPLA,2025-04-07 14:15:00+05:30,-0.0619,-0.1612,4,2.0,0.2031,38.18,1.0423,0,0.531,,0,0,1,1,0,1,2025-04-07 14:15:00+05:30,2025-04-07 14:20:00+05:30,2025-04-07 15:00:00+05:30,1375.35,1366.6089285714286,1391.0839285714285,4.05,EOD+
S466,CIPLA,2025-04-08 09:40:00+05:30,0.2659,,5,5.0,0.3731,65.67,0.0047,0,0.5414,,0,1,1,1,0,1,2025-04-08 09:40:00+05:30,2025-04-08 09:45:00+05:30,2025-04-08 11:30:00+05:30,1385.95,1371.6107142857145,1411.7607142857144,25.8107,W
S467,CIPLA,2025-04-08 13:40:00+05:30,0.2077,0.2734,0,,1.2175,48.45,-0.6493,0,0.6742,1.0,3,1,1,0,3,4,2025-04-08 13:55:00+05:30,2025-04-08 14:00:00+05:30,2025-04-08 15:00:00+05:30,1426.75,1418.258928571429,1442.0339285714283,4.2,EOD+
S468,CIPLA,2025-04-08 14:05:00+05:30,0.0828,0.1358,0,,0.0183,28.57,9.7692,0,0.7279,,0,1,1,1,0,1,2025-04-08 14:05:00+05:30,2025-04-08 14:10:00+05:30,2025-04-08 15:00:00+05:30,1426.9,1418.0339285714288,1442.8589285714286,4.05,EOD+
S469,CIPLA,2025-04-08 14:15:00+05:30,0.0496,0.0961,1,1.0,0.0982,60.42,1.3529,0,0.7233,,0,0,1,1,0,1,2025-04-08 14:15:00+05:30,2025-04-08 14:20:00+05:30,2025-04-08 15:00:00+05:30,1425.9,1417.2482142857143,1441.4732142857144,5.05,EOD+
S470,CIPLA,2025-04-09 10:30:00+05:30,-0.3556,-0.3215,0,,1.9474,7.14,-0.7953,0,0.1667,0.0,3,0,1,0,3,4,2025-04-09 10:45:00+05:30,2025-04-09 10:50:00+05:30,2025-04-09 15:00:00+05:30,1413.5,1400.642857142857,1436.642857142857,6.1,EOD+
S471,CIPLA,2025-04-09 10:55:00+05:30,-0.267,-0.3789,0,,0.4378,7.89,-0.7568,0,0.2873,1.0,2,0,1,0,2,3,2025-04-09 11:05:00+05:30,2025-04-09 11:10:00+05:30,2025-04-09 15:00:00+05:30,1412.65,1403.257142857143,1429.5571428571432,6.95,EOD+
S472,CIPLA,2025-04-09 11:45:00+05:30,0.0755,0.0649,6,2.0,0.0895,8.47,11.0,0,0.8573,,0,0,0,1,0,1,2025-04-09 11:45:00+05:30,2025-04-09 11:50:00+05:30,2025-04-09 12:00:00+05:30,1416.05,1410.1125,1426.7375,-5.9375,L
S473,CIPLA,2025-04-09 12:05:00+05:30,0.0076,0.073,0,,1.7388,38.64,-0.8208,0,3.9326,1.0,3,0,0,0,3,4,2025-04-09 12:20:00+05:30,2025-04-09 12:25:00+05:30,2025-04-09 15:00:00+05:30,1415.5,1409.080357142857,1427.0553571428572,4.1,EOD+
S474,CIPLA,2025-04-09 12:35:00+05:30,0.0318,0.0048,2,2.0,0.5152,44.62,-0.4711,0,0.8521,1.0,1,0,0,0,1,2,2025-04-09 12:40:00+05:30,2025-04-09 12:45:00+05:30,2025-04-09 15:00:00+05:30,1417.3,1409.9607142857142,1430.510714285714,2.3,EOD+
S475,CIPLA,2025-04-09 14:10:00+05:30,0.1111,0.1512,17,2.0,1.4346,74.52,-0.6608,0,3.144,1.0,1,0,0,0,1,2,2025-04-09 14:15:00+05:30,2025-04-09 14:20:00+05:30,2025-04-09 15:00:00+05:30,1419.5,1412.821428571429,1431.5214285714285,0.1,EOD+
S476,CIPLA,2025-04-09 14:25:00+05:30,0.0448,0.1111,0,,0.6707,30.49,-0.1715,0,2.8989,,0,0,0,1,0,1,2025-04-09 14:25:00+05:30,2025-04-09 14:30:00+05:30,2025-04-09 15:00:00+05:30,1418.5,1410.4017857142858,1433.0767857142855,1.1,EOD+
S477,CIPLA,2025-04-11 11:55:00+05:30,-0.2485,-0.287,0,,1.1049,9.43,-0.7264,0,1.3115,1.0,3,0,0,0,3,4,2025-04-11 12:10:00+05:30,2025-04-11 12:15:00+05:30,2025-04-11 15:00:00+05:30,1456.75,1447.241071428571,1473.8660714285716,4.25,EOD+
S478,CIPLA,2025-04-11 13:15:00+05:30,0.1837,0.169,12,5.0,0.4135,59.26,0.2364,0,0.8789,,0,0,1,1,0,1,2025-04-11 13:15:00+05:30,2025-04-11 13:20:00+05:30,2025-04-11 15:00:00+05:30,1459.05,1450.7375,1474.0125,1.95,EOD+
S479,CIPLA,2025-04-11 13:50:00+05:30,0.0784,0.0908,0,,1.6264,92.73,-0.9894,0,0.9992,1.0,3,0,0,0,3,4,2025-04-11 14:05:00+05:30,2025-04-11 14:10:00+05:30,2025-04-11 15:00:00+05:30,1460.25,1453.017857142857,1473.267857142857,0.75,EOD+
S480,CIPLA,2025-04-15 11:50:00+05:30,-0.2474,-0.2998,0,,1.0797,53.66,-0.9607,0,0.4924,0.0,3,0,1,0,3,4,2025-04-15 12:05:00+05:30,2025-04-15 12:10:00+05:30,2025-04-15 14:45:00+05:30,1468.0,1462.107142857143,1478.607142857143,10.6071,W
S481,CIPLA,2025-04-15 12:30:00+05:30,-0.0242,-0.0593,4,4.0,0.1408,8.7,3.5714,0,0.72,,0,0,0,1,0,1,2025-04-15 12:30:00+05:30,2025-04-15 12:35:00+05:30,2025-04-15 14:45:00+05:30,1467.9,1461.6857142857143,1479.0857142857144,11.1857,W
S482,CIPLA,2025-04-15 13:15:00+05:30,0.0429,0.028,8,3.0,0.0956,86.67,-1.0,0,0.9324,1.0,1,0,1,0,1,2,2025-04-15 13:20:00+05:30,2025-04-15 13:25:00+05:30,2025-04-15 14:00:00+05:30,1467.4,1462.9535714285714,1475.4035714285717,8.0036,W
S483,CIPLA,2025-04-16 09:15:00+05:30,,,0,,3.9072,54.36,-0.8073,0,0.6971,0.0,1,1,1,0,1,2,2025-04-16 09:20:00+05:30,2025-04-16 09:25:00+05:30,2025-04-16 09:30:00+05:30,1480.0,1471.0357142857142,1496.1357142857144,16.1357,W
S484,CIPLA,2025-04-16 10:45:00+05:30,0.1757,0.1987,15,8.0,0.1549,8.82,1.1138,0,0.1961,,0,0,1,1,0,1,2025-04-16 10:45:00+05:30,2025-04-16 10:50:00+05:30,2025-04-16 15:00:00+05:30,1492.3,1482.3714285714284,1510.1714285714286,2.7,EOD+
S485,CIPLA,2025-04-16 12:00:00+05:30,-0.0886,-0.0983,0,,1.0874,50.0,-0.7107,0,1.2375,1.0,3,0,1,0,3,4,2025-04-16 12:15:00+05:30,2025-04-16 12:20:00+05:30,2025-04-16 15:00:00+05:30,1492.7,1486.3428571428572,1504.142857142857,2.3,EOD+
S486,CIPLA,2025-04-16 12:55:00+05:30,0.0731,0.0734,7,6.0,0.1578,83.67,1.0513,0,0.9448,,0,1,1,1,0,1,2025-04-16 12:55:00+05:30,2025-04-16 13:00:00+05:30,2025-04-16 15:00:00+05:30,1492.5,1486.3214285714284,1503.6214285714289,2.5,EOD+
S487,CIPLA,2025-04-16 13:40:00+05:30,0.0204,0.0707,0,,1.1994,71.43,-0.9652,0,1.8693,1.0,3,1,0,0,3,4,2025-04-16 13:55:00+05:30,2025-04-16 14:00:00+05:30,2025-04-16 15:00:00+05:30,1496.6,1490.617857142857,1507.367857142857,-1.6,EOD-
S488,CIPLA,2025-04-17 09:15:00+05:30,,,0,,2.6928,5.41,0.2403,0,2.4058,,0,1,0,1,0,1,2025-04-17 09:15:00+05:30,2025-04-17 09:20:00+05:30,2025-04-17 13:05:00+05:30,1499.1,1490.117857142857,1515.267857142857,16.1679,W
S489,CIPLA,2025-04-17 09:30:00+05:30,,,2,1.0,0.0872,22.22,7.6111,0,0.7955,,0,0,0,1,0,1,2025-04-17 09:30:00+05:30,2025-04-17 09:35:00+05:30,2025-04-17 13:40:00+05:30,1499.0,1488.678571428571,1517.5785714285714,18.5786,W
S490,CIPLA,2025-04-17 10:10:00+05:30,0.1394,0.1102,7,6.0,0.2695,2.63,0.8251,0,0.5203,,0,1,0,1,0,1,2025-04-17 10:10:00+05:30,2025-04-17 10:15:00+05:30,2025-04-17 15:00:00+05:30,1500.6,1488.4035714285712,1522.5535714285716,18.2,EOD+
S491,CIPLA,2025-04-17 10:20:00+05:30,0.1114,0.1371,0,,0.3495,83.33,-0.8214,0,0.3958,,0,0,1,1,0,1,2025-04-17 10:20:00+05:30,2025-04-17 10:25:00+05:30,2025-04-17 15:00:00+05:30,1500.7,1488.682142857143,1522.332142857143,18.1,EOD+
S492,CIPLA,2025-04-17 10:55:00+05:30,0.0899,0.0996,6,2.0,0.1642,72.73,-0.1209,0,0.9036,1.0,2,0,0,0,2,3,2025-04-17 11:05:00+05:30,2025-04-17 11:10:00+05:30,2025-04-17 13:05:00+05:30,1503.0,1496.071428571429,1515.4714285714283,12.4714,W
S493,CIPLA,2025-04-17 12:20:00+05:30,0.1528,0.2014,14,8.0,0.1393,52.63,3.25,0,1.0244,,0,0,0,1,0,1,2025-04-17 12:20:00+05:30,2025-04-17 12:25:00+05:30,2025-04-17 15:00:00+05:30,1509.5,1502.321428571429,1522.4214285714286,9.3,EOD+
S494,CIPLA,2025-04-17 12:45:00+05:30,0.1612,0.1438,4,3.0,0.0962,5.0,5.383,0,0.4314,,0,0,1,1,0,1,2025-04-17 12:45:00+05:30,2025-04-17 12:50:00+05:30,2025-04-17 15:00:00+05:30,1512.0,1505.892857142857,1522.992857142857,6.8,EOD+
S495,CIPLA,2025-04-17 12:55:00+05:30,0.1456,0.154,0,,0.3098,13.33,-0.1111,0,0.3361,0.0,1,1,1,0,1,2,2025-04-17 13:00:00+05:30,2025-04-17 13:05:00+05:30,2025-04-17 14:35:00+05:30,1512.0,1506.553571428571,1521.803571428571,9.8036,W
S496,CIPLA,2025-04-21 09:25:00+05:30,,,0,,2.6483,69.64,-0.8336,0,0.2715,0.0,3,0,1,0,3,4,2025-04-21 09:40:00+05:30,2025-04-21 09:45:00+05:30,2025-04-21 15:00:00+05:30,1517.4,1507.7571428571428,1534.7571428571432,-4.3,EOD-
S497,CIPLA,2025-04-21 09:50:00+05:30,-0.0828,,0,,1.032,88.1,-1.0,0,0.4646,1.0,2,0,1,0,2,3,2025-04-21 10:00:00+05:30,2025-04-21 10:05:00+05:30,2025-04-21 15:00:00+05:30,1514.9,1502.4,1537.4000000000003,-1.8,EOD-
S498,CIPLA,2025-04-21 10:10:00+05:30,-0.1374,-0.0868,0,,0.4997,79.41,-0.7814,0,0.1854,0.0,3,0,1,0,3,4,2025-04-21 10:25:00+05:30,2025-04-21 10:30:00+05:30,2025-04-21 15:00:00+05:30,1513.0,1499.267857142857,1537.7178571428572,0.1,EOD+
S499,CIPLA,2025-04-21 13:05:00+05:30,-0.1107,-0.0405,0,,1.0912,18.75,-0.754,0,0.6262,0.0,3,0,0,0,3,4,2025-04-21 13:20:00+05:30,2025-04-21 13:25:00+05:30,2025-04-21 15:00:00+05:30,1517.5,1510.982142857143,1529.232142857143,-6.5179,L
S500,CIPLA,2025-04-21 13:40:00+05:30,-0.0125,-0.1029,3,1.0,0.4848,86.11,-0.9138,0,0.4311,0.0,1,0,1,0,1,2,2025-04-21 13:45:00+05:30,2025-04-21 13:50:00+05:30,2025-04-21 15:00:00+05:30,1516.8,1510.817857142857,1527.567857142857,-5.9821,L
S501,CIPLA,2025-04-21 13:55:00+05:30,0.0237,-0.0125,0,,0.0612,23.81,9.3704,0,1.3591,,0,1,0,1,0,1,2025-04-21 13:55:00+05:30,2025-04-21 14:00:00+05:30,2025-04-21 14:30:00+05:30,1518.2,1512.682142857143,1528.132142857143,-5.5179,L
S502,CIPLA,2025-04-21 14:05:00+05:30,-0.0073,0.0307,0,,0.9377,33.33,-0.6744,0,0.7753,0.0,1,0,1,0,1,2,2025-04-21 14:10:00+05:30,2025-04-21 14:15:00+05:30,2025-04-21 14:35:00+05:30,1517.0,1511.267857142857,1527.3178571428573,-5.7321,L
S503,CIPLA,2025-04-22 09:15:00+05:30,,,0,,1.9998,50.0,-0.5922,0,0.7584,0.0,2,0,1,0,2,3,2025-04-22 09:25:00+05:30,2025-04-22 09:30:00+05:30,2025-04-22 09:30:00+05:30,1514.4,1507.0428571428572,1527.642857142857,-7.3571,L
S504,CIPLA,2025-04-22 09:50:00+05:30,-0.139,,0,,1.4818,75.0,-1.0,0,0.832,0.0,3,0,1,0,3,4,2025-04-22 10:05:00+05:30,2025-04-22 10:10:00+05:30,2025-04-22 11:55:00+05:30,1510.9,1500.2035714285714,1530.1535714285717,19.2536,W
S505,CIPLA,2025-04-22 10:20:00+05:30,-0.0401,-0.1069,2,2.0,0.0109,31.58,25.0,0,0.3581,,0,0,1,1,0,1,2025-04-22 10:20:00+05:30,2025-04-22 10:25:00+05:30,2025-04-22 12:10:00+05:30,1511.9,1500.4357142857143,1532.5357142857144,20.6357,W
S506,CIPLA,2025-04-22 12:45:00+05:30,0.1602,0.2372,28,2.0,0.4367,100.0,-1.0,0,0.5222,0.0,1,1,1,0,1,2,2025-04-22 12:50:00+05:30,2025-04-22 12:55:00+05:30,2025-04-22 13:15:00+05:30,1530.7,1524.5749999999998,1541.7250000000004,-6.125,L
S507,CIPLA,2025-04-22 13:55:00+05:30,-0.0844,-0.0513,0,,1.0349,55.88,-0.9636,0,0.6139,0.0,3,0,1,0,3,4,2025-04-22 14:10:00+05:30,2025-04-22 14:15:00+05:30,2025-04-22 15:00:00+05:30,1527.9,1521.257142857143,1539.8571428571431,2.3,EOD+
S508,CIPLA,2025-04-23 09:20:00+05:30,,,0,,0.6434,23.08,-0.6,0,0.7432,0.0,3,0,1,0,3,4,2025-04-23 09:35:00+05:30,2025-04-23 09:40:00+05:30,2025-04-23 10:45:00+05:30,1528.6,1518.885714285714,1546.0857142857144,-9.7143,L
S509,CIPLA,2025-04-23 09:45:00+05:30,-0.0082,,0,,0.336,74.0,-1.0,0,0.4614,,0,0,0,1,0,1,2025-04-23 09:45:00+05:30,2025-04-23 09:50:00+05:30,2025-04-23 10:55:00+05:30,1529.6,1517.135714285714,1552.0357142857142,-12.4643,L
S510,CIPLA,2025-04-23 11:25:00+05:30,-0.1397,-0.1149,0,,1.2357,20.0,-1.0,0,1.5665,1.0,3,0,0,0,3,4,2025-04-23 11:40:00+05:30,2025-04-23 11:45:00+05:30,2025-04-23 14:55:00+05:30,1520.8,1513.4964285714286,1533.9464285714284,13.1464,W
S511,CIPLA,2025-04-23 11:50:00+05:30,-0.0859,-0.1486,0,,0.6522,15.79,-0.2962,0,0.7166,0.0,2,0,0,0,2,3,2025-04-23 12:00:00+05:30,2025-04-23 12:05:00+05:30,2025-04-23 14:50:00+05:30,1520.0,1513.4642857142856,1531.764285714286,11.7643,W
S512,CIPLA,2025-04-23 12:10:00+05:30,-0.0428,-0.073,0,,0.3659,66.67,0.1561,0,1.1609,,0,0,0,1,0,1,2025-04-23 12:10:00+05:30,2025-04-23 12:15:00+05:30,2025-04-23 14:50:00+05:30,1521.4,1515.4892857142856,1532.039285714286,10.6393,W
S513,CIPLA,2025-04-23 13:00:00+05:30,0.0483,0.0526,9,8.0,0.3221,28.0,0.5385,0,0.9445,,0,0,1,1,0,1,2025-04-23 13:00:00+05:30,2025-04-23 13:05:00+05:30,2025-04-23 14:50:00+05:30,1521.1,1515.0464285714284,1531.9964285714286,10.8964,W
S514,CIPLA,2025-04-24 09:15:00+05:30,,,0,,2.4326,1.74,0.3672,0,1.267,,0,0,1,1,0,1,2025-04-24 09:15:00+05:30,2025-04-24 09:20:00+05:30,2025-04-24 09:30:00+05:30,1533.4,1526.9357142857143,1545.0357142857144,11.6357,W
S515,CIPLA,2025-04-24 10:55:00+05:30,0.2392,0.2592,19,8.0,0.1303,6.25,-0.5745,0,1.7919,1.0,1,1,0,0,1,2,2025-04-24 11:00:00+05:30,2025-04-24 11:05:00+05:30,2025-04-24 14:30:00+05:30,1550.0,1540.982142857143,1566.232142857143,-9.0179,L
S516,CIPLA,2025-04-24 11:10:00+05:30,0.1457,0.2392,0,,0.1426,42.86,-0.1753,0,0.2042,,0,0,1,1,0,1,2025-04-24 11:10:00+05:30,2025-04-24 11:15:00+05:30,2025-04-24 14:30:00+05:30,1548.0,1539.5,1563.3,-8.5,L
S517,CIPLA,2025-04-24 11:40:00+05:30,-0.0352,0.0084,0,,1.326,71.43,-0.9029,0,0.4423,1.0,3,0,1,0,3,4,2025-04-24 11:55:00+05:30,2025-04-24 12:00:00+05:30,2025-04-24 14:30:00+05:30,1547.2,1539.432142857143,1561.182142857143,-7.7679,L
S518,CIPLA,2025-04-24 12:05:00+05:30,-0.0417,-0.0207,0,,0.2775,100.0,-1.0,0,0.4878,0.0,2,0,1,0,2,3,2025-04-24 12:15:00+05:30,2025-04-24 12:20:00+05:30,2025-04-24 14:30:00+05:30,1546.9,1539.9178571428572,1559.4678571428572,-6.9821,L
S519,CIPLA,2025-04-24 12:35:00+05:30,-0.011,-0.0437,3,2.0,0.3571,25.0,1.4,0,1.1464,,0,0,1,1,0,1,2025-04-24 12:35:00+05:30,2025-04-24 12:40:00+05:30,2025-04-24 14:15:00+05:30,1547.4,1542.15,1556.85,-5.25,L
S520,CIPLA,2025-04-24 12:50:00+05:30,-0.0116,-0.011,2,1.0,1.101,83.33,-0.7792,0,1.1759,0.0,3,0,0,0,3,4,2025-04-24 13:05:00+05:30,2025-04-24 13:10:00+05:30,2025-04-24 14:30:00+05:30,1546.7,1541.557142857143,1555.957142857143,-5.1429,L
S521,CIPLA,2025-04-24 13:25:00+05:30,0.0255,0.0116,0,,0.8383,52.63,-0.5431,0,0.5192,0.0,3,0,1,0,3,4,2025-04-24 13:40:00+05:30,2025-04-24 13:45:00+05:30,2025-04-24 14:30:00+05:30,1547.2,1541.3249999999998,1557.7750000000003,-5.875,L
S522,CIPLA,2025-04-24 13:50:00+05:30,-0.0142,-0.0123,1,1.0,0.2991,17.65,0.3333,0,0.5451,,0,0,0,1,0,1,2025-04-24 13:50:00+05:30,2025-04-24 13:55:00+05:30,2025-04-24 14:30:00+05:30,1546.5,1540.232142857143,1557.782142857143,-6.2679,L
S523,CIPLA,2025-04-24 14:00:00+05:30,-0.0026,-0.0204,0,,0.216,21.05,0.8,0,0.5487,,0,0,1,1,0,1,2025-04-24 14:00:00+05:30,2025-04-24 14:05:00+05:30,2025-04-24 14:30:00+05:30,1547.0,1541.2142857142856,1557.414285714286,-5.7857,L
S524,CIPLA,2025-04-25 09:35:00+05:30,,,4,4.0,0.419,54.79,0.5865,0,0.5355,,0,1,1,1,0,1,2025-04-25 09:35:00+05:30,2025-04-25 09:40:00+05:30,2025-04-25 10:00:00+05:30,1552.1,1539.6892857142857,1574.4392857142857,-12.4107,L
S525,CIPLA,2025-04-25 11:55:00+05:30,-0.3204,-0.3611,0,,0.9861,16.67,-0.8416,0,1.0001,1.0,3,1,0,0,3,4,2025-04-25 12:10:00+05:30,2025-04-25 12:15:00+05:30,2025-04-25 15:00:00+05:30,1523.3,1510.4964285714286,1546.3464285714283,4.5,EOD+
S526,CIPLA,2025-04-25 12:40:00+05:30,0.0076,-0.0388,5,3.0,0.3069,28.13,1.1675,0,0.6335,,0,1,0,1,0,1,2025-04-25 12:40:00+05:30,2025-04-25 12:45:00+05:30,2025-04-25 15:00:00+05:30,1523.2,1514.932142857143,1538.082142857143,4.6,EOD+
S527,CIPLA,2025-04-25 12:50:00+05:30,0.002,-0.0013,0,,0.1286,16.67,2.8961,0,0.8116,,0,0,1,1,0,1,2025-04-25 12:50:00+05:30,2025-04-25 12:55:00+05:30,2025-04-25 15:00:00+05:30,1522.7,1515.2178571428572,1536.1678571428572,5.1,EOD+
S528,CIPLA,2025-04-25 14:10:00+05:30,0.1067,0.1509,15,2.0,1.1318,35.42,-0.3113,0,0.8181,0.0,1,0,0,0,1,2,2025-04-25 14:15:00+05:30,2025-04-25 14:20:00+05:30,2025-04-25 15:00:00+05:30,1529.9,1521.882142857143,1544.332142857143,-2.1,EOD-
S529,CIPLA,2025-04-28 09:15:00+05:30,,,0,,0.6159,70.26,-1.0,0,2.2719,,0,0,0,1,0,1,2025-04-28 09:15:00+05:30,2025-04-28 09:20:00+05:30,2025-04-28 13:05:00+05:30,1539.5,1529.2499999999998,1557.9500000000005,18.45,W
S530,CIPLA,2025-04-28 11:15:00+05:30,0.1891,0.327,23,5.0,0.1217,40.0,-0.7059,0,1.1401,,0,0,0,1,0,1,2025-04-28 11:15:00+05:30,2025-04-28 11:20:00+05:30,2025-04-28 13:10:00+05:30,1549.6,1542.617857142857,1562.167857142857,12.5679,W
S531,CIPLA,2025-04-28 11:45:00+05:30,0.0661,0.1483,0,,0.8527,88.89,-1.0,0,1.9654,1.0,3,1,0,0,3,4,2025-04-28 12:00:00+05:30,2025-04-28 12:05:00+05:30,2025-04-28 13:10:00+05:30,1553.0,1548.0892857142858,1561.8392857142858,8.8393,W
S532,CIPLA,2025-04-28 12:10:00+05:30,-0.0103,0.0026,0,,0.0665,77.5,-1.0,0,0.943,,0,1,1,1,0,1,2025-04-28 12:10:00+05:30,2025-04-28 12:15:00+05:30,2025-04-28 13:10:00+05:30,1553.7,1549.3785714285714,1561.4785714285715,7.7786,W
S533,CIPLA,2025-04-28 12:50:00+05:30,0.0197,0.0251,7,6.0,0.1497,76.92,-1.0,0,0.617,0.0,1,0,1,0,1,2,2025-04-28 12:55:00+05:30,2025-04-28 13:00:00+05:30,2025-04-28 13:15:00+05:30,1553.5,1547.8214285714284,1563.7214285714283,10.2214,W
S534,CIPLA,2025-04-28 14:10:00+05:30,0.0828,0.107,14,11.0,0.195,30.0,0.4737,0,0.7068,,0,0,1,1,0,1,2025-04-28 14:10:00+05:30,2025-04-28 14:15:00+05:30,2025-04-28 15:00:00+05:30,1558.0,1551.9107142857142,1568.9607142857144,0.6,EOD+
S535,CIPLA,2025-04-29 10:25:00+05:30,-0.3137,-0.2914,0,,1.3529,0.0,-0.9676,0,1.007,1.0,3,0,0,0,3,4,2025-04-29 10:40:00+05:30,2025-04-29 10:45:00+05:30,2025-04-29 15:00:00+05:30,1542.9,1531.489285714286,1563.4392857142857,-1.0,EOD-
S536,CIPLA,2025-04-29 12:00:00+05:30,0.0946,0.0995,15,13.0,0.8503,37.84,-0.0852,0,1.135,,0,0,0,1,0,1,2025-04-29 12:00:00+05:30,2025-04-29 12:05:00+05:30,2025-04-29 15:00:00+05:30,1544.4,1537.3285714285714,1557.1285714285716,-2.5,EOD-
S537,CIPLA,2025-04-29 12:10:00+05:30,0.1256,0.0885,1,1.0,0.0322,83.33,7.2353,0,1.6897,,0,0,1,1,0,1,2025-04-29 12:10:00+05:30,2025-04-29 12:15:00+05:30,2025-04-29 13:50:00+05:30,1548.9,1542.3107142857143,1560.7607142857144,-6.5893,L
S538,CIPLA,2025-04-29 12:45:00+05:30,0.0472,0.1552,6,6.0,0.4536,96.97,-0.9177,0,1.3715,1.0,1,0,0,0,1,2,2025-04-29 12:50:00+05:30,2025-04-29 12:55:00+05:30,2025-04-29 14:30:00+05:30,1547.6,1540.9035714285712,1559.6535714285712,-6.6964,L
S539,CIPLA,2025-04-29 13:00:00+05:30,0.0188,0.0472,0,,0.0959,30.43,0.8519,0,0.8021,,0,0,0,1,0,1,2025-04-29 13:00:00+05:30,2025-04-29 13:05:00+05:30,2025-04-29 14:30:00+05:30,1547.4,1540.364285714286,1560.064285714286,-7.0357,L
S540,CIPLA,2025-04-29 13:10:00+05:30,0.0527,0.0204,0,,0.0481,56.25,4.3846,0,0.5195,,0,0,1,1,0,1,2025-04-29 13:10:00+05:30,2025-04-29 13:15:00+05:30,2025-04-29 14:25:00+05:30,1548.4,1541.65,1560.5500000000002,-6.75,L
S541,CIPLA,2025-04-29 13:35:00+05:30,0.0775,0.0688,4,4.0,0.0574,31.25,1.3077,0,1.0511,,0,0,1,1,0,1,2025-04-29 13:35:00+05:30,2025-04-29 13:40:00+05:30,2025-04-29 13:50:00+05:30,1548.8,1543.1392857142855,1558.9892857142856,-5.6607,L
S542,CIPLA,2025-04-30 09:15:00+05:30,,,0,,1.4523,52.35,-0.2,0,1.2425,,0,0,1,1,0,1,2025-04-30 09:15:00+05:30,2025-04-30 09:20:00+05:30,2025-04-30 09:35:00+05:30,1549.3,1540.692857142857,1564.7928571428572,15.4929,W
S543,CIPLA,2025-04-30 10:35:00+05:30,0.347,0.3452,15,4.0,0.2595,45.1,0.7986,0,0.7233,,0,1,0,1,0,1,2025-04-30 10:35:00+05:30,2025-04-30 10:40:00+05:30,2025-04-30 12:25:00+05:30,1562.6,1549.2071428571428,1586.7071428571426,-13.3929,L
S544,CIPLA,2025-04-30 10:55:00+05:30,0.3241,0.3318,3,1.0,0.2321,77.78,0.0582,0,0.4696,,0,0,0,1,0,1,2025-04-30 10:55:00+05:30,2025-04-30 11:00:00+05:30,2025-04-30 12:25:00+05:30,1563.0,1552.821428571429,1581.3214285714284,-10.1786,L
S545,CIPLA,2025-04-30 11:05:00+05:30,0.2402,0.344,0,,0.1254,74.07,-0.4059,0,0.4124,0.0,2,0,1,0,2,3,2025-04-30 11:15:00+05:30,2025-04-30 11:20:00+05:30,2025-04-30 12:25:00+05:30,1563.3,1553.2285714285715,1581.428571428571,-10.0714,L
S546,CIPLA,2025-04-30 13:05:00+05:30,-0.2618,-0.2939,0,,2.6245,38.46,-0.9696,0,1.4681,1.0,3,0,0,0,3,4,2025-04-30 13:20:00+05:30,2025-04-30 13:25:00+05:30,2025-04-30 14:50:00+05:30,1552.9,1546.632142857143,1564.182142857143,-6.2679,L
S547,CIPLA,2025-04-30 13:55:00+05:30,-0.0161,-0.0316,6,4.0,0.1019,59.09,2.0,0,1.4146,,0,0,0,1,0,1,2025-04-30 13:55:00+05:30,2025-04-30 14:00:00+05:30,2025-04-30 15:00:00+05:30,1551.0,1543.642857142857,1564.2428571428572,-3.3,EOD-
S548,CIPLA,2025-04-30 14:05:00+05:30,-0.0255,-0.0103,1,1.0,0.3359,36.0,0.0471,0,1.7176,,0,1,0,1,0,1,2025-04-30 14:05:00+05:30,2025-04-30 14:10:00+05:30,2025-04-30 15:00:00+05:30,1551.6,1544.492857142857,1564.392857142857,-3.9,EOD-
S549,CIPLA,2025-05-02 09:30:00+05:30,,,0,,1.9387,42.22,-0.9101,0,0.3723,0.0,3,0,0,0,3,4,2025-05-02 09:45:00+05:30,2025-05-02 09:50:00+05:30,2025-05-02 11:10:00+05:30,1547.1,1532.760714285714,1572.9107142857142,-14.3393,L
S550,CIPLA,2025-05-02 10:05:00+05:30,-0.0404,-0.1029,2,2.0,0.2021,100.0,-1.0,0,0.2464,0.0,1,0,1,0,1,2,2025-05-02 10:10:00+05:30,2025-05-02 10:15:00+05:30,2025-05-02 11:10:00+05:30,1545.3,1529.9607142857142,1572.9107142857142,-15.3393,L
S551,CIPLA,2025-05-02 10:25:00+05:30,-0.0511,-0.0408,1,1.0,0.1578,67.57,-0.5973,0,0.3095,1.0,1,1,1,0,1,2,2025-05-02 10:30:00+05:30,2025-05-02 10:35:00+05:30,2025-05-02 11:05:00+05:30,1544.9,1533.0964285714283,1566.146428571429,-11.8036,L
S552,CIPLA,2025-05-02 13:05:00+05:30,-0.0956,-0.2065,0,,1.063,27.27,-0.9081,0,0.5753,1.0,3,0,0,0,3,4,2025-05-02 13:20:00+05:30,2025-05-02 13:25:00+05:30,2025-05-02 14:30:00+05:30,1523.1,1515.4214285714286,1536.9214285714284,-7.6786,L
S553,CIPLA,2025-05-02 13:30:00+05:30,0.0345,-0.0105,0,,0.2474,54.93,-0.7468,0,1.5649,,0,0,0,1,0,1,2025-05-02 13:30:00+05:30,2025-05-02 13:35:00+05:30,2025-05-02 14:30:00+05:30,1526.0,1518.017857142857,1540.367857142857,-7.9821,L
S554,CIPLA,2025-05-05 10:25:00+05:30,0.2211,0.3199,14,10.0,0.3022,82.22,-0.7436,0,0.3537,0.0,1,0,0,0,1,2,2025-05-05 10:30:00+05:30,2025-05-05 10:35:00+05:30,2025-05-05 15:00:00+05:30,1534.9,1525.2214285714283,1552.321428571429,4.6,EOD+
S555,CIPLA,2025-05-05 10:40:00+05:30,0.1414,0.2211,0,,0.6037,57.14,-0.8068,0,0.8583,1.0,3,0,1,0,3,4,2025-05-05 10:55:00+05:30,2025-05-05 11:00:00+05:30,2025-05-05 15:00:00+05:30,1535.4,1526.8285714285714,1550.8285714285716,4.1,EOD+
S556,CIPLA,2025-05-05 11:10:00+05:30,0.0726,0.1202,1,1.0,0.3302,23.26,2.1731,0,1.5622,,0,0,0,1,0,1,2025-05-05 11:10:00+05:30,2025-05-05 11:15:00+05:30,2025-05-05 15:00:00+05:30,1539.3,1531.425,1553.475,0.2,EOD+
S557,CIPLA,2025-05-05 12:10:00+05:30,0.1386,0.1332,11,2.0,0.0238,58.06,17.5714,0,0.9319,,0,0,0,1,0,1,2025-05-05 12:10:00+05:30,2025-05-05 12:15:00+05:30,2025-05-05 15:00:00+05:30,1541.9,1534.5428571428572,1555.142857142857,-2.4,EOD-
S558,CIPLA,2025-05-05 12:20:00+05:30,0.1414,0.148,1,1.0,0.5487,100.0,-1.0,0,0.4533,0.0,1,0,1,0,1,2,2025-05-05 12:25:00+05:30,2025-05-05 12:30:00+05:30,2025-05-05 12:40:00+05:30,1543.1,1536.242857142857,1555.442857142857,-6.8571,L
S559,CIPLA,2025-05-05 13:50:00+05:30,-0.09,-0.1146,0,,0.7553,58.33,-0.6098,0,1.4837,1.0,3,0,0,0,3,4,2025-05-05 14:05:00+05:30,2025-05-05 14:10:00+05:30,2025-05-05 14:45:00+05:30,1540.6,1537.2071428571428,1546.7071428571428,-3.3929,L
S560,CIPLA,2025-05-05 14:15:00+05:30,-0.0432,-0.0669,0,,0.2281,0.0,-0.4444,0,1.2493,1.0,3,0,0,0,3,4,2025-05-05 14:30:00+05:30,2025-05-05 14:35:00+05:30,2025-05-05 15:00:00+05:30,1538.4,1534.4535714285716,1545.5035714285714,1.1,EOD+
S561,CIPLA,2025-05-06 10:20:00+05:30,-0.4889,-0.4615,0,,1.564,27.27,-0.9138,0,1.2652,1.0,3,0,0,0,3,4,2025-05-06 10:35:00+05:30,2025-05-06 10:40:00+05:30,2025-05-06 15:00:00+05:30,1515.3,1493.05,1555.35,-5.9,EOD-
S562,CIPLA,2025-05-06 10:45:00+05:30,-0.499,-0.5057,1,1.0,0.3849,66.67,-0.4667,0,0.5447,0.0,1,0,0,0,1,2,2025-05-06 10:50:00+05:30,2025-05-06 10:55:00+05:30,2025-05-06 15:00:00+05:30,1511.0,1498.8214285714284,1532.9214285714288,-1.6,EOD-
S563,CIPLA,2025-05-06 11:35:00+05:30,0.0182,0.0294,7,6.0,0.0531,44.44,-1.0,0,2.0084,1.0,3,0,0,0,3,4,2025-05-06 11:50:00+05:30,2025-05-06 11:55:00+05:30,2025-05-06 15:00:00+05:30,1512.7,1505.8785714285714,1524.9785714285715,-3.3,EOD-
S564,CIPLA,2025-05-06 12:00:00+05:30,0.0261,0.0122,0,,0.4774,20.83,-0.2308,0,0.3566,0.0,1,0,1,0,1,2,2025-05-06 12:05:00+05:30,2025-05-06 12:10:00+05:30,2025-05-06 13:45:00+05:30,1513.0,1507.553571428571,1522.8035714285716,-5.4464,L
S565,CIPLA,2025-05-06 12:15:00+05:30,0.0314,0.0261,0,,0.072,46.67,-1.0,0,0.9761,,0,0,0,1,0,1,2025-05-06 12:15:00+05:30,2025-05-06 12:20:00+05:30,2025-05-06 13:45:00+05:30,1513.4,1507.6678571428572,1523.7178571428574,-5.7321,L
S566,CIPLA,2025-05-06 12:40:00+05:30,0.006,0.003,4,4.0,0.3356,27.78,-0.3377,0,1.0347,1.0,1,0,0,0,1,2,2025-05-06 12:45:00+05:30,2025-05-06 12:50:00+05:30,2025-05-06 15:00:00+05:30,1512.8,1507.1749999999995,1522.9250000000002,-3.4,EOD-
S567,CIPLA,2025-05-06 12:55:00+05:30,0.005,0.006,0,,0.164,0.0,2.0986,0,0.6453,,0,0,1,1,0,1,2025-05-06 12:55:00+05:30,2025-05-06 13:00:00+05:30,2025-05-06 13:45:00+05:30,1513.0,1507.5892857142856,1522.739285714286,-5.4107,L
S568,CIPLA,2025-05-06 13:05:00+05:30,0.0007,0.0076,0,,0.1395,42.86,-0.6226,0,0.5557,0.0,1,1,0,0,1,2,2025-05-06 13:10:00+05:30,2025-05-06 13:15:00+05:30,2025-05-06 13:45:00+05:30,1513.0,1508.25,1521.5500000000002,-4.75,L
S569,CIPLA,2025-05-06 13:20:00+05:30,0.0149,0.0007,0,,1.5176,3.45,0.0078,0,1.7139,,0,0,0,1,0,1,2025-05-06 13:20:00+05:30,2025-05-06 13:25:00+05:30,2025-05-06 13:45:00+05:30,1512.7,1508.4499999999998,1520.3500000000004,-4.25,L
S570,CIPLA,2025-05-07 10:05:00+05:30,-0.1264,-0.0935,0,,1.2499,56.52,-0.9462,0,0.669,1.0,3,0,1,0,3,4,2025-05-07 10:20:00+05:30,2025-05-07 10:25:00+05:30,2025-05-07 15:00:00+05:30,1506.7,1495.5392857142858,1526.7892857142858,4.9,EOD+
S571,CIPLA,2025-05-07 10:55:00+05:30,-0.0166,-0.0498,6,2.0,0.3188,69.57,-0.2,0,0.4983,0.0,1,0,1,0,1,2,2025-05-07 11:00:00+05:30,2025-05-07 11:05:00+05:30,2025-05-07 15:00:00+05:30,1506.7,1497.8785714285714,1522.5785714285714,4.9,EOD+
S572,CIPLA,2025-05-07 11:45:00+05:30,0.1005,0.1131,8,7.0,0.0353,81.82,0.0526,0,0.3474,,0,0,1,1,0,1,2025-05-07 11:45:00+05:30,2025-05-07 11:50:00+05:30,2025-05-07 15:00:00+05:30,1508.1,1501.367857142857,1520.2178571428572,3.5,EOD+
S573,CIPLA,2025-05-07 12:30:00+05:30,-0.0315,0.0172,0,,0.4389,57.14,-1.0,0,1.0848,1.0,3,0,0,0,3,4,2025-05-07 12:45:00+05:30,2025-05-07 12:50:00+05:30,2025-05-07 13:45:00+05:30,1510.7,1506.3428571428572,1518.5428571428572,-4.3571,L
S574,CIPLA,2025-05-07 13:20:00+05:30,-0.009,-0.0053,6,6.0,0.785,40.0,-0.5671,0,0.4164,0.0,1,1,0,0,1,2,2025-05-07 13:25:00+05:30,2025-05-07 13:30:00+05:30,2025-05-07 14:25:00+05:30,1508.7,1505.0214285714285,1515.321428571429,6.6214,W
S575,CIPLA,2025-05-07 13:40:00+05:30,0.008,-0.006,0,,0.842,33.33,-0.5984,0,0.4624,0.0,3,0,1,0,3,4,2025-05-07 13:55:00+05:30,2025-05-07 14:00:00+05:30,2025-05-07 14:25:00+05:30,1508.3,1504.6035714285713,1514.9535714285714,6.6536,W
S576,CIPLA,2025-05-07 14:05:00+05:30,-0.002,-0.0053,0,,0.292,35.29,1.1687,0,0.6114,,0,1,0,1,0,1,2025-05-07 14:05:00+05:30,2025-05-07 14:10:00+05:30,2025-05-07 14:30:00+05:30,1509.7,1506.1464285714287,1516.0964285714283,6.3964,W
S577,CIPLA,2025-05-08 11:30:00+05:30,-0.1085,-0.1354,0,,0.9632,85.71,-0.9208,0,1.3528,1.0,3,0,1,0,3,4,2025-05-08 11:45:00+05:30,2025-05-08 11:50:00+05:30,2025-05-08 12:10:00+05:30,1487.2,1480.6464285714285,1498.9964285714286,-6.5536,L
S578,CIPLA,2025-05-08 11:55:00+05:30,-0.0474,-0.0972,0,,0.1897,59.38,2.0952,0,1.1853,,0,0,1,1,0,1,2025-05-08 11:55:00+05:30,2025-05-08 12:00:00+05:30,2025-05-08 12:10:00+05:30,1488.0,1482.4642857142856,1497.9642857142858,-5.5357,L
S579,CIPLA,2025-05-08 12:45:00+05:30,-0.094,-0.0845,0,,1.8421,5.0,-0.96,0,0.786,0.0,3,0,0,0,3,4,2025-05-08 13:00:00+05:30,2025-05-08 13:05:00+05:30,2025-05-08 15:00:00+05:30,1484.0,1477.2142857142858,1496.2142857142858,2.5,EOD+
S580,CIPLA,2025-05-08 13:10:00+05:30,-0.0627,-0.0981,0,,0.0319,53.33,4.7143,0,0.3897,,0,0,1,1,0,1,2025-05-08 13:10:00+05:30,2025-05-08 13:15:00+05:30,2025-05-08 15:00:00+05:30,1484.5,1479.017857142857,1494.367857142857,2.0,EOD+
S581,CIPLA,2025-05-08 13:20:00+05:30,-0.0384,-0.0799,0,,0.024,40.0,12.3333,0,0.3578,,0,0,1,1,0,1,2025-05-08 13:20:00+05:30,2025-05-08 13:25:00+05:30,2025-05-08 15:00:00+05:30,1483.8,1479.1214285714286,1492.2214285714283,2.7,EOD+
S582,CIPLA,2025-05-08 13:35:00+05:30,-0.0526,-0.0384,1,1.0,0.042,52.78,10.1111,0,0.7144,,0,0,0,1,0,1,2025-05-08 13:35:00+05:30,2025-05-08 13:40:00+05:30,2025-05-08 15:00:00+05:30,1483.6,1478.242857142857,1493.242857142857,2.9,EOD+
S583,CIPLA,2025-05-08 13:50:00+05:30,-0.027,-0.0526,2,2.0,0.3452,18.18,1.2378,0,1.1545,,0,0,0,1,0,1,2025-05-08 13:50:00+05:30,2025-05-08 13:55:00+05:30,2025-05-08 15:00:00+05:30,1483.6,1478.4214285714286,1492.9214285714286,2.9,EOD+
S584,CIPLA,2025-05-08 14:25:00+05:30,0.1131,0.0738,6,4.0,0.2,21.88,3.8077,0,0.7418,,0,0,1,1,0,1,2025-05-08 14:25:00+05:30,2025-05-08 14:30:00+05:30,2025-05-08 15:00:00+05:30,1487.5,1481.0,1499.2,-1.0,EOD-
S585,CIPLA,2025-05-09 10:15:00+05:30,-0.3057,-0.2784,0,,0.5965,9.09,-0.8972,0,0.2264,0.0,3,0,1,0,3,4,2025-05-09 10:30:00+05:30,2025-05-09 10:35:00+05:30,2025-05-09 15:00:00+05:30,1474.1,1457.7964285714284,1503.446428571429,11.0,EOD+
S586,CIPLA,2025-05-09 10:55:00+05:30,-0.1114,-0.2071,4,3.0,0.1123,5.0,3.6914,0,0.5661,,0,0,1,1,0,1,2025-05-09 10:55:00+05:30,2025-05-09 11:00:00+05:30,2025-05-09 15:00:00+05:30,1473.4,1464.382142857143,1489.632142857143,11.7,EOD+
S587,CIPLA,2025-05-09 11:05:00+05:30,-0.0058,-0.1733,1,1.0,0.1819,41.94,-0.6947,0,0.5042,0.0,2,0,1,0,2,3,2025-05-09 11:15:00+05:30,2025-05-09 11:20:00+05:30,2025-05-09 15:00:00+05:30,1472.7,1463.7,1488.9,12.4,EOD+
S588,CIPLA,2025-05-09 12:20:00+05:30,0.0833,0.153,11,4.0,0.4034,4.0,0.4008,0,1.2979,,0,0,0,1,0,1,2025-05-09 12:20:00+05:30,2025-05-09 12:25:00+05:30,2025-05-09 15:00:00+05:30,1477.7,1469.7357142857145,1492.0357142857142,7.4,EOD+
S589,CIPLA,2025-05-09 12:30:00+05:30,0.0376,0.111,0,,1.2823,75.0,-0.7616,0,2.1081,1.0,3,1,0,0,3,4,2025-05-09 12:45:00+05:30,2025-05-09 12:50:00+05:30,2025-05-09 13:20:00+05:30,1480.5,1472.321428571429,1495.2214285714283,-8.1786,L
S590,CIPLA,2025-05-09 13:45:00+05:30,-0.1067,-0.0965,0,,1.0068,19.23,-0.5797,0,3.7312,1.0,3,0,0,0,3,4,2025-05-09 14:00:00+05:30,2025-05-09 14:05:00+05:30,2025-05-09 15:00:00+05:30,1477.8,1470.7107142857142,1490.5607142857143,7.3,EOD+
S591,CIPLA,2025-05-12 09:35:00+05:30,,,0,,2.1749,29.23,-0.8838,0,1.2786,0.0,3,0,0,0,3,4,2025-05-12 09:50:00+05:30,2025-05-12 09:55:00+05:30,2025-05-12 10:25:00+05:30,1477.7,1464.8428571428572,1500.8428571428572,23.1429,W
S592,CIPLA,2025-05-12 11:40:00+05:30,0.4405,0.587,21,3.0,0.2151,45.24,1.7119,0,0.7843,,0,0,0,1,0,1,2025-05-12 11:40:00+05:30,2025-05-12 11:45:00+05:30,2025-05-12 15:00:00+05:30,1501.5,1494.642857142857,1513.8428571428572,8.5,EOD+
S593,CIPLA,2025-05-12 12:05:00+05:30,0.1404,0.2933,3,2.0,0.8235,97.5,-0.95,0,0.9282,0.0,1,0,0,0,1,2,2025-05-12 12:10:00+05:30,2025-05-12 12:15:00+05:30,2025-05-12 15:00:00+05:30,1505.2,1499.1285714285714,1516.1285714285716,4.8,EOD+
S594,CIPLA,2025-05-12 12:25:00+05:30,0.0609,0.1085,2,1.0,0.3559,4.0,1.6667,0,1.191,,0,0,1,1,0,1,2025-05-12 12:25:00+05:30,2025-05-12 12:30:00+05:30,2025-05-12 15:00:00+05:30,1505.0,1498.678571428571,1516.3785714285716,5.0,EOD+
S595,CIPLA,2025-05-12 13:05:00+05:30,0.0389,0.0834,7,7.0,0.002,10.53,79.0,0,0.3716,,0,0,0,1,0,1,2025-05-12 13:05:00+05:30,2025-05-12 13:10:00+05:30,2025-05-12 15:00:00+05:30,1505.7,1499.575,1516.725,4.3,EOD+
S596,CIPLA,2025-05-12 13:20:00+05:30,0.0485,0.0389,2,2.0,0.1564,37.5,1.8571,0,0.9466,,0,0,1,1,0,1,2025-05-12 13:20:00+05:30,2025-05-12 13:25:00+05:30,2025-05-12 15:00:00+05:30,1506.8,1501.7642857142855,1515.8642857142856,3.2,EOD+
S597,CIPLA,2025-05-12 13:30:00+05:30,0.0481,0.0399,0,,0.3307,75.0,-0.863,0,0.4819,,0,0,1,1,0,1,2025-05-12 13:30:00+05:30,2025-05-12 13:35:00+05:30,2025-05-12 15:00:00+05:30,1506.7,1501.182142857143,1516.6321428571428,3.3,EOD+
S598,CIPLA,2025-05-12 13:40:00+05:30,0.0465,0.0465,0,,0.2878,77.27,-0.6396,0,1.5465,1.0,2,0,0,0,2,3,2025-05-12 13:50:00+05:30,2025-05-12 13:55:00+05:30,2025-05-12 15:00:00+05:30,1507.3,1502.4785714285713,1515.9785714285715,2.7,EOD+
S599,CIPLA,2025-05-12 14:00:00+05:30,0.0375,0.0458,0,,0.5467,50.0,-0.4393,0,0.7822,,0,0,1,1,0,1,2025-05-12 14:00:00+05:30,2025-05-12 14:05:00+05:30,2025-05-12 15:00:00+05:30,1507.0,1502.107142857143,1515.807142857143,3.0,EOD+
S600,CIPLA,2025-05-13 11:40:00+05:30,-0.1902,-0.1913,0,,1.1485,24.0,-0.8062,0,1.3651,1.0,3,0,0,0,3,4,2025-05-13 11:55:00+05:30,2025-05-13 12:00:00+05:30,2025-05-13 13:35:00+05:30,1525.2,1513.9678571428572,1545.4178571428572,-11.2321,L
S601,CIPLA,2025-05-13 13:15:00+05:30,0.188,0.1951,15,11.0,0.1833,34.78,2.0303,0,0.541,,0,0,1,1,0,1,2025-05-13 13:15:00+05:30,2025-05-13 13:20:00+05:30,2025-05-13 13:35:00+05:30,1528.2,1521.45,1540.35,-6.75,L
S602,CIPLA,2025-05-13 13:30:00+05:30,0.2201,0.188,2,2.0,0.2201,45.07,2.9535,0,1.8537,,0,0,1,1,0,1,2025-05-13 13:30:00+05:30,2025-05-13 13:35:00+05:30,2025-05-13 13:35:00+05:30,1534.0,1524.232142857143,1551.5821428571428,-9.7679,L
S603,CIPLA,2025-05-14 10:30:00+05:30,-0.284,-0.3031,0,,0.7761,68.09,-0.7365,0,1.1594,1.0,3,0,0,0,3,4,2025-05-14 10:45:00+05:30,2025-05-14 10:50:00+05:30,2025-05-14 14:35:00+05:30,1500.0,1489.0,1519.8,-11.0,L
S604,CIPLA,2025-05-14 11:35:00+05:30,-0.0647,-0.0327,0,,1.1645,5.88,-0.9454,0,1.3584,1.0,3,0,0,0,3,4,2025-05-14 11:50:00+05:30,2025-05-14 11:55:00+05:30,2025-05-14 14:05:00+05:30,1499.0,1491.142857142857,1513.142857142857,-7.8571,L
S605,CIPLA,2025-05-14 12:35:00+05:30,0.0244,0.0117,8,5.0,0.3745,11.11,0.6754,0,1.083,,0,0,0,1,0,1,2025-05-14 12:35:00+05:30,2025-05-14 12:40:00+05:30,2025-05-14 14:05:00+05:30,1498.4,1492.025,1509.875,-6.375,L
S606,CIPLA,2025-05-14 12:45:00+05:30,0.0277,0.026,0,,0.2905,25.93,-0.8658,0,0.3806,,0,0,1,1,0,1,2025-05-14 12:45:00+05:30,2025-05-14 12:50:00+05:30,2025-05-14 14:05:00+05:30,1498.0,1491.5892857142858,1509.5392857142858,-6.4107,L
S607,CIPLA,2025-05-15 09:15:00+05:30,,,0,,0.7194,23.02,0.8077,0,2.2383,,0,0,0,1,0,1,2025-05-15 09:15:00+05:30,2025-05-15 09:20:00+05:30,2025-05-15 09:35:00+05:30,1497.5,1488.4642857142858,1513.7642857142855,-9.0357,L
S608,CIPLA,2025-05-15 10:35:00+05:30,-0.239,-0.2061,0,,1.9076,79.1,-0.8267,0,0.6954,0.0,3,0,1,0,3,4,2025-05-15 10:50:00+05:30,2025-05-15 10:55:00+05:30,2025-05-15 13:55:00+05:30,1483.1,1472.510714285714,1502.1607142857142,19.0607,W
S609,CIPLA,2025-05-15 11:10:00+05:30,-0.2277,-0.2284,3,3.0,0.5365,33.33,-0.0932,0,0.7636,0.0,1,0,1,0,1,2,2025-05-15 11:15:00+05:30,2025-05-15 11:20:00+05:30,2025-05-15 13:40:00+05:30,1482.6,1473.35,1499.25,16.65,W
S610,CIPLA,2025-05-15 11:30:00+05:30,-0.0317,-0.1821,1,1.0,0.1285,84.38,-0.5652,0,0.6838,0.0,1,0,1,0,1,2,2025-05-15 11:35:00+05:30,2025-05-15 11:40:00+05:30,2025-05-15 13:35:00+05:30,1480.5,1471.5535714285716,1496.6035714285713,16.1036,W
S611,CIPLA,2025-05-15 12:30:00+05:30,-0.101,0.0084,0,,1.863,0.0,-0.9006,0,2.0683,1.0,3,0,0,0,3,4,2025-05-15 12:45:00+05:30,2025-05-15 12:50:00+05:30,2025-05-15 13:30:00+05:30,1479.1,1472.35,1491.25,12.15,W
S612,CIPLA,2025-05-16 10:35:00+05:30,-0.1058,-0.1468,0,,0.8185,9.09,-0.8496,0,0.2298,0.0,3,0,1,0,3,4,2025-05-16 10:50:00+05:30,2025-05-16 10:55:00+05:30,2025-05-16 15:00:00+05:30,1496.9,1488.775,1511.525,2.2,EOD+
S613,CIPLA,2025-05-16 11:20:00+05:30,-0.0749,-0.0698,0,,0.3377,14.29,-0.854,0,1.0704,1.0,3,0,0,0,3,4,2025-05-16 11:35:00+05:30,2025-05-16 11:40:00+05:30,2025-05-16 15:00:00+05:30,1498.6,1493.5285714285712,1507.7285714285715,0.5,EOD+
S614,CIPLA,2025-05-16 12:15:00+05:30,0.0451,0.0294,7,2.0,0.0,71.79,,1,3.1045,,0,0,0,1,0,1,2025-05-16 12:15:00+05:30,2025-05-16 12:20:00+05:30,2025-05-16 15:00:00+05:30,1500.0,1495.125,1508.775,-0.9,EOD-
S615,CIPLA,2025-05-19 09:15:00+05:30,,,0,,3.0388,54.36,-0.9167,0,0.9249,0.0,3,0,1,0,3,4,2025-05-19 09:30:00+05:30,2025-05-19 09:35:00+05:30,2025-05-19 09:55:00+05:30,1498.3,1491.3892857142855,1510.7392857142856,12.4393,W
S616,CIPLA,2025-05-19 09:40:00+05:30,-0.1138,,0,,1.3652,7.89,-0.9122,0,0.8676,0.0,2,0,1,0,2,3,2025-05-19 09:50:00+05:30,2025-05-19 09:55:00+05:30,2025-05-19 15:00:00+05:30,1498.3,1487.8714285714286,1517.0714285714284,-5.8,EOD-
S617,CIPLA,2025-05-19 13:20:00+05:30,-0.0402,-0.0753,0,,0.7817,23.08,-0.5819,0,0.7473,0.0,3,0,1,0,3,4,2025-05-19 13:35:00+05:30,2025-05-19 13:40:00+05:30,2025-05-19 15:00:00+05:30,1494.0,1489.4107142857142,1502.260714285714,-1.5,EOD-
S618,CIPLA,2025-05-19 13:45:00+05:30,-0.0171,-0.0164,0,,1.0171,44.44,-0.4382,0,4.0859,,0,1,0,1,0,1,2025-05-19 13:45:00+05:30,2025-05-19 13:50:00+05:30,2025-05-19 15:00:00+05:30,1493.4,1489.025,1501.275,-0.9,EOD-
S619,CIPLA,2025-05-19 13:55:00+05:30,-0.0057,-0.0191,0,,0.0903,11.11,3.375,0,0.7995,,0,0,0,1,0,1,2025-05-19 13:55:00+05:30,2025-05-19 14:00:00+05:30,2025-05-19 15:00:00+05:30,1493.8,1489.3714285714286,1501.7714285714285,-1.3,EOD-
S620,CIPLA,2025-05-19 14:05:00+05:30,-0.0157,-0.0141,0,,1.2916,84.62,-0.9546,0,0.6786,0.0,2,1,1,0,2,3,2025-05-19 14:15:00+05:30,2025-05-19 14:20:00+05:30,2025-05-19 15:00:00+05:30,1493.6,1489.3321428571428,1501.2821428571426,-1.1,EOD-
S621,CIPLA,2025-05-20 10:35:00+05:30,-0.3674,-0.3446,0,,2.7965,29.73,-1.0,0,1.0814,1.0,3,1,1,0,3,4,2025-05-20 10:50:00+05:30,2025-05-20 10:55:00+05:30,2025-05-20 11:50:00+05:30,1476.3,1469.0857142857142,1489.2857142857142,-7.2143,L
S622,CIPLA,2025-05-20 11:00:00+05:30,-0.2227,-0.3438,0,,0.2434,28.57,0.7518,0,0.6379,,0,0,1,1,0,1,2025-05-20 11:00:00+05:30,2025-05-20 11:05:00+05:30,2025-05-20 11:50:00+05:30,1476.0,1468.9642857142858,1488.6642857142858,-7.0357,L
S623,CIPLA,2025-05-20 11:10:00+05:30,-0.1509,-0.2752,1,1.0,0.3015,72.97,-0.2857,0,0.9951,0.0,1,0,0,0,1,2,2025-05-20 11:15:00+05:30,2025-05-20 11:20:00+05:30,2025-05-20 11:50:00+05:30,1474.1,1467.135714285714,1486.6357142857144,-6.9643,L
S624,CIPLA,2025-05-20 12:40:00+05:30,-0.1374,-0.0693,0,,1.6861,17.65,-0.8458,0,0.6956,1.0,3,1,0,0,3,4,2025-05-20 12:55:00+05:30,2025-05-20 13:00:00+05:30,2025-05-20 14:10:00+05:30,1469.9,1464.132142857143,1480.2821428571428,-5.7679,L
S625,CIPLA,2025-05-20 13:35:00+05:30,0.0095,-0.0467,7,5.0,0.1971,21.74,4.0746,0,1.8021,,0,1,0,1,0,1,2025-05-20 13:35:00+05:30,2025-05-20 13:40:00+05:30,2025-05-20 14:00:00+05:30,1470.1,1465.85,1477.75,-4.25,L
S626,CIPLA,2025-05-21 09:15:00+05:30,,,0,,1.1486,49.54,0.1196,0,0.9122,,0,1,0,1,0,1,2025-05-21 09:15:00+05:30,2025-05-21 09:20:00+05:30,2025-05-21 09:30:00+05:30,1465.5,1456.946428571429,1480.8964285714285,15.3964,W
S627,CIPLA,2025-05-21 11:45:00+05:30,0.1571,0.1498,29,11.0,0.1628,8.33,1.3377,0,0.5638,,0,0,1,1,0,1,2025-05-21 11:45:00+05:30,2025-05-21 11:50:00+05:30,2025-05-21 13:50:00+05:30,1486.3,1480.3892857142855,1496.9392857142857,-5.9107,L
S628,CIPLA,2025-05-21 11:55:00+05:30,0.1392,0.1669,0,,0.2836,36.84,-0.2908,0,0.3953,,0,0,1,1,0,1,2025-05-21 11:55:00+05:30,2025-05-21 12:00:00+05:30,2025-05-21 12:15:00+05:30,1487.6,1481.3857142857144,1498.785714285714,-6.2143,L
S629,CIPLA,2025-05-21 12:20:00+05:30,0.0037,0.0921,0,,1.2888,59.38,-1.0,0,0.6253,0.0,3,0,1,0,3,4,2025-05-21 12:35:00+05:30,2025-05-21 12:40:00+05:30,2025-05-21 13:50:00+05:30,1487.2,1480.682142857143,1498.9321428571427,-6.5179,L
S630,CIPLA,2025-05-21 12:45:00+05:30,-0.032,-0.0404,0,,0.5906,14.29,0.0101,0,1.0535,,0,0,1,1,0,1,2025-05-21 12:45:00+05:30,2025-05-21 12:50:00+05:30,2025-05-21 13:50:00+05:30,1486.5,1480.2142857142858,1497.8142857142857,-6.2857,L
S631,CIPLA,2025-05-21 12:55:00+05:30,-0.0249,-0.0303,0,,0.539,62.5,-0.9306,0,1.1426,,0,0,1,1,0,1,2025-05-21 12:55:00+05:30,2025-05-21 13:00:00+05:30,2025-05-21 13:50:00+05:30,1486.6,1479.9214285714286,1498.6214285714284,-6.6786,L
S632,CIPLA,2025-05-21 13:35:00+05:30,0.0135,0.0229,6,6.0,0.1234,52.63,2.4615,0,0.8405,,0,0,1,1,0,1,2025-05-21 13:35:00+05:30,2025-05-21 13:40:00+05:30,2025-05-21 13:50:00+05:30,1487.5,1482.232142857143,1496.982142857143,-5.2679,L
S633,CIPLA,2025-05-22 10:40:00+05:30,-0.2579,-0.2599,0,,0.9763,0.0,-0.7256,0,1.1568,1.0,3,0,0,0,3,4,2025-05-22 10:55:00+05:30,2025-05-22 11:00:00+05:30,2025-05-22 15:00:00+05:30,1471.0,1463.5357142857142,1484.4357142857143,1.7,EOD+
S634,CIPLA,2025-05-22 13:45:00+05:30,-0.1298,-0.0795,0,,1.4646,47.83,-0.8782,0,1.0898,1.0,3,0,1,0,3,4,2025-05-22 14:00:00+05:30,2025-05-22 14:05:00+05:30,2025-05-22 14:35:00+05:30,1470.5,1464.892857142857,1480.5928571428572,-5.6071,L
S635,CIPLA,2025-05-23 09:15:00+05:30,,,0,,1.7273,62.82,-0.6309,0,0.5378,0.0,1,1,0,0,1,2,2025-05-23 09:20:00+05:30,2025-05-23 09:25:00+05:30,2025-05-23 15:00:00+05:30,1471.7,1461.5035714285714,1490.0535714285716,13.3,EOD+
S636,CIPLA,2025-05-23 11:50:00+05:30,-0.004,0.0411,0,,1.6796,73.33,-0.9214,0,0.4486,0.0,3,1,0,0,3,4,2025-05-23 12:05:00+05:30,2025-05-23 12:10:00+05:30,2025-05-23 15:00:00+05:30,1483.8,1478.1214285714286,1494.0214285714285,1.2,EOD+
S637,CIPLA,2025-05-23 12:15:00+05:30,-0.0219,-0.0185,0,,1.0339,100.0,-1.0,0,0.3933,,0,0,1,1,0,1,2025-05-23 12:15:00+05:30,2025-05-23 12:20:00+05:30,2025-05-23 15:00:00+05:30,1483.0,1477.946428571429,1492.0964285714283,2.0,EOD+
S638,CIPLA,2025-05-23 13:25:00+05:30,0.0741,0.0738,12,3.0,0.0854,72.73,1.0,0,0.5175,,0,0,1,1,0,1,2025-05-23 13:25:00+05:30,2025-05-23 13:30:00+05:30,2025-05-23 15:00:00+05:30,1485.8,1481.4071428571428,1493.7071428571428,-0.8,EOD-
S639,CIPLA,2025-05-23 13:35:00+05:30,0.0636,0.0734,1,1.0,0.1301,44.44,0.4286,0,0.9428,,0,0,1,1,0,1,2025-05-23 13:35:00+05:30,2025-05-23 13:40:00+05:30,2025-05-23 15:00:00+05:30,1485.3,1481.2642857142855,1492.5642857142857,-0.3,EOD-
S640,CIPLA,2025-05-23 13:45:00+05:30,0.0515,0.0724,0,,0.9559,17.39,-0.6923,0,1.2118,1.0,1,0,0,0,1,2,2025-05-23 13:50:00+05:30,2025-05-23 13:55:00+05:30,2025-05-23 15:00:00+05:30,1486.0,1481.75,1493.65,-1.0,EOD-
S641,CIPLA,2025-05-26 09:15:00+05:30,,,0,,0.03,3.19,19.0,0,2.9797,,0,1,0,1,0,1,2025-05-26 09:15:00+05:30,2025-05-26 09:20:00+05:30,2025-05-26 10:25:00+05:30,1486.9,1480.239285714286,1498.889285714286,-6.6607,L
S642,CIPLA,2025-05-26 09:25:00+05:30,,,0,,0.3522,54.35,-0.3249,0,0.984,,0,1,0,1,0,1,2025-05-26 09:25:00+05:30,2025-05-26 09:30:00+05:30,2025-05-26 10:25:00+05:30,1487.2,1478.7892857142858,1502.3392857142858,-8.4107,L
S643,CIPLA,2025-05-26 09:35:00+05:30,,,0,,0.0998,80.77,0.8667,0,1.3295,,0,0,0,1,0,1,2025-05-26 09:35:00+05:30,2025-05-26 09:40:00+05:30,2025-05-26 10:25:00+05:30,1489.3,1479.9071428571428,1506.2071428571428,-9.3929,L
S644,CIPLA,2025-05-26 10:00:00+05:30,0.0549,0.0532,4,3.0,0.0478,25.93,6.8947,0,0.5492,,0,0,1,1,0,1,2025-05-26 10:00:00+05:30,2025-05-26 10:05:00+05:30,2025-05-26 15:00:00+05:30,1487.0,1477.053571428571,1504.9035714285717,-0.9,EOD-
S645,CIPLA,2025-05-26 11:15:00+05:30,-0.0465,-0.0054,0,,0.909,28.57,-0.8214,0,0.7593,1.0,3,0,1,0,3,4,2025-05-26 11:30:00+05:30,2025-05-26 11:35:00+05:30,2025-05-26 15:00:00+05:30,1484.2,1478.0392857142858,1495.2892857142858,1.9,EOD+
S646,CIPLA,2025-05-26 12:20:00+05:30,-0.0212,-0.031,0,,1.1323,13.33,-0.803,0,0.8407,1.0,3,0,1,0,3,4,2025-05-26 12:35:00+05:30,2025-05-26 12:40:00+05:30,2025-05-26 15:00:00+05:30,1484.1,1479.617857142857,1492.1678571428572,2.0,EOD+
S647,CIPLA,2025-05-26 14:05:00+05:30,0.064,0.062,17,4.0,0.1476,0.0,4.1282,0,0.9715,,0,0,1,1,0,1,2025-05-26 14:05:00+05:30,2025-05-26 14:10:00+05:30,2025-05-26 15:00:00+05:30,1486.0,1482.6964285714284,1491.946428571429,0.1,EOD+
S648,CIPLA,2025-05-26 14:15:00+05:30,0.0599,0.0673,1,1.0,0.052,33.33,3.6154,0,0.7826,,0,0,1,1,0,1,2025-05-26 14:15:00+05:30,2025-05-26 14:20:00+05:30,2025-05-26 15:00:00+05:30,1485.6,1482.475,1491.225,0.5,EOD+
S649,CIPLA,2025-05-26 14:25:00+05:30,0.0468,0.065,0,,0.4888,53.85,0.0169,0,0.8108,,0,0,1,1,0,1,2025-05-26 14:25:00+05:30,2025-05-26 14:30:00+05:30,2025-05-26 15:00:00+05:30,1486.1,1483.0821428571428,1491.5321428571428,0.0,EOD-
S650,CIPLA,2025-05-27 09:15:00+05:30,,,0,,2.3819,34.09,-0.5306,0,1.5543,0.0,3,0,0,0,3,4,2025-05-27 09:30:00+05:30,2025-05-27 09:35:00+05:30,2025-05-27 10:00:00+05:30,1485.2,1480.057142857143,1494.457142857143,-5.1429,L
S651,CIPLA,2025-05-27 09:45:00+05:30,0.0101,,1,1.0,0.0185,93.1,-1.0,0,0.3009,0.0,1,0,1,0,1,2,2025-05-27 09:50:00+05:30,2025-05-27 09:55:00+05:30,2025-05-27 10:55:00+05:30,1485.5,1477.4107142857142,1500.0607142857143,-8.0893,L
S652,CIPLA,2025-05-27 10:50:00+05:30,-0.0422,-0.0641,0,,1.7058,95.83,-0.9734,0,5.4497,1.0,3,0,0,0,3,4,2025-05-27 11:05:00+05:30,2025-05-27 11:10:00+05:30,2025-05-27 14:15:00+05:30,1485.7,1480.182142857143,1495.632142857143,-5.5179,L
S653,CIPLA,2025-05-27 11:15:00+05:30,-0.0297,-0.0462,1,1.0,0.1939,37.5,2.8095,0,0.8374,,0,1,1,1,0,1,2025-05-27 11:15:00+05:30,2025-05-27 11:20:00+05:30,2025-05-27 14:25:00+05:30,1485.3,1478.5321428571428,1497.482142857143,-6.7679,L
S654,CIPLA,2025-05-27 12:25:00+05:30,0.0845,0.0825,13,11.0,0.8052,28.0,-0.0955,0,0.3682,1.0,1,0,0,0,1,2,2025-05-27 12:30:00+05:30,2025-05-27 12:35:00+05:30,2025-05-27 14:15:00+05:30,1487.3,1481.1214285714284,1498.4214285714288,-6.1786,L
S655,CIPLA,2025-05-27 12:45:00+05:30,0.0851,0.1003,0,,0.9349,75.0,-0.8985,0,0.6077,1.0,3,0,1,0,3,4,2025-05-27 13:00:00+05:30,2025-05-27 13:05:00+05:30,2025-05-27 14:10:00+05:30,1487.3,1482.0321428571428,1496.7821428571428,-5.2679,L
S656,CIPLA,2025-05-27 13:10:00+05:30,0.0108,0.0565,0,,0.0147,42.11,5.6667,0,1.0617,,0,0,1,1,0,1,2025-05-27 13:10:00+05:30,2025-05-27 13:15:00+05:30,2025-05-27 14:15:00+05:30,1486.7,1481.5928571428572,1495.892857142857,-5.1071,L
S657,CIPLA,2025-05-27 13:20:00+05:30,-0.0064,0.0175,0,,0.5574,53.33,-0.8104,0,2.7561,1.0,1,0,0,0,1,2,2025-05-27 13:25:00+05:30,2025-05-27 13:30:00+05:30,2025-05-27 13:55:00+05:30,1489.0,1484.267857142857,1497.517857142857,-4.7321,L
S658,CIPLA,2025-05-28 11:55:00+05:30,-0.0922,-0.0884,0,,1.5291,30.95,-0.5497,0,1.9726,0.0,3,0,0,0,3,4,2025-05-28 12:10:00+05:30,2025-05-28 12:15:00+05:30,2025-05-28 13:45:00+05:30,1475.2,1470.8428571428572,1483.0428571428572,-4.3571,L
S659,CIPLA,2025-05-29 09:15:00+05:30,,,0,,0.0659,46.15,15.0,0,1.3323,,0,1,0,1,0,1,2025-05-29 09:15:00+05:30,2025-05-29 09:20:00+05:30,2025-05-29 10:20:00+05:30,1472.2,1465.557142857143,1484.157142857143,-6.6429,L
S660,CIPLA,2025-05-29 09:25:00+05:30,,,0,,0.312,39.39,0.6216,0,1.7016,,0,0,0,1,0,1,2025-05-29 09:25:00+05:30,2025-05-29 09:30:00+05:30,2025-05-29 15:00:00+05:30,1469.7,1462.2892857142856,1483.0392857142858,4.2,EOD+
S661,CIPLA,2025-05-29 09:35:00+05:30,,,0,,0.3966,100.0,-1.0,0,0.6232,,0,0,0,1,0,1,2025-05-29 09:35:00+05:30,2025-05-29 09:40:00+05:30,2025-05-29 10:40:00+05:30,1471.2,1463.2892857142856,1485.439285714286,-7.9107,L
S662,CIPLA,2025-05-29 09:55:00+05:30,0.0187,0.0024,3,2.0,0.4937,65.71,-0.4937,0,0.4129,1.0,2,0,0,0,2,3,2025-05-29 10:05:00+05:30,2025-05-29 10:10:00+05:30,2025-05-29 15:00:00+05:30,1470.1,1462.1,1484.5,3.8,EOD+
S663,CIPLA,2025-05-29 10:50:00+05:30,-0.0535,-0.0742,0,,1.902,37.5,-0.732,0,0.6607,0.0,3,0,1,0,3,4,2025-05-29 11:05:00+05:30,2025-05-29 11:10:00+05:30,2025-05-29 15:00:00+05:30,1468.4,1462.025,1479.875,5.5,EOD+
S664,CIPLA,2025-05-29 12:40:00+05:30,0.1369,0.1539,18,3.0,0.1518,21.43,-0.2593,0,1.2911,,0,1,0,1,0,1,2025-05-29 12:40:00+05:30,2025-05-29 12:45:00+05:30,2025-05-29 14:00:00+05:30,1472.6,1468.1535714285712,1480.6035714285715,-4.4464,L
S665,CIPLA,2025-05-29 14:05:00+05:30,-0.0846,-0.053,0,,1.7254,53.57,-1.0,0,0.4657,0.0,3,0,1,0,3,4,2025-05-29 14:20:00+05:30,2025-05-29 14:25:00+05:30,2025-05-29 15:00:00+05:30,1472.8,1466.192857142857,1484.692857142857,1.1,EOD+
S666,CIPLA,2025-05-30 09:45:00+05:30,0.1821,,6,5.0,0.0955,42.31,3.1096,0,0.3226,,0,0,0,1,0,1,2025-05-30 09:45:00+05:30,2025-05-30 09:50:00+05:30,2025-05-30 15:00:00+05:30,1478.5,1468.946428571429,1495.696428571429,-9.5536,L
S667,CIPLA,2025-05-30 10:00:00+05:30,0.1079,0.1821,1,1.0,0.045,91.3,-0.3939,0,0.21,1.0,1,0,1,0,1,2,2025-05-30 10:05:00+05:30,2025-05-30 10:10:00+05:30,2025-05-30 10:40:00+05:30,1480.4,1471.239285714286,1496.889285714286,-9.1607,L
S668,CIPLA,2025-05-30 11:05:00+05:30,-0.1025,-0.0179,0,,1.0783,41.67,-0.8499,0,1.4714,0.0,3,1,1,0,3,4,2025-05-30 11:20:00+05:30,2025-05-30 11:25:00+05:30,2025-05-30 15:00:00+05:30,1479.1,1472.9214285714286,1490.2214285714283,-6.1786,L
S669,CIPLA,2025-05-30 12:50:00+05:30,0.1148,0.1456,17,9.0,0.1231,14.29,5.25,0,1.1971,,0,0,0,1,0,1,2025-05-30 12:50:00+05:30,2025-05-30 12:55:00+05:30,2025-05-30 15:00:00+05:30,1482.4,1477.525,1491.1750000000004,-4.875,L
S670,CIPLA,2025-05-30 13:25:00+05:30,0.0748,0.112,5,3.0,0.0194,83.33,7.5714,0,1.2057,,0,0,0,1,0,1,2025-05-30 13:25:00+05:30,2025-05-30 13:30:00+05:30,2025-05-30 14:55:00+05:30,1485.6,1481.0999999999997,1493.7,-4.5,L
S671,CIPLA,2025-05-30 14:25:00+05:30,0.0579,0.0522,11,2.0,0.1481,35.29,0.1765,0,1.1837,,0,0,0,1,0,1,2025-05-30 14:25:00+05:30,2025-05-30 14:30:00+05:30,2025-05-30 14:45:00+05:30,1486.0,1481.6964285714284,1493.7464285714286,-4.3036,L
S672,CIPLA,2025-06-02 10:35:00+05:30,-0.1469,-0.3246,0,,1.3228,50.0,-0.5864,0,0.9108,1.0,3,0,1,0,3,4,2025-06-02 10:50:00+05:30,2025-06-02 10:55:00+05:30,2025-06-02 15:00:00+05:30,1463.2,1455.4321428571427,1477.1821428571432,6.4,EOD+
S673,CIPLA,2025-06-02 11:15:00+05:30,0.0403,-0.0304,3,1.0,0.4192,73.68,-0.1,0,3.8128,,0,0,0,1,0,1,2025-06-02 11:15:00+05:30,2025-06-02 11:20:00+05:30,2025-06-02 15:00:00+05:30,1465.9,1459.9357142857143,1476.6357142857146,3.7,EOD+
S674,CIPLA,2025-06-02 14:10:00+05:30,-0.0602,-0.064,0,,1.3401,10.0,-0.6706,0,1.4411,1.0,3,0,1,0,3,4,2025-06-02 14:25:00+05:30,2025-06-02 14:30:00+05:30,2025-06-02 15:00:00+05:30,1470.0,1466.0357142857142,1477.1357142857144,-0.4,EOD-
S675,CIPLA,2025-06-03 09:15:00+05:30,,,0,,0.3729,20.17,0.8587,0,2.0193,,0,0,0,1,0,1,2025-06-03 09:15:00+05:30,2025-06-03 09:20:00+05:30,2025-06-03 09:55:00+05:30,1470.0,1460.982142857143,1486.2321428571431,-9.0179,L
S676,CIPLA,2025-06-03 10:15:00+05:30,-0.1078,-0.118,0,,1.377,41.67,-0.9331,0,0.7605,1.0,3,1,0,0,3,4,2025-06-03 10:30:00+05:30,2025-06-03 10:35:00+05:30,2025-06-03 15:00:00+05:30,1465.4,1457.257142857143,1480.057142857143,5.9,EOD+
S677,CIPLA,2025-06-03 10:40:00+05:30,-0.1189,-0.1191,0,,0.6802,60.87,-0.8058,0,0.3228,,0,0,1,1,0,1,2025-06-03 10:40:00+05:30,2025-06-03 10:45:00+05:30,2025-06-03 15:00:00+05:30,1463.4,1457.7214285714283,1473.6214285714286,7.9,EOD+
S678,CIPLA,2025-06-03 11:40:00+05:30,0.0727,0.0557,10,3.0,1.1674,62.5,-0.6205,0,0.6398,0.0,3,1,1,0,3,4,2025-06-03 11:55:00+05:30,2025-06-03 12:00:00+05:30,2025-06-03 15:00:00+05:30,1465.1,1459.4571428571428,1475.2571428571428,6.2,EOD+
S679,CIPLA,2025-06-03 12:45:00+05:30,-0.0276,0.0007,0,,0.8552,31.25,-0.8577,0,1.6308,1.0,3,1,1,0,3,4,2025-06-03 13:00:00+05:30,2025-06-03 13:05:00+05:30,2025-06-03 15:00:00+05:30,1465.1,1460.992857142857,1472.492857142857,7.3929,W
S680,CIPLA,2025-06-03 13:45:00+05:30,0.0464,0.0348,8,3.0,0.208,7.69,5.6667,0,3.0641,,0,0,0,1,0,1,2025-06-03 13:45:00+05:30,2025-06-03 13:50:00+05:30,2025-06-03 15:00:00+05:30,1467.2,1463.4142857142856,1474.014285714286,4.1,EOD+
S681,CIPLA,2025-06-04 09:15:00+05:30,,,0,,1.444,45.03,0.5904,0,3.0469,,0,0,0,1,0,1,2025-06-04 09:15:00+05:30,2025-06-04 09:20:00+05:30,2025-06-04 14:05:00+05:30,1480.7,1472.7535714285714,1495.0035714285714,-7.9464,L
S682,CIPLA,2025-06-04 10:50:00+05:30,0.1527,0.1359,18,18.0,0.0399,73.68,3.5455,0,0.4083,,0,0,1,1,0,1,2025-06-04 10:50:00+05:30,2025-06-04 10:55:00+05:30,2025-06-04 12:55:00+05:30,1481.6,1474.7071428571428,1494.0071428571428,-6.8929,L
S683,CIPLA,2025-06-04 11:00:00+05:30,0.0929,0.1362,0,,0.0292,100.0,-1.0,0,0.9932,1.0,2,0,0,0,2,3,2025-06-04 11:10:00+05:30,2025-06-04 11:15:00+05:30,2025-06-04 12:55:00+05:30,1483.4,1476.9892857142856,1494.939285714286,-6.4107,L
S684,CIPLA,2025-06-04 13:35:00+05:30,-0.1648,-0.1626,0,,1.7346,5.56,-0.9646,0,0.2006,0.0,3,0,1,0,3,4,2025-06-04 13:50:00+05:30,2025-06-04 13:55:00+05:30,2025-06-04 14:05:00+05:30,1477.2,1473.1285714285716,1484.5285714285717,-4.0714,L
S685,CIPLA,2025-06-05 10:20:00+05:30,0.3459,0.3571,13,9.0,0.4462,54.55,0.1111,0,0.632,,0,0,0,1,0,1,2025-06-05 10:20:00+05:30,2025-06-05 10:25:00+05:30,2025-06-05 15:00:00+05:30,1486.2,1473.5928571428572,1508.892857142857,5.6,EOD+
S686,CIPLA,2025-06-05 11:50:00+05:30,-0.1154,-0.1386,0,,2.3697,26.09,-0.6368,0,1.4064,1.0,3,0,1,0,3,4,2025-06-05 12:05:00+05:30,2025-06-05 12:10:00+05:30,2025-06-05 12:55:00+05:30,1487.6,1483.242857142857,1495.4428571428573,7.8429,W
S687,CIPLA,2025-06-06 09:15:00+05:30,,,0,,0.0573,0.0,1.5806,0,1.1278,,0,0,0,1,0,1,2025-06-06 09:15:00+05:30,2025-06-06 09:20:00+05:30,2025-06-06 14:35:00+05:30,1489.8,1483.0321428571428,1501.982142857143,12.1821,W
S688,CIPLA,2025-06-06 09:50:00+05:30,-0.0188,,0,,1.2007,65.0,-0.8628,0,0.7992,1.0,3,1,0,0,3,4,2025-06-06 10:05:00+05:30,2025-06-06 10:10:00+05:30,2025-06-06 15:00:00+05:30,1492.7,1485.1107142857145,1506.3607142857145,8.3,EOD+
S689,CIPLA,2025-06-06 10:15:00+05:30,-0.0356,-0.0245,0,,0.4868,68.97,-0.6694,0,0.1245,1.0,1,0,1,0,1,2,2025-06-06 10:20:00+05:30,2025-06-06 10:25:00+05:30,2025-06-06 15:00:00+05:30,1489.5,1480.178571428571,1506.2785714285717,11.5,EOD+
S690,CIPLA,2025-06-06 10:30:00+05:30,-0.039,-0.0356,0,,0.1806,20.0,0.8333,0,0.1638,,0,1,1,1,0,1,2025-06-06 10:30:00+05:30,2025-06-06 10:35:00+05:30,2025-06-06 15:00:00+05:30,1489.5,1481.1964285714284,1504.446428571429,11.5,EOD+
S691,CIPLA,2025-06-06 11:25:00+05:30,0.1338,0.0668,9,4.0,0.0403,77.5,3.5455,0,3.3304,,0,0,0,1,0,1,2025-06-06 11:25:00+05:30,2025-06-06 11:30:00+05:30,2025-06-06 15:00:00+05:30,1494.5,1487.6785714285716,1506.7785714285717,6.5,EOD+
S692,CIPLA,2025-06-06 12:35:00+05:30,0.0137,0.0449,0,,1.1539,7.69,-0.763,0,2.492,1.0,3,0,0,0,3,4,2025-06-06 12:50:00+05:30,2025-06-06 12:55:00+05:30,2025-06-06 15:00:00+05:30,1495.4,1490.8285714285714,1503.6285714285716,5.6,EOD+
S693,CIPLA,2025-06-09 09:25:00+05:30,,,2,2.0,0.2617,23.08,0.3953,0,0.5694,,0,0,0,1,0,1,2025-06-09 09:25:00+05:30,2025-06-09 09:30:00+05:30,2025-06-09 15:00:00+05:30,1502.5,1494.2857142857142,1517.2857142857142,3.5,EOD+
S694,CIPLA,2025-06-09 10:10:00+05:30,-0.0163,0.011,0,,0.9963,37.04,-0.8542,0,0.2922,0.0,3,1,1,0,3,4,2025-06-09 10:25:00+05:30,2025-06-09 10:30:00+05:30,2025-06-09 15:00:00+05:30,1502.0,1493.392857142857,1517.4928571428572,4.0,EOD+
S695,CIPLA,2025-06-09 10:35:00+05:30,-0.0296,-0.0346,1,1.0,0.2474,29.41,0.7094,0,0.5831,,0,0,1,1,0,1,2025-06-09 10:35:00+05:30,2025-06-09 10:40:00+05:30,2025-06-09 15:00:00+05:30,1502.5,1496.5892857142858,1513.1392857142855,3.5,EOD+
S696,CIPLA,2025-06-09 11:05:00+05:30,-0.038,-0.0296,5,5.0,0.2391,64.71,-0.1667,0,2.1914,1.0,1,0,0,0,1,2,2025-06-09 11:10:00+05:30,2025-06-09 11:15:00+05:30,2025-06-09 15:00:00+05:30,1504.0,1498.982142857143,1513.0321428571428,2.0,EOD+
S697,CIPLA,2025-06-09 11:40:00+05:30,0.0816,0.0583,5,1.0,0.0032,79.17,-1.0,0,1.2653,0.0,1,0,1,0,1,2,2025-06-09 11:45:00+05:30,2025-06-09 11:50:00+05:30,2025-06-09 15:00:00+05:30,1504.2,1500.2535714285714,1511.3035714285716,1.8,EOD+
S698,CIPLA,2025-06-09 12:00:00+05:30,0.0712,0.0772,2,2.0,1.093,68.97,-0.4944,0,2.8867,1.0,2,0,0,0,2,3,2025-06-09 12:10:00+05:30,2025-06-09 12:15:00+05:30,2025-06-09 15:00:00+05:30,1505.2,1501.1285714285714,1512.5285714285717,0.8,EOD+
S699,CIPLA,2025-06-09 12:25:00+05:30,0.0369,0.0565,2,2.0,0.0198,40.0,21.8571,0,1.5337,,0,0,0,1,0,1,2025-06-09 12:25:00+05:30,2025-06-09 12:30:00+05:30,2025-06-09 15:00:00+05:30,1503.7,1499.2892857142858,1511.6392857142855,2.3,EOD+
S700,CIPLA,2025-06-09 13:55:00+05:30,0.0511,0.0578,16,8.0,0.6578,61.9,0.0256,0,0.6737,,0,0,0,1,0,1,2025-06-09 13:55:00+05:30,2025-06-09 14:00:00+05:30,2025-06-09 14:45:00+05:30,1506.4,1503.4357142857143,1511.7357142857145,-2.9643,L
S701,CIPLA,2025-06-10 09:25:00+05:30,,,2,2.0,0.2497,70.0,-0.3162,0,0.6858,0.0,1,0,0,0,1,2,2025-06-10 09:30:00+05:30,2025-06-10 09:35:00+05:30,2025-06-10 15:00:00+05:30,1507.9,1502.0428571428572,1518.442857142857,0.4,EOD+
S702,CIPLA,2025-06-10 10:15:00+05:30,0.0285,0.0548,0,,0.6341,40.0,-0.822,0,0.4329,0.0,3,0,1,0,3,4,2025-06-10 10:30:00+05:30,2025-06-10 10:35:00+05:30,2025-06-10 15:00:00+05:30,1507.4,1500.757142857143,1519.357142857143,0.9,EOD+
S703,CIPLA,2025-06-10 10:40:00+05:30,0.0113,0.0176,1,1.0,0.6258,63.16,-0.8104,0,0.7681,1.0,3,0,1,0,3,4,2025-06-10 10:55:00+05:30,2025-06-10 11:00:00+05:30,2025-06-10 15:00:00+05:30,1508.4,1504.1857142857143,1515.9857142857145,-0.1,EOD-
S704,CIPLA,2025-06-10 11:15:00+05:30,0.002,0.0017,3,3.0,0.0875,71.43,-0.2857,0,0.3577,0.0,2,0,1,0,2,3,2025-06-10 11:25:00+05:30,2025-06-10 11:30:00+05:30,2025-06-10 15:00:00+05:30,1507.6,1503.6,1514.8,0.7,EOD+
S705,CIPLA,2025-06-10 11:35:00+05:30,-0.0328,-0.0033,0,,0.9038,8.33,-0.9273,0,0.6908,1.0,2,0,1,0,2,3,2025-06-10 11:45:00+05:30,2025-06-10 11:50:00+05:30,2025-06-10 15:00:00+05:30,1506.9,1503.0964285714288,1513.7464285714286,1.4,EOD+
S706,CIPLA,2025-06-10 12:00:00+05:30,0.0242,-0.009,1,1.0,0.7493,68.18,-0.386,0,2.6135,1.0,1,0,0,0,1,2,2025-06-10 12:05:00+05:30,2025-06-10 12:10:00+05:30,2025-06-10 15:00:00+05:30,1508.0,1504.196428571429,1514.8464285714283,0.3,EOD+
S707,CIPLA,2025-06-10 12:40:00+05:30,0.0421,0.0289,6,1.0,0.0266,62.16,30.1111,0,3.4751,,0,0,0,1,0,1,2025-06-10 12:40:00+05:30,2025-06-10 12:45:00+05:30,2025-06-10 15:00:00+05:30,1509.4,1505.1678571428572,1517.017857142857,-1.1,EOD-
S708,CIPLA,2025-06-10 13:35:00+05:30,0.0639,0.0745,10,6.0,0.0,91.67,,1,0.4603,,0,0,0,1,0,1,2025-06-10 13:35:00+05:30,2025-06-10 13:40:00+05:30,2025-06-10 15:00:00+05:30,1510.0,1506.142857142857,1516.942857142857,-1.7,EOD-
S709,CIPLA,2025-06-10 13:45:00+05:30,0.0473,0.0738,0,,1.2524,0.0,-0.0937,0,0.7587,0.0,3,0,1,0,3,4,2025-06-10 14:00:00+05:30,2025-06-10 14:05:00+05:30,2025-06-10 14:15:00+05:30,1510.5,1507.196428571429,1516.446428571429,-3.3036,L
S710,CIPLA,2025-06-11 09:15:00+05:30,,,0,,0.2496,20.87,3.4928,0,1.4685,,0,1,0,1,0,1,2025-06-11 09:15:00+05:30,2025-06-11 09:20:00+05:30,2025-06-11 15:00:00+05:30,1515.0,1508.0892857142858,1527.4392857142857,5.9,EOD+
S711,CIPLA,2025-06-11 10:20:00+05:30,0.1518,0.1575,12,3.0,0.2511,14.29,0.6471,0,0.4039,,0,0,0,1,0,1,2025-06-11 10:20:00+05:30,2025-06-11 10:25:00+05:30,2025-06-11 15:00:00+05:30,1516.0,1507.5357142857142,1531.2357142857145,4.9,EOD+
S712,CIPLA,2025-06-11 10:40:00+05:30,0.1443,0.1465,3,2.0,0.0136,2.94,66.5,0,0.6976,,0,1,0,1,0,1,2025-06-11 10:40:00+05:30,2025-06-11 10:45:00+05:30,2025-06-11 15:00:00+05:30,1520.3,1512.942857142857,1533.542857142857,0.6,EOD+
S713,CIPLA,2025-06-11 10:50:00+05:30,0.1459,0.1398,1,1.0,0.8896,73.33,-0.8008,0,4.5198,1.0,1,0,0,0,1,2,2025-06-11 10:55:00+05:30,2025-06-11 11:00:00+05:30,2025-06-11 15:00:00+05:30,1521.0,1513.946428571429,1533.6964285714284,-0.1,EOD-
S714,CIPLA,2025-06-11 11:25:00+05:30,0.051,0.0935,5,5.0,0.0681,84.21,-0.5238,0,2.9138,1.0,2,0,0,0,2,3,2025-06-11 11:35:00+05:30,2025-06-11 11:40:00+05:30,2025-06-11 15:00:00+05:30,1520.0,1512.2857142857142,1533.885714285714,0.9,EOD+
S715,CIPLA,2025-06-11 11:45:00+05:30,0.0122,0.0362,0,,0.1863,16.67,-0.798,0,5.6156,1.0,3,0,0,0,3,4,2025-06-11 12:00:00+05:30,2025-06-11 12:05:00+05:30,2025-06-11 15:00:00+05:30,1520.2,1513.557142857143,1532.1571428571428,0.7,EOD+
S716,CIPLA,2025-06-11 12:10:00+05:30,0.0194,0.0013,1,1.0,0.8535,9.09,0.1511,0,0.1269,,0,0,0,1,0,1,2025-06-11 12:10:00+05:30,2025-06-11 12:15:00+05:30,2025-06-11 13:30:00+05:30,1519.4,1515.3285714285716,1526.7285714285715,-4.0714,L
S717,CIPLA,2025-06-11 13:25:00+05:30,-0.0342,-0.0385,0,,1.2849,53.85,-0.9031,0,2.1237,1.0,3,0,0,0,3,4,2025-06-11 13:40:00+05:30,2025-06-11 13:45:00+05:30,2025-06-11 15:00:00+05:30,1519.3,1515.2821428571428,1526.5321428571428,1.6,EOD+
S718,CIPLA,2025-06-11 13:50:00+05:30,-0.027,-0.0392,1,1.0,0.1327,57.14,-1.0,0,0.8828,0.0,1,0,1,0,1,2,2025-06-11 13:55:00+05:30,2025-06-11 14:00:00+05:30,2025-06-11 15:00:00+05:30,1518.4,1513.5964285714283,1527.0464285714288,2.5,EOD+
S719,CIPLA,2025-06-11 14:05:00+05:30,-0.0194,-0.027,0,,0.5244,79.17,-1.0,0,0.791,1.0,2,0,0,0,2,3,2025-06-11 14:15:00+05:30,2025-06-11 14:20:00+05:30,2025-06-11 15:00:00+05:30,1518.7,1513.5035714285714,1528.0535714285716,2.2,EOD+
S720,CIPLA,2025-06-11 14:25:00+05:30,0.0023,-0.0247,1,1.0,0.1619,44.0,1.7027,0,1.2507,,0,1,0,1,0,1,2025-06-11 14:25:00+05:30,2025-06-11 14:30:00+05:30,2025-06-11 15:00:00+05:30,1518.6,1512.885714285714,1528.8857142857144,2.3,EOD+
S721,CIPLA,2025-06-12 10:00:00+05:30,0.1737,0.2319,9,8.0,0.3197,40.0,0.3725,0,0.7964,,0,0,0,1,0,1,2025-06-12 10:00:00+05:30,2025-06-12 10:05:00+05:30,2025-06-12 12:55:00+05:30,1526.4,1514.4357142857143,1547.9357142857143,-11.9643,L
S722,CIPLA,2025-06-12 10:10:00+05:30,0.1448,0.1947,0,,0.007,62.96,13.2857,0,0.4056,,0,0,0,1,0,1,2025-06-12 10:10:00+05:30,2025-06-12 10:15:00+05:30,2025-06-12 12:35:00+05:30,1528.4,1515.882142857143,1550.9321428571432,-12.5179,L
S723,CIPLA,2025-06-13 09:35:00+05:30,,,0,,0.999,100.0,-1.0,0,0.4393,0.0,3,0,1,0,3,4,2025-06-13 09:50:00+05:30,2025-06-13 09:55:00+05:30,2025-06-13 15:00:00+05:30,1502.8,1492.1392857142855,1521.9892857142856,-1.0,EOD-
S724,CIPLA,2025-06-13 10:00:00+05:30,0.0466,-0.0007,1,1.0,0.0304,70.13,10.875,0,1.2792,,0,0,0,1,0,1,2025-06-13 10:00:00+05:30,2025-06-13 10:05:00+05:30,2025-06-13 15:00:00+05:30,1502.4,1489.257142857143,1526.057142857143,-0.6,EOD-
S725,CIPLA,2025-06-13 11:20:00+05:30,0.0083,-0.0117,0,,0.556,25.0,-1.0,0,0.4192,0.0,3,1,1,0,3,4,2025-06-13 11:35:00+05:30,2025-06-13 11:40:00+05:30,2025-06-13 15:00:00+05:30,1500.5,1495.4642857142856,1509.564285714286,1.3,EOD+
S726,CIPLA,2025-06-13 12:05:00+05:30,0.0,-0.0697,4,1.0,0.253,78.0,1.4444,0,4.2841,,0,0,0,1,0,1,2025-06-13 12:05:00+05:30,2025-06-13 12:10:00+05:30,2025-06-13 15:00:00+05:30,1500.1,1495.6535714285712,1508.1035714285715,1.7,EOD+
S727,CIPLA,2025-06-13 12:15:00+05:30,0.0247,-0.0133,1,1.0,0.1877,75.0,-0.3651,0,0.5732,1.0,1,0,1,0,1,2,2025-06-13 12:20:00+05:30,2025-06-13 12:25:00+05:30,2025-06-13 15:00:00+05:30,1499.6,1495.4035714285712,1507.1535714285717,2.2,EOD+
S728,CIPLA,2025-06-13 12:30:00+05:30,0.0157,0.0247,0,,0.1773,44.44,-0.2982,0,1.4403,1.0,1,0,0,0,1,2,2025-06-13 12:35:00+05:30,2025-06-13 12:40:00+05:30,2025-06-13 15:00:00+05:30,1503.0,1498.982142857143,1510.232142857143,-1.2,EOD-
S729,CIPLA,2025-06-13 13:00:00+05:30,0.0546,0.0487,4,4.0,0.3565,26.32,0.7391,0,0.6399,,0,1,0,1,0,1,2025-06-13 13:00:00+05:30,2025-06-13 13:05:00+05:30,2025-06-13 15:00:00+05:30,1501.6,1496.760714285714,1510.310714285714,0.2,EOD+
S730,CIPLA,2025-06-13 13:10:00+05:30,0.0313,0.06,0,,0.4301,25.0,-0.8693,0,0.2883,0.0,1,0,1,0,1,2,2025-06-13 13:15:00+05:30,2025-06-13 13:20:00+05:30,2025-06-13 15:00:00+05:30,1501.5,1497.0535714285716,1509.5035714285714,0.3,EOD+
S731,CIPLA,2025-06-13 13:25:00+05:30,0.021,0.0313,1,1.0,0.2613,25.0,-0.0123,0,0.2323,,0,1,1,1,0,1,2025-06-13 13:25:00+05:30,2025-06-13 13:30:00+05:30,2025-06-13 15:00:00+05:30,1501.5,1497.625,1508.475,0.3,EOD+
S732,CIPLA,2025-06-16 09:15:00+05:30,,,0,,1.1883,80.8,-0.5111,0,4.8218,,0,0,0,1,0,1,2025-06-16 09:15:00+05:30,2025-06-16 09:20:00+05:30,2025-06-16 10:15:00+05:30,1522.1,1513.0642857142857,1538.3642857142856,16.2643,W
S733,CIPLA,2025-06-16 10:45:00+05:30,0.4208,0.5116,17,6.0,0.114,27.59,1.5,0,2.2086,,0,0,0,1,0,1,2025-06-16 10:45:00+05:30,2025-06-16 10:50:00+05:30,2025-06-16 15:00:00+05:30,1530.0,1517.7142857142858,1552.1142857142856,-3.7,EOD-
S734,CIPLA,2025-06-16 10:55:00+05:30,0.3371,0.4467,0,,0.3087,27.27,-0.3208,0,0.6145,,0,0,0,1,0,1,2025-06-16 10:55:00+05:30,2025-06-16 11:00:00+05:30,2025-06-16 15:00:00+05:30,1530.9,1520.1678571428572,1550.2178571428572,-4.6,EOD-
S735,CIPLA,2025-06-16 11:40:00+05:30,-0.0265,0.031,0,,1.4869,31.25,-0.6402,0,0.4953,1.0,3,1,1,0,3,4,2025-06-16 11:55:00+05:30,2025-06-16 12:00:00+05:30,2025-06-16 14:55:00+05:30,1532.3,1526.692857142857,1542.392857142857,-5.6071,L
S736,CIPLA,2025-06-16 12:05:00+05:30,-0.0457,-0.0604,0,,0.3949,31.58,0.0778,0,0.2401,,0,0,0,1,0,1,2025-06-16 12:05:00+05:30,2025-06-16 12:10:00+05:30,2025-06-16 15:00:00+05:30,1531.0,1525.7142857142858,1540.5142857142855,-5.2857,L
S737,CIPLA,2025-06-16 12:30:00+05:30,0.0078,-0.015,3,1.0,0.1293,63.16,1.7451,0,1.5873,,0,0,0,1,0,1,2025-06-16 12:30:00+05:30,2025-06-16 12:35:00+05:30,2025-06-16 14:30:00+05:30,1533.1,1528.1714285714284,1541.9714285714283,-4.9286,L
S738,CIPLA,2025-06-16 13:50:00+05:30,-0.0085,0.0072,0,,1.5621,0.0,-0.5585,0,0.7462,1.0,3,0,1,0,3,4,2025-06-16 14:05:00+05:30,2025-06-16 14:10:00+05:30,2025-06-16 14:30:00+05:30,1531.6,1527.975,1538.1249999999998,-3.625,L
S739,CIPLA,2025-06-17 13:20:00+05:30,-0.0555,-0.0927,0,,1.8491,70.83,-0.7857,0,0.9757,1.0,3,0,1,0,3,4,2025-06-17 13:35:00+05:30,2025-06-17 13:40:00+05:30,2025-06-17 14:25:00+05:30,1505.7,1501.9142857142858,1512.5142857142855,-3.7857,L
S740,CIPLA,2025-06-18 09:15:00+05:30,,,0,,2.0986,14.44,-0.2502,0,0.4679,0.0,1,0,1,0,1,2,2025-06-18 09:20:00+05:30,2025-06-18 09:25:00+05:30,2025-06-18 15:00:00+05:30,1506.4,1497.1857142857143,1522.9857142857145,-4.7,EOD-
S741,CIPLA,2025-06-18 09:30:00+05:30,,,1,1.0,0.143,44.74,6.0476,0,0.4988,,0,0,0,1,0,1,2025-06-18 09:30:00+05:30,2025-06-18 09:35:00+05:30,2025-06-18 11:30:00+05:30,1510.2,1501.0214285714287,1526.7214285714283,-9.1786,L
S742,CIPLA,2025-06-18 10:00:00+05:30,0.0761,0.01,5,4.0,0.2707,29.63,0.6162,0,0.469,,0,0,1,1,0,1,2025-06-18 10:00:00+05:30,2025-06-18 10:05:00+05:30,2025-06-18 15:00:00+05:30,1505.6,1496.4571428571426,1522.057142857143,-3.9,EOD-
S743,CIPLA,2025-06-18 10:10:00+05:30,0.1059,0.0502,0,,0.3107,21.21,0.2658,0,0.4623,,0,0,0,1,0,1,2025-06-18 10:10:00+05:30,2025-06-18 10:15:00+05:30,2025-06-18 15:00:00+05:30,1506.7,1497.1642857142856,1523.864285714286,-5.0,EOD-
S744,CIPLA,2025-06-18 10:20:00+05:30,0.1119,0.092,1,1.0,0.1487,83.33,-1.0,0,0.2751,1.0,1,1,1,0,1,2,2025-06-18 10:25:00+05:30,2025-06-18 10:30:00+05:30,2025-06-18 11:30:00+05:30,1508.0,1498.5,1525.1,-9.5,L
S745,CIPLA,2025-06-18 12:00:00+05:30,-0.1181,-0.1117,0,,2.5281,45.83,-0.9771,0,1.4066,0.0,3,0,0,0,3,4,2025-06-18 12:15:00+05:30,2025-06-18 12:20:00+05:30,2025-06-18 14:30:00+05:30,1502.7,1498.3785714285714,1510.4785714285715,-4.3214,L
S746,CIPLA,2025-06-18 13:00:00+05:30,-0.0233,-0.0393,7,6.0,0.1896,68.57,1.0588,0,2.9668,,0,0,0,1,0,1,2025-06-18 13:00:00+05:30,2025-06-18 13:05:00+05:30,2025-06-18 15:00:00+05:30,1501.7,1497.2178571428572,1509.767857142857,0.0,EOD-
S747,CIPLA,2025-06-18 13:20:00+05:30,0.0266,-0.0133,2,2.0,0.2954,55.56,-0.2,0,0.3588,1.0,1,0,1,0,1,2,2025-06-18 13:25:00+05:30,2025-06-18 13:30:00+05:30,2025-06-18 14:30:00+05:30,1502.6,1498.367857142857,1510.217857142857,-4.2321,L
S748,CIPLA,2025-06-18 13:35:00+05:30,0.0486,0.0266,0,,0.1621,20.0,-1.0,0,1.4426,1.0,2,0,1,0,2,3,2025-06-18 13:45:00+05:30,2025-06-18 13:50:00+05:30,2025-06-18 14:25:00+05:30,1502.9,1499.275,1509.425,-3.625,L
S749,CIPLA,2025-06-19 09:15:00+05:30,,,0,,1.5342,20.0,-0.125,0,0.6923,0.0,1,1,0,0,1,2,2025-06-19 09:20:00+05:30,2025-06-19 09:25:00+05:30,2025-06-19 10:40:00+05:30,1501.7,1493.8785714285714,1515.7785714285717,-7.8214,L
S750,CIPLA,2025-06-19 09:35:00+05:30,,,2,1.0,0.0341,16.67,14.2,0,0.1773,,0,0,1,1,0,1,2025-06-19 09:35:00+05:30,2025-06-19 09:40:00+05:30,2025-06-19 10:40:00+05:30,1501.9,1492.739285714286,1518.3892857142855,-9.1607,L
S751,CIPLA,2025-06-19 09:45:00+05:30,0.002,,0,,0.1218,40.0,1.3158,0,0.3492,,0,0,0,1,0,1,2025-06-19 09:45:00+05:30,2025-06-19 09:50:00+05:30,2025-06-19 12:10:00+05:30,1500.6,1490.85,1518.15,-9.75,L
S752,CIPLA,2025-06-19 09:55:00+05:30,-0.001,0.002,0,,0.5151,61.54,-0.4059,0,0.3215,,0,0,0,1,0,1,2025-06-19 09:55:00+05:30,2025-06-19 10:00:00+05:30,2025-06-19 10:55:00+05:30,1501.7,1491.8964285714287,1519.3464285714283,-9.8036,L
S753,CIPLA,2025-06-19 10:05:00+05:30,-0.0047,-0.003,0,,0.2991,18.75,-0.4828,0,0.1257,0.0,2,1,1,0,2,3,2025-06-19 10:15:00+05:30,2025-06-19 10:20:00+05:30,2025-06-19 10:55:00+05:30,1500.9,1491.2035714285714,1518.3535714285715,-9.6964,L
S754,CIPLA,2025-06-19 10:25:00+05:30,-0.0043,-0.0037,1,1.0,0.4615,16.67,0.4232,0,0.2394,,0,0,1,1,0,1,2025-06-19 10:25:00+05:30,2025-06-19 10:30:00+05:30,2025-06-19 10:40:00+05:30,1501.1,1493.867857142857,1514.1178571428572,-7.2321,L
S755,CIPLA,2025-06-19 13:00:00+05:30,-0.0711,-0.051,0,,2.2053,41.03,-0.6897,0,2.2276,0.0,3,0,0,0,3,4,2025-06-19 13:15:00+05:30,2025-06-19 13:20:00+05:30,2025-06-19 14:10:00+05:30,1491.4,1486.65,1499.95,-4.75,L
S756,CIPLA,2025-06-20 09:15:00+05:30,,,0,,1.7056,54.46,-0.4412,0,0.5868,,0,1,0,1,0,1,2025-06-20 09:15:00+05:30,2025-06-20 09:20:00+05:30,2025-06-20 10:35:00+05:30,1490.5,1482.892857142857,1504.192857142857,13.6929,W
S757,CIPLA,2025-06-20 11:10:00+05:30,0.1943,0.3003,22,7.0,0.313,4.0,0.9394,0,0.9705,,0,0,0,1,0,1,2025-06-20 11:10:00+05:30,2025-06-20 11:15:00+05:30,2025-06-20 15:00:00+05:30,1498.8,1492.2107142857144,1510.6607142857142,5.0,EOD+
S758,CIPLA,2025-06-20 11:30:00+05:30,0.117,0.1478,3,3.0,0.1654,45.45,-0.726,0,0.616,,0,0,1,1,0,1,2025-06-20 11:30:00+05:30,2025-06-20 11:35:00+05:30,2025-06-20 15:00:00+05:30,1499.6,1494.0821428571428,1509.5321428571426,4.2,EOD+
S759,CIPLA,2025-06-20 11:40:00+05:30,0.121,0.1104,0,,0.4358,50.0,-0.6891,0,1.5797,,0,0,0,1,0,1,2025-06-20 11:40:00+05:30,2025-06-20 11:45:00+05:30,2025-06-20 15:00:00+05:30,1501.1,1495.5642857142857,1511.0642857142857,2.7,EOD+
S760,CIPLA,2025-06-20 12:20:00+05:30,0.026,0.055,6,2.0,0.1365,92.59,-1.0,0,1.4129,1.0,1,1,0,0,1,2,2025-06-20 12:25:00+05:30,2025-06-20 12:30:00+05:30,2025-06-20 15:00:00+05:30,1501.4,1495.632142857143,1511.7821428571428,2.4,EOD+
S761,CIPLA,2025-06-20 12:35:00+05:30,-0.031,0.026,0,,1.6321,26.92,-0.7374,0,0.4753,0.0,2,0,0,0,2,3,2025-06-20 12:45:00+05:30,2025-06-20 12:50:00+05:30,2025-06-20 15:00:00+05:30,1500.4,1493.4,1513.0,3.4,EOD+
S762,CIPLA,2025-06-20 13:00:00+05:30,0.01,-0.029,0,,0.6174,17.65,-0.7674,0,1.1194,1.0,3,0,0,0,3,4,2025-06-20 13:15:00+05:30,2025-06-20 13:20:00+05:30,2025-06-20 15:00:00+05:30,1505.1,1498.135714285714,1517.6357142857144,-1.3,EOD-
S763,CIPLA,2025-06-20 13:40:00+05:30,0.0459,0.0536,4,2.0,0.4032,51.06,1.3077,0,3.3597,,0,0,0,1,0,1,2025-06-20 13:40:00+05:30,2025-06-20 13:45:00+05:30,2025-06-20 15:00:00+05:30,1503.1,1497.4571428571428,1513.2571428571428,0.7,EOD+
S764,CIPLA,2025-06-20 13:50:00+05:30,0.02,0.0686,0,,0.1848,37.93,2.0588,0,0.5859,,0,1,1,1,0,1,2025-06-20 13:50:00+05:30,2025-06-20 13:55:00+05:30,2025-06-20 15:00:00+05:30,1504.2,1498.45,1514.55,-0.4,EOD-
S765,CIPLA,2025-06-20 14:10:00+05:30,0.0203,0.004,2,1.0,0.0021,14.29,19.0,0,0.5334,,0,0,1,1,0,1,2025-06-20 14:10:00+05:30,2025-06-20 14:15:00+05:30,2025-06-20 15:00:00+05:30,1502.4,1496.507142857143,1513.007142857143,1.4,EOD+
S766,CIPLA,2025-06-20 14:20:00+05:30,0.0612,0.0093,0,,0.2859,73.53,-1.0,0,0.9353,,0,0,0,1,0,1,2025-06-20 14:20:00+05:30,2025-06-20 14:25:00+05:30,2025-06-20 15:00:00+05:30,1504.5,1498.553571428571,1515.2035714285716,-0.7,EOD-
S767,CIPLA,2025-06-23 09:15:00+05:30,,,0,,2.347,31.09,-0.2459,0,0.5846,,0,0,0,1,0,1,2025-06-23 09:15:00+05:30,2025-06-23 09:20:00+05:30,2025-06-23 09:30:00+05:30,1503.4,1493.9357142857143,1520.4357142857143,-9.4643,L
S768,CIPLA,2025-06-23 10:30:00+05:30,-0.2547,-0.3059,0,,0.9939,35.29,-0.8286,0,0.1718,1.0,3,0,1,0,3,4,2025-06-23 10:45:00+05:30,2025-06-23 10:50:00+05:30,2025-06-23 15:00:00+05:30,1491.5,1482.6964285714284,1507.3464285714283,8.7,EOD+
S769,CIPLA,2025-06-23 10:55:00+05:30,-0.1326,-0.1828,0,,1.1557,16.28,-0.4326,0,0.4002,0.0,1,0,0,0,1,2,2025-06-23 11:00:00+05:30,2025-06-23 11:05:00+05:30,2025-06-23 15:00:00+05:30,1491.2,1483.575,1504.9250000000002,9.0,EOD+
S770,CIPLA,2025-06-23 12:55:00+05:30,0.095,0.0954,22,2.0,0.1176,36.36,1.8125,0,0.8367,,0,0,0,1,0,1,2025-06-23 12:55:00+05:30,2025-06-23 13:00:00+05:30,2025-06-23 15:00:00+05:30,1495.9,1489.0964285714283,1508.1464285714287,4.3,EOD+
S771,CIPLA,2025-06-23 13:05:00+05:30,0.0715,0.1033,0,,0.0997,35.29,1.7451,0,0.2857,,0,0,1,1,0,1,2025-06-23 13:05:00+05:30,2025-06-23 13:10:00+05:30,2025-06-23 15:00:00+05:30,1496.6,1490.2071428571428,1508.107142857143,3.6,EOD+
S772,CIPLA,2025-06-23 13:35:00+05:30,0.0384,0.0428,5,3.0,0.1658,46.67,1.8571,0,1.2916,,0,0,0,1,0,1,2025-06-23 13:35:00+05:30,2025-06-23 13:40:00+05:30,2025-06-23 15:00:00+05:30,1497.0,1491.196428571429,1507.4464285714284,3.2,EOD+
S773,CIPLA,2025-06-23 13:45:00+05:30,0.0334,0.0434,0,,0.1156,12.5,2.0769,0,0.4274,,0,0,0,1,0,1,2025-06-23 13:45:00+05:30,2025-06-23 13:50:00+05:30,2025-06-23 15:00:00+05:30,1497.0,1491.375,1507.1249999999998,3.2,EOD+
S774,CIPLA,2025-06-23 13:55:00+05:30,0.0311,0.0421,0,,0.4619,13.04,0.2371,0,0.6452,,0,0,0,1,0,1,2025-06-23 13:55:00+05:30,2025-06-23 14:00:00+05:30,2025-06-23 15:00:00+05:30,1497.2,1491.95,1506.65,3.0,EOD+
S775,CIPLA,2025-06-24 10:50:00+05:30,0.2261,0.2119,19,6.0,0.1227,40.0,4.6757,0,0.621,,0,0,1,1,0,1,2025-06-24 10:50:00+05:30,2025-06-24 10:55:00+05:30,2025-06-24 13:20:00+05:30,1513.5,1505.9642857142858,1527.0642857142857,-7.5357,L
S776,CIPLA,2025-06-24 11:10:00+05:30,0.1376,0.2019,3,3.0,0.2534,85.19,-1.0,0,1.0148,1.0,1,0,0,0,1,2,2025-06-24 11:15:00+05:30,2025-06-24 11:20:00+05:30,2025-06-24 13:15:00+05:30,1514.0,1506.946428571429,1526.6964285714284,-7.0536,L
S777,CIPLA,2025-06-24 11:25:00+05:30,0.1078,0.1376,0,,0.1256,48.28,3.0,0,0.512,,0,0,1,1,0,1,2025-06-24 11:25:00+05:30,2025-06-24 11:30:00+05:30,2025-06-24 13:10:00+05:30,1515.2,1508.2357142857145,1527.7357142857145,-6.9643,L
S778,CIPLA,2025-06-24 11:40:00+05:30,0.043,0.1078,0,,1.0332,21.43,-0.8913,0,1.0443,1.0,3,0,0,0,3,4,2025-06-24 11:55:00+05:30,2025-06-24 12:00:00+05:30,2025-06-24 13:10:00+05:30,1514.4,1507.7214285714288,1526.4214285714286,-6.6786,L
S779,CIPLA,2025-06-24 12:05:00+05:30,-0.0119,-0.0109,0,,0.9658,69.05,-0.5349,0,1.0689,1.0,1,0,0,0,1,2,2025-06-24 12:10:00+05:30,2025-06-24 12:15:00+05:30,2025-06-24 13:15:00+05:30,1513.0,1506.3214285714284,1525.0214285714287,-6.6786,L
S780,CIPLA,2025-06-24 12:20:00+05:30,-0.0013,-0.0119,0,,0.6558,52.0,-0.7753,0,2.1038,1.0,1,0,0,0,1,2,2025-06-24 12:25:00+05:30,2025-06-24 12:30:00+05:30,2025-06-24 13:10:00+05:30,1514.9,1508.1142857142856,1527.114285714286,-6.7857,L
S781,CIPLA,2025-06-24 12:45:00+05:30,0.0225,0.0112,3,1.0,0.6531,67.21,-0.0099,0,1.359,0.0,1,0,0,0,1,2,2025-06-24 12:50:00+05:30,2025-06-24 12:55:00+05:30,2025-06-24 13:10:00+05:30,1514.9,1507.1678571428572,1528.8178571428575,-7.7321,L
S782,CIPLA,2025-06-25 09:35:00+05:30,,,4,4.0,0.2592,10.53,-0.1705,0,0.5644,,0,0,1,1,0,1,2025-06-25 09:35:00+05:30,2025-06-25 09:40:00+05:30,2025-06-25 15:00:00+05:30,1504.4,1493.9357142857143,1523.2357142857145,4.1,EOD+
S783,CIPLA,2025-06-25 09:45:00+05:30,0.0382,,0,,0.493,72.22,-1.0,0,0.3443,,0,0,0,1,0,1,2025-06-25 09:45:00+05:30,2025-06-25 09:50:00+05:30,2025-06-25 15:00:00+05:30,1504.3,1493.3714285714284,1523.9714285714283,4.2,EOD+
S784,CIPLA,2025-06-25 10:45:00+05:30,0.1363,0.1132,11,3.0,0.3015,14.81,1.2378,0,0.5001,,0,0,0,1,0,1,2025-06-25 10:45:00+05:30,2025-06-25 10:50:00+05:30,2025-06-25 12:10:00+05:30,1509.0,1503.0714285714284,1519.6714285714286,-5.9286,L
S785,CIPLA,2025-06-25 12:45:00+05:30,-0.1587,-0.1466,0,,2.3607,10.0,-0.7546,0,1.0681,1.0,3,0,0,0,3,4,2025-06-25 13:00:00+05:30,2025-06-25 13:05:00+05:30,2025-06-25 15:00:00+05:30,1506.3,1501.1214285714286,1515.6214285714286,2.2,EOD+
S786,CIPLA,2025-06-26 09:15:00+05:30,,,0,,0.3564,7.27,1.1429,0,1.5393,,0,1,1,1,0,1,2025-06-26 09:15:00+05:30,2025-06-26 09:20:00+05:30,2025-06-26 09:50:00+05:30,1510.8,1505.8892857142855,1519.6392857142855,8.8393,W
S787,CIPLA,2025-06-26 09:25:00+05:30,,,1,1.0,0.0755,71.88,7.7805,0,0.6394,,0,0,1,1,0,1,2025-06-26 09:25:00+05:30,2025-06-26 09:30:00+05:30,2025-06-26 11:55:00+05:30,1512.0,1505.2142857142858,1524.2142857142856,-6.7857,L
S788,CIPLA,2025-06-26 12:10:00+05:30,-0.1841,-0.222,0,,1.7872,25.0,-0.8079,0,0.6292,0.0,3,0,0,0,3,4,2025-06-26 12:25:00+05:30,2025-06-26 12:30:00+05:30,2025-06-26 15:00:00+05:30,1508.5,1501.9464285714284,1520.2964285714288,4.7,EOD+
S789,CIPLA,2025-06-26 12:45:00+05:30,-0.0816,-0.0739,0,,1.6347,54.55,-0.9244,0,2.2017,1.0,3,0,0,0,3,4,2025-06-26 13:00:00+05:30,2025-06-26 13:05:00+05:30,2025-06-26 15:00:00+05:30,1507.7,1501.6285714285714,1518.6285714285716,5.5,EOD+
S790,CIPLA,2025-06-26 13:10:00+05:30,-0.0853,-0.0982,0,,0.4323,11.11,-0.6954,0,1.4765,1.0,1,1,1,0,1,2,2025-06-26 13:15:00+05:30,2025-06-26 13:20:00+05:30,2025-06-26 15:00:00+05:30,1509.2,1503.5035714285714,1519.4535714285714,4.0,EOD+
S791,CIPLA,2025-06-26 13:25:00+05:30,-0.0451,-0.0853,1,1.0,0.2223,46.43,-0.2523,0,0.6119,0.0,2,0,0,0,2,3,2025-06-26 13:35:00+05:30,2025-06-26 13:40:00+05:30,2025-06-26 15:00:00+05:30,1507.6,1501.5821428571428,1518.4321428571427,5.6,EOD+
S792,CIPLA,2025-06-27 11:50:00+05:30,-0.0775,-0.0891,0,,1.3573,50.0,-0.7579,0,1.4121,1.0,3,0,1,0,3,4,2025-06-27 12:05:00+05:30,2025-06-27 12:10:00+05:30,2025-06-27 15:00:00+05:30,1496.7,1492.8964285714287,1503.5464285714286,0.6,EOD+
S793,CIPLA,2025-06-27 12:15:00+05:30,-0.0284,-0.0588,0,,0.4896,48.72,0.875,0,2.7167,,0,0,0,1,0,1,2025-06-27 12:15:00+05:30,2025-06-27 12:20:00+05:30,2025-06-27 15:00:00+05:30,1498.8,1495.5321428571428,1504.6821428571427,-1.5,EOD-
S794,CIPLA,2025-06-27 13:10:00+05:30,0.0537,0.0538,10,6.0,0.0402,22.22,5.6667,0,0.3031,,0,0,1,1,0,1,2025-06-27 13:10:00+05:30,2025-06-27 13:15:00+05:30,2025-06-27 15:00:00+05:30,1498.5,1494.767857142857,1505.2178571428574,-1.2,EOD-
S795,CIPLA,2025-06-27 13:20:00+05:30,0.0511,0.0584,1,1.0,0.3726,0.0,0.4953,0,0.6592,,0,0,1,1,0,1,2025-06-27 13:20:00+05:30,2025-06-27 13:25:00+05:30,2025-06-27 15:00:00+05:30,1498.7,1495.1107142857145,1505.1607142857144,-1.4,EOD-
S796,CIPLA,2025-06-27 13:35:00+05:30,0.05,0.0511,2,2.0,0.0098,0.0,9.0,0,0.357,,0,0,1,1,0,1,2025-06-27 13:35:00+05:30,2025-06-27 13:40:00+05:30,2025-06-27 15:00:00+05:30,1499.0,1496.4464285714284,1503.5964285714288,-1.7,EOD-
S797,CIPLA,2025-06-30 10:05:00+05:30,0.1588,0.1845,10,5.0,0.089,50.0,-0.1781,0,0.2733,1.0,1,0,0,0,1,2,2025-06-30 10:10:00+05:30,2025-06-30 10:15:00+05:30,2025-06-30 15:00:00+05:30,1506.0,1495.75,1524.45,-1.2,EOD-
S798,CIPLA,2025-06-30 11:55:00+05:30,-0.0739,-0.133,0,,0.5373,54.55,-0.7714,0,2.5423,1.0,3,0,1,0,3,4,2025-06-30 12:10:00+05:30,2025-06-30 12:15:00+05:30,2025-06-30 15:00:00+05:30,1505.0,1500.928571428571,1512.3285714285714,-0.2,EOD-
S799,CIPLA,2025-06-30 12:30:00+05:30,0.011,-0.022,3,1.0,0.0165,30.43,35.6667,0,1.1734,,0,0,1,1,0,1,2025-06-30 12:30:00+05:30,2025-06-30 12:35:00+05:30,2025-06-30 15:00:00+05:30,1504.6,1500.0464285714286,1512.7964285714286,0.2,EOD+
S800,CIPLA,2025-06-30 13:50:00+05:30,0.0823,0.0956,15,4.0,0.3727,53.33,0.2195,0,0.8791,,0,0,0,1,0,1,2025-06-30 13:50:00+05:30,2025-06-30 13:55:00+05:30,2025-06-30 15:00:00+05:30,1506.5,1503.75,1511.45,-1.7,EOD-
S801,CIPLA,2025-06-30 14:05:00+05:30,0.0398,0.0823,0,,0.406,36.36,-1.0,0,2.0858,1.0,3,0,0,0,3,4,2025-06-30 14:20:00+05:30,2025-06-30 14:25:00+05:30,2025-06-30 14:55:00+05:30,1507.3,1504.6214285714286,1512.1214285714284,-2.6786,L
S802,CIPLA,2025-07-01 09:15:00+05:30,,,0,,4.5737,62.24,-0.9129,0,0.7448,0.0,3,0,0,0,3,4,2025-07-01 09:30:00+05:30,2025-07-01 09:35:00+05:30,2025-07-01 09:40:00+05:30,1505.4,1500.382142857143,1514.432142857143,-5.0179,L
S803,CIPLA,2025-07-01 10:10:00+05:30,-0.0972,-0.1048,0,,0.6232,75.0,-1.0,0,0.2578,0.0,3,0,1,0,3,4,2025-07-01 10:25:00+05:30,2025-07-01 10:30:00+05:30,2025-07-01 15:00:00+05:30,1503.7,1494.7535714285714,1519.8035714285716,9.3,EOD+
S804,CIPLA,2025-07-01 10:55:00+05:30,0.0,-0.0266,5,5.0,0.0943,41.67,0.5789,0,0.4165,,0,0,1,1,0,1,2025-07-01 10:55:00+05:30,2025-07-01 11:00:00+05:30,2025-07-01 13:40:00+05:30,1502.0,1496.9642857142858,1511.0642857142857,9.0643,W
S805,CIPLA,2025-07-01 11:05:00+05:30,0.0093,-0.018,0,,0.5185,65.0,-1.0,0,0.3723,,0,0,0,1,0,1,2025-07-01 11:05:00+05:30,2025-07-01 11:10:00+05:30,2025-07-01 13:35:00+05:30,1502.3,1497.4785714285713,1510.9785714285715,8.6786,W
S806,CIPLA,2025-07-01 11:25:00+05:30,0.016,0.007,3,2.0,0.0202,23.08,27.5714,0,0.4025,,0,0,0,1,0,1,2025-07-01 11:25:00+05:30,2025-07-01 11:30:00+05:30,2025-07-01 13:40:00+05:30,1503.3,1498.9785714285713,1511.0785714285714,7.7786,W
S807,CIPLA,2025-07-01 11:55:00+05:30,0.0629,0.0625,5,4.0,0.2087,53.85,-0.0769,0,1.049,1.0,1,0,0,0,1,2,2025-07-01 12:00:00+05:30,2025-07-01 12:05:00+05:30,2025-07-01 13:35:00+05:30,1503.8,1499.9071428571428,1510.807142857143,7.0071,W
S808,CIPLA,2025-07-01 12:10:00+05:30,0.0223,0.0629,0,,0.8836,75.0,-0.8592,0,1.1002,,0,0,0,1,0,1,2025-07-01 12:10:00+05:30,2025-07-01 12:15:00+05:30,2025-07-01 13:40:00+05:30,1504.0,1499.982142857143,1511.232142857143,7.2321,W
S809,CIPLA,2025-07-01 12:30:00+05:30,0.011,0.0116,3,1.0,0.5076,64.29,0.0526,0,1.1894,,0,0,0,1,0,1,2025-07-01 12:30:00+05:30,2025-07-01 12:35:00+05:30,2025-07-01 13:45:00+05:30,1503.7,1499.0214285714287,1512.1214285714286,8.4214,W
S810,CIPLA,2025-07-01 12:40:00+05:30,0.0303,0.0023,0,,0.5287,50.0,-0.8148,0,1.4658,,0,0,0,1,0,1,2025-07-01 12:40:00+05:30,2025-07-01 12:45:00+05:30,2025-07-01 13:45:00+05:30,1504.3,1499.192857142857,1513.492857142857,9.1929,W
S811,CIPLA,2025-07-02 09:15:00+05:30,,,0,,1.6439,37.5,-0.3175,0,2.5656,1.0,1,1,0,0,1,2,2025-07-02 09:20:00+05:30,2025-07-02 09:25:00+05:30,2025-07-02 09:25:00+05:30,1523.3,1518.175,1532.525,-5.125,L
S812,CIPLA,2025-07-02 09:45:00+05:30,0.062,,4,4.0,0.0736,45.16,0.2245,0,0.4345,,0,0,0,1,0,1,2025-07-02 09:45:00+05:30,2025-07-02 09:50:00+05:30,2025-07-02 10:45:00+05:30,1515.4,1507.0785714285714,1530.3785714285716,-8.3214,L
S813,CIPLA,2025-07-02 12:00:00+05:30,-0.0823,-0.123,0,,0.7185,76.92,-1.0,0,1.4115,1.0,3,0,0,0,3,4,2025-07-02 12:15:00+05:30,2025-07-02 12:20:00+05:30,2025-07-02 13:15:00+05:30,1507.2,1503.1464285714285,1514.4964285714289,-4.0536,L
S814,CIPLA,2025-07-02 13:00:00+05:30,0.0537,0.0471,9,4.0,0.5182,8.0,1.4561,0,2.3903,,0,0,1,1,0,1,2025-07-02 13:00:00+05:30,2025-07-02 13:05:00+05:30,2025-07-02 13:15:00+05:30,1508.3,1504.175,1515.7249999999997,-4.125,L
S815,CIPLA,2025-07-02 13:10:00+05:30,0.0332,0.0584,0,,0.6163,35.42,0.2346,0,2.377,,0,0,1,1,0,1,2025-07-02 13:10:00+05:30,2025-07-02 13:15:00+05:30,2025-07-02 13:15:00+05:30,1507.8,1502.8714285714286,1516.6714285714284,-4.9286,L
S816,CIPLA,2025-07-03 09:30:00+05:30,,,3,2.0,0.0015,32.35,399.0,0,0.3398,,0,0,0,1,0,1,2025-07-03 09:30:00+05:30,2025-07-03 09:35:00+05:30,2025-07-03 15:00:00+05:30,1501.9,1493.7571428571428,1516.5571428571432,6.6,EOD+
S817,CIPLA,2025-07-03 10:35:00+05:30,0.1231,0.1338,12,2.0,0.2198,21.43,0.4035,0,0.3725,,0,0,1,1,0,1,2025-07-03 10:35:00+05:30,2025-07-03 10:40:00+05:30,2025-07-03 15:00:00+05:30,1503.0,1496.517857142857,1514.6678571428572,5.5,EOD+
S818,CIPLA,2025-07-03 10:45:00+05:30,0.0868,0.1241,0,,0.9157,5.88,-0.5843,0,0.726,1.0,3,0,0,0,3,4,2025-07-03 11:00:00+05:30,2025-07-03 11:05:00+05:30,2025-07-03 15:00:00+05:30,1503.5,1497.5892857142858,1514.1392857142855,5.0,EOD+
S819,CIPLA,2025-07-03 11:10:00+05:30,0.0332,0.0642,0,,0.3997,8.33,-0.3064,0,0.9961,1.0,2,0,1,0,2,3,2025-07-03 11:20:00+05:30,2025-07-03 11:25:00+05:30,2025-07-03 15:00:00+05:30,1506.0,1500.5892857142858,1515.7392857142856,2.5,EOD+
S820,CIPLA,2025-07-03 11:45:00+05:30,0.0402,0.0415,4,1.0,0.3474,13.64,1.2388,0,1.0744,,0,1,1,1,0,1,2025-07-03 11:45:00+05:30,2025-07-03 11:50:00+05:30,2025-07-03 15:00:00+05:30,1505.9,1501.0785714285716,1514.5785714285712,2.6,EOD+
S821,CIPLA,2025-07-03 12:40:00+05:30,0.0975,0.0999,10,9.0,0.9963,51.92,-0.0818,0,2.0661,0.0,1,0,1,0,1,2,2025-07-03 12:45:00+05:30,2025-07-03 12:50:00+05:30,2025-07-03 15:00:00+05:30,1509.1,1502.8142857142857,1520.4142857142856,-0.6,EOD-
S822,CIPLA,2025-07-03 12:55:00+05:30,0.0792,0.0975,0,,0.9024,34.62,-0.405,0,0.5062,0.0,2,0,1,0,2,3,2025-07-03 13:05:00+05:30,2025-07-03 13:10:00+05:30,2025-07-03 15:00:00+05:30,1508.6,1502.5464285714284,1519.4964285714286,-0.1,EOD-
S823,CIPLA,2025-07-03 13:15:00+05:30,0.0312,0.062,0,,0.3928,30.0,-0.1026,0,1.5795,1.0,1,0,0,0,1,2,2025-07-03 13:20:00+05:30,2025-07-03 13:25:00+05:30,2025-07-03 15:00:00+05:30,1509.1,1504.135714285714,1518.0357142857142,-0.6,EOD-
S824,CIPLA,2025-07-03 13:45:00+05:30,0.0232,0.0265,4,1.0,0.0436,87.88,3.2105,0,0.4369,,0,1,0,1,0,1,2025-07-03 13:45:00+05:30,2025-07-03 13:50:00+05:30,2025-07-03 15:00:00+05:30,1509.5,1504.053571428571,1519.303571428571,-1.0,EOD-
S825,CIPLA,2025-07-03 13:55:00+05:30,0.0096,0.0374,0,,1.3269,4.0,-0.1732,0,0.2301,0.0,1,0,0,0,1,2,2025-07-03 14:00:00+05:30,2025-07-03 14:05:00+05:30,2025-07-03 15:00:00+05:30,1509.2,1504.4142857142858,1517.8142857142857,-0.7,EOD-
S826,CIPLA,2025-07-04 09:15:00+05:30,,,0,,1.5803,32.22,-0.8519,0,0.6631,0.0,1,1,1,0,1,2,2025-07-04 09:20:00+05:30,2025-07-04 09:25:00+05:30,2025-07-04 11:05:00+05:30,1509.4,1504.0607142857143,1519.0107142857144,9.6107,W
S827,CIPLA,2025-07-04 09:35:00+05:30,,,2,2.0,0.0672,55.56,-1.0,0,1.0411,1.0,3,0,1,0,3,4,2025-07-04 09:50:00+05:30,2025-07-04 09:55:00+05:30,2025-07-04 15:00:00+05:30,1512.9,1506.5785714285714,1524.2785714285717,0.6,EOD+
S828,CIPLA,2025-07-04 11:15:00+05:30,0.1448,0.1344,16,2.0,0.7114,55.1,0.3419,0,4.7011,,0,0,0,1,0,1,2025-07-04 11:15:00+05:30,2025-07-04 11:20:00+05:30,2025-07-04 13:40:00+05:30,1515.9,1510.4,1525.8000000000002,-5.5,L
S829,CIPLA,2025-07-04 11:25:00+05:30,0.1474,0.1452,0,,0.0307,8.7,10.4286,0,0.4667,,0,0,1,1,0,1,2025-07-04 11:25:00+05:30,2025-07-04 11:30:00+05:30,2025-07-04 13:15:00+05:30,1517.0,1511.303571428571,1527.2535714285716,-5.6964,L
S830,CIPLA,2025-07-04 11:35:00+05:30,0.1124,0.1389,1,1.0,0.1642,44.44,1.3684,0,0.3474,,0,0,1,1,0,1,2025-07-04 11:35:00+05:30,2025-07-04 11:40:00+05:30,2025-07-04 13:15:00+05:30,1517.0,1511.2142857142856,1527.4142857142858,-5.7857,L
S831,CIPLA,2025-07-04 11:45:00+05:30,0.0672,0.1348,0,,0.7554,20.0,-0.1304,0,0.4949,,0,0,0,1,0,1,2025-07-04 11:45:00+05:30,2025-07-04 11:50:00+05:30,2025-07-04 13:40:00+05:30,1516.8,1510.7107142857142,1527.7607142857144,-6.0893,L
S832,CIPLA,2025-07-04 11:55:00+05:30,0.0267,0.0887,0,,0.7244,11.11,-0.3258,0,0.4015,1.0,1,0,1,0,1,2,2025-07-04 12:00:00+05:30,2025-07-04 12:05:00+05:30,2025-07-04 13:15:00+05:30,1517.5,1511.357142857143,1528.557142857143,-6.1429,L
S833,CIPLA,2025-07-04 12:15:00+05:30,0.0092,0.0231,1,1.0,0.5901,71.87,-0.931,0,0.5384,1.0,2,0,1,0,2,3,2025-07-04 12:25:00+05:30,2025-07-04 12:30:00+05:30,2025-07-04 13:15:00+05:30,1517.2,1511.057142857143,1528.257142857143,-6.1429,L
S834,CIPLA,2025-07-07 09:15:00+05:30,,,0,,0.5027,11.39,1.8472,0,1.1142,,0,1,0,1,0,1,2025-07-07 09:15:00+05:30,2025-07-07 09:20:00+05:30,2025-07-07 09:45:00+05:30,1515.9,1508.739285714286,1528.7892857142858,-7.1607,L
S835,CIPLA,2025-07-07 10:15:00+05:30,-0.0245,0.0053,0,,0.9499,20.0,-0.8651,0,0.2608,0.0,3,0,1,0,3,4,2025-07-07 10:30:00+05:30,2025-07-07 10:35:00+05:30,2025-07-07 15:00:00+05:30,1512.6,1504.7964285714284,1526.6464285714287,-3.3,EOD-
S836,CIPLA,2025-07-07 10:40:00+05:30,-0.0268,-0.0456,0,,0.7333,10.0,-0.0909,0,0.3137,0.0,1,0,1,0,1,2,2025-07-07 10:45:00+05:30,2025-07-07 10:50:00+05:30,2025-07-07 15:00:00+05:30,1513.0,1507.0,1523.8000000000002,-3.7,EOD-
S837,CIPLA,2025-07-07 14:00:00+05:30,-0.0659,-0.0404,0,,2.38,58.33,-0.9189,0,0.6806,1.0,3,0,1,0,3,4,2025-07-07 14:15:00+05:30,2025-07-07 14:20:00+05:30,2025-07-07 14:30:00+05:30,1510.4,1507.8107142857143,1515.0607142857143,-2.5893,L
S838,CIPLA,2025-07-07 14:25:00+05:30,-0.0391,-0.0652,0,,0.2016,10.71,0.8182,0,6.006,,0,1,0,1,0,1,2025-07-07 14:25:00+05:30,2025-07-07 14:30:00+05:30,2025-07-07 15:00:00+05:30,1510.0,1506.5892857142858,1516.1392857142855,-0.7,EOD-
S839,CIPLA,2025-07-08 11:40:00+05:30,-0.2387,-0.194,0,,2.8772,66.67,-0.9481,0,0.5606,1.0,3,0,0,0,3,4,2025-07-08 11:55:00+05:30,2025-07-08 12:00:00+05:30,2025-07-08 13:55:00+05:30,1484.4,1479.382142857143,1493.4321428571432,9.0321,W
S840,CIPLA,2025-07-08 14:15:00+05:30,0.1013,0.1272,27,4.0,0.1114,14.29,10.25,0,0.4222,,0,0,1,1,0,1,2025-07-08 14:15:00+05:30,2025-07-08 14:20:00+05:30,2025-07-08 14:20:00+05:30,1491.9,1488.3107142857143,1498.3607142857145,-3.5893,L
S841,CIPLA,2025-07-09 09:15:00+05:30,,,0,,1.0431,95.71,-1.0,0,1.1327,,0,0,1,1,0,1,2025-07-09 09:15:00+05:30,2025-07-09 09:20:00+05:30,2025-07-09 10:25:00+05:30,1498.7,1491.4857142857145,1511.6857142857143,-7.2143,L
S842,CIPLA,2025-07-09 10:35:00+05:30,0.0873,0.1376,0,,1.0797,19.05,-0.7802,0,0.6771,1.0,3,0,0,0,3,4,2025-07-09 10:50:00+05:30,2025-07-09 10:55:00+05:30,2025-07-09 14:50:00+05:30,1495.0,1488.678571428571,1506.3785714285716,-6.3214,L
S843,CIPLA,2025-07-09 11:15:00+05:30,-0.0967,0.0127,0,,1.1917,52.63,-1.0,0,1.2467,1.0,3,0,1,0,3,4,2025-07-09 11:30:00+05:30,2025-07-09 11:35:00+05:30,2025-07-09 15:00:00+05:30,1493.2,1487.3785714285714,1503.6785714285716,-3.3,EOD-
S844,CIPLA,2025-07-09 11:40:00+05:30,-0.0864,-0.0934,0,,1.5376,61.54,-0.9686,0,1.1165,0.0,2,1,0,0,2,3,2025-07-09 11:50:00+05:30,2025-07-09 11:55:00+05:30,2025-07-09 15:00:00+05:30,1493.2,1488.0214285714285,1502.5214285714287,-3.3,EOD-
S845,CIPLA,2025-07-09 12:00:00+05:30,-0.0318,-0.0737,0,,0.0206,33.33,5.6667,0,0.2951,,0,0,1,1,0,1,2025-07-09 12:00:00+05:30,2025-07-09 12:05:00+05:30,2025-07-09 15:00:00+05:30,1493.0,1487.5357142857142,1502.8357142857144,-3.1,EOD-
S846,CIPLA,2025-07-09 14:00:00+05:30,-0.0382,-0.0007,0,,1.2071,54.17,-0.7951,0,0.4769,0.0,3,0,0,0,3,4,2025-07-09 14:15:00+05:30,2025-07-09 14:20:00+05:30,2025-07-09 15:00:00+05:30,1493.2,1488.1464285714285,1502.2964285714288,-3.3,EOD-
S847,CIPLA,2025-07-10 10:45:00+05:30,-0.4303,-0.3919,0,,2.1053,28.0,-1.0,0,0.799,1.0,3,0,1,0,3,4,2025-07-10 11:00:00+05:30,2025-07-10 11:05:00+05:30,2025-07-10 15:00:00+05:30,1471.4,1464.275,1484.225,7.0,EOD+
S848,CIPLA,2025-07-10 11:20:00+05:30,-0.1078,-0.2938,3,3.0,0.7279,62.69,0.0638,0,0.7012,,0,0,0,1,0,1,2025-07-10 11:20:00+05:30,2025-07-10 11:25:00+05:30,2025-07-10 15:00:00+05:30,1469.1,1461.0285714285717,1483.6285714285714,9.3,EOD+
S849,CIPLA,2025-07-10 11:30:00+05:30,-0.0902,-0.1425,0,,0.026,35.71,5.25,0,0.2158,,0,0,1,1,0,1,2025-07-10 11:30:00+05:30,2025-07-10 11:35:00+05:30,2025-07-10 15:00:00+05:30,1469.5,1461.821428571429,1483.321428571429,8.9,EOD+
S850,CIPLA,2025-07-10 11:40:00+05:30,-0.0664,-0.0977,1,1.0,0.3587,70.0,-0.4203,0,0.2702,1.0,1,1,1,0,1,2,2025-07-10 11:45:00+05:30,2025-07-10 11:50:00+05:30,2025-07-10 15:00:00+05:30,1470.0,1462.7857142857142,1482.9857142857145,8.4,EOD+
S851,CIPLA,2025-07-10 12:00:00+05:30,0.0106,-0.0429,2,2.0,0.031,61.54,-1.0,0,0.7626,1.0,1,0,1,0,1,2,2025-07-10 12:05:00+05:30,2025-07-10 12:10:00+05:30,2025-07-10 15:00:00+05:30,1471.5,1465.4464285714284,1482.3964285714287,6.9,EOD+
S852,CIPLA,2025-07-10 12:15:00+05:30,0.0711,0.0106,1,1.0,0.2507,39.13,0.8868,0,1.1265,,0,1,0,1,0,1,2025-07-10 12:15:00+05:30,2025-07-10 12:20:00+05:30,2025-07-10 14:25:00+05:30,1471.7,1466.4142857142858,1481.2142857142858,9.5143,W
S853,CIPLA,2025-07-11 09:15:00+05:30,,,0,,1.1536,15.46,0.0356,0,1.4179,,0,0,0,1,0,1,2025-07-11 09:15:00+05:30,2025-07-11 09:20:00+05:30,2025-07-11 11:05:00+05:30,1477.7,1471.0035714285716,1489.7535714285711,-6.6964,L
S854,CIPLA,2025-07-11 09:30:00+05:30,,,1,1.0,0.0159,100.0,-1.0,0,0.129,0.0,1,1,1,0,1,2,2025-07-11 09:35:00+05:30,2025-07-11 09:40:00+05:30,2025-07-11 11:00:00+05:30,1480.9,1473.0428571428572,1495.0428571428572,-7.8571,L
S855,CIPLA,2025-07-11 09:45:00+05:30,0.0547,,1,1.0,0.0881,33.33,1.5455,0,0.1976,,0,1,1,1,0,1,2025-07-11 09:45:00+05:30,2025-07-11 09:50:00+05:30,2025-07-11 10:55:00+05:30,1481.4,1473.5964285714288,1495.446428571429,-7.8036,L
S856,CIPLA,2025-07-11 10:00:00+05:30,0.0264,0.0547,2,1.0,0.0819,63.64,2.5294,0,0.7349,,0,0,0,1,0,1,2025-07-11 10:00:00+05:30,2025-07-11 10:05:00+05:30,2025-07-11 11:00:00+05:30,1480.3,1472.5142857142855,1494.3142857142857,-7.7857,L
S857,CIPLA,2025-07-11 11:35:00+05:30,-0.1619,-0.154,0,,1.9734,64.52,-0.8597,0,0.8495,0.0,3,0,0,0,3,4,2025-07-11 11:50:00+05:30,2025-07-11 11:55:00+05:30,2025-07-11 14:40:00+05:30,1476.4,1470.0785714285714,1487.7785714285717,11.3786,W
S858,CIPLA,2025-07-11 12:00:00+05:30,-0.0824,-0.1457,2,2.0,0.1075,4.76,1.9091,0,1.2379,,0,0,0,1,0,1,2025-07-11 12:00:00+05:30,2025-07-11 12:05:00+05:30,2025-07-11 14:35:00+05:30,1474.5,1468.107142857143,1486.0071428571428,11.5071,W
S859,CIPLA,2025-07-11 13:00:00+05:30,0.0942,0.061,10,4.0,0.1033,62.5,1.6667,0,0.973,,0,0,0,1,0,1,2025-07-11 13:00:00+05:30,2025-07-11 13:05:00+05:30,2025-07-11 14:40:00+05:30,1477.4,1471.9535714285714,1487.2035714285714,9.8036,W
S860,CIPLA,2025-07-11 13:10:00+05:30,0.0955,0.082,0,,0.1938,78.57,-0.25,0,0.6368,,0,0,1,1,0,1,2025-07-11 13:10:00+05:30,2025-07-11 13:15:00+05:30,2025-07-11 14:35:00+05:30,1477.8,1472.6392857142855,1487.0892857142858,9.2893,W
S861,CIPLA,2025-07-11 13:20:00+05:30,0.085,0.0962,0,,0.4648,31.25,-0.0476,0,0.6901,,0,0,1,1,0,1,2025-07-11 13:20:00+05:30,2025-07-11 13:25:00+05:30,2025-07-11 14:15:00+05:30,1477.7,1473.182142857143,1485.832142857143,8.1321,W
S862,CIPLA,2025-07-11 13:40:00+05:30,0.0291,0.066,0,,0.7128,16.67,-0.5495,0,3.1988,1.0,3,0,0,0,3,4,2025-07-11 13:55:00+05:30,2025-07-11 14:00:00+05:30,2025-07-11 14:35:00+05:30,1479.8,1475.9071428571428,1486.8071428571427,7.0071,W
S863,CIPLA,2025-07-14 09:35:00+05:30,,,0,,1.7528,37.74,-0.9057,0,0.8283,0.0,3,0,0,0,3,4,2025-07-14 09:50:00+05:30,2025-07-14 09:55:00+05:30,2025-07-14 15:00:00+05:30,1485.3,1476.2285714285713,1501.6285714285716,0.7,EOD+
S864,CIPLA,2025-07-14 10:00:00+05:30,-0.0381,-0.0458,0,,0.352,56.25,-1.0,0,0.252,0.0,1,0,0,0,1,2,2025-07-14 10:05:00+05:30,2025-07-14 10:10:00+05:30,2025-07-14 15:00:00+05:30,1484.3,1475.1035714285713,1500.8535714285715,1.7,EOD+
S865,CIPLA,2025-07-14 10:25:00+05:30,-0.0573,-0.0512,2,2.0,0.2507,5.56,0.745,0,0.3056,,0,0,1,1,0,1,2025-07-14 10:25:00+05:30,2025-07-14 10:30:00+05:30,2025-07-14 15:00:00+05:30,1483.5,1476.0714285714284,1496.8714285714286,2.5,EOD+
S866,CIPLA,2025-07-14 10:50:00+05:30,-0.0142,-0.033,4,1.0,0.1086,6.38,8.3617,0,3.0026,,0,1,0,1,0,1,2025-07-14 10:50:00+05:30,2025-07-14 10:55:00+05:30,2025-07-14 15:00:00+05:30,1485.0,1479.5892857142858,1494.7392857142856,1.0,EOD+
S867,CIPLA,2025-07-14 11:15:00+05:30,0.0731,0.0283,0,,0.7237,37.5,-0.6721,0,0.6942,1.0,3,0,1,0,3,4,2025-07-14 11:30:00+05:30,2025-07-14 11:35:00+05:30,2025-07-14 12:00:00+05:30,1484.0,1479.7857142857144,1491.5857142857142,7.5857,W
S868,CIPLA,2025-07-14 11:45:00+05:30,0.0047,0.0192,1,1.0,0.1409,53.33,0.3333,0,3.7212,,0,0,0,1,0,1,2025-07-14 11:45:00+05:30,2025-07-14 11:50:00+05:30,2025-07-14 15:00:00+05:30,1485.6,1480.2785714285712,1495.178571428571,0.4,EOD+
S869,CIPLA,2025-07-14 11:55:00+05:30,0.0185,0.001,0,,0.1187,48.0,0.0169,0,6.1062,,0,1,0,1,0,1,2025-07-14 11:55:00+05:30,2025-07-14 12:00:00+05:30,2025-07-14 15:00:00+05:30,1486.6,1480.385714285714,1497.7857142857142,-0.6,EOD-
S870,CIPLA,2025-07-14 13:05:00+05:30,0.1394,0.1325,13,6.0,0.2752,46.15,1.56,0,0.9233,,0,0,1,1,0,1,2025-07-14 13:05:00+05:30,2025-07-14 13:10:00+05:30,2025-07-14 15:00:00+05:30,1489.1,1483.4214285714286,1499.3214285714284,-5.6786,L
S871,CIPLA,2025-07-14 13:15:00+05:30,0.1111,0.1428,0,,0.2676,25.0,-1.0,0,0.2771,,0,0,0,1,0,1,2025-07-14 13:15:00+05:30,2025-07-14 13:20:00+05:30,2025-07-14 15:00:00+05:30,1489.0,1483.5357142857144,1498.8357142857142,-5.4643,L
S872,CIPLA,2025-07-14 14:10:00+05:30,-0.0501,-0.0474,0,,1.0053,55.56,-0.8025,0,0.9783,1.0,3,1,0,0,3,4,2025-07-14 14:25:00+05:30,2025-07-14 14:30:00+05:30,2025-07-14 15:00:00+05:30,1488.0,1482.9642857142858,1497.0642857142857,-5.0357,L
S873,CIPLA,2025-07-15 10:20:00+05:30,-0.2259,-0.2411,0,,1.6566,92.59,-1.0,0,0.3735,1.0,3,0,0,0,3,4,2025-07-15 10:35:00+05:30,2025-07-15 10:40:00+05:30,2025-07-15 13:05:00+05:30,1477.2,1468.9678571428574,1492.017857142857,14.8179,W
S874,CIPLA,2025-07-15 13:25:00+05:30,0.1081,0.133,33,4.0,0.4163,14.29,0.9469,0,0.9058,,0,0,0,1,0,1,2025-07-15 13:25:00+05:30,2025-07-15 13:30:00+05:30,2025-07-15 15:00:00+05:30,1490.0,1486.607142857143,1496.107142857143,-1.5,EOD-
S875,CIPLA,2025-07-15 13:35:00+05:30,0.0876,0.1206,0,,0.1029,11.11,2.2,0,0.5201,,0,0,0,1,0,1,2025-07-15 13:35:00+05:30,2025-07-15 13:40:00+05:30,2025-07-15 15:00:00+05:30,1490.0,1486.9642857142858,1495.4642857142856,-1.5,EOD-
S876,CIPLA,2025-07-15 13:45:00+05:30,0.0691,0.0987,0,,0.0215,33.33,3.0,0,0.4784,,0,0,1,1,0,1,2025-07-15 13:45:00+05:30,2025-07-15 13:50:00+05:30,2025-07-15 15:00:00+05:30,1490.1,1487.1892857142857,1495.3392857142856,-1.6,EOD-
S877,CIPLA,2025-07-15 13:55:00+05:30,0.044,0.0765,0,,0.2491,16.67,0.3793,0,0.7107,,0,0,1,1,0,1,2025-07-15 13:55:00+05:30,2025-07-15 14:00:00+05:30,2025-07-15 15:00:00+05:30,1490.3,1487.3892857142855,1495.5392857142856,-1.8,EOD-
S878,CIPLA,2025-07-15 14:15:00+05:30,-0.004,0.0369,0,,1.7585,18.18,-1.0,0,0.5358,1.0,3,1,1,0,3,4,2025-07-15 14:30:00+05:30,2025-07-15 14:35:00+05:30,2025-07-15 15:00:00+05:30,1490.4,1487.4714285714288,1495.6714285714286,-1.9,EOD-
S879,CIPLA,2025-07-16 10:55:00+05:30,-0.2293,-0.2466,0,,0.6252,60.0,-0.9043,0,2.5449,1.0,3,0,0,0,3,4,2025-07-16 11:10:00+05:30,2025-07-16 11:15:00+05:30,2025-07-16 15:00:00+05:30,1478.3,1474.1214285714284,1485.821428571429,1.7,EOD+
S880,CIPLA,2025-07-16 12:15:00+05:30,0.0521,0.063,12,4.0,0.0313,18.18,12.3333,0,0.4441,,0,0,1,1,0,1,2025-07-16 12:15:00+05:30,2025-07-16 12:20:00+05:30,2025-07-16 15:00:00+05:30,1478.4,1473.6142857142856,1487.014285714286,1.6,EOD+
S881,CIPLA,2025-07-16 12:25:00+05:30,0.0467,0.065,0,,0.2103,81.25,-0.1781,0,0.5982,,0,0,1,1,0,1,2025-07-16 12:25:00+05:30,2025-07-16 12:30:00+05:30,2025-07-16 15:00:00+05:30,1479.2,1474.8607142857145,1487.0107142857146,0.8,EOD+
S882,CIPLA,2025-07-16 12:35:00+05:30,0.0551,0.0447,0,,0.2016,10.0,2.2432,0,1.1629,,0,0,0,1,0,1,2025-07-16 12:35:00+05:30,2025-07-16 12:40:00+05:30,2025-07-16 15:00:00+05:30,1479.2,1474.6107142857145,1487.4607142857146,0.8,EOD+
S883,CIPLA,2025-07-16 12:50:00+05:30,0.0649,0.0551,2,1.0,0.0131,31.25,23.0,0,1.0181,,0,0,1,1,0,1,2025-07-16 12:50:00+05:30,2025-07-16 12:55:00+05:30,2025-07-16 15:00:00+05:30,1479.5,1474.7142857142856,1488.114285714286,0.5,EOD+
S884,CIPLA,2025-07-16 13:00:00+05:30,0.046,0.0734,0,,0.0299,42.86,7.0,0,0.746,,0,0,1,1,0,1,2025-07-16 13:00:00+05:30,2025-07-16 13:05:00+05:30,2025-07-16 15:00:00+05:30,1479.7,1475.5214285714285,1487.2214285714288,0.3,EOD+
S885,CIPLA,2025-07-16 13:10:00+05:30,0.0186,0.0558,0,,0.6178,86.67,-0.7872,0,0.338,,0,0,1,1,0,1,2025-07-16 13:10:00+05:30,2025-07-16 13:15:00+05:30,2025-07-16 15:00:00+05:30,1479.7,1475.8964285714285,1486.5464285714288,0.3,EOD+
S886,CIPLA,2025-07-16 13:20:00+05:30,0.0257,0.0301,0,,0.2577,8.33,1.7027,0,2.0288,,0,0,0,1,0,1,2025-07-16 13:20:00+05:30,2025-07-16 13:25:00+05:30,2025-07-16 14:00:00+05:30,1480.1,1476.510714285714,1486.5607142857143,-3.5893,L
S887,CIPLA,2025-07-16 13:35:00+05:30,0.0132,0.0257,2,2.0,0.3901,46.15,0.1215,0,2.9007,,0,1,0,1,0,1,2025-07-16 13:35:00+05:30,2025-07-16 13:40:00+05:30,2025-07-16 14:00:00+05:30,1480.0,1476.571428571429,1486.1714285714286,-3.4286,L
S888,CIPLA,2025-07-16 13:55:00+05:30,0.0034,0.0064,0,,1.3125,7.14,-0.942,0,5.3341,1.0,3,1,0,0,3,4,2025-07-16 14:10:00+05:30,2025-07-16 14:15:00+05:30,2025-07-16 15:00:00+05:30,1480.7,1477.4142857142858,1486.6142857142856,-0.7,EOD-
S889,CIPLA,2025-07-16 14:20:00+05:30,0.0051,-0.002,1,1.0,0.1991,7.69,1.6667,0,0.6217,,0,0,0,1,0,1,2025-07-16 14:20:00+05:30,2025-07-16 14:25:00+05:30,2025-07-16 15:00:00+05:30,1479.9,1476.132142857143,1486.682142857143,0.1,EOD+
S890,CIPLA,2025-07-17 09:15:00+05:30,,,0,,2.451,50.0,-0.4975,0,0.6629,,0,0,0,1,0,1,2025-07-17 09:15:00+05:30,2025-07-17 09:20:00+05:30,2025-07-17 15:00:00+05:30,1478.2,1472.1107142857145,1489.1607142857142,4.4,EOD+
S891,CIPLA,2025-07-17 09:25:00+05:30,,,1,1.0,0.3583,6.25,0.8433,0,0.3022,,0,0,1,1,0,1,2025-07-17 09:25:00+05:30,2025-07-17 09:30:00+05:30,2025-07-17 15:00:00+05:30,1479.0,1471.4285714285716,1492.6285714285714,3.6,EOD+
S892,CIPLA,2025-07-17 09:35:00+05:30,,,0,,0.0627,29.03,1.7907,0,0.1736,,0,1,1,1,0,1,2025-07-17 09:35:00+05:30,2025-07-17 09:40:00+05:30,2025-07-17 15:00:00+05:30,1479.5,1470.9285714285716,1494.928571428571,3.1,EOD+
S893,CIPLA,2025-07-17 09:45:00+05:30,-0.0267,,0,,0.6586,60.71,-0.7484,0,0.11,0.0,3,0,1,0,3,4,2025-07-17 10:00:00+05:30,2025-07-17 10:05:00+05:30,2025-07-17 15:00:00+05:30,1479.0,1469.946428571429,1495.2964285714286,3.6,EOD+
S894,CIPLA,2025-07-17 10:40:00+05:30,0.0257,-0.0159,7,6.0,0.1448,65.62,-1.0,0,6.7223,1.0,1,0,0,0,1,2,2025-07-17 10:45:00+05:30,2025-07-17 10:50:00+05:30,2025-07-17 12:40:00+05:30,1478.0,1472.2142857142856,1488.414285714286,10.4143,W
S895,CIPLA,2025-07-17 10:55:00+05:30,0.0791,0.0257,0,,0.3233,20.83,-0.5489,0,10.3456,,0,0,0,1,0,1,2025-07-17 10:55:00+05:30,2025-07-17 11:00:00+05:30,2025-07-17 12:40:00+05:30,1478.4,1473.2571428571428,1487.6571428571433,9.2571,W
S896,CIPLA,2025-07-17 11:50:00+05:30,0.0719,0.0838,9,8.0,0.0656,33.33,6.8571,0,0.4911,,0,0,1,1,0,1,2025-07-17 11:50:00+05:30,2025-07-17 11:55:00+05:30,2025-07-17 15:00:00+05:30,1481.3,1475.9607142857142,1490.9107142857144,1.3,EOD+
S897,CIPLA,2025-07-17 12:00:00+05:30,0.0426,0.0814,0,,0.6916,70.27,-0.939,0,3.4804,,0,1,0,1,0,1,2025-07-17 12:00:00+05:30,2025-07-17 12:05:00+05:30,2025-07-17 15:00:00+05:30,1481.9,1475.9714285714288,1492.571428571429,0.7,EOD+
S898,CIPLA,2025-07-18 11:10:00+05:30,-0.1001,-0.1336,0,,1.1773,100.0,-1.0,0,0.2298,0.0,3,0,0,0,3,4,2025-07-18 11:25:00+05:30,2025-07-18 11:30:00+05:30,2025-07-18 14:40:00+05:30,1473.3,1469.3714285714284,1480.3714285714286,7.0714,W
S899,CIPLA,2025-07-18 11:35:00+05:30,-0.0625,-0.0994,0,,0.1917,100.0,-1.0,0,1.4171,1.0,1,0,0,0,1,2,2025-07-18 11:40:00+05:30,2025-07-18 11:45:00+05:30,2025-07-18 14:35:00+05:30,1473.2,1470.2,1478.6,5.4,W
S900,CIPLA,2025-07-18 11:50:00+05:30,-0.0316,-0.0625,1,1.0,0.0,12.5,,1,1.1938,,0,0,0,1,0,1,2025-07-18 11:50:00+05:30,2025-07-18 11:55:00+05:30,2025-07-18 14:35:00+05:30,1473.5,1470.625,1478.675,5.175,W
S901,CIPLA,2025-07-18 12:00:00+05:30,-0.0095,-0.0377,1,1.0,0.075,23.53,6.7778,0,0.4764,,0,0,0,1,0,1,2025-07-18 12:00:00+05:30,2025-07-18 12:05:00+05:30,2025-07-18 14:35:00+05:30,1473.4,1470.4,1478.8,5.4,W
S902,CIPLA,2025-07-18 12:30:00+05:30,0.0048,0.0177,0,,0.559,80.0,-0.8198,0,6.6922,1.0,3,0,0,0,3,4,2025-07-18 12:45:00+05:30,2025-07-18 12:50:00+05:30,2025-07-18 14:35:00+05:30,1473.4,1470.9178571428572,1477.8678571428572,4.4679,W
S903,CIPLA,2025-07-18 14:15:00+05:30,0.0495,0.0498,17,8.0,0.0676,37.5,4.7143,0,0.4538,,0,0,1,1,0,1,2025-07-18 14:15:00+05:30,2025-07-18 14:20:00+05:30,2025-07-18 14:25:00+05:30,1475.4,1472.8107142857143,1480.0607142857143,-2.5893,L
S904,CIPLA,2025-07-18 14:25:00+05:30,0.043,0.0475,0,,2.205,3.45,-0.0476,0,1.7453,0.0,1,1,1,0,1,2,2025-07-18 14:30:00+05:30,2025-07-18 14:35:00+05:30,2025-07-18 14:50:00+05:30,1477.3,1474.442857142857,1482.442857142857,5.1429,W
S905,CIPLA,2025-07-21 09:50:00+05:30,0.0074,,0,,1.4503,100.0,-1.0,0,0.4478,1.0,3,1,0,0,3,4,2025-07-21 10:05:00+05:30,2025-07-21 10:10:00+05:30,2025-07-21 12:50:00+05:30,1479.5,1473.5357142857144,1490.2357142857145,-5.9643,L
S906,CIPLA,2025-07-21 10:15:00+05:30,-0.0227,0.0081,1,1.0,0.0887,8.33,3.8889,0,0.1352,,0,0,1,1,0,1,2025-07-21 10:15:00+05:30,2025-07-21 10:20:00+05:30,2025-07-21 12:50:00+05:30,1479.0,1472.6607142857142,1490.4107142857142,-6.3393,L
S907,CIPLA,2025-07-21 10:25:00+05:30,-0.0389,-0.0054,1,1.0,0.2029,73.08,-1.0,0,0.2027,0.0,1,0,0,0,1,2,2025-07-21 10:30:00+05:30,2025-07-21 10:35:00+05:30,2025-07-21 12:50:00+05:30,1479.3,1473.817857142857,1489.167857142857,-5.4821,L
S908,CIPLA,2025-07-21 10:40:00+05:30,-0.0633,-0.0389,0,,0.3818,88.89,-1.0,0,0.2599,1.0,1,0,1,0,1,2,2025-07-21 10:45:00+05:30,2025-07-21 10:50:00+05:30,2025-07-21 12:50:00+05:30,1477.5,1472.982142857143,1485.6321428571428,-4.5179,L
S909,CIPLA,2025-07-21 11:00:00+05:30,-0.0332,-0.0751,1,1.0,1.184,14.29,0.0219,0,6.402,,0,0,0,1,0,1,2025-07-21 11:00:00+05:30,2025-07-21 11:05:00+05:30,2025-07-21 12:50:00+05:30,1477.5,1473.1607142857144,1485.310714285714,-4.3393,L
S910,CIPLA,2025-07-21 11:15:00+05:30,0.0585,-0.0332,1,1.0,0.3668,21.43,0.0,0,1.354,,0,0,1,1,0,1,2025-07-21 11:15:00+05:30,2025-07-21 11:20:00+05:30,2025-07-21 12:45:00+05:30,1478.3,1474.2107142857144,1485.660714285714,-4.0893,L
S911,CIPLA,2025-07-21 12:05:00+05:30,-0.0609,-0.0497,0,,1.0983,44.44,-0.9451,0,0.2948,1.0,3,0,1,0,3,4,2025-07-21 12:20:00+05:30,2025-07-21 12:25:00+05:30,2025-07-21 12:50:00+05:30,1476.8,1472.6571428571428,1484.2571428571428,-4.1429,L
S912,CIPLA,2025-07-21 12:30:00+05:30,-0.0268,-0.0542,1,1.0,0.9104,40.0,-0.2,0,0.2937,0.0,1,0,1,0,1,2,2025-07-21 12:35:00+05:30,2025-07-21 12:40:00+05:30,2025-07-21 12:50:00+05:30,1477.0,1473.9107142857142,1482.5607142857143,-3.0893,L
S913,CIPLA,2025-07-21 13:50:00+05:30,-0.0583,-0.0526,0,,1.8788,80.0,-1.0,0,0.5506,0.0,3,0,0,0,3,4,2025-07-21 14:05:00+05:30,2025-07-21 14:10:00+05:30,2025-07-21 15:00:00+05:30,1473.4,1469.275,1480.825,-1.1,EOD-
S914,CIPLA,2025-07-22 10:30:00+05:30,-0.2652,-0.2747,0,,1.8122,8.7,-0.8627,0,2.0783,1.0,3,0,0,0,3,4,2025-07-22 10:45:00+05:30,2025-07-22 10:50:00+05:30,2025-07-22 15:00:00+05:30,1461.9,1453.864285714286,1476.364285714286,-1.4,EOD-
S915,CIPLA,2025-07-22 11:05:00+05:30,-0.1803,-0.2338,3,3.0,0.0947,23.81,5.0465,0,1.9882,,0,0,0,1,0,1,2025-07-22 11:05:00+05:30,2025-07-22 11:10:00+05:30,2025-07-22 13:00:00+05:30,1460.0,1454.321428571429,1470.2214285714283,10.2214,W
S916,CIPLA,2025-07-22 11:50:00+05:30,0.1116,0.0668,8,2.0,0.0135,36.36,25.6667,0,2.6941,,0,0,0,1,0,1,2025-07-22 11:50:00+05:30,2025-07-22 11:55:00+05:30,2025-07-22 15:00:00+05:30,1461.6,1456.0464285714286,1471.5964285714283,-1.1,EOD-
S917,CIPLA,2025-07-22 12:05:00+05:30,0.0896,0.1116,1,1.0,0.5757,74.07,-0.84,0,2.3936,1.0,1,1,0,0,1,2,2025-07-22 12:10:00+05:30,2025-07-22 12:15:00+05:30,2025-07-22 15:00:00+05:30,1462.1,1456.6714285714286,1471.8714285714284,-1.6,EOD-
S918,CIPLA,2025-07-22 13:40:00+05:30,0.0957,0.0941,16,6.0,0.0371,28.57,0.4286,0,0.1973,,0,1,1,1,0,1,2025-07-22 13:40:00+05:30,2025-07-22 13:45:00+05:30,2025-07-22 14:15:00+05:30,1467.5,1462.7857142857142,1475.9857142857145,-4.7143,L
S919,CIPLA,2025-07-23 09:15:00+05:30,,,0,,0.3952,31.08,1.7619,0,0.5963,,0,1,0,1,0,1,2025-07-23 09:15:00+05:30,2025-07-23 09:20:00+05:30,2025-07-23 15:00:00+05:30,1468.0,1461.357142857143,1479.9571428571428,5.5,EOD+
S920,CIPLA,2025-07-23 09:30:00+05:30,,,2,2.0,0.1786,12.12,3.0,0,0.6526,,0,1,0,1,0,1,2025-07-23 09:30:00+05:30,2025-07-23 09:35:00+05:30,2025-07-23 15:00:00+05:30,1465.8,1458.8,1478.4,7.7,EOD+
S921,CIPLA,2025-07-23 10:05:00+05:30,0.0945,0.0615,6,3.0,0.0563,34.62,6.2727,0,0.252,,0,0,0,1,0,1,2025-07-23 10:05:00+05:30,2025-07-23 10:10:00+05:30,2025-07-23 15:00:00+05:30,1467.3,1459.9785714285713,1480.4785714285713,6.2,EOD+
S922,CIPLA,2025-07-23 10:20:00+05:30,0.1064,0.0945,2,2.0,0.2109,52.17,0.8487,0,0.0997,,0,0,1,1,0,1,2025-07-23 10:20:00+05:30,2025-07-23 10:25:00+05:30,2025-07-23 15:00:00+05:30,1468.1,1461.0464285714286,1480.7964285714284,5.4,EOD+
S923,CIPLA,2025-07-23 11:10:00+05:30,0.0048,0.0586,0,,2.1878,66.67,-0.7706,0,2.1816,1.0,3,0,0,0,3,4,2025-07-23 11:25:00+05:30,2025-07-23 11:30:00+05:30,2025-07-23 15:00:00+05:30,1468.4,1463.4178571428572,1477.3678571428572,5.1,EOD+
S924,CIPLA,2025-07-23 12:10:00+05:30,0.0255,0.0198,8,4.0,0.39,50.0,0.7219,0,1.367,,0,0,0,1,0,1,2025-07-23 12:10:00+05:30,2025-07-23 12:15:00+05:30,2025-07-23 15:00:00+05:30,1468.5,1463.6607142857142,1477.2107142857144,5.0,EOD+
S925,CIPLA,2025-07-23 12:30:00+05:30,-0.0286,0.0208,0,,1.6175,84.62,-0.958,0,0.467,0.0,3,0,1,0,3,4,2025-07-23 12:45:00+05:30,2025-07-23 12:50:00+05:30,2025-07-23 15:00:00+05:30,1467.5,1463.8214285714284,1474.1214285714289,6.0,EOD+
S926,CIPLA,2025-07-23 13:15:00+05:30,0.0027,0.0307,0,,0.6309,20.0,-0.854,0,1.051,1.0,3,0,0,0,3,4,2025-07-23 13:30:00+05:30,2025-07-23 13:35:00+05:30,2025-07-23 13:50:00+05:30,1467.6,1464.885714285714,1472.4857142857145,-2.7143,L
S927,CIPLA,2025-07-23 13:50:00+05:30,-0.0385,-0.0228,0,,3.15,70.0,-0.798,0,2.8973,1.0,3,0,0,0,3,4,2025-07-23 14:05:00+05:30,2025-07-23 14:10:00+05:30,2025-07-23 14:35:00+05:30,1467.2,1465.2357142857145,1470.7357142857145,3.5357,W
S928,CIPLA,2025-07-23 14:20:00+05:30,0.0116,-0.0382,2,1.0,0.012,12.5,25.6667,0,0.6126,,0,0,0,1,0,1,2025-07-23 14:20:00+05:30,2025-07-23 14:25:00+05:30,2025-07-23 14:40:00+05:30,1467.3,1464.175,1472.925,5.625,W
S929,CIPLA,2025-07-23 14:30:00+05:30,0.0143,0.0017,0,,0.7541,7.69,0.0256,0,3.1126,,0,1,1,1,0,1,2025-07-23 14:30:00+05:30,2025-07-23 14:35:00+05:30,2025-07-23 14:40:00+05:30,1467.2,1463.9678571428572,1473.017857142857,5.8179,W
S930,CIPLA,2025-07-24 09:15:00+05:30,,,0,,0.1241,80.0,-1.0,0,0.4017,,0,0,0,1,0,1,2025-07-24 09:15:00+05:30,2025-07-24 09:20:00+05:30,2025-07-24 10:25:00+05:30,1477.3,1470.55,1489.4499999999998,-6.75,L
S931,CIPLA,2025-07-24 09:55:00+05:30,0.1489,0.166,7,6.0,0.195,7.14,1.3622,0,0.1547,,0,0,1,1,0,1,2025-07-24 09:55:00+05:30,2025-07-24 10:00:00+05:30,2025-07-24 15:00:00+05:30,1475.5,1467.357142857143,1490.1571428571428,8.6,EOD+
S932,CIPLA,2025-07-24 10:05:00+05:30,0.1112,0.1462,0,,0.2562,100.0,-1.0,0,0.1659,,0,1,1,1,0,1,2025-07-24 10:05:00+05:30,2025-07-24 10:10:00+05:30,2025-07-24 10:25:00+05:30,1478.5,1470.5,1492.9,-8.0,L
S933,CIPLA,2025-07-24 10:15:00+05:30,0.0752,0.1309,1,1.0,0.039,19.23,11.8,0,0.3117,,0,0,1,1,0,1,2025-07-24 10:15:00+05:30,2025-07-24 10:20:00+05:30,2025-07-24 15:00:00+05:30,1476.8,1468.7821428571428,1491.232142857143,7.3,EOD+
S934,CIPLA,2025-07-24 10:40:00+05:30,0.0075,0.0363,0,,0.4619,18.18,-0.5595,0,1.9212,1.0,3,0,1,0,3,4,2025-07-24 10:55:00+05:30,2025-07-24 11:00:00+05:30,2025-07-24 12:20:00+05:30,1476.4,1470.257142857143,1487.457142857143,11.0571,W
S935,CIPLA,2025-07-24 11:05:00+05:30,0.0,0.0254,0,,0.4611,85.71,-1.0,0,5.8234,0.0,2,0,0,0,2,3,2025-07-24 11:15:00+05:30,2025-07-24 11:20:00+05:30,2025-07-24 12:25:00+05:30,1476.6,1469.9035714285712,1488.6535714285717,12.0536,W
S936,CIPLA,2025-07-24 11:25:00+05:30,-0.0241,-0.0156,0,,0.229,23.08,0.0,0,2.7565,,0,0,0,1,0,1,2025-07-24 11:25:00+05:30,2025-07-24 11:30:00+05:30,2025-07-24 15:00:00+05:30,1476.1,1468.4571428571426,1489.857142857143,8.0,EOD+
S937,CIPLA,2025-07-24 13:55:00+05:30,0.0932,0.1026,29,17.0,0.6293,52.17,-0.4382,0,0.7941,0.0,1,0,0,0,1,2,2025-07-24 14:00:00+05:30,2025-07-24 14:05:00+05:30,2025-07-24 14:45:00+05:30,1487.7,1484.1642857142856,1494.064285714286,-3.5357,L
S938,CIPLA,2025-07-25 09:45:00+05:30,-0.1264,,0,,1.6,50.0,-0.9554,0,0.6279,1.0,3,0,0,0,3,4,2025-07-25 10:00:00+05:30,2025-07-25 10:05:00+05:30,2025-07-25 13:20:00+05:30,1486.0,1475.5,1504.9,18.9,W
S939,CIPLA,2025-07-25 10:10:00+05:30,-0.0384,-0.1028,0,,0.2576,100.0,-1.0,0,0.2512,0.0,3,0,0,0,3,4,2025-07-25 10:25:00+05:30,2025-07-25 10:30:00+05:30,2025-07-25 13:20:00+05:30,1483.5,1472.3392857142858,1503.5892857142858,20.0893,W
S940,CIPLA,2025-07-25 10:35:00+05:30,-0.0719,-0.0236,0,,0.3015,100.0,-1.0,0,0.7635,1.0,1,0,1,0,1,2,2025-07-25 10:40:00+05:30,2025-07-25 10:45:00+05:30,2025-07-25 13:15:00+05:30,1484.0,1476.6607142857142,1497.2107142857142,13.2107,W
S941,CIPLA,2025-07-25 11:15:00+05:30,0.1008,0.0293,6,2.0,0.0515,17.39,14.2,0,0.5167,,0,0,1,1,0,1,2025-07-25 11:15:00+05:30,2025-07-25 11:20:00+05:30,2025-07-25 13:15:00+05:30,1485.0,1478.928571428571,1495.928571428571,10.9286,W
S942,CIPLA,2025-07-25 11:55:00+05:30,0.0418,0.0919,7,5.0,0.0632,73.68,3.1667,0,1.0408,,0,0,0,1,0,1,2025-07-25 11:55:00+05:30,2025-07-25 12:00:00+05:30,2025-07-25 12:20:00+05:30,1486.3,1481.55,1494.85,-4.75,L
S943,CIPLA,2025-07-25 12:05:00+05:30,0.0424,0.0387,0,,0.118,40.0,-0.5455,0,0.2098,,0,0,1,1,0,1,2025-07-25 12:05:00+05:30,2025-07-25 12:10:00+05:30,2025-07-25 13:15:00+05:30,1485.3,1480.6392857142855,1493.6892857142857,8.3893,W
S944,CIPLA,2025-07-25 12:15:00+05:30,0.0488,0.0337,0,,1.3575,30.43,-0.4572,0,2.2062,0.0,3,0,0,0,3,4,2025-07-25 12:30:00+05:30,2025-07-25 12:35:00+05:30,2025-07-25 13:15:00+05:30,1486.4,1481.989285714286,1494.3392857142858,7.9393,W
S945,CIPLA,2025-07-25 13:00:00+05:30,0.0259,0.0336,5,4.0,0.2894,47.22,-0.2908,0,0.3519,0.0,1,0,0,0,1,2,2025-07-25 13:05:00+05:30,2025-07-25 13:10:00+05:30,2025-07-25 13:15:00+05:30,1487.0,1480.9107142857144,1497.9607142857142,10.9607,W
S946,CIPLA,2025-07-25 13:15:00+05:30,0.0525,0.0259,1,1.0,0.3472,95.76,-0.4309,0,6.0172,,0,1,1,1,0,1,2025-07-25 13:15:00+05:30,2025-07-25 13:20:00+05:30,2025-07-25 13:20:00+05:30,1502.9,1494.0428571428572,1518.8428571428572,15.9429,W
S947,CIPLA,2025-07-28 09:35:00+05:30,,,0,,1.7668,56.1,-0.8824,0,0.7809,1.0,3,0,0,0,3,4,2025-07-28 09:50:00+05:30,2025-07-28 09:55:00+05:30,2025-07-28 10:05:00+05:30,1530.9,1515.257142857143,1559.057142857143,28.1571,W
S948,CIPLA,2025-07-28 11:25:00+05:30,0.6026,0.5453,17,12.0,0.0028,9.52,39.0,0,0.1441,,0,0,1,1,0,1,2025-07-28 11:25:00+05:30,2025-07-28 11:30:00+05:30,2025-07-28 15:00:00+05:30,1560.7,1547.1464285714285,1585.0964285714288,10.0,EOD+
S949,CIPLA,2025-07-28 12:05:00+05:30,-0.1114,0.2053,0,,1.0778,46.27,-0.8079,0,0.1887,0.0,3,0,0,0,3,4,2025-07-28 12:20:00+05:30,2025-07-28 12:25:00+05:30,2025-07-28 15:00:00+05:30,1560.8,1551.1392857142855,1578.1892857142857,9.9,EOD+
S950,CIPLA,2025-07-28 12:30:00+05:30,-0.0535,-0.1512,0,,0.0376,84.62,0.5385,0,0.0928,,0,0,1,1,0,1,2025-07-28 12:30:00+05:30,2025-07-28 12:35:00+05:30,2025-07-28 15:00:00+05:30,1560.5,1551.857142857143,1576.057142857143,10.2,EOD+
S951,CIPLA,2025-07-28 12:50:00+05:30,-0.0285,-0.0243,0,,0.65,0.0,-0.1067,0,0.5896,1.0,3,0,0,0,3,4,2025-07-28 13:05:00+05:30,2025-07-28 13:10:00+05:30,2025-07-28 15:00:00+05:30,1560.4,1552.65,1574.35,10.3,EOD+
S952,CIPLA,2025-07-28 13:15:00+05:30,-0.0189,-0.0442,1,1.0,0.3588,69.23,-1.0,0,0.2897,1.0,2,0,0,0,2,3,2025-07-28 13:25:00+05:30,2025-07-28 13:30:00+05:30,2025-07-28 14:45:00+05:30,1560.4,1554.6857142857143,1570.6857142857143,10.2857,W
S953,CIPLA,2025-07-28 13:35:00+05:30,0.0253,0.0045,0,,0.1003,38.1,5.1905,0,0.1647,,0,0,1,1,0,1,2025-07-28 13:35:00+05:30,2025-07-28 13:40:00+05:30,2025-07-28 14:45:00+05:30,1561.4,1556.1678571428572,1570.8178571428573,9.4179,W
S954,CIPLA,2025-07-28 13:45:00+05:30,0.0176,0.0192,0,,0.5313,21.43,-0.5708,0,0.4259,0.0,1,1,1,0,1,2,2025-07-28 13:50:00+05:30,2025-07-28 13:55:00+05:30,2025-07-28 14:45:00+05:30,1561.7,1556.2178571428572,1571.5678571428573,9.8679,W
S955,CIPLA,2025-07-29 09:15:00+05:30,,,0,,2.7893,60.47,-0.5854,0,2.7181,,0,0,0,1,0,1,2025-07-29 09:15:00+05:30,2025-07-29 09:20:00+05:30,2025-07-29 09:50:00+05:30,1570.4,1562.1857142857143,1585.1857142857143,-8.2143,L
S956,CIPLA,2025-07-29 09:25:00+05:30,,,0,,1.0539,4.55,-0.1045,0,0.3205,0.0,1,0,0,0,1,2,2025-07-29 09:30:00+05:30,2025-07-29 09:35:00+05:30,2025-07-29 15:00:00+05:30,1569.7,1560.1642857142858,1586.864285714286,4.3,EOD+
S957,CIPLA,2025-07-29 09:45:00+05:30,0.0089,,0,,1.0226,62.07,-0.9756,0,0.3509,1.0,3,1,1,0,3,4,2025-07-29 10:00:00+05:30,2025-07-29 10:05:00+05:30,2025-07-29 15:00:00+05:30,1569.6,1559.5642857142857,1587.6642857142858,4.4,EOD+
S958,CIPLA,2025-07-29 10:15:00+05:30,-0.0025,0.0105,0,,0.4939,18.75,-0.6909,0,0.2493,1.0,3,0,0,0,3,4,2025-07-29 10:30:00+05:30,2025-07-29 10:35:00+05:30,2025-07-29 15:00:00+05:30,1570.1,1558.635714285714,1590.7357142857145,3.9,EOD+
S959,CIPLA,2025-07-29 10:40:00+05:30,-0.0545,-0.0249,1,1.0,0.4905,87.5,-1.0,0,0.9809,1.0,2,0,0,0,2,3,2025-07-29 10:50:00+05:30,2025-07-29 10:55:00+05:30,2025-07-29 15:00:00+05:30,1568.5,1560.803571428571,1582.3535714285715,5.5,EOD+
S960,CIPLA,2025-07-29 11:20:00+05:30,0.0137,-0.0252,4,1.0,0.2481,63.64,-0.4643,0,0.2635,0.0,2,0,1,0,2,3,2025-07-29 11:30:00+05:30,2025-07-29 11:35:00+05:30,2025-07-29 14:45:00+05:30,1568.5,1562.857142857143,1578.657142857143,10.1571,W
S961,CIPLA,2025-07-29 11:40:00+05:30,0.0284,0.0188,0,,0.4275,23.08,-0.2982,0,0.2158,,0,1,1,1,0,1,2025-07-29 11:40:00+05:30,2025-07-29 11:45:00+05:30,2025-07-29 14:20:00+05:30,1568.8,1563.7999999999995,1577.8000000000002,9.0,W
S962,CIPLA,2025-07-29 11:50:00+05:30,0.0096,0.0395,0,,1.0789,0.0,0.0233,0,2.3596,,0,0,0,1,0,1,2025-07-29 11:50:00+05:30,2025-07-29 11:55:00+05:30,2025-07-29 13:00:00+05:30,1568.1,1563.117857142857,1577.0678571428573,8.9679,W
S963,CIPLA,2025-07-29 12:00:00+05:30,-0.0026,0.0159,0,,0.0312,7.69,2.3333,0,0.6125,,0,0,1,1,0,1,2025-07-29 12:00:00+05:30,2025-07-29 12:05:00+05:30,2025-07-29 13:00:00+05:30,1568.7,1563.8964285714285,1577.3464285714288,8.6464,W
S964,CIPLA,2025-07-29 12:40:00+05:30,0.0624,0.0717,6,6.0,0.0309,26.32,17.5714,0,1.9296,,0,0,0,1,0,1,2025-07-29 12:40:00+05:30,2025-07-29 12:45:00+05:30,2025-07-29 15:00:00+05:30,1571.3,1565.6392857142855,1581.489285714286,2.7,EOD+
S965,CIPLA,2025-07-29 13:35:00+05:30,0.0988,0.1075,10,7.0,0.355,22.22,1.0455,0,1.0423,,0,0,0,1,0,1,2025-07-29 13:35:00+05:30,2025-07-29 13:40:00+05:30,2025-07-29 15:00:00+05:30,1575.0,1568.803571428571,1586.1535714285717,-1.0,EOD-
S966,CIPLA,2025-07-29 13:45:00+05:30,0.0832,0.0969,1,1.0,0.1943,9.09,0.7204,0,0.3217,,0,0,1,1,0,1,2025-07-29 13:45:00+05:30,2025-07-29 13:50:00+05:30,2025-07-29 15:00:00+05:30,1573.6,1567.617857142857,1584.367857142857,0.4,EOD+
S967,CIPLA,2025-07-29 13:55:00+05:30,0.0553,0.0928,0,,0.2715,37.5,0.0937,0,0.6511,,0,0,0,1,0,1,2025-07-29 13:55:00+05:30,2025-07-29 14:00:00+05:30,2025-07-29 15:00:00+05:30,1574.3,1568.4071428571428,1584.9071428571428,-0.3,EOD-
S968,CIPLA,2025-07-29 14:05:00+05:30,0.0254,0.0651,0,,1.2651,84.09,-0.7631,0,1.7003,0.0,3,0,0,0,3,4,2025-07-29 14:20:00+05:30,2025-07-29 14:25:00+05:30,2025-07-29 15:00:00+05:30,1575.2,1569.3607142857145,1585.7107142857142,-1.2,EOD-
S969,CIPLA,2025-07-30 09:15:00+05:30,,,0,,2.6769,29.05,-0.08,0,2.0381,,0,0,0,1,0,1,2025-07-30 09:15:00+05:30,2025-07-30 09:20:00+05:30,2025-07-30 10:00:00+05:30,1577.6,1568.260714285714,1594.4107142857142,-9.3393,L
S970,CIPLA,2025-07-30 09:30:00+05:30,,,1,1.0,0.0516,0.0,3.1026,0,0.6061,,0,0,0,1,0,1,2025-07-30 09:30:00+05:30,2025-07-30 09:35:00+05:30,2025-07-30 10:05:00+05:30,1575.9,1566.4535714285714,1592.9035714285717,-9.4464,L
S971,CIPLA,2025-07-30 11:15:00+05:30,-0.2049,-0.1951,0,,1.2722,9.52,-0.5343,0,0.701,1.0,3,0,0,0,3,4,2025-07-30 11:30:00+05:30,2025-07-30 11:35:00+05:30,2025-07-30 12:50:00+05:30,1565.8,1557.7821428571428,1580.232142857143,-8.0179,L
S972,CIPLA,2025-07-30 11:45:00+05:30,-0.116,-0.1722,2,1.0,0.6729,75.86,-0.8762,0,0.3024,0.0,2,0,0,0,2,3,2025-07-30 11:55:00+05:30,2025-07-30 12:00:00+05:30,2025-07-30 12:40:00+05:30,1565.0,1559.0,1575.8000000000002,-6.0,L
S973,CIPLA,2025-07-30 12:05:00+05:30,-0.0524,-0.0981,0,,0.1189,57.14,1.2727,0,0.4156,,0,0,0,1,0,1,2025-07-30 12:05:00+05:30,2025-07-30 12:10:00+05:30,2025-07-30 12:30:00+05:30,1565.3,1560.675,1573.6250000000002,-4.625,L
S974,CIPLA,2025-07-30 12:15:00+05:30,-0.0163,-0.0678,1,1.0,0.1134,8.33,1.9268,0,0.3755,,0,0,0,1,0,1,2025-07-30 12:15:00+05:30,2025-07-30 12:20:00+05:30,2025-07-30 12:35:00+05:30,1564.3,1559.7821428571428,1572.432142857143,-4.5179,L
S975,CIPLA,2025-07-31 10:55:00+05:30,-0.2807,-0.3298,0,,2.4168,70.21,-0.9013,0,1.471,0.0,3,0,0,0,3,4,2025-07-31 11:10:00+05:30,2025-07-31 11:15:00+05:30,2025-07-31 13:35:00+05:30,1542.2,1534.8607142857145,1555.4107142857144,13.2107,W
S976,CIPLA,2025-07-31 11:20:00+05:30,-0.1904,-0.2353,0,,0.0536,21.95,-0.375,0,1.4978,,0,0,0,1,0,1,2025-07-31 11:20:00+05:30,2025-07-31 11:25:00+05:30,2025-07-31 13:35:00+05:30,1542.0,1534.5357142857142,1555.4357142857143,13.4357,W
S977,CIPLA,2025-07-31 11:45:00+05:30,-0.0146,-0.1178,3,1.0,0.2738,73.68,0.1976,0,0.5705,,0,0,0,1,0,1,2025-07-31 11:45:00+05:30,2025-07-31 11:50:00+05:30,2025-07-31 13:35:00+05:30,1540.8,1533.175,1554.525,13.725,W
S978,CIPLA,2025-07-31 12:05:00+05:30,0.0347,0.0036,2,1.0,0.1741,15.15,1.0408,0,1.2866,,0,0,0,1,0,1,2025-07-31 12:05:00+05:30,2025-07-31 12:10:00+05:30,2025-07-31 13:35:00+05:30,1542.0,1534.9642857142856,1554.6642857142858,12.6643,W
S979,CIPLA,2025-08-01 10:45:00+05:30,-0.6841,-0.6357,0,,4.1245,70.0,-0.9928,0,0.9643,1.0,3,1,0,0,3,4,2025-08-01 11:00:00+05:30,2025-08-01 11:05:00+05:30,2025-08-01 11:55:00+05:30,1517.3,1508.8535714285713,1532.5035714285714,-8.4464,L
S980,CIPLA,2025-08-01 13:30:00+05:30,-0.1631,-0.164,0,,2.132,54.0,-0.8411,0,0.2291,0.0,3,0,1,0,3,4,2025-08-01 13:45:00+05:30,2025-08-01 13:50:00+05:30,2025-08-01 14:25:00+05:30,1504.9,1498.257142857143,1516.8571428571431,-6.6429,L
S981,CIPLA,2025-08-01 13:55:00+05:30,-0.0918,-0.1393,0,,0.7709,73.91,-0.8813,0,0.4154,1.0,3,0,1,0,3,4,2025-08-01 14:10:00+05:30,2025-08-01 14:15:00+05:30,2025-08-01 14:25:00+05:30,1504.0,1498.5357142857142,1513.8357142857144,-5.4643,L
S982,CIPLA,2025-08-01 14:20:00+05:30,-0.0589,-0.0738,0,,1.6519,46.15,-0.75,0,1.6144,0.0,2,0,0,0,2,3,2025-08-01 14:30:00+05:30,2025-08-01 14:35:00+05:30,2025-08-01 15:00:00+05:30,1502.8,1496.7464285714284,1513.696428571429,-4.3,EOD-
S983,CIPLA,2025-08-04 10:40:00+05:30,0.2201,0.2121,17,17.0,0.086,21.05,-0.6429,0,0.1044,,0,0,1,1,0,1,2025-08-04 10:40:00+05:30,2025-08-04 10:45:00+05:30,2025-08-04 15:00:00+05:30,1510.6,1502.4571428571428,1525.257142857143,5.9,EOD+
S984,CIPLA,2025-08-04 10:55:00+05:30,0.0738,0.2201,0,,1.4345,7.69,-0.7219,0,1.1577,1.0,3,0,0,0,3,4,2025-08-04 11:10:00+05:30,2025-08-04 11:15:00+05:30,2025-08-04 15:00:00+05:30,1511.1,1504.2071428571426,1523.507142857143,5.4,EOD+
S985,CIPLA,2025-08-04 11:35:00+05:30,0.0126,-0.0129,3,3.0,0.43,55.56,0.3333,0,2.5822,,0,0,0,1,0,1,2025-08-04 11:35:00+05:30,2025-08-04 11:40:00+05:30,2025-08-04 15:00:00+05:30,1512.3,1507.067857142857,1521.7178571428572,4.2,EOD+
S986,CIPLA,2025-08-04 13:00:00+05:30,0.1059,0.1449,16,1.0,0.0553,54.17,8.5652,0,2.1068,,0,0,0,1,0,1,2025-08-04 13:00:00+05:30,2025-08-04 13:05:00+05:30,2025-08-04 15:00:00+05:30,1516.8,1511.6035714285715,1526.1535714285712,-0.3,EOD-
S987,CIPLA,2025-08-04 13:35:00+05:30,-0.0016,0.0597,0,,1.1552,85.71,-0.8812,0,0.4321,0.0,3,0,1,0,3,4,2025-08-04 13:50:00+05:30,2025-08-04 13:55:00+05:30,2025-08-04 15:00:00+05:30,1517.2,1511.7357142857145,1527.0357142857142,-0.7,EOD-
S988,CIPLA,2025-08-04 14:00:00+05:30,-0.0063,-0.0181,0,,0.9437,75.0,-0.8122,0,0.6895,0.0,2,0,0,0,2,3,2025-08-04 14:10:00+05:30,2025-08-04 14:15:00+05:30,2025-08-04 15:00:00+05:30,1516.4,1510.757142857143,1526.557142857143,0.1,EOD+
S989,CIPLA,2025-08-05 10:45:00+05:30,-0.194,-0.2111,0,,1.1908,50.0,-0.7297,0,3.2556,1.0,3,1,0,0,3,4,2025-08-05 11:00:00+05:30,2025-08-05 11:05:00+05:30,2025-08-05 11:30:00+05:30,1505.1,1498.885714285714,1516.2857142857142,-6.2143,L
S990,CIPLA,2025-08-05 11:10:00+05:30,-0.0981,-0.1868,1,1.0,0.29,49.06,0.6561,0,2.3237,,0,0,1,1,0,1,2025-08-05 11:10:00+05:30,2025-08-05 11:15:00+05:30,2025-08-05 11:30:00+05:30,1506.7,1499.932142857143,1518.882142857143,-6.7679,L
S991,CIPLA,2025-08-05 11:25:00+05:30,0.0236,-0.0981,2,2.0,0.1475,77.14,-1.0,0,4.4862,1.0,2,0,0,0,2,3,2025-08-05 11:35:00+05:30,2025-08-05 11:40:00+05:30,2025-08-05 12:30:00+05:30,1504.8,1497.7642857142855,1517.4642857142858,-7.0357,L
S992,CIPLA,2025-08-05 11:45:00+05:30,-0.006,0.0313,0,,0.7162,58.33,-0.6701,0,1.7014,1.0,1,0,1,0,1,2,2025-08-05 11:50:00+05:30,2025-08-05 11:55:00+05:30,2025-08-05 12:45:00+05:30,1504.2,1495.7357142857145,1519.4357142857143,-8.4643,L
S993,CIPLA,2025-08-05 12:00:00+05:30,-0.0076,-0.006,0,,0.2372,50.0,-0.7546,0,1.3686,1.0,2,0,0,0,2,3,2025-08-05 12:10:00+05:30,2025-08-05 12:15:00+05:30,2025-08-05 12:40:00+05:30,1504.6,1496.010714285714,1520.060714285714,-8.5893,L
S994,CIPLA,2025-08-05 13:30:00+05:30,-0.1593,-0.1808,0,,2.0027,90.0,-0.9793,0,1.6649,1.0,3,0,0,0,3,4,2025-08-05 13:45:00+05:30,2025-08-05 13:50:00+05:30,2025-08-05 15:00:00+05:30,1496.8,1490.7642857142855,1507.6642857142856,0.2,EOD+
S995,CIPLA,2025-08-05 14:00:00+05:30,-0.112,-0.1414,2,1.0,0.5887,37.93,-0.0551,0,0.4923,1.0,2,1,1,0,2,3,2025-08-05 14:10:00+05:30,2025-08-05 14:15:00+05:30,2025-08-05 15:00:00+05:30,1494.9,1489.507142857143,1504.607142857143,2.1,EOD+
S996,CIPLA,2025-08-05 14:20:00+05:30,-0.083,-0.1094,0,,0.7304,37.04,-0.2424,0,1.9026,1.0,1,0,0,0,1,2,2025-08-05 14:25:00+05:30,2025-08-05 14:30:00+05:30,2025-08-05 15:00:00+05:30,1496.6,1492.0821428571428,1504.732142857143,0.4,EOD+
S997,CIPLA,2025-08-06 11:20:00+05:30,-0.1359,-0.1945,0,,1.3052,14.29,-1.0,0,0.6975,1.0,3,0,0,0,3,4,2025-08-06 11:35:00+05:30,2025-08-06 11:40:00+05:30,2025-08-06 13:00:00+05:30,1478.4,1472.8642857142856,1488.364285714286,9.9643,W
S998,CIPLA,2025-08-06 11:45:00+05:30,-0.046,-0.1258,0,,0.6973,23.08,-0.2366,0,3.1131,1.0,3,1,0,0,3,4,2025-08-06 12:00:00+05:30,2025-08-06 12:05:00+05:30,2025-08-06 13:00:00+05:30,1480.4,1475.7035714285714,1488.8535714285715,8.4536,W
S999,CIPLA,2025-08-06 13:30:00+05:30,0.1327,0.184,17,6.0,0.1545,59.09,-0.4118,0,0.2294,0.0,1,0,1,0,1,2,2025-08-06 13:35:00+05:30,2025-08-06 13:40:00+05:30,2025-08-06 14:15:00+05:30,1485.2,1479.7,1495.1,-5.5,L
S1000,CIPLA,2025-08-07 09:15:00+05:30,,,0,,2.1289,71.31,-1.0,0,3.1772,,0,0,0,1,0,1,2025-08-07 09:15:00+05:30,2025-08-07 09:20:00+05:30,2025-08-07 10:10:00+05:30,1492.4,1482.025,1511.075,-10.375,L
S1001,CIPLA,2025-08-07 09:40:00+05:30,0.2006,,4,2.0,0.2324,62.26,0.3934,0,0.4162,,0,0,0,1,0,1,2025-08-07 09:40:00+05:30,2025-08-07 09:45:00+05:30,2025-08-07 11:05:00+05:30,1487.7,1474.575,1511.3249999999998,-13.125,L
S1002,CIPLA,2025-08-07 09:50:00+05:30,0.1518,,0,,0.0999,9.68,-0.0909,0,0.5247,,0,1,0,1,0,1,2025-08-07 09:50:00+05:30,2025-08-07 09:55:00+05:30,2025-08-07 11:05:00+05:30,1489.0,1475.232142857143,1513.7821428571428,-13.7679,L
S1003,CIPLA,2025-08-07 12:25:00+05:30,-0.2299,-0.266,0,,1.5785,60.71,-0.8208,0,7.0531,1.0,3,0,0,0,3,4,2025-08-07 12:40:00+05:30,2025-08-07 12:45:00+05:30,2025-08-07 14:50:00+05:30,1470.5,1463.428571428571,1483.2285714285715,12.7286,W
S1004,CIPLA,2025-08-07 12:50:00+05:30,-0.1185,-0.2097,0,,0.3741,37.5,-0.5556,0,0.2592,1.0,1,0,1,0,1,2,2025-08-07 12:55:00+05:30,2025-08-07 13:00:00+05:30,2025-08-07 14:50:00+05:30,1470.1,1462.5821428571426,1483.632142857143,13.5321,W
S1005,CIPLA,2025-08-07 13:20:00+05:30,0.0218,-0.0017,4,3.0,0.1546,83.33,0.3187,0,0.2166,,0,0,1,1,0,1,2025-08-07 13:20:00+05:30,2025-08-07 13:25:00+05:30,2025-08-07 14:50:00+05:30,1468.3,1460.942857142857,1481.5428571428572,13.2429,W
S1006,CIPLA,2025-08-07 13:35:00+05:30,0.0153,0.0218,1,1.0,0.034,11.11,12.3333,0,0.2183,,0,0,1,1,0,1,2025-08-07 13:35:00+05:30,2025-08-07 13:40:00+05:30,2025-08-07 14:50:00+05:30,1470.0,1463.375,1481.925,11.925,W
S1007,CIPLA,2025-08-08 10:10:00+05:30,0.0451,0.0741,0,,1.4015,60.0,-0.8525,0,2.9487,1.0,3,0,0,0,3,4,2025-08-08 10:25:00+05:30,2025-08-08 10:30:00+05:30,2025-08-08 15:00:00+05:30,1485.0,1476.5357142857142,1500.2357142857145,2.7,EOD+
S1008,CIPLA,2025-08-08 11:55:00+05:30,0.1354,0.156,16,12.0,0.6907,20.83,0.3393,0,1.3146,,0,1,0,1,0,1,2025-08-08 11:55:00+05:30,2025-08-08 12:00:00+05:30,2025-08-08 15:00:00+05:30,1489.0,1484.946428571429,1496.2964285714286,-4.0536,L
S1009,CIPLA,2025-08-08 12:05:00+05:30,0.1038,0.1395,0,,0.8481,81.82,-0.8413,0,2.4258,1.0,3,1,0,0,3,4,2025-08-08 12:20:00+05:30,2025-08-08 12:25:00+05:30,2025-08-08 14:30:00+05:30,1490.8,1487.0857142857142,1497.4857142857145,-3.7143,L
S1010,CIPLA,2025-08-08 13:10:00+05:30,0.0326,0.044,9,4.0,0.3748,5.56,1.2517,0,1.7184,,0,0,0,1,0,1,2025-08-08 13:10:00+05:30,2025-08-08 13:15:00+05:30,2025-08-08 15:00:00+05:30,1490.8,1485.7642857142855,1499.8642857142856,-5.0357,L
S1011,CIPLA,2025-08-08 13:20:00+05:30,0.0289,0.0342,1,1.0,0.1259,27.27,0.2,0,0.4389,,0,0,1,1,0,1,2025-08-08 13:20:00+05:30,2025-08-08 13:25:00+05:30,2025-08-08 15:00:00+05:30,1490.4,1485.4357142857143,1499.3357142857144,-4.9643,L
S1012,CIPLA,2025-08-08 13:30:00+05:30,0.0315,0.0312,0,,0.6447,11.11,-0.1429,0,0.2753,0.0,1,0,1,0,1,2,2025-08-08 13:35:00+05:30,2025-08-08 13:40:00+05:30,2025-08-08 14:30:00+05:30,1491.5,1487.428571428571,1498.8285714285714,-4.0714,L
S1013,CIPLA,2025-08-08 13:45:00+05:30,0.05,0.0315,0,,0.3672,70.83,0.0072,0,1.2986,,0,0,0,1,0,1,2025-08-08 13:45:00+05:30,2025-08-08 13:50:00+05:30,2025-08-08 15:00:00+05:30,1490.4,1485.6678571428572,1498.9178571428572,-4.7321,L
S1014,CIPLA,2025-08-11 09:15:00+05:30,,,0,,1.8451,47.62,-0.1344,0,1.3786,,0,0,0,1,0,1,2025-08-11 09:15:00+05:30,2025-08-11 09:20:00+05:30,2025-08-11 09:30:00+05:30,1493.0,1485.642857142857,1506.242857142857,-7.3571,L
S1015,CIPLA,2025-08-11 09:45:00+05:30,-0.0891,,0,,1.6574,62.22,-0.8068,0,0.2099,0.0,3,1,0,0,3,4,2025-08-11 10:00:00+05:30,2025-08-11 10:05:00+05:30,2025-08-11 14:30:00+05:30,1488.3,1477.3714285714286,1507.9714285714283,19.6714,W
S1016,CIPLA,2025-08-11 10:10:00+05:30,-0.0383,-0.1015,1,1.0,0.223,19.44,1.2564,0,0.2566,,0,1,0,1,0,1,2025-08-11 10:10:00+05:30,2025-08-11 10:15:00+05:30,2025-08-11 15:00:00+05:30,1489.5,1478.571428571429,1509.1714285714286,17.4,EOD+
S1017,CIPLA,2025-08-11 11:45:00+05:30,0.2658,0.3135,18,4.0,0.0682,20.69,6.6471,0,0.7065,,0,0,1,1,0,1,2025-08-11 11:45:00+05:30,2025-08-11 11:50:00+05:30,2025-08-11 15:00:00+05:30,1500.3,1494.067857142857,1511.517857142857,6.6,EOD+
S1018,CIPLA,2025-08-11 12:00:00+05:30,0.1912,0.2658,1,1.0,0.3631,15.0,-0.3421,0,0.3471,,0,1,1,1,0,1,2025-08-11 12:00:00+05:30,2025-08-11 12:05:00+05:30,2025-08-11 15:00:00+05:30,1501.2,1495.9678571428572,1510.6178571428572,5.7,EOD+
S1019,CIPLA,2025-08-11 12:10:00+05:30,0.1182,0.2099,0,,1.4468,76.92,-0.8767,0,0.6937,0.0,3,1,1,0,3,4,2025-08-11 12:25:00+05:30,2025-08-11 12:30:00+05:30,2025-08-11 15:00:00+05:30,1502.6,1496.992857142857,1512.692857142857,4.3,EOD+
S1020,CIPLA,2025-08-11 13:05:00+05:30,-0.0383,0.0043,0,,1.1042,32.35,-0.2229,0,0.4434,0.0,3,0,1,0,3,4,2025-08-11 13:20:00+05:30,2025-08-11 13:25:00+05:30,2025-08-11 15:00:00+05:30,1501.4,1495.864285714286,1511.3642857142856,5.5,EOD+
S1021,CIPLA,2025-08-11 13:30:00+05:30,0.0037,-0.0333,0,,0.0491,64.71,2.0,0,0.4527,,0,1,1,1,0,1,2025-08-11 13:30:00+05:30,2025-08-11 13:35:00+05:30,2025-08-11 15:00:00+05:30,1502.9,1497.8107142857143,1512.0607142857143,4.0,EOD+
S1022,CIPLA,2025-08-12 09:15:00+05:30,,,0,,1.3498,26.58,-0.3256,0,1.1043,,0,1,0,1,0,1,2025-08-12 09:15:00+05:30,2025-08-12 09:20:00+05:30,2025-08-12 14:00:00+05:30,1506.4,1498.4357142857143,1520.7357142857145,14.3357,W
S1023,CIPLA,2025-08-12 09:25:00+05:30,,,0,,0.0924,75.0,0.6949,0,0.5886,,0,1,1,1,0,1,2025-08-12 09:25:00+05:30,2025-08-12 09:30:00+05:30,2025-08-12 14:05:00+05:30,1508.1,1500.117857142857,1522.4678571428572,14.3679,W
S1024,CIPLA,2025-08-12 11:55:00+05:30,-0.0649,-0.0241,0,,1.5622,52.94,-0.8087,0,1.3095,1.0,3,0,0,0,3,4,2025-08-12 12:10:00+05:30,2025-08-12 12:15:00+05:30,2025-08-12 14:05:00+05:30,1510.4,1504.5428571428572,1520.9428571428573,10.5429,W
S1025,CIPLA,2025-08-13 09:15:00+05:30,,,0,,0.2684,84.95,0.519,0,1.0192,,0,1,1,1,0,1,2025-08-13 09:15:00+05:30,2025-08-13 09:20:00+05:30,2025-08-13 11:00:00+05:30,1529.6,1522.242857142857,1542.842857142857,13.2429,W
S1026,CIPLA,2025-08-13 12:00:00+05:30,0.2223,0.2281,32,5.0,0.2128,93.75,-0.2366,0,7.7917,,0,1,0,1,0,1,2025-08-13 12:00:00+05:30,2025-08-13 12:05:00+05:30,2025-08-13 12:40:00+05:30,1551.8,1544.1035714285715,1565.6535714285712,13.8536,W
S1027,CIPLA,2025-08-13 13:20:00+05:30,0.2861,0.3267,15,6.0,0.0089,83.02,25.6667,0,0.4664,,0,0,1,1,0,1,2025-08-13 13:20:00+05:30,2025-08-13 13:25:00+05:30,2025-08-13 15:00:00+05:30,1559.9,1551.4535714285714,1575.1035714285715,-1.1,EOD-
S1028,CIPLA,2025-08-14 09:50:00+05:30,0.1714,,7,7.0,0.04,60.0,2.4286,0,0.395,,0,0,1,1,0,1,2025-08-14 09:50:00+05:30,2025-08-14 09:55:00+05:30,2025-08-14 10:40:00+05:30,1563.6,1552.6714285714286,1583.2714285714285,-10.9286,L
S1029,CIPLA,2025-08-14 10:50:00+05:30,-0.1018,-0.0582,0,,2.9615,50.0,-0.8567,0,2.7235,1.0,3,0,0,0,3,4,2025-08-14 11:05:00+05:30,2025-08-14 11:10:00+05:30,2025-08-14 15:00:00+05:30,1562.1,1554.4392857142857,1575.8892857142855,2.7,EOD+
S1030,CIPLA,2025-08-14 11:50:00+05:30,0.0667,0.0106,8,3.0,0.3916,72.97,-0.5122,0,2.0082,1.0,1,1,0,0,1,2,2025-08-14 11:55:00+05:30,2025-08-14 12:00:00+05:30,2025-08-14 15:00:00+05:30,1561.5,1552.3392857142856,1577.989285714286,3.3,EOD+
S1031,CIPLA,2025-08-14 12:15:00+05:30,0.0884,0.059,3,1.0,0.0866,18.52,1.5397,0,0.1765,,0,1,0,1,0,1,2025-08-14 12:15:00+05:30,2025-08-14 12:20:00+05:30,2025-08-14 15:00:00+05:30,1562.0,1552.9107142857142,1578.3607142857145,2.8,EOD+
S1032,CIPLA,2025-08-14 13:00:00+05:30,-0.04,0.0512,0,,1.8609,46.43,-0.7739,0,6.0115,1.0,3,0,0,0,3,4,2025-08-14 13:15:00+05:30,2025-08-14 13:20:00+05:30,2025-08-14 15:00:00+05:30,1562.9,1556.3642857142856,1574.664285714286,1.9,EOD+
S1033,CIPLA,2025-08-14 14:15:00+05:30,0.0486,0.0339,11,8.0,0.2087,26.67,1.2785,0,0.1274,,0,0,1,1,0,1,2025-08-14 14:15:00+05:30,2025-08-14 14:20:00+05:30,2025-08-14 15:00:00+05:30,1563.0,1558.267857142857,1571.517857142857,1.8,EOD+
S1034,CIPLA,2025-08-14 14:25:00+05:30,0.0454,0.0378,0,,0.4594,0.0,0.7687,0,0.1975,,0,0,1,1,0,1,2025-08-14 14:25:00+05:30,2025-08-14 14:30:00+05:30,2025-08-14 15:00:00+05:30,1563.5,1559.5,1570.7,1.3,EOD+
S1035,CIPLA,2025-08-18 09:15:00+05:30,,,0,,1.3132,5.5,0.4943,0,0.4757,,0,1,0,1,0,1,2025-08-18 09:15:00+05:30,2025-08-18 09:20:00+05:30,2025-08-18 11:00:00+05:30,1566.0,1559.375,1577.925,-6.625,L
S1036,CIPLA,2025-08-18 09:25:00+05:30,,,1,1.0,0.911,41.03,-0.1337,0,0.1734,0.0,1,0,1,0,1,2,2025-08-18 09:30:00+05:30,2025-08-18 09:35:00+05:30,2025-08-18 15:00:00+05:30,1564.2,1556.9142857142858,1577.3142857142857,5.3,EOD+
S1037,CIPLA,2025-08-18 10:20:00+05:30,-0.0016,0.0428,0,,1.5034,28.57,-0.7408,0,0.4154,1.0,3,1,0,0,3,4,2025-08-18 10:35:00+05:30,2025-08-18 10:40:00+05:30,2025-08-18 15:00:00+05:30,1565.0,1556.6607142857144,1580.010714285714,4.5,EOD+
S1038,CIPLA,2025-08-18 11:20:00+05:30,-0.0867,-0.0486,0,,1.8317,56.25,-0.8398,0,1.8763,1.0,3,0,0,0,3,4,2025-08-18 11:35:00+05:30,2025-08-18 11:40:00+05:30,2025-08-18 15:00:00+05:30,1562.1,1556.1357142857144,1572.835714285714,7.4,EOD+
S1039,CIPLA,2025-08-18 12:00:00+05:30,-0.0484,-0.0727,0,,1.1147,23.08,-0.7306,0,0.5725,1.0,3,0,0,0,3,4,2025-08-18 12:15:00+05:30,2025-08-18 12:20:00+05:30,2025-08-18 15:00:00+05:30,1560.9,1554.239285714286,1572.8892857142855,8.6,EOD+
S1040,CIPLA,2025-08-18 12:25:00+05:30,-0.0564,-0.0522,0,,0.4475,52.94,-0.8165,0,1.7468,1.0,2,0,1,0,2,3,2025-08-18 12:35:00+05:30,2025-08-18 12:40:00+05:30,2025-08-18 14:45:00+05:30,1560.5,1554.4107142857142,1571.4607142857144,10.9607,W
S1041,CIPLA,2025-08-18 13:30:00+05:30,0.0803,0.0884,9,3.0,0.3987,67.5,-0.2627,0,0.6216,1.0,2,1,0,0,2,3,2025-08-18 13:40:00+05:30,2025-08-18 13:45:00+05:30,2025-08-18 15:00:00+05:30,1565.2,1558.3964285714287,1577.4464285714284,4.3,EOD+
S1042,CIPLA,2025-08-19 10:05:00+05:30,-0.1385,-0.1288,0,,1.0262,35.29,-0.9719,0,0.3184,1.0,3,0,0,0,3,4,2025-08-19 10:20:00+05:30,2025-08-19 10:25:00+05:30,2025-08-19 14:05:00+05:30,1563.6,1554.9392857142857,1579.1892857142857,-8.6607,L
S1043,CIPLA,2025-08-19 10:30:00+05:30,-0.0678,-0.1462,0,,0.0711,71.74,2.5897,0,0.494,,0,0,0,1,0,1,2025-08-19 10:30:00+05:30,2025-08-19 10:35:00+05:30,2025-08-19 11:25:00+05:30,1566.0,1559.142857142857,1578.3428571428572,-6.8571,L
S1044,CIPLA,2025-08-19 11:05:00+05:30,0.025,-0.0179,6,6.0,0.0508,9.09,4.0,0,0.3558,,0,0,1,1,0,1,2025-08-19 11:05:00+05:30,2025-08-19 11:10:00+05:30,2025-08-19 14:00:00+05:30,1562.3,1556.3892857142855,1572.9392857142857,-5.9107,L
S1045,CIPLA,2025-08-19 11:15:00+05:30,0.0569,0.0051,0,,0.6934,80.0,-0.6845,0,4.2943,1.0,1,0,1,0,1,2,2025-08-19 11:20:00+05:30,2025-08-19 11:25:00+05:30,2025-08-19 14:00:00+05:30,1563.5,1557.7857142857142,1573.7857142857142,-5.7143,L
S1046,CIPLA,2025-08-19 11:30:00+05:30,0.0211,0.0569,0,,0.7604,77.42,-1.0,0,0.444,,0,0,1,1,0,1,2025-08-19 11:30:00+05:30,2025-08-19 11:35:00+05:30,2025-08-19 14:00:00+05:30,1563.1,1556.6892857142857,1574.6392857142855,-6.4107,L
S1047,CIPLA,2025-08-19 11:40:00+05:30,0.0221,0.033,0,,1.1046,17.86,-0.1575,0,1.8422,1.0,2,0,0,0,2,3,2025-08-19 11:50:00+05:30,2025-08-19 11:55:00+05:30,2025-08-19 13:55:00+05:30,1564.5,1558.321428571429,1575.6214285714284,-6.1786,L
S1048,CIPLA,2025-08-19 12:40:00+05:30,0.0106,0.0035,9,4.0,0.4585,60.0,0.0714,0,2.3331,,0,0,0,1,0,1,2025-08-19 12:40:00+05:30,2025-08-19 12:45:00+05:30,2025-08-19 13:15:00+05:30,1563.8,1560.7464285714284,1569.2964285714286,-3.0536,L
S1049,CIPLA,2025-08-20 10:25:00+05:30,-0.2272,-0.2538,0,,2.5118,74.19,-0.918,0,6.1133,1.0,3,0,0,0,3,4,2025-08-20 10:40:00+05:30,2025-08-20 10:45:00+05:30,2025-08-20 12:25:00+05:30,1539.1,1531.8142857142857,1552.2142857142856,13.1143,W
S1050,CIPLA,2025-08-20 10:50:00+05:30,-0.1769,-0.2173,0,,0.401,23.08,0.0909,0,0.8691,,0,0,0,1,0,1,2025-08-20 10:50:00+05:30,2025-08-20 10:55:00+05:30,2025-08-20 12:25:00+05:30,1538.5,1531.642857142857,1550.8428571428572,12.3429,W
S1051,CIPLA,2025-08-20 13:00:00+05:30,0.1564,0.2495,25,5.0,0.0954,58.82,1.5532,0,0.5258,,0,0,0,1,0,1,2025-08-20 13:00:00+05:30,2025-08-20 13:05:00+05:30,2025-08-20 15:00:00+05:30,1551.9,1545.739285714286,1562.989285714286,-6.1607,L
S1052,CIPLA,2025-08-20 13:10:00+05:30,0.108,0.1836,0,,0.2279,54.55,0.76,0,1.6101,,0,0,0,1,0,1,2025-08-20 13:10:00+05:30,2025-08-20 13:15:00+05:30,2025-08-20 14:45:00+05:30,1553.7,1546.8428571428572,1566.0428571428572,-6.8571,L
S1053,CIPLA,2025-08-20 13:20:00+05:30,0.0973,0.128,1,1.0,0.0735,14.29,4.7143,0,2.7198,,0,1,0,1,0,1,2025-08-20 13:20:00+05:30,2025-08-20 13:25:00+05:30,2025-08-20 15:00:00+05:30,1553.0,1545.857142857143,1565.857142857143,-7.1429,L
S1054,CIPLA,2025-08-20 13:30:00+05:30,0.0748,0.1006,0,,0.226,38.46,-0.2481,0,0.1704,,0,0,0,1,0,1,2025-08-20 13:30:00+05:30,2025-08-20 13:35:00+05:30,2025-08-20 15:00:00+05:30,1551.5,1544.142857142857,1564.7428571428572,-7.3571,L
S1055,CIPLA,2025-08-21 09:40:00+05:30,-0.1488,,0,,2.091,45.0,-0.856,0,0.1987,0.0,3,0,1,0,3,4,2025-08-21 09:55:00+05:30,2025-08-21 10:00:00+05:30,2025-08-21 10:40:00+05:30,1544.9,1536.5964285714288,1559.8464285714283,14.9464,W
S1056,CIPLA,2025-08-21 12:00:00+05:30,0.2586,0.3198,23,12.0,0.0285,57.58,25.0,0,3.6897,,0,0,0,1,0,1,2025-08-21 12:00:00+05:30,2025-08-21 12:05:00+05:30,2025-08-21 14:15:00+05:30,1567.1,1562.7071428571428,1575.0071428571428,7.9071,W
S1057,CIPLA,2025-08-21 12:15:00+05:30,0.1996,0.2586,2,2.0,0.3865,14.29,0.4173,0,0.4442,,0,0,0,1,0,1,2025-08-21 12:15:00+05:30,2025-08-21 12:20:00+05:30,2025-08-21 12:55:00+05:30,1566.2,1562.0928571428572,1573.5928571428574,7.3929,W
S1058,CIPLA,2025-08-21 12:25:00+05:30,0.1334,0.2277,0,,0.9498,82.14,-0.6753,0,1.5984,1.0,1,0,0,0,1,2,2025-08-21 12:30:00+05:30,2025-08-21 12:35:00+05:30,2025-08-21 14:15:00+05:30,1566.8,1562.7464285714284,1574.0964285714288,7.2964,W
S1059,CIPLA,2025-08-21 13:10:00+05:30,0.0676,0.0491,6,3.0,0.3196,41.38,0.9048,0,0.5474,,0,0,1,1,0,1,2025-08-21 13:10:00+05:30,2025-08-21 13:15:00+05:30,2025-08-21 14:15:00+05:30,1568.0,1562.2499999999998,1578.35,10.35,W
S1060,CIPLA,2025-08-21 13:50:00+05:30,-0.0057,0.0016,0,,1.1538,26.67,-0.8222,0,2.0328,1.0,3,0,1,0,3,4,2025-08-21 14:05:00+05:30,2025-08-21 14:10:00+05:30,2025-08-21 14:15:00+05:30,1568.5,1563.625,1577.275,8.775,W
S1061,CIPLA,2025-08-22 09:15:00+05:30,,,0,,0.1116,2.67,8.7087,0,2.2035,,0,0,0,1,0,1,2025-08-22 09:15:00+05:30,2025-08-22 09:20:00+05:30,2025-08-22 15:00:00+05:30,1590.1,1578.5642857142857,1610.864285714286,4.6,EOD+
S1062,CIPLA,2025-08-22 09:30:00+05:30,,,2,1.0,0.5602,49.43,0.4363,0,0.5365,,0,0,0,1,0,1,2025-08-22 09:30:00+05:30,2025-08-22 09:35:00+05:30,2025-08-22 15:00:00+05:30,1590.4,1577.9714285714283,1612.771428571429,4.3,EOD+
S1063,CIPLA,2025-08-22 09:40:00+05:30,0.2883,,0,,0.0224,55.0,4.0,0,0.3334,,0,1,0,1,0,1,2025-08-22 09:40:00+05:30,2025-08-22 09:45:00+05:30,2025-08-22 15:00:00+05:30,1592.0,1580.8392857142856,1612.089285714286,2.7,EOD+
S1064,CIPLA,2025-08-22 10:10:00+05:30,0.1573,0.1467,5,4.0,0.1567,31.03,1.0144,0,0.1986,,0,0,1,1,0,1,2025-08-22 10:10:00+05:30,2025-08-22 10:15:00+05:30,2025-08-22 15:00:00+05:30,1593.5,1582.4107142857142,1613.4607142857144,1.2,EOD+
S1065,CIPLA,2025-08-22 11:10:00+05:30,-0.0176,-0.0254,0,,1.2432,0.0,-0.4671,0,0.5605,1.0,3,0,0,0,3,4,2025-08-22 11:25:00+05:30,2025-08-22 11:30:00+05:30,2025-08-22 15:00:00+05:30,1592.7,1587.0392857142858,1602.8892857142855,2.0,EOD+
S1066,CIPLA,2025-08-22 11:35:00+05:30,-0.022,-0.0044,0,,0.1279,10.53,0.1321,0,0.1708,,0,0,1,1,0,1,2025-08-22 11:35:00+05:30,2025-08-22 11:40:00+05:30,2025-08-22 12:05:00+05:30,1591.8,1586.6214285714286,1601.1214285714284,9.3214,W
S1067,CIPLA,2025-08-22 12:40:00+05:30,0.0696,0.0938,11,7.0,0.0281,30.0,8.3333,0,1.126,,0,0,1,1,0,1,2025-08-22 12:40:00+05:30,2025-08-22 12:45:00+05:30,2025-08-22 15:00:00+05:30,1595.0,1588.321428571429,1607.0214285714285,-0.3,EOD-
S1068,CIPLA,2025-08-22 14:05:00+05:30,-0.0822,-0.0856,0,,1.8355,16.67,-0.6896,0,0.5681,1.0,3,1,0,0,3,4,2025-08-22 14:20:00+05:30,2025-08-22 14:25:00+05:30,2025-08-22 15:00:00+05:30,1593.1,1590.0285714285717,1598.6285714285711,1.6,EOD+
S1069,CIPLA,2025-08-25 09:15:00+05:30,,,0,,0.2837,16.0,1.8777,0,1.3061,,0,0,0,1,0,1,2025-08-25 09:15:00+05:30,2025-08-25 09:20:00+05:30,2025-08-25 13:10:00+05:30,1595.0,1588.875,1606.025,11.025,W
S1070,CIPLA,2025-08-25 11:00:00+05:30,0.0697,0.1311,0,,1.3596,63.89,-0.703,0,0.2273,0.0,3,1,1,0,3,4,2025-08-25 11:15:00+05:30,2025-08-25 11:20:00+05:30,2025-08-25 15:00:00+05:30,1599.8,1592.3714285714286,1613.1714285714286,2.2,EOD+
S1071,CIPLA,2025-08-25 11:25:00+05:30,0.035,0.0547,1,1.0,0.1605,30.0,1.0,0,0.2474,,0,0,0,1,0,1,2025-08-25 11:25:00+05:30,2025-08-25 11:30:00+05:30,2025-08-25 15:00:00+05:30,1600.0,1593.767857142857,1611.217857142857,2.0,EOD+
S1072,CIPLA,2025-08-25 11:35:00+05:30,0.015,0.0438,1,1.0,0.4735,31.25,-0.1304,0,0.1385,0.0,1,0,1,0,1,2,2025-08-25 11:40:00+05:30,2025-08-25 11:45:00+05:30,2025-08-25 15:00:00+05:30,1599.8,1594.3357142857144,1609.635714285714,2.2,EOD+
S1073,CIPLA,2025-08-25 12:15:00+05:30,-0.0366,0.0031,5,3.0,1.135,32.14,0.324,0,2.8957,,0,0,0,1,0,1,2025-08-25 12:15:00+05:30,2025-08-25 12:20:00+05:30,2025-08-25 13:10:00+05:30,1599.7,1596.5392857142858,1605.3892857142855,5.6893,W
S1074,CIPLA,2025-08-25 12:35:00+05:30,0.0181,-0.0259,2,2.0,1.9779,88.0,-0.8575,0,2.4424,1.0,2,1,0,0,2,3,2025-08-25 12:45:00+05:30,2025-08-25 12:50:00+05:30,2025-08-25 13:15:00+05:30,1602.4,1599.739285714286,1607.1892857142857,4.7893,W
S1075,CIPLA,2025-08-25 13:30:00+05:30,0.0743,0.0675,8,3.0,0.022,65.38,19.0,0,0.4974,,0,1,0,1,0,1,2025-08-25 13:30:00+05:30,2025-08-25 13:35:00+05:30,2025-08-25 15:00:00+05:30,1602.7,1598.1464285714285,1610.8964285714287,-0.7,EOD-
S1076,CIPLA,2025-08-25 13:40:00+05:30,0.0409,0.083,0,,1.2872,11.11,-0.3066,0,0.3764,1.0,2,0,1,0,2,3,2025-08-25 13:50:00+05:30,2025-08-25 13:55:00+05:30,2025-08-25 15:00:00+05:30,1603.0,1597.678571428571,1612.5785714285716,-1.0,EOD-
S1077,CIPLA,2025-08-25 14:00:00+05:30,0.0374,0.0306,1,1.0,0.0818,30.36,1.7778,0,1.5014,,0,0,0,1,0,1,2025-08-25 14:00:00+05:30,2025-08-25 14:05:00+05:30,2025-08-25 15:00:00+05:30,1602.6,1597.1,1612.5,-0.6,EOD-
S1078,CIPLA,2025-08-25 14:10:00+05:30,0.0462,0.0321,1,1.0,0.1506,28.57,0.1268,0,0.1888,,0,0,1,1,0,1,2025-08-25 14:10:00+05:30,2025-08-25 14:15:00+05:30,2025-08-25 15:00:00+05:30,1602.6,1596.7071428571426,1613.207142857143,-0.6,EOD-
S1079,CIPLA,2025-08-25 14:20:00+05:30,0.0508,0.0427,0,,0.4581,92.86,-1.0,0,0.2236,0.0,2,0,1,0,2,3,2025-08-25 14:30:00+05:30,2025-08-25 14:35:00+05:30,2025-08-25 15:00:00+05:30,1603.5,1597.6607142857142,1614.0107142857144,-1.5,EOD-
S1080,CIPLA,2025-08-26 10:40:00+05:30,-0.2599,-0.2642,0,,1.9019,47.37,-0.8975,0,2.5239,1.0,3,0,0,0,3,4,2025-08-26 10:55:00+05:30,2025-08-26 11:00:00+05:30,2025-08-26 14:25:00+05:30,1586.0,1578.303571428571,1599.8535714285715,-7.6964,L
S1081,CIPLA,2025-08-26 11:35:00+05:30,0.0164,0.017,7,5.0,0.0,7.69,,1,2.0304,,0,0,1,1,0,1,2025-08-26 11:35:00+05:30,2025-08-26 11:40:00+05:30,2025-08-26 14:25:00+05:30,1585.1,1578.742857142857,1596.542857142857,-6.3571,L
S1082,CIPLA,2025-08-26 11:45:00+05:30,0.0132,0.0174,0,,0.4176,14.29,0.0476,0,2.5443,,0,0,0,1,0,1,2025-08-26 11:45:00+05:30,2025-08-26 11:50:00+05:30,2025-08-26 14:20:00+05:30,1585.5,1579.2142857142858,1596.8142857142857,-6.2857,L
S1083,CIPLA,2025-08-26 11:55:00+05:30,0.0129,0.0208,0,,0.4393,0.0,-0.0868,0,5.9027,1.0,3,0,0,0,3,4,2025-08-26 12:10:00+05:30,2025-08-26 12:15:00+05:30,2025-08-26 14:15:00+05:30,1587.6,1581.367857142857,1598.817857142857,-6.2321,L
S1084,CIPLA,2025-08-26 12:25:00+05:30,0.018,-0.0079,0,,1.3075,81.25,-0.9077,0,1.014,1.0,3,0,0,0,3,4,2025-08-26 12:40:00+05:30,2025-08-26 12:45:00+05:30,2025-08-26 14:15:00+05:30,1586.1,1579.885714285714,1597.2857142857142,-6.2143,L
S1085,CIPLA,2025-08-26 12:50:00+05:30,-0.0006,0.0284,0,,0.1826,6.67,1.5926,0,0.537,,0,0,0,1,0,1,2025-08-26 12:50:00+05:30,2025-08-26 12:55:00+05:30,2025-08-26 14:20:00+05:30,1586.3,1578.9071428571428,1599.607142857143,-7.3929,L
S1086,CIPLA,2025-08-26 13:00:00+05:30,-0.0189,0.0054,1,1.0,0.3313,61.54,-0.3846,0,0.6031,1.0,1,0,0,0,1,2,2025-08-26 13:05:00+05:30,2025-08-26 13:10:00+05:30,2025-08-26 14:20:00+05:30,1586.3,1578.942857142857,1599.5428571428572,-7.3571,L
S1087,CIPLA,2025-08-26 13:25:00+05:30,0.0117,-0.0095,3,3.0,0.9386,11.9,0.1017,0,1.3033,,0,0,1,1,0,1,2025-08-26 13:25:00+05:30,2025-08-26 13:30:00+05:30,2025-08-26 14:25:00+05:30,1584.8,1578.5142857142855,1596.114285714286,-6.2857,L
S1088,CIPLA,2025-08-26 13:50:00+05:30,-0.0164,0.0032,0,,0.7492,9.09,-0.6875,0,1.1776,1.0,3,0,1,0,3,4,2025-08-26 14:05:00+05:30,2025-08-26 14:10:00+05:30,2025-08-26 14:15:00+05:30,1586.0,1580.6607142857142,1595.6107142857145,-5.3393,L
S1089,CIPLA,2025-08-28 10:15:00+05:30,-0.1374,-0.1199,0,,1.1849,6.67,-0.9161,0,3.3205,1.0,3,0,0,0,3,4,2025-08-28 10:30:00+05:30,2025-08-28 10:35:00+05:30,2025-08-28 15:00:00+05:30,1577.7,1567.6464285714287,1595.7964285714286,4.4,EOD+
S1090,CIPLA,2025-08-28 12:00:00+05:30,0.1534,0.1463,17,8.0,0.3018,63.64,-1.0,0,0.3846,,0,0,0,1,0,1,2025-08-28 12:00:00+05:30,2025-08-28 12:05:00+05:30,2025-08-28 12:20:00+05:30,1580.7,1576.682142857143,1587.932142857143,-4.0179,L
S1091,CIPLA,2025-08-28 12:35:00+05:30,-0.0164,0.0794,0,,1.9773,15.0,-0.6309,0,1.2466,1.0,3,0,1,0,3,4,2025-08-28 12:50:00+05:30,2025-08-28 12:55:00+05:30,2025-08-28 15:00:00+05:30,1581.3,1577.5321428571428,1588.0821428571428,0.8,EOD+
S1092,CIPLA,2025-08-28 13:00:00+05:30,-0.019,-0.0278,0,,0.3369,74.07,0.2069,0,4.0982,,0,0,0,1,0,1,2025-08-28 13:00:00+05:30,2025-08-28 13:05:00+05:30,2025-08-28 15:00:00+05:30,1582.7,1578.3964285714287,1590.4464285714284,-0.6,EOD-
S1093,CIPLA,2025-08-28 13:30:00+05:30,0.0098,0.0032,5,2.0,0.3939,20.0,1.1622,0,0.4571,,0,0,1,1,0,1,2025-08-28 13:30:00+05:30,2025-08-28 13:35:00+05:30,2025-08-28 15:00:00+05:30,1581.8,1577.1035714285715,1590.2535714285711,0.3,EOD+
S1094,CIPLA,2025-08-28 13:40:00+05:30,0.0079,0.0054,0,,0.0255,23.53,14.5556,0,0.786,,0,1,0,1,0,1,2025-08-28 13:40:00+05:30,2025-08-28 13:45:00+05:30,2025-08-28 15:00:00+05:30,1581.6,1577.1892857142857,1589.5392857142856,0.5,EOD+
S1095,CIPLA,2025-08-28 13:50:00+05:30,0.0174,0.0098,0,,0.4299,66.67,-0.4595,0,0.2395,1.0,1,0,1,0,1,2,2025-08-28 13:55:00+05:30,2025-08-28 14:00:00+05:30,2025-08-28 15:00:00+05:30,1581.1,1576.7964285714286,1588.8464285714283,1.0,EOD+
S1096,CIPLA,2025-08-28 14:05:00+05:30,0.0304,0.0174,0,,0.0761,20.0,3.0,0,0.8979,,0,0,1,1,0,1,2025-08-28 14:05:00+05:30,2025-08-28 14:10:00+05:30,2025-08-28 15:00:00+05:30,1581.9,1577.7928571428572,1589.2928571428572,0.2,EOD+
S1097,CIPLA,2025-08-28 14:20:00+05:30,0.0465,0.0304,2,2.0,0.0212,40.0,12.3333,0,0.5164,,0,0,1,1,0,1,2025-08-28 14:20:00+05:30,2025-08-28 14:25:00+05:30,2025-08-28 15:00:00+05:30,1582.5,1578.9642857142858,1588.864285714286,-0.4,EOD-
S1098,CIPLA,2025-08-29 09:15:00+05:30,,,0,,2.4168,27.47,-0.408,0,0.5883,0.0,1,0,0,0,1,2,2025-08-29 09:20:00+05:30,2025-08-29 09:25:00+05:30,2025-08-29 09:35:00+05:30,1582.9,1575.5607142857143,1596.1107142857145,-7.3393,L
S1099,CIPLA,2025-08-29 10:20:00+05:30,-0.1602,-0.1556,0,,1.0978,17.65,-0.8232,0,0.2629,1.0,3,1,0,0,3,4,2025-08-29 10:35:00+05:30,2025-08-29 10:40:00+05:30,2025-08-29 14:15:00+05:30,1576.0,1566.982142857143,1592.232142857143,16.2321,W
S1100,CIPLA,2025-08-29 10:45:00+05:30,-0.073,-0.1466,1,1.0,0.1737,29.27,2.1373,0,0.7064,,0,0,0,1,0,1,2025-08-29 10:45:00+05:30,2025-08-29 10:50:00+05:30,2025-08-29 13:25:00+05:30,1577.2,1569.8607142857145,1590.4107142857142,13.2107,W
S1101,CIPLA,2025-08-29 12:50:00+05:30,0.0681,0.1249,0,,0.5475,47.62,-1.0,0,0.5253,0.0,3,0,0,0,3,4,2025-08-29 13:05:00+05:30,2025-08-29 13:10:00+05:30,2025-08-29 14:15:00+05:30,1585.4,1580.4,1594.4,9.0,W
S1102,CIPLA,2025-08-29 13:15:00+05:30,0.0104,0.0312,0,,0.0759,90.91,0.875,0,0.4823,,0,0,1,1,0,1,2025-08-29 13:15:00+05:30,2025-08-29 13:20:00+05:30,2025-08-29 15:00:00+05:30,1587.7,1582.432142857143,1597.182142857143,3.8,EOD+
S1103,CIPLA,2025-08-29 13:55:00+05:30,0.0532,0.0756,7,6.0,1.6539,50.94,-0.2808,0,1.9386,1.0,1,0,0,0,1,2,2025-08-29 14:00:00+05:30,2025-08-29 14:05:00+05:30,2025-08-29 15:00:00+05:30,1587.2,1581.7357142857145,1597.0357142857144,4.3,EOD+
S1104,CIPLA,2025-09-01 09:15:00+05:30,,,0,,0.5508,15.62,-0.7222,0,0.3316,0.0,1,0,0,0,1,2,2025-09-01 09:20:00+05:30,2025-09-01 09:25:00+05:30,2025-09-01 12:20:00+05:30,1593.0,1586.4642857142858,1604.7642857142855,-6.5357,L
S1105,CIPLA,2025-09-01 09:30:00+05:30,,,1,1.0,0.345,6.9,0.6505,0,0.2683,,0,0,1,1,0,1,2025-09-01 09:30:00+05:30,2025-09-01 09:35:00+05:30,2025-09-01 15:00:00+05:30,1591.6,1584.135714285714,1605.0357142857142,-3.9,EOD-
S1106,CIPLA,2025-09-01 10:50:00+05:30,0.1041,0.0753,15,8.0,0.7753,10.34,0.1429,0,2.1181,,0,0,0,1,0,1,2025-09-01 10:50:00+05:30,2025-09-01 10:55:00+05:30,2025-09-01 12:10:00+05:30,1594.8,1589.1571428571428,1604.9571428571428,-5.6429,L
S1107,CIPLA,2025-09-01 11:05:00+05:30,0.0815,0.1041,1,1.0,1.2071,10.0,-0.0574,0,4.6517,1.0,2,0,0,0,2,3,2025-09-01 11:15:00+05:30,2025-09-01 11:20:00+05:30,2025-09-01 12:10:00+05:30,1596.1,1591.0464285714286,1605.1964285714284,-5.0536,L
S1108,CIPLA,2025-09-01 11:25:00+05:30,0.0448,0.0655,1,1.0,0.79,22.73,0.21,0,2.6672,,0,0,0,1,0,1,2025-09-01 11:25:00+05:30,2025-09-01 11:30:00+05:30,2025-09-01 11:50:00+05:30,1596.6,1592.1535714285717,1604.603571428571,-4.4464,L
S1109,CIPLA,2025-09-01 12:35:00+05:30,-0.1004,-0.079,0,,1.7388,56.0,-0.8826,0,0.4093,0.0,3,0,1,0,3,4,2025-09-01 12:50:00+05:30,2025-09-01 12:55:00+05:30,2025-09-01 13:50:00+05:30,1593.9,1587.775,1604.9250000000002,-6.125,L
S1110,CIPLA,2025-09-02 09:35:00+05:30,,,0,,1.0061,50.0,-0.831,0,0.3385,1.0,3,0,0,0,3,4,2025-09-02 09:50:00+05:30,2025-09-02 09:55:00+05:30,2025-09-02 13:30:00+05:30,1584.6,1575.7785714285712,1600.4785714285715,-8.8214,L
S1111,CIPLA,2025-09-02 11:10:00+05:30,0.136,0.0905,14,8.0,0.9903,45.45,0.1348,0,1.6805,,0,0,0,1,0,1,2025-09-02 11:10:00+05:30,2025-09-02 11:15:00+05:30,2025-09-02 12:15:00+05:30,1587.8,1582.4607142857144,1597.4107142857142,-5.3393,L
S1112,CIPLA,2025-09-03 10:40:00+05:30,0.2854,0.3465,17,8.0,0.0895,56.52,1.9091,0,0.1567,,0,0,1,1,0,1,2025-09-03 10:40:00+05:30,2025-09-03 10:45:00+05:30,2025-09-03 14:45:00+05:30,1585.7,1578.0214285714285,1599.5214285714287,-7.6786,L
S1113,CIPLA,2025-09-03 10:50:00+05:30,0.2529,0.3061,0,,0.4274,27.78,-0.3416,0,0.307,,0,0,0,1,0,1,2025-09-03 10:50:00+05:30,2025-09-03 10:55:00+05:30,2025-09-03 14:45:00+05:30,1585.5,1578.392857142857,1598.2928571428572,-7.1071,L
S1114,CIPLA,2025-09-03 11:00:00+05:30,0.2319,0.2556,0,,0.5885,28.0,-0.2157,0,0.6931,,0,1,1,1,0,1,2025-09-03 11:00:00+05:30,2025-09-03 11:05:00+05:30,2025-09-03 14:35:00+05:30,1587.3,1580.8,1599.0,-6.5,L
S1115,CIPLA,2025-09-03 12:00:00+05:30,0.0337,0.0239,10,9.0,0.5453,43.24,0.1636,0,1.2991,,0,0,0,1,0,1,2025-09-03 12:00:00+05:30,2025-09-03 12:05:00+05:30,2025-09-03 14:20:00+05:30,1589.9,1583.5964285714283,1601.2464285714289,-6.3036,L
S1116,CIPLA,2025-09-03 12:10:00+05:30,0.0469,0.0321,0,,0.1869,72.73,-1.0,0,0.7714,,0,0,0,1,0,1,2025-09-03 12:10:00+05:30,2025-09-03 12:15:00+05:30,2025-09-03 14:10:00+05:30,1590.3,1584.2821428571428,1601.132142857143,-6.0179,L
S1117,CIPLA,2025-09-03 12:20:00+05:30,0.0641,0.0399,0,,0.1208,0.0,0.6327,0,0.2159,,0,0,1,1,0,1,2025-09-03 12:20:00+05:30,2025-09-03 12:25:00+05:30,2025-09-03 13:35:00+05:30,1590.7,1585.6285714285714,1599.8285714285716,-5.0714,L
S1118,CIPLA,2025-09-03 13:00:00+05:30,-0.0591,0.0465,0,,2.9458,16.67,-0.78,0,1.3632,1.0,3,0,0,0,3,4,2025-09-03 13:15:00+05:30,2025-09-03 13:20:00+05:30,2025-09-03 13:30:00+05:30,1590.0,1586.142857142857,1596.9428571428573,-3.8571,L
S1119,CIPLA,2025-09-04 09:15:00+05:30,,,0,,0.634,97.54,-0.7959,0,0.1585,0.0,3,0,1,0,3,4,2025-09-04 09:30:00+05:30,2025-09-04 09:35:00+05:30,2025-09-04 15:00:00+05:30,1583.3,1573.6392857142855,1600.6892857142857,-5.3,EOD-
S1120,CIPLA,2025-09-04 10:40:00+05:30,0.085,0.086,13,11.0,0.2152,6.67,1.2989,0,1.3762,,0,0,0,1,0,1,2025-09-04 10:40:00+05:30,2025-09-04 10:45:00+05:30,2025-09-04 11:05:00+05:30,1583.1,1578.0464285714286,1592.1964285714284,-5.0536,L
S1121,CIPLA,2025-09-04 10:50:00+05:30,0.0629,0.0929,0,,0.2103,57.14,-0.2105,0,0.2727,,0,0,1,1,0,1,2025-09-04 10:50:00+05:30,2025-09-04 10:55:00+05:30,2025-09-04 10:55:00+05:30,1583.1,1578.5821428571428,1591.232142857143,-4.5179,L
S1122,CIPLA,2025-09-04 12:15:00+05:30,-0.1277,-0.1105,0,,1.4287,5.26,-0.9634,0,1.6244,1.0,3,0,0,0,3,4,2025-09-04 12:30:00+05:30,2025-09-04 12:35:00+05:30,2025-09-04 15:00:00+05:30,1577.5,1572.7142857142856,1586.114285714286,0.5,EOD+
S1123,CIPLA,2025-09-04 13:00:00+05:30,0.0304,-0.0355,5,1.0,0.2719,22.22,1.5743,0,0.739,,0,0,1,1,0,1,2025-09-04 13:00:00+05:30,2025-09-04 13:05:00+05:30,2025-09-04 15:00:00+05:30,1578.2,1573.557142857143,1586.557142857143,-0.2,EOD-
S1124,CIPLA,2025-09-04 14:00:00+05:30,-0.0127,-0.0216,0,,1.107,28.57,-0.8235,0,0.9323,1.0,3,0,1,0,3,4,2025-09-04 14:15:00+05:30,2025-09-04 14:20:00+05:30,2025-09-04 15:00:00+05:30,1577.9,1574.0607142857143,1584.8107142857143,0.1,EOD+
S1125,CIPLA,2025-09-05 09:15:00+05:30,,,0,,0.6978,46.94,0.0759,0,0.86,,0,0,0,1,0,1,2025-09-05 09:15:00+05:30,2025-09-05 09:20:00+05:30,2025-09-05 10:35:00+05:30,1580.1,1574.4392857142857,1590.2892857142856,-5.6607,L
S1126,CIPLA,2025-09-05 09:25:00+05:30,,,0,,0.2243,50.0,1.4299,0,0.5385,,0,0,1,1,0,1,2025-09-05 09:25:00+05:30,2025-09-05 09:30:00+05:30,2025-09-05 10:40:00+05:30,1580.1,1574.135714285714,1590.8357142857142,-5.9643,L
S1127,CIPLA,2025-09-05 13:30:00+05:30,-0.1561,-0.1778,0,,2.4272,71.43,-0.9062,0,2.4956,1.0,3,0,0,0,3,4,2025-09-05 13:45:00+05:30,2025-09-05 13:50:00+05:30,2025-09-05 14:35:00+05:30,1560.7,1556.307142857143,1568.607142857143,-4.3929,L
S1128,CIPLA,2025-09-08 09:15:00+05:30,,,0,,2.0163,26.15,-0.8307,0,0.6752,0.0,2,0,0,0,2,3,2025-09-08 09:25:00+05:30,2025-09-08 09:30:00+05:30,2025-09-08 11:50:00+05:30,1554.9,1547.5785714285714,1568.0785714285716,-7.3214,L
S1129,CIPLA,2025-09-08 10:35:00+05:30,0.1078,0.0982,12,11.0,0.0407,4.76,9.4348,0,0.4216,,0,0,1,1,0,1,2025-09-08 10:35:00+05:30,2025-09-08 10:40:00+05:30,2025-09-08 11:30:00+05:30,1559.8,1552.7285714285713,1572.5285714285717,-7.0714,L
S1130,CIPLA,2025-09-08 12:30:00+05:30,-0.1608,-0.2212,0,,1.2757,34.62,-0.6702,0,0.2853,0.0,3,0,1,0,3,4,2025-09-08 12:45:00+05:30,2025-09-08 12:50:00+05:30,2025-09-08 14:45:00+05:30,1551.8,1545.2642857142855,1563.564285714286,-6.5357,L
S1131,CIPLA,2025-09-08 12:55:00+05:30,-0.11,-0.1202,0,,0.2048,60.0,-0.7674,0,0.1868,,0,1,1,1,0,1,2025-09-08 12:55:00+05:30,2025-09-08 13:00:00+05:30,2025-09-08 14:45:00+05:30,1550.8,1545.55,1560.2500000000002,-5.25,L
S1132,CIPLA,2025-09-08 13:05:00+05:30,-0.1307,-0.1158,0,,0.5705,5.56,-0.6639,0,0.8158,1.0,3,0,1,0,3,4,2025-09-08 13:20:00+05:30,2025-09-08 13:25:00+05:30,2025-09-08 14:45:00+05:30,1549.2,1543.9857142857145,1558.5857142857146,-5.2143,L
S1133,CIPLA,2025-09-08 13:45:00+05:30,0.0958,0.0161,4,2.0,0.0394,76.92,6.5,0,0.5171,,0,0,1,1,0,1,2025-09-08 13:45:00+05:30,2025-09-08 13:50:00+05:30,2025-09-08 14:45:00+05:30,1551.0,1545.928571428571,1560.1285714285716,-5.0714,L
S1134,CIPLA,2025-09-08 14:00:00+05:30,0.0632,0.0958,2,1.0,0.2325,95.45,-1.0,0,2.3742,1.0,1,1,0,0,1,2,2025-09-08 14:05:00+05:30,2025-09-08 14:10:00+05:30,2025-09-08 14:45:00+05:30,1551.2,1546.4142857142856,1559.814285714286,-4.7857,L
S1135,CIPLA,2025-09-08 14:20:00+05:30,0.0197,0.0467,1,1.0,0.0076,21.05,65.6667,0,0.8124,,0,1,1,1,0,1,2025-09-08 14:20:00+05:30,2025-09-08 14:25:00+05:30,2025-09-08 14:45:00+05:30,1552.4,1547.4535714285714,1561.3035714285716,-4.9464,L
S1136,CIPLA,2025-09-09 10:10:00+05:30,-0.1957,-0.2111,0,,1.3255,5.88,-0.7481,0,0.8233,1.0,3,0,1,0,3,4,2025-09-09 10:25:00+05:30,2025-09-09 10:30:00+05:30,2025-09-09 15:00:00+05:30,1540.9,1531.1678571428572,1558.4178571428572,9.6,EOD+
S1137,CIPLA,2025-09-09 13:05:00+05:30,0.0551,0.1099,31,3.0,0.4206,71.43,-0.1781,0,3.5572,1.0,3,0,0,0,3,4,2025-09-09 13:20:00+05:30,2025-09-09 13:25:00+05:30,2025-09-09 15:00:00+05:30,1552.3,1547.9607142857142,1560.1107142857145,-1.8,EOD-
S1138,CIPLA,2025-09-09 13:30:00+05:30,0.038,0.0248,0,,0.1792,33.33,2.125,0,4.0019,,0,0,0,1,0,1,2025-09-09 13:30:00+05:30,2025-09-09 13:35:00+05:30,2025-09-09 14:45:00+05:30,1554.0,1549.5357142857142,1562.0357142857144,-4.4643,L
S1139,CIPLA,2025-09-09 13:45:00+05:30,0.0399,0.038,0,,1.0474,31.82,-0.8537,0,0.5873,0.0,3,1,0,0,3,4,2025-09-09 14:00:00+05:30,2025-09-09 14:05:00+05:30,2025-09-09 15:00:00+05:30,1553.7,1548.807142857143,1562.5071428571428,-3.2,EOD-
S1140,CIPLA,2025-09-09 14:10:00+05:30,0.018,0.02,0,,0.3052,27.78,-0.2063,0,2.1937,1.0,3,0,0,0,3,4,2025-09-09 14:25:00+05:30,2025-09-09 14:30:00+05:30,2025-09-09 15:00:00+05:30,1552.7,1547.5392857142858,1561.989285714286,-2.2,EOD-
S1141,CIPLA,2025-09-10 11:00:00+05:30,0.1491,0.2353,21,8.0,0.1462,66.67,1.1053,0,0.6408,,0,1,1,1,0,1,2025-09-10 11:00:00+05:30,2025-09-10 11:05:00+05:30,2025-09-10 11:35:00+05:30,1563.7,1557.2,1575.4,-6.5,L
S1142,CIPLA,2025-09-10 12:00:00+05:30,-0.1586,-0.0355,0,,2.7621,47.06,-1.0,0,0.6065,0.0,3,0,0,0,3,4,2025-09-10 12:15:00+05:30,2025-09-10 12:20:00+05:30,2025-09-10 15:00:00+05:30,1559.9,1554.2928571428572,1569.9928571428577,1.7,EOD+
S1143,CIPLA,2025-09-10 12:25:00+05:30,-0.1119,-0.1586,1,1.0,0.3127,18.75,0.3846,0,0.6777,,0,0,1,1,0,1,2025-09-10 12:25:00+05:30,2025-09-10 12:30:00+05:30,2025-09-10 15:00:00+05:30,1559.5,1554.303571428571,1568.8535714285715,2.1,EOD+
S1144,CIPLA,2025-09-10 13:00:00+05:30,0.0353,-0.0276,6,6.0,0.3318,54.84,0.9178,0,0.8562,,0,0,0,1,0,1,2025-09-10 13:00:00+05:30,2025-09-10 13:05:00+05:30,2025-09-10 15:00:00+05:30,1560.2,1554.6999999999998,1570.1000000000004,1.4,EOD+
S1145,CIPLA,2025-09-10 13:10:00+05:30,0.0289,0.0244,0,,0.2316,5.56,-0.1011,0,0.4844,,0,0,1,1,0,1,2025-09-10 13:10:00+05:30,2025-09-10 13:15:00+05:30,2025-09-10 15:00:00+05:30,1559.2,1554.3964285714285,1567.8464285714288,2.4,EOD+
S1146,CIPLA,2025-09-10 13:50:00+05:30,-0.0109,0.0061,0,,2.3617,46.15,-0.8892,0,1.4915,1.0,3,0,0,0,3,4,2025-09-10 14:05:00+05:30,2025-09-10 14:10:00+05:30,2025-09-10 15:00:00+05:30,1559.8,1555.9785714285713,1566.678571428571,1.8,EOD+
S1147,CIPLA,2025-09-11 09:15:00+05:30,,,0,,1.3362,11.7,0.5449,0,2.8927,,0,1,0,1,0,1,2025-09-11 09:15:00+05:30,2025-09-11 09:20:00+05:30,2025-09-11 09:30:00+05:30,1564.7,1558.0392857142858,1576.6892857142857,-6.6607,L
S1148,CIPLA,2025-09-11 09:35:00+05:30,,,0,,2.1066,53.19,-0.7226,0,0.4262,0.0,3,0,0,0,3,4,2025-09-11 09:50:00+05:30,2025-09-11 09:55:00+05:30,2025-09-11 15:00:00+05:30,1562.4,1552.989285714286,1579.3392857142858,0.6,EOD+
S1149,CIPLA,2025-09-11 10:20:00+05:30,-0.0314,-0.0006,0,,0.7587,0.0,-0.5189,0,0.3833,1.0,3,0,0,0,3,4,2025-09-11 10:35:00+05:30,2025-09-11 10:40:00+05:30,2025-09-11 15:00:00+05:30,1561.1,1551.510714285714,1578.3607142857145,1.9,EOD+
S1150,CIPLA,2025-09-11 11:05:00+05:30,-0.0882,-0.0558,0,,1.5259,16.67,-0.7573,0,1.2386,1.0,3,0,0,0,3,4,2025-09-11 11:20:00+05:30,2025-09-11 11:25:00+05:30,2025-09-11 11:40:00+05:30,1560.8,1557.425,1566.875,-3.375,L
S1151,CIPLA,2025-09-11 11:40:00+05:30,-0.0055,-0.0003,0,,1.8169,41.18,-0.6104,0,0.6954,0.0,3,0,1,0,3,4,2025-09-11 11:55:00+05:30,2025-09-11 12:00:00+05:30,2025-09-11 12:25:00+05:30,1559.5,1556.321428571429,1565.2214285714283,5.7214,W
S1152,CIPLA,2025-09-11 12:10:00+05:30,-0.0045,-0.0196,1,1.0,0.7985,30.43,0.3617,0,0.8052,,0,1,1,1,0,1,2025-09-11 12:10:00+05:30,2025-09-11 12:15:00+05:30,2025-09-11 12:25:00+05:30,1559.8,1556.1214285714286,1566.4214285714284,6.6214,W
S1153,CIPLA,2025-09-11 14:10:00+05:30,-0.0442,0.0086,0,,1.3097,5.26,-0.6552,0,0.7941,0.0,3,0,1,0,3,4,2025-09-11 14:25:00+05:30,2025-09-11 14:30:00+05:30,2025-09-11 15:00:00+05:30,1562.2,1558.8785714285714,1568.1785714285716,0.8,EOD+
S1154,CIPLA,2025-09-12 09:15:00+05:30,,,0,,0.0984,80.85,-1.0,0,2.1348,,0,0,0,1,0,1,2025-09-12 09:15:00+05:30,2025-09-12 09:20:00+05:30,2025-09-12 15:00:00+05:30,1569.7,1562.9678571428572,1581.817857142857,2.2,EOD+
S1155,CIPLA,2025-09-12 11:25:00+05:30,0.0508,0.0918,25,2.0,0.0935,17.65,3.8276,0,1.106,,0,1,0,1,0,1,2025-09-12 11:25:00+05:30,2025-09-12 11:30:00+05:30,2025-09-12 13:05:00+05:30,1575.1,1571.225,1582.075,-3.875,L
S1156,CIPLA,2025-09-12 11:35:00+05:30,0.0708,0.0562,0,,0.5957,81.82,-1.0,0,1.3786,,0,0,0,1,0,1,2025-09-12 11:35:00+05:30,2025-09-12 11:40:00+05:30,2025-09-12 13:05:00+05:30,1575.1,1571.385714285714,1581.7857142857142,-3.7143,L
S1157,CIPLA,2025-09-12 11:45:00+05:30,0.0673,0.0505,0,,0.24,70.0,-1.0,0,1.9344,,0,1,0,1,0,1,2025-09-12 11:45:00+05:30,2025-09-12 11:50:00+05:30,2025-09-12 11:55:00+05:30,1577.5,1573.75,1584.25,-3.75,L
S1158,CIPLA,2025-09-12 12:25:00+05:30,-0.0194,-0.0187,0,,1.0277,55.0,-0.942,0,1.2043,0.0,3,0,0,0,3,4,2025-09-12 12:40:00+05:30,2025-09-12 12:45:00+05:30,2025-09-12 13:05:00+05:30,1575.7,1571.5035714285714,1583.2535714285716,-4.1964,L
S1159,CIPLA,2025-09-12 13:40:00+05:30,-0.034,-0.0365,0,,2.3845,31.82,-0.529,0,0.967,0.0,3,0,0,0,3,4,2025-09-12 13:55:00+05:30,2025-09-12 14:00:00+05:30,2025-09-12 14:45:00+05:30,1574.3,1570.9607142857142,1580.310714285714,-3.3393,L
S1160,CIPLA,2025-09-12 14:10:00+05:30,-0.0054,-0.0187,0,,0.4136,66.67,-0.8291,0,0.8603,1.0,3,0,1,0,3,4,2025-09-12 14:25:00+05:30,2025-09-12 14:30:00+05:30,2025-09-12 14:55:00+05:30,1573.9,1570.364285714286,1580.2642857142855,-3.5357,L
S1161,CIPLA,2025-09-15 10:40:00+05:30,-0.1338,-0.1053,0,,0.4473,25.0,-0.2593,0,0.445,0.0,3,0,1,0,3,4,2025-09-15 10:55:00+05:30,2025-09-15 11:00:00+05:30,2025-09-15 13:10:00+05:30,1564.3,1558.2642857142855,1575.1642857142856,-6.0357,L
S1162,CIPLA,2025-09-15 11:10:00+05:30,-0.0182,-0.1247,1,1.0,0.1354,57.14,-1.0,0,0.4819,0.0,1,0,1,0,1,2,2025-09-15 11:15:00+05:30,2025-09-15 11:20:00+05:30,2025-09-15 13:10:00+05:30,1564.7,1559.807142857143,1573.5071428571428,-4.8929,L
S1163,CIPLA,2025-09-15 11:25:00+05:30,0.0335,-0.0182,0,,0.0581,5.56,8.4737,0,0.728,,0,0,1,1,0,1,2025-09-15 11:25:00+05:30,2025-09-15 11:30:00+05:30,2025-09-15 12:50:00+05:30,1565.7,1561.6107142857145,1573.0607142857143,-4.0893,L
S1164,CIPLA,2025-09-15 11:40:00+05:30,0.0316,0.0335,0,,1.2979,57.14,-0.5833,0,0.8746,1.0,3,0,0,0,3,4,2025-09-15 11:55:00+05:30,2025-09-15 12:00:00+05:30,2025-09-15 13:10:00+05:30,1565.2,1561.0392857142858,1572.6892857142857,-4.1607,L
S1165,CIPLA,2025-09-15 12:05:00+05:30,-0.0112,0.0096,0,,0.0511,46.15,-1.0,0,0.8273,1.0,1,0,0,0,1,2,2025-09-15 12:10:00+05:30,2025-09-15 12:15:00+05:30,2025-09-15 13:10:00+05:30,1565.1,1560.9392857142857,1572.5892857142856,-4.1607,L
S1166,CIPLA,2025-09-15 12:35:00+05:30,0.0188,-0.007,4,1.0,0.0152,42.86,27.0,0,0.8783,,0,1,0,1,0,1,2025-09-15 12:35:00+05:30,2025-09-15 12:40:00+05:30,2025-09-15 12:50:00+05:30,1566.3,1562.192857142857,1573.692857142857,-4.1071,L
S1167,CIPLA,2025-09-16 09:15:00+05:30,,,0,,0.6578,41.67,0.691,0,2.5517,,0,0,0,1,0,1,2025-09-16 09:15:00+05:30,2025-09-16 09:20:00+05:30,2025-09-16 15:00:00+05:30,1552.9,1546.382142857143,1564.632142857143,3.6,EOD+
S1168,CIPLA,2025-09-16 09:25:00+05:30,,,1,1.0,0.5576,15.15,0.1692,0,0.5585,,0,0,0,1,0,1,2025-09-16 09:25:00+05:30,2025-09-16 09:30:00+05:30,2025-09-16 15:00:00+05:30,1550.9,1543.614285714286,1564.0142857142855,5.6,EOD+
S1169,CIPLA,2025-09-16 09:35:00+05:30,,,0,,0.1988,54.84,-0.5041,0,0.2672,1.0,1,0,1,0,1,2,2025-09-16 09:40:00+05:30,2025-09-16 09:45:00+05:30,2025-09-16 15:00:00+05:30,1551.3,1543.692857142857,1564.9928571428572,5.2,EOD+
S1170,CIPLA,2025-09-16 09:50:00+05:30,-0.0303,,0,,0.3312,37.04,0.6114,0,0.2553,,0,0,0,1,0,1,2025-09-16 09:50:00+05:30,2025-09-16 09:55:00+05:30,2025-09-16 15:00:00+05:30,1552.8,1544.8357142857142,1567.135714285714,3.7,EOD+
S1171,CIPLA,2025-09-16 11:05:00+05:30,0.0733,0.1113,13,8.0,0.1539,33.33,3.7619,0,0.5998,,0,0,0,1,0,1,2025-09-16 11:05:00+05:30,2025-09-16 11:10:00+05:30,2025-09-16 15:00:00+05:30,1555.5,1552.0892857142858,1561.6392857142855,1.0,EOD+
S1172,CIPLA,2025-09-16 11:15:00+05:30,0.0441,0.0814,1,1.0,0.8423,0.0,0.4612,0,0.7598,,0,0,1,1,0,1,2025-09-16 11:15:00+05:30,2025-09-16 11:20:00+05:30,2025-09-16 15:00:00+05:30,1555.0,1551.75,1560.85,1.5,EOD+
S1173,CIPLA,2025-09-16 11:45:00+05:30,0.0444,0.0611,5,3.0,0.3026,0.0,1.9851,0,4.8439,,0,0,0,1,0,1,2025-09-16 11:45:00+05:30,2025-09-16 11:50:00+05:30,2025-09-16 15:00:00+05:30,1556.1,1553.3321428571428,1561.0821428571428,0.4,EOD+
S1174,CIPLA,2025-09-16 12:45:00+05:30,0.0479,0.036,11,2.0,0.0282,89.47,4.7143,0,0.2495,,0,1,1,1,0,1,2025-09-16 12:45:00+05:30,2025-09-16 12:50:00+05:30,2025-09-16 15:00:00+05:30,1557.0,1553.892857142857,1562.5928571428572,-0.5,EOD-
S1175,CIPLA,2025-09-16 13:05:00+05:30,0.0135,0.0405,0,,0.9625,33.33,-0.5636,0,0.4631,1.0,3,0,1,0,3,4,2025-09-16 13:20:00+05:30,2025-09-16 13:25:00+05:30,2025-09-16 15:00:00+05:30,1557.2,1553.6285714285714,1563.6285714285714,-0.7,EOD-
S1176,CIPLA,2025-09-16 13:30:00+05:30,0.0061,0.0083,0,,0.5856,77.78,-1.0,0,0.3139,0.0,3,0,1,0,3,4,2025-09-16 13:45:00+05:30,2025-09-16 13:50:00+05:30,2025-09-16 15:00:00+05:30,1556.7,1552.9857142857145,1563.3857142857144,-0.2,EOD-
S1177,CIPLA,2025-09-16 13:55:00+05:30,-0.0003,0.0048,0,,1.1588,60.0,-0.5904,0,0.7347,,0,0,1,1,0,1,2025-09-16 13:55:00+05:30,2025-09-16 14:00:00+05:30,2025-09-16 15:00:00+05:30,1556.9,1553.7392857142856,1562.589285714286,-0.4,EOD-
S1178,CIPLA,2025-09-16 14:05:00+05:30,-0.0055,-0.0006,0,,0.7915,57.89,-0.8995,0,2.0575,0.0,1,0,0,0,1,2,2025-09-16 14:10:00+05:30,2025-09-16 14:15:00+05:30,2025-09-16 14:35:00+05:30,1557.4,1554.257142857143,1563.0571428571432,-3.1429,L
S1179,CIPLA,2025-09-17 09:15:00+05:30,,,0,,2.3622,5.68,-0.4094,0,1.6385,0.0,1,0,0,0,1,2,2025-09-17 09:20:00+05:30,2025-09-17 09:25:00+05:30,2025-09-17 09:25:00+05:30,1561.0,1555.803571428571,1570.3535714285715,-5.1964,L
S1180,CIPLA,2025-09-17 10:40:00+05:30,-0.1026,-0.0701,0,,1.5997,80.0,-0.9732,0,1.0856,1.0,3,0,0,0,3,4,2025-09-17 10:55:00+05:30,2025-09-17 11:00:00+05:30,2025-09-17 15:00:00+05:30,1554.7,1548.8785714285714,1565.1785714285716,2.1,EOD+
S1181,CIPLA,2025-09-17 11:45:00+05:30,0.0467,0.029,8,4.0,0.4386,68.0,-0.2308,0,0.5647,0.0,2,0,1,0,2,3,2025-09-17 11:55:00+05:30,2025-09-17 12:00:00+05:30,2025-09-17 15:00:00+05:30,1554.5,1550.0535714285716,1562.5035714285714,2.3,EOD+
S1182,CIPLA,2025-09-17 12:20:00+05:30,0.0035,0.0051,0,,1.5801,30.43,-1.0,0,0.8754,1.0,3,0,1,0,3,4,2025-09-17 12:35:00+05:30,2025-09-17 12:40:00+05:30,2025-09-17 15:00:00+05:30,1554.6,1550.2964285714286,1562.3464285714283,2.2,EOD+
S1183,CIPLA,2025-09-17 12:45:00+05:30,0.0074,0.0158,0,,0.6063,18.75,-1.0,0,1.0323,1.0,1,0,1,0,1,2,2025-09-17 12:50:00+05:30,2025-09-17 12:55:00+05:30,2025-09-17 15:00:00+05:30,1554.2,1549.932142857143,1561.882142857143,2.6,EOD+
S1184,CIPLA,2025-09-17 13:00:00+05:30,-0.0142,0.0074,0,,0.105,73.91,-1.0,0,2.3487,,0,0,0,1,0,1,2025-09-17 13:00:00+05:30,2025-09-17 13:05:00+05:30,2025-09-17 15:00:00+05:30,1555.2,1550.9142857142858,1562.9142857142858,1.6,EOD+
S1185,CIPLA,2025-09-17 14:05:00+05:30,0.0633,0.0325,12,12.0,0.313,13.64,1.9091,0,0.659,,0,0,1,1,0,1,2025-09-17 14:05:00+05:30,2025-09-17 14:10:00+05:30,2025-09-17 15:00:00+05:30,1556.4,1552.007142857143,1564.307142857143,0.4,EOD+
S1186,CIPLA,2025-09-17 14:15:00+05:30,0.0485,0.0569,1,1.0,0.1811,73.33,0.3559,0,0.7,,0,0,1,1,0,1,2025-09-17 14:15:00+05:30,2025-09-17 14:20:00+05:30,2025-09-17 15:00:00+05:30,1554.9,1550.8285714285714,1562.2285714285715,1.9,EOD+
S1187,CIPLA,2025-09-17 14:25:00+05:30,0.0373,0.0553,0,,0.7737,47.62,-0.2063,0,1.3085,,0,0,1,1,0,1,2025-09-17 14:25:00+05:30,2025-09-17 14:30:00+05:30,2025-09-17 15:00:00+05:30,1556.3,1552.2285714285713,1563.6285714285716,0.5,EOD+
S1188,CIPLA,2025-09-18 09:15:00+05:30,,,0,,0.5684,49.32,2.1441,0,1.2721,,0,0,0,1,0,1,2025-09-18 09:15:00+05:30,2025-09-18 09:20:00+05:30,2025-09-18 13:45:00+05:30,1563.6,1558.5642857142857,1572.6642857142856,9.0643,W
S1189,CIPLA,2025-09-18 10:35:00+05:30,0.1678,0.1967,15,3.0,0.0843,67.65,3.186,0,0.8589,,0,0,0,1,0,1,2025-09-18 10:35:00+05:30,2025-09-18 10:40:00+05:30,2025-09-18 14:40:00+05:30,1565.2,1558.825,1576.6750000000002,11.475,W
S1190,CIPLA,2025-09-18 10:45:00+05:30,0.115,0.1949,1,1.0,0.0814,35.71,-1.0,0,1.6133,1.0,2,0,0,0,2,3,2025-09-18 10:55:00+05:30,2025-09-18 11:00:00+05:30,2025-09-18 14:45:00+05:30,1568.4,1562.7214285714288,1578.6214285714286,10.2214,W
S1191,CIPLA,2025-09-18 11:35:00+05:30,0.0963,0.0954,7,1.0,0.0479,66.67,1.2222,0,0.7335,,0,0,0,1,0,1,2025-09-18 11:35:00+05:30,2025-09-18 11:40:00+05:30,2025-09-18 14:40:00+05:30,1568.4,1563.7035714285716,1576.8535714285715,8.4536,W
S1192,CIPLA,2025-09-18 11:45:00+05:30,0.066,0.1062,0,,0.9211,23.08,-1.0,0,0.5011,1.0,3,0,0,0,3,4,2025-09-18 12:00:00+05:30,2025-09-18 12:05:00+05:30,2025-09-18 14:35:00+05:30,1568.2,1564.1285714285716,1575.5285714285712,7.3286,W
S1193,CIPLA,2025-09-18 12:15:00+05:30,-0.0118,-0.0198,1,1.0,0.2617,5.0,0.8182,0,1.018,,0,0,0,1,0,1,2025-09-18 12:15:00+05:30,2025-09-18 12:20:00+05:30,2025-09-18 14:35:00+05:30,1568.5,1564.821428571429,1575.1214285714286,6.6214,W
S1194,CIPLA,2025-09-18 12:25:00+05:30,0.0245,-0.0297,0,,0.6226,88.24,-0.8964,0,0.7738,,0,0,0,1,0,1,2025-09-18 12:25:00+05:30,2025-09-18 12:30:00+05:30,2025-09-18 14:35:00+05:30,1569.0,1565.125,1575.975,6.975,W
S1195,CIPLA,2025-09-18 12:40:00+05:30,0.0335,0.0245,1,1.0,0.5687,60.0,-0.1209,0,0.4657,0.0,3,0,1,0,3,4,2025-09-18 12:55:00+05:30,2025-09-18 13:00:00+05:30,2025-09-18 14:35:00+05:30,1568.7,1564.7,1575.9,7.2,W
S1196,CIPLA,2025-09-18 13:05:00+05:30,-0.021,0.0077,0,,0.6489,27.27,-0.2593,0,0.8459,,0,0,1,1,0,1,2025-09-18 13:05:00+05:30,2025-09-18 13:10:00+05:30,2025-09-18 14:35:00+05:30,1568.2,1564.0392857142858,1575.6892857142857,7.4893,W
S1197,CIPLA,2025-09-18 13:15:00+05:30,-0.0115,-0.0201,0,,0.0634,61.11,5.6667,0,1.0808,,0,0,1,1,0,1,2025-09-18 13:15:00+05:30,2025-09-18 13:20:00+05:30,2025-09-18 14:40:00+05:30,1569.5,1565.357142857143,1576.9571428571428,7.4571,W
S1198,CIPLA,2025-09-18 13:25:00+05:30,0.0147,-0.0198,1,1.0,0.2881,5.26,2.2258,0,1.7185,,0,0,0,1,0,1,2025-09-18 13:25:00+05:30,2025-09-18 13:30:00+05:30,2025-09-18 14:40:00+05:30,1569.6,1565.5642857142857,1576.8642857142854,7.2643,W
S1199,CIPLA,2025-09-19 10:40:00+05:30,-0.2503,-0.2674,0,,1.6021,77.78,-0.9533,0,0.263,0.0,3,0,1,0,3,4,2025-09-19 10:55:00+05:30,2025-09-19 11:00:00+05:30,2025-09-19 15:00:00+05:30,1563.9,1553.882142857143,1581.932142857143,6.3,EOD+
S1200,CIPLA,2025-09-19 11:25:00+05:30,-0.0457,-0.167,4,4.0,0.2778,20.0,2.1496,0,1.6332,,0,0,0,1,0,1,2025-09-19 11:25:00+05:30,2025-09-19 11:30:00+05:30,2025-09-19 15:00:00+05:30,1564.3,1558.5857142857142,1574.5857142857144,10.2857,W
S1201,CIPLA,2025-09-19 12:20:00+05:30,-0.0054,0.0083,0,,1.3276,69.23,-0.8182,0,0.7335,1.0,3,0,0,0,3,4,2025-09-19 12:35:00+05:30,2025-09-19 12:40:00+05:30,2025-09-19 14:40:00+05:30,1563.4,1559.257142857143,1570.8571428571431,7.4571,W
S1202,CIPLA,2025-09-19 12:45:00+05:30,-0.0253,-0.0106,0,,0.3833,41.67,0.157,0,0.3421,,0,0,1,1,0,1,2025-09-19 12:45:00+05:30,2025-09-19 12:50:00+05:30,2025-09-19 14:30:00+05:30,1562.9,1558.9535714285714,1570.0035714285716,7.1036,W
S1203,CIPLA,2025-09-19 12:55:00+05:30,-0.0147,-0.0224,0,,0.0356,70.59,2.6364,0,0.7775,,0,0,0,1,0,1,2025-09-19 12:55:00+05:30,2025-09-19 13:00:00+05:30,2025-09-19 14:30:00+05:30,1562.7,1558.8428571428572,1569.642857142857,6.9429,W
S1204,CIPLA,2025-09-19 13:05:00+05:30,-0.0208,-0.0218,0,,0.4725,18.18,0.1852,0,0.9894,,0,0,0,1,0,1,2025-09-19 13:05:00+05:30,2025-09-19 13:10:00+05:30,2025-09-19 14:30:00+05:30,1562.7,1559.1285714285714,1569.1285714285714,6.4286,W
S1205,CIPLA,2025-09-19 13:15:00+05:30,-0.017,-0.0192,0,,0.5888,95.45,-0.8889,0,1.1854,,0,0,1,1,0,1,2025-09-19 13:15:00+05:30,2025-09-19 13:20:00+05:30,2025-09-19 14:35:00+05:30,1563.5,1559.678571428571,1570.3785714285714,6.8786,W
S1206,CIPLA,2025-09-19 13:40:00+05:30,0.0627,0.0202,4,4.0,0.5478,67.57,0.1111,0,3.4243,,0,0,0,1,0,1,2025-09-19 13:40:00+05:30,2025-09-19 13:45:00+05:30,2025-09-19 15:00:00+05:30,1563.5,1558.571428571429,1572.3714285714286,8.8714,W
S1207,CIPLA,2025-09-22 09:15:00+05:30,,,0,,0.8965,1.32,1.24,0,0.669,,0,0,0,1,0,1,2025-09-22 09:15:00+05:30,2025-09-22 09:20:00+05:30,2025-09-22 09:30:00+05:30,1575.0,1566.2857142857144,1590.685714285714,-8.7143,L
S1208,CIPLA,2025-09-22 09:40:00+05:30,0.0528,,0,,0.6563,21.74,-0.6497,0,0.0897,0.0,3,0,0,0,3,4,2025-09-22 09:55:00+05:30,2025-09-22 10:00:00+05:30,2025-09-22 11:05:00+05:30,1572.4,1561.525,1591.975,-10.875,L
S1209,CIPLA,2025-09-22 10:05:00+05:30,0.0575,0.0496,0,,0.0804,61.9,0.3889,0,0.0807,,0,1,1,1,0,1,2025-09-22 10:05:00+05:30,2025-09-22 10:10:00+05:30,2025-09-22 11:00:00+05:30,1574.0,1562.8035714285716,1594.1535714285712,-11.1964,L
S1210,CIPLA,2025-09-22 10:15:00+05:30,0.0483,0.0585,0,,0.2607,63.64,-0.3103,0,0.0405,0.0,1,1,1,0,1,2,2025-09-22 10:20:00+05:30,2025-09-22 10:25:00+05:30,2025-09-22 11:00:00+05:30,1574.4,1563.275,1594.425,-11.125,L
S1211,CIPLA,2025-09-22 13:45:00+05:30,-0.1297,-0.1515,0,,3.4235,10.64,-0.5762,0,3.9122,0.0,3,0,0,0,3,4,2025-09-22 14:00:00+05:30,2025-09-22 14:05:00+05:30,2025-09-22 14:45:00+05:30,1550.5,1544.125,1561.975,-6.375,L
S1212,CIPLA,2025-09-22 14:25:00+05:30,0.0074,-0.0591,4,4.0,0.2627,17.78,0.978,0,0.9512,,0,0,0,1,0,1,2025-09-22 14:25:00+05:30,2025-09-22 14:30:00+05:30,2025-09-22 15:00:00+05:30,1549.6,1540.9392857142857,1565.1892857142857,-4.1,EOD-
S1213,CIPLA,2025-09-23 12:15:00+05:30,-0.1302,-0.1298,0,,0.5542,23.53,-0.0877,0,2.0234,1.0,3,0,1,0,3,4,2025-09-23 12:30:00+05:30,2025-09-23 12:35:00+05:30,2025-09-23 15:00:00+05:30,1523.7,1517.2714285714285,1535.2714285714287,7.2,EOD+
S1214,CIPLA,2025-09-23 12:40:00+05:30,-0.088,-0.1132,1,1.0,0.386,100.0,-1.0,0,0.2653,1.0,1,0,1,0,1,2,2025-09-23 12:45:00+05:30,2025-09-23 12:50:00+05:30,2025-09-23 15:00:00+05:30,1524.5,1518.767857142857,1534.8178571428573,6.4,EOD+
S1215,CIPLA,2025-09-23 13:00:00+05:30,0.0223,-0.0748,2,1.0,0.2664,35.71,0.0909,0,0.4818,,0,0,0,1,0,1,2025-09-23 13:00:00+05:30,2025-09-23 13:05:00+05:30,2025-09-23 15:00:00+05:30,1524.5,1519.3392857142856,1533.7892857142858,6.4,EOD+
S1216,CIPLA,2025-09-23 13:10:00+05:30,0.0515,-0.0026,0,,1.0775,58.33,-1.0,0,0.3787,1.0,3,0,1,0,3,4,2025-09-23 13:25:00+05:30,2025-09-23 13:30:00+05:30,2025-09-23 15:00:00+05:30,1524.5,1519.5,1533.5,6.4,EOD+
S1217,CIPLA,2025-09-23 13:35:00+05:30,-0.0184,0.0164,0,,0.3834,52.63,0.1613,0,0.1924,,0,0,0,1,0,1,2025-09-23 13:35:00+05:30,2025-09-23 13:40:00+05:30,2025-09-23 15:00:00+05:30,1523.9,1518.8464285714288,1532.9964285714286,7.0,EOD+
S1218,CIPLA,2025-09-23 13:45:00+05:30,-0.021,-0.0115,0,,0.956,94.44,-1.0,0,1.6163,1.0,1,0,1,0,1,2,2025-09-23 13:50:00+05:30,2025-09-23 13:55:00+05:30,2025-09-23 14:05:00+05:30,1524.2,1519.6107142857145,1532.4607142857142,8.2607,W
S1219,CIPLA,2025-09-24 09:30:00+05:30,,,0,,1.7201,27.27,-0.8986,0,0.3814,1.0,3,0,1,0,3,4,2025-09-24 09:45:00+05:30,2025-09-24 09:50:00+05:30,2025-09-24 15:00:00+05:30,1526.7,1516.6642857142858,1544.7642857142855,13.3,EOD+
S1220,CIPLA,2025-09-24 10:25:00+05:30,0.0062,0.0229,6,5.0,0.5013,48.57,-0.3994,0,0.3765,0.0,1,1,0,0,1,2,2025-09-24 10:30:00+05:30,2025-09-24 10:35:00+05:30,2025-09-24 15:00:00+05:30,1527.6,1519.2964285714286,1542.5464285714284,12.4,EOD+
S1221,CIPLA,2025-09-24 10:40:00+05:30,0.0062,0.0062,0,,0.0269,40.0,6.0588,0,1.0778,,0,0,0,1,0,1,2025-09-24 10:40:00+05:30,2025-09-24 10:45:00+05:30,2025-09-24 15:00:00+05:30,1529.1,1521.2071428571428,1543.3071428571427,10.9,EOD+
S1222,CIPLA,2025-09-24 11:05:00+05:30,0.0543,0.0108,4,3.0,0.6191,72.41,-0.6466,0,0.6134,0.0,1,1,0,0,1,2,2025-09-24 11:10:00+05:30,2025-09-24 11:15:00+05:30,2025-09-24 13:50:00+05:30,1529.7,1523.9857142857145,1539.9857142857145,10.2857,W
S1223,CIPLA,2025-09-25 09:15:00+05:30,,,0,,3.751,17.32,-0.1741,0,1.6724,,0,0,0,1,0,1,2025-09-25 09:15:00+05:30,2025-09-25 09:20:00+05:30,2025-09-25 09:30:00+05:30,1540.2,1533.825,1551.675,-6.375,L
S1224,CIPLA,2025-09-25 09:30:00+05:30,,,0,,1.8,6.25,-0.5791,0,0.2724,0.0,3,1,0,0,3,4,2025-09-25 09:45:00+05:30,2025-09-25 09:50:00+05:30,2025-09-25 10:40:00+05:30,1539.5,1531.25,1554.35,-8.25,L
S1225,CIPLA,2025-09-25 09:55:00+05:30,-0.0309,-0.0624,1,1.0,0.0436,7.41,5.0606,0,0.2743,,0,1,0,1,0,1,2025-09-25 09:55:00+05:30,2025-09-25 10:00:00+05:30,2025-09-25 10:40:00+05:30,1539.5,1530.0357142857142,1556.5357142857142,-9.4643,L
S1226,CIPLA,2025-09-25 10:05:00+05:30,-0.0286,-0.0458,0,,0.4773,33.33,-0.571,0,6.3268,1.0,2,1,0,0,2,3,2025-09-25 10:15:00+05:30,2025-09-25 10:20:00+05:30,2025-09-25 10:40:00+05:30,1540.5,1530.732142857143,1558.0821428571428,-9.7679,L
S1227,CIPLA,2025-09-25 10:30:00+05:30,-0.0127,-0.0315,2,2.0,0.2684,20.69,0.0309,0,0.1962,,0,0,0,1,0,1,2025-09-25 10:30:00+05:30,2025-09-25 10:35:00+05:30,2025-09-25 10:45:00+05:30,1537.7,1528.6642857142858,1553.9642857142856,-9.0357,L
S1228,CIPLA,2025-09-26 09:45:00+05:30,-0.3963,,0,,2.1025,79.07,-0.8376,0,0.316,0.0,3,0,0,0,3,4,2025-09-26 10:00:00+05:30,2025-09-26 10:05:00+05:30,2025-09-26 11:30:00+05:30,1503.8,1484.0321428571428,1539.3821428571428,-19.7679,L
S1229,CIPLA,2025-09-26 10:10:00+05:30,-0.1738,-0.2756,1,1.0,0.3075,79.63,-0.5802,0,0.2571,0.0,1,0,1,0,1,2,2025-09-26 10:15:00+05:30,2025-09-26 10:20:00+05:30,2025-09-26 15:00:00+05:30,1498.3,1476.9964285714286,1536.6464285714285,-0.8,EOD-
S1230,CIPLA,2025-09-26 10:25:00+05:30,-0.2175,-0.1738,0,,0.25,30.43,-1.0,0,0.6761,1.0,2,0,1,0,2,3,2025-09-26 10:35:00+05:30,2025-09-26 10:40:00+05:30,2025-09-26 15:00:00+05:30,1496.7,1480.7,1525.5,0.8,EOD+
S1231,CIPLA,2025-09-26 10:55:00+05:30,-0.1255,-0.2382,3,2.0,0.2735,29.63,0.4097,0,0.2389,,0,0,1,1,0,1,2025-09-26 10:55:00+05:30,2025-09-26 11:00:00+05:30,2025-09-26 11:30:00+05:30,1494.3,1483.925,1512.975,-10.375,L
S1232,CIPLA,2025-09-26 11:35:00+05:30,-0.1185,0.1557,0,,3.3961,100.0,-1.0,0,0.7031,0.0,3,0,1,0,3,4,2025-09-26 11:50:00+05:30,2025-09-26 11:55:00+05:30,2025-09-26 15:00:00+05:30,1494.6,1485.8142857142857,1510.4142857142856,2.9,EOD+
S1233,CIPLA,2025-09-26 12:00:00+05:30,-0.1129,-0.2492,1,1.0,0.0138,12.12,55.0,0,1.8782,,0,0,0,1,0,1,2025-09-26 12:00:00+05:30,2025-09-26 12:05:00+05:30,2025-09-26 15:00:00+05:30,1495.0,1485.9464285714284,1511.2964285714286,2.5,EOD+
S1234,CIPLA,2025-09-26 13:20:00+05:30,0.1798,0.095,15,11.0,0.348,34.78,-0.0698,0,0.4422,1.0,1,0,1,0,1,2,2025-09-26 13:25:00+05:30,2025-09-26 13:30:00+05:30,2025-09-26 15:00:00+05:30,1496.6,1490.4214285714284,1507.7214285714288,0.9,EOD+
S1235,CIPLA,2025-09-26 13:40:00+05:30,0.0718,0.1775,1,1.0,0.1709,43.33,1.1918,0,0.8003,,0,0,1,1,0,1,2025-09-26 13:40:00+05:30,2025-09-26 13:45:00+05:30,2025-09-26 14:00:00+05:30,1498.2,1492.8607142857145,1507.8107142857143,-5.3393,L
S1236,CIPLA,2025-09-26 14:10:00+05:30,-0.0204,0.021,0,,0.5826,0.0,-0.7761,0,0.9646,1.0,3,0,0,0,3,4,2025-09-26 14:25:00+05:30,2025-09-26 14:30:00+05:30,2025-09-26 15:00:00+05:30,1496.8,1491.05,1507.15,0.7,EOD+
S1237,CIPLA,2025-09-30 09:15:00+05:30,,,0,,1.2829,77.4,-1.0,0,0.9233,,0,0,0,1,0,1,2025-09-30 09:15:00+05:30,2025-09-30 09:20:00+05:30,2025-09-30 10:35:00+05:30,1501.8,1491.6571428571428,1520.057142857143,-10.1429,L
S1238,CIPLA,2025-09-30 09:40:00+05:30,0.002,,4,4.0,0.0469,69.64,-1.0,0,0.1463,1.0,1,0,0,0,1,2,2025-09-30 09:45:00+05:30,2025-09-30 09:50:00+05:30,2025-09-30 15:00:00+05:30,1497.9,1485.3821428571428,1520.4321428571432,4.7,EOD+
S1239,CIPLA,2025-09-30 10:15:00+05:30,0.0766,0.0251,5,2.0,0.0087,62.79,12.3333,0,0.1868,,0,0,0,1,0,1,2025-09-30 10:15:00+05:30,2025-09-30 10:20:00+05:30,2025-09-30 15:00:00+05:30,1495.3,1482.317857142857,1518.6678571428572,7.3,EOD+
S1240,CIPLA,2025-09-30 10:55:00+05:30,0.0077,0.0916,0,,1.4128,17.65,-0.6645,0,1.4677,1.0,3,1,1,0,3,4,2025-09-30 11:10:00+05:30,2025-09-30 11:15:00+05:30,2025-09-30 15:00:00+05:30,1496.3,1489.442857142857,1508.642857142857,6.3,EOD+
S1241,CIPLA,2025-09-30 11:20:00+05:30,-0.0418,-0.0498,0,,0.8135,10.53,-0.2093,0,0.4333,0.0,3,0,1,0,3,4,2025-09-30 11:35:00+05:30,2025-09-30 11:40:00+05:30,2025-09-30 15:00:00+05:30,1494.9,1488.2928571428572,1506.7928571428574,7.7,EOD+
S1242,CIPLA,2025-09-30 11:45:00+05:30,-0.0529,-0.0261,0,,0.3619,100.0,-1.0,0,0.391,,0,0,1,1,0,1,2025-09-30 11:45:00+05:30,2025-09-30 11:50:00+05:30,2025-09-30 15:00:00+05:30,1495.1,1489.85,1504.55,7.5,EOD+
S1243,CIPLA,2025-09-30 11:55:00+05:30,-0.0462,-0.0345,0,,0.1008,10.0,3.2105,0,0.3545,,0,0,0,1,0,1,2025-09-30 11:55:00+05:30,2025-09-30 12:00:00+05:30,2025-09-30 14:55:00+05:30,1494.9,1490.1857142857143,1503.3857142857146,8.4857,W
S1244,CIPLA,2025-09-30 12:05:00+05:30,-0.0298,-0.0495,0,,0.1091,89.47,-0.0244,0,0.8281,1.0,2,0,1,0,2,3,2025-09-30 12:15:00+05:30,2025-09-30 12:20:00+05:30,2025-09-30 14:55:00+05:30,1494.9,1490.2035714285714,1503.3535714285715,8.4536,W
S1245,CIPLA,2025-09-30 12:35:00+05:30,0.0462,0.0141,2,1.0,0.0766,18.75,5.8966,0,0.4222,,0,0,1,1,0,1,2025-09-30 12:35:00+05:30,2025-09-30 12:40:00+05:30,2025-09-30 15:00:00+05:30,1495.6,1490.867857142857,1504.117857142857,7.0,EOD+
S1246,CIPLA,2025-09-30 12:45:00+05:30,0.0237,0.0348,0,,0.4769,82.35,-0.7661,0,0.8973,0.0,1,1,1,0,1,2,2025-09-30 12:50:00+05:30,2025-09-30 12:55:00+05:30,2025-09-30 14:55:00+05:30,1495.6,1491.117857142857,1503.6678571428572,8.0679,W
S1247,CIPLA,2025-09-30 13:05:00+05:30,0.0087,0.0167,1,1.0,0.0029,45.0,119.0,0,1.381,,0,0,0,1,0,1,2025-09-30 13:05:00+05:30,2025-09-30 13:10:00+05:30,2025-09-30 15:00:00+05:30,1496.5,1492.125,1504.375,6.1,EOD+
S1248,CIPLA,2025-09-30 13:20:00+05:30,0.0291,0.0087,2,1.0,0.1735,65.0,1.4561,0,0.5614,,0,0,1,1,0,1,2025-09-30 13:20:00+05:30,2025-09-30 13:25:00+05:30,2025-09-30 14:55:00+05:30,1495.7,1491.5928571428572,1503.0928571428572,7.3929,W
S1249,CIPLA,2025-09-30 13:30:00+05:30,0.0284,0.0224,0,,0.2676,40.0,1.7907,0,0.6932,,0,0,1,1,0,1,2025-09-30 13:30:00+05:30,2025-09-30 13:35:00+05:30,2025-09-30 14:55:00+05:30,1496.2,1492.182142857143,1503.432142857143,7.2321,W
S1250,CIPLA,2025-09-30 13:40:00+05:30,0.0237,0.0321,0,,0.3436,25.0,1.2222,0,0.9621,,0,1,0,1,0,1,2025-09-30 13:40:00+05:30,2025-09-30 13:45:00+05:30,2025-09-30 14:55:00+05:30,1496.5,1492.571428571429,1503.571428571429,7.0714,W
S1251,CIPLA,2025-09-30 14:05:00+05:30,0.0167,0.0251,0,,1.6551,6.45,-0.2115,0,3.3438,0.0,3,0,0,0,3,4,2025-09-30 14:20:00+05:30,2025-09-30 14:25:00+05:30,2025-09-30 15:00:00+05:30,1497.3,1493.0857142857142,1504.885714285714,5.3,EOD+
S1252,CIPLA,2025-10-01 09:45:00+05:30,0.1434,,0,,1.0217,2.22,-0.1315,0,0.5022,0.0,3,1,0,0,3,4,2025-10-01 10:00:00+05:30,2025-10-01 10:05:00+05:30,2025-10-01 15:00:00+05:30,1504.1,1493.9571428571428,1522.357142857143,7.0,EOD+
S1253,CIPLA,2025-10-01 10:10:00+05:30,0.0801,0.1028,0,,0.9146,0.0,-0.44,0,0.1847,1.0,1,0,1,0,1,2,2025-10-01 10:15:00+05:30,2025-10-01 10:20:00+05:30,2025-10-01 15:00:00+05:30,1504.0,1493.75,1522.4499999999998,7.1,EOD+
S1254,CIPLA,2025-10-01 10:35:00+05:30,0.0279,0.0668,0,,0.6164,77.78,-1.0,0,0.8719,1.0,3,0,0,0,3,4,2025-10-01 10:50:00+05:30,2025-10-01 10:55:00+05:30,2025-10-01 14:10:00+05:30,1503.9,1496.7214285714288,1516.821428571429,12.9214,W
S1255,CIPLA,2025-10-01 11:00:00+05:30,-0.0798,-0.014,0,,0.9934,70.97,-0.9156,0,1.8424,1.0,1,0,0,0,1,2,2025-10-01 11:05:00+05:30,2025-10-01 11:10:00+05:30,2025-10-01 14:05:00+05:30,1503.0,1497.0357142857142,1513.7357142857145,10.7357,W
S1256,CIPLA,2025-10-01 12:10:00+05:30,0.0402,0.0565,12,11.0,0.2056,25.0,0.9048,0,1.0732,,0,0,0,1,0,1,2025-10-01 12:10:00+05:30,2025-10-01 12:15:00+05:30,2025-10-01 13:10:00+05:30,1505.6,1500.492857142857,1514.792857142857,-5.1071,L
S1257,CIPLA,2025-10-01 13:20:00+05:30,-0.0485,-0.0282,0,,1.2339,44.44,-0.8758,0,0.6649,1.0,3,0,0,0,3,4,2025-10-01 13:35:00+05:30,2025-10-01 13:40:00+05:30,2025-10-01 14:05:00+05:30,1505.2,1500.307142857143,1514.0071428571428,8.8071,W
S1258,CIPLA,2025-10-01 13:50:00+05:30,-0.0106,-0.0389,2,2.0,0.4785,15.0,1.0988,0,0.4384,,0,0,1,1,0,1,2025-10-01 13:50:00+05:30,2025-10-01 13:55:00+05:30,2025-10-01 14:05:00+05:30,1505.7,1501.4678571428572,1513.317857142857,7.6179,W
S1259,CIPLA,2025-10-03 11:05:00+05:30,-0.1357,0.0049,0,,3.0164,50.0,-0.8987,0,2.5928,1.0,3,0,0,0,3,4,2025-10-03 11:20:00+05:30,2025-10-03 11:25:00+05:30,2025-10-03 15:00:00+05:30,1516.1,1511.1892857142857,1524.9392857142857,3.7,EOD+
S1260,CIPLA,2025-10-03 11:55:00+05:30,-0.0135,-0.0574,5,4.0,0.2585,60.94,2.5036,0,4.5535,,0,1,0,1,0,1,2025-10-03 11:55:00+05:30,2025-10-03 12:00:00+05:30,2025-10-03 13:50:00+05:30,1521.0,1514.375,1532.9250000000002,-6.625,L
S1261,CIPLA,2025-10-03 12:15:00+05:30,0.0462,0.0023,3,3.0,0.1759,76.47,0.6162,0,0.423,,0,0,0,1,0,1,2025-10-03 12:15:00+05:30,2025-10-03 12:20:00+05:30,2025-10-03 15:00:00+05:30,1516.1,1509.0642857142857,1528.7642857142855,3.7,EOD+
S1262,CIPLA,2025-10-03 12:25:00+05:30,0.0491,0.0353,0,,0.4545,67.74,-1.0,0,0.4169,,0,0,0,1,0,1,2025-10-03 12:25:00+05:30,2025-10-03 12:30:00+05:30,2025-10-03 15:00:00+05:30,1517.1,1510.5821428571428,1528.8321428571428,2.7,EOD+
S1263,CIPLA,2025-10-03 12:40:00+05:30,0.0696,0.0491,2,1.0,0.3778,37.5,0.0588,0,0.2973,,0,0,1,1,0,1,2025-10-03 12:40:00+05:30,2025-10-03 12:45:00+05:30,2025-10-03 15:00:00+05:30,1516.9,1511.275,1527.025,2.9,EOD+
S1264,CIPLA,2025-10-03 12:50:00+05:30,0.0811,0.0649,0,,0.879,29.41,-0.4256,0,0.4239,1.0,3,0,0,0,3,4,2025-10-03 13:05:00+05:30,2025-10-03 13:10:00+05:30,2025-10-03 15:00:00+05:30,1517.7,1512.2535714285714,1527.5035714285714,2.1,EOD+
S1265,CIPLA,2025-10-03 13:15:00+05:30,0.0096,0.0557,0,,0.2032,34.38,2.8889,0,0.5627,,0,0,0,1,0,1,2025-10-03 13:15:00+05:30,2025-10-03 13:20:00+05:30,2025-10-03 13:40:00+05:30,1519.7,1515.2714285714285,1527.6714285714286,-4.4286,L
S1266,CIPLA,2025-10-03 14:10:00+05:30,-0.0284,-0.0551,0,,1.8245,100.0,-1.0,0,1.5049,1.0,3,1,1,0,3,4,2025-10-03 14:25:00+05:30,2025-10-03 14:30:00+05:30,2025-10-03 15:00:00+05:30,1517.1,1512.6535714285717,1525.1035714285713,2.7,EOD+
S1267,CIPLA,2025-10-07 09:15:00+05:30,,,0,,0.8217,69.01,-1.0,0,1.1212,,0,0,0,1,0,1,2025-10-07 09:15:00+05:30,2025-10-07 09:20:00+05:30,2025-10-07 11:50:00+05:30,1518.9,1511.9178571428572,1531.4678571428574,-6.9821,L
S1268,CIPLA,2025-10-07 09:25:00+05:30,,,1,1.0,0.5094,33.33,0.6327,0,0.2447,,0,0,0,1,0,1,2025-10-07 09:25:00+05:30,2025-10-07 09:30:00+05:30,2025-10-07 11:50:00+05:30,1519.0,1511.7857142857142,1531.9857142857145,-7.2143,L
S1269,CIPLA,2025-10-07 09:40:00+05:30,0.0461,,0,,1.1517,2.33,-0.388,0,0.3872,1.0,3,0,0,0,3,4,2025-10-07 09:55:00+05:30,2025-10-07 10:00:00+05:30,2025-10-07 11:45:00+05:30,1520.5,1512.6964285714284,1534.5464285714286,-7.8036,L
S1270,CIPLA,2025-10-07 10:05:00+05:30,0.0224,0.0392,1,1.0,0.0678,61.9,1.5532,0,0.2609,,0,0,0,1,0,1,2025-10-07 10:05:00+05:30,2025-10-07 10:10:00+05:30,2025-10-07 12:10:00+05:30,1518.6,1509.9392857142857,1534.1892857142857,-8.6607,L
S1271,CIPLA,2025-10-07 10:15:00+05:30,0.0072,0.0405,0,,0.3175,58.62,-0.1628,0,0.2371,,0,0,1,1,0,1,2025-10-07 10:15:00+05:30,2025-10-07 10:20:00+05:30,2025-10-07 12:10:00+05:30,1519.7,1511.2357142857145,1534.9357142857143,-8.4643,L
S1272,CIPLA,2025-10-07 12:45:00+05:30,-0.1352,-0.1107,0,,2.4726,33.33,-0.9477,0,1.3854,1.0,3,0,0,0,3,4,2025-10-07 13:00:00+05:30,2025-10-07 13:05:00+05:30,2025-10-07 15:00:00+05:30,1511.6,1505.7964285714284,1522.0464285714286,3.3,EOD+
S1273,CIPLA,2025-10-07 14:25:00+05:30,0.1442,0.1192,15,15.0,0.3212,9.09,0.4815,0,1.2773,,0,0,0,1,0,1,2025-10-07 14:25:00+05:30,2025-10-07 14:30:00+05:30,2025-10-07 15:00:00+05:30,1516.0,1509.6964285714284,1527.3464285714288,-1.1,EOD-
S1274,CIPLA,2025-10-08 09:15:00+05:30,,,0,,2.5854,4.29,-0.3548,0,2.0853,0.0,1,0,0,0,1,2,2025-10-08 09:20:00+05:30,2025-10-08 09:25:00+05:30,2025-10-08 09:25:00+05:30,1516.1,1506.9571428571428,1532.5571428571427,-9.1429,L
S1275,CIPLA,2025-10-08 11:30:00+05:30,-0.1113,-0.1462,0,,2.0535,46.67,-0.9811,0,0.4898,0.0,3,0,0,0,3,4,2025-10-08 11:45:00+05:30,2025-10-08 11:50:00+05:30,2025-10-08 12:20:00+05:30,1499.6,1493.1535714285712,1511.2035714285714,-6.4464,L
S1276,CIPLA,2025-10-08 11:55:00+05:30,-0.058,-0.11,0,,0.6475,12.0,0.1594,0,0.5781,,0,0,1,1,0,1,2025-10-08 11:55:00+05:30,2025-10-08 12:00:00+05:30,2025-10-08 12:20:00+05:30,1499.8,1493.1392857142855,1511.7892857142858,-6.6607,L
S1277,CIPLA,2025-10-08 12:05:00+05:30,-0.024,-0.0757,0,,1.0472,54.05,-0.5365,0,1.042,,0,1,0,1,0,1,2025-10-08 12:05:00+05:30,2025-10-08 12:10:00+05:30,2025-10-08 12:20:00+05:30,1499.8,1493.1035714285713,1511.8535714285715,-6.6964,L
S1278,CIPLA,2025-10-08 12:15:00+05:30,-0.0334,-0.0427,1,1.0,1.2911,70.59,-0.8064,0,1.0452,0.0,2,0,0,0,2,3,2025-10-08 12:25:00+05:30,2025-10-08 12:30:00+05:30,2025-10-08 15:00:00+05:30,1498.1,1491.1,1510.7,-4.6,EOD-
S1279,CIPLA,2025-10-08 12:35:00+05:30,-0.0955,-0.0681,0,,0.6367,88.89,-1.0,0,1.8584,,0,0,0,1,0,1,2025-10-08 12:35:00+05:30,2025-10-08 12:40:00+05:30,2025-10-08 15:00:00+05:30,1499.4,1490.507142857143,1515.407142857143,-5.9,EOD-
S1280,CIPLA,2025-10-08 14:05:00+05:30,0.0836,0.0423,17,1.0,0.5876,95.12,-1.0,0,0.9989,0.0,2,0,0,0,2,3,2025-10-08 14:15:00+05:30,2025-10-08 14:20:00+05:30,2025-10-08 14:40:00+05:30,1500.9,1497.007142857143,1507.907142857143,-3.8929,L
S1281,CIPLA,2025-10-09 10:50:00+05:30,0.1914,0.2324,0,,1.8123,63.41,-0.7776,0,5.9976,1.0,3,0,0,0,3,4,2025-10-09 11:05:00+05:30,2025-10-09 11:10:00+05:30,2025-10-09 15:00:00+05:30,1510.4,1503.5785714285714,1522.6785714285716,1.6,EOD+
S1282,CIPLA,2025-10-09 12:35:00+05:30,0.117,0.0807,17,3.0,2.266,26.47,-0.2816,0,0.8472,0.0,3,0,0,0,3,4,2025-10-09 12:50:00+05:30,2025-10-09 12:55:00+05:30,2025-10-09 15:00:00+05:30,1512.9,1509.0607142857143,1519.8107142857143,-0.9,EOD-
S1283,CIPLA,2025-10-09 13:00:00+05:30,0.0261,0.0965,1,1.0,0.3157,6.67,0.7391,0,0.4912,,0,0,0,1,0,1,2025-10-09 13:00:00+05:30,2025-10-09 13:05:00+05:30,2025-10-09 15:00:00+05:30,1512.6,1508.0464285714284,1520.7964285714286,-0.6,EOD-
S1284,CIPLA,2025-10-09 13:20:00+05:30,0.0152,0.0073,2,1.0,0.0512,34.78,15.6667,0,0.6974,,0,0,0,1,0,1,2025-10-09 13:20:00+05:30,2025-10-09 13:25:00+05:30,2025-10-09 15:00:00+05:30,1514.2,1509.807142857143,1522.107142857143,-2.2,EOD-
S1285,CIPLA,2025-10-09 13:45:00+05:30,0.0215,0.0261,4,3.0,0.0093,28.57,12.3333,0,0.6447,,0,0,0,1,0,1,2025-10-09 13:45:00+05:30,2025-10-09 13:50:00+05:30,2025-10-09 15:00:00+05:30,1513.3,1509.2642857142855,1520.564285714286,-1.3,EOD-
S1286,CIPLA,2025-10-09 13:55:00+05:30,0.0076,0.0251,0,,0.5784,44.44,-0.2045,0,0.4097,1.0,1,1,1,0,1,2,2025-10-09 14:00:00+05:30,2025-10-09 14:05:00+05:30,2025-10-09 15:00:00+05:30,1513.6,1509.7964285714284,1520.446428571429,-1.6,EOD-
S1287,CIPLA,2025-10-10 09:15:00+05:30,,,0,,2.7802,54.1,-0.5018,0,0.8007,0.0,3,0,0,0,3,4,2025-10-10 09:30:00+05:30,2025-10-10 09:35:00+05:30,2025-10-10 10:55:00+05:30,1517.2,1512.1464285714287,1526.2964285714286,9.0964,W
S1288,CIPLA,2025-10-10 10:25:00+05:30,0.124,0.1514,10,6.0,0.3986,46.15,-0.0244,0,0.3077,,0,0,0,1,0,1,2025-10-10 10:25:00+05:30,2025-10-10 10:30:00+05:30,2025-10-10 11:00:00+05:30,1517.2,1508.2,1533.4,16.2,W
S1289,CIPLA,2025-10-10 10:35:00+05:30,0.0887,0.1369,1,1.0,0.3616,12.5,0.44,0,0.2629,,0,0,1,1,0,1,2025-10-10 10:35:00+05:30,2025-10-10 10:40:00+05:30,2025-10-10 11:00:00+05:30,1517.5,1508.857142857143,1533.057142857143,15.5571,W
S1290,CIPLA,2025-10-10 13:25:00+05:30,0.2335,0.2856,32,3.0,0.219,27.03,0.8182,0,1.3315,,0,0,0,1,0,1,2025-10-10 13:25:00+05:30,2025-10-10 13:30:00+05:30,2025-10-10 15:00:00+05:30,1556.0,1548.4642857142858,1569.5642857142857,3.8,EOD+
S1291,CIPLA,2025-10-10 13:35:00+05:30,0.1775,0.2532,1,1.0,0.1281,53.33,0.9178,0,0.3236,,0,0,0,1,0,1,2025-10-10 13:35:00+05:30,2025-10-10 13:40:00+05:30,2025-10-10 15:00:00+05:30,1556.5,1549.375,1569.325,3.3,EOD+
S1292,CIPLA,2025-10-10 13:45:00+05:30,0.1395,0.2019,0,,0.3979,47.62,-0.3519,0,0.3608,,0,1,1,1,0,1,2025-10-10 13:45:00+05:30,2025-10-10 13:50:00+05:30,2025-10-10 15:00:00+05:30,1557.2,1550.4142857142858,1569.4142857142856,2.6,EOD+
S1293,CIPLA,2025-10-10 13:55:00+05:30,0.0932,0.1568,1,1.0,0.4145,10.0,0.3158,0,0.6217,,0,0,0,1,0,1,2025-10-10 13:55:00+05:30,2025-10-10 14:00:00+05:30,2025-10-10 15:00:00+05:30,1556.4,1549.525,1568.775,3.4,EOD+
S1294,CIPLA,2025-10-10 14:05:00+05:30,0.0456,0.1153,0,,0.4236,31.25,-0.1429,0,1.1127,1.0,3,1,0,0,3,4,2025-10-10 14:20:00+05:30,2025-10-10 14:25:00+05:30,2025-10-10 15:00:00+05:30,1557.0,1550.8035714285716,1568.1535714285717,2.8,EOD+
S1295,CIPLA,2025-10-13 09:15:00+05:30,,,0,,1.6242,2.88,-0.0285,0,1.5759,,0,0,0,1,0,1,2025-10-13 09:15:00+05:30,2025-10-13 09:20:00+05:30,2025-10-13 15:00:00+05:30,1559.3,1549.3178571428573,1577.2678571428569,2.9,EOD+
S1296,CIPLA,2025-10-13 09:25:00+05:30,,,0,,0.3613,9.8,0.0592,0,0.3705,,0,0,1,1,0,1,2025-10-13 09:25:00+05:30,2025-10-13 09:30:00+05:30,2025-10-13 15:00:00+05:30,1560.1,1548.992857142857,1580.092857142857,2.1,EOD+
S1297,CIPLA,2025-10-13 09:35:00+05:30,,,0,,1.0479,68.57,-0.5506,0,0.5887,,0,0,0,1,0,1,2025-10-13 09:35:00+05:30,2025-10-13 09:40:00+05:30,2025-10-13 15:00:00+05:30,1561.4,1549.7214285714288,1582.4214285714286,0.8,EOD+
S1298,CIPLA,2025-10-13 09:45:00+05:30,0.0551,,0,,0.5748,19.23,-0.8214,0,0.1213,0.0,3,0,1,0,3,4,2025-10-13 10:00:00+05:30,2025-10-13 10:05:00+05:30,2025-10-13 15:00:00+05:30,1561.0,1548.821428571429,1582.9214285714284,1.2,EOD+
S1299,CIPLA,2025-10-13 11:30:00+05:30,-0.0933,-0.1177,0,,0.8359,46.15,-0.7573,0,0.6106,1.0,3,0,1,0,3,4,2025-10-13 11:45:00+05:30,2025-10-13 11:50:00+05:30,2025-10-13 13:00:00+05:30,1554.9,1548.739285714286,1565.989285714286,11.0893,W
S1300,CIPLA,2025-10-13 13:20:00+05:30,0.1397,0.1786,18,4.0,0.478,62.96,-0.5254,0,0.6614,1.0,3,0,0,0,3,4,2025-10-13 13:35:00+05:30,2025-10-13 13:40:00+05:30,2025-10-13 15:00:00+05:30,1562.7,1554.9857142857145,1576.5857142857142,-0.5,EOD-
S1301,CIPLA,2025-10-13 13:45:00+05:30,0.0698,0.1048,0,,0.3238,13.04,0.3873,0,0.4458,,0,0,0,1,0,1,2025-10-13 13:45:00+05:30,2025-10-13 13:50:00+05:30,2025-10-13 15:00:00+05:30,1561.1,1554.4214285714286,1573.1214285714284,1.1,EOD+
S1302,CIPLA,2025-10-13 14:05:00+05:30,0.0423,0.066,0,,1.0082,90.91,-1.0,0,0.7543,1.0,3,1,1,0,3,4,2025-10-13 14:20:00+05:30,2025-10-13 14:25:00+05:30,2025-10-13 15:00:00+05:30,1563.7,1557.4142857142858,1575.0142857142855,-1.5,EOD-
S1303,CIPLA,2025-10-14 10:45:00+05:30,-0.2436,-0.2316,0,,1.4941,52.0,-0.8984,0,5.1263,1.0,3,0,0,0,3,4,2025-10-14 11:00:00+05:30,2025-10-14 11:05:00+05:30,2025-10-14 11:25:00+05:30,1550.9,1542.6678571428572,1565.7178571428572,-8.2321,L
S1304,CIPLA,2025-10-14 11:10:00+05:30,-0.1297,-0.2241,0,,0.9525,56.9,-0.3438,0,0.8265,,0,0,1,1,0,1,2025-10-14 11:10:00+05:30,2025-10-14 11:15:00+05:30,2025-10-14 11:30:00+05:30,1551.9,1541.9,1569.9,-10.0,L
S1305,CIPLA,2025-10-14 11:50:00+05:30,-0.1821,-0.1489,0,,2.0856,79.31,-0.9309,0,0.3851,0.0,3,0,0,0,3,4,2025-10-14 12:05:00+05:30,2025-10-14 12:10:00+05:30,2025-10-14 15:00:00+05:30,1545.2,1534.7892857142858,1563.9392857142857,3.6,EOD+
S1306,CIPLA,2025-10-14 12:15:00+05:30,-0.0511,-0.1443,0,,0.1022,41.18,1.7848,0,0.3189,,0,1,0,1,0,1,2025-10-14 12:15:00+05:30,2025-10-14 12:20:00+05:30,2025-10-14 15:00:00+05:30,1547.5,1537.8392857142858,1564.8892857142855,1.3,EOD+
S1307,CIPLA,2025-10-14 12:25:00+05:30,-0.0259,-0.0809,1,1.0,0.104,65.85,1.6667,0,0.2547,,0,0,1,1,0,1,2025-10-14 12:25:00+05:30,2025-10-14 12:30:00+05:30,2025-10-14 15:00:00+05:30,1545.6,1536.5821428571428,1561.8321428571428,3.2,EOD+
S1308,CIPLA,2025-10-14 13:00:00+05:30,-0.1134,-0.068,0,,0.6955,34.62,-0.5207,0,0.4417,1.0,3,1,1,0,3,4,2025-10-14 13:15:00+05:30,2025-10-14 13:20:00+05:30,2025-10-14 15:00:00+05:30,1544.3,1536.05,1559.15,4.5,EOD+
S1309,CIPLA,2025-10-14 13:25:00+05:30,0.0421,-0.0742,0,,0.0825,11.76,1.8571,0,0.547,,0,0,1,1,0,1,2025-10-14 13:25:00+05:30,2025-10-14 13:30:00+05:30,2025-10-14 15:00:00+05:30,1544.3,1536.8714285714286,1557.6714285714286,4.5,EOD+
S1310,CIPLA,2025-10-14 13:40:00+05:30,0.058,0.0421,1,1.0,0.159,26.67,1.3913,0,0.9119,,0,0,1,1,0,1,2025-10-14 13:40:00+05:30,2025-10-14 13:45:00+05:30,2025-10-14 15:00:00+05:30,1544.6,1537.367857142857,1557.617857142857,4.2,EOD+
S1311,CIPLA,2025-10-14 14:05:00+05:30,-0.0771,-0.0071,0,,0.4305,38.89,-0.5276,0,1.0438,1.0,3,0,0,0,3,4,2025-10-14 14:20:00+05:30,2025-10-14 14:25:00+05:30,2025-10-14 15:00:00+05:30,1545.0,1537.625,1558.275,3.8,EOD+
S1312,CIPLA,2025-10-15 09:15:00+05:30,,,0,,0.0536,74.6,12.8095,0,2.0702,,0,0,0,1,0,1,2025-10-15 09:15:00+05:30,2025-10-15 09:20:00+05:30,2025-10-15 10:20:00+05:30,1559.4,1549.5964285714283,1577.0464285714288,-9.8036,L
S1313,CIPLA,2025-10-15 09:55:00+05:30,0.1957,0.2791,7,5.0,0.1944,62.5,0.4634,0,0.3126,,0,0,0,1,0,1,2025-10-15 09:55:00+05:30,2025-10-15 10:00:00+05:30,2025-10-15 15:00:00+05:30,1553.5,1540.3214285714284,1577.2214285714283,6.8,EOD+
S1314,CIPLA,2025-10-15 10:05:00+05:30,0.1323,0.2341,0,,0.3705,81.48,-1.0,0,0.0777,,0,0,1,1,0,1,2025-10-15 10:05:00+05:30,2025-10-15 10:10:00+05:30,2025-10-15 15:00:00+05:30,1554.0,1541.2142857142858,1577.0142857142855,6.3,EOD+
S1315,CIPLA,2025-10-15 10:35:00+05:30,0.0029,0.073,0,,1.594,90.91,-1.0,0,0.3483,1.0,3,0,1,0,3,4,2025-10-15 10:50:00+05:30,2025-10-15 10:55:00+05:30,2025-10-15 11:35:00+05:30,1554.9,1547.1678571428572,1568.8178571428573,-7.7321,L
S1316,CIPLA,2025-10-15 11:00:00+05:30,-0.0055,-0.0061,0,,0.341,51.02,0.0582,0,3.1065,,0,0,0,1,0,1,2025-10-15 11:00:00+05:30,2025-10-15 11:05:00+05:30,2025-10-15 11:35:00+05:30,1554.1,1547.1714285714284,1566.5714285714284,-6.9286,L
S1317,CIPLA,2025-10-15 11:10:00+05:30,-0.0625,0.0016,0,,0.8824,19.35,-0.4572,0,1.9735,1.0,3,0,0,0,3,4,2025-10-15 11:25:00+05:30,2025-10-15 11:30:00+05:30,2025-10-15 11:35:00+05:30,1553.4,1546.614285714286,1565.614285714286,-6.7857,L
S1318,CIPLA,2025-10-15 11:40:00+05:30,-0.0773,-0.0969,0,,1.9395,30.77,-0.912,0,0.2106,0.0,3,1,1,0,3,4,2025-10-15 11:55:00+05:30,2025-10-15 12:00:00+05:30,2025-10-15 15:00:00+05:30,1552.8,1545.4785714285715,1565.9785714285713,7.5,EOD+
S1319,CIPLA,2025-10-15 12:45:00+05:30,-0.0758,-0.0268,0,,1.1837,15.38,-0.2414,0,0.1952,0.0,3,1,1,0,3,4,2025-10-15 13:00:00+05:30,2025-10-15 13:05:00+05:30,2025-10-15 15:00:00+05:30,1550.4,1544.275,1561.4250000000002,9.9,EOD+
S1320,CIPLA,2025-10-15 13:10:00+05:30,-0.0261,-0.0639,0,,0.4122,63.41,0.676,0,0.481,,0,0,0,1,0,1,2025-10-15 13:10:00+05:30,2025-10-15 13:15:00+05:30,2025-10-15 15:00:00+05:30,1553.0,1547.5714285714284,1562.7714285714287,7.3,EOD+
S1321,CIPLA,2025-10-16 09:15:00+05:30,,,0,,1.3547,4.65,0.0442,0,1.6963,,0,1,0,1,0,1,2025-10-16 09:15:00+05:30,2025-10-16 09:20:00+05:30,2025-10-16 15:00:00+05:30,1559.7,1552.807142857143,1572.107142857143,8.8,EOD+
S1322,CIPLA,2025-10-16 10:20:00+05:30,0.0675,0.0829,11,4.0,0.2035,46.15,0.6,0,0.3213,,0,1,0,1,0,1,2025-10-16 10:20:00+05:30,2025-10-16 10:25:00+05:30,2025-10-16 15:00:00+05:30,1563.6,1554.385714285714,1580.1857142857143,4.9,EOD+
S1323,CIPLA,2025-10-16 12:30:00+05:30,-0.1043,-0.0931,0,,1.9147,86.05,-0.871,0,7.3127,1.0,3,0,0,0,3,4,2025-10-16 12:45:00+05:30,2025-10-16 12:50:00+05:30,2025-10-16 15:00:00+05:30,1562.8,1556.7285714285713,1573.7285714285715,5.7,EOD+
S1324,CIPLA,2025-10-16 14:05:00+05:30,0.1,0.1247,15,2.0,0.4821,6.45,0.9149,0,1.3199,,0,0,0,1,0,1,2025-10-16 14:05:00+05:30,2025-10-16 14:10:00+05:30,2025-10-16 15:00:00+05:30,1565.4,1560.525,1574.175,3.1,EOD+
S1325,CIPLA,2025-10-16 14:15:00+05:30,0.0888,0.1179,1,1.0,1.04,56.0,-0.7596,0,0.923,0.0,1,0,1,0,1,2,2025-10-16 14:20:00+05:30,2025-10-16 14:25:00+05:30,2025-10-16 15:00:00+05:30,1566.6,1561.6,1575.6,1.9,EOD+
S1326,CIPLA,2025-10-16 14:30:00+05:30,0.0888,0.0888,0,,0.3438,86.84,-0.5181,0,1.1034,,0,0,1,1,0,1,2025-10-16 14:30:00+05:30,2025-10-16 14:35:00+05:30,2025-10-16 15:00:00+05:30,1568.9,1562.864285714286,1579.7642857142855,-0.4,EOD-
S1327,CIPLA,2025-10-17 09:50:00+05:30,-0.0488,,0,,2.5412,50.0,-0.9647,0,0.5982,0.0,3,0,0,0,3,4,2025-10-17 10:05:00+05:30,2025-10-17 10:10:00+05:30,2025-10-17 15:00:00+05:30,1567.1,1558.742857142857,1582.1428571428569,8.9,EOD+
S1328,CIPLA,2025-10-17 10:15:00+05:30,-0.0629,-0.0875,0,,0.0582,9.3,3.2857,0,0.7533,,0,1,0,1,0,1,2025-10-17 10:15:00+05:30,2025-10-17 10:20:00+05:30,2025-10-17 15:00:00+05:30,1567.5,1558.482142857143,1583.732142857143,8.5,EOD+
S1329,CIPLA,2025-10-17 10:40:00+05:30,-0.0479,-0.0166,4,2.0,0.8938,51.35,-0.5455,0,0.7626,0.0,1,0,0,0,1,2,2025-10-17 10:45:00+05:30,2025-10-17 10:50:00+05:30,2025-10-17 14:35:00+05:30,1564.8,1556.8000000000002,1579.1999999999998,14.4,W
S1330,CIPLA,2025-10-17 11:05:00+05:30,-0.001,-0.0716,2,2.0,0.2398,11.54,1.4161,0,1.0122,,0,0,0,1,0,1,2025-10-17 11:05:00+05:30,2025-10-17 11:10:00+05:30,2025-10-17 14:40:00+05:30,1566.2,1558.432142857143,1580.1821428571427,13.9821,W
S1331,CIPLA,2025-10-17 11:20:00+05:30,0.045,-0.001,1,1.0,0.3491,28.0,0.3198,0,0.5051,,0,1,1,1,0,1,2025-10-17 11:20:00+05:30,2025-10-17 11:25:00+05:30,2025-10-17 14:35:00+05:30,1567.0,1559.946428571429,1579.6964285714284,12.6964,W
S1332,CIPLA,2025-10-17 11:40:00+05:30,0.0658,0.0495,0,,0.7063,0.0,-0.8209,0,0.1478,0.0,3,0,1,0,3,4,2025-10-17 11:55:00+05:30,2025-10-17 12:00:00+05:30,2025-10-17 14:30:00+05:30,1565.9,1559.9714285714288,1576.5714285714284,10.6714,W
S1333,CIPLA,2025-10-17 12:05:00+05:30,-0.0335,0.0322,0,,0.295,7.69,0.4545,0,0.2359,,0,0,0,1,0,1,2025-10-17 12:05:00+05:30,2025-10-17 12:10:00+05:30,2025-10-17 12:45:00+05:30,1566.2,1561.5392857142858,1574.5892857142856,8.3893,W
S1334,CIPLA,2025-10-17 12:15:00+05:30,-0.0358,-0.0163,0,,0.392,42.11,-0.7143,0,0.3307,0.0,1,0,1,0,1,2,2025-10-17 12:20:00+05:30,2025-10-17 12:25:00+05:30,2025-10-17 12:45:00+05:30,1565.8,1561.3357142857142,1573.8357142857142,8.0357,W
S1335,CIPLA,2025-10-17 12:30:00+05:30,-0.0032,-0.0358,0,,0.2545,66.67,-0.25,0,5.2644,1.0,2,0,0,0,2,3,2025-10-17 12:40:00+05:30,2025-10-17 12:45:00+05:30,2025-10-17 12:50:00+05:30,1571.3,1567.3714285714286,1578.3714285714284,-3.9286,L
S1336,CIPLA,2025-10-17 13:30:00+05:30,0.0631,0.052,9,9.0,0.0085,42.86,15.0,0,0.2574,,0,0,1,1,0,1,2025-10-17 13:30:00+05:30,2025-10-17 13:35:00+05:30,2025-10-17 14:40:00+05:30,1568.4,1561.0607142857143,1581.6107142857145,13.2107,W
S1337,CIPLA,2025-10-17 13:55:00+05:30,-0.0057,0.0399,0,,1.7699,79.17,-0.9063,0,1.2309,1.0,3,0,1,0,3,4,2025-10-17 14:10:00+05:30,2025-10-17 14:15:00+05:30,2025-10-17 15:00:00+05:30,1569.2,1561.6642857142856,1582.764285714286,6.8,EOD+
S1338,CIPLA,2025-10-20 09:45:00+05:30,0.2434,,6,6.0,0.096,13.43,6.0796,0,0.2369,,0,0,0,1,0,1,2025-10-20 09:45:00+05:30,2025-10-20 09:50:00+05:30,2025-10-20 11:35:00+05:30,1583.9,1569.1857142857143,1610.3857142857146,26.4857,W
S1339,CIPLA,2025-10-20 09:55:00+05:30,0.1538,0.2616,1,1.0,0.3864,71.43,-0.5339,0,0.8141,1.0,2,0,1,0,2,3,2025-10-20 10:05:00+05:30,2025-10-20 10:10:00+05:30,2025-10-20 11:35:00+05:30,1580.5,1565.232142857143,1607.982142857143,27.4821,W
S1340,CIPLA,2025-10-20 10:30:00+05:30,0.1453,0.0674,3,1.0,0.2425,88.61,-0.1818,0,0.9722,0.0,1,0,1,0,1,2,2025-10-20 10:35:00+05:30,2025-10-20 10:40:00+05:30,2025-10-20 11:35:00+05:30,1583.0,1571.6607142857142,1603.4107142857142,20.4107,W
S1341,CIPLA,2025-10-20 10:45:00+05:30,0.1036,0.1453,0,,0.4296,73.68,-0.8193,0,1.4007,1.0,2,0,1,0,2,3,2025-10-20 10:55:00+05:30,2025-10-20 11:00:00+05:30,2025-10-20 11:35:00+05:30,1584.1,1574.4392857142857,1601.4892857142854,17.3893,W
S1342,CIPLA,2025-10-20 11:05:00+05:30,0.0341,0.0849,0,,0.374,35.42,-0.1941,0,0.9576,,0,0,1,1,0,1,2025-10-20 11:05:00+05:30,2025-10-20 11:10:00+05:30,2025-10-20 11:35:00+05:30,1584.2,1575.075,1600.625,16.425,W
S1343,CIPLA,2025-10-20 11:15:00+05:30,-0.0069,0.0451,0,,0.8734,39.13,0.0149,0,1.4962,,0,0,1,1,0,1,2025-10-20 11:15:00+05:30,2025-10-20 11:20:00+05:30,2025-10-20 11:35:00+05:30,1586.4,1576.8107142857143,1603.6607142857142,17.2607,W
S1344,CIPLA,2025-10-20 11:25:00+05:30,0.0211,0.0047,1,1.0,0.1535,31.34,2.7313,0,2.9022,,0,0,0,1,0,1,2025-10-20 11:25:00+05:30,2025-10-20 11:30:00+05:30,2025-10-20 11:35:00+05:30,1587.9,1576.989285714286,1607.5392857142858,19.6393,W
S1345,CIPLA,2025-10-23 09:20:00+05:30,,,1,1.0,0.3027,26.73,0.5416,0,1.7512,,0,0,0,1,0,1,2025-10-23 09:20:00+05:30,2025-10-23 09:25:00+05:30,2025-10-23 15:00:00+05:30,1656.0,1635.642857142857,1692.642857142857,-17.5,EOD-
S1346,CIPLA,2025-10-23 11:00:00+05:30,-0.168,-0.1724,0,,0.3933,32.0,-0.9153,0,1.085,1.0,3,1,0,0,3,4,2025-10-23 11:15:00+05:30,2025-10-23 11:20:00+05:30,2025-10-23 14:00:00+05:30,1654.9,1647.4,1668.4,-7.5,L
S1347,CIPLA,2025-10-23 11:25:00+05:30,0.0275,-0.1178,1,1.0,0.371,68.89,0.8623,0,4.2465,,0,0,0,1,0,1,2025-10-23 11:25:00+05:30,2025-10-23 11:30:00+05:30,2025-10-23 13:45:00+05:30,1659.3,1650.9785714285715,1674.2785714285712,-8.3214,L
S1348,CIPLA,2025-10-23 12:15:00+05:30,0.0496,0.0816,0,,0.3832,20.0,-0.5671,0,0.4647,0.0,3,0,1,0,3,4,2025-10-23 12:30:00+05:30,2025-10-23 12:35:00+05:30,2025-10-23 13:50:00+05:30,1657.3,1649.7642857142855,1670.864285714286,-7.5357,L
S1349,CIPLA,2025-10-23 12:45:00+05:30,0.0978,0.0513,2,1.0,0.599,36.67,0.4902,0,0.9955,,0,1,0,1,0,1,2025-10-23 12:45:00+05:30,2025-10-23 12:50:00+05:30,2025-10-23 13:40:00+05:30,1657.2,1651.8785714285716,1666.7785714285717,-5.3214,L
S1350,CIPLA,2025-10-23 12:55:00+05:30,0.089,0.0782,1,1.0,0.0883,17.65,3.1026,0,1.404,,0,0,0,1,0,1,2025-10-23 12:55:00+05:30,2025-10-23 13:00:00+05:30,2025-10-23 13:35:00+05:30,1658.0,1652.482142857143,1667.9321428571427,-5.5179,L
S1351,CIPLA,2025-10-23 13:05:00+05:30,0.0616,0.1047,0,,0.2808,0.0,1.8358,0,1.2464,,0,0,0,1,0,1,2025-10-23 13:05:00+05:30,2025-10-23 13:10:00+05:30,2025-10-23 13:40:00+05:30,1658.2,1652.2357142857145,1668.9357142857143,-5.9643,L
S1352,CIPLA,2025-10-23 13:15:00+05:30,0.0169,0.086,0,,0.5113,61.76,-1.0,0,1.0333,,0,0,1,1,0,1,2025-10-23 13:15:00+05:30,2025-10-23 13:20:00+05:30,2025-10-23 13:45:00+05:30,1657.6,1650.7785714285717,1669.8785714285711,-6.8214,L
S1353,CIPLA,2025-10-24 11:00:00+05:30,-0.4689,-0.7271,0,,0.8545,23.08,-0.5857,0,0.5162,0.0,3,0,0,0,3,4,2025-10-24 11:15:00+05:30,2025-10-24 11:20:00+05:30,2025-10-24 12:30:00+05:30,1600.5,1592.732142857143,1614.482142857143,-7.7679,L
S1354,CIPLA,2025-10-24 11:50:00+05:30,0.0091,-0.0278,6,5.0,0.1324,54.55,1.4242,0,0.6833,,0,0,1,1,0,1,2025-10-24 11:50:00+05:30,2025-10-24 11:55:00+05:30,2025-10-24 12:25:00+05:30,1599.6,1593.367857142857,1610.8178571428568,-6.2321,L
S1355,CIPLA,2025-10-27 10:30:00+05:30,-0.1262,-0.1486,0,,1.1857,54.55,-0.9125,0,3.4587,1.0,3,0,0,0,3,4,2025-10-27 10:45:00+05:30,2025-10-27 10:50:00+05:30,2025-10-27 15:00:00+05:30,1580.8,1573.567857142857,1593.817857142857,1.5,EOD+
S1356,CIPLA,2025-10-27 11:15:00+05:30,0.0013,-0.0643,5,2.0,0.175,10.53,0.0101,0,0.2487,,0,0,1,1,0,1,2025-10-27 11:15:00+05:30,2025-10-27 11:20:00+05:30,2025-10-27 15:00:00+05:30,1579.2,1572.1285714285714,1591.9285714285716,3.1,EOD+
S1357,CIPLA,2025-10-27 11:30:00+05:30,0.0044,0.0013,1,1.0,0.0139,28.57,27.5714,0,0.4674,,0,0,0,1,0,1,2025-10-27 11:30:00+05:30,2025-10-27 11:35:00+05:30,2025-10-27 15:00:00+05:30,1580.4,1574.114285714286,1591.7142857142858,1.9,EOD+
S1358,CIPLA,2025-10-27 11:40:00+05:30,0.0089,0.0095,0,,0.054,38.89,2.7037,0,0.1656,,0,0,1,1,0,1,2025-10-27 11:40:00+05:30,2025-10-27 11:45:00+05:30,2025-10-27 15:00:00+05:30,1580.4,1574.15,1591.65,1.9,EOD+
S1359,CIPLA,2025-10-27 12:30:00+05:30,-0.0057,0.0161,0,,1.9843,37.93,-0.5044,0,1.4882,1.0,3,1,0,0,3,4,2025-10-27 12:45:00+05:30,2025-10-27 12:50:00+05:30,2025-10-27 15:00:00+05:30,1580.2,1575.8785714285714,1587.9785714285715,2.1,EOD+
S1360,CIPLA,2025-10-27 13:10:00+05:30,0.0177,-0.0095,3,3.0,0.055,47.62,7.1818,0,1.6312,,0,0,0,1,0,1,2025-10-27 13:10:00+05:30,2025-10-27 13:15:00+05:30,2025-10-27 15:00:00+05:30,1581.5,1576.5,1590.5,0.8,EOD+
S1361,CIPLA,2025-10-27 13:20:00+05:30,-0.0013,0.0066,0,,0.6859,54.17,-0.3151,0,0.9586,,0,0,0,1,0,1,2025-10-27 13:20:00+05:30,2025-10-27 13:25:00+05:30,2025-10-27 15:00:00+05:30,1580.0,1574.678571428571,1589.5785714285714,2.3,EOD+
S1362,CIPLA,2025-10-27 13:30:00+05:30,0.0041,0.0066,0,,0.3464,61.11,-0.4483,0,1.1638,1.0,1,0,0,0,1,2,2025-10-27 13:35:00+05:30,2025-10-27 13:40:00+05:30,2025-10-27 15:00:00+05:30,1580.9,1575.6678571428572,1590.3178571428573,1.4,EOD+
S1363,CIPLA,2025-10-27 13:45:00+05:30,0.0171,0.0041,0,,0.35,23.81,0.0959,0,1.2071,,0,1,1,1,0,1,2025-10-27 13:45:00+05:30,2025-10-27 13:50:00+05:30,2025-10-27 15:00:00+05:30,1580.8,1575.5857142857142,1590.1857142857143,1.5,EOD+
S1364,CIPLA,2025-10-27 14:00:00+05:30,0.0345,0.0171,1,1.0,0.0682,60.87,0.5385,0,2.6045,,0,0,0,1,0,1,2025-10-27 14:00:00+05:30,2025-10-27 14:05:00+05:30,2025-10-27 14:45:00+05:30,1581.8,1577.0321428571428,1590.3821428571428,-4.7679,L
S1365,CIPLA,2025-10-27 14:10:00+05:30,0.0411,0.0266,1,1.0,0.1887,53.57,0.0526,0,1.5885,,0,0,1,1,0,1,2025-10-27 14:10:00+05:30,2025-10-27 14:15:00+05:30,2025-10-27 15:00:00+05:30,1580.6,1575.5642857142857,1589.6642857142856,1.7,EOD+
S1366,CIPLA,2025-10-27 14:30:00+05:30,0.0307,0.0443,2,2.0,0.1459,20.83,1.3729,0,1.0484,,0,0,1,1,0,1,2025-10-27 14:30:00+05:30,2025-10-27 14:35:00+05:30,2025-10-27 15:00:00+05:30,1581.4,1576.3464285714288,1590.4964285714284,0.9,EOD+
S1367,CIPLA,2025-10-28 09:15:00+05:30,,,0,,0.5068,39.58,0.0366,0,1.8366,,0,1,0,1,0,1,2025-10-28 09:15:00+05:30,2025-10-28 09:20:00+05:30,2025-10-28 11:55:00+05:30,1582.2,1574.1107142857145,1596.7607142857144,-8.0893,L
S1368,CIPLA,2025-10-28 09:25:00+05:30,,,0,,0.5896,63.64,-0.5074,0,0.5243,,0,1,1,1,0,1,2025-10-28 09:25:00+05:30,2025-10-28 09:30:00+05:30,2025-10-28 11:55:00+05:30,1583.2,1574.5928571428572,1598.6928571428573,-8.6071,L
S1369,CIPLA,2025-10-28 09:40:00+05:30,0.0319,,2,1.0,0.2196,35.9,1.1477,0,0.6517,,0,0,0,1,0,1,2025-10-28 09:40:00+05:30,2025-10-28 09:45:00+05:30,2025-10-28 11:55:00+05:30,1582.6,1574.117857142857,1597.867857142857,-8.4821,L
S1370,CIPLA,2025-10-28 09:50:00+05:30,0.0325,,1,1.0,0.175,27.59,0.8349,0,0.2122,,0,0,1,1,0,1,2025-10-28 09:50:00+05:30,2025-10-28 09:55:00+05:30,2025-10-28 10:55:00+05:30,1582.8,1575.0142857142855,1596.8142857142857,-7.7857,L
S1371,CIPLA,2025-10-28 11:25:00+05:30,-0.0919,-0.0918,0,,0.2865,80.0,-1.0,0,1.8119,0.0,3,0,0,0,3,4,2025-10-28 11:40:00+05:30,2025-10-28 11:45:00+05:30,2025-10-28 11:55:00+05:30,1578.3,1574.4607142857142,1585.2107142857142,-3.8393,L
S1372,CIPLA,2025-10-28 12:40:00+05:30,-0.094,-0.0774,0,,1.8273,50.0,-0.9777,0,0.8262,1.0,3,0,0,0,3,4,2025-10-28 12:55:00+05:30,2025-10-28 13:00:00+05:30,2025-10-28 13:45:00+05:30,1577.4,1571.257142857143,1588.4571428571428,-6.1429,L
S1373,CIPLA,2025-10-28 13:05:00+05:30,-0.0645,-0.0953,1,1.0,0.0267,57.69,3.0,0,0.616,,0,0,0,1,0,1,2025-10-28 13:05:00+05:30,2025-10-28 13:10:00+05:30,2025-10-28 14:05:00+05:30,1575.9,1568.882142857143,1588.5321428571428,-7.0179,L
S1374,CIPLA,2025-10-28 13:15:00+05:30,-0.0492,-0.0772,0,,0.6244,14.29,-0.0986,0,0.2713,0.0,1,1,1,0,1,2,2025-10-28 13:20:00+05:30,2025-10-28 13:25:00+05:30,2025-10-28 14:05:00+05:30,1574.8,1567.692857142857,1587.5928571428572,-7.1071,L
S1375,CIPLA,2025-10-28 13:35:00+05:30,-0.0451,-0.0566,2,2.0,0.0689,23.08,4.0,0,0.6052,,0,0,0,1,0,1,2025-10-28 13:35:00+05:30,2025-10-28 13:40:00+05:30,2025-10-28 14:05:00+05:30,1573.9,1568.0964285714283,1584.3464285714288,-5.8036,L
S1376,CIPLA,2025-10-29 10:25:00+05:30,0.1772,0.1444,14,14.0,0.0724,14.29,4.2381,0,0.3229,,0,0,1,1,0,1,2025-10-29 10:25:00+05:30,2025-10-29 10:30:00+05:30,2025-10-29 15:00:00+05:30,1575.3,1568.05,1588.35,4.6,EOD+
S1377,CIPLA,2025-10-29 10:35:00+05:30,0.16,0.1687,0,,0.3822,65.0,-0.2857,0,0.2157,0.0,1,0,1,0,1,2,2025-10-29 10:40:00+05:30,2025-10-29 10:45:00+05:30,2025-10-29 11:00:00+05:30,1575.6,1569.1892857142857,1587.1392857142855,11.5393,W
S1378,CIPLA,2025-10-29 11:45:00+05:30,0.1537,0.1545,11,9.0,0.0538,28.57,8.4118,0,0.7151,,0,0,0,1,0,1,2025-10-29 11:45:00+05:30,2025-10-29 11:50:00+05:30,2025-10-29 14:00:00+05:30,1582.3,1574.4071428571426,1596.507142857143,-7.8929,L
S1379,CIPLA,2025-10-29 11:55:00+05:30,0.1239,0.168,0,,0.2968,57.14,-0.1444,0,0.1502,0.0,1,0,1,0,1,2,2025-10-29 12:00:00+05:30,2025-10-29 12:05:00+05:30,2025-10-29 14:00:00+05:30,1582.6,1574.725,1596.775,-7.875,L
S1380,CIPLA,2025-10-29 12:10:00+05:30,0.1049,0.1239,0,,0.4765,30.77,-0.823,0,0.2112,0.0,2,0,1,0,2,3,2025-10-29 12:20:00+05:30,2025-10-29 12:25:00+05:30,2025-10-29 14:00:00+05:30,1582.9,1576.9714285714283,1593.571428571429,-5.9286,L
S1381,CIPLA,2025-10-29 12:50:00+05:30,-0.0316,0.0597,0,,1.5556,21.05,-0.6,0,0.8192,0.0,3,0,0,0,3,4,2025-10-29 13:05:00+05:30,2025-10-29 13:10:00+05:30,2025-10-29 13:50:00+05:30,1583.4,1578.5785714285714,1592.0785714285714,-4.8214,L
S1382,CIPLA,2025-10-29 13:15:00+05:30,-0.036,-0.0344,1,1.0,0.0765,8.33,9.7692,0,1.0628,,0,0,1,1,0,1,2025-10-29 13:15:00+05:30,2025-10-29 13:20:00+05:30,2025-10-29 13:50:00+05:30,1584.0,1579.75,1591.65,-4.25,L
S1383,CIPLA,2025-10-29 14:10:00+05:30,-0.0809,-0.0256,0,,2.4695,62.5,-1.0,0,1.1448,0.0,3,1,1,0,3,4,2025-10-29 14:25:00+05:30,2025-10-29 14:30:00+05:30,2025-10-29 15:00:00+05:30,1581.7,1576.2535714285714,1591.5035714285716,-1.8,EOD-
S1384,CIPLA,2025-10-30 10:30:00+05:30,-0.2117,-0.2751,0,,0.2471,10.0,-0.4012,0,0.5497,1.0,3,0,1,0,3,4,2025-10-30 10:45:00+05:30,2025-10-30 10:50:00+05:30,2025-10-30 13:05:00+05:30,1566.0,1557.553571428571,1581.2035714285714,15.2036,W
S1385,CIPLA,2025-10-30 11:35:00+05:30,0.1317,0.0894,9,5.0,0.4917,83.33,-1.0,0,1.4331,0.0,1,0,0,0,1,2,2025-10-30 11:40:00+05:30,2025-10-30 11:45:00+05:30,2025-10-30 13:10:00+05:30,1569.9,1562.4,1583.4,13.5,W
S1386,CIPLA,2025-10-30 12:50:00+05:30,0.0162,0.098,13,3.0,1.7927,33.7,-0.4762,0,2.1336,0.0,1,0,1,0,1,2,2025-10-30 12:55:00+05:30,2025-10-30 13:00:00+05:30,2025-10-30 13:05:00+05:30,1570.8,1564.942857142857,1581.3428571428572,10.5429,W
S1387,CIPLA,2025-10-30 13:05:00+05:30,0.0321,0.0162,0,,0.5268,74.07,0.4439,0,3.5951,,0,0,1,1,0,1,2025-10-30 13:05:00+05:30,2025-10-30 13:10:00+05:30,2025-10-30 13:20:00+05:30,1581.9,1573.025,1597.875,-8.875,L
S1388,CIPLA,2025-10-30 13:20:00+05:30,0.1418,0.0321,2,2.0,0.4906,58.06,0.2245,0,1.9283,,0,1,0,1,0,1,2025-10-30 13:20:00+05:30,2025-10-30 13:25:00+05:30,2025-10-30 13:45:00+05:30,1574.0,1559.017857142857,1600.967857142857,-14.9821,L
S1389,CIPLA,2025-10-30 13:30:00+05:30,0.1347,0.1307,1,1.0,0.0451,68.42,1.7586,0,0.2995,,0,1,1,1,0,1,2025-10-30 13:30:00+05:30,2025-10-30 13:35:00+05:30,2025-10-30 13:45:00+05:30,1574.3,1558.2285714285715,1603.2285714285713,-16.0714,L
S1390,CIPLA,2025-10-31 10:55:00+05:30,-0.4238,-0.5298,0,,0.3845,33.33,-0.8473,0,1.3185,1.0,3,0,0,0,3,4,2025-10-31 11:10:00+05:30,2025-10-31 11:15:00+05:30,2025-10-31 12:35:00+05:30,1510.0,1501.482142857143,1525.3321428571428,-8.5179,L
S1391,CIPLA,2025-10-31 11:20:00+05:30,-0.0974,-0.2797,0,,0.6759,22.86,-0.1964,0,1.0169,,0,0,1,1,0,1,2025-10-31 11:20:00+05:30,2025-10-31 11:25:00+05:30,2025-10-31 12:35:00+05:30,1510.3,1502.0142857142855,1525.2142857142858,-8.2857,L
S1392,CIPLA,2025-10-31 11:45:00+05:30,-0.0308,-0.0245,3,3.0,0.5189,40.0,-0.2,0,0.3974,1.0,1,1,1,0,1,2,2025-10-31 11:50:00+05:30,2025-10-31 11:55:00+05:30,2025-10-31 12:35:00+05:30,1509.9,1503.275,1521.825,-6.625,L
S1393,CIPLA,2025-10-31 12:55:00+05:30,-0.0833,-0.0925,0,,1.4304,45.45,-1.0,0,1.1888,1.0,3,0,1,0,3,4,2025-10-31 13:10:00+05:30,2025-10-31 13:15:00+05:30,2025-10-31 15:00:00+05:30,1507.3,1501.9607142857142,1516.9107142857142,-5.3393,L
S1394,CIPLA,2025-10-31 13:30:00+05:30,-0.0505,-0.0793,2,2.0,0.0514,85.71,0.9048,0,0.3996,,0,1,0,1,0,1,2025-10-31 13:30:00+05:30,2025-10-31 13:35:00+05:30,2025-10-31 15:00:00+05:30,1506.5,1501.392857142857,1515.6928571428573,-5.1071,L
S1395,CIPLA,2025-10-31 13:40:00+05:30,-0.0475,-0.0597,1,1.0,0.3901,14.29,0.2766,0,0.525,,0,1,0,1,0,1,2025-10-31 13:40:00+05:30,2025-10-31 13:45:00+05:30,2025-10-31 15:00:00+05:30,1506.4,1501.882142857143,1514.532142857143,-4.5179,L
S1396,CIPLA,2025-10-31 14:25:00+05:30,0.0418,0.0166,7,2.0,0.2967,82.35,-1.0,0,0.975,1.0,1,0,1,0,1,2,2025-10-31 14:30:00+05:30,2025-10-31 14:35:00+05:30,2025-10-31 14:50:00+05:30,1506.5,1503.2142857142856,1512.4142857142858,-3.2857,L
S1397,CIPLA,2025-11-03 09:15:00+05:30,,,0,,4.8222,43.07,-0.5197,0,0.4466,0.0,2,1,1,0,2,3,2025-11-03 09:25:00+05:30,2025-11-03 09:30:00+05:30,2025-11-03 15:00:00+05:30,1505.9,1498.6678571428572,1518.9178571428572,5.8,EOD+
S1398,CIPLA,2025-11-03 09:35:00+05:30,,,0,,0.5373,37.5,-0.4495,0,0.3283,1.0,1,1,0,0,1,2,2025-11-03 09:40:00+05:30,2025-11-03 09:45:00+05:30,2025-11-03 15:00:00+05:30,1504.7,1494.557142857143,1522.957142857143,7.0,EOD+
S1399,CIPLA,2025-11-03 09:50:00+05:30,-0.0595,,0,,0.2242,55.0,-0.2857,0,0.1709,,0,0,0,1,0,1,2025-11-03 09:50:00+05:30,2025-11-03 09:55:00+05:30,2025-11-03 15:00:00+05:30,1503.8,1492.8714285714284,1523.4714285714288,7.9,EOD+
S1400,CIPLA,2025-11-03 10:05:00+05:30,-0.0776,-0.0595,0,,0.4857,36.84,-0.9076,0,0.3031,1.0,3,1,0,0,3,4,2025-11-03 10:20:00+05:30,2025-11-03 10:25:00+05:30,2025-11-03 15:00:00+05:30,1504.0,1492.857142857143,1524.057142857143,7.7,EOD+
S1401,CIPLA,2025-11-03 10:50:00+05:30,0.0529,0.0246,4,3.0,0.3167,43.75,0.0526,0,0.5987,,0,0,0,1,0,1,2025-11-03 10:50:00+05:30,2025-11-03 10:55:00+05:30,2025-11-03 14:50:00+05:30,1503.5,1497.5,1514.3000000000002,10.8,W
S1402,CIPLA,2025-11-03 11:00:00+05:30,0.0569,0.0559,0,,0.2326,15.79,0.1009,0,0.6835,,0,1,0,1,0,1,2025-11-03 11:00:00+05:30,2025-11-03 11:05:00+05:30,2025-11-03 14:50:00+05:30,1503.6,1497.742857142857,1514.142857142857,10.5429,W
S1403,CIPLA,2025-11-03 11:10:00+05:30,0.0279,0.0655,0,,0.156,7.84,2.1579,0,6.5423,,0,0,0,1,0,1,2025-11-03 11:10:00+05:30,2025-11-03 11:15:00+05:30,2025-11-03 15:00:00+05:30,1504.3,1498.2107142857142,1515.2607142857144,7.4,EOD+
S1404,CIPLA,2025-11-03 11:20:00+05:30,0.009,0.0349,1,1.0,0.1965,22.86,1.9126,0,6.3019,,0,0,0,1,0,1,2025-11-03 11:20:00+05:30,2025-11-03 11:25:00+05:30,2025-11-03 15:00:00+05:30,1503.9,1497.3464285714288,1515.696428571429,7.8,EOD+
S1405,CIPLA,2025-11-03 12:05:00+05:30,0.0635,0.0754,8,7.0,1.3331,16.67,0.0345,0,2.3445,,0,0,0,1,0,1,2025-11-03 12:05:00+05:30,2025-11-03 12:10:00+05:30,2025-11-03 15:00:00+05:30,1505.7,1499.7178571428572,1516.4678571428572,6.0,EOD+
S1406,CIPLA,2025-11-03 13:05:00+05:30,0.0743,0.0747,11,3.0,0.2786,10.0,1.2764,0,1.4963,,0,1,0,1,0,1,2025-11-03 13:05:00+05:30,2025-11-03 13:10:00+05:30,2025-11-03 15:00:00+05:30,1508.0,1502.482142857143,1517.9321428571427,3.7,EOD+
S1407,CIPLA,2025-11-03 13:20:00+05:30,0.0435,0.0743,2,1.0,0.0144,7.14,19.0,0,1.0479,,0,0,0,1,0,1,2025-11-03 13:20:00+05:30,2025-11-03 13:25:00+05:30,2025-11-03 15:00:00+05:30,1508.0,1502.7857142857142,1517.385714285714,3.7,EOD+
S1408,CIPLA,2025-11-03 13:45:00+05:30,0.052,0.0428,4,3.0,0.1239,71.43,-0.0698,0,0.5257,1.0,1,1,0,0,1,2,2025-11-03 13:50:00+05:30,2025-11-03 13:55:00+05:30,2025-11-03 15:00:00+05:30,1509.4,1505.0607142857143,1517.2107142857144,2.3,EOD+
S1409,CIPLA,2025-11-03 14:10:00+05:30,0.0255,0.0517,0,,0.3733,55.56,-0.5,0,0.8249,1.0,3,0,0,0,3,4,2025-11-03 14:25:00+05:30,2025-11-03 14:30:00+05:30,2025-11-03 15:00:00+05:30,1508.9,1504.8821428571428,1516.1321428571432,2.8,EOD+
S1410,CIPLA,2025-11-04 12:00:00+05:30,-0.0962,-0.1315,0,,1.5591,28.57,-0.666,0,0.6562,0.0,3,0,1,0,3,4,2025-11-04 12:15:00+05:30,2025-11-04 12:20:00+05:30,2025-11-04 15:00:00+05:30,1502.0,1497.678571428571,1509.7785714285717,-0.5,EOD-
S1411,CIPLA,2025-11-04 13:35:00+05:30,0.0459,0.0556,15,5.0,0.2523,25.93,1.2535,0,1.8468,,0,0,0,1,0,1,2025-11-04 13:35:00+05:30,2025-11-04 13:40:00+05:30,2025-11-04 15:00:00+05:30,1503.7,1500.182142857143,1510.0321428571428,-2.2,EOD-
S1412,CIPLA,2025-11-04 13:50:00+05:30,0.0426,0.0459,2,2.0,1.0713,60.0,-1.0,0,1.4589,1.0,2,0,0,0,2,3,2025-11-04 14:00:00+05:30,2025-11-04 14:05:00+05:30,2025-11-04 15:00:00+05:30,1503.0,1499.767857142857,1508.8178571428573,-1.5,EOD-
S1413,CIPLA,2025-11-06 09:15:00+05:30,,,0,,0.1635,30.68,15.875,0,2.3715,,0,1,0,1,0,1,2025-11-06 09:15:00+05:30,2025-11-06 09:20:00+05:30,2025-11-06 10:10:00+05:30,1508.5,1503.607142857143,1517.3071428571427,-4.8929,L
S1414,CIPLA,2025-11-06 10:35:00+05:30,0.0196,0.0515,0,,0.996,51.35,-0.965,0,0.4002,0.0,3,0,1,0,3,4,2025-11-06 10:50:00+05:30,2025-11-06 10:55:00+05:30,2025-11-06 11:55:00+05:30,1506.2,1499.0214285714287,1519.1214285714286,-7.1786,L
S1415,CIPLA,2025-11-06 11:15:00+05:30,0.0083,0.0123,3,3.0,0.0702,50.0,0.5,0,3.9603,,0,0,0,1,0,1,2025-11-06 11:15:00+05:30,2025-11-06 11:20:00+05:30,2025-11-06 11:55:00+05:30,1506.4,1499.275,1519.225,-7.125,L
S1416,CIPLA,2025-11-06 11:25:00+05:30,0.0292,0.0156,0,,0.1236,3.03,4.1948,0,1.254,,0,0,1,1,0,1,2025-11-06 11:25:00+05:30,2025-11-06 11:30:00+05:30,2025-11-06 11:55:00+05:30,1508.0,1500.2142857142858,1522.0142857142855,-7.7857,L
S1417,CIPLA,2025-11-06 11:35:00+05:30,0.0053,0.0212,1,1.0,0.208,48.15,0.2698,0,0.6203,,0,0,1,1,0,1,2025-11-06 11:35:00+05:30,2025-11-06 11:40:00+05:30,2025-11-06 11:55:00+05:30,1506.3,1498.7285714285713,1519.928571428571,-7.5714,L
S1418,CIPLA,2025-11-06 12:40:00+05:30,-0.0984,-0.0419,0,,1.7761,10.0,-0.9755,0,0.6357,1.0,3,1,0,0,3,4,2025-11-06 12:55:00+05:30,2025-11-06 13:00:00+05:30,2025-11-06 15:00:00+05:30,1503.6,1497.85,1513.9499999999998,-0.5,EOD-
S1419,CIPLA,2025-11-06 13:15:00+05:30,-0.0542,-0.1095,3,2.0,0.1269,50.0,0.0714,0,0.4997,,0,0,1,1,0,1,2025-11-06 13:15:00+05:30,2025-11-06 13:20:00+05:30,2025-11-06 15:00:00+05:30,1502.3,1496.7821428571428,1512.232142857143,0.8,EOD+
S1420,CIPLA,2025-11-07 09:15:00+05:30,,,0,,1.5296,19.28,-0.0315,0,0.7151,,0,0,0,1,0,1,2025-11-07 09:15:00+05:30,2025-11-07 09:20:00+05:30,2025-11-07 09:40:00+05:30,1499.4,1492.65,1511.55,-6.75,L
S1421,CIPLA,2025-11-07 10:20:00+05:30,-0.0664,-0.038,0,,0.6568,0.0,-0.9123,0,0.6254,1.0,3,0,0,0,3,4,2025-11-07 10:35:00+05:30,2025-11-07 10:40:00+05:30,2025-11-07 15:00:00+05:30,1500.0,1491.3214285714284,1515.6214285714286,0.1,EOD+
S1422,CIPLA,2025-11-07 11:55:00+05:30,0.1332,0.1553,15,4.0,0.5011,60.71,0.005,0,1.7421,,0,0,1,1,0,1,2025-11-07 11:55:00+05:30,2025-11-07 12:00:00+05:30,2025-11-07 15:00:00+05:30,1501.9,1496.9357142857143,1510.8357142857144,-1.8,EOD-
S1423,CIPLA,2025-11-07 12:05:00+05:30,0.1082,0.1438,0,,1.2678,14.29,-0.2479,0,4.4749,1.0,2,0,0,0,2,3,2025-11-07 12:15:00+05:30,2025-11-07 12:20:00+05:30,2025-11-07 13:05:00+05:30,1504.8,1499.0321428571428,1515.1821428571427,-5.7679,L
S1424,CIPLA,2025-11-07 12:25:00+05:30,0.0539,0.0928,1,1.0,0.9655,51.35,-0.4615,0,0.2581,1.0,1,0,1,0,1,2,2025-11-07 12:30:00+05:30,2025-11-07 12:35:00+05:30,2025-11-07 15:00:00+05:30,1503.8,1497.067857142857,1515.9178571428572,-3.7,EOD-
S1425,CIPLA,2025-11-07 13:10:00+05:30,-0.0619,0.018,0,,1.3827,36.36,-0.6671,0,0.3842,0.0,3,0,1,0,3,4,2025-11-07 13:25:00+05:30,2025-11-07 13:30:00+05:30,2025-11-07 15:00:00+05:30,1502.3,1495.7821428571428,1514.0321428571428,-2.2,EOD-
S1426,CIPLA,2025-11-07 14:00:00+05:30,-0.001,-0.0117,5,2.0,0.6624,18.18,0.5721,0,2.4116,,0,0,0,1,0,1,2025-11-07 14:00:00+05:30,2025-11-07 14:05:00+05:30,2025-11-07 15:00:00+05:30,1502.3,1497.9785714285715,1510.0785714285714,-2.2,EOD-
S1427,CIPLA,2025-11-10 09:15:00+05:30,,,0,,0.0562,65.56,-1.0,0,0.7971,0.0,1,0,0,0,1,2,2025-11-10 09:20:00+05:30,2025-11-10 09:25:00+05:30,2025-11-10 15:00:00+05:30,1506.2,1499.9678571428572,1517.4178571428572,5.9,EOD+
S1428,CIPLA,2025-11-10 10:10:00+05:30,0.0909,0.0946,9,5.0,0.1893,17.65,3.8276,0,0.3061,,0,0,0,1,0,1,2025-11-10 10:10:00+05:30,2025-11-10 10:15:00+05:30,2025-11-10 15:00:00+05:30,1509.4,1501.7392857142856,1523.189285714286,2.7,EOD+
S1429,CIPLA,2025-11-10 11:05:00+05:30,-0.0162,-0.0129,0,,0.5872,13.04,-1.0,0,1.5534,1.0,3,0,0,0,3,4,2025-11-10 11:20:00+05:30,2025-11-10 11:25:00+05:30,2025-11-10 15:00:00+05:30,1508.0,1503.125,1516.775,4.1,EOD+
S1430,CIPLA,2025-11-10 11:30:00+05:30,-0.0289,-0.0023,0,,0.4772,32.26,-0.5604,0,2.671,,0,0,0,1,0,1,2025-11-10 11:30:00+05:30,2025-11-10 11:35:00+05:30,2025-11-10 14:05:00+05:30,1508.1,1503.3321428571428,1516.6821428571427,8.5821,W
S1431,CIPLA,2025-11-10 11:55:00+05:30,-0.0282,-0.0345,4,2.0,0.0436,6.67,6.0588,0,0.97,,0,0,0,1,0,1,2025-11-10 11:55:00+05:30,2025-11-10 12:00:00+05:30,2025-11-10 14:05:00+05:30,1507.8,1502.925,1516.575,8.775,W
S1432,CIPLA,2025-11-10 12:15:00+05:30,0.005,-0.0176,3,1.0,0.0543,21.43,11.0,0,11.6858,,0,1,0,1,0,1,2025-11-10 12:15:00+05:30,2025-11-10 12:20:00+05:30,2025-11-10 15:00:00+05:30,1509.5,1504.892857142857,1517.7928571428572,2.6,EOD+
S1433,CIPLA,2025-11-10 13:45:00+05:30,0.0843,0.0721,17,12.0,0.0565,51.85,4.2174,0,1.176,,0,1,0,1,0,1,2025-11-10 13:45:00+05:30,2025-11-10 13:50:00+05:30,2025-11-10 15:00:00+05:30,1512.7,1507.6107142857145,1521.8607142857145,-0.6,EOD-
S1434,CIPLA,2025-11-10 13:55:00+05:30,0.076,0.0814,0,,0.28,25.0,-1.0,0,3.527,1.0,2,1,0,0,2,3,2025-11-10 14:05:00+05:30,2025-11-10 14:10:00+05:30,2025-11-10 15:00:00+05:30,1515.1,1510.992857142857,1522.492857142857,-3.0,EOD-
S1435,CIPLA,2025-11-11 09:40:00+05:30,-0.0774,,0,,1.0437,13.33,-0.6692,0,0.3027,1.0,3,0,1,0,3,4,2025-11-11 09:55:00+05:30,2025-11-11 10:00:00+05:30,2025-11-11 15:00:00+05:30,1511.5,1503.5357142857142,1525.8357142857144,2.9,EOD+
S1436,CIPLA,2025-11-11 10:50:00+05:30,0.0605,0.0711,10,8.0,0.3006,28.57,1.0,0,0.7313,,0,0,1,1,0,1,2025-11-11 10:50:00+05:30,2025-11-11 10:55:00+05:30,2025-11-11 15:00:00+05:30,1512.6,1506.7785714285712,1523.0785714285714,1.8,EOD+
S1437,CIPLA,2025-11-11 11:30:00+05:30,0.0829,0.0846,0,,0.8813,27.27,-1.0,0,1.1308,0.0,3,0,1,0,3,4,2025-11-11 11:45:00+05:30,2025-11-11 11:50:00+05:30,2025-11-11 13:25:00+05:30,1514.5,1510.5,1521.7,-4.0,L
S1438,CIPLA,2025-11-11 12:00:00+05:30,-0.0175,0.041,2,2.0,0.2446,66.67,0.3793,0,0.3609,,0,0,1,1,0,1,2025-11-11 12:00:00+05:30,2025-11-11 12:05:00+05:30,2025-11-11 13:15:00+05:30,1515.2,1510.7535714285714,1523.2035714285714,-4.4464,L
S1439,CIPLA,2025-11-11 14:00:00+05:30,-0.0707,-0.0743,0,,1.2672,27.78,-0.7869,0,2.4553,1.0,3,1,0,0,3,4,2025-11-11 14:15:00+05:30,2025-11-11 14:20:00+05:30,2025-11-11 15:00:00+05:30,1514.2,1508.6464285714285,1524.196428571429,0.2,EOD+
S1440,CIPLA,2025-11-12 09:40:00+05:30,0.1102,,5,3.0,0.0586,70.97,0.7647,0,1.1627,,0,0,0,1,0,1,2025-11-12 09:40:00+05:30,2025-11-12 09:45:00+05:30,2025-11-12 15:00:00+05:30,1517.7,1510.45,1530.75,1.9,EOD+
S1441,CIPLA,2025-11-12 11:50:00+05:30,0.0932,0.1008,25,14.0,0.1694,42.86,0.3333,0,0.5896,,0,0,1,1,0,1,2025-11-12 11:50:00+05:30,2025-11-12 11:55:00+05:30,2025-11-12 12:50:00+05:30,1523.3,1519.9785714285713,1529.2785714285717,-3.3214,L
S1442,CIPLA,2025-11-12 12:00:00+05:30,0.0679,0.1001,0,,1.3544,28.57,-0.2661,0,2.4485,,0,0,0,1,0,1,2025-11-12 12:00:00+05:30,2025-11-12 12:05:00+05:30,2025-11-12 12:30:00+05:30,1523.6,1520.5821428571428,1529.0321428571428,-3.0179,L
S1443,CIPLA,2025-11-12 12:10:00+05:30,0.0358,0.085,0,,0.4585,92.86,-1.0,0,0.6866,,0,0,1,1,0,1,2025-11-12 12:10:00+05:30,2025-11-12 12:15:00+05:30,2025-11-12 12:30:00+05:30,1524.3,1521.2464285714284,1529.7964285714286,-3.0536,L
S1444,CIPLA,2025-11-13 09:35:00+05:30,,,4,4.0,1.1449,90.0,-1.0,0,0.3302,0.0,3,0,1,0,3,4,2025-11-13 09:50:00+05:30,2025-11-13 09:55:00+05:30,2025-11-13 11:40:00+05:30,1519.0,1512.6785714285716,1530.3785714285714,11.3786,W
S1445,CIPLA,2025-11-13 10:00:00+05:30,0.0276,0.0089,0,,0.1501,34.78,2.1325,0,0.3509,,0,0,1,1,0,1,2025-11-13 10:00:00+05:30,2025-11-13 10:05:00+05:30,2025-11-13 11:40:00+05:30,1520.0,1513.0892857142858,1532.4392857142857,12.4393,W
S1446,CIPLA,2025-11-13 10:10:00+05:30,0.0471,0.0056,0,,0.0034,16.67,99.0,0,0.4383,,0,0,1,1,0,1,2025-11-13 10:10:00+05:30,2025-11-13 10:15:00+05:30,2025-11-13 11:55:00+05:30,1520.6,1513.3321428571428,1533.6821428571427,13.0821,W
S1447,CIPLA,2025-11-13 10:20:00+05:30,0.0336,0.0418,0,,0.2619,33.33,-0.2453,0,0.9672,,0,0,0,1,0,1,2025-11-13 10:20:00+05:30,2025-11-13 10:25:00+05:30,2025-11-13 11:55:00+05:30,1520.3,1512.7107142857142,1533.9607142857142,13.6607,W
S1448,CIPLA,2025-11-13 10:35:00+05:30,0.023,0.0336,1,1.0,0.0619,43.75,-0.375,0,0.7908,1.0,2,0,1,0,2,3,2025-11-13 10:45:00+05:30,2025-11-13 10:50:00+05:30,2025-11-13 11:40:00+05:30,1519.3,1512.8357142857142,1530.9357142857143,11.6357,W
S1449,CIPLA,2025-11-13 10:55:00+05:30,0.0,0.0184,0,,0.1055,20.0,1.2727,0,0.9608,,0,0,1,1,0,1,2025-11-13 10:55:00+05:30,2025-11-13 11:00:00+05:30,2025-11-13 11:40:00+05:30,1520.3,1515.0857142857142,1529.6857142857143,9.3857,W
S1450,CIPLA,2025-11-13 11:10:00+05:30,-0.0105,0.0,1,1.0,0.5295,82.86,-0.485,0,3.5066,1.0,1,0,0,0,1,2,2025-11-13 11:15:00+05:30,2025-11-13 11:20:00+05:30,2025-11-13 11:40:00+05:30,1522.0,1516.5,1531.9,9.9,W
S1451,CIPLA,2025-11-13 13:20:00+05:30,0.034,0.0779,0,,1.026,33.33,-0.6262,0,1.095,1.0,3,0,0,0,3,4,2025-11-13 13:35:00+05:30,2025-11-13 13:40:00+05:30,2025-11-13 14:10:00+05:30,1529.2,1523.9857142857145,1538.5857142857142,-5.2143,L
S1452,CIPLA,2025-11-13 13:55:00+05:30,-0.02,-0.0478,3,3.0,0.2373,4.76,3.557,0,2.7372,,0,0,0,1,0,1,2025-11-13 13:55:00+05:30,2025-11-13 14:00:00+05:30,2025-11-13 14:00:00+05:30,1529.1,1524.9392857142857,1536.5892857142856,-4.1607,L
S1453,CIPLA,2025-11-14 09:15:00+05:30,,,0,,1.3149,3.75,0.4101,0,1.7413,,0,1,0,1,0,1,2025-11-14 09:15:00+05:30,2025-11-14 09:20:00+05:30,2025-11-14 15:00:00+05:30,1527.5,1520.892857142857,1539.392857142857,0.4,EOD+
S1454,CIPLA,2025-11-14 09:25:00+05:30,,,0,,0.1768,95.24,-0.6,0,0.5175,,0,1,1,1,0,1,2025-11-14 09:25:00+05:30,2025-11-14 09:30:00+05:30,2025-11-14 15:00:00+05:30,1529.7,1522.6285714285714,1542.4285714285716,-1.8,EOD-
S1455,CIPLA,2025-11-14 10:00:00+05:30,0.1135,0.1388,6,3.0,0.1265,66.67,1.5,0,0.6618,,0,0,0,1,0,1,2025-11-14 10:00:00+05:30,2025-11-14 10:05:00+05:30,2025-11-14 15:00:00+05:30,1528.8,1520.1035714285713,1544.4535714285714,-0.9,EOD-
S1456,CIPLA,2025-11-14 10:10:00+05:30,0.068,0.1345,1,1.0,0.1033,93.75,-0.7183,0,0.3841,1.0,1,0,0,0,1,2,2025-11-14 10:15:00+05:30,2025-11-14 10:20:00+05:30,2025-11-14 15:00:00+05:30,1528.9,1520.3107142857143,1544.3607142857145,-1.0,EOD-
S1457,CIPLA,2025-11-14 10:25:00+05:30,0.0507,0.068,1,1.0,0.3552,50.0,-0.6059,0,0.4747,1.0,1,0,0,0,1,2,2025-11-14 10:30:00+05:30,2025-11-14 10:35:00+05:30,2025-11-14 15:00:00+05:30,1529.7,1522.557142857143,1542.557142857143,-1.8,EOD-
S1458,CIPLA,2025-11-14 10:40:00+05:30,0.0549,0.0507,0,,1.4284,12.12,-0.3182,0,1.0107,1.0,2,0,0,0,2,3,2025-11-14 10:50:00+05:30,2025-11-14 10:55:00+05:30,2025-11-14 12:30:00+05:30,1531.9,1525.739285714286,1542.989285714286,-6.1607,L
S1459,CIPLA,2025-11-14 11:25:00+05:30,-0.0091,0.0532,6,3.0,0.0695,11.76,7.1481,0,0.5273,,0,1,1,1,0,1,2025-11-14 11:25:00+05:30,2025-11-14 11:30:00+05:30,2025-11-14 11:55:00+05:30,1531.8,1526.942857142857,1540.542857142857,-4.8571,L
S1460,CIPLA,2025-11-14 11:35:00+05:30,-0.015,0.017,0,,0.4069,0.0,0.4286,0,1.0735,,0,0,1,1,0,1,2025-11-14 11:35:00+05:30,2025-11-14 11:40:00+05:30,2025-11-14 12:30:00+05:30,1530.7,1525.5392857142858,1539.989285714286,-5.1607,L
S1461,CIPLA,2025-11-14 13:00:00+05:30,-0.0919,-0.0801,0,,1.4,80.0,-0.9539,0,0.427,0.0,3,0,1,0,3,4,2025-11-14 13:15:00+05:30,2025-11-14 13:20:00+05:30,2025-11-14 15:00:00+05:30,1527.7,1523.825,1534.675,0.2,EOD+
S1462,CIPLA,2025-11-14 13:25:00+05:30,-0.0344,-0.0808,0,,0.4124,100.0,-1.0,0,0.8542,,0,0,0,1,0,1,2025-11-14 13:25:00+05:30,2025-11-14 13:30:00+05:30,2025-11-14 13:50:00+05:30,1529.4,1526.0964285714288,1535.3464285714283,-3.3036,L
S1463,CIPLA,2025-11-14 13:45:00+05:30,-0.0013,-0.019,3,3.0,0.4928,27.27,0.1215,0,3.3787,,0,0,0,1,0,1,2025-11-14 13:45:00+05:30,2025-11-14 13:50:00+05:30,2025-11-14 15:00:00+05:30,1527.6,1524.885714285714,1532.485714285714,0.3,EOD+
S1464,CIPLA,2025-11-14 13:55:00+05:30,-0.0193,0.0023,0,,1.1785,95.45,-0.9248,0,0.8416,,0,0,0,1,0,1,2025-11-14 13:55:00+05:30,2025-11-14 14:00:00+05:30,2025-11-14 15:00:00+05:30,1528.2,1525.3785714285716,1533.2785714285717,-0.3,EOD-
S1465,CIPLA,2025-11-14 14:30:00+05:30,0.0461,0.0098,6,4.0,0.7979,8.7,0.9091,0,3.8979,,0,0,0,1,0,1,2025-11-14 14:30:00+05:30,2025-11-14 14:35:00+05:30,2025-11-14 15:00:00+05:30,1529.2,1525.7535714285714,1535.4035714285717,-1.3,EOD-
S1466,CIPLA,2025-11-17 09:15:00+05:30,,,0,,0.6569,64.36,0.6119,0,1.5868,,0,0,0,1,0,1,2025-11-17 09:15:00+05:30,2025-11-17 09:20:00+05:30,2025-11-17 15:00:00+05:30,1531.0,1524.625,1542.475,4.1,EOD+
S1467,CIPLA,2025-11-17 09:30:00+05:30,,,1,1.0,0.4082,64.86,-0.3388,0,0.1508,0.0,1,0,1,0,1,2,2025-11-17 09:35:00+05:30,2025-11-17 09:40:00+05:30,2025-11-17 15:00:00+05:30,1531.3,1523.8892857142855,1544.6392857142855,3.8,EOD+
S1468,CIPLA,2025-11-17 09:50:00+05:30,0.0062,,0,,1.0168,83.87,-1.0,0,0.4848,1.0,3,1,0,0,3,4,2025-11-17 10:05:00+05:30,2025-11-17 10:10:00+05:30,2025-11-17 15:00:00+05:30,1530.9,1522.4178571428572,1546.1678571428572,4.2,EOD+
S1469,CIPLA,2025-11-17 10:15:00+05:30,0.0189,-0.0114,0,,0.0414,36.36,1.8571,0,0.3943,,0,0,0,1,0,1,2025-11-17 10:15:00+05:30,2025-11-17 10:20:00+05:30,2025-11-17 15:00:00+05:30,1531.8,1523.3357142857142,1547.0357142857142,3.3,EOD+
S1470,CIPLA,2025-11-17 11:20:00+05:30,-0.0216,-0.035,0,,1.6599,40.91,-0.7509,0,3.7013,1.0,3,0,1,0,3,4,2025-11-17 11:35:00+05:30,2025-11-17 11:40:00+05:30,2025-11-17 15:00:00+05:30,1533.5,1529.267857142857,1541.1178571428577,1.6,EOD+
S1471,CIPLA,2025-11-17 13:25:00+05:30,0.0567,0.1042,21,10.0,0.0901,0.0,-1.0,0,2.3285,1.0,2,0,0,0,2,3,2025-11-17 13:35:00+05:30,2025-11-17 13:40:00+05:30,2025-11-17 15:00:00+05:30,1535.2,1533.3964285714285,1538.446428571429,-0.1,EOD-
S1472,CIPLA,2025-11-17 13:45:00+05:30,0.0169,0.0349,0,,0.4493,75.0,-1.0,0,3.2702,1.0,3,0,1,0,3,4,2025-11-17 14:00:00+05:30,2025-11-17 14:05:00+05:30,2025-11-17 15:00:00+05:30,1535.4,1534.2035714285716,1537.5535714285716,-0.3,EOD-
S1473,CIPLA,2025-11-17 14:10:00+05:30,0.0036,0.0085,0,,0.0942,42.86,4.7143,0,0.6452,,0,0,1,1,0,1,2025-11-17 14:10:00+05:30,2025-11-17 14:15:00+05:30,2025-11-17 15:00:00+05:30,1535.5,1533.642857142857,1538.842857142857,-0.4,EOD-
S1474,CIPLA,2025-11-17 14:20:00+05:30,-0.0049,0.0026,0,,0.7683,7.69,-0.2593,0,1.2058,0.0,1,0,0,0,1,2,2025-11-17 14:25:00+05:30,2025-11-17 14:30:00+05:30,2025-11-17 15:00:00+05:30,1535.1,1532.9035714285717,1539.053571428571,0.0,EOD-
S1475,CIPLA,2025-11-18 10:45:00+05:30,-0.2184,-0.2011,0,,1.66,66.67,-0.8623,0,0.7824,1.0,3,0,1,0,3,4,2025-11-18 11:00:00+05:30,2025-11-18 11:05:00+05:30,2025-11-18 12:50:00+05:30,1524.1,1519.725,1531.975,-4.375,L
S1476,CIPLA,2025-11-18 13:20:00+05:30,-0.1037,-0.1066,0,,2.1504,88.89,-1.0,0,0.3228,0.0,3,0,1,0,3,4,2025-11-18 13:35:00+05:30,2025-11-18 13:40:00+05:30,2025-11-18 14:55:00+05:30,1523.0,1518.7857142857142,1530.5857142857144,-4.2143,L
S1477,CIPLA,2025-11-18 14:25:00+05:30,0.0266,-0.0145,8,4.0,0.2186,41.94,1.6966,0,1.1152,,0,0,0,1,0,1,2025-11-18 14:25:00+05:30,2025-11-18 14:30:00+05:30,2025-11-18 14:55:00+05:30,1523.2,1518.1107142857145,1532.3607142857145,-5.0893,L
S1478,CIPLA,2025-11-19 10:20:00+05:30,-0.1685,-0.2278,0,,0.582,40.0,-0.6622,0,0.4218,1.0,3,0,1,0,3,4,2025-11-19 10:35:00+05:30,2025-11-19 10:40:00+05:30,2025-11-19 11:50:00+05:30,1509.9,1503.5428571428572,1521.3428571428574,11.4429,W
S1479,CIPLA,2025-11-19 13:30:00+05:30,0.1236,0.1634,0,,0.7487,18.75,-0.7,0,1.0279,0.0,3,0,0,0,3,4,2025-11-19 13:45:00+05:30,2025-11-19 13:50:00+05:30,2025-11-19 15:00:00+05:30,1525.8,1522.4607142857142,1531.8107142857143,2.3,EOD+
S1480,CIPLA,2025-11-20 09:55:00+05:30,-0.0806,-0.0645,0,,1.2381,95.65,-1.0,0,0.2937,0.0,3,0,0,0,3,4,2025-11-20 10:10:00+05:30,2025-11-20 10:15:00+05:30,2025-11-20 15:00:00+05:30,1525.3,1517.6571428571428,1539.0571428571425,1.9,EOD+
S1481,CIPLA,2025-11-20 10:20:00+05:30,-0.0728,-0.078,0,,0.5706,44.44,-0.4627,0,0.482,1.0,1,0,0,0,1,2,2025-11-20 10:25:00+05:30,2025-11-20 10:30:00+05:30,2025-11-20 15:00:00+05:30,1525.6,1518.2607142857144,1538.810714285714,1.6,EOD+
S1482,CIPLA,2025-11-20 10:40:00+05:30,-0.0436,-0.0679,2,1.0,0.052,14.29,11.5,0,1.9663,,0,1,0,1,0,1,2025-11-20 10:40:00+05:30,2025-11-20 10:45:00+05:30,2025-11-20 15:00:00+05:30,1525.8,1520.0321428571428,1536.1821428571427,1.4,EOD+
S1483,CIPLA,2025-11-20 12:40:00+05:30,0.1015,0.1228,23,8.0,0.0036,12.5,119.0,0,0.7629,,0,1,1,1,0,1,2025-11-20 12:40:00+05:30,2025-11-20 12:45:00+05:30,2025-11-20 12:55:00+05:30,1533.0,1529.5,1539.3000000000002,-3.5,L
S1484,CIPLA,2025-11-20 13:50:00+05:30,-0.0389,-0.0333,0,,2.4264,19.05,-0.7271,0,0.4655,0.0,3,1,1,0,3,4,2025-11-20 14:05:00+05:30,2025-11-20 14:10:00+05:30,2025-11-20 14:30:00+05:30,1530.8,1528.1571428571428,1535.557142857143,-2.6429,L
S1485,CIPLA,2025-11-20 14:15:00+05:30,-0.0418,-0.0474,0,,0.2774,31.58,0.2308,0,1.6582,,0,1,0,1,0,1,2025-11-20 14:15:00+05:30,2025-11-20 14:20:00+05:30,2025-11-20 14:30:00+05:30,1531.1,1528.1714285714284,1536.3714285714286,-2.9286,L
S1486,CIPLA,2025-11-21 10:40:00+05:30,-0.1898,-0.1639,0,,1.9337,38.46,-0.889,0,0.8229,1.0,3,0,1,0,3,4,2025-11-21 10:55:00+05:30,2025-11-21 11:00:00+05:30,2025-11-21 14:45:00+05:30,1521.1,1516.4392857142857,1529.4892857142854,-4.6607,L
S1487,CIPLA,2025-11-21 11:25:00+05:30,-0.0138,-0.0665,5,4.0,0.0303,19.23,28.0909,0,1.6852,,0,0,0,1,0,1,2025-11-21 11:25:00+05:30,2025-11-21 11:30:00+05:30,2025-11-21 14:45:00+05:30,1520.8,1516.2642857142855,1528.9642857142856,-4.5357,L
S1488,CIPLA,2025-11-21 11:40:00+05:30,0.0211,-0.0138,2,2.0,1.0225,79.41,-0.7949,0,1.1221,0.0,2,0,1,0,2,3,2025-11-21 11:50:00+05:30,2025-11-21 11:55:00+05:30,2025-11-21 14:45:00+05:30,1520.0,1515.232142857143,1528.582142857143,-4.7679,L
S1489,CIPLA,2025-11-21 12:15:00+05:30,0.0125,0.0234,0,,1.5232,58.33,-0.9211,0,0.4871,1.0,3,0,1,0,3,4,2025-11-21 12:30:00+05:30,2025-11-21 12:35:00+05:30,2025-11-21 14:45:00+05:30,1519.5,1515.3392857142858,1526.989285714286,-4.1607,L
S1490,CIPLA,2025-11-21 14:00:00+05:30,0.0644,0.0539,16,12.0,0.0529,0.0,12.3333,0,1.3925,,0,0,1,1,0,1,2025-11-21 14:00:00+05:30,2025-11-21 14:05:00+05:30,2025-11-21 14:10:00+05:30,1521.9,1519.775,1525.725,-2.125,L
S1491,CIPLA,2025-11-24 09:15:00+05:30,,,0,,3.9124,31.31,-0.4036,0,1.5833,0.0,3,1,1,0,3,4,2025-11-24 09:30:00+05:30,2025-11-24 09:35:00+05:30,2025-11-24 12:30:00+05:30,1515.4,1509.1857142857143,1526.5857142857144,-6.2143,L
S1492,CIPLA,2025-11-24 09:40:00+05:30,-0.1225,,0,,0.1154,19.05,1.4324,0,1.2732,,0,0,1,1,0,1,2025-11-24 09:40:00+05:30,2025-11-24 09:45:00+05:30,2025-11-24 14:05:00+05:30,1514.9,1506.8821428571428,1529.3321428571433,-8.0179,L
S1493,CIPLA,2025-11-24 11:15:00+05:30,0.1319,0.1606,17,12.0,0.3094,57.14,-0.1525,0,0.3754,0.0,1,0,1,0,1,2,2025-11-24 11:20:00+05:30,2025-11-24 11:25:00+05:30,2025-11-24 12:05:00+05:30,1520.8,1516.0321428571428,1529.3821428571428,-4.7679,L
S1494,CIPLA,2025-11-25 09:15:00+05:30,,,0,,1.8667,78.72,-1.0,0,0.2031,,0,1,0,1,0,1,2025-11-25 09:15:00+05:30,2025-11-25 09:20:00+05:30,2025-11-25 11:45:00+05:30,1508.0,1501.678571428571,1519.3785714285714,11.3786,W
S1495,CIPLA,2025-11-25 10:50:00+05:30,0.1692,0.2001,17,8.0,0.1792,5.26,3.2353,0,0.7034,,0,0,1,1,0,1,2025-11-25 10:50:00+05:30,2025-11-25 10:55:00+05:30,2025-11-25 15:00:00+05:30,1514.0,1508.0714285714284,1524.6714285714286,-3.9,EOD-
S1496,CIPLA,2025-11-25 11:00:00+05:30,0.1288,0.1775,0,,1.3489,62.5,-0.8485,0,2.2084,1.0,1,0,0,0,1,2,2025-11-25 11:05:00+05:30,2025-11-25 11:10:00+05:30,2025-11-25 14:55:00+05:30,1515.1,1510.2071428571428,1523.9071428571428,-4.8929,L
S1497,CIPLA,2025-11-25 12:30:00+05:30,0.0857,0.0864,16,5.0,0.2194,92.11,-0.7753,0,0.344,0.0,1,0,1,0,1,2,2025-11-25 12:35:00+05:30,2025-11-25 12:40:00+05:30,2025-11-25 14:30:00+05:30,1518.3,1513.2285714285713,1527.4285714285716,-5.0714,L
S1498,CIPLA,2025-11-26 09:15:00+05:30,,,0,,2.5263,91.43,-1.0,0,0.4761,0.0,2,0,1,0,2,3,2025-11-26 09:25:00+05:30,2025-11-26 09:30:00+05:30,2025-11-26 15:00:00+05:30,1513.1,1505.975,1525.925,7.9,EOD+
S1499,CIPLA,2025-11-26 11:50:00+05:30,-0.0782,-0.0287,0,,1.2727,9.09,-0.7692,0,0.4679,1.0,3,0,1,0,3,4,2025-11-26 12:05:00+05:30,2025-11-26 12:10:00+05:30,2025-11-26 15:00:00+05:30,1514.8,1509.692857142857,1523.992857142857,6.2,EOD+
S1500,CIPLA,2025-11-26 12:25:00+05:30,-0.0135,-0.0687,3,2.0,0.2154,15.79,2.1579,0,0.5626,,0,0,0,1,0,1,2025-11-26 12:25:00+05:30,2025-11-26 12:30:00+05:30,2025-11-26 15:00:00+05:30,1515.0,1510.5892857142858,1522.9392857142857,7.9393,W
S1501,CIPLA,2025-11-27 09:20:00+05:30,,,1,1.0,0.0102,72.09,-1.0,0,0.5026,1.0,1,0,0,0,1,2,2025-11-27 09:25:00+05:30,2025-11-27 09:30:00+05:30,2025-11-27 15:00:00+05:30,1523.3,1517.175,1534.325,1.2,EOD+
S1502,CIPLA,2025-11-27 09:40:00+05:30,0.0604,,1,1.0,0.8828,37.14,-0.1791,0,0.5465,1.0,1,0,0,0,1,2,2025-11-27 09:45:00+05:30,2025-11-27 09:50:00+05:30,2025-11-27 15:00:00+05:30,1524.7,1517.1107142857145,1538.3607142857145,-0.2,EOD-
S1503,CIPLA,2025-11-27 09:55:00+05:30,0.0538,0.0604,0,,0.279,47.62,0.2717,0,0.4189,,0,0,1,1,0,1,2025-11-27 09:55:00+05:30,2025-11-27 10:00:00+05:30,2025-11-27 15:00:00+05:30,1523.6,1515.85,1537.5499999999995,0.9,EOD+
S1504,CIPLA,2025-11-27 10:45:00+05:30,0.0426,0.0656,8,3.0,0.1404,42.31,1.4658,0,2.3102,,0,0,0,1,0,1,2025-11-27 10:45:00+05:30,2025-11-27 10:50:00+05:30,2025-11-27 15:00:00+05:30,1525.9,1519.4,1537.6,-1.4,EOD-
S1505,CIPLA,2025-11-27 11:25:00+05:30,0.09,0.0816,7,4.0,0.5637,56.1,-0.278,0,1.3152,0.0,1,0,1,0,1,2,2025-11-27 11:30:00+05:30,2025-11-27 11:35:00+05:30,2025-11-27 14:50:00+05:30,1528.0,1521.857142857143,1539.0571428571427,-6.1429,L
S1506,CIPLA,2025-11-27 12:25:00+05:30,-0.0275,-0.0308,0,,0.9568,100.0,-1.0,0,0.3021,1.0,3,0,0,0,3,4,2025-11-27 12:40:00+05:30,2025-11-27 12:45:00+05:30,2025-11-27 14:50:00+05:30,1526.3,1521.3357142857144,1535.235714285714,-4.9643,L
S1507,CIPLA,2025-11-27 13:05:00+05:30,-0.0596,-0.0495,0,,0.5908,100.0,-1.0,0,0.4441,1.0,3,0,0,0,3,4,2025-11-27 13:20:00+05:30,2025-11-27 13:25:00+05:30,2025-11-27 14:15:00+05:30,1525.2,1522.682142857143,1529.732142857143,-2.5179,L
S1508,CIPLA,2025-11-27 13:30:00+05:30,-0.018,-0.0567,0,,0.6576,41.67,-0.1935,0,1.1882,,0,0,0,1,0,1,2025-11-27 13:30:00+05:30,2025-11-27 13:35:00+05:30,2025-11-27 14:15:00+05:30,1525.7,1523.3428571428572,1529.9428571428573,-2.3571,L
S1509,CIPLA,2025-11-28 09:15:00+05:30,,,0,,1.3961,16.22,0.2849,0,2.4948,,0,0,0,1,0,1,2025-11-28 09:15:00+05:30,2025-11-28 09:20:00+05:30,2025-11-28 15:00:00+05:30,1526.4,1519.9892857142856,1537.939285714286,4.6,EOD+
S1510,CIPLA,2025-11-28 09:30:00+05:30,,,2,2.0,0.4361,77.08,-0.3233,0,0.4706,,0,1,1,1,0,1,2025-11-28 09:30:00+05:30,2025-11-28 09:35:00+05:30,2025-11-28 15:00:00+05:30,1527.9,1520.275,1541.6250000000002,3.1,EOD+
S1511,CIPLA,2025-11-28 09:40:00+05:30,0.0351,,0,,0.4382,58.33,-0.1419,0,0.8757,,0,0,0,1,0,1,2025-11-28 09:40:00+05:30,2025-11-28 09:45:00+05:30,2025-11-28 15:00:00+05:30,1527.3,1518.6571428571428,1542.857142857143,3.7,EOD+
S1512,CIPLA,2025-11-28 10:20:00+05:30,-0.0016,0.0108,0,,1.1023,46.15,-0.6311,0,0.4951,1.0,3,1,1,0,3,4,2025-11-28 10:35:00+05:30,2025-11-28 10:40:00+05:30,2025-11-28 15:00:00+05:30,1525.1,1516.492857142857,1540.5928571428572,5.9,EOD+
S1513,CIPLA,2025-11-28 10:45:00+05:30,-0.0039,-0.0154,0,,0.3981,9.09,0.256,0,3.2656,,0,0,0,1,0,1,2025-11-28 10:45:00+05:30,2025-11-28 10:50:00+05:30,2025-11-28 15:00:00+05:30,1525.1,1518.6,1536.8,5.9,EOD+
S1514,CIPLA,2025-11-28 12:30:00+05:30,0.0383,0.0518,19,4.0,0.731,0.0,1.0606,0,3.1266,,0,1,0,1,0,1,2025-11-28 12:30:00+05:30,2025-11-28 12:35:00+05:30,2025-11-28 14:30:00+05:30,1527.4,1524.5785714285714,1532.4785714285715,5.0786,W
S1515,CIPLA,2025-11-28 12:40:00+05:30,0.0242,0.0429,0,,0.4642,63.16,-0.6774,0,2.0998,,0,0,1,1,0,1,2025-11-28 12:40:00+05:30,2025-11-28 12:45:00+05:30,2025-11-28 14:35:00+05:30,1527.0,1523.6607142857142,1533.0107142857144,6.0107,W
S1516,CIPLA,2025-11-28 13:15:00+05:30,0.0566,0.0419,5,1.0,0.0879,96.67,-0.3333,0,1.6635,0.0,1,0,0,0,1,2,2025-11-28 13:20:00+05:30,2025-11-28 13:25:00+05:30,2025-11-28 15:00:00+05:30,1529.0,1524.732142857143,1536.682142857143,2.0,EOD+
S1517,CIPLA,2025-12-01 09:15:00+05:30,,,0,,0.1408,11.32,0.1765,0,1.3518,,0,0,0,1,0,1,2025-12-01 09:15:00+05:30,2025-12-01 09:20:00+05:30,2025-12-01 09:40:00+05:30,1531.3,1525.2642857142855,1542.1642857142856,-6.0357,L
S1518,CIPLA,2025-12-01 09:25:00+05:30,,,0,,0.0055,3.7,32.3333,0,0.3746,,0,1,0,1,0,1,2025-12-01 09:25:00+05:30,2025-12-01 09:30:00+05:30,2025-12-01 09:40:00+05:30,1532.2,1525.3607142857145,1544.5107142857144,-6.8393,L
S1519,CIPLA,2025-12-01 10:30:00+05:30,-0.0926,-0.1423,0,,0.4112,12.5,-0.907,0,0.5087,0.0,3,0,1,0,3,4,2025-12-01 10:45:00+05:30,2025-12-01 10:50:00+05:30,2025-12-01 13:55:00+05:30,1527.3,1520.7642857142855,1539.0642857142857,-6.5357,L
S1520,CIPLA,2025-12-01 10:55:00+05:30,-0.0819,-0.0818,0,,1.0625,27.78,-0.7176,0,1.378,1.0,1,0,0,0,1,2,2025-12-01 11:00:00+05:30,2025-12-01 11:05:00+05:30,2025-12-01 13:55:00+05:30,1525.9,1520.9,1534.9,-5.0,L
S1521,CIPLA,2025-12-01 11:10:00+05:30,-0.096,-0.0819,0,,0.374,75.0,-0.8571,0,0.8637,1.0,1,0,0,0,1,2,2025-12-01 11:15:00+05:30,2025-12-01 11:20:00+05:30,2025-12-01 13:55:00+05:30,1526.4,1521.7214285714288,1534.8214285714284,-4.6786,L
S1522,CIPLA,2025-12-01 12:20:00+05:30,0.0393,0.0544,11,5.0,0.4175,62.5,0.8045,0,1.6643,,0,0,0,1,0,1,2025-12-01 12:20:00+05:30,2025-12-01 12:25:00+05:30,2025-12-01 13:00:00+05:30,1530.0,1526.017857142857,1537.1678571428572,-3.9821,L
S1523,CIPLA,2025-12-01 13:00:00+05:30,0.0239,0.0376,0,,1.4644,75.0,-0.7706,0,1.6896,1.0,3,0,1,0,3,4,2025-12-01 13:15:00+05:30,2025-12-01 13:20:00+05:30,2025-12-01 13:50:00+05:30,1528.0,1523.5357142857142,1536.0357142857144,-4.4643,L
S1524,CIPLA,2025-12-02 09:15:00+05:30,,,0,,0.9986,44.64,-0.6364,0,1.756,,0,0,0,1,0,1,2025-12-02 09:15:00+05:30,2025-12-02 09:20:00+05:30,2025-12-02 13:20:00+05:30,1522.4,1516.2035714285714,1533.5535714285718,-6.1964,L
S1525,CIPLA,2025-12-02 09:30:00+05:30,,,1,1.0,0.5649,4.35,0.2121,0,1.5454,,0,0,0,1,0,1,2025-12-02 09:30:00+05:30,2025-12-02 09:35:00+05:30,2025-12-02 14:50:00+05:30,1521.9,1515.3285714285714,1533.7285714285715,-6.5714,L
S1526,CIPLA,2025-12-02 10:25:00+05:30,-0.001,-0.0089,0,,0.9453,30.0,-0.7727,0,2.8055,1.0,3,0,0,0,3,4,2025-12-02 10:40:00+05:30,2025-12-02 10:45:00+05:30,2025-12-02 14:50:00+05:30,1522.1,1515.117857142857,1534.667857142857,-6.9821,L
S1527,CIPLA,2025-12-02 12:30:00+05:30,0.1034,0.1607,21,5.0,0.2376,50.0,0.3514,0,2.926,,0,0,1,1,0,1,2025-12-02 12:30:00+05:30,2025-12-02 12:35:00+05:30,2025-12-02 12:40:00+05:30,1528.4,1524.507142857143,1535.407142857143,-3.8929,L
S1528,CIPLA,2025-12-02 13:30:00+05:30,-0.1601,-0.1551,0,,3.4013,80.0,-1.0,0,1.3917,1.0,3,0,0,0,3,4,2025-12-02 13:45:00+05:30,2025-12-02 13:50:00+05:30,2025-12-02 14:15:00+05:30,1523.5,1519.446428571429,1530.7964285714286,-4.0536,L
S1529,CIPLA,2025-12-02 14:05:00+05:30,-0.1075,-0.135,3,2.0,0.3105,12.5,2.3333,0,1.6056,,0,0,0,1,0,1,2025-12-02 14:05:00+05:30,2025-12-02 14:10:00+05:30,2025-12-02 14:35:00+05:30,1522.4,1517.8107142857143,1530.6607142857142,-4.5893,L
S1530,CIPLA,2025-12-03 11:25:00+05:30,-0.2109,-0.2359,0,,3.4783,71.43,-0.9861,0,0.4312,0.0,3,0,1,0,3,4,2025-12-03 11:40:00+05:30,2025-12-03 11:45:00+05:30,2025-12-03 15:00:00+05:30,1502.7,1497.5214285714285,1512.0214285714287,3.2,EOD+
S1531,CIPLA,2025-12-03 14:00:00+05:30,0.0348,0.066,27,7.0,2.266,39.53,-0.172,0,0.3922,0.0,3,0,0,0,3,4,2025-12-03 14:15:00+05:30,2025-12-03 14:20:00+05:30,2025-12-03 15:00:00+05:30,1507.3,1503.8357142857142,1513.5357142857144,-1.4,EOD-
S1532,CIPLA,2025-12-04 09:15:00+05:30,,,0,,1.8249,35.37,-1.0,0,0.3021,0.0,1,0,0,0,1,2,2025-12-04 09:20:00+05:30,2025-12-04 09:25:00+05:30,2025-12-04 14:10:00+05:30,1508.5,1503.4107142857142,1517.6607142857144,9.1607,W
S1533,CIPLA,2025-12-04 10:10:00+05:30,0.0567,0.0441,8,7.0,0.1124,58.82,0.6129,0,0.2365,,0,0,0,1,0,1,2025-12-04 10:10:00+05:30,2025-12-04 10:15:00+05:30,2025-12-04 15:00:00+05:30,1509.2,1502.307142857143,1521.6071428571431,12.4071,W
S1534,CIPLA,2025-12-04 10:35:00+05:30,0.0318,0.0626,0,,0.6839,5.88,-0.7315,0,2.1917,1.0,3,0,0,0,3,4,2025-12-04 10:50:00+05:30,2025-12-04 10:55:00+05:30,2025-12-04 14:15:00+05:30,1509.8,1504.3535714285713,1519.6035714285715,9.8036,W
S1535,CIPLA,2025-12-04 11:05:00+05:30,0.0275,0.0,2,2.0,0.0872,94.74,-0.375,0,1.7451,0.0,1,1,0,0,1,2,2025-12-04 11:10:00+05:30,2025-12-04 11:15:00+05:30,2025-12-04 14:10:00+05:30,1509.4,1504.8107142857143,1517.6607142857144,8.2607,W
S1536,CIPLA,2025-12-04 12:15:00+05:30,0.0394,0.0282,11,3.0,0.0901,15.38,0.8182,0,1.2658,,0,0,0,1,0,1,2025-12-04 12:15:00+05:30,2025-12-04 12:20:00+05:30,2025-12-04 13:15:00+05:30,1510.1,1507.0464285714284,1515.5964285714283,5.4964,W
S1537,CIPLA,2025-12-04 12:45:00+05:30,0.0076,0.0301,0,,0.3605,40.0,-1.0,0,1.7711,1.0,3,0,0,0,3,4,2025-12-04 13:00:00+05:30,2025-12-04 13:05:00+05:30,2025-12-04 13:15:00+05:30,1510.6,1507.617857142857,1515.967857142857,5.3679,W
S1538,CIPLA,2025-12-05 09:20:00+05:30,,,1,1.0,0.0725,4.0,9.4545,0,0.3936,,0,1,0,1,0,1,2025-12-05 09:20:00+05:30,2025-12-05 09:25:00+05:30,2025-12-05 09:55:00+05:30,1521.6,1514.010714285714,1535.2607142857144,-7.5893,L
S1539,CIPLA,2025-12-05 09:45:00+05:30,0.0069,,0,,0.7381,0.0,-0.7419,0,0.5692,1.0,3,0,0,0,3,4,2025-12-05 10:00:00+05:30,2025-12-05 10:05:00+05:30,2025-12-05 15:00:00+05:30,1519.6,1511.7249999999997,1533.775,-0.1,EOD-
S1540,CIPLA,2025-12-05 10:30:00+05:30,-0.0586,-0.0204,0,,1.4486,34.62,-0.6025,0,3.3711,1.0,3,0,0,0,3,4,2025-12-05 10:45:00+05:30,2025-12-05 10:50:00+05:30,2025-12-05 15:00:00+05:30,1520.6,1513.6535714285712,1533.1035714285713,-1.1,EOD-
S1541,CIPLA,2025-12-05 12:50:00+05:30,0.046,0.0667,24,3.0,0.9038,66.67,-1.0,0,0.4972,0.0,2,0,0,0,2,3,2025-12-05 13:00:00+05:30,2025-12-05 13:05:00+05:30,2025-12-05 14:45:00+05:30,1522.0,1518.1964285714284,1528.8464285714283,-3.8036,L
S1542,CIPLA,2025-12-05 13:10:00+05:30,0.0286,0.0427,1,1.0,0.4101,0.0,0.5517,0,0.32,,0,0,0,1,0,1,2025-12-05 13:10:00+05:30,2025-12-05 13:15:00+05:30,2025-12-05 14:45:00+05:30,1522.1,1518.5642857142857,1528.4642857142856,-3.5357,L
S1543,CIPLA,2025-12-05 13:20:00+05:30,0.0273,0.0299,1,1.0,0.5487,0.0,0.2821,0,1.1467,,0,0,0,1,0,1,2025-12-05 13:20:00+05:30,2025-12-05 13:25:00+05:30,2025-12-05 14:45:00+05:30,1522.0,1518.4464285714284,1528.3964285714287,-3.5536,L
S1544,CIPLA,2025-12-05 13:30:00+05:30,0.0286,0.0302,0,,0.0,0.0,,1,1.3566,,0,0,0,1,0,1,2025-12-05 13:30:00+05:30,2025-12-05 13:35:00+05:30,2025-12-05 14:45:00+05:30,1523.1,1519.475,1529.625,-3.625,L
S1545,CIPLA,2025-12-05 13:40:00+05:30,0.0273,0.0309,1,1.0,0.1707,21.43,3.4,0,0.6406,,0,0,1,1,0,1,2025-12-05 13:40:00+05:30,2025-12-05 13:45:00+05:30,2025-12-05 14:45:00+05:30,1523.0,1519.3392857142856,1529.5892857142858,-3.6607,L
S1546,CIPLA,2025-12-05 14:25:00+05:30,0.0413,0.0627,8,5.0,0.3176,9.52,0.6667,0,1.2107,,0,0,0,1,0,1,2025-12-05 14:25:00+05:30,2025-12-05 14:30:00+05:30,2025-12-05 14:40:00+05:30,1524.3,1520.05,1531.95,-4.25,L
S1547,CIPLA,2025-12-08 10:55:00+05:30,-0.1313,-0.1428,0,,1.0271,62.07,-0.9223,0,0.6332,1.0,3,0,1,0,3,4,2025-12-08 11:10:00+05:30,2025-12-08 11:15:00+05:30,2025-12-08 12:45:00+05:30,1511.5,1505.232142857143,1522.7821428571428,-6.2679,L
S1548,CIPLA,2025-12-08 11:20:00+05:30,-0.0195,-0.0897,0,,0.2374,24.14,-1.0,0,0.843,,0,0,1,1,0,1,2025-12-08 11:20:00+05:30,2025-12-08 11:25:00+05:30,2025-12-08 12:45:00+05:30,1511.2,1505.0928571428572,1522.192857142857,-6.1071,L
S1549,CIPLA,2025-12-08 11:50:00+05:30,-0.0185,-0.0311,0,,0.7712,10.53,-0.8769,0,5.8443,1.0,3,0,1,0,3,4,2025-12-08 12:05:00+05:30,2025-12-08 12:10:00+05:30,2025-12-08 12:30:00+05:30,1512.1,1506.8321428571428,1521.5821428571428,-5.2679,L
S1550,CIPLA,2025-12-08 12:15:00+05:30,-0.0225,-0.0215,1,1.0,0.1263,17.24,5.6667,0,6.5461,,0,0,0,1,0,1,2025-12-08 12:15:00+05:30,2025-12-08 12:20:00+05:30,2025-12-08 12:30:00+05:30,1512.4,1506.757142857143,1522.557142857143,-5.6429,L
S1551,CIPLA,2025-12-08 12:45:00+05:30,-0.0467,-0.0315,0,,2.1467,52.0,-0.6597,0,0.2006,0.0,3,0,1,0,3,4,2025-12-08 13:00:00+05:30,2025-12-08 13:05:00+05:30,2025-12-08 13:30:00+05:30,1509.1,1502.9392857142857,1520.1892857142857,-6.1607,L
S1552,CIPLA,2025-12-09 09:15:00+05:30,,,0,,1.4655,19.4,-0.5147,0,0.5958,0.0,1,0,1,0,1,2,2025-12-09 09:20:00+05:30,2025-12-09 09:25:00+05:30,2025-12-09 09:30:00+05:30,1501.5,1494.8214285714284,1513.5214285714287,-6.6786,L
S1553,CIPLA,2025-12-09 10:05:00+05:30,-0.0792,-0.1182,0,,0.8646,54.55,-1.0,0,4.4065,1.0,3,0,0,0,3,4,2025-12-09 10:20:00+05:30,2025-12-09 10:25:00+05:30,2025-12-09 14:20:00+05:30,1499.9,1490.864285714286,1516.1642857142858,-9.0357,L
S1554,CIPLA,2025-12-09 10:35:00+05:30,-0.0094,-0.0391,0,,0.3617,10.53,-0.537,0,0.437,1.0,3,1,0,0,3,4,2025-12-09 10:50:00+05:30,2025-12-09 10:55:00+05:30,2025-12-09 14:20:00+05:30,1498.4,1490.9357142857143,1511.8357142857144,-7.4643,L
S1555,CIPLA,2025-12-09 11:45:00+05:30,0.0451,0.0751,0,,1.8603,38.1,-0.795,0,0.5415,0.0,3,0,0,0,3,4,2025-12-09 12:00:00+05:30,2025-12-09 12:05:00+05:30,2025-12-09 13:35:00+05:30,1499.6,1495.010714285714,1507.860714285714,-4.5893,L
S1556,CIPLA,2025-12-09 12:15:00+05:30,0.026,0.0177,2,2.0,0.1324,50.0,-0.0476,0,2.5554,1.0,1,1,0,0,1,2,2025-12-09 12:20:00+05:30,2025-12-09 12:25:00+05:30,2025-12-09 12:50:00+05:30,1500.7,1496.7357142857145,1507.8357142857142,-3.9643,L
S1557,CIPLA,2025-12-10 09:15:00+05:30,,,0,,1.8604,10.34,-0.0061,0,0.4043,0.0,2,1,0,0,2,3,2025-12-10 09:25:00+05:30,2025-12-10 09:30:00+05:30,2025-12-10 10:20:00+05:30,1492.1,1485.475,1504.025,11.925,W
S1558,CIPLA,2025-12-10 12:50:00+05:30,-0.1042,-0.157,0,,0.9391,0.0,-0.7347,0,0.2212,0.0,3,0,1,0,3,4,2025-12-10 13:05:00+05:30,2025-12-10 13:10:00+05:30,2025-12-10 14:35:00+05:30,1492.5,1487.482142857143,1501.532142857143,-5.0179,L
S1559,CIPLA,2025-12-11 11:35:00+05:30,0.1248,0.1132,28,9.0,0.4129,40.0,0.1765,0,3.2203,,0,1,0,1,0,1,2025-12-11 11:35:00+05:30,2025-12-11 11:40:00+05:30,2025-12-11 15:00:00+05:30,1503.5,1497.8392857142858,1513.6892857142857,6.9,EOD+
S1560,CIPLA,2025-12-11 11:45:00+05:30,0.1014,0.1191,0,,0.678,30.0,-0.8556,0,1.0409,0.0,2,0,1,0,2,3,2025-12-11 11:55:00+05:30,2025-12-11 12:00:00+05:30,2025-12-11 15:00:00+05:30,1504.5,1499.392857142857,1513.692857142857,5.9,EOD+
S1561,CIPLA,2025-12-11 12:10:00+05:30,0.0864,0.0815,2,2.0,0.1571,5.88,2.8596,0,0.8716,,0,0,0,1,0,1,2025-12-11 12:10:00+05:30,2025-12-11 12:15:00+05:30,2025-12-11 15:00:00+05:30,1505.3,1500.7642857142855,1513.4642857142856,5.1,EOD+
S1562,CIPLA,2025-12-11 12:25:00+05:30,0.0389,0.0864,2,1.0,0.2004,62.5,0.7391,0,0.3525,,0,0,1,1,0,1,2025-12-11 12:25:00+05:30,2025-12-11 12:30:00+05:30,2025-12-11 15:00:00+05:30,1506.3,1501.9964285714286,1514.0464285714284,4.1,EOD+
S1563,CIPLA,2025-12-11 14:15:00+05:30,0.0675,0.0821,21,9.0,0.0868,50.0,-1.0,0,0.4135,,0,0,1,1,0,1,2025-12-11 14:15:00+05:30,2025-12-11 14:20:00+05:30,2025-12-11 14:50:00+05:30,1510.0,1507.6964285714284,1514.1464285714287,-2.3036,L
S1564,CIPLA,2025-12-11 14:25:00+05:30,0.0536,0.0692,0,,0.3608,100.0,-1.0,0,2.4492,,0,0,0,1,0,1,2025-12-11 14:25:00+05:30,2025-12-11 14:30:00+05:30,2025-12-11 14:45:00+05:30,1511.8,1509.4785714285713,1515.9785714285715,-2.3214,L
S1565,CIPLA,2025-12-12 10:20:00+05:30,0.1014,0.0856,13,13.0,0.4855,67.57,-0.7753,0,2.7988,1.0,3,0,0,0,3,4,2025-12-12 10:35:00+05:30,2025-12-12 10:40:00+05:30,2025-12-12 15:00:00+05:30,1516.5,1509.625,1528.875,0.8,EOD+
S1566,CIPLA,2025-12-12 10:55:00+05:30,0.0597,0.0462,3,3.0,0.4794,16.0,0.5023,0,3.7813,,0,0,0,1,0,1,2025-12-12 10:55:00+05:30,2025-12-12 11:00:00+05:30,2025-12-12 15:00:00+05:30,1516.1,1510.5464285714284,1526.0964285714288,1.2,EOD+
S1567,CIPLA,2025-12-12 12:05:00+05:30,0.0853,0.0675,12,5.0,0.0365,62.96,17.1818,0,0.6586,,0,0,0,1,0,1,2025-12-12 12:05:00+05:30,2025-12-12 12:10:00+05:30,2025-12-12 13:55:00+05:30,1521.0,1517.232142857143,1527.7821428571428,-3.7679,L
S1568,CIPLA,2025-12-12 13:20:00+05:30,0.0329,0.0638,14,4.0,0.3116,14.29,1.7397,0,1.0082,,0,0,0,1,0,1,2025-12-12 13:20:00+05:30,2025-12-12 13:25:00+05:30,2025-12-12 13:55:00+05:30,1522.1,1519.1714285714284,1527.3714285714286,-2.9286,L
S1569,CIPLA,2025-12-12 13:30:00+05:30,0.0296,0.0404,0,,0.4216,64.29,-0.6117,0,1.9585,,0,0,0,1,0,1,2025-12-12 13:30:00+05:30,2025-12-12 13:35:00+05:30,2025-12-12 13:55:00+05:30,1522.0,1518.9464285714284,1527.4964285714286,-3.0536,L
S1570,CIPLA,2025-12-12 13:45:00+05:30,0.0365,0.0296,2,1.0,0.4359,26.67,0.1538,0,2.5147,,0,0,0,1,0,1,2025-12-12 13:45:00+05:30,2025-12-12 13:50:00+05:30,2025-12-12 13:55:00+05:30,1521.4,1518.4178571428572,1526.767857142857,-2.9821,L
S1571,CIPLA,2025-12-15 10:25:00+05:30,-0.2214,-0.2324,0,,1.9951,21.05,-0.6577,0,3.5857,1.0,3,1,0,0,3,4,2025-12-15 10:40:00+05:30,2025-12-15 10:45:00+05:30,2025-12-15 11:00:00+05:30,1505.0,1499.875,1514.225,9.225,W
S1572,CIPLA,2025-12-15 13:15:00+05:30,-0.0756,-0.0928,0,,0.7393,0.0,-0.7872,0,0.6232,1.0,3,0,0,0,3,4,2025-12-15 13:30:00+05:30,2025-12-15 13:35:00+05:30,2025-12-15 14:05:00+05:30,1507.0,1505.4107142857144,1509.8607142857145,-1.5893,L
S1573,CIPLA,2025-12-15 13:40:00+05:30,-0.0302,-0.0607,0,,0.0389,100.0,-1.0,0,0.6966,0.0,1,0,1,0,1,2,2025-12-15 13:45:00+05:30,2025-12-15 13:50:00+05:30,2025-12-15 14:00:00+05:30,1507.0,1506.0357142857144,1508.7357142857145,-0.9643,L
S1574,CIPLA,2025-12-16 09:25:00+05:30,,,0,,1.9874,65.0,-0.7522,0,0.277,0.0,3,0,0,0,3,4,2025-12-16 09:40:00+05:30,2025-12-16 09:45:00+05:30,2025-12-16 10:00:00+05:30,1505.8,1502.2464285714286,1512.1964285714284,-3.5536,L
S1575,CIPLA,2025-12-16 09:50:00+05:30,0.0046,,0,,0.1626,50.0,1.0339,0,0.1658,,0,1,1,1,0,1,2025-12-16 09:50:00+05:30,2025-12-16 09:55:00+05:30,2025-12-16 10:00:00+05:30,1506.9,1502.364285714286,1515.064285714286,-4.5357,L
S1576,CIPLA,2025-12-16 10:40:00+05:30,-0.0782,-0.0735,0,,1.1711,76.47,-0.9091,0,2.343,1.0,3,1,1,0,3,4,2025-12-16 10:55:00+05:30,2025-12-16 11:00:00+05:30,2025-12-16 14:15:00+05:30,1504.0,1499.303571428571,1512.4535714285714,-4.6964,L
S1577,CIPLA,2025-12-16 11:05:00+05:30,-0.0096,-0.0705,0,,0.0789,56.52,9.9677,0,3.5629,,0,0,0,1,0,1,2025-12-16 11:05:00+05:30,2025-12-16 11:10:00+05:30,2025-12-16 12:00:00+05:30,1507.5,1502.5892857142858,1516.3392857142858,-4.9107,L
S1578,CIPLA,2025-12-16 11:35:00+05:30,0.0067,0.0439,5,5.0,0.3343,78.95,-0.4203,0,0.1281,0.0,1,0,1,0,1,2,2025-12-16 11:40:00+05:30,2025-12-16 11:45:00+05:30,2025-12-16 14:15:00+05:30,1503.7,1498.5392857142856,1512.989285714286,-5.1607,L
S1579,CIPLA,2025-12-16 13:15:00+05:30,-0.0915,-0.1045,0,,1.6141,25.0,-1.0,0,2.9592,1.0,3,0,0,0,3,4,2025-12-16 13:30:00+05:30,2025-12-16 13:35:00+05:30,2025-12-16 14:15:00+05:30,1502.6,1499.5642857142857,1508.0642857142857,-3.0357,L
S1580,CIPLA,2025-12-16 13:45:00+05:30,-0.0213,-0.0663,2,2.0,0.0327,38.89,19.0,0,0.4466,,0,0,1,1,0,1,2025-12-16 13:45:00+05:30,2025-12-16 13:50:00+05:30,2025-12-16 14:10:00+05:30,1502.8,1500.1214285714284,1507.6214285714286,-2.6786,L
S1581,CIPLA,2025-12-17 09:15:00+05:30,,,0,,0.6311,1.28,-0.9273,0,0.4692,0.0,1,0,1,0,1,2,2025-12-17 09:20:00+05:30,2025-12-17 09:25:00+05:30,2025-12-17 10:25:00+05:30,1498.9,1493.4535714285714,1508.7035714285716,-5.4464,L
S1582,CIPLA,2025-12-17 09:30:00+05:30,,,0,,1.079,35.0,-0.8081,0,0.2077,0.0,1,0,1,0,1,2,2025-12-17 09:35:00+05:30,2025-12-17 09:40:00+05:30,2025-12-17 10:25:00+05:30,1498.5,1492.4642857142858,1509.364285714286,-6.0357,L
S1583,CIPLA,2025-12-17 11:55:00+05:30,-0.0569,-0.0582,0,,0.7739,80.0,-0.8726,0,3.3976,1.0,3,0,0,0,3,4,2025-12-17 12:10:00+05:30,2025-12-17 12:15:00+05:30,2025-12-17 15:00:00+05:30,1493.3,1490.7642857142855,1497.864285714286,3.6,EOD+
S1584,CIPLA,2025-12-17 12:35:00+05:30,0.0157,-0.0131,0,,0.8612,27.27,-0.5074,0,0.9788,1.0,3,0,0,0,3,4,2025-12-17 12:50:00+05:30,2025-12-17 12:55:00+05:30,2025-12-17 15:00:00+05:30,1493.2,1490.2535714285714,1498.5035714285716,3.7,EOD+
S1585,CIPLA,2025-12-17 13:00:00+05:30,-0.0044,0.002,1,1.0,0.2917,41.18,1.5714,0,0.4042,,0,0,0,1,0,1,2025-12-17 13:00:00+05:30,2025-12-17 13:05:00+05:30,2025-12-17 15:00:00+05:30,1494.4,1491.4,1499.8000000000002,2.5,EOD+
S1586,CIPLA,2025-12-17 13:55:00+05:30,0.0325,0.0365,10,6.0,0.0212,40.0,14.0,0,3.5127,,0,0,0,1,0,1,2025-12-17 13:55:00+05:30,2025-12-17 14:00:00+05:30,2025-12-17 15:00:00+05:30,1494.7,1492.3428571428572,1498.9428571428573,2.2,EOD+
S1587,CIPLA,2025-12-17 14:05:00+05:30,0.0191,0.0378,1,1.0,1.12,100.0,-1.0,0,2.1615,0.0,2,0,0,0,2,3,2025-12-17 14:15:00+05:30,2025-12-17 14:20:00+05:30,2025-12-17 14:20:00+05:30,1495.1,1492.6892857142857,1499.4392857142857,-2.4107,L
S1588,CIPLA,2025-12-18 09:15:00+05:30,,,0,,0.8507,86.9,-0.3393,0,0.7537,,0,0,1,1,0,1,2025-12-18 09:15:00+05:30,2025-12-18 09:20:00+05:30,2025-12-18 09:40:00+05:30,1502.1,1497.207142857143,1510.9071428571424,-4.8929,L
S1589,CIPLA,2025-12-18 09:45:00+05:30,0.0752,,5,4.0,0.63,36.0,-0.321,0,0.4082,1.0,1,0,0,0,1,2,2025-12-18 09:50:00+05:30,2025-12-18 09:55:00+05:30,2025-12-18 11:50:00+05:30,1497.3,1490.8714285714286,1508.8714285714286,11.5714,W
S1590,CIPLA,2025-12-18 10:00:00+05:30,0.0488,0.0752,0,,0.7357,50.0,-1.0,0,1.0876,1.0,2,0,0,0,2,3,2025-12-18 10:10:00+05:30,2025-12-18 10:15:00+05:30,2025-12-18 11:50:00+05:30,1498.0,1491.3392857142858,1509.989285714286,11.9893,W
S1591,CIPLA,2025-12-18 10:45:00+05:30,0.0444,0.0654,5,3.0,0.4797,7.69,0.3265,0,0.5617,,0,0,1,1,0,1,2025-12-18 10:45:00+05:30,2025-12-18 10:50:00+05:30,2025-12-18 11:40:00+05:30,1498.5,1493.392857142857,1507.6928571428573,9.1929,W
S1592,CIPLA,2025-12-18 11:15:00+05:30,0.036,0.0397,4,4.0,0.0396,4.17,17.8889,0,0.5421,,0,0,1,1,0,1,2025-12-18 11:15:00+05:30,2025-12-18 11:20:00+05:30,2025-12-18 13:35:00+05:30,1501.1,1495.4214285714284,1511.3214285714284,-5.6786,L
S1593,CIPLA,2025-12-18 12:15:00+05:30,0.108,0.169,11,5.0,0.3445,0.0,0.2739,0,0.0963,,0,0,0,1,0,1,2025-12-18 12:15:00+05:30,2025-12-18 12:20:00+05:30,2025-12-18 13:30:00+05:30,1504.3,1498.6035714285713,1514.553571428571,-5.6964,L
S1594,CIPLA,2025-12-18 12:25:00+05:30,0.0881,0.1277,0,,0.2505,44.44,-0.4393,0,0.0161,,0,0,1,1,0,1,2025-12-18 12:25:00+05:30,2025-12-18 12:30:00+05:30,2025-12-18 13:30:00+05:30,1504.8,1499.4607142857142,1514.4107142857144,-5.3393,L
S1595,CIPLA,2025-12-18 14:15:00+05:30,-0.1384,-0.1276,0,,3.0156,41.67,-0.9216,0,2.2538,1.0,3,0,0,0,3,4,2025-12-18 14:30:00+05:30,2025-12-18 14:35:00+05:30,2025-12-18 15:00:00+05:30,1499.0,1494.767857142857,1506.6178571428572,-0.5,EOD-
S1596,CIPLA,2025-12-19 09:15:00+05:30,,,0,,0.8729,90.91,-1.0,0,1.9243,,0,0,1,1,0,1,2025-12-19 09:15:00+05:30,2025-12-19 09:20:00+05:30,2025-12-19 15:00:00+05:30,1507.5,1499.982142857143,1521.032142857143,4.9,EOD+
S1597,CIPLA,2025-12-19 10:40:00+05:30,0.1515,0.1789,16,14.0,0.0416,11.11,2.0769,0,0.0977,,0,0,1,1,0,1,2025-12-19 10:40:00+05:30,2025-12-19 10:45:00+05:30,2025-12-19 11:30:00+05:30,1507.9,1503.989285714286,1514.939285714286,-3.9107,L
S1598,CIPLA,2025-12-19 10:50:00+05:30,0.1402,0.1652,0,,2.5645,16.67,-0.7671,0,1.883,1.0,1,0,0,0,1,2,2025-12-19 10:55:00+05:30,2025-12-19 11:00:00+05:30,2025-12-19 11:30:00+05:30,1509.0,1505.232142857143,1515.782142857143,-3.7679,L
S1599,CIPLA,2025-12-19 12:15:00+05:30,-0.0591,-0.0468,0,,1.2039,48.0,-0.7198,0,2.4159,1.0,3,1,0,0,3,4,2025-12-19 12:30:00+05:30,2025-12-19 12:35:00+05:30,2025-12-19 15:00:00+05:30,1509.1,1503.1714285714286,1519.7714285714285,3.3,EOD+
S1600,CIPLA,2025-12-19 13:10:00+05:30,0.0153,-0.007,7,7.0,0.344,46.67,-0.1304,0,0.2309,1.0,1,0,1,0,1,2,2025-12-19 13:15:00+05:30,2025-12-19 13:20:00+05:30,2025-12-19 15:00:00+05:30,1508.6,1504.4214285714284,1516.1214285714286,7.5214,W
S1601,CIPLA,2025-12-22 09:15:00+05:30,,,0,,0.1051,87.5,-1.0,0,0.8942,,0,1,1,1,0,1,2025-12-22 09:15:00+05:30,2025-12-22 09:20:00+05:30,2025-12-22 12:10:00+05:30,1520.2,1514.6107142857145,1530.260714285714,-5.5893,L
S1602,CIPLA,2025-12-22 09:50:00+05:30,0.1408,,6,5.0,0.2712,56.67,-1.0,0,0.105,1.0,1,0,1,0,1,2,2025-12-22 09:55:00+05:30,2025-12-22 10:00:00+05:30,2025-12-22 12:10:00+05:30,1518.0,1510.303571428571,1531.8535714285715,-7.6964,L
S1603,CIPLA,2025-12-22 10:10:00+05:30,0.111,0.1259,2,1.0,0.0445,66.67,4.1852,0,0.1236,,0,0,0,1,0,1,2025-12-22 10:10:00+05:30,2025-12-22 10:15:00+05:30,2025-12-22 12:10:00+05:30,1518.9,1511.3107142857143,1532.5607142857143,-7.5893,L
S1604,CIPLA,2025-12-22 10:20:00+05:30,0.1212,0.111,1,1.0,0.1771,23.53,1.3077,0,0.0932,,0,0,0,1,0,1,2025-12-22 10:20:00+05:30,2025-12-22 10:25:00+05:30,2025-12-22 12:10:00+05:30,1519.8,1512.4607142857142,1533.0107142857144,-7.3393,L
S1605,CIPLA,2025-12-22 10:30:00+05:30,0.1007,0.1186,0,,0.0464,70.83,5.3636,0,0.4053,,0,0,1,1,0,1,2025-12-22 10:30:00+05:30,2025-12-22 10:35:00+05:30,2025-12-22 12:10:00+05:30,1521.2,1515.2714285714287,1531.8714285714286,-5.9286,L
S1606,CIPLA,2025-12-22 10:40:00+05:30,0.0678,0.1073,0,,0.0276,26.67,5.1538,0,0.1867,,0,1,1,1,0,1,2025-12-22 10:40:00+05:30,2025-12-22 10:45:00+05:30,2025-12-22 12:10:00+05:30,1520.1,1514.2071428571428,1530.7071428571428,-5.8929,L
S1607,CIPLA,2025-12-22 11:15:00+05:30,0.0082,0.0464,5,5.0,0.0169,76.0,12.3333,0,0.5733,,0,0,1,1,0,1,2025-12-22 11:15:00+05:30,2025-12-22 11:20:00+05:30,2025-12-22 11:45:00+05:30,1522.3,1517.8535714285715,1530.303571428571,-4.4464,L
S1608,CIPLA,2025-12-22 14:15:00+05:30,-0.0675,-0.0688,0,,1.9668,63.33,-0.685,0,2.5276,0.0,3,0,0,0,3,4,2025-12-22 14:30:00+05:30,2025-12-22 14:35:00+05:30,2025-12-22 15:00:00+05:30,1513.2,1509.1642857142858,1520.4642857142858,-1.2,EOD-
S1609,CIPLA,2025-12-23 10:35:00+05:30,0.0939,0.1012,16,16.0,0.0937,7.69,4.5556,0,0.2621,,0,0,0,1,0,1,2025-12-23 10:35:00+05:30,2025-12-23 10:40:00+05:30,2025-12-23 11:05:00+05:30,1518.0,1513.196428571429,1526.6464285714285,-4.8036,L
S1610,CIPLA,2025-12-23 10:45:00+05:30,0.0919,0.0982,0,,0.14,60.87,1.2222,0,0.4605,,0,0,1,1,0,1,2025-12-23 10:45:00+05:30,2025-12-23 10:50:00+05:30,2025-12-23 11:00:00+05:30,1519.6,1514.7785714285717,1528.2785714285712,-4.8214,L
S1611,CIPLA,2025-12-23 13:35:00+05:30,-0.0737,-0.1109,0,,0.7752,36.36,-0.7576,0,0.4281,0.0,3,0,1,0,3,4,2025-12-23 13:50:00+05:30,2025-12-23 13:55:00+05:30,2025-12-23 14:10:00+05:30,1505.3,1502.6392857142855,1510.0892857142856,-2.6607,L
S1612,CIPLA,2025-12-23 14:00:00+05:30,-0.0528,-0.0651,0,,0.842,25.0,-0.8795,0,3.7638,1.0,3,1,0,0,3,4,2025-12-23 14:15:00+05:30,2025-12-23 14:20:00+05:30,2025-12-23 14:25:00+05:30,1505.7,1503.2357142857145,1510.1357142857144,-2.4643,L
S1613,CIPLA,2025-12-24 09:25:00+05:30,,,2,2.0,0.2243,70.37,0.129,0,0.7303,,0,0,0,1,0,1,2025-12-24 09:25:00+05:30,2025-12-24 09:30:00+05:30,2025-12-24 11:30:00+05:30,1502.2,1495.2892857142858,1514.6392857142855,-6.9107,L
S1614,CIPLA,2025-12-24 12:00:00+05:30,-0.0765,-0.0788,0,,2.4421,0.0,-0.6983,0,0.3333,1.0,3,0,1,0,3,4,2025-12-24 12:15:00+05:30,2025-12-24 12:20:00+05:30,2025-12-24 12:25:00+05:30,1496.7,1494.325,1500.975,-2.375,L
S1615,CIPLA,2025-12-24 13:25:00+05:30,-0.0251,-0.0338,0,,2.362,19.05,-0.5246,0,1.416,0.0,3,1,0,0,3,4,2025-12-24 13:40:00+05:30,2025-12-24 13:45:00+05:30,2025-12-24 14:35:00+05:30,1494.7,1491.3607142857145,1500.7107142857144,-3.3393,L
S1616,CIPLA,2025-12-24 13:50:00+05:30,-0.0201,-0.0248,0,,0.6435,37.5,0.1696,0,0.7384,,0,1,0,1,0,1,2025-12-24 13:50:00+05:30,2025-12-24 13:55:00+05:30,2025-12-24 14:35:00+05:30,1494.7,1491.3785714285714,1500.6785714285716,-3.3214,L
S1617,CIPLA,2025-12-24 14:00:00+05:30,-0.0284,-0.0207,0,,1.2148,16.67,-0.3902,0,3.5596,1.0,1,0,0,0,1,2,2025-12-24 14:05:00+05:30,2025-12-24 14:10:00+05:30,2025-12-24 14:35:00+05:30,1494.2,1490.825,1500.2750000000003,-3.375,L
S1618,CIPLA,2025-12-26 09:15:00+05:30,,,0,,0.1706,55.56,4.974,0,0.6175,,0,1,1,1,0,1,2025-12-26 09:15:00+05:30,2025-12-26 09:20:00+05:30,2025-12-26 15:00:00+05:30,1502.2,1496.557142857143,1512.357142857143,6.8,EOD+
S1619,CIPLA,2025-12-26 10:45:00+05:30,0.1565,0.2038,17,8.0,0.7027,83.33,-0.7674,0,0.1482,0.0,1,1,0,0,1,2,2025-12-26 10:50:00+05:30,2025-12-26 10:55:00+05:30,2025-12-26 15:00:00+05:30,1506.0,1501.4107142857142,1514.2607142857144,3.0,EOD+
S1620,CIPLA,2025-12-26 11:00:00+05:30,0.1142,0.1565,0,,0.4875,0.0,0.1538,0,0.1951,,0,0,1,1,0,1,2025-12-26 11:00:00+05:30,2025-12-26 11:05:00+05:30,2025-12-26 15:00:00+05:30,1506.0,1502.0,1513.2000000000005,3.0,EOD+
S1621,CIPLA,2025-12-26 12:10:00+05:30,-0.0325,-0.0435,0,,0.4286,11.11,-1.0,0,1.7993,1.0,3,0,1,0,3,4,2025-12-26 12:25:00+05:30,2025-12-26 12:30:00+05:30,2025-12-26 13:10:00+05:30,1505.5,1502.875,1510.225,-2.625,L
S1622,CIPLA,2025-12-26 13:00:00+05:30,-0.0312,-0.0106,0,,1.6319,83.33,-1.0,0,2.1774,1.0,3,1,0,0,3,4,2025-12-26 13:15:00+05:30,2025-12-26 13:20:00+05:30,2025-12-26 14:40:00+05:30,1505.1,1502.1892857142857,1510.3392857142856,5.2393,W
S1623,CIPLA,2025-12-26 13:25:00+05:30,-0.0146,-0.0299,0,,0.3713,38.89,-0.1667,0,0.3036,,0,1,1,1,0,1,2025-12-26 13:25:00+05:30,2025-12-26 13:30:00+05:30,2025-12-26 15:00:00+05:30,1505.8,1502.567857142857,1511.6178571428572,3.2,EOD+
S1624,CIPLA,2025-12-26 13:35:00+05:30,-0.006,-0.0236,0,,0.5382,31.25,-0.1608,0,0.4257,,0,1,0,1,0,1,2025-12-26 13:35:00+05:30,2025-12-26 13:40:00+05:30,2025-12-26 15:00:00+05:30,1505.5,1502.178571428571,1511.4785714285715,3.5,EOD+
S1625,CIPLA,2025-12-29 09:15:00+05:30,,,0,,2.7754,44.44,-0.705,0,1.8434,1.0,2,1,1,0,2,3,2025-12-29 09:25:00+05:30,2025-12-29 09:30:00+05:30,2025-12-29 10:05:00+05:30,1510.5,1504.392857142857,1521.492857142857,-6.1071,L
S1626,CIPLA,2025-12-29 12:40:00+05:30,-0.0707,-0.065,0,,1.7292,40.0,-0.8628,0,12.5818,1.0,3,0,0,0,3,4,2025-12-29 12:55:00+05:30,2025-12-29 13:00:00+05:30,2025-12-29 14:15:00+05:30,1499.4,1495.1857142857143,1506.9857142857145,-4.2143,L
S1627,CIPLA,2025-12-29 13:15:00+05:30,-0.0277,-0.045,0,,1.1426,50.0,-0.7975,0,1.3063,1.0,3,0,0,0,3,4,2025-12-29 13:30:00+05:30,2025-12-29 13:35:00+05:30,2025-12-29 14:15:00+05:30,1499.9,1495.5785714285714,1507.6785714285716,-4.3214,L
S1628,CIPLA,2025-12-29 13:40:00+05:30,-0.026,-0.018,0,,1.1925,37.5,-0.7065,0,0.1053,0.0,1,0,1,0,1,2,2025-12-29 13:45:00+05:30,2025-12-29 13:50:00+05:30,2025-12-29 14:35:00+05:30,1498.8,1493.8,1507.8,-5.0,L
S1629,CIPLA,2025-12-29 13:55:00+05:30,-0.0347,-0.026,0,,0.1863,38.46,1.1622,0,0.0899,,0,0,1,1,0,1,2025-12-29 13:55:00+05:30,2025-12-29 14:00:00+05:30,2025-12-29 14:35:00+05:30,1498.6,1493.635714285714,1507.5357142857142,-4.9643,L
S1630,CIPLA,2025-12-30 10:45:00+05:30,-0.1644,-0.133,0,,1.9833,21.43,-0.7317,0,0.9059,0.0,3,0,1,0,3,4,2025-12-30 11:00:00+05:30,2025-12-30 11:05:00+05:30,2025-12-30 13:00:00+05:30,1486.3,1480.192857142857,1497.2928571428572,-6.1071,L
S1631,CIPLA,2025-12-30 11:10:00+05:30,-0.0565,-0.148,0,,0.7168,0.0,0.5249,0,1.0262,,0,1,1,1,0,1,2025-12-30 11:10:00+05:30,2025-12-30 11:15:00+05:30,2025-12-30 13:00:00+05:30,1487.1,1481.1535714285712,1497.803571428571,-5.9464,L
S1632,CIPLA,2025-12-30 11:45:00+05:30,0.0202,0.0121,6,6.0,0.1037,62.86,3.0,0,1.3841,,0,0,0,1,0,1,2025-12-30 11:45:00+05:30,2025-12-30 11:50:00+05:30,2025-12-30 12:30:00+05:30,1489.2,1484.3785714285714,1497.8785714285716,-4.8214,L
S1633,CIPLA,2025-12-30 11:55:00+05:30,0.0084,0.0091,1,1.0,0.3973,65.63,0.4966,0,0.201,,0,0,1,1,0,1,2025-12-30 11:55:00+05:30,2025-12-30 12:00:00+05:30,2025-12-30 12:55:00+05:30,1486.8,1482.175,1495.125,-4.625,L
S1634,CIPLA,2025-12-30 12:05:00+05:30,0.0118,0.0202,0,,0.2734,29.41,-0.3407,0,0.3122,,0,0,0,1,0,1,2025-12-30 12:05:00+05:30,2025-12-30 12:10:00+05:30,2025-12-30 12:50:00+05:30,1486.4,1482.239285714286,1493.889285714286,-4.1607,L
S1635,CIPLA,2025-12-30 13:35:00+05:30,-0.166,-0.1446,0,,2.6216,31.82,-0.8534,0,11.6652,1.0,3,0,0,0,3,4,2025-12-30 13:50:00+05:30,2025-12-30 13:55:00+05:30,2025-12-30 15:00:00+05:30,1485.1,1480.5464285714286,1493.2964285714284,5.9,EOD+
