signal_id,stock,datetime,p01,p02,p03,p04,p05,p06,p07,p07_na,p08,p09,p10,p11,p11_open,p12,same_candle_tb,bounce_bar_index,entry_bar_index,bounce_datetime,entry_datetime,exit_datetime,entry_price,sl,target,pnl,outcome
S001,ITC,2022-01-03 10:55:00+05:30,0.0054,0.0176,0,,1.2353,66.67,-0.7778,0,3.0606,1.0,8,1,0,0,0,8,9,2022-01-03 11:35:00+05:30,2022-01-03 11:40:00+05:30,2022-01-03 14:15:00+05:30,184.95,184.49464285714285,185.76964285714286,0.8196,W
S002,ITC,2022-01-03 12:05:00+05:30,0.0257,0.0,5,4.0,1.4583,100.0,-1.0,0,0.5367,0.0,1,0,0,1,0,1,2,2022-01-03 12:10:00+05:30,2022-01-03 12:15:00+05:30,2022-01-03 14:15:00+05:30,184.85,184.42142857142858,185.62142857142854,0.7714,W
S003,ITC,2022-01-03 12:20:00+05:30,0.0,0.0257,0,,0.2857,100.0,-1.0,0,1.0373,1.0,2,1,1,0,0,2,3,2022-01-03 12:30:00+05:30,2022-01-03 12:35:00+05:30,2022-01-03 14:15:00+05:30,185.05,184.6125,185.83749999999998,0.7875,W
S004,ITC,2022-01-03 13:40:00+05:30,0.0054,0.0324,13,12.0,0.2532,50.0,0.1765,0,0.7339,,0,1,0,1,1,0,1,2022-01-03 13:40:00+05:30,2022-01-03 13:45:00+05:30,2022-01-03 14:15:00+05:30,185.1,184.68035714285713,185.85535714285714,0.7554,W
S005,ITC,2022-01-03 13:50:00+05:30,0.023,0.0162,0,,0.2279,50.0,0.4286,0,0.8228,,0,1,0,1,1,0,1,2022-01-03 13:50:00+05:30,2022-01-03 13:55:00+05:30,2022-01-03 14:15:00+05:30,185.2,184.8160714285714,185.89107142857145,0.6911,W
S006,ITC,2022-01-03 14:05:00+05:30,0.0553,0.023,1,1.0,0.315,33.33,1.2222,0,1.0519,,0,1,0,1,1,0,1,2022-01-03 14:05:00+05:30,2022-01-03 14:10:00+05:30,2022-01-03 14:15:00+05:30,185.25,184.89285714285714,185.89285714285717,0.6429,W
S007,ITC,2022-01-03 14:30:00+05:30,0.0661,0.0607,3,3.0,0.0681,57.89,4.7143,0,4.0094,,0,1,0,0,1,0,1,2022-01-03 14:30:00+05:30,2022-01-03 14:35:00+05:30,2022-01-03 15:00:00+05:30,185.95,185.30714285714285,187.10714285714283,-0.3,EOD-
S008,ITC,2022-01-04 10:20:00+05:30,0.1193,0.1301,13,12.0,0.212,45.45,0.8605,0,0.8506,,0,0,1,0,1,0,1,2022-01-04 10:20:00+05:30,2022-01-04 10:25:00+05:30,2022-01-04 15:00:00+05:30,186.65,185.38214285714287,188.93214285714285,-0.1,EOD-
S009,ITC,2022-01-04 10:30:00+05:30,0.13,0.1193,0,,0.2495,75.0,-0.4444,0,0.3205,,0,0,0,1,1,0,1,2022-01-04 10:30:00+05:30,2022-01-04 10:35:00+05:30,2022-01-04 13:40:00+05:30,186.7,185.7982142857143,188.32321428571427,-0.9018,L
S010,ITC,2022-01-04 10:40:00+05:30,0.1085,0.1233,0,,1.5909,100.0,-1.0,0,0.8766,1.0,4,0,1,0,0,4,5,2022-01-04 11:00:00+05:30,2022-01-04 11:05:00+05:30,2022-01-04 13:40:00+05:30,186.75,185.86607142857144,188.3410714285714,-0.8839,L
S011,ITC,2022-01-04 11:15:00+05:30,-0.0603,0.0201,0,,0.7422,25.0,-0.5455,0,0.8909,1.0,9,1,0,1,0,9,10,2022-01-04 12:00:00+05:30,2022-01-04 12:05:00+05:30,2022-01-04 13:45:00+05:30,186.4,185.6589285714286,187.73392857142855,-0.7411,L
S012,ITC,2022-01-04 13:30:00+05:30,-0.0107,0.0054,0,,2.2474,50.0,-0.8907,0,0.9556,1.0,9,0,0,0,0,9,10,2022-01-04 14:15:00+05:30,2022-01-04 14:20:00+05:30,2022-01-04 15:00:00+05:30,186.2,185.6910714285714,187.11607142857142,0.35,EOD+
S013,ITC,2022-01-05 09:15:00+05:30,,,0,,1.9,7.69,-0.4737,0,3.0598,0.0,1,0,0,0,0,1,2,2022-01-05 09:20:00+05:30,2022-01-05 09:25:00+05:30,2022-01-05 09:30:00+05:30,186.4,185.65,187.75,-0.75,L
S014,ITC,2022-01-05 09:30:00+05:30,,,0,,2.0559,93.33,-0.9387,0,0.563,0.0,3,0,1,0,0,3,4,2022-01-05 09:45:00+05:30,2022-01-05 09:50:00+05:30,2022-01-05 15:00:00+05:30,186.35,185.35892857142858,188.13392857142856,0.6,EOD+
S015,ITC,2022-01-05 09:55:00+05:30,-0.0107,-0.0282,0,,0.4333,16.67,-0.2308,0,3.3462,1.0,2,0,0,0,0,2,3,2022-01-05 10:05:00+05:30,2022-01-05 10:10:00+05:30,2022-01-05 15:00:00+05:30,187.1,185.975,189.125,-0.15,EOD-
S016,ITC,2022-01-05 10:40:00+05:30,-0.0121,0.0563,6,6.0,0.0441,0.0,9.0,0,0.6163,,0,0,0,0,1,0,1,2022-01-05 10:40:00+05:30,2022-01-05 10:45:00+05:30,2022-01-05 15:00:00+05:30,186.55,185.41607142857143,188.59107142857144,0.4,EOD+
S017,ITC,2022-01-05 10:50:00+05:30,-0.0148,0.0054,1,1.0,0.2901,50.0,-0.5652,0,0.3938,1.0,1,1,0,1,0,1,2,2022-01-05 10:55:00+05:30,2022-01-05 11:00:00+05:30,2022-01-05 15:00:00+05:30,186.35,185.35892857142858,188.13392857142856,0.6,EOD+
S018,ITC,2022-01-05 11:05:00+05:30,0.0121,-0.0148,0,,0.2355,100.0,-1.0,0,0.2973,0.0,2,1,0,1,0,2,3,2022-01-05 11:15:00+05:30,2022-01-05 11:20:00+05:30,2022-01-05 15:00:00+05:30,186.55,185.56785714285718,188.31785714285712,0.4,EOD+
S019,ITC,2022-01-05 11:30:00+05:30,0.0951,0.0724,1,1.0,0.0778,33.33,4.0,0,0.3326,,0,0,0,1,1,0,1,2022-01-05 11:30:00+05:30,2022-01-05 11:35:00+05:30,2022-01-05 15:00:00+05:30,186.6,185.95714285714288,187.7571428571428,0.35,EOD+
S020,ITC,2022-01-05 11:40:00+05:30,0.0697,0.0858,0,,0.1217,71.43,0.6667,0,0.7384,,0,0,0,0,1,0,1,2022-01-05 11:40:00+05:30,2022-01-05 11:45:00+05:30,2022-01-05 15:00:00+05:30,186.85,186.23392857142858,187.95892857142852,0.1,EOD+
S021,ITC,2022-01-05 12:50:00+05:30,0.0816,0.0776,12,8.0,1.025,14.29,0.2195,0,1.6548,,0,0,1,0,1,0,1,2022-01-05 12:50:00+05:30,2022-01-05 12:55:00+05:30,2022-01-05 12:55:00+05:30,187.05,186.55,187.95000000000005,-0.5,L
S022,ITC,2022-01-05 13:00:00+05:30,0.0495,0.0816,0,,1.2339,50.0,-1.0,0,0.6629,1.0,6,1,0,1,0,6,7,2022-01-05 13:30:00+05:30,2022-01-05 13:35:00+05:30,2022-01-05 15:00:00+05:30,186.95,186.42321428571427,187.8982142857143,0.0,EOD-
S023,ITC,2022-01-05 14:10:00+05:30,0.0,0.0013,6,6.0,0.5746,71.43,-0.6364,0,0.8492,0.0,1,1,0,1,0,1,2,2022-01-05 14:15:00+05:30,2022-01-05 14:20:00+05:30,2022-01-05 15:00:00+05:30,186.95,186.3517857142857,188.0267857142857,0.0,EOD-
S024,ITC,2022-01-05 14:25:00+05:30,-0.004,0.0,0,,0.3449,60.0,-0.4118,0,1.9107,1.0,1,0,0,0,0,1,2,2022-01-05 14:30:00+05:30,2022-01-05 14:35:00+05:30,2022-01-05 15:00:00+05:30,187.05,186.4339285714286,188.1589285714286,-0.1,EOD-
S025,ITC,2022-01-06 10:40:00+05:30,-0.2169,-0.2018,0,,1.8437,66.67,-0.893,0,0.5292,1.0,9,1,1,1,0,9,10,2022-01-06 11:25:00+05:30,2022-01-06 11:30:00+05:30,2022-01-06 15:00:00+05:30,185.35,184.71607142857144,186.49107142857142,0.0,EOD-
S026,ITC,2022-01-06 11:35:00+05:30,0.0094,-0.0378,0,,0.0156,0.0,39.0,0,1.4181,,0,0,0,0,1,0,1,2022-01-06 11:35:00+05:30,2022-01-06 11:40:00+05:30,2022-01-06 12:00:00+05:30,185.4,184.99821428571428,186.12321428571428,-0.4018,L
S027,ITC,2022-01-06 12:00:00+05:30,-0.0459,-0.004,0,,1.8143,83.33,-0.8425,0,1.0743,0.0,9,0,0,0,0,9,10,2022-01-06 12:45:00+05:30,2022-01-06 12:50:00+05:30,2022-01-06 15:00:00+05:30,185.15,184.7125,185.9375,0.2,EOD+
S028,ITC,2022-01-06 12:55:00+05:30,-0.0189,-0.0257,0,,0.4529,0.0,-0.3939,0,0.5461,0.0,5,0,0,1,0,5,6,2022-01-06 13:20:00+05:30,2022-01-06 13:25:00+05:30,2022-01-06 15:00:00+05:30,185.1,184.64464285714286,185.91964285714283,0.25,EOD+
S029,ITC,2022-01-06 13:30:00+05:30,-0.0243,-0.0297,0,,0.417,60.0,0.4286,0,0.9955,,0,1,0,0,1,0,1,2022-01-06 13:30:00+05:30,2022-01-06 13:35:00+05:30,2022-01-06 15:00:00+05:30,185.25,184.83035714285717,186.00535714285712,0.1,EOD+
S030,ITC,2022-01-06 13:50:00+05:30,0.0257,-0.0108,3,3.0,0.0571,100.0,-1.0,0,1.1246,1.0,8,0,0,1,0,8,9,2022-01-06 14:30:00+05:30,2022-01-06 14:35:00+05:30,2022-01-06 15:00:00+05:30,185.2,184.7625,185.98749999999995,0.15,EOD+
S031,ITC,2022-01-07 12:45:00+05:30,-0.1079,-0.1213,0,,3.8975,20.0,-0.6452,0,0.6548,0.0,9,1,0,1,0,9,10,2022-01-07 13:30:00+05:30,2022-01-07 13:35:00+05:30,2022-01-07 15:00:00+05:30,185.1,184.37678571428572,186.4017857142857,-0.25,EOD-
S032,ITC,2022-01-07 13:45:00+05:30,-0.0351,-0.0621,1,1.0,0.02,0.0,9.0,0,0.456,,0,0,0,1,1,0,1,2022-01-07 13:45:00+05:30,2022-01-07 13:50:00+05:30,2022-01-07 15:00:00+05:30,185.1,184.475,186.22499999999997,-0.25,EOD-
S033,ITC,2022-01-07 13:55:00+05:30,-0.027,-0.0419,0,,0.6138,42.86,-0.2982,0,0.972,,0,0,0,0,1,0,1,2022-01-07 13:55:00+05:30,2022-01-07 14:00:00+05:30,2022-01-07 15:00:00+05:30,185.1,184.51964285714286,186.14464285714283,-0.25,EOD-
S034,ITC,2022-01-10 11:30:00+05:30,-0.1244,0.0317,0,,1.4337,60.0,-0.8122,0,0.5841,1.0,9,0,0,1,0,9,10,2022-01-10 12:15:00+05:30,2022-01-10 12:20:00+05:30,2022-01-10 14:20:00+05:30,188.75,187.82142857142858,190.42142857142858,-0.9286,L
S035,ITC,2022-01-10 12:25:00+05:30,-0.057,-0.0583,0,,0.2423,40.0,-1.0,0,0.7275,0.0,2,1,1,1,0,2,3,2022-01-10 12:35:00+05:30,2022-01-10 12:40:00+05:30,2022-01-10 13:30:00+05:30,188.75,188.05357142857142,190.00357142857143,-0.6964,L
S036,ITC,2022-01-10 12:45:00+05:30,-0.0424,-0.0504,1,1.0,0.0627,60.0,-1.0,0,0.6313,0.0,1,0,0,1,0,1,2,2022-01-10 12:50:00+05:30,2022-01-10 12:55:00+05:30,2022-01-10 13:15:00+05:30,188.75,188.1517857142857,189.82678571428573,-0.5982,L
S037,ITC,2022-01-11 09:15:00+05:30,,,0,,0.1324,0.0,11.381,0,2.3405,,0,1,1,0,1,0,1,2022-01-11 09:15:00+05:30,2022-01-11 09:20:00+05:30,2022-01-11 09:40:00+05:30,189.3,188.3089285714286,191.08392857142857,-0.9911,L
S038,ITC,2022-01-11 09:30:00+05:30,,,2,2.0,0.0496,14.29,5.6667,0,0.6343,,0,1,0,0,1,0,1,2022-01-11 09:30:00+05:30,2022-01-11 09:35:00+05:30,2022-01-11 14:40:00+05:30,188.9,187.76607142857145,190.9410714285714,-1.1339,L
S039,ITC,2022-01-11 09:40:00+05:30,0.1072,,0,,1.118,76.47,-0.6396,0,0.7352,0.0,1,0,0,0,0,1,2,2022-01-11 09:45:00+05:30,2022-01-11 09:50:00+05:30,2022-01-11 14:10:00+05:30,189.15,187.9089285714286,191.38392857142856,-1.2411,L
S040,ITC,2022-01-11 10:35:00+05:30,-0.0887,0.0053,0,,1.0929,66.67,-0.8693,0,0.9515,1.0,9,0,0,0,0,9,10,2022-01-11 11:20:00+05:30,2022-01-11 11:25:00+05:30,2022-01-11 14:40:00+05:30,188.6,187.725,190.17499999999998,-0.875,L
S041,ITC,2022-01-11 11:30:00+05:30,-0.0517,-0.114,0,,0.7949,40.0,-0.1045,0,0.4991,0.0,1,0,0,1,0,1,2,2022-01-11 11:35:00+05:30,2022-01-11 11:40:00+05:30,2022-01-11 14:05:00+05:30,188.55,188.0232142857143,189.49821428571428,-0.5268,L
S042,ITC,2022-01-11 11:45:00+05:30,-0.0491,-0.0517,0,,0.325,33.33,-0.2308,0,0.7605,,0,0,0,0,1,0,1,2022-01-11 11:45:00+05:30,2022-01-11 11:50:00+05:30,2022-01-11 14:05:00+05:30,188.5,188.0,189.4,-0.5,L
S043,ITC,2022-01-11 11:55:00+05:30,-0.0438,-0.0385,0,,0.9962,25.0,-0.1892,0,0.6932,,0,0,0,1,1,0,1,2022-01-11 11:55:00+05:30,2022-01-11 12:00:00+05:30,2022-01-11 14:05:00+05:30,188.45,187.98571428571427,189.28571428571428,-0.4643,L
S044,ITC,2022-01-11 12:05:00+05:30,-0.0411,-0.0464,0,,0.8212,75.0,-1.0,0,0.4915,0.0,2,0,0,1,0,2,3,2022-01-11 12:15:00+05:30,2022-01-11 12:20:00+05:30,2022-01-11 14:10:00+05:30,188.4,187.93571428571428,189.2357142857143,-0.4643,L
S045,ITC,2022-01-11 12:25:00+05:30,-0.0265,-0.0425,0,,1.512,0.0,-0.4444,0,1.6839,1.0,7,1,1,0,0,7,8,2022-01-11 13:00:00+05:30,2022-01-11 13:05:00+05:30,2022-01-11 14:05:00+05:30,188.55,188.10357142857143,189.35357142857146,-0.4464,L
S046,ITC,2022-01-11 13:45:00+05:30,0.0438,0.0438,8,6.0,0.0913,62.5,1.2222,0,1.1443,,0,0,1,1,1,0,1,2022-01-11 13:45:00+05:30,2022-01-11 13:50:00+05:30,2022-01-11 14:05:00+05:30,188.6,187.98392857142855,189.70892857142857,-0.6161,L
S047,ITC,2022-01-12 09:25:00+05:30,,,2,2.0,0.0337,50.0,9.0,0,1.9783,,0,0,0,0,1,0,1,2022-01-12 09:25:00+05:30,2022-01-12 09:30:00+05:30,2022-01-12 11:35:00+05:30,188.05,187.30892857142857,189.38392857142858,1.3339,W
S048,ITC,2022-01-12 09:35:00+05:30,,,0,,0.9446,80.0,-0.8214,0,1.4785,1.0,1,1,0,1,0,1,2,2022-01-12 09:40:00+05:30,2022-01-12 09:45:00+05:30,2022-01-12 15:00:00+05:30,188.45,187.70892857142854,189.7839285714286,0.2,EOD+
S049,ITC,2022-01-12 11:10:00+05:30,0.0782,0.0729,17,9.0,0.2333,33.33,0.1111,0,0.3942,,0,0,0,1,1,0,1,2022-01-12 11:10:00+05:30,2022-01-12 11:15:00+05:30,2022-01-12 15:00:00+05:30,188.6,188.11785714285713,189.46785714285716,0.05,EOD+
S050,ITC,2022-01-12 11:20:00+05:30,0.0729,0.0716,0,,0.6638,60.0,-0.6364,0,3.4309,,0,1,0,0,1,0,1,2022-01-12 11:20:00+05:30,2022-01-12 11:25:00+05:30,2022-01-12 15:00:00+05:30,188.7,188.18214285714285,189.63214285714287,-0.05,EOD-
S051,ITC,2022-01-13 09:30:00+05:30,,,3,3.0,0.1882,27.27,3.8,0,0.7698,,0,1,0,0,1,0,1,2022-01-13 09:30:00+05:30,2022-01-13 09:35:00+05:30,2022-01-13 09:55:00+05:30,189.15,188.31964285714287,190.64464285714288,1.4946,W
S052,ITC,2022-01-13 10:40:00+05:30,0.1279,0.1689,13,8.0,0.1097,25.0,-0.0476,0,0.2635,0.0,1,0,0,1,0,1,2,2022-01-13 10:45:00+05:30,2022-01-13 10:50:00+05:30,2022-01-13 15:00:00+05:30,189.65,188.45357142857145,191.80357142857142,-0.05,EOD-
S053,ITC,2022-01-13 10:55:00+05:30,0.1094,0.1279,0,,0.171,33.33,-0.375,0,0.3678,,0,0,0,0,1,0,1,2022-01-13 10:55:00+05:30,2022-01-13 11:00:00+05:30,2022-01-13 15:00:00+05:30,189.65,188.48035714285717,191.75535714285712,-0.05,EOD-
S054,ITC,2022-01-13 11:20:00+05:30,0.0514,0.0922,0,,1.7915,25.0,-0.8675,0,1.565,1.0,9,0,0,0,0,9,10,2022-01-13 12:05:00+05:30,2022-01-13 12:10:00+05:30,2022-01-13 13:00:00+05:30,189.65,189.1232142857143,190.59821428571428,-0.5268,L
S055,ITC,2022-01-13 12:20:00+05:30,-0.0211,-0.0752,2,1.0,0.5275,80.0,-0.6154,0,0.6783,1.0,3,0,0,1,0,3,4,2022-01-13 12:35:00+05:30,2022-01-13 12:40:00+05:30,2022-01-13 13:20:00+05:30,189.5,188.88392857142856,190.60892857142858,-0.6161,L
S056,ITC,2022-01-13 12:55:00+05:30,-0.0396,-0.0303,0,,1.3288,0.0,-0.6429,0,1.1379,1.0,9,0,0,1,0,9,10,2022-01-13 13:40:00+05:30,2022-01-13 13:45:00+05:30,2022-01-13 15:00:00+05:30,189.4,188.87321428571428,190.34821428571428,0.2,EOD+
S057,ITC,2022-01-13 13:50:00+05:30,-0.0211,-0.0383,1,1.0,0.2882,60.0,-0.2857,0,0.5108,0.0,2,0,0,1,0,2,3,2022-01-13 14:00:00+05:30,2022-01-13 14:05:00+05:30,2022-01-13 15:00:00+05:30,189.25,188.64285714285714,190.34285714285713,0.35,EOD+
S058,ITC,2022-01-13 14:10:00+05:30,-0.0383,-0.0264,0,,0.909,60.0,-0.5402,0,0.832,1.0,4,1,0,1,0,4,5,2022-01-13 14:30:00+05:30,2022-01-13 14:35:00+05:30,2022-01-13 15:00:00+05:30,189.25,188.65178571428572,190.32678571428573,0.35,EOD+
S059,ITC,2022-01-14 09:15:00+05:30,,,0,,1.6625,29.41,0.0526,0,2.4788,,0,1,0,0,1,0,1,2022-01-14 09:15:00+05:30,2022-01-14 09:20:00+05:30,2022-01-14 15:00:00+05:30,189.45,188.6642857142857,190.8642857142857,-0.45,EOD-
S060,ITC,2022-01-14 09:25:00+05:30,,,0,,0.1826,16.67,2.3333,0,1.2524,,0,1,0,1,1,0,1,2022-01-14 09:25:00+05:30,2022-01-14 09:30:00+05:30,2022-01-14 14:35:00+05:30,189.65,188.82857142857145,191.12857142857143,-0.8214,L
S061,ITC,2022-01-14 09:55:00+05:30,0.1081,0.0844,4,2.0,0.1086,0.0,2.3333,0,0.3492,,0,1,1,1,1,0,1,2022-01-14 09:55:00+05:30,2022-01-14 10:00:00+05:30,2022-01-14 14:35:00+05:30,189.9,188.86428571428573,191.7642857142857,-1.0357,L
S062,ITC,2022-01-14 10:15:00+05:30,0.0751,0.1054,3,3.0,0.2425,44.44,1.2727,0,0.7748,,0,0,0,0,1,0,1,2022-01-14 10:15:00+05:30,2022-01-14 10:20:00+05:30,2022-01-14 11:15:00+05:30,190.05,188.91607142857143,192.09107142857144,-1.1339,L
S063,ITC,2022-01-14 11:00:00+05:30,-0.0158,-0.0237,0,,1.8534,50.0,-0.7425,0,1.9302,1.0,9,0,0,0,0,9,10,2022-01-14 11:45:00+05:30,2022-01-14 11:50:00+05:30,2022-01-14 14:30:00+05:30,189.8,189.0142857142857,191.21428571428575,-0.7857,L
S064,ITC,2022-01-14 12:40:00+05:30,0.0527,0.0607,10,5.0,0.2198,25.0,0.4815,0,0.4855,,0,0,0,0,1,0,1,2022-01-14 12:40:00+05:30,2022-01-14 12:45:00+05:30,2022-01-14 14:35:00+05:30,189.65,188.88214285714287,191.03214285714287,-0.7679,L
S065,ITC,2022-01-14 12:50:00+05:30,0.0409,0.058,0,,0.3325,50.0,-0.4737,0,0.5192,,0,0,0,0,1,0,1,2022-01-14 12:50:00+05:30,2022-01-14 12:55:00+05:30,2022-01-14 14:35:00+05:30,189.7,188.98571428571427,190.98571428571427,-0.7143,L
S066,ITC,2022-01-17 09:15:00+05:30,,,0,,1.9435,68.75,-0.5763,0,1.084,,0,0,0,0,1,0,1,2022-01-17 09:15:00+05:30,2022-01-17 09:20:00+05:30,2022-01-17 09:25:00+05:30,189.15,188.39107142857142,190.51607142857145,-0.7589,L
S067,ITC,2022-01-17 09:25:00+05:30,,,0,,2.1396,71.43,-0.8148,0,0.3921,0.0,9,0,0,0,0,9,10,2022-01-17 10:10:00+05:30,2022-01-17 10:15:00+05:30,2022-01-17 11:55:00+05:30,188.6,187.6535714285714,190.30357142857142,1.7036,W
S068,ITC,2022-01-17 10:20:00+05:30,-0.0717,-0.1459,0,,0.3934,66.67,-1.0,0,0.5302,1.0,3,1,1,0,0,3,4,2022-01-17 10:35:00+05:30,2022-01-17 10:40:00+05:30,2022-01-17 11:55:00+05:30,188.45,187.36964285714285,190.39464285714286,1.9446,W
S069,ITC,2022-01-17 11:35:00+05:30,0.122,0.073,10,6.0,0.253,62.5,0.3333,0,0.8953,,0,1,1,0,1,0,1,2022-01-17 11:35:00+05:30,2022-01-17 11:40:00+05:30,2022-01-17 11:55:00+05:30,188.9,188.1589285714286,190.23392857142858,1.3339,W
S070,ITC,2022-01-17 13:05:00+05:30,0.1527,0.1621,17,13.0,0.2045,0.0,1.3077,0,4.7623,,0,1,0,0,1,0,1,2022-01-17 13:05:00+05:30,2022-01-17 13:10:00+05:30,2022-01-17 15:00:00+05:30,189.95,189.15535714285713,191.38035714285712,0.45,EOD+
S071,ITC,2022-01-17 13:40:00+05:30,0.1196,0.2037,5,3.0,0.4421,50.0,0.0,0,0.3987,0.0,1,1,0,1,0,1,2,2022-01-17 13:45:00+05:30,2022-01-17 13:50:00+05:30,2022-01-17 15:00:00+05:30,190.3,189.45178571428573,191.8267857142857,0.1,EOD+
S072,ITC,2022-01-17 14:15:00+05:30,0.0591,0.0368,4,4.0,0.091,33.33,2.0769,0,0.2837,,0,0,0,1,1,0,1,2022-01-17 14:15:00+05:30,2022-01-17 14:20:00+05:30,2022-01-17 15:00:00+05:30,190.45,189.55714285714285,192.05714285714285,-0.05,EOD-
S073,ITC,2022-01-18 09:15:00+05:30,,,0,,0.6087,93.33,-1.0,0,3.986,,0,1,0,1,1,0,1,2022-01-18 09:15:00+05:30,2022-01-18 09:20:00+05:30,2022-01-18 09:35:00+05:30,191.55,190.72857142857143,193.02857142857147,-0.8214,L
S074,ITC,2022-01-18 10:30:00+05:30,-0.1209,-0.0985,0,,1.7752,42.86,-0.8969,0,1.829,1.0,9,0,1,1,0,9,10,2022-01-18 11:15:00+05:30,2022-01-18 11:20:00+05:30,2022-01-18 14:05:00+05:30,189.8,188.43392857142857,192.25892857142858,-1.3661,L
S075,ITC,2022-01-18 12:25:00+05:30,-0.0145,-0.0211,0,,1.1271,0.0,-0.5789,0,4.601,1.0,9,0,1,0,0,9,10,2022-01-18 13:10:00+05:30,2022-01-18 13:15:00+05:30,2022-01-18 13:45:00+05:30,189.2,188.67321428571427,190.1482142857143,-0.5268,L
S076,ITC,2022-01-18 13:20:00+05:30,-0.0542,-0.0793,0,,0.9927,60.0,-0.4872,0,1.242,1.0,3,0,0,0,0,3,4,2022-01-18 13:35:00+05:30,2022-01-18 13:40:00+05:30,2022-01-18 13:45:00+05:30,189.1,188.60892857142858,189.98392857142858,-0.4911,L
S077,ITC,2022-01-19 09:25:00+05:30,,,0,,1.5091,12.5,-0.8193,0,0.325,0.0,9,0,1,1,0,9,10,2022-01-19 10:10:00+05:30,2022-01-19 10:15:00+05:30,2022-01-19 11:15:00+05:30,186.8,185.425,189.275,-1.375,L
S078,ITC,2022-01-19 11:00:00+05:30,-0.1007,-0.118,0,,1.7541,85.71,-0.9061,0,0.7733,0.0,9,1,0,0,0,9,10,2022-01-19 11:45:00+05:30,2022-01-19 11:50:00+05:30,2022-01-19 13:00:00+05:30,186.1,185.3410714285714,187.46607142857144,1.3661,W
S079,ITC,2022-01-19 12:25:00+05:30,-0.0081,-0.0242,6,5.0,0.7318,75.0,-0.7101,0,1.6444,0.0,5,1,0,1,0,5,6,2022-01-19 12:50:00+05:30,2022-01-19 12:55:00+05:30,2022-01-19 13:00:00+05:30,186.1,185.5107142857143,187.16071428571428,1.0607,W
S080,ITC,2022-01-19 14:00:00+05:30,0.155,0.1766,12,8.0,0.0862,50.0,0.1765,0,0.6977,,0,1,1,0,1,0,1,2022-01-19 14:00:00+05:30,2022-01-19 14:05:00+05:30,2022-01-19 14:50:00+05:30,187.3,186.06785714285715,189.51785714285717,-1.2321,L
S081,ITC,2022-01-20 11:40:00+05:30,-0.1497,-0.1028,0,,2.8095,20.0,-0.8653,0,0.6923,0.0,9,1,0,0,0,9,10,2022-01-20 12:25:00+05:30,2022-01-20 12:30:00+05:30,2022-01-20 13:35:00+05:30,186.85,186.1892857142857,188.03928571428574,-0.6607,L
S082,ITC,2022-01-20 13:00:00+05:30,-0.0442,-0.0335,6,4.0,0.4926,50.0,0.0526,0,0.4894,,0,0,0,0,1,0,1,2022-01-20 13:00:00+05:30,2022-01-20 13:05:00+05:30,2022-01-20 14:00:00+05:30,186.6,185.8767857142857,187.90178571428572,-0.7232,L
S083,ITC,2022-01-20 13:10:00+05:30,-0.0228,-0.0362,0,,0.4951,71.43,-0.6552,0,0.4432,,0,0,0,0,1,0,1,2022-01-20 13:10:00+05:30,2022-01-20 13:15:00+05:30,2022-01-20 13:55:00+05:30,186.75,186.01785714285714,188.06785714285718,-0.7321,L
S084,ITC,2022-01-21 09:15:00+05:30,,,0,,1.471,13.16,-0.7931,0,0.5719,0.0,5,1,0,1,0,5,6,2022-01-21 09:40:00+05:30,2022-01-21 09:45:00+05:30,2022-01-21 14:15:00+05:30,185.4,184.16785714285714,187.61785714285716,-1.2321,L
S085,ITC,2022-01-21 10:30:00+05:30,0.128,0.1685,9,4.0,0.0579,72.73,0.8182,0,0.6037,,0,1,1,0,1,0,1,2022-01-21 10:30:00+05:30,2022-01-21 10:35:00+05:30,2022-01-21 13:40:00+05:30,185.65,184.4625,187.7875,-1.1875,L
S086,ITC,2022-01-21 10:40:00+05:30,0.0848,0.1576,0,,0.0621,0.0,2.6364,0,0.442,,0,0,0,0,1,0,1,2022-01-21 10:40:00+05:30,2022-01-21 10:45:00+05:30,2022-01-21 13:40:00+05:30,185.65,184.54285714285714,187.64285714285714,-1.1071,L
S087,ITC,2022-01-21 11:05:00+05:30,0.0834,0.0485,0,,1.2745,80.0,-1.0,0,1.308,1.0,9,1,0,0,0,9,10,2022-01-21 11:50:00+05:30,2022-01-21 11:55:00+05:30,2022-01-21 13:25:00+05:30,185.9,184.95357142857142,187.60357142857146,-0.9464,L
S088,ITC,2022-01-21 12:45:00+05:30,0.1196,0.0888,10,2.0,0.0417,9.09,39.0,0,1.7305,,0,0,1,0,1,0,1,2022-01-21 12:45:00+05:30,2022-01-21 12:50:00+05:30,2022-01-21 13:00:00+05:30,186.55,185.8,187.9,-0.75,L
S089,ITC,2022-01-21 12:55:00+05:30,0.1115,0.1022,1,1.0,0.0761,75.0,1.0,0,1.2594,,0,0,0,1,1,0,1,2022-01-21 12:55:00+05:30,2022-01-21 13:00:00+05:30,2022-01-21 13:20:00+05:30,186.05,185.22857142857143,187.52857142857144,-0.8214,L
S090,ITC,2022-01-24 09:15:00+05:30,,,0,,1.9976,35.71,-0.0313,0,1.4445,,0,0,0,0,1,0,1,2022-01-24 09:15:00+05:30,2022-01-24 09:20:00+05:30,2022-01-24 09:30:00+05:30,184.3,183.20178571428573,186.27678571428572,-1.0982,L
S091,ITC,2022-01-24 13:00:00+05:30,-0.1908,-0.1754,0,,1.792,54.55,-0.9219,0,1.8362,1.0,9,0,0,0,0,9,10,2022-01-24 13:45:00+05:30,2022-01-24 13:50:00+05:30,2022-01-24 14:00:00+05:30,180.65,179.75714285714287,182.25714285714287,-0.8929,L
S092,ITC,2022-01-24 13:55:00+05:30,-0.0915,-0.1566,1,1.0,1.0798,89.47,-1.0,0,1.1586,1.0,5,0,0,0,0,5,6,2022-01-24 14:20:00+05:30,2022-01-24 14:25:00+05:30,2022-01-24 14:40:00+05:30,180.05,178.8982142857143,182.1232142857143,-1.1518,L
S093,ITC,2022-01-25 09:15:00+05:30,,,0,,2.4167,97.06,-0.9655,0,0.9138,0.0,4,1,0,1,0,4,5,2022-01-25 09:35:00+05:30,2022-01-25 09:40:00+05:30,2022-01-25 10:55:00+05:30,179.85,178.35,182.54999999999998,-1.5,L
S094,ITC,2022-01-25 10:10:00+05:30,0.1058,0.0683,6,2.0,0.0175,21.43,35.0,0,0.7154,,0,1,0,0,1,0,1,2022-01-25 10:10:00+05:30,2022-01-25 10:15:00+05:30,2022-01-25 15:00:00+05:30,179.95,178.1642857142857,183.1642857142857,0.95,EOD+
S095,ITC,2022-01-25 10:20:00+05:30,0.1183,0.0891,1,1.0,0.1195,84.62,-1.0,0,0.3469,0.0,3,0,0,1,0,3,4,2022-01-25 10:35:00+05:30,2022-01-25 10:40:00+05:30,2022-01-25 15:00:00+05:30,179.7,177.86964285714285,182.99464285714285,1.2,EOD+
S096,ITC,2022-01-25 11:20:00+05:30,-0.0306,-0.0167,0,,1.0978,33.33,-0.633,0,0.6634,1.0,9,0,0,1,0,9,10,2022-01-25 12:05:00+05:30,2022-01-25 12:10:00+05:30,2022-01-25 15:00:00+05:30,179.15,177.90892857142856,181.38392857142858,2.2339,W
S097,ITC,2022-01-25 12:15:00+05:30,-0.0866,-0.155,0,,0.1514,16.67,2.3333,0,0.5827,,0,0,0,1,1,0,1,2022-01-25 12:15:00+05:30,2022-01-25 12:20:00+05:30,2022-01-25 13:50:00+05:30,179.2,178.20892857142857,180.98392857142855,1.7839,W
S098,ITC,2022-01-25 12:30:00+05:30,0.0,-0.0866,1,1.0,0.1563,37.5,2.4783,0,0.862,,0,0,0,0,1,0,1,2022-01-25 12:30:00+05:30,2022-01-25 12:35:00+05:30,2022-01-25 13:50:00+05:30,179.3,178.38035714285715,180.95535714285714,1.6554,W
S099,ITC,2022-01-25 12:40:00+05:30,0.0558,-0.0279,1,1.0,0.0277,16.67,4.0,0,0.7062,,0,0,0,0,1,0,1,2022-01-25 12:40:00+05:30,2022-01-25 12:45:00+05:30,2022-01-25 13:50:00+05:30,179.15,178.24821428571428,180.7732142857143,1.6232,W
S100,ITC,2022-01-25 12:50:00+05:30,0.0516,0.0307,0,,0.5641,75.0,-0.5181,0,0.6706,,0,0,0,1,1,0,1,2022-01-25 12:50:00+05:30,2022-01-25 12:55:00+05:30,2022-01-25 13:50:00+05:30,179.3,178.38035714285715,180.95535714285717,1.6554,W
S101,ITC,2022-01-25 13:00:00+05:30,0.0154,0.0572,0,,0.0467,57.14,4.7143,0,0.7331,,0,1,0,1,1,0,1,2022-01-25 13:00:00+05:30,2022-01-25 13:05:00+05:30,2022-01-25 14:50:00+05:30,179.4,178.4625,181.08750000000003,1.6875,W
S102,ITC,2022-01-27 11:45:00+05:30,-0.0917,-0.0361,0,,0.6606,50.0,-1.0,0,1.4789,1.0,9,0,0,0,0,9,10,2022-01-27 12:30:00+05:30,2022-01-27 12:35:00+05:30,2022-01-27 13:35:00+05:30,180.0,179.36607142857142,181.14107142857145,1.1411,W
S103,ITC,2022-01-27 12:40:00+05:30,-0.0376,-0.0862,0,,0.6449,0.0,0.7073,0,0.5901,,0,1,0,0,1,0,1,2022-01-27 12:40:00+05:30,2022-01-27 12:45:00+05:30,2022-01-27 13:40:00+05:30,179.85,179.05535714285713,181.28035714285716,1.4304,W
S104,ITC,2022-01-27 12:50:00+05:30,-0.0,-0.0529,0,,0.332,71.43,-0.1304,0,0.3809,0.0,1,1,0,1,0,1,2,2022-01-27 12:55:00+05:30,2022-01-27 13:00:00+05:30,2022-01-27 13:40:00+05:30,179.75,178.88392857142856,181.3089285714286,1.5589,W
S105,ITC,2022-01-28 10:45:00+05:30,0.4387,0.4561,18,7.0,0.4061,64.71,0.3158,0,0.8745,,0,0,1,1,1,0,1,2022-01-28 10:45:00+05:30,2022-01-28 10:50:00+05:30,2022-01-28 14:00:00+05:30,185.3,184.13035714285715,187.40535714285716,-1.1696,L
S106,ITC,2022-01-28 11:05:00+05:30,0.2541,0.4154,3,3.0,0.222,55.56,0.0256,0,1.0787,,0,1,0,1,1,0,1,2022-01-28 11:05:00+05:30,2022-01-28 11:10:00+05:30,2022-01-28 14:15:00+05:30,184.9,183.8017857142857,186.87678571428575,-1.0982,L
S107,ITC,2022-01-28 11:15:00+05:30,0.1297,0.3312,0,,0.3829,75.0,-1.0,0,0.366,1.0,4,1,0,1,0,4,5,2022-01-28 11:35:00+05:30,2022-01-28 11:40:00+05:30,2022-01-28 14:00:00+05:30,185.2,184.15535714285713,187.08035714285717,-1.0446,L
S108,ITC,2022-01-28 12:05:00+05:30,0.0149,0.0216,4,4.0,0.0885,71.43,2.6364,0,0.3292,,0,0,0,0,1,0,1,2022-01-28 12:05:00+05:30,2022-01-28 12:10:00+05:30,2022-01-28 13:45:00+05:30,185.45,184.67321428571427,186.84821428571428,-0.7768,L
S109,ITC,2022-01-28 12:35:00+05:30,0.058,0.058,5,2.0,0.4876,66.67,-0.6774,0,0.4771,0.0,1,0,0,0,0,1,2,2022-01-28 12:40:00+05:30,2022-01-28 12:45:00+05:30,2022-01-28 13:45:00+05:30,185.35,184.55535714285713,186.78035714285716,-0.7946,L
S110,ITC,2022-01-28 12:50:00+05:30,0.0243,0.058,0,,0.6146,100.0,-1.0,0,1.0091,1.0,1,0,0,0,0,1,2,2022-01-28 12:55:00+05:30,2022-01-28 13:00:00+05:30,2022-01-28 13:40:00+05:30,185.55,184.81785714285715,186.86785714285716,-0.7321,L
S111,ITC,2022-01-28 13:05:00+05:30,0.062,0.0243,1,1.0,0.7691,0.0,0.3483,0,0.5918,,0,0,0,0,1,0,1,2022-01-28 13:05:00+05:30,2022-01-28 13:10:00+05:30,2022-01-28 13:45:00+05:30,185.45,184.72678571428568,186.75178571428572,-0.7232,L
S112,ITC,2022-01-31 09:25:00+05:30,,,2,2.0,0.1332,13.33,2.4286,0,0.8051,,0,1,1,0,1,0,1,2022-01-31 09:25:00+05:30,2022-01-31 09:30:00+05:30,2022-01-31 15:00:00+05:30,184.7,183.05714285714285,187.65714285714284,1.4,EOD+
S113,ITC,2022-01-31 09:45:00+05:30,0.0556,,3,2.0,0.8335,63.16,-0.6117,0,0.572,0.0,2,1,1,1,0,2,3,2022-01-31 09:55:00+05:30,2022-01-31 10:00:00+05:30,2022-01-31 15:00:00+05:30,184.55,183.00535714285715,187.33035714285717,1.55,EOD+
S114,ITC,2022-01-31 10:45:00+05:30,0.1082,0.1434,8,4.0,0.0058,50.0,-1.0,0,1.9548,0.0,1,0,0,0,0,1,2,2022-01-31 10:50:00+05:30,2022-01-31 10:55:00+05:30,2022-01-31 15:00:00+05:30,185.3,184.21964285714287,187.24464285714285,0.8,EOD+
S115,ITC,2022-01-31 11:20:00+05:30,0.0581,0.0811,5,4.0,0.4077,60.0,-0.6226,0,0.5417,1.0,4,0,1,1,0,4,5,2022-01-31 11:40:00+05:30,2022-01-31 11:45:00+05:30,2022-01-31 15:00:00+05:30,185.3,184.4875,186.7625,0.8,EOD+
S116,ITC,2022-01-31 11:50:00+05:30,0.0567,0.0702,0,,0.6146,0.0,-0.4444,0,0.7256,1.0,6,1,0,1,0,6,7,2022-01-31 12:20:00+05:30,2022-01-31 12:25:00+05:30,2022-01-31 15:00:00+05:30,185.1,184.36785714285716,186.41785714285712,1.3179,W
S117,ITC,2022-01-31 12:30:00+05:30,0.0,-0.0392,0,,0.491,80.0,-0.5745,0,1.9588,1.0,1,0,0,0,0,1,2,2022-01-31 12:35:00+05:30,2022-01-31 12:40:00+05:30,2022-01-31 13:30:00+05:30,185.6,185.00178571428572,186.6767857142857,-0.5982,L
S118,ITC,2022-01-31 13:10:00+05:30,0.0675,0.058,6,2.0,0.0948,60.0,-1.0,0,0.8776,0.0,2,0,1,0,0,2,3,2022-01-31 13:20:00+05:30,2022-01-31 13:25:00+05:30,2022-01-31 15:00:00+05:30,185.4,184.54285714285714,186.94285714285712,0.7,EOD+
S119,ITC,2022-01-31 13:30:00+05:30,0.0229,0.0567,0,,0.9667,42.86,-0.4483,0,1.6128,1.0,6,1,0,0,0,6,7,2022-01-31 14:00:00+05:30,2022-01-31 14:05:00+05:30,2022-01-31 15:00:00+05:30,185.45,184.5125,187.13749999999996,0.65,EOD+
S120,ITC,2022-02-01 09:15:00+05:30,,,0,,0.65,77.42,0.0769,0,1.7906,,0,1,1,0,1,0,1,2022-02-01 09:15:00+05:30,2022-02-01 09:20:00+05:30,2022-02-01 12:25:00+05:30,186.15,184.9,188.4,2.25,W
S121,ITC,2022-02-01 09:25:00+05:30,,,0,,0.4396,46.15,-0.8058,0,1.2463,0.0,1,1,1,0,0,1,2,2022-02-01 09:30:00+05:30,2022-02-01 09:35:00+05:30,2022-02-01 12:30:00+05:30,186.3,184.83571428571432,188.93571428571428,2.6357,W
S122,ITC,2022-02-01 10:00:00+05:30,0.0872,0.1033,4,4.0,0.3333,0.0,0.5,0,0.3789,,0,0,0,0,1,0,1,2022-02-01 10:00:00+05:30,2022-02-01 10:05:00+05:30,2022-02-01 12:30:00+05:30,186.4,184.9,189.1,2.7,W
S123,ITC,2022-02-01 10:10:00+05:30,0.0617,0.102,0,,0.166,0.0,0.0811,0,0.4257,,0,0,0,0,1,0,1,2022-02-01 10:10:00+05:30,2022-02-01 10:15:00+05:30,2022-02-01 12:30:00+05:30,186.4,185.00714285714287,188.90714285714284,2.5071,W
S124,ITC,2022-02-01 10:20:00+05:30,0.0603,0.0765,0,,0.4325,90.0,-0.7938,0,0.447,,0,0,0,0,1,0,1,2022-02-01 10:20:00+05:30,2022-02-01 10:25:00+05:30,2022-02-01 12:30:00+05:30,186.7,185.29821428571427,189.22321428571428,2.5232,W
S125,ITC,2022-02-01 10:35:00+05:30,0.0255,0.0603,1,1.0,0.1037,22.22,2.75,0,0.6574,,0,0,0,0,1,0,1,2022-02-01 10:35:00+05:30,2022-02-01 10:40:00+05:30,2022-02-01 12:15:00+05:30,186.55,185.5857142857143,188.28571428571428,1.7357,W
S126,ITC,2022-02-01 10:50:00+05:30,-0.0067,0.0255,2,2.0,0.1253,33.33,1.3529,0,0.4165,,0,0,0,0,1,0,1,2022-02-01 10:50:00+05:30,2022-02-01 10:55:00+05:30,2022-02-01 12:15:00+05:30,186.45,185.6017857142857,187.9767857142857,1.5268,W
S127,ITC,2022-02-01 11:00:00+05:30,0.0107,-0.0027,0,,0.7828,12.5,-0.2308,0,3.4538,1.0,3,0,0,0,0,3,4,2022-02-01 11:15:00+05:30,2022-02-01 11:20:00+05:30,2022-02-01 11:35:00+05:30,187.2,186.36964285714282,188.69464285714287,-0.8304,L
S128,ITC,2022-02-01 11:25:00+05:30,0.0616,0.0335,1,1.0,0.0614,8.33,15.0,0,1.0196,,0,0,1,0,1,0,1,2022-02-01 11:25:00+05:30,2022-02-01 11:30:00+05:30,2022-02-01 12:30:00+05:30,187.0,185.98214285714286,188.83214285714288,1.8321,W
S129,ITC,2022-02-01 11:35:00+05:30,0.0616,0.0509,0,,0.8309,43.75,0.0959,0,2.6826,,0,1,0,0,1,0,1,2022-02-01 11:35:00+05:30,2022-02-01 11:40:00+05:30,2022-02-01 12:30:00+05:30,187.0,185.9017857142857,188.97678571428574,1.9768,W
S130,ITC,2022-02-01 11:45:00+05:30,0.0603,0.0536,1,1.0,0.3748,14.29,1.3529,0,2.3126,,0,1,0,0,1,0,1,2022-02-01 11:45:00+05:30,2022-02-01 11:50:00+05:30,2022-02-01 12:30:00+05:30,186.9,185.76607142857142,188.94107142857146,2.0411,W
S131,ITC,2022-02-01 11:55:00+05:30,0.079,0.0616,1,1.0,0.0748,33.33,4.7143,0,1.8332,,0,0,0,0,1,0,1,2022-02-01 11:55:00+05:30,2022-02-01 12:00:00+05:30,2022-02-01 12:30:00+05:30,187.05,185.88035714285715,189.15535714285716,2.1054,W
S132,ITC,2022-02-01 12:05:00+05:30,0.0643,0.0656,1,1.0,0.1358,14.29,2.8462,0,1.6362,,0,1,1,1,1,0,1,2022-02-01 12:05:00+05:30,2022-02-01 12:10:00+05:30,2022-02-01 12:30:00+05:30,187.0,185.80357142857142,189.15357142857144,2.1536,W
S133,ITC,2022-02-01 13:00:00+05:30,0.3193,0.405,9,5.0,0.1109,27.59,3.0741,0,1.4381,,0,1,0,0,1,0,1,2022-02-01 13:00:00+05:30,2022-02-01 13:05:00+05:30,2022-02-01 15:00:00+05:30,188.35,185.30535714285713,193.83035714285714,4.3,EOD+
S134,ITC,2022-02-02 10:40:00+05:30,0.2602,0.2849,0,,1.0417,28.57,-0.68,0,0.6533,1.0,9,1,0,1,0,9,10,2022-02-02 11:25:00+05:30,2022-02-02 11:30:00+05:30,2022-02-02 15:00:00+05:30,195.15,193.64999999999998,197.85000000000002,1.8,EOD+
S135,ITC,2022-02-02 13:10:00+05:30,0.1792,0.271,0,,1.5087,62.5,-0.8198,0,0.9912,1.0,9,1,0,1,0,9,10,2022-02-02 13:55:00+05:30,2022-02-02 14:00:00+05:30,2022-02-02 15:00:00+05:30,196.7,195.78035714285713,198.35535714285714,0.25,EOD+
S136,ITC,2022-02-03 09:15:00+05:30,,,0,,1.2545,73.91,-0.4475,0,2.2804,,0,0,0,0,1,0,1,2022-02-03 09:15:00+05:30,2022-02-03 09:20:00+05:30,2022-02-03 09:30:00+05:30,197.45,196.5482142857143,199.07321428571427,-0.9018,L
S137,ITC,2022-02-03 09:25:00+05:30,,,0,,0.6017,14.29,-0.2308,0,1.6313,1.0,3,0,0,0,0,3,4,2022-02-03 09:40:00+05:30,2022-02-03 09:45:00+05:30,2022-02-03 15:00:00+05:30,197.65,196.56964285714287,199.59464285714284,1.4,EOD+
S138,ITC,2022-02-03 10:50:00+05:30,0.2072,0.21,13,7.0,0.4057,16.67,0.5385,0,0.6224,,0,0,0,0,1,0,1,2022-02-03 10:50:00+05:30,2022-02-03 10:55:00+05:30,2022-02-03 15:00:00+05:30,198.0,196.59821428571428,200.52321428571432,1.05,EOD+
S139,ITC,2022-02-03 11:40:00+05:30,-0.0644,0.0391,0,,2.1631,50.0,-0.9417,0,0.744,1.0,9,1,0,1,0,9,10,2022-02-03 12:25:00+05:30,2022-02-03 12:30:00+05:30,2022-02-03 15:00:00+05:30,197.35,196.35892857142855,199.13392857142858,1.7,EOD+
S140,ITC,2022-02-03 13:00:00+05:30,0.0114,-0.0215,6,5.0,0.1647,40.0,2.0,0,0.7136,,0,1,0,0,1,0,1,2022-02-03 13:00:00+05:30,2022-02-03 13:05:00+05:30,2022-02-03 14:45:00+05:30,197.4,196.64107142857142,198.76607142857145,1.3661,W
S141,ITC,2022-02-03 13:40:00+05:30,0.0469,0.0367,7,6.0,1.3918,90.91,-1.0,0,0.7177,0.0,3,1,1,1,0,3,4,2022-02-03 13:55:00+05:30,2022-02-03 14:00:00+05:30,2022-02-03 14:55:00+05:30,197.65,196.89107142857142,199.01607142857145,1.3661,W
S142,ITC,2022-02-04 09:40:00+05:30,0.0428,,0,,1.8579,30.0,-0.5657,0,0.4113,0.0,9,1,0,1,0,9,10,2022-02-04 10:25:00+05:30,2022-02-04 10:30:00+05:30,2022-02-04 15:00:00+05:30,198.45,195.3517857142857,204.0267857142857,0.05,EOD+
S143,ITC,2022-02-04 10:40:00+05:30,-0.0416,-0.077,2,2.0,0.4346,60.0,-0.1946,0,0.1338,0.0,1,1,0,1,0,1,2,2022-02-04 10:45:00+05:30,2022-02-04 10:50:00+05:30,2022-02-04 15:00:00+05:30,198.35,196.20714285714286,202.20714285714286,0.15,EOD+
S144,ITC,2022-02-04 10:55:00+05:30,-0.0164,-0.0416,1,1.0,0.0662,37.5,4.2632,0,0.2408,,0,0,0,0,1,0,1,2022-02-04 10:55:00+05:30,2022-02-04 11:00:00+05:30,2022-02-04 15:00:00+05:30,198.35,196.55535714285713,201.58035714285714,0.15,EOD+
S145,ITC,2022-02-04 11:05:00+05:30,-0.0694,0.024,1,1.0,0.1266,40.0,0.7647,0,0.3067,,0,1,1,1,1,0,1,2022-02-04 11:05:00+05:30,2022-02-04 11:10:00+05:30,2022-02-04 15:00:00+05:30,198.1,196.42142857142858,201.12142857142857,0.4,EOD+
S146,ITC,2022-02-04 12:20:00+05:30,0.1105,0.1897,14,9.0,0.0645,33.33,5.1538,0,0.6278,,0,1,0,0,1,0,1,2022-02-04 12:20:00+05:30,2022-02-04 12:25:00+05:30,2022-02-04 15:00:00+05:30,199.4,198.14107142857142,201.66607142857143,-0.9,EOD-
S147,ITC,2022-02-04 13:00:00+05:30,0.0865,0.1629,0,,2.3314,30.0,-0.7455,0,0.8961,0.0,9,0,0,0,0,9,10,2022-02-04 13:45:00+05:30,2022-02-04 13:50:00+05:30,2022-02-04 15:00:00+05:30,199.25,198.19642857142856,201.1464285714286,-1.0536,L
S148,ITC,2022-02-04 13:55:00+05:30,-0.0238,-0.0904,0,,0.1603,62.5,0.3333,0,0.6467,,0,1,0,1,1,0,1,2022-02-04 13:55:00+05:30,2022-02-04 14:00:00+05:30,2022-02-04 15:00:00+05:30,199.4,198.23035714285714,201.50535714285715,-1.1696,L
S149,ITC,2022-02-07 09:55:00+05:30,-0.2969,-0.2799,0,,2.3323,90.91,-0.9731,0,0.4114,0.0,9,1,0,1,0,9,10,2022-02-07 10:40:00+05:30,2022-02-07 10:45:00+05:30,2022-02-07 11:45:00+05:30,197.1,195.10892857142858,200.68392857142857,-1.9911,L
S150,ITC,2022-02-07 10:55:00+05:30,-0.1931,-0.2132,2,2.0,0.1619,85.71,-0.4118,0,0.3328,0.0,1,1,0,1,0,1,2,2022-02-07 11:00:00+05:30,2022-02-07 11:05:00+05:30,2022-02-07 11:45:00+05:30,196.8,195.4875,199.16250000000002,-1.3125,L
S151,ITC,2022-02-07 13:40:00+05:30,-0.1054,-0.1901,0,,0.6523,0.0,-0.5122,0,1.1126,1.0,9,1,1,0,0,9,10,2022-02-07 14:25:00+05:30,2022-02-07 14:30:00+05:30,2022-02-07 15:00:00+05:30,194.55,193.76428571428573,195.96428571428572,0.2,EOD+
S152,ITC,2022-02-08 10:40:00+05:30,-0.0281,0.0754,0,,1.8711,33.33,-0.8118,0,0.3663,0.0,9,0,0,1,0,9,10,2022-02-08 11:25:00+05:30,2022-02-08 11:30:00+05:30,2022-02-08 15:00:00+05:30,195.0,193.58035714285714,197.55535714285716,0.7,EOD+
S153,ITC,2022-02-08 11:35:00+05:30,-0.1424,-0.1615,0,,0.2039,66.67,-0.4595,0,1.4151,,0,0,0,0,1,0,1,2022-02-08 11:35:00+05:30,2022-02-08 11:40:00+05:30,2022-02-08 13:15:00+05:30,195.5,194.36607142857142,197.54107142857146,-1.1339,L
S154,ITC,2022-02-08 13:30:00+05:30,-0.0985,-0.0294,0,,2.8143,42.86,-0.797,0,1.0816,1.0,9,1,0,0,0,9,10,2022-02-08 14:15:00+05:30,2022-02-08 14:20:00+05:30,2022-02-08 15:00:00+05:30,194.95,194.075,196.52499999999998,0.75,EOD+
S155,ITC,2022-02-08 14:25:00+05:30,-0.1193,-0.1461,0,,0.5467,0.0,0.4634,0,0.7854,,0,0,0,1,1,0,1,2022-02-08 14:25:00+05:30,2022-02-08 14:30:00+05:30,2022-02-08 15:00:00+05:30,194.95,194.0125,196.63750000000002,0.75,EOD+
S156,ITC,2022-02-09 09:45:00+05:30,0.138,,6,6.0,0.0042,91.3,-1.0,0,1.2649,,0,1,0,0,1,0,1,2022-02-09 09:45:00+05:30,2022-02-09 09:50:00+05:30,2022-02-09 11:30:00+05:30,196.65,195.17678571428573,199.3017857142857,-1.4732,L
S157,ITC,2022-02-09 13:05:00+05:30,-0.1333,-0.1204,0,,2.7904,100.0,-1.0,0,4.122,1.0,9,0,0,0,0,9,10,2022-02-09 13:50:00+05:30,2022-02-09 13:55:00+05:30,2022-02-09 15:00:00+05:30,194.75,194.09821428571428,195.9232142857143,0.2,EOD+
S158,ITC,2022-02-10 09:15:00+05:30,,,0,,2.507,72.73,-1.0,0,1.7805,0.0,1,0,1,0,0,1,2,2022-02-10 09:20:00+05:30,2022-02-10 09:25:00+05:30,2022-02-10 09:35:00+05:30,195.1,193.94821428571427,197.1732142857143,-1.1518,L
S159,ITC,2022-02-10 09:55:00+05:30,-0.1812,-0.059,0,,2.2949,28.57,-1.0,0,1.2963,1.0,9,0,0,0,0,9,10,2022-02-10 10:40:00+05:30,2022-02-10 10:45:00+05:30,2022-02-10 14:45:00+05:30,194.25,192.83928571428572,196.7892857142857,2.5393,W
S160,ITC,2022-02-10 11:35:00+05:30,0.0812,-0.0168,10,7.0,0.0073,25.0,119.0,0,1.4424,,0,0,0,0,1,0,1,2022-02-10 11:35:00+05:30,2022-02-10 11:40:00+05:30,2022-02-10 13:50:00+05:30,194.4,193.54285714285714,195.94285714285715,1.5429,W
S161,ITC,2022-02-11 09:40:00+05:30,-0.051,,0,,1.8172,77.78,-1.0,0,0.6674,0.0,9,0,0,0,0,9,10,2022-02-11 10:25:00+05:30,2022-02-11 10:30:00+05:30,2022-02-11 11:05:00+05:30,196.0,194.6517857142857,198.42678571428573,-1.3482,L
S162,ITC,2022-02-11 11:05:00+05:30,-0.1023,-0.0856,0,,2.5247,0.0,-0.7508,0,1.2942,0.0,9,0,0,0,0,9,10,2022-02-11 11:50:00+05:30,2022-02-11 11:55:00+05:30,2022-02-11 13:25:00+05:30,195.5,194.70535714285714,196.93035714285716,1.4304,W
S163,ITC,2022-02-11 14:05:00+05:30,0.1716,0.2227,26,4.0,0.3759,55.56,0.3793,0,1.411,,0,1,0,0,1,0,1,2022-02-11 14:05:00+05:30,2022-02-11 14:10:00+05:30,2022-02-11 15:00:00+05:30,196.7,195.73571428571427,198.43571428571428,0.25,EOD+
S164,ITC,2022-02-11 14:15:00+05:30,0.1525,0.1984,0,,0.0118,71.43,-1.0,0,0.7006,,0,0,0,1,1,0,1,2022-02-11 14:15:00+05:30,2022-02-11 14:20:00+05:30,2022-02-11 15:00:00+05:30,196.9,195.8375,198.8125,0.05,EOD+
S165,ITC,2022-02-11 14:25:00+05:30,0.1156,0.1601,0,,0.1796,50.0,-0.3103,0,0.5957,,0,0,0,1,1,0,1,2022-02-11 14:25:00+05:30,2022-02-11 14:30:00+05:30,2022-02-11 15:00:00+05:30,196.85,195.8410714285714,198.66607142857143,0.1,EOD+
S166,ITC,2022-02-14 10:00:00+05:30,-1.029,-1.0499,0,,3.4844,33.33,-0.9616,0,0.8453,1.0,9,0,0,0,0,9,10,2022-02-14 10:45:00+05:30,2022-02-14 10:50:00+05:30,2022-02-14 14:25:00+05:30,189.45,186.64642857142857,194.49642857142854,-2.8036,L
S167,ITC,2022-02-14 11:10:00+05:30,-0.1759,-0.7989,4,4.0,0.2873,25.0,0.8182,0,0.6441,,0,1,0,1,1,0,1,2022-02-14 11:10:00+05:30,2022-02-14 11:15:00+05:30,2022-02-14 12:40:00+05:30,189.15,187.95357142857142,191.30357142857144,-1.1964,L
S168,ITC,2022-02-14 11:30:00+05:30,0.0885,0.0344,2,2.0,0.0556,40.0,3.0,0,0.3381,,0,0,0,1,1,0,1,2022-02-14 11:30:00+05:30,2022-02-14 11:35:00+05:30,2022-02-14 12:40:00+05:30,189.25,188.125,191.27500000000003,-1.125,L
S169,ITC,2022-02-14 11:40:00+05:30,0.0397,0.0833,0,,0.6257,0.0,-0.604,0,0.6374,1.0,7,0,0,0,0,7,8,2022-02-14 12:15:00+05:30,2022-02-14 12:20:00+05:30,2022-02-14 12:40:00+05:30,189.25,188.24107142857142,191.06607142857143,-1.0089,L
S170,ITC,2022-02-14 12:30:00+05:30,-0.0304,-0.0066,2,1.0,1.3341,90.91,-1.0,0,0.8919,0.0,9,0,1,1,0,9,10,2022-02-14 13:15:00+05:30,2022-02-14 13:20:00+05:30,2022-02-14 13:55:00+05:30,188.75,187.99107142857142,190.11607142857144,-0.7589,L
S171,ITC,2022-02-14 13:25:00+05:30,-0.0543,-0.1192,0,,0.1969,0.0,1.2222,0,1.1126,,0,0,0,0,1,0,1,2022-02-14 13:25:00+05:30,2022-02-14 13:30:00+05:30,2022-02-14 14:00:00+05:30,188.75,187.89285714285714,190.29285714285714,-0.8571,L
S172,ITC,2022-02-14 13:35:00+05:30,-0.0225,-0.0769,0,,0.6615,40.0,-0.2233,0,0.8317,,0,0,0,0,1,0,1,2022-02-14 13:35:00+05:30,2022-02-14 13:40:00+05:30,2022-02-14 14:00:00+05:30,188.7,187.7267857142857,190.4517857142857,-0.9732,L
S173,ITC,2022-02-15 09:15:00+05:30,,,0,,1.0255,0.0,0.7391,0,1.8134,,0,0,0,0,1,0,1,2022-02-15 09:15:00+05:30,2022-02-15 09:20:00+05:30,2022-02-15 10:10:00+05:30,187.25,185.84821428571428,189.7732142857143,-1.4018,L
S174,ITC,2022-02-15 09:25:00+05:30,,,0,,0.8574,21.43,-0.1304,0,1.9909,1.0,1,0,0,0,0,1,2,2022-02-15 09:30:00+05:30,2022-02-15 09:35:00+05:30,2022-02-15 10:10:00+05:30,187.3,185.79107142857143,190.01607142857145,-1.5089,L
S175,ITC,2022-02-15 09:40:00+05:30,-0.1005,,1,1.0,0.6586,56.25,-0.5429,0,0.8719,1.0,2,0,0,0,0,2,3,2022-02-15 09:50:00+05:30,2022-02-15 09:55:00+05:30,2022-02-15 10:10:00+05:30,187.3,185.63928571428573,190.28928571428574,-1.6607,L
S176,ITC,2022-02-15 10:15:00+05:30,-0.122,-0.0509,0,,1.2478,25.0,-0.8374,0,0.4788,0.0,9,0,0,1,0,9,10,2022-02-15 11:00:00+05:30,2022-02-15 11:05:00+05:30,2022-02-15 15:00:00+05:30,186.2,184.35178571428568,189.52678571428572,2.4,EOD+
S177,ITC,2022-02-15 11:10:00+05:30,-0.1196,-0.0672,0,,0.2813,50.0,-0.5349,0,1.3898,,0,1,0,0,1,0,1,2022-02-15 11:10:00+05:30,2022-02-15 11:15:00+05:30,2022-02-15 13:00:00+05:30,186.05,185.09464285714287,187.76964285714288,1.7196,W
S178,ITC,2022-02-15 13:20:00+05:30,0.1468,0.1536,24,4.0,0.5899,63.64,-0.4667,0,1.0116,1.0,1,1,0,0,0,1,2,2022-02-15 13:25:00+05:30,2022-02-15 13:30:00+05:30,2022-02-15 14:10:00+05:30,187.35,186.55535714285713,188.78035714285716,1.4304,W
S179,ITC,2022-02-16 10:00:00+05:30,0.1216,0.1283,9,9.0,0.4928,0.0,0.3084,0,0.657,,0,0,0,1,1,0,1,2022-02-16 10:00:00+05:30,2022-02-16 10:05:00+05:30,2022-02-16 15:00:00+05:30,189.25,187.89285714285714,191.69285714285712,-0.35,EOD-
S180,ITC,2022-02-16 10:30:00+05:30,0.0079,0.0463,0,,0.8535,0.0,-0.8561,0,1.2948,1.0,9,0,0,1,0,9,10,2022-02-16 11:15:00+05:30,2022-02-16 11:20:00+05:30,2022-02-16 15:00:00+05:30,188.9,187.88214285714287,190.73214285714286,0.0,EOD-
S181,ITC,2022-02-16 11:25:00+05:30,-0.1046,-0.1509,1,1.0,0.2891,25.0,0.5789,0,0.3053,,0,0,1,1,1,0,1,2022-02-16 11:25:00+05:30,2022-02-16 11:30:00+05:30,2022-02-16 15:00:00+05:30,188.9,188.07857142857142,190.37857142857143,0.0,EOD-
S182,ITC,2022-02-16 11:35:00+05:30,-0.0874,-0.1099,0,,1.2453,80.0,-0.7633,0,0.7554,1.0,2,1,0,1,0,2,3,2022-02-16 11:45:00+05:30,2022-02-16 11:50:00+05:30,2022-02-16 15:00:00+05:30,188.95,188.1017857142857,190.4767857142857,-0.05,EOD-
S183,ITC,2022-02-16 12:25:00+05:30,0.0477,0.0728,7,4.0,0.3214,83.33,-0.5556,0,0.4859,0.0,1,1,0,1,0,1,2,2022-02-16 12:30:00+05:30,2022-02-16 12:35:00+05:30,2022-02-16 15:00:00+05:30,188.9,188.025,190.47500000000002,0.0,EOD-
S184,ITC,2022-02-16 12:50:00+05:30,0.1177,0.0635,2,2.0,0.0951,87.5,0.4286,0,0.4261,,0,0,1,0,1,0,1,2022-02-16 12:50:00+05:30,2022-02-16 12:55:00+05:30,2022-02-16 15:00:00+05:30,189.2,188.28035714285713,190.85535714285714,-0.3,EOD-
S185,ITC,2022-02-16 13:00:00+05:30,0.0886,0.1071,0,,0.336,62.5,0.25,0,0.2389,,0,0,0,0,1,0,1,2022-02-16 13:00:00+05:30,2022-02-16 13:05:00+05:30,2022-02-16 15:00:00+05:30,189.4,188.50714285714287,191.00714285714287,-0.5,EOD-
S186,ITC,2022-02-16 13:10:00+05:30,0.0595,0.1058,1,1.0,0.0571,25.0,4.0,0,0.6186,,0,0,1,0,1,0,1,2022-02-16 13:10:00+05:30,2022-02-16 13:15:00+05:30,2022-02-16 15:00:00+05:30,189.45,188.575,191.02499999999998,-0.55,EOD-
S187,ITC,2022-02-16 13:20:00+05:30,0.0832,0.0687,0,,0.3086,50.0,-0.0244,0,0.2915,,0,1,0,1,1,0,1,2022-02-16 13:20:00+05:30,2022-02-16 13:25:00+05:30,2022-02-16 15:00:00+05:30,189.4,188.56964285714287,190.89464285714286,-0.5,EOD-
S188,ITC,2022-02-16 14:20:00+05:30,0.1029,0.0765,11,3.0,0.0,28.57,,1,0.9182,,0,1,1,0,1,0,1,2022-02-16 14:20:00+05:30,2022-02-16 14:25:00+05:30,2022-02-16 14:45:00+05:30,189.8,189.10357142857146,191.05357142857144,-0.6964,L
S189,ITC,2022-02-17 09:15:00+05:30,,,0,,0.8647,87.5,-1.0,0,1.9636,,0,1,0,0,1,0,1,2022-02-17 09:15:00+05:30,2022-02-17 09:20:00+05:30,2022-02-17 09:35:00+05:30,189.65,188.43571428571428,191.8357142857143,-1.2143,L
S190,ITC,2022-02-17 09:25:00+05:30,,,1,1.0,0.0051,55.56,59.0,0,1.5276,,0,0,0,1,1,0,1,2022-02-17 09:25:00+05:30,2022-02-17 09:30:00+05:30,2022-02-17 09:35:00+05:30,189.5,188.28571428571428,191.6857142857143,-1.2143,L
S191,ITC,2022-02-17 10:20:00+05:30,-0.1949,-0.2331,0,,2.06,75.0,-1.0,0,0.4956,1.0,9,1,0,0,0,9,10,2022-02-17 11:05:00+05:30,2022-02-17 11:10:00+05:30,2022-02-17 15:00:00+05:30,188.0,186.75,190.25,0.75,EOD+
S192,ITC,2022-02-17 11:15:00+05:30,-0.197,-0.1969,0,,0.0649,37.5,3.4444,0,0.2494,,0,1,0,0,1,0,1,2022-02-17 11:15:00+05:30,2022-02-17 11:20:00+05:30,2022-02-17 15:00:00+05:30,187.8,186.9339285714286,189.35892857142858,0.95,EOD+
S193,ITC,2022-02-17 11:50:00+05:30,-0.0266,-0.0519,5,4.0,0.1458,80.0,-1.0,0,0.245,0.0,1,0,0,1,0,1,2,2022-02-17 11:55:00+05:30,2022-02-17 12:00:00+05:30,2022-02-17 13:30:00+05:30,187.9,187.25714285714287,189.05714285714285,1.1571,W
S194,ITC,2022-02-17 12:15:00+05:30,0.0705,0.004,2,1.0,0.3062,16.67,1.1429,0,0.5162,,0,0,1,1,1,0,1,2022-02-17 12:15:00+05:30,2022-02-17 12:20:00+05:30,2022-02-17 13:30:00+05:30,188.0,187.42857142857142,189.02857142857144,1.0286,W
S195,ITC,2022-02-18 09:15:00+05:30,,,0,,0.7533,29.41,-0.469,0,1.4849,,0,0,0,0,1,0,1,2022-02-18 09:15:00+05:30,2022-02-18 09:20:00+05:30,2022-02-18 10:35:00+05:30,188.8,187.8625,190.4875,-0.9375,L
S196,ITC,2022-02-18 09:25:00+05:30,,,0,,0.4292,20.0,-0.6923,0,0.3441,1.0,1,0,0,1,0,1,2,2022-02-18 09:30:00+05:30,2022-02-18 09:35:00+05:30,2022-02-18 10:35:00+05:30,188.8,187.85357142857143,190.50357142857146,-0.9464,L
S197,ITC,2022-02-18 09:40:00+05:30,-0.0053,,0,,0.3147,37.5,0.2245,0,0.8029,,0,0,1,0,1,0,1,2022-02-18 09:40:00+05:30,2022-02-18 09:45:00+05:30,2022-02-18 10:45:00+05:30,188.8,187.8267857142857,190.55178571428576,-0.9732,L
S198,ITC,2022-02-18 09:50:00+05:30,-0.0066,,0,,0.25,40.0,-1.0,0,0.3055,0.0,1,1,0,1,0,1,2,2022-02-18 09:55:00+05:30,2022-02-18 10:00:00+05:30,2022-02-18 10:50:00+05:30,188.7,187.7,190.5,-1.0,L
S199,ITC,2022-02-18 10:05:00+05:30,-0.0119,-0.0066,1,1.0,0.0,0.0,,1,0.4406,,0,0,0,1,1,0,1,2022-02-18 10:05:00+05:30,2022-02-18 10:10:00+05:30,2022-02-18 10:35:00+05:30,188.9,187.93571428571428,190.6357142857143,-0.9643,L
S200,ITC,2022-02-18 10:25:00+05:30,-0.0358,-0.004,0,,1.2209,33.33,-1.0,0,1.5788,1.0,9,0,0,0,0,9,10,2022-02-18 11:10:00+05:30,2022-02-18 11:15:00+05:30,2022-02-18 15:00:00+05:30,188.5,187.73214285714283,189.88214285714287,-0.4,EOD-
S201,ITC,2022-02-18 11:20:00+05:30,-0.0651,-0.0836,0,,0.9705,60.0,-0.6721,0,0.4857,0.0,3,0,1,0,0,3,4,2022-02-18 11:35:00+05:30,2022-02-18 11:40:00+05:30,2022-02-18 14:50:00+05:30,188.55,187.76428571428573,189.96428571428572,-0.7857,L
S202,ITC,2022-02-18 12:00:00+05:30,-0.0239,-0.0465,4,3.0,0.1697,62.5,-1.0,0,0.6578,0.0,1,1,0,1,0,1,2,2022-02-18 12:05:00+05:30,2022-02-18 12:10:00+05:30,2022-02-18 15:00:00+05:30,188.5,187.61607142857144,190.0910714285714,-0.4,EOD-
S203,ITC,2022-02-18 13:25:00+05:30,0.0477,0.0742,15,14.0,0.6453,66.67,-0.322,0,0.67,0.0,4,0,0,1,0,4,5,2022-02-18 13:45:00+05:30,2022-02-18 13:50:00+05:30,2022-02-18 14:40:00+05:30,188.7,188.1285714285714,189.72857142857146,-0.5714,L
S204,ITC,2022-02-18 13:55:00+05:30,0.0212,0.0291,0,,0.6767,50.0,-0.6552,0,0.845,,0,0,0,1,1,0,1,2022-02-18 13:55:00+05:30,2022-02-18 14:00:00+05:30,2022-02-18 14:40:00+05:30,188.7,188.16428571428568,189.66428571428574,-0.5357,L
S205,ITC,2022-02-18 14:05:00+05:30,0.0053,0.0238,0,,0.7,25.0,-0.322,0,1.3277,,0,0,0,1,1,0,1,2022-02-18 14:05:00+05:30,2022-02-18 14:10:00+05:30,2022-02-18 14:40:00+05:30,188.7,188.17321428571427,189.64821428571432,-0.5268,L
S206,ITC,2022-02-21 10:05:00+05:30,-0.2338,-0.2815,0,,1.4157,0.0,-0.631,0,1.3179,1.0,9,0,0,0,0,9,10,2022-02-21 10:50:00+05:30,2022-02-21 10:55:00+05:30,2022-02-21 14:45:00+05:30,186.65,185.45357142857142,188.80357142857147,-1.1964,L
S207,ITC,2022-02-21 11:00:00+05:30,-0.1247,-0.2387,0,,0.4394,0.0,0.0169,0,0.762,,0,0,0,0,1,0,1,2022-02-21 11:00:00+05:30,2022-02-21 11:05:00+05:30,2022-02-21 14:35:00+05:30,186.35,185.51071428571427,187.8607142857143,-0.8393,L
S208,ITC,2022-02-21 11:10:00+05:30,-0.0161,-0.1784,0,,0.2511,71.43,-0.3939,0,1.0085,,0,0,0,1,1,0,1,2022-02-21 11:10:00+05:30,2022-02-21 11:15:00+05:30,2022-02-21 14:20:00+05:30,186.65,185.82857142857142,188.12857142857143,-0.8214,L
S209,ITC,2022-02-21 11:20:00+05:30,0.0268,-0.0764,0,,0.7452,25.0,-0.596,0,0.8237,1.0,6,1,0,1,0,6,7,2022-02-21 11:50:00+05:30,2022-02-21 11:55:00+05:30,2022-02-21 14:30:00+05:30,186.55,185.71964285714287,188.04464285714286,-0.8304,L
S210,ITC,2022-02-21 12:45:00+05:30,0.079,0.1112,10,7.0,0.21,28.57,3.1667,0,0.5757,,0,0,0,0,1,0,1,2022-02-21 12:45:00+05:30,2022-02-21 12:50:00+05:30,2022-02-21 13:25:00+05:30,187.05,186.3357142857143,188.33571428571435,-0.7143,L
S211,ITC,2022-02-21 13:05:00+05:30,0.0843,0.0723,3,1.0,0.868,37.5,-0.1398,0,1.1442,1.0,1,0,0,0,0,1,2,2022-02-21 13:10:00+05:30,2022-02-21 13:15:00+05:30,2022-02-21 13:25:00+05:30,187.0,186.33035714285714,188.20535714285717,-0.6696,L
S212,ITC,2022-02-22 10:00:00+05:30,-0.4637,-0.4801,0,,1.5582,18.18,-0.784,0,1.2655,1.0,9,0,1,0,0,9,10,2022-02-22 10:45:00+05:30,2022-02-22 10:50:00+05:30,2022-02-22 13:30:00+05:30,183.05,181.19285714285715,186.3928571428572,-1.8571,L
S213,ITC,2022-02-22 11:50:00+05:30,0.0819,0.127,12,1.0,0.0231,85.71,5.6667,0,0.7874,,0,0,0,1,1,0,1,2022-02-22 11:50:00+05:30,2022-02-22 11:55:00+05:30,2022-02-22 13:00:00+05:30,183.2,182.3875,184.6625,-0.8125,L
S214,ITC,2022-02-22 13:40:00+05:30,-0.2658,-0.2011,0,,4.3387,63.64,-0.9087,0,0.5085,0.0,9,0,0,0,0,9,10,2022-02-22 14:25:00+05:30,2022-02-22 14:30:00+05:30,2022-02-22 15:00:00+05:30,181.7,180.75357142857143,183.4035714285714,0.3,EOD+
S215,ITC,2022-02-23 10:10:00+05:30,0.1546,0.2041,11,10.0,0.3576,81.82,-0.4366,0,1.4199,1.0,8,1,0,0,0,8,9,2022-02-23 10:50:00+05:30,2022-02-23 10:55:00+05:30,2022-02-23 15:00:00+05:30,183.0,181.75892857142856,185.2339285714286,0.3,EOD+
S216,ITC,2022-02-23 12:20:00+05:30,0.1851,0.169,17,3.0,0.0333,75.0,4.0,0,0.9481,,0,1,1,0,1,0,1,2022-02-23 12:20:00+05:30,2022-02-23 12:25:00+05:30,2022-02-23 12:55:00+05:30,184.05,183.3,185.4,-0.75,L
S217,ITC,2022-02-23 12:35:00+05:30,0.1632,0.1851,2,2.0,0.2732,66.67,-0.375,0,0.7338,1.0,5,0,1,0,0,5,6,2022-02-23 13:00:00+05:30,2022-02-23 13:05:00+05:30,2022-02-23 14:00:00+05:30,184.0,183.26785714285717,185.31785714285712,-0.7321,L
S218,ITC,2022-02-23 13:10:00+05:30,0.0109,0.0326,0,,0.2307,25.0,-0.3103,0,0.4093,,0,0,0,1,1,0,1,2022-02-23 13:10:00+05:30,2022-02-23 13:15:00+05:30,2022-02-23 14:25:00+05:30,183.9,183.11428571428573,185.3142857142857,-0.7857,L
S219,ITC,2022-02-23 13:20:00+05:30,0.0054,0.0122,1,1.0,0.55,25.0,-0.3939,0,0.5059,0.0,6,0,0,1,0,6,7,2022-02-23 13:50:00+05:30,2022-02-23 13:55:00+05:30,2022-02-23 14:25:00+05:30,183.85,183.1,185.19999999999996,-0.75,L
S220,ITC,2022-02-24 09:50:00+05:30,-0.7157,,0,,4.6349,60.0,-0.9743,0,1.0299,0.0,9,1,0,0,0,9,10,2022-02-24 10:35:00+05:30,2022-02-24 10:40:00+05:30,2022-02-24 12:45:00+05:30,179.55,177.45178571428573,183.3267857142857,-2.0982,L
S221,ITC,2022-02-24 13:00:00+05:30,-0.3312,-0.2245,0,,2.5369,76.92,-0.8889,0,1.3615,1.0,9,1,0,1,0,9,10,2022-02-24 13:45:00+05:30,2022-02-24 13:50:00+05:30,2022-02-24 14:50:00+05:30,178.2,176.86964285714285,180.59464285714284,-1.3304,L
S222,ITC,2022-02-24 14:05:00+05:30,-0.0,-0.1473,2,2.0,0.3303,33.33,1.619,0,1.116,,0,0,0,1,1,0,1,2022-02-24 14:05:00+05:30,2022-02-24 14:10:00+05:30,2022-02-24 14:50:00+05:30,178.55,176.9607142857143,181.4107142857143,-1.5893,L
S223,ITC,2022-02-24 14:15:00+05:30,-0.0014,-0.0337,0,,0.7741,43.75,-0.6172,0,0.9219,,0,0,1,0,1,0,1,2022-02-24 14:15:00+05:30,2022-02-24 14:20:00+05:30,2022-02-24 14:55:00+05:30,178.25,176.5625,181.2875,-1.6875,L
S224,ITC,2022-02-25 11:25:00+05:30,0.1955,0.3597,26,9.0,0.2811,50.0,0.1321,0,1.2833,,0,1,0,0,1,0,1,2022-02-25 11:25:00+05:30,2022-02-25 11:30:00+05:30,2022-02-25 15:00:00+05:30,181.55,180.3714285714286,183.67142857142858,0.85,EOD+
S225,ITC,2022-02-25 11:55:00+05:30,0.2006,0.1636,4,4.0,0.353,0.0,1.0339,0,0.4369,,0,0,0,1,1,0,1,2022-02-25 11:55:00+05:30,2022-02-25 12:00:00+05:30,2022-02-25 12:35:00+05:30,182.15,181.10535714285714,184.03035714285716,-1.0446,L
S226,ITC,2022-02-25 12:05:00+05:30,0.1469,0.1965,0,,1.15,55.56,-0.5652,0,0.3979,0.0,3,0,0,1,0,3,4,2022-02-25 12:20:00+05:30,2022-02-25 12:25:00+05:30,2022-02-25 12:35:00+05:30,182.05,181.05,183.85000000000002,-1.0,L
S227,ITC,2022-02-25 12:40:00+05:30,-0.0852,-0.0179,0,,2.2057,57.14,-0.9401,0,0.984,1.0,9,1,0,1,0,9,10,2022-02-25 13:25:00+05:30,2022-02-25 13:30:00+05:30,2022-02-25 14:25:00+05:30,181.65,180.70357142857145,183.35357142857143,1.7036,W
S228,ITC,2022-02-25 13:35:00+05:30,-0.0881,-0.0716,0,,0.1029,16.67,3.0,0,1.0503,,0,1,1,1,1,0,1,2022-02-25 13:35:00+05:30,2022-02-25 13:40:00+05:30,2022-02-25 15:00:00+05:30,181.8,180.88928571428573,183.4392857142857,0.6,EOD+
S229,ITC,2022-02-25 13:45:00+05:30,-0.0523,-0.0853,0,,0.3394,41.67,0.6667,0,1.4288,,0,1,1,0,1,0,1,2022-02-25 13:45:00+05:30,2022-02-25 13:50:00+05:30,2022-02-25 14:25:00+05:30,181.75,180.86607142857144,183.3410714285714,1.5911,W
S230,ITC,2022-02-28 09:50:00+05:30,-0.5032,,0,,3.1595,64.29,-0.8802,0,0.3101,0.0,9,1,0,1,0,9,10,2022-02-28 10:35:00+05:30,2022-02-28 10:40:00+05:30,2022-02-28 15:00:00+05:30,180.0,178.34821428571428,182.97321428571428,2.9732,W
S231,ITC,2022-02-28 12:50:00+05:30,0.1461,0.1973,26,13.0,0.084,16.67,2.3333,0,0.7833,,0,1,0,0,1,0,1,2022-02-28 12:50:00+05:30,2022-02-28 12:55:00+05:30,2022-02-28 15:00:00+05:30,181.4,180.50714285714287,183.00714285714284,1.6071,W
S232,ITC,2022-02-28 13:30:00+05:30,0.1211,0.1459,7,1.0,1.0728,0.0,1.2695,0,2.8459,,0,1,0,0,1,0,1,2022-02-28 13:30:00+05:30,2022-02-28 13:35:00+05:30,2022-02-28 15:00:00+05:30,182.15,181.32857142857142,183.62857142857143,0.8,EOD+
S233,ITC,2022-02-28 14:00:00+05:30,0.114,0.1059,5,5.0,0.2867,56.25,1.7907,0,2.0719,,0,0,1,0,1,0,1,2022-02-28 14:00:00+05:30,2022-02-28 14:05:00+05:30,2022-02-28 15:00:00+05:30,182.2,181.2625,183.8875,0.75,EOD+
S234,ITC,2022-02-28 14:10:00+05:30,0.0852,0.1264,0,,0.6548,73.33,-0.6552,0,1.5136,,0,0,0,0,1,0,1,2022-02-28 14:10:00+05:30,2022-02-28 14:15:00+05:30,2022-02-28 15:00:00+05:30,182.35,181.24285714285713,184.34285714285713,0.6,EOD+
S235,ITC,2022-02-28 14:30:00+05:30,0.1208,0.081,3,1.0,0.07,9.09,9.7692,0,1.0639,,0,1,0,0,1,0,1,2022-02-28 14:30:00+05:30,2022-02-28 14:35:00+05:30,2022-02-28 15:00:00+05:30,182.5,181.33928571428572,184.58928571428572,0.45,EOD+
S236,ITC,2022-03-02 09:15:00+05:30,,,0,,4.1959,2.56,-0.3756,0,0.6177,0.0,2,0,0,1,0,2,3,2022-03-02 09:25:00+05:30,2022-03-02 09:30:00+05:30,2022-03-02 12:20:00+05:30,182.75,181.22321428571428,185.49821428571428,-1.5268,L
S237,ITC,2022-03-02 09:35:00+05:30,,,0,,1.253,11.11,-0.5531,0,0.2927,0.0,8,0,0,1,0,8,9,2022-03-02 10:15:00+05:30,2022-03-02 10:20:00+05:30,2022-03-02 15:00:00+05:30,182.35,180.56428571428572,185.56428571428572,-0.65,EOD-
S238,ITC,2022-03-02 10:25:00+05:30,-0.0727,-0.0891,0,,0.3022,50.0,-0.6667,0,0.3136,0.0,1,1,0,1,0,1,2,2022-03-02 10:30:00+05:30,2022-03-02 10:35:00+05:30,2022-03-02 12:30:00+05:30,182.4,181.1589285714286,184.63392857142858,-1.2411,L
S239,ITC,2022-03-02 12:20:00+05:30,-0.1179,-0.0617,0,,2.66,28.57,-0.7712,0,0.7114,0.0,9,1,0,1,0,9,10,2022-03-02 13:05:00+05:30,2022-03-02 13:10:00+05:30,2022-03-02 15:00:00+05:30,181.7,180.67321428571427,183.54821428571427,0.0,EOD-
S240,ITC,2022-03-03 10:20:00+05:30,0.2493,0.2551,13,12.0,0.1447,14.29,1.5806,0,0.7607,,0,1,1,1,1,0,1,2022-03-03 10:20:00+05:30,2022-03-03 10:25:00+05:30,2022-03-03 13:55:00+05:30,183.75,182.41071428571428,186.16071428571428,2.4107,W
S241,ITC,2022-03-03 10:30:00+05:30,0.2518,0.244,0,,0.6009,38.46,0.2371,0,0.8669,,0,1,1,0,1,0,1,2022-03-03 10:30:00+05:30,2022-03-03 10:35:00+05:30,2022-03-03 13:45:00+05:30,184.05,183.04107142857146,185.86607142857144,1.8161,W
S242,ITC,2022-03-03 12:20:00+05:30,0.1406,0.2042,21,4.0,1.5803,45.45,-0.4631,0,1.6321,0.0,3,1,0,0,0,3,4,2022-03-03 12:35:00+05:30,2022-03-03 12:40:00+05:30,2022-03-03 13:45:00+05:30,185.0,184.4107142857143,186.06071428571425,1.0607,W
S243,ITC,2022-03-03 12:45:00+05:30,0.05,0.0595,0,,0.0472,58.33,9.0,0,0.8642,,0,0,1,0,1,0,1,2022-03-03 12:45:00+05:30,2022-03-03 12:50:00+05:30,2022-03-03 13:25:00+05:30,185.55,184.75535714285715,186.98035714285714,-0.7946,L
S244,ITC,2022-03-03 13:00:00+05:30,0.0689,0.05,2,2.0,0.1,50.0,1.8571,0,1.9375,,0,0,0,1,1,0,1,2022-03-03 13:00:00+05:30,2022-03-03 13:05:00+05:30,2022-03-03 15:00:00+05:30,185.1,184.22500000000002,186.67499999999995,0.65,EOD+
S245,ITC,2022-03-03 13:10:00+05:30,0.0473,0.0743,0,,0.5906,0.0,-0.2593,0,0.4137,1.0,4,1,1,1,0,4,5,2022-03-03 13:30:00+05:30,2022-03-03 13:35:00+05:30,2022-03-03 15:00:00+05:30,185.5,184.64285714285717,187.04285714285712,0.25,EOD+
S246,ITC,2022-03-03 14:10:00+05:30,0.1335,0.0917,7,3.0,0.1284,58.33,3.0,0,2.6128,,0,1,0,0,1,0,1,2022-03-03 14:10:00+05:30,2022-03-03 14:15:00+05:30,2022-03-03 15:00:00+05:30,185.95,184.9767857142857,187.7017857142857,-0.2,EOD-
S247,ITC,2022-03-04 09:15:00+05:30,,,0,,3.665,8.7,-0.708,0,2.3683,0.0,4,1,0,0,0,4,5,2022-03-04 09:35:00+05:30,2022-03-04 09:40:00+05:30,2022-03-04 11:55:00+05:30,186.25,184.84821428571428,188.77321428571432,2.5232,W
S248,ITC,2022-03-04 10:55:00+05:30,0.2381,0.2344,15,7.0,0.1572,77.78,-0.0476,0,0.4548,1.0,4,1,0,1,0,4,5,2022-03-04 11:15:00+05:30,2022-03-04 11:20:00+05:30,2022-03-04 13:20:00+05:30,187.3,185.63035714285715,190.30535714285716,3.0054,W
S249,ITC,2022-03-04 11:25:00+05:30,0.1468,0.2564,0,,1.5937,44.44,-0.337,0,0.217,0.0,1,1,0,1,0,1,2,2022-03-04 11:30:00+05:30,2022-03-04 11:35:00+05:30,2022-03-04 13:10:00+05:30,187.35,185.93035714285713,189.90535714285716,2.5554,W
S250,ITC,2022-03-07 09:40:00+05:30,,,0,,4.537,34.62,-0.902,0,1.8475,0.0,9,0,0,0,0,9,10,2022-03-07 10:25:00+05:30,2022-03-07 10:30:00+05:30,2022-03-07 14:15:00+05:30,190.35,188.6625,193.3875,-1.6875,L
S251,ITC,2022-03-07 12:10:00+05:30,0.2783,0.3601,20,2.0,0.0183,92.86,4.0,0,0.4876,,0,1,0,0,1,0,1,2022-03-07 12:10:00+05:30,2022-03-07 12:15:00+05:30,2022-03-07 14:15:00+05:30,190.5,189.13392857142856,192.9589285714286,-1.3661,L
S252,ITC,2022-03-07 12:20:00+05:30,0.1653,0.3098,0,,0.1867,42.86,0.5,0,0.492,,0,1,0,1,1,0,1,2022-03-07 12:20:00+05:30,2022-03-07 12:25:00+05:30,2022-03-07 14:10:00+05:30,190.75,189.41071428571428,193.16071428571433,-1.3393,L
S253,ITC,2022-03-07 12:40:00+05:30,0.1363,0.1207,3,2.0,0.2522,71.43,-0.7015,0,0.4099,0.0,1,1,0,0,0,1,2,2022-03-07 12:45:00+05:30,2022-03-07 12:50:00+05:30,2022-03-07 14:15:00+05:30,190.95,189.28928571428568,193.93928571428575,-1.6607,L
S254,ITC,2022-03-08 09:15:00+05:30,,,0,,0.278,81.4,-1.0,0,0.8612,,0,1,0,1,1,0,1,2022-03-08 09:15:00+05:30,2022-03-08 09:20:00+05:30,2022-03-08 15:00:00+05:30,191.4,189.53392857142856,194.7589285714286,0.3,EOD+
S255,ITC,2022-03-08 10:40:00+05:30,0.1423,0.2169,0,,2.6297,69.23,-0.7842,0,5.8813,1.0,9,1,1,0,0,9,10,2022-03-08 11:25:00+05:30,2022-03-08 11:30:00+05:30,2022-03-08 11:40:00+05:30,192.3,191.63928571428573,193.48928571428573,-0.6607,L
S256,ITC,2022-03-08 11:40:00+05:30,0.0418,0.0078,2,2.0,0.1871,75.0,0.2903,0,0.5355,,0,0,0,1,1,0,1,2022-03-08 11:40:00+05:30,2022-03-08 11:45:00+05:30,2022-03-08 11:50:00+05:30,191.5,190.46428571428572,193.3642857142857,-1.0357,L
S257,ITC,2022-03-08 11:50:00+05:30,-0.0078,0.0392,0,,2.5628,80.0,-0.9097,0,1.5761,1.0,6,0,0,0,0,6,7,2022-03-08 12:20:00+05:30,2022-03-08 12:25:00+05:30,2022-03-08 13:05:00+05:30,191.5,190.41964285714286,193.44464285714287,-1.0804,L
S258,ITC,2022-03-08 12:35:00+05:30,0.0131,-0.0706,2,2.0,0.2855,30.77,0.6129,0,1.4432,,0,1,0,1,1,0,1,2022-03-08 12:35:00+05:30,2022-03-08 12:40:00+05:30,2022-03-08 13:10:00+05:30,191.55,190.19285714285718,193.99285714285713,-1.3571,L
S259,ITC,2022-03-08 13:00:00+05:30,-0.0288,0.0183,0,,0.863,45.45,-1.0,0,2.121,1.0,9,1,0,0,0,9,10,2022-03-08 13:45:00+05:30,2022-03-08 13:50:00+05:30,2022-03-08 15:00:00+05:30,191.3,189.9964285714286,193.64642857142857,0.4,EOD+
S260,ITC,2022-03-09 09:15:00+05:30,,,0,,0.8,51.85,0.9118,0,1.2613,,0,1,0,0,1,0,1,2022-03-09 09:15:00+05:30,2022-03-09 09:20:00+05:30,2022-03-09 12:15:00+05:30,192.05,190.9875,193.9625,1.9125,W
S261,ITC,2022-03-09 09:35:00+05:30,,,3,2.0,0.025,18.18,19.0,0,1.1028,,0,0,0,0,1,0,1,2022-03-09 09:35:00+05:30,2022-03-09 09:40:00+05:30,2022-03-09 12:55:00+05:30,192.25,191.0,194.5,2.25,W
S262,ITC,2022-03-09 10:20:00+05:30,0.1274,0.1236,7,7.0,0.0456,33.33,2.6364,0,0.6711,,0,0,0,1,1,0,1,2022-03-09 10:20:00+05:30,2022-03-09 10:25:00+05:30,2022-03-09 14:45:00+05:30,192.5,190.99107142857144,195.2160714285714,2.7161,W
S263,ITC,2022-03-09 10:30:00+05:30,0.0974,0.1352,1,1.0,0.0152,33.33,5.6667,0,0.7505,,0,1,0,1,1,0,1,2022-03-09 10:30:00+05:30,2022-03-09 10:35:00+05:30,2022-03-09 13:05:00+05:30,192.45,191.21785714285713,194.66785714285712,2.2179,W
S264,ITC,2022-03-09 10:40:00+05:30,0.0649,0.1169,0,,0.0157,20.0,25.6667,0,1.0561,,0,0,0,0,1,0,1,2022-03-09 10:40:00+05:30,2022-03-09 10:45:00+05:30,2022-03-09 13:15:00+05:30,192.65,191.45357142857142,194.80357142857144,2.1536,W
S265,ITC,2022-03-09 10:50:00+05:30,0.0532,0.0818,0,,0.1073,75.0,-0.0476,0,0.8192,,0,1,0,1,1,0,1,2022-03-09 10:50:00+05:30,2022-03-09 10:55:00+05:30,2022-03-09 14:45:00+05:30,192.95,191.7267857142857,195.1517857142857,2.2018,W
S266,ITC,2022-03-09 11:55:00+05:30,0.1204,0.1257,12,3.0,0.06,55.56,5.6667,0,0.7651,,0,1,1,0,1,0,1,2022-03-09 11:55:00+05:30,2022-03-09 12:00:00+05:30,2022-03-09 14:45:00+05:30,193.25,192.3125,194.93750000000003,1.6875,W
S267,ITC,2022-03-09 12:05:00+05:30,0.0997,0.1243,0,,0.5379,83.33,-0.726,0,1.2518,1.0,1,1,0,1,0,1,2,2022-03-09 12:10:00+05:30,2022-03-09 12:15:00+05:30,2022-03-09 14:45:00+05:30,193.7,192.85178571428568,195.2267857142857,1.5268,W
S268,ITC,2022-03-09 13:30:00+05:30,0.1133,0.165,15,3.0,0.5444,75.0,-0.4805,0,0.4349,0.0,1,0,0,0,0,1,2,2022-03-09 13:35:00+05:30,2022-03-09 13:40:00+05:30,2022-03-09 14:45:00+05:30,194.2,193.31607142857143,195.7910714285714,1.5911,W
S269,ITC,2022-03-09 13:45:00+05:30,0.1055,0.1133,0,,0.812,80.0,-0.8276,0,2.8598,1.0,6,0,0,0,0,6,7,2022-03-09 14:15:00+05:30,2022-03-09 14:20:00+05:30,2022-03-09 15:00:00+05:30,194.5,193.60714285714286,196.10714285714286,-0.25,EOD-
S270,ITC,2022-03-10 09:15:00+05:30,,,0,,0.4879,28.12,3.0,0,1.5283,,0,0,0,0,1,0,1,2022-03-10 09:15:00+05:30,2022-03-10 09:20:00+05:30,2022-03-10 09:50:00+05:30,195.15,193.67678571428573,197.80178571428573,-1.4732,L
S271,ITC,2022-03-10 09:30:00+05:30,,,2,2.0,0.8964,70.0,-0.9203,0,0.6227,1.0,4,1,0,0,0,4,5,2022-03-10 09:50:00+05:30,2022-03-10 09:55:00+05:30,2022-03-10 15:00:00+05:30,194.5,192.75,197.65,1.3,EOD+
S272,ITC,2022-03-10 10:00:00+05:30,-0.0334,-0.0257,1,1.0,0.1798,83.33,-1.0,0,0.1663,0.0,1,1,1,1,0,1,2,2022-03-10 10:05:00+05:30,2022-03-10 10:10:00+05:30,2022-03-10 15:00:00+05:30,194.55,192.91607142857143,197.49107142857144,1.25,EOD+
S273,ITC,2022-03-10 10:15:00+05:30,-0.0283,-0.0334,1,1.0,0.113,75.0,-1.0,0,0.9301,1.0,2,0,1,1,0,2,3,2022-03-10 10:25:00+05:30,2022-03-10 10:30:00+05:30,2022-03-10 13:55:00+05:30,194.8,193.0857142857143,197.8857142857143,-1.7143,L
S274,ITC,2022-03-10 10:40:00+05:30,0.0527,-0.0129,2,1.0,0.1623,71.43,0.25,0,0.4343,,0,0,0,0,1,0,1,2022-03-10 10:40:00+05:30,2022-03-10 10:45:00+05:30,2022-03-10 13:55:00+05:30,194.35,193.11785714285713,196.56785714285715,-1.2321,L
S275,ITC,2022-03-10 10:50:00+05:30,0.0553,0.0257,0,,0.4211,16.67,-0.5,0,1.1052,1.0,3,0,0,0,0,3,4,2022-03-10 11:05:00+05:30,2022-03-10 11:10:00+05:30,2022-03-10 12:45:00+05:30,194.6,193.4125,196.73749999999998,-1.1875,L
S276,ITC,2022-03-10 11:30:00+05:30,0.0758,-0.0026,4,3.0,0.224,25.0,2.125,0,0.6025,,0,1,0,1,1,0,1,2022-03-10 11:30:00+05:30,2022-03-10 11:35:00+05:30,2022-03-10 12:30:00+05:30,194.8,193.90714285714287,196.40714285714284,-0.8929,L
S277,ITC,2022-03-10 11:45:00+05:30,0.0488,0.0758,2,2.0,0.3723,66.67,-0.6,0,1.0187,1.0,2,0,0,0,0,2,3,2022-03-10 11:55:00+05:30,2022-03-10 12:00:00+05:30,2022-03-10 12:30:00+05:30,194.85,194.0107142857143,196.36071428571427,-0.8393,L
S278,ITC,2022-03-10 12:05:00+05:30,0.0103,0.0141,1,1.0,0.1312,20.0,1.2222,0,0.3508,,0,0,0,1,1,0,1,2022-03-10 12:05:00+05:30,2022-03-10 12:10:00+05:30,2022-03-10 12:30:00+05:30,194.65,193.79285714285714,196.19285714285712,-0.8571,L
S279,ITC,2022-03-10 12:15:00+05:30,0.0231,0.0283,0,,0.2784,40.0,-0.4286,0,2.048,1.0,9,1,0,0,0,9,10,2022-03-10 13:00:00+05:30,2022-03-10 13:05:00+05:30,2022-03-10 13:50:00+05:30,194.3,193.51428571428573,195.71428571428572,-0.7857,L
S280,ITC,2022-03-10 13:20:00+05:30,-0.0206,-0.0888,2,1.0,0.0821,92.86,-1.0,0,2.3897,1.0,8,0,0,0,0,8,9,2022-03-10 14:00:00+05:30,2022-03-10 14:05:00+05:30,2022-03-10 14:40:00+05:30,193.9,192.60535714285714,196.23035714285714,2.3304,W
S281,ITC,2022-03-10 14:10:00+05:30,-0.0541,-0.1263,0,,0.1089,83.33,-0.0476,0,0.4357,,0,0,0,1,1,0,1,2022-03-10 14:10:00+05:30,2022-03-10 14:15:00+05:30,2022-03-10 14:40:00+05:30,194.25,193.04464285714286,196.41964285714286,2.1696,W
S282,ITC,2022-03-10 14:20:00+05:30,0.0155,-0.0954,1,1.0,0.1944,25.0,1.2857,0,0.7809,,0,1,0,0,1,0,1,2022-03-10 14:20:00+05:30,2022-03-10 14:25:00+05:30,2022-03-10 14:40:00+05:30,194.1,192.975,196.125,2.025,W
S283,ITC,2022-03-11 09:15:00+05:30,,,0,,0.6259,24.14,1.6036,0,1.1125,,0,0,0,0,1,0,1,2022-03-11 09:15:00+05:30,2022-03-11 09:20:00+05:30,2022-03-11 13:40:00+05:30,196.1,194.4125,199.1375,3.0375,W
S284,ITC,2022-03-11 09:25:00+05:30,,,0,,0.1775,74.07,0.1111,0,0.7673,,0,0,0,0,1,0,1,2022-03-11 09:25:00+05:30,2022-03-11 09:30:00+05:30,2022-03-11 13:55:00+05:30,196.65,194.7482142857143,200.07321428571427,3.4232,W
S285,ITC,2022-03-11 10:25:00+05:30,0.1461,0.2606,11,4.0,0.2073,57.14,-0.2453,0,0.8224,1.0,1,0,0,1,0,1,2,2022-03-11 10:30:00+05:30,2022-03-11 10:35:00+05:30,2022-03-11 13:55:00+05:30,197.25,195.65178571428572,200.12678571428572,2.8768,W
S286,ITC,2022-03-11 10:40:00+05:30,0.0584,0.1461,0,,0.7494,62.5,-1.0,0,0.6024,0.0,1,1,1,1,0,1,2,2022-03-11 10:45:00+05:30,2022-03-11 10:50:00+05:30,2022-03-11 13:55:00+05:30,197.2,195.80714285714282,199.70714285714286,2.5071,W
S287,ITC,2022-03-11 11:00:00+05:30,0.0977,0.0368,1,1.0,0.4882,54.55,-0.6226,0,0.8864,0.0,5,1,0,1,0,5,6,2022-03-11 11:25:00+05:30,2022-03-11 11:30:00+05:30,2022-03-11 13:55:00+05:30,197.6,196.24285714285713,200.04285714285714,2.4429,W
S288,ITC,2022-03-11 12:50:00+05:30,0.1427,0.129,16,11.0,0.2733,44.44,0.4634,0,0.317,,0,0,0,1,1,0,1,2022-03-11 12:50:00+05:30,2022-03-11 12:55:00+05:30,2022-03-11 13:55:00+05:30,197.9,196.9625,199.5875,1.6875,W
S289,ITC,2022-03-11 13:00:00+05:30,0.1528,0.1289,0,,0.8766,38.46,-0.2806,0,1.7609,,0,0,0,1,1,0,1,2022-03-11 13:00:00+05:30,2022-03-11 13:05:00+05:30,2022-03-11 13:55:00+05:30,198.15,197.15892857142856,199.9339285714286,1.7839,W
S290,ITC,2022-03-11 13:10:00+05:30,0.1098,0.144,0,,0.1448,60.0,0.6667,0,2.265,,0,1,0,0,1,0,1,2022-03-11 13:10:00+05:30,2022-03-11 13:15:00+05:30,2022-03-11 15:00:00+05:30,198.45,197.41428571428568,200.31428571428572,1.8643,W
S291,ITC,2022-03-14 09:15:00+05:30,,,0,,1.0674,44.83,0.1594,0,1.6317,,0,0,0,0,1,0,1,2022-03-14 09:15:00+05:30,2022-03-14 09:20:00+05:30,2022-03-14 15:00:00+05:30,200.8,199.18392857142857,203.7089285714286,1.65,EOD+
S292,ITC,2022-03-14 09:25:00+05:30,,,0,,0.3312,14.29,-0.5876,0,0.6709,1.0,1,1,0,1,0,1,2,2022-03-14 09:30:00+05:30,2022-03-14 09:35:00+05:30,2022-03-14 15:00:00+05:30,200.55,198.71964285714287,203.84464285714287,1.9,EOD+
S293,ITC,2022-03-14 09:40:00+05:30,0.0412,,1,1.0,0.028,76.92,5.6667,0,0.318,,0,1,0,1,1,0,1,2022-03-14 09:40:00+05:30,2022-03-14 09:45:00+05:30,2022-03-14 15:00:00+05:30,200.25,198.24107142857142,203.86607142857144,2.2,EOD+
S294,ITC,2022-03-14 09:50:00+05:30,0.0862,,0,,0.0169,36.36,25.6667,0,0.5501,,0,1,0,0,1,0,1,2022-03-14 09:50:00+05:30,2022-03-14 09:55:00+05:30,2022-03-14 15:00:00+05:30,200.95,198.73571428571427,204.93571428571428,1.5,EOD+
S295,ITC,2022-03-14 10:20:00+05:30,0.0998,0.1385,5,3.0,0.4121,16.67,-0.2647,0,0.4184,1.0,1,1,0,1,0,1,2,2022-03-14 10:25:00+05:30,2022-03-14 10:30:00+05:30,2022-03-14 15:00:00+05:30,200.7,198.6375,204.4125,1.75,EOD+
S296,ITC,2022-03-14 11:15:00+05:30,0.1132,0.1742,9,6.0,0.0224,33.33,4.0,0,0.765,,0,1,1,1,1,0,1,2022-03-14 11:15:00+05:30,2022-03-14 11:20:00+05:30,2022-03-14 15:00:00+05:30,201.1,199.98392857142858,203.10892857142855,1.35,EOD+
S297,ITC,2022-03-14 11:35:00+05:30,0.0646,0.1169,2,2.0,0.4391,23.08,0.7391,0,1.1573,,0,0,1,0,1,0,1,2022-03-14 11:35:00+05:30,2022-03-14 11:40:00+05:30,2022-03-14 11:55:00+05:30,201.45,200.46785714285716,203.2178571428571,-0.9821,L
S298,ITC,2022-03-14 11:45:00+05:30,0.0273,0.0746,0,,1.4921,30.77,-0.2593,0,1.4837,1.0,5,0,0,0,0,5,6,2022-03-14 12:10:00+05:30,2022-03-14 12:15:00+05:30,2022-03-14 15:00:00+05:30,201.45,200.43214285714285,203.28214285714282,1.0,EOD+
S299,ITC,2022-03-14 12:40:00+05:30,0.0447,0.0609,4,3.0,0.0102,25.0,59.0,0,0.4378,,0,0,0,1,1,0,1,2022-03-14 12:40:00+05:30,2022-03-14 12:45:00+05:30,2022-03-14 15:00:00+05:30,201.6,200.37678571428572,203.8017857142857,0.85,EOD+
S300,ITC,2022-03-14 13:20:00+05:30,0.0509,0.0521,7,5.0,0.5471,44.44,0.1765,0,0.6186,,0,1,0,0,1,0,1,2022-03-14 13:20:00+05:30,2022-03-14 13:25:00+05:30,2022-03-14 14:35:00+05:30,201.45,200.67321428571427,202.84821428571428,1.3982,W
S301,ITC,2022-03-14 13:30:00+05:30,0.062,0.0558,0,,1.158,87.5,-0.8507,0,5.735,1.0,2,0,0,0,0,2,3,2022-03-14 13:40:00+05:30,2022-03-14 13:45:00+05:30,2022-03-14 15:00:00+05:30,202.35,201.62678571428572,203.6517857142857,0.1,EOD+
S302,ITC,2022-03-15 09:15:00+05:30,,,0,,0.0761,27.78,-1.0,0,1.8379,,0,1,0,1,1,0,1,2022-03-15 09:15:00+05:30,2022-03-15 09:20:00+05:30,2022-03-15 09:40:00+05:30,202.7,201.8785714285714,204.17857142857144,1.4786,W
S303,ITC,2022-03-15 10:35:00+05:30,0.1903,0.2089,15,6.0,0.2775,55.56,-1.0,0,0.4307,,0,0,1,1,1,0,1,2022-03-15 10:35:00+05:30,2022-03-15 10:40:00+05:30,2022-03-15 10:45:00+05:30,203.9,202.9089285714286,205.68392857142857,-0.9911,L
S304,ITC,2022-03-15 11:35:00+05:30,-0.2341,-0.2252,0,,1.566,50.0,-0.8854,0,1.5145,1.0,9,1,0,1,0,9,10,2022-03-15 12:20:00+05:30,2022-03-15 12:25:00+05:30,2022-03-15 12:40:00+05:30,202.1,200.70714285714286,204.60714285714283,-1.3929,L
S305,ITC,2022-03-15 13:25:00+05:30,-0.1514,-0.1042,0,,1.4549,50.0,-0.8742,0,0.6022,0.0,9,0,0,1,0,9,10,2022-03-15 14:10:00+05:30,2022-03-15 14:15:00+05:30,2022-03-15 15:00:00+05:30,200.75,199.38392857142858,203.20892857142857,0.6,EOD+
S306,ITC,2022-03-17 10:40:00+05:30,0.6105,0.6638,17,16.0,0.3733,50.0,0.7857,0,0.6881,,0,1,0,1,1,0,1,2022-03-17 10:40:00+05:30,2022-03-17 10:45:00+05:30,2022-03-17 15:00:00+05:30,206.1,205.1625,207.78750000000002,1.35,EOD+
S307,ITC,2022-03-17 10:50:00+05:30,0.5679,0.6354,0,,1.4,100.0,-1.0,0,1.056,0.0,2,0,0,0,0,2,3,2022-03-17 11:00:00+05:30,2022-03-17 11:05:00+05:30,2022-03-17 15:00:00+05:30,206.4,205.51607142857142,207.99107142857144,1.05,EOD+
S308,ITC,2022-03-17 11:10:00+05:30,0.0787,0.4167,0,,0.7059,16.67,-0.4958,0,2.0282,0.0,3,0,0,0,0,3,4,2022-03-17 11:25:00+05:30,2022-03-17 11:30:00+05:30,2022-03-17 15:00:00+05:30,206.5,205.44642857142856,208.39642857142857,0.95,EOD+
S309,ITC,2022-03-17 11:35:00+05:30,-0.017,0.0012,0,,0.2625,33.33,-0.5556,0,1.0399,1.0,1,1,0,0,0,1,2,2022-03-17 11:40:00+05:30,2022-03-17 11:45:00+05:30,2022-03-17 15:00:00+05:30,206.4,205.32857142857145,208.32857142857142,1.05,EOD+
S310,ITC,2022-03-17 13:25:00+05:30,0.1219,0.1352,19,9.0,0.4768,50.0,-0.1489,0,0.6965,1.0,1,0,0,0,0,1,2,2022-03-17 13:30:00+05:30,2022-03-17 13:35:00+05:30,2022-03-17 15:00:00+05:30,207.3,206.68392857142857,208.4089285714286,0.15,EOD+
S311,ITC,2022-03-17 13:40:00+05:30,0.082,0.1219,0,,0.2369,0.0,-0.0909,0,0.7377,1.0,1,1,1,0,0,1,2,2022-03-17 13:45:00+05:30,2022-03-17 13:50:00+05:30,2022-03-17 15:00:00+05:30,207.4,206.81964285714287,208.44464285714287,0.05,EOD+
S312,ITC,2022-03-17 13:55:00+05:30,0.0543,0.082,0,,0.5339,50.0,-1.0,0,1.2543,0.0,1,0,0,0,0,1,2,2022-03-17 14:00:00+05:30,2022-03-17 14:05:00+05:30,2022-03-17 14:20:00+05:30,207.65,207.12321428571428,208.5982142857143,-0.5268,L
S313,ITC,2022-03-17 14:10:00+05:30,0.0458,0.0543,1,1.0,0.0913,66.67,1.2222,0,0.8953,,0,0,1,1,1,0,1,2022-03-17 14:10:00+05:30,2022-03-17 14:15:00+05:30,2022-03-17 15:00:00+05:30,207.5,206.88392857142856,208.60892857142858,-0.05,EOD-
S314,ITC,2022-03-17 14:20:00+05:30,0.0217,0.0506,0,,1.3347,14.29,-0.3007,0,2.3492,1.0,1,0,1,0,0,1,2,2022-03-17 14:25:00+05:30,2022-03-17 14:30:00+05:30,2022-03-17 15:00:00+05:30,207.55,206.88035714285715,208.75535714285715,-0.1,EOD-
S315,ITC,2022-03-21 09:15:00+05:30,,,0,,1.807,96.67,-0.9099,0,1.6932,1.0,2,0,0,0,0,2,3,2022-03-21 09:25:00+05:30,2022-03-21 09:30:00+05:30,2022-03-21 09:30:00+05:30,207.85,207.08214285714283,209.2321428571429,-0.7679,L
S316,ITC,2022-03-21 09:35:00+05:30,,,0,,1.5931,42.86,-0.8182,0,0.6345,0.0,2,0,0,0,0,2,3,2022-03-21 09:45:00+05:30,2022-03-21 09:50:00+05:30,2022-03-21 15:00:00+05:30,207.7,206.40535714285713,210.03035714285713,-0.35,EOD-
S317,ITC,2022-03-21 09:55:00+05:30,-0.0133,-0.0398,0,,0.2042,30.0,-0.5918,0,0.5082,1.0,1,1,0,1,0,1,2,2022-03-21 10:00:00+05:30,2022-03-21 10:05:00+05:30,2022-03-21 15:00:00+05:30,207.7,206.2,210.39999999999998,-0.35,EOD-
S318,ITC,2022-03-21 12:50:00+05:30,-0.1634,-0.108,0,,3.6181,62.5,-0.9534,0,0.868,0.0,9,0,0,1,0,9,10,2022-03-21 13:35:00+05:30,2022-03-21 13:40:00+05:30,2022-03-21 14:40:00+05:30,208.0,207.25892857142858,209.33392857142854,-0.7411,L
S319,ITC,2022-03-22 09:15:00+05:30,,,0,,2.2797,60.0,-0.917,0,0.6631,0.0,8,1,1,0,0,8,9,2022-03-22 09:55:00+05:30,2022-03-22 10:00:00+05:30,2022-03-22 13:10:00+05:30,207.2,205.8785714285714,209.57857142857145,2.3786,W
S320,ITC,2022-03-22 10:10:00+05:30,-0.0676,-0.1872,2,1.0,0.4458,92.31,-1.0,0,0.4914,0.0,1,0,0,1,0,1,2,2022-03-22 10:15:00+05:30,2022-03-22 10:20:00+05:30,2022-03-22 13:10:00+05:30,206.95,205.2535714285714,210.00357142857143,3.0536,W
S321,ITC,2022-03-22 10:25:00+05:30,-0.0749,-0.0676,0,,0.394,16.67,-0.3617,0,1.4303,1.0,5,0,0,1,0,5,6,2022-03-22 10:50:00+05:30,2022-03-22 10:55:00+05:30,2022-03-22 13:10:00+05:30,207.15,205.6589285714286,209.83392857142857,2.6839,W
S322,ITC,2022-03-22 11:05:00+05:30,0.0,-0.0278,2,2.0,0.3385,83.33,-0.661,0,0.3295,0.0,7,0,1,1,0,7,8,2022-03-22 11:40:00+05:30,2022-03-22 11:45:00+05:30,2022-03-22 13:05:00+05:30,207.0,205.91071428571428,208.9607142857143,1.9607,W
S323,ITC,2022-03-22 11:50:00+05:30,-0.0278,-0.0097,0,,1.0202,0.0,-0.1241,0,0.7896,0.0,2,1,0,0,0,2,3,2022-03-22 12:00:00+05:30,2022-03-22 12:05:00+05:30,2022-03-22 12:45:00+05:30,207.05,206.2107142857143,208.5607142857143,1.5107,W
S324,ITC,2022-03-23 09:15:00+05:30,,,0,,0.6368,88.89,-0.3893,0,1.8505,1.0,1,0,0,0,0,1,2,2022-03-23 09:20:00+05:30,2022-03-23 09:25:00+05:30,2022-03-23 09:55:00+05:30,211.75,210.46428571428572,214.06428571428572,2.3143,W
S325,ITC,2022-03-23 09:30:00+05:30,,,0,,1.981,63.16,-0.8077,0,0.7407,0.0,1,1,0,1,0,1,2,2022-03-23 09:35:00+05:30,2022-03-23 09:40:00+05:30,2022-03-23 09:55:00+05:30,211.7,210.3875,214.06249999999997,2.3625,W
S326,ITC,2022-03-23 11:15:00+05:30,0.2997,0.2416,18,5.0,0.1493,33.33,-0.375,0,1.0114,1.0,1,1,0,0,0,1,2,2022-03-23 11:20:00+05:30,2022-03-23 11:25:00+05:30,2022-03-23 15:00:00+05:30,213.7,212.36071428571427,216.11071428571427,-0.25,EOD-
S327,ITC,2022-03-23 11:30:00+05:30,0.1673,0.2997,0,,0.1007,50.0,1.0,0,0.6181,,0,0,0,1,1,0,1,2022-03-23 11:30:00+05:30,2022-03-23 11:35:00+05:30,2022-03-23 15:00:00+05:30,213.95,212.70892857142857,216.18392857142857,-0.5,EOD-
S328,ITC,2022-03-23 11:45:00+05:30,0.0269,0.1673,2,2.0,0.0056,60.0,39.0,0,1.7868,,0,1,0,0,1,0,1,2022-03-23 11:45:00+05:30,2022-03-23 11:50:00+05:30,2022-03-23 15:00:00+05:30,213.95,212.83392857142857,215.95892857142857,-0.5,EOD-
S329,ITC,2022-03-23 12:00:00+05:30,0.0316,0.0269,2,1.0,0.5677,72.22,-0.4175,0,0.4646,0.0,4,1,0,0,0,4,5,2022-03-23 12:20:00+05:30,2022-03-23 12:25:00+05:30,2022-03-23 15:00:00+05:30,213.95,212.8160714285714,215.99107142857142,-0.5,EOD-
S330,ITC,2022-03-23 12:30:00+05:30,0.0468,0.0479,1,1.0,0.4911,66.67,-1.0,0,1.1084,1.0,4,0,0,0,0,4,5,2022-03-23 12:50:00+05:30,2022-03-23 12:55:00+05:30,2022-03-23 15:00:00+05:30,213.9,212.79285714285714,215.89285714285714,-0.45,EOD-
S331,ITC,2022-03-23 13:30:00+05:30,-0.048,-0.0304,0,,0.2861,9.09,-0.5745,0,0.6971,0.0,9,1,0,0,0,9,10,2022-03-23 14:15:00+05:30,2022-03-23 14:20:00+05:30,2022-03-23 15:00:00+05:30,213.8,212.77321428571432,215.6482142857143,-0.35,EOD-
S332,ITC,2022-03-24 09:15:00+05:30,,,0,,1.3125,67.74,-0.3725,0,2.1065,,0,1,0,0,1,0,1,2022-03-24 09:15:00+05:30,2022-03-24 09:20:00+05:30,2022-03-24 09:35:00+05:30,214.5,213.28571428571428,216.68571428571428,2.1857,W
S333,ITC,2022-03-24 10:55:00+05:30,0.1692,0.1996,0,,1.2385,33.33,-0.913,0,1.9919,1.0,9,0,0,0,0,9,10,2022-03-24 11:40:00+05:30,2022-03-24 11:45:00+05:30,2022-03-24 11:55:00+05:30,215.45,214.2892857142857,217.5392857142857,-1.1607,L
S334,ITC,2022-03-24 12:00:00+05:30,-0.1489,-0.1301,0,,2.6627,90.0,-1.0,0,0.5032,0.0,9,0,0,1,0,9,10,2022-03-24 12:45:00+05:30,2022-03-24 12:50:00+05:30,2022-03-24 15:00:00+05:30,214.5,213.13392857142858,216.95892857142857,1.5,EOD+
S335,ITC,2022-03-24 12:55:00+05:30,-0.1237,-0.1551,0,,0.9925,6.25,-0.4203,0,1.4385,1.0,4,0,1,0,0,4,5,2022-03-24 13:15:00+05:30,2022-03-24 13:20:00+05:30,2022-03-24 15:00:00+05:30,214.35,213.04642857142858,216.69642857142856,1.65,EOD+
S336,ITC,2022-03-24 13:40:00+05:30,-0.0047,-0.0935,4,3.0,0.1544,72.0,3.0,0,3.75,,0,0,0,0,1,0,1,2022-03-24 13:40:00+05:30,2022-03-24 13:45:00+05:30,2022-03-24 15:00:00+05:30,215.2,213.98571428571427,217.3857142857143,0.8,EOD+
S337,ITC,2022-03-25 10:50:00+05:30,-0.3117,-0.3088,0,,1.7006,12.5,-0.8547,0,0.9162,1.0,9,1,0,0,0,9,10,2022-03-25 11:35:00+05:30,2022-03-25 11:40:00+05:30,2022-03-25 12:15:00+05:30,213.4,211.88214285714287,216.13214285714287,-1.5179,L
S338,ITC,2022-03-25 11:45:00+05:30,-0.1489,-0.1933,0,,0.2985,37.5,0.0345,0,0.5262,,0,1,0,1,1,0,1,2022-03-25 11:45:00+05:30,2022-03-25 11:50:00+05:30,2022-03-25 12:15:00+05:30,213.15,211.93571428571428,215.3357142857143,-1.2143,L
S339,ITC,2022-03-25 12:00:00+05:30,-0.0445,-0.1489,1,1.0,0.5071,72.73,-0.7826,0,0.8196,0.0,4,0,0,0,0,4,5,2022-03-25 12:20:00+05:30,2022-03-25 12:25:00+05:30,2022-03-25 14:15:00+05:30,213.2,212.0660714285714,215.24107142857142,2.0411,W
S340,ITC,2022-03-25 12:30:00+05:30,-0.0176,-0.0387,0,,0.5287,60.0,-0.6296,0,0.7068,,0,0,0,0,1,0,1,2022-03-25 12:30:00+05:30,2022-03-25 12:35:00+05:30,2022-03-25 14:25:00+05:30,213.3,212.0232142857143,215.59821428571428,2.2982,W
S341,ITC,2022-03-25 12:40:00+05:30,-0.0059,-0.0293,0,,0.8348,12.5,-0.2547,0,0.7624,1.0,4,1,0,1,0,4,5,2022-03-25 13:00:00+05:30,2022-03-25 13:05:00+05:30,2022-03-25 14:25:00+05:30,213.4,212.19464285714287,215.56964285714287,2.1696,W
S342,ITC,2022-03-25 13:40:00+05:30,0.0199,0.0317,7,2.0,0.1376,53.85,0.7391,0,0.9998,,0,1,1,1,1,0,1,2022-03-25 13:40:00+05:30,2022-03-25 13:45:00+05:30,2022-03-25 14:15:00+05:30,213.4,212.35535714285717,215.28035714285713,1.8804,W
S343,ITC,2022-03-25 13:50:00+05:30,0.0305,0.0164,0,,0.1316,20.0,0.8182,0,0.8062,,0,1,1,0,1,0,1,2022-03-25 13:50:00+05:30,2022-03-25 13:55:00+05:30,2022-03-25 14:15:00+05:30,213.4,212.35535714285714,215.28035714285713,1.8804,W
S344,ITC,2022-03-28 09:15:00+05:30,,,0,,1.3011,28.57,0.459,0,1.8348,,0,0,0,0,1,0,1,2022-03-28 09:15:00+05:30,2022-03-28 09:20:00+05:30,2022-03-28 15:00:00+05:30,215.8,214.21964285714284,218.6446428571429,2.5,EOD+
S345,ITC,2022-03-28 09:25:00+05:30,,,1,1.0,0.1759,33.33,1.0408,0,0.7909,,0,1,0,1,1,0,1,2022-03-28 09:25:00+05:30,2022-03-28 09:30:00+05:30,2022-03-28 14:10:00+05:30,215.2,213.45892857142854,218.3339285714286,3.1339,W
S346,ITC,2022-03-28 09:55:00+05:30,0.0581,0.1197,4,3.0,0.0676,22.22,5.0,0,0.6435,,0,1,1,1,1,0,1,2022-03-28 09:55:00+05:30,2022-03-28 10:00:00+05:30,2022-03-28 15:00:00+05:30,215.45,213.6017857142857,218.7767857142857,2.85,EOD+
S347,ITC,2022-03-28 10:30:00+05:30,0.0847,0.1033,6,5.0,0.0318,33.33,7.5714,0,1.0196,,0,1,0,0,1,0,1,2022-03-28 10:30:00+05:30,2022-03-28 10:35:00+05:30,2022-03-28 14:05:00+05:30,215.55,214.175,218.025,2.475,W
S348,ITC,2022-03-28 10:40:00+05:30,0.1171,0.1079,1,1.0,0.2366,54.55,0.2245,0,1.0642,,0,0,0,1,1,0,1,2022-03-28 10:40:00+05:30,2022-03-28 10:45:00+05:30,2022-03-28 14:05:00+05:30,215.9,214.60535714285714,218.23035714285714,2.3304,W
S349,ITC,2022-03-28 10:50:00+05:30,0.1646,0.1033,0,,0.3008,60.0,-1.0,0,1.1145,,0,0,0,0,1,0,1,2022-03-28 10:50:00+05:30,2022-03-28 10:55:00+05:30,2022-03-28 14:05:00+05:30,215.9,214.75714285714287,217.95714285714288,2.0571,W
S350,ITC,2022-03-28 11:00:00+05:30,0.1275,0.1322,0,,0.3844,71.43,-1.0,0,1.2295,1.0,2,0,0,0,0,2,3,2022-03-28 11:10:00+05:30,2022-03-28 11:15:00+05:30,2022-03-28 14:05:00+05:30,215.9,214.81071428571428,217.8607142857143,1.9607,W
S351,ITC,2022-03-28 11:20:00+05:30,0.007,0.1008,0,,0.5683,42.86,-1.0,0,0.7663,0.0,6,0,0,0,0,6,7,2022-03-28 11:50:00+05:30,2022-03-28 11:55:00+05:30,2022-03-28 14:00:00+05:30,215.95,215.04821428571427,217.5732142857143,1.6232,W
S352,ITC,2022-03-28 13:55:00+05:30,0.106,0.1453,24,6.0,0.035,75.0,-1.0,0,0.2965,,0,1,0,1,1,0,1,2022-03-28 13:55:00+05:30,2022-03-28 14:00:00+05:30,2022-03-28 14:10:00+05:30,217.0,216.28571428571428,218.2857142857143,1.2857,W
S353,ITC,2022-03-29 10:55:00+05:30,-0.2195,-0.2758,0,,2.1442,75.0,-0.9313,0,0.9498,1.0,9,0,0,1,0,9,10,2022-03-29 11:40:00+05:30,2022-03-29 11:45:00+05:30,2022-03-29 11:50:00+05:30,216.1,215.25178571428572,217.62678571428572,-0.8482,L
S354,ITC,2022-03-29 11:50:00+05:30,-0.1471,-0.1053,0,,2.6742,40.0,-0.7647,0,0.585,0.0,5,1,0,0,0,5,6,2022-03-29 12:15:00+05:30,2022-03-29 12:20:00+05:30,2022-03-29 15:00:00+05:30,215.9,215.10535714285714,217.33035714285717,-0.1,EOD-
S355,ITC,2022-03-29 13:15:00+05:30,0.0081,-0.0023,11,10.0,0.8591,33.33,-0.0741,0,1.9819,1.0,8,1,0,0,0,8,9,2022-03-29 13:55:00+05:30,2022-03-29 14:00:00+05:30,2022-03-29 15:00:00+05:30,216.0,215.21428571428572,217.4142857142857,-0.2,EOD-
S356,ITC,2022-03-29 14:05:00+05:30,0.0127,0.0289,0,,0.0452,40.0,5.6667,0,0.9628,,0,0,0,1,1,0,1,2022-03-29 14:05:00+05:30,2022-03-29 14:10:00+05:30,2022-03-29 15:00:00+05:30,216.1,215.26964285714286,217.59464285714284,-0.3,EOD-
S357,ITC,2022-03-29 14:15:00+05:30,-0.0023,0.0162,0,,0.4619,77.78,-0.6875,0,1.3388,,0,0,0,0,1,0,1,2022-03-29 14:15:00+05:30,2022-03-29 14:20:00+05:30,2022-03-29 15:00:00+05:30,216.15,215.2839285714286,217.70892857142854,-0.35,EOD-
S358,ITC,2022-03-30 09:20:00+05:30,,,1,1.0,1.5086,78.79,-0.7519,0,0.5009,0.0,8,0,0,0,0,8,9,2022-03-30 10:00:00+05:30,2022-03-30 10:05:00+05:30,2022-03-30 10:20:00+05:30,216.15,214.48035714285714,219.15535714285716,-1.6696,L
S359,ITC,2022-03-30 12:05:00+05:30,-0.2513,-0.2603,0,,3.7742,84.0,-0.9691,0,0.5341,0.0,9,0,0,1,0,9,10,2022-03-30 12:50:00+05:30,2022-03-30 12:55:00+05:30,2022-03-30 13:45:00+05:30,213.4,212.32857142857142,215.32857142857145,-1.0714,L
S360,ITC,2022-03-31 09:15:00+05:30,,,0,,0.1215,69.23,-1.0,0,1.4857,,0,1,0,0,1,0,1,2022-03-31 09:15:00+05:30,2022-03-31 09:20:00+05:30,2022-03-31 14:15:00+05:30,211.9,210.61428571428573,214.2142857142857,2.3143,W
S361,ITC,2022-03-31 10:30:00+05:30,0.1248,0.1673,14,13.0,0.3967,8.33,-0.0588,0,0.5664,,0,0,0,0,1,0,1,2022-03-31 10:30:00+05:30,2022-03-31 10:35:00+05:30,2022-03-31 14:20:00+05:30,212.4,211.06071428571428,214.8107142857143,2.4107,W
S362,ITC,2022-03-31 11:30:00+05:30,-0.0859,-0.0894,0,,1.6748,50.0,-1.0,0,0.4482,0.0,9,0,0,1,0,9,10,2022-03-31 12:15:00+05:30,2022-03-31 12:20:00+05:30,2022-03-31 13:20:00+05:30,211.85,210.89464285714286,213.56964285714287,1.7196,W
S363,ITC,2022-03-31 12:25:00+05:30,-0.0519,-0.0967,0,,0.3043,40.0,0.0,0,0.4902,,0,0,1,1,1,0,1,2022-03-31 12:25:00+05:30,2022-03-31 12:30:00+05:30,2022-03-31 13:20:00+05:30,212.0,211.17857142857142,213.47857142857143,1.4786,W
S364,ITC,2022-03-31 12:35:00+05:30,-0.0472,-0.0614,0,,0.4846,20.0,-0.0476,0,1.301,,0,1,1,0,1,0,1,2022-03-31 12:35:00+05:30,2022-03-31 12:40:00+05:30,2022-03-31 13:20:00+05:30,211.95,211.1375,213.4125,1.4625,W
S365,ITC,2022-04-01 09:15:00+05:30,,,0,,2.3705,96.87,-1.0,0,0.3396,0.0,7,0,1,0,0,7,8,2022-04-01 09:50:00+05:30,2022-04-01 09:55:00+05:30,2022-04-01 12:05:00+05:30,213.8,211.95178571428573,217.12678571428572,-1.8482,L
S366,ITC,2022-04-01 10:20:00+05:30,-0.101,-0.1491,5,5.0,0.022,25.0,12.3333,0,0.2107,,0,0,0,0,1,0,1,2022-04-01 10:20:00+05:30,2022-04-01 10:25:00+05:30,2022-04-01 12:55:00+05:30,213.05,211.34464285714284,216.11964285714288,-1.7054,L
S367,ITC,2022-04-01 10:30:00+05:30,-0.0493,-0.1163,0,,0.0826,33.33,-1.0,0,0.0885,,0,0,0,1,1,0,1,2022-04-01 10:30:00+05:30,2022-04-01 10:35:00+05:30,2022-04-01 12:40:00+05:30,212.9,211.46249999999998,215.48750000000004,-1.4375,L
S368,ITC,2022-04-01 10:40:00+05:30,0.0364,-0.0881,0,,1.0155,66.67,-0.8058,0,1.166,1.0,6,0,0,0,0,6,7,2022-04-01 11:10:00+05:30,2022-04-01 11:15:00+05:30,2022-04-01 12:05:00+05:30,213.0,211.73214285714283,215.28214285714287,-1.2679,L
S369,ITC,2022-04-01 12:40:00+05:30,-0.1319,-0.1118,0,,2.7455,66.67,-1.0,0,1.2117,0.0,9,1,0,1,0,9,10,2022-04-01 13:25:00+05:30,2022-04-01 13:30:00+05:30,2022-04-01 14:35:00+05:30,211.7,211.0125,212.9375,1.2375,W
S370,ITC,2022-04-01 13:45:00+05:30,-0.0437,-0.1063,3,2.0,0.2634,85.71,-1.0,0,0.5591,0.0,2,0,0,1,0,2,3,2022-04-01 13:55:00+05:30,2022-04-01 14:00:00+05:30,2022-04-01 15:00:00+05:30,211.65,210.74821428571428,213.27321428571432,1.6232,W
S371,ITC,2022-04-01 14:25:00+05:30,0.0106,-0.0248,5,1.0,0.0716,42.86,5.6667,0,0.6006,,0,1,1,1,1,0,1,2022-04-01 14:25:00+05:30,2022-04-01 14:30:00+05:30,2022-04-01 15:00:00+05:30,211.75,210.9642857142857,213.16428571428574,1.4143,W
S372,ITC,2022-04-04 09:15:00+05:30,,,0,,0.1472,11.36,11.2449,0,2.0478,,0,1,0,0,1,0,1,2022-04-04 09:15:00+05:30,2022-04-04 09:20:00+05:30,2022-04-04 14:35:00+05:30,214.65,212.56964285714287,218.39464285714286,3.7446,W
S373,ITC,2022-04-04 10:15:00+05:30,0.2749,0.3278,11,11.0,0.0449,57.14,3.0,0,0.1963,,0,0,1,1,1,0,1,2022-04-04 10:15:00+05:30,2022-04-04 10:20:00+05:30,2022-04-04 15:00:00+05:30,215.0,212.91071428571428,218.7607142857143,1.05,EOD+
S374,ITC,2022-04-04 10:25:00+05:30,0.2316,0.2937,0,,0.7145,68.75,-0.8985,0,0.8601,,0,1,0,0,1,0,1,2022-04-04 10:25:00+05:30,2022-04-04 10:30:00+05:30,2022-04-04 14:35:00+05:30,214.9,213.1767857142857,218.00178571428575,3.1018,W
S375,ITC,2022-04-04 10:35:00+05:30,0.1908,0.2631,0,,0.1319,88.46,-0.4444,0,1.8834,,0,0,0,0,1,0,1,2022-04-04 10:35:00+05:30,2022-04-04 10:40:00+05:30,2022-04-04 11:40:00+05:30,216.05,214.34464285714287,219.11964285714288,-1.7054,L
S376,ITC,2022-04-04 10:55:00+05:30,0.0198,0.1431,3,3.0,0.1524,37.5,1.1622,0,0.3624,,0,0,0,1,1,0,1,2022-04-04 10:55:00+05:30,2022-04-04 11:00:00+05:30,2022-04-04 14:35:00+05:30,215.0,213.48214285714286,217.73214285714286,2.7321,W
S377,ITC,2022-04-04 11:15:00+05:30,0.057,-0.0268,3,1.0,0.0905,50.0,1.1053,0,0.4581,,0,1,1,1,1,0,1,2022-04-04 11:15:00+05:30,2022-04-04 11:20:00+05:30,2022-04-04 12:10:00+05:30,215.15,213.8375,217.51250000000002,-1.3125,L
S378,ITC,2022-04-04 11:45:00+05:30,-0.0279,0.0663,0,,1.9523,40.0,-1.0,0,1.8576,1.0,9,0,1,0,0,9,10,2022-04-04 12:30:00+05:30,2022-04-04 12:35:00+05:30,2022-04-04 14:35:00+05:30,215.0,214.02678571428572,216.75178571428572,1.7518,W
S379,ITC,2022-04-04 12:40:00+05:30,-0.0688,-0.141,0,,0.0949,25.0,4.0,0,0.6231,,0,1,0,0,1,0,1,2022-04-04 12:40:00+05:30,2022-04-04 12:45:00+05:30,2022-04-04 14:35:00+05:30,214.7,213.64642857142854,216.5964285714286,1.8964,W
S380,ITC,2022-04-04 14:05:00+05:30,0.1442,0.1419,16,2.0,0.2943,90.0,-1.0,0,0.7984,1.0,1,0,0,0,0,1,2,2022-04-04 14:10:00+05:30,2022-04-04 14:15:00+05:30,2022-04-04 14:35:00+05:30,215.05,214.26428571428573,216.46428571428572,1.4143,W
S381,ITC,2022-04-04 14:20:00+05:30,0.0697,0.1442,0,,0.2616,77.78,-0.4595,0,0.8314,,0,1,0,1,1,0,1,2022-04-04 14:20:00+05:30,2022-04-04 14:25:00+05:30,2022-04-04 14:35:00+05:30,215.4,214.51607142857145,216.99107142857142,1.5911,W
S382,ITC,2022-04-05 09:30:00+05:30,,,3,3.0,0.1045,86.67,-1.0,0,1.0998,0.0,1,1,0,1,0,1,2,2022-04-05 09:35:00+05:30,2022-04-05 09:40:00+05:30,2022-04-05 10:10:00+05:30,216.5,215.125,218.97500000000002,2.475,W
S383,ITC,2022-04-05 10:40:00+05:30,0.2254,0.2659,12,5.0,0.106,88.24,-1.0,0,0.7823,0.0,1,0,1,0,0,1,2,2022-04-05 10:45:00+05:30,2022-04-05 10:50:00+05:30,2022-04-05 13:00:00+05:30,217.75,215.80357142857142,221.25357142857143,3.5036,W
S384,ITC,2022-04-05 10:55:00+05:30,0.1207,0.2254,0,,0.1489,83.33,-1.0,0,0.849,1.0,2,0,0,0,0,2,3,2022-04-05 11:05:00+05:30,2022-04-05 11:10:00+05:30,2022-04-05 12:50:00+05:30,217.65,215.97142857142856,220.6714285714286,3.0214,W
S385,ITC,2022-04-05 11:15:00+05:30,0.1022,0.0919,0,,0.478,16.67,-0.3701,0,0.3596,0.0,1,0,1,1,0,1,2,2022-04-05 11:20:00+05:30,2022-04-05 11:25:00+05:30,2022-04-05 12:50:00+05:30,218.0,216.3392857142857,220.98928571428573,2.9893,W
S386,ITC,2022-04-05 11:30:00+05:30,0.117,0.1022,0,,0.3889,0.0,0.0667,0,0.8055,,0,1,0,0,1,0,1,2022-04-05 11:30:00+05:30,2022-04-05 11:35:00+05:30,2022-04-05 12:25:00+05:30,217.9,216.69464285714287,220.06964285714287,2.1696,W
S387,ITC,2022-04-06 09:15:00+05:30,,,0,,3.4174,77.27,-0.931,0,5.4902,1.0,7,0,1,0,0,7,8,2022-04-06 09:50:00+05:30,2022-04-06 09:55:00+05:30,2022-04-06 10:00:00+05:30,222.75,221.16071428571428,225.6107142857143,-1.5893,L
S388,ITC,2022-04-06 10:25:00+05:30,0.0489,0.1558,6,6.0,0.0303,12.5,11.7273,0,0.4132,,0,0,0,0,1,0,1,2022-04-06 10:25:00+05:30,2022-04-06 10:30:00+05:30,2022-04-06 15:00:00+05:30,220.2,217.93214285714285,224.28214285714284,-0.5,EOD-
S389,ITC,2022-04-06 11:25:00+05:30,0.2558,0.2629,11,5.0,0.8686,64.71,-0.5294,0,0.2472,0.0,1,1,0,1,0,1,2,2022-04-06 11:30:00+05:30,2022-04-06 11:35:00+05:30,2022-04-06 13:00:00+05:30,220.8,219.57678571428573,223.00178571428575,-1.2232,L
S390,ITC,2022-04-06 11:45:00+05:30,-0.0317,0.1551,1,1.0,0.5031,8.33,0.2174,0,1.3373,,0,0,0,0,1,0,1,2022-04-06 11:45:00+05:30,2022-04-06 11:50:00+05:30,2022-04-06 13:05:00+05:30,220.75,219.32142857142856,223.32142857142858,-1.4286,L
S391,ITC,2022-04-06 12:25:00+05:30,-0.0079,-0.0011,0,,0.8232,42.86,-0.7605,0,3.3009,1.0,9,0,1,0,0,9,10,2022-04-06 13:10:00+05:30,2022-04-06 13:15:00+05:30,2022-04-06 15:00:00+05:30,220.5,219.23214285714286,222.78214285714287,-0.8,EOD-
S392,ITC,2022-04-06 13:20:00+05:30,-0.0851,-0.1055,0,,0.0522,66.67,3.0,0,0.3409,,0,0,0,1,1,0,1,2022-04-06 13:20:00+05:30,2022-04-06 13:25:00+05:30,2022-04-06 15:00:00+05:30,220.6,219.40357142857144,222.7535714285714,-0.9,EOD-
S393,ITC,2022-04-06 13:30:00+05:30,-0.0488,-0.0964,0,,1.1853,57.89,-0.3701,0,0.829,,0,0,0,1,1,0,1,2022-04-06 13:30:00+05:30,2022-04-06 13:35:00+05:30,2022-04-06 15:00:00+05:30,220.6,219.2607142857143,223.01071428571427,-0.9,EOD-
S394,ITC,2022-04-06 13:40:00+05:30,-0.0204,-0.0613,0,,0.1619,55.56,0.6216,0,0.9376,,0,1,1,0,1,0,1,2022-04-06 13:40:00+05:30,2022-04-06 13:45:00+05:30,2022-04-06 15:00:00+05:30,220.45,219.02142857142857,223.02142857142854,-0.75,EOD-
S395,ITC,2022-04-06 13:50:00+05:30,0.0068,-0.0375,0,,0.4503,37.5,-0.2079,0,0.6449,1.0,6,0,0,0,0,6,7,2022-04-06 14:20:00+05:30,2022-04-06 14:25:00+05:30,2022-04-06 15:00:00+05:30,220.5,219.0982142857143,223.02321428571426,-0.8,EOD-
S396,ITC,2022-04-07 09:15:00+05:30,,,0,,3.119,95.35,-1.0,0,2.8061,,0,0,0,0,1,0,1,2022-04-07 09:15:00+05:30,2022-04-07 09:20:00+05:30,2022-04-07 11:45:00+05:30,220.6,219.2875,222.96249999999998,-1.3125,L
S397,ITC,2022-04-07 09:25:00+05:30,,,0,,0.7344,84.62,-0.7661,0,0.6964,0.0,2,0,0,0,0,2,3,2022-04-07 09:35:00+05:30,2022-04-07 09:40:00+05:30,2022-04-07 13:30:00+05:30,220.3,218.84464285714287,222.91964285714286,-1.4554,L
S398,ITC,2022-04-07 09:45:00+05:30,0.0011,,0,,0.0,75.0,,1,1.4783,,0,1,0,1,1,0,1,2022-04-07 09:45:00+05:30,2022-04-07 09:50:00+05:30,2022-04-07 11:30:00+05:30,221.0,219.30357142857144,224.05357142857142,-1.6964,L
S399,ITC,2022-04-07 11:55:00+05:30,-0.2001,-0.1658,0,,2.0214,50.0,-0.9293,0,0.6653,1.0,9,0,1,0,0,9,10,2022-04-07 12:40:00+05:30,2022-04-07 12:45:00+05:30,2022-04-07 13:15:00+05:30,219.8,218.925,221.375,-0.875,L
S400,ITC,2022-04-07 12:50:00+05:30,-0.0649,-0.0888,0,,0.346,44.44,0.8605,0,0.6883,,0,0,1,0,1,0,1,2022-04-07 12:50:00+05:30,2022-04-07 12:55:00+05:30,2022-04-07 13:15:00+05:30,219.85,219.0732142857143,221.24821428571425,-0.7768,L
S401,ITC,2022-04-07 13:10:00+05:30,-0.0148,-0.0524,3,3.0,0.8024,22.22,0.0638,0,1.0568,,0,0,0,1,1,0,1,2022-04-07 13:10:00+05:30,2022-04-07 13:15:00+05:30,2022-04-07 13:30:00+05:30,219.5,218.76785714285717,220.81785714285712,-0.7321,L
S402,ITC,2022-04-08 09:30:00+05:30,,,3,3.0,0.1418,76.92,0.9355,0,1.1082,,0,1,0,0,1,0,1,2022-04-08 09:30:00+05:30,2022-04-08 09:35:00+05:30,2022-04-08 12:05:00+05:30,217.6,216.23392857142858,220.05892857142854,2.4589,W
S403,ITC,2022-04-08 09:40:00+05:30,0.0586,,0,,0.1286,16.67,1.2222,0,0.4692,,0,0,0,1,1,0,1,2022-04-08 09:40:00+05:30,2022-04-08 09:45:00+05:30,2022-04-08 12:05:00+05:30,217.75,216.4375,220.1125,2.3625,W
S404,ITC,2022-04-08 09:50:00+05:30,0.0011,,0,,1.3675,58.82,-0.8644,0,0.5831,1.0,1,0,0,0,0,1,2,2022-04-08 09:55:00+05:30,2022-04-08 10:00:00+05:30,2022-04-08 12:05:00+05:30,217.75,216.40178571428572,220.1767857142857,2.4268,W
S405,ITC,2022-04-08 10:05:00+05:30,0.023,0.0011,0,,0.3383,63.64,-0.3103,0,1.4065,,0,0,0,0,1,0,1,2022-04-08 10:05:00+05:30,2022-04-08 10:10:00+05:30,2022-04-08 12:25:00+05:30,218.3,216.69285714285715,221.19285714285715,2.8929,W
S406,ITC,2022-04-08 10:15:00+05:30,0.0654,0.0103,1,1.0,0.2754,38.46,0.9444,0,0.3949,,0,1,0,1,1,0,1,2022-04-08 10:15:00+05:30,2022-04-08 10:20:00+05:30,2022-04-08 12:20:00+05:30,217.9,216.26607142857142,220.84107142857144,2.9411,W
S407,ITC,2022-04-08 10:25:00+05:30,0.0735,0.039,1,1.0,0.1307,18.18,2.871,0,2.1327,,0,0,1,0,1,0,1,2022-04-08 10:25:00+05:30,2022-04-08 10:30:00+05:30,2022-04-08 12:20:00+05:30,218.25,216.76785714285714,220.91785714285714,2.6679,W
S408,ITC,2022-04-08 10:35:00+05:30,0.0631,0.0597,1,1.0,0.7522,7.14,0.5029,0,1.3525,,0,1,0,0,1,0,1,2022-04-08 10:35:00+05:30,2022-04-08 10:40:00+05:30,2022-04-08 12:20:00+05:30,218.1,216.6625,220.68750000000003,2.5875,W
S409,ITC,2022-04-08 10:50:00+05:30,0.0826,0.0631,2,2.0,0.1039,0.0,1.6087,0,0.7704,,0,0,0,0,1,0,1,2022-04-08 10:50:00+05:30,2022-04-08 10:55:00+05:30,2022-04-08 12:20:00+05:30,218.1,216.7160714285714,220.59107142857147,2.4911,W
S410,ITC,2022-04-08 11:00:00+05:30,0.0241,0.0814,0,,0.3674,0.0,0.0811,0,0.3392,,0,0,0,0,1,0,1,2022-04-08 11:00:00+05:30,2022-04-08 11:05:00+05:30,2022-04-08 12:05:00+05:30,217.9,216.64107142857142,220.16607142857146,2.2661,W
S411,ITC,2022-04-08 11:10:00+05:30,-0.0195,0.0401,0,,0.3144,25.0,-0.2453,0,3.8104,1.0,6,1,0,0,0,6,7,2022-04-08 11:40:00+05:30,2022-04-08 11:45:00+05:30,2022-04-08 12:15:00+05:30,218.5,217.44642857142856,220.3964285714286,1.8964,W
S412,ITC,2022-04-11 10:50:00+05:30,-0.0143,0.1321,0,,0.3144,60.0,-1.0,0,1.1818,1.0,9,1,0,0,0,9,10,2022-04-11 11:35:00+05:30,2022-04-11 11:40:00+05:30,2022-04-11 12:05:00+05:30,227.0,225.33035714285714,230.00535714285715,3.0054,W
S413,ITC,2022-04-12 09:15:00+05:30,,,0,,4.2817,61.11,-0.8008,0,1.2508,0.0,6,0,0,0,0,6,7,2022-04-12 09:45:00+05:30,2022-04-12 09:50:00+05:30,2022-04-12 10:20:00+05:30,226.85,225.0910714285714,230.01607142857142,-1.7589,L
S414,ITC,2022-04-12 09:55:00+05:30,-0.2087,-0.3685,0,,0.2873,86.67,-1.0,0,0.4048,,0,0,1,1,1,0,1,2022-04-12 09:55:00+05:30,2022-04-12 10:00:00+05:30,2022-04-12 12:25:00+05:30,226.85,224.45714285714283,231.15714285714287,-2.3929,L
S415,ITC,2022-04-12 13:05:00+05:30,-0.1057,-0.1245,0,,1.5379,11.11,-0.7241,0,0.7012,0.0,9,1,0,1,0,9,10,2022-04-12 13:50:00+05:30,2022-04-12 13:55:00+05:30,2022-04-12 15:00:00+05:30,224.3,223.12142857142857,226.4214285714286,0.9,EOD+
S416,ITC,2022-04-13 09:15:00+05:30,,,0,,0.5516,72.73,-1.0,0,2.7186,,0,1,1,0,1,0,1,2022-04-13 09:15:00+05:30,2022-04-13 09:20:00+05:30,2022-04-13 11:40:00+05:30,226.4,224.75714285714287,229.35714285714286,-1.6429,L
S417,ITC,2022-04-13 10:00:00+05:30,0.0299,0.0843,8,7.0,0.3932,33.33,0.3636,0,0.9587,,0,1,1,0,1,0,1,2022-04-13 10:00:00+05:30,2022-04-13 10:05:00+05:30,2022-04-13 12:15:00+05:30,225.6,223.50178571428572,229.3767857142857,-2.0982,L
S418,ITC,2022-04-13 12:10:00+05:30,-0.1678,-0.1576,0,,2.5384,71.43,-1.0,0,6.2736,1.0,9,1,0,0,0,9,10,2022-04-13 12:55:00+05:30,2022-04-13 13:00:00+05:30,2022-04-13 14:25:00+05:30,224.5,223.61607142857142,226.09107142857144,1.5911,W
S419,ITC,2022-04-18 09:15:00+05:30,,,0,,0.4834,40.3,0.1321,0,2.496,,0,0,1,0,1,0,1,2022-04-18 09:15:00+05:30,2022-04-18 09:20:00+05:30,2022-04-18 15:00:00+05:30,228.55,225.80892857142857,233.48392857142858,0.15,EOD+
S420,ITC,2022-04-18 11:40:00+05:30,-0.2112,-0.1933,0,,1.139,57.14,-0.8958,0,0.9618,1.0,9,1,1,1,0,9,10,2022-04-18 12:25:00+05:30,2022-04-18 12:30:00+05:30,2022-04-18 13:15:00+05:30,227.35,226.29642857142858,229.24642857142857,1.8964,W
S421,ITC,2022-04-18 12:35:00+05:30,-0.0363,-0.0705,1,1.0,0.5308,71.43,-0.1304,0,0.7283,0.0,2,0,0,1,0,2,3,2022-04-18 12:45:00+05:30,2022-04-18 12:50:00+05:30,2022-04-18 13:15:00+05:30,227.25,226.43749999999997,228.71250000000003,1.4625,W
S422,ITC,2022-04-18 12:55:00+05:30,0.022,-0.0198,0,,0.4667,55.56,0.1429,0,0.6783,,0,0,0,1,1,0,1,2022-04-18 12:55:00+05:30,2022-04-18 13:00:00+05:30,2022-04-18 13:15:00+05:30,227.3,226.36249999999998,228.98750000000004,1.6875,W
S423,ITC,2022-04-19 09:20:00+05:30,,,1,1.0,1.0592,52.0,-0.308,0,0.7253,0.0,4,1,0,1,0,4,5,2022-04-19 09:40:00+05:30,2022-04-19 09:45:00+05:30,2022-04-19 14:10:00+05:30,229.05,227.34464285714287,232.11964285714285,-1.7054,L
S424,ITC,2022-04-19 10:40:00+05:30,0.1154,0.1547,10,10.0,0.044,62.5,0.8182,0,0.7132,,0,0,0,0,1,0,1,2022-04-19 10:40:00+05:30,2022-04-19 10:45:00+05:30,2022-04-19 14:10:00+05:30,229.65,228.08750000000003,232.46249999999998,-1.5625,L
S425,ITC,2022-04-19 11:30:00+05:30,0.0457,0.0381,0,,0.5455,66.67,-0.6667,0,0.8119,0.0,9,0,0,1,0,9,10,2022-04-19 12:15:00+05:30,2022-04-19 12:20:00+05:30,2022-04-19 13:05:00+05:30,229.6,228.9125,230.8375,-0.6875,L
S426,ITC,2022-04-19 12:25:00+05:30,-0.0272,-0.0545,0,,0.7,60.0,-0.4667,0,0.9928,1.0,2,0,0,0,0,2,3,2022-04-19 12:35:00+05:30,2022-04-19 12:40:00+05:30,2022-04-19 13:05:00+05:30,229.5,228.83035714285714,230.70535714285714,-0.6696,L
S427,ITC,2022-04-20 09:15:00+05:30,,,0,,2.4688,32.76,-0.5638,0,0.8284,0.0,3,1,1,0,0,3,4,2022-04-20 09:30:00+05:30,2022-04-20 09:35:00+05:30,2022-04-20 10:40:00+05:30,224.65,220.81964285714287,231.54464285714286,-3.8304,L
S428,ITC,2022-04-20 09:45:00+05:30,-0.4079,,2,2.0,0.4375,73.91,-0.7037,0,0.259,0.0,2,1,0,0,0,2,3,2022-04-20 09:55:00+05:30,2022-04-20 10:00:00+05:30,2022-04-20 11:25:00+05:30,223.65,219.79285714285714,230.59285714285716,-3.8571,L
S429,ITC,2022-04-20 11:50:00+05:30,-0.5329,-0.4792,0,,1.8868,37.5,-0.8988,0,1.0297,1.0,9,1,1,0,0,9,10,2022-04-20 12:35:00+05:30,2022-04-20 12:40:00+05:30,2022-04-20 15:00:00+05:30,220.1,218.13571428571427,223.6357142857143,0.15,EOD+
S430,ITC,2022-04-21 09:15:00+05:30,,,0,,0.0486,94.59,-1.0,0,1.8083,,0,0,0,0,1,0,1,2022-04-21 09:15:00+05:30,2022-04-21 09:20:00+05:30,2022-04-21 15:00:00+05:30,221.65,219.7214285714286,225.12142857142857,-0.2,EOD-
S431,ITC,2022-04-21 10:30:00+05:30,0.268,0.3361,14,8.0,0.2466,71.43,-0.7059,0,0.421,0.0,1,0,0,1,0,1,2,2022-04-21 10:35:00+05:30,2022-04-21 10:40:00+05:30,2022-04-21 12:20:00+05:30,222.25,220.5267857142857,225.35178571428574,-1.7232,L
S432,ITC,2022-04-21 11:55:00+05:30,-0.2052,-0.2636,0,,0.9491,71.43,-0.819,0,0.7768,1.0,9,1,0,1,0,9,10,2022-04-21 12:40:00+05:30,2022-04-21 12:45:00+05:30,2022-04-21 15:00:00+05:30,221.25,219.79464285714286,223.86964285714285,0.2,EOD+
S433,ITC,2022-04-21 12:50:00+05:30,-0.0724,-0.1164,1,1.0,0.6462,69.23,-0.3939,0,0.3976,0.0,1,0,1,1,0,1,2,2022-04-21 12:55:00+05:30,2022-04-21 13:00:00+05:30,2022-04-21 15:00:00+05:30,221.25,219.97321428571428,223.54821428571427,0.2,EOD+
S434,ITC,2022-04-21 13:05:00+05:30,-0.0441,-0.0724,0,,0.1323,0.0,1.5,0,0.2258,,0,1,1,1,1,0,1,2022-04-21 13:05:00+05:30,2022-04-21 13:10:00+05:30,2022-04-21 15:00:00+05:30,221.25,220.11607142857142,223.29107142857143,0.2,EOD+
S435,ITC,2022-04-21 13:15:00+05:30,-0.009,-0.0588,0,,0.2504,11.11,2.6364,0,1.0701,,0,1,0,0,1,0,1,2022-04-21 13:15:00+05:30,2022-04-21 13:20:00+05:30,2022-04-21 15:00:00+05:30,221.35,220.25178571428572,223.3267857142857,0.1,EOD+
S436,ITC,2022-04-21 13:55:00+05:30,0.0915,0.0621,6,2.0,0.0573,58.33,10.1111,0,0.5664,,0,1,0,1,1,0,1,2022-04-21 13:55:00+05:30,2022-04-21 14:00:00+05:30,2022-04-21 15:00:00+05:30,221.6,220.61785714285713,223.36785714285713,-0.15,EOD-
S437,ITC,2022-04-21 14:20:00+05:30,0.1162,0.1129,4,1.0,0.7127,36.36,0.6071,0,5.9226,,0,0,0,0,1,0,1,2022-04-21 14:20:00+05:30,2022-04-21 14:25:00+05:30,2022-04-21 14:45:00+05:30,222.15,221.16785714285714,223.91785714285714,-0.9821,L
S438,ITC,2022-04-22 10:20:00+05:30,-0.2126,-0.2236,0,,0.7079,25.0,-0.7765,0,2.1378,1.0,9,0,0,0,0,9,10,2022-04-22 11:05:00+05:30,2022-04-22 11:10:00+05:30,2022-04-22 12:40:00+05:30,219.8,218.21964285714287,222.64464285714286,2.8446,W
S439,ITC,2022-04-22 11:30:00+05:30,0.0444,-0.0023,4,1.0,0.0074,44.44,39.0,0,0.7424,,0,0,0,0,1,0,1,2022-04-22 11:30:00+05:30,2022-04-22 11:35:00+05:30,2022-04-22 12:35:00+05:30,219.95,219.1017857142857,221.47678571428568,1.5268,W
S440,ITC,2022-04-22 11:40:00+05:30,0.0193,0.0455,0,,0.1571,25.0,-0.0909,0,0.2914,0.0,2,1,0,1,0,2,3,2022-04-22 11:50:00+05:30,2022-04-22 11:55:00+05:30,2022-04-22 12:35:00+05:30,219.7,218.825,221.27499999999998,1.575,W
S441,ITC,2022-04-22 13:20:00+05:30,0.198,0.2277,16,8.0,0.2483,72.22,0.3115,0,0.9315,,0,1,1,0,1,0,1,2022-04-22 13:20:00+05:30,2022-04-22 13:25:00+05:30,2022-04-22 15:00:00+05:30,221.1,219.5642857142857,223.86428571428573,-0.05,EOD-
S442,ITC,2022-04-22 13:45:00+05:30,0.2032,0.208,3,1.0,0.2652,27.27,0.6393,0,2.5007,,0,0,0,0,1,0,1,2022-04-22 13:45:00+05:30,2022-04-22 13:50:00+05:30,2022-04-22 15:00:00+05:30,221.5,220.0625,224.0875,-0.45,EOD-
S443,ITC,2022-04-22 13:55:00+05:30,0.1715,0.1988,0,,0.6315,60.0,-1.0,0,2.2607,1.0,5,0,0,0,0,5,6,2022-04-22 14:20:00+05:30,2022-04-22 14:25:00+05:30,2022-04-22 15:00:00+05:30,221.6,220.32321428571427,223.8982142857143,-0.55,EOD-
S444,ITC,2022-04-25 10:40:00+05:30,-0.5281,-0.5162,0,,2.3542,62.5,-0.9061,0,0.3869,0.0,9,0,1,1,0,9,10,2022-04-25 11:25:00+05:30,2022-04-25 11:30:00+05:30,2022-04-25 12:20:00+05:30,216.65,214.95357142857142,219.70357142857145,-1.6964,L
S445,ITC,2022-04-25 12:20:00+05:30,-0.1365,-0.0821,0,,2.2144,81.82,-0.9174,0,1.5142,1.0,9,1,0,0,0,9,10,2022-04-25 13:05:00+05:30,2022-04-25 13:10:00+05:30,2022-04-25 15:00:00+05:30,215.65,214.2839285714286,218.10892857142855,0.45,EOD+
S446,ITC,2022-04-25 14:20:00+05:30,0.2141,0.1402,13,3.0,0.1856,37.5,1.8571,0,1.1803,,0,1,0,1,1,0,1,2022-04-25 14:20:00+05:30,2022-04-25 14:25:00+05:30,2022-04-25 15:00:00+05:30,216.1,214.92142857142858,218.22142857142853,0.0,EOD-
S447,ITC,2022-04-25 14:30:00+05:30,0.1897,0.1957,0,,0.2772,11.76,0.0169,0,2.1678,,0,1,0,0,1,0,1,2022-04-25 14:30:00+05:30,2022-04-25 14:35:00+05:30,2022-04-25 15:00:00+05:30,216.1,214.76964285714286,218.49464285714285,0.0,EOD-
S448,ITC,2022-04-26 10:10:00+05:30,0.403,0.4395,11,7.0,0.0715,47.37,1.5,0,2.7245,,0,1,0,0,1,0,1,2022-04-26 10:10:00+05:30,2022-04-26 10:15:00+05:30,2022-04-26 15:00:00+05:30,218.35,216.25178571428572,222.1267857142857,0.35,EOD+
S449,ITC,2022-04-26 10:20:00+05:30,0.3431,0.4422,0,,0.4941,41.67,-0.1667,0,0.4946,,0,0,1,0,1,0,1,2022-04-26 10:20:00+05:30,2022-04-26 10:25:00+05:30,2022-04-26 15:00:00+05:30,218.85,216.725,222.67499999999998,-0.15,EOD-
S450,ITC,2022-04-26 10:30:00+05:30,0.2947,0.3753,0,,1.2114,31.58,-0.2814,0,0.4255,,0,1,0,0,1,0,1,2022-04-26 10:30:00+05:30,2022-04-26 10:35:00+05:30,2022-04-26 15:00:00+05:30,218.95,217.2267857142857,222.0517857142857,-0.25,EOD-
S451,ITC,2022-04-26 10:40:00+05:30,0.2978,0.3051,0,,0.8408,7.14,-0.5349,0,0.5321,1.0,4,0,0,0,0,4,5,2022-04-26 11:00:00+05:30,2022-04-26 11:05:00+05:30,2022-04-26 13:10:00+05:30,219.6,218.00178571428572,222.4767857142857,-1.5982,L
S452,ITC,2022-04-26 11:10:00+05:30,0.0467,0.245,0,,0.1315,77.78,-0.4118,0,0.4007,,0,1,0,1,1,0,1,2022-04-26 11:10:00+05:30,2022-04-26 11:15:00+05:30,2022-04-26 13:10:00+05:30,219.65,218.0339285714286,222.55892857142857,-1.6161,L
S453,ITC,2022-04-26 11:55:00+05:30,0.0376,-0.0239,8,5.0,0.1072,28.57,1.3529,0,0.978,,0,0,0,0,1,0,1,2022-04-26 11:55:00+05:30,2022-04-26 12:00:00+05:30,2022-04-26 12:30:00+05:30,219.5,218.50892857142858,221.28392857142856,-0.9911,L
S454,ITC,2022-04-26 12:55:00+05:30,-0.1392,-0.0627,0,,2.6699,0.0,-0.8144,0,1.2697,1.0,9,0,1,1,0,9,10,2022-04-26 13:40:00+05:30,2022-04-26 13:45:00+05:30,2022-04-26 15:00:00+05:30,218.75,217.74107142857142,220.56607142857143,-0.05,EOD-
S455,ITC,2022-04-26 13:50:00+05:30,-0.1064,-0.1258,0,,0.0055,66.67,19.0,0,0.3878,,0,0,1,1,1,0,1,2022-04-26 13:50:00+05:30,2022-04-26 13:55:00+05:30,2022-04-26 15:00:00+05:30,218.6,217.4660714285714,220.64107142857142,0.1,EOD+
S456,ITC,2022-04-26 14:00:00+05:30,-0.0801,-0.1075,0,,0.3413,40.0,-1.0,0,0.6071,1.0,1,1,0,0,0,1,2,2022-04-26 14:05:00+05:30,2022-04-26 14:10:00+05:30,2022-04-26 15:00:00+05:30,218.45,217.36964285714285,220.39464285714286,0.25,EOD+
S457,ITC,2022-04-27 10:00:00+05:30,-0.1752,-0.1521,0,,1.5067,0.0,-0.9433,0,0.7435,1.0,9,0,1,1,0,9,10,2022-04-27 10:45:00+05:30,2022-04-27 10:50:00+05:30,2022-04-27 15:00:00+05:30,217.85,216.38571428571427,220.48571428571427,0.7,EOD+
S458,ITC,2022-04-27 10:55:00+05:30,-0.1574,-0.2044,1,1.0,0.0194,25.0,19.0,0,1.1147,,0,0,0,1,1,0,1,2022-04-27 10:55:00+05:30,2022-04-27 11:00:00+05:30,2022-04-27 11:35:00+05:30,217.65,217.00714285714287,218.80714285714285,-0.6429,L
S459,ITC,2022-04-27 11:05:00+05:30,-0.0724,-0.2046,1,1.0,0.4239,40.0,-0.5349,0,0.5909,0.0,1,0,0,0,0,1,2,2022-04-27 11:10:00+05:30,2022-04-27 11:15:00+05:30,2022-04-27 11:35:00+05:30,217.65,217.01607142857145,218.79107142857143,-0.6339,L
S460,ITC,2022-04-27 11:20:00+05:30,0.0103,-0.0724,0,,0.4824,33.33,-0.6078,0,1.3973,1.0,4,1,0,0,0,4,5,2022-04-27 11:40:00+05:30,2022-04-27 11:45:00+05:30,2022-04-27 12:35:00+05:30,217.55,216.88928571428573,218.7392857142857,1.1893,W
S461,ITC,2022-04-27 11:50:00+05:30,-0.0057,-0.0057,0,,0.0659,16.67,6.5,0,1.2999,,0,1,0,0,1,0,1,2022-04-27 11:50:00+05:30,2022-04-27 11:55:00+05:30,2022-04-27 15:00:00+05:30,217.75,216.99107142857144,219.11607142857142,0.8,EOD+
S462,ITC,2022-04-27 12:05:00+05:30,0.0115,-0.0057,2,1.0,0.4231,16.67,0.0909,0,0.5717,,0,0,0,0,1,0,1,2022-04-27 12:05:00+05:30,2022-04-27 12:10:00+05:30,2022-04-27 15:00:00+05:30,217.6,216.7875,219.0625,0.95,EOD+
S463,ITC,2022-04-27 12:15:00+05:30,0.0149,0.0103,0,,0.3261,33.33,-0.0244,0,0.4044,,0,0,0,1,1,0,1,2022-04-27 12:15:00+05:30,2022-04-27 12:20:00+05:30,2022-04-27 15:00:00+05:30,217.6,216.8142857142857,219.01428571428573,0.95,EOD+
S464,ITC,2022-04-27 12:25:00+05:30,0.0,0.0138,0,,0.5478,28.57,-0.7222,0,1.1575,1.0,1,1,0,1,0,1,2,2022-04-27 12:30:00+05:30,2022-04-27 12:35:00+05:30,2022-04-27 13:00:00+05:30,218.2,217.3785714285714,219.67857142857142,-0.8214,L
S465,ITC,2022-04-27 12:50:00+05:30,0.07,0.0299,3,3.0,0.525,15.38,0.9355,0,1.1542,,0,0,0,0,1,0,1,2022-04-27 12:50:00+05:30,2022-04-27 12:55:00+05:30,2022-04-27 15:00:00+05:30,217.9,216.79285714285714,219.89285714285717,0.65,EOD+
S466,ITC,2022-04-27 13:00:00+05:30,0.0367,0.0574,1,1.0,0.9625,60.0,-0.6591,0,1.1548,0.0,5,1,0,1,0,5,6,2022-04-27 13:25:00+05:30,2022-04-27 13:30:00+05:30,2022-04-27 15:00:00+05:30,218.3,217.15714285714284,220.3571428571429,0.25,EOD+
S467,ITC,2022-04-27 14:05:00+05:30,0.0986,0.0929,7,4.0,0.1026,100.0,-1.0,0,0.6578,,0,1,0,1,1,0,1,2022-04-27 14:05:00+05:30,2022-04-27 14:10:00+05:30,2022-04-27 15:00:00+05:30,218.3,217.26428571428573,220.1642857142857,0.25,EOD+
S468,ITC,2022-04-27 14:20:00+05:30,0.0264,0.0986,2,1.0,0.7845,18.75,0.3846,0,1.3636,,0,1,0,1,1,0,1,2022-04-27 14:20:00+05:30,2022-04-27 14:25:00+05:30,2022-04-27 15:00:00+05:30,218.35,217.31428571428572,220.2142857142857,0.2,EOD+
S469,ITC,2022-04-28 10:45:00+05:30,0.2014,0.1777,18,14.0,0.55,75.0,-0.4805,0,0.8492,0.0,3,1,1,1,0,3,4,2022-04-28 11:00:00+05:30,2022-04-28 11:05:00+05:30,2022-04-28 12:25:00+05:30,219.9,219.025,221.475,1.575,W
S470,ITC,2022-04-28 11:55:00+05:30,0.0625,0.0784,9,7.0,0.2484,14.29,2.6364,0,1.5276,,0,1,0,0,1,0,1,2022-04-28 11:55:00+05:30,2022-04-28 12:00:00+05:30,2022-04-28 12:25:00+05:30,220.25,219.69642857142856,221.2464285714286,0.9964,W
S471,ITC,2022-04-28 13:30:00+05:30,0.2548,0.3138,18,6.0,0.1561,66.67,2.2258,0,1.1739,,0,1,0,0,1,0,1,2022-04-28 13:30:00+05:30,2022-04-28 13:35:00+05:30,2022-04-28 15:00:00+05:30,221.95,220.70892857142854,224.18392857142857,-0.4,EOD-
S472,ITC,2022-04-28 13:40:00+05:30,0.223,0.2797,0,,0.0278,50.0,7.0,0,0.3651,,0,0,0,1,1,0,1,2022-04-28 13:40:00+05:30,2022-04-28 13:45:00+05:30,2022-04-28 15:00:00+05:30,222.15,221.025,224.175,-1.125,L
S473,ITC,2022-04-29 09:45:00+05:30,-0.1931,,0,,1.7301,78.57,-0.9581,0,0.9288,1.0,9,0,0,0,0,9,10,2022-04-29 10:30:00+05:30,2022-04-29 10:35:00+05:30,2022-04-29 15:00:00+05:30,220.8,219.07678571428573,223.90178571428572,0.4,EOD+
S474,ITC,2022-04-29 10:40:00+05:30,-0.0714,-0.1654,0,,0.9084,33.33,-0.2941,0,0.2386,0.0,2,0,0,1,0,2,3,2022-04-29 10:50:00+05:30,2022-04-29 10:55:00+05:30,2022-04-29 15:00:00+05:30,220.7,219.53035714285716,222.8053571428571,0.5,EOD+
S475,ITC,2022-04-29 11:00:00+05:30,-0.068,-0.0521,0,,0.1068,60.0,0.1111,0,0.4458,,0,1,0,0,1,0,1,2022-04-29 11:00:00+05:30,2022-04-29 11:05:00+05:30,2022-04-29 13:45:00+05:30,220.85,219.79642857142858,222.74642857142854,1.8964,W
S476,ITC,2022-04-29 11:50:00+05:30,0.0984,0.1166,9,5.0,0.3596,9.09,2.2143,0,0.5333,,0,0,0,0,1,0,1,2022-04-29 11:50:00+05:30,2022-04-29 11:55:00+05:30,2022-04-29 12:25:00+05:30,221.3,220.3267857142857,223.05178571428573,-0.9732,L
S477,ITC,2022-04-29 12:00:00+05:30,0.0803,0.1154,1,1.0,0.5473,71.43,-0.5349,0,0.7494,1.0,1,0,0,1,0,1,2,2022-04-29 12:05:00+05:30,2022-04-29 12:10:00+05:30,2022-04-29 12:30:00+05:30,221.25,220.26785714285714,223.01785714285714,-0.9821,L
S478,ITC,2022-04-29 12:40:00+05:30,-0.0113,0.0215,0,,1.6036,66.67,-0.9206,0,1.7035,1.0,9,1,0,1,0,9,10,2022-04-29 13:25:00+05:30,2022-04-29 13:30:00+05:30,2022-04-29 15:00:00+05:30,221.2,220.21785714285713,222.96785714285713,0.0,EOD-
S479,ITC,2022-04-29 14:20:00+05:30,0.1445,0.1537,10,7.0,0.2511,40.0,0.2766,0,1.8082,,0,0,0,1,1,0,1,2022-04-29 14:20:00+05:30,2022-04-29 14:25:00+05:30,2022-04-29 15:00:00+05:30,221.35,220.18035714285713,223.45535714285714,-0.15,EOD-
S480,ITC,2022-04-29 14:30:00+05:30,0.1309,0.1547,0,,0.7053,41.67,-0.5455,0,1.0255,,0,0,0,0,1,0,1,2022-04-29 14:30:00+05:30,2022-04-29 14:35:00+05:30,2022-04-29 15:00:00+05:30,221.6,220.43035714285713,223.70535714285717,-0.4,EOD-
S481,ITC,2022-05-02 09:15:00+05:30,,,0,,4.0118,6.9,-0.7366,0,0.5995,0.0,5,0,0,0,0,5,6,2022-05-02 09:40:00+05:30,2022-05-02 09:45:00+05:30,2022-05-02 15:00:00+05:30,220.85,218.95714285714286,224.25714285714287,1.35,EOD+
S482,ITC,2022-05-02 09:50:00+05:30,-0.1522,,0,,0.1295,22.22,0.2766,0,0.2618,,0,0,0,0,1,0,1,2022-05-02 09:50:00+05:30,2022-05-02 09:55:00+05:30,2022-05-02 15:00:00+05:30,220.25,217.98214285714286,224.33214285714286,1.95,EOD+
S483,ITC,2022-05-02 10:00:00+05:30,-0.1159,-0.1896,0,,0.1292,69.23,-0.5349,0,1.6312,,0,1,0,0,1,0,1,2022-05-02 10:00:00+05:30,2022-05-02 10:05:00+05:30,2022-05-02 15:00:00+05:30,220.45,218.36964285714285,224.19464285714287,1.75,EOD+
S484,ITC,2022-05-02 10:45:00+05:30,0.1123,0.0511,8,6.0,0.5618,16.67,0.4286,0,0.7498,,0,0,0,0,1,0,1,2022-05-02 10:45:00+05:30,2022-05-02 10:50:00+05:30,2022-05-02 12:55:00+05:30,220.3,218.89821428571432,222.82321428571427,2.5232,W
S485,ITC,2022-05-02 11:15:00+05:30,0.093,0.1168,0,,0.6879,66.67,-1.0,0,0.9818,0.0,9,0,0,1,0,9,10,2022-05-02 12:00:00+05:30,2022-05-02 12:05:00+05:30,2022-05-02 12:40:00+05:30,220.7,219.6642857142857,222.5642857142857,1.8643,W
S486,ITC,2022-05-02 13:55:00+05:30,0.2012,0.2408,22,12.0,0.2962,14.29,0.4545,0,0.5452,,0,1,0,1,1,0,1,2022-05-02 13:55:00+05:30,2022-05-02 14:00:00+05:30,2022-05-02 15:00:00+05:30,222.45,221.2892857142857,224.5392857142857,-0.25,EOD-
S487,ITC,2022-05-02 14:05:00+05:30,0.1618,0.2227,0,,0.1282,71.43,0.6667,0,0.7001,,0,0,1,1,1,0,1,2022-05-02 14:05:00+05:30,2022-05-02 14:10:00+05:30,2022-05-02 15:00:00+05:30,222.6,221.43035714285713,224.70535714285717,-0.4,EOD-
S488,ITC,2022-05-04 09:30:00+05:30,,,3,3.0,0.2939,58.82,-0.1011,0,0.8443,,0,1,0,1,1,0,1,2022-05-04 09:30:00+05:30,2022-05-04 09:35:00+05:30,2022-05-04 14:30:00+05:30,223.2,221.30714285714285,226.60714285714283,-1.8929,L
S489,ITC,2022-05-04 10:30:00+05:30,0.1922,0.1958,11,8.0,0.1301,78.57,-1.0,0,0.1678,0.0,1,0,0,1,0,1,2,2022-05-04 10:35:00+05:30,2022-05-04 10:40:00+05:30,2022-05-04 14:10:00+05:30,223.7,222.0660714285714,226.64107142857142,-1.6339,L
S490,ITC,2022-05-04 10:55:00+05:30,-0.0324,0.1363,0,,1.6042,69.23,-1.0,0,0.6811,1.0,9,1,0,0,0,9,10,2022-05-04 11:40:00+05:30,2022-05-04 11:45:00+05:30,2022-05-04 14:05:00+05:30,223.7,222.2,226.39999999999998,-1.5,L
S491,ITC,2022-05-04 12:25:00+05:30,0.028,-0.0235,7,4.0,0.3687,50.0,0.0127,0,0.7569,,0,0,1,0,1,0,1,2022-05-04 12:25:00+05:30,2022-05-04 12:30:00+05:30,2022-05-04 14:05:00+05:30,223.5,222.1607142857143,225.91071428571428,-1.3393,L
S492,ITC,2022-05-04 12:35:00+05:30,0.0347,0.0011,0,,1.4357,71.43,-0.9379,0,0.6643,0.0,5,0,0,0,0,5,6,2022-05-04 13:00:00+05:30,2022-05-04 13:05:00+05:30,2022-05-04 14:10:00+05:30,223.55,222.1482142857143,226.0732142857143,-1.4018,L
S493,ITC,2022-05-04 13:10:00+05:30,0.0235,-0.0045,0,,1.1493,11.11,-0.4239,0,1.2526,1.0,2,0,1,0,0,2,3,2022-05-04 13:20:00+05:30,2022-05-04 13:25:00+05:30,2022-05-04 14:00:00+05:30,223.85,222.52857142857144,226.22857142857143,-1.3214,L
S494,ITC,2022-05-04 13:30:00+05:30,0.0011,0.0425,0,,0.2965,42.86,0.3115,0,0.229,,0,1,1,1,1,0,1,2022-05-04 13:30:00+05:30,2022-05-04 13:35:00+05:30,2022-05-04 14:05:00+05:30,223.6,222.31428571428572,225.9142857142857,-1.2857,L
S495,ITC,2022-05-05 09:15:00+05:30,,,0,,0.5185,44.0,0.75,0,0.7917,,0,0,0,0,1,0,1,2022-05-05 09:15:00+05:30,2022-05-05 09:20:00+05:30,2022-05-05 15:00:00+05:30,221.25,219.32142857142856,224.7214285714286,0.7,EOD+
S496,ITC,2022-05-05 09:25:00+05:30,,,0,,0.1339,85.71,-0.0909,0,0.8314,,0,1,0,0,1,0,1,2022-05-05 09:25:00+05:30,2022-05-05 09:30:00+05:30,2022-05-05 15:00:00+05:30,222.15,220.0964285714286,225.8464285714286,-0.2,EOD-
S497,ITC,2022-05-05 11:00:00+05:30,0.3153,0.4301,18,12.0,0.7,70.0,-0.6273,0,1.2124,1.0,2,0,0,0,0,2,3,2022-05-05 11:10:00+05:30,2022-05-05 11:15:00+05:30,2022-05-05 12:25:00+05:30,224.3,222.8625,226.88750000000005,-1.4375,L
S498,ITC,2022-05-05 11:45:00+05:30,-0.0223,0.086,0,,0.9699,75.0,-0.9057,0,1.0859,1.0,9,0,0,0,0,9,10,2022-05-05 12:30:00+05:30,2022-05-05 12:35:00+05:30,2022-05-05 13:40:00+05:30,223.8,222.43392857142857,226.25892857142858,-1.3661,L
S499,ITC,2022-05-05 12:45:00+05:30,-0.0034,-0.0638,2,2.0,0.4336,53.85,0.7143,0,0.7914,,0,0,0,1,1,0,1,2022-05-05 12:45:00+05:30,2022-05-05 12:50:00+05:30,2022-05-05 13:15:00+05:30,224.0,222.99107142857142,225.81607142857143,-1.0089,L
S500,ITC,2022-05-05 12:55:00+05:30,-0.0045,-0.0302,1,1.0,0.6229,80.0,-1.0,0,1.239,0.0,5,0,0,0,0,5,6,2022-05-05 13:20:00+05:30,2022-05-05 13:25:00+05:30,2022-05-05 13:40:00+05:30,223.6,222.54642857142858,225.49642857142857,-1.0536,L
S501,ITC,2022-05-06 09:15:00+05:30,,,0,,3.4422,64.0,-0.9605,0,1.5441,0.0,4,1,1,0,0,4,5,2022-05-06 09:35:00+05:30,2022-05-06 09:40:00+05:30,2022-05-06 09:55:00+05:30,222.65,220.81071428571428,225.9607142857143,3.3107,W
S502,ITC,2022-05-06 10:55:00+05:30,0.3476,0.3873,15,12.0,0.5179,38.89,0.5172,0,0.8218,,0,0,0,0,1,0,1,2022-05-06 10:55:00+05:30,2022-05-06 11:00:00+05:30,2022-05-06 15:00:00+05:30,224.6,222.85,227.74999999999997,0.75,EOD+
S503,ITC,2022-05-06 11:05:00+05:30,0.3337,0.3757,0,,0.6406,33.33,-0.8675,0,0.7991,1.0,5,0,0,1,0,5,6,2022-05-06 11:30:00+05:30,2022-05-06 11:35:00+05:30,2022-05-06 15:00:00+05:30,225.25,223.77678571428572,227.9017857142857,0.1,EOD+
S504,ITC,2022-05-06 11:40:00+05:30,-0.0467,0.1745,0,,1.1768,47.62,-0.5498,0,0.5234,,0,0,0,0,1,0,1,2022-05-06 11:40:00+05:30,2022-05-06 11:45:00+05:30,2022-05-06 15:00:00+05:30,224.95,223.29821428571427,227.92321428571427,0.4,EOD+
S505,ITC,2022-05-06 11:50:00+05:30,-0.0901,0.0,0,,0.6503,0.0,-0.8824,0,0.8442,1.0,3,1,1,0,0,3,4,2022-05-06 12:05:00+05:30,2022-05-06 12:10:00+05:30,2022-05-06 15:00:00+05:30,224.9,223.26607142857142,227.84107142857144,0.45,EOD+
S506,ITC,2022-05-06 12:30:00+05:30,-0.0534,-0.0701,4,1.0,0.3065,58.33,0.0811,0,1.3564,,0,0,0,0,1,0,1,2022-05-06 12:30:00+05:30,2022-05-06 12:35:00+05:30,2022-05-06 15:00:00+05:30,224.55,223.04107142857143,227.26607142857145,0.8,EOD+
S507,ITC,2022-05-06 12:40:00+05:30,-0.0212,-0.0568,0,,0.9606,12.5,-0.4681,0,0.8723,1.0,3,0,0,0,0,3,4,2022-05-06 12:55:00+05:30,2022-05-06 13:00:00+05:30,2022-05-06 15:00:00+05:30,224.65,223.42678571428573,226.85178571428574,0.7,EOD+
S508,ITC,2022-05-06 13:05:00+05:30,0.0345,-0.0167,0,,1.2219,30.0,-0.2965,0,0.9081,,0,0,0,1,1,0,1,2022-05-06 13:05:00+05:30,2022-05-06 13:10:00+05:30,2022-05-06 15:00:00+05:30,224.65,223.63214285714287,226.48214285714286,0.7,EOD+
S509,ITC,2022-05-06 13:15:00+05:30,0.0245,0.0122,0,,0.1687,25.0,-1.0,0,0.6636,1.0,1,1,0,1,0,1,2,2022-05-06 13:20:00+05:30,2022-05-06 13:25:00+05:30,2022-05-06 15:00:00+05:30,224.65,223.65,226.45000000000002,0.7,EOD+
S510,ITC,2022-05-06 13:40:00+05:30,0.03,0.02,3,3.0,0.9298,87.5,-0.7701,0,0.8001,0.0,1,1,0,0,0,1,2,2022-05-06 13:45:00+05:30,2022-05-06 13:50:00+05:30,2022-05-06 15:00:00+05:30,224.8,223.63035714285715,226.90535714285716,0.55,EOD+
S511,ITC,2022-05-09 10:50:00+05:30,-0.281,-0.2794,0,,0.9303,80.0,-1.0,0,0.8348,1.0,9,1,1,1,0,9,10,2022-05-09 11:35:00+05:30,2022-05-09 11:40:00+05:30,2022-05-09 14:00:00+05:30,222.95,221.5660714285714,225.4410714285714,-1.3839,L
S512,ITC,2022-05-09 11:45:00+05:30,-0.009,-0.1234,1,1.0,0.4986,61.54,0.0101,0,0.7254,,0,0,0,1,1,0,1,2022-05-09 11:45:00+05:30,2022-05-09 11:50:00+05:30,2022-05-09 14:00:00+05:30,222.85,221.60892857142855,225.08392857142857,-1.2411,L
S513,ITC,2022-05-09 11:55:00+05:30,0.0056,-0.028,0,,0.9318,38.46,-0.4924,0,0.9061,,0,0,0,0,1,0,1,2022-05-09 11:55:00+05:30,2022-05-09 12:00:00+05:30,2022-05-09 14:00:00+05:30,222.9,221.57857142857142,225.27857142857144,-1.3214,L
S514,ITC,2022-05-09 12:05:00+05:30,-0.0112,0.0022,0,,0.8647,9.09,-0.2593,0,0.1546,0.0,1,0,0,1,0,1,2,2022-05-09 12:10:00+05:30,2022-05-09 12:15:00+05:30,2022-05-09 14:00:00+05:30,222.9,221.53392857142856,225.35892857142858,-1.3661,L
S515,ITC,2022-05-09 12:20:00+05:30,-0.0337,-0.0112,0,,0.3169,20.0,-0.1045,0,0.36,1.0,1,1,0,1,0,1,2,2022-05-09 12:25:00+05:30,2022-05-09 12:30:00+05:30,2022-05-09 14:00:00+05:30,222.95,221.6285714285714,225.32857142857142,-1.3214,L
S516,ITC,2022-05-09 13:15:00+05:30,0.1265,0.1322,8,6.0,0.4734,35.29,-0.1489,0,1.1727,0.0,1,1,0,0,0,1,2,2022-05-09 13:20:00+05:30,2022-05-09 13:25:00+05:30,2022-05-09 14:00:00+05:30,223.3,222.05892857142857,225.5339285714286,-1.2411,L
S517,ITC,2022-05-10 09:15:00+05:30,,,0,,0.7862,100.0,-1.0,0,1.9859,,0,1,0,0,1,0,1,2022-05-10 09:15:00+05:30,2022-05-10 09:20:00+05:30,2022-05-10 14:50:00+05:30,223.4,221.5875,226.6625,-1.8125,L
S518,ITC,2022-05-10 09:30:00+05:30,,,2,2.0,0.516,20.0,0.5287,0,0.8974,,0,0,1,1,1,0,1,2022-05-10 09:30:00+05:30,2022-05-10 09:35:00+05:30,2022-05-10 14:55:00+05:30,223.05,221.14821428571432,226.47321428571428,-1.9018,L
S519,ITC,2022-05-10 09:40:00+05:30,0.1626,,0,,0.5659,41.67,-1.0,0,0.6102,0.0,6,1,0,1,0,6,7,2022-05-10 10:10:00+05:30,2022-05-10 10:15:00+05:30,2022-05-10 14:50:00+05:30,223.3,221.38928571428573,226.73928571428573,-1.9107,L
S520,ITC,2022-05-10 11:35:00+05:30,0.1753,0.1297,16,4.0,0.1537,71.43,-0.2593,0,0.7202,1.0,3,1,1,1,0,3,4,2022-05-10 11:50:00+05:30,2022-05-10 11:55:00+05:30,2022-05-10 14:25:00+05:30,224.25,223.1517857142857,226.22678571428574,-1.0982,L
S521,ITC,2022-05-10 12:50:00+05:30,0.1357,0.1792,10,5.0,0.1727,14.29,1.1053,0,0.9405,,0,0,1,0,1,0,1,2022-05-10 12:50:00+05:30,2022-05-10 12:55:00+05:30,2022-05-10 13:40:00+05:30,224.9,223.525,227.37499999999997,-1.375,L
S522,ITC,2022-05-10 13:00:00+05:30,0.0701,0.1691,0,,1.1123,40.0,-0.4828,0,0.7782,0.0,1,0,0,0,0,1,2,2022-05-10 13:05:00+05:30,2022-05-10 13:10:00+05:30,2022-05-10 13:40:00+05:30,224.9,223.5964285714286,227.24642857142857,-1.3036,L
S523,ITC,2022-05-10 13:30:00+05:30,0.0445,0.05,0,,2.113,69.23,-0.8773,0,1.0072,1.0,9,0,0,1,0,9,10,2022-05-10 14:15:00+05:30,2022-05-10 14:20:00+05:30,2022-05-10 14:25:00+05:30,224.65,223.20357142857145,227.25357142857143,-1.4464,L
S524,ITC,2022-05-11 11:45:00+05:30,-0.4437,-0.4437,0,,2.1536,62.5,-0.8934,0,1.4933,1.0,9,0,1,0,0,9,10,2022-05-11 12:30:00+05:30,2022-05-11 12:35:00+05:30,2022-05-11 13:00:00+05:30,216.35,214.7160714285714,219.29107142857143,-1.6339,L
S525,ITC,2022-05-11 12:50:00+05:30,-0.1124,-0.1784,0,,1.0822,0.0,-0.8298,0,0.5147,0.0,9,0,0,1,0,9,10,2022-05-11 13:35:00+05:30,2022-05-11 13:40:00+05:30,2022-05-11 14:40:00+05:30,215.2,213.84285714285713,217.6428571428571,2.4429,W
S526,ITC,2022-05-11 13:45:00+05:30,-0.0686,-0.1849,0,,0.0636,16.67,2.5294,0,0.4506,,0,1,0,1,1,0,1,2022-05-11 13:45:00+05:30,2022-05-11 13:50:00+05:30,2022-05-11 14:40:00+05:30,215.2,213.53035714285716,218.2053571428571,3.0054,W
S527,ITC,2022-05-12 10:00:00+05:30,-0.5946,-0.5356,0,,3.6546,33.33,-0.9077,0,0.5471,0.0,9,0,0,0,0,9,10,2022-05-12 10:45:00+05:30,2022-05-12 10:50:00+05:30,2022-05-12 15:00:00+05:30,212.95,210.7267857142857,216.9517857142857,2.0,EOD+
S528,ITC,2022-05-12 11:20:00+05:30,0.0483,-0.2155,6,2.0,0.2601,88.89,-0.7059,0,1.1401,0.0,1,0,0,0,0,1,2,2022-05-12 11:25:00+05:30,2022-05-12 11:30:00+05:30,2022-05-12 14:50:00+05:30,212.4,210.76607142857142,215.34107142857144,2.9411,W
S529,ITC,2022-05-12 11:35:00+05:30,0.0706,0.0483,0,,0.3142,64.29,-0.2405,0,0.9363,,0,0,0,0,1,0,1,2022-05-12 11:35:00+05:30,2022-05-12 11:40:00+05:30,2022-05-12 15:00:00+05:30,212.85,211.27857142857144,215.67857142857142,2.1,EOD+
S530,ITC,2022-05-12 11:45:00+05:30,0.0859,0.06,1,1.0,0.3316,20.0,0.7284,0,1.1127,,0,0,1,0,1,0,1,2022-05-12 11:45:00+05:30,2022-05-12 11:50:00+05:30,2022-05-12 15:00:00+05:30,212.75,211.22321428571428,215.49821428571428,2.2,EOD+
S531,ITC,2022-05-12 11:55:00+05:30,0.1293,0.0553,0,,0.0456,44.44,0.8182,0,0.6712,,0,1,0,1,1,0,1,2022-05-12 11:55:00+05:30,2022-05-12 12:00:00+05:30,2022-05-12 15:00:00+05:30,212.85,211.3410714285714,215.56607142857143,2.1,EOD+
S532,ITC,2022-05-12 12:20:00+05:30,0.1573,0.1703,3,3.0,0.2708,63.64,-0.0769,0,2.4719,1.0,8,0,1,0,0,8,9,2022-05-12 13:00:00+05:30,2022-05-12 13:05:00+05:30,2022-05-12 15:00:00+05:30,213.4,211.9,216.1,1.55,EOD+
S533,ITC,2022-05-13 12:45:00+05:30,0.1251,0.173,42,5.0,0.3587,82.35,-0.6774,0,0.9827,0.0,1,0,0,0,0,1,2,2022-05-13 12:50:00+05:30,2022-05-13 12:55:00+05:30,2022-05-13 14:30:00+05:30,220.0,218.91964285714286,221.94464285714284,-1.0804,L
S534,ITC,2022-05-13 13:00:00+05:30,0.0943,0.1251,0,,0.4667,14.29,-0.1667,0,0.546,,0,1,0,0,1,0,1,2022-05-13 13:00:00+05:30,2022-05-13 13:05:00+05:30,2022-05-13 14:30:00+05:30,219.85,218.8857142857143,221.58571428571423,-0.9643,L
S535,ITC,2022-05-13 13:10:00+05:30,0.1,0.1,0,,0.6638,38.46,-0.0909,0,1.3506,,0,0,1,0,1,0,1,2022-05-13 13:10:00+05:30,2022-05-13 13:15:00+05:30,2022-05-13 14:15:00+05:30,220.45,219.4142857142857,222.31428571428566,-1.0357,L
S536,ITC,2022-05-13 13:25:00+05:30,0.0784,0.1,2,2.0,0.4648,50.0,-0.2593,0,0.6834,0.0,1,0,0,1,0,1,2,2022-05-13 13:30:00+05:30,2022-05-13 13:35:00+05:30,2022-05-13 14:10:00+05:30,220.75,219.66071428571428,222.7107142857143,-1.0893,L
S537,ITC,2022-05-13 13:40:00+05:30,0.0431,0.0784,0,,0.8688,81.82,-1.0,0,1.2782,0.0,1,0,0,0,0,1,2,2022-05-13 13:45:00+05:30,2022-05-13 13:50:00+05:30,2022-05-13 14:20:00+05:30,220.6,219.3410714285714,222.86607142857142,-1.2589,L
S538,ITC,2022-05-16 09:15:00+05:30,,,0,,0.9654,66.67,-0.3353,0,0.765,0.0,2,1,0,0,0,2,3,2022-05-16 09:25:00+05:30,2022-05-16 09:30:00+05:30,2022-05-16 11:40:00+05:30,219.3,217.15714285714284,223.1571428571429,-2.1429,L
S539,ITC,2022-05-16 09:40:00+05:30,-0.1038,,1,1.0,0.0543,50.0,1.0,0,0.2495,,0,1,0,1,1,0,1,2022-05-16 09:40:00+05:30,2022-05-16 09:45:00+05:30,2022-05-16 11:45:00+05:30,219.25,216.94642857142856,223.3964285714286,-2.3036,L
S540,ITC,2022-05-16 09:50:00+05:30,-0.0331,,0,,0.1931,12.5,0.6667,0,0.3628,,0,0,0,1,1,0,1,2022-05-16 09:50:00+05:30,2022-05-16 09:55:00+05:30,2022-05-16 11:40:00+05:30,219.3,216.96964285714287,223.49464285714288,-2.3304,L
S541,ITC,2022-05-16 13:15:00+05:30,-0.2149,-0.2134,0,,1.9133,0.0,-0.7832,0,0.4002,0.0,9,0,0,1,0,9,10,2022-05-16 14:00:00+05:30,2022-05-16 14:05:00+05:30,2022-05-16 15:00:00+05:30,215.9,214.69464285714287,218.06964285714287,-1.2054,L
S542,ITC,2022-05-16 14:10:00+05:30,-0.1112,-0.1227,0,,0.536,50.0,-0.2941,0,1.203,1.0,2,0,0,0,0,2,3,2022-05-16 14:20:00+05:30,2022-05-16 14:25:00+05:30,2022-05-16 15:00:00+05:30,215.85,214.85892857142855,217.63392857142858,-0.9911,L
S543,ITC,2022-05-17 12:10:00+05:30,0.335,0.4945,35,2.0,1.1616,93.33,-0.9127,0,0.6418,0.0,1,1,0,1,0,1,2,2022-05-17 12:15:00+05:30,2022-05-17 12:20:00+05:30,2022-05-17 14:35:00+05:30,222.45,221.21785714285713,224.66785714285712,2.2179,W
S544,ITC,2022-05-17 12:40:00+05:30,0.1481,0.2302,3,1.0,0.6039,41.67,0.0606,0,0.5635,,0,1,0,0,1,0,1,2022-05-17 12:40:00+05:30,2022-05-17 12:45:00+05:30,2022-05-17 15:00:00+05:30,222.8,221.4339285714286,225.25892857142858,1.95,EOD+
S545,ITC,2022-05-17 13:25:00+05:30,0.0594,0.1255,7,6.0,0.2442,58.33,1.2222,0,0.7136,,0,1,0,1,1,0,1,2022-05-17 13:25:00+05:30,2022-05-17 13:30:00+05:30,2022-05-17 15:00:00+05:30,223.65,222.49821428571428,225.7232142857143,1.1,EOD+
S546,ITC,2022-05-18 09:15:00+05:30,,,0,,0.2222,40.82,0.5,0,3.4689,,0,0,0,0,1,0,1,2022-05-18 09:15:00+05:30,2022-05-18 09:20:00+05:30,2022-05-18 15:00:00+05:30,224.3,222.05,228.35,1.0,EOD+
S547,ITC,2022-05-18 09:25:00+05:30,,,0,,0.6203,73.08,-0.4378,0,1.4603,,0,0,0,0,1,0,1,2022-05-18 09:25:00+05:30,2022-05-18 09:30:00+05:30,2022-05-18 15:00:00+05:30,224.95,222.44107142857143,229.46607142857138,0.35,EOD+
S548,ITC,2022-05-18 09:55:00+05:30,-0.048,0.0,0,,0.6424,50.0,-0.9103,0,0.7089,1.0,9,0,0,0,0,9,10,2022-05-18 10:40:00+05:30,2022-05-18 10:45:00+05:30,2022-05-18 15:00:00+05:30,224.35,222.18035714285713,228.25535714285712,0.95,EOD+
S549,ITC,2022-05-18 10:55:00+05:30,-0.038,-0.0558,2,2.0,0.3231,90.0,-1.0,0,0.608,1.0,1,0,1,0,0,1,2,2022-05-18 11:00:00+05:30,2022-05-18 11:05:00+05:30,2022-05-18 12:05:00+05:30,224.05,223.00535714285715,225.93035714285716,1.8804,W
S550,ITC,2022-05-18 11:10:00+05:30,-0.0391,-0.038,1,1.0,0.2198,10.0,2.1579,0,0.8407,,0,0,1,1,1,0,1,2022-05-18 11:10:00+05:30,2022-05-18 11:15:00+05:30,2022-05-18 12:05:00+05:30,224.1,223.01964285714286,226.04464285714286,1.9446,W
S551,ITC,2022-05-18 11:20:00+05:30,-0.0212,-0.0581,1,1.0,0.0861,40.0,0.3333,0,0.9036,,0,1,0,0,1,0,1,2022-05-18 11:20:00+05:30,2022-05-18 11:25:00+05:30,2022-05-18 12:05:00+05:30,223.7,222.61071428571427,225.66071428571428,1.9607,W
S552,ITC,2022-05-18 12:40:00+05:30,0.0078,0.1892,0,,1.848,46.67,-0.697,0,0.6783,0.0,9,1,1,1,0,9,10,2022-05-18 13:25:00+05:30,2022-05-18 13:30:00+05:30,2022-05-18 15:00:00+05:30,224.55,222.76428571428573,227.76428571428573,0.75,EOD+
S553,ITC,2022-05-18 14:20:00+05:30,0.0879,-0.0123,10,8.0,0.0615,18.18,2.75,0,0.5948,,0,1,0,1,1,0,1,2022-05-18 14:20:00+05:30,2022-05-18 14:25:00+05:30,2022-05-18 15:00:00+05:30,224.8,223.175,227.725,0.5,EOD+
S554,ITC,2022-05-19 09:15:00+05:30,,,0,,2.9953,71.07,-1.0,0,10.0845,,0,1,1,0,1,0,1,2022-05-19 09:15:00+05:30,2022-05-19 09:20:00+05:30,2022-05-19 09:25:00+05:30,226.85,224.38571428571427,231.28571428571428,4.4357,W
S555,ITC,2022-05-19 10:50:00+05:30,0.6567,0.7434,0,,0.7418,57.14,-0.8813,0,1.1501,1.0,9,1,0,0,0,9,10,2022-05-19 11:35:00+05:30,2022-05-19 11:40:00+05:30,2022-05-19 15:00:00+05:30,232.1,229.26071428571427,237.21071428571426,1.75,EOD+
S556,ITC,2022-05-19 12:50:00+05:30,0.0916,0.0281,14,11.0,0.046,61.54,3.4444,0,1.2208,,0,1,1,0,1,0,1,2022-05-19 12:50:00+05:30,2022-05-19 12:55:00+05:30,2022-05-19 14:15:00+05:30,232.4,231.1767857142857,234.60178571428574,2.2018,W
S557,ITC,2022-05-19 13:10:00+05:30,0.2088,0.1358,3,2.0,0.0392,33.33,4.7143,0,0.7861,,0,1,1,1,1,0,1,2022-05-19 13:10:00+05:30,2022-05-19 13:15:00+05:30,2022-05-19 14:10:00+05:30,232.4,231.2839285714286,234.4089285714286,2.0089,W
S558,ITC,2022-05-19 13:20:00+05:30,0.1421,0.2056,1,1.0,0.2461,11.11,2.1111,0,0.9061,,0,1,0,0,1,0,1,2022-05-19 13:20:00+05:30,2022-05-19 13:25:00+05:30,2022-05-19 14:15:00+05:30,232.6,231.45714285714286,234.65714285714284,2.0571,W
S559,ITC,2022-05-20 10:50:00+05:30,0.4264,0.4738,0,,0.7955,20.0,-0.8,0,0.9633,1.0,9,1,0,0,0,9,10,2022-05-20 11:35:00+05:30,2022-05-20 11:40:00+05:30,2022-05-20 15:00:00+05:30,237.4,235.82857142857142,240.22857142857146,0.1,EOD+
S560,ITC,2022-05-20 11:45:00+05:30,0.0411,-0.0506,0,,0.1351,10.0,-0.0909,0,0.7836,0.0,1,1,0,1,0,1,2,2022-05-20 11:50:00+05:30,2022-05-20 11:55:00+05:30,2022-05-20 15:00:00+05:30,237.45,236.43214285714285,239.28214285714284,0.05,EOD+
S561,ITC,2022-05-20 12:25:00+05:30,0.0337,-0.0042,5,1.0,0.1013,0.0,4.4545,0,0.729,,0,0,1,0,1,0,1,2022-05-20 12:25:00+05:30,2022-05-20 12:30:00+05:30,2022-05-20 15:00:00+05:30,237.8,236.44285714285715,240.24285714285716,-0.3,EOD-
S562,ITC,2022-05-20 12:35:00+05:30,0.0505,0.0189,0,,0.2038,33.33,1.1739,0,0.7793,,0,1,1,0,1,0,1,2022-05-20 12:35:00+05:30,2022-05-20 12:40:00+05:30,2022-05-20 15:00:00+05:30,238.0,236.58928571428572,240.5392857142857,-0.5,EOD-
S563,ITC,2022-05-20 12:45:00+05:30,0.0568,0.0474,1,1.0,0.5293,78.95,-0.3548,0,0.4633,0.0,7,0,1,1,0,7,8,2022-05-20 13:20:00+05:30,2022-05-20 13:25:00+05:30,2022-05-20 15:00:00+05:30,237.95,236.48571428571427,240.58571428571426,-0.45,EOD-
S564,ITC,2022-05-20 13:30:00+05:30,0.0273,0.0294,0,,0.87,45.45,-0.5402,0,0.4913,0.0,2,0,0,0,0,2,3,2022-05-20 13:40:00+05:30,2022-05-20 13:45:00+05:30,2022-05-20 15:00:00+05:30,237.8,236.55,240.04999999999998,-0.3,EOD-
S565,ITC,2022-05-23 10:00:00+05:30,-0.5268,-0.5295,0,,2.6789,18.18,-0.9096,0,0.3861,0.0,9,0,0,0,0,9,10,2022-05-23 10:45:00+05:30,2022-05-23 10:50:00+05:30,2022-05-23 15:00:00+05:30,233.4,230.81964285714287,238.04464285714286,-0.65,EOD-
S566,ITC,2022-05-23 11:15:00+05:30,0.0183,-0.2697,5,4.0,0.0875,75.0,-0.0476,0,0.7516,1.0,1,0,0,1,0,1,2,2022-05-23 11:20:00+05:30,2022-05-23 11:25:00+05:30,2022-05-23 15:00:00+05:30,233.05,231.55,235.75000000000003,-0.3,EOD-
S567,ITC,2022-05-23 12:05:00+05:30,0.0075,0.0172,0,,0.9505,0.0,-0.8649,0,0.5918,0.0,9,1,1,1,0,9,10,2022-05-23 12:50:00+05:30,2022-05-23 12:55:00+05:30,2022-05-23 13:30:00+05:30,232.75,231.77678571428572,234.5017857142857,1.7518,W
S568,ITC,2022-05-23 14:05:00+05:30,0.1584,0.1885,13,2.0,1.26,25.0,-0.1592,0,2.1518,,0,0,0,0,1,0,1,2022-05-23 14:05:00+05:30,2022-05-23 14:10:00+05:30,2022-05-23 15:00:00+05:30,233.7,232.04821428571427,236.67321428571427,-0.95,EOD-
S569,ITC,2022-05-24 09:45:00+05:30,-0.2152,,0,,1.6385,36.36,-0.7613,0,0.3796,0.0,9,1,0,1,0,9,10,2022-05-24 10:30:00+05:30,2022-05-24 10:35:00+05:30,2022-05-24 13:10:00+05:30,231.8,230.20178571428573,234.67678571428573,-1.5982,L
S570,ITC,2022-05-24 10:40:00+05:30,-0.1177,-0.1456,1,1.0,0.4758,75.0,-0.8077,0,0.4247,0.0,2,0,1,1,0,2,3,2022-05-24 10:50:00+05:30,2022-05-24 10:55:00+05:30,2022-05-24 13:10:00+05:30,231.6,230.23392857142858,234.05892857142857,-1.3661,L
S571,ITC,2022-05-24 11:00:00+05:30,-0.0745,-0.1112,0,,0.1008,20.0,0.0526,0,0.5336,,0,0,0,0,1,0,1,2022-05-24 11:00:00+05:30,2022-05-24 11:05:00+05:30,2022-05-24 13:10:00+05:30,231.5,230.32142857142856,233.62142857142857,-1.1786,L
S572,ITC,2022-05-24 11:10:00+05:30,-0.0259,-0.0918,0,,0.6708,50.0,-0.8261,0,0.5295,0.0,2,0,0,1,0,2,3,2022-05-24 11:20:00+05:30,2022-05-24 11:25:00+05:30,2022-05-24 13:05:00+05:30,231.55,230.47857142857143,233.47857142857146,-1.0714,L
S573,ITC,2022-05-24 11:30:00+05:30,-0.013,-0.0065,0,,0.5264,83.33,-0.7802,0,0.7132,,0,0,0,1,1,0,1,2022-05-24 11:30:00+05:30,2022-05-24 11:35:00+05:30,2022-05-24 13:05:00+05:30,231.55,230.46964285714287,233.49464285714288,-1.0804,L
S574,ITC,2022-05-24 11:40:00+05:30,-0.0097,-0.0086,0,,0.8468,77.78,-0.7333,0,0.4639,,0,1,1,1,1,0,1,2022-05-24 11:40:00+05:30,2022-05-24 11:45:00+05:30,2022-05-24 13:05:00+05:30,231.6,230.49285714285713,233.59285714285716,-1.1071,L
S575,ITC,2022-05-24 12:05:00+05:30,0.0551,0.0184,4,3.0,0.6417,63.64,-0.3388,0,1.075,1.0,5,1,0,1,0,5,6,2022-05-24 12:30:00+05:30,2022-05-24 12:35:00+05:30,2022-05-24 13:05:00+05:30,231.85,230.67142857142855,233.9714285714286,-1.1786,L
S576,ITC,2022-05-24 12:40:00+05:30,0.0216,-0.0173,1,1.0,0.4798,0.0,1.1176,0,0.5114,,0,0,0,0,1,0,1,2022-05-24 12:40:00+05:30,2022-05-24 12:45:00+05:30,2022-05-24 13:05:00+05:30,231.85,230.74285714285713,233.84285714285716,-1.1071,L
S577,ITC,2022-05-24 12:50:00+05:30,0.0367,0.0022,0,,0.4938,20.0,0.0127,0,0.2483,,0,0,0,1,1,0,1,2022-05-24 12:50:00+05:30,2022-05-24 12:55:00+05:30,2022-05-24 13:05:00+05:30,231.65,230.65,233.45000000000002,-1.0,L
S578,ITC,2022-05-25 09:35:00+05:30,,,4,4.0,0.0372,8.33,15.0,0,0.4968,,0,1,0,1,1,0,1,2022-05-25 09:35:00+05:30,2022-05-25 09:40:00+05:30,2022-05-25 15:00:00+05:30,230.0,228.32142857142856,233.02142857142857,1.2,EOD+
S579,ITC,2022-05-25 10:10:00+05:30,0.1326,0.1011,6,6.0,0.22,60.0,-0.3939,0,0.3792,0.0,1,0,0,1,0,1,2,2022-05-25 10:15:00+05:30,2022-05-25 10:20:00+05:30,2022-05-25 15:00:00+05:30,230.1,228.225,233.47500000000002,1.1,EOD+
S580,ITC,2022-05-25 10:25:00+05:30,0.1195,0.1326,0,,0.4328,65.38,-0.6522,0,1.0968,,0,0,0,0,1,0,1,2022-05-25 10:25:00+05:30,2022-05-25 10:30:00+05:30,2022-05-25 15:00:00+05:30,230.75,229.08928571428572,233.73928571428573,0.45,EOD+
S581,ITC,2022-05-25 10:35:00+05:30,0.1162,0.1108,1,1.0,0.0545,42.86,5.1538,0,0.5015,,0,1,1,0,1,0,1,2022-05-25 10:35:00+05:30,2022-05-25 10:40:00+05:30,2022-05-25 15:00:00+05:30,230.55,229.05892857142857,233.23392857142858,0.65,EOD+
S582,ITC,2022-05-25 10:50:00+05:30,0.1096,0.1162,2,1.0,0.3644,100.0,-1.0,0,0.7481,0.0,2,0,0,1,0,2,3,2022-05-25 11:00:00+05:30,2022-05-25 11:05:00+05:30,2022-05-25 15:00:00+05:30,230.3,228.99642857142857,232.6464285714286,0.9,EOD+
S583,ITC,2022-05-25 11:10:00+05:30,-0.0087,0.0705,0,,0.2128,71.43,0.0526,0,0.7461,,0,0,0,1,1,0,1,2022-05-25 11:10:00+05:30,2022-05-25 11:15:00+05:30,2022-05-25 14:05:00+05:30,230.6,229.48392857142858,232.60892857142858,-1.1161,L
S584,ITC,2022-05-25 11:20:00+05:30,0.0054,0.0098,0,,0.0168,50.0,-1.0,0,0.7232,,0,1,0,1,1,0,1,2022-05-25 11:20:00+05:30,2022-05-25 11:25:00+05:30,2022-05-25 14:05:00+05:30,230.4,229.2839285714286,232.40892857142856,-1.1161,L
S585,ITC,2022-05-25 11:35:00+05:30,0.0065,0.0054,1,1.0,0.4436,28.57,0.25,0,0.6567,,0,1,1,0,1,0,1,2022-05-25 11:35:00+05:30,2022-05-25 11:40:00+05:30,2022-05-25 13:45:00+05:30,230.55,229.6482142857143,232.1732142857143,-0.9018,L
S586,ITC,2022-05-25 11:45:00+05:30,0.0108,0.0174,1,1.0,0.9127,72.73,-0.6992,0,0.9816,1.0,5,0,0,0,0,5,6,2022-05-25 12:10:00+05:30,2022-05-25 12:15:00+05:30,2022-05-25 13:45:00+05:30,230.55,229.63928571428573,232.18928571428575,-0.9107,L
S587,ITC,2022-05-25 12:30:00+05:30,0.0076,-0.0141,2,2.0,0.0175,16.67,19.0,0,0.99,,0,1,0,0,1,0,1,2022-05-25 12:30:00+05:30,2022-05-25 12:35:00+05:30,2022-05-25 14:05:00+05:30,230.4,229.32857142857142,232.32857142857145,-1.0714,L
S588,ITC,2022-05-25 12:40:00+05:30,0.0119,-0.0141,0,,0.5264,44.44,-0.1209,0,1.1634,1.0,1,0,0,0,0,1,2,2022-05-25 12:45:00+05:30,2022-05-25 12:50:00+05:30,2022-05-25 14:05:00+05:30,230.45,229.36964285714285,232.39464285714286,-1.0804,L
S589,ITC,2022-05-25 12:55:00+05:30,0.0033,0.0119,0,,0.4975,66.67,-0.5349,0,0.8045,1.0,2,1,1,1,0,2,3,2022-05-25 13:05:00+05:30,2022-05-25 13:10:00+05:30,2022-05-25 14:05:00+05:30,230.45,229.36964285714285,232.39464285714286,-1.0804,L
S590,ITC,2022-05-25 13:15:00+05:30,-0.0098,-0.0119,1,1.0,0.3588,23.08,1.2951,0,1.2185,,0,0,0,0,1,0,1,2022-05-25 13:15:00+05:30,2022-05-25 13:20:00+05:30,2022-05-25 14:05:00+05:30,230.6,229.5375,232.51250000000002,-1.0625,L
S591,ITC,2022-05-25 13:25:00+05:30,0.0087,-0.0163,1,1.0,0.0505,14.29,6.5,0,0.616,,0,0,1,1,1,0,1,2022-05-25 13:25:00+05:30,2022-05-25 13:30:00+05:30,2022-05-25 13:45:00+05:30,230.6,229.60892857142855,232.38392857142858,-0.9911,L
S592,ITC,2022-05-25 13:35:00+05:30,0.0163,-0.0054,0,,1.2965,55.56,-0.8122,0,1.5036,1.0,7,1,0,0,0,7,8,2022-05-25 14:10:00+05:30,2022-05-25 14:15:00+05:30,2022-05-25 15:00:00+05:30,230.45,229.42321428571427,232.29821428571427,0.75,EOD+
S593,ITC,2022-05-25 14:20:00+05:30,-0.0304,-0.0684,1,1.0,0.1301,36.36,3.1379,0,0.5638,,0,0,0,0,1,0,1,2022-05-25 14:20:00+05:30,2022-05-25 14:25:00+05:30,2022-05-25 15:00:00+05:30,230.5,229.10714285714283,233.00714285714287,0.7,EOD+
S594,ITC,2022-05-26 10:30:00+05:30,-0.7154,-0.6804,0,,3.8832,25.0,-0.9737,0,0.7478,1.0,9,0,1,1,0,9,10,2022-05-26 11:15:00+05:30,2022-05-26 11:20:00+05:30,2022-05-26 15:00:00+05:30,224.65,223.42678571428573,226.85178571428574,1.5,EOD+
S595,ITC,2022-05-26 11:25:00+05:30,-0.088,-0.2316,0,,0.3389,0.0,-0.0164,0,0.9096,1.0,3,1,1,0,0,3,4,2022-05-26 11:40:00+05:30,2022-05-26 11:45:00+05:30,2022-05-26 15:00:00+05:30,224.65,223.525,226.675,1.5,EOD+
S596,ITC,2022-05-26 12:05:00+05:30,0.01,0.0067,4,4.0,0.2137,12.5,2.4483,0,0.7861,,0,0,1,0,1,0,1,2022-05-26 12:05:00+05:30,2022-05-26 12:10:00+05:30,2022-05-26 13:15:00+05:30,224.8,223.95178571428573,226.3267857142857,1.5268,W
S597,ITC,2022-05-26 12:20:00+05:30,0.0345,0.01,2,2.0,0.4462,16.67,0.3793,0,0.9385,,0,0,1,0,1,0,1,2022-05-26 12:20:00+05:30,2022-05-26 12:25:00+05:30,2022-05-26 13:15:00+05:30,224.65,223.8375,226.1125,1.4625,W
S598,ITC,2022-05-26 12:30:00+05:30,0.0345,0.0356,0,,0.5957,33.33,-0.25,0,0.4792,,0,1,1,1,1,0,1,2022-05-26 12:30:00+05:30,2022-05-26 12:35:00+05:30,2022-05-26 13:15:00+05:30,224.65,223.81071428571428,226.16071428571428,1.5107,W
S599,ITC,2022-05-26 13:55:00+05:30,0.1319,0.1531,15,4.0,0.2959,50.0,-0.2308,0,0.8796,,0,0,0,0,1,0,1,2022-05-26 13:55:00+05:30,2022-05-26 14:00:00+05:30,2022-05-26 15:00:00+05:30,225.5,224.40178571428572,227.4767857142857,0.65,EOD+
S600,ITC,2022-05-27 09:20:00+05:30,,,1,1.0,0.4138,51.43,0.7021,0,1.6749,,0,1,0,0,1,0,1,2022-05-27 09:20:00+05:30,2022-05-27 09:25:00+05:30,2022-05-27 13:20:00+05:30,225.9,224.48035714285714,228.45535714285717,2.5554,W
S601,ITC,2022-05-27 10:25:00+05:30,0.0993,0.1667,12,7.0,0.4069,20.0,-0.1398,0,0.5611,1.0,2,0,0,0,0,2,3,2022-05-27 10:35:00+05:30,2022-05-27 10:40:00+05:30,2022-05-27 11:50:00+05:30,226.6,225.17142857142858,229.17142857142855,-1.4286,L
S602,ITC,2022-05-27 11:30:00+05:30,-0.1138,-0.0961,0,,1.3381,66.67,-1.0,0,0.9345,1.0,9,1,0,0,0,9,10,2022-05-27 12:15:00+05:30,2022-05-27 12:20:00+05:30,2022-05-27 13:15:00+05:30,225.6,224.5910714285714,227.41607142857143,1.8161,W
S603,ITC,2022-05-27 14:15:00+05:30,0.2154,0.3025,22,7.0,0.1301,37.5,0.3793,0,0.6272,,0,0,0,0,1,0,1,2022-05-27 14:15:00+05:30,2022-05-27 14:20:00+05:30,2022-05-27 15:00:00+05:30,227.55,226.15714285714284,230.05714285714288,0.85,EOD+
S604,ITC,2022-05-27 14:25:00+05:30,0.1823,0.2484,0,,0.6955,90.0,-0.871,0,0.4263,,0,0,0,1,1,0,1,2022-05-27 14:25:00+05:30,2022-05-27 14:30:00+05:30,2022-05-27 15:00:00+05:30,227.8,226.40714285714287,230.30714285714288,0.6,EOD+
S605,ITC,2022-05-30 09:15:00+05:30,,,0,,0.1625,3.45,11.3077,0,1.8993,,0,1,1,0,1,0,1,2022-05-30 09:15:00+05:30,2022-05-30 09:20:00+05:30,2022-05-30 10:20:00+05:30,229.25,227.75,231.95,-1.5,L
S606,ITC,2022-05-30 09:55:00+05:30,0.139,0.1489,7,6.0,0.1784,42.86,0.5385,0,0.2113,,0,1,0,1,1,0,1,2022-05-30 09:55:00+05:30,2022-05-30 10:00:00+05:30,2022-05-30 10:20:00+05:30,228.55,227.1839285714286,231.00892857142856,-1.3661,L
S607,ITC,2022-05-30 10:25:00+05:30,-0.0328,0.0995,0,,2.87,100.0,-1.0,0,0.5978,1.0,9,1,0,1,0,9,10,2022-05-30 11:10:00+05:30,2022-05-30 11:15:00+05:30,2022-05-30 12:30:00+05:30,228.3,227.13928571428573,230.3892857142857,-1.1607,L
S608,ITC,2022-05-30 11:30:00+05:30,-0.0646,-0.1183,2,2.0,0.1067,63.64,1.5,0,1.3636,,0,0,0,1,1,0,1,2022-05-30 11:30:00+05:30,2022-05-30 11:35:00+05:30,2022-05-30 11:50:00+05:30,228.2,227.26250000000002,229.88749999999996,-0.9375,L
S609,ITC,2022-05-30 13:10:00+05:30,-0.1539,-0.1263,0,,1.2478,0.0,-0.7073,0,1.677,1.0,9,0,0,0,0,9,10,2022-05-30 13:55:00+05:30,2022-05-30 14:00:00+05:30,2022-05-30 14:45:00+05:30,227.8,226.7732142857143,229.6482142857143,-1.0268,L
S610,ITC,2022-05-30 14:20:00+05:30,0.0319,-0.0187,4,4.0,0.644,41.67,0.3043,0,2.0319,,0,1,0,0,1,0,1,2022-05-30 14:20:00+05:30,2022-05-30 14:25:00+05:30,2022-05-30 15:00:00+05:30,227.2,226.30714285714282,228.80714285714288,0.6,EOD+
S611,ITC,2022-05-31 09:15:00+05:30,,,0,,0.7326,33.33,0.9259,0,2.7478,,0,0,1,0,1,0,1,2022-05-31 09:15:00+05:30,2022-05-31 09:20:00+05:30,2022-05-31 09:30:00+05:30,228.3,227.1482142857143,230.3732142857143,-1.1518,L
S612,ITC,2022-05-31 09:25:00+05:30,,,0,,0.7517,6.25,-0.5,0,0.9011,1.0,9,1,0,0,0,9,10,2022-05-31 10:10:00+05:30,2022-05-31 10:15:00+05:30,2022-05-31 13:00:00+05:30,227.25,225.91964285714286,229.64464285714286,2.3946,W
S613,ITC,2022-05-31 10:20:00+05:30,-0.022,-0.0759,0,,0.0894,71.43,0.6667,0,0.5075,,0,1,0,1,1,0,1,2022-05-31 10:20:00+05:30,2022-05-31 10:25:00+05:30,2022-05-31 13:05:00+05:30,227.2,225.52142857142857,230.22142857142853,3.0214,W
S614,ITC,2022-05-31 11:40:00+05:30,0.1668,0.1373,14,11.0,0.0071,0.0,19.0,0,0.2646,,0,1,0,1,1,0,1,2022-05-31 11:40:00+05:30,2022-05-31 11:45:00+05:30,2022-05-31 12:55:00+05:30,227.9,227.01607142857142,229.49107142857144,1.5911,W
S615,ITC,2022-05-31 12:15:00+05:30,0.0931,0.1414,5,3.0,0.478,30.0,0.4286,0,1.0786,,0,1,0,0,1,0,1,2022-05-31 12:15:00+05:30,2022-05-31 12:20:00+05:30,2022-05-31 12:55:00+05:30,228.2,227.46785714285713,229.51785714285714,1.3179,W
S616,ITC,2022-05-31 12:35:00+05:30,0.0066,0.0668,3,3.0,0.1658,60.0,1.2222,0,1.1833,,0,1,0,0,1,0,1,2022-05-31 12:35:00+05:30,2022-05-31 12:40:00+05:30,2022-05-31 12:55:00+05:30,228.25,227.57142857142858,229.47142857142856,1.2214,W
S617,ITC,2022-05-31 12:45:00+05:30,0.0077,0.0164,0,,0.5228,28.57,0.6949,0,0.7789,,0,1,1,1,1,0,1,2022-05-31 12:45:00+05:30,2022-05-31 12:50:00+05:30,2022-05-31 13:00:00+05:30,228.35,227.64464285714286,229.61964285714285,1.2696,W
S618,ITC,2022-06-01 09:15:00+05:30,,,0,,1.8764,80.85,-0.9219,0,1.1473,,0,1,1,0,1,0,1,2022-06-01 09:15:00+05:30,2022-06-01 09:20:00+05:30,2022-06-01 15:00:00+05:30,231.25,229.54464285714283,234.3196428571429,-1.25,EOD-
S619,ITC,2022-06-01 09:35:00+05:30,,,3,3.0,0.1314,47.06,0.8605,0,0.3572,,0,0,0,0,1,0,1,2022-06-01 09:35:00+05:30,2022-06-01 09:40:00+05:30,2022-06-01 15:00:00+05:30,230.4,228.35535714285714,234.08035714285717,-0.4,EOD-
S620,ITC,2022-06-01 09:45:00+05:30,-0.126,,0,,0.2393,85.0,-0.75,0,0.2094,,0,0,0,0,1,0,1,2022-06-01 09:45:00+05:30,2022-06-01 09:50:00+05:30,2022-06-01 15:00:00+05:30,230.9,228.81071428571428,234.66071428571433,-0.9,EOD-
S621,ITC,2022-06-01 10:05:00+05:30,0.0054,-0.1195,3,3.0,0.0367,76.0,6.6923,0,0.5516,,0,0,0,0,1,0,1,2022-06-01 10:05:00+05:30,2022-06-01 10:10:00+05:30,2022-06-01 15:00:00+05:30,231.25,229.03571428571428,235.2357142857143,-1.25,EOD-
S622,ITC,2022-06-01 10:40:00+05:30,0.1939,0.1356,6,3.0,0.3599,28.57,-0.1209,0,0.9732,1.0,2,1,1,1,0,2,3,2022-06-01 10:50:00+05:30,2022-06-01 10:55:00+05:30,2022-06-01 13:45:00+05:30,231.2,229.61964285714285,234.04464285714283,-1.5804,L
S623,ITC,2022-06-01 11:20:00+05:30,-0.0412,0.0087,0,,0.9113,66.67,-1.0,0,0.5716,1.0,9,0,0,1,0,9,10,2022-06-01 12:05:00+05:30,2022-06-01 12:10:00+05:30,2022-06-01 15:00:00+05:30,230.55,229.13035714285718,233.10535714285712,-0.55,EOD-
S624,ITC,2022-06-01 12:15:00+05:30,-0.0607,-0.0737,0,,0.525,60.0,-0.7101,0,1.0998,1.0,3,1,0,0,0,3,4,2022-06-01 12:30:00+05:30,2022-06-01 12:35:00+05:30,2022-06-01 13:40:00+05:30,230.65,229.82857142857145,232.1285714285714,-0.8214,L
S625,ITC,2022-06-01 12:55:00+05:30,0.0098,-0.0249,4,2.0,0.7368,66.67,0.0,0,1.5358,,0,1,0,0,1,0,1,2022-06-01 12:55:00+05:30,2022-06-01 13:00:00+05:30,2022-06-01 13:30:00+05:30,230.85,230.17142857142858,232.07142857142856,-0.6786,L
S626,ITC,2022-06-02 09:35:00+05:30,,,0,,3.274,33.33,-0.9555,0,0.6389,1.0,9,1,1,0,0,9,10,2022-06-02 10:20:00+05:30,2022-06-02 10:25:00+05:30,2022-06-02 13:45:00+05:30,228.75,227.03571428571428,231.8357142857143,3.0857,W
S627,ITC,2022-06-02 10:50:00+05:30,-0.1051,-0.1236,4,3.0,0.0405,35.71,11.7273,0,0.6006,,0,1,1,0,1,0,1,2022-06-02 10:50:00+05:30,2022-06-02 10:55:00+05:30,2022-06-02 13:45:00+05:30,228.7,227.00357142857143,231.7535714285714,3.0536,W
S628,ITC,2022-06-02 11:20:00+05:30,0.1454,0.0252,4,1.0,0.0651,77.78,0.25,0,0.6552,,0,1,1,1,1,0,1,2022-06-02 11:20:00+05:30,2022-06-02 11:25:00+05:30,2022-06-02 13:45:00+05:30,229.15,227.61428571428573,231.91428571428574,2.7643,W
S629,ITC,2022-06-02 11:50:00+05:30,0.1299,0.1431,5,4.0,0.2942,66.67,-0.3103,0,0.4497,,0,0,1,0,1,0,1,2022-06-02 11:50:00+05:30,2022-06-02 11:55:00+05:30,2022-06-02 13:45:00+05:30,229.55,228.31785714285715,231.76785714285717,2.2179,W
S630,ITC,2022-06-02 13:20:00+05:30,0.099,0.1175,17,9.0,0.0966,25.0,5.25,0,1.0608,,0,1,0,1,1,0,1,2022-06-02 13:20:00+05:30,2022-06-02 13:25:00+05:30,2022-06-02 13:55:00+05:30,230.2,229.16428571428568,232.06428571428572,1.8643,W
S631,ITC,2022-06-03 10:10:00+05:30,-0.1004,-0.0928,0,,1.2342,55.56,-1.0,0,0.6638,0.0,9,0,0,1,0,9,10,2022-06-03 10:55:00+05:30,2022-06-03 11:00:00+05:30,2022-06-03 15:00:00+05:30,231.1,229.74285714285713,233.54285714285712,0.1,EOD+
S632,ITC,2022-06-03 11:05:00+05:30,-0.1061,-0.0768,0,,1.0667,75.0,-0.7917,0,0.9652,1.0,6,1,0,0,0,6,7,2022-06-03 11:35:00+05:30,2022-06-03 11:40:00+05:30,2022-06-03 14:00:00+05:30,230.85,229.725,232.875,2.025,W
S633,ITC,2022-06-03 13:25:00+05:30,0.1068,0.163,21,9.0,0.0271,50.0,3.0,0,0.8684,,0,0,0,1,1,0,1,2022-06-03 13:25:00+05:30,2022-06-03 13:30:00+05:30,2022-06-03 15:00:00+05:30,231.75,230.59821428571428,233.8232142857143,-0.55,EOD-
S634,ITC,2022-06-03 13:35:00+05:30,0.0701,0.1359,0,,0.1537,50.0,-0.2593,0,0.8786,,0,1,0,0,1,0,1,2022-06-03 13:35:00+05:30,2022-06-03 13:40:00+05:30,2022-06-03 15:00:00+05:30,231.85,230.7517857142857,233.82678571428573,-0.65,EOD-
S635,ITC,2022-06-03 13:45:00+05:30,0.0593,0.0874,1,1.0,0.1102,42.86,3.7059,0,0.5533,,0,1,0,1,1,0,1,2022-06-03 13:45:00+05:30,2022-06-03 13:50:00+05:30,2022-06-03 15:00:00+05:30,231.95,230.98571428571427,233.68571428571428,-0.75,EOD-
S636,ITC,2022-06-06 09:30:00+05:30,,,0,,4.1,27.78,-0.7936,0,0.2765,0.0,9,0,1,1,0,9,10,2022-06-06 10:15:00+05:30,2022-06-06 10:20:00+05:30,2022-06-06 14:10:00+05:30,230.6,228.97499999999997,233.52500000000003,2.925,W
S637,ITC,2022-06-06 10:35:00+05:30,-0.1065,-0.1771,3,3.0,0.1286,71.43,-0.2593,0,0.5227,1.0,2,1,0,1,0,2,3,2022-06-06 10:45:00+05:30,2022-06-06 10:50:00+05:30,2022-06-06 12:00:00+05:30,229.9,228.5875,232.26250000000002,2.3625,W
S638,ITC,2022-06-06 13:25:00+05:30,0.0689,0.1217,30,8.0,0.0384,0.0,4.0,0,0.4957,,0,0,0,1,1,0,1,2022-06-06 13:25:00+05:30,2022-06-06 13:30:00+05:30,2022-06-06 14:10:00+05:30,232.2,231.54821428571427,233.37321428571428,1.1732,W
S639,ITC,2022-06-06 13:35:00+05:30,0.0388,0.0786,0,,0.7556,0.0,-0.7059,0,5.9263,1.0,3,1,0,0,0,3,4,2022-06-06 13:50:00+05:30,2022-06-06 13:55:00+05:30,2022-06-06 14:10:00+05:30,232.35,231.7875,233.36249999999998,1.0125,W
S640,ITC,2022-06-07 09:35:00+05:30,,,0,,2.4691,78.57,-0.9313,0,1.4419,1.0,9,0,0,0,0,9,10,2022-06-07 10:20:00+05:30,2022-06-07 10:25:00+05:30,2022-06-07 11:40:00+05:30,232.2,230.7267857142857,234.85178571428565,-1.4732,L
S641,ITC,2022-06-07 10:30:00+05:30,-0.1186,-0.1444,0,,0.9455,70.0,-0.7115,0,0.8286,1.0,7,0,1,0,0,7,8,2022-06-07 11:05:00+05:30,2022-06-07 11:10:00+05:30,2022-06-07 15:00:00+05:30,231.65,230.275,234.125,0.15,EOD+
S642,ITC,2022-06-07 11:15:00+05:30,-0.0691,-0.1382,0,,1.0322,16.67,-0.4253,0,1.9052,1.0,9,1,0,1,0,9,10,2022-06-07 12:00:00+05:30,2022-06-07 12:05:00+05:30,2022-06-07 15:00:00+05:30,231.3,230.2464285714286,233.19642857142858,0.5,EOD+
S643,ITC,2022-06-07 12:10:00+05:30,-0.066,-0.0627,0,,0.2426,71.43,-0.4286,0,0.9912,0.0,2,0,0,0,0,2,3,2022-06-07 12:20:00+05:30,2022-06-07 12:25:00+05:30,2022-06-07 15:00:00+05:30,231.2,230.2982142857143,232.82321428571424,0.6,EOD+
S644,ITC,2022-06-07 12:30:00+05:30,-0.0195,-0.0595,1,1.0,0.0311,60.0,4.0,0,0.9242,,0,1,0,1,1,0,1,2022-06-07 12:30:00+05:30,2022-06-07 12:35:00+05:30,2022-06-07 15:00:00+05:30,231.35,230.54642857142858,232.79642857142855,0.45,EOD+
S645,ITC,2022-06-07 13:40:00+05:30,0.0648,0.1112,0,,1.3875,33.33,-0.8198,0,1.53,1.0,9,0,1,0,0,9,10,2022-06-07 14:25:00+05:30,2022-06-07 14:30:00+05:30,2022-06-07 15:00:00+05:30,231.75,230.75,233.55,0.05,EOD+
S646,ITC,2022-06-08 09:45:00+05:30,-0.1578,,0,,3.3306,84.62,-1.0,0,0.4852,0.0,9,1,0,1,0,9,10,2022-06-08 10:30:00+05:30,2022-06-08 10:35:00+05:30,2022-06-08 13:20:00+05:30,230.6,229.19821428571427,233.12321428571428,-1.4018,L
S647,ITC,2022-06-08 11:10:00+05:30,-0.0206,-0.1108,7,7.0,0.0364,0.0,16.5,0,0.4947,,0,1,0,0,1,0,1,2022-06-08 11:10:00+05:30,2022-06-08 11:15:00+05:30,2022-06-08 13:20:00+05:30,230.6,229.225,233.075,-1.375,L
S648,ITC,2022-06-08 11:25:00+05:30,0.0716,-0.0206,2,2.0,0.0158,50.0,25.6667,0,0.1774,,0,0,1,1,1,0,1,2022-06-08 11:25:00+05:30,2022-06-08 11:30:00+05:30,2022-06-08 13:15:00+05:30,230.65,229.4625,232.7875,-1.1875,L
S649,ITC,2022-06-08 12:15:00+05:30,-0.0152,0.0488,0,,1.0025,33.33,-0.8276,0,0.956,0.0,9,0,0,1,0,9,10,2022-06-08 13:00:00+05:30,2022-06-08 13:05:00+05:30,2022-06-08 13:15:00+05:30,230.25,229.5267857142857,231.55178571428576,-0.7232,L
S650,ITC,2022-06-09 09:15:00+05:30,,,0,,2.7642,51.43,-0.6466,0,0.6618,0.0,3,1,0,1,0,3,4,2022-06-09 09:30:00+05:30,2022-06-09 09:35:00+05:30,2022-06-09 15:00:00+05:30,227.1,225.18035714285713,230.55535714285713,2.7,EOD+
S651,ITC,2022-06-09 11:10:00+05:30,0.259,0.2648,18,13.0,0.3311,18.18,1.0,0,0.9117,,0,0,0,0,1,0,1,2022-06-09 11:10:00+05:30,2022-06-09 11:15:00+05:30,2022-06-09 15:00:00+05:30,229.05,227.72857142857143,231.42857142857144,0.75,EOD+
S652,ITC,2022-06-09 11:25:00+05:30,0.0896,0.259,0,,1.755,60.0,-0.943,0,0.6137,0.0,9,0,0,1,0,9,10,2022-06-09 12:10:00+05:30,2022-06-09 12:15:00+05:30,2022-06-09 15:00:00+05:30,228.7,227.44999999999996,230.95000000000002,1.1,EOD+
S653,ITC,2022-06-09 12:20:00+05:30,-0.0645,-0.0262,0,,1.3101,71.43,-0.902,0,0.6865,0.0,2,1,0,1,0,2,3,2022-06-09 12:30:00+05:30,2022-06-09 12:35:00+05:30,2022-06-09 15:00:00+05:30,228.7,227.7267857142857,230.4517857142857,1.1,EOD+
S654,ITC,2022-06-09 12:45:00+05:30,-0.0339,-0.0613,1,1.0,0.2179,75.0,0.2121,0,1.2176,,0,0,0,0,1,0,1,2022-06-09 12:45:00+05:30,2022-06-09 12:50:00+05:30,2022-06-09 15:00:00+05:30,228.55,227.60357142857146,230.25357142857143,1.25,EOD+
S655,ITC,2022-06-09 12:55:00+05:30,-0.035,-0.047,0,,0.745,30.0,-0.8276,0,4.7152,1.0,4,1,0,0,0,4,5,2022-06-09 13:15:00+05:30,2022-06-09 13:20:00+05:30,2022-06-09 15:00:00+05:30,228.6,227.62678571428572,230.3517857142857,1.2,EOD+
S656,ITC,2022-06-09 13:30:00+05:30,0.0,-0.0164,1,1.0,0.145,45.45,3.1379,0,0.7437,,0,0,0,0,1,0,1,2022-06-09 13:30:00+05:30,2022-06-09 13:35:00+05:30,2022-06-09 15:00:00+05:30,228.95,227.7,231.2,0.85,EOD+
S657,ITC,2022-06-10 09:50:00+05:30,-0.0469,,0,,1.1908,50.0,-0.9324,0,0.1807,0.0,9,0,0,1,0,9,10,2022-06-10 10:35:00+05:30,2022-06-10 10:40:00+05:30,2022-06-10 15:00:00+05:30,228.7,227.14642857142854,231.49642857142857,0.0,EOD-
S658,ITC,2022-06-10 11:40:00+05:30,0.083,0.07,13,2.0,0.0653,80.0,1.8571,0,0.8367,,0,0,0,0,1,0,1,2022-06-10 11:40:00+05:30,2022-06-10 11:45:00+05:30,2022-06-10 12:35:00+05:30,228.85,228.18035714285713,230.05535714285716,-0.6696,L
S659,ITC,2022-06-10 12:30:00+05:30,-0.0339,-0.0087,0,,1.8295,71.43,-0.913,0,0.9662,0.0,9,1,1,0,0,9,10,2022-06-10 13:15:00+05:30,2022-06-10 13:20:00+05:30,2022-06-10 15:00:00+05:30,228.55,227.7642857142857,229.96428571428575,0.15,EOD+
S660,ITC,2022-06-13 09:55:00+05:30,-0.3749,-0.328,0,,2.7737,0.0,-0.8815,0,1.0938,1.0,9,0,0,0,0,9,10,2022-06-13 10:40:00+05:30,2022-06-13 10:45:00+05:30,2022-06-13 13:30:00+05:30,226.35,224.44821428571427,229.7732142857143,-1.9018,L
S661,ITC,2022-06-13 11:30:00+05:30,0.1029,0.021,10,10.0,0.5485,90.0,-0.8095,0,2.5381,1.0,8,0,0,0,0,8,9,2022-06-13 12:10:00+05:30,2022-06-13 12:15:00+05:30,2022-06-13 13:05:00+05:30,226.25,225.05357142857142,228.40357142857147,-1.1964,L
S662,ITC,2022-06-13 12:20:00+05:30,-0.021,-0.0022,0,,0.9396,33.33,-0.5973,0,2.7886,1.0,6,0,1,0,0,6,7,2022-06-13 12:50:00+05:30,2022-06-13 12:55:00+05:30,2022-06-13 13:20:00+05:30,225.9,224.90892857142856,227.6839285714286,-0.9911,L
S663,ITC,2022-06-14 09:15:00+05:30,,,0,,1.6347,72.34,-0.9505,0,1.8259,,0,1,0,0,1,0,1,2022-06-14 09:15:00+05:30,2022-06-14 09:20:00+05:30,2022-06-14 15:00:00+05:30,224.6,223.05535714285713,227.38035714285712,-0.2,EOD-
S664,ITC,2022-06-14 09:30:00+05:30,,,2,2.0,0.8668,31.25,-0.0795,0,0.9384,1.0,1,1,0,0,0,1,2,2022-06-14 09:35:00+05:30,2022-06-14 09:40:00+05:30,2022-06-14 15:00:00+05:30,224.65,222.92678571428573,227.75178571428572,-0.25,EOD-
S665,ITC,2022-06-14 10:40:00+05:30,0.1211,0.15,12,10.0,0.1776,16.67,1.3529,0,0.4321,,0,1,0,1,1,0,1,2022-06-14 10:40:00+05:30,2022-06-14 10:45:00+05:30,2022-06-14 14:05:00+05:30,225.15,223.95357142857142,227.30357142857144,-1.1964,L
S666,ITC,2022-06-14 12:00:00+05:30,0.083,0.0775,14,4.0,0.2739,25.0,1.7778,0,0.6128,,0,0,0,1,1,0,1,2022-06-14 12:00:00+05:30,2022-06-14 12:05:00+05:30,2022-06-14 12:20:00+05:30,225.95,225.1285714285714,227.42857142857144,-0.8214,L
S667,ITC,2022-06-14 13:40:00+05:30,-0.189,-0.1677,0,,1.7875,16.67,-0.8601,0,2.4127,1.0,9,0,0,0,0,9,10,2022-06-14 14:25:00+05:30,2022-06-14 14:30:00+05:30,2022-06-14 15:00:00+05:30,224.5,223.5,226.3,-0.1,EOD-
S668,ITC,2022-06-15 10:00:00+05:30,0.1144,0.1811,9,9.0,0.5023,70.0,-0.5745,0,0.396,0.0,2,0,0,0,0,2,3,2022-06-15 10:10:00+05:30,2022-06-15 10:15:00+05:30,2022-06-15 14:50:00+05:30,225.1,223.93035714285713,227.20535714285714,-1.1696,L
S669,ITC,2022-06-15 10:50:00+05:30,-0.0355,0.0266,0,,1.8643,0.0,-0.7701,0,2.4938,1.0,9,1,0,0,0,9,10,2022-06-15 11:35:00+05:30,2022-06-15 11:40:00+05:30,2022-06-15 14:55:00+05:30,224.65,223.775,226.225,-0.875,L
S670,ITC,2022-06-15 12:20:00+05:30,0.0634,0.0667,7,5.0,0.1308,87.5,0.1765,0,1.0223,,0,1,0,0,1,0,1,2022-06-15 12:20:00+05:30,2022-06-15 12:25:00+05:30,2022-06-15 14:50:00+05:30,224.85,224.0375,226.31250000000003,-0.8125,L
S671,ITC,2022-06-15 13:05:00+05:30,0.0832,0.1155,0,,0.7202,33.33,-0.6262,0,0.7142,1.0,9,1,0,1,0,9,10,2022-06-15 13:50:00+05:30,2022-06-15 13:55:00+05:30,2022-06-15 14:30:00+05:30,225.3,224.37142857142857,226.9714285714286,-0.9286,L
S672,ITC,2022-06-15 14:05:00+05:30,-0.0011,-0.0433,1,1.0,0.3392,33.33,0.2766,0,1.0809,,0,0,0,1,1,0,1,2022-06-15 14:05:00+05:30,2022-06-15 14:10:00+05:30,2022-06-15 14:30:00+05:30,225.3,224.43392857142857,226.85892857142858,-0.8661,L
S673,ITC,2022-06-16 11:40:00+05:30,-0.316,-0.2988,0,,2.4569,40.0,-0.8138,0,2.7576,1.0,9,1,0,0,0,9,10,2022-06-16 12:25:00+05:30,2022-06-16 12:30:00+05:30,2022-06-16 13:10:00+05:30,223.35,221.98392857142858,225.80892857142857,-1.3661,L
S674,ITC,2022-06-16 12:40:00+05:30,-0.0795,-0.1131,2,1.0,0.2412,45.45,0.5686,0,0.8521,,0,0,0,0,1,0,1,2022-06-16 12:40:00+05:30,2022-06-16 12:45:00+05:30,2022-06-16 13:15:00+05:30,223.25,221.92857142857144,225.62857142857143,-1.3214,L
S675,ITC,2022-06-16 12:50:00+05:30,-0.0953,-0.084,0,,0.7147,28.57,-0.726,0,0.7912,0.0,1,0,1,1,0,1,2,2022-06-16 12:55:00+05:30,2022-06-16 13:00:00+05:30,2022-06-16 13:15:00+05:30,223.1,221.82321428571427,225.3982142857143,-1.2768,L
S676,ITC,2022-06-17 09:15:00+05:30,,,0,,2.2781,60.0,-0.7805,0,1.0458,0.0,1,0,0,0,0,1,2,2022-06-17 09:20:00+05:30,2022-06-17 09:25:00+05:30,2022-06-17 15:00:00+05:30,221.0,219.0,224.6,2.7,EOD+
S677,ITC,2022-06-17 09:30:00+05:30,,,0,,1.5041,96.67,-1.0,0,1.7449,1.0,2,1,1,0,0,2,3,2022-06-17 09:40:00+05:30,2022-06-17 09:45:00+05:30,2022-06-17 15:00:00+05:30,222.5,220.33928571428572,226.38928571428573,1.2,EOD+
S678,ITC,2022-06-17 11:25:00+05:30,0.1638,0.2682,0,,2.077,58.33,-0.8226,0,0.7308,0.0,9,1,1,1,0,9,10,2022-06-17 12:10:00+05:30,2022-06-17 12:15:00+05:30,2022-06-17 15:00:00+05:30,222.6,221.2428571428571,225.04285714285717,1.1,EOD+
S679,ITC,2022-06-17 13:30:00+05:30,0.1335,0.0921,15,3.0,0.0487,40.0,9.0,0,0.6183,,0,0,0,0,1,0,1,2022-06-17 13:30:00+05:30,2022-06-17 13:35:00+05:30,2022-06-17 15:00:00+05:30,223.05,222.0232142857143,224.8982142857143,0.65,EOD+
S680,ITC,2022-06-17 13:40:00+05:30,0.1323,0.1358,0,,0.4625,33.33,-0.1892,0,0.5517,,0,0,0,1,1,0,1,2022-06-17 13:40:00+05:30,2022-06-17 13:45:00+05:30,2022-06-17 15:00:00+05:30,222.95,221.95,224.74999999999997,0.75,EOD+
S681,ITC,2022-06-17 13:50:00+05:30,0.1087,0.1346,0,,0.8765,28.57,-0.3056,0,1.2443,1.0,8,1,0,0,0,8,9,2022-06-17 14:30:00+05:30,2022-06-17 14:35:00+05:30,2022-06-17 15:00:00+05:30,223.05,222.0232142857143,224.8982142857143,0.65,EOD+
S682,ITC,2022-06-20 09:25:00+05:30,,,0,,1.9529,47.06,-0.726,0,0.6287,1.0,9,1,0,0,0,9,10,2022-06-20 10:10:00+05:30,2022-06-20 10:15:00+05:30,2022-06-20 15:00:00+05:30,222.95,221.5482142857143,225.47321428571425,-0.15,EOD-
S683,ITC,2022-06-20 10:25:00+05:30,-0.0427,-0.0662,2,2.0,0.0691,12.5,4.0,0,0.3703,,0,1,0,1,1,0,1,2022-06-20 10:25:00+05:30,2022-06-20 10:30:00+05:30,2022-06-20 11:55:00+05:30,222.7,221.25357142857143,225.3035714285714,2.6036,W
S684,ITC,2022-06-20 12:10:00+05:30,0.226,0.2519,19,3.0,0.1008,90.0,0.1111,0,0.8767,,0,0,0,0,1,0,1,2022-06-20 12:10:00+05:30,2022-06-20 12:15:00+05:30,2022-06-20 13:15:00+05:30,224.6,223.48392857142855,226.60892857142858,-1.1161,L
S685,ITC,2022-06-20 12:20:00+05:30,0.1447,0.2494,0,,0.2752,14.29,-0.1304,0,0.7225,,0,1,1,0,1,0,1,2022-06-20 12:20:00+05:30,2022-06-20 12:25:00+05:30,2022-06-20 13:15:00+05:30,224.7,223.65535714285713,226.58035714285714,-1.0446,L
S686,ITC,2022-06-20 12:30:00+05:30,0.0601,0.1814,0,,0.2752,85.71,-0.5652,0,0.9511,1.0,2,0,0,1,0,2,3,2022-06-20 12:40:00+05:30,2022-06-20 12:45:00+05:30,2022-06-20 13:15:00+05:30,224.95,223.90535714285713,226.83035714285714,-1.0446,L
S687,ITC,2022-06-21 11:15:00+05:30,0.174,0.1875,24,1.0,0.4275,76.47,-0.25,0,0.4553,0.0,1,1,0,0,0,1,2,2022-06-21 11:20:00+05:30,2022-06-21 11:25:00+05:30,2022-06-21 12:55:00+05:30,225.75,224.58035714285714,227.85535714285714,2.1054,W
S688,ITC,2022-06-21 12:10:00+05:30,0.0785,0.0775,8,4.0,0.0942,14.29,4.7143,0,0.7957,,0,1,0,0,1,0,1,2022-06-21 12:10:00+05:30,2022-06-21 12:15:00+05:30,2022-06-21 12:55:00+05:30,226.15,225.2214285714286,227.82142857142856,1.6714,W
S689,ITC,2022-06-21 14:15:00+05:30,0.1622,0.2512,24,11.0,0.286,55.56,-1.0,0,1.0135,1.0,1,1,0,0,0,1,2,2022-06-21 14:20:00+05:30,2022-06-21 14:25:00+05:30,2022-06-21 15:00:00+05:30,228.5,227.03571428571428,231.1357142857143,-0.25,EOD-
S690,ITC,2022-06-22 09:45:00+05:30,-0.0657,,0,,1.5903,61.54,-0.8291,0,0.4514,0.0,9,1,1,1,0,9,10,2022-06-22 10:30:00+05:30,2022-06-22 10:35:00+05:30,2022-06-22 12:00:00+05:30,228.3,226.4607142857143,231.61071428571432,-1.8393,L
S691,ITC,2022-06-22 10:45:00+05:30,-0.0669,-0.0592,2,2.0,0.0848,60.0,0.25,0,0.548,,0,1,0,1,1,0,1,2022-06-22 10:45:00+05:30,2022-06-22 10:50:00+05:30,2022-06-22 11:45:00+05:30,227.9,226.72142857142856,230.0214285714286,-1.1786,L
S692,ITC,2022-06-22 11:00:00+05:30,-0.0406,-0.0669,1,1.0,0.0681,33.33,0.8182,0,0.5308,,0,0,0,1,1,0,1,2022-06-22 11:00:00+05:30,2022-06-22 11:05:00+05:30,2022-06-22 11:45:00+05:30,227.9,226.89107142857142,229.71607142857147,-1.0089,L
S693,ITC,2022-06-22 13:05:00+05:30,-0.2632,-0.2771,0,,2.0664,25.0,-0.7832,0,0.4491,0.0,9,0,0,1,0,9,10,2022-06-22 13:50:00+05:30,2022-06-22 13:55:00+05:30,2022-06-22 15:00:00+05:30,225.45,224.33392857142857,227.45892857142857,-0.45,EOD-
S694,ITC,2022-06-22 14:00:00+05:30,-0.0666,-0.1198,0,,0.9238,58.33,-0.3789,0,0.8441,,0,0,0,0,1,0,1,2022-06-22 14:00:00+05:30,2022-06-22 14:05:00+05:30,2022-06-22 15:00:00+05:30,225.5,224.41071428571428,227.46071428571432,-0.5,EOD-
S695,ITC,2022-06-22 14:10:00+05:30,-0.0743,-0.0776,1,1.0,0.2118,14.29,1.2222,0,0.6352,,0,0,0,1,1,0,1,2022-06-22 14:10:00+05:30,2022-06-22 14:15:00+05:30,2022-06-22 15:00:00+05:30,225.4,224.33749999999998,227.31250000000003,-0.4,EOD-
S696,ITC,2022-06-22 14:20:00+05:30,-0.0544,-0.0755,0,,0.2991,14.29,-0.2,0,0.7504,,0,0,0,0,1,0,1,2022-06-22 14:20:00+05:30,2022-06-22 14:25:00+05:30,2022-06-22 15:00:00+05:30,225.3,224.25535714285715,227.1803571428572,-0.3,EOD-
S697,ITC,2022-06-22 14:30:00+05:30,-0.0067,-0.0666,0,,0.2191,50.0,-0.4444,0,0.6678,,0,0,1,1,1,0,1,2022-06-22 14:30:00+05:30,2022-06-22 14:35:00+05:30,2022-06-22 15:00:00+05:30,225.55,224.5232142857143,227.39821428571432,-0.55,EOD-
S698,ITC,2022-06-23 09:15:00+05:30,,,0,,1.1008,73.33,-0.4175,0,2.4809,,0,0,1,0,1,0,1,2022-06-23 09:15:00+05:30,2022-06-23 09:20:00+05:30,2022-06-23 09:30:00+05:30,226.2,225.03035714285713,228.30535714285713,-1.1696,L
S699,ITC,2022-06-23 09:30:00+05:30,,,2,2.0,1.3698,72.73,-0.6215,0,0.8221,0.0,1,1,0,1,0,1,2,2022-06-23 09:35:00+05:30,2022-06-23 09:40:00+05:30,2022-06-23 12:20:00+05:30,225.15,223.70357142857142,227.75357142857143,-1.4464,L
S700,ITC,2022-06-23 12:50:00+05:30,-0.253,-0.2281,0,,3.5689,77.78,-0.9703,0,1.364,1.0,9,1,1,0,0,9,10,2022-06-23 13:35:00+05:30,2022-06-23 13:40:00+05:30,2022-06-23 15:00:00+05:30,224.05,222.87142857142857,226.17142857142858,0.25,EOD+
S701,ITC,2022-06-27 11:45:00+05:30,0.1536,0.145,30,3.0,0.5198,76.47,-0.2,0,1.177,0.0,9,1,0,1,0,9,10,2022-06-27 12:30:00+05:30,2022-06-27 12:35:00+05:30,2022-06-27 15:00:00+05:30,228.2,227.29821428571427,229.82321428571427,0.5,EOD+
S702,ITC,2022-06-27 13:30:00+05:30,0.069,0.0712,11,5.0,0.0111,66.67,29.0,0,0.7203,,0,1,0,1,1,0,1,2022-06-27 13:30:00+05:30,2022-06-27 13:35:00+05:30,2022-06-27 15:00:00+05:30,228.45,227.325,230.475,0.25,EOD+
S703,ITC,2022-06-27 13:50:00+05:30,0.093,0.0854,2,2.0,0.3339,100.0,-1.0,0,0.5313,1.0,1,0,0,0,0,1,2,2022-06-27 13:55:00+05:30,2022-06-27 14:00:00+05:30,2022-06-27 15:00:00+05:30,228.8,227.8267857142857,230.55178571428573,-0.1,EOD-
S704,ITC,2022-06-28 09:15:00+05:30,,,0,,1.8268,89.29,-0.9377,0,2.5851,,0,1,0,0,1,0,1,2022-06-28 09:15:00+05:30,2022-06-28 09:20:00+05:30,2022-06-28 15:00:00+05:30,228.95,227.85178571428568,230.92678571428573,1.25,EOD+
S705,ITC,2022-06-28 10:00:00+05:30,0.119,0.1191,8,5.0,0.4628,75.0,-0.5041,0,0.5336,0.0,4,0,0,0,0,4,5,2022-06-28 10:20:00+05:30,2022-06-28 10:25:00+05:30,2022-06-28 15:00:00+05:30,229.05,227.41607142857143,231.99107142857144,1.15,EOD+
S706,ITC,2022-06-28 10:30:00+05:30,0.0,0.0458,0,,0.7922,7.14,-0.7884,0,0.422,0.0,2,0,0,1,0,2,3,2022-06-28 10:40:00+05:30,2022-06-28 10:45:00+05:30,2022-06-28 15:00:00+05:30,229.2,227.70892857142857,231.88392857142856,1.0,EOD+
S707,ITC,2022-06-28 11:55:00+05:30,0.0937,0.0338,14,7.0,0.04,37.5,5.6667,0,0.844,,0,0,0,0,1,0,1,2022-06-28 11:55:00+05:30,2022-06-28 12:00:00+05:30,2022-06-28 12:15:00+05:30,229.6,228.6625,231.28750000000002,-0.9375,L
S708,ITC,2022-06-28 12:05:00+05:30,0.0796,0.0774,0,,1.482,33.33,-0.7447,0,1.3235,0.0,7,0,0,0,0,7,8,2022-06-28 12:40:00+05:30,2022-06-28 12:45:00+05:30,2022-06-28 15:00:00+05:30,229.65,228.65892857142856,231.4339285714286,0.55,EOD+
S709,ITC,2022-06-28 12:55:00+05:30,-0.0153,-0.0131,2,2.0,0.8231,64.29,-0.8425,0,0.4984,0.0,5,1,0,1,0,5,6,2022-06-28 13:20:00+05:30,2022-06-28 13:25:00+05:30,2022-06-28 15:00:00+05:30,229.25,228.28571428571428,230.98571428571427,0.95,EOD+
S710,ITC,2022-06-28 14:05:00+05:30,0.1046,0.06,8,1.0,0.4282,53.85,0.9048,0,1.3307,,0,1,0,0,1,0,1,2022-06-28 14:05:00+05:30,2022-06-28 14:10:00+05:30,2022-06-28 15:00:00+05:30,229.85,228.93035714285713,231.50535714285712,0.35,EOD+
S711,ITC,2022-06-29 09:15:00+05:30,,,0,,3.9569,48.15,-1.0,0,0.4985,0.0,7,0,0,1,0,7,8,2022-06-29 09:50:00+05:30,2022-06-29 09:55:00+05:30,2022-06-29 15:00:00+05:30,229.9,228.61428571428573,232.21428571428572,1.45,EOD+
S712,ITC,2022-06-29 10:00:00+05:30,-0.0598,-0.087,0,,0.537,36.36,-0.5862,0,0.6138,1.0,9,0,0,1,0,9,10,2022-06-29 10:45:00+05:30,2022-06-29 10:50:00+05:30,2022-06-29 15:00:00+05:30,229.35,227.66250000000002,232.38749999999996,2.0,EOD+
S713,ITC,2022-06-29 10:55:00+05:30,-0.1014,-0.1166,0,,1.2138,40.0,-0.8942,0,1.0984,1.0,8,1,0,1,0,8,9,2022-06-29 11:35:00+05:30,2022-06-29 11:40:00+05:30,2022-06-29 14:25:00+05:30,229.15,228.17678571428573,230.9017857142857,1.7518,W
S714,ITC,2022-06-29 11:55:00+05:30,-0.0065,-0.0622,2,2.0,0.267,0.0,1.7027,0,0.5439,,0,1,1,0,1,0,1,2022-06-29 11:55:00+05:30,2022-06-29 12:00:00+05:30,2022-06-29 14:25:00+05:30,229.35,228.48392857142858,230.90892857142856,1.5589,W
S715,ITC,2022-06-29 12:10:00+05:30,-0.0098,-0.0065,2,2.0,0.5052,50.0,-0.1429,0,1.2978,1.0,5,1,0,0,0,5,6,2022-06-29 12:35:00+05:30,2022-06-29 12:40:00+05:30,2022-06-29 14:25:00+05:30,229.25,228.38392857142858,230.80892857142857,1.5589,W
S716,ITC,2022-06-29 14:05:00+05:30,0.1315,0.1033,17,13.0,0.07,25.0,5.6667,0,0.6556,,0,0,1,0,1,0,1,2022-06-29 14:05:00+05:30,2022-06-29 14:10:00+05:30,2022-06-29 15:00:00+05:30,230.4,229.5964285714286,231.8464285714286,1.4464,W
S717,ITC,2022-06-30 09:20:00+05:30,,,1,1.0,0.2785,73.33,-0.2105,0,0.4532,0.0,1,1,1,0,0,1,2,2022-06-30 09:25:00+05:30,2022-06-30 09:30:00+05:30,2022-06-30 15:00:00+05:30,231.9,230.19464285714287,234.96964285714287,0.35,EOD+
S718,ITC,2022-06-30 10:05:00+05:30,0.1423,0.1662,7,6.0,0.104,50.0,1.3077,0,0.1608,,0,1,0,1,1,0,1,2022-06-30 10:05:00+05:30,2022-06-30 10:10:00+05:30,2022-06-30 12:30:00+05:30,232.0,230.4375,234.8125,-1.5625,L
S719,ITC,2022-06-30 10:15:00+05:30,0.1315,0.1542,0,,0.174,83.33,-1.0,0,0.6494,1.0,1,0,1,0,0,1,2,2022-06-30 10:20:00+05:30,2022-06-30 10:25:00+05:30,2022-06-30 12:30:00+05:30,232.2,230.61964285714285,235.04464285714283,-1.5804,L
S720,ITC,2022-06-30 10:30:00+05:30,0.0636,0.1315,0,,0.7098,33.33,-0.3103,0,0.4741,,0,0,0,0,1,0,1,2022-06-30 10:30:00+05:30,2022-06-30 10:35:00+05:30,2022-06-30 12:15:00+05:30,232.0,230.72321428571428,234.2982142857143,-1.2768,L
S721,ITC,2022-06-30 10:40:00+05:30,0.0086,0.083,0,,0.4032,25.0,-0.4444,0,0.3905,1.0,1,0,0,1,0,1,2,2022-06-30 10:45:00+05:30,2022-06-30 10:50:00+05:30,2022-06-30 12:10:00+05:30,232.1,230.98392857142855,234.10892857142858,-1.1161,L
S722,ITC,2022-06-30 10:55:00+05:30,-0.0216,0.0086,0,,1.2588,42.86,-0.6098,0,1.2168,1.0,9,1,0,0,0,9,10,2022-06-30 11:40:00+05:30,2022-06-30 11:45:00+05:30,2022-06-30 12:10:00+05:30,232.0,230.98214285714286,233.83214285714286,-1.0179,L
S723,ITC,2022-06-30 11:50:00+05:30,-0.0259,-0.0366,0,,0.2274,0.0,1.1053,0,0.723,,0,0,0,1,1,0,1,2022-06-30 11:50:00+05:30,2022-06-30 11:55:00+05:30,2022-06-30 12:10:00+05:30,231.95,230.90535714285713,233.83035714285714,-1.0446,L
S724,ITC,2022-06-30 12:30:00+05:30,-0.1122,-0.0582,0,,2.6771,40.0,-0.8403,0,1.4767,1.0,9,0,0,0,0,9,10,2022-06-30 13:15:00+05:30,2022-06-30 13:20:00+05:30,2022-06-30 15:00:00+05:30,231.55,230.38035714285715,233.65535714285716,0.7,EOD+
S725,ITC,2022-07-01 09:15:00+05:30,,,0,,2.9228,72.5,-0.8319,0,1.0013,1.0,2,1,0,1,0,2,3,2022-07-01 09:25:00+05:30,2022-07-01 09:30:00+05:30,2022-07-01 10:20:00+05:30,232.35,230.82321428571427,235.09821428571428,2.7482,W
S726,ITC,2022-07-01 09:40:00+05:30,0.0464,,2,2.0,0.0488,32.35,10.7647,0,3.2366,,0,1,1,0,1,0,1,2022-07-01 09:40:00+05:30,2022-07-01 09:45:00+05:30,2022-07-01 12:10:00+05:30,232.9,230.72142857142856,236.82142857142858,3.9214,W
S727,ITC,2022-07-01 11:30:00+05:30,0.2531,0.4131,21,7.0,0.0335,25.0,4.0,0,0.2342,,0,0,0,0,1,0,1,2022-07-01 11:30:00+05:30,2022-07-01 11:35:00+05:30,2022-07-01 12:15:00+05:30,235.25,233.75892857142858,237.93392857142857,2.6839,W
S728,ITC,2022-07-01 11:40:00+05:30,0.1796,0.2766,0,,0.8909,80.0,-1.0,0,0.3779,1.0,3,1,0,1,0,3,4,2022-07-01 11:55:00+05:30,2022-07-01 12:00:00+05:30,2022-07-01 12:15:00+05:30,235.8,234.425,238.275,2.475,W
S729,ITC,2022-07-01 13:15:00+05:30,0.191,0.1458,15,11.0,0.3058,72.73,-0.5181,0,0.4982,1.0,1,1,1,0,0,1,2,2022-07-01 13:20:00+05:30,2022-07-01 13:25:00+05:30,2022-07-01 14:35:00+05:30,237.2,235.50357142857143,240.2535714285714,3.0536,W
S730,ITC,2022-07-01 13:30:00+05:30,0.2003,0.191,0,,0.2013,18.18,-0.5455,0,1.0386,1.0,3,1,0,0,0,3,4,2022-07-01 13:45:00+05:30,2022-07-01 13:50:00+05:30,2022-07-01 14:35:00+05:30,237.4,236.0339285714286,239.85892857142855,2.4589,W
S731,ITC,2022-07-04 10:00:00+05:30,0.3961,0.5099,9,6.0,0.3061,54.55,0.5652,0,0.9243,,0,1,0,0,1,0,1,2022-07-04 10:00:00+05:30,2022-07-04 10:05:00+05:30,2022-07-04 12:35:00+05:30,241.9,239.5517857142857,246.12678571428575,4.2268,W
S732,ITC,2022-07-04 10:10:00+05:30,0.2801,0.4656,1,1.0,0.2011,44.0,0.3333,0,0.4911,,0,1,1,0,1,0,1,2022-07-04 10:10:00+05:30,2022-07-04 10:15:00+05:30,2022-07-04 12:40:00+05:30,242.6,240.26964285714286,246.79464285714286,4.1946,W
S733,ITC,2022-07-04 12:10:00+05:30,0.1927,0.3458,23,7.0,0.3313,58.33,0.4085,0,0.6474,,0,1,1,1,1,0,1,2022-07-04 12:10:00+05:30,2022-07-04 12:15:00+05:30,2022-07-04 12:45:00+05:30,245.35,244.0107142857143,247.76071428571427,2.4107,W
S734,ITC,2022-07-04 12:25:00+05:30,0.1049,0.1927,1,1.0,0.3622,33.33,0.6216,0,0.8156,,0,1,1,0,1,0,1,2022-07-04 12:25:00+05:30,2022-07-04 12:30:00+05:30,2022-07-04 12:45:00+05:30,245.55,244.27321428571432,247.84821428571428,2.2982,W
S735,ITC,2022-07-04 12:35:00+05:30,0.0825,0.1162,0,,0.0553,55.56,7.3333,0,1.4107,,0,1,1,1,1,0,1,2022-07-04 12:35:00+05:30,2022-07-04 12:40:00+05:30,2022-07-04 15:00:00+05:30,246.2,244.84285714285716,248.6428571428571,1.2,EOD+
S736,ITC,2022-07-04 13:35:00+05:30,0.1581,0.2241,11,6.0,0.0564,40.0,8.4118,0,0.6034,,0,1,0,0,1,0,1,2022-07-04 13:35:00+05:30,2022-07-04 13:40:00+05:30,2022-07-04 15:00:00+05:30,247.1,245.21607142857144,250.4910714285714,0.3,EOD+
S737,ITC,2022-07-04 13:45:00+05:30,0.1499,0.1682,1,1.0,0.6354,66.67,-0.5722,0,1.0456,1.0,2,1,1,1,0,2,3,2022-07-04 13:55:00+05:30,2022-07-04 14:00:00+05:30,2022-07-04 15:00:00+05:30,247.15,245.3107142857143,250.4607142857143,0.25,EOD+
S738,ITC,2022-07-04 14:05:00+05:30,0.1446,0.1468,0,,0.42,50.0,-0.8198,0,1.0315,1.0,3,1,0,0,0,3,4,2022-07-04 14:20:00+05:30,2022-07-04 14:25:00+05:30,2022-07-04 15:00:00+05:30,247.45,245.7982142857143,250.42321428571424,-0.05,EOD-
S739,ITC,2022-07-05 10:10:00+05:30,-0.2078,-0.1225,0,,2.3767,100.0,-1.0,0,1.3323,1.0,9,0,0,0,0,9,10,2022-07-05 10:55:00+05:30,2022-07-05 11:00:00+05:30,2022-07-05 11:45:00+05:30,245.65,243.775,249.025,-1.875,L
S740,ITC,2022-07-05 11:05:00+05:30,-0.1549,-0.2168,0,,0.0758,0.0,1.3529,0,0.1814,,0,1,0,1,1,0,1,2022-07-05 11:05:00+05:30,2022-07-05 11:10:00+05:30,2022-07-05 11:45:00+05:30,245.4,243.99821428571428,247.9232142857143,-1.4018,L
S741,ITC,2022-07-05 12:15:00+05:30,-0.1001,-0.0929,0,,3.3919,73.91,-0.8892,0,0.4534,0.0,9,0,0,1,0,9,10,2022-07-05 13:00:00+05:30,2022-07-05 13:05:00+05:30,2022-07-05 14:05:00+05:30,244.0,242.66964285714286,246.39464285714286,-1.3304,L
S742,ITC,2022-07-06 09:15:00+05:30,,,0,,1.1548,89.47,-1.0,0,2.1918,,0,1,1,0,1,0,1,2022-07-06 09:15:00+05:30,2022-07-06 09:20:00+05:30,2022-07-06 10:15:00+05:30,243.4,241.99821428571428,245.9232142857143,-1.4018,L
S743,ITC,2022-07-06 09:40:00+05:30,0.1192,,4,3.0,0.2037,89.47,-0.2727,0,1.1175,0.0,1,0,0,0,0,1,2,2022-07-06 09:45:00+05:30,2022-07-06 09:50:00+05:30,2022-07-06 10:25:00+05:30,243.45,241.7625,246.48749999999998,-1.6875,L
S744,ITC,2022-07-06 10:05:00+05:30,-0.0247,0.0627,0,,1.4646,40.0,-0.5824,0,0.7243,1.0,9,0,1,0,0,9,10,2022-07-06 10:50:00+05:30,2022-07-06 10:55:00+05:30,2022-07-06 15:00:00+05:30,243.3,241.4607142857143,246.6107142857143,1.8,EOD+
S745,ITC,2022-07-06 11:00:00+05:30,-0.0339,-0.0267,0,,0.889,30.77,-0.6135,0,0.5839,0.0,4,0,0,1,0,4,5,2022-07-06 11:20:00+05:30,2022-07-06 11:25:00+05:30,2022-07-06 14:05:00+05:30,242.75,241.29464285714286,245.36964285714288,2.6196,W
S746,ITC,2022-07-06 11:30:00+05:30,-0.1102,-0.139,0,,0.3829,60.0,-0.375,0,0.8426,0.0,2,1,0,0,0,2,3,2022-07-06 11:40:00+05:30,2022-07-06 11:45:00+05:30,2022-07-06 13:30:00+05:30,242.8,241.75535714285715,244.68035714285716,1.8804,W
S747,ITC,2022-07-06 11:50:00+05:30,0.001,-0.0711,1,1.0,0.1374,90.0,-0.0476,0,1.0287,1.0,1,0,0,1,0,1,2,2022-07-06 11:55:00+05:30,2022-07-06 12:00:00+05:30,2022-07-06 13:15:00+05:30,242.6,241.64464285714286,244.31964285714287,1.7196,W
S748,ITC,2022-07-06 12:05:00+05:30,0.0412,0.001,0,,1.3939,8.33,-0.3013,0,0.6147,0.0,3,0,0,0,0,3,4,2022-07-06 12:20:00+05:30,2022-07-06 12:25:00+05:30,2022-07-06 13:30:00+05:30,242.75,241.72321428571428,244.5982142857143,1.8482,W
S749,ITC,2022-07-06 12:30:00+05:30,-0.0,0.0278,0,,0.2882,80.0,-1.0,0,0.8792,,0,0,0,0,1,0,1,2022-07-06 12:30:00+05:30,2022-07-06 12:35:00+05:30,2022-07-06 14:05:00+05:30,243.45,242.38749999999996,245.3625,1.9125,W
S750,ITC,2022-07-07 09:20:00+05:30,,,1,1.0,0.2394,26.32,2.3333,0,0.9461,,0,0,1,1,1,0,1,2022-07-07 09:20:00+05:30,2022-07-07 09:25:00+05:30,2022-07-07 15:00:00+05:30,245.55,243.82678571428573,248.65178571428572,1.4,EOD+
S751,ITC,2022-07-07 09:30:00+05:30,,,0,,0.4868,8.33,0.3139,0,0.4703,,0,0,0,0,1,0,1,2022-07-07 09:30:00+05:30,2022-07-07 09:35:00+05:30,2022-07-07 13:10:00+05:30,245.05,243.29107142857143,248.21607142857144,3.1661,W
S752,ITC,2022-07-07 09:40:00+05:30,0.0459,,1,1.0,0.6456,7.69,0.1236,0,0.4895,,0,1,0,1,1,0,1,2022-07-07 09:40:00+05:30,2022-07-07 09:45:00+05:30,2022-07-07 13:10:00+05:30,245.0,243.27678571428572,248.1017857142857,3.1018,W
S753,ITC,2022-07-07 09:55:00+05:30,0.0938,0.0459,1,1.0,0.1581,77.78,-0.1837,0,0.4416,1.0,1,1,1,0,0,1,2,2022-07-07 10:00:00+05:30,2022-07-07 10:05:00+05:30,2022-07-07 15:00:00+05:30,245.35,243.4125,248.8375,1.6,EOD+
S754,ITC,2022-07-07 10:10:00+05:30,0.0744,0.0938,1,1.0,0.0759,50.0,3.3478,0,0.3381,,0,1,0,1,1,0,1,2022-07-07 10:10:00+05:30,2022-07-07 10:15:00+05:30,2022-07-07 15:00:00+05:30,245.55,243.65714285714287,248.95714285714286,1.4,EOD+
S755,ITC,2022-07-07 10:20:00+05:30,0.0612,0.0938,1,1.0,0.0931,6.67,7.2759,0,0.4885,,0,0,0,0,1,0,1,2022-07-07 10:20:00+05:30,2022-07-07 10:25:00+05:30,2022-07-07 15:00:00+05:30,245.85,243.9035714285714,249.35357142857143,1.1,EOD+
S756,ITC,2022-07-07 12:05:00+05:30,0.1125,0.1369,20,15.0,0.1858,33.33,-0.3333,0,0.4679,,0,0,0,0,1,0,1,2022-07-07 12:05:00+05:30,2022-07-07 12:10:00+05:30,2022-07-07 15:00:00+05:30,246.65,245.64107142857145,248.46607142857144,0.3,EOD+
S757,ITC,2022-07-07 12:15:00+05:30,0.0699,0.1136,0,,0.2708,85.71,-0.5122,0,0.3778,,0,0,0,1,1,0,1,2022-07-07 12:15:00+05:30,2022-07-07 12:20:00+05:30,2022-07-07 14:15:00+05:30,246.9,245.95357142857145,248.6035714285714,-0.9464,L
S758,ITC,2022-07-07 12:25:00+05:30,0.0426,0.0882,1,1.0,0.0714,20.0,7.0,0,0.3962,,0,0,0,0,1,0,1,2022-07-07 12:25:00+05:30,2022-07-07 12:30:00+05:30,2022-07-07 14:15:00+05:30,246.85,245.97500000000002,248.42499999999995,-0.875,L
S759,ITC,2022-07-08 09:55:00+05:30,0.1877,0.1869,8,8.0,0.376,50.0,-0.1489,0,0.4136,0.0,1,0,0,0,0,1,2,2022-07-08 10:00:00+05:30,2022-07-08 10:05:00+05:30,2022-07-08 11:10:00+05:30,248.15,246.5875,250.9625,-1.5625,L
S760,ITC,2022-07-08 10:10:00+05:30,0.1039,0.1877,0,,0.4788,60.0,-0.3939,0,0.3086,,0,1,1,1,1,0,1,2022-07-08 10:10:00+05:30,2022-07-08 10:15:00+05:30,2022-07-08 11:10:00+05:30,248.3,246.57678571428573,251.40178571428572,-1.7232,L
S761,ITC,2022-07-08 11:35:00+05:30,-0.1668,-0.1798,0,,1.776,62.5,-0.8046,0,1.2861,1.0,9,0,0,0,0,9,10,2022-07-08 12:20:00+05:30,2022-07-08 12:25:00+05:30,2022-07-08 15:00:00+05:30,247.35,246.26964285714286,249.29464285714286,0.95,EOD+
S762,ITC,2022-07-08 13:45:00+05:30,0.2147,0.1756,16,2.0,0.1454,50.0,3.4444,0,1.0548,,0,0,0,0,1,0,1,2022-07-08 13:45:00+05:30,2022-07-08 13:50:00+05:30,2022-07-08 15:00:00+05:30,248.25,247.08928571428572,250.33928571428572,0.05,EOD+
S763,ITC,2022-07-11 09:15:00+05:30,,,0,,1.8239,0.0,0.1268,0,1.9595,,0,1,0,0,1,0,1,2022-07-11 09:15:00+05:30,2022-07-11 09:20:00+05:30,2022-07-11 09:35:00+05:30,248.2,247.22678571428568,249.95178571428573,1.7518,W
S764,ITC,2022-07-11 11:55:00+05:30,-0.1188,-0.0559,0,,2.3425,42.86,-0.9059,0,0.7055,1.0,9,0,0,0,0,9,10,2022-07-11 12:40:00+05:30,2022-07-11 12:45:00+05:30,2022-07-11 15:00:00+05:30,249.7,248.56607142857143,251.7410714285714,0.05,EOD+
S765,ITC,2022-07-11 12:50:00+05:30,-0.0861,-0.1651,0,,0.7514,75.0,-0.8291,0,0.4375,0.0,1,0,0,1,0,1,2,2022-07-11 12:55:00+05:30,2022-07-11 13:00:00+05:30,2022-07-11 15:00:00+05:30,249.7,248.7267857142857,251.45178571428568,0.05,EOD+
S766,ITC,2022-07-11 13:05:00+05:30,-0.0731,-0.0861,0,,0.4861,25.0,-0.2,0,0.8513,1.0,2,0,0,1,0,2,3,2022-07-11 13:15:00+05:30,2022-07-11 13:20:00+05:30,2022-07-11 15:00:00+05:30,249.5,248.53571428571428,251.23571428571427,0.25,EOD+
S767,ITC,2022-07-11 13:25:00+05:30,-0.0361,-0.0791,0,,0.7255,0.0,-0.6491,0,1.0137,1.0,1,1,0,0,0,1,2,2022-07-11 13:30:00+05:30,2022-07-11 13:35:00+05:30,2022-07-11 15:00:00+05:30,249.55,248.56785714285718,251.31785714285712,0.2,EOD+
S768,ITC,2022-07-11 13:45:00+05:30,0.009,-0.017,1,1.0,0.0372,20.0,15.0,0,0.9398,,0,0,0,1,1,0,1,2022-07-11 13:45:00+05:30,2022-07-11 13:50:00+05:30,2022-07-11 15:00:00+05:30,249.75,248.91071428571428,251.26071428571427,0.0,EOD-
S769,ITC,2022-07-11 13:55:00+05:30,0.008,0.007,0,,0.1936,20.0,1.3077,0,0.7395,,0,1,0,0,1,0,1,2022-07-11 13:55:00+05:30,2022-07-11 14:00:00+05:30,2022-07-11 15:00:00+05:30,249.6,248.76071428571427,251.1107142857143,0.15,EOD+
S770,ITC,2022-07-11 14:10:00+05:30,0.0381,0.008,1,1.0,0.4594,30.0,0.2698,0,1.0918,,0,1,0,0,1,0,1,2022-07-11 14:10:00+05:30,2022-07-11 14:15:00+05:30,2022-07-11 15:00:00+05:30,249.7,248.84285714285713,251.24285714285713,0.05,EOD+
S771,ITC,2022-07-11 14:30:00+05:30,0.018,0.0411,3,2.0,0.4345,0.0,0.4815,0,1.0862,,0,0,0,1,1,0,1,2022-07-11 14:30:00+05:30,2022-07-11 14:35:00+05:30,2022-07-11 15:00:00+05:30,249.75,248.97321428571428,251.14821428571432,0.0,EOD-
S772,ITC,2022-07-12 12:40:00+05:30,-0.1169,-0.0856,0,,3.2145,80.0,-1.0,0,0.5191,0.0,9,1,0,0,0,9,10,2022-07-12 13:25:00+05:30,2022-07-12 13:30:00+05:30,2022-07-12 14:40:00+05:30,247.6,246.92142857142855,248.82142857142858,1.2214,W
S773,ITC,2022-07-13 09:15:00+05:30,,,0,,0.1077,40.0,-1.0,0,0.7898,,0,1,0,1,1,0,1,2022-07-13 09:15:00+05:30,2022-07-13 09:20:00+05:30,2022-07-13 15:00:00+05:30,248.5,247.22321428571428,250.7982142857143,0.75,EOD+
S774,ITC,2022-07-13 10:30:00+05:30,0.0362,0.0392,13,12.0,0.0509,60.0,6.5,0,0.7817,,0,0,0,0,1,0,1,2022-07-13 10:30:00+05:30,2022-07-13 10:35:00+05:30,2022-07-13 15:00:00+05:30,248.75,247.76785714285714,250.51785714285714,0.5,EOD+
S775,ITC,2022-07-13 10:40:00+05:30,0.0633,0.0362,0,,0.4689,25.0,-0.7101,0,0.9446,1.0,1,0,0,1,0,1,2,2022-07-13 10:45:00+05:30,2022-07-13 10:50:00+05:30,2022-07-13 15:00:00+05:30,248.8,247.88035714285715,250.45535714285717,0.45,EOD+
S776,ITC,2022-07-13 10:55:00+05:30,0.0854,0.0633,0,,1.1156,0.0,-0.7386,0,1.7729,1.0,3,1,1,1,0,3,4,2022-07-13 11:10:00+05:30,2022-07-13 11:15:00+05:30,2022-07-13 12:45:00+05:30,249.1,248.24285714285713,250.64285714285714,-0.8571,L
S777,ITC,2022-07-13 12:15:00+05:30,-0.0181,0.0131,0,,1.26,16.67,-0.883,0,1.2863,1.0,9,0,1,0,0,9,10,2022-07-13 13:00:00+05:30,2022-07-13 13:05:00+05:30,2022-07-13 13:35:00+05:30,249.15,248.30178571428573,250.67678571428573,-0.8482,L
S778,ITC,2022-07-13 13:15:00+05:30,-0.0332,-0.0261,2,2.0,0.075,0.0,9.0,0,1.2414,,0,0,0,0,1,0,1,2022-07-13 13:15:00+05:30,2022-07-13 13:20:00+05:30,2022-07-13 15:00:00+05:30,249.0,248.0,250.8,0.25,EOD+
S779,ITC,2022-07-13 13:25:00+05:30,-0.0372,-0.0382,1,1.0,0.6638,83.33,-1.0,0,0.9538,1.0,1,0,0,0,0,1,2,2022-07-13 13:30:00+05:30,2022-07-13 13:35:00+05:30,2022-07-13 15:00:00+05:30,248.75,247.71428571428572,250.61428571428573,0.5,EOD+
S780,ITC,2022-07-13 13:40:00+05:30,-0.0543,-0.0372,0,,1.2486,20.0,-0.697,0,0.4986,0.0,4,1,1,1,0,4,5,2022-07-13 14:00:00+05:30,2022-07-13 14:05:00+05:30,2022-07-13 15:00:00+05:30,248.9,247.9089285714286,250.68392857142857,0.35,EOD+
S781,ITC,2022-07-13 14:20:00+05:30,0.0221,0.005,3,3.0,0.2687,25.0,0.0526,0,0.3979,,0,1,0,1,1,0,1,2022-07-13 14:20:00+05:30,2022-07-13 14:25:00+05:30,2022-07-13 15:00:00+05:30,248.8,247.91607142857146,250.39107142857142,0.45,EOD+
S782,ITC,2022-07-13 14:30:00+05:30,0.0322,0.0181,0,,0.3812,20.0,0.0909,0,0.48,,0,0,1,1,1,0,1,2022-07-13 14:30:00+05:30,2022-07-13 14:35:00+05:30,2022-07-13 15:00:00+05:30,248.85,247.9482142857143,250.47321428571428,0.4,EOD+
S783,ITC,2022-07-14 09:15:00+05:30,,,0,,1.0847,45.0,-0.186,0,0.9236,0.0,1,1,0,1,0,1,2,2022-07-14 09:20:00+05:30,2022-07-14 09:25:00+05:30,2022-07-14 09:30:00+05:30,249.1,248.10892857142855,250.88392857142858,1.7839,W
S784,ITC,2022-07-14 11:45:00+05:30,-0.2821,-0.2595,0,,3.0735,54.55,-0.9095,0,1.8323,1.0,9,0,1,0,0,9,10,2022-07-14 12:30:00+05:30,2022-07-14 12:35:00+05:30,2022-07-14 13:55:00+05:30,247.9,246.55178571428573,250.3267857142857,-1.3482,L
S785,ITC,2022-07-14 12:40:00+05:30,-0.2171,-0.2965,0,,0.9468,83.33,-0.8104,0,0.5142,1.0,1,1,0,0,0,1,2,2022-07-14 12:45:00+05:30,2022-07-14 12:50:00+05:30,2022-07-14 14:00:00+05:30,247.6,246.20714285714286,250.10714285714283,-1.3929,L
S786,ITC,2022-07-14 13:15:00+05:30,0.0263,-0.0798,5,3.0,0.0737,85.71,0.25,0,0.6824,,0,0,0,1,1,0,1,2022-07-14 13:15:00+05:30,2022-07-14 13:20:00+05:30,2022-07-14 14:00:00+05:30,247.55,246.19285714285715,249.99285714285713,-1.3571,L
S787,ITC,2022-07-15 10:00:00+05:30,0.1175,0.0963,9,9.0,0.1656,70.59,1.2727,0,0.5948,,0,1,0,0,1,0,1,2022-07-15 10:00:00+05:30,2022-07-15 10:05:00+05:30,2022-07-15 15:00:00+05:30,246.85,245.1892857142857,249.83928571428572,1.35,EOD+
S788,ITC,2022-07-15 10:45:00+05:30,-0.0304,0.0091,0,,2.5367,30.0,-0.7468,0,5.6824,1.0,9,1,0,0,0,9,10,2022-07-15 11:30:00+05:30,2022-07-15 11:35:00+05:30,2022-07-15 12:55:00+05:30,246.75,245.7767857142857,248.50178571428572,1.7518,W
S789,ITC,2022-07-15 11:50:00+05:30,-0.0345,-0.0954,3,3.0,0.1116,0.0,7.1818,0,5.7443,,0,0,0,0,1,0,1,2022-07-15 11:50:00+05:30,2022-07-15 11:55:00+05:30,2022-07-15 14:00:00+05:30,246.5,245.26785714285714,248.71785714285713,2.2179,W
S790,ITC,2022-07-15 13:35:00+05:30,0.1252,0.1728,20,8.0,0.0292,77.78,3.0,0,0.4264,,0,0,0,1,1,0,1,2022-07-15 13:35:00+05:30,2022-07-15 13:40:00+05:30,2022-07-15 15:00:00+05:30,247.85,246.77857142857144,249.77857142857138,0.35,EOD+
S791,ITC,2022-07-15 13:45:00+05:30,0.1211,0.1212,0,,0.1793,0.0,1.5806,0,0.5818,,0,1,0,0,1,0,1,2022-07-15 13:45:00+05:30,2022-07-15 13:50:00+05:30,2022-07-15 15:00:00+05:30,247.75,246.66964285714286,249.69464285714284,0.45,EOD+
S792,ITC,2022-07-15 14:30:00+05:30,0.0967,0.1532,7,3.0,0.0565,44.44,3.0,0,0.9432,,0,1,1,1,1,0,1,2022-07-15 14:30:00+05:30,2022-07-15 14:35:00+05:30,2022-07-15 15:00:00+05:30,248.3,247.19285714285715,250.29285714285714,-0.1,EOD-
S793,ITC,2022-07-18 10:00:00+05:30,0.1564,0.1616,9,9.0,0.6731,16.67,0.7143,0,1.2076,,0,1,0,0,1,0,1,2022-07-18 10:00:00+05:30,2022-07-18 10:05:00+05:30,2022-07-18 15:00:00+05:30,249.75,248.125,252.675,0.45,EOD+
S794,ITC,2022-07-18 10:15:00+05:30,0.1422,0.1564,1,1.0,0.3202,60.0,-0.7674,0,0.6148,1.0,1,0,0,0,0,1,2,2022-07-18 10:20:00+05:30,2022-07-18 10:25:00+05:30,2022-07-18 15:00:00+05:30,249.8,248.1214285714286,252.82142857142858,0.4,EOD+
S795,ITC,2022-07-18 10:30:00+05:30,0.1341,0.1422,0,,0.4779,20.0,-0.3939,0,2.2563,1.0,8,1,0,0,0,8,9,2022-07-18 11:10:00+05:30,2022-07-18 11:15:00+05:30,2022-07-18 15:00:00+05:30,250.3,249.00535714285715,252.63035714285715,-0.1,EOD-
S796,ITC,2022-07-18 11:55:00+05:30,0.045,0.003,8,8.0,0.1713,40.0,1.6087,0,0.6536,,0,0,0,1,1,0,1,2022-07-18 11:55:00+05:30,2022-07-18 12:00:00+05:30,2022-07-18 15:00:00+05:30,250.1,249.2607142857143,251.61071428571427,0.1,EOD+
S797,ITC,2022-07-18 12:05:00+05:30,0.041,0.03,0,,1.3382,9.09,0.0256,0,2.5625,,0,1,1,0,1,0,1,2022-07-18 12:05:00+05:30,2022-07-18 12:10:00+05:30,2022-07-18 15:00:00+05:30,250.05,249.13928571428573,251.68928571428572,0.15,EOD+
S798,ITC,2022-07-18 12:15:00+05:30,0.047,0.038,0,,0.2379,20.0,0.7143,0,1.4821,,0,0,0,1,1,0,1,2022-07-18 12:15:00+05:30,2022-07-18 12:20:00+05:30,2022-07-18 15:00:00+05:30,250.1,249.18035714285713,251.75535714285712,0.1,EOD+
S799,ITC,2022-07-18 12:25:00+05:30,0.055,0.043,0,,0.3272,90.91,-0.5349,0,1.4558,,0,1,0,0,1,0,1,2022-07-18 12:25:00+05:30,2022-07-18 12:30:00+05:30,2022-07-18 15:00:00+05:30,250.55,249.72857142857146,252.02857142857144,-0.35,EOD-
S800,ITC,2022-07-18 12:50:00+05:30,0.0779,0.0749,4,1.0,0.6163,58.82,-0.0123,0,0.3896,0.0,1,0,0,1,0,1,2,2022-07-18 12:55:00+05:30,2022-07-18 13:00:00+05:30,2022-07-18 15:00:00+05:30,250.35,249.5285714285714,251.82857142857142,-0.15,EOD-
S801,ITC,2022-07-18 13:05:00+05:30,0.02,0.0779,1,1.0,0.3102,33.33,0.0256,0,0.6161,,0,0,0,0,1,0,1,2022-07-18 13:05:00+05:30,2022-07-18 13:10:00+05:30,2022-07-18 15:00:00+05:30,250.25,249.46428571428572,251.6642857142857,-0.05,EOD-
S802,ITC,2022-07-18 13:15:00+05:30,0.003,0.035,0,,0.227,0.0,0.6667,0,0.2265,,0,0,0,1,1,0,1,2022-07-18 13:15:00+05:30,2022-07-18 13:20:00+05:30,2022-07-18 15:00:00+05:30,250.35,249.68928571428572,251.53928571428568,-0.15,EOD-
S803,ITC,2022-07-18 13:25:00+05:30,0.008,0.0,0,,1.1237,12.5,-0.8361,0,0.5095,0.0,9,0,0,1,0,9,10,2022-07-18 14:10:00+05:30,2022-07-18 14:15:00+05:30,2022-07-18 15:00:00+05:30,250.35,249.67142857142858,251.57142857142856,-0.15,EOD-
S804,ITC,2022-07-18 14:20:00+05:30,-0.031,-0.007,0,,0.2227,66.67,-1.0,0,0.329,,0,0,0,1,1,0,1,2022-07-18 14:20:00+05:30,2022-07-18 14:25:00+05:30,2022-07-18 15:00:00+05:30,250.25,249.46428571428572,251.6642857142857,-0.05,EOD-
S805,ITC,2022-07-18 14:30:00+05:30,-0.037,-0.023,0,,0.5886,20.0,0.0811,0,0.8848,,0,0,0,0,1,0,1,2022-07-18 14:30:00+05:30,2022-07-18 14:35:00+05:30,2022-07-18 15:00:00+05:30,250.2,249.4142857142857,251.6142857142857,0.0,EOD-
S806,ITC,2022-07-19 09:25:00+05:30,,,0,,2.3912,58.33,-0.7658,0,0.3799,0.0,9,0,0,0,0,9,10,2022-07-19 10:10:00+05:30,2022-07-19 10:15:00+05:30,2022-07-19 11:00:00+05:30,249.75,248.63392857142856,251.75892857142858,-1.1161,L
S807,ITC,2022-07-19 10:20:00+05:30,-0.0841,-0.1101,0,,0.4544,40.0,-0.1892,0,0.6328,,0,0,0,1,1,0,1,2022-07-19 10:20:00+05:30,2022-07-19 10:25:00+05:30,2022-07-19 11:00:00+05:30,249.7,248.68214285714285,251.53214285714282,-1.0179,L
S808,ITC,2022-07-19 11:20:00+05:30,-0.0913,-0.0913,0,,3.388,50.0,-1.0,0,0.4891,0.0,9,0,0,0,0,9,10,2022-07-19 12:05:00+05:30,2022-07-19 12:10:00+05:30,2022-07-19 13:25:00+05:30,248.85,248.18035714285713,250.05535714285716,-0.6696,L
S809,ITC,2022-07-19 12:15:00+05:30,-0.0945,-0.1065,0,,0.2975,33.33,-0.4118,0,0.2537,1.0,1,0,0,0,0,1,2,2022-07-19 12:20:00+05:30,2022-07-19 12:25:00+05:30,2022-07-19 13:30:00+05:30,248.8,248.0857142857143,250.08571428571432,-0.7143,L
S810,ITC,2022-07-19 12:30:00+05:30,-0.0644,-0.0945,0,,0.0494,83.33,2.3333,0,0.2302,,0,1,0,1,1,0,1,2022-07-19 12:30:00+05:30,2022-07-19 12:35:00+05:30,2022-07-19 13:30:00+05:30,248.8,248.04107142857143,250.16607142857146,-0.7589,L
S811,ITC,2022-07-19 13:10:00+05:30,0.0623,0.0412,7,6.0,0.0346,60.0,-1.0,0,1.2955,1.0,1,0,1,0,0,1,2,2022-07-19 13:15:00+05:30,2022-07-19 13:20:00+05:30,2022-07-19 13:30:00+05:30,248.8,248.0767857142857,250.10178571428574,-0.7232,L
S812,ITC,2022-07-19 13:25:00+05:30,0.0422,0.0623,0,,1.917,44.44,-0.5851,0,0.5365,0.0,4,0,0,1,0,4,5,2022-07-19 13:45:00+05:30,2022-07-19 13:50:00+05:30,2022-07-19 15:00:00+05:30,248.85,248.0642857142857,250.26428571428573,0.55,EOD+
S813,ITC,2022-07-19 13:55:00+05:30,-0.006,-0.006,0,,0.5971,60.0,-1.0,0,1.4298,0.0,4,1,1,0,0,4,5,2022-07-19 14:15:00+05:30,2022-07-19 14:20:00+05:30,2022-07-19 15:00:00+05:30,248.8,247.88928571428573,250.43928571428572,0.6,EOD+
S814,ITC,2022-07-20 09:30:00+05:30,,,3,3.0,1.2235,22.22,-0.2308,0,1.2143,0.0,4,1,0,1,0,4,5,2022-07-20 09:50:00+05:30,2022-07-20 09:55:00+05:30,2022-07-20 10:10:00+05:30,249.45,248.3875,251.36249999999998,1.9125,W
S815,ITC,2022-07-20 11:40:00+05:30,0.2784,0.3373,21,17.0,0.4958,25.0,0.4706,0,0.2299,,0,0,0,1,1,0,1,2022-07-20 11:40:00+05:30,2022-07-20 11:45:00+05:30,2022-07-20 15:00:00+05:30,252.45,251.59285714285713,253.99285714285713,-0.2,EOD-
S816,ITC,2022-07-20 11:50:00+05:30,0.1654,0.3112,0,,0.9505,66.67,-0.845,0,0.6387,,0,1,1,1,1,0,1,2022-07-20 11:50:00+05:30,2022-07-20 11:55:00+05:30,2022-07-20 15:00:00+05:30,252.5,251.6517857142857,254.02678571428575,-0.25,EOD-
S817,ITC,2022-07-20 12:00:00+05:30,0.0396,0.2436,0,,0.5742,42.86,-0.1781,0,0.7867,1.0,1,1,0,0,0,1,2,2022-07-20 12:05:00+05:30,2022-07-20 12:10:00+05:30,2022-07-20 12:55:00+05:30,252.8,252.00535714285712,254.2303571428572,-0.7946,L
S818,ITC,2022-07-20 12:20:00+05:30,0.0505,0.0119,2,1.0,0.1719,73.33,1.1429,0,0.6883,,0,0,0,1,1,0,1,2022-07-20 12:20:00+05:30,2022-07-20 12:25:00+05:30,2022-07-20 15:00:00+05:30,252.55,251.53214285714284,254.38214285714292,-0.3,EOD-
S819,ITC,2022-07-20 12:30:00+05:30,0.0703,0.0287,0,,0.5739,50.0,-0.5604,0,1.7453,1.0,9,0,0,0,0,9,10,2022-07-20 13:15:00+05:30,2022-07-20 13:20:00+05:30,2022-07-20 15:00:00+05:30,252.6,251.60892857142855,254.3839285714286,-0.35,EOD-
S820,ITC,2022-07-20 13:30:00+05:30,-0.005,-0.0436,2,2.0,0.5042,44.44,-0.5294,0,0.4393,1.0,1,0,0,0,0,1,2,2022-07-20 13:35:00+05:30,2022-07-20 13:40:00+05:30,2022-07-20 15:00:00+05:30,252.5,251.44642857142856,254.3964285714286,-0.25,EOD-
S821,ITC,2022-07-20 13:45:00+05:30,0.003,-0.005,0,,0.35,50.0,-0.3548,0,0.5406,1.0,2,0,0,0,0,2,3,2022-07-20 13:55:00+05:30,2022-07-20 14:00:00+05:30,2022-07-20 15:00:00+05:30,252.45,251.34285714285713,254.44285714285715,-0.2,EOD-
S822,ITC,2022-07-20 14:05:00+05:30,-0.0396,-0.0178,0,,0.4016,16.67,0.1429,0,0.5138,,0,0,1,0,1,0,1,2022-07-20 14:05:00+05:30,2022-07-20 14:10:00+05:30,2022-07-20 15:00:00+05:30,252.45,251.36071428571427,254.4107142857143,-0.2,EOD-
S823,ITC,2022-07-20 14:15:00+05:30,-0.0317,-0.0327,0,,0.7378,50.0,-0.8291,0,0.6318,1.0,1,0,0,0,0,1,2,2022-07-20 14:20:00+05:30,2022-07-20 14:25:00+05:30,2022-07-20 15:00:00+05:30,252.45,251.45892857142854,254.23392857142858,-0.2,EOD-
S824,ITC,2022-07-20 14:30:00+05:30,-0.0168,-0.0317,0,,0.6446,37.5,-0.5699,0,0.5658,,0,0,0,0,1,0,1,2022-07-20 14:30:00+05:30,2022-07-20 14:35:00+05:30,2022-07-20 15:00:00+05:30,252.35,251.44821428571427,253.97321428571428,-0.1,EOD-
S825,ITC,2022-07-21 09:55:00+05:30,0.1894,0.2706,8,6.0,0.0802,71.43,1.3077,0,0.9613,,0,0,0,0,1,0,1,2022-07-21 09:55:00+05:30,2022-07-21 10:00:00+05:30,2022-07-21 15:00:00+05:30,253.5,251.47321428571428,257.1482142857143,-0.35,EOD-
S826,ITC,2022-07-21 10:05:00+05:30,0.1449,0.2181,0,,0.7377,14.29,-0.1489,0,0.2625,0.0,1,0,0,1,0,1,2,2022-07-21 10:10:00+05:30,2022-07-21 10:15:00+05:30,2022-07-21 15:00:00+05:30,253.7,251.70892857142857,257.2839285714286,-0.55,EOD-
S827,ITC,2022-07-21 10:20:00+05:30,0.1261,0.1449,0,,0.2899,58.33,-1.0,0,0.31,,0,1,1,0,1,0,1,2022-07-21 10:20:00+05:30,2022-07-21 10:25:00+05:30,2022-07-21 15:00:00+05:30,254.0,251.97321428571428,257.6482142857143,-0.85,EOD-
S828,ITC,2022-07-21 11:35:00+05:30,-0.0878,-0.1745,0,,0.7795,50.0,-0.7959,0,1.3853,1.0,9,0,1,0,0,9,10,2022-07-21 12:20:00+05:30,2022-07-21 12:25:00+05:30,2022-07-21 12:40:00+05:30,253.45,252.66428571428568,254.86428571428573,1.4143,W
S829,ITC,2022-07-21 12:30:00+05:30,-0.0217,-0.0602,0,,0.3746,66.67,-0.6721,0,1.1539,,0,1,0,0,1,0,1,2022-07-21 12:30:00+05:30,2022-07-21 12:35:00+05:30,2022-07-21 12:40:00+05:30,253.4,252.38214285714287,255.23214285714286,1.8321,W
S830,ITC,2022-07-21 12:45:00+05:30,0.0543,-0.0217,2,1.0,0.3945,10.53,5.2745,0,3.6279,,0,0,1,0,1,0,1,2022-07-21 12:45:00+05:30,2022-07-21 12:50:00+05:30,2022-07-21 13:05:00+05:30,254.75,253.13392857142858,257.65892857142853,-1.6161,L
S831,ITC,2022-07-21 13:00:00+05:30,0.1006,0.0543,2,2.0,0.2164,60.0,0.25,0,1.0652,,0,0,0,0,1,0,1,2022-07-21 13:00:00+05:30,2022-07-21 13:05:00+05:30,2022-07-21 15:00:00+05:30,253.5,251.65178571428572,256.8267857142857,-0.35,EOD-
S832,ITC,2022-07-21 13:45:00+05:30,-0.002,-0.0069,0,,1.008,14.29,-0.5833,0,1.3107,1.0,9,0,0,0,0,9,10,2022-07-21 14:30:00+05:30,2022-07-21 14:35:00+05:30,2022-07-21 15:00:00+05:30,253.45,251.6642857142857,256.6642857142857,-0.3,EOD-
S833,ITC,2022-07-22 09:25:00+05:30,,,2,2.0,0.5936,38.46,0.5094,0,0.9445,,0,0,0,0,1,0,1,2022-07-22 09:25:00+05:30,2022-07-22 09:30:00+05:30,2022-07-22 09:45:00+05:30,253.8,252.6839285714286,255.80892857142857,-1.1161,L
S834,ITC,2022-07-22 10:55:00+05:30,-0.0968,-0.0424,0,,0.9377,16.67,-0.5775,0,0.6403,0.0,9,1,0,1,0,9,10,2022-07-22 11:40:00+05:30,2022-07-22 11:45:00+05:30,2022-07-22 13:35:00+05:30,253.0,252.05357142857142,254.70357142857145,1.7036,W
S835,ITC,2022-07-22 12:15:00+05:30,0.001,0.004,6,2.0,0.2383,60.0,0.25,0,0.9508,,0,0,0,1,1,0,1,2022-07-22 12:15:00+05:30,2022-07-22 12:20:00+05:30,2022-07-22 12:50:00+05:30,252.95,252.53035714285713,253.70535714285714,0.7554,W
S836,ITC,2022-07-22 12:25:00+05:30,0.0089,0.0089,0,,0.8125,71.43,-0.3846,0,0.927,,0,1,0,1,1,0,1,2022-07-22 12:25:00+05:30,2022-07-22 12:30:00+05:30,2022-07-22 13:00:00+05:30,253.2,252.7,254.1,0.9,W
S837,ITC,2022-07-22 14:15:00+05:30,0.2003,0.2507,21,6.0,0.2715,44.44,0.5625,0,1.0184,,0,0,1,0,1,0,1,2022-07-22 14:15:00+05:30,2022-07-22 14:20:00+05:30,2022-07-22 15:00:00+05:30,254.7,253.22678571428574,257.35178571428565,0.05,EOD+
S838,ITC,2022-07-22 14:25:00+05:30,0.1541,0.2259,0,,0.4433,73.33,-0.8246,0,0.6648,,0,0,0,0,1,0,1,2022-07-22 14:25:00+05:30,2022-07-22 14:30:00+05:30,2022-07-22 15:00:00+05:30,255.0,253.39285714285717,257.8928571428571,-0.25,EOD-
S839,ITC,2022-07-25 09:15:00+05:30,,,0,,2.781,48.48,-1.0,0,1.7282,1.0,8,0,1,1,0,8,9,2022-07-25 09:55:00+05:30,2022-07-25 10:00:00+05:30,2022-07-25 15:00:00+05:30,255.0,253.6875,257.3625,0.35,EOD+
S840,ITC,2022-07-25 10:05:00+05:30,-0.0167,-0.0944,1,1.0,0.0,58.33,,1,0.7568,,0,1,0,1,1,0,1,2022-07-25 10:05:00+05:30,2022-07-25 10:10:00+05:30,2022-07-25 15:00:00+05:30,255.35,253.42142857142858,258.82142857142856,0.0,EOD-
S841,ITC,2022-07-25 11:10:00+05:30,0.1079,0.0746,12,12.0,0.5396,100.0,-1.0,0,0.793,1.0,7,0,0,0,0,7,8,2022-07-25 11:45:00+05:30,2022-07-25 11:50:00+05:30,2022-07-25 15:00:00+05:30,254.95,253.6642857142857,257.2642857142857,0.4,EOD+
S842,ITC,2022-07-25 11:55:00+05:30,-0.0324,0.0255,0,,0.2904,20.0,0.0256,0,0.7948,,0,0,1,1,1,0,1,2022-07-25 11:55:00+05:30,2022-07-25 12:00:00+05:30,2022-07-25 13:10:00+05:30,255.0,254.16071428571428,256.5107142857143,1.5107,W
S843,ITC,2022-07-25 12:05:00+05:30,-0.0333,-0.0147,1,1.0,0.0923,50.0,2.3333,0,0.6795,,0,0,0,1,1,0,1,2022-07-25 12:05:00+05:30,2022-07-25 12:10:00+05:30,2022-07-25 13:10:00+05:30,255.05,254.2375,256.51250000000005,1.4625,W
S844,ITC,2022-07-25 14:25:00+05:30,0.0761,0.0801,27,2.0,0.3333,33.33,0.5,0,0.576,,0,0,0,1,1,0,1,2022-07-25 14:25:00+05:30,2022-07-25 14:30:00+05:30,2022-07-25 14:55:00+05:30,256.15,255.39999999999995,257.5,-0.75,L
S845,ITC,2022-07-26 09:15:00+05:30,,,0,,1.9069,20.83,-0.7975,0,0.3421,0.0,8,1,1,1,0,8,9,2022-07-26 09:55:00+05:30,2022-07-26 10:00:00+05:30,2022-07-26 15:00:00+05:30,255.5,254.20535714285714,257.8303571428571,0.5,EOD+
S846,ITC,2022-07-26 11:10:00+05:30,0.0753,0.088,13,11.0,0.2923,83.33,-1.0,0,0.8073,0.0,3,0,1,0,0,3,4,2022-07-26 11:25:00+05:30,2022-07-26 11:30:00+05:30,2022-07-26 15:00:00+05:30,256.0,255.1875,257.4625,0.0,EOD-
S847,ITC,2022-07-26 11:35:00+05:30,0.0459,0.0645,0,,1.5769,50.0,-0.6098,0,1.3663,1.0,5,0,0,0,0,5,6,2022-07-26 12:00:00+05:30,2022-07-26 12:05:00+05:30,2022-07-26 15:00:00+05:30,255.95,255.1375,257.4125,0.05,EOD+
S848,ITC,2022-07-26 12:10:00+05:30,-0.0186,-0.0352,0,,0.3294,100.0,-1.0,0,1.5996,1.0,1,0,0,0,0,1,2,2022-07-26 12:15:00+05:30,2022-07-26 12:20:00+05:30,2022-07-26 15:00:00+05:30,255.95,255.03928571428568,257.5892857142857,0.05,EOD+
S849,ITC,2022-07-26 12:25:00+05:30,-0.0039,-0.0186,0,,0.0277,25.0,4.0,0,0.8977,,0,0,0,0,1,0,1,2022-07-26 12:25:00+05:30,2022-07-26 12:30:00+05:30,2022-07-26 15:00:00+05:30,255.9,254.99821428571428,257.5232142857143,0.1,EOD+
S850,ITC,2022-07-26 12:35:00+05:30,-0.0088,-0.001,0,,0.2786,50.0,-0.4872,0,0.8182,0.0,1,1,0,0,0,1,2,2022-07-26 12:40:00+05:30,2022-07-26 12:45:00+05:30,2022-07-26 15:00:00+05:30,255.8,254.925,257.375,0.2,EOD+
S851,ITC,2022-07-26 13:00:00+05:30,0.002,-0.0108,2,2.0,0.1885,60.0,0.9048,0,0.8067,,0,0,0,1,1,0,1,2022-07-26 13:00:00+05:30,2022-07-26 13:05:00+05:30,2022-07-26 14:25:00+05:30,255.85,255.15357142857144,257.1035714285714,1.2536,W
S852,ITC,2022-07-26 13:10:00+05:30,0.0068,-0.0029,0,,0.21,25.0,0.9048,0,0.927,,0,1,1,0,1,0,1,2022-07-26 13:10:00+05:30,2022-07-26 13:15:00+05:30,2022-07-26 14:20:00+05:30,255.9,255.275,257.025,1.125,W
S853,ITC,2022-07-26 13:30:00+05:30,0.0361,0.0088,3,2.0,0.7575,25.0,0.519,0,2.1774,,0,0,0,0,1,0,1,2022-07-26 13:30:00+05:30,2022-07-26 13:35:00+05:30,2022-07-26 14:25:00+05:30,256.0,255.34821428571428,257.17321428571427,1.1732,W
S854,ITC,2022-07-26 13:40:00+05:30,0.0342,0.0313,0,,0.5711,20.0,-0.6774,0,2.686,1.0,2,0,0,1,0,2,3,2022-07-26 13:50:00+05:30,2022-07-26 13:55:00+05:30,2022-07-26 15:00:00+05:30,256.35,255.67142857142858,257.5714285714286,-0.35,EOD-
S855,ITC,2022-07-27 09:15:00+05:30,,,0,,0.9076,84.62,-0.7386,0,0.3442,0.0,9,1,0,1,0,9,10,2022-07-27 10:00:00+05:30,2022-07-27 10:05:00+05:30,2022-07-27 13:20:00+05:30,255.85,254.79642857142852,257.7464285714286,1.8964,W
S856,ITC,2022-07-27 10:10:00+05:30,-0.0557,-0.0967,0,,0.3628,85.71,-1.0,0,0.3176,1.0,1,0,0,0,0,1,2,2022-07-27 10:15:00+05:30,2022-07-27 10:20:00+05:30,2022-07-27 15:00:00+05:30,255.95,254.7267857142857,258.1517857142857,1.5,EOD+
S857,ITC,2022-07-27 10:25:00+05:30,-0.0283,-0.0557,0,,0.1833,75.0,-1.0,0,0.3159,,0,0,0,1,1,0,1,2022-07-27 10:25:00+05:30,2022-07-27 10:30:00+05:30,2022-07-27 13:20:00+05:30,255.85,254.725,257.875,2.025,W
S858,ITC,2022-07-27 10:35:00+05:30,-0.046,-0.0293,0,,0.65,77.78,-0.8077,0,0.5349,,0,1,0,0,1,0,1,2022-07-27 10:35:00+05:30,2022-07-27 10:40:00+05:30,2022-07-27 12:50:00+05:30,255.85,254.85,257.65000000000003,1.8,W
S859,ITC,2022-07-27 11:20:00+05:30,0.0684,0.041,8,5.0,0.5917,37.5,-0.1549,0,0.7288,0.0,3,1,0,1,0,3,4,2022-07-27 11:35:00+05:30,2022-07-27 11:40:00+05:30,2022-07-27 12:45:00+05:30,255.95,255.19999999999996,257.30000000000007,1.35,W
S860,ITC,2022-07-27 11:50:00+05:30,0.0166,0.0254,1,1.0,0.2513,60.0,-0.2857,0,1.5988,1.0,1,1,0,1,0,1,2,2022-07-27 11:55:00+05:30,2022-07-27 12:00:00+05:30,2022-07-27 12:45:00+05:30,256.1,255.4035714285714,257.3535714285715,1.2536,W
S861,ITC,2022-07-28 09:15:00+05:30,,,0,,0.9686,65.22,0.0084,0,1.591,,0,0,0,1,1,0,1,2022-07-28 09:15:00+05:30,2022-07-28 09:20:00+05:30,2022-07-28 09:20:00+05:30,257.55,256.78214285714284,258.9321428571429,-0.7679,L
S862,ITC,2022-07-28 09:25:00+05:30,,,0,,2.1785,11.11,-0.8799,0,0.9741,0.0,8,0,0,0,0,8,9,2022-07-28 10:05:00+05:30,2022-07-28 10:10:00+05:30,2022-07-28 14:55:00+05:30,257.25,256.29464285714283,258.9696428571429,-0.9554,L
S863,ITC,2022-07-28 10:15:00+05:30,-0.0477,-0.0826,0,,0.374,50.0,-0.4286,0,0.7404,,0,1,0,0,1,0,1,2022-07-28 10:15:00+05:30,2022-07-28 10:20:00+05:30,2022-07-28 15:00:00+05:30,257.25,256.08035714285717,259.35535714285714,-0.8,EOD-
S864,ITC,2022-07-28 11:15:00+05:30,0.0486,-0.0117,11,9.0,0.0372,0.0,7.0,0,1.2117,,0,0,0,0,1,0,1,2022-07-28 11:15:00+05:30,2022-07-28 11:20:00+05:30,2022-07-28 14:55:00+05:30,257.25,256.4107142857143,258.7607142857143,-0.8393,L
S865,ITC,2022-07-28 11:25:00+05:30,0.0651,0.0253,0,,0.4184,60.0,-0.2308,0,0.6355,,0,1,0,0,1,0,1,2022-07-28 11:25:00+05:30,2022-07-28 11:30:00+05:30,2022-07-28 14:40:00+05:30,257.35,256.5732142857143,258.7482142857143,-0.7768,L
S866,ITC,2022-07-28 11:35:00+05:30,0.0651,0.0661,0,,0.3138,16.67,1.0513,0,1.0689,,0,1,0,0,1,0,1,2022-07-28 11:35:00+05:30,2022-07-28 11:40:00+05:30,2022-07-28 14:30:00+05:30,257.45,256.67321428571427,258.8482142857143,-0.7768,L
S867,ITC,2022-07-28 11:45:00+05:30,0.0544,0.069,1,1.0,0.32,60.0,-0.375,0,0.7655,0.0,2,1,0,1,0,2,3,2022-07-28 11:55:00+05:30,2022-07-28 12:00:00+05:30,2022-07-28 13:25:00+05:30,257.35,256.72499999999997,258.4750000000001,1.125,W
S868,ITC,2022-07-28 12:10:00+05:30,-0.0029,0.0301,1,1.0,0.09,20.0,1.2222,0,0.8708,,0,1,0,0,1,0,1,2022-07-28 12:10:00+05:30,2022-07-28 12:15:00+05:30,2022-07-28 13:25:00+05:30,257.35,256.72499999999997,258.4750000000001,1.125,W
S869,ITC,2022-07-28 12:20:00+05:30,-0.0078,0.0058,0,,0.1167,50.0,0.8182,0,0.8643,,0,1,0,1,1,0,1,2022-07-28 12:20:00+05:30,2022-07-28 12:25:00+05:30,2022-07-28 13:25:00+05:30,257.35,256.7607142857143,258.41071428571433,1.0607,W
S870,ITC,2022-07-28 12:50:00+05:30,0.0359,0.0243,5,1.0,0.3452,63.64,1.2222,0,1.467,,0,0,0,0,1,0,1,2022-07-28 12:50:00+05:30,2022-07-28 12:55:00+05:30,2022-07-28 14:20:00+05:30,257.55,256.8982142857143,258.7232142857143,-0.6518,L
S871,ITC,2022-07-28 13:35:00+05:30,0.0582,0.0408,8,2.0,0.2981,27.27,0.7391,0,2.4345,,0,1,0,0,1,0,1,2022-07-28 13:35:00+05:30,2022-07-28 13:40:00+05:30,2022-07-28 14:30:00+05:30,257.7,256.73571428571427,259.43571428571425,-0.9643,L
S872,ITC,2022-07-28 13:55:00+05:30,0.0495,0.064,2,2.0,0.2932,12.5,0.6327,0,0.6313,,0,0,0,0,1,0,1,2022-07-28 13:55:00+05:30,2022-07-28 14:00:00+05:30,2022-07-28 14:30:00+05:30,257.8,256.7553571428572,259.68035714285713,-1.0446,L
S873,ITC,2022-07-29 09:45:00+05:30,0.0019,,6,6.0,0.3086,23.08,-0.0244,0,1.0352,,0,0,0,0,1,0,1,2022-07-29 09:45:00+05:30,2022-07-29 09:50:00+05:30,2022-07-29 10:45:00+05:30,257.25,255.5892857142857,260.23928571428576,-1.6607,L
S874,ITC,2022-07-29 09:55:00+05:30,0.0107,-0.0088,0,,0.4271,77.78,-0.8148,0,0.3733,0.0,1,1,1,1,0,1,2,2022-07-29 10:00:00+05:30,2022-07-29 10:05:00+05:30,2022-07-29 10:45:00+05:30,257.2,255.61964285714285,260.04464285714283,-1.5804,L
S875,ITC,2022-07-29 10:10:00+05:30,0.0399,0.0107,0,,0.0964,66.67,-0.1304,0,0.8953,1.0,1,0,0,0,0,1,2,2022-07-29 10:15:00+05:30,2022-07-29 10:20:00+05:30,2022-07-29 10:40:00+05:30,257.2,255.70892857142854,259.8839285714286,-1.4911,L
S876,ITC,2022-07-29 10:40:00+05:30,-0.0438,0.0369,0,,3.0672,52.63,-0.6864,0,1.3016,1.0,9,0,0,0,0,9,10,2022-07-29 11:25:00+05:30,2022-07-29 11:30:00+05:30,2022-07-29 15:00:00+05:30,256.45,255.2803571428571,258.5553571428572,-0.25,EOD-
S877,ITC,2022-07-29 11:35:00+05:30,-0.1053,-0.1726,0,,0.6147,60.0,-0.854,0,0.8729,,0,0,0,1,1,0,1,2022-07-29 11:35:00+05:30,2022-07-29 11:40:00+05:30,2022-07-29 15:00:00+05:30,256.3,254.90714285714287,258.8071428571429,-0.1,EOD-
S878,ITC,2022-07-29 11:45:00+05:30,-0.0956,-0.1326,0,,0.4667,37.5,-0.6429,0,0.4811,0.0,2,1,0,1,0,2,3,2022-07-29 11:55:00+05:30,2022-07-29 12:00:00+05:30,2022-07-29 15:00:00+05:30,256.1,254.60000000000002,258.8,0.1,EOD+
S879,ITC,2022-07-29 12:05:00+05:30,-0.0859,-0.1035,1,1.0,0.0476,28.57,3.0,0,0.3645,,0,0,0,1,1,0,1,2022-07-29 12:05:00+05:30,2022-07-29 12:10:00+05:30,2022-07-29 15:00:00+05:30,256.1,254.78750000000002,258.46250000000003,0.1,EOD+
S880,ITC,2022-07-29 12:15:00+05:30,-0.0566,-0.1006,0,,0.1409,33.33,0.3333,0,0.2946,,0,0,0,1,1,0,1,2022-07-29 12:15:00+05:30,2022-07-29 12:20:00+05:30,2022-07-29 15:00:00+05:30,256.05,254.71964285714287,258.44464285714287,0.15,EOD+
S881,ITC,2022-07-29 12:25:00+05:30,-0.0186,-0.0693,0,,0.25,70.0,-0.2727,0,0.5127,,0,0,0,0,1,0,1,2022-07-29 12:25:00+05:30,2022-07-29 12:30:00+05:30,2022-07-29 15:00:00+05:30,256.3,254.925,258.77500000000003,-0.1,EOD-
S882,ITC,2022-07-29 12:35:00+05:30,0.0098,-0.0381,0,,0.3853,14.29,0.1268,0,0.5532,,0,0,0,0,1,0,1,2022-07-29 12:35:00+05:30,2022-07-29 12:40:00+05:30,2022-07-29 15:00:00+05:30,256.05,254.8982142857143,258.1232142857143,0.15,EOD+
S883,ITC,2022-07-29 12:45:00+05:30,0.041,-0.0068,0,,0.8562,33.33,-0.4595,0,0.3922,0.0,6,1,0,1,0,6,7,2022-07-29 13:15:00+05:30,2022-07-29 13:20:00+05:30,2022-07-29 15:00:00+05:30,256.2,255.11964285714282,258.14464285714286,0.0,EOD-
S884,ITC,2022-07-29 13:25:00+05:30,-0.0127,-0.0127,0,,0.5284,11.11,0.5584,0,0.609,,0,0,0,1,1,0,1,2022-07-29 13:25:00+05:30,2022-07-29 13:30:00+05:30,2022-07-29 15:00:00+05:30,256.1,255.18928571428572,257.73928571428576,0.1,EOD+
S885,ITC,2022-07-29 13:35:00+05:30,0.002,-0.0234,0,,0.8109,11.11,-0.1453,0,0.8995,,0,0,1,0,1,0,1,2022-07-29 13:35:00+05:30,2022-07-29 13:40:00+05:30,2022-07-29 15:00:00+05:30,256.1,255.1982142857143,257.72321428571433,0.1,EOD+
S886,ITC,2022-07-29 13:45:00+05:30,-0.0039,0.0,0,,1.1121,36.36,-0.2941,0,0.7299,,0,1,0,0,1,0,1,2022-07-29 13:45:00+05:30,2022-07-29 13:50:00+05:30,2022-07-29 15:00:00+05:30,256.1,255.14464285714286,257.8196428571429,0.1,EOD+
S887,ITC,2022-07-29 14:05:00+05:30,0.0127,-0.002,2,2.0,0.1491,0.0,2.4783,0,1.3737,,0,0,0,1,1,0,1,2022-07-29 14:05:00+05:30,2022-07-29 14:10:00+05:30,2022-07-29 15:00:00+05:30,256.2,255.23571428571427,257.9357142857143,0.0,EOD-
S888,ITC,2022-07-29 14:15:00+05:30,0.0039,0.0078,0,,0.7785,14.29,-0.3277,0,0.9157,0.0,2,0,0,0,0,2,3,2022-07-29 14:25:00+05:30,2022-07-29 14:30:00+05:30,2022-07-29 15:00:00+05:30,256.2,255.24464285714282,257.9196428571429,0.0,EOD-
S889,ITC,2022-08-01 11:15:00+05:30,0.2092,0.221,24,18.0,0.2701,25.0,1.449,0,0.4457,,0,1,0,1,1,0,1,2022-08-01 11:15:00+05:30,2022-08-01 11:20:00+05:30,2022-08-01 13:35:00+05:30,259.55,258.41607142857146,261.5910714285714,2.0411,W
S890,ITC,2022-08-01 12:15:00+05:30,0.1461,0.1722,11,6.0,0.0718,87.5,-1.0,0,0.447,0.0,5,0,0,1,0,5,6,2022-08-01 12:40:00+05:30,2022-08-01 12:45:00+05:30,2022-08-01 14:20:00+05:30,260.2,259.15535714285716,262.08035714285705,-1.0446,L
S891,ITC,2022-08-01 12:50:00+05:30,0.0317,0.0442,0,,1.08,50.0,-0.5062,0,0.6075,1.0,2,0,0,1,0,2,3,2022-08-01 13:00:00+05:30,2022-08-01 13:05:00+05:30,2022-08-01 14:15:00+05:30,260.45,259.51250000000005,262.13749999999993,-0.9375,L
S892,ITC,2022-08-01 13:10:00+05:30,0.0461,0.0384,1,1.0,0.7071,37.5,0.0101,0,0.6478,,0,1,0,1,1,0,1,2022-08-01 13:10:00+05:30,2022-08-01 13:15:00+05:30,2022-08-01 14:15:00+05:30,260.3,259.42500000000007,261.87499999999994,-0.875,L
S893,ITC,2022-08-01 13:50:00+05:30,0.0422,0.024,6,3.0,0.2458,75.0,-0.1304,0,1.1732,1.0,2,0,0,1,0,2,3,2022-08-01 14:00:00+05:30,2022-08-01 14:05:00+05:30,2022-08-01 14:20:00+05:30,260.5,259.33035714285717,262.60535714285714,-1.1696,L
S894,ITC,2022-08-02 09:50:00+05:30,0.3418,,7,6.0,0.4404,74.19,-0.8507,0,0.932,0.0,1,1,0,0,0,1,2,2022-08-02 09:55:00+05:30,2022-08-02 10:00:00+05:30,2022-08-02 15:00:00+05:30,262.45,258.64642857142854,269.2964285714286,1.35,EOD+
S895,ITC,2022-08-02 10:20:00+05:30,0.2921,0.2868,3,3.0,0.1084,45.0,0.3158,0,0.3935,,0,0,0,0,1,0,1,2022-08-02 10:20:00+05:30,2022-08-02 10:25:00+05:30,2022-08-02 15:00:00+05:30,262.85,258.46607142857147,270.74107142857144,0.95,EOD+
S896,ITC,2022-08-02 10:30:00+05:30,0.2462,0.3093,0,,0.2355,58.33,-0.6364,0,0.2712,,0,0,1,0,1,0,1,2022-08-02 10:30:00+05:30,2022-08-02 10:35:00+05:30,2022-08-02 15:00:00+05:30,263.3,260.3803571428572,268.55535714285713,0.5,EOD+
S897,ITC,2022-08-02 10:45:00+05:30,0.2467,0.2462,0,,0.271,25.0,-0.7917,0,0.4115,1.0,9,0,0,1,0,9,10,2022-08-02 11:30:00+05:30,2022-08-02 11:35:00+05:30,2022-08-02 15:00:00+05:30,263.0,260.7857142857143,266.9857142857143,0.8,EOD+
S898,ITC,2022-08-02 11:40:00+05:30,-0.0029,-0.1236,0,,1.5519,25.0,-0.5804,0,1.6122,1.0,6,0,0,0,0,6,7,2022-08-02 12:10:00+05:30,2022-08-02 12:15:00+05:30,2022-08-02 12:35:00+05:30,262.8,261.6482142857143,264.8732142857143,-1.1518,L
S899,ITC,2022-08-02 12:20:00+05:30,-0.0504,-0.1028,0,,0.2722,81.82,-0.6429,0,1.3034,,0,0,0,0,1,0,1,2022-08-02 12:20:00+05:30,2022-08-02 12:25:00+05:30,2022-08-02 12:35:00+05:30,262.95,261.6642857142857,265.2642857142857,-1.2857,L
S900,ITC,2022-08-02 12:30:00+05:30,-0.0533,-0.0714,0,,0.3145,75.0,-0.6774,0,0.9793,1.0,4,1,0,1,0,4,5,2022-08-02 12:50:00+05:30,2022-08-02 12:55:00+05:30,2022-08-02 14:40:00+05:30,262.5,261.2678571428571,264.71785714285716,2.2179,W
S901,ITC,2022-08-02 13:10:00+05:30,-0.0152,-0.0648,3,1.0,0.0321,72.73,5.6667,0,0.7891,,0,1,1,0,1,0,1,2022-08-02 13:10:00+05:30,2022-08-02 13:15:00+05:30,2022-08-02 14:40:00+05:30,262.5,261.3303571428571,264.60535714285714,2.1054,W
S902,ITC,2022-08-02 13:20:00+05:30,-0.0095,-0.02,1,1.0,0.14,20.0,4.0,0,0.7649,,0,1,0,1,1,0,1,2022-08-02 13:20:00+05:30,2022-08-02 13:25:00+05:30,2022-08-02 14:40:00+05:30,262.7,261.6285714285714,264.62857142857143,1.9286,W
S903,ITC,2022-08-03 10:30:00+05:30,-0.4633,-0.4552,0,,2.9367,100.0,-1.0,0,0.6757,1.0,9,1,1,1,0,9,10,2022-08-03 11:15:00+05:30,2022-08-03 11:20:00+05:30,2022-08-03 15:00:00+05:30,258.75,256.875,262.125,2.2,EOD+
S904,ITC,2022-08-03 11:25:00+05:30,-0.0947,-0.3228,0,,0.3167,45.45,0.5789,0,0.5691,,0,1,0,0,1,0,1,2022-08-03 11:25:00+05:30,2022-08-03 11:30:00+05:30,2022-08-03 15:00:00+05:30,258.65,257.15,261.34999999999997,2.3,EOD+
S905,ITC,2022-08-03 12:10:00+05:30,0.0213,0.0222,8,6.0,0.5555,33.33,-0.0244,0,0.7637,1.0,1,0,0,0,0,1,2,2022-08-03 12:15:00+05:30,2022-08-03 12:20:00+05:30,2022-08-03 15:00:00+05:30,259.1,257.7160714285714,261.5910714285715,1.85,EOD+
S906,ITC,2022-08-03 13:15:00+05:30,0.0935,0.1243,11,4.0,0.0516,53.85,12.3333,0,1.2122,,0,1,0,0,1,0,1,2022-08-03 13:15:00+05:30,2022-08-03 13:20:00+05:30,2022-08-03 15:00:00+05:30,259.7,258.61071428571427,261.6607142857143,1.25,EOD+
S907,ITC,2022-08-04 09:15:00+05:30,,,0,,1.6144,60.53,-0.0625,0,2.0248,,0,0,0,0,1,0,1,2022-08-04 09:15:00+05:30,2022-08-04 09:20:00+05:30,2022-08-04 11:45:00+05:30,262.0,261.00892857142856,263.7839285714286,-0.9911,L
S908,ITC,2022-08-04 09:25:00+05:30,,,1,1.0,0.07,18.75,9.7692,0,1.4613,,0,1,1,0,1,0,1,2022-08-04 09:25:00+05:30,2022-08-04 09:30:00+05:30,2022-08-04 12:00:00+05:30,261.65,260.48928571428564,263.73928571428576,-1.1607,L
S909,ITC,2022-08-04 11:15:00+05:30,0.0772,0.123,21,6.0,0.2432,9.09,-0.0244,0,2.6069,,0,0,0,0,1,0,1,2022-08-04 11:15:00+05:30,2022-08-04 11:20:00+05:30,2022-08-04 11:30:00+05:30,262.3,261.24642857142857,264.1964285714286,-1.0536,L
S910,ITC,2022-08-04 11:25:00+05:30,0.061,0.0877,0,,1.6842,45.83,-0.8125,0,0.8864,0.0,9,1,0,0,0,9,10,2022-08-04 12:10:00+05:30,2022-08-04 12:15:00+05:30,2022-08-04 15:00:00+05:30,262.1,260.9125,264.23750000000007,0.15,EOD+
S911,ITC,2022-08-05 09:15:00+05:30,,,0,,0.1108,15.38,4.6,0,3.3589,,0,1,1,0,1,0,1,2022-08-05 09:15:00+05:30,2022-08-05 09:20:00+05:30,2022-08-05 15:00:00+05:30,262.6,261.18928571428575,265.13928571428573,0.45,EOD+
S912,ITC,2022-08-05 10:45:00+05:30,0.1262,0.1235,17,7.0,0.1858,66.67,0.3333,0,0.5504,,0,1,1,0,1,0,1,2022-08-05 10:45:00+05:30,2022-08-05 10:50:00+05:30,2022-08-05 15:00:00+05:30,263.45,262.4410714285714,265.2660714285714,-0.4,EOD-
S913,ITC,2022-08-05 10:55:00+05:30,0.1281,0.1253,0,,0.5526,0.0,-0.4667,0,0.33,0.0,1,1,0,1,0,1,2,2022-08-05 11:00:00+05:30,2022-08-05 11:05:00+05:30,2022-08-05 14:15:00+05:30,263.6,262.7517857142857,265.1267857142858,-0.8482,L
S914,ITC,2022-08-05 11:15:00+05:30,0.0408,0.1053,1,1.0,0.6667,20.0,-0.0,0,1.2448,1.0,9,1,0,0,0,9,10,2022-08-05 12:00:00+05:30,2022-08-05 12:05:00+05:30,2022-08-05 14:15:00+05:30,263.6,262.85,264.95000000000005,-0.75,L
S915,ITC,2022-08-05 12:40:00+05:30,0.0142,0.0171,7,5.0,0.4569,0.0,0.7021,0,3.9485,,0,0,0,0,1,0,1,2022-08-05 12:40:00+05:30,2022-08-05 12:45:00+05:30,2022-08-05 14:10:00+05:30,263.6,262.9571428571429,264.75714285714287,-0.6429,L
S916,ITC,2022-08-05 12:55:00+05:30,0.0019,0.0142,1,1.0,0.0556,16.67,3.0,0,0.7637,,0,0,0,1,1,0,1,2022-08-05 12:55:00+05:30,2022-08-05 13:00:00+05:30,2022-08-05 14:10:00+05:30,263.55,262.9875,264.5625,-0.5625,L
S917,ITC,2022-08-05 13:05:00+05:30,-0.0095,0.0047,0,,1.5264,37.5,-0.7452,0,1.128,1.0,5,0,0,0,0,5,6,2022-08-05 13:30:00+05:30,2022-08-05 13:35:00+05:30,2022-08-05 14:10:00+05:30,263.6,262.9571428571429,264.75714285714287,-0.6429,L
S918,ITC,2022-08-05 13:40:00+05:30,0.0199,0.0019,0,,0.5082,25.0,0.1321,0,0.9582,,0,0,0,0,1,0,1,2022-08-05 13:40:00+05:30,2022-08-05 13:45:00+05:30,2022-08-05 14:15:00+05:30,263.6,262.9482142857143,264.77321428571435,-0.6518,L
S919,ITC,2022-08-08 09:15:00+05:30,,,0,,0.8337,76.92,-0.6226,0,1.0798,1.0,2,0,0,0,0,2,3,2022-08-08 09:25:00+05:30,2022-08-08 09:30:00+05:30,2022-08-08 12:20:00+05:30,263.8,263.0053571428572,265.23035714285714,1.4304,W
S920,ITC,2022-08-08 11:40:00+05:30,0.0652,0.0841,26,14.0,0.0339,75.0,-1.0,0,0.4714,1.0,1,0,0,1,0,1,2,2022-08-08 11:45:00+05:30,2022-08-08 11:50:00+05:30,2022-08-08 14:15:00+05:30,264.8,264.2464285714286,265.7964285714286,0.9964,W
S921,ITC,2022-08-08 11:55:00+05:30,0.0378,0.0652,0,,0.5281,0.0,-0.5349,0,0.9404,1.0,1,0,1,0,0,1,2,2022-08-08 12:00:00+05:30,2022-08-08 12:05:00+05:30,2022-08-08 14:15:00+05:30,265.0,264.49107142857144,265.9160714285714,0.9161,W
S922,ITC,2022-08-08 12:10:00+05:30,0.0151,0.0378,0,,0.5645,57.14,-0.2,0,0.9576,,0,1,0,1,1,0,1,2022-08-08 12:10:00+05:30,2022-08-08 12:15:00+05:30,2022-08-08 14:15:00+05:30,265.0,264.4464285714286,265.99642857142857,0.9964,W
S923,ITC,2022-08-08 13:20:00+05:30,0.0518,0.0556,13,6.0,0.1322,28.57,2.5294,0,0.7438,,0,1,0,0,1,0,1,2022-08-08 13:20:00+05:30,2022-08-08 13:25:00+05:30,2022-08-08 15:00:00+05:30,265.3,264.49642857142857,266.7464285714286,-0.05,EOD-
S924,ITC,2022-08-08 13:40:00+05:30,0.0565,0.05,2,2.0,0.1978,0.0,0.5385,0,0.6626,,0,0,0,1,1,0,1,2022-08-08 13:40:00+05:30,2022-08-08 13:45:00+05:30,2022-08-08 15:00:00+05:30,265.25,264.4285714285714,266.72857142857146,0.0,EOD-
S925,ITC,2022-08-08 13:50:00+05:30,0.049,0.0556,0,,0.6667,33.33,-0.5,0,0.8815,1.0,1,1,1,1,0,1,2,2022-08-08 13:55:00+05:30,2022-08-08 14:00:00+05:30,2022-08-08 15:00:00+05:30,265.45,264.7,266.8,-0.2,EOD-
S926,ITC,2022-08-08 14:25:00+05:30,0.0283,0.0226,4,2.0,0.1878,14.29,2.6364,0,0.9255,,0,0,0,1,1,0,1,2022-08-08 14:25:00+05:30,2022-08-08 14:30:00+05:30,2022-08-08 15:00:00+05:30,265.6,264.86785714285713,266.9178571428572,-0.35,EOD-
S927,ITC,2022-08-10 09:15:00+05:30,,,0,,2.52,31.25,-0.3889,0,1.4128,0.0,1,0,1,0,0,1,2,2022-08-10 09:20:00+05:30,2022-08-10 09:25:00+05:30,2022-08-10 11:55:00+05:30,265.55,264.65714285714284,267.15714285714284,-0.8929,L
S928,ITC,2022-08-10 09:30:00+05:30,,,0,,1.3198,76.92,-0.7571,0,0.5061,0.0,2,0,0,1,0,2,3,2022-08-10 09:40:00+05:30,2022-08-10 09:45:00+05:30,2022-08-10 12:05:00+05:30,265.7,264.53035714285716,267.8053571428571,-1.1696,L
S929,ITC,2022-08-10 09:50:00+05:30,-0.0386,,0,,0.462,55.56,-0.596,0,0.9534,,0,0,0,0,1,0,1,2022-08-10 09:50:00+05:30,2022-08-10 09:55:00+05:30,2022-08-10 13:00:00+05:30,265.3,263.9607142857143,267.7107142857143,-1.3393,L
S930,ITC,2022-08-10 10:00:00+05:30,-0.0273,-0.0367,0,,0.4181,50.0,-0.7753,0,1.8463,1.0,1,0,0,0,0,1,2,2022-08-10 10:05:00+05:30,2022-08-10 10:10:00+05:30,2022-08-10 12:40:00+05:30,265.5,264.1696428571429,267.8946428571428,-1.3304,L
S931,ITC,2022-08-10 10:15:00+05:30,-0.0094,-0.0273,0,,0.3038,28.57,-0.7101,0,0.5232,1.0,3,0,1,0,0,3,4,2022-08-10 10:30:00+05:30,2022-08-10 10:35:00+05:30,2022-08-10 12:40:00+05:30,265.45,264.03035714285716,268.00535714285706,-1.4196,L
S932,ITC,2022-08-10 10:40:00+05:30,0.0019,-0.0028,0,,0.1871,42.86,-0.3548,0,0.2853,1.0,1,1,0,0,0,1,2,2022-08-10 10:45:00+05:30,2022-08-10 10:50:00+05:30,2022-08-10 12:40:00+05:30,265.2,264.1642857142857,267.0642857142857,-1.0357,L
S933,ITC,2022-08-10 10:55:00+05:30,0.0151,0.0019,0,,0.3128,50.0,-0.5238,0,0.3423,1.0,1,0,0,1,0,1,2,2022-08-10 11:00:00+05:30,2022-08-10 11:05:00+05:30,2022-08-10 12:05:00+05:30,265.25,264.4107142857143,266.76071428571424,-0.8393,L
S934,ITC,2022-08-10 11:25:00+05:30,-0.0104,0.0085,0,,1.3455,100.0,-1.0,0,1.6488,1.0,9,1,0,0,0,9,10,2022-08-10 12:10:00+05:30,2022-08-10 12:15:00+05:30,2022-08-10 12:40:00+05:30,265.1,264.4125,266.3375000000001,-0.6875,L
S935,ITC,2022-08-10 12:20:00+05:30,-0.0321,-0.0472,0,,0.2476,57.14,0.3793,0,1.1035,,0,1,0,1,1,0,1,2022-08-10 12:20:00+05:30,2022-08-10 12:25:00+05:30,2022-08-10 12:40:00+05:30,265.1,264.36785714285713,266.41785714285726,-0.7321,L
S936,ITC,2022-08-10 13:25:00+05:30,-0.0822,-0.0954,0,,1.8228,44.44,-0.6198,0,0.8276,0.0,9,1,1,1,0,9,10,2022-08-10 14:10:00+05:30,2022-08-10 14:15:00+05:30,2022-08-10 14:40:00+05:30,264.4,263.49821428571425,266.0232142857143,-0.9018,L
S937,ITC,2022-08-11 09:20:00+05:30,,,1,1.0,0.011,46.15,19.0,0,1.0619,,0,0,0,0,1,0,1,2022-08-11 09:20:00+05:30,2022-08-11 09:25:00+05:30,2022-08-11 10:20:00+05:30,264.0,262.8660714285714,266.04107142857146,-1.1339,L
S938,ITC,2022-08-11 09:30:00+05:30,,,0,,0.2688,55.56,-0.6226,0,0.6,,0,1,0,0,1,0,1,2022-08-11 09:30:00+05:30,2022-08-11 09:35:00+05:30,2022-08-11 10:20:00+05:30,264.05,262.8178571428571,266.26785714285717,-1.2321,L
S939,ITC,2022-08-11 09:40:00+05:30,-0.0284,,1,1.0,0.5809,38.46,0.1966,0,0.6857,,0,1,0,0,1,0,1,2022-08-11 09:40:00+05:30,2022-08-11 09:45:00+05:30,2022-08-11 11:00:00+05:30,263.9,262.6410714285714,266.1660714285714,-1.2589,L
S940,ITC,2022-08-12 09:15:00+05:30,,,0,,1.97,22.73,-0.2893,0,0.6343,0.0,7,1,1,1,0,7,8,2022-08-12 09:50:00+05:30,2022-08-12 09:55:00+05:30,2022-08-12 11:00:00+05:30,259.15,257.9,261.3999999999999,2.25,W
S941,ITC,2022-08-12 11:45:00+05:30,0.1475,0.2981,21,9.0,0.4287,63.64,-0.2405,0,1.218,1.0,3,0,0,0,0,3,4,2022-08-12 12:00:00+05:30,2022-08-12 12:05:00+05:30,2022-08-12 15:00:00+05:30,261.45,260.29821428571427,263.5232142857143,-0.65,EOD-
S942,ITC,2022-08-12 12:10:00+05:30,0.0718,0.069,1,1.0,0.2204,20.0,0.7647,0,0.3344,,0,0,0,1,1,0,1,2022-08-12 12:10:00+05:30,2022-08-12 12:15:00+05:30,2022-08-12 15:00:00+05:30,261.25,260.2857142857143,262.98571428571427,-0.45,EOD-
S943,ITC,2022-08-12 12:20:00+05:30,0.0794,0.0661,1,1.0,0.042,80.0,2.3333,0,0.7088,,0,1,0,1,1,0,1,2022-08-12 12:20:00+05:30,2022-08-12 12:25:00+05:30,2022-08-12 14:55:00+05:30,261.45,260.5571428571429,263.0571428571428,-0.8929,L
S944,ITC,2022-08-12 12:50:00+05:30,0.0516,0.0899,5,2.0,0.294,0.0,2.3333,0,0.719,,0,1,0,1,1,0,1,2022-08-12 12:50:00+05:30,2022-08-12 12:55:00+05:30,2022-08-12 14:55:00+05:30,261.65,260.75714285714287,263.2571428571428,-0.8929,L
S945,ITC,2022-08-12 13:20:00+05:30,0.0201,0.0182,5,5.0,0.5807,0.0,0.6438,0,0.6875,,0,0,0,0,1,0,1,2022-08-12 13:20:00+05:30,2022-08-12 13:25:00+05:30,2022-08-12 14:45:00+05:30,261.6,260.81428571428575,263.01428571428573,-0.7857,L
S946,ITC,2022-08-12 13:30:00+05:30,0.044,0.0229,0,,0.7811,28.57,-0.2453,0,1.0843,1.0,3,0,1,0,0,3,4,2022-08-12 13:45:00+05:30,2022-08-12 13:50:00+05:30,2022-08-12 14:45:00+05:30,261.7,260.8517857142857,263.22678571428565,-0.8482,L
S947,ITC,2022-08-12 13:55:00+05:30,0.0287,0.0507,0,,1.575,0.0,-0.3519,0,0.9315,0.0,3,0,0,0,0,3,4,2022-08-12 14:10:00+05:30,2022-08-12 14:15:00+05:30,2022-08-12 14:45:00+05:30,261.7,260.84285714285716,263.2428571428571,-0.8571,L
S948,ITC,2022-08-12 14:20:00+05:30,-0.0105,0.0143,0,,0.6538,50.0,-0.7647,0,1.2811,1.0,2,0,0,0,0,2,3,2022-08-12 14:30:00+05:30,2022-08-12 14:35:00+05:30,2022-08-12 14:45:00+05:30,261.7,260.8875,263.16249999999997,-0.8125,L
S949,ITC,2022-08-16 09:15:00+05:30,,,0,,0.1736,88.46,-1.0,0,4.3362,,0,1,0,0,1,0,1,2022-08-16 09:15:00+05:30,2022-08-16 09:20:00+05:30,2022-08-16 15:00:00+05:30,262.4,261.2482142857143,264.4732142857142,0.3,EOD+
S950,ITC,2022-08-16 11:00:00+05:30,0.168,0.2004,20,5.0,0.6548,44.44,0.1494,0,0.5093,,0,1,0,0,1,0,1,2022-08-16 11:00:00+05:30,2022-08-16 11:05:00+05:30,2022-08-16 14:05:00+05:30,263.45,262.6196428571428,264.94464285714287,-0.8304,L
S951,ITC,2022-08-16 11:10:00+05:30,0.1101,0.1908,0,,0.6103,0.0,0.1765,0,0.3657,,0,0,0,1,1,0,1,2022-08-16 11:10:00+05:30,2022-08-16 11:15:00+05:30,2022-08-16 13:10:00+05:30,263.5,262.80357142857144,264.75357142857143,-0.6964,L
S952,ITC,2022-08-16 11:35:00+05:30,0.0085,0.0361,0,,0.691,25.0,-0.7403,0,0.4455,0.0,9,0,0,1,0,9,10,2022-08-16 12:20:00+05:30,2022-08-16 12:25:00+05:30,2022-08-16 13:10:00+05:30,263.4,262.7035714285714,264.6535714285714,-0.6964,L
S953,ITC,2022-08-16 12:30:00+05:30,-0.0199,-0.0323,0,,0.2053,66.67,-1.0,0,0.4263,,0,0,0,1,1,0,1,2022-08-16 12:30:00+05:30,2022-08-16 12:35:00+05:30,2022-08-16 13:10:00+05:30,263.4,262.73035714285714,264.6053571428571,-0.6696,L
S954,ITC,2022-08-16 12:40:00+05:30,-0.0171,-0.0152,0,,0.1458,33.33,0.3333,0,0.5571,,0,0,0,1,1,0,1,2022-08-16 12:40:00+05:30,2022-08-16 12:45:00+05:30,2022-08-16 13:10:00+05:30,263.4,262.75714285714287,264.55714285714276,-0.6429,L
S955,ITC,2022-08-17 10:20:00+05:30,0.1543,0.163,13,11.0,0.3352,25.0,0.7647,0,0.632,,0,0,0,0,1,0,1,2022-08-17 10:20:00+05:30,2022-08-17 10:25:00+05:30,2022-08-17 15:00:00+05:30,264.2,262.9321428571428,266.4821428571429,0.65,EOD+
S956,ITC,2022-08-17 10:30:00+05:30,0.1504,0.1553,1,1.0,0.4737,85.71,-0.403,0,0.9532,,0,0,0,0,1,0,1,2022-08-17 10:30:00+05:30,2022-08-17 10:35:00+05:30,2022-08-17 15:00:00+05:30,264.7,263.8160714285714,266.29107142857146,0.15,EOD+
S957,ITC,2022-08-17 10:55:00+05:30,0.1219,0.1485,4,4.0,0.641,66.67,-0.4737,0,0.3454,0.0,3,0,0,1,0,3,4,2022-08-17 11:10:00+05:30,2022-08-17 11:15:00+05:30,2022-08-17 15:00:00+05:30,264.65,263.90892857142853,265.9839285714286,0.2,EOD+
S958,ITC,2022-08-17 11:20:00+05:30,-0.0265,0.0435,0,,0.28,0.0,-0.2857,0,0.6121,0.0,5,0,0,1,0,5,6,2022-08-17 11:45:00+05:30,2022-08-17 11:50:00+05:30,2022-08-17 15:00:00+05:30,264.5,263.875,265.62500000000006,0.35,EOD+
S959,ITC,2022-08-17 11:55:00+05:30,0.0151,-0.0085,0,,1.4356,25.0,-0.1736,0,1.5682,,0,0,0,0,1,0,1,2022-08-17 11:55:00+05:30,2022-08-17 12:00:00+05:30,2022-08-17 15:00:00+05:30,264.55,264.0232142857143,265.49821428571425,0.3,EOD+
S960,ITC,2022-08-17 12:05:00+05:30,0.0321,0.0113,0,,0.2254,60.0,1.1053,0,0.7591,,0,0,0,1,1,0,1,2022-08-17 12:05:00+05:30,2022-08-17 12:10:00+05:30,2022-08-17 15:00:00+05:30,264.75,264.2232142857143,265.6982142857143,0.1,EOD+
S961,ITC,2022-08-17 12:15:00+05:30,0.017,0.0217,1,1.0,0.1607,80.0,0.4286,0,0.7967,,0,0,1,1,1,0,1,2022-08-17 12:15:00+05:30,2022-08-17 12:20:00+05:30,2022-08-17 15:00:00+05:30,264.6,264.0553571428572,265.58035714285717,0.25,EOD+
S962,ITC,2022-08-17 12:25:00+05:30,0.0,0.0255,0,,0.2925,66.67,-0.2857,0,1.1832,,0,0,1,0,1,0,1,2022-08-17 12:25:00+05:30,2022-08-17 12:30:00+05:30,2022-08-17 15:00:00+05:30,264.75,264.1517857142857,265.8267857142857,0.1,EOD+
S963,ITC,2022-08-17 12:50:00+05:30,0.0151,-0.0047,4,3.0,0.2435,0.0,3.1667,0,1.0751,,0,0,1,0,1,0,1,2022-08-17 12:50:00+05:30,2022-08-17 12:55:00+05:30,2022-08-17 15:00:00+05:30,264.8,264.18392857142857,265.9089285714286,0.05,EOD+
S964,ITC,2022-08-17 13:00:00+05:30,0.0189,0.0132,1,1.0,0.1338,60.0,2.0769,0,0.7144,,0,1,1,0,1,0,1,2022-08-17 13:00:00+05:30,2022-08-17 13:05:00+05:30,2022-08-17 15:00:00+05:30,264.7,264.0928571428571,265.79285714285714,0.15,EOD+
S965,ITC,2022-08-17 13:10:00+05:30,0.018,0.0208,0,,0.647,85.71,-1.0,0,0.9284,1.0,1,1,0,0,0,1,2,2022-08-17 13:15:00+05:30,2022-08-17 13:20:00+05:30,2022-08-17 15:00:00+05:30,264.5,263.9107142857143,265.5607142857143,0.35,EOD+
S966,ITC,2022-08-17 13:30:00+05:30,0.0198,0.0227,1,1.0,0.8217,40.0,-0.5062,0,0.7696,0.0,1,0,0,0,0,1,2,2022-08-17 13:35:00+05:30,2022-08-17 13:40:00+05:30,2022-08-17 15:00:00+05:30,264.75,264.13392857142856,265.8589285714286,0.1,EOD+
S967,ITC,2022-08-17 13:45:00+05:30,0.0085,0.0198,1,1.0,1.1182,66.67,-0.6748,0,0.648,0.0,2,0,0,1,0,2,3,2022-08-17 13:55:00+05:30,2022-08-17 14:00:00+05:30,2022-08-17 15:00:00+05:30,264.7,264.0125,265.9375,0.15,EOD+
S968,ITC,2022-08-17 14:05:00+05:30,-0.0057,0.0009,0,,0.8193,75.0,-0.8058,0,1.2123,,0,0,0,0,1,0,1,2022-08-17 14:05:00+05:30,2022-08-17 14:10:00+05:30,2022-08-17 15:00:00+05:30,264.75,263.9642857142857,266.16428571428577,0.1,EOD+
S969,ITC,2022-08-17 14:15:00+05:30,0.0038,-0.0028,0,,0.3422,40.0,-0.0909,0,1.2519,,0,1,0,1,1,0,1,2022-08-17 14:15:00+05:30,2022-08-17 14:20:00+05:30,2022-08-17 15:00:00+05:30,264.75,263.94642857142856,266.1964285714286,0.1,EOD+
S970,ITC,2022-08-17 14:30:00+05:30,0.0066,0.0038,2,2.0,0.2471,33.33,0.3333,0,0.8086,,0,0,0,0,1,0,1,2022-08-17 14:30:00+05:30,2022-08-17 14:35:00+05:30,2022-08-17 15:00:00+05:30,264.6,263.84107142857147,265.96607142857147,0.25,EOD+
S971,ITC,2022-08-18 10:25:00+05:30,0.1531,0.1843,14,13.0,0.42,37.5,-0.596,0,0.4926,0.0,7,0,0,1,0,7,8,2022-08-18 11:00:00+05:30,2022-08-18 11:05:00+05:30,2022-08-18 15:00:00+05:30,266.5,265.02678571428567,269.1517857142858,0.85,EOD+
S972,ITC,2022-08-18 11:30:00+05:30,-0.0216,-0.0422,0,,1.0333,71.43,-0.8387,0,1.0558,0.0,9,1,0,1,0,9,10,2022-08-18 12:15:00+05:30,2022-08-18 12:20:00+05:30,2022-08-18 15:00:00+05:30,266.3,265.55,267.65000000000003,1.05,EOD+
S973,ITC,2022-08-18 14:00:00+05:30,0.0581,0.0685,20,17.0,0.1355,25.0,4.0,0,0.7973,,0,0,1,0,1,0,1,2022-08-18 14:00:00+05:30,2022-08-18 14:05:00+05:30,2022-08-18 15:00:00+05:30,266.85,266.2964285714285,267.8464285714287,0.5,EOD+
S974,ITC,2022-08-18 14:10:00+05:30,0.0319,0.0666,0,,0.181,75.0,-1.0,0,0.6597,,0,0,1,1,1,0,1,2022-08-18 14:10:00+05:30,2022-08-18 14:15:00+05:30,2022-08-18 15:00:00+05:30,266.85,266.3321428571428,267.782142857143,0.5,EOD+
S975,ITC,2022-08-18 14:25:00+05:30,0.0094,0.0319,2,2.0,0.2906,0.0,-0.0909,0,2.5156,1.0,1,0,0,1,0,1,2,2022-08-18 14:30:00+05:30,2022-08-18 14:35:00+05:30,2022-08-18 15:00:00+05:30,266.95,266.4767857142856,267.80178571428587,0.4,EOD+
S976,ITC,2022-08-19 09:45:00+05:30,-0.0309,,0,,1.7837,63.64,-0.7674,0,1.1004,1.0,9,0,0,0,0,9,10,2022-08-19 10:30:00+05:30,2022-08-19 10:35:00+05:30,2022-08-19 11:35:00+05:30,266.85,265.64464285714286,269.01964285714286,-1.2054,L
S977,ITC,2022-08-19 10:40:00+05:30,-0.0656,-0.0431,0,,0.227,16.67,0.1111,0,0.5438,,0,0,0,0,1,0,1,2022-08-19 10:40:00+05:30,2022-08-19 10:45:00+05:30,2022-08-19 11:35:00+05:30,266.7,265.70892857142854,268.4839285714286,-0.9911,L
S978,ITC,2022-08-19 10:50:00+05:30,-0.0638,-0.0656,0,,0.1021,50.0,1.8571,0,0.3383,,0,0,0,1,1,0,1,2022-08-19 10:50:00+05:30,2022-08-19 10:55:00+05:30,2022-08-19 11:25:00+05:30,266.8,265.9428571428571,268.34285714285716,-0.8571,L
S979,ITC,2022-08-19 11:05:00+05:30,-0.0075,-0.0638,2,1.0,0.4,0.0,1.0833,0,1.7261,,0,0,0,0,1,0,1,2022-08-19 11:05:00+05:30,2022-08-19 11:10:00+05:30,2022-08-19 11:25:00+05:30,266.65,265.9,268.0,-0.75,L
S980,ITC,2022-08-19 12:15:00+05:30,-0.0817,-0.0572,0,,1.9542,41.67,-1.0,0,0.4509,0.0,9,1,0,1,0,9,10,2022-08-19 13:00:00+05:30,2022-08-19 13:05:00+05:30,2022-08-19 13:50:00+05:30,265.75,264.67857142857144,267.67857142857144,-1.0714,L
S981,ITC,2022-08-19 13:10:00+05:30,-0.0555,-0.1139,1,1.0,0.4986,71.43,-0.2308,0,0.621,0.0,4,0,1,1,0,4,5,2022-08-19 13:30:00+05:30,2022-08-19 13:35:00+05:30,2022-08-19 13:50:00+05:30,265.75,264.44642857142856,268.0964285714286,-1.3036,L
S982,ITC,2022-08-22 09:15:00+05:30,,,0,,1.7342,91.89,-0.8958,0,1.4251,,0,1,1,1,1,0,1,2022-08-22 09:15:00+05:30,2022-08-22 09:20:00+05:30,2022-08-22 09:50:00+05:30,265.35,263.96607142857147,267.8410714285714,2.4911,W
S983,ITC,2022-08-22 10:55:00+05:30,0.2808,0.2897,19,9.0,0.1706,63.64,0.6667,0,0.3333,,0,1,1,1,1,0,1,2022-08-22 10:55:00+05:30,2022-08-22 11:00:00+05:30,2022-08-22 15:00:00+05:30,267.2,265.44107142857143,270.36607142857144,-0.55,EOD-
S984,ITC,2022-08-22 11:05:00+05:30,0.2329,0.3071,0,,0.1793,36.36,0.9048,0,0.3811,,0,0,0,0,1,0,1,2022-08-22 11:05:00+05:30,2022-08-22 11:10:00+05:30,2022-08-22 15:00:00+05:30,267.25,265.7857142857143,269.8857142857143,-1.4643,L
S985,ITC,2022-08-22 11:15:00+05:30,0.1711,0.2583,0,,0.3597,0.0,-0.7297,0,1.2703,1.0,6,0,1,1,0,6,7,2022-08-22 11:45:00+05:30,2022-08-22 11:50:00+05:30,2022-08-22 12:05:00+05:30,267.7,266.4142857142857,270.01428571428573,-1.2857,L
S986,ITC,2022-08-22 12:00:00+05:30,-0.0458,-0.0224,0,,1.073,41.67,-0.7425,0,0.3103,0.0,9,0,0,0,0,9,10,2022-08-22 12:45:00+05:30,2022-08-22 12:50:00+05:30,2022-08-22 15:00:00+05:30,266.95,265.59285714285716,269.3928571428571,-0.3,EOD-
S987,ITC,2022-08-22 12:55:00+05:30,-0.0478,-0.0637,0,,1.0661,72.73,-0.759,0,0.6458,1.0,2,1,1,1,0,2,3,2022-08-22 13:05:00+05:30,2022-08-22 13:10:00+05:30,2022-08-22 15:00:00+05:30,266.95,265.97678571428565,268.70178571428585,-0.9732,L
S988,ITC,2022-08-22 13:45:00+05:30,0.0075,-0.0047,7,2.0,0.175,77.78,-0.1304,0,0.7107,0.0,1,1,0,1,0,1,2,2022-08-22 13:50:00+05:30,2022-08-22 13:55:00+05:30,2022-08-22 15:00:00+05:30,267.1,266.2785714285714,268.57857142857154,-0.8214,L
S989,ITC,2022-08-22 14:30:00+05:30,0.0496,0.0515,6,5.0,0.1385,37.5,3.4444,0,1.7458,,0,0,0,0,1,0,1,2022-08-22 14:30:00+05:30,2022-08-22 14:35:00+05:30,2022-08-22 15:00:00+05:30,267.3,266.4875,268.7625,-0.8125,L
S990,ITC,2022-08-23 09:15:00+05:30,,,0,,3.5,28.21,-0.815,0,1.3268,0.0,3,0,0,0,0,3,4,2022-08-23 09:30:00+05:30,2022-08-23 09:35:00+05:30,2022-08-23 10:40:00+05:30,267.15,265.6053571428571,269.93035714285713,-1.5446,L
S991,ITC,2022-08-23 09:40:00+05:30,-0.0637,,0,,0.0553,33.33,2.5294,0,0.7963,,0,1,0,0,1,0,1,2022-08-23 09:40:00+05:30,2022-08-23 09:45:00+05:30,2022-08-23 15:00:00+05:30,266.8,264.8803571428571,270.2553571428572,0.8,EOD+
S992,ITC,2022-08-23 10:10:00+05:30,-0.0366,-0.0347,4,2.0,0.4316,84.21,-1.0,0,0.7138,0.0,2,0,0,0,0,2,3,2022-08-23 10:20:00+05:30,2022-08-23 10:25:00+05:30,2022-08-23 15:00:00+05:30,266.65,264.81071428571425,269.96071428571423,0.95,EOD+
S993,ITC,2022-08-23 10:30:00+05:30,-0.0113,-0.046,0,,0.3258,33.33,-0.4595,0,0.3269,,0,0,1,1,1,0,1,2022-08-23 10:30:00+05:30,2022-08-23 10:35:00+05:30,2022-08-23 10:50:00+05:30,266.65,265.23035714285714,269.2053571428571,-1.4196,L
S994,ITC,2022-08-23 10:45:00+05:30,-0.0169,-0.0113,0,,2.3286,35.71,-0.9182,0,0.8339,1.0,9,0,0,0,0,9,10,2022-08-23 11:30:00+05:30,2022-08-23 11:35:00+05:30,2022-08-23 15:00:00+05:30,266.25,264.9375,268.61249999999995,1.35,EOD+
S995,ITC,2022-08-23 11:40:00+05:30,-0.0883,-0.1052,1,1.0,0.3065,90.0,-0.7015,0,0.6076,1.0,1,1,0,1,0,1,2,2022-08-23 11:45:00+05:30,2022-08-23 11:50:00+05:30,2022-08-23 15:00:00+05:30,266.0,264.6339285714286,268.45892857142854,1.6,EOD+
S996,ITC,2022-08-23 13:15:00+05:30,0.0572,0.0967,16,8.0,0.0795,0.0,11.0,0,2.3019,,0,1,0,0,1,0,1,2022-08-23 13:15:00+05:30,2022-08-23 13:20:00+05:30,2022-08-23 15:00:00+05:30,266.7,265.91428571428565,268.11428571428576,0.9,EOD+
S997,ITC,2022-08-24 09:15:00+05:30,,,0,,0.4449,64.52,-1.0,0,5.2343,,0,0,0,0,1,0,1,2022-08-24 09:15:00+05:30,2022-08-24 09:20:00+05:30,2022-08-24 09:30:00+05:30,269.45,268.3964285714286,271.3464285714285,-1.0536,L
S998,ITC,2022-08-24 09:55:00+05:30,0.0914,0.1194,7,7.0,0.8825,58.82,-0.4737,0,0.341,0.0,1,0,1,1,0,1,2,2022-08-24 10:00:00+05:30,2022-08-24 10:05:00+05:30,2022-08-24 14:10:00+05:30,268.35,266.46607142857147,271.7410714285714,-1.8839,L
S999,ITC,2022-08-24 10:40:00+05:30,0.1098,0.1043,6,5.0,0.1652,33.33,0.5789,0,0.1949,,0,1,0,1,1,0,1,2022-08-24 10:40:00+05:30,2022-08-24 10:45:00+05:30,2022-08-24 13:25:00+05:30,268.65,267.2125,271.23749999999995,-1.4375,L
S1000,ITC,2022-08-24 10:50:00+05:30,0.1079,0.1173,0,,0.0345,50.0,4.7143,0,0.209,,0,0,0,1,1,0,1,2022-08-24 10:50:00+05:30,2022-08-24 10:55:00+05:30,2022-08-24 12:55:00+05:30,269.0,267.73214285714283,271.28214285714284,-1.2679,L
S1001,ITC,2022-08-24 11:00:00+05:30,0.0437,0.1061,1,1.0,0.2464,14.29,1.2727,0,0.3371,,0,0,0,1,1,0,1,2022-08-24 11:00:00+05:30,2022-08-24 11:05:00+05:30,2022-08-24 12:55:00+05:30,268.85,267.7339285714286,270.8589285714286,-1.1161,L
S1002,ITC,2022-08-24 11:20:00+05:30,-0.0019,0.0279,2,1.0,0.084,20.0,4.0,0,1.4273,,0,0,0,0,1,0,1,2022-08-24 11:20:00+05:30,2022-08-24 11:25:00+05:30,2022-08-24 12:00:00+05:30,268.8,267.90714285714284,270.40714285714284,-0.8929,L
S1003,ITC,2022-08-24 11:30:00+05:30,-0.0009,-0.0112,0,,1.309,50.0,-0.893,0,0.7316,1.0,8,0,0,1,0,8,9,2022-08-24 12:10:00+05:30,2022-08-24 12:15:00+05:30,2022-08-24 12:55:00+05:30,268.6,267.70714285714286,270.20714285714286,-0.8929,L
S1004,ITC,2022-08-24 12:20:00+05:30,-0.0363,-0.0335,0,,1.2165,12.5,-0.3296,0,1.1351,1.0,1,0,0,0,0,1,2,2022-08-24 12:25:00+05:30,2022-08-24 12:30:00+05:30,2022-08-24 12:55:00+05:30,268.6,267.68035714285713,270.25535714285724,-0.9196,L
S1005,ITC,2022-08-24 12:35:00+05:30,-0.0261,-0.0363,0,,0.3021,20.0,-0.0244,0,0.7769,,0,0,1,1,1,0,1,2022-08-24 12:35:00+05:30,2022-08-24 12:40:00+05:30,2022-08-24 12:55:00+05:30,268.65,267.80178571428564,270.17678571428576,-0.8482,L
S1006,ITC,2022-08-25 09:15:00+05:30,,,0,,0.5273,69.57,-0.469,0,0.6866,0.0,1,0,0,0,0,1,2,2022-08-25 09:20:00+05:30,2022-08-25 09:25:00+05:30,2022-08-25 14:35:00+05:30,267.15,265.81071428571425,269.56071428571425,-1.3393,L
S1007,ITC,2022-08-25 10:35:00+05:30,0.0926,0.0964,13,7.0,0.0,85.71,,1,0.4251,,0,0,0,0,1,0,1,2022-08-25 10:35:00+05:30,2022-08-25 10:40:00+05:30,2022-08-25 12:45:00+05:30,267.3,266.47857142857146,268.7785714285714,-0.8214,L
S1008,ITC,2022-08-25 10:45:00+05:30,0.1113,0.0945,0,,1.0073,60.0,-0.661,0,0.9549,1.0,3,0,0,0,0,3,4,2022-08-25 11:00:00+05:30,2022-08-25 11:05:00+05:30,2022-08-25 12:20:00+05:30,267.6,266.86785714285713,268.9178571428572,-0.7321,L
S1009,ITC,2022-08-25 11:10:00+05:30,0.0701,0.1159,0,,0.6309,40.0,-0.726,0,1.1342,1.0,7,0,0,0,0,7,8,2022-08-25 11:45:00+05:30,2022-08-25 11:50:00+05:30,2022-08-25 12:25:00+05:30,267.4,266.6767857142857,268.70178571428573,-0.7232,L
S1010,ITC,2022-08-25 12:35:00+05:30,-0.0505,-0.0412,0,,2.2358,66.67,-0.9065,0,0.9014,0.0,9,0,0,1,0,9,10,2022-08-25 13:20:00+05:30,2022-08-25 13:25:00+05:30,2022-08-25 14:30:00+05:30,266.95,266.3517857142857,268.02678571428567,-0.5982,L
S1011,ITC,2022-08-25 13:30:00+05:30,-0.0309,-0.0281,0,,0.8041,50.0,-0.2941,0,0.8596,1.0,2,1,1,0,0,2,3,2022-08-25 13:40:00+05:30,2022-08-25 13:45:00+05:30,2022-08-25 14:30:00+05:30,266.95,266.2892857142857,268.13928571428573,-0.6607,L
S1012,ITC,2022-08-25 13:50:00+05:30,-0.0309,-0.0337,0,,0.2053,60.0,-0.0909,0,0.6687,0.0,1,1,0,1,0,1,2,2022-08-25 13:55:00+05:30,2022-08-25 14:00:00+05:30,2022-08-25 14:30:00+05:30,266.95,266.2803571428571,268.15535714285716,-0.6696,L
S1013,ITC,2022-08-25 14:05:00+05:30,-0.0037,-0.0309,0,,0.2716,40.0,1.3077,0,1.1163,,0,1,1,1,1,0,1,2022-08-25 14:05:00+05:30,2022-08-25 14:10:00+05:30,2022-08-25 14:30:00+05:30,267.0,266.4017857142857,268.0767857142857,-0.5982,L
S1014,ITC,2022-08-26 09:15:00+05:30,,,0,,0.1067,46.43,1.9412,0,1.9954,,0,1,1,0,1,0,1,2022-08-26 09:15:00+05:30,2022-08-26 09:20:00+05:30,2022-08-26 15:00:00+05:30,266.1,264.1089285714286,269.6839285714286,-0.65,EOD-
S1015,ITC,2022-08-26 10:15:00+05:30,0.0169,-0.0245,11,11.0,0.3355,44.44,0.2346,0,0.5226,,0,1,0,1,1,0,1,2022-08-26 10:15:00+05:30,2022-08-26 10:20:00+05:30,2022-08-26 15:00:00+05:30,265.65,264.1410714285714,268.3660714285714,-0.2,EOD-
S1016,ITC,2022-08-26 10:35:00+05:30,0.0922,0.0339,2,1.0,0.3118,83.33,-0.5918,0,0.5354,1.0,6,0,0,1,0,6,7,2022-08-26 11:05:00+05:30,2022-08-26 11:10:00+05:30,2022-08-26 12:20:00+05:30,265.9,264.9178571428571,267.66785714285714,-0.9821,L
S1017,ITC,2022-08-26 11:15:00+05:30,-0.0235,0.0489,0,,1.2791,42.86,-1.0,0,0.6324,0.0,4,0,0,1,0,4,5,2022-08-26 11:35:00+05:30,2022-08-26 11:40:00+05:30,2022-08-26 12:20:00+05:30,265.95,264.9678571428571,267.7178571428572,-0.9821,L
S1018,ITC,2022-08-26 11:45:00+05:30,-0.0404,-0.0451,0,,0.0748,20.0,-1.0,0,0.5493,,0,1,1,1,1,0,1,2022-08-26 11:45:00+05:30,2022-08-26 11:50:00+05:30,2022-08-26 12:20:00+05:30,265.85,264.93035714285713,267.50535714285724,-0.9196,L
S1019,ITC,2022-08-26 12:30:00+05:30,-0.0687,-0.0461,0,,2.5028,62.5,-0.8417,0,0.735,0.0,9,0,0,1,0,9,10,2022-08-26 13:15:00+05:30,2022-08-26 13:20:00+05:30,2022-08-26 15:00:00+05:30,265.3,264.35357142857146,267.00357142857143,0.15,EOD+
S1020,ITC,2022-08-26 13:25:00+05:30,-0.066,-0.0518,0,,0.493,60.0,-0.5062,0,0.4403,,0,1,0,1,1,0,1,2022-08-26 13:25:00+05:30,2022-08-26 13:30:00+05:30,2022-08-26 15:00:00+05:30,265.2,264.17321428571427,267.04821428571427,0.25,EOD+
S1021,ITC,2022-08-29 09:35:00+05:30,,,0,,2.6404,15.38,-0.8626,0,0.355,0.0,9,0,1,0,0,9,10,2022-08-29 10:20:00+05:30,2022-08-29 10:25:00+05:30,2022-08-29 15:00:00+05:30,263.9,262.1767857142857,267.00178571428575,1.9,EOD+
S1022,ITC,2022-08-29 10:35:00+05:30,-0.1555,-0.181,0,,1.05,66.67,-0.7949,0,1.3224,1.0,9,0,0,0,0,9,10,2022-08-29 11:20:00+05:30,2022-08-29 11:25:00+05:30,2022-08-29 12:45:00+05:30,263.4,262.23928571428564,265.48928571428576,2.0893,W
S1023,ITC,2022-08-29 11:30:00+05:30,-0.0161,-0.0066,0,,0.2059,70.0,-0.3333,0,1.0715,,0,1,0,1,1,0,1,2022-08-29 11:30:00+05:30,2022-08-29 11:35:00+05:30,2022-08-29 12:45:00+05:30,263.55,262.63928571428573,265.1892857142857,1.6393,W
S1024,ITC,2022-08-29 12:15:00+05:30,0.0417,0.0825,8,7.0,0.3186,43.75,1.2535,0,2.0987,,0,0,0,0,1,0,1,2022-08-29 12:15:00+05:30,2022-08-29 12:20:00+05:30,2022-08-29 14:20:00+05:30,264.15,262.7571428571428,266.65714285714284,2.5071,W
S1025,ITC,2022-08-29 12:25:00+05:30,0.0654,0.0446,1,1.0,0.1417,83.33,0.2121,0,0.9019,,0,1,0,1,1,0,1,2022-08-29 12:25:00+05:30,2022-08-29 12:30:00+05:30,2022-08-29 15:00:00+05:30,264.2,262.7446428571428,266.81964285714287,1.6,EOD+
S1026,ITC,2022-08-29 14:05:00+05:30,0.2096,0.1864,19,12.0,0.0393,11.11,23.0,0,0.7413,,0,0,0,0,1,0,1,2022-08-29 14:05:00+05:30,2022-08-29 14:10:00+05:30,2022-08-29 15:00:00+05:30,266.25,265.45535714285717,267.6803571428571,-0.7946,L
S1027,ITC,2022-08-30 12:20:00+05:30,0.1455,0.1864,37,15.0,0.0171,0.0,19.0,0,0.6948,,0,1,0,1,1,0,1,2022-08-30 12:20:00+05:30,2022-08-30 12:25:00+05:30,2022-08-30 14:25:00+05:30,269.8,269.43392857142857,270.4589285714286,0.6589,W
S1028,ITC,2022-08-30 12:50:00+05:30,0.0204,0.0704,5,5.0,1.4553,75.0,-0.4937,0,0.7483,0.0,1,1,1,1,0,1,2,2022-08-30 12:55:00+05:30,2022-08-30 13:00:00+05:30,2022-08-30 13:10:00+05:30,270.0,269.6607142857143,270.6107142857143,-0.3393,L
S1029,ITC,2022-08-30 13:05:00+05:30,0.0028,0.0204,1,1.0,0.4261,100.0,-1.0,0,0.8803,1.0,6,0,0,1,0,6,7,2022-08-30 13:35:00+05:30,2022-08-30 13:40:00+05:30,2022-08-30 14:25:00+05:30,269.95,269.53928571428565,270.6892857142858,0.7393,W
S1030,ITC,2022-08-30 13:45:00+05:30,0.0065,0.0009,0,,0.9545,40.0,-0.4667,0,0.7884,0.0,4,0,0,1,0,4,5,2022-08-30 14:05:00+05:30,2022-08-30 14:10:00+05:30,2022-08-30 15:00:00+05:30,270.0,269.50892857142856,270.8839285714286,0.8839,W
S1031,ITC,2022-08-30 14:15:00+05:30,-0.0028,0.0028,0,,0.4667,60.0,-0.375,0,0.8076,,0,0,1,1,1,0,1,2022-08-30 14:15:00+05:30,2022-08-30 14:20:00+05:30,2022-08-30 14:40:00+05:30,270.05,269.62142857142857,270.8214285714286,-0.4286,L
S1032,ITC,2022-09-01 09:15:00+05:30,,,0,,0.153,25.0,1.0,0,3.4155,,0,0,0,0,1,0,1,2022-09-01 09:15:00+05:30,2022-09-01 09:20:00+05:30,2022-09-01 09:50:00+05:30,271.25,269.61607142857144,274.19107142857143,-1.6339,L
S1033,ITC,2022-09-01 11:25:00+05:30,-0.1263,-0.1708,0,,0.7892,0.0,-0.6522,0,0.6145,1.0,9,1,0,1,0,9,10,2022-09-01 12:10:00+05:30,2022-09-01 12:15:00+05:30,2022-09-01 13:55:00+05:30,268.8,267.88928571428573,270.4392857142857,-0.9107,L
S1034,ITC,2022-09-01 12:20:00+05:30,-0.0288,-0.1051,0,,0.1982,44.44,2.125,0,0.849,,0,0,1,1,1,0,1,2022-09-01 12:20:00+05:30,2022-09-01 12:25:00+05:30,2022-09-01 12:30:00+05:30,269.0,267.99107142857144,270.8160714285714,-1.0089,L
S1035,ITC,2022-09-01 12:30:00+05:30,-0.0251,-0.0595,0,,1.8088,37.5,-0.7523,0,0.6189,0.0,2,0,0,1,0,2,3,2022-09-01 12:40:00+05:30,2022-09-01 12:45:00+05:30,2022-09-01 15:00:00+05:30,268.8,267.68392857142857,270.80892857142857,0.55,EOD+
S1036,ITC,2022-09-01 12:50:00+05:30,-0.0503,-0.0363,0,,0.6533,11.11,-0.6825,0,1.4358,1.0,4,1,0,1,0,4,5,2022-09-01 13:10:00+05:30,2022-09-01 13:15:00+05:30,2022-09-01 15:00:00+05:30,268.5,267.29464285714283,270.6696428571429,0.85,EOD+
S1037,ITC,2022-09-01 13:45:00+05:30,0.0623,0.027,5,5.0,0.3105,36.36,0.6949,0,0.8895,,0,0,0,0,1,0,1,2022-09-01 13:45:00+05:30,2022-09-01 13:50:00+05:30,2022-09-01 15:00:00+05:30,268.75,267.5625,270.88750000000005,0.6,EOD+
S1038,ITC,2022-09-01 13:55:00+05:30,0.0028,0.0651,0,,1.5183,76.92,-0.8701,0,4.4665,1.0,2,1,0,0,0,2,3,2022-09-01 14:05:00+05:30,2022-09-01 14:10:00+05:30,2022-09-01 15:00:00+05:30,268.85,267.5821428571429,271.13214285714287,0.5,EOD+
S1039,ITC,2022-09-02 10:50:00+05:30,0.1513,0.1681,0,,1.7245,11.11,-0.5572,0,0.9089,1.0,9,1,0,1,0,9,10,2022-09-02 11:35:00+05:30,2022-09-02 11:40:00+05:30,2022-09-02 12:00:00+05:30,270.8,269.8178571428571,272.5678571428572,1.7679,W
S1040,ITC,2022-09-02 13:25:00+05:30,0.187,0.2193,21,12.0,0.3153,50.0,0.0169,0,0.4083,,0,1,0,0,1,0,1,2022-09-02 13:25:00+05:30,2022-09-02 13:30:00+05:30,2022-09-02 15:00:00+05:30,272.7,271.53035714285716,274.8053571428571,1.1,EOD+
S1041,ITC,2022-09-02 13:35:00+05:30,0.1246,0.199,0,,0.6195,20.0,-0.4,0,0.8082,1.0,3,0,0,0,0,3,4,2022-09-02 13:50:00+05:30,2022-09-02 13:55:00+05:30,2022-09-02 14:25:00+05:30,272.8,271.79107142857146,274.6160714285714,1.8161,W
S1042,ITC,2022-09-02 14:00:00+05:30,-0.0082,0.0467,0,,0.5287,0.0,-0.7183,0,2.136,1.0,2,1,1,1,0,2,3,2022-09-02 14:10:00+05:30,2022-09-02 14:15:00+05:30,2022-09-02 15:00:00+05:30,273.25,272.41071428571433,274.76071428571424,0.55,EOD+
S1043,ITC,2022-09-05 10:30:00+05:30,0.2229,0.2749,15,7.0,0.2645,33.33,-0.0244,0,0.2589,0.0,4,1,1,1,0,4,5,2022-09-05 10:50:00+05:30,2022-09-05 10:55:00+05:30,2022-09-05 15:00:00+05:30,276.4,274.4624999999999,279.88750000000005,2.05,EOD+
S1044,ITC,2022-09-05 11:00:00+05:30,0.1664,0.2018,0,,0.3806,80.0,-0.3103,0,1.8912,,0,0,0,0,1,0,1,2022-09-05 11:00:00+05:30,2022-09-05 11:05:00+05:30,2022-09-05 15:00:00+05:30,276.85,275.4214285714286,279.4214285714286,1.6,EOD+
S1045,ITC,2022-09-05 11:10:00+05:30,0.0977,0.1746,1,1.0,0.1597,12.5,2.5294,0,0.4756,,0,1,1,0,1,0,1,2022-09-05 11:10:00+05:30,2022-09-05 11:15:00+05:30,2022-09-05 14:30:00+05:30,276.75,275.41964285714283,279.14464285714286,2.3946,W
S1046,ITC,2022-09-05 12:00:00+05:30,0.0154,-0.0181,9,8.0,0.5481,11.11,0.4458,0,0.4724,,0,1,0,0,1,0,1,2022-09-05 12:00:00+05:30,2022-09-05 12:05:00+05:30,2022-09-05 13:55:00+05:30,276.5,275.5535714285714,278.2035714285715,1.7036,W
S1047,ITC,2022-09-05 12:15:00+05:30,0.0669,0.0154,1,1.0,0.2962,25.0,0.2121,0,0.4015,,0,0,0,1,1,0,1,2022-09-05 12:15:00+05:30,2022-09-05 12:20:00+05:30,2022-09-05 13:50:00+05:30,276.7,276.0035714285714,277.9535714285715,1.2536,W
S1048,ITC,2022-09-05 12:25:00+05:30,0.0705,0.0596,0,,0.9182,20.0,-0.2079,0,1.893,1.0,2,0,0,0,0,2,3,2022-09-05 12:35:00+05:30,2022-09-05 12:40:00+05:30,2022-09-05 13:50:00+05:30,276.8,276.1125,278.0375000000001,1.2375,W
S1049,ITC,2022-09-05 12:45:00+05:30,0.019,0.0632,0,,0.3,50.0,-0.3333,0,0.8165,,0,0,0,1,1,0,1,2022-09-05 12:45:00+05:30,2022-09-05 12:50:00+05:30,2022-09-05 13:50:00+05:30,276.8,276.175,277.92500000000007,1.125,W
S1050,ITC,2022-09-05 12:55:00+05:30,0.0,0.0325,0,,0.4732,0.0,-0.5833,0,1.2836,1.0,1,0,0,0,0,1,2,2022-09-05 13:00:00+05:30,2022-09-05 13:05:00+05:30,2022-09-05 13:50:00+05:30,276.8,276.1660714285714,277.9410714285715,1.1411,W
S1051,ITC,2022-09-05 13:10:00+05:30,-0.009,0.0,0,,0.6562,50.0,-0.3333,0,0.8303,0.0,4,0,0,1,0,4,5,2022-09-05 13:30:00+05:30,2022-09-05 13:35:00+05:30,2022-09-05 13:50:00+05:30,276.75,276.1785714285714,277.77857142857147,1.0286,W
S1052,ITC,2022-09-05 13:40:00+05:30,0.0027,-0.009,0,,0.0,80.0,,1,1.6786,,0,1,0,0,1,0,1,2022-09-05 13:40:00+05:30,2022-09-05 13:45:00+05:30,2022-09-05 13:50:00+05:30,277.0,276.40178571428567,278.07678571428573,1.0768,W
S1053,ITC,2022-09-06 09:15:00+05:30,,,0,,1.2377,97.06,-0.9251,0,1.492,0.0,1,0,0,0,0,1,2,2022-09-06 09:20:00+05:30,2022-09-06 09:25:00+05:30,2022-09-06 09:40:00+05:30,278.95,277.6017857142857,281.37678571428563,-1.3482,L
S1054,ITC,2022-09-06 09:50:00+05:30,-0.0889,,0,,1.7995,16.67,-0.9607,0,0.8365,1.0,9,0,1,0,0,9,10,2022-09-06 10:35:00+05:30,2022-09-06 10:40:00+05:30,2022-09-06 15:00:00+05:30,277.9,276.13214285714287,281.0821428571428,-0.8,EOD-
S1055,ITC,2022-09-06 10:45:00+05:30,-0.0999,-0.1251,0,,0.3716,71.43,-0.5349,0,0.32,,0,0,0,1,1,0,1,2022-09-06 10:45:00+05:30,2022-09-06 10:50:00+05:30,2022-09-06 15:00:00+05:30,277.85,276.40357142857147,280.4535714285714,-0.75,EOD-
S1056,ITC,2022-09-06 10:55:00+05:30,-0.0567,-0.1125,0,,0.0426,80.0,1.2222,0,0.4748,,0,1,0,1,1,0,1,2022-09-06 10:55:00+05:30,2022-09-06 11:00:00+05:30,2022-09-06 15:00:00+05:30,277.9,276.5785714285714,280.27857142857135,-0.8,EOD-
S1057,ITC,2022-09-06 11:30:00+05:30,0.0567,-0.0135,6,3.0,0.2181,11.11,1.7907,0,1.3556,,0,1,0,0,1,0,1,2022-09-06 11:30:00+05:30,2022-09-06 11:35:00+05:30,2022-09-06 15:00:00+05:30,277.95,276.71785714285716,280.16785714285714,-0.85,EOD-
S1058,ITC,2022-09-06 11:55:00+05:30,0.0702,0.0648,4,2.0,0.006,69.23,59.0,0,0.6472,,0,0,1,1,1,0,1,2022-09-06 11:55:00+05:30,2022-09-06 12:00:00+05:30,2022-09-06 14:40:00+05:30,278.6,277.55535714285713,280.4803571428572,-1.0446,L
S1059,ITC,2022-09-06 12:10:00+05:30,0.107,0.0702,2,2.0,0.2,40.0,1.2222,0,0.9851,,0,1,0,0,1,0,1,2022-09-06 12:10:00+05:30,2022-09-06 12:15:00+05:30,2022-09-06 14:45:00+05:30,278.15,277.025,280.175,-1.125,L
S1060,ITC,2022-09-06 12:25:00+05:30,0.0818,0.107,1,1.0,0.4397,25.0,0.3158,0,0.7951,,0,1,1,0,1,0,1,2022-09-06 12:25:00+05:30,2022-09-06 12:30:00+05:30,2022-09-06 14:40:00+05:30,278.35,277.26964285714286,280.29464285714295,-1.0804,L
S1061,ITC,2022-09-06 12:35:00+05:30,0.0539,0.0952,0,,0.5947,55.56,-0.5833,0,1.9504,1.0,1,0,0,0,0,1,2,2022-09-06 12:40:00+05:30,2022-09-06 12:45:00+05:30,2022-09-06 14:40:00+05:30,278.4,277.39107142857137,280.2160714285714,-1.0089,L
S1062,ITC,2022-09-06 12:50:00+05:30,0.018,0.0539,0,,0.6767,75.0,-0.8276,0,0.7489,,0,1,1,1,1,0,1,2022-09-06 12:50:00+05:30,2022-09-06 12:55:00+05:30,2022-09-06 14:40:00+05:30,278.4,277.3285714285714,280.3285714285714,-1.0714,L
S1063,ITC,2022-09-06 13:00:00+05:30,0.0036,0.0278,0,,0.4956,10.0,0.75,0,1.5376,,0,0,1,0,1,0,1,2022-09-06 13:00:00+05:30,2022-09-06 13:05:00+05:30,2022-09-06 14:40:00+05:30,278.5,277.49107142857144,280.31607142857143,-1.0089,L
S1064,ITC,2022-09-06 13:10:00+05:30,0.0171,0.0018,0,,0.2421,85.71,-0.4595,0,0.7308,,0,0,0,1,1,0,1,2022-09-06 13:10:00+05:30,2022-09-06 13:15:00+05:30,2022-09-06 14:40:00+05:30,278.55,277.59464285714284,280.26964285714286,-0.9554,L
S1065,ITC,2022-09-06 13:20:00+05:30,0.0278,-0.0009,0,,0.4436,16.67,0.25,0,0.7146,,0,0,1,1,1,0,1,2022-09-06 13:20:00+05:30,2022-09-06 13:25:00+05:30,2022-09-06 14:40:00+05:30,278.45,277.54821428571427,280.0732142857143,-0.9018,L
S1066,ITC,2022-09-06 13:30:00+05:30,0.0269,0.0234,0,,0.5078,85.71,-0.7297,0,0.9229,,0,0,0,1,1,0,1,2022-09-06 13:30:00+05:30,2022-09-06 13:35:00+05:30,2022-09-06 14:40:00+05:30,278.55,277.63928571428573,280.18928571428575,-0.9107,L
S1067,ITC,2022-09-06 13:40:00+05:30,0.0099,0.0242,0,,0.3673,33.33,0.5094,0,1.4454,,0,0,1,0,1,0,1,2022-09-06 13:40:00+05:30,2022-09-06 13:45:00+05:30,2022-09-06 14:40:00+05:30,278.5,277.5982142857143,280.1232142857143,-0.9018,L
S1068,ITC,2022-09-06 13:50:00+05:30,0.0018,0.0153,0,,0.3573,0.0,-1.0,0,1.0417,0.0,1,0,1,1,0,1,2,2022-09-06 13:55:00+05:30,2022-09-06 14:00:00+05:30,2022-09-06 14:35:00+05:30,278.55,277.6928571428571,280.0928571428572,-0.8571,L
S1069,ITC,2022-09-07 09:15:00+05:30,,,0,,3.62,14.29,-0.8343,0,2.9845,1.0,7,0,0,0,0,7,8,2022-09-07 09:50:00+05:30,2022-09-07 09:55:00+05:30,2022-09-07 10:50:00+05:30,277.45,276.2,279.7,-1.25,L
S1070,ITC,2022-09-07 10:00:00+05:30,-0.0876,-0.1562,0,,0.0938,28.57,1.3077,0,0.4567,,0,0,0,0,1,0,1,2022-09-07 10:00:00+05:30,2022-09-07 10:05:00+05:30,2022-09-07 15:00:00+05:30,277.05,275.3178571428572,280.16785714285714,-0.7,EOD-
S1071,ITC,2022-09-07 10:15:00+05:30,-0.0461,-0.0876,1,1.0,0.1022,0.0,1.963,0,0.4209,,0,0,0,0,1,0,1,2022-09-07 10:15:00+05:30,2022-09-07 10:20:00+05:30,2022-09-07 15:00:00+05:30,276.95,275.29821428571427,279.92321428571427,-0.6,EOD-
S1072,ITC,2022-09-07 10:25:00+05:30,-0.0208,-0.0497,0,,0.0964,85.71,-0.1304,0,0.6152,,0,0,0,0,1,0,1,2022-09-07 10:25:00+05:30,2022-09-07 10:30:00+05:30,2022-09-07 15:00:00+05:30,277.4,275.90892857142853,280.08392857142854,-1.05,EOD-
S1073,ITC,2022-09-07 10:35:00+05:30,-0.0163,-0.0343,1,1.0,0.1639,58.33,1.7027,0,0.2985,,0,0,0,0,1,0,1,2022-09-07 10:35:00+05:30,2022-09-07 10:40:00+05:30,2022-09-07 15:00:00+05:30,276.85,275.43928571428575,279.38928571428573,-0.5,EOD-
S1074,ITC,2022-09-07 10:45:00+05:30,-0.019,-0.0208,1,1.0,0.7783,46.15,-0.2453,0,0.4647,1.0,4,0,1,0,0,4,5,2022-09-07 11:05:00+05:30,2022-09-07 11:10:00+05:30,2022-09-07 15:00:00+05:30,276.95,275.67321428571427,279.24821428571425,-0.6,EOD-
S1075,ITC,2022-09-07 11:15:00+05:30,0.0488,-0.0145,0,,1.7947,50.0,-0.5894,0,1.3716,1.0,6,0,1,0,0,6,7,2022-09-07 11:45:00+05:30,2022-09-07 11:50:00+05:30,2022-09-07 14:40:00+05:30,277.35,276.1625,279.4875,-1.1875,L
S1076,ITC,2022-09-07 12:45:00+05:30,0.0866,0.0866,11,7.0,0.2932,77.78,-0.1837,0,0.7739,0.0,1,0,0,1,0,1,2,2022-09-07 12:50:00+05:30,2022-09-07 12:55:00+05:30,2022-09-07 14:40:00+05:30,277.25,276.20535714285717,279.1303571428571,-1.0446,L
S1077,ITC,2022-09-07 13:00:00+05:30,0.0613,0.0866,0,,0.7143,20.0,-0.4,0,0.5811,1.0,3,0,0,0,0,3,4,2022-09-07 13:15:00+05:30,2022-09-07 13:20:00+05:30,2022-09-07 14:30:00+05:30,277.5,276.625,279.075,-0.875,L
S1078,ITC,2022-09-07 13:25:00+05:30,0.0829,0.0802,0,,0.6851,37.5,-0.1304,0,0.8659,,0,1,1,1,1,0,1,2022-09-07 13:25:00+05:30,2022-09-07 13:30:00+05:30,2022-09-07 14:30:00+05:30,277.65,276.8107142857143,279.1607142857142,-0.8393,L
S1079,ITC,2022-09-07 13:35:00+05:30,0.0649,0.0982,1,1.0,0.5052,20.0,0.7143,0,0.8414,,0,0,0,0,1,0,1,2022-09-07 13:35:00+05:30,2022-09-07 13:40:00+05:30,2022-09-07 14:30:00+05:30,277.65,276.7839285714286,279.2089285714285,-0.8661,L
S1080,ITC,2022-09-07 13:45:00+05:30,0.0054,0.0784,0,,0.7612,0.0,-0.4643,0,1.4154,0.0,1,0,0,0,0,1,2,2022-09-07 13:50:00+05:30,2022-09-07 13:55:00+05:30,2022-09-07 14:35:00+05:30,277.5,276.58035714285717,279.1553571428571,-0.9196,L
S1081,ITC,2022-09-07 14:00:00+05:30,-0.0333,0.0054,0,,0.6926,44.44,-0.3548,0,0.8194,0.0,3,0,0,0,0,3,4,2022-09-07 14:15:00+05:30,2022-09-07 14:20:00+05:30,2022-09-07 14:30:00+05:30,277.45,276.6107142857143,278.96071428571423,-0.8393,L
S1082,ITC,2022-09-08 10:45:00+05:30,0.2147,0.2303,18,18.0,0.2119,16.67,0.8182,0,0.636,,0,0,0,0,1,0,1,2022-09-08 10:45:00+05:30,2022-09-08 10:50:00+05:30,2022-09-08 15:00:00+05:30,278.3,277.32678571428573,280.05178571428564,1.55,EOD+
S1083,ITC,2022-09-08 10:55:00+05:30,0.1652,0.2184,0,,0.5467,83.33,-1.0,0,0.5192,,0,1,0,1,1,0,1,2022-09-08 10:55:00+05:30,2022-09-08 11:00:00+05:30,2022-09-08 15:00:00+05:30,278.45,277.5125,280.13749999999993,1.4,EOD+
S1084,ITC,2022-09-08 11:05:00+05:30,0.0889,0.2065,1,1.0,0.0577,40.0,6.5,0,0.4881,,0,0,0,0,1,0,1,2022-09-08 11:05:00+05:30,2022-09-08 11:10:00+05:30,2022-09-08 15:00:00+05:30,278.55,277.6839285714286,280.1089285714286,1.3,EOD+
S1085,ITC,2022-09-08 11:15:00+05:30,0.0278,0.1248,1,1.0,1.5359,53.85,-0.5575,0,2.3004,1.0,2,0,0,0,0,2,3,2022-09-08 11:25:00+05:30,2022-09-08 11:30:00+05:30,2022-09-08 15:00:00+05:30,278.7,277.78035714285716,280.3553571428571,1.15,EOD+
S1086,ITC,2022-09-08 11:35:00+05:30,0.0431,0.0296,0,,0.1021,14.29,4.7143,0,0.597,,0,1,1,1,1,0,1,2022-09-08 11:35:00+05:30,2022-09-08 11:40:00+05:30,2022-09-08 15:00:00+05:30,278.9,278.04285714285714,280.4428571428571,0.95,EOD+
S1087,ITC,2022-09-08 12:55:00+05:30,0.0931,0.0869,15,15.0,0.3728,50.0,0.2245,0,0.8872,,0,0,0,1,1,0,1,2022-09-08 12:55:00+05:30,2022-09-08 13:00:00+05:30,2022-09-08 15:00:00+05:30,279.2,278.3785714285714,280.67857142857144,0.65,EOD+
S1088,ITC,2022-09-08 13:05:00+05:30,0.0805,0.0922,0,,1.4447,60.0,-0.5876,0,0.3454,0.0,2,1,0,1,0,2,3,2022-09-08 13:15:00+05:30,2022-09-08 13:20:00+05:30,2022-09-08 15:00:00+05:30,279.55,278.7107142857143,281.0607142857143,0.3,EOD+
S1089,ITC,2022-09-08 13:35:00+05:30,0.0197,0.051,2,2.0,0.3394,60.0,-0.1667,0,1.3867,1.0,5,0,0,0,0,5,6,2022-09-08 14:00:00+05:30,2022-09-08 14:05:00+05:30,2022-09-08 15:00:00+05:30,279.8,278.91607142857146,281.3910714285714,0.05,EOD+
S1090,ITC,2022-09-08 14:10:00+05:30,0.0018,-0.034,0,,0.0991,37.5,4.3333,0,1.0952,,0,1,0,1,1,0,1,2022-09-08 14:10:00+05:30,2022-09-08 14:15:00+05:30,2022-09-08 15:00:00+05:30,279.6,278.6535714285714,281.3035714285715,0.25,EOD+
S1091,ITC,2022-09-08 14:30:00+05:30,0.017,0.0152,2,1.0,0.4757,57.14,0.1429,0,2.2472,,0,0,1,0,1,0,1,2022-09-08 14:30:00+05:30,2022-09-08 14:35:00+05:30,2022-09-08 15:00:00+05:30,279.55,278.6303571428571,281.20535714285717,0.3,EOD+
S1092,ITC,2022-09-09 11:00:00+05:30,0.168,0.2064,21,4.0,0.3769,80.0,-0.4805,0,1.3722,1.0,1,0,0,0,0,1,2,2022-09-09 11:05:00+05:30,2022-09-09 11:10:00+05:30,2022-09-09 15:00:00+05:30,281.35,280.0732142857143,283.64821428571435,-0.9,EOD-
S1093,ITC,2022-09-09 11:55:00+05:30,-0.0275,0.0089,0,,1.152,40.0,-0.6172,0,0.515,0.0,9,0,0,1,0,9,10,2022-09-09 12:40:00+05:30,2022-09-09 12:45:00+05:30,2022-09-09 15:00:00+05:30,281.05,279.91607142857146,283.09107142857147,-0.6,EOD-
S1094,ITC,2022-09-09 13:10:00+05:30,-0.041,-0.0418,0,,0.9642,33.33,-0.589,0,0.7039,1.0,9,1,0,1,0,9,10,2022-09-09 13:55:00+05:30,2022-09-09 14:00:00+05:30,2022-09-09 15:00:00+05:30,280.65,279.7035714285714,282.3535714285714,-0.2,EOD-
S1095,ITC,2022-09-09 14:10:00+05:30,0.0045,-0.0276,1,1.0,0.1647,0.0,6.5,0,1.1023,,0,1,0,0,1,0,1,2022-09-09 14:10:00+05:30,2022-09-09 14:15:00+05:30,2022-09-09 15:00:00+05:30,281.1,280.18928571428575,282.73928571428576,-0.9107,L
S1096,ITC,2022-09-09 14:30:00+05:30,0.0151,0.0098,3,3.0,0.7,46.67,0.0204,0,3.5379,,0,0,0,0,1,0,1,2022-09-09 14:30:00+05:30,2022-09-09 14:35:00+05:30,2022-09-09 15:00:00+05:30,280.75,279.875,282.325,-0.3,EOD-
S1097,ITC,2022-09-12 09:15:00+05:30,,,0,,0.578,22.73,1.5688,0,2.882,,0,1,0,0,1,0,1,2022-09-12 09:15:00+05:30,2022-09-12 09:20:00+05:30,2022-09-12 11:15:00+05:30,281.0,279.82142857142856,283.12142857142857,-1.1786,L
S1098,ITC,2022-09-12 09:30:00+05:30,,,1,1.0,0.82,64.71,-0.6341,0,0.2065,0.0,5,0,1,1,0,5,6,2022-09-12 09:55:00+05:30,2022-09-12 10:00:00+05:30,2022-09-12 15:00:00+05:30,280.45,279.2,282.7,-0.15,EOD-
S1099,ITC,2022-09-12 10:05:00+05:30,-0.049,-0.0704,0,,0.4254,40.0,-0.2405,0,0.554,1.0,1,1,0,0,0,1,2,2022-09-12 10:10:00+05:30,2022-09-12 10:15:00+05:30,2022-09-12 11:25:00+05:30,280.75,279.5892857142857,282.8392857142857,-1.1607,L
S1100,ITC,2022-09-12 11:25:00+05:30,-0.0508,-0.0348,0,,2.6973,0.0,-0.7232,0,1.5438,1.0,9,0,0,0,0,9,10,2022-09-12 12:10:00+05:30,2022-09-12 12:15:00+05:30,2022-09-12 15:00:00+05:30,280.35,279.6803571428572,281.5553571428572,-0.05,EOD-
S1101,ITC,2022-09-12 13:20:00+05:30,0.0535,0.0437,13,8.0,0.0368,0.0,19.0,0,0.465,,0,0,0,0,1,0,1,2022-09-12 13:20:00+05:30,2022-09-12 13:25:00+05:30,2022-09-12 15:00:00+05:30,280.4,279.8910714285714,281.3160714285714,-0.1,EOD-
S1102,ITC,2022-09-12 13:35:00+05:30,0.0508,0.0535,0,,0.6397,0.0,-0.2453,0,0.7967,1.0,9,0,0,1,0,9,10,2022-09-12 14:20:00+05:30,2022-09-12 14:25:00+05:30,2022-09-12 15:00:00+05:30,280.3,279.7821428571429,281.23214285714283,0.0,EOD-
S1103,ITC,2022-09-13 09:15:00+05:30,,,0,,0.4506,33.33,3.2857,0,0.7742,,0,1,0,0,1,0,1,2022-09-13 09:15:00+05:30,2022-09-13 09:20:00+05:30,2022-09-13 09:35:00+05:30,280.6,279.8232142857143,281.9982142857143,1.3982,W
S1104,ITC,2022-09-13 09:35:00+05:30,,,3,1.0,0.0547,62.5,17.0,0,5.404,,0,0,1,0,1,0,1,2022-09-13 09:35:00+05:30,2022-09-13 09:40:00+05:30,2022-09-13 10:05:00+05:30,282.0,280.85714285714283,284.0571428571429,-1.1429,L
S1105,ITC,2022-09-13 10:40:00+05:30,0.0907,0.0828,12,12.0,0.0856,86.67,-1.0,0,2.2276,,0,0,0,0,1,0,1,2022-09-13 10:40:00+05:30,2022-09-13 10:45:00+05:30,2022-09-13 15:00:00+05:30,281.7,280.4589285714286,283.9339285714285,1.9,EOD+
S1106,ITC,2022-09-13 13:50:00+05:30,0.0732,0.0927,37,11.0,0.2211,50.0,1.5,0,1.3494,,0,0,0,0,1,0,1,2022-09-13 13:50:00+05:30,2022-09-13 13:55:00+05:30,2022-09-13 14:15:00+05:30,283.65,282.97142857142853,284.87142857142857,-0.6786,L
S1107,ITC,2022-09-14 09:15:00+05:30,,,0,,5.0561,95.83,-1.0,0,3.2731,1.0,2,1,0,0,0,2,3,2022-09-14 09:25:00+05:30,2022-09-14 09:30:00+05:30,2022-09-14 13:05:00+05:30,284.2,282.79821428571427,286.7232142857143,2.5232,W
S1108,ITC,2022-09-14 09:55:00+05:30,0.1832,0.112,5,2.0,0.0364,60.0,7.5714,0,0.5324,,0,1,1,0,1,0,1,2022-09-14 09:55:00+05:30,2022-09-14 10:00:00+05:30,2022-09-14 15:00:00+05:30,284.15,281.74821428571425,288.4732142857143,0.8,EOD+
S1109,ITC,2022-09-14 10:25:00+05:30,0.0985,0.1311,5,4.0,0.2419,0.0,1.1176,0,0.2085,,0,1,0,0,1,0,1,2022-09-14 10:25:00+05:30,2022-09-14 10:30:00+05:30,2022-09-14 15:00:00+05:30,284.4,282.2035714285714,288.3535714285714,0.55,EOD+
S1110,ITC,2022-09-14 10:35:00+05:30,0.0668,0.1038,1,1.0,0.0446,66.67,-1.0,0,0.0883,0.0,1,1,0,1,0,1,2,2022-09-14 10:40:00+05:30,2022-09-14 10:45:00+05:30,2022-09-14 15:00:00+05:30,284.35,282.52857142857147,287.62857142857143,0.6,EOD+
S1111,ITC,2022-09-14 10:50:00+05:30,0.1099,0.0668,0,,0.2174,33.33,-0.2,0,0.2975,,0,0,1,0,1,0,1,2022-09-14 10:50:00+05:30,2022-09-14 10:55:00+05:30,2022-09-14 15:00:00+05:30,284.65,283.2125,287.23749999999995,0.3,EOD+
S1112,ITC,2022-09-14 11:00:00+05:30,0.1423,0.0888,0,,0.187,0.0,-0.4286,0,0.4299,1.0,1,0,1,0,0,1,2,2022-09-14 11:05:00+05:30,2022-09-14 11:10:00+05:30,2022-09-14 13:10:00+05:30,284.85,283.6803571428572,286.9553571428571,2.1054,W
S1113,ITC,2022-09-14 11:25:00+05:30,-0.022,0.1054,2,1.0,0.2234,71.43,-0.3333,0,2.375,1.0,2,1,0,0,0,2,3,2022-09-14 11:35:00+05:30,2022-09-14 11:40:00+05:30,2022-09-14 13:05:00+05:30,285.0,284.1607142857143,286.51071428571424,1.5107,W
S1114,ITC,2022-09-14 13:45:00+05:30,0.1101,0.1592,25,7.0,0.2132,36.36,0.3043,0,0.747,,0,0,0,0,1,0,1,2022-09-14 13:45:00+05:30,2022-09-14 13:50:00+05:30,2022-09-14 15:00:00+05:30,286.1,284.75178571428575,288.5267857142857,-1.3482,L
S1115,ITC,2022-09-14 13:55:00+05:30,0.0813,0.1302,0,,1.1799,42.86,-0.7015,0,0.6383,0.0,1,1,0,1,0,1,2,2022-09-14 14:00:00+05:30,2022-09-14 14:05:00+05:30,2022-09-14 15:00:00+05:30,286.3,284.8803571428572,288.85535714285714,-1.4196,L
S1116,ITC,2022-09-14 14:10:00+05:30,0.0568,0.0813,0,,0.1254,0.0,2.2258,0,0.6651,,0,0,0,1,1,0,1,2022-09-14 14:10:00+05:30,2022-09-14 14:15:00+05:30,2022-09-14 15:00:00+05:30,286.4,284.85535714285714,289.1803571428571,-1.5446,L
S1117,ITC,2022-09-15 10:35:00+05:30,-0.1412,-0.2134,0,,1.494,71.43,-1.0,0,2.3206,1.0,9,1,1,0,0,9,10,2022-09-15 11:20:00+05:30,2022-09-15 11:25:00+05:30,2022-09-15 15:00:00+05:30,282.9,281.70357142857137,285.05357142857144,0.45,EOD+
S1118,ITC,2022-09-15 11:30:00+05:30,-0.0203,-0.1043,0,,0.0,37.5,,1,0.5217,,0,1,0,1,1,0,1,2022-09-15 11:30:00+05:30,2022-09-15 11:35:00+05:30,2022-09-15 11:55:00+05:30,283.1,282.18928571428575,284.7392857142857,1.6393,W
S1119,ITC,2022-09-15 13:35:00+05:30,-0.0326,0.08,0,,2.7274,0.0,-0.8547,0,1.7668,1.0,9,0,1,0,0,9,10,2022-09-15 14:20:00+05:30,2022-09-15 14:25:00+05:30,2022-09-15 14:50:00+05:30,284.3,283.3535714285715,286.0035714285714,-0.9464,L
S1120,ITC,2022-09-15 14:30:00+05:30,-0.0423,-0.0528,1,1.0,0.1424,14.29,2.3333,0,1.5471,,0,1,0,1,1,0,1,2022-09-15 14:30:00+05:30,2022-09-15 14:35:00+05:30,2022-09-15 15:00:00+05:30,283.9,282.84642857142853,285.7964285714286,-0.55,EOD-
S1121,ITC,2022-09-16 11:05:00+05:30,-0.1697,-0.1349,0,,1.6471,45.45,-0.7143,0,0.1894,0.0,9,0,0,0,0,9,10,2022-09-16 11:50:00+05:30,2022-09-16 11:55:00+05:30,2022-09-16 13:10:00+05:30,281.15,280.0875,283.0625,-1.0625,L
S1122,ITC,2022-09-16 12:00:00+05:30,-0.0027,-0.0062,0,,0.3415,100.0,-1.0,0,0.3873,1.0,3,0,0,1,0,3,4,2022-09-16 12:15:00+05:30,2022-09-16 12:20:00+05:30,2022-09-16 13:10:00+05:30,281.2,280.46785714285716,282.5178571428571,-0.7321,L
S1123,ITC,2022-09-16 12:25:00+05:30,-0.0454,-0.0249,0,,0.9305,0.0,-0.2661,0,0.3772,0.0,1,1,0,1,0,1,2,2022-09-16 12:30:00+05:30,2022-09-16 12:35:00+05:30,2022-09-16 13:10:00+05:30,281.25,280.51785714285717,282.5678571428571,-0.7321,L
S1124,ITC,2022-09-16 12:50:00+05:30,0.016,-0.0205,3,2.0,0.3656,100.0,-1.0,0,0.6341,1.0,1,0,0,0,0,1,2,2022-09-16 12:55:00+05:30,2022-09-16 13:00:00+05:30,2022-09-16 13:10:00+05:30,281.3,280.49642857142857,282.74642857142857,-0.8036,L
S1125,ITC,2022-09-16 13:30:00+05:30,-0.0748,-0.0222,0,,2.0512,55.56,-0.7884,0,0.9086,0.0,9,0,0,0,0,9,10,2022-09-16 14:15:00+05:30,2022-09-16 14:20:00+05:30,2022-09-16 15:00:00+05:30,280.55,279.39821428571435,282.62321428571425,0.4,EOD+
S1126,ITC,2022-09-16 14:25:00+05:30,-0.0713,-0.0659,0,,0.5182,57.14,-0.1228,0,0.97,,0,0,0,1,1,0,1,2022-09-16 14:25:00+05:30,2022-09-16 14:30:00+05:30,2022-09-16 15:00:00+05:30,280.75,279.375,283.225,0.2,EOD+
S1127,ITC,2022-09-19 09:15:00+05:30,,,0,,2.5412,90.62,-1.0,0,1.219,,0,0,0,0,1,0,1,2022-09-19 09:15:00+05:30,2022-09-19 09:20:00+05:30,2022-09-19 09:25:00+05:30,281.7,279.81607142857143,285.0910714285714,-1.8839,L
S1128,ITC,2022-09-19 09:25:00+05:30,,,0,,1.2612,25.0,-0.3443,0,0.6271,1.0,1,1,0,1,0,1,2,2022-09-19 09:30:00+05:30,2022-09-19 09:35:00+05:30,2022-09-19 15:00:00+05:30,282.15,280.03392857142853,285.95892857142854,1.7,EOD+
S1129,ITC,2022-09-19 11:20:00+05:30,0.0522,0.1176,0,,1.7983,20.0,-0.7315,0,0.5948,1.0,9,1,0,1,0,9,10,2022-09-19 12:05:00+05:30,2022-09-19 12:10:00+05:30,2022-09-19 15:00:00+05:30,282.6,281.56428571428575,284.4642857142857,1.25,EOD+
S1130,ITC,2022-09-19 12:55:00+05:30,0.0717,0.0982,9,6.0,0.0475,66.67,1.5,0,0.7262,,0,0,0,1,1,0,1,2022-09-19 12:55:00+05:30,2022-09-19 13:00:00+05:30,2022-09-19 15:00:00+05:30,282.65,281.59642857142853,284.5464285714286,1.2,EOD+
S1131,ITC,2022-09-19 13:05:00+05:30,0.0486,0.0805,0,,0.6772,71.43,-1.0,0,0.9207,1.0,9,1,0,0,0,9,10,2022-09-19 13:50:00+05:30,2022-09-19 13:55:00+05:30,2022-09-19 15:00:00+05:30,282.85,281.75178571428575,284.82678571428573,1.0,EOD+
S1132,ITC,2022-09-19 14:10:00+05:30,-0.0212,0.0221,2,2.0,0.1453,77.78,1.7273,0,1.5644,,0,1,1,1,1,0,1,2022-09-19 14:10:00+05:30,2022-09-19 14:15:00+05:30,2022-09-19 15:00:00+05:30,283.65,282.70357142857137,285.35357142857146,0.2,EOD+
S1133,ITC,2022-09-20 10:40:00+05:30,0.1696,0.1943,17,16.0,0.051,80.0,-1.0,0,0.5562,1.0,1,0,0,1,0,1,2,2022-09-20 10:45:00+05:30,2022-09-20 10:50:00+05:30,2022-09-20 15:00:00+05:30,286.05,285.1928571428572,287.59285714285716,-0.35,EOD-
S1134,ITC,2022-09-20 11:00:00+05:30,0.0699,0.1591,0,,2.2046,88.89,-0.927,0,0.6963,0.0,9,0,0,1,0,9,10,2022-09-20 11:45:00+05:30,2022-09-20 11:50:00+05:30,2022-09-20 15:00:00+05:30,285.95,285.17321428571427,287.3482142857143,-0.25,EOD-
S1135,ITC,2022-09-20 11:55:00+05:30,-0.0201,-0.049,0,,0.2165,80.0,-0.3333,0,1.4377,1.0,4,1,0,0,0,4,5,2022-09-20 12:15:00+05:30,2022-09-20 12:20:00+05:30,2022-09-20 15:00:00+05:30,285.65,284.78392857142853,287.20892857142854,0.05,EOD+
S1136,ITC,2022-09-20 12:25:00+05:30,-0.0245,-0.0219,0,,0.2755,16.67,1.1622,0,0.5309,,0,1,0,1,1,0,1,2022-09-20 12:25:00+05:30,2022-09-20 12:30:00+05:30,2022-09-20 15:00:00+05:30,285.8,284.9607142857143,287.3107142857143,-0.1,EOD-
S1137,ITC,2022-09-20 12:50:00+05:30,0.0271,-0.0096,4,3.0,0.0709,12.5,11.5,0,1.9782,,0,0,0,0,1,0,1,2022-09-20 12:50:00+05:30,2022-09-20 12:55:00+05:30,2022-09-20 15:00:00+05:30,286.05,285.34464285714284,287.3196428571429,-0.35,EOD-
S1138,ITC,2022-09-20 13:40:00+05:30,0.0699,0.0769,9,2.0,0.173,44.44,2.6364,0,1.7355,,0,0,0,0,1,0,1,2022-09-20 13:40:00+05:30,2022-09-20 13:45:00+05:30,2022-09-20 14:50:00+05:30,286.3,285.5053571428571,287.7303571428572,-0.7946,L
S1139,ITC,2022-09-20 13:50:00+05:30,0.0629,0.0743,0,,0.3573,40.0,-0.1837,0,0.7086,,0,0,0,0,1,0,1,2022-09-20 13:50:00+05:30,2022-09-20 13:55:00+05:30,2022-09-20 14:50:00+05:30,286.4,285.5428571428571,287.9428571428571,-0.8571,L
S1140,ITC,2022-09-21 09:15:00+05:30,,,0,,2.276,25.0,-0.6685,0,0.693,0.0,2,0,0,1,0,2,3,2022-09-21 09:25:00+05:30,2022-09-21 09:30:00+05:30,2022-09-21 13:50:00+05:30,286.1,284.6089285714286,288.7839285714286,2.6839,W
S1141,ITC,2022-09-21 09:40:00+05:30,-0.0254,,2,2.0,0.0452,87.5,-1.0,0,0.6102,1.0,1,1,0,0,0,1,2,2022-09-21 09:45:00+05:30,2022-09-21 09:50:00+05:30,2022-09-21 13:50:00+05:30,285.75,283.8125,289.2375,3.4875,W
S1142,ITC,2022-09-21 10:40:00+05:30,0.0744,0.0333,9,6.0,0.2263,57.14,0.3953,0,3.1253,,0,1,0,0,1,0,1,2022-09-21 10:40:00+05:30,2022-09-21 10:45:00+05:30,2022-09-21 13:45:00+05:30,285.75,284.5625,287.8875,2.1375,W
S1143,ITC,2022-09-21 11:55:00+05:30,-0.0656,-0.0332,0,,2.24,0.0,-0.9038,0,1.1027,1.0,9,1,0,1,0,9,10,2022-09-21 12:40:00+05:30,2022-09-21 12:45:00+05:30,2022-09-21 13:35:00+05:30,285.45,284.8696428571428,286.4946428571429,1.0446,W
S1144,ITC,2022-09-22 09:15:00+05:30,,,0,,0.7023,90.0,-1.0,0,1.7116,,0,1,0,0,1,0,1,2022-09-22 09:15:00+05:30,2022-09-22 09:20:00+05:30,2022-09-22 15:00:00+05:30,291.05,288.33571428571435,295.93571428571425,1.4,EOD+
S1145,ITC,2022-09-22 10:50:00+05:30,0.4596,0.4344,18,14.0,0.2078,12.5,0.2308,0,0.203,,0,0,0,1,1,0,1,2022-09-22 10:50:00+05:30,2022-09-22 10:55:00+05:30,2022-09-22 15:00:00+05:30,293.75,291.7946428571429,297.26964285714286,-1.3,EOD-
S1146,ITC,2022-09-22 11:50:00+05:30,-0.1167,-0.0689,0,,2.5604,37.5,-0.7431,0,0.6171,0.0,9,0,0,0,0,9,10,2022-09-22 12:35:00+05:30,2022-09-22 12:40:00+05:30,2022-09-22 15:00:00+05:30,293.1,291.7696428571429,295.4946428571429,-0.65,EOD-
S1147,ITC,2022-09-22 12:45:00+05:30,-0.0504,-0.1084,0,,0.1969,40.0,-1.0,0,0.4258,0.0,1,1,0,1,0,1,2,2022-09-22 12:50:00+05:30,2022-09-22 12:55:00+05:30,2022-09-22 15:00:00+05:30,292.95,291.8071428571428,295.00714285714287,-0.5,EOD-
S1148,ITC,2022-09-22 13:00:00+05:30,-0.0196,-0.0504,1,1.0,0.9864,77.27,-0.4624,0,0.7932,0.0,3,1,0,0,0,3,4,2022-09-22 13:15:00+05:30,2022-09-22 13:20:00+05:30,2022-09-22 15:00:00+05:30,292.65,291.47142857142853,294.77142857142854,-0.2,EOD-
S1149,ITC,2022-09-22 14:15:00+05:30,0.0622,0.0963,10,9.0,0.2558,10.0,0.0526,0,0.7027,,0,1,0,0,1,0,1,2022-09-22 14:15:00+05:30,2022-09-22 14:20:00+05:30,2022-09-22 15:00:00+05:30,293.35,291.9571428571429,295.85714285714283,-0.9,EOD-
S1150,ITC,2022-09-22 14:25:00+05:30,0.0486,0.075,0,,0.3711,60.0,-0.4937,0,0.5028,1.0,1,0,1,1,0,1,2,2022-09-22 14:30:00+05:30,2022-09-22 14:35:00+05:30,2022-09-22 15:00:00+05:30,293.5,292.1696428571429,295.8946428571428,-1.05,EOD-
S1151,ITC,2022-09-23 09:30:00+05:30,,,3,2.0,1.0847,100.0,-1.0,0,2.2724,1.0,5,0,0,0,0,5,6,2022-09-23 09:55:00+05:30,2022-09-23 10:00:00+05:30,2022-09-23 15:00:00+05:30,293.2,291.21785714285716,296.7678571428571,0.75,EOD+
S1152,ITC,2022-09-23 10:05:00+05:30,-0.0709,-0.1384,0,,0.1097,66.67,-0.0476,0,2.3149,,0,1,1,0,1,0,1,2022-09-23 10:05:00+05:30,2022-09-23 10:10:00+05:30,2022-09-23 15:00:00+05:30,293.05,290.6571428571429,297.35714285714283,0.9,EOD+
S1153,ITC,2022-09-23 11:55:00+05:30,0.1462,0.2381,20,5.0,0.0923,36.36,4.0,0,1.0669,,0,1,0,0,1,0,1,2022-09-23 11:55:00+05:30,2022-09-23 12:00:00+05:30,2022-09-23 14:25:00+05:30,294.35,292.725,297.27500000000003,-1.625,L
S1154,ITC,2022-09-23 12:20:00+05:30,0.0739,0.1121,4,2.0,0.2701,0.0,1.2535,0,0.5843,,0,1,1,1,1,0,1,2022-09-23 12:20:00+05:30,2022-09-23 12:25:00+05:30,2022-09-23 14:05:00+05:30,294.7,293.0571428571428,297.65714285714284,-1.6429,L
S1155,ITC,2022-09-23 12:35:00+05:30,0.1044,0.0739,2,2.0,0.0243,58.33,15.6667,0,0.763,,0,1,0,0,1,0,1,2022-09-23 12:35:00+05:30,2022-09-23 12:40:00+05:30,2022-09-23 13:55:00+05:30,294.85,293.3053571428572,297.6303571428572,-1.5446,L
S1156,ITC,2022-09-23 13:00:00+05:30,0.1271,0.145,4,2.0,0.5667,71.43,-1.0,0,0.5736,0.0,3,0,1,0,0,3,4,2022-09-23 13:15:00+05:30,2022-09-23 13:20:00+05:30,2022-09-23 13:45:00+05:30,295.05,293.55,297.75,-1.5,L
S1157,ITC,2022-09-23 13:25:00+05:30,-0.0297,0.0381,0,,0.4745,33.33,-0.604,0,0.6634,1.0,1,0,1,1,0,1,2,2022-09-23 13:30:00+05:30,2022-09-23 13:35:00+05:30,2022-09-23 13:45:00+05:30,295.0,293.6696428571429,297.39464285714286,-1.3304,L
S1158,ITC,2022-09-26 10:50:00+05:30,-0.5122,-0.476,0,,1.4126,41.67,-0.8667,0,0.658,1.0,9,0,0,1,0,9,10,2022-09-26 11:35:00+05:30,2022-09-26 11:40:00+05:30,2022-09-26 12:20:00+05:30,287.5,285.5089285714286,291.08392857142854,-1.9911,L
S1159,ITC,2022-09-26 11:45:00+05:30,-0.1175,-0.1731,0,,0.7239,75.0,-0.717,0,0.67,,0,1,0,1,1,0,1,2022-09-26 11:45:00+05:30,2022-09-26 11:50:00+05:30,2022-09-26 12:20:00+05:30,287.55,285.7196428571429,290.84464285714284,-1.8304,L
S1160,ITC,2022-09-27 10:35:00+05:30,0.2702,0.1837,16,12.0,0.1017,63.64,0.7647,0,0.2883,,0,0,0,0,1,0,1,2022-09-27 10:35:00+05:30,2022-09-27 10:40:00+05:30,2022-09-27 15:00:00+05:30,285.0,282.9107142857143,288.7607142857143,-1.2,EOD-
S1161,ITC,2022-09-27 10:45:00+05:30,0.2761,0.2388,0,,1.3805,83.33,-0.9057,0,1.0349,1.0,8,1,0,1,0,8,9,2022-09-27 11:25:00+05:30,2022-09-27 11:30:00+05:30,2022-09-27 15:00:00+05:30,284.85,282.93035714285713,288.3053571428572,-1.05,EOD-
S1162,ITC,2022-09-27 12:00:00+05:30,-0.0105,-0.0272,5,5.0,0.0434,70.0,3.4444,0,0.859,,0,1,0,0,1,0,1,2022-09-27 12:00:00+05:30,2022-09-27 12:05:00+05:30,2022-09-27 14:40:00+05:30,284.75,283.45535714285717,287.0803571428571,-1.2946,L
S1163,ITC,2022-09-27 12:15:00+05:30,-0.0114,-0.0105,1,1.0,0.0,46.15,,1,0.7108,,0,1,1,0,1,0,1,2022-09-27 12:15:00+05:30,2022-09-27 12:20:00+05:30,2022-09-27 14:40:00+05:30,284.75,283.4464285714286,287.09642857142853,-1.3036,L
S1164,ITC,2022-09-27 12:25:00+05:30,-0.0026,-0.0061,1,1.0,0.0294,33.33,2.3333,0,0.641,,0,1,0,1,1,0,1,2022-09-27 12:25:00+05:30,2022-09-27 12:30:00+05:30,2022-09-27 14:40:00+05:30,284.7,283.42321428571427,286.9982142857143,-1.2768,L
S1165,ITC,2022-09-27 12:40:00+05:30,0.0535,-0.0026,1,1.0,0.211,25.0,0.4634,0,0.8289,,0,0,0,0,1,0,1,2022-09-27 12:40:00+05:30,2022-09-27 12:45:00+05:30,2022-09-27 14:35:00+05:30,284.85,283.6357142857143,287.0357142857144,-1.2143,L
S1166,ITC,2022-09-27 12:50:00+05:30,0.0816,0.0307,0,,0.981,20.0,-0.598,0,1.4654,0.0,1,0,0,1,0,1,2,2022-09-27 12:55:00+05:30,2022-09-27 13:00:00+05:30,2022-09-27 14:10:00+05:30,285.4,284.1321428571428,287.68214285714294,-1.2679,L
S1167,ITC,2022-09-27 13:05:00+05:30,0.0781,0.0816,1,1.0,0.6863,0.0,0.3333,0,1.3685,,0,1,1,0,1,0,1,2022-09-27 13:05:00+05:30,2022-09-27 13:10:00+05:30,2022-09-27 14:30:00+05:30,285.2,283.8339285714285,287.65892857142865,-1.3661,L
S1168,ITC,2022-09-27 13:45:00+05:30,0.0605,0.0614,7,3.0,0.0493,10.0,5.0,0,0.4587,,0,1,0,1,1,0,1,2022-09-27 13:45:00+05:30,2022-09-27 13:50:00+05:30,2022-09-27 14:10:00+05:30,285.3,284.03214285714284,287.5821428571429,-1.2679,L
S1169,ITC,2022-09-28 10:45:00+05:30,-0.4627,-0.3783,0,,2.793,61.11,-0.9499,0,0.3764,0.0,9,0,0,0,0,9,10,2022-09-28 11:30:00+05:30,2022-09-28 11:35:00+05:30,2022-09-28 14:20:00+05:30,278.6,276.81428571428575,281.81428571428575,-1.7857,L
S1170,ITC,2022-09-28 12:10:00+05:30,-0.0467,-0.0584,6,4.0,0.4567,13.33,0.3043,0,0.619,,0,0,1,1,1,0,1,2022-09-28 12:10:00+05:30,2022-09-28 12:15:00+05:30,2022-09-28 14:20:00+05:30,278.55,277.29107142857146,280.81607142857143,-1.2589,L
S1171,ITC,2022-09-28 12:20:00+05:30,-0.026,-0.0539,0,,0.7673,38.46,-0.883,0,0.8264,1.0,2,1,0,1,0,2,3,2022-09-28 12:30:00+05:30,2022-09-28 12:35:00+05:30,2022-09-28 14:20:00+05:30,278.8,277.4071428571429,281.3071428571429,-1.3929,L
S1172,ITC,2022-09-28 12:40:00+05:30,0.0619,-0.0099,1,1.0,0.1761,33.33,1.9268,0,0.5854,,0,1,0,1,1,0,1,2022-09-28 12:40:00+05:30,2022-09-28 12:45:00+05:30,2022-09-28 14:20:00+05:30,278.7,277.2446428571429,281.3196428571428,-1.4554,L
S1173,ITC,2022-09-28 12:50:00+05:30,0.0736,0.0467,1,1.0,0.0318,61.11,1.5,0,0.8666,,0,1,0,0,1,0,1,2022-09-28 12:50:00+05:30,2022-09-28 12:55:00+05:30,2022-09-28 14:20:00+05:30,278.6,277.02857142857147,281.42857142857144,-1.5714,L
S1174,ITC,2022-09-28 13:05:00+05:30,0.0771,0.0736,1,1.0,0.2665,45.45,0.4925,0,0.471,,0,0,0,1,1,0,1,2022-09-28 13:05:00+05:30,2022-09-28 13:10:00+05:30,2022-09-28 14:20:00+05:30,278.8,277.22857142857146,281.62857142857143,-1.5714,L
S1175,ITC,2022-09-28 13:15:00+05:30,0.0556,0.0852,0,,0.2059,16.67,-0.6,0,0.8739,1.0,2,0,0,1,0,2,3,2022-09-28 13:25:00+05:30,2022-09-28 13:30:00+05:30,2022-09-28 14:15:00+05:30,279.1,277.58214285714286,281.83214285714286,-1.5179,L
S1176,ITC,2022-09-28 13:35:00+05:30,0.0,0.0314,1,1.0,0.1253,22.22,1.069,0,0.837,,0,0,0,0,1,0,1,2022-09-28 13:35:00+05:30,2022-09-28 13:40:00+05:30,2022-09-28 14:20:00+05:30,278.75,277.30357142857144,281.3535714285714,-1.4464,L
S1177,ITC,2022-09-28 13:45:00+05:30,0.0018,0.0018,0,,0.7682,33.33,-0.1716,0,0.5947,0.0,1,0,0,1,0,1,2,2022-09-28 13:50:00+05:30,2022-09-28 13:55:00+05:30,2022-09-28 14:20:00+05:30,278.8,277.425,281.275,-1.375,L
S1178,ITC,2022-09-29 11:10:00+05:30,0.3316,0.5779,23,4.0,0.0955,75.0,0.9048,0,0.6078,,0,1,0,0,1,0,1,2022-09-29 11:10:00+05:30,2022-09-29 11:15:00+05:30,2022-09-29 15:00:00+05:30,282.0,280.625,284.475,0.65,EOD+
S1179,ITC,2022-09-29 11:50:00+05:30,0.0885,0.1257,6,3.0,0.1663,54.55,0.5789,0,0.9547,,0,0,0,1,1,0,1,2022-09-29 11:50:00+05:30,2022-09-29 11:55:00+05:30,2022-09-29 12:20:00+05:30,282.55,281.12142857142857,285.12142857142857,-1.4286,L
S1180,ITC,2022-09-29 12:40:00+05:30,-0.1347,-0.0505,0,,1.9306,83.33,-0.9538,0,0.7886,1.0,9,0,0,0,0,9,10,2022-09-29 13:25:00+05:30,2022-09-29 13:30:00+05:30,2022-09-29 15:00:00+05:30,281.75,280.3482142857143,284.2732142857143,0.9,EOD+
S1181,ITC,2022-09-30 09:15:00+05:30,,,0,,0.799,25.0,-1.0,0,0.8919,0.0,1,0,0,0,0,1,2,2022-09-30 09:20:00+05:30,2022-09-30 09:25:00+05:30,2022-09-30 09:45:00+05:30,282.9,281.0696428571428,286.19464285714287,-1.8304,L
S1182,ITC,2022-09-30 09:50:00+05:30,-0.0982,,0,,1.8053,33.33,-0.8251,0,0.2864,0.0,9,1,0,1,0,9,10,2022-09-30 10:35:00+05:30,2022-09-30 10:40:00+05:30,2022-09-30 15:00:00+05:30,282.05,279.675,286.32500000000005,0.25,EOD+
S1183,ITC,2022-09-30 10:55:00+05:30,-0.0426,-0.0426,3,1.0,0.8995,92.86,-0.8592,0,0.5929,0.0,5,0,0,0,0,5,6,2022-09-30 11:20:00+05:30,2022-09-30 11:25:00+05:30,2022-09-30 15:00:00+05:30,281.55,279.57678571428573,285.1017857142857,0.75,EOD+
S1184,ITC,2022-09-30 11:30:00+05:30,-0.0373,-0.119,0,,0.6087,12.5,-0.4286,0,1.5757,1.0,2,1,0,0,0,2,3,2022-09-30 11:40:00+05:30,2022-09-30 11:45:00+05:30,2022-09-30 15:00:00+05:30,281.75,280.3125,284.33750000000003,0.55,EOD+
S1185,ITC,2022-09-30 11:50:00+05:30,0.0515,-0.0115,1,1.0,0.1533,66.67,0.0811,0,0.9232,,0,1,1,0,1,0,1,2022-09-30 11:50:00+05:30,2022-09-30 11:55:00+05:30,2022-09-30 15:00:00+05:30,281.7,280.1910714285714,284.41607142857146,0.6,EOD+
S1186,ITC,2022-10-03 10:30:00+05:30,-0.3648,-0.441,0,,1.2724,50.0,-1.0,0,1.693,1.0,9,1,0,0,0,9,10,2022-10-03 11:15:00+05:30,2022-10-03 11:20:00+05:30,2022-10-03 13:55:00+05:30,278.05,276.0410714285714,281.66607142857146,-2.0089,L
S1187,ITC,2022-10-03 12:10:00+05:30,0.0468,0.0917,10,2.0,0.1885,91.67,-1.0,0,0.7112,1.0,7,1,1,1,0,7,8,2022-10-03 12:45:00+05:30,2022-10-03 12:50:00+05:30,2022-10-03 13:30:00+05:30,278.6,277.4392857142857,280.6892857142858,-1.1607,L
S1188,ITC,2022-10-03 13:05:00+05:30,0.0763,0.0638,3,1.0,0.1697,92.86,-1.0,0,1.0752,1.0,1,0,0,0,0,1,2,2022-10-03 13:10:00+05:30,2022-10-03 13:15:00+05:30,2022-10-03 13:35:00+05:30,278.4,277.22142857142853,280.5214285714286,-1.1786,L
S1189,ITC,2022-10-04 12:50:00+05:30,0.0817,0.0969,43,8.0,0.4025,100.0,-1.0,0,0.9397,0.0,8,0,0,1,0,8,9,2022-10-04 13:30:00+05:30,2022-10-04 13:35:00+05:30,2022-10-04 15:00:00+05:30,281.5,280.78571428571433,282.7857142857142,0.55,EOD+
S1190,ITC,2022-10-04 13:40:00+05:30,0.0036,0.0169,1,1.0,0.1672,60.0,-1.0,0,0.9825,0.0,4,1,0,1,0,4,5,2022-10-04 14:00:00+05:30,2022-10-04 14:05:00+05:30,2022-10-04 15:00:00+05:30,281.45,280.85178571428565,282.5267857142857,0.6,EOD+
S1191,ITC,2022-10-04 14:20:00+05:30,-0.0071,-0.024,3,2.0,0.7613,66.67,-0.5402,0,0.9764,0.0,2,0,1,1,0,2,3,2022-10-04 14:30:00+05:30,2022-10-04 14:35:00+05:30,2022-10-04 15:00:00+05:30,281.6,280.8857142857143,282.88571428571436,0.45,EOD+
S1192,ITC,2022-10-06 09:40:00+05:30,0.1444,,5,5.0,0.1385,70.37,0.6667,0,1.3016,,0,1,0,0,1,0,1,2022-10-06 09:40:00+05:30,2022-10-06 09:45:00+05:30,2022-10-06 10:25:00+05:30,282.2,280.575,285.125,2.925,W
S1193,ITC,2022-10-06 09:55:00+05:30,0.1018,0.1444,1,1.0,0.4345,64.29,-0.3651,0,0.7883,1.0,1,0,0,0,0,1,2,2022-10-06 10:00:00+05:30,2022-10-06 10:05:00+05:30,2022-10-06 10:25:00+05:30,282.5,280.6875,285.7625,3.2625,W
S1194,ITC,2022-10-06 10:10:00+05:30,0.0867,0.1018,0,,0.5791,83.33,-0.8901,0,1.0005,1.0,1,1,0,1,0,1,2,2022-10-06 10:15:00+05:30,2022-10-06 10:20:00+05:30,2022-10-06 10:25:00+05:30,283.75,281.7857142857143,287.2857142857143,3.5357,W
S1195,ITC,2022-10-06 12:00:00+05:30,0.2538,0.3032,20,19.0,0.2492,33.33,0.4706,0,0.3245,,0,1,0,1,1,0,1,2022-10-06 12:00:00+05:30,2022-10-06 12:05:00+05:30,2022-10-06 15:00:00+05:30,285.55,283.84464285714284,288.61964285714294,-0.35,EOD-
S1196,ITC,2022-10-06 12:20:00+05:30,0.042,0.1908,2,2.0,0.1178,54.55,1.9412,0,0.5506,,0,0,0,1,1,0,1,2022-10-06 12:20:00+05:30,2022-10-06 12:25:00+05:30,2022-10-06 15:00:00+05:30,285.85,284.0464285714286,289.09642857142865,-0.65,EOD-
S1197,ITC,2022-10-06 12:30:00+05:30,0.0333,0.07,0,,0.8513,9.09,-0.5868,0,0.6695,1.0,1,1,0,1,0,1,2,2022-10-06 12:35:00+05:30,2022-10-06 12:40:00+05:30,2022-10-06 15:00:00+05:30,285.75,283.9732142857143,288.9482142857143,-0.55,EOD-
S1198,ITC,2022-10-06 12:50:00+05:30,0.0726,0.0464,1,1.0,0.2452,83.33,-0.6364,0,0.8504,1.0,2,0,0,0,0,2,3,2022-10-06 13:00:00+05:30,2022-10-06 13:05:00+05:30,2022-10-06 14:30:00+05:30,286.1,284.6982142857143,288.6232142857143,-1.4018,L
S1199,ITC,2022-10-06 13:10:00+05:30,0.0175,0.0726,0,,1.3483,63.64,-0.9303,0,6.2862,1.0,4,0,0,0,0,4,5,2022-10-06 13:30:00+05:30,2022-10-06 13:35:00+05:30,2022-10-06 14:30:00+05:30,285.8,284.46964285714284,288.1946428571429,-1.3304,L
S1200,ITC,2022-10-07 10:40:00+05:30,-0.2331,-0.2055,0,,0.9696,30.0,-0.9024,0,2.8795,1.0,9,0,0,1,0,9,10,2022-10-07 11:25:00+05:30,2022-10-07 11:30:00+05:30,2022-10-07 11:40:00+05:30,282.9,281.5785714285714,285.27857142857135,-1.3214,L
S1201,ITC,2022-10-07 11:35:00+05:30,-0.0354,-0.0309,0,,1.3326,0.0,-0.9222,0,0.339,0.0,9,0,0,1,0,9,10,2022-10-07 12:20:00+05:30,2022-10-07 12:25:00+05:30,2022-10-07 15:00:00+05:30,282.05,280.8446428571429,284.2196428571428,0.65,EOD+
S1202,ITC,2022-10-07 12:30:00+05:30,-0.0603,-0.109,0,,0.2689,25.0,0.0345,0,0.4376,,0,1,0,1,1,0,1,2022-10-07 12:30:00+05:30,2022-10-07 12:35:00+05:30,2022-10-07 15:00:00+05:30,282.1,280.75178571428575,284.5267857142858,0.6,EOD+
S1203,ITC,2022-10-07 13:25:00+05:30,0.0381,0.0301,10,8.0,0.2882,66.67,-0.5238,0,0.93,1.0,1,1,1,0,0,1,2,2022-10-07 13:30:00+05:30,2022-10-07 13:35:00+05:30,2022-10-07 15:00:00+05:30,282.45,281.5392857142857,284.0892857142857,0.25,EOD+
S1204,ITC,2022-10-07 14:20:00+05:30,0.0345,0.0796,9,2.0,0.2139,0.0,0.8182,0,1.136,,0,0,1,0,1,0,1,2022-10-07 14:20:00+05:30,2022-10-07 14:25:00+05:30,2022-10-07 15:00:00+05:30,282.75,282.1071428571429,283.90714285714284,-0.05,EOD-
S1205,ITC,2022-10-07 14:30:00+05:30,0.0062,0.0504,0,,0.0,33.33,,1,0.9486,,0,1,1,1,1,0,1,2022-10-07 14:30:00+05:30,2022-10-07 14:35:00+05:30,2022-10-07 15:00:00+05:30,282.8,282.2107142857143,283.86071428571427,-0.1,EOD-
S1206,ITC,2022-10-10 11:20:00+05:30,-0.2114,-0.3073,0,,2.5937,83.33,-0.8864,0,0.9119,0.0,9,1,1,0,0,9,10,2022-10-10 12:05:00+05:30,2022-10-10 12:10:00+05:30,2022-10-10 13:55:00+05:30,277.65,276.8017857142857,279.1767857142857,-0.8482,L
S1207,ITC,2022-10-10 13:20:00+05:30,0.0998,0.0864,14,9.0,0.5279,28.57,0.087,0,0.8442,,0,0,0,0,1,0,1,2022-10-10 13:20:00+05:30,2022-10-10 13:25:00+05:30,2022-10-10 13:55:00+05:30,278.0,276.9107142857143,279.9607142857143,-1.0893,L
S1208,ITC,2022-10-10 13:40:00+05:30,0.0387,0.0953,0,,1.7165,33.33,-0.7163,0,1.7173,1.0,9,0,0,0,0,9,10,2022-10-10 14:25:00+05:30,2022-10-10 14:30:00+05:30,2022-10-10 15:00:00+05:30,277.45,276.42321428571427,279.29821428571427,0.0,EOD-
S1209,ITC,2022-10-11 09:15:00+05:30,,,0,,0.2462,0.0,9.5882,0,3.0702,,0,0,0,0,1,0,1,2022-10-11 09:15:00+05:30,2022-10-11 09:20:00+05:30,2022-10-11 12:35:00+05:30,278.7,277.40535714285716,281.03035714285716,-1.2946,L
S1210,ITC,2022-10-11 10:00:00+05:30,0.1428,0.2094,8,5.0,0.3464,36.36,0.4433,0,0.4922,,0,1,0,0,1,0,1,2022-10-11 10:00:00+05:30,2022-10-11 10:05:00+05:30,2022-10-11 12:40:00+05:30,278.55,276.8,281.7,-1.75,L
S1211,ITC,2022-10-11 10:40:00+05:30,0.0395,0.1014,0,,1.9261,12.5,-0.7685,0,0.7026,1.0,9,1,1,0,0,9,10,2022-10-11 11:25:00+05:30,2022-10-11 11:30:00+05:30,2022-10-11 12:40:00+05:30,278.45,277.04821428571427,280.9732142857143,-1.4018,L
S1212,ITC,2022-10-11 11:35:00+05:30,-0.08,-0.0754,2,1.0,0.5149,62.5,-0.6875,0,1.944,1.0,1,1,0,1,0,1,2,2022-10-11 11:40:00+05:30,2022-10-11 11:45:00+05:30,2022-10-11 12:30:00+05:30,278.7,277.92321428571427,280.0982142857143,-0.7768,L
S1213,ITC,2022-10-11 12:35:00+05:30,0.0242,0.0826,0,,2.5588,83.33,-0.9261,0,0.8713,0.0,9,0,0,0,0,9,10,2022-10-11 13:20:00+05:30,2022-10-11 13:25:00+05:30,2022-10-11 14:30:00+05:30,278.35,277.02857142857147,280.7285714285714,-1.3214,L
S1214,ITC,2022-10-11 13:30:00+05:30,-0.0467,-0.0162,0,,0.5215,28.57,0.0811,0,0.9717,,0,0,0,0,1,0,1,2022-10-11 13:30:00+05:30,2022-10-11 13:35:00+05:30,2022-10-11 14:30:00+05:30,278.45,277.1196428571428,280.8446428571429,-1.3304,L
S1215,ITC,2022-10-11 13:40:00+05:30,-0.0611,-0.0341,0,,0.3579,80.0,-0.7059,0,0.7206,0.0,1,0,0,1,0,1,2,2022-10-11 13:45:00+05:30,2022-10-11 13:50:00+05:30,2022-10-11 14:30:00+05:30,278.25,277.0625,280.38750000000005,-1.1875,L
S1216,ITC,2022-10-11 13:55:00+05:30,-0.0728,-0.0611,0,,0.1875,33.33,1.0,0,0.5096,,0,1,1,1,1,0,1,2022-10-11 13:55:00+05:30,2022-10-11 14:00:00+05:30,2022-10-11 14:30:00+05:30,278.25,277.24999999999994,280.05000000000007,-1.0,L
S1217,ITC,2022-10-12 09:15:00+05:30,,,0,,1.2219,90.63,-0.8492,0,0.5144,0.0,4,0,0,0,0,4,5,2022-10-12 09:35:00+05:30,2022-10-12 09:40:00+05:30,2022-10-12 10:55:00+05:30,277.35,275.31428571428575,281.01428571428573,-2.0357,L
S1218,ITC,2022-10-12 09:45:00+05:30,-0.1264,,1,1.0,0.1185,60.0,0.4286,0,0.3636,,0,1,0,0,1,0,1,2022-10-12 09:45:00+05:30,2022-10-12 09:50:00+05:30,2022-10-12 12:20:00+05:30,276.75,274.5357142857143,280.7357142857143,3.9857,W
S1219,ITC,2022-10-12 10:05:00+05:30,-0.0379,-0.093,2,2.0,0.1267,28.57,-0.0476,0,0.4235,0.0,1,0,0,1,0,1,2,2022-10-12 10:10:00+05:30,2022-10-12 10:15:00+05:30,2022-10-12 12:20:00+05:30,277.0,274.9285714285714,280.72857142857146,3.7286,W
S1220,ITC,2022-10-12 10:35:00+05:30,0.0,-0.0515,4,4.0,0.4055,12.5,-0.0476,0,0.6503,,0,0,0,0,1,0,1,2022-10-12 10:35:00+05:30,2022-10-12 10:40:00+05:30,2022-10-12 10:50:00+05:30,276.7,275.40535714285716,279.03035714285716,-1.2946,L
S1221,ITC,2022-10-12 10:45:00+05:30,0.0289,-0.0325,0,,1.6094,80.0,-0.8513,0,0.8182,1.0,6,1,0,1,0,6,7,2022-10-12 11:15:00+05:30,2022-10-12 11:20:00+05:30,2022-10-12 11:40:00+05:30,277.0,275.9553571428571,278.8803571428572,1.8804,W
S1222,ITC,2022-10-12 13:15:00+05:30,0.1716,0.2729,23,11.0,0.1028,44.44,1.8571,0,0.5565,,0,0,1,1,1,0,1,2022-10-12 13:15:00+05:30,2022-10-12 13:20:00+05:30,2022-10-12 15:00:00+05:30,279.85,278.5732142857143,282.1482142857143,-0.1,EOD-
S1223,ITC,2022-10-12 13:25:00+05:30,0.109,0.2066,0,,1.4053,75.0,-0.8491,0,0.9557,0.0,6,1,1,0,0,6,7,2022-10-12 13:55:00+05:30,2022-10-12 14:00:00+05:30,2022-10-12 15:00:00+05:30,279.85,278.67142857142863,281.9714285714286,-0.1,EOD-
S1224,ITC,2022-10-12 14:05:00+05:30,-0.0331,0.0223,2,1.0,0.1326,50.0,3.4444,0,1.2627,,0,1,0,1,1,0,1,2022-10-12 14:05:00+05:30,2022-10-12 14:10:00+05:30,2022-10-12 15:00:00+05:30,279.85,279.00178571428575,281.37678571428575,-0.1,EOD-
S1225,ITC,2022-10-13 09:15:00+05:30,,,0,,3.1682,3.45,-0.1966,0,2.1113,0.0,1,0,0,0,0,1,2,2022-10-13 09:20:00+05:30,2022-10-13 09:25:00+05:30,2022-10-13 09:50:00+05:30,280.25,278.875,282.72499999999997,-1.375,L
S1226,ITC,2022-10-13 09:30:00+05:30,,,0,,0.1286,50.0,0.7647,0,1.6185,,0,0,0,0,1,0,1,2022-10-13 09:30:00+05:30,2022-10-13 09:35:00+05:30,2022-10-13 11:30:00+05:30,279.9,278.24821428571425,282.87321428571425,-1.6518,L
S1227,ITC,2022-10-13 09:55:00+05:30,-0.0966,-0.0116,0,,1.5531,42.86,-1.0,0,0.4425,1.0,9,1,0,0,0,9,10,2022-10-13 10:40:00+05:30,2022-10-13 10:45:00+05:30,2022-10-13 15:00:00+05:30,279.45,277.73571428571427,282.5357142857143,-0.9,EOD-
S1228,ITC,2022-10-13 10:50:00+05:30,-0.034,-0.0474,0,,0.4618,11.11,0.4737,0,0.4375,,0,0,0,1,1,0,1,2022-10-13 10:50:00+05:30,2022-10-13 10:55:00+05:30,2022-10-13 11:30:00+05:30,279.35,278.0642857142857,281.66428571428577,-1.2857,L
S1229,ITC,2022-10-13 11:05:00+05:30,-0.0349,-0.034,1,1.0,0.2211,12.5,2.3333,0,0.7924,,0,0,0,1,1,0,1,2022-10-13 11:05:00+05:30,2022-10-13 11:10:00+05:30,2022-10-13 11:20:00+05:30,279.5,278.31249999999994,281.63750000000005,-1.1875,L
S1230,ITC,2022-10-13 11:15:00+05:30,-0.0573,-0.0295,0,,1.5432,78.57,-0.7938,0,0.8593,0.0,9,1,1,1,0,9,10,2022-10-13 12:00:00+05:30,2022-10-13 12:05:00+05:30,2022-10-13 13:50:00+05:30,279.2,278.02142857142854,281.3214285714286,-1.1786,L
S1231,ITC,2022-10-13 12:30:00+05:30,-0.0063,0.0081,5,3.0,0.8053,0.0,0.1765,0,0.9552,,0,0,0,0,1,0,1,2022-10-13 12:30:00+05:30,2022-10-13 12:35:00+05:30,2022-10-13 15:00:00+05:30,278.95,277.7625,281.0875,-0.4,EOD-
S1232,ITC,2022-10-13 12:40:00+05:30,-0.0287,0.0081,0,,0.0,50.0,,1,0.564,,0,0,0,0,1,0,1,2022-10-13 12:40:00+05:30,2022-10-13 12:45:00+05:30,2022-10-13 13:50:00+05:30,279.2,278.0125,281.3375,-1.1875,L
S1233,ITC,2022-10-13 12:50:00+05:30,-0.0314,-0.0224,1,1.0,0.3324,41.67,-0.0909,0,0.4091,0.0,1,0,1,1,0,1,2,2022-10-13 12:55:00+05:30,2022-10-13 13:00:00+05:30,2022-10-13 15:00:00+05:30,279.2,277.95892857142854,281.43392857142857,-0.65,EOD-
S1234,ITC,2022-10-13 13:30:00+05:30,0.0197,0.0493,0,,1.4118,54.55,-0.8333,0,1.1564,1.0,9,0,0,0,0,9,10,2022-10-13 14:15:00+05:30,2022-10-13 14:20:00+05:30,2022-10-13 15:00:00+05:30,278.95,277.8875,280.86249999999995,-0.4,EOD-
S1235,ITC,2022-10-14 10:25:00+05:30,0.1969,0.1998,14,14.0,0.4726,15.79,0.1321,0,2.0596,,0,1,0,0,1,0,1,2022-10-14 10:25:00+05:30,2022-10-14 10:30:00+05:30,2022-10-14 15:00:00+05:30,280.6,279.1982142857143,283.1232142857143,1.15,EOD+
S1236,ITC,2022-10-14 10:35:00+05:30,0.203,0.1997,0,,0.1031,25.0,0.0526,0,0.1627,,0,1,0,1,1,0,1,2022-10-14 10:35:00+05:30,2022-10-14 10:40:00+05:30,2022-10-14 15:00:00+05:30,280.85,279.6982142857143,282.9232142857143,0.9,EOD+
S1237,ITC,2022-10-14 10:50:00+05:30,0.2303,0.203,1,1.0,0.0321,0.0,11.0,0,0.9625,,0,0,0,0,1,0,1,2022-10-14 10:50:00+05:30,2022-10-14 10:55:00+05:30,2022-10-14 15:00:00+05:30,281.35,280.37678571428575,283.1017857142857,0.4,EOD+
S1238,ITC,2022-10-14 12:55:00+05:30,0.0851,0.0896,24,2.0,0.1266,11.11,2.5294,0,0.9332,,0,0,1,1,1,0,1,2022-10-14 12:55:00+05:30,2022-10-14 13:00:00+05:30,2022-10-14 13:15:00+05:30,282.3,281.46071428571435,283.81071428571425,-0.8393,L
S1239,ITC,2022-10-14 13:05:00+05:30,0.047,0.0877,0,,0.5511,0.0,-0.4595,0,0.9391,0.0,4,0,0,1,0,4,5,2022-10-14 13:25:00+05:30,2022-10-14 13:30:00+05:30,2022-10-14 13:55:00+05:30,282.35,281.5107142857143,283.86071428571427,-0.8393,L
S1240,ITC,2022-10-14 13:35:00+05:30,0.0416,0.0097,0,,0.2786,20.0,1.0513,0,0.5408,,0,0,1,1,1,0,1,2022-10-14 13:35:00+05:30,2022-10-14 13:40:00+05:30,2022-10-14 13:55:00+05:30,282.35,281.475,283.925,-0.875,L
S1241,ITC,2022-10-17 09:15:00+05:30,,,0,,1.946,10.0,-1.0,0,1.5825,0.0,6,0,1,0,0,6,7,2022-10-17 09:45:00+05:30,2022-10-17 09:50:00+05:30,2022-10-17 15:00:00+05:30,281.2,279.86071428571427,283.61071428571427,0.25,EOD+
S1242,ITC,2022-10-17 09:55:00+05:30,-0.0383,-0.1103,0,,0.3373,40.0,-0.5699,0,0.499,,0,1,1,1,1,0,1,2022-10-17 09:55:00+05:30,2022-10-17 10:00:00+05:30,2022-10-17 15:00:00+05:30,281.2,279.4767857142857,284.3017857142857,0.25,EOD+
S1243,ITC,2022-10-17 11:20:00+05:30,0.2415,0.2144,15,7.0,0.2563,25.0,-0.0244,0,0.5655,0.0,1,0,0,0,0,1,2,2022-10-17 11:25:00+05:30,2022-10-17 11:30:00+05:30,2022-10-17 14:10:00+05:30,282.65,281.65,284.45,-1.0,L
S1244,ITC,2022-10-17 11:35:00+05:30,0.1618,0.2415,0,,1.68,36.36,-0.7727,0,0.9811,1.0,7,0,0,0,0,7,8,2022-10-17 12:10:00+05:30,2022-10-17 12:15:00+05:30,2022-10-17 13:00:00+05:30,282.85,281.8678571428572,284.61785714285713,-0.9821,L
S1245,ITC,2022-10-17 12:25:00+05:30,-0.0425,-0.0301,1,1.0,0.011,57.14,19.0,0,0.7266,,0,1,1,1,1,0,1,2022-10-17 12:25:00+05:30,2022-10-17 12:30:00+05:30,2022-10-17 14:00:00+05:30,282.85,281.71607142857147,284.8910714285714,-1.1339,L
S1246,ITC,2022-10-17 12:45:00+05:30,-0.038,-0.0425,3,3.0,0.5096,90.0,-0.7802,0,0.656,0.0,1,0,1,1,0,1,2,2022-10-17 12:50:00+05:30,2022-10-17 12:55:00+05:30,2022-10-17 14:15:00+05:30,282.65,281.53392857142853,284.65892857142853,-1.1161,L
S1247,ITC,2022-10-17 13:00:00+05:30,-0.0274,-0.038,0,,1.6059,26.67,-0.4872,0,0.5782,0.0,4,0,0,0,0,4,5,2022-10-17 13:20:00+05:30,2022-10-17 13:25:00+05:30,2022-10-17 14:00:00+05:30,282.8,281.7375,284.7125,-1.0625,L
S1248,ITC,2022-10-17 13:40:00+05:30,0.0257,0.0009,3,3.0,0.35,14.29,0.0909,0,1.0879,,0,0,0,1,1,0,1,2022-10-17 13:40:00+05:30,2022-10-17 13:45:00+05:30,2022-10-17 14:10:00+05:30,282.6,281.6178571428572,284.36785714285713,-0.9821,L
S1249,ITC,2022-10-18 10:50:00+05:30,0.44,0.5146,19,6.0,0.3067,25.0,-0.5652,0,0.3661,,0,1,0,0,1,0,1,2022-10-18 10:50:00+05:30,2022-10-18 10:55:00+05:30,2022-10-18 15:00:00+05:30,286.4,284.525,289.775,1.55,EOD+
S1250,ITC,2022-10-18 11:00:00+05:30,0.3167,0.4657,0,,0.1354,55.56,-0.5122,0,0.1512,,0,0,1,0,1,0,1,2022-10-18 11:00:00+05:30,2022-10-18 11:05:00+05:30,2022-10-18 15:00:00+05:30,286.8,284.9071428571429,290.20714285714286,1.15,EOD+
S1251,ITC,2022-10-18 11:10:00+05:30,0.1875,0.3753,0,,0.0495,87.5,0.5385,0,0.0847,,0,0,0,1,1,0,1,2022-10-18 11:10:00+05:30,2022-10-18 11:15:00+05:30,2022-10-18 15:00:00+05:30,287.0,285.3571428571429,289.95714285714286,0.95,EOD+
S1252,ITC,2022-10-18 11:20:00+05:30,0.1142,0.2416,0,,0.6773,100.0,-1.0,0,0.1825,1.0,4,0,1,1,0,4,5,2022-10-18 11:40:00+05:30,2022-10-18 11:45:00+05:30,2022-10-18 15:00:00+05:30,287.15,285.4982142857143,290.1232142857142,0.8,EOD+
S1253,ITC,2022-10-18 13:15:00+05:30,0.1363,0.1251,18,12.0,0.4617,40.0,-0.1398,0,2.0071,1.0,9,0,0,0,0,9,10,2022-10-18 14:00:00+05:30,2022-10-18 14:05:00+05:30,2022-10-18 15:00:00+05:30,288.05,286.7910714285714,290.3160714285715,-0.1,EOD-
S1254,ITC,2022-10-19 09:45:00+05:30,0.117,,6,6.0,0.084,18.75,0.4815,0,0.3247,,0,0,1,1,1,0,1,2022-10-19 09:45:00+05:30,2022-10-19 09:50:00+05:30,2022-10-19 11:15:00+05:30,288.65,286.6410714285714,292.26607142857137,3.6161,W
S1255,ITC,2022-10-19 09:55:00+05:30,0.0892,0.1395,0,,0.9008,57.89,-0.6066,0,0.546,,0,1,1,0,1,0,1,2022-10-19 09:55:00+05:30,2022-10-19 10:00:00+05:30,2022-10-19 11:15:00+05:30,288.9,286.7839285714286,292.70892857142854,3.8089,W
S1256,ITC,2022-10-19 10:15:00+05:30,0.1263,0.0857,2,2.0,0.8175,12.5,0.1009,0,1.3073,,0,1,1,0,1,0,1,2022-10-19 10:15:00+05:30,2022-10-19 10:20:00+05:30,2022-10-19 11:15:00+05:30,289.25,286.75,293.75,4.5,W
S1257,ITC,2022-10-19 10:25:00+05:30,0.1168,0.1108,0,,0.0811,83.33,-1.0,0,1.9061,1.0,2,0,0,0,0,2,3,2022-10-19 10:35:00+05:30,2022-10-19 10:40:00+05:30,2022-10-19 11:15:00+05:30,290.45,288.3696428571428,294.19464285714287,3.7446,W
S1258,ITC,2022-10-19 12:55:00+05:30,0.1673,0.2494,27,20.0,0.4849,53.85,-0.3548,0,0.7588,1.0,6,1,0,0,0,6,7,2022-10-19 13:25:00+05:30,2022-10-19 13:30:00+05:30,2022-10-19 15:00:00+05:30,292.85,291.25178571428575,295.72678571428577,0.55,EOD+
S1259,ITC,2022-10-19 13:35:00+05:30,0.029,-0.0444,0,,0.2045,0.0,1.2222,0,1.1621,,0,0,0,1,1,0,1,2022-10-19 13:35:00+05:30,2022-10-19 13:40:00+05:30,2022-10-19 15:00:00+05:30,293.0,291.625,295.475,0.4,EOD+
S1260,ITC,2022-10-19 13:45:00+05:30,0.0162,0.0196,0,,1.3142,50.0,-0.9313,0,1.8178,1.0,4,1,0,1,0,4,5,2022-10-19 14:05:00+05:30,2022-10-19 14:10:00+05:30,2022-10-19 15:00:00+05:30,293.3,291.91607142857146,295.79107142857146,0.1,EOD+
S1261,ITC,2022-10-20 09:40:00+05:30,0.148,,5,3.0,0.22,70.83,-1.0,0,0.6403,0.0,1,1,0,0,0,1,2,2022-10-20 09:45:00+05:30,2022-10-20 09:50:00+05:30,2022-10-20 15:00:00+05:30,294.2,291.7,298.7,0.95,EOD+
S1262,ITC,2022-10-20 10:35:00+05:30,-0.0128,-0.0723,0,,0.9014,37.5,-0.9291,0,0.372,1.0,9,0,0,0,0,9,10,2022-10-20 11:20:00+05:30,2022-10-20 11:25:00+05:30,2022-10-20 15:00:00+05:30,293.3,291.3446428571429,296.81964285714287,1.85,EOD+
S1263,ITC,2022-10-20 11:30:00+05:30,-0.1134,-0.1611,0,,1.2833,0.0,-0.3388,0,0.517,0.0,1,1,1,1,0,1,2,2022-10-20 11:35:00+05:30,2022-10-20 11:40:00+05:30,2022-10-20 14:30:00+05:30,293.15,291.97142857142853,295.2714285714286,2.1214,W
S1264,ITC,2022-10-20 12:00:00+05:30,0.0742,-0.0316,3,3.0,0.5927,91.67,-0.8276,0,0.9908,0.0,2,1,0,1,0,2,3,2022-10-20 12:10:00+05:30,2022-10-20 12:15:00+05:30,2022-10-20 15:00:00+05:30,293.6,292.3767857142857,295.8017857142858,2.2018,W
S1265,ITC,2022-10-20 13:15:00+05:30,0.0961,0.1106,12,6.0,0.4725,10.0,0.4815,0,0.8743,,0,1,1,1,1,0,1,2022-10-20 13:15:00+05:30,2022-10-20 13:20:00+05:30,2022-10-20 15:00:00+05:30,294.1,293.02857142857147,296.0285714285714,1.9286,W
S1266,ITC,2022-10-20 13:25:00+05:30,0.0689,0.1063,0,,0.225,28.57,1.2222,0,0.692,,0,1,1,1,1,0,1,2022-10-20 13:25:00+05:30,2022-10-20 13:30:00+05:30,2022-10-20 13:40:00+05:30,294.15,293.15,295.95,-1.0,L
S1267,ITC,2022-10-20 13:35:00+05:30,0.0451,0.0765,0,,0.8813,100.0,-1.0,0,1.0671,0.0,5,0,0,0,0,5,6,2022-10-20 14:00:00+05:30,2022-10-20 14:05:00+05:30,2022-10-20 15:00:00+05:30,294.25,293.0089285714286,296.4839285714285,0.9,EOD+
S1268,ITC,2022-10-20 14:10:00+05:30,0.0119,0.0179,0,,0.2892,50.0,0.1594,0,0.5373,,0,0,0,1,1,0,1,2022-10-20 14:10:00+05:30,2022-10-20 14:15:00+05:30,2022-10-20 15:00:00+05:30,294.35,292.85892857142863,297.0339285714286,0.8,EOD+
S1269,ITC,2022-10-21 09:15:00+05:30,,,0,,1.5844,75.68,-0.0894,0,3.1267,0.0,1,0,0,0,0,1,2,2022-10-21 09:20:00+05:30,2022-10-21 09:25:00+05:30,2022-10-21 09:30:00+05:30,298.65,296.31071428571425,302.86071428571427,-2.3393,L
S1270,ITC,2022-10-21 09:30:00+05:30,,,1,1.0,0.0918,28.57,4.098,0,0.879,,0,1,0,0,1,0,1,2022-10-21 09:30:00+05:30,2022-10-21 09:35:00+05:30,2022-10-21 14:25:00+05:30,296.15,292.6767857142857,302.40178571428567,-3.4732,L
S1271,ITC,2022-10-21 10:05:00+05:30,0.2024,0.2447,6,4.0,0.1898,86.96,-0.52,0,0.1858,0.0,1,0,0,1,0,1,2,2022-10-21 10:10:00+05:30,2022-10-21 10:15:00+05:30,2022-10-21 14:30:00+05:30,296.6,292.4839285714286,304.0089285714286,-4.1161,L
S1272,ITC,2022-10-21 10:20:00+05:30,0.1154,0.2024,0,,0.563,44.44,-0.8396,0,0.1808,0.0,3,0,0,0,0,3,4,2022-10-21 10:35:00+05:30,2022-10-21 10:40:00+05:30,2022-10-21 14:25:00+05:30,296.75,292.5982142857143,304.2232142857143,-4.1518,L
S1273,ITC,2022-10-25 09:25:00+05:30,,,2,2.0,0.7801,84.38,-0.7654,0,0.9758,0.0,1,1,0,0,0,1,2,2022-10-25 09:30:00+05:30,2022-10-25 09:35:00+05:30,2022-10-25 15:00:00+05:30,292.95,290.2178571428571,297.8678571428572,0.35,EOD+
S1274,ITC,2022-10-25 12:50:00+05:30,-0.0873,-0.1574,0,,1.414,25.0,-0.802,0,1.0774,1.0,9,0,0,1,0,9,10,2022-10-25 13:35:00+05:30,2022-10-25 13:40:00+05:30,2022-10-25 15:00:00+05:30,292.3,291.40714285714284,293.90714285714284,1.0,EOD+
S1275,ITC,2022-10-27 09:15:00+05:30,,,0,,1.1941,55.56,-0.9373,0,1.1525,0.0,1,1,1,1,0,1,2,2022-10-27 09:20:00+05:30,2022-10-27 09:25:00+05:30,2022-10-27 12:05:00+05:30,293.65,291.9803571428571,296.65535714285716,-1.6696,L
S1276,ITC,2022-10-27 09:40:00+05:30,0.0887,,3,3.0,0.0095,11.11,32.3333,0,0.3759,,0,0,0,1,1,0,1,2022-10-27 09:40:00+05:30,2022-10-27 09:45:00+05:30,2022-10-27 13:55:00+05:30,293.4,291.43571428571425,296.9357142857143,-1.9643,L
S1277,ITC,2022-10-27 09:50:00+05:30,0.0682,,0,,0.6876,69.23,-0.819,0,0.4721,0.0,5,0,1,1,0,5,6,2022-10-27 10:15:00+05:30,2022-10-27 10:20:00+05:30,2022-10-27 13:55:00+05:30,293.5,291.4910714285714,297.11607142857144,-2.0089,L
S1278,ITC,2022-10-27 10:25:00+05:30,0.0034,-0.0077,1,1.0,0.1023,0.0,3.0,0,0.3955,,0,0,1,1,1,0,1,2022-10-27 10:25:00+05:30,2022-10-27 10:30:00+05:30,2022-10-27 12:05:00+05:30,293.5,291.9732142857143,296.2482142857143,-1.5268,L
S1279,ITC,2022-10-28 11:10:00+05:30,0.0348,0.0858,23,23.0,0.0068,0.0,59.0,0,0.9289,,0,0,0,0,1,0,1,2022-10-28 11:10:00+05:30,2022-10-28 11:15:00+05:30,2022-10-28 12:00:00+05:30,294.6,293.68035714285713,296.2553571428572,-0.9196,L
S1280,ITC,2022-10-28 11:20:00+05:30,0.0458,0.0492,0,,0.48,0.0,0.6667,0,1.0412,,0,0,0,1,1,0,1,2022-10-28 11:20:00+05:30,2022-10-28 11:25:00+05:30,2022-10-28 11:55:00+05:30,294.6,293.975,295.7250000000001,-0.625,L
S1281,ITC,2022-10-31 12:55:00+05:30,-0.1633,-0.1589,0,,3.1895,63.64,-0.9292,0,1.5205,1.0,9,0,0,0,0,9,10,2022-10-31 13:40:00+05:30,2022-10-31 13:45:00+05:30,2022-10-31 15:00:00+05:30,293.3,292.1928571428572,295.29285714285714,1.5,EOD+
S1282,ITC,2022-10-31 13:50:00+05:30,-0.1178,-0.1698,0,,0.0111,20.0,19.0,0,0.794,,0,0,1,0,1,0,1,2022-10-31 13:50:00+05:30,2022-10-31 13:55:00+05:30,2022-10-31 15:00:00+05:30,293.05,291.925,295.07500000000005,2.025,W
S1283,ITC,2022-10-31 14:10:00+05:30,-0.0529,-0.1016,3,3.0,0.2484,23.53,1.2727,0,2.6827,,0,1,0,0,1,0,1,2022-10-31 14:10:00+05:30,2022-10-31 14:15:00+05:30,2022-10-31 15:00:00+05:30,293.1,291.99285714285713,295.0928571428572,1.9929,W
S1284,ITC,2022-11-01 09:15:00+05:30,,,0,,0.1332,36.17,8.7143,0,1.5079,,0,0,1,0,1,0,1,2022-11-01 09:15:00+05:30,2022-11-01 09:20:00+05:30,2022-11-01 15:00:00+05:30,295.1,293.45714285714286,298.0571428571429,0.55,EOD+
S1285,ITC,2022-11-01 09:25:00+05:30,,,1,1.0,0.0112,55.56,19.0,0,0.5587,,0,0,0,0,1,0,1,2022-11-01 09:25:00+05:30,2022-11-01 09:30:00+05:30,2022-11-01 15:00:00+05:30,294.55,292.87142857142857,297.5714285714286,1.1,EOD+
S1286,ITC,2022-11-01 09:35:00+05:30,,,0,,0.4136,0.0,-0.2308,0,0.4644,1.0,1,1,1,1,0,1,2,2022-11-01 09:40:00+05:30,2022-11-01 09:45:00+05:30,2022-11-01 15:00:00+05:30,295.3,293.7285714285714,298.1285714285715,0.35,EOD+
S1287,ITC,2022-11-01 10:05:00+05:30,0.1965,0.1746,4,4.0,0.2558,61.11,2.4211,0,3.4448,,0,0,0,0,1,0,1,2022-11-01 10:05:00+05:30,2022-11-01 10:10:00+05:30,2022-11-01 10:45:00+05:30,296.75,294.8928571428571,300.0928571428572,-1.8571,L
S1288,ITC,2022-11-01 10:30:00+05:30,0.0964,0.1642,4,4.0,0.2692,30.77,0.7143,0,0.5289,,0,0,0,0,1,0,1,2022-11-01 10:30:00+05:30,2022-11-01 10:35:00+05:30,2022-11-01 15:00:00+05:30,295.6,293.97499999999997,298.5250000000001,0.05,EOD+
S1289,ITC,2022-11-01 10:40:00+05:30,0.0347,0.1311,0,,0.7761,54.55,-0.6078,0,0.8541,1.0,1,1,0,1,0,1,2,2022-11-01 10:45:00+05:30,2022-11-01 10:50:00+05:30,2022-11-01 15:00:00+05:30,295.6,293.95714285714286,298.55714285714294,0.05,EOD+
S1290,ITC,2022-11-01 11:00:00+05:30,0.0152,0.0161,1,1.0,0.5056,92.31,-0.8462,0,1.1577,0.0,1,1,0,0,0,1,2,2022-11-01 11:05:00+05:30,2022-11-01 11:10:00+05:30,2022-11-01 15:00:00+05:30,295.7,294.09285714285716,298.59285714285716,-0.05,EOD-
S1291,ITC,2022-11-01 11:35:00+05:30,0.0912,0.1132,4,4.0,0.2452,8.33,2.2727,0,0.4372,,0,0,0,0,1,0,1,2022-11-01 11:35:00+05:30,2022-11-01 11:40:00+05:30,2022-11-01 13:00:00+05:30,296.3,294.8982142857143,298.82321428571424,-1.4018,L
S1292,ITC,2022-11-01 11:45:00+05:30,0.0211,0.109,0,,0.28,100.0,-1.0,0,9.8582,1.0,2,0,0,0,0,2,3,2022-11-01 11:55:00+05:30,2022-11-01 12:00:00+05:30,2022-11-01 13:00:00+05:30,296.35,295.01071428571436,298.76071428571424,-1.3393,L
S1293,ITC,2022-11-01 12:05:00+05:30,-0.0169,-0.0076,0,,0.2553,84.62,-0.3103,0,0.2405,,0,0,0,1,1,0,1,2022-11-01 12:05:00+05:30,2022-11-01 12:10:00+05:30,2022-11-01 13:00:00+05:30,296.45,295.03035714285716,299.00535714285706,-1.4196,L
S1294,ITC,2022-11-01 12:15:00+05:30,0.027,-0.0253,0,,0.3524,80.0,-1.0,0,0.1791,,0,1,0,0,1,0,1,2022-11-01 12:15:00+05:30,2022-11-01 12:20:00+05:30,2022-11-01 15:00:00+05:30,295.95,294.6375,298.31249999999994,-0.3,EOD-
S1295,ITC,2022-11-01 12:55:00+05:30,-0.0236,0.038,0,,1.4789,60.0,-1.0,0,0.5542,1.0,9,1,0,1,0,9,10,2022-11-01 13:40:00+05:30,2022-11-01 13:45:00+05:30,2022-11-01 15:00:00+05:30,295.65,294.4625,297.78749999999997,0.0,EOD-
S1296,ITC,2022-11-01 13:55:00+05:30,-0.0304,-0.0347,1,1.0,0.2355,72.73,-0.4595,0,0.9334,0.0,1,0,0,1,0,1,2,2022-11-01 14:00:00+05:30,2022-11-01 14:05:00+05:30,2022-11-01 15:00:00+05:30,295.8,294.8178571428572,297.5678571428571,-0.15,EOD-
S1297,ITC,2022-11-01 14:10:00+05:30,-0.0288,-0.0304,0,,0.6108,0.0,0.573,0,1.0918,,0,1,0,1,1,0,1,2022-11-01 14:10:00+05:30,2022-11-01 14:15:00+05:30,2022-11-01 15:00:00+05:30,295.7,294.7892857142857,297.33928571428567,-0.05,EOD-
S1298,ITC,2022-11-02 09:15:00+05:30,,,0,,1.3364,65.96,-1.0,0,2.2708,,0,1,0,0,1,0,1,2022-11-02 09:15:00+05:30,2022-11-02 09:20:00+05:30,2022-11-02 09:45:00+05:30,296.7,295.325,299.175,2.475,W
S1299,ITC,2022-11-02 11:00:00+05:30,0.2638,0.3277,20,14.0,0.3596,60.0,-0.4667,0,2.4221,1.0,2,0,0,0,0,2,3,2022-11-02 11:10:00+05:30,2022-11-02 11:15:00+05:30,2022-11-02 13:40:00+05:30,300.4,299.0964285714286,302.74642857142845,-1.3036,L
S1300,ITC,2022-11-02 11:20:00+05:30,0.185,0.2195,1,1.0,0.384,79.31,0.25,0,1.1288,,0,1,0,1,1,0,1,2022-11-02 11:20:00+05:30,2022-11-02 11:25:00+05:30,2022-11-02 12:30:00+05:30,301.05,299.48750000000007,303.86249999999995,-1.5625,L
S1301,ITC,2022-11-02 12:35:00+05:30,-0.0167,-0.0175,0,,1.635,72.73,-0.8802,0,0.4936,1.0,9,0,0,1,0,9,10,2022-11-02 13:20:00+05:30,2022-11-02 13:25:00+05:30,2022-11-02 13:50:00+05:30,299.85,298.5732142857143,302.14821428571435,-1.2768,L
S1302,ITC,2022-11-02 13:30:00+05:30,-0.0567,-0.0884,0,,0.4294,0.0,0.0959,0,0.781,,0,0,0,0,1,0,1,2022-11-02 13:30:00+05:30,2022-11-02 13:35:00+05:30,2022-11-02 13:40:00+05:30,299.85,298.78749999999997,301.7625000000001,-1.0625,L
S1303,ITC,2022-11-02 13:40:00+05:30,-0.0492,-0.0817,0,,2.3094,57.14,-0.7613,0,1.9578,0.0,6,1,0,1,0,6,7,2022-11-02 14:10:00+05:30,2022-11-02 14:15:00+05:30,2022-11-02 15:00:00+05:30,299.65,298.51607142857137,301.6910714285715,1.2,EOD+
S1304,ITC,2022-11-03 09:15:00+05:30,,,0,,0.4371,72.73,-1.0,0,1.9937,,0,1,0,1,1,0,1,2022-11-03 09:15:00+05:30,2022-11-03 09:20:00+05:30,2022-11-03 12:50:00+05:30,301.45,299.6196428571428,304.7446428571428,-1.8304,L
S1305,ITC,2022-11-03 13:25:00+05:30,-0.1341,-0.213,0,,0.9164,16.67,-0.7222,0,0.6357,1.0,9,0,0,1,0,9,10,2022-11-03 14:10:00+05:30,2022-11-03 14:15:00+05:30,2022-11-03 15:00:00+05:30,299.85,298.8678571428572,301.6178571428572,0.0,EOD-
S1306,ITC,2022-11-03 14:20:00+05:30,-0.0626,-0.1001,1,1.0,0.464,33.33,0.4035,0,0.8577,,0,0,0,1,1,0,1,2022-11-03 14:20:00+05:30,2022-11-03 14:25:00+05:30,2022-11-03 15:00:00+05:30,299.75,298.98214285714283,301.1321428571429,0.1,EOD+
S1307,ITC,2022-11-04 09:15:00+05:30,,,0,,0.3645,56.0,0.9048,0,1.8344,,0,0,1,0,1,0,1,2022-11-04 09:15:00+05:30,2022-11-04 09:20:00+05:30,2022-11-04 09:20:00+05:30,300.75,299.66964285714283,302.69464285714287,-1.0804,L
S1308,ITC,2022-11-04 09:25:00+05:30,,,0,,0.1987,50.0,2.6364,0,0.6534,,0,0,0,1,1,0,1,2022-11-04 09:25:00+05:30,2022-11-04 09:30:00+05:30,2022-11-04 14:20:00+05:30,300.5,299.1160714285714,302.99107142857144,-1.3839,L
S1309,ITC,2022-11-04 09:35:00+05:30,,,1,1.0,0.0709,87.5,-1.0,0,0.8971,1.0,1,0,0,1,0,1,2,2022-11-04 09:40:00+05:30,2022-11-04 09:45:00+05:30,2022-11-04 14:05:00+05:30,300.8,299.38928571428573,303.3392857142858,-1.4107,L
S1310,ITC,2022-11-04 10:30:00+05:30,0.089,0.1124,8,5.0,0.0659,28.57,1.5,0,0.4911,,0,0,0,1,1,0,1,2022-11-04 10:30:00+05:30,2022-11-04 10:35:00+05:30,2022-11-04 14:20:00+05:30,300.5,298.9821428571429,303.23214285714283,-1.5179,L
S1311,ITC,2022-11-04 10:40:00+05:30,0.0724,0.1049,0,,0.4752,57.14,-0.6429,0,1.7478,,0,0,0,0,1,0,1,2022-11-04 10:40:00+05:30,2022-11-04 10:45:00+05:30,2022-11-04 14:20:00+05:30,300.55,299.07678571428573,303.20178571428573,-1.4732,L
S1312,ITC,2022-11-04 10:50:00+05:30,0.0591,0.079,0,,0.9665,50.0,-0.7196,0,1.8423,1.0,4,0,0,0,0,4,5,2022-11-04 11:10:00+05:30,2022-11-04 11:15:00+05:30,2022-11-04 14:00:00+05:30,300.9,299.5160714285714,303.39107142857137,-1.3839,L
S1313,ITC,2022-11-04 11:20:00+05:30,0.0158,0.01,0,,0.4872,28.57,-0.5402,0,0.7083,0.0,6,0,0,0,0,6,7,2022-11-04 11:50:00+05:30,2022-11-04 11:55:00+05:30,2022-11-04 12:10:00+05:30,300.75,299.63392857142856,302.75892857142856,-1.1161,L
S1314,ITC,2022-11-04 12:25:00+05:30,-0.0558,-0.0524,0,,0.9625,20.0,-0.8864,0,0.3395,1.0,9,0,0,1,0,9,10,2022-11-04 13:10:00+05:30,2022-11-04 13:15:00+05:30,2022-11-04 14:20:00+05:30,300.2,299.0571428571428,302.25714285714287,-1.1429,L
S1315,ITC,2022-11-04 13:20:00+05:30,-0.02,-0.0525,0,,0.7903,25.0,-0.4286,0,0.6116,0.0,1,0,0,0,0,1,2,2022-11-04 13:25:00+05:30,2022-11-04 13:30:00+05:30,2022-11-04 14:20:00+05:30,300.0,299.1696428571429,301.4946428571428,-0.8304,L
S1316,ITC,2022-11-07 09:55:00+05:30,0.105,0.11,8,8.0,0.0281,70.0,4.0,0,0.5175,,0,0,1,1,1,0,1,2022-11-07 09:55:00+05:30,2022-11-07 10:00:00+05:30,2022-11-07 10:30:00+05:30,300.2,298.42321428571427,303.3982142857143,-1.7768,L
S1317,ITC,2022-11-07 10:30:00+05:30,-0.0275,0.0283,0,,2.9122,20.0,-0.8767,0,0.5781,0.0,9,1,1,0,0,9,10,2022-11-07 11:15:00+05:30,2022-11-07 11:20:00+05:30,2022-11-07 11:45:00+05:30,299.45,298.0571428571429,301.95714285714286,-1.3929,L
S1318,ITC,2022-11-07 11:35:00+05:30,-0.1154,-0.1663,3,2.0,0.0,100.0,,1,0.4344,0.0,9,0,0,1,0,9,10,2022-11-07 12:20:00+05:30,2022-11-07 12:25:00+05:30,2022-11-07 12:55:00+05:30,298.8,297.3803571428572,301.35535714285714,-1.4196,L
S1319,ITC,2022-11-07 13:10:00+05:30,-0.1635,-0.0369,0,,1.9196,71.43,-0.9105,0,0.6014,1.0,9,0,1,0,0,9,10,2022-11-07 13:55:00+05:30,2022-11-07 14:00:00+05:30,2022-11-07 15:00:00+05:30,297.75,296.29464285714283,300.3696428571429,1.45,EOD+
S1320,ITC,2022-11-07 14:10:00+05:30,-0.063,-0.0949,1,1.0,0.0514,66.67,4.0,0,0.5325,,0,0,0,1,1,0,1,2022-11-07 14:10:00+05:30,2022-11-07 14:15:00+05:30,2022-11-07 14:50:00+05:30,297.55,296.5767857142857,299.30178571428576,1.7518,W
S1321,ITC,2022-11-07 14:20:00+05:30,-0.0656,-0.0689,0,,0.2642,75.0,-1.0,0,0.7774,,0,1,0,0,1,0,1,2022-11-07 14:20:00+05:30,2022-11-07 14:25:00+05:30,2022-11-07 14:50:00+05:30,297.6,296.65357142857147,299.30357142857144,1.7036,W
S1322,ITC,2022-11-09 10:40:00+05:30,0.2393,0.2629,17,16.0,0.1268,50.0,0.7391,0,0.2779,,0,0,0,1,1,0,1,2022-11-09 10:40:00+05:30,2022-11-09 10:45:00+05:30,2022-11-09 13:35:00+05:30,302.1,300.96607142857147,304.1410714285714,2.0411,W
S1323,ITC,2022-11-09 10:50:00+05:30,0.2151,0.2411,0,,1.0412,50.0,-0.661,0,0.6531,1.0,6,1,1,1,0,6,7,2022-11-09 11:20:00+05:30,2022-11-09 11:25:00+05:30,2022-11-09 13:35:00+05:30,302.4,301.33750000000003,304.31249999999994,1.9125,W
S1324,ITC,2022-11-09 13:10:00+05:30,0.0989,0.1435,21,4.0,0.1633,69.23,2.8095,0,0.5868,,0,1,1,1,1,0,1,2022-11-09 13:10:00+05:30,2022-11-09 13:15:00+05:30,2022-11-09 14:25:00+05:30,303.55,302.74642857142857,304.99642857142857,1.4464,W
S1325,ITC,2022-11-09 13:20:00+05:30,0.0503,0.1269,0,,0.1101,25.0,3.2857,0,0.5889,,0,1,0,1,1,0,1,2022-11-09 13:20:00+05:30,2022-11-09 13:25:00+05:30,2022-11-09 13:45:00+05:30,303.5,302.70535714285717,304.93035714285713,1.4304,W
S1326,ITC,2022-11-10 10:40:00+05:30,-0.3217,-0.2806,0,,1.1926,83.33,-0.9379,0,0.474,1.0,9,0,1,1,0,9,10,2022-11-10 11:25:00+05:30,2022-11-10 11:30:00+05:30,2022-11-10 15:00:00+05:30,301.45,299.7625,304.4875,0.15,EOD+
S1327,ITC,2022-11-10 11:35:00+05:30,-0.0299,-0.146,0,,0.8458,40.0,-0.3103,0,0.1468,0.0,2,0,0,1,0,2,3,2022-11-10 11:45:00+05:30,2022-11-10 11:50:00+05:30,2022-11-10 15:00:00+05:30,301.35,300.06428571428575,303.66428571428577,0.25,EOD+
S1328,ITC,2022-11-10 11:55:00+05:30,-0.0282,-0.0315,0,,0.5139,18.18,-1.0,0,0.9565,1.0,1,1,0,0,0,1,2,2022-11-10 12:00:00+05:30,2022-11-10 12:05:00+05:30,2022-11-10 15:00:00+05:30,301.2,299.7892857142857,303.73928571428576,0.4,EOD+
S1329,ITC,2022-11-10 12:20:00+05:30,-0.0224,-0.0315,2,2.0,0.9062,22.22,0.164,0,1.1314,,0,1,0,0,1,0,1,2022-11-10 12:20:00+05:30,2022-11-10 12:25:00+05:30,2022-11-10 15:00:00+05:30,301.15,299.84642857142853,303.4964285714286,0.45,EOD+
S1330,ITC,2022-11-10 12:40:00+05:30,0.0241,-0.0141,3,1.0,0.419,64.29,-0.0588,0,0.575,1.0,7,1,0,1,0,7,8,2022-11-10 13:15:00+05:30,2022-11-10 13:20:00+05:30,2022-11-10 14:40:00+05:30,301.5,300.23214285714283,303.7821428571429,-1.2679,L
S1331,ITC,2022-11-10 13:25:00+05:30,0.0158,0.01,0,,0.3331,16.67,1.6087,0,1.18,,0,0,0,0,1,0,1,2022-11-10 13:25:00+05:30,2022-11-10 13:30:00+05:30,2022-11-10 14:40:00+05:30,301.7,300.4053571428571,304.03035714285716,-1.2946,L
S1332,ITC,2022-11-10 13:55:00+05:30,0.0299,0.044,5,1.0,0.0059,16.67,79.0,0,1.6236,,0,0,0,0,1,0,1,2022-11-10 13:55:00+05:30,2022-11-10 14:00:00+05:30,2022-11-10 14:40:00+05:30,301.55,300.4875,303.46250000000003,-1.0625,L
S1333,ITC,2022-11-10 14:10:00+05:30,0.0182,0.0299,1,1.0,0.0752,0.0,5.1538,0,2.0073,,0,0,0,0,1,0,1,2022-11-10 14:10:00+05:30,2022-11-10 14:15:00+05:30,2022-11-10 14:40:00+05:30,301.6,300.51964285714286,303.54464285714295,-1.0804,L
S1334,ITC,2022-11-11 10:30:00+05:30,0.1667,0.2131,15,15.0,0.105,11.11,4.0,0,0.3098,,0,0,0,1,1,0,1,2022-11-11 10:30:00+05:30,2022-11-11 10:35:00+05:30,2022-11-11 10:55:00+05:30,303.2,301.7714285714286,305.7714285714285,-1.4286,L
S1335,ITC,2022-11-11 12:20:00+05:30,-0.1741,-0.169,0,,1.0243,45.45,-0.9228,0,0.7052,0.0,9,0,0,0,0,9,10,2022-11-11 13:05:00+05:30,2022-11-11 13:10:00+05:30,2022-11-11 15:00:00+05:30,301.3,299.7196428571429,304.14464285714286,-0.2,EOD-
S1336,ITC,2022-11-11 13:15:00+05:30,-0.0025,-0.0357,0,,0.9444,9.09,-0.1765,0,0.5645,0.0,1,1,0,1,0,1,2,2022-11-11 13:20:00+05:30,2022-11-11 13:25:00+05:30,2022-11-11 15:00:00+05:30,301.15,300.025,303.17499999999995,-0.05,EOD-
S1337,ITC,2022-11-11 13:30:00+05:30,-0.0291,-0.0025,0,,0.1855,75.0,0.2903,0,0.768,,0,0,0,1,1,0,1,2022-11-11 13:30:00+05:30,2022-11-11 13:35:00+05:30,2022-11-11 15:00:00+05:30,301.45,300.40535714285716,303.3303571428571,-0.35,EOD-
S1338,ITC,2022-11-11 13:50:00+05:30,0.0116,-0.0282,3,3.0,0.7483,73.33,-0.5161,0,0.8388,0.0,1,1,1,0,0,1,2,2022-11-11 13:55:00+05:30,2022-11-11 14:00:00+05:30,2022-11-11 15:00:00+05:30,301.5,300.4642857142857,303.36428571428576,-0.4,EOD-
S1339,ITC,2022-11-11 14:25:00+05:30,0.073,0.0473,5,2.0,0.6507,93.75,-1.0,0,0.8861,0.0,1,0,0,1,0,1,2,2022-11-11 14:30:00+05:30,2022-11-11 14:35:00+05:30,2022-11-11 15:00:00+05:30,301.35,300.08214285714286,303.63214285714287,-0.25,EOD-
S1340,ITC,2022-11-14 10:25:00+05:30,-0.1598,-0.1522,0,,2.3594,33.33,-0.8755,0,1.253,1.0,9,0,1,1,0,9,10,2022-11-14 11:10:00+05:30,2022-11-14 11:15:00+05:30,2022-11-14 11:35:00+05:30,299.65,298.37321428571425,301.9482142857143,-1.2768,L
S1341,ITC,2022-11-14 11:20:00+05:30,-0.0776,-0.1343,0,,0.1191,66.67,0.25,0,0.5026,,0,0,0,0,1,0,1,2022-11-14 11:20:00+05:30,2022-11-14 11:25:00+05:30,2022-11-14 11:30:00+05:30,299.55,298.7107142857143,301.0607142857143,-0.8393,L
S1342,ITC,2022-11-14 13:40:00+05:30,-0.2096,-0.2761,0,,2.3839,37.5,-0.7716,0,0.7648,0.0,9,0,0,0,0,9,10,2022-11-14 14:25:00+05:30,2022-11-14 14:30:00+05:30,2022-11-14 15:00:00+05:30,295.1,293.49285714285713,297.9928571428572,-0.65,EOD-
S1343,ITC,2022-11-15 10:30:00+05:30,-0.4746,-0.4972,0,,2.9937,56.0,-0.9065,0,0.3845,0.0,9,1,1,1,0,9,10,2022-11-15 11:15:00+05:30,2022-11-15 11:20:00+05:30,2022-11-15 15:00:00+05:30,289.35,286.6714285714286,294.1714285714286,2.5,EOD+
S1344,ITC,2022-11-15 12:20:00+05:30,0.1218,0.0605,12,12.0,0.6243,6.67,0.8182,0,0.6636,,0,0,1,0,1,0,1,2022-11-15 12:20:00+05:30,2022-11-15 12:25:00+05:30,2022-11-15 15:00:00+05:30,289.8,288.47857142857146,292.1785714285714,2.3786,W
S1345,ITC,2022-11-15 12:30:00+05:30,0.1226,0.1071,0,,0.1148,57.14,0.0,0,0.4633,,0,0,0,0,1,0,1,2022-11-15 12:30:00+05:30,2022-11-15 12:35:00+05:30,2022-11-15 14:20:00+05:30,289.75,288.66071428571433,291.71071428571423,1.9607,W
S1346,ITC,2022-11-15 12:40:00+05:30,0.0993,0.1183,0,,0.391,0.0,-0.3548,0,0.4236,1.0,7,1,1,1,0,7,8,2022-11-15 13:15:00+05:30,2022-11-15 13:20:00+05:30,2022-11-15 14:25:00+05:30,290.1,289.10892857142863,291.88392857142856,1.7839,W
S1347,ITC,2022-11-16 09:55:00+05:30,-0.0909,-0.0154,0,,1.6249,61.54,-0.922,0,1.107,1.0,9,1,1,0,0,9,10,2022-11-16 10:40:00+05:30,2022-11-16 10:45:00+05:30,2022-11-16 15:00:00+05:30,291.25,289.2767857142857,294.8017857142857,0.3,EOD+
S1348,ITC,2022-11-16 11:45:00+05:30,0.145,0.1597,12,6.0,0.0323,60.0,5.6667,0,0.9287,,0,0,0,0,1,0,1,2022-11-16 11:45:00+05:30,2022-11-16 11:50:00+05:30,2022-11-16 15:00:00+05:30,291.4,290.2392857142857,293.4892857142857,0.15,EOD+
S1349,ITC,2022-11-16 11:55:00+05:30,0.1098,0.1596,0,,1.1148,20.0,-0.186,0,0.7797,,0,0,0,0,1,0,1,2022-11-16 11:55:00+05:30,2022-11-16 12:00:00+05:30,2022-11-16 15:00:00+05:30,291.5,290.5357142857143,293.2357142857143,0.05,EOD+
S1350,ITC,2022-11-16 12:05:00+05:30,0.1072,0.1252,0,,1.1313,20.0,-0.625,0,0.6897,0.0,3,1,0,1,0,3,4,2022-11-16 12:20:00+05:30,2022-11-16 12:25:00+05:30,2022-11-16 12:50:00+05:30,291.85,290.96607142857147,293.4410714285715,-0.8839,L
S1351,ITC,2022-11-16 12:30:00+05:30,0.0694,0.1028,1,1.0,0.8364,100.0,-1.0,0,1.6517,1.0,9,0,0,0,0,9,10,2022-11-16 13:15:00+05:30,2022-11-16 13:20:00+05:30,2022-11-16 14:20:00+05:30,291.75,290.69642857142856,293.64642857142854,-1.0536,L
S1352,ITC,2022-11-16 13:25:00+05:30,-0.0309,-0.0892,2,1.0,0.268,63.64,-0.5918,0,1.1255,0.0,1,1,0,1,0,1,2,2022-11-16 13:30:00+05:30,2022-11-16 13:35:00+05:30,2022-11-16 14:20:00+05:30,291.7,290.5571428571428,293.75714285714287,-1.1429,L
S1353,ITC,2022-11-17 09:15:00+05:30,,,0,,0.0085,74.19,9.0,0,2.2662,,0,0,0,0,1,0,1,2022-11-17 09:15:00+05:30,2022-11-17 09:20:00+05:30,2022-11-17 09:30:00+05:30,292.65,291.1767857142857,295.3017857142857,-1.4732,L
S1354,ITC,2022-11-17 09:25:00+05:30,,,1,1.0,0.0,75.0,,1,0.8501,0.0,6,1,0,0,0,6,7,2022-11-17 09:55:00+05:30,2022-11-17 10:00:00+05:30,2022-11-17 15:00:00+05:30,291.55,289.9071428571429,294.50714285714287,0.35,EOD+
S1355,ITC,2022-11-17 11:20:00+05:30,0.1129,0.119,16,6.0,0.0728,10.0,1.2222,0,1.3878,,0,1,0,0,1,0,1,2022-11-17 11:20:00+05:30,2022-11-17 11:25:00+05:30,2022-11-17 15:00:00+05:30,292.25,290.70535714285717,295.03035714285716,-0.35,EOD-
S1356,ITC,2022-11-17 11:40:00+05:30,0.1436,0.1428,2,1.0,0.2036,100.0,-1.0,0,0.9351,1.0,1,1,1,0,0,1,2,2022-11-17 11:45:00+05:30,2022-11-17 11:50:00+05:30,2022-11-17 15:00:00+05:30,292.65,290.9,295.79999999999995,-0.75,EOD-
S1357,ITC,2022-11-17 12:10:00+05:30,0.0896,0.0769,3,1.0,0.3523,46.15,0.6,0,1.382,,0,0,0,0,1,0,1,2022-11-17 12:10:00+05:30,2022-11-17 12:15:00+05:30,2022-11-17 14:25:00+05:30,292.95,291.6196428571428,295.3446428571429,-1.3304,L
S1358,ITC,2022-11-17 12:20:00+05:30,0.0896,0.0837,0,,0.3973,80.0,-0.7619,0,0.6015,,0,0,0,0,1,0,1,2022-11-17 12:20:00+05:30,2022-11-17 12:25:00+05:30,2022-11-17 14:25:00+05:30,293.15,291.82857142857137,295.52857142857147,-1.3214,L
S1359,ITC,2022-11-17 13:05:00+05:30,-0.0102,0.0,0,,1.6701,80.0,-1.0,0,0.7331,0.0,9,0,0,1,0,9,10,2022-11-17 13:50:00+05:30,2022-11-17 13:55:00+05:30,2022-11-17 14:25:00+05:30,292.75,291.61607142857144,294.7910714285714,-1.1339,L
S1360,ITC,2022-11-18 09:15:00+05:30,,,0,,1.9668,10.0,-0.4584,0,0.7627,0.0,1,0,0,0,0,1,2,2022-11-18 09:20:00+05:30,2022-11-18 09:25:00+05:30,2022-11-18 09:45:00+05:30,292.0,290.35714285714283,294.95714285714286,-1.6429,L
S1361,ITC,2022-11-18 10:55:00+05:30,-0.1086,-0.1317,0,,1.4612,50.0,-0.8802,0,0.5204,0.0,9,0,1,1,0,9,10,2022-11-18 11:40:00+05:30,2022-11-18 11:45:00+05:30,2022-11-18 13:55:00+05:30,289.6,288.1714285714286,292.1714285714286,-1.4286,L
S1362,ITC,2022-11-18 11:50:00+05:30,-0.0501,-0.1123,0,,0.7192,87.5,-1.0,0,0.3682,0.0,2,0,0,0,0,2,3,2022-11-18 12:00:00+05:30,2022-11-18 12:05:00+05:30,2022-11-18 13:55:00+05:30,289.3,287.99642857142857,291.6464285714286,-1.3036,L
S1363,ITC,2022-11-18 12:10:00+05:30,-0.0787,-0.0614,0,,0.3916,66.67,-0.5,0,0.9056,1.0,1,0,0,0,0,1,2,2022-11-18 12:15:00+05:30,2022-11-18 12:20:00+05:30,2022-11-18 13:50:00+05:30,289.65,288.37321428571425,291.9482142857143,-1.2768,L
S1364,ITC,2022-11-18 12:35:00+05:30,-0.0259,-0.0536,2,1.0,0.049,58.33,3.0,0,0.782,,0,1,0,0,1,0,1,2022-11-18 12:35:00+05:30,2022-11-18 12:40:00+05:30,2022-11-18 13:55:00+05:30,289.15,287.87321428571425,291.4482142857143,-1.2768,L
S1365,ITC,2022-11-18 12:45:00+05:30,0.0156,-0.0303,0,,0.1939,80.0,-0.5122,0,0.8799,0.0,5,0,1,1,0,5,6,2022-11-18 13:10:00+05:30,2022-11-18 13:15:00+05:30,2022-11-18 13:55:00+05:30,289.3,287.97857142857146,291.67857142857144,-1.3214,L
S1366,ITC,2022-11-18 13:20:00+05:30,0.0112,0.0182,0,,0.2183,0.0,0.1765,0,0.8746,,0,1,0,0,1,0,1,2022-11-18 13:20:00+05:30,2022-11-18 13:25:00+05:30,2022-11-18 13:50:00+05:30,289.25,288.2767857142857,291.0017857142857,-0.9732,L
S1367,ITC,2022-11-21 09:55:00+05:30,-0.3826,-0.3452,0,,2.987,86.67,-0.9831,0,0.3389,0.0,9,0,0,1,0,9,10,2022-11-21 10:40:00+05:30,2022-11-21 10:45:00+05:30,2022-11-21 15:00:00+05:30,285.25,282.7767857142857,289.7017857142857,0.2,EOD+
S1368,ITC,2022-11-21 10:50:00+05:30,-0.3204,-0.3435,0,,0.1315,66.67,0.9355,0,0.5352,,0,1,0,0,1,0,1,2022-11-21 10:50:00+05:30,2022-11-21 10:55:00+05:30,2022-11-21 15:00:00+05:30,284.85,283.37678571428575,287.5017857142857,0.6,EOD+
S1369,ITC,2022-11-21 12:10:00+05:30,0.0622,0.0648,15,12.0,0.3253,27.27,1.1739,0,1.125,,0,0,1,0,1,0,1,2022-11-21 12:10:00+05:30,2022-11-21 12:15:00+05:30,2022-11-21 15:00:00+05:30,285.8,284.91607142857146,287.3910714285715,-0.35,EOD-
S1370,ITC,2022-11-21 12:20:00+05:30,0.0429,0.0683,1,1.0,0.6135,28.57,-0.2308,0,0.7399,0.0,4,0,0,1,0,4,5,2022-11-21 12:40:00+05:30,2022-11-21 12:45:00+05:30,2022-11-21 15:00:00+05:30,285.7,284.9053571428571,287.1303571428571,-0.25,EOD-
S1371,ITC,2022-11-21 12:50:00+05:30,0.0149,0.0333,0,,0.3909,77.78,-0.5349,0,0.9669,,0,0,0,0,1,0,1,2022-11-21 12:50:00+05:30,2022-11-21 12:55:00+05:30,2022-11-21 13:35:00+05:30,285.85,285.1625,287.08750000000003,-0.6875,L
S1372,ITC,2022-11-21 13:10:00+05:30,0.0228,0.0105,3,3.0,0.358,25.0,0.7778,0,0.8365,,0,0,0,0,1,0,1,2022-11-21 13:10:00+05:30,2022-11-21 13:15:00+05:30,2022-11-21 15:00:00+05:30,285.7,284.9142857142857,287.1142857142857,-0.25,EOD-
S1373,ITC,2022-11-22 09:15:00+05:30,,,0,,0.4433,28.57,0.0526,0,2.0616,,0,0,0,0,1,0,1,2022-11-22 09:15:00+05:30,2022-11-22 09:20:00+05:30,2022-11-22 09:20:00+05:30,285.75,284.6785714285714,287.6785714285715,-1.0714,L
S1374,ITC,2022-11-22 09:25:00+05:30,,,0,,1.8682,0.0,-0.5443,0,0.3796,0.0,3,1,0,1,0,3,4,2022-11-22 09:40:00+05:30,2022-11-22 09:45:00+05:30,2022-11-22 10:10:00+05:30,285.6,284.2785714285714,287.9785714285715,2.3786,W
S1375,ITC,2022-11-22 11:20:00+05:30,0.2191,0.1932,19,14.0,0.1464,0.0,1.6087,0,0.577,,0,1,0,0,1,0,1,2022-11-22 11:20:00+05:30,2022-11-22 11:25:00+05:30,2022-11-22 15:00:00+05:30,287.65,286.66785714285714,289.4178571428571,0.65,EOD+
S1376,ITC,2022-11-22 11:30:00+05:30,0.1608,0.2148,0,,0.0221,50.0,5.6667,0,0.571,,0,1,0,1,1,0,1,2022-11-22 11:30:00+05:30,2022-11-22 11:35:00+05:30,2022-11-22 14:10:00+05:30,287.8,286.95178571428573,289.32678571428573,-0.8482,L
S1377,ITC,2022-11-22 11:40:00+05:30,0.0973,0.1938,0,,0.1117,33.33,7.0,0,1.1092,,0,0,0,0,1,0,1,2022-11-22 11:40:00+05:30,2022-11-22 11:45:00+05:30,2022-11-22 12:20:00+05:30,288.0,287.1607142857143,289.5107142857143,-0.8393,L
S1378,ITC,2022-11-22 11:50:00+05:30,0.0252,0.1321,0,,0.8621,50.0,-0.8291,0,1.0104,1.0,1,0,0,0,0,1,2,2022-11-22 11:55:00+05:30,2022-11-22 12:00:00+05:30,2022-11-22 14:10:00+05:30,287.8,286.95178571428573,289.32678571428573,-0.8482,L
S1379,ITC,2022-11-22 12:20:00+05:30,-0.007,-0.0235,0,,1.7202,25.0,-0.4805,0,1.0604,0.0,9,0,0,0,0,9,10,2022-11-22 13:05:00+05:30,2022-11-22 13:10:00+05:30,2022-11-22 15:00:00+05:30,287.6,286.7607142857143,289.1107142857143,0.7,EOD+
S1380,ITC,2022-11-22 13:15:00+05:30,-0.0357,-0.0313,0,,0.579,33.33,-1.0,0,1.0483,1.0,5,0,0,0,0,5,6,2022-11-22 13:40:00+05:30,2022-11-22 13:45:00+05:30,2022-11-22 15:00:00+05:30,287.45,286.7267857142857,288.7517857142857,1.3018,W
S1381,ITC,2022-11-22 13:50:00+05:30,-0.0261,-0.0426,0,,0.8793,54.55,-0.8058,0,1.1357,1.0,1,0,0,0,0,1,2,2022-11-22 13:55:00+05:30,2022-11-22 14:00:00+05:30,2022-11-22 15:00:00+05:30,287.5,286.76785714285717,288.8178571428571,1.3179,W
S1382,ITC,2022-11-22 14:05:00+05:30,-0.0052,-0.0261,0,,0.4789,10.0,-0.0769,0,1.4403,0.0,2,0,0,1,0,2,3,2022-11-22 14:15:00+05:30,2022-11-22 14:20:00+05:30,2022-11-22 15:00:00+05:30,287.4,286.5517857142857,288.92678571428564,0.9,EOD+
S1383,ITC,2022-11-22 14:25:00+05:30,-0.0009,-0.0113,0,,0.1324,50.0,0.9048,0,0.9418,,0,0,1,1,1,0,1,2022-11-22 14:25:00+05:30,2022-11-22 14:30:00+05:30,2022-11-22 15:00:00+05:30,287.75,286.7589285714286,289.53392857142853,0.55,EOD+
S1384,ITC,2022-11-23 10:00:00+05:30,-0.0583,-0.0209,0,,1.6117,78.57,-0.9576,0,0.4223,1.0,9,1,0,1,0,9,10,2022-11-23 10:45:00+05:30,2022-11-23 10:50:00+05:30,2022-11-23 15:00:00+05:30,286.75,284.91964285714283,290.04464285714295,2.05,EOD+
S1385,ITC,2022-11-23 11:05:00+05:30,-0.0671,-0.1273,2,1.0,0.006,100.0,-1.0,0,0.3672,0.0,1,1,0,1,0,1,2,2022-11-23 11:10:00+05:30,2022-11-23 11:15:00+05:30,2022-11-23 12:30:00+05:30,286.8,285.7553571428572,288.68035714285713,1.8804,W
S1386,ITC,2022-11-23 13:00:00+05:30,0.1562,0.1537,21,4.0,0.0467,53.33,11.5,0,1.0984,,0,0,0,0,1,0,1,2022-11-23 13:00:00+05:30,2022-11-23 13:05:00+05:30,2022-11-23 15:00:00+05:30,288.3,287.22857142857146,290.22857142857146,0.5,EOD+
S1387,ITC,2022-11-23 13:10:00+05:30,0.1145,0.1606,0,,0.7122,0.0,-0.8291,0,0.6364,0.0,7,0,0,1,0,7,8,2022-11-23 13:45:00+05:30,2022-11-23 13:50:00+05:30,2022-11-23 15:00:00+05:30,288.4,287.37321428571425,290.24821428571425,0.4,EOD+
S1388,ITC,2022-11-23 13:55:00+05:30,0.0225,0.0251,0,,0.1068,80.0,-1.0,0,0.6961,,0,0,0,1,1,0,1,2022-11-23 13:55:00+05:30,2022-11-23 14:00:00+05:30,2022-11-23 15:00:00+05:30,288.7,287.64642857142854,290.59642857142853,0.1,EOD+
S1389,ITC,2022-11-23 14:05:00+05:30,0.0121,0.013,0,,0.6398,45.45,-0.1453,0,0.9107,1.0,3,1,1,0,0,3,4,2022-11-23 14:20:00+05:30,2022-11-23 14:25:00+05:30,2022-11-23 15:00:00+05:30,288.55,287.40714285714284,290.6071428571429,0.25,EOD+
S1390,ITC,2022-11-24 09:15:00+05:30,,,0,,1.3131,16.67,-0.9222,0,0.8241,0.0,3,1,0,0,0,3,4,2022-11-24 09:30:00+05:30,2022-11-24 09:35:00+05:30,2022-11-24 14:25:00+05:30,288.3,287.07678571428573,290.5017857142857,-1.2232,L
S1391,ITC,2022-11-24 09:45:00+05:30,-0.0026,,1,1.0,0.0925,37.5,2.8095,0,0.3714,,0,0,0,1,1,0,1,2022-11-24 09:45:00+05:30,2022-11-24 09:50:00+05:30,2022-11-24 14:35:00+05:30,288.3,286.8803571428571,290.85535714285714,-1.4196,L
S1392,ITC,2022-11-24 09:55:00+05:30,-0.0069,-0.0113,0,,0.0352,66.67,-1.0,0,3.7853,,0,0,0,0,1,0,1,2022-11-24 09:55:00+05:30,2022-11-24 10:00:00+05:30,2022-11-24 14:35:00+05:30,288.3,286.8803571428571,290.85535714285714,-1.4196,L
S1393,ITC,2022-11-24 10:10:00+05:30,-0.02,-0.0069,2,2.0,0.0851,62.5,2.3333,0,0.2007,,0,0,0,1,1,0,1,2022-11-24 10:10:00+05:30,2022-11-24 10:15:00+05:30,2022-11-24 14:20:00+05:30,288.45,287.1285714285714,290.8285714285714,-1.3214,L
S1394,ITC,2022-11-24 11:25:00+05:30,-0.0191,0.0303,0,,1.0379,50.0,-1.0,0,1.9472,1.0,9,0,1,0,0,9,10,2022-11-24 12:10:00+05:30,2022-11-24 12:15:00+05:30,2022-11-24 12:40:00+05:30,288.4,287.62321428571425,289.79821428571427,-0.7768,L
S1395,ITC,2022-11-24 12:20:00+05:30,-0.0252,-0.0234,0,,0.4884,0.0,0.0,0,0.6975,0.0,5,1,0,1,0,5,6,2022-11-24 12:45:00+05:30,2022-11-24 12:50:00+05:30,2022-11-24 14:15:00+05:30,288.15,287.3821428571428,289.53214285714284,-0.7679,L
S1396,ITC,2022-11-24 12:55:00+05:30,-0.0052,-0.0226,0,,0.2962,0.0,1.2727,0,1.4255,,0,0,0,0,1,0,1,2022-11-24 12:55:00+05:30,2022-11-24 13:00:00+05:30,2022-11-24 14:15:00+05:30,288.3,287.37142857142857,289.9714285714286,-0.9286,L
S1397,ITC,2022-11-24 13:05:00+05:30,0.0069,-0.013,0,,0.603,40.0,-0.5402,0,0.689,1.0,2,0,0,1,0,2,3,2022-11-24 13:15:00+05:30,2022-11-24 13:20:00+05:30,2022-11-24 14:15:00+05:30,288.3,287.3982142857143,289.92321428571427,-0.9018,L
S1398,ITC,2022-11-24 13:25:00+05:30,-0.0078,0.0052,0,,0.6472,28.57,-0.5918,0,1.0436,1.0,4,1,1,1,0,4,5,2022-11-24 13:45:00+05:30,2022-11-24 13:50:00+05:30,2022-11-24 14:15:00+05:30,288.25,287.30357142857144,289.9535714285714,-0.9464,L
S1399,ITC,2022-11-25 09:55:00+05:30,-0.0513,-0.0879,0,,1.2027,46.15,-0.7354,0,0.7184,1.0,9,1,1,0,0,9,10,2022-11-25 10:40:00+05:30,2022-11-25 10:45:00+05:30,2022-11-25 15:00:00+05:30,287.35,285.3857142857143,290.8857142857143,1.55,EOD+
S1400,ITC,2022-11-25 11:15:00+05:30,0.0436,-0.0758,6,3.0,1.5815,65.0,-0.5082,0,1.1947,0.0,2,1,1,0,0,2,3,2022-11-25 11:25:00+05:30,2022-11-25 11:30:00+05:30,2022-11-25 14:45:00+05:30,287.35,286.3857142857143,289.0857142857143,1.7357,W
S1401,ITC,2022-11-25 11:40:00+05:30,0.0418,0.0314,2,1.0,0.4235,72.73,-0.1667,0,0.6265,0.0,1,0,0,0,0,1,2,2022-11-25 11:45:00+05:30,2022-11-25 11:50:00+05:30,2022-11-25 14:45:00+05:30,287.4,286.3375,289.31249999999994,1.9125,W
S1402,ITC,2022-11-25 11:55:00+05:30,0.0531,0.0418,1,1.0,0.3882,42.86,-0.0909,0,0.6841,0.0,3,1,0,0,0,3,4,2022-11-25 12:10:00+05:30,2022-11-25 12:15:00+05:30,2022-11-25 14:45:00+05:30,287.5,286.4375,289.41249999999997,1.9125,W
S1403,ITC,2022-11-25 12:55:00+05:30,0.0391,0.0339,8,5.0,0.1815,60.0,2.8095,0,0.8924,,0,0,0,1,1,0,1,2022-11-25 12:55:00+05:30,2022-11-25 13:00:00+05:30,2022-11-25 14:45:00+05:30,287.95,287.2267857142857,289.2517857142857,1.3018,W
S1404,ITC,2022-11-25 13:45:00+05:30,0.0955,0.086,9,5.0,0.0643,40.0,7.8889,0,0.9801,,0,1,1,0,1,0,1,2022-11-25 13:45:00+05:30,2022-11-25 13:50:00+05:30,2022-11-25 15:00:00+05:30,288.25,287.375,289.825,0.65,EOD+
S1405,ITC,2022-11-25 14:10:00+05:30,0.0746,0.1015,4,3.0,0.8832,38.46,0.1852,0,1.338,,0,0,0,0,1,0,1,2022-11-25 14:10:00+05:30,2022-11-25 14:15:00+05:30,2022-11-25 15:00:00+05:30,288.3,287.34464285714284,290.01964285714286,0.6,EOD+
S1406,ITC,2022-11-25 14:20:00+05:30,0.0451,0.0885,0,,0.8092,33.33,-0.6825,0,0.8867,0.0,1,1,0,0,0,1,2,2022-11-25 14:25:00+05:30,2022-11-25 14:30:00+05:30,2022-11-25 15:00:00+05:30,288.4,287.4267857142857,290.1517857142857,0.5,EOD+
S1407,ITC,2022-11-28 09:15:00+05:30,,,0,,1.1055,60.0,-0.654,0,2.3406,,0,0,0,0,1,0,1,2022-11-28 09:15:00+05:30,2022-11-28 09:20:00+05:30,2022-11-28 12:50:00+05:30,288.9,287.2660714285714,291.8410714285714,-1.6339,L
S1408,ITC,2022-11-28 09:25:00+05:30,,,0,,0.2151,52.63,-0.6825,0,0.8517,,0,1,0,0,1,0,1,2022-11-28 09:25:00+05:30,2022-11-28 09:30:00+05:30,2022-11-28 12:50:00+05:30,288.85,287.01964285714286,292.14464285714286,-1.8304,L
S1409,ITC,2022-11-28 09:50:00+05:30,0.0554,,4,2.0,0.0297,40.0,10.4286,0,0.4172,,0,0,0,0,1,0,1,2022-11-28 09:50:00+05:30,2022-11-28 09:55:00+05:30,2022-11-28 12:40:00+05:30,289.0,287.5267857142857,291.6517857142857,-1.4732,L
S1410,ITC,2022-11-28 10:05:00+05:30,0.0433,0.0554,2,1.0,0.2231,71.43,-0.6078,0,0.7957,1.0,3,1,0,1,0,3,4,2022-11-28 10:20:00+05:30,2022-11-28 10:25:00+05:30,2022-11-28 12:50:00+05:30,288.75,287.32142857142856,291.32142857142856,-1.4286,L
S1411,ITC,2022-11-28 11:00:00+05:30,0.0519,0.058,7,5.0,0.0,50.0,,1,0.3283,,0,0,1,1,1,0,1,2022-11-28 11:00:00+05:30,2022-11-28 11:05:00+05:30,2022-11-28 11:30:00+05:30,289.1,288.3589285714286,290.4339285714287,-0.7411,L
S1412,ITC,2022-11-28 12:20:00+05:30,-0.0858,-0.0303,0,,1.9716,33.33,-0.8697,0,10.4939,1.0,9,0,0,0,0,9,10,2022-11-28 13:05:00+05:30,2022-11-28 13:10:00+05:30,2022-11-28 15:00:00+05:30,288.4,287.4267857142857,290.15178571428567,0.0,EOD-
S1413,ITC,2022-11-28 14:05:00+05:30,0.0598,0.0477,11,2.0,0.5085,85.71,-0.7647,0,0.8643,1.0,2,0,0,0,0,2,3,2022-11-28 14:15:00+05:30,2022-11-28 14:20:00+05:30,2022-11-28 15:00:00+05:30,288.55,287.5053571428571,290.4303571428572,-0.15,EOD-
S1414,ITC,2022-11-29 09:15:00+05:30,,,0,,0.8277,96.88,-1.0,0,3.2483,,0,0,0,1,1,0,1,2022-11-29 09:15:00+05:30,2022-11-29 09:20:00+05:30,2022-11-29 09:20:00+05:30,291.0,289.5803571428571,293.5553571428572,-1.4196,L
S1415,ITC,2022-11-29 10:05:00+05:30,0.0615,0.09,9,9.0,0.4194,44.44,-0.4118,0,0.9542,1.0,2,0,1,0,0,2,3,2022-11-29 10:15:00+05:30,2022-11-29 10:20:00+05:30,2022-11-29 15:00:00+05:30,289.45,287.42321428571427,293.09821428571433,1.45,EOD+
S1416,ITC,2022-11-29 10:25:00+05:30,0.0545,0.0467,0,,0.2731,30.0,-0.4366,0,0.4903,,0,1,1,0,1,0,1,2022-11-29 10:25:00+05:30,2022-11-29 10:30:00+05:30,2022-11-29 11:05:00+05:30,289.1,287.47499999999997,292.0250000000001,2.925,W
S1417,ITC,2022-11-29 12:05:00+05:30,0.2181,0.2296,19,12.0,0.0,85.71,,1,0.2333,0.0,1,0,0,1,0,1,2,2022-11-29 12:10:00+05:30,2022-11-29 12:15:00+05:30,2022-11-29 15:00:00+05:30,291.65,290.36428571428564,293.9642857142857,-0.75,EOD-
S1418,ITC,2022-11-29 12:20:00+05:30,0.1913,0.2181,0,,0.1556,50.0,-1.0,0,0.9156,1.0,5,0,0,0,0,5,6,2022-11-29 12:45:00+05:30,2022-11-29 12:50:00+05:30,2022-11-29 15:00:00+05:30,291.7,290.575,293.725,-0.8,EOD-
S1419,ITC,2022-11-29 12:55:00+05:30,-0.0172,0.0746,0,,0.1017,50.0,0.1765,0,0.6143,,0,0,0,1,1,0,1,2022-11-29 12:55:00+05:30,2022-11-29 13:00:00+05:30,2022-11-29 14:50:00+05:30,291.65,290.60535714285714,293.5303571428571,-1.0446,L
S1420,ITC,2022-11-29 13:05:00+05:30,-0.0257,0.0077,0,,0.4274,14.29,-0.4203,0,0.6205,0.0,1,0,0,0,0,1,2,2022-11-29 13:10:00+05:30,2022-11-29 13:15:00+05:30,2022-11-29 15:00:00+05:30,291.6,290.59107142857147,293.4160714285714,-0.7,EOD-
S1421,ITC,2022-11-29 13:20:00+05:30,-0.0189,-0.0257,0,,1.0534,90.91,-0.871,0,0.7269,0.0,4,0,0,0,0,4,5,2022-11-29 13:40:00+05:30,2022-11-29 13:45:00+05:30,2022-11-29 15:00:00+05:30,291.4,290.48035714285714,293.0553571428571,-0.5,EOD-
S1422,ITC,2022-11-29 13:50:00+05:30,-0.0223,-0.0395,0,,0.553,57.14,-0.4937,0,0.6107,0.0,1,0,0,1,0,1,2,2022-11-29 13:55:00+05:30,2022-11-29 14:00:00+05:30,2022-11-29 15:00:00+05:30,291.35,290.45714285714286,292.95714285714286,-0.45,EOD-
S1423,ITC,2022-11-29 14:05:00+05:30,-0.006,-0.0223,0,,0.5357,50.0,-0.4667,0,0.6883,,0,1,1,1,1,0,1,2022-11-29 14:05:00+05:30,2022-11-29 14:10:00+05:30,2022-11-29 15:00:00+05:30,291.45,290.575,293.025,-0.55,EOD-
S1424,ITC,2022-11-29 14:20:00+05:30,0.0197,-0.006,1,1.0,0.5234,81.82,-0.75,0,1.4511,1.0,2,0,0,0,0,2,3,2022-11-29 14:30:00+05:30,2022-11-29 14:35:00+05:30,2022-11-29 15:00:00+05:30,291.45,290.4946428571429,293.16964285714283,-0.55,EOD-
S1425,ITC,2022-11-30 09:45:00+05:30,-0.1506,,0,,0.7782,10.0,-0.8253,0,0.3069,0.0,9,0,0,1,0,9,10,2022-11-30 10:30:00+05:30,2022-11-30 10:35:00+05:30,2022-11-30 14:00:00+05:30,290.15,288.31071428571425,293.46071428571423,-1.8393,L
S1426,ITC,2022-11-30 10:40:00+05:30,-0.044,-0.0871,0,,0.1429,33.33,-1.0,0,0.4718,1.0,4,1,0,1,0,4,5,2022-11-30 11:00:00+05:30,2022-11-30 11:05:00+05:30,2022-11-30 11:10:00+05:30,289.85,288.975,291.425,-0.875,L
S1427,ITC,2022-11-30 11:10:00+05:30,-0.0509,-0.0328,2,1.0,3.3988,84.62,-0.9504,0,1.4021,0.0,7,0,0,0,0,7,8,2022-11-30 11:45:00+05:30,2022-11-30 11:50:00+05:30,2022-11-30 12:05:00+05:30,289.65,288.90892857142853,290.9839285714285,-0.7411,L
S1428,ITC,2022-11-30 11:55:00+05:30,-0.0397,-0.0734,1,1.0,0.7233,20.0,-0.1398,0,0.8711,0.0,8,0,0,0,0,8,9,2022-11-30 12:35:00+05:30,2022-11-30 12:40:00+05:30,2022-11-30 13:15:00+05:30,289.35,288.5464285714286,290.7964285714286,-0.8036,L
S1429,ITC,2022-11-30 12:45:00+05:30,-0.051,-0.0631,1,1.0,0.6731,71.43,-0.7333,0,1.0482,0.0,3,0,1,1,0,3,4,2022-11-30 13:00:00+05:30,2022-11-30 13:05:00+05:30,2022-11-30 13:15:00+05:30,289.35,288.65357142857147,290.60357142857146,-0.6964,L
S1430,ITC,2022-12-01 09:15:00+05:30,,,0,,1.085,63.41,0.2097,0,0.8721,,0,0,0,0,1,0,1,2022-12-01 09:15:00+05:30,2022-12-01 09:20:00+05:30,2022-12-01 09:35:00+05:30,288.2,286.77142857142854,290.7714285714286,-1.4286,L
S1431,ITC,2022-12-01 10:00:00+05:30,-0.1636,-0.1269,0,,2.3953,0.0,-0.9696,0,0.7098,1.0,9,0,1,0,0,9,10,2022-12-01 10:45:00+05:30,2022-12-01 10:50:00+05:30,2022-12-01 15:00:00+05:30,286.65,284.93571428571425,289.7357142857142,0.9,EOD+
S1432,ITC,2022-12-01 11:20:00+05:30,-0.0428,-0.1161,6,6.0,0.245,57.14,1.1429,0,1.9078,,0,1,0,0,1,0,1,2022-12-01 11:20:00+05:30,2022-12-01 11:25:00+05:30,2022-12-01 12:20:00+05:30,286.35,285.6357142857143,287.6357142857143,1.2857,W
S1433,ITC,2022-12-01 12:25:00+05:30,0.0801,0.1194,12,1.0,0.02,50.0,25.6667,0,0.6888,,0,0,0,1,1,0,1,2022-12-01 12:25:00+05:30,2022-12-01 12:30:00+05:30,2022-12-01 15:00:00+05:30,287.2,286.2625,288.8875,0.35,EOD+
S1434,ITC,2022-12-01 12:35:00+05:30,0.0444,0.0967,0,,1.3893,12.5,-0.7692,0,0.6903,0.0,1,1,0,0,0,1,2,2022-12-01 12:40:00+05:30,2022-12-01 12:45:00+05:30,2022-12-01 15:00:00+05:30,287.1,285.9303571428572,289.20535714285717,0.45,EOD+
S1435,ITC,2022-12-01 13:05:00+05:30,0.0557,0.0183,4,4.0,0.522,62.5,-0.5455,0,1.1469,1.0,1,0,0,0,0,1,2,2022-12-01 13:10:00+05:30,2022-12-01 13:15:00+05:30,2022-12-01 15:00:00+05:30,287.15,286.09642857142853,289.0464285714286,0.4,EOD+
S1436,ITC,2022-12-01 13:20:00+05:30,0.0339,0.0557,0,,0.3213,20.0,-0.2857,0,1.0015,1.0,1,0,1,0,0,1,2,2022-12-01 13:25:00+05:30,2022-12-01 13:30:00+05:30,2022-12-01 15:00:00+05:30,287.25,286.1607142857143,289.2107142857143,0.3,EOD+
S1437,ITC,2022-12-01 13:35:00+05:30,-0.0026,0.0339,0,,0.4917,16.67,-0.2941,0,0.7073,1.0,1,0,0,0,0,1,2,2022-12-01 13:40:00+05:30,2022-12-01 13:45:00+05:30,2022-12-01 15:00:00+05:30,287.2,286.1196428571428,289.14464285714286,0.35,EOD+
S1438,ITC,2022-12-01 13:50:00+05:30,-0.0183,-0.0026,0,,0.2655,66.67,-1.0,0,0.5931,,0,0,0,1,1,0,1,2022-12-01 13:50:00+05:30,2022-12-01 13:55:00+05:30,2022-12-01 15:00:00+05:30,287.15,286.37321428571425,288.54821428571427,0.4,EOD+
S1439,ITC,2022-12-01 14:00:00+05:30,-0.0235,-0.0165,0,,0.5871,55.56,-0.7436,0,0.8869,,0,0,0,0,1,0,1,2022-12-01 14:00:00+05:30,2022-12-01 14:05:00+05:30,2022-12-01 15:00:00+05:30,287.2,286.3696428571428,288.69464285714287,0.35,EOD+
S1440,ITC,2022-12-01 14:10:00+05:30,-0.0157,-0.0244,0,,0.8414,12.5,-0.8319,0,1.3673,1.0,3,1,0,0,0,3,4,2022-12-01 14:25:00+05:30,2022-12-01 14:30:00+05:30,2022-12-01 15:00:00+05:30,287.2,286.31607142857143,288.79107142857146,0.35,EOD+
S1441,ITC,2022-12-02 09:15:00+05:30,,,0,,2.0679,9.37,0.0336,0,2.2488,,0,1,0,0,1,0,1,2022-12-02 09:15:00+05:30,2022-12-02 09:20:00+05:30,2022-12-02 11:25:00+05:30,287.35,286.1803571428572,289.45535714285717,-1.1696,L
S1442,ITC,2022-12-02 12:20:00+05:30,-0.0585,-0.0611,0,,1.0294,20.0,-0.84,0,0.9103,1.0,9,0,0,0,0,9,10,2022-12-02 13:05:00+05:30,2022-12-02 13:10:00+05:30,2022-12-02 15:00:00+05:30,285.85,285.09107142857147,287.21607142857147,0.05,EOD+
S1443,ITC,2022-12-02 13:15:00+05:30,-0.0236,-0.0464,0,,0.6667,50.0,-0.6667,0,0.5854,0.0,6,1,0,1,0,6,7,2022-12-02 13:45:00+05:30,2022-12-02 13:50:00+05:30,2022-12-02 15:00:00+05:30,285.9,285.3375,286.91249999999997,0.0,EOD-
S1444,ITC,2022-12-02 14:20:00+05:30,0.0271,0.0149,6,6.0,0.3164,0.0,2.0303,0,0.8011,,0,1,0,0,1,0,1,2022-12-02 14:20:00+05:30,2022-12-02 14:25:00+05:30,2022-12-02 15:00:00+05:30,286.0,285.3482142857143,287.1732142857143,-0.1,EOD-
S1445,ITC,2022-12-05 10:15:00+05:30,-0.2081,-0.2017,0,,2.1038,100.0,-1.0,0,0.6031,1.0,9,0,0,0,0,9,10,2022-12-05 11:00:00+05:30,2022-12-05 11:05:00+05:30,2022-12-05 15:00:00+05:30,284.15,282.5071428571428,287.1071428571429,0.7,EOD+
S1446,ITC,2022-12-05 11:45:00+05:30,0.059,-0.0026,7,6.0,0.0988,0.0,5.6667,0,0.7628,,0,0,0,1,1,0,1,2022-12-05 11:45:00+05:30,2022-12-05 11:50:00+05:30,2022-12-05 15:00:00+05:30,284.2,283.44107142857143,285.56607142857143,0.65,EOD+
S1447,ITC,2022-12-05 11:55:00+05:30,0.0616,0.0405,0,,0.4554,83.33,-1.0,0,1.8172,1.0,3,1,1,1,0,3,4,2022-12-05 12:10:00+05:30,2022-12-05 12:15:00+05:30,2022-12-05 15:00:00+05:30,284.35,283.6089285714286,285.6839285714286,0.5,EOD+
S1448,ITC,2022-12-05 12:20:00+05:30,0.0326,0.0378,1,1.0,0.4873,68.18,0.4085,0,2.8779,,0,1,0,1,1,0,1,2022-12-05 12:20:00+05:30,2022-12-05 12:25:00+05:30,2022-12-05 12:55:00+05:30,284.95,284.0392857142857,286.5892857142857,-0.9107,L
S1449,ITC,2022-12-05 12:55:00+05:30,0.0352,0.0774,6,5.0,1.1189,53.33,-0.4872,0,0.9212,0.0,1,0,0,1,0,1,2,2022-12-05 13:00:00+05:30,2022-12-05 13:05:00+05:30,2022-12-05 15:00:00+05:30,284.65,283.56071428571425,286.61071428571427,0.2,EOD+
S1450,ITC,2022-12-05 13:40:00+05:30,-0.0097,-0.0062,0,,1.4563,0.0,-1.0,0,6.4007,1.0,9,0,1,0,0,9,10,2022-12-05 14:25:00+05:30,2022-12-05 14:30:00+05:30,2022-12-05 15:00:00+05:30,284.4,283.4,286.2,0.45,EOD+
S1451,ITC,2022-12-06 09:15:00+05:30,,,0,,3.0711,64.58,-1.0,0,0.5538,0.0,2,0,1,0,0,2,3,2022-12-06 09:25:00+05:30,2022-12-06 09:30:00+05:30,2022-12-06 15:00:00+05:30,285.25,283.9821428571429,287.53214285714284,0.2,EOD+
S1452,ITC,2022-12-06 09:35:00+05:30,,,1,1.0,0.0516,41.67,4.7143,0,0.304,,0,0,0,1,1,0,1,2022-12-06 09:35:00+05:30,2022-12-06 09:40:00+05:30,2022-12-06 15:00:00+05:30,285.1,283.40357142857147,288.15357142857147,0.35,EOD+
S1453,ITC,2022-12-06 09:50:00+05:30,0.0965,,2,2.0,0.0,85.0,,1,0.8192,,0,0,1,0,1,0,1,2022-12-06 09:50:00+05:30,2022-12-06 09:55:00+05:30,2022-12-06 15:00:00+05:30,285.85,284.0732142857143,289.0482142857143,-0.4,EOD-
S1454,ITC,2022-12-06 10:55:00+05:30,0.0464,0.0596,12,10.0,0.207,50.0,-0.0476,0,0.8528,1.0,4,1,0,0,0,4,5,2022-12-06 11:15:00+05:30,2022-12-06 11:20:00+05:30,2022-12-06 15:00:00+05:30,285.75,284.48214285714283,288.03214285714284,-0.3,EOD-
S1455,ITC,2022-12-06 11:25:00+05:30,0.0464,0.0595,0,,0.5155,28.57,-0.2593,0,0.5672,0.0,2,0,0,1,0,2,3,2022-12-06 11:35:00+05:30,2022-12-06 11:40:00+05:30,2022-12-06 15:00:00+05:30,285.65,284.6678571428571,287.41785714285714,-0.2,EOD-
S1456,ITC,2022-12-06 11:45:00+05:30,-0.0131,0.0411,0,,0.7194,100.0,-1.0,0,0.6855,1.0,1,0,0,1,0,1,2,2022-12-06 11:50:00+05:30,2022-12-06 11:55:00+05:30,2022-12-06 12:35:00+05:30,285.75,284.7857142857143,287.4857142857143,-0.9643,L
S1457,ITC,2022-12-06 12:00:00+05:30,-0.0254,-0.0131,0,,0.4461,37.5,-0.0769,0,0.8237,1.0,1,0,0,1,0,1,2,2022-12-06 12:05:00+05:30,2022-12-06 12:10:00+05:30,2022-12-06 12:35:00+05:30,285.75,284.83928571428567,287.3892857142858,-0.9107,L
S1458,ITC,2022-12-06 12:15:00+05:30,-0.0149,-0.0254,0,,1.3081,33.33,-0.5676,0,2.3716,1.0,6,1,0,1,0,6,7,2022-12-06 12:45:00+05:30,2022-12-06 12:50:00+05:30,2022-12-06 15:00:00+05:30,285.75,284.8660714285714,287.34107142857147,-0.3,EOD-
S1459,ITC,2022-12-06 13:05:00+05:30,0.0245,0.0061,3,3.0,0.3405,0.0,0.4815,0,0.9202,,0,0,0,0,1,0,1,2022-12-06 13:05:00+05:30,2022-12-06 13:10:00+05:30,2022-12-06 15:00:00+05:30,285.6,284.6089285714286,287.3839285714286,-0.15,EOD-
S1460,ITC,2022-12-06 13:15:00+05:30,-0.0018,0.0271,0,,0.2113,25.0,-1.0,0,0.5762,0.0,5,1,0,1,0,5,6,2022-12-06 13:40:00+05:30,2022-12-06 13:45:00+05:30,2022-12-06 15:00:00+05:30,285.5,284.55357142857144,287.2035714285714,-0.05,EOD-
S1461,ITC,2022-12-06 13:50:00+05:30,-0.014,-0.0219,0,,0.0856,83.33,-1.0,0,0.6948,1.0,1,0,0,1,0,1,2,2022-12-06 13:55:00+05:30,2022-12-06 14:00:00+05:30,2022-12-06 15:00:00+05:30,285.45,284.64642857142854,286.89642857142854,0.0,EOD-
S1462,ITC,2022-12-06 14:05:00+05:30,0.0079,-0.014,0,,0.5455,25.0,-0.6667,0,0.7434,0.0,1,0,0,1,0,1,2,2022-12-06 14:10:00+05:30,2022-12-06 14:15:00+05:30,2022-12-06 15:00:00+05:30,285.65,284.9625,286.8875,-0.2,EOD-
S1463,ITC,2022-12-07 09:15:00+05:30,,,0,,1.0025,64.71,0.1834,0,1.7521,,0,1,0,0,1,0,1,2022-12-07 09:15:00+05:30,2022-12-07 09:20:00+05:30,2022-12-07 10:30:00+05:30,285.65,284.59642857142853,287.5464285714285,1.8964,W
S1464,ITC,2022-12-07 10:55:00+05:30,0.1577,0.1639,18,3.0,0.558,46.15,0.0909,0,1.377,,0,0,0,0,1,0,1,2022-12-07 10:55:00+05:30,2022-12-07 11:00:00+05:30,2022-12-07 15:00:00+05:30,287.35,286.1178571428572,289.5678571428571,1.45,EOD+
S1465,ITC,2022-12-07 11:05:00+05:30,0.1236,0.1638,0,,0.2882,16.67,-0.6429,0,0.5225,0.0,8,1,0,1,0,8,9,2022-12-07 11:45:00+05:30,2022-12-07 11:50:00+05:30,2022-12-07 15:00:00+05:30,287.35,286.1357142857143,289.5357142857143,1.45,EOD+
S1466,ITC,2022-12-07 12:00:00+05:30,0.0313,0.007,3,2.0,0.0329,85.71,4.0,0,0.9715,,0,1,0,0,1,0,1,2022-12-07 12:00:00+05:30,2022-12-07 12:05:00+05:30,2022-12-07 13:05:00+05:30,287.35,286.5910714285715,288.71607142857135,1.3661,W
S1467,ITC,2022-12-07 13:55:00+05:30,0.0884,0.1309,22,8.0,0.3647,0.0,1.2581,0,1.0622,,0,0,0,0,1,0,1,2022-12-07 13:55:00+05:30,2022-12-07 14:00:00+05:30,2022-12-07 15:00:00+05:30,288.6,287.5375,290.51250000000005,0.2,EOD+
S1468,ITC,2022-12-07 14:05:00+05:30,0.0563,0.1006,0,,1.013,100.0,-1.0,0,0.6497,0.0,3,1,1,1,0,3,4,2022-12-07 14:20:00+05:30,2022-12-07 14:25:00+05:30,2022-12-07 15:00:00+05:30,288.65,287.5517857142857,290.6267857142857,0.15,EOD+
S1469,ITC,2022-12-08 09:15:00+05:30,,,0,,2.1937,24.14,-0.5056,0,0.5679,0.0,3,1,0,1,0,3,4,2022-12-08 09:30:00+05:30,2022-12-08 09:35:00+05:30,2022-12-08 11:10:00+05:30,288.65,287.38214285714287,290.93214285714276,-1.2679,L
S1470,ITC,2022-12-08 10:35:00+05:30,0.045,0.0329,11,7.0,0.2414,75.0,-0.2,0,0.3936,0.0,1,0,0,0,0,1,2,2022-12-08 10:40:00+05:30,2022-12-08 10:45:00+05:30,2022-12-08 11:10:00+05:30,288.85,287.55535714285713,291.1803571428572,-1.2946,L
S1471,ITC,2022-12-08 12:15:00+05:30,-0.1503,-0.1684,0,,2.1452,50.0,-0.6842,0,0.4119,0.0,9,1,1,1,0,9,10,2022-12-08 13:00:00+05:30,2022-12-08 13:05:00+05:30,2022-12-08 15:00:00+05:30,287.05,285.9428571428572,289.0428571428571,-0.4,EOD-
S1472,ITC,2022-12-08 13:45:00+05:30,-0.0078,0.0157,7,7.0,0.0625,62.5,3.0,0,0.4544,,0,1,0,0,1,0,1,2022-12-08 13:45:00+05:30,2022-12-08 13:50:00+05:30,2022-12-08 15:00:00+05:30,287.05,286.05,288.85,-0.4,EOD-
S1473,ITC,2022-12-09 11:15:00+05:30,0.0909,0.1672,24,5.0,0.4028,25.0,0.3115,0,0.8988,,0,0,0,0,1,0,1,2022-12-09 11:15:00+05:30,2022-12-09 11:20:00+05:30,2022-12-09 11:45:00+05:30,288.9,287.9535714285714,290.6035714285714,-0.9464,L
S1474,ITC,2022-12-09 12:45:00+05:30,-0.1223,-0.0511,0,,2.8275,75.0,-0.9029,0,0.6526,0.0,9,0,0,0,0,9,10,2022-12-09 13:30:00+05:30,2022-12-09 13:35:00+05:30,2022-12-09 14:15:00+05:30,287.8,286.88928571428573,289.43928571428575,-0.9107,L
S1475,ITC,2022-12-09 13:40:00+05:30,-0.0443,-0.0895,0,,1.1525,81.82,-0.8773,0,0.8177,0.0,5,0,0,1,0,5,6,2022-12-09 14:05:00+05:30,2022-12-09 14:10:00+05:30,2022-12-09 14:15:00+05:30,287.65,286.7660714285714,289.24107142857144,-0.8839,L
S1476,ITC,2022-12-12 09:45:00+05:30,0.2596,,6,5.0,0.2108,79.17,-0.0123,0,0.4584,0.0,6,1,0,0,0,6,7,2022-12-12 10:15:00+05:30,2022-12-12 10:20:00+05:30,2022-12-12 15:00:00+05:30,289.55,287.1482142857143,293.8732142857143,0.3,EOD+
S1477,ITC,2022-12-12 10:25:00+05:30,0.1632,0.1115,0,,0.2873,8.33,0.5534,0,0.4652,,0,0,0,0,1,0,1,2022-12-12 10:25:00+05:30,2022-12-12 10:30:00+05:30,2022-12-12 15:00:00+05:30,289.65,287.40892857142853,293.68392857142857,0.2,EOD+
S1478,ITC,2022-12-12 10:35:00+05:30,0.1399,0.1555,0,,0.1685,66.67,-0.2308,0,0.2844,,0,0,0,1,1,0,1,2022-12-12 10:35:00+05:30,2022-12-12 10:40:00+05:30,2022-12-12 15:00:00+05:30,289.75,287.82142857142856,293.2214285714286,0.1,EOD+
S1479,ITC,2022-12-12 10:45:00+05:30,0.057,0.158,0,,0.2333,57.14,-0.4366,0,0.4755,,0,0,0,1,1,0,1,2022-12-12 10:45:00+05:30,2022-12-12 10:50:00+05:30,2022-12-12 15:00:00+05:30,289.7,287.79821428571427,293.1232142857143,0.15,EOD+
S1480,ITC,2022-12-12 12:30:00+05:30,0.1144,0.1257,19,7.0,0.7,64.29,-0.3162,0,0.6863,0.0,4,0,1,1,0,4,5,2022-12-12 12:50:00+05:30,2022-12-12 12:55:00+05:30,2022-12-12 14:20:00+05:30,290.8,289.7553571428572,292.68035714285713,-1.0446,L
S1481,ITC,2022-12-12 13:00:00+05:30,0.0499,0.0628,0,,0.3957,12.5,0.2308,0,1.0195,,0,0,1,0,1,0,1,2022-12-12 13:00:00+05:30,2022-12-12 13:05:00+05:30,2022-12-12 14:20:00+05:30,291.0,289.97321428571433,292.8482142857142,-1.0268,L
S1482,ITC,2022-12-12 13:10:00+05:30,0.0481,0.0499,0,,0.42,42.86,-0.3939,0,0.7367,1.0,2,0,0,0,0,2,3,2022-12-12 13:20:00+05:30,2022-12-12 13:25:00+05:30,2022-12-12 14:20:00+05:30,290.9,289.91785714285714,292.6678571428571,-0.9821,L
S1483,ITC,2022-12-12 13:30:00+05:30,0.0,0.037,0,,1.4683,0.0,-0.3798,0,1.1806,0.0,1,0,0,0,0,1,2,2022-12-12 13:35:00+05:30,2022-12-12 13:40:00+05:30,2022-12-12 14:20:00+05:30,290.9,289.8017857142857,292.8767857142857,-1.0982,L
S1484,ITC,2022-12-12 13:55:00+05:30,-0.012,-0.0172,2,2.0,0.0235,87.5,4.0,0,1.9343,,0,1,1,0,1,0,1,2022-12-12 13:55:00+05:30,2022-12-12 14:00:00+05:30,2022-12-12 14:20:00+05:30,290.85,289.7875,292.76250000000005,-1.0625,L
S1485,ITC,2022-12-13 09:15:00+05:30,,,0,,0.3007,59.38,3.4828,0,2.3568,,0,0,0,0,1,0,1,2022-12-13 09:15:00+05:30,2022-12-13 09:20:00+05:30,2022-12-13 15:00:00+05:30,290.8,289.5946428571429,292.96964285714284,1.7,EOD+
S1486,ITC,2022-12-13 09:25:00+05:30,,,1,1.0,0.1517,54.55,2.2258,0,0.5465,,0,0,1,0,1,0,1,2022-12-13 09:25:00+05:30,2022-12-13 09:30:00+05:30,2022-12-13 15:00:00+05:30,290.9,289.62321428571425,293.19821428571424,1.6,EOD+
S1487,ITC,2022-12-13 09:35:00+05:30,,,0,,0.5959,12.5,-0.0476,0,0.766,,0,1,0,0,1,0,1,2022-12-13 09:35:00+05:30,2022-12-13 09:40:00+05:30,2022-12-13 15:00:00+05:30,290.4,289.0785714285714,292.77857142857135,2.1,EOD+
S1488,ITC,2022-12-13 09:55:00+05:30,0.0379,-0.0034,2,2.0,0.3597,71.43,-1.0,0,0.4823,1.0,2,1,0,0,0,2,3,2022-12-13 10:05:00+05:30,2022-12-13 10:10:00+05:30,2022-12-13 15:00:00+05:30,290.6,289.31428571428575,292.9142857142857,1.9,EOD+
S1489,ITC,2022-12-13 10:20:00+05:30,0.0654,0.0525,1,1.0,0.2482,0.0,1.4,0,0.4344,,0,0,0,0,1,0,1,2022-12-13 10:20:00+05:30,2022-12-13 10:25:00+05:30,2022-12-13 15:00:00+05:30,290.85,289.59107142857147,293.11607142857144,1.65,EOD+
S1490,ITC,2022-12-13 10:30:00+05:30,0.0533,0.0525,0,,0.3661,0.0,0.0526,0,0.421,,0,0,1,1,1,0,1,2022-12-13 10:30:00+05:30,2022-12-13 10:35:00+05:30,2022-12-13 13:00:00+05:30,290.8,289.82678571428573,292.5517857142857,1.7518,W
S1491,ITC,2022-12-13 10:40:00+05:30,0.0198,0.0602,0,,0.3747,80.0,-0.6226,0,0.4877,,0,0,0,1,1,0,1,2022-12-13 10:40:00+05:30,2022-12-13 10:45:00+05:30,2022-12-13 13:00:00+05:30,290.65,289.7660714285714,292.2410714285714,1.5911,W
S1492,ITC,2022-12-13 10:50:00+05:30,-0.0095,0.0378,0,,0.9108,14.29,-0.5041,0,0.8695,0.0,1,1,0,1,0,1,2,2022-12-13 10:55:00+05:30,2022-12-13 11:00:00+05:30,2022-12-13 13:00:00+05:30,290.8,289.9696428571429,292.29464285714283,1.4946,W
S1493,ITC,2022-12-13 12:50:00+05:30,0.0703,0.0806,21,3.0,0.0803,0.0,10.4286,0,0.3774,,0,0,0,0,1,0,1,2022-12-13 12:50:00+05:30,2022-12-13 12:55:00+05:30,2022-12-13 15:00:00+05:30,291.75,291.2053571428571,292.7303571428572,0.75,EOD+
S1494,ITC,2022-12-13 14:20:00+05:30,0.059,0.065,16,15.0,0.1086,50.0,1.2222,0,0.6582,,0,1,0,1,1,0,1,2022-12-13 14:20:00+05:30,2022-12-13 14:25:00+05:30,2022-12-13 15:00:00+05:30,292.3,291.78214285714284,293.2321428571429,0.2,EOD+
S1495,ITC,2022-12-14 09:15:00+05:30,,,0,,1.7275,74.07,-0.4796,0,0.9274,0.0,1,1,0,0,0,1,2,2022-12-14 09:20:00+05:30,2022-12-14 09:25:00+05:30,2022-12-14 12:20:00+05:30,293.3,292.32678571428573,295.05178571428576,-0.9732,L
S1496,ITC,2022-12-14 09:55:00+05:30,0.07,0.094,6,4.0,0.091,30.0,1.6087,0,0.5443,,0,1,0,1,1,0,1,2022-12-14 09:55:00+05:30,2022-12-14 10:00:00+05:30,2022-12-14 15:00:00+05:30,292.75,291.16964285714283,295.5946428571429,-0.55,EOD-
S1497,ITC,2022-12-14 10:20:00+05:30,0.0657,0.0674,3,3.0,0.07,44.44,1.0,0,0.36,,0,0,0,1,1,0,1,2022-12-14 10:20:00+05:30,2022-12-14 10:25:00+05:30,2022-12-14 13:55:00+05:30,293.25,291.4642857142857,296.4642857142857,-1.7857,L
S1498,ITC,2022-12-14 10:30:00+05:30,0.0597,0.0631,0,,0.1256,20.0,1.8571,0,0.3339,,0,0,0,1,1,0,1,2022-12-14 10:30:00+05:30,2022-12-14 10:35:00+05:30,2022-12-14 13:50:00+05:30,293.2,291.8071428571428,295.70714285714286,-1.3929,L
S1499,ITC,2022-12-14 10:40:00+05:30,0.0418,0.0665,0,,0.9114,37.5,-0.4845,0,0.3372,0.0,1,1,0,1,0,1,2,2022-12-14 10:45:00+05:30,2022-12-14 10:50:00+05:30,2022-12-14 13:50:00+05:30,293.15,291.8196428571428,295.54464285714283,-1.3304,L
S1500,ITC,2022-12-14 10:55:00+05:30,0.0401,0.0418,0,,0.386,57.14,-0.7333,0,0.3858,0.0,1,1,0,0,0,1,2,2022-12-14 11:00:00+05:30,2022-12-14 11:05:00+05:30,2022-12-14 13:50:00+05:30,293.15,291.93571428571425,295.33571428571423,-1.2143,L
S1501,ITC,2022-12-14 11:10:00+05:30,0.0145,0.0401,0,,0.0824,40.0,0.4286,0,0.644,,0,1,1,0,1,0,1,2022-12-14 11:10:00+05:30,2022-12-14 11:15:00+05:30,2022-12-14 12:20:00+05:30,293.2,292.1375,295.1125,-1.0625,L
S1502,ITC,2022-12-14 11:25:00+05:30,-0.0196,0.0145,2,2.0,0.0787,0.0,1.0,0,0.4779,,0,0,0,1,1,0,1,2022-12-14 11:25:00+05:30,2022-12-14 11:30:00+05:30,2022-12-14 11:55:00+05:30,293.15,292.35535714285714,294.5803571428571,-0.7946,L
S1503,ITC,2022-12-14 11:55:00+05:30,-0.0299,0.0,0,,2.5421,50.0,-0.7826,0,1.55,1.0,9,0,0,0,0,9,10,2022-12-14 12:40:00+05:30,2022-12-14 12:45:00+05:30,2022-12-14 13:45:00+05:30,292.8,292.12142857142857,294.0214285714286,-0.6786,L
S1504,ITC,2022-12-14 12:50:00+05:30,-0.047,-0.0589,0,,0.2068,0.0,0.5385,0,1.0193,,0,1,1,0,1,0,1,2022-12-14 12:50:00+05:30,2022-12-14 12:55:00+05:30,2022-12-14 13:50:00+05:30,292.85,292.06428571428575,294.26428571428573,-0.7857,L
S1505,ITC,2022-12-14 13:00:00+05:30,-0.0342,-0.0529,1,1.0,0.0828,37.5,0.8182,0,3.5105,,0,1,1,0,1,0,1,2022-12-14 13:00:00+05:30,2022-12-14 13:05:00+05:30,2022-12-14 13:45:00+05:30,293.05,292.21964285714284,294.5446428571429,-0.8304,L
S1506,ITC,2022-12-14 13:25:00+05:30,0.0188,-0.0137,4,3.0,0.0875,12.5,6.6923,0,1.0962,,0,1,0,1,1,0,1,2022-12-14 13:25:00+05:30,2022-12-14 13:30:00+05:30,2022-12-14 13:50:00+05:30,292.85,291.9214285714286,294.5214285714286,-0.9286,L
S1507,ITC,2022-12-15 09:15:00+05:30,,,0,,0.2295,46.15,0.5,0,1.1987,,0,0,0,0,1,0,1,2022-12-15 09:15:00+05:30,2022-12-15 09:20:00+05:30,2022-12-15 09:35:00+05:30,292.65,291.56071428571425,294.61071428571427,-1.0893,L
S1508,ITC,2022-12-15 13:05:00+05:30,-0.1088,-0.1338,0,,1.0465,25.0,-0.8675,0,1.6633,1.0,9,0,0,1,0,9,10,2022-12-15 13:50:00+05:30,2022-12-15 13:55:00+05:30,2022-12-15 14:35:00+05:30,289.1,288.1982142857143,290.7232142857143,-0.9018,L
S1509,ITC,2022-12-15 14:00:00+05:30,-0.0459,-0.0856,0,,0.175,37.5,2.8095,0,1.2241,,0,0,0,0,1,0,1,2022-12-15 14:00:00+05:30,2022-12-15 14:05:00+05:30,2022-12-15 14:35:00+05:30,289.25,288.49999999999994,290.6000000000001,-0.75,L
S1510,ITC,2022-12-15 14:10:00+05:30,-0.0182,-0.0606,0,,0.175,10.0,2.6364,0,1.6548,,0,1,1,0,1,0,1,2022-12-15 14:10:00+05:30,2022-12-15 14:15:00+05:30,2022-12-15 14:35:00+05:30,289.2,288.41428571428565,290.6142857142858,-0.7857,L
S1511,ITC,2022-12-16 11:35:00+05:30,-0.2264,-0.3516,0,,2.1,91.67,-1.0,0,0.8657,1.0,9,0,0,1,0,9,10,2022-12-16 12:20:00+05:30,2022-12-16 12:25:00+05:30,2022-12-16 15:00:00+05:30,281.7,280.2803571428571,284.2553571428571,2.5554,W
S1512,ITC,2022-12-16 12:30:00+05:30,-0.0941,-0.214,0,,0.2115,28.57,-1.0,0,1.0706,1.0,1,1,0,1,0,1,2,2022-12-16 12:35:00+05:30,2022-12-16 12:40:00+05:30,2022-12-16 15:00:00+05:30,282.0,280.75892857142856,284.2339285714286,2.2339,W
S1513,ITC,2022-12-19 10:40:00+05:30,0.347,0.3503,17,13.0,0.061,69.23,2.8095,0,0.3959,,0,0,0,0,1,0,1,2022-12-19 10:40:00+05:30,2022-12-19 10:45:00+05:30,2022-12-19 15:00:00+05:30,288.05,285.8982142857143,291.9232142857143,0.7,EOD+
S1514,ITC,2022-12-19 11:00:00+05:30,0.2318,0.3493,0,,2.0351,30.0,-0.7518,0,0.7765,1.0,9,0,0,1,0,9,10,2022-12-19 11:45:00+05:30,2022-12-19 11:50:00+05:30,2022-12-19 15:00:00+05:30,287.4,285.6678571428571,290.51785714285717,1.35,EOD+
S1515,ITC,2022-12-19 11:55:00+05:30,-0.0496,-0.1209,0,,0.1464,27.27,0.875,0,1.0516,,0,1,0,1,1,0,1,2022-12-19 11:55:00+05:30,2022-12-19 12:00:00+05:30,2022-12-19 15:00:00+05:30,287.5,286.13392857142856,289.9589285714286,1.25,EOD+
S1516,ITC,2022-12-20 10:45:00+05:30,-0.1753,-0.1804,0,,0.4737,20.0,-1.0,0,1.271,1.0,9,1,1,0,0,9,10,2022-12-20 11:30:00+05:30,2022-12-20 11:35:00+05:30,2022-12-20 15:00:00+05:30,286.4,285.2125,288.53749999999997,0.7,EOD+
S1517,ITC,2022-12-20 11:45:00+05:30,-0.0009,-0.0044,1,1.0,0.0538,20.0,1.5,0,1.5928,,0,1,0,0,1,0,1,2022-12-20 11:45:00+05:30,2022-12-20 11:50:00+05:30,2022-12-20 15:00:00+05:30,286.35,285.42142857142863,288.02142857142854,1.6714,W
S1518,ITC,2022-12-20 12:00:00+05:30,-0.0114,-0.0009,2,2.0,0.151,33.33,0.8182,0,1.0172,,0,1,0,0,1,0,1,2022-12-20 12:00:00+05:30,2022-12-20 12:05:00+05:30,2022-12-20 15:00:00+05:30,286.4,285.48928571428576,288.0392857142856,1.6393,W
S1519,ITC,2022-12-20 12:10:00+05:30,-0.007,0.0009,1,1.0,0.0,40.0,,1,0.4951,,0,1,0,0,1,0,1,2022-12-20 12:10:00+05:30,2022-12-20 12:15:00+05:30,2022-12-20 13:35:00+05:30,286.4,285.67678571428576,287.7017857142856,-0.7232,L
S1520,ITC,2022-12-20 12:40:00+05:30,0.0367,0.0131,4,3.0,0.0263,0.0,12.3333,0,0.536,,0,0,0,1,1,0,1,2022-12-20 12:40:00+05:30,2022-12-20 12:45:00+05:30,2022-12-20 13:35:00+05:30,286.45,285.7357142857143,287.7357142857142,-0.7143,L
S1521,ITC,2022-12-20 12:50:00+05:30,0.0244,0.0288,0,,1.1667,87.5,-0.8621,0,0.7869,1.0,2,0,1,1,0,2,3,2022-12-20 13:00:00+05:30,2022-12-20 13:05:00+05:30,2022-12-20 13:15:00+05:30,286.85,286.07321428571436,288.24821428571425,-0.7768,L
S1522,ITC,2022-12-20 13:15:00+05:30,0.0079,0.0227,0,,1.6393,37.5,-0.635,0,1.8184,1.0,9,1,0,0,0,9,10,2022-12-20 14:00:00+05:30,2022-12-20 14:05:00+05:30,2022-12-20 15:00:00+05:30,286.45,285.40535714285716,288.3303571428571,0.65,EOD+
S1523,ITC,2022-12-21 09:15:00+05:30,,,0,,0.7373,28.57,1.9213,0,2.9887,,0,0,0,0,1,0,1,2022-12-21 09:15:00+05:30,2022-12-21 09:20:00+05:30,2022-12-21 10:15:00+05:30,288.2,286.69107142857143,290.9160714285714,-1.5089,L
S1524,ITC,2022-12-21 11:00:00+05:30,-0.163,-0.1558,0,,1.8294,20.0,-0.9357,0,3.1279,1.0,9,0,0,0,0,9,10,2022-12-21 11:45:00+05:30,2022-12-21 11:50:00+05:30,2022-12-21 12:10:00+05:30,286.35,285.2875,288.26250000000005,-1.0625,L
S1525,ITC,2022-12-21 12:20:00+05:30,-0.0997,-0.0568,0,,2.373,77.78,-0.9163,0,1.0118,0.0,9,0,1,0,0,9,10,2022-12-21 13:05:00+05:30,2022-12-21 13:10:00+05:30,2022-12-21 13:45:00+05:30,285.55,284.29107142857146,287.8160714285714,-1.2589,L
S1526,ITC,2022-12-21 13:15:00+05:30,-0.0254,-0.0797,0,,0.5091,25.0,-0.2308,0,0.9656,1.0,3,0,0,1,0,3,4,2022-12-21 13:30:00+05:30,2022-12-21 13:35:00+05:30,2022-12-21 13:50:00+05:30,285.4,284.12321428571425,287.69821428571424,-1.2768,L
S1527,ITC,2022-12-22 09:25:00+05:30,,,2,2.0,0.2814,44.44,1.0513,0,0.9021,,0,1,0,1,1,0,1,2022-12-22 09:25:00+05:30,2022-12-22 09:30:00+05:30,2022-12-22 09:40:00+05:30,284.5,282.76785714285717,287.61785714285713,-1.7321,L
S1528,ITC,2022-12-22 11:00:00+05:30,-0.3763,-0.2349,0,,4.123,63.64,-0.9644,0,1.0633,1.0,9,0,0,0,0,9,10,2022-12-22 11:45:00+05:30,2022-12-22 11:50:00+05:30,2022-12-22 15:00:00+05:30,281.25,279.5446428571429,284.31964285714287,0.3,EOD+
S1529,ITC,2022-12-22 12:50:00+05:30,0.1147,0.0783,12,6.0,0.0636,0.0,4.4545,0,1.1849,,0,1,0,0,1,0,1,2022-12-22 12:50:00+05:30,2022-12-22 12:55:00+05:30,2022-12-22 15:00:00+05:30,281.2,280.1196428571429,283.14464285714286,0.35,EOD+
S1530,ITC,2022-12-22 13:05:00+05:30,0.0853,0.1147,1,1.0,0.0356,88.89,2.3333,0,0.5912,,0,0,1,1,1,0,1,2022-12-22 13:05:00+05:30,2022-12-22 13:10:00+05:30,2022-12-22 15:00:00+05:30,281.8,280.7464285714286,283.69642857142856,-0.25,EOD-
S1531,ITC,2022-12-22 14:00:00+05:30,0.0825,0.0772,10,2.0,0.0507,33.33,9.0,0,1.3201,,0,0,1,0,1,0,1,2022-12-22 14:00:00+05:30,2022-12-22 14:05:00+05:30,2022-12-22 15:00:00+05:30,282.35,281.1178571428572,284.5678571428571,-0.8,EOD-
S1532,ITC,2022-12-22 14:15:00+05:30,0.055,0.0825,2,2.0,0.2203,83.33,-1.0,0,1.2144,1.0,1,0,1,1,0,1,2,2022-12-22 14:20:00+05:30,2022-12-22 14:25:00+05:30,2022-12-22 15:00:00+05:30,282.15,280.8732142857143,284.44821428571424,-0.6,EOD-
S1533,ITC,2022-12-23 11:30:00+05:30,-0.2201,-0.1794,0,,1.2567,30.77,-0.6491,0,1.6166,1.0,9,1,1,0,0,9,10,2022-12-23 12:15:00+05:30,2022-12-23 12:20:00+05:30,2022-12-23 13:35:00+05:30,277.8,276.6660714285714,279.8410714285715,-1.1339,L
S1534,ITC,2022-12-23 12:50:00+05:30,-0.0063,0.0117,6,4.0,0.4358,50.0,-0.2126,0,0.5929,0.0,1,0,1,1,0,1,2,2022-12-23 12:55:00+05:30,2022-12-23 13:00:00+05:30,2022-12-23 15:00:00+05:30,277.55,275.7285714285714,280.8285714285715,-0.8,EOD-
S1535,ITC,2022-12-23 13:10:00+05:30,-0.0496,-0.0234,1,1.0,0.1154,87.5,-1.0,0,1.3264,1.0,3,0,0,0,0,3,4,2022-12-23 13:25:00+05:30,2022-12-23 13:30:00+05:30,2022-12-23 15:00:00+05:30,277.35,275.725,280.27500000000003,-0.6,EOD-
S1536,ITC,2022-12-23 13:40:00+05:30,0.0469,-0.0171,0,,1.4915,55.56,-0.8773,0,1.35,1.0,9,1,1,0,0,9,10,2022-12-23 14:25:00+05:30,2022-12-23 14:30:00+05:30,2022-12-23 15:00:00+05:30,277.2,275.8339285714286,279.6589285714285,-0.45,EOD-
S1537,ITC,2022-12-26 09:15:00+05:30,,,0,,1.5143,32.56,-0.1509,0,1.4967,,0,1,1,0,1,0,1,2022-12-26 09:15:00+05:30,2022-12-26 09:20:00+05:30,2022-12-26 09:50:00+05:30,277.4,275.65,280.55,3.15,W
S1538,ITC,2022-12-26 11:55:00+05:30,0.1735,0.2303,31,3.0,1.0177,91.67,-0.7884,0,3.4551,1.0,8,0,0,0,0,8,9,2022-12-26 12:35:00+05:30,2022-12-26 12:40:00+05:30,2022-12-26 13:50:00+05:30,283.0,281.8392857142857,285.08928571428567,-1.1607,L
S1539,ITC,2022-12-26 12:45:00+05:30,0.0124,0.0292,1,1.0,0.0,40.0,,1,0.742,,0,1,0,0,1,0,1,2022-12-26 12:45:00+05:30,2022-12-26 12:50:00+05:30,2022-12-26 13:50:00+05:30,283.05,281.7375,285.4125,-1.3125,L
S1540,ITC,2022-12-26 13:20:00+05:30,0.0,0.0292,6,3.0,0.8465,60.0,-0.4872,0,0.423,0.0,3,0,0,1,0,3,4,2022-12-26 13:35:00+05:30,2022-12-26 13:40:00+05:30,2022-12-26 13:55:00+05:30,282.75,281.5982142857143,284.82321428571424,-1.1518,L
S1541,ITC,2022-12-26 13:45:00+05:30,-0.0115,-0.0416,0,,1.4162,37.5,-0.7719,0,2.3442,1.0,5,1,0,0,0,5,6,2022-12-26 14:10:00+05:30,2022-12-26 14:15:00+05:30,2022-12-26 15:00:00+05:30,283.15,281.9892857142857,285.23928571428564,0.55,EOD+
S1542,ITC,2022-12-27 09:35:00+05:30,,,0,,2.1,36.84,-0.5918,0,0.3392,0.0,9,1,0,0,0,9,10,2022-12-27 10:20:00+05:30,2022-12-27 10:25:00+05:30,2022-12-27 15:00:00+05:30,282.65,280.9,285.79999999999995,-0.3,EOD-
S1543,ITC,2022-12-27 11:15:00+05:30,-0.0372,-0.0443,9,7.0,0.5806,72.22,-0.2908,0,0.6831,0.0,7,0,0,0,0,7,8,2022-12-27 11:50:00+05:30,2022-12-27 11:55:00+05:30,2022-12-27 15:00:00+05:30,282.7,281.1821428571428,285.4321428571429,-0.35,EOD-
S1544,ITC,2022-12-27 12:00:00+05:30,0.0141,0.0681,0,,0.2655,25.0,-0.2727,0,0.7624,,0,1,0,1,1,0,1,2022-12-27 12:00:00+05:30,2022-12-27 12:05:00+05:30,2022-12-27 15:00:00+05:30,282.7,281.40535714285716,285.03035714285716,-0.35,EOD-
S1545,ITC,2022-12-27 12:10:00+05:30,0.023,0.0106,0,,0.0048,57.14,59.0,0,0.4985,,0,0,0,1,1,0,1,2022-12-27 12:10:00+05:30,2022-12-27 12:15:00+05:30,2022-12-27 15:00:00+05:30,282.85,281.5464285714286,285.1964285714286,-0.5,EOD-
S1546,ITC,2022-12-27 12:20:00+05:30,-0.031,0.0239,0,,1.2727,66.67,-0.7143,0,1.0163,0.0,8,0,0,0,0,8,9,2022-12-27 13:00:00+05:30,2022-12-27 13:05:00+05:30,2022-12-27 15:00:00+05:30,282.65,281.275,285.125,-0.3,EOD-
S1547,ITC,2022-12-27 13:20:00+05:30,0.0584,-0.0266,3,3.0,0.3583,27.27,0.5385,0,1.6847,,0,0,0,0,1,0,1,2022-12-27 13:20:00+05:30,2022-12-27 13:25:00+05:30,2022-12-27 15:00:00+05:30,282.7,281.5660714285714,284.74107142857144,-0.35,EOD-
S1548,ITC,2022-12-27 13:30:00+05:30,0.0443,0.0425,0,,0.6276,11.11,0.1538,0,1.1742,,0,0,0,0,1,0,1,2022-12-27 13:30:00+05:30,2022-12-27 13:35:00+05:30,2022-12-27 15:00:00+05:30,282.45,281.4142857142857,284.3142857142857,-0.1,EOD-
S1549,ITC,2022-12-27 13:40:00+05:30,-0.0035,0.054,0,,0.8195,22.22,-0.8611,0,1.6489,1.0,1,1,0,1,0,1,2,2022-12-27 13:45:00+05:30,2022-12-27 13:50:00+05:30,2022-12-27 15:00:00+05:30,282.55,281.45178571428573,284.5267857142857,-0.2,EOD-
S1550,ITC,2022-12-27 14:05:00+05:30,0.0044,-0.031,3,1.0,0.2811,62.5,0.2245,0,1.5346,,0,1,1,0,1,0,1,2022-12-27 14:05:00+05:30,2022-12-27 14:10:00+05:30,2022-12-27 15:00:00+05:30,282.5,281.4107142857143,284.46071428571423,-0.15,EOD-
S1551,ITC,2022-12-28 09:30:00+05:30,,,0,,2.2167,68.75,-0.961,0,0.5595,0.0,9,0,0,0,0,9,10,2022-12-28 10:15:00+05:30,2022-12-28 10:20:00+05:30,2022-12-28 15:00:00+05:30,281.85,280.40357142857147,284.4535714285714,0.3,EOD+
S1552,ITC,2022-12-28 10:25:00+05:30,-0.0461,-0.039,0,,0.5882,20.0,-0.5041,0,1.3803,1.0,3,0,1,1,0,3,4,2022-12-28 10:40:00+05:30,2022-12-28 10:45:00+05:30,2022-12-28 15:00:00+05:30,281.85,280.56428571428575,284.16428571428577,0.3,EOD+
S1553,ITC,2022-12-28 11:10:00+05:30,-0.0266,-0.0577,0,,1.1623,20.0,-0.5455,0,1.6397,1.0,9,1,1,0,0,9,10,2022-12-28 11:55:00+05:30,2022-12-28 12:00:00+05:30,2022-12-28 15:00:00+05:30,281.7,280.7535714285714,283.40357142857147,0.45,EOD+
S1554,ITC,2022-12-28 12:20:00+05:30,0.0107,-0.0124,3,3.0,0.0289,50.0,19.0,0,0.897,,0,0,0,0,1,0,1,2022-12-28 12:20:00+05:30,2022-12-28 12:25:00+05:30,2022-12-28 15:00:00+05:30,281.65,280.78392857142853,283.20892857142854,0.5,EOD+
S1555,ITC,2022-12-28 12:30:00+05:30,0.0187,0.008,1,1.0,0.2545,33.33,1.2222,0,1.0774,,0,0,1,1,1,0,1,2022-12-28 12:30:00+05:30,2022-12-28 12:35:00+05:30,2022-12-28 12:55:00+05:30,281.85,280.96607142857147,283.44107142857143,-0.8839,L
S1556,ITC,2022-12-28 12:40:00+05:30,0.0178,0.0142,0,,0.84,50.0,-0.2063,0,1.6296,,0,0,0,0,1,0,1,2022-12-28 12:40:00+05:30,2022-12-28 12:45:00+05:30,2022-12-28 15:00:00+05:30,281.7,280.7625,283.3875,0.45,EOD+
S1557,ITC,2022-12-28 13:00:00+05:30,0.0124,0.0266,0,,0.9688,50.0,-0.7688,0,0.8271,1.0,9,1,0,1,0,9,10,2022-12-28 13:45:00+05:30,2022-12-28 13:50:00+05:30,2022-12-28 15:00:00+05:30,281.4,280.28392857142853,283.4089285714286,0.75,EOD+
S1558,ITC,2022-12-28 14:10:00+05:30,-0.0027,-0.0115,3,3.0,0.5547,63.64,-0.2857,0,0.962,0.0,2,1,0,1,0,2,3,2022-12-28 14:20:00+05:30,2022-12-28 14:25:00+05:30,2022-12-28 15:00:00+05:30,281.4,280.4535714285714,283.1035714285714,1.7036,W
S1559,ITC,2022-12-29 10:30:00+05:30,-0.134,-0.0967,0,,2.0391,25.0,-0.7761,0,1.5179,1.0,9,0,0,0,0,9,10,2022-12-29 11:15:00+05:30,2022-12-29 11:20:00+05:30,2022-12-29 13:50:00+05:30,281.4,280.5785714285714,282.8785714285714,1.4786,W
S1560,ITC,2022-12-29 11:25:00+05:30,-0.0044,-0.0489,0,,0.532,57.14,0.0526,0,1.3506,,0,0,0,0,1,0,1,2022-12-29 11:25:00+05:30,2022-12-29 11:30:00+05:30,2022-12-29 13:50:00+05:30,281.45,280.78035714285716,282.6553571428571,1.2054,W
S1561,ITC,2022-12-29 11:35:00+05:30,0.0036,-0.0107,0,,0.2855,0.0,0.2903,0,1.2779,,0,1,1,1,1,0,1,2022-12-29 11:35:00+05:30,2022-12-29 11:40:00+05:30,2022-12-29 13:50:00+05:30,281.3,280.62142857142857,282.52142857142854,1.2214,W
S1562,ITC,2022-12-29 12:15:00+05:30,-0.0018,0.0435,0,,1.1621,22.22,-0.6491,0,2.6774,1.0,9,1,0,0,0,9,10,2022-12-29 13:00:00+05:30,2022-12-29 13:05:00+05:30,2022-12-29 13:55:00+05:30,281.75,280.83035714285717,283.40535714285716,1.6554,W
S1563,ITC,2022-12-29 13:25:00+05:30,0.0071,0.0231,4,4.0,0.283,63.64,-1.0,0,1.57,0.0,1,0,0,0,0,1,2,2022-12-29 13:30:00+05:30,2022-12-29 13:35:00+05:30,2022-12-29 13:55:00+05:30,281.55,280.7107142857143,283.0607142857143,1.5107,W
S1564,ITC,2022-12-29 13:40:00+05:30,-0.0116,0.0071,0,,0.276,66.67,-0.5122,0,1.9907,,0,1,1,0,1,0,1,2022-12-29 13:40:00+05:30,2022-12-29 13:45:00+05:30,2022-12-29 13:55:00+05:30,281.75,280.82142857142856,283.4214285714286,1.6714,W
S1565,ITC,2022-12-30 09:15:00+05:30,,,0,,0.4468,44.44,-0.5,0,0.3564,0.0,1,1,0,0,0,1,2,2022-12-30 09:20:00+05:30,2022-12-30 09:25:00+05:30,2022-12-30 15:00:00+05:30,283.35,281.67142857142863,286.37142857142857,-1.6786,L
S1566,ITC,2022-12-30 09:30:00+05:30,,,0,,0.4939,62.5,-0.5683,0,0.2774,0.0,1,0,0,0,0,1,2,2022-12-30 09:35:00+05:30,2022-12-30 09:40:00+05:30,2022-12-30 15:00:00+05:30,283.35,281.59107142857147,286.5160714285715,-1.7589,L
S1567,ITC,2022-12-30 09:45:00+05:30,0.0459,,0,,0.7259,81.82,-1.0,0,1.2811,1.0,1,0,0,0,0,1,2,2022-12-30 09:50:00+05:30,2022-12-30 09:55:00+05:30,2022-12-30 14:00:00+05:30,283.7,282.0125,286.7375,-1.6875,L
S1568,ITC,2022-12-30 10:00:00+05:30,0.0538,0.0459,0,,0.7147,20.0,-1.0,0,0.4293,1.0,4,0,0,1,0,4,5,2022-12-30 10:20:00+05:30,2022-12-30 10:25:00+05:30,2022-12-30 14:00:00+05:30,283.75,282.05357142857144,286.80357142857144,-1.6964,L
S1569,ITC,2022-12-30 10:30:00+05:30,-0.0132,-0.0009,0,,0.3141,0.0,0.7143,0,0.3668,,0,1,0,0,1,0,1,2022-12-30 10:30:00+05:30,2022-12-30 10:35:00+05:30,2022-12-30 13:10:00+05:30,283.6,282.20714285714286,286.1071428571429,-1.3929,L
S1570,ITC,2022-12-30 11:50:00+05:30,0.0784,0.0643,15,9.0,0.0259,33.33,5.6667,0,0.5401,,0,0,0,1,1,0,1,2022-12-30 11:50:00+05:30,2022-12-30 11:55:00+05:30,2022-12-30 12:25:00+05:30,283.95,283.2267857142857,285.2517857142857,-0.7232,L
S1571,ITC,2022-12-30 12:00:00+05:30,0.066,0.0678,0,,1.3929,41.67,-0.4872,0,0.8964,,0,0,0,1,1,0,1,2022-12-30 12:00:00+05:30,2022-12-30 12:05:00+05:30,2022-12-30 12:25:00+05:30,283.8,282.925,285.375,-0.875,L
S1572,ITC,2022-12-30 12:55:00+05:30,-0.0714,-0.0432,0,,1.5118,57.14,-0.8444,0,0.8069,1.0,9,0,0,1,0,9,10,2022-12-30 13:40:00+05:30,2022-12-30 13:45:00+05:30,2022-12-30 14:00:00+05:30,282.95,281.8875,284.8625,-1.0625,L
S1573,ITC,2022-12-30 13:50:00+05:30,-0.0795,-0.1042,0,,1.9679,75.0,-0.7987,0,1.2925,0.0,4,1,0,0,0,4,5,2022-12-30 14:10:00+05:30,2022-12-30 14:15:00+05:30,2022-12-30 15:00:00+05:30,282.85,281.9035714285714,284.5535714285715,-0.9464,L
S1574,ITC,2022-12-30 14:20:00+05:30,-0.0592,-0.0858,0,,0.1602,50.0,1.2222,0,1.2691,,0,0,0,0,1,0,1,2022-12-30 14:20:00+05:30,2022-12-30 14:25:00+05:30,2022-12-30 15:00:00+05:30,282.8,281.74642857142857,284.6964285714286,-1.0536,L
