signal_id,stock,datetime,p01,p02,p03,p04,p05,p06,p07,p07_na,p08,p09,p10,p11,p11_open,p12,same_candle_tb,bounce_bar_index,entry_bar_index,bounce_datetime,entry_datetime,exit_datetime,entry_price,sl,target,pnl,outcome
S001,ITC,2025-01-01 11:10:00+05:30,0.0329,0.0232,9,4.0,0.3545,81.82,0.0127,0,4.4754,,0,0,0,0,1,0,1,2025-01-01 11:10:00+05:30,2025-01-01 11:15:00+05:30,2025-01-01 15:00:00+05:30,410.55,409.1571428571429,413.0571428571428,0.35,EOD+
S002,ITC,2025-01-01 12:55:00+05:30,0.0584,0.0651,20,7.0,0.6733,75.0,-0.604,0,0.8757,0.0,2,0,1,1,0,2,3,2025-01-01 13:05:00+05:30,2025-01-01 13:10:00+05:30,2025-01-01 15:00:00+05:30,411.2,410.2625,412.8875,-0.9375,L
S003,ITC,2025-01-01 13:15:00+05:30,0.0182,0.048,0,,0.8178,50.0,-0.68,0,0.5316,0.0,2,1,0,1,0,2,3,2025-01-01 13:25:00+05:30,2025-01-01 13:30:00+05:30,2025-01-01 15:00:00+05:30,411.05,410.09464285714284,412.7696428571429,-0.9554,L
S004,ITC,2025-01-01 13:35:00+05:30,0.0231,0.0201,0,,0.6287,12.5,-0.1753,0,1.6498,1.0,1,1,1,1,0,1,2,2025-01-01 13:40:00+05:30,2025-01-01 13:45:00+05:30,2025-01-01 14:55:00+05:30,411.55,410.5857142857143,413.28571428571433,-0.9643,L
S005,ITC,2025-01-01 13:55:00+05:30,0.0292,0.0267,1,1.0,0.0,30.0,,1,1.5563,,0,1,1,1,1,0,1,2025-01-01 13:55:00+05:30,2025-01-01 14:00:00+05:30,2025-01-01 14:55:00+05:30,411.75,410.6785714285714,413.67857142857144,-1.0714,L
S006,ITC,2025-01-02 10:00:00+05:30,-0.1299,-0.1535,0,,0.5133,27.27,-0.2727,0,0.7905,1.0,9,1,1,1,0,9,10,2025-01-02 10:45:00+05:30,2025-01-02 10:50:00+05:30,2025-01-02 14:50:00+05:30,409.8,407.79107142857146,413.41607142857146,3.6161,W
S007,ITC,2025-01-02 11:00:00+05:30,0.0018,-0.0427,2,1.0,0.2038,42.86,1.1739,0,0.8932,,0,1,0,1,1,0,1,2025-01-02 11:00:00+05:30,2025-01-02 11:05:00+05:30,2025-01-02 12:00:00+05:30,409.7,408.2892857142857,412.2392857142857,2.5393,W
S008,ITC,2025-01-02 11:10:00+05:30,0.0201,-0.0159,0,,0.7958,35.29,-0.3717,0,2.5527,1.0,2,1,0,0,0,2,3,2025-01-02 11:20:00+05:30,2025-01-02 11:25:00+05:30,2025-01-02 12:00:00+05:30,409.9,408.4,412.6,2.7,W
S009,ITC,2025-01-02 13:25:00+05:30,0.1267,0.1747,24,12.0,0.3225,50.0,-0.2683,0,0.7543,0.0,2,0,0,1,0,2,3,2025-01-02 13:35:00+05:30,2025-01-02 13:40:00+05:30,2025-01-02 15:00:00+05:30,412.55,410.9607142857143,415.41071428571433,0.65,EOD+
S010,ITC,2025-01-02 13:45:00+05:30,0.0788,0.1212,0,,0.8727,36.36,-0.4792,0,1.0856,0.0,9,0,1,1,0,9,10,2025-01-02 14:30:00+05:30,2025-01-02 14:35:00+05:30,2025-01-02 15:00:00+05:30,412.75,411.375,415.22499999999997,0.45,EOD+
S011,ITC,2025-01-03 10:00:00+05:30,-0.0667,-0.0673,0,,1.7635,7.69,-0.7772,0,0.6312,1.0,9,0,0,1,0,9,10,2025-01-03 10:45:00+05:30,2025-01-03 10:50:00+05:30,2025-01-03 12:20:00+05:30,411.15,408.6053571428571,415.7303571428572,-2.5446,L
S012,ITC,2025-01-03 10:55:00+05:30,-0.1948,-0.2268,1,1.0,1.0721,76.19,-0.6564,0,1.0522,0.0,8,1,1,1,0,8,9,2025-01-03 11:35:00+05:30,2025-01-03 11:40:00+05:30,2025-01-03 12:20:00+05:30,410.6,408.90357142857147,413.65357142857147,-1.6964,L
S013,ITC,2025-01-06 10:55:00+05:30,1.9665,2.0958,17,9.0,0.0231,62.5,4.7143,0,0.1775,,0,0,0,1,1,0,1,2025-01-06 10:55:00+05:30,2025-01-06 11:00:00+05:30,2025-01-06 13:10:00+05:30,442.65,436.9625,452.88749999999993,-5.6875,L
S014,ITC,2025-01-06 11:50:00+05:30,-0.4544,-0.2889,0,,1.6431,26.67,-0.858,0,0.5305,0.0,9,1,0,0,0,9,10,2025-01-06 12:35:00+05:30,2025-01-06 12:40:00+05:30,2025-01-06 13:10:00+05:30,440.35,437.13571428571436,446.13571428571424,-3.2143,L
S015,ITC,2025-01-07 09:15:00+05:30,,,0,,0.1339,29.49,3.0,0,2.3219,,0,0,1,0,1,0,1,2025-01-07 09:15:00+05:30,2025-01-07 09:20:00+05:30,2025-01-07 12:15:00+05:30,435.25,431.98214285714283,441.1321428571429,-3.2679,L
S016,ITC,2025-01-07 09:25:00+05:30,,,0,,0.6772,33.33,0.1886,0,0.7509,,0,0,1,0,1,0,1,2025-01-07 09:25:00+05:30,2025-01-07 09:30:00+05:30,2025-01-07 12:15:00+05:30,435.55,431.9785714285714,441.97857142857146,-3.5714,L
S017,ITC,2025-01-07 09:35:00+05:30,,,0,,0.0729,0.0,4.1163,0,0.3323,,0,1,0,1,1,0,1,2025-01-07 09:35:00+05:30,2025-01-07 09:40:00+05:30,2025-01-07 12:55:00+05:30,435.1,431.4125,441.73750000000007,-3.6875,L
S018,ITC,2025-01-07 09:45:00+05:30,-0.0127,,1,1.0,0.0619,23.33,7.9474,0,0.6126,,0,0,1,1,1,0,1,2025-01-07 09:45:00+05:30,2025-01-07 09:50:00+05:30,2025-01-07 12:25:00+05:30,435.5,431.6607142857143,442.41071428571433,-3.8393,L
S019,ITC,2025-01-07 09:55:00+05:30,0.0109,-0.0029,0,,0.1397,51.43,-0.1304,0,1.0899,,0,0,1,0,1,0,1,2025-01-07 09:55:00+05:30,2025-01-07 10:00:00+05:30,2025-01-07 12:25:00+05:30,435.7,431.58392857142854,443.1089285714286,-4.1161,L
S020,ITC,2025-01-07 10:05:00+05:30,0.0167,-0.0127,0,,0.703,96.3,-0.9578,0,0.921,1.0,1,0,1,0,0,1,2,2025-01-07 10:10:00+05:30,2025-01-07 10:15:00+05:30,2025-01-07 12:55:00+05:30,435.35,431.1357142857143,442.9357142857143,-4.2143,L
S021,ITC,2025-01-07 10:20:00+05:30,-0.0144,0.0167,0,,0.4862,75.0,-0.6743,0,0.3212,1.0,1,1,1,1,0,1,2,2025-01-07 10:25:00+05:30,2025-01-07 10:30:00+05:30,2025-01-07 12:55:00+05:30,435.05,431.10357142857146,442.1535714285714,-3.9464,L
S022,ITC,2025-01-07 10:40:00+05:30,0.0799,-0.0127,2,1.0,0.1408,57.89,0.7143,0,0.8684,,0,1,0,1,1,0,1,2025-01-07 10:40:00+05:30,2025-01-07 10:45:00+05:30,2025-01-07 12:15:00+05:30,435.65,432.5428571428571,441.24285714285713,-3.1071,L
S023,ITC,2025-01-07 12:30:00+05:30,-0.1953,-0.0648,0,,4.3951,86.67,-0.9718,0,1.3172,1.0,9,0,1,0,0,9,10,2025-01-07 13:15:00+05:30,2025-01-07 13:20:00+05:30,2025-01-07 15:00:00+05:30,433.35,431.33214285714286,436.9821428571429,-1.4,EOD-
S024,ITC,2025-01-07 13:25:00+05:30,-0.1975,-0.27,0,,0.8299,53.85,-0.6183,0,0.5965,0.0,4,0,1,1,0,4,5,2025-01-07 13:45:00+05:30,2025-01-07 13:50:00+05:30,2025-01-07 15:00:00+05:30,432.65,430.6767857142857,436.2017857142857,-0.7,EOD-
S025,ITC,2025-01-07 13:55:00+05:30,-0.089,-0.1375,0,,0.6628,16.67,-0.5918,0,0.976,1.0,6,1,0,0,0,6,7,2025-01-07 14:25:00+05:30,2025-01-07 14:30:00+05:30,2025-01-07 15:00:00+05:30,432.55,430.70178571428573,435.87678571428575,-0.6,EOD-
S026,ITC,2025-01-08 09:20:00+05:30,,,0,,2.4928,71.79,-0.8182,0,0.2897,0.0,9,1,1,0,0,9,10,2025-01-08 10:05:00+05:30,2025-01-08 10:10:00+05:30,2025-01-08 11:55:00+05:30,431.2,428.71785714285716,435.6678571428571,-2.4821,L
S027,ITC,2025-01-08 10:20:00+05:30,-0.0638,-0.1009,1,1.0,0.2656,57.89,0.0,0,0.7331,1.0,1,0,0,0,0,1,2,2025-01-08 10:25:00+05:30,2025-01-08 10:30:00+05:30,2025-01-08 12:45:00+05:30,431.35,428.0553571428572,437.28035714285716,5.9304,W
S028,ITC,2025-01-08 10:40:00+05:30,-0.0586,-0.0627,2,2.0,0.0551,0.0,5.6667,0,0.6765,,0,1,1,1,1,0,1,2025-01-08 10:40:00+05:30,2025-01-08 10:45:00+05:30,2025-01-08 11:55:00+05:30,431.05,428.66607142857146,435.3410714285714,-2.3839,L
S029,ITC,2025-01-08 10:55:00+05:30,-0.0674,-0.0586,2,2.0,0.8115,69.57,-0.4656,0,0.7799,0.0,3,1,0,0,0,3,4,2025-01-08 11:10:00+05:30,2025-01-08 11:15:00+05:30,2025-01-08 11:55:00+05:30,430.9,428.88214285714287,434.5321428571428,-2.0179,L
S030,ITC,2025-01-08 11:20:00+05:30,0.0778,-0.0331,0,,0.1273,72.73,0.6667,0,0.5631,,0,1,0,1,1,0,1,2025-01-08 11:20:00+05:30,2025-01-08 11:25:00+05:30,2025-01-08 11:50:00+05:30,430.8,429.03214285714284,433.9821428571429,-1.7679,L
S031,ITC,2025-01-08 11:30:00+05:30,0.0824,0.0476,0,,1.199,70.37,-0.9422,0,2.9767,1.0,8,1,0,1,0,8,9,2025-01-08 12:10:00+05:30,2025-01-08 12:15:00+05:30,2025-01-08 12:15:00+05:30,430.7,428.89642857142854,433.9464285714286,3.2464,W
S032,ITC,2025-01-09 09:15:00+05:30,,,0,,1.7374,60.0,-0.5281,0,0.7973,0.0,1,1,0,1,0,1,2,2025-01-09 09:20:00+05:30,2025-01-09 09:25:00+05:30,2025-01-09 10:30:00+05:30,440.0,436.0357142857143,447.1357142857143,7.1357,W
S033,ITC,2025-01-09 09:30:00+05:30,,,0,,0.157,22.22,0.2613,0,0.6442,,0,0,0,0,1,0,1,2025-01-09 09:30:00+05:30,2025-01-09 09:35:00+05:30,2025-01-09 10:30:00+05:30,439.9,435.48035714285714,447.8553571428571,7.9554,W
S034,ITC,2025-01-09 09:40:00+05:30,0.0988,,0,,0.5669,27.27,-0.2424,0,0.6705,1.0,1,1,0,0,0,1,2,2025-01-09 09:45:00+05:30,2025-01-09 09:50:00+05:30,2025-01-09 10:30:00+05:30,441.4,437.0339285714286,449.2589285714285,7.8589,W
S035,ITC,2025-01-10 09:50:00+05:30,-0.3027,,0,,4.0914,27.08,-0.7472,0,0.5223,0.0,9,1,0,1,0,9,10,2025-01-10 10:35:00+05:30,2025-01-10 10:40:00+05:30,2025-01-10 15:00:00+05:30,437.65,434.025,444.17499999999995,-2.6,EOD-
S036,ITC,2025-01-10 11:10:00+05:30,-0.0498,-0.1608,6,1.0,0.0272,17.39,24.7143,0,0.5252,,0,0,1,0,1,0,1,2025-01-10 11:10:00+05:30,2025-01-10 11:15:00+05:30,2025-01-10 12:35:00+05:30,437.8,434.5857142857143,443.5857142857143,-3.2143,L
S037,ITC,2025-01-10 11:20:00+05:30,0.0406,-0.0904,1,1.0,0.1244,42.11,1.0339,0,0.3585,,0,0,0,1,1,0,1,2025-01-10 11:20:00+05:30,2025-01-10 11:25:00+05:30,2025-01-10 15:00:00+05:30,437.15,434.18571428571425,442.4857142857142,-2.1,EOD-
S038,ITC,2025-01-10 12:20:00+05:30,-0.0996,-0.0624,0,,1.3472,47.37,-0.8763,0,1.3254,1.0,9,0,0,0,0,9,10,2025-01-10 13:05:00+05:30,2025-01-10 13:10:00+05:30,2025-01-10 15:00:00+05:30,435.6,433.35,439.65000000000003,-0.55,EOD-
S039,ITC,2025-01-10 13:15:00+05:30,-0.0873,-0.1504,0,,0.0408,40.0,2.3333,0,0.7862,,0,0,0,1,1,0,1,2025-01-10 13:15:00+05:30,2025-01-10 13:20:00+05:30,2025-01-10 15:00:00+05:30,435.75,433.9107142857143,439.0607142857143,-0.7,EOD-
S040,ITC,2025-01-10 13:25:00+05:30,-0.0569,-0.1097,0,,0.8317,27.78,-0.75,0,1.2716,1.0,3,1,0,1,0,3,4,2025-01-10 13:40:00+05:30,2025-01-10 13:45:00+05:30,2025-01-10 15:00:00+05:30,436.0,434.19642857142856,439.2464285714286,-0.95,EOD-
S041,ITC,2025-01-10 14:10:00+05:30,0.0614,0.0413,5,2.0,0.1787,64.71,0.3333,0,2.2365,,0,0,0,0,1,0,1,2025-01-10 14:10:00+05:30,2025-01-10 14:15:00+05:30,2025-01-10 15:00:00+05:30,435.65,433.5517857142857,439.4267857142857,-0.6,EOD-
S042,ITC,2025-01-10 14:20:00+05:30,0.0488,0.0706,0,,0.4939,33.33,-0.6319,0,1.5015,1.0,2,1,0,0,0,2,3,2025-01-10 14:30:00+05:30,2025-01-10 14:35:00+05:30,2025-01-10 15:00:00+05:30,435.75,433.6875,439.4625,-0.7,EOD-
S043,ITC,2025-01-13 09:40:00+05:30,-0.2924,,0,,2.0335,20.0,-0.9065,0,0.4235,1.0,9,0,0,1,0,9,10,2025-01-13 10:25:00+05:30,2025-01-13 10:30:00+05:30,2025-01-13 15:00:00+05:30,433.0,429.05357142857144,440.1035714285714,-3.0,EOD-
S044,ITC,2025-01-13 10:55:00+05:30,-0.096,-0.155,5,5.0,0.1244,27.78,5.0,0,1.0815,,0,1,0,0,1,0,1,2025-01-13 10:55:00+05:30,2025-01-13 11:00:00+05:30,2025-01-13 13:10:00+05:30,432.75,430.74107142857144,436.36607142857144,-2.0089,L
S045,ITC,2025-01-13 11:15:00+05:30,0.0902,-0.0428,3,3.0,1.4521,73.91,-0.6923,0,0.964,1.0,9,0,0,0,0,9,10,2025-01-13 12:00:00+05:30,2025-01-13 12:05:00+05:30,2025-01-13 13:10:00+05:30,432.35,430.6714285714286,435.3714285714286,-1.6786,L
S046,ITC,2025-01-13 12:15:00+05:30,-0.0486,-0.0272,2,2.0,1.2348,74.29,-0.9513,0,1.258,0.0,3,0,0,1,0,3,4,2025-01-13 12:30:00+05:30,2025-01-13 12:35:00+05:30,2025-01-13 13:35:00+05:30,432.2,430.1196428571429,435.9446428571428,-2.0804,L
S047,ITC,2025-01-13 12:40:00+05:30,-0.0648,-0.0619,0,,0.953,33.33,-0.469,0,1.7076,1.0,5,0,0,0,0,5,6,2025-01-13 13:05:00+05:30,2025-01-13 13:10:00+05:30,2025-01-13 15:00:00+05:30,431.7,429.4767857142857,435.7017857142857,-1.7,EOD-
S048,ITC,2025-01-13 13:15:00+05:30,-0.0174,-0.0556,0,,1.5536,25.0,-0.8099,0,0.9698,1.0,5,0,0,0,0,5,6,2025-01-13 13:40:00+05:30,2025-01-13 13:45:00+05:30,2025-01-13 15:00:00+05:30,431.55,429.43392857142857,435.3589285714286,-1.55,EOD-
S049,ITC,2025-01-13 13:50:00+05:30,-0.0493,-0.051,0,,0.7467,64.29,-0.6324,0,1.6638,,0,1,0,1,1,0,1,2025-01-13 13:50:00+05:30,2025-01-13 13:55:00+05:30,2025-01-13 14:40:00+05:30,432.25,429.97321428571433,436.3482142857142,-2.2768,L
S050,ITC,2025-01-14 09:15:00+05:30,,,0,,1.2997,53.19,-0.5332,0,0.2528,0.0,7,0,0,0,0,7,8,2025-01-14 09:50:00+05:30,2025-01-14 09:55:00+05:30,2025-01-14 12:55:00+05:30,430.85,428.1714285714286,435.6714285714286,-2.6786,L
S051,ITC,2025-01-14 10:00:00+05:30,-0.1744,-0.2126,0,,0.3294,14.29,-0.375,0,0.5602,1.0,1,0,0,0,0,1,2,2025-01-14 10:05:00+05:30,2025-01-14 10:10:00+05:30,2025-01-14 14:15:00+05:30,430.2,427.1642857142857,435.6642857142857,-3.0357,L
S052,ITC,2025-01-14 10:15:00+05:30,-0.064,-0.1744,0,,0.1623,23.08,0.2048,0,0.2983,,0,1,0,0,1,0,1,2025-01-14 10:15:00+05:30,2025-01-14 10:20:00+05:30,2025-01-14 14:25:00+05:30,430.15,426.9535714285714,435.9035714285714,-3.1964,L
S053,ITC,2025-01-14 10:25:00+05:30,-0.0198,-0.089,1,1.0,0.2283,90.91,-0.8113,0,0.9339,1.0,4,0,1,1,0,4,5,2025-01-14 10:45:00+05:30,2025-01-14 10:50:00+05:30,2025-01-14 14:15:00+05:30,430.15,427.24821428571425,435.37321428571425,-2.9018,L
S054,ITC,2025-01-14 10:55:00+05:30,-0.0302,-0.025,0,,0.4389,29.41,-0.4937,0,1.4039,,0,0,0,1,1,0,1,2025-01-14 10:55:00+05:30,2025-01-14 11:00:00+05:30,2025-01-14 13:40:00+05:30,429.8,427.55,433.85,-2.25,L
S055,ITC,2025-01-14 11:05:00+05:30,-0.025,-0.0297,0,,1.0309,50.0,-0.7878,0,1.3809,0.0,2,1,0,1,0,2,3,2025-01-14 11:15:00+05:30,2025-01-14 11:20:00+05:30,2025-01-14 13:00:00+05:30,430.2,427.9142857142857,434.3142857142857,-2.2857,L
S056,ITC,2025-01-14 11:40:00+05:30,0.0546,0.0657,4,3.0,0.0094,42.86,-1.0,0,1.3618,1.0,1,0,0,0,0,1,2,2025-01-14 11:45:00+05:30,2025-01-14 11:50:00+05:30,2025-01-14 12:55:00+05:30,430.7,428.04821428571427,435.4732142857142,-2.6518,L
S057,ITC,2025-01-14 12:05:00+05:30,0.0407,0.0192,3,3.0,0.3362,44.0,0.4925,0,1.3567,,0,0,1,0,1,0,1,2025-01-14 12:05:00+05:30,2025-01-14 12:10:00+05:30,2025-01-14 12:50:00+05:30,431.15,428.6589285714286,435.6339285714285,-2.4911,L
S058,ITC,2025-01-14 12:40:00+05:30,0.1004,0.0929,6,4.0,0.1821,35.29,1.069,0,0.6116,,0,0,0,1,1,0,1,2025-01-14 12:40:00+05:30,2025-01-14 12:45:00+05:30,2025-01-14 12:50:00+05:30,431.0,429.0089285714286,434.58392857142854,-1.9911,L
S059,ITC,2025-01-15 09:15:00+05:30,,,0,,1.3391,45.24,-0.1477,0,0.9541,,0,0,0,0,1,0,1,2025-01-15 09:15:00+05:30,2025-01-15 09:20:00+05:30,2025-01-15 09:45:00+05:30,428.5,426.85714285714283,431.4571428571429,-1.6429,L
S060,ITC,2025-01-15 09:25:00+05:30,,,0,,0.8475,55.56,-0.5142,0,0.2666,,0,0,1,0,1,0,1,2025-01-15 09:25:00+05:30,2025-01-15 09:30:00+05:30,2025-01-15 10:45:00+05:30,428.0,426.17857142857144,431.27857142857147,3.2786,W
S061,ITC,2025-01-15 09:35:00+05:30,,,0,,0.2019,72.22,-1.0,0,0.2286,,0,0,0,1,1,0,1,2025-01-15 09:35:00+05:30,2025-01-15 09:40:00+05:30,2025-01-15 11:00:00+05:30,428.1,426.18035714285713,431.5553571428572,3.4554,W
S062,ITC,2025-01-15 09:45:00+05:30,-0.0099,,0,,1.3477,90.91,-1.0,0,0.3953,1.0,1,1,0,0,0,1,2,2025-01-15 09:50:00+05:30,2025-01-15 09:55:00+05:30,2025-01-15 11:05:00+05:30,427.8,425.6482142857143,431.6732142857143,3.8732,W
S063,ITC,2025-01-15 10:00:00+05:30,0.0035,-0.0099,0,,0.3795,46.15,-0.0541,0,0.2204,1.0,5,1,0,1,0,5,6,2025-01-15 10:25:00+05:30,2025-01-15 10:30:00+05:30,2025-01-15 11:10:00+05:30,428.3,425.8625,432.6875,4.3875,W
S064,ITC,2025-01-15 12:00:00+05:30,0.0819,0.1337,0,,1.6212,33.33,-0.9252,0,0.6481,1.0,9,0,1,1,0,9,10,2025-01-15 12:45:00+05:30,2025-01-15 12:50:00+05:30,2025-01-15 15:00:00+05:30,429.95,427.8875,433.6625,-1.25,EOD-
S065,ITC,2025-01-15 13:15:00+05:30,-0.1276,-0.1409,0,,0.5774,0.0,-0.646,0,0.519,0.0,9,0,0,0,0,9,10,2025-01-15 14:00:00+05:30,2025-01-15 14:05:00+05:30,2025-01-15 15:00:00+05:30,428.85,427.62678571428575,431.05178571428576,-0.15,EOD-
S066,ITC,2025-01-16 11:00:00+05:30,-0.2452,-0.3267,0,,1.3862,38.46,-0.9502,0,0.6612,0.0,9,0,0,1,0,9,10,2025-01-16 11:45:00+05:30,2025-01-16 11:50:00+05:30,2025-01-16 15:00:00+05:30,423.3,421.4875,426.56250000000006,0.45,EOD+
S067,ITC,2025-01-16 11:55:00+05:30,-0.0644,-0.1329,0,,0.1905,16.67,0.5,0,0.4516,,0,0,0,1,1,0,1,2025-01-16 11:55:00+05:30,2025-01-16 12:00:00+05:30,2025-01-16 15:00:00+05:30,423.15,421.8375,425.5125,0.6,EOD+
S068,ITC,2025-01-16 12:15:00+05:30,-0.01,-0.0496,3,2.0,0.1289,0.0,1.8571,0,1.1575,,0,0,0,0,1,0,1,2025-01-16 12:15:00+05:30,2025-01-16 12:20:00+05:30,2025-01-16 15:00:00+05:30,423.15,422.13214285714287,424.98214285714283,0.6,EOD+
S069,ITC,2025-01-16 12:25:00+05:30,0.0047,-0.0242,0,,0.12,16.67,0.1111,0,0.7428,,0,1,0,1,1,0,1,2025-01-16 12:25:00+05:30,2025-01-16 12:30:00+05:30,2025-01-16 15:00:00+05:30,423.1,422.1625,424.7875,0.65,EOD+
S070,ITC,2025-01-16 12:35:00+05:30,0.0012,-0.0006,0,,0.1602,33.33,1.1053,0,1.0018,,0,0,0,1,1,0,1,2025-01-16 12:35:00+05:30,2025-01-16 12:40:00+05:30,2025-01-16 15:00:00+05:30,423.15,422.4089285714286,424.4839285714285,0.6,EOD+
S071,ITC,2025-01-16 12:45:00+05:30,-0.003,0.0053,0,,0.6317,12.5,-0.1892,0,1.6273,,0,0,0,0,1,0,1,2025-01-16 12:45:00+05:30,2025-01-16 12:50:00+05:30,2025-01-16 15:00:00+05:30,423.05,422.3178571428572,424.36785714285713,0.7,EOD+
S072,ITC,2025-01-16 12:55:00+05:30,-0.0041,-0.003,0,,1.6614,16.67,-0.1878,0,0.8271,1.0,3,0,0,0,0,3,4,2025-01-16 13:10:00+05:30,2025-01-16 13:15:00+05:30,2025-01-16 15:00:00+05:30,423.1,422.35892857142863,424.43392857142857,0.65,EOD+
S073,ITC,2025-01-16 13:20:00+05:30,0.0041,0.0,0,,0.8427,37.5,-0.6774,0,1.0554,1.0,1,1,0,1,0,1,2,2025-01-16 13:25:00+05:30,2025-01-16 13:30:00+05:30,2025-01-16 15:00:00+05:30,422.85,421.9303571428572,424.5053571428571,0.9,EOD+
S074,ITC,2025-01-16 13:35:00+05:30,-0.0053,0.0041,0,,0.6054,12.5,-0.375,0,1.204,0.0,1,0,0,1,0,1,2,2025-01-16 13:40:00+05:30,2025-01-16 13:45:00+05:30,2025-01-16 15:00:00+05:30,423.05,422.0589285714286,424.8339285714285,0.7,EOD+
S075,ITC,2025-01-16 13:50:00+05:30,0.0053,-0.0053,0,,0.3552,78.95,-0.4118,0,2.5255,,0,0,0,0,1,0,1,2025-01-16 13:50:00+05:30,2025-01-16 13:55:00+05:30,2025-01-16 15:00:00+05:30,423.75,422.55357142857144,425.90357142857135,0.0,EOD-
S076,ITC,2025-01-16 14:00:00+05:30,0.0065,-0.0047,0,,0.3127,14.29,0.194,0,0.7176,,0,1,0,0,1,0,1,2025-01-16 14:00:00+05:30,2025-01-16 14:05:00+05:30,2025-01-16 15:00:00+05:30,423.05,421.7107142857143,425.4607142857143,0.7,EOD+
S077,ITC,2025-01-16 14:10:00+05:30,0.0065,0.0041,0,,0.5312,11.11,0.1215,0,0.738,,0,1,0,0,1,0,1,2025-01-16 14:10:00+05:30,2025-01-16 14:15:00+05:30,2025-01-16 15:00:00+05:30,423.05,421.79107142857146,425.31607142857143,0.7,EOD+
S078,ITC,2025-01-16 14:20:00+05:30,0.0012,0.0059,0,,0.256,33.33,-0.1837,0,1.2166,,0,0,0,1,1,0,1,2025-01-16 14:20:00+05:30,2025-01-16 14:25:00+05:30,2025-01-16 15:00:00+05:30,423.15,421.9535714285714,425.3035714285714,0.6,EOD+
S079,ITC,2025-01-16 14:30:00+05:30,0.0035,-0.0006,0,,0.2885,0.0,0.4815,0,1.5672,,0,0,0,0,1,0,1,2025-01-16 14:30:00+05:30,2025-01-16 14:35:00+05:30,2025-01-16 15:00:00+05:30,423.15,421.9803571428571,425.2553571428571,0.6,EOD+
S080,ITC,2025-01-17 10:55:00+05:30,0.3048,0.3626,20,3.0,0.1518,50.0,0.194,0,0.5374,,0,1,0,0,1,0,1,2025-01-17 10:55:00+05:30,2025-01-17 11:00:00+05:30,2025-01-17 15:00:00+05:30,428.2,425.44107142857143,433.16607142857146,3.7,EOD+
S081,ITC,2025-01-17 11:15:00+05:30,0.1912,0.2877,2,2.0,0.0361,30.0,15.0,0,0.4851,,0,1,0,0,1,0,1,2025-01-17 11:15:00+05:30,2025-01-17 11:20:00+05:30,2025-01-17 15:00:00+05:30,429.65,427.0517857142857,434.3267857142857,2.25,EOD+
S082,ITC,2025-01-17 11:40:00+05:30,0.1473,0.1509,4,2.0,0.0242,100.0,-1.0,0,0.5535,1.0,2,1,0,0,0,2,3,2025-01-17 11:50:00+05:30,2025-01-17 11:55:00+05:30,2025-01-17 15:00:00+05:30,429.75,427.6875,433.4625,2.15,EOD+
S083,ITC,2025-01-17 13:15:00+05:30,0.072,0.083,16,11.0,0.2914,63.64,-0.3103,0,1.0292,1.0,7,0,1,1,0,7,8,2025-01-17 13:50:00+05:30,2025-01-17 13:55:00+05:30,2025-01-17 15:00:00+05:30,431.4,429.5339285714286,434.7589285714285,0.5,EOD+
S084,ITC,2025-01-20 10:40:00+05:30,-0.162,-0.2236,0,,0.5935,0.0,-0.1795,0,0.4353,0.0,9,1,0,1,0,9,10,2025-01-20 11:25:00+05:30,2025-01-20 11:30:00+05:30,2025-01-20 13:25:00+05:30,429.5,427.44642857142856,433.19642857142856,-2.0536,L
S085,ITC,2025-01-20 12:00:00+05:30,0.063,0.0735,6,5.0,0.4492,37.5,-0.3333,0,0.3202,1.0,1,1,0,1,0,1,2,2025-01-20 12:05:00+05:30,2025-01-20 12:10:00+05:30,2025-01-20 13:25:00+05:30,428.9,427.23035714285714,431.9053571428571,-1.6696,L
S086,ITC,2025-01-20 12:15:00+05:30,0.0291,0.063,0,,0.4806,58.33,-0.5652,0,0.6469,0.0,1,0,0,0,0,1,2,2025-01-20 12:20:00+05:30,2025-01-20 12:25:00+05:30,2025-01-20 13:25:00+05:30,428.9,427.10535714285714,432.13035714285706,-1.7946,L
S087,ITC,2025-01-20 12:30:00+05:30,0.0052,0.0291,0,,0.5044,50.0,-1.0,0,1.9069,1.0,3,0,0,0,0,3,4,2025-01-20 12:45:00+05:30,2025-01-20 12:50:00+05:30,2025-01-20 15:00:00+05:30,428.8,426.97857142857146,432.0785714285714,-0.55,EOD-
S088,ITC,2025-01-20 13:25:00+05:30,-0.1097,-0.0361,0,,2.6538,60.0,-0.7997,0,0.9586,0.0,9,0,0,0,0,9,10,2025-01-20 14:10:00+05:30,2025-01-20 14:15:00+05:30,2025-01-20 15:00:00+05:30,428.35,426.93928571428575,430.88928571428573,-0.1,EOD-
S089,ITC,2025-01-21 10:15:00+05:30,0.1673,0.1924,12,10.0,0.1439,47.83,1.1622,0,0.3513,,0,0,0,1,1,0,1,2025-01-21 10:15:00+05:30,2025-01-21 10:20:00+05:30,2025-01-21 11:45:00+05:30,430.6,427.3857142857143,436.38571428571436,5.7857,W
S090,ITC,2025-01-21 10:25:00+05:30,0.1214,0.1853,0,,1.557,31.82,-0.7548,0,2.4342,1.0,3,1,0,0,0,3,4,2025-01-21 10:40:00+05:30,2025-01-21 10:45:00+05:30,2025-01-21 11:45:00+05:30,432.05,429.1035714285714,437.35357142857146,5.3036,W
S091,ITC,2025-01-21 11:05:00+05:30,0.0893,0.1484,4,4.0,0.2235,30.0,1.8571,0,1.4779,,0,1,0,0,1,0,1,2025-01-21 11:05:00+05:30,2025-01-21 11:10:00+05:30,2025-01-21 11:45:00+05:30,431.65,428.90892857142853,436.58392857142854,4.9339,W
S092,ITC,2025-01-21 11:30:00+05:30,0.0099,0.0174,3,3.0,0.0418,13.33,5.6667,0,0.769,,0,0,0,0,1,0,1,2025-01-21 11:30:00+05:30,2025-01-21 11:35:00+05:30,2025-01-21 11:45:00+05:30,431.55,429.3089285714286,435.58392857142854,4.0339,W
S093,ITC,2025-01-21 12:10:00+05:30,0.2347,0.1638,6,5.0,0.2299,48.72,-0.8485,0,0.7466,1.0,9,1,0,0,0,9,10,2025-01-21 12:55:00+05:30,2025-01-21 13:00:00+05:30,2025-01-21 14:30:00+05:30,432.45,428.86071428571427,438.9107142857143,-3.5893,L
S094,ITC,2025-01-21 13:10:00+05:30,0.0428,-0.0428,2,2.0,0.122,46.67,1.1918,0,0.2174,,0,0,0,1,1,0,1,2025-01-21 13:10:00+05:30,2025-01-21 13:15:00+05:30,2025-01-21 14:30:00+05:30,432.5,428.75892857142856,439.2339285714286,-3.7411,L
S095,ITC,2025-01-21 13:20:00+05:30,0.0307,0.0203,0,,1.9733,42.59,-0.5062,0,0.9019,1.0,1,0,1,0,0,1,2,2025-01-21 13:25:00+05:30,2025-01-21 13:30:00+05:30,2025-01-21 14:30:00+05:30,432.95,429.1017857142857,439.8767857142857,-3.8482,L
S096,ITC,2025-01-21 13:35:00+05:30,-0.1164,0.0307,1,1.0,0.1936,23.08,1.5,0,0.3885,,0,1,0,1,1,0,1,2025-01-21 13:35:00+05:30,2025-01-21 13:40:00+05:30,2025-01-21 14:30:00+05:30,431.75,428.13392857142856,438.25892857142856,-3.6161,L
S097,ITC,2025-01-21 13:50:00+05:30,-0.1165,-0.1164,2,2.0,0.3303,56.25,0.1399,0,0.5597,,0,1,0,1,1,0,1,2025-01-21 13:50:00+05:30,2025-01-21 13:55:00+05:30,2025-01-21 14:35:00+05:30,431.25,427.5982142857143,437.8232142857143,-3.6518,L
S098,ITC,2025-01-21 14:00:00+05:30,0.0069,-0.1431,0,,0.4678,50.0,-0.2958,0,0.5843,,0,0,0,1,1,0,1,2025-01-21 14:00:00+05:30,2025-01-21 14:05:00+05:30,2025-01-21 14:30:00+05:30,432.1,428.30535714285713,438.9303571428572,-3.7946,L
S099,ITC,2025-01-22 09:15:00+05:30,,,0,,0.4145,21.74,2.4211,0,0.9007,,0,1,0,0,1,0,1,2025-01-22 09:15:00+05:30,2025-01-22 09:20:00+05:30,2025-01-22 12:30:00+05:30,431.5,428.0625,437.6875,-3.4375,L
S100,ITC,2025-01-22 10:10:00+05:30,0.18,0.1093,10,9.0,0.1369,9.09,1.623,0,0.1978,,0,1,0,1,1,0,1,2025-01-22 10:10:00+05:30,2025-01-22 10:15:00+05:30,2025-01-22 12:30:00+05:30,430.8,428.01428571428573,435.81428571428575,-2.7857,L
S101,ITC,2025-01-22 10:20:00+05:30,0.1874,0.1632,0,,0.0498,40.0,-1.0,0,1.6569,1.0,2,0,1,0,0,2,3,2025-01-22 10:30:00+05:30,2025-01-22 10:35:00+05:30,2025-01-22 11:20:00+05:30,431.95,429.19107142857143,436.91607142857146,-2.7589,L
S102,ITC,2025-01-22 10:40:00+05:30,0.1524,0.1642,0,,0.3844,36.36,-0.0728,0,0.2498,,0,0,0,1,1,0,1,2025-01-22 10:40:00+05:30,2025-01-22 10:45:00+05:30,2025-01-22 11:20:00+05:30,431.5,429.04464285714283,435.9196428571429,-2.4554,L
S103,ITC,2025-01-22 11:20:00+05:30,-0.1491,-0.0035,0,,2.843,75.0,-0.9136,0,0.2504,0.0,9,0,0,1,0,9,10,2025-01-22 12:05:00+05:30,2025-01-22 12:10:00+05:30,2025-01-22 12:30:00+05:30,429.95,427.9142857142857,433.6142857142857,-2.0357,L
S104,ITC,2025-01-22 12:15:00+05:30,-0.0925,-0.1198,0,,0.733,20.0,-0.1892,0,0.559,,0,0,0,0,1,0,1,2025-01-22 12:15:00+05:30,2025-01-22 12:20:00+05:30,2025-01-22 12:30:00+05:30,429.8,427.90714285714284,433.20714285714286,-1.8929,L
S105,ITC,2025-01-22 12:25:00+05:30,-0.1118,-0.0965,0,,1.6844,52.94,-0.7032,0,1.4941,1.0,8,1,1,0,0,8,9,2025-01-22 13:05:00+05:30,2025-01-22 13:10:00+05:30,2025-01-22 14:15:00+05:30,430.05,428.05,433.65000000000003,-2.0,L
S106,ITC,2025-01-22 13:30:00+05:30,0.0408,0.0151,4,4.0,0.1801,23.08,1.7273,0,0.6931,,0,0,0,1,1,0,1,2025-01-22 13:30:00+05:30,2025-01-22 13:35:00+05:30,2025-01-22 14:15:00+05:30,429.6,428.0732142857143,432.34821428571433,-1.5268,L
S107,ITC,2025-01-23 09:15:00+05:30,,,0,,3.6181,40.82,-0.7358,0,0.8835,0.0,3,1,0,0,0,3,4,2025-01-23 09:30:00+05:30,2025-01-23 09:35:00+05:30,2025-01-23 15:00:00+05:30,429.05,426.82678571428573,433.0517857142857,2.1,EOD+
S108,ITC,2025-01-23 11:10:00+05:30,0.1834,0.2039,19,6.0,0.0278,50.0,3.4444,0,0.2842,,0,0,0,1,1,0,1,2025-01-23 11:10:00+05:30,2025-01-23 11:15:00+05:30,2025-01-23 15:00:00+05:30,430.95,428.92321428571427,434.5982142857143,0.2,EOD+
S109,ITC,2025-01-23 12:50:00+05:30,0.0654,0.0579,18,6.0,0.5531,35.71,0.4159,0,2.3658,,0,1,0,0,1,0,1,2025-01-23 12:50:00+05:30,2025-01-23 12:55:00+05:30,2025-01-23 13:10:00+05:30,432.1,430.8232142857143,434.3982142857143,-1.2768,L
S110,ITC,2025-01-23 13:05:00+05:30,0.0636,0.0654,2,1.0,1.3315,71.43,-0.7059,0,0.5654,0.0,6,0,0,1,0,6,7,2025-01-23 13:35:00+05:30,2025-01-23 13:40:00+05:30,2025-01-23 13:45:00+05:30,432.0,430.7232142857143,434.29821428571427,-1.2768,L
S111,ITC,2025-01-23 13:45:00+05:30,-0.0457,-0.0666,0,,1.6672,70.83,-0.684,0,0.5501,0.0,7,0,0,0,0,7,8,2025-01-23 14:20:00+05:30,2025-01-23 14:25:00+05:30,2025-01-23 15:00:00+05:30,431.3,429.63928571428573,434.2892857142857,-0.15,EOD-
S112,ITC,2025-01-23 14:30:00+05:30,-0.0713,-0.1003,0,,0.0757,28.57,1.0,0,0.4816,,0,0,0,1,1,0,1,2025-01-23 14:30:00+05:30,2025-01-23 14:35:00+05:30,2025-01-23 15:00:00+05:30,431.25,429.5982142857143,434.2232142857143,-0.1,EOD-
S113,ITC,2025-01-24 09:15:00+05:30,,,0,,0.9629,86.67,-0.9317,0,0.465,,0,0,0,0,1,0,1,2025-01-24 09:15:00+05:30,2025-01-24 09:20:00+05:30,2025-01-24 10:20:00+05:30,432.3,430.3982142857143,435.7232142857143,-1.9018,L
S114,ITC,2025-01-24 09:30:00+05:30,,,2,1.0,0.0219,35.29,14.0,0,0.4052,,0,0,0,0,1,0,1,2025-01-24 09:30:00+05:30,2025-01-24 09:35:00+05:30,2025-01-24 15:00:00+05:30,431.85,429.56428571428575,435.9642857142858,0.45,EOD+
S115,ITC,2025-01-24 09:40:00+05:30,0.0678,,1,1.0,0.2711,39.13,0.6364,0,0.4563,,0,0,0,1,1,0,1,2025-01-24 09:40:00+05:30,2025-01-24 09:45:00+05:30,2025-01-24 15:00:00+05:30,432.0,429.4642857142857,436.56428571428575,0.3,EOD+
S116,ITC,2025-01-24 09:50:00+05:30,0.0435,,0,,0.3362,7.14,-0.863,0,0.5533,0.0,1,1,0,1,0,1,2,2025-01-24 09:55:00+05:30,2025-01-24 10:00:00+05:30,2025-01-24 15:00:00+05:30,431.75,429.0357142857143,436.6357142857143,0.55,EOD+
S117,ITC,2025-01-24 10:15:00+05:30,0.0556,0.0313,2,1.0,0.4532,30.0,0.0891,0,0.2844,,0,0,0,1,1,0,1,2025-01-24 10:15:00+05:30,2025-01-24 10:20:00+05:30,2025-01-24 15:00:00+05:30,431.65,428.8642857142857,436.66428571428565,0.65,EOD+
S118,ITC,2025-01-24 10:25:00+05:30,0.0411,0.0446,0,,0.6077,91.67,-0.9259,0,0.3677,,0,0,0,0,1,0,1,2025-01-24 10:25:00+05:30,2025-01-24 10:30:00+05:30,2025-01-24 15:00:00+05:30,432.05,429.2732142857143,437.04821428571427,0.25,EOD+
S119,ITC,2025-01-24 10:50:00+05:30,0.0521,0.0394,4,3.0,0.0,37.5,,1,0.3046,,0,1,0,1,1,0,1,2025-01-24 10:50:00+05:30,2025-01-24 10:55:00+05:30,2025-01-24 15:00:00+05:30,432.1,429.8946428571429,436.0696428571428,0.2,EOD+
S120,ITC,2025-01-24 12:10:00+05:30,0.1609,0.1628,15,4.0,0.0384,50.0,9.0,0,0.9816,,0,1,0,1,1,0,1,2025-01-24 12:10:00+05:30,2025-01-24 12:15:00+05:30,2025-01-24 14:40:00+05:30,434.25,431.9732142857143,438.3482142857143,-2.2768,L
S121,ITC,2025-01-24 12:30:00+05:30,0.1204,0.1464,3,3.0,0.1219,9.09,2.0769,0,0.4076,,0,0,0,1,1,0,1,2025-01-24 12:30:00+05:30,2025-01-24 12:35:00+05:30,2025-01-24 14:40:00+05:30,434.2,432.2,437.8,-2.0,L
S122,ITC,2025-01-24 12:40:00+05:30,0.1008,0.1164,0,,0.7124,62.5,-0.7391,0,0.3243,0.0,3,0,0,1,0,3,4,2025-01-24 12:55:00+05:30,2025-01-24 13:00:00+05:30,2025-01-24 14:40:00+05:30,434.2,432.1821428571428,437.83214285714286,-2.0179,L
S123,ITC,2025-01-24 13:05:00+05:30,0.0179,0.061,0,,1.3901,64.29,-0.905,0,0.6022,1.0,1,0,0,0,0,1,2,2025-01-24 13:10:00+05:30,2025-01-24 13:15:00+05:30,2025-01-24 14:35:00+05:30,434.25,432.3571428571429,437.65714285714284,-1.8929,L
S124,ITC,2025-01-24 13:20:00+05:30,0.0144,0.0179,0,,0.6384,36.36,-0.4924,0,0.3125,0.0,1,0,1,1,0,1,2,2025-01-24 13:25:00+05:30,2025-01-24 13:30:00+05:30,2025-01-24 14:35:00+05:30,434.4,432.47142857142853,437.8714285714285,-1.9286,L
S125,ITC,2025-01-24 13:35:00+05:30,-0.038,0.0144,0,,0.8276,7.69,-0.1304,0,0.3885,0.0,1,0,0,1,0,1,2,2025-01-24 13:40:00+05:30,2025-01-24 13:45:00+05:30,2025-01-24 14:40:00+05:30,434.15,432.2392857142857,437.58928571428567,-1.9107,L
S126,ITC,2025-01-27 09:15:00+05:30,,,0,,2.6474,27.59,-0.4328,0,1.1382,0.0,2,1,0,1,0,2,3,2025-01-27 09:25:00+05:30,2025-01-27 09:30:00+05:30,2025-01-27 10:15:00+05:30,434.0,431.41964285714283,438.6446428571429,-2.5804,L
S127,ITC,2025-01-27 10:15:00+05:30,0.0115,0.026,0,,1.3675,93.75,-1.0,0,1.1082,1.0,9,0,0,0,0,9,10,2025-01-27 11:00:00+05:30,2025-01-27 11:05:00+05:30,2025-01-27 13:45:00+05:30,432.5,428.65178571428567,439.42678571428576,-3.8482,L
S128,ITC,2025-01-27 11:10:00+05:30,-0.0972,-0.0838,0,,0.7878,21.43,-0.7714,0,0.7195,1.0,1,1,0,0,0,1,2,2025-01-27 11:15:00+05:30,2025-01-27 11:20:00+05:30,2025-01-27 13:35:00+05:30,432.05,429.2732142857143,437.0482142857143,-2.7768,L
S129,ITC,2025-01-28 09:15:00+05:30,,,0,,1.1837,46.15,-0.2927,0,0.6464,0.0,1,1,0,1,0,1,2,2025-01-28 09:20:00+05:30,2025-01-28 09:25:00+05:30,2025-01-28 12:10:00+05:30,429.75,427.0625,434.5875,-2.6875,L
S130,ITC,2025-01-28 09:30:00+05:30,,,0,,0.2023,18.18,1.9412,0,0.8034,,0,0,1,1,1,0,1,2025-01-28 09:30:00+05:30,2025-01-28 09:35:00+05:30,2025-01-28 12:10:00+05:30,430.5,427.34821428571433,436.1732142857142,-3.1518,L
S131,ITC,2025-01-28 09:40:00+05:30,0.039,,0,,0.6942,59.09,-0.8315,0,0.5088,0.0,3,1,1,1,0,3,4,2025-01-28 09:55:00+05:30,2025-01-28 10:00:00+05:30,2025-01-28 12:10:00+05:30,430.45,427.2446428571429,436.2196428571428,-3.2054,L
S132,ITC,2025-01-28 10:05:00+05:30,0.0971,0.05,0,,0.0776,54.17,0.8605,0,1.3261,,0,0,0,0,1,0,1,2025-01-28 10:05:00+05:30,2025-01-28 10:10:00+05:30,2025-01-28 12:10:00+05:30,430.2,426.7357142857143,436.43571428571425,-3.4643,L
S133,ITC,2025-01-28 10:15:00+05:30,0.0738,0.0802,0,,1.3349,68.18,-0.8682,0,1.0579,1.0,4,0,1,0,0,4,5,2025-01-28 10:35:00+05:30,2025-01-28 10:40:00+05:30,2025-01-28 12:10:00+05:30,430.6,427.04642857142863,436.99642857142857,-3.5536,L
S134,ITC,2025-01-28 10:50:00+05:30,-0.0564,-0.0547,2,2.0,0.0867,50.0,2.4146,0,2.1805,,0,0,0,1,1,0,1,2025-01-28 10:50:00+05:30,2025-01-28 10:55:00+05:30,2025-01-28 12:10:00+05:30,430.0,427.04464285714283,435.31964285714287,-2.9554,L
S135,ITC,2025-01-28 11:00:00+05:30,-0.0017,-0.0605,0,,0.4685,82.86,-0.7647,0,3.1043,,0,0,0,0,1,0,1,2025-01-28 11:00:00+05:30,2025-01-28 11:05:00+05:30,2025-01-28 11:25:00+05:30,432.3,428.8982142857143,438.4232142857143,-3.4018,L
S136,ITC,2025-01-28 11:15:00+05:30,0.0547,-0.0017,2,2.0,0.1346,40.0,1.4,0,1.9925,,0,0,0,0,1,0,1,2025-01-28 11:15:00+05:30,2025-01-28 11:20:00+05:30,2025-01-28 12:10:00+05:30,430.2,426.7178571428571,436.46785714285716,-3.4821,L
S137,ITC,2025-01-28 12:00:00+05:30,-0.0349,-0.0582,0,,0.982,10.0,-0.7934,0,0.9675,1.0,9,0,0,1,0,9,10,2025-01-28 12:45:00+05:30,2025-01-28 12:50:00+05:30,2025-01-28 15:00:00+05:30,428.4,425.3196428571428,433.9446428571428,-1.5,EOD-
S138,ITC,2025-01-28 13:20:00+05:30,-0.1105,-0.1396,0,,1.2682,43.75,-0.7229,0,1.6464,1.0,9,0,0,0,0,9,10,2025-01-28 14:05:00+05:30,2025-01-28 14:10:00+05:30,2025-01-28 15:00:00+05:30,427.55,425.41607142857146,431.3910714285714,-0.65,EOD-
S139,ITC,2025-01-28 14:15:00+05:30,0.007,-0.0293,0,,0.0833,52.94,-0.2593,0,0.9131,,0,0,0,0,1,0,1,2025-01-28 14:15:00+05:30,2025-01-28 14:20:00+05:30,2025-01-28 15:00:00+05:30,427.4,425.37321428571425,431.0482142857142,-0.5,EOD-
S140,ITC,2025-01-29 09:30:00+05:30,,,0,,1.8667,4.76,-0.8374,0,0.9423,1.0,9,1,0,0,0,9,10,2025-01-29 10:15:00+05:30,2025-01-29 10:20:00+05:30,2025-01-29 11:20:00+05:30,425.3,422.0053571428572,431.23035714285714,-3.2946,L
S141,ITC,2025-01-29 10:25:00+05:30,-0.1758,-0.2768,0,,0.1755,5.26,1.9474,0,0.5031,,0,1,1,1,1,0,1,2025-01-29 10:25:00+05:30,2025-01-29 10:30:00+05:30,2025-01-29 11:20:00+05:30,425.85,422.46607142857147,431.9410714285715,-3.3839,L
S142,ITC,2025-01-29 11:10:00+05:30,-0.1438,-0.1626,0,,1.4647,16.67,-0.7476,0,0.6424,1.0,9,0,0,1,0,9,10,2025-01-29 11:55:00+05:30,2025-01-29 12:00:00+05:30,2025-01-29 15:00:00+05:30,423.8,421.09464285714284,428.6696428571429,1.1,EOD+
S143,ITC,2025-01-29 12:05:00+05:30,-0.0857,-0.0738,0,,0.4842,14.29,-0.3976,0,0.8887,1.0,1,1,0,0,0,1,2,2025-01-29 12:10:00+05:30,2025-01-29 12:15:00+05:30,2025-01-29 15:00:00+05:30,424.4,422.25714285714287,428.25714285714275,0.5,EOD+
S144,ITC,2025-01-29 13:00:00+05:30,0.1214,0.1139,9,5.0,0.1396,36.0,2.1884,0,0.9695,,0,0,0,0,1,0,1,2025-01-29 13:00:00+05:30,2025-01-29 13:05:00+05:30,2025-01-29 15:00:00+05:30,424.45,421.3607142857143,430.01071428571424,0.45,EOD+
S145,ITC,2025-01-29 13:10:00+05:30,0.1214,0.0955,1,1.0,0.1131,18.75,0.8868,0,0.6994,,0,0,0,1,1,0,1,2025-01-29 13:10:00+05:30,2025-01-29 13:15:00+05:30,2025-01-29 15:00:00+05:30,424.35,421.42142857142863,429.6214285714285,0.55,EOD+
S146,ITC,2025-01-29 13:20:00+05:30,0.109,0.1226,0,,0.2524,57.14,-0.8261,0,0.8654,,0,1,0,0,1,0,1,2025-01-29 13:20:00+05:30,2025-01-29 13:25:00+05:30,2025-01-29 15:00:00+05:30,424.5,421.6517857142857,429.6267857142857,0.4,EOD+
S147,ITC,2025-01-29 13:30:00+05:30,0.0854,0.1102,0,,0.1163,85.71,-1.0,0,0.8834,1.0,1,0,0,1,0,1,2,2025-01-29 13:35:00+05:30,2025-01-29 13:40:00+05:30,2025-01-29 15:00:00+05:30,425.0,422.2589285714286,429.93392857142857,-0.1,EOD-
S148,ITC,2025-01-29 13:45:00+05:30,0.093,0.0854,0,,0.202,45.45,0.0959,0,0.8132,,0,0,1,0,1,0,1,2025-01-29 13:45:00+05:30,2025-01-29 13:50:00+05:30,2025-01-29 14:35:00+05:30,425.4,423.1410714285714,429.46607142857135,-2.2589,L
S149,ITC,2025-01-29 14:05:00+05:30,0.043,0.0842,3,3.0,0.1373,18.18,1.9268,0,0.4861,,0,0,0,1,1,0,1,2025-01-29 14:05:00+05:30,2025-01-29 14:10:00+05:30,2025-01-29 14:35:00+05:30,424.95,423.08392857142854,428.30892857142857,-1.8661,L
S150,ITC,2025-01-30 09:15:00+05:30,,,0,,1.2197,44.44,-0.4987,0,1.1153,,0,0,1,0,1,0,1,2025-01-30 09:15:00+05:30,2025-01-30 09:20:00+05:30,2025-01-30 11:10:00+05:30,425.15,423.10535714285714,428.8303571428571,3.6804,W
S151,ITC,2025-01-30 09:25:00+05:30,,,0,,0.857,73.08,-0.9379,0,0.6033,1.0,1,0,1,0,0,1,2,2025-01-30 09:30:00+05:30,2025-01-30 09:35:00+05:30,2025-01-30 14:05:00+05:30,425.05,422.70178571428573,429.2767857142857,-2.3482,L
S152,ITC,2025-01-30 09:40:00+05:30,-0.0359,,0,,1.0525,60.71,-0.8086,0,0.6019,0.0,2,1,0,1,0,2,3,2025-01-30 09:50:00+05:30,2025-01-30 09:55:00+05:30,2025-01-30 11:10:00+05:30,424.4,421.91785714285714,428.86785714285713,4.4679,W
S153,ITC,2025-01-30 10:00:00+05:30,0.0006,-0.0406,0,,0.0324,46.15,5.1538,0,0.6796,,0,1,1,0,1,0,1,2025-01-30 10:00:00+05:30,2025-01-30 10:05:00+05:30,2025-01-30 15:00:00+05:30,425.0,422.49107142857144,429.5160714285714,0.65,EOD+
S154,ITC,2025-01-30 11:45:00+05:30,0.0878,0.1598,0,,1.2073,78.57,-0.8532,0,0.35,0.0,9,1,0,1,0,9,10,2025-01-30 12:30:00+05:30,2025-01-30 12:35:00+05:30,2025-01-30 13:50:00+05:30,427.1,424.27857142857147,432.17857142857144,-2.8214,L
S155,ITC,2025-01-30 12:40:00+05:30,-0.0381,-0.0445,1,1.0,0.0602,52.63,7.4211,0,0.5242,,0,1,1,1,1,0,1,2025-01-30 12:40:00+05:30,2025-01-30 12:45:00+05:30,2025-01-30 13:10:00+05:30,427.3,425.32678571428573,430.8517857142857,-1.9732,L
S156,ITC,2025-01-30 12:50:00+05:30,-0.0375,-0.0392,0,,0.0491,33.33,7.0,0,0.6743,,0,0,0,1,1,0,1,2025-01-30 12:50:00+05:30,2025-01-30 12:55:00+05:30,2025-01-30 13:40:00+05:30,427.0,425.0892857142857,430.4392857142857,-1.9107,L
S157,ITC,2025-01-31 10:35:00+05:30,0.3315,0.4454,16,3.0,0.0901,54.55,2.4615,0,1.5142,,0,1,0,0,1,0,1,2025-01-31 10:35:00+05:30,2025-01-31 10:40:00+05:30,2025-01-31 14:10:00+05:30,430.95,427.34285714285716,437.4428571428571,6.4929,W
S158,ITC,2025-01-31 11:05:00+05:30,0.2604,0.2689,4,4.0,0.0652,33.33,3.1176,0,0.3765,,0,0,0,0,1,0,1,2025-01-31 11:05:00+05:30,2025-01-31 11:10:00+05:30,2025-01-31 14:50:00+05:30,432.35,429.09107142857147,438.2160714285714,5.8661,W
S159,ITC,2025-01-31 11:20:00+05:30,0.1313,0.2604,1,1.0,0.126,6.25,0.7857,0,1.2289,,0,0,0,0,1,0,1,2025-01-31 11:20:00+05:30,2025-01-31 11:25:00+05:30,2025-01-31 14:05:00+05:30,432.35,429.5732142857143,437.3482142857143,4.9982,W
S160,ITC,2025-01-31 11:30:00+05:30,0.0648,0.1874,0,,0.84,11.11,-0.5425,0,2.3171,1.0,6,1,0,0,0,6,7,2025-01-31 12:00:00+05:30,2025-01-31 12:05:00+05:30,2025-01-31 14:05:00+05:30,433.0,430.7232142857143,437.0982142857143,4.0982,W
S161,ITC,2025-01-31 12:50:00+05:30,0.0728,0.0907,9,3.0,0.0565,90.91,0.3333,0,1.4826,,0,1,0,0,1,0,1,2025-01-31 12:50:00+05:30,2025-01-31 12:55:00+05:30,2025-01-31 13:50:00+05:30,432.95,431.2892857142857,435.93928571428575,2.9893,W
S162,ITC,2025-02-01 09:15:00+05:30,,,0,,2.4189,27.78,-0.2926,0,0.3929,0.0,1,1,0,1,0,1,2,2025-02-01 09:20:00+05:30,2025-02-01 09:25:00+05:30,2025-02-01 09:30:00+05:30,438.9,436.4892857142857,443.2392857142857,4.3393,W
S163,ITC,2025-02-01 10:55:00+05:30,-0.1857,-0.1507,0,,2.7806,68.09,-0.8224,0,0.662,0.0,9,0,0,0,0,9,10,2025-02-01 11:40:00+05:30,2025-02-01 11:45:00+05:30,2025-02-01 11:50:00+05:30,435.8,432.2553571428571,442.1803571428572,-3.5446,L
S164,ITC,2025-02-01 11:50:00+05:30,-0.2022,-0.2077,0,,3.2451,72.15,-0.7655,0,5.6827,1.0,2,1,0,0,0,2,3,2025-02-01 12:00:00+05:30,2025-02-01 12:05:00+05:30,2025-02-01 12:10:00+05:30,438.35,435.06428571428575,444.2642857142858,5.9143,W
S165,ITC,2025-02-01 14:10:00+05:30,0.2435,0.787,25,11.0,0.1423,14.81,2.3333,0,0.447,,0,0,0,0,1,0,1,2025-02-01 14:10:00+05:30,2025-02-01 14:15:00+05:30,2025-02-01 14:40:00+05:30,456.5,450.9642857142857,466.4642857142857,-5.5357,L
S166,ITC,2025-02-03 09:15:00+05:30,,,0,,2.936,30.26,-0.2238,0,5.9624,,0,1,1,0,1,0,1,2025-02-03 09:15:00+05:30,2025-02-03 09:20:00+05:30,2025-02-03 10:25:00+05:30,455.05,449.675,464.72499999999997,-5.375,L
S167,ITC,2025-02-03 09:25:00+05:30,,,1,1.0,0.2845,64.58,0.1905,0,1.8026,,0,0,1,0,1,0,1,2025-02-03 09:25:00+05:30,2025-02-03 09:30:00+05:30,2025-02-03 10:35:00+05:30,453.9,448.3642857142857,463.86428571428564,-5.5357,L
S168,ITC,2025-02-03 09:35:00+05:30,,,0,,1.0018,14.0,-0.0035,0,0.8539,1.0,1,0,0,0,0,1,2,2025-02-03 09:40:00+05:30,2025-02-03 09:45:00+05:30,2025-02-03 10:35:00+05:30,453.8,448.41607142857146,463.4910714285714,-5.3839,L
S169,ITC,2025-02-03 09:50:00+05:30,-0.0927,,0,,0.3309,27.59,0.1184,0,0.3127,,0,0,0,1,1,0,1,2025-02-03 09:50:00+05:30,2025-02-03 09:55:00+05:30,2025-02-03 10:35:00+05:30,453.65,447.9089285714286,463.9839285714285,-5.7411,L
S170,ITC,2025-02-03 12:20:00+05:30,-0.2198,-0.344,0,,1.0099,54.55,-0.7425,0,2.1012,1.0,9,1,1,0,0,9,10,2025-02-03 13:05:00+05:30,2025-02-03 13:10:00+05:30,2025-02-03 15:00:00+05:30,445.65,442.7660714285714,450.84107142857135,0.0,EOD-
S171,ITC,2025-02-04 10:25:00+05:30,-0.1773,-0.2206,0,,0.8959,4.17,-0.5754,0,1.1122,1.0,9,1,0,1,0,9,10,2025-02-04 11:10:00+05:30,2025-02-04 11:15:00+05:30,2025-02-04 11:30:00+05:30,441.9,438.6142857142857,447.81428571428563,5.9143,W
S172,ITC,2025-02-05 10:00:00+05:30,-0.0489,-0.0174,0,,1.5854,37.5,-0.816,0,1.5577,1.0,9,0,0,0,0,9,10,2025-02-05 10:45:00+05:30,2025-02-05 10:50:00+05:30,2025-02-05 12:40:00+05:30,443.85,440.85,449.25,-3.0,L
S173,ITC,2025-02-05 10:55:00+05:30,-0.1241,-0.1815,0,,0.583,33.33,-0.8425,0,0.2681,0.0,1,0,1,1,0,1,2,2025-02-05 11:00:00+05:30,2025-02-05 11:05:00+05:30,2025-02-05 12:40:00+05:30,443.3,440.57678571428573,448.20178571428573,-2.7232,L
S174,ITC,2025-02-05 11:10:00+05:30,-0.0937,-0.1241,0,,0.7614,78.26,-0.9355,0,0.2814,0.0,4,0,0,1,0,4,5,2025-02-05 11:30:00+05:30,2025-02-05 11:35:00+05:30,2025-02-05 12:40:00+05:30,443.15,440.6053571428571,447.73035714285714,-2.5446,L
S175,ITC,2025-02-05 11:40:00+05:30,-0.0599,-0.0768,0,,1.0348,10.0,-0.7647,0,0.9568,1.0,2,1,0,0,0,2,3,2025-02-05 11:50:00+05:30,2025-02-05 11:55:00+05:30,2025-02-05 12:40:00+05:30,443.0,440.94642857142856,446.69642857142856,-2.0536,L
S176,ITC,2025-02-05 12:00:00+05:30,0.0045,-0.0497,0,,0.1823,56.25,1.0,0,0.8047,,0,0,1,1,1,0,1,2025-02-05 12:00:00+05:30,2025-02-05 12:05:00+05:30,2025-02-05 12:35:00+05:30,443.0,441.2857142857143,446.08571428571423,-1.7143,L
S177,ITC,2025-02-06 10:10:00+05:30,-0.2585,-0.2507,0,,1.7662,0.0,-0.8264,0,0.2721,0.0,9,0,0,1,0,9,10,2025-02-06 10:55:00+05:30,2025-02-06 11:00:00+05:30,2025-02-06 14:15:00+05:30,434.1,430.43035714285713,440.70535714285717,-3.6696,L
S178,ITC,2025-02-06 11:50:00+05:30,-0.053,-0.0565,0,,1.9558,57.14,-0.7831,0,0.7941,0.0,9,1,1,1,0,9,10,2025-02-06 12:35:00+05:30,2025-02-06 12:40:00+05:30,2025-02-06 12:55:00+05:30,433.15,431.67678571428564,435.80178571428576,-1.4732,L
S179,ITC,2025-02-06 12:45:00+05:30,-0.0445,-0.0751,1,1.0,0.2515,33.33,1.6667,0,1.1593,,0,0,0,1,1,0,1,2025-02-06 12:45:00+05:30,2025-02-06 12:50:00+05:30,2025-02-06 12:55:00+05:30,433.1,431.6089285714286,435.7839285714286,-1.4911,L
S180,ITC,2025-02-07 10:10:00+05:30,-0.4111,-0.3657,0,,2.2347,33.33,-0.8557,0,1.1232,1.0,9,1,1,0,0,9,10,2025-02-07 10:55:00+05:30,2025-02-07 11:00:00+05:30,2025-02-07 15:00:00+05:30,424.05,418.62142857142857,433.82142857142856,-3.35,EOD-
S181,ITC,2025-02-07 12:35:00+05:30,0.0295,0.0931,0,,2.062,55.56,-0.8524,0,0.8963,1.0,9,1,0,0,0,9,10,2025-02-07 13:20:00+05:30,2025-02-07 13:25:00+05:30,2025-02-07 13:50:00+05:30,423.55,421.90714285714284,426.5071428571429,-1.6429,L
S182,ITC,2025-02-07 13:30:00+05:30,-0.1051,-0.1299,1,1.0,0.0772,33.33,3.0,0,0.9572,,0,0,0,1,1,0,1,2025-02-07 13:30:00+05:30,2025-02-07 13:35:00+05:30,2025-02-07 13:50:00+05:30,423.4,422.18571428571425,425.5857142857143,-1.2143,L
S183,ITC,2025-02-10 09:15:00+05:30,,,0,,3.1667,89.29,-1.0,0,1.5277,,0,1,0,0,1,0,1,2025-02-10 09:15:00+05:30,2025-02-10 09:20:00+05:30,2025-02-10 12:05:00+05:30,421.95,419.5125,426.33750000000003,-2.4375,L
S184,ITC,2025-02-10 09:25:00+05:30,,,0,,0.7558,87.3,-0.7455,0,0.3297,0.0,1,1,0,1,0,1,2,2025-02-10 09:30:00+05:30,2025-02-10 09:35:00+05:30,2025-02-10 13:10:00+05:30,422.25,419.0,428.1,-3.25,L
S185,ITC,2025-02-10 10:05:00+05:30,0.1368,0.0877,6,2.0,0.2002,92.86,-0.6992,0,0.4005,0.0,6,0,0,0,0,6,7,2025-02-10 10:35:00+05:30,2025-02-10 10:40:00+05:30,2025-02-10 13:10:00+05:30,423.0,418.8482142857143,430.4732142857143,-4.1518,L
S186,ITC,2025-02-10 10:45:00+05:30,0.0284,0.0598,0,,0.2582,17.65,0.4433,0,0.5136,,0,0,0,0,1,0,1,2025-02-10 10:45:00+05:30,2025-02-10 10:50:00+05:30,2025-02-10 12:00:00+05:30,422.5,420.1517857142857,426.7267857142857,-2.3482,L
S187,ITC,2025-02-10 10:55:00+05:30,0.0254,0.0402,0,,0.5888,70.59,-0.9078,0,0.7954,,0,0,0,1,1,0,1,2025-02-10 10:55:00+05:30,2025-02-10 11:00:00+05:30,2025-02-10 11:50:00+05:30,423.15,420.84642857142853,427.2964285714285,-2.3036,L
S188,ITC,2025-02-10 11:10:00+05:30,0.0225,0.0254,1,1.0,0.9377,76.19,-0.7746,0,1.2297,1.0,1,0,0,0,0,1,2,2025-02-10 11:15:00+05:30,2025-02-10 11:20:00+05:30,2025-02-10 12:00:00+05:30,422.5,420.13392857142856,426.75892857142856,-2.3661,L
S189,ITC,2025-02-10 12:55:00+05:30,-0.176,-0.1633,0,,1.5531,83.33,-1.0,0,0.8712,1.0,9,0,0,0,0,9,10,2025-02-10 13:40:00+05:30,2025-02-10 13:45:00+05:30,2025-02-10 15:00:00+05:30,419.3,417.5857142857143,422.38571428571436,-0.45,EOD-
S190,ITC,2025-02-10 13:50:00+05:30,-0.0883,-0.1723,0,,0.4734,68.18,-0.5714,0,2.9156,,0,0,0,0,1,0,1,2025-02-10 13:50:00+05:30,2025-02-10 13:55:00+05:30,2025-02-10 15:00:00+05:30,419.75,417.9017857142857,423.0767857142857,-0.9,EOD-
S191,ITC,2025-02-10 14:05:00+05:30,-0.0328,-0.0883,1,1.0,0.3436,17.65,0.1215,0,0.9556,,0,0,0,0,1,0,1,2025-02-10 14:05:00+05:30,2025-02-10 14:10:00+05:30,2025-02-10 15:00:00+05:30,419.1,417.15357142857147,422.60357142857146,-0.25,EOD-
S192,ITC,2025-02-11 11:40:00+05:30,-0.21,-0.2302,0,,2.0965,60.0,-0.9336,0,0.4843,0.0,9,1,0,1,0,9,10,2025-02-11 12:25:00+05:30,2025-02-11 12:30:00+05:30,2025-02-11 13:00:00+05:30,414.7,412.9053571428571,417.9303571428572,-1.7946,L
S193,ITC,2025-02-12 10:00:00+05:30,-0.4974,-0.4529,0,,3.0499,7.69,-0.958,0,0.5031,1.0,9,0,0,1,0,9,10,2025-02-12 10:45:00+05:30,2025-02-12 10:50:00+05:30,2025-02-12 15:00:00+05:30,402.25,398.3482142857143,409.2732142857143,-1.5,EOD-
S194,ITC,2025-02-12 10:55:00+05:30,-0.3814,-0.5335,0,,0.8528,0.0,-0.3064,0,0.7572,1.0,2,0,0,1,0,2,3,2025-02-12 11:05:00+05:30,2025-02-12 11:10:00+05:30,2025-02-12 14:35:00+05:30,402.05,399.51428571428573,406.6142857142857,-2.5357,L
S195,ITC,2025-02-12 11:15:00+05:30,-0.0268,-0.2831,0,,0.5181,66.67,-0.5556,0,1.4008,1.0,5,1,1,1,0,5,6,2025-02-12 11:40:00+05:30,2025-02-12 11:45:00+05:30,2025-02-12 14:35:00+05:30,402.5,399.78571428571433,407.38571428571424,-2.7143,L
S196,ITC,2025-02-12 13:00:00+05:30,0.0981,0.09,15,13.0,0.1226,46.15,2.2258,0,0.7468,,0,1,0,0,1,0,1,2025-02-12 13:00:00+05:30,2025-02-12 13:05:00+05:30,2025-02-12 13:45:00+05:30,402.95,401.3696428571428,405.79464285714283,-1.5804,L
S197,ITC,2025-02-12 13:10:00+05:30,0.1228,0.0956,0,,0.0196,44.44,7.0,0,0.7699,,0,0,0,0,1,0,1,2025-02-12 13:10:00+05:30,2025-02-12 13:15:00+05:30,2025-02-12 13:40:00+05:30,403.55,401.95178571428573,406.4267857142857,-1.5982,L
S198,ITC,2025-02-12 13:20:00+05:30,0.1314,0.1042,0,,0.0188,75.0,11.0,0,1.0294,,0,0,1,1,1,0,1,2025-02-12 13:20:00+05:30,2025-02-12 13:25:00+05:30,2025-02-12 13:40:00+05:30,404.05,402.38928571428573,407.0392857142857,-1.6607,L
S199,ITC,2025-02-13 09:20:00+05:30,,,1,1.0,0.2224,40.38,1.5,0,2.2825,,0,0,0,0,1,0,1,2025-02-13 09:20:00+05:30,2025-02-13 09:25:00+05:30,2025-02-13 15:00:00+05:30,401.3,398.82678571428573,405.75178571428575,0.75,EOD+
S200,ITC,2025-02-13 12:40:00+05:30,0.0093,0.0489,0,,1.5175,44.44,-0.871,0,1.3421,1.0,9,0,0,0,0,9,10,2025-02-13 13:25:00+05:30,2025-02-13 13:30:00+05:30,2025-02-13 14:05:00+05:30,404.0,402.72321428571433,406.29821428571427,-1.2768,L
S201,ITC,2025-02-14 09:25:00+05:30,,,2,2.0,0.8315,55.17,0.0277,0,1.263,,0,1,0,0,1,0,1,2025-02-14 09:25:00+05:30,2025-02-14 09:30:00+05:30,2025-02-14 09:45:00+05:30,401.95,400.04821428571427,405.3732142857143,3.4232,W
S202,ITC,2025-02-14 10:35:00+05:30,0.2967,0.2706,12,2.0,0.3848,53.19,0.619,0,1.6182,,0,1,0,0,1,0,1,2025-02-14 10:35:00+05:30,2025-02-14 10:40:00+05:30,2025-02-14 12:05:00+05:30,404.6,401.18928571428575,410.73928571428576,-3.4107,L
S203,ITC,2025-02-14 12:40:00+05:30,-0.206,-0.2834,0,,0.8064,14.29,-0.6596,0,1.1726,1.0,9,1,0,1,0,9,10,2025-02-14 13:25:00+05:30,2025-02-14 13:30:00+05:30,2025-02-14 15:00:00+05:30,401.15,399.3285714285714,404.4285714285714,1.6,EOD+
S204,ITC,2025-02-14 13:35:00+05:30,-0.0642,-0.1072,0,,0.1462,36.36,2.6842,0,1.5837,,0,1,0,1,1,0,1,2025-02-14 13:35:00+05:30,2025-02-14 13:40:00+05:30,2025-02-14 15:00:00+05:30,401.15,399.525,404.075,1.6,EOD+
S205,ITC,2025-02-17 09:35:00+05:30,,,0,,1.3049,68.75,-0.876,0,0.7454,1.0,9,1,0,1,0,9,10,2025-02-17 10:20:00+05:30,2025-02-17 10:25:00+05:30,2025-02-17 15:00:00+05:30,401.35,398.2607142857143,406.9107142857143,-1.15,EOD-
S206,ITC,2025-02-17 11:10:00+05:30,0.0368,0.0517,9,7.0,0.5874,100.0,-1.0,0,0.7034,0.0,2,0,0,0,0,2,3,2025-02-17 11:20:00+05:30,2025-02-17 11:25:00+05:30,2025-02-17 12:50:00+05:30,401.3,399.5232142857143,404.49821428571425,-1.7768,L
S207,ITC,2025-02-17 11:30:00+05:30,0.0486,0.0293,0,,0.4415,44.44,-0.6396,0,0.4644,,0,0,0,1,1,0,1,2025-02-17 11:30:00+05:30,2025-02-17 11:35:00+05:30,2025-02-17 12:50:00+05:30,401.45,399.87857142857143,404.2785714285714,-1.5714,L
S208,ITC,2025-02-17 11:40:00+05:30,0.0616,0.0305,0,,0.5398,11.11,-0.5312,0,0.866,1.0,3,0,1,0,0,3,4,2025-02-17 11:55:00+05:30,2025-02-17 12:00:00+05:30,2025-02-17 12:35:00+05:30,401.65,400.1678571428571,404.3178571428571,-1.4821,L
S209,ITC,2025-02-17 12:55:00+05:30,-0.0699,-0.101,0,,3.1071,40.0,-0.8161,0,1.5984,1.0,9,1,0,0,0,9,10,2025-02-17 13:40:00+05:30,2025-02-17 13:45:00+05:30,2025-02-17 15:00:00+05:30,399.9,399.025,401.4749999999999,0.3,EOD+
S210,ITC,2025-02-17 13:55:00+05:30,-0.0669,-0.1138,1,1.0,0.2015,30.77,2.1579,0,0.9206,,0,0,0,0,1,0,1,2025-02-17 13:55:00+05:30,2025-02-17 14:00:00+05:30,2025-02-17 15:00:00+05:30,400.3,398.53214285714284,403.48214285714295,-0.1,EOD-
S211,ITC,2025-02-17 14:05:00+05:30,-0.04,-0.0825,1,1.0,0.0547,75.0,0.3333,0,0.5331,,0,0,0,1,1,0,1,2025-02-17 14:05:00+05:30,2025-02-17 14:10:00+05:30,2025-02-17 15:00:00+05:30,399.7,397.9857142857142,402.78571428571433,0.5,EOD+
S212,ITC,2025-02-17 14:15:00+05:30,-0.0269,-0.0425,0,,0.0081,100.0,-1.0,0,0.3678,,0,0,0,1,1,0,1,2025-02-17 14:15:00+05:30,2025-02-17 14:20:00+05:30,2025-02-17 15:00:00+05:30,400.3,398.7553571428571,403.0803571428572,-0.1,EOD-
S213,ITC,2025-02-18 09:15:00+05:30,,,0,,1.2948,7.69,-0.797,0,0.366,0.0,8,1,1,1,0,8,9,2025-02-18 09:55:00+05:30,2025-02-18 10:00:00+05:30,2025-02-18 11:10:00+05:30,400.1,398.1982142857143,403.5232142857143,-1.9018,L
S214,ITC,2025-02-18 10:10:00+05:30,-0.0006,-0.0181,2,1.0,0.2574,82.35,-0.6,0,0.4507,0.0,8,1,0,1,0,8,9,2025-02-18 10:50:00+05:30,2025-02-18 10:55:00+05:30,2025-02-18 15:00:00+05:30,399.55,397.12142857142857,403.92142857142863,-2.0,EOD-
S215,ITC,2025-02-18 11:45:00+05:30,-0.1374,-0.1028,0,,1.3749,75.0,-1.0,0,0.5368,1.0,9,0,0,1,0,9,10,2025-02-18 12:30:00+05:30,2025-02-18 12:35:00+05:30,2025-02-18 15:00:00+05:30,398.1,396.3589285714286,401.23392857142863,-0.55,EOD-
S216,ITC,2025-02-18 12:40:00+05:30,-0.0911,-0.0659,0,,1.2768,53.33,-0.6139,0,1.0638,0.0,1,0,0,0,0,1,2,2025-02-18 12:45:00+05:30,2025-02-18 12:50:00+05:30,2025-02-18 15:00:00+05:30,397.8,396.53214285714284,400.08214285714286,-0.25,EOD-
S217,ITC,2025-02-18 12:55:00+05:30,-0.0459,-0.0911,0,,0.5407,0.0,-0.4643,0,0.8265,1.0,2,0,0,0,0,2,3,2025-02-18 13:05:00+05:30,2025-02-18 13:10:00+05:30,2025-02-18 15:00:00+05:30,397.85,396.5553571428572,400.1803571428572,-0.3,EOD-
S218,ITC,2025-02-18 13:15:00+05:30,-0.0075,-0.027,0,,0.4183,66.67,-0.5918,0,0.8268,,0,0,0,0,1,0,1,2025-02-18 13:15:00+05:30,2025-02-18 13:20:00+05:30,2025-02-18 15:00:00+05:30,398.0,396.5357142857143,400.63571428571424,-0.45,EOD-
S219,ITC,2025-02-18 13:25:00+05:30,-0.0019,-0.0063,0,,0.0838,33.33,1.0,0,0.9809,,0,1,0,0,1,0,1,2025-02-18 13:25:00+05:30,2025-02-18 13:30:00+05:30,2025-02-18 15:00:00+05:30,398.0,396.50892857142856,400.68392857142857,-0.45,EOD-
S220,ITC,2025-02-18 13:45:00+05:30,0.0232,0.005,2,2.0,0.236,0.0,1.4138,0,1.3063,,0,1,0,0,1,0,1,2025-02-18 13:45:00+05:30,2025-02-18 13:50:00+05:30,2025-02-18 15:00:00+05:30,398.05,396.51428571428573,400.81428571428575,-0.5,EOD-
S221,ITC,2025-02-19 09:15:00+05:30,,,0,,1.986,33.33,-0.7541,0,1.2531,1.0,2,1,0,0,0,2,3,2025-02-19 09:25:00+05:30,2025-02-19 09:30:00+05:30,2025-02-19 12:00:00+05:30,397.4,395.86428571428564,400.1642857142857,2.7643,W
S222,ITC,2025-02-19 09:35:00+05:30,,,0,,0.3128,0.0,-0.2857,0,0.3402,0.0,2,1,1,1,0,2,3,2025-02-19 09:45:00+05:30,2025-02-19 09:50:00+05:30,2025-02-19 15:00:00+05:30,397.6,395.9214285714286,400.6214285714286,0.7,EOD+
S223,ITC,2025-02-19 10:55:00+05:30,0.1286,0.1337,12,8.0,0.3995,75.0,-0.6581,0,0.531,0.0,1,1,0,0,0,1,2,2025-02-19 11:00:00+05:30,2025-02-19 11:05:00+05:30,2025-02-19 15:00:00+05:30,398.65,396.8196428571428,401.9446428571428,-0.35,EOD-
S224,ITC,2025-02-19 11:10:00+05:30,0.0959,0.1286,0,,0.346,10.0,1.093,0,0.3947,,0,0,0,0,1,0,1,2025-02-19 11:10:00+05:30,2025-02-19 11:15:00+05:30,2025-02-19 15:00:00+05:30,399.0,397.44642857142856,401.7964285714286,-0.7,EOD-
S225,ITC,2025-02-19 11:20:00+05:30,0.1097,0.1035,0,,0.1418,93.75,-1.0,0,3.1858,,0,1,0,0,1,0,1,2025-02-19 11:20:00+05:30,2025-02-19 11:25:00+05:30,2025-02-19 14:20:00+05:30,399.65,398.2392857142857,402.18928571428575,-1.4107,L
S226,ITC,2025-02-19 12:25:00+05:30,0.0332,0.0401,12,2.0,0.2016,0.0,1.2222,0,1.6626,,0,1,0,0,1,0,1,2025-02-19 12:25:00+05:30,2025-02-19 12:30:00+05:30,2025-02-19 14:00:00+05:30,399.65,398.53392857142853,401.65892857142853,-1.1161,L
S227,ITC,2025-02-20 10:30:00+05:30,-0.3151,-0.2367,0,,1.3374,83.33,-0.9653,0,0.4396,1.0,9,1,0,1,0,9,10,2025-02-20 11:15:00+05:30,2025-02-20 11:20:00+05:30,2025-02-20 15:00:00+05:30,393.65,390.9535714285714,398.5035714285714,-0.15,EOD-
S228,ITC,2025-02-20 12:00:00+05:30,-0.0083,0.0121,7,6.0,0.2415,64.29,0.2245,0,1.5625,,0,0,0,0,1,0,1,2025-02-20 12:00:00+05:30,2025-02-20 12:05:00+05:30,2025-02-20 15:00:00+05:30,393.35,392.0821428571429,395.63214285714287,0.15,EOD+
S229,ITC,2025-02-20 12:10:00+05:30,0.0108,-0.0184,0,,0.7156,85.71,-0.8551,0,0.9932,1.0,1,0,0,1,0,1,2,2025-02-20 12:15:00+05:30,2025-02-20 12:20:00+05:30,2025-02-20 15:00:00+05:30,393.45,392.2446428571429,395.6196428571428,0.05,EOD+
S230,ITC,2025-02-20 12:25:00+05:30,0.0273,0.0108,0,,0.6222,22.22,-0.8214,0,1.074,0.0,1,1,0,0,0,1,2,2025-02-20 12:30:00+05:30,2025-02-20 12:35:00+05:30,2025-02-20 15:00:00+05:30,393.8,392.67500000000007,395.82499999999993,-0.3,EOD-
S231,ITC,2025-02-20 12:45:00+05:30,0.0781,0.0387,2,2.0,0.0318,0.0,15.6667,0,0.4989,,0,0,0,1,1,0,1,2025-02-20 12:45:00+05:30,2025-02-20 12:50:00+05:30,2025-02-20 15:00:00+05:30,394.0,392.8214285714286,396.1214285714285,-0.5,EOD-
S232,ITC,2025-02-20 12:55:00+05:30,0.0654,0.0699,0,,1.3394,33.33,-0.4239,0,0.8191,0.0,5,1,1,1,0,5,6,2025-02-20 13:20:00+05:30,2025-02-20 13:25:00+05:30,2025-02-20 15:00:00+05:30,393.9,392.7660714285714,395.9410714285714,-0.4,EOD-
S233,ITC,2025-02-20 13:35:00+05:30,-0.0127,-0.0483,2,1.0,0.18,36.36,1.2222,0,0.7722,,0,1,1,1,1,0,1,2025-02-20 13:35:00+05:30,2025-02-20 13:40:00+05:30,2025-02-20 15:00:00+05:30,393.8,392.55,396.05,-0.3,EOD-
S234,ITC,2025-02-20 13:45:00+05:30,0.0089,-0.0254,0,,0.9672,100.0,-1.0,0,1.5808,1.0,5,0,0,0,0,5,6,2025-02-20 14:10:00+05:30,2025-02-20 14:15:00+05:30,2025-02-20 15:00:00+05:30,393.75,392.58035714285717,395.85535714285714,-0.25,EOD-
S235,ITC,2025-02-20 14:20:00+05:30,-0.0172,-0.0076,0,,0.0659,11.11,2.0769,0,0.636,,0,1,1,1,1,0,1,2025-02-20 14:20:00+05:30,2025-02-20 14:25:00+05:30,2025-02-20 15:00:00+05:30,393.7,392.4678571428571,395.91785714285714,-0.2,EOD-
S236,ITC,2025-02-21 09:15:00+05:30,,,0,,0.6957,45.16,-0.0123,0,0.9953,,0,0,0,1,1,0,1,2025-02-21 09:15:00+05:30,2025-02-21 09:20:00+05:30,2025-02-21 09:25:00+05:30,394.35,392.8946428571429,396.96964285714284,-1.4554,L
S237,ITC,2025-02-21 09:25:00+05:30,,,0,,1.9883,50.0,-0.8502,0,0.597,0.0,7,1,0,0,0,7,8,2025-02-21 10:00:00+05:30,2025-02-21 10:05:00+05:30,2025-02-21 13:00:00+05:30,393.4,391.72142857142853,396.4214285714285,-1.6786,L
S238,ITC,2025-02-21 10:10:00+05:30,-0.0833,-0.1106,1,1.0,0.175,40.91,1.4138,0,0.8196,,0,1,1,0,1,0,1,2025-02-21 10:10:00+05:30,2025-02-21 10:15:00+05:30,2025-02-21 13:15:00+05:30,393.45,391.37857142857143,397.1785714285714,-2.0714,L
S239,ITC,2025-02-21 10:20:00+05:30,-0.0407,-0.0979,0,,0.4733,80.0,-1.0,0,0.4351,1.0,2,0,0,0,0,2,3,2025-02-21 10:30:00+05:30,2025-02-21 10:35:00+05:30,2025-02-21 15:00:00+05:30,393.2,390.9946428571429,397.16964285714283,-0.95,EOD-
S240,ITC,2025-02-21 10:40:00+05:30,-0.0522,-0.0369,0,,0.3608,25.0,-0.4,0,1.0101,1.0,4,0,0,0,0,4,5,2025-02-21 11:00:00+05:30,2025-02-21 11:05:00+05:30,2025-02-21 14:00:00+05:30,392.95,391.21785714285716,396.0678571428571,-1.7321,L
S241,ITC,2025-02-21 11:10:00+05:30,-0.0363,-0.0776,0,,0.4233,80.0,-0.6154,0,0.9343,,0,0,0,0,1,0,1,2025-02-21 11:10:00+05:30,2025-02-21 11:15:00+05:30,2025-02-21 13:00:00+05:30,393.2,391.6642857142857,395.96428571428567,-1.5357,L
S242,ITC,2025-02-21 11:20:00+05:30,0.0185,-0.0541,0,,0.398,0.0,-0.5402,0,1.2697,1.0,1,0,0,0,0,1,2,2025-02-21 11:25:00+05:30,2025-02-21 11:30:00+05:30,2025-02-21 13:00:00+05:30,393.05,391.68392857142857,395.50892857142856,-1.3661,L
S243,ITC,2025-02-21 11:35:00+05:30,0.0547,0.0185,0,,0.2692,0.0,0.2,0,0.9624,,0,0,0,0,1,0,1,2025-02-21 11:35:00+05:30,2025-02-21 11:40:00+05:30,2025-02-21 12:45:00+05:30,393.05,391.88928571428573,395.13928571428573,-1.1607,L
S244,ITC,2025-02-21 11:45:00+05:30,0.0159,0.0509,0,,1.0583,71.43,-0.7917,0,1.2015,0.0,4,0,0,0,0,4,5,2025-02-21 12:05:00+05:30,2025-02-21 12:10:00+05:30,2025-02-21 13:00:00+05:30,392.8,391.66607142857146,394.84107142857147,-1.1339,L
S245,ITC,2025-02-21 13:25:00+05:30,-0.0778,-0.0746,0,,1.7661,12.5,-0.7091,0,1.0016,0.0,9,1,1,1,0,9,10,2025-02-21 14:10:00+05:30,2025-02-21 14:15:00+05:30,2025-02-21 15:00:00+05:30,392.15,391.1767857142857,393.90178571428567,0.1,EOD+
S246,ITC,2025-02-24 09:15:00+05:30,,,0,,3.2843,49.12,-0.3804,0,2.8043,,0,1,1,0,1,0,1,2025-02-24 09:15:00+05:30,2025-02-24 09:20:00+05:30,2025-02-24 15:00:00+05:30,393.25,391.7142857142857,396.0142857142857,0.65,EOD+
S247,ITC,2025-02-24 09:35:00+05:30,,,2,1.0,0.2013,32.0,4.0746,0,1.7615,,0,0,1,0,1,0,1,2025-02-24 09:35:00+05:30,2025-02-24 09:40:00+05:30,2025-02-24 15:00:00+05:30,393.65,391.56964285714287,397.3946428571428,0.25,EOD+
S248,ITC,2025-02-24 10:00:00+05:30,0.042,0.0948,0,,0.5543,33.33,-0.5305,0,1.8088,1.0,9,1,1,0,0,9,10,2025-02-24 10:45:00+05:30,2025-02-24 10:50:00+05:30,2025-02-24 15:00:00+05:30,393.35,390.94821428571436,397.67321428571427,0.55,EOD+
S249,ITC,2025-02-24 12:05:00+05:30,0.08,0.0895,14,5.0,0.1984,33.33,1.2222,0,0.7992,,0,1,0,0,1,0,1,2025-02-24 12:05:00+05:30,2025-02-24 12:10:00+05:30,2025-02-24 15:00:00+05:30,394.2,393.06607142857143,396.2410714285714,-0.3,EOD-
S250,ITC,2025-02-24 12:15:00+05:30,0.0863,0.092,1,1.0,0.5402,20.0,0.6327,0,0.5925,,0,0,0,1,1,0,1,2025-02-24 12:15:00+05:30,2025-02-24 12:20:00+05:30,2025-02-24 15:00:00+05:30,394.25,393.11607142857144,396.2910714285714,-0.35,EOD-
S251,ITC,2025-02-24 12:25:00+05:30,0.0856,0.0774,0,,0.1574,0.0,1.069,0,1.1374,,0,0,1,1,1,0,1,2025-02-24 12:25:00+05:30,2025-02-24 12:30:00+05:30,2025-02-24 15:00:00+05:30,394.45,393.29821428571427,396.5232142857143,-0.55,EOD-
S252,ITC,2025-02-24 12:35:00+05:30,0.0704,0.0844,0,,0.7962,28.57,-0.3289,0,0.8188,0.0,2,1,0,0,0,2,3,2025-02-24 12:45:00+05:30,2025-02-24 12:50:00+05:30,2025-02-24 15:00:00+05:30,394.35,393.18035714285713,396.4553571428572,-0.45,EOD-
S253,ITC,2025-02-24 12:55:00+05:30,0.0266,0.0501,0,,0.5372,22.22,0.2121,0,0.6312,,0,0,0,1,1,0,1,2025-02-24 12:55:00+05:30,2025-02-24 13:00:00+05:30,2025-02-24 15:00:00+05:30,394.4,393.24821428571425,396.4732142857143,-0.5,EOD-
S254,ITC,2025-02-24 13:05:00+05:30,0.0146,0.026,0,,0.5556,22.22,0.0,0,0.86,,0,0,0,0,1,0,1,2025-02-24 13:05:00+05:30,2025-02-24 13:10:00+05:30,2025-02-24 15:00:00+05:30,394.45,393.325,396.475,-0.55,EOD-
S255,ITC,2025-02-24 13:15:00+05:30,-0.0076,0.0184,0,,0.8778,57.14,-0.6203,0,0.9855,1.0,5,0,0,0,0,5,6,2025-02-24 13:40:00+05:30,2025-02-24 13:45:00+05:30,2025-02-24 15:00:00+05:30,394.25,393.12499999999994,396.27500000000003,-0.35,EOD-
S256,ITC,2025-02-24 13:50:00+05:30,-0.0044,-0.0235,0,,0.6939,66.67,-0.646,0,1.024,,0,0,0,0,1,0,1,2025-02-24 13:50:00+05:30,2025-02-24 13:55:00+05:30,2025-02-24 15:00:00+05:30,394.25,393.23214285714283,396.0821428571429,-0.35,EOD-
S257,ITC,2025-02-24 14:00:00+05:30,-0.0013,-0.007,0,,0.5844,20.0,-0.1209,0,1.0375,1.0,1,0,0,1,0,1,2,2025-02-24 14:05:00+05:30,2025-02-24 14:10:00+05:30,2025-02-24 15:00:00+05:30,394.05,393.07678571428573,395.80178571428576,-0.15,EOD-
S258,ITC,2025-02-24 14:15:00+05:30,-0.0089,-0.0013,0,,1.4462,0.0,-0.5434,0,0.9087,0.0,2,0,0,1,0,2,3,2025-02-24 14:25:00+05:30,2025-02-24 14:30:00+05:30,2025-02-24 15:00:00+05:30,394.25,393.3035714285714,395.9535714285715,-0.35,EOD-
S259,ITC,2025-02-25 09:15:00+05:30,,,0,,2.0953,5.56,-0.148,0,1.7495,0.0,3,1,1,0,0,3,4,2025-02-25 09:30:00+05:30,2025-02-25 09:35:00+05:30,2025-02-25 10:05:00+05:30,394.25,392.91964285714283,396.64464285714286,-1.3304,L
S260,ITC,2025-02-25 09:45:00+05:30,-0.0025,,2,2.0,0.8969,52.94,-0.3496,0,0.8843,0.0,1,0,0,0,0,1,2,2025-02-25 09:50:00+05:30,2025-02-25 09:55:00+05:30,2025-02-25 13:15:00+05:30,393.85,392.1357142857143,396.9357142857143,3.0857,W
S261,ITC,2025-02-25 10:00:00+05:30,-0.0254,-0.0025,0,,0.8022,33.33,-0.6226,0,1.4178,1.0,7,0,0,1,0,7,8,2025-02-25 10:35:00+05:30,2025-02-25 10:40:00+05:30,2025-02-25 13:10:00+05:30,393.7,392.04821428571427,396.67321428571427,2.9732,W
S262,ITC,2025-02-25 10:45:00+05:30,-0.0064,-0.0565,0,,0.2895,69.23,-0.1045,0,1.6544,,0,1,0,0,1,0,1,2025-02-25 10:45:00+05:30,2025-02-25 10:50:00+05:30,2025-02-25 13:10:00+05:30,393.95,392.5035714285714,396.55357142857144,2.6036,W
S263,ITC,2025-02-25 11:30:00+05:30,-0.0019,0.014,8,4.0,0.968,42.86,-0.096,0,1.0335,1.0,1,1,0,1,0,1,2,2025-02-25 11:35:00+05:30,2025-02-25 11:40:00+05:30,2025-02-25 13:00:00+05:30,393.95,392.8071428571428,396.00714285714287,2.0571,W
S264,ITC,2025-02-25 12:00:00+05:30,0.0685,0.0248,4,4.0,1.0813,25.0,-0.1908,0,1.3587,,0,1,0,0,1,0,1,2025-02-25 12:00:00+05:30,2025-02-25 12:05:00+05:30,2025-02-25 12:45:00+05:30,393.9,392.9,395.7,1.8,W
S265,ITC,2025-02-27 09:15:00+05:30,,,0,,1.7471,40.0,-0.5659,0,1.2446,,0,0,0,0,1,0,1,2025-02-27 09:15:00+05:30,2025-02-27 09:20:00+05:30,2025-02-27 09:45:00+05:30,397.2,395.0571428571429,401.0571428571428,-2.1429,L
S266,ITC,2025-02-27 12:00:00+05:30,-0.0771,-0.1395,0,,1.1667,15.38,-0.5714,0,1.0646,0.0,9,1,0,0,0,9,10,2025-02-27 12:45:00+05:30,2025-02-27 12:50:00+05:30,2025-02-27 15:00:00+05:30,392.45,390.95,395.15000000000003,0.9,EOD+
S267,ITC,2025-02-27 14:20:00+05:30,0.1392,0.1152,18,3.0,0.0636,20.0,5.6667,0,0.6398,,0,0,0,0,1,0,1,2025-02-27 14:20:00+05:30,2025-02-27 14:25:00+05:30,2025-02-27 15:00:00+05:30,393.6,392.12678571428575,396.25178571428575,-0.25,EOD-
S268,ITC,2025-02-27 14:30:00+05:30,0.1049,0.1373,0,,0.2127,25.0,0.25,0,0.5439,,0,0,0,1,1,0,1,2025-02-27 14:30:00+05:30,2025-02-27 14:35:00+05:30,2025-02-27 15:00:00+05:30,393.55,392.13928571428573,396.0892857142857,-0.2,EOD-
S269,ITC,2025-02-28 11:05:00+05:30,-0.443,-0.3827,0,,4.2639,52.17,-0.925,0,0.3921,0.0,9,1,1,1,0,9,10,2025-02-28 11:50:00+05:30,2025-02-28 11:55:00+05:30,2025-02-28 13:05:00+05:30,386.7,384.7446428571428,390.21964285714284,-1.9554,L
S270,ITC,2025-02-28 12:40:00+05:30,0.0666,0.0608,9,3.0,0.431,75.0,-0.3939,0,0.1198,0.0,1,0,0,1,0,1,2,2025-02-28 12:45:00+05:30,2025-02-28 12:50:00+05:30,2025-02-28 13:05:00+05:30,387.0,384.60714285714283,391.3071428571429,-2.3929,L
S271,ITC,2025-02-28 13:40:00+05:30,-0.1016,-0.0272,0,,2.3549,12.5,-0.9085,0,1.0165,1.0,9,0,0,1,0,9,10,2025-02-28 14:25:00+05:30,2025-02-28 14:30:00+05:30,2025-02-28 15:00:00+05:30,384.95,383.20892857142854,388.08392857142854,-0.05,EOD-
S272,ITC,2025-03-03 09:15:00+05:30,,,0,,2.0362,14.29,0.8807,0,0.993,,0,1,1,0,1,0,1,2025-03-03 09:15:00+05:30,2025-03-03 09:20:00+05:30,2025-03-03 15:00:00+05:30,388.75,385.71428571428567,394.2142857142858,0.6,EOD+
S273,ITC,2025-03-03 10:00:00+05:30,0.2451,0.3313,8,8.0,0.0521,4.76,3.4444,0,0.5202,,0,1,0,0,1,0,1,2025-03-03 10:00:00+05:30,2025-03-03 10:05:00+05:30,2025-03-03 15:00:00+05:30,387.85,383.5285714285714,395.62857142857155,1.5,EOD+
S274,ITC,2025-03-03 10:10:00+05:30,0.2165,0.269,0,,0.2158,65.22,0.037,0,0.2455,,0,1,0,1,1,0,1,2025-03-03 10:10:00+05:30,2025-03-03 10:15:00+05:30,2025-03-03 15:00:00+05:30,388.75,384.83928571428567,395.7892857142858,0.6,EOD+
S275,ITC,2025-03-03 10:30:00+05:30,0.2578,0.2254,3,1.0,0.791,75.76,-0.705,0,0.5182,1.0,6,0,0,0,0,6,7,2025-03-03 11:00:00+05:30,2025-03-03 11:05:00+05:30,2025-03-03 15:00:00+05:30,388.95,386.27142857142854,393.7714285714286,0.4,EOD+
S276,ITC,2025-03-03 11:10:00+05:30,-0.0264,0.0206,0,,0.3879,66.67,-0.2188,0,1.0846,,0,0,1,0,1,0,1,2025-03-03 11:10:00+05:30,2025-03-03 11:15:00+05:30,2025-03-03 15:00:00+05:30,389.7,387.6375,393.4125,-0.35,EOD-
S277,ITC,2025-03-03 11:35:00+05:30,0.0,-0.0663,4,4.0,0.5793,41.18,-0.1667,0,1.0657,1.0,8,0,0,1,0,8,9,2025-03-03 12:15:00+05:30,2025-03-03 12:20:00+05:30,2025-03-03 15:00:00+05:30,389.05,387.2375,392.3125,0.3,EOD+
S278,ITC,2025-03-03 12:25:00+05:30,0.0058,-0.045,1,1.0,0.2982,72.73,-0.7222,0,1.0466,1.0,1,0,0,1,0,1,2,2025-03-03 12:30:00+05:30,2025-03-03 12:35:00+05:30,2025-03-03 15:00:00+05:30,388.7,387.19107142857143,391.4160714285714,0.65,EOD+
S279,ITC,2025-03-03 12:40:00+05:30,-0.0032,0.0058,0,,1.1929,61.11,-0.8204,0,3.3105,1.0,1,0,0,0,0,1,2,2025-03-03 12:45:00+05:30,2025-03-03 12:50:00+05:30,2025-03-03 15:00:00+05:30,388.95,387.2,392.09999999999997,0.4,EOD+
S280,ITC,2025-03-03 12:55:00+05:30,-0.0232,-0.0032,0,,0.282,16.67,0.6867,0,0.7774,,0,1,0,1,1,0,1,2025-03-03 12:55:00+05:30,2025-03-03 13:00:00+05:30,2025-03-03 15:00:00+05:30,388.85,387.0107142857143,392.16071428571433,0.5,EOD+
S281,ITC,2025-03-03 13:30:00+05:30,0.0489,0.0341,6,4.0,0.6527,57.14,-0.3782,0,0.5912,0.0,1,0,1,1,0,1,2,2025-03-03 13:35:00+05:30,2025-03-03 13:40:00+05:30,2025-03-03 15:00:00+05:30,388.95,387.10178571428565,392.2767857142857,0.4,EOD+
S282,ITC,2025-03-03 13:45:00+05:30,0.045,0.0489,0,,0.6005,22.22,-0.5092,0,0.4673,0.0,3,0,0,1,0,3,4,2025-03-03 14:00:00+05:30,2025-03-03 14:05:00+05:30,2025-03-03 15:00:00+05:30,389.2,387.50357142857143,392.25357142857143,0.15,EOD+
S283,ITC,2025-03-03 14:10:00+05:30,0.0186,0.0341,0,,0.2167,42.86,-0.6154,0,0.6464,,0,0,0,1,1,0,1,2025-03-03 14:10:00+05:30,2025-03-03 14:15:00+05:30,2025-03-03 15:00:00+05:30,389.25,387.75,391.95000000000005,0.1,EOD+
S284,ITC,2025-03-03 14:20:00+05:30,0.0418,0.0225,0,,0.1276,57.14,0.2903,0,0.5854,,0,0,0,1,1,0,1,2025-03-03 14:20:00+05:30,2025-03-03 14:25:00+05:30,2025-03-03 15:00:00+05:30,389.35,387.83214285714286,392.0821428571429,0.0,EOD-
S285,ITC,2025-03-04 11:10:00+05:30,-0.134,-0.2037,0,,1.0584,44.44,-0.6813,0,0.3872,0.0,9,0,0,0,0,9,10,2025-03-04 11:55:00+05:30,2025-03-04 12:00:00+05:30,2025-03-04 15:00:00+05:30,385.9,384.4178571428571,388.5678571428571,0.7,EOD+
S286,ITC,2025-03-04 12:10:00+05:30,-0.046,-0.0745,0,,1.3245,0.0,-0.6891,0,0.7458,1.0,9,1,0,0,0,9,10,2025-03-04 12:55:00+05:30,2025-03-04 13:00:00+05:30,2025-03-04 15:00:00+05:30,385.3,384.3892857142857,386.9392857142858,1.6393,W
S287,ITC,2025-03-04 13:05:00+05:30,-0.0006,-0.0344,0,,0.2121,93.75,-1.0,0,0.993,,0,0,0,0,1,0,1,2025-03-04 13:05:00+05:30,2025-03-04 13:10:00+05:30,2025-03-04 15:00:00+05:30,386.15,385.2660714285714,387.74107142857144,0.45,EOD+
S288,ITC,2025-03-04 13:15:00+05:30,0.0227,-0.0214,1,1.0,0.3175,50.0,0.8182,0,0.7348,,0,0,0,0,1,0,1,2025-03-04 13:15:00+05:30,2025-03-04 13:20:00+05:30,2025-03-04 15:00:00+05:30,385.75,384.88392857142856,387.30892857142857,1.5589,W
S289,ITC,2025-03-04 13:25:00+05:30,0.0259,0.013,0,,0.0808,100.0,-1.0,0,0.6776,,0,1,0,1,1,0,1,2025-03-04 13:25:00+05:30,2025-03-04 13:30:00+05:30,2025-03-04 15:00:00+05:30,385.75,384.82142857142856,387.4214285714286,1.6714,W
S290,ITC,2025-03-04 13:45:00+05:30,0.0201,0.0175,2,1.0,0.0855,75.0,4.0,0,0.9341,,0,1,0,1,1,0,1,2025-03-04 13:45:00+05:30,2025-03-04 13:50:00+05:30,2025-03-04 15:00:00+05:30,385.75,384.58035714285717,387.85535714285714,0.85,EOD+
S291,ITC,2025-03-04 14:10:00+05:30,0.0408,0.0311,3,1.0,0.3922,27.27,0.2658,0,1.3873,,0,0,0,1,1,0,1,2025-03-04 14:10:00+05:30,2025-03-04 14:15:00+05:30,2025-03-04 15:00:00+05:30,385.65,384.3910714285714,387.9160714285714,0.95,EOD+
S292,ITC,2025-03-04 14:20:00+05:30,0.0337,0.0408,0,,0.4382,66.67,-0.7403,0,1.3473,1.0,2,1,0,0,0,2,3,2025-03-04 14:30:00+05:30,2025-03-04 14:35:00+05:30,2025-03-04 15:00:00+05:30,385.85,384.75178571428575,387.82678571428573,0.75,EOD+
S293,ITC,2025-03-05 10:30:00+05:30,0.139,0.163,15,12.0,0.0276,44.44,9.0,0,1.4939,,0,0,0,0,1,0,1,2025-03-05 10:30:00+05:30,2025-03-05 10:35:00+05:30,2025-03-05 12:35:00+05:30,388.95,387.1375,392.21250000000003,3.2625,W
S294,ITC,2025-03-05 11:00:00+05:30,0.0823,0.1158,0,,0.6108,12.5,-0.708,0,0.8994,1.0,9,1,1,1,0,9,10,2025-03-05 11:45:00+05:30,2025-03-05 11:50:00+05:30,2025-03-05 12:25:00+05:30,388.7,387.29821428571427,391.2232142857143,2.5232,W
S295,ITC,2025-03-05 13:40:00+05:30,0.2552,0.3264,22,6.0,0.1133,8.33,5.4706,0,0.9473,,0,0,0,0,1,0,1,2025-03-05 13:40:00+05:30,2025-03-05 13:45:00+05:30,2025-03-05 15:00:00+05:30,392.35,390.475,395.72499999999997,-0.45,EOD-
S296,ITC,2025-03-06 09:30:00+05:30,,,3,3.0,0.0747,64.71,2.7037,0,1.7371,,0,0,1,0,1,0,1,2025-03-06 09:30:00+05:30,2025-03-06 09:35:00+05:30,2025-03-06 15:00:00+05:30,394.35,389.83214285714286,402.4821428571429,2.6,EOD+
S297,ITC,2025-03-06 10:15:00+05:30,0.0672,0.0837,0,,1.0137,16.67,-0.945,0,0.5719,1.0,9,1,0,1,0,9,10,2025-03-06 11:00:00+05:30,2025-03-06 11:05:00+05:30,2025-03-06 15:00:00+05:30,393.45,388.96785714285716,401.5178571428571,3.5,EOD+
S298,ITC,2025-03-06 11:25:00+05:30,0.0565,-0.1811,3,2.0,0.0279,81.48,3.0,0,1.0224,,0,0,0,0,1,0,1,2025-03-06 11:25:00+05:30,2025-03-06 11:30:00+05:30,2025-03-06 15:00:00+05:30,393.65,391.40892857142853,397.68392857142857,3.3,EOD+
S299,ITC,2025-03-06 11:35:00+05:30,0.054,0.0184,0,,0.4013,64.29,-0.4161,0,0.6008,,0,1,0,1,1,0,1,2025-03-06 11:35:00+05:30,2025-03-06 11:40:00+05:30,2025-03-06 15:00:00+05:30,393.8,391.66607142857146,397.6410714285715,3.15,EOD+
S300,ITC,2025-03-06 11:50:00+05:30,0.0292,0.054,1,1.0,0.0471,14.29,2.75,0,0.4492,,0,0,0,1,1,0,1,2025-03-06 11:50:00+05:30,2025-03-06 11:55:00+05:30,2025-03-06 15:00:00+05:30,393.75,391.625,397.57500000000005,3.825,W
S301,ITC,2025-03-06 12:00:00+05:30,0.0755,0.0286,0,,0.2078,78.57,-0.4737,0,0.9824,,0,0,0,0,1,0,1,2025-03-06 12:00:00+05:30,2025-03-06 12:05:00+05:30,2025-03-06 15:00:00+05:30,394.85,392.5642857142857,398.9642857142858,2.1,EOD+
S302,ITC,2025-03-06 12:45:00+05:30,0.0969,0.1185,8,1.0,0.0108,30.0,39.0,0,0.6138,,0,1,0,1,1,0,1,2025-03-06 12:45:00+05:30,2025-03-06 12:50:00+05:30,2025-03-06 15:00:00+05:30,394.85,393.1089285714286,397.98392857142863,2.1,EOD+
S303,ITC,2025-03-06 13:00:00+05:30,0.0177,0.0969,2,2.0,0.6653,43.75,-0.1667,0,1.3954,1.0,1,0,0,0,0,1,2,2025-03-06 13:05:00+05:30,2025-03-06 13:10:00+05:30,2025-03-06 15:00:00+05:30,394.9,393.0964285714286,398.14642857142854,2.05,EOD+
S304,ITC,2025-03-06 13:15:00+05:30,0.0253,0.0177,0,,0.9433,50.0,-0.6032,0,1.3675,1.0,5,1,0,0,0,5,6,2025-03-06 13:40:00+05:30,2025-03-06 13:45:00+05:30,2025-03-06 15:00:00+05:30,394.95,393.28035714285716,397.9553571428571,2.0,EOD+
S305,ITC,2025-03-07 09:45:00+05:30,-0.1565,,0,,2.8128,36.0,-0.8547,0,0.8856,1.0,9,1,0,0,0,9,10,2025-03-07 10:30:00+05:30,2025-03-07 10:35:00+05:30,2025-03-07 15:00:00+05:30,395.4,392.9535714285714,399.80357142857144,0.5,EOD+
S306,ITC,2025-03-07 11:35:00+05:30,0.1396,0.1207,11,4.0,0.2553,50.0,0.0345,0,0.8293,,0,0,0,0,1,0,1,2025-03-07 11:35:00+05:30,2025-03-07 11:40:00+05:30,2025-03-07 12:20:00+05:30,395.75,394.3303571428571,398.30535714285713,-1.4196,L
S307,ITC,2025-03-07 12:50:00+05:30,-0.0714,-0.0657,0,,1.1226,50.0,-0.924,0,1.0002,1.0,9,1,0,1,0,9,10,2025-03-07 13:35:00+05:30,2025-03-07 13:40:00+05:30,2025-03-07 15:00:00+05:30,395.0,393.5357142857143,397.63571428571424,0.9,EOD+
S308,ITC,2025-03-07 13:50:00+05:30,-0.0158,-0.0329,2,2.0,0.4053,80.0,-0.3939,0,0.9384,0.0,2,1,1,1,0,2,3,2025-03-07 14:00:00+05:30,2025-03-07 14:05:00+05:30,2025-03-07 15:00:00+05:30,395.2,394.1821428571428,397.03214285714284,0.7,EOD+
S309,ITC,2025-03-10 09:15:00+05:30,,,0,,4.266,36.0,-0.8142,0,0.5632,0.0,3,1,0,1,0,3,4,2025-03-10 09:30:00+05:30,2025-03-10 09:35:00+05:30,2025-03-10 15:00:00+05:30,395.9,394.00714285714287,399.30714285714276,0.15,EOD+
S310,ITC,2025-03-10 11:00:00+05:30,0.1981,0.1417,17,3.0,0.3543,15.38,0.9277,0,2.2787,,0,0,0,1,1,0,1,2025-03-10 11:00:00+05:30,2025-03-10 11:05:00+05:30,2025-03-10 11:20:00+05:30,397.65,396.1857142857142,400.28571428571433,-1.4643,L
S311,ITC,2025-03-10 12:00:00+05:30,-0.0749,-0.0799,0,,1.2549,50.0,-0.7959,0,0.9577,1.0,9,1,0,0,0,9,10,2025-03-10 12:45:00+05:30,2025-03-10 12:50:00+05:30,2025-03-10 15:00:00+05:30,396.5,395.0357142857143,399.1357142857143,-0.45,EOD-
S312,ITC,2025-03-10 13:20:00+05:30,-0.005,0.0013,0,,1.9939,45.45,-0.9291,0,1.2735,1.0,9,0,0,0,0,9,10,2025-03-10 14:05:00+05:30,2025-03-10 14:10:00+05:30,2025-03-10 15:00:00+05:30,396.2,395.31607142857143,397.7910714285714,-0.15,EOD-
S313,ITC,2025-03-10 14:15:00+05:30,-0.0208,-0.0202,0,,0.6408,40.0,-0.6639,0,1.7318,1.0,1,1,0,1,0,1,2,2025-03-10 14:20:00+05:30,2025-03-10 14:25:00+05:30,2025-03-10 15:00:00+05:30,396.35,395.18928571428575,398.43928571428575,-0.3,EOD-
S314,ITC,2025-03-11 09:15:00+05:30,,,0,,3.7496,88.29,-0.9132,0,3.2919,,0,0,0,0,1,0,1,2025-03-11 09:15:00+05:30,2025-03-11 09:20:00+05:30,2025-03-11 15:00:00+05:30,398.05,395.74642857142857,402.1964285714286,0.0,EOD-
S315,ITC,2025-03-11 09:25:00+05:30,,,1,1.0,0.0169,65.52,13.2857,0,1.021,,0,1,0,0,1,0,1,2025-03-11 09:25:00+05:30,2025-03-11 09:30:00+05:30,2025-03-11 15:00:00+05:30,396.6,394.0107142857143,401.26071428571436,1.45,EOD+
S316,ITC,2025-03-11 10:30:00+05:30,0.1451,0.1898,11,6.0,0.2887,18.75,1.3009,0,0.4732,,0,0,1,0,1,0,1,2025-03-11 10:30:00+05:30,2025-03-11 10:35:00+05:30,2025-03-11 15:00:00+05:30,398.4,395.9535714285714,402.80357142857144,-0.35,EOD-
S317,ITC,2025-03-11 10:45:00+05:30,0.1036,0.1451,1,1.0,0.2812,36.36,0.5217,0,0.3961,,0,1,0,1,1,0,1,2025-03-11 10:45:00+05:30,2025-03-11 10:50:00+05:30,2025-03-11 15:00:00+05:30,398.35,396.30535714285713,402.03035714285716,-0.3,EOD-
S318,ITC,2025-03-11 11:15:00+05:30,0.1066,0.106,4,2.0,0.109,25.0,3.5161,0,0.8716,,0,0,0,0,1,0,1,2025-03-11 11:15:00+05:30,2025-03-11 11:20:00+05:30,2025-03-11 13:35:00+05:30,399.1,397.3232142857143,402.2982142857143,-1.7768,L
S319,ITC,2025-03-11 11:25:00+05:30,0.0959,0.1141,0,,0.0037,46.15,19.0,0,0.9324,,0,0,0,1,1,0,1,2025-03-11 11:25:00+05:30,2025-03-11 11:30:00+05:30,2025-03-11 13:35:00+05:30,399.1,397.39464285714286,402.1696428571429,-1.7054,L
S320,ITC,2025-03-11 11:50:00+05:30,0.0107,0.0495,4,3.0,0.3174,53.85,-0.2308,0,0.7275,1.0,9,0,0,0,0,9,10,2025-03-11 12:35:00+05:30,2025-03-11 12:40:00+05:30,2025-03-11 13:35:00+05:30,399.05,397.51428571428573,401.81428571428575,-1.5357,L
S321,ITC,2025-03-11 12:45:00+05:30,-0.01,0.0056,0,,0.3528,0.0,0.5625,0,0.7891,,0,1,0,1,1,0,1,2025-03-11 12:45:00+05:30,2025-03-11 12:50:00+05:30,2025-03-11 13:30:00+05:30,399.0,397.86607142857144,401.0410714285714,-1.1339,L
S322,ITC,2025-03-11 12:55:00+05:30,-0.0113,-0.0031,0,,0.2059,25.0,0.5,0,1.1863,,0,1,0,0,1,0,1,2025-03-11 12:55:00+05:30,2025-03-11 13:00:00+05:30,2025-03-11 13:35:00+05:30,398.95,397.7357142857143,401.13571428571424,-1.2143,L
S323,ITC,2025-03-11 13:05:00+05:30,-0.0056,-0.0119,0,,0.5199,20.0,0.3861,0,1.3,,0,1,0,0,1,0,1,2025-03-11 13:05:00+05:30,2025-03-11 13:10:00+05:30,2025-03-11 13:35:00+05:30,399.0,397.78571428571433,401.1857142857142,-1.2143,L
S324,ITC,2025-03-12 09:15:00+05:30,,,0,,2.1414,20.63,-0.3881,0,0.7323,0.0,6,1,0,0,0,6,7,2025-03-12 09:45:00+05:30,2025-03-12 09:50:00+05:30,2025-03-12 12:10:00+05:30,397.55,395.7375,400.8125,3.2625,W
S325,ITC,2025-03-12 11:00:00+05:30,0.0452,0.0289,13,12.0,0.4225,10.0,0.5686,0,0.3914,,0,1,0,1,1,0,1,2025-03-12 11:00:00+05:30,2025-03-12 11:05:00+05:30,2025-03-12 12:10:00+05:30,398.1,396.59107142857147,400.81607142857143,2.7161,W
S326,ITC,2025-03-12 11:10:00+05:30,0.0816,0.0402,0,,0.3054,50.0,-0.0769,0,0.5321,,0,1,1,1,1,0,1,2025-03-12 11:10:00+05:30,2025-03-12 11:15:00+05:30,2025-03-12 12:10:00+05:30,398.55,397.2196428571429,400.9446428571428,2.3946,W
S327,ITC,2025-03-12 11:50:00+05:30,0.0464,0.1185,7,4.0,0.2589,40.0,1.5926,0,0.6378,,0,1,1,0,1,0,1,2025-03-12 11:50:00+05:30,2025-03-12 11:55:00+05:30,2025-03-12 12:15:00+05:30,399.0,397.69642857142856,401.3464285714286,2.3464,W
S328,ITC,2025-03-12 12:05:00+05:30,0.0338,0.0464,2,2.0,0.0092,30.0,69.0,0,0.7925,,0,1,0,1,1,0,1,2025-03-12 12:05:00+05:30,2025-03-12 12:10:00+05:30,2025-03-12 12:15:00+05:30,399.3,397.93392857142857,401.7589285714286,2.4589,W
S329,ITC,2025-03-13 09:15:00+05:30,,,0,,1.5213,65.15,-0.5681,0,0.3668,0.0,8,1,0,1,0,8,9,2025-03-13 09:55:00+05:30,2025-03-13 10:00:00+05:30,2025-03-13 15:00:00+05:30,402.95,400.4767857142857,407.4017857142857,1.7,EOD+
S330,ITC,2025-03-13 11:35:00+05:30,0.2331,0.2061,19,2.0,0.5619,61.54,-0.5531,0,1.1797,0.0,8,1,0,0,0,8,9,2025-03-13 12:15:00+05:30,2025-03-13 12:20:00+05:30,2025-03-13 15:00:00+05:30,404.25,402.2589285714286,407.83392857142854,0.4,EOD+
S331,ITC,2025-03-13 12:25:00+05:30,-0.0093,-0.0439,0,,0.4747,58.33,-0.3671,0,0.6821,1.0,3,0,0,0,0,3,4,2025-03-13 12:40:00+05:30,2025-03-13 12:45:00+05:30,2025-03-13 15:00:00+05:30,404.15,402.06964285714287,407.8946428571428,0.5,EOD+
S332,ITC,2025-03-13 12:50:00+05:30,-0.008,-0.0025,0,,0.4038,60.0,-0.619,0,0.5748,,0,1,0,1,1,0,1,2025-03-13 12:50:00+05:30,2025-03-13 12:55:00+05:30,2025-03-13 15:00:00+05:30,404.25,402.625,407.17499999999995,0.4,EOD+
S333,ITC,2025-03-13 13:05:00+05:30,-0.0699,-0.008,1,1.0,0.1892,69.23,0.0,0,0.7526,1.0,1,1,0,1,0,1,2,2025-03-13 13:10:00+05:30,2025-03-13 13:15:00+05:30,2025-03-13 15:00:00+05:30,404.15,402.8285714285714,406.5285714285714,0.5,EOD+
S334,ITC,2025-03-13 13:30:00+05:30,0.0359,-0.0594,2,2.0,0.0977,70.0,2.3333,0,1.146,,0,1,0,0,1,0,1,2025-03-13 13:30:00+05:30,2025-03-13 13:35:00+05:30,2025-03-13 14:30:00+05:30,404.5,403.3482142857143,406.5732142857143,-1.1518,L
S335,ITC,2025-03-13 13:55:00+05:30,0.0785,0.0829,4,3.0,0.2299,23.08,2.1111,0,1.1955,,0,1,0,1,1,0,1,2025-03-13 13:55:00+05:30,2025-03-13 14:00:00+05:30,2025-03-13 14:30:00+05:30,404.6,403.37678571428575,406.8017857142857,-1.2232,L
S336,ITC,2025-03-13 14:15:00+05:30,0.0476,0.0686,3,3.0,0.7,43.75,0.0323,0,1.0771,,0,0,0,0,1,0,1,2025-03-13 14:15:00+05:30,2025-03-13 14:20:00+05:30,2025-03-13 15:00:00+05:30,404.55,403.16607142857146,407.0410714285714,0.1,EOD+
S337,ITC,2025-03-17 09:15:00+05:30,,,0,,0.3487,36.36,0.8705,0,1.3144,,0,0,0,0,1,0,1,2025-03-17 09:15:00+05:30,2025-03-17 09:20:00+05:30,2025-03-17 09:45:00+05:30,405.9,403.40892857142853,410.38392857142856,-2.4911,L
S338,ITC,2025-03-17 09:25:00+05:30,,,1,1.0,0.1305,66.67,1.1818,0,0.5571,,0,1,0,1,1,0,1,2025-03-17 09:25:00+05:30,2025-03-17 09:30:00+05:30,2025-03-17 10:30:00+05:30,404.35,401.71607142857147,409.09107142857147,-2.6339,L
S339,ITC,2025-03-17 12:25:00+05:30,-0.0743,-0.1372,0,,2.0239,66.67,-0.7494,0,1.8756,1.0,9,0,1,0,0,9,10,2025-03-17 13:10:00+05:30,2025-03-17 13:15:00+05:30,2025-03-17 15:00:00+05:30,400.75,399.5178571428571,402.96785714285716,-0.45,EOD-
S340,ITC,2025-03-17 13:50:00+05:30,0.0181,0.0187,7,4.0,0.388,8.33,0.6495,0,0.8103,,0,1,1,1,1,0,1,2025-03-17 13:50:00+05:30,2025-03-17 13:55:00+05:30,2025-03-17 15:00:00+05:30,400.35,398.7875,403.1625000000001,-0.05,EOD-
S341,ITC,2025-03-17 14:15:00+05:30,0.0468,0.0287,4,4.0,0.1968,11.11,1.3077,0,0.6924,,0,0,0,1,1,0,1,2025-03-17 14:15:00+05:30,2025-03-17 14:20:00+05:30,2025-03-17 15:00:00+05:30,400.4,398.74821428571425,403.37321428571425,-0.1,EOD-
S342,ITC,2025-03-18 09:15:00+05:30,,,0,,1.1491,45.65,0.6197,0,10.6029,,0,1,0,0,1,0,1,2025-03-18 09:15:00+05:30,2025-03-18 09:20:00+05:30,2025-03-18 11:50:00+05:30,400.55,399.0053571428572,403.33035714285717,2.7804,W
S343,ITC,2025-03-18 10:00:00+05:30,0.0556,0.0618,7,5.0,0.1136,58.33,0.8605,0,1.4145,,0,1,0,0,1,0,1,2025-03-18 10:00:00+05:30,2025-03-18 10:05:00+05:30,2025-03-18 15:00:00+05:30,401.3,398.9339285714286,405.55892857142857,-0.75,EOD-
S344,ITC,2025-03-18 10:50:00+05:30,0.1625,0.1445,9,4.0,1.1,55.56,-0.6364,0,0.7803,1.0,7,1,0,1,0,7,8,2025-03-18 11:25:00+05:30,2025-03-18 11:30:00+05:30,2025-03-18 15:00:00+05:30,401.65,399.4625,405.58750000000003,-1.1,EOD-
S345,ITC,2025-03-18 11:35:00+05:30,0.028,-0.0174,0,,0.0341,60.0,-1.0,0,0.5992,,0,1,0,1,1,0,1,2025-03-18 11:35:00+05:30,2025-03-18 11:40:00+05:30,2025-03-18 12:40:00+05:30,402.0,400.3482142857143,404.9732142857143,-1.6518,L
S346,ITC,2025-03-18 12:05:00+05:30,0.0672,0.0914,5,3.0,0.0453,0.0,15.3636,0,1.7935,,0,0,1,0,1,0,1,2025-03-18 12:05:00+05:30,2025-03-18 12:10:00+05:30,2025-03-18 12:30:00+05:30,402.55,401.03214285714284,405.28214285714284,-1.5179,L
S347,ITC,2025-03-18 12:35:00+05:30,-0.0342,-0.0168,0,,1.8786,58.33,-0.924,0,0.5218,0.0,9,0,0,1,0,9,10,2025-03-18 13:20:00+05:30,2025-03-18 13:25:00+05:30,2025-03-18 15:00:00+05:30,401.3,399.55,404.45,-0.75,EOD-
S348,ITC,2025-03-18 13:30:00+05:30,-0.0822,-0.0548,0,,0.3561,87.5,-0.7727,0,0.6105,,0,0,0,0,1,0,1,2025-03-18 13:30:00+05:30,2025-03-18 13:35:00+05:30,2025-03-18 15:00:00+05:30,401.4,399.85535714285714,404.1803571428571,-0.85,EOD-
S349,ITC,2025-03-18 14:10:00+05:30,-0.0143,-0.0486,7,6.0,0.2352,100.0,-1.0,0,1.6628,1.0,4,0,0,0,0,4,5,2025-03-18 14:30:00+05:30,2025-03-18 14:35:00+05:30,2025-03-18 15:00:00+05:30,401.1,399.9571428571429,403.15714285714284,-0.55,EOD-
S350,ITC,2025-03-19 13:45:00+05:30,-0.0726,-0.0707,0,,1.7256,33.33,-0.8742,0,0.7613,0.0,9,0,0,1,0,9,10,2025-03-19 14:30:00+05:30,2025-03-19 14:35:00+05:30,2025-03-19 15:00:00+05:30,395.3,394.1482142857143,397.3732142857143,0.4,EOD+
S351,ITC,2025-03-21 09:30:00+05:30,,,3,3.0,0.4421,66.67,-0.6667,0,0.6038,0.0,3,1,0,1,0,3,4,2025-03-21 09:45:00+05:30,2025-03-21 09:50:00+05:30,2025-03-21 13:35:00+05:30,395.6,393.90357142857147,398.65357142857147,-1.6964,L
S352,ITC,2025-03-21 10:05:00+05:30,0.0266,0.0215,2,2.0,0.322,64.29,-0.7826,0,1.2701,1.0,9,0,0,0,0,9,10,2025-03-21 10:50:00+05:30,2025-03-21 10:55:00+05:30,2025-03-21 13:35:00+05:30,395.75,393.9642857142857,398.9642857142857,-1.7857,L
S353,ITC,2025-03-21 11:05:00+05:30,0.0038,0.0297,2,1.0,0.1867,66.67,0.6667,0,0.9508,,0,0,0,0,1,0,1,2025-03-21 11:05:00+05:30,2025-03-21 11:10:00+05:30,2025-03-21 13:30:00+05:30,395.4,394.1946428571428,397.56964285714287,-1.2054,L
S354,ITC,2025-03-21 11:15:00+05:30,0.0,0.0082,0,,0.0833,75.0,0.3333,0,1.5806,,0,0,0,0,1,0,1,2025-03-21 11:15:00+05:30,2025-03-21 11:20:00+05:30,2025-03-21 11:50:00+05:30,395.7,394.575,397.72499999999997,-1.125,L
S355,ITC,2025-03-21 11:40:00+05:30,0.0,0.0158,4,2.0,0.4303,40.0,0.6,0,1.2517,,0,0,1,0,1,0,1,2025-03-21 11:40:00+05:30,2025-03-21 11:45:00+05:30,2025-03-21 11:50:00+05:30,395.55,394.4607142857143,397.51071428571424,-1.0893,L
S356,ITC,2025-03-21 11:50:00+05:30,-0.007,0.0095,0,,2.1551,25.0,-0.4885,0,0.7855,0.0,4,1,0,0,0,4,5,2025-03-21 12:10:00+05:30,2025-03-21 12:15:00+05:30,2025-03-21 13:25:00+05:30,395.6,394.46607142857147,397.6410714285714,-1.1339,L
S357,ITC,2025-03-21 13:00:00+05:30,0.0505,0.0689,8,5.0,0.0854,85.71,1.0,0,1.1147,,0,1,0,1,1,0,1,2025-03-21 13:00:00+05:30,2025-03-21 13:05:00+05:30,2025-03-21 13:30:00+05:30,395.85,394.3857142857143,398.4857142857143,-1.4643,L
S358,ITC,2025-03-24 10:20:00+05:30,0.3273,0.343,13,11.0,0.0479,28.57,0.3333,0,0.141,,0,0,0,1,1,0,1,2025-03-24 10:20:00+05:30,2025-03-24 10:25:00+05:30,2025-03-24 11:55:00+05:30,398.7,396.7446428571428,402.2196428571429,3.5196,W
S359,ITC,2025-03-24 10:30:00+05:30,0.2432,0.3382,0,,0.6265,37.5,-1.0,0,1.436,1.0,6,1,0,1,0,6,7,2025-03-24 11:00:00+05:30,2025-03-24 11:05:00+05:30,2025-03-24 11:55:00+05:30,399.5,397.88392857142856,402.4089285714286,2.9089,W
S360,ITC,2025-03-24 12:55:00+05:30,0.1759,0.2514,22,11.0,0.14,60.0,1.6667,0,0.6573,,0,0,0,0,1,0,1,2025-03-24 12:55:00+05:30,2025-03-24 13:00:00+05:30,2025-03-24 15:00:00+05:30,402.2,400.86071428571427,404.61071428571427,1.15,EOD+
S361,ITC,2025-03-24 13:05:00+05:30,0.1206,0.2027,0,,1.1038,44.44,-0.6098,0,0.9477,0.0,1,1,1,0,0,1,2,2025-03-24 13:10:00+05:30,2025-03-24 13:15:00+05:30,2025-03-24 15:00:00+05:30,402.5,401.3392857142857,404.5892857142857,0.85,EOD+
S362,ITC,2025-03-24 13:35:00+05:30,0.1037,0.105,4,2.0,0.0202,14.29,32.3333,0,0.6935,,0,0,0,1,1,0,1,2025-03-24 13:35:00+05:30,2025-03-24 13:40:00+05:30,2025-03-24 13:45:00+05:30,403.05,402.12142857142857,404.7214285714286,-0.9286,L
S363,ITC,2025-03-24 13:45:00+05:30,0.0379,0.1167,0,,1.7797,76.47,-0.9333,0,1.7269,0.0,3,0,0,0,0,3,4,2025-03-24 14:00:00+05:30,2025-03-24 14:05:00+05:30,2025-03-24 15:00:00+05:30,402.75,401.69642857142856,404.6464285714286,0.6,EOD+
S364,ITC,2025-03-24 14:10:00+05:30,-0.0323,-0.0304,0,,0.271,53.85,0.25,0,0.94,,0,1,1,1,1,0,1,2025-03-24 14:10:00+05:30,2025-03-24 14:15:00+05:30,2025-03-24 15:00:00+05:30,403.05,401.9428571428571,405.0428571428572,0.3,EOD+
S365,ITC,2025-03-25 09:15:00+05:30,,,0,,1.0026,5.56,0.7073,0,1.7289,,0,0,0,0,1,0,1,2025-03-25 09:15:00+05:30,2025-03-25 09:20:00+05:30,2025-03-25 09:25:00+05:30,403.2,401.15535714285716,406.8803571428571,-2.0446,L
S366,ITC,2025-03-25 09:25:00+05:30,,,0,,1.6554,53.33,-0.7329,0,0.6773,0.0,2,0,0,0,0,2,3,2025-03-25 09:35:00+05:30,2025-03-25 09:40:00+05:30,2025-03-25 14:45:00+05:30,403.0,400.45535714285717,407.5803571428571,-2.5446,L
S367,ITC,2025-03-25 09:45:00+05:30,-0.0025,,0,,0.6569,38.1,-0.0734,0,0.8134,,0,1,1,1,1,0,1,2025-03-25 09:45:00+05:30,2025-03-25 09:50:00+05:30,2025-03-25 14:45:00+05:30,403.3,400.8357142857143,407.73571428571427,-2.4643,L
S368,ITC,2025-03-25 10:35:00+05:30,0.1435,0.1721,9,2.0,0.5383,67.39,0.1268,0,1.5259,,0,1,1,0,1,0,1,2025-03-25 10:35:00+05:30,2025-03-25 10:40:00+05:30,2025-03-25 10:55:00+05:30,404.4,401.9267857142857,408.85178571428565,-2.4732,L
S369,ITC,2025-03-25 12:00:00+05:30,-0.2327,-0.2113,0,,1.3661,27.78,-0.7521,0,0.6018,0.0,9,0,0,1,0,9,10,2025-03-25 12:45:00+05:30,2025-03-25 12:50:00+05:30,2025-03-25 15:00:00+05:30,402.1,399.8857142857143,406.08571428571435,-1.1,EOD-
S370,ITC,2025-03-25 12:55:00+05:30,-0.0485,-0.1244,0,,0.1407,9.09,0.0526,0,0.7331,,0,0,0,1,1,0,1,2025-03-25 12:55:00+05:30,2025-03-25 13:00:00+05:30,2025-03-25 15:00:00+05:30,401.85,400.1625,404.88750000000005,-0.85,EOD-
S371,ITC,2025-03-25 13:05:00+05:30,-0.0274,-0.0479,0,,0.3958,40.0,-0.5789,0,0.7943,0.0,1,1,0,1,0,1,2,2025-03-25 13:10:00+05:30,2025-03-25 13:15:00+05:30,2025-03-25 15:00:00+05:30,401.75,400.25,404.45,-0.75,EOD-
S372,ITC,2025-03-26 09:25:00+05:30,,,0,,1.2566,47.37,-0.8174,0,0.2661,0.0,9,0,0,1,0,9,10,2025-03-26 10:10:00+05:30,2025-03-26 10:15:00+05:30,2025-03-26 15:00:00+05:30,400.95,398.77142857142854,404.87142857142857,-0.4,EOD-
S373,ITC,2025-03-26 10:35:00+05:30,-0.0718,-0.0218,0,,0.7689,12.5,-0.9057,0,0.7751,1.0,9,1,0,0,0,9,10,2025-03-26 11:20:00+05:30,2025-03-26 11:25:00+05:30,2025-03-26 15:00:00+05:30,400.4,398.6767857142857,403.5017857142857,0.15,EOD+
S374,ITC,2025-03-26 13:05:00+05:30,0.0231,0.0916,0,,3.077,60.0,-0.9018,0,2.3748,1.0,9,1,1,0,0,9,10,2025-03-26 13:50:00+05:30,2025-03-26 13:55:00+05:30,2025-03-26 15:00:00+05:30,401.35,400.1089285714286,403.58392857142866,-1.2411,L
S375,ITC,2025-03-27 09:15:00+05:30,,,0,,4.2217,36.36,-0.6185,0,0.2118,0.0,8,1,0,1,0,8,9,2025-03-27 09:55:00+05:30,2025-03-27 10:00:00+05:30,2025-03-27 15:00:00+05:30,400.0,397.98214285714283,403.63214285714287,0.4,EOD+
S376,ITC,2025-03-27 10:45:00+05:30,0.0725,0.0175,9,5.0,0.157,40.0,-1.0,0,0.6254,1.0,3,1,0,1,0,3,4,2025-03-27 11:00:00+05:30,2025-03-27 11:05:00+05:30,2025-03-27 15:00:00+05:30,400.05,398.05892857142857,403.63392857142856,0.35,EOD+
S377,ITC,2025-03-27 11:20:00+05:30,0.0837,0.0675,2,2.0,0.356,42.86,-0.1011,0,0.9497,1.0,1,1,0,1,0,1,2,2025-03-27 11:25:00+05:30,2025-03-27 11:30:00+05:30,2025-03-27 15:00:00+05:30,400.6,399.0375,403.4125000000001,-0.2,EOD-
S378,ITC,2025-03-27 12:30:00+05:30,0.096,0.053,12,10.0,0.2143,61.54,0.0,0,0.7187,1.0,3,1,0,1,0,3,4,2025-03-27 12:45:00+05:30,2025-03-27 12:50:00+05:30,2025-03-27 15:00:00+05:30,401.35,399.6,404.5,-0.95,EOD-
S379,ITC,2025-03-27 13:15:00+05:30,0.0455,0.0729,5,3.0,2.0943,22.73,-0.1233,0,1.0059,0.0,2,0,0,1,0,2,3,2025-03-27 13:25:00+05:30,2025-03-27 13:30:00+05:30,2025-03-27 14:35:00+05:30,401.55,400.4607142857143,403.5107142857143,-1.0893,L
S380,ITC,2025-03-27 13:35:00+05:30,0.0075,0.0262,0,,0.7383,45.45,-0.2593,0,1.185,0.0,1,0,0,0,0,1,2,2025-03-27 13:40:00+05:30,2025-03-27 13:45:00+05:30,2025-03-27 15:00:00+05:30,401.5,400.3571428571429,403.5571428571428,-1.1429,L
S381,ITC,2025-03-27 13:50:00+05:30,0.0,0.0075,0,,0.5192,16.67,0.1236,0,1.1113,,0,0,0,0,1,0,1,2025-03-27 13:50:00+05:30,2025-03-27 13:55:00+05:30,2025-03-27 15:00:00+05:30,401.4,400.3285714285714,403.32857142857137,-1.0714,L
S382,ITC,2025-03-28 09:15:00+05:30,,,0,,0.832,29.79,0.8563,0,0.3447,,0,1,0,1,1,0,1,2025-03-28 09:15:00+05:30,2025-03-28 09:20:00+05:30,2025-03-28 09:40:00+05:30,401.6,399.09107142857147,406.11607142857144,4.5161,W
S383,ITC,2025-03-28 10:25:00+05:30,0.1952,0.2172,13,8.0,0.0037,63.64,39.0,0,0.1906,,0,1,0,1,1,0,1,2025-03-28 10:25:00+05:30,2025-03-28 10:30:00+05:30,2025-03-28 13:00:00+05:30,404.25,400.89285714285717,410.29285714285714,-3.3571,L
S384,ITC,2025-03-28 11:05:00+05:30,0.1921,0.2522,7,4.0,0.4256,28.57,0.4493,0,0.9729,,0,0,1,0,1,0,1,2025-03-28 11:05:00+05:30,2025-03-28 11:10:00+05:30,2025-03-28 11:55:00+05:30,404.95,402.92321428571427,408.5982142857143,-2.0268,L
S385,ITC,2025-03-28 11:15:00+05:30,0.1044,0.2372,1,1.0,0.0636,0.0,4.2632,0,0.948,,0,0,1,0,1,0,1,2025-03-28 11:15:00+05:30,2025-03-28 11:20:00+05:30,2025-03-28 11:45:00+05:30,405.15,403.28392857142853,408.50892857142856,-1.8661,L
S386,ITC,2025-03-28 13:20:00+05:30,-0.2084,-0.2137,0,,2.1829,28.57,-0.8312,0,2.0194,1.0,9,1,0,1,0,9,10,2025-03-28 14:05:00+05:30,2025-03-28 14:10:00+05:30,2025-03-28 15:00:00+05:30,401.3,399.9428571428571,403.7428571428572,0.05,EOD+
S387,ITC,2025-04-01 09:15:00+05:30,,,0,,1.3789,1.9,0.0187,0,2.8054,,0,1,0,0,1,0,1,2025-04-01 09:15:00+05:30,2025-04-01 09:20:00+05:30,2025-04-01 13:00:00+05:30,401.15,398.4803571428571,405.95535714285717,-2.6696,L
S388,ITC,2025-04-01 09:25:00+05:30,,,0,,0.297,77.78,-0.1429,0,1.4806,,0,1,1,0,1,0,1,2025-04-01 09:25:00+05:30,2025-04-01 09:30:00+05:30,2025-04-01 11:50:00+05:30,402.85,399.9035714285714,408.15357142857147,-2.9464,L
S389,ITC,2025-04-01 10:20:00+05:30,0.1799,0.1993,10,8.0,0.5085,89.13,-0.8101,0,1.0803,1.0,3,0,1,0,0,3,4,2025-04-01 10:35:00+05:30,2025-04-01 10:40:00+05:30,2025-04-01 12:45:00+05:30,403.45,399.56607142857143,410.4410714285714,-3.8839,L
S390,ITC,2025-04-01 13:20:00+05:30,-0.1915,-0.2162,0,,2.9167,50.0,-0.8588,0,2.583,1.0,9,0,0,1,0,9,10,2025-04-01 14:05:00+05:30,2025-04-01 14:10:00+05:30,2025-04-01 15:00:00+05:30,398.75,396.92857142857144,402.0285714285714,-0.5,EOD-
S391,ITC,2025-04-01 14:15:00+05:30,-0.1368,-0.1354,0,,0.3481,16.67,1.0,0,1.2144,,0,0,0,0,1,0,1,2025-04-01 14:15:00+05:30,2025-04-01 14:20:00+05:30,2025-04-01 15:00:00+05:30,398.4,396.78392857142853,401.3089285714286,-0.15,EOD-
S392,ITC,2025-04-02 09:15:00+05:30,,,0,,0.6455,12.28,0.0329,0,1.1895,,0,1,1,0,1,0,1,2025-04-02 09:15:00+05:30,2025-04-02 09:20:00+05:30,2025-04-02 15:00:00+05:30,398.4,396.3375,402.11249999999995,2.2,EOD+
S393,ITC,2025-04-02 09:25:00+05:30,,,0,,0.2976,3.7,1.5926,0,0.5383,,0,1,0,0,1,0,1,2025-04-02 09:25:00+05:30,2025-04-02 09:30:00+05:30,2025-04-02 15:00:00+05:30,398.7,396.4321428571428,402.78214285714284,1.9,EOD+
S394,ITC,2025-04-02 09:45:00+05:30,0.0401,,3,1.0,0.3964,40.0,0.519,0,0.2106,,0,0,1,1,1,0,1,2025-04-02 09:45:00+05:30,2025-04-02 09:50:00+05:30,2025-04-02 15:00:00+05:30,398.85,396.3589285714286,403.3339285714286,1.75,EOD+
S395,ITC,2025-04-02 10:05:00+05:30,0.0627,0.0414,2,2.0,0.1151,77.78,0.2,0,0.1639,,0,1,0,1,1,0,1,2025-04-02 10:05:00+05:30,2025-04-02 10:10:00+05:30,2025-04-02 15:00:00+05:30,398.8,396.08571428571423,403.68571428571437,1.8,EOD+
S396,ITC,2025-04-02 11:25:00+05:30,0.0781,0.1307,14,5.0,0.0399,60.0,3.4444,0,0.2805,,0,1,0,1,1,0,1,2025-04-02 11:25:00+05:30,2025-04-02 11:30:00+05:30,2025-04-02 15:00:00+05:30,400.0,398.5892857142857,402.5392857142857,0.6,EOD+
S397,ITC,2025-04-02 11:35:00+05:30,0.0681,0.0844,0,,0.0134,60.0,25.6667,0,0.2981,,0,0,0,1,1,0,1,2025-04-02 11:35:00+05:30,2025-04-02 11:40:00+05:30,2025-04-02 11:50:00+05:30,400.6,399.1982142857143,403.1232142857143,-1.4018,L
S398,ITC,2025-04-02 11:45:00+05:30,0.0712,0.075,0,,0.8565,42.86,-0.6954,0,0.3965,0.0,9,0,0,0,0,9,10,2025-04-02 12:30:00+05:30,2025-04-02 12:35:00+05:30,2025-04-02 15:00:00+05:30,400.05,398.6125,402.6375,0.55,EOD+
S399,ITC,2025-04-02 12:40:00+05:30,-0.0444,-0.0262,0,,0.435,40.0,-0.5402,0,1.0394,1.0,5,0,0,0,0,5,6,2025-04-02 13:05:00+05:30,2025-04-02 13:10:00+05:30,2025-04-02 15:00:00+05:30,400.05,398.8,402.3,0.55,EOD+
S400,ITC,2025-04-02 13:15:00+05:30,-0.0357,-0.0625,0,,0.0818,28.57,2.75,0,0.57,,0,1,0,1,1,0,1,2025-04-02 13:15:00+05:30,2025-04-02 13:20:00+05:30,2025-04-02 15:00:00+05:30,399.7,398.4767857142857,401.9017857142857,0.9,EOD+
S401,ITC,2025-04-02 13:50:00+05:30,0.0713,0.0219,6,1.0,0.0602,22.22,9.9091,0,2.1231,,0,1,1,1,1,0,1,2025-04-02 13:50:00+05:30,2025-04-02 13:55:00+05:30,2025-04-02 15:00:00+05:30,400.25,399.10714285714283,402.3071428571429,0.35,EOD+
S402,ITC,2025-04-02 14:20:00+05:30,0.0494,0.0594,5,3.0,0.1159,56.25,3.0,0,1.3574,,0,1,0,0,1,0,1,2025-04-02 14:20:00+05:30,2025-04-02 14:25:00+05:30,2025-04-02 15:00:00+05:30,400.15,398.80178571428564,402.57678571428573,0.45,EOD+
S403,ITC,2025-04-03 09:20:00+05:30,,,0,,2.59,42.31,-0.8919,0,0.2991,0.0,9,0,0,0,0,9,10,2025-04-03 10:05:00+05:30,2025-04-03 10:10:00+05:30,2025-04-03 15:00:00+05:30,399.9,398.11428571428564,403.11428571428576,0.5,EOD+
S404,ITC,2025-04-03 10:15:00+05:30,-0.0256,-0.0757,0,,0.0797,70.0,-1.0,0,0.3952,,0,1,0,0,1,0,1,2025-04-03 10:15:00+05:30,2025-04-03 10:20:00+05:30,2025-04-03 15:00:00+05:30,400.1,397.90357142857147,404.05357142857144,0.3,EOD+
S405,ITC,2025-04-03 11:50:00+05:30,0.1159,0.1428,18,6.0,0.1268,16.67,3.3478,0,0.2483,,0,0,0,1,1,0,1,2025-04-03 11:50:00+05:30,2025-04-03 11:55:00+05:30,2025-04-03 13:45:00+05:30,401.4,400.26607142857137,403.44107142857143,-1.1339,L
S406,ITC,2025-04-03 12:00:00+05:30,0.076,0.1278,0,,0.9408,83.33,-1.0,0,0.3778,0.0,1,0,0,1,0,1,2,2025-04-03 12:05:00+05:30,2025-04-03 12:10:00+05:30,2025-04-03 13:45:00+05:30,401.4,400.28392857142853,403.40892857142853,-1.1161,L
S407,ITC,2025-04-03 12:15:00+05:30,0.0231,0.076,0,,0.375,75.0,-0.6667,0,0.5283,0.0,6,1,1,1,0,6,7,2025-04-03 12:45:00+05:30,2025-04-03 12:50:00+05:30,2025-04-03 13:40:00+05:30,401.45,400.45,403.25,-1.0,L
S408,ITC,2025-04-03 13:05:00+05:30,0.0062,0.0012,3,3.0,0.2362,0.0,3.4444,0,1.3716,,0,0,0,0,1,0,1,2025-04-03 13:05:00+05:30,2025-04-03 13:10:00+05:30,2025-04-03 13:25:00+05:30,401.55,400.8357142857143,402.8357142857143,-0.7143,L
S409,ITC,2025-04-03 13:15:00+05:30,0.0025,0.0093,1,1.0,0.2147,50.0,1.6087,0,1.0719,,0,0,0,0,1,0,1,2025-04-03 13:15:00+05:30,2025-04-03 13:20:00+05:30,2025-04-03 13:25:00+05:30,401.4,400.7303571428571,402.60535714285714,-0.6696,L
S410,ITC,2025-04-04 09:15:00+05:30,,,0,,4.1386,52.56,-0.8071,0,0.804,0.0,6,0,0,0,0,6,7,2025-04-04 09:45:00+05:30,2025-04-04 09:50:00+05:30,2025-04-04 11:00:00+05:30,399.9,397.86428571428564,403.56428571428575,3.6643,W
S411,ITC,2025-04-04 11:20:00+05:30,0.2436,0.2102,17,4.0,0.3929,60.87,-0.8788,0,0.3721,0.0,5,1,0,1,0,5,6,2025-04-04 11:45:00+05:30,2025-04-04 11:50:00+05:30,2025-04-04 15:00:00+05:30,401.45,398.825,406.175,0.0,EOD-
S412,ITC,2025-04-04 11:55:00+05:30,0.0181,0.0386,0,,0.3432,35.71,-0.4702,0,0.4989,0.0,2,0,0,0,0,2,3,2025-04-04 12:05:00+05:30,2025-04-04 12:10:00+05:30,2025-04-04 15:00:00+05:30,401.4,398.65,406.35,0.05,EOD+
S413,ITC,2025-04-04 12:15:00+05:30,0.0168,0.0262,0,,0.3047,87.5,-1.0,0,0.364,,0,0,1,1,1,0,1,2025-04-04 12:15:00+05:30,2025-04-04 12:20:00+05:30,2025-04-04 15:00:00+05:30,401.6,399.52857142857147,405.3285714285715,-0.15,EOD-
S414,ITC,2025-04-04 12:25:00+05:30,0.0398,0.0137,0,,0.6439,57.14,-1.0,0,0.8077,1.0,8,0,0,1,0,8,9,2025-04-04 13:05:00+05:30,2025-04-04 13:10:00+05:30,2025-04-04 15:00:00+05:30,401.05,399.3803571428572,404.05535714285713,0.4,EOD+
S415,ITC,2025-04-04 13:15:00+05:30,-0.0019,-0.1153,0,,0.8664,40.0,-0.774,0,0.8137,1.0,1,1,1,1,0,1,2,2025-04-04 13:20:00+05:30,2025-04-04 13:25:00+05:30,2025-04-04 13:55:00+05:30,401.2,399.92321428571427,403.49821428571425,-1.2768,L
S416,ITC,2025-04-04 13:30:00+05:30,0.0,-0.0019,0,,0.2154,71.43,0.6667,0,1.1073,,0,0,0,0,1,0,1,2025-04-04 13:30:00+05:30,2025-04-04 13:35:00+05:30,2025-04-04 13:45:00+05:30,401.6,400.20714285714286,404.1071428571429,-1.3929,L
S417,ITC,2025-04-04 13:40:00+05:30,-0.0069,0.0012,0,,0.35,62.5,-0.7674,0,1.048,0.0,7,1,1,0,0,7,8,2025-04-04 14:15:00+05:30,2025-04-04 14:20:00+05:30,2025-04-04 15:00:00+05:30,400.85,399.3142857142857,403.61428571428576,0.6,EOD+
S418,ITC,2025-04-04 14:25:00+05:30,-0.0019,-0.0605,0,,0.1133,20.0,0.4286,0,0.6734,,0,1,1,1,1,0,1,2025-04-04 14:25:00+05:30,2025-04-04 14:30:00+05:30,2025-04-04 15:00:00+05:30,401.1,399.55535714285713,403.88035714285724,0.35,EOD+
S419,ITC,2025-04-07 10:40:00+05:30,-0.4768,-0.4817,0,,1.1437,44.44,-0.918,0,1.2118,1.0,9,0,1,0,0,9,10,2025-04-07 11:25:00+05:30,2025-04-07 11:30:00+05:30,2025-04-07 15:00:00+05:30,394.35,390.35,401.55000000000007,0.7,EOD+
S420,ITC,2025-04-07 11:40:00+05:30,-0.0495,-0.1505,2,1.0,0.4614,38.46,-0.2045,0,0.4159,0.0,5,0,0,1,0,5,6,2025-04-07 12:05:00+05:30,2025-04-07 12:10:00+05:30,2025-04-07 12:25:00+05:30,393.65,391.2660714285714,397.9410714285714,-2.3839,L
S421,ITC,2025-04-07 12:40:00+05:30,-0.1457,-0.0763,0,,2.3092,0.0,-0.8142,0,0.6612,0.0,9,1,1,0,0,9,10,2025-04-07 13:25:00+05:30,2025-04-07 13:30:00+05:30,2025-04-07 15:00:00+05:30,393.2,390.8696428571429,397.39464285714286,1.85,EOD+
S422,ITC,2025-04-08 10:35:00+05:30,0.2543,0.3472,16,16.0,0.8033,68.97,-0.5,0,0.8367,0.0,3,1,0,0,0,3,4,2025-04-08 10:50:00+05:30,2025-04-08 10:55:00+05:30,2025-04-08 12:25:00+05:30,401.25,399.0714285714286,405.1714285714285,3.9214,W
S423,ITC,2025-04-08 11:15:00+05:30,0.0462,0.0805,4,2.0,0.1708,25.93,2.9437,0,0.5938,,0,1,0,1,1,0,1,2025-04-08 11:15:00+05:30,2025-04-08 11:20:00+05:30,2025-04-08 12:25:00+05:30,400.7,398.1017857142857,405.3767857142857,4.6768,W
S424,ITC,2025-04-08 13:35:00+05:30,0.246,0.2791,27,1.0,1.1283,80.85,-0.5467,0,0.943,0.0,1,0,1,1,0,1,2,2025-04-08 13:40:00+05:30,2025-04-08 13:45:00+05:30,2025-04-08 13:50:00+05:30,405.7,403.7446428571429,409.2196428571428,-1.9554,L
S425,ITC,2025-04-08 13:50:00+05:30,0.1005,0.246,0,,3.1011,71.11,-0.8058,0,0.6685,0.0,5,1,1,0,0,5,6,2025-04-08 14:15:00+05:30,2025-04-08 14:20:00+05:30,2025-04-08 15:00:00+05:30,405.9,403.4089285714286,410.3839285714285,-1.1,EOD-
S426,ITC,2025-04-09 09:15:00+05:30,,,0,,1.7167,27.94,-0.0909,0,1.6425,,0,1,0,0,1,0,1,2025-04-09 09:15:00+05:30,2025-04-09 09:20:00+05:30,2025-04-09 10:50:00+05:30,405.45,402.7267857142857,410.3517857142857,4.9018,W
S427,ITC,2025-04-09 09:25:00+05:30,,,0,,0.4708,42.86,0.2281,0,0.8252,,0,1,1,0,1,0,1,2025-04-09 09:25:00+05:30,2025-04-09 09:30:00+05:30,2025-04-09 10:50:00+05:30,405.0,401.9732142857143,410.44821428571424,5.4482,W
S428,ITC,2025-04-09 09:35:00+05:30,,,0,,0.3656,64.0,-0.4652,0,2.6555,1.0,1,1,1,0,0,1,2,2025-04-09 09:40:00+05:30,2025-04-09 09:45:00+05:30,2025-04-09 15:00:00+05:30,406.25,403.05357142857144,412.00357142857143,1.4,EOD+
S429,ITC,2025-04-09 11:45:00+05:30,0.0965,0.2157,24,11.0,0.007,16.67,99.0,0,0.6572,,0,0,0,1,1,0,1,2025-04-09 11:45:00+05:30,2025-04-09 11:50:00+05:30,2025-04-09 12:40:00+05:30,409.8,408.0053571428572,413.03035714285716,-1.7946,L
S430,ITC,2025-04-09 11:55:00+05:30,0.0727,0.1405,0,,0.679,30.0,-0.3814,0,0.555,1.0,3,0,0,0,0,3,4,2025-04-09 12:10:00+05:30,2025-04-09 12:15:00+05:30,2025-04-09 12:40:00+05:30,409.6,407.81428571428575,412.81428571428575,-1.7857,L
S431,ITC,2025-04-09 12:20:00+05:30,0.022,0.0397,0,,0.614,38.46,-0.6,0,0.5222,,0,1,0,1,1,0,1,2025-04-09 12:20:00+05:30,2025-04-09 12:25:00+05:30,2025-04-09 12:40:00+05:30,409.55,408.0232142857143,412.2982142857143,-1.5268,L
S432,ITC,2025-04-09 12:30:00+05:30,0.0165,0.0305,0,,0.28,25.0,0.2121,0,0.7093,,0,0,0,1,1,0,1,2025-04-09 12:30:00+05:30,2025-04-09 12:35:00+05:30,2025-04-09 12:40:00+05:30,409.55,408.07678571428573,412.20178571428573,-1.4732,L
S433,ITC,2025-04-09 13:10:00+05:30,-0.1425,-0.08,0,,2.9449,27.27,-0.9372,0,0.5033,0.0,9,0,0,1,0,9,10,2025-04-09 13:55:00+05:30,2025-04-09 14:00:00+05:30,2025-04-09 15:00:00+05:30,408.05,406.0232142857143,411.69821428571424,-0.4,EOD-
S434,ITC,2025-04-09 14:05:00+05:30,-0.124,-0.1521,0,,0.03,80.0,3.4444,0,1.1764,,0,1,0,0,1,0,1,2025-04-09 14:05:00+05:30,2025-04-09 14:10:00+05:30,2025-04-09 15:00:00+05:30,407.45,405.575,410.825,0.2,EOD+
S435,ITC,2025-04-11 10:30:00+05:30,0.1829,0.2257,15,3.0,0.0133,27.27,4.0,0,0.4832,,0,0,0,1,1,0,1,2025-04-11 10:30:00+05:30,2025-04-11 10:35:00+05:30,2025-04-11 15:00:00+05:30,410.15,408.275,413.525,2.4,EOD+
S436,ITC,2025-04-11 10:40:00+05:30,0.148,0.1969,0,,1.4358,96.15,-0.9546,0,0.33,,0,1,0,1,1,0,1,2025-04-11 10:40:00+05:30,2025-04-11 10:45:00+05:30,2025-04-11 15:00:00+05:30,410.55,408.6303571428571,414.0053571428572,2.0,EOD+
S437,ITC,2025-04-11 11:20:00+05:30,0.0596,0.1132,6,5.0,0.1319,69.23,0.6667,0,0.9646,,0,0,0,0,1,0,1,2025-04-11 11:20:00+05:30,2025-04-11 11:25:00+05:30,2025-04-11 15:00:00+05:30,411.5,409.79464285714283,414.5696428571429,1.05,EOD+
S438,ITC,2025-04-11 11:45:00+05:30,0.0322,0.0657,4,2.0,0.143,62.5,0.3793,0,0.7385,,0,0,1,0,1,0,1,2025-04-11 11:45:00+05:30,2025-04-11 11:50:00+05:30,2025-04-11 15:00:00+05:30,411.3,410.03214285714284,413.5821428571429,1.25,EOD+
S439,ITC,2025-04-11 11:55:00+05:30,0.0097,0.045,0,,0.1824,84.62,-0.3548,0,1.0267,,0,0,0,0,1,0,1,2025-04-11 11:55:00+05:30,2025-04-11 12:00:00+05:30,2025-04-11 15:00:00+05:30,411.7,410.6375,413.6125,0.85,EOD+
S440,ITC,2025-04-11 12:20:00+05:30,0.0948,0.0334,4,1.0,0.0454,41.67,10.4286,0,1.0483,,0,1,0,1,1,0,1,2025-04-11 12:20:00+05:30,2025-04-11 12:25:00+05:30,2025-04-11 14:10:00+05:30,411.75,410.7857142857143,413.4857142857143,-0.9643,L
S441,ITC,2025-04-11 12:30:00+05:30,0.0747,0.0869,0,,0.4417,77.78,-1.0,0,1.7452,1.0,3,0,0,0,0,3,4,2025-04-11 12:45:00+05:30,2025-04-11 12:50:00+05:30,2025-04-11 14:10:00+05:30,411.75,410.8303571428571,413.40535714285716,-0.9196,L
S442,ITC,2025-04-11 12:55:00+05:30,-0.0061,0.0146,1,1.0,0.5885,100.0,-1.0,0,0.9695,0.0,1,1,0,1,0,1,2,2025-04-11 13:00:00+05:30,2025-04-11 13:05:00+05:30,2025-04-11 15:00:00+05:30,411.7,410.69107142857143,413.5160714285714,0.85,EOD+
S443,ITC,2025-04-11 13:10:00+05:30,0.0085,-0.0061,0,,0.0257,80.0,4.0,0,1.0412,,0,0,1,0,1,0,1,2025-04-11 13:10:00+05:30,2025-04-11 13:15:00+05:30,2025-04-11 14:10:00+05:30,411.75,410.7767857142857,413.5017857142857,-0.9732,L
S444,ITC,2025-04-11 13:20:00+05:30,0.0079,0.0097,0,,0.1782,71.43,0.4286,0,0.8907,,0,1,1,1,1,0,1,2025-04-11 13:20:00+05:30,2025-04-11 13:25:00+05:30,2025-04-11 14:10:00+05:30,412.0,411.01785714285717,413.7678571428571,-0.9821,L
S445,ITC,2025-04-11 13:30:00+05:30,0.017,0.0061,1,1.0,0.7,64.29,-0.4643,0,1.669,1.0,1,1,0,1,0,1,2,2025-04-11 13:35:00+05:30,2025-04-11 13:40:00+05:30,2025-04-11 14:00:00+05:30,412.3,411.3,414.09999999999997,-1.0,L
S446,ITC,2025-04-15 09:25:00+05:30,,,2,2.0,0.4047,62.5,0.4493,0,1.3684,,0,0,0,0,1,0,1,2025-04-15 09:25:00+05:30,2025-04-15 09:30:00+05:30,2025-04-15 11:10:00+05:30,413.8,410.6035714285714,419.5535714285715,-3.1964,L
S447,ITC,2025-04-15 09:40:00+05:30,0.0921,,2,2.0,0.0237,61.11,2.0769,0,0.7007,,0,1,0,0,1,0,1,2025-04-15 09:40:00+05:30,2025-04-15 09:45:00+05:30,2025-04-15 15:00:00+05:30,412.55,409.12142857142857,418.72142857142865,-0.2,EOD-
S448,ITC,2025-04-15 09:55:00+05:30,0.1205,0.0921,1,1.0,0.1542,80.0,-1.0,0,0.2828,0.0,5,1,0,1,0,5,6,2025-04-15 10:20:00+05:30,2025-04-15 10:25:00+05:30,2025-04-15 15:00:00+05:30,413.2,409.5928571428571,419.6928571428572,-0.85,EOD-
S449,ITC,2025-04-15 10:30:00+05:30,0.026,0.0139,1,1.0,0.0088,70.0,12.3333,0,0.1838,,0,0,0,1,1,0,1,2025-04-15 10:30:00+05:30,2025-04-15 10:35:00+05:30,2025-04-15 11:05:00+05:30,413.15,411.01607142857137,416.99107142857144,-2.1339,L
S450,ITC,2025-04-15 10:45:00+05:30,-0.0157,0.026,0,,2.158,75.0,-0.9664,0,0.7368,1.0,9,1,0,1,0,9,10,2025-04-15 11:30:00+05:30,2025-04-15 11:35:00+05:30,2025-04-15 15:00:00+05:30,412.45,410.7267857142857,415.55178571428576,-0.1,EOD-
S451,ITC,2025-04-15 12:00:00+05:30,0.0049,-0.0079,5,3.0,0.4404,20.0,1.3158,0,1.6264,,0,1,0,0,1,0,1,2025-04-15 12:00:00+05:30,2025-04-15 12:05:00+05:30,2025-04-15 15:00:00+05:30,412.45,411.1017857142857,414.87678571428575,-0.1,EOD-
S452,ITC,2025-04-16 09:15:00+05:30,,,0,,3.8391,95.59,-1.0,0,1.3333,,0,1,0,0,1,0,1,2025-04-16 09:15:00+05:30,2025-04-16 09:20:00+05:30,2025-04-16 13:55:00+05:30,412.45,410.73571428571427,415.5357142857143,3.0857,W
S453,ITC,2025-04-16 10:20:00+05:30,0.0896,0.1181,12,7.0,0.3847,28.57,-0.1667,0,1.9096,1.0,5,0,0,0,0,5,6,2025-04-16 10:45:00+05:30,2025-04-16 10:50:00+05:30,2025-04-16 15:00:00+05:30,413.45,411.11071428571427,417.66071428571433,1.05,EOD+
S454,ITC,2025-04-16 10:55:00+05:30,0.0569,0.0212,0,,0.4631,70.59,-0.3798,0,1.0519,,0,0,0,0,1,0,1,2025-04-16 10:55:00+05:30,2025-04-16 11:00:00+05:30,2025-04-16 15:00:00+05:30,413.7,411.95892857142854,416.8339285714286,0.8,EOD+
S455,ITC,2025-04-16 12:20:00+05:30,0.1346,0.0785,16,1.0,0.2315,0.0,0.9512,0,1.8836,,0,1,0,0,1,0,1,2025-04-16 12:20:00+05:30,2025-04-16 12:25:00+05:30,2025-04-16 15:00:00+05:30,414.3,413.1928571428572,416.2928571428571,0.2,EOD+
S456,ITC,2025-04-16 13:15:00+05:30,0.0337,0.0621,10,8.0,1.0703,64.29,-0.6209,0,1.3719,0.0,8,0,0,0,0,8,9,2025-04-16 13:55:00+05:30,2025-04-16 14:00:00+05:30,2025-04-16 15:00:00+05:30,415.4,414.16785714285714,417.6178571428571,-0.9,EOD-
S457,ITC,2025-04-17 09:15:00+05:30,,,0,,1.3969,85.71,-0.6937,0,0.2968,0.0,6,0,1,0,0,6,7,2025-04-17 09:45:00+05:30,2025-04-17 09:50:00+05:30,2025-04-17 14:55:00+05:30,414.75,412.70535714285717,418.43035714285713,3.6804,W
S458,ITC,2025-04-17 09:55:00+05:30,-0.0386,-0.0965,0,,0.6603,25.0,-0.4737,0,0.3094,1.0,7,1,0,1,0,7,8,2025-04-17 10:30:00+05:30,2025-04-17 10:35:00+05:30,2025-04-17 15:00:00+05:30,414.7,412.1821428571428,419.2321428571429,3.55,EOD+
S459,ITC,2025-04-17 11:00:00+05:30,-0.0223,-0.0278,5,2.0,0.7516,70.37,-0.3137,0,0.6925,0.0,1,1,0,1,0,1,2,2025-04-17 11:05:00+05:30,2025-04-17 11:10:00+05:30,2025-04-17 14:40:00+05:30,415.0,413.30357142857144,418.0535714285714,3.0536,W
S460,ITC,2025-04-17 12:00:00+05:30,0.1408,0.1066,10,4.0,0.3804,26.09,1.1849,0,1.3273,,0,0,0,0,1,0,1,2025-04-17 12:00:00+05:30,2025-04-17 12:05:00+05:30,2025-04-17 15:00:00+05:30,415.8,413.84464285714284,419.3196428571429,2.45,EOD+
S461,ITC,2025-04-17 12:55:00+05:30,0.0733,0.0775,9,2.0,0.0127,46.15,5.6667,0,0.5627,,0,1,1,0,1,0,1,2025-04-17 12:55:00+05:30,2025-04-17 13:00:00+05:30,2025-04-17 14:15:00+05:30,416.25,414.7767857142857,418.9017857142857,-1.4732,L
S462,ITC,2025-04-17 13:05:00+05:30,0.0439,0.0919,0,,0.0268,14.29,5.6667,0,0.9597,,0,0,0,0,1,0,1,2025-04-17 13:05:00+05:30,2025-04-17 13:10:00+05:30,2025-04-17 14:15:00+05:30,416.3,414.8982142857143,418.8232142857143,-1.4018,L
S463,ITC,2025-04-17 13:15:00+05:30,0.021,0.0673,0,,0.5161,16.67,-0.0099,0,1.1673,1.0,1,0,0,0,0,1,2,2025-04-17 13:20:00+05:30,2025-04-17 13:25:00+05:30,2025-04-17 14:15:00+05:30,416.3,415.07678571428573,418.5017857142857,-1.2232,L
S464,ITC,2025-04-17 13:30:00+05:30,0.0114,0.021,0,,0.1411,20.0,-0.2,0,1.1396,1.0,1,0,0,1,0,1,2,2025-04-17 13:35:00+05:30,2025-04-17 13:40:00+05:30,2025-04-17 14:15:00+05:30,416.3,415.1928571428572,418.29285714285714,-1.1071,L
S465,ITC,2025-04-17 13:45:00+05:30,0.018,0.0114,0,,0.5908,66.67,-0.3478,0,1.4647,,0,0,0,1,1,0,1,2025-04-17 13:45:00+05:30,2025-04-17 13:50:00+05:30,2025-04-17 14:15:00+05:30,416.45,415.4767857142857,418.2017857142857,-0.9732,L
S466,ITC,2025-04-17 13:55:00+05:30,0.0192,0.0096,0,,0.3874,0.0,0.4035,0,1.0226,,0,0,1,0,1,0,1,2025-04-17 13:55:00+05:30,2025-04-17 14:00:00+05:30,2025-04-17 14:15:00+05:30,416.4,415.4803571428571,418.05535714285713,-0.9196,L
S467,ITC,2025-04-17 14:05:00+05:30,0.0192,0.0198,0,,0.3811,0.0,-0.1837,0,0.9908,1.0,4,0,1,1,0,4,5,2025-04-17 14:25:00+05:30,2025-04-17 14:30:00+05:30,2025-04-17 14:40:00+05:30,416.5,415.69642857142856,417.9464285714286,1.4464,W
S468,ITC,2025-04-21 10:25:00+05:30,-0.276,-0.2153,0,,2.1564,60.0,-0.9725,0,0.5564,1.0,9,0,0,1,0,9,10,2025-04-21 11:10:00+05:30,2025-04-21 11:15:00+05:30,2025-04-21 15:00:00+05:30,413.4,411.29285714285714,417.1928571428571,1.05,EOD+
S469,ITC,2025-04-21 11:20:00+05:30,-0.0345,-0.1717,0,,0.5444,0.0,0.039,0,0.8242,,0,0,0,0,1,0,1,2025-04-21 11:20:00+05:30,2025-04-21 11:25:00+05:30,2025-04-21 13:05:00+05:30,413.35,412.4660714285714,414.9410714285715,1.5911,W
S470,ITC,2025-04-21 11:30:00+05:30,-0.0145,-0.0635,0,,1.6699,10.0,-0.2929,0,0.4495,0.0,6,0,0,1,0,6,7,2025-04-21 12:00:00+05:30,2025-04-21 12:05:00+05:30,2025-04-21 12:35:00+05:30,413.3,412.55892857142857,414.6339285714286,1.3339,W
S471,ITC,2025-04-21 12:10:00+05:30,-0.0103,-0.0169,0,,0.2973,33.33,-0.3548,0,0.3791,0.0,1,0,0,1,0,1,2,2025-04-21 12:15:00+05:30,2025-04-21 12:20:00+05:30,2025-04-21 12:35:00+05:30,413.35,412.69821428571424,414.5232142857144,1.1732,W
S472,ITC,2025-04-21 12:25:00+05:30,0.0091,-0.0103,0,,0.0412,93.75,-1.0,0,1.4454,,0,0,0,0,1,0,1,2025-04-21 12:25:00+05:30,2025-04-21 12:30:00+05:30,2025-04-21 15:00:00+05:30,414.05,413.2910714285714,415.4160714285715,0.4,EOD+
S473,ITC,2025-04-21 12:50:00+05:30,0.0496,0.0314,4,2.0,0.2765,69.23,-0.5745,0,1.3797,0.0,1,0,1,1,0,1,2,2025-04-21 12:55:00+05:30,2025-04-21 13:00:00+05:30,2025-04-21 15:00:00+05:30,414.15,413.0875,416.0625,0.3,EOD+
S474,ITC,2025-04-21 13:40:00+05:30,0.0791,0.1039,7,7.0,0.2024,14.29,0.6393,0,0.2857,,0,1,0,0,1,0,1,2025-04-21 13:40:00+05:30,2025-04-21 13:45:00+05:30,2025-04-21 15:00:00+05:30,414.25,412.36607142857144,417.6410714285714,0.2,EOD+
S475,ITC,2025-04-21 13:50:00+05:30,0.0622,0.0863,0,,0.0108,12.5,5.6667,0,0.6966,,0,1,0,0,1,0,1,2025-04-21 13:50:00+05:30,2025-04-21 13:55:00+05:30,2025-04-21 15:00:00+05:30,414.35,412.6089285714286,417.4839285714286,0.1,EOD+
S476,ITC,2025-04-22 10:50:00+05:30,0.2049,0.1848,19,15.0,0.167,12.5,-0.2308,0,0.7722,1.0,2,0,0,0,0,2,3,2025-04-22 11:00:00+05:30,2025-04-22 11:05:00+05:30,2025-04-22 12:50:00+05:30,417.4,415.4535714285714,420.9035714285714,3.5036,W
S477,ITC,2025-04-22 11:10:00+05:30,0.0761,0.1863,0,,0.2412,40.0,-0.6721,0,3.3915,1.0,1,0,0,0,0,1,2,2025-04-22 11:15:00+05:30,2025-04-22 11:20:00+05:30,2025-04-22 12:50:00+05:30,417.3,415.7196428571429,420.14464285714286,2.8446,W
S478,ITC,2025-04-22 11:25:00+05:30,-0.0282,0.0761,0,,1.6435,35.71,-0.7942,0,0.2357,1.0,4,1,0,0,0,4,5,2025-04-22 11:45:00+05:30,2025-04-22 11:50:00+05:30,2025-04-22 12:50:00+05:30,417.15,415.3017857142857,420.47678571428565,3.3268,W
S479,ITC,2025-04-23 09:25:00+05:30,,,2,2.0,0.3733,92.86,-1.0,0,1.3793,1.0,1,0,0,0,0,1,2,2025-04-23 09:30:00+05:30,2025-04-23 09:35:00+05:30,2025-04-23 11:30:00+05:30,423.6,420.1178571428572,429.8678571428572,-3.4821,L
S480,ITC,2025-04-23 09:40:00+05:30,0.0832,,0,,0.5953,45.83,-0.4236,0,0.3976,,0,0,1,0,1,0,1,2025-04-23 09:40:00+05:30,2025-04-23 09:45:00+05:30,2025-04-23 11:25:00+05:30,424.0,420.3571428571429,430.5571428571428,-3.6429,L
S481,ITC,2025-04-23 12:00:00+05:30,-0.1309,-0.1332,0,,1.2506,0.0,-0.8126,0,0.3839,1.0,9,1,0,1,0,9,10,2025-04-23 12:45:00+05:30,2025-04-23 12:50:00+05:30,2025-04-23 15:00:00+05:30,421.2,419.06607142857143,425.04107142857134,0.0,EOD-
S482,ITC,2025-04-23 13:10:00+05:30,0.0421,-0.0344,4,3.0,0.0202,30.77,31.0,0,0.8535,,0,0,0,1,1,0,1,2025-04-23 13:10:00+05:30,2025-04-23 13:15:00+05:30,2025-04-23 15:00:00+05:30,421.65,420.1053571428571,424.43035714285713,-0.45,EOD-
S483,ITC,2025-04-23 14:15:00+05:30,0.119,0.128,12,9.0,0.1619,53.33,2.5294,0,0.7021,,0,1,0,0,1,0,1,2025-04-23 14:15:00+05:30,2025-04-23 14:20:00+05:30,2025-04-23 14:40:00+05:30,422.45,421.1375,424.8125,-1.3125,L
S484,ITC,2025-04-23 14:25:00+05:30,0.103,0.1273,1,1.0,0.7527,64.29,-0.4904,0,0.5173,0.0,1,0,1,1,0,1,2,2025-04-23 14:30:00+05:30,2025-04-23 14:35:00+05:30,2025-04-23 14:40:00+05:30,422.65,421.34642857142853,424.9964285714285,-1.3036,L
S485,ITC,2025-04-24 09:15:00+05:30,,,0,,0.6884,53.85,0.3483,0,1.33,,0,1,0,1,1,0,1,2025-04-24 09:15:00+05:30,2025-04-24 09:20:00+05:30,2025-04-24 10:45:00+05:30,422.25,420.6339285714286,425.15892857142853,2.9089,W
S486,ITC,2025-04-24 09:25:00+05:30,,,0,,1.3748,70.69,-0.3483,0,0.6388,0.0,1,0,0,0,0,1,2,2025-04-24 09:30:00+05:30,2025-04-24 09:35:00+05:30,2025-04-24 14:40:00+05:30,423.35,421.1178571428572,427.36785714285713,-2.2321,L
S487,ITC,2025-04-24 09:40:00+05:30,-0.0018,,1,1.0,0.4406,0.0,0.9429,0,0.3943,,0,0,0,1,1,0,1,2025-04-24 09:40:00+05:30,2025-04-24 09:45:00+05:30,2025-04-24 11:40:00+05:30,422.4,419.91785714285714,426.86785714285713,4.4679,W
S488,ITC,2025-04-24 09:55:00+05:30,-0.0148,-0.0018,2,2.0,0.4971,82.35,-0.6939,0,2.2516,1.0,3,1,1,1,0,3,4,2025-04-24 10:10:00+05:30,2025-04-24 10:15:00+05:30,2025-04-24 14:40:00+05:30,423.5,421.0357142857143,427.9357142857143,-2.4643,L
S489,ITC,2025-04-24 10:35:00+05:30,0.0946,0.0864,4,3.0,0.6135,28.57,0.674,0,2.7749,,0,1,0,0,1,0,1,2025-04-24 10:35:00+05:30,2025-04-24 10:40:00+05:30,2025-04-24 14:55:00+05:30,423.0,420.6875,427.1625,-2.3125,L
S490,ITC,2025-04-25 09:15:00+05:30,,,0,,1.2399,1.67,-0.6456,0,0.3585,0.0,4,0,1,1,0,4,5,2025-04-25 09:35:00+05:30,2025-04-25 09:40:00+05:30,2025-04-25 09:50:00+05:30,422.2,420.20892857142854,425.78392857142853,-1.9911,L
S491,ITC,2025-04-25 12:10:00+05:30,-0.1043,-0.0917,0,,1.4104,14.29,-0.8526,0,4.8615,1.0,9,1,0,0,0,9,10,2025-04-25 12:55:00+05:30,2025-04-25 13:00:00+05:30,2025-04-25 15:00:00+05:30,416.7,414.89642857142854,419.9464285714286,1.0,EOD+
S492,ITC,2025-04-25 13:25:00+05:30,0.0126,-0.0186,5,5.0,0.049,12.5,9.5882,0,0.7762,,0,0,0,1,1,0,1,2025-04-25 13:25:00+05:30,2025-04-25 13:30:00+05:30,2025-04-25 15:00:00+05:30,416.3,414.1303571428571,420.20535714285717,1.4,EOD+
S493,ITC,2025-04-25 13:45:00+05:30,0.0114,0.012,2,2.0,0.0308,18.18,7.0,0,1.0715,,0,1,0,1,1,0,1,2025-04-25 13:45:00+05:30,2025-04-25 13:50:00+05:30,2025-04-25 15:00:00+05:30,416.3,414.2732142857143,419.9482142857143,1.4,EOD+
S494,ITC,2025-04-25 14:00:00+05:30,0.0192,0.0114,2,2.0,0.2551,0.0,0.7073,0,0.5907,,0,0,0,0,1,0,1,2025-04-25 14:00:00+05:30,2025-04-25 14:05:00+05:30,2025-04-25 15:00:00+05:30,416.25,414.24107142857144,419.86607142857144,1.45,EOD+
S495,ITC,2025-04-25 14:10:00+05:30,0.0402,0.0114,0,,0.5754,50.0,-0.4904,0,0.4485,,0,0,0,1,1,0,1,2025-04-25 14:10:00+05:30,2025-04-25 14:15:00+05:30,2025-04-25 15:00:00+05:30,416.05,414.34464285714284,419.1196428571429,1.65,EOD+
S496,ITC,2025-04-25 14:20:00+05:30,0.0546,0.0276,0,,0.3736,0.0,0.0526,0,0.5011,,0,1,0,1,1,0,1,2025-04-25 14:20:00+05:30,2025-04-25 14:25:00+05:30,2025-04-25 15:00:00+05:30,416.3,414.7107142857143,419.16071428571433,1.4,EOD+
S497,ITC,2025-04-28 09:15:00+05:30,,,0,,1.3246,12.9,-0.0823,0,0.2112,0.0,3,1,0,1,0,3,4,2025-04-28 09:30:00+05:30,2025-04-28 09:35:00+05:30,2025-04-28 15:00:00+05:30,418.35,415.36785714285713,423.71785714285716,1.6,EOD+
S498,ITC,2025-04-28 09:40:00+05:30,0.1035,,1,1.0,0.0793,66.67,-0.1111,0,0.1197,0.0,1,1,1,1,0,1,2,2025-04-28 09:45:00+05:30,2025-04-28 09:50:00+05:30,2025-04-28 15:00:00+05:30,418.7,415.15535714285716,425.0803571428571,1.25,EOD+
S499,ITC,2025-04-28 11:10:00+05:30,0.1429,0.0429,16,11.0,0.2051,44.44,1.8571,0,0.6662,,0,0,0,1,1,0,1,2025-04-28 11:10:00+05:30,2025-04-28 11:15:00+05:30,2025-04-28 15:00:00+05:30,420.0,418.0803571428571,423.45535714285717,-0.05,EOD-
S500,ITC,2025-04-28 11:30:00+05:30,0.0423,0.1322,0,,1.6471,33.33,-0.7308,0,1.4583,1.0,9,1,0,1,0,9,10,2025-04-28 12:15:00+05:30,2025-04-28 12:20:00+05:30,2025-04-28 15:00:00+05:30,419.65,417.6767857142857,423.2017857142857,0.3,EOD+
S501,ITC,2025-04-28 13:10:00+05:30,0.0845,0.0768,10,8.0,0.2448,88.89,-1.0,0,0.5494,0.0,2,1,0,1,0,2,3,2025-04-28 13:20:00+05:30,2025-04-28 13:25:00+05:30,2025-04-28 15:00:00+05:30,420.55,418.91607142857146,423.49107142857144,-0.6,EOD-
S502,ITC,2025-04-28 13:35:00+05:30,0.1106,0.0869,1,1.0,0.1288,25.0,1.6667,0,0.5551,,0,0,1,0,1,0,1,2025-04-28 13:35:00+05:30,2025-04-28 13:40:00+05:30,2025-04-28 15:00:00+05:30,420.85,419.3946428571429,423.46964285714284,-0.9,EOD-
S503,ITC,2025-04-28 13:45:00+05:30,0.1206,0.0999,0,,0.4637,57.14,-0.8077,0,1.2741,1.0,5,0,0,0,0,5,6,2025-04-28 14:10:00+05:30,2025-04-28 14:15:00+05:30,2025-04-28 14:35:00+05:30,421.05,419.6482142857143,423.5732142857143,-1.4018,L
S504,ITC,2025-04-29 10:15:00+05:30,-0.1793,-0.1695,0,,2.0891,40.0,-1.0,0,0.4445,0.0,9,1,0,1,0,9,10,2025-04-29 11:00:00+05:30,2025-04-29 11:05:00+05:30,2025-04-29 15:00:00+05:30,417.05,414.7464285714286,421.19642857142856,-0.4,EOD-
S505,ITC,2025-04-29 11:40:00+05:30,0.0336,-0.0108,7,3.0,0.1008,55.0,3.2105,0,1.403,,0,0,0,0,1,0,1,2025-04-29 11:40:00+05:30,2025-04-29 11:45:00+05:30,2025-04-29 15:00:00+05:30,417.15,415.9714285714286,419.2714285714285,-0.5,EOD-
S506,ITC,2025-04-29 12:00:00+05:30,0.0216,0.0384,0,,0.6394,0.0,-0.4828,0,2.4162,1.0,9,0,1,0,0,9,10,2025-04-29 12:45:00+05:30,2025-04-29 12:50:00+05:30,2025-04-29 15:00:00+05:30,417.3,416.16607142857146,419.34107142857135,-0.65,EOD-
S507,ITC,2025-04-29 12:55:00+05:30,-0.015,0.0126,0,,1.8991,84.62,-1.0,0,1.4666,1.0,2,0,0,0,0,2,3,2025-04-29 13:05:00+05:30,2025-04-29 13:10:00+05:30,2025-04-29 15:00:00+05:30,417.1,416.07321428571436,418.94821428571424,-0.45,EOD-
S508,ITC,2025-04-29 13:15:00+05:30,-0.0432,-0.024,0,,0.5183,50.0,0.0309,0,0.8337,,0,0,0,1,1,0,1,2025-04-29 13:15:00+05:30,2025-04-29 13:20:00+05:30,2025-04-29 15:00:00+05:30,417.25,416.08035714285717,419.3553571428571,-0.6,EOD-
S509,ITC,2025-04-29 13:25:00+05:30,-0.0264,-0.0408,0,,0.2128,11.11,1.6316,0,0.9921,,0,0,0,0,1,0,1,2025-04-29 13:25:00+05:30,2025-04-29 13:30:00+05:30,2025-04-29 15:00:00+05:30,417.2,416.0839285714286,419.20892857142854,-0.55,EOD-
S510,ITC,2025-04-29 13:35:00+05:30,-0.0024,-0.033,0,,0.0055,37.5,59.0,0,0.7367,,0,1,0,0,1,0,1,2025-04-29 13:35:00+05:30,2025-04-29 13:40:00+05:30,2025-04-29 15:00:00+05:30,417.3,416.16607142857146,419.3410714285714,-0.65,EOD-
S511,ITC,2025-04-29 13:45:00+05:30,0.0096,-0.0186,1,1.0,0.0711,70.0,3.6154,0,0.927,,0,0,1,0,1,0,1,2025-04-29 13:45:00+05:30,2025-04-29 13:50:00+05:30,2025-04-29 15:00:00+05:30,417.2,416.0571428571428,419.25714285714287,-0.55,EOD-
S512,ITC,2025-04-29 13:55:00+05:30,0.0126,0.0084,0,,0.0905,100.0,-1.0,0,1.4399,1.0,1,0,0,0,0,1,2,2025-04-29 14:00:00+05:30,2025-04-29 14:05:00+05:30,2025-04-29 15:00:00+05:30,417.4,416.3642857142857,419.2642857142857,-1.0357,L
S513,ITC,2025-04-29 14:10:00+05:30,0.0168,0.0126,1,1.0,0.147,28.57,2.8095,0,1.2592,,0,1,0,1,1,0,1,2025-04-29 14:10:00+05:30,2025-04-29 14:15:00+05:30,2025-04-29 15:00:00+05:30,417.25,416.3571428571429,418.85714285714283,-0.8929,L
S514,ITC,2025-04-30 09:15:00+05:30,,,0,,0.8132,34.21,-0.1772,0,0.2666,0.0,1,1,0,1,0,1,2,2025-04-30 09:20:00+05:30,2025-04-30 09:25:00+05:30,2025-04-30 15:00:00+05:30,418.55,416.1214285714286,422.9214285714285,-1.5,EOD-
S515,ITC,2025-04-30 10:30:00+05:30,0.1253,0.089,13,12.0,0.5665,50.0,-0.4253,0,0.5808,1.0,8,1,0,1,0,8,9,2025-04-30 11:10:00+05:30,2025-04-30 11:15:00+05:30,2025-04-30 14:40:00+05:30,419.1,417.1803571428572,422.55535714285713,-1.9196,L
S516,ITC,2025-04-30 12:25:00+05:30,0.0536,0.025,13,12.0,1.1016,57.89,-0.8958,0,1.0792,0.0,2,0,0,1,0,2,3,2025-04-30 12:35:00+05:30,2025-04-30 12:40:00+05:30,2025-04-30 13:40:00+05:30,419.6,418.51071428571436,421.56071428571425,-1.0893,L
S517,ITC,2025-04-30 12:45:00+05:30,0.0417,0.0614,0,,0.7344,62.5,-1.0,0,1.2143,1.0,2,1,1,1,0,2,3,2025-04-30 12:55:00+05:30,2025-04-30 13:00:00+05:30,2025-04-30 13:35:00+05:30,419.7,418.6107142857143,421.6607142857142,-1.0893,L
S518,ITC,2025-04-30 13:10:00+05:30,0.0054,0.0232,2,2.0,0.2089,11.11,1.7027,0,1.166,,0,0,0,0,1,0,1,2025-04-30 13:10:00+05:30,2025-04-30 13:15:00+05:30,2025-04-30 13:35:00+05:30,419.8,418.6928571428572,421.7928571428571,-1.1071,L
S519,ITC,2025-04-30 13:20:00+05:30,-0.0006,0.0083,0,,0.1848,75.0,-1.0,0,1.1151,,0,0,0,1,1,0,1,2025-04-30 13:20:00+05:30,2025-04-30 13:25:00+05:30,2025-04-30 13:35:00+05:30,419.8,418.6839285714286,421.80892857142857,-1.1161,L
S520,ITC,2025-05-02 09:15:00+05:30,,,0,,1.7411,62.64,-1.0,0,0.7576,,0,0,1,0,1,0,1,2025-05-02 09:15:00+05:30,2025-05-02 09:20:00+05:30,2025-05-02 15:00:00+05:30,418.65,415.49821428571425,424.3232142857143,3.1,EOD+
S521,ITC,2025-05-02 09:25:00+05:30,,,1,1.0,0.3046,80.0,-0.0643,0,0.295,,0,1,0,1,1,0,1,2025-05-02 09:25:00+05:30,2025-05-02 09:30:00+05:30,2025-05-02 15:00:00+05:30,419.2,415.69107142857143,425.5160714285714,2.55,EOD+
S522,ITC,2025-05-02 12:00:00+05:30,-0.1947,-0.1868,0,,3.2296,66.67,-0.9771,0,1.5547,1.0,9,0,0,0,0,9,10,2025-05-02 12:45:00+05:30,2025-05-02 12:50:00+05:30,2025-05-02 13:45:00+05:30,418.75,417.06250000000006,421.7874999999999,3.0375,W
S523,ITC,2025-05-05 09:15:00+05:30,,,0,,0.8443,42.5,0.0759,0,0.8322,,0,1,1,0,1,0,1,2025-05-05 09:15:00+05:30,2025-05-05 09:20:00+05:30,2025-05-05 11:10:00+05:30,423.3,420.9607142857143,427.51071428571436,4.2107,W
S524,ITC,2025-05-05 11:25:00+05:30,0.1361,0.2383,25,2.0,0.147,28.57,5.6667,0,1.5667,,0,1,0,0,1,0,1,2025-05-05 11:25:00+05:30,2025-05-05 11:30:00+05:30,2025-05-05 15:00:00+05:30,426.8,425.01428571428573,430.0142857142857,1.35,EOD+
S525,ITC,2025-05-05 11:45:00+05:30,0.068,0.1196,3,3.0,0.481,16.67,-0.2537,0,1.1248,1.0,9,0,0,0,0,9,10,2025-05-05 12:30:00+05:30,2025-05-05 12:35:00+05:30,2025-05-05 15:00:00+05:30,427.05,425.3089285714286,430.18392857142857,1.1,EOD+
S526,ITC,2025-05-05 13:45:00+05:30,0.0743,0.0515,14,13.0,0.1568,11.11,1.9268,0,0.2669,,0,1,0,0,1,0,1,2025-05-05 13:45:00+05:30,2025-05-05 13:50:00+05:30,2025-05-05 15:00:00+05:30,427.45,425.81607142857143,430.39107142857137,0.7,EOD+
S527,ITC,2025-05-05 13:55:00+05:30,0.0714,0.0714,0,,0.2596,38.46,0.4286,0,0.5893,,0,0,1,0,1,0,1,2025-05-05 13:55:00+05:30,2025-05-05 14:00:00+05:30,2025-05-05 15:00:00+05:30,427.45,426.1017857142857,429.8767857142857,0.7,EOD+
S528,ITC,2025-05-05 14:05:00+05:30,0.079,0.0737,0,,0.5679,50.0,-0.5349,0,3.4873,,0,0,0,0,1,0,1,2025-05-05 14:05:00+05:30,2025-05-05 14:10:00+05:30,2025-05-05 15:00:00+05:30,427.8,426.3803571428572,430.35535714285714,0.35,EOD+
S529,ITC,2025-05-05 14:15:00+05:30,0.052,0.076,0,,0.7787,45.45,-0.7753,0,2.4568,1.0,3,0,0,0,0,3,4,2025-05-05 14:30:00+05:30,2025-05-05 14:35:00+05:30,2025-05-05 15:00:00+05:30,427.5,426.07142857142856,430.07142857142856,0.65,EOD+
S530,ITC,2025-05-06 09:15:00+05:30,,,0,,0.8037,18.92,0.1613,0,1.0388,,0,1,0,0,1,0,1,2025-05-06 09:15:00+05:30,2025-05-06 09:20:00+05:30,2025-05-06 14:30:00+05:30,427.65,425.23928571428564,431.98928571428576,-2.4107,L
S531,ITC,2025-05-06 09:50:00+05:30,0.0742,,5,2.0,0.8036,78.79,-0.6316,0,1.1605,1.0,1,0,0,0,0,1,2,2025-05-06 09:55:00+05:30,2025-05-06 10:00:00+05:30,2025-05-06 14:30:00+05:30,428.2,425.2446428571428,433.51964285714286,-2.9554,L
S532,ITC,2025-05-06 10:05:00+05:30,0.0309,0.0742,0,,0.9211,28.57,-0.7474,0,0.6461,1.0,3,1,0,0,0,3,4,2025-05-06 10:20:00+05:30,2025-05-06 10:25:00+05:30,2025-05-06 15:00:00+05:30,428.05,424.82678571428573,433.85178571428577,0.25,EOD+
S533,ITC,2025-05-06 10:30:00+05:30,-0.0035,-0.0053,0,,0.2316,71.43,-0.5506,0,0.3183,1.0,2,1,1,1,0,2,3,2025-05-06 10:40:00+05:30,2025-05-06 10:45:00+05:30,2025-05-06 13:05:00+05:30,428.4,425.99821428571425,432.7232142857143,-2.4018,L
S534,ITC,2025-05-06 11:25:00+05:30,0.0088,0.028,8,2.0,0.322,59.09,1.3188,0,2.4371,,0,1,0,0,1,0,1,2025-05-06 11:25:00+05:30,2025-05-06 11:30:00+05:30,2025-05-06 12:10:00+05:30,428.3,426.9607142857143,430.7107142857143,-1.3393,L
S535,ITC,2025-05-06 11:40:00+05:30,0.0356,0.0088,1,1.0,0.0887,73.33,2.1579,0,0.7847,,0,0,0,1,1,0,1,2025-05-06 11:40:00+05:30,2025-05-06 11:45:00+05:30,2025-05-06 12:00:00+05:30,428.55,427.21071428571435,430.96071428571423,-1.3393,L
S536,ITC,2025-05-06 12:50:00+05:30,-0.1262,-0.0742,0,,2.5077,14.29,-0.908,0,1.4557,1.0,9,0,0,1,0,9,10,2025-05-06 13:35:00+05:30,2025-05-06 13:40:00+05:30,2025-05-06 14:30:00+05:30,426.9,425.275,429.825,-1.625,L
S537,ITC,2025-05-06 13:45:00+05:30,-0.0732,-0.1124,0,,1.1818,83.33,-0.8462,0,3.4884,1.0,9,1,1,1,0,9,10,2025-05-06 14:30:00+05:30,2025-05-06 14:35:00+05:30,2025-05-06 15:00:00+05:30,427.1,425.725,429.575,1.2,EOD+
S538,ITC,2025-05-07 10:30:00+05:30,-0.2414,-0.2246,0,,1.197,33.33,-0.913,0,0.4898,1.0,9,0,0,0,0,9,10,2025-05-07 11:15:00+05:30,2025-05-07 11:20:00+05:30,2025-05-07 11:55:00+05:30,424.25,421.8482142857143,428.5732142857143,-2.4018,L
S539,ITC,2025-05-07 12:55:00+05:30,-0.0923,-0.1046,0,,1.1896,68.75,-0.6599,0,1.3332,1.0,9,1,0,1,0,9,10,2025-05-07 13:40:00+05:30,2025-05-07 13:45:00+05:30,2025-05-07 15:00:00+05:30,422.0,420.45535714285717,424.78035714285716,0.95,EOD+
S540,ITC,2025-05-07 14:20:00+05:30,0.0497,0.0438,6,2.0,0.5123,64.71,-0.3893,0,0.9582,1.0,1,1,1,1,0,1,2,2025-05-07 14:25:00+05:30,2025-05-07 14:30:00+05:30,2025-05-07 15:00:00+05:30,422.35,420.75178571428575,425.22678571428577,0.6,EOD+
S541,ITC,2025-05-08 10:05:00+05:30,-0.3924,-0.3718,0,,3.4549,76.47,-0.954,0,0.4085,0.0,9,0,0,1,0,9,10,2025-05-08 10:50:00+05:30,2025-05-08 10:55:00+05:30,2025-05-08 13:00:00+05:30,416.55,414.1928571428572,420.79285714285714,4.2429,W
S542,ITC,2025-05-08 11:00:00+05:30,-0.2385,-0.36,0,,0.5495,25.0,-1.0,0,1.9416,1.0,4,1,0,1,0,4,5,2025-05-08 11:20:00+05:30,2025-05-08 11:25:00+05:30,2025-05-08 13:05:00+05:30,417.6,415.81428571428575,420.81428571428575,3.2143,W
S543,ITC,2025-05-08 13:55:00+05:30,0.1189,0.1392,30,2.0,0.1936,20.0,1.3077,0,0.9501,,0,0,1,0,1,0,1,2025-05-08 13:55:00+05:30,2025-05-08 14:00:00+05:30,2025-05-08 15:00:00+05:30,420.9,419.22142857142853,423.9214285714285,0.5,EOD+
S544,ITC,2025-05-08 14:05:00+05:30,0.0981,0.1279,0,,0.3667,61.54,-0.596,0,3.6873,1.0,2,1,1,0,0,2,3,2025-05-08 14:15:00+05:30,2025-05-08 14:20:00+05:30,2025-05-08 15:00:00+05:30,421.5,419.8125,424.53749999999997,-0.1,EOD-
S545,ITC,2025-05-09 09:40:00+05:30,-0.1617,,0,,1.9745,0.0,-0.9603,0,0.0803,0.0,9,1,0,1,0,9,10,2025-05-09 10:25:00+05:30,2025-05-09 10:30:00+05:30,2025-05-09 12:25:00+05:30,419.1,415.91249999999997,424.8375000000001,-3.1875,L
S546,ITC,2025-05-09 10:40:00+05:30,-0.1469,-0.1767,2,1.0,0.1112,85.0,0.0811,0,0.1041,,0,0,0,1,1,0,1,2025-05-09 10:40:00+05:30,2025-05-09 10:45:00+05:30,2025-05-09 12:20:00+05:30,418.55,416.4696428571429,422.29464285714283,-2.0804,L
S547,ITC,2025-05-09 10:50:00+05:30,-0.1638,-0.1481,0,,0.6733,25.0,-0.4714,0,0.8036,1.0,7,0,0,0,0,7,8,2025-05-09 11:25:00+05:30,2025-05-09 11:30:00+05:30,2025-05-09 12:20:00+05:30,418.9,416.79285714285714,422.69285714285706,-2.1071,L
S548,ITC,2025-05-09 11:35:00+05:30,0.0293,-0.0054,1,1.0,0.4061,64.29,-0.187,0,0.7372,1.0,4,0,0,1,0,4,5,2025-05-09 11:55:00+05:30,2025-05-09 12:00:00+05:30,2025-05-09 12:20:00+05:30,418.5,416.6071428571429,421.90714285714284,-1.8929,L
S549,ITC,2025-05-09 13:05:00+05:30,-0.0857,-0.0563,0,,1.9133,20.0,-0.8124,0,0.6268,0.0,9,0,0,1,0,9,10,2025-05-09 13:50:00+05:30,2025-05-09 13:55:00+05:30,2025-05-09 14:55:00+05:30,416.7,414.95892857142854,419.83392857142854,-1.7411,L
S550,ITC,2025-05-12 10:55:00+05:30,0.5051,0.6299,20,6.0,0.6667,73.08,-0.4615,0,0.3249,0.0,2,1,1,1,0,2,3,2025-05-12 11:05:00+05:30,2025-05-12 11:10:00+05:30,2025-05-12 15:00:00+05:30,424.5,422.0625,428.88750000000005,2.15,EOD+
S551,ITC,2025-05-12 11:15:00+05:30,0.1389,0.3995,0,,0.0,5.26,,1,1.9173,,0,0,0,0,1,0,1,2025-05-12 11:15:00+05:30,2025-05-12 11:20:00+05:30,2025-05-12 15:00:00+05:30,424.85,422.80535714285713,428.5303571428572,1.8,EOD+
S552,ITC,2025-05-12 11:25:00+05:30,0.1394,0.2249,1,1.0,0.0693,0.0,2.8095,0,1.5747,,0,0,0,0,1,0,1,2025-05-12 11:25:00+05:30,2025-05-12 11:30:00+05:30,2025-05-12 12:20:00+05:30,425.05,423.15714285714284,428.4571428571429,-1.8929,L
S553,ITC,2025-05-12 11:45:00+05:30,0.0324,0.133,0,,1.7244,19.05,-0.3663,0,2.4033,1.0,9,1,0,0,0,9,10,2025-05-12 12:30:00+05:30,2025-05-12 12:35:00+05:30,2025-05-12 15:00:00+05:30,424.8,422.96964285714284,428.0946428571429,1.85,EOD+
S554,ITC,2025-05-12 13:10:00+05:30,-0.0035,0.0353,7,5.0,0.1451,57.14,0.7647,0,0.4593,,0,0,0,0,1,0,1,2025-05-12 13:10:00+05:30,2025-05-12 13:15:00+05:30,2025-05-12 15:00:00+05:30,424.55,423.0857142857143,427.1857142857143,2.1,EOD+
S555,ITC,2025-05-12 13:20:00+05:30,-0.0024,0.0012,0,,0.3547,92.86,-0.7368,0,0.6571,,0,1,1,1,1,0,1,2025-05-12 13:20:00+05:30,2025-05-12 13:25:00+05:30,2025-05-12 15:00:00+05:30,425.1,423.7607142857143,427.5107142857143,1.55,EOD+
S556,ITC,2025-05-12 14:00:00+05:30,0.0765,0.0418,7,6.0,0.2638,80.0,-0.5918,0,1.1697,1.0,2,1,0,1,0,2,3,2025-05-12 14:10:00+05:30,2025-05-12 14:15:00+05:30,2025-05-12 14:45:00+05:30,425.65,424.4892857142857,427.7392857142857,-1.1607,L
S557,ITC,2025-05-13 10:05:00+05:30,-0.2557,-0.2112,0,,1.9993,87.1,-0.9513,0,1.753,1.0,9,1,0,0,0,9,10,2025-05-13 10:50:00+05:30,2025-05-13 10:55:00+05:30,2025-05-13 12:35:00+05:30,423.0,419.1517857142857,429.92678571428576,-3.8482,L
S558,ITC,2025-05-13 11:10:00+05:30,-0.0497,-0.2475,3,2.0,0.0508,59.09,5.6667,0,1.0268,,0,1,1,0,1,0,1,2025-05-13 11:10:00+05:30,2025-05-13 11:15:00+05:30,2025-05-13 12:30:00+05:30,422.85,419.52857142857147,428.8285714285715,-3.3214,L
S559,ITC,2025-05-13 11:35:00+05:30,0.0798,0.0272,4,2.0,0.0036,62.5,39.0,0,0.226,,0,0,0,1,1,0,1,2025-05-13 11:35:00+05:30,2025-05-13 11:40:00+05:30,2025-05-13 12:30:00+05:30,422.9,419.4267857142857,429.15178571428567,-3.4732,L
S560,ITC,2025-05-13 13:20:00+05:30,-0.3212,-0.3366,0,,2.2183,61.54,-0.9111,0,0.7765,1.0,9,0,0,0,0,9,10,2025-05-13 14:05:00+05:30,2025-05-13 14:10:00+05:30,2025-05-13 15:00:00+05:30,418.7,416.1642857142857,423.2642857142857,0.45,EOD+
S561,ITC,2025-05-13 14:20:00+05:30,-0.0873,-0.1794,2,2.0,0.1385,60.0,0.6667,0,0.5735,,0,0,1,1,1,0,1,2025-05-13 14:20:00+05:30,2025-05-13 14:25:00+05:30,2025-05-13 15:00:00+05:30,418.65,417.025,421.57499999999993,0.5,EOD+
S562,ITC,2025-05-13 14:30:00+05:30,-0.0233,-0.1262,1,1.0,0.0,36.36,,1,0.854,,0,1,0,1,1,0,1,2025-05-13 14:30:00+05:30,2025-05-13 14:35:00+05:30,2025-05-13 15:00:00+05:30,418.4,416.79285714285714,421.2928571428571,0.75,EOD+
S563,ITC,2025-05-14 09:15:00+05:30,,,0,,0.4831,14.74,-0.8148,0,1.9266,,0,1,1,0,1,0,1,2025-05-14 09:15:00+05:30,2025-05-14 09:20:00+05:30,2025-05-14 15:00:00+05:30,419.25,416.45535714285717,424.2803571428571,0.6,EOD+
S564,ITC,2025-05-14 10:35:00+05:30,0.1657,0.167,15,4.0,0.0467,55.56,3.2857,0,0.8733,,0,1,0,1,1,0,1,2025-05-14 10:35:00+05:30,2025-05-14 10:40:00+05:30,2025-05-14 12:30:00+05:30,421.05,419.175,424.425,-1.875,L
S565,ITC,2025-05-14 10:45:00+05:30,0.1519,0.1723,0,,0.273,28.57,1.3077,0,1.7692,,0,0,0,0,1,0,1,2025-05-14 10:45:00+05:30,2025-05-14 10:50:00+05:30,2025-05-14 11:45:00+05:30,421.4,419.61428571428564,424.61428571428576,-1.7857,L
S566,ITC,2025-05-14 12:50:00+05:30,-0.1441,-0.0964,0,,4.2282,35.0,-0.7716,0,0.5843,0.0,9,1,0,1,0,9,10,2025-05-14 13:35:00+05:30,2025-05-14 13:40:00+05:30,2025-05-14 15:00:00+05:30,419.0,417.44642857142856,421.7964285714286,0.85,EOD+
S567,ITC,2025-05-14 13:45:00+05:30,-0.0609,-0.0734,0,,0.3206,50.0,-0.4366,0,0.5485,0.0,1,1,1,0,0,1,2,2025-05-14 13:50:00+05:30,2025-05-14 13:55:00+05:30,2025-05-14 15:00:00+05:30,419.4,418.0160714285714,421.8910714285714,0.45,EOD+
S568,ITC,2025-05-15 09:45:00+05:30,-0.0167,,0,,1.4312,10.71,-0.5248,0,0.4963,0.0,9,1,0,1,0,9,10,2025-05-15 10:30:00+05:30,2025-05-15 10:35:00+05:30,2025-05-15 10:40:00+05:30,418.9,416.69464285714287,422.8696428571428,3.9696,W
S569,ITC,2025-05-15 11:10:00+05:30,0.1198,0.0912,6,6.0,0.711,79.25,-0.433,0,1.1863,0.0,1,0,0,0,0,1,2,2025-05-15 11:15:00+05:30,2025-05-15 11:20:00+05:30,2025-05-15 13:50:00+05:30,420.1,416.68928571428575,426.2392857142857,6.1393,W
S570,ITC,2025-05-15 11:25:00+05:30,0.0769,0.1198,0,,0.1944,50.0,0.0435,0,0.3482,,0,0,1,1,1,0,1,2025-05-15 11:25:00+05:30,2025-05-15 11:30:00+05:30,2025-05-15 15:00:00+05:30,420.35,416.65357142857147,427.00357142857143,2.4,EOD+
S571,ITC,2025-05-15 11:35:00+05:30,0.0846,0.0935,1,1.0,0.4157,0.0,0.36,0,0.7152,,0,1,1,0,1,0,1,2025-05-15 11:35:00+05:30,2025-05-15 11:40:00+05:30,2025-05-15 15:00:00+05:30,420.1,416.34107142857147,426.86607142857144,2.65,EOD+
S572,ITC,2025-05-15 11:45:00+05:30,0.1238,0.0709,0,,0.0732,9.09,1.5641,0,0.4065,,0,1,0,1,1,0,1,2025-05-15 11:45:00+05:30,2025-05-15 11:50:00+05:30,2025-05-15 13:50:00+05:30,420.15,416.81964285714287,426.1446428571428,5.9946,W
S573,ITC,2025-05-15 11:55:00+05:30,0.1404,0.0964,0,,0.5964,94.12,-1.0,0,1.3789,1.0,4,0,1,0,0,4,5,2025-05-15 12:15:00+05:30,2025-05-15 12:20:00+05:30,2025-05-15 13:50:00+05:30,420.6,417.5821428571429,426.03214285714284,5.4321,W
S574,ITC,2025-05-15 12:25:00+05:30,-0.019,0.1141,0,,1.6439,85.71,-0.8953,0,0.6304,0.0,5,1,1,0,0,5,6,2025-05-15 12:50:00+05:30,2025-05-15 12:55:00+05:30,2025-05-15 13:15:00+05:30,420.2,418.02142857142854,424.12142857142857,3.9214,W
S575,ITC,2025-05-16 09:15:00+05:30,,,0,,0.7412,80.39,-0.4737,0,2.445,1.0,2,1,1,0,0,2,3,2025-05-16 09:25:00+05:30,2025-05-16 09:30:00+05:30,2025-05-16 15:00:00+05:30,425.25,422.36607142857144,430.44107142857143,1.35,EOD+
S576,ITC,2025-05-16 09:40:00+05:30,-0.0513,,2,2.0,0.1939,53.33,0.4737,0,0.2507,,0,1,0,0,1,0,1,2025-05-16 09:40:00+05:30,2025-05-16 09:45:00+05:30,2025-05-16 15:00:00+05:30,424.2,421.1375,429.7125,2.4,EOD+
S577,ITC,2025-05-16 11:25:00+05:30,0.0775,0.1081,19,11.0,0.8658,71.43,-0.5745,0,3.3937,1.0,9,0,1,0,0,9,10,2025-05-16 12:10:00+05:30,2025-05-16 12:15:00+05:30,2025-05-16 15:00:00+05:30,425.9,424.54285714285714,428.34285714285704,0.7,EOD+
S578,ITC,2025-05-16 12:20:00+05:30,-0.0487,-0.0205,0,,0.2008,75.0,-1.0,0,0.5479,1.0,2,1,0,1,0,2,3,2025-05-16 12:30:00+05:30,2025-05-16 12:35:00+05:30,2025-05-16 15:00:00+05:30,426.0,424.84821428571433,428.07321428571424,0.6,EOD+
S579,ITC,2025-05-16 13:40:00+05:30,0.092,0.0786,13,10.0,0.3128,75.0,0.2698,0,0.7188,,0,0,1,0,1,0,1,2025-05-16 13:40:00+05:30,2025-05-16 13:45:00+05:30,2025-05-16 15:00:00+05:30,426.5,425.2410714285714,428.7660714285715,0.1,EOD+
S580,ITC,2025-05-19 09:15:00+05:30,,,0,,1.7333,0.0,-0.5513,0,0.5796,0.0,1,0,0,1,0,1,2,2025-05-19 09:20:00+05:30,2025-05-19 09:25:00+05:30,2025-05-19 10:35:00+05:30,427.5,426.375,429.525,-1.125,L
S581,ITC,2025-05-19 10:00:00+05:30,0.0714,0.0949,7,6.0,0.4424,23.53,0.7808,0,0.3862,,0,1,0,0,1,0,1,2025-05-19 10:00:00+05:30,2025-05-19 10:05:00+05:30,2025-05-19 12:00:00+05:30,427.6,425.5375,431.3125,-2.0625,L
S582,ITC,2025-05-19 12:50:00+05:30,-0.101,-0.0722,0,,1.2975,25.0,-0.8625,0,0.6236,0.0,9,0,0,1,0,9,10,2025-05-19 13:35:00+05:30,2025-05-19 13:40:00+05:30,2025-05-19 15:00:00+05:30,425.1,423.6982142857143,427.62321428571437,0.85,EOD+
S583,ITC,2025-05-19 13:45:00+05:30,-0.0347,-0.0582,0,,0.5636,50.0,-1.0,0,0.7436,1.0,9,0,0,0,0,9,10,2025-05-19 14:30:00+05:30,2025-05-19 14:35:00+05:30,2025-05-19 14:50:00+05:30,425.05,424.36249999999995,426.28750000000014,1.2375,W
S584,ITC,2025-05-20 10:10:00+05:30,0.1706,0.2491,11,8.0,0.0419,13.33,5.6667,0,0.628,,0,0,0,0,1,0,1,2025-05-20 10:10:00+05:30,2025-05-20 10:15:00+05:30,2025-05-20 13:40:00+05:30,428.15,425.4625,432.98749999999995,-2.6875,L
S585,ITC,2025-05-20 10:20:00+05:30,0.153,0.1911,0,,0.0258,86.36,2.6364,0,0.4479,,0,0,0,0,1,0,1,2025-05-20 10:20:00+05:30,2025-05-20 10:25:00+05:30,2025-05-20 13:10:00+05:30,429.05,426.3803571428572,433.85535714285714,-2.6696,L
S586,ITC,2025-05-20 10:40:00+05:30,0.1773,0.1453,3,2.0,0.0209,33.33,10.4286,0,1.4084,,0,1,0,0,1,0,1,2025-05-20 10:40:00+05:30,2025-05-20 10:45:00+05:30,2025-05-20 13:05:00+05:30,428.95,426.8517857142857,432.72678571428565,-2.0982,L
S587,ITC,2025-05-20 11:30:00+05:30,0.0291,0.0111,8,6.0,0.0969,38.46,2.7037,0,1.3668,,0,1,1,0,1,0,1,2025-05-20 11:30:00+05:30,2025-05-20 11:35:00+05:30,2025-05-20 12:55:00+05:30,429.55,427.80892857142857,432.6839285714286,-1.7411,L
S588,ITC,2025-05-20 11:40:00+05:30,0.0728,0.0111,0,,0.3415,15.38,1.25,0,1.3433,,0,0,1,0,1,0,1,2025-05-20 11:40:00+05:30,2025-05-20 11:45:00+05:30,2025-05-20 12:50:00+05:30,429.85,428.3857142857143,432.4857142857143,-1.4643,L
S589,ITC,2025-05-20 11:50:00+05:30,0.0786,0.0512,0,,0.9614,13.33,-0.4737,0,0.9611,1.0,1,0,0,0,0,1,2,2025-05-20 11:55:00+05:30,2025-05-20 12:00:00+05:30,2025-05-20 12:55:00+05:30,429.5,428.0178571428571,432.1678571428572,-1.4821,L
S590,ITC,2025-05-20 12:05:00+05:30,0.0646,0.0786,0,,0.1466,72.73,-1.0,0,0.6266,,0,1,0,1,1,0,1,2025-05-20 12:05:00+05:30,2025-05-20 12:10:00+05:30,2025-05-20 12:50:00+05:30,430.0,428.6785714285714,432.37857142857143,-1.3214,L
S591,ITC,2025-05-20 12:15:00+05:30,0.057,0.0721,1,1.0,0.0288,0.0,12.3333,0,1.5682,,0,1,0,0,1,0,1,2025-05-20 12:15:00+05:30,2025-05-20 12:20:00+05:30,2025-05-20 12:50:00+05:30,430.0,428.69642857142856,432.3464285714286,-1.3036,L
S592,ITC,2025-05-20 12:30:00+05:30,0.043,0.057,2,2.0,0.3095,0.0,1.7692,0,1.5559,,0,0,0,0,1,0,1,2025-05-20 12:30:00+05:30,2025-05-20 12:35:00+05:30,2025-05-20 12:50:00+05:30,430.1,428.7875,432.46250000000003,-1.3125,L
S593,ITC,2025-05-20 12:40:00+05:30,0.0198,0.0547,0,,0.2958,44.44,0.3333,0,1.643,,0,0,0,0,1,0,1,2025-05-20 12:40:00+05:30,2025-05-20 12:45:00+05:30,2025-05-20 12:50:00+05:30,429.95,428.6821428571429,432.23214285714283,-1.2679,L
S594,ITC,2025-05-21 09:15:00+05:30,,,0,,0.0,63.89,,1,1.0147,,0,1,0,0,1,0,1,2025-05-21 09:15:00+05:30,2025-05-21 09:20:00+05:30,2025-05-21 15:00:00+05:30,426.4,424.03392857142853,430.65892857142853,-1.95,EOD-
S595,ITC,2025-05-21 10:05:00+05:30,0.0944,0.0715,9,3.0,0.338,27.27,1.5197,0,0.3681,,0,0,0,0,1,0,1,2025-05-21 10:05:00+05:30,2025-05-21 10:10:00+05:30,2025-05-21 12:15:00+05:30,427.1,424.75178571428575,431.32678571428573,-2.3482,L
S596,ITC,2025-05-21 11:05:00+05:30,0.1175,0.1544,11,5.0,0.5685,25.0,0.6185,0,0.8693,,0,0,0,1,1,0,1,2025-05-21 11:05:00+05:30,2025-05-21 11:10:00+05:30,2025-05-21 11:50:00+05:30,428.3,426.3982142857143,431.72321428571433,-1.9018,L
S597,ITC,2025-05-21 12:30:00+05:30,-0.184,-0.127,0,,2.3065,50.0,-0.9161,0,1.3394,1.0,9,1,1,0,0,9,10,2025-05-21 13:15:00+05:30,2025-05-21 13:20:00+05:30,2025-05-21 14:40:00+05:30,426.15,424.2125,429.63750000000005,-1.9375,L
S598,ITC,2025-05-21 13:25:00+05:30,-0.0617,-0.1162,1,1.0,0.3988,83.33,-0.7959,0,0.5407,0.0,1,0,0,1,0,1,2,2025-05-21 13:30:00+05:30,2025-05-21 13:35:00+05:30,2025-05-21 14:00:00+05:30,425.85,424.31428571428575,428.6142857142857,-1.5357,L
S599,ITC,2025-05-22 11:50:00+05:30,-0.1104,-0.0929,0,,1.3011,64.71,-0.7076,0,1.0529,1.0,9,1,0,1,0,9,10,2025-05-22 12:35:00+05:30,2025-05-22 12:40:00+05:30,2025-05-22 14:20:00+05:30,416.3,414.65714285714284,419.2571428571429,-1.6429,L
S600,ITC,2025-05-22 12:45:00+05:30,-0.0649,-0.0907,0,,0.2247,21.43,0.9231,0,1.0921,,0,0,0,1,1,0,1,2025-05-22 12:45:00+05:30,2025-05-22 12:50:00+05:30,2025-05-22 14:20:00+05:30,416.2,414.7535714285714,418.80357142857144,-1.4464,L
S601,ITC,2025-05-22 12:55:00+05:30,-0.0378,-0.0793,0,,0.7855,38.46,-0.3782,0,0.6873,,0,1,1,1,1,0,1,2025-05-22 12:55:00+05:30,2025-05-22 13:00:00+05:30,2025-05-22 14:20:00+05:30,416.25,414.71428571428567,419.01428571428573,-1.5357,L
S602,ITC,2025-05-22 13:05:00+05:30,-0.0198,-0.0529,0,,0.5426,66.67,-0.2366,0,1.0155,0.0,3,1,0,1,0,3,4,2025-05-22 13:20:00+05:30,2025-05-22 13:25:00+05:30,2025-05-22 14:20:00+05:30,416.1,414.5910714285714,418.8160714285715,-1.5089,L
S603,ITC,2025-05-22 13:30:00+05:30,0.0006,-0.0084,0,,0.0447,12.5,15.6667,0,1.4441,,0,0,0,0,1,0,1,2025-05-22 13:30:00+05:30,2025-05-22 13:35:00+05:30,2025-05-22 14:15:00+05:30,416.6,414.9214285714286,419.62142857142857,-1.6786,L
S604,ITC,2025-05-22 13:40:00+05:30,-0.0,-0.0042,1,1.0,1.0519,100.0,-1.0,0,0.914,0.0,4,0,0,0,0,4,5,2025-05-22 14:00:00+05:30,2025-05-22 14:05:00+05:30,2025-05-22 14:20:00+05:30,416.35,414.68035714285713,419.3553571428572,-1.6696,L
S605,ITC,2025-05-23 12:05:00+05:30,0.1452,0.2463,34,7.0,0.0324,38.89,1.0,0,0.5053,,0,0,0,1,1,0,1,2025-05-23 12:05:00+05:30,2025-05-23 12:10:00+05:30,2025-05-23 13:45:00+05:30,429.0,427.0714285714286,432.47142857142853,-1.9286,L
S606,ITC,2025-05-23 12:15:00+05:30,0.1108,0.1739,0,,1.7975,65.0,-0.868,0,0.7712,0.0,4,0,0,0,0,4,5,2025-05-23 12:35:00+05:30,2025-05-23 12:40:00+05:30,2025-05-23 14:55:00+05:30,429.0,426.89285714285717,432.7928571428571,-2.1071,L
S607,ITC,2025-05-23 12:45:00+05:30,0.0117,0.0379,0,,0.5474,41.67,-0.235,0,0.509,,0,0,0,1,1,0,1,2025-05-23 12:45:00+05:30,2025-05-23 12:50:00+05:30,2025-05-23 14:55:00+05:30,429.0,426.9107142857143,432.7607142857143,-2.0893,L
S608,ITC,2025-05-23 12:55:00+05:30,0.0047,0.014,0,,0.4678,18.18,-0.1608,0,0.6727,1.0,1,0,0,0,0,1,2,2025-05-23 13:00:00+05:30,2025-05-23 13:05:00+05:30,2025-05-23 14:55:00+05:30,428.9,426.9892857142857,432.33928571428567,-1.9107,L
S609,ITC,2025-05-26 10:25:00+05:30,0.1433,0.1644,14,7.0,0.7801,29.03,0.3688,0,1.0534,,0,0,0,0,1,0,1,2025-05-26 10:25:00+05:30,2025-05-26 10:30:00+05:30,2025-05-26 14:30:00+05:30,429.35,427.2428571428572,433.1428571428571,3.7929,W
S610,ITC,2025-05-26 10:35:00+05:30,0.1077,0.1544,0,,1.4,16.67,-0.5392,0,0.445,0.0,3,1,0,1,0,3,4,2025-05-26 10:50:00+05:30,2025-05-26 10:55:00+05:30,2025-05-26 14:30:00+05:30,429.55,427.6125,433.0375,3.4875,W
S611,ITC,2025-05-26 11:00:00+05:30,0.0826,0.0902,0,,0.546,75.0,-0.7436,0,0.7197,1.0,3,0,0,1,0,3,4,2025-05-26 11:15:00+05:30,2025-05-26 11:20:00+05:30,2025-05-26 14:20:00+05:30,429.6,427.8142857142857,432.8142857142858,3.2143,W
S612,ITC,2025-05-26 11:25:00+05:30,-0.0262,0.0221,1,1.0,0.619,33.33,-0.3717,0,5.6253,1.0,5,0,0,0,0,5,6,2025-05-26 11:50:00+05:30,2025-05-26 11:55:00+05:30,2025-05-26 14:45:00+05:30,430.2,428.27142857142854,433.6714285714286,3.4714,W
S613,ITC,2025-05-27 10:10:00+05:30,-0.2347,-0.1805,0,,2.8705,6.67,-0.8258,0,0.2719,0.0,9,1,0,1,0,9,10,2025-05-27 10:55:00+05:30,2025-05-27 11:00:00+05:30,2025-05-27 11:30:00+05:30,429.55,426.8,434.50000000000006,4.95,W
S614,ITC,2025-05-27 12:10:00+05:30,0.2159,0.2539,14,8.0,0.0201,35.71,15.0,0,0.3554,,0,0,0,1,1,0,1,2025-05-27 12:10:00+05:30,2025-05-27 12:15:00+05:30,2025-05-27 12:30:00+05:30,432.2,429.08392857142854,437.80892857142857,-3.1161,L
S615,ITC,2025-05-28 10:00:00+05:30,-0.683,-0.6605,0,,2.2174,29.03,-0.9666,0,0.0186,0.0,9,0,0,1,0,9,10,2025-05-28 10:45:00+05:30,2025-05-28 10:50:00+05:30,2025-05-28 15:00:00+05:30,413.1,406.3410714285714,425.2660714285715,-1.25,EOD-
S616,ITC,2025-05-28 11:10:00+05:30,-0.0836,-0.5639,4,4.0,0.1201,27.27,1.7586,0,0.3699,,0,0,0,1,1,0,1,2025-05-28 11:10:00+05:30,2025-05-28 11:15:00+05:30,2025-05-28 12:00:00+05:30,412.6,411.09107142857147,415.3160714285715,-1.5089,L
S617,ITC,2025-05-28 11:45:00+05:30,-0.0443,0.0255,0,,1.9559,50.0,-0.9474,0,0.4961,0.0,9,0,0,0,0,9,10,2025-05-28 12:30:00+05:30,2025-05-28 12:35:00+05:30,2025-05-28 15:00:00+05:30,412.05,410.8357142857143,414.2357142857143,-0.2,EOD-
S618,ITC,2025-05-28 13:00:00+05:30,-0.031,-0.0571,5,2.0,0.325,71.43,-0.2308,0,0.5437,0.0,3,0,0,0,0,3,4,2025-05-28 13:15:00+05:30,2025-05-28 13:20:00+05:30,2025-05-28 15:00:00+05:30,411.85,410.85,413.65000000000003,0.0,EOD-
S619,ITC,2025-05-28 13:25:00+05:30,0.0079,-0.0146,0,,0.1823,75.0,-0.2,0,0.3809,,0,1,0,0,1,0,1,2025-05-28 13:25:00+05:30,2025-05-28 13:30:00+05:30,2025-05-28 15:00:00+05:30,411.85,410.9928571428572,413.39285714285717,0.0,EOD-
S620,ITC,2025-05-28 13:40:00+05:30,0.0304,0.0079,2,2.0,0.4643,60.0,0.2308,0,0.6292,,0,0,0,0,1,0,1,2025-05-28 13:40:00+05:30,2025-05-28 13:45:00+05:30,2025-05-28 15:00:00+05:30,411.8,410.925,413.375,0.05,EOD+
S621,ITC,2025-05-28 13:50:00+05:30,0.0352,0.0261,0,,0.4691,0.0,-0.6825,0,1.1222,0.0,2,1,0,1,0,2,3,2025-05-28 14:00:00+05:30,2025-05-28 14:05:00+05:30,2025-05-28 15:00:00+05:30,411.9,411.06071428571425,413.4107142857143,-0.05,EOD-
S622,ITC,2025-05-29 09:15:00+05:30,,,0,,0.405,47.62,0.5217,0,1.0555,,0,0,0,0,1,0,1,2025-05-29 09:15:00+05:30,2025-05-29 09:20:00+05:30,2025-05-29 10:00:00+05:30,412.2,410.7803571428571,414.7553571428572,-1.4196,L
S623,ITC,2025-05-29 09:25:00+05:30,,,0,,1.5876,56.52,-0.5455,0,0.5103,0.0,1,1,0,1,0,1,2,2025-05-29 09:30:00+05:30,2025-05-29 09:35:00+05:30,2025-05-29 10:05:00+05:30,412.25,410.5178571428571,415.3678571428572,-1.7321,L
S624,ITC,2025-05-29 09:40:00+05:30,-0.0097,,0,,0.5009,42.86,-0.1026,0,0.1329,0.0,1,0,0,1,0,1,2,2025-05-29 09:45:00+05:30,2025-05-29 09:50:00+05:30,2025-05-29 10:30:00+05:30,412.2,410.2535714285714,415.7035714285715,-1.9464,L
S625,ITC,2025-05-29 11:40:00+05:30,-0.1836,-0.1987,0,,2.6047,33.33,-0.875,0,0.6919,1.0,9,0,0,1,0,9,10,2025-05-29 12:25:00+05:30,2025-05-29 12:30:00+05:30,2025-05-29 15:00:00+05:30,409.15,407.99821428571425,411.2232142857143,-0.1,EOD-
S626,ITC,2025-05-29 12:35:00+05:30,-0.0838,-0.1045,0,,1.9165,87.5,-1.0,0,1.1161,0.0,4,0,0,1,0,4,5,2025-05-29 12:55:00+05:30,2025-05-29 13:00:00+05:30,2025-05-29 15:00:00+05:30,408.95,408.0303571428571,410.6053571428572,0.1,EOD+
S627,ITC,2025-05-29 13:05:00+05:30,-0.0092,-0.0667,0,,0.2983,88.89,-0.5918,0,0.772,0.0,1,0,0,1,0,1,2,2025-05-29 13:10:00+05:30,2025-05-29 13:15:00+05:30,2025-05-29 15:00:00+05:30,408.75,407.7232142857142,410.59821428571433,0.3,EOD+
S628,ITC,2025-05-29 13:20:00+05:30,0.0012,-0.0092,0,,0.5824,0.0,-0.2661,0,1.6333,1.0,6,0,0,0,0,6,7,2025-05-29 13:50:00+05:30,2025-05-29 13:55:00+05:30,2025-05-29 15:00:00+05:30,409.3,408.1303571428571,411.4053571428572,-0.25,EOD-
S629,ITC,2025-05-29 14:05:00+05:30,-0.0024,-0.0073,2,2.0,0.2971,27.27,-0.322,0,0.7166,0.0,1,1,0,1,0,1,2,2025-05-29 14:10:00+05:30,2025-05-29 14:15:00+05:30,2025-05-29 15:00:00+05:30,408.7,407.45892857142854,410.93392857142857,0.35,EOD+
S630,ITC,2025-05-29 14:20:00+05:30,0.0031,-0.0024,0,,0.5133,16.67,0.0101,0,0.7424,,0,1,0,1,1,0,1,2025-05-29 14:20:00+05:30,2025-05-29 14:25:00+05:30,2025-05-29 15:00:00+05:30,408.85,407.64464285714286,411.0196428571429,0.2,EOD+
S631,ITC,2025-05-30 09:15:00+05:30,,,0,,0.8338,48.89,0.0695,0,1.626,,0,1,0,0,1,0,1,2025-05-30 09:15:00+05:30,2025-05-30 09:20:00+05:30,2025-05-30 10:20:00+05:30,409.4,407.99821428571425,411.9232142857142,-1.4018,L
S632,ITC,2025-05-30 09:45:00+05:30,0.0781,,4,4.0,0.0479,20.0,2.0769,0,0.4781,,0,0,0,0,1,0,1,2025-05-30 09:45:00+05:30,2025-05-30 09:50:00+05:30,2025-05-30 10:15:00+05:30,409.75,408.05357142857144,412.8035714285714,-1.6964,L
S633,ITC,2025-05-30 09:55:00+05:30,0.0647,0.0769,0,,0.3926,58.33,-0.6226,0,0.4603,,0,0,0,0,1,0,1,2025-05-30 09:55:00+05:30,2025-05-30 10:00:00+05:30,2025-05-30 10:10:00+05:30,409.95,408.2625,412.9875,-1.6875,L
S634,ITC,2025-05-30 10:30:00+05:30,-0.0525,0.0031,0,,2.1269,33.33,-0.8312,0,0.9268,1.0,9,0,0,0,0,9,10,2025-05-30 11:15:00+05:30,2025-05-30 11:20:00+05:30,2025-05-30 15:00:00+05:30,408.95,407.5571428571428,411.45714285714286,-0.45,EOD-
S635,ITC,2025-05-30 11:25:00+05:30,-0.0783,-0.0825,0,,0.1624,14.29,0.3793,0,0.9909,,0,0,0,0,1,0,1,2025-05-30 11:25:00+05:30,2025-05-30 11:30:00+05:30,2025-05-30 15:00:00+05:30,408.85,407.7339285714286,410.85892857142863,-0.35,EOD-
S636,ITC,2025-05-30 11:45:00+05:30,-0.0459,-0.0697,3,3.0,0.3231,50.0,1.2222,0,1.08,,0,0,0,1,1,0,1,2025-05-30 11:45:00+05:30,2025-05-30 11:50:00+05:30,2025-05-30 15:00:00+05:30,409.15,408.1053571428571,411.03035714285716,-1.0446,L
S637,ITC,2025-05-30 12:00:00+05:30,0.0098,-0.0459,2,2.0,0.7867,81.82,-1.0,0,0.8385,0.0,1,1,0,1,0,1,2,2025-05-30 12:05:00+05:30,2025-05-30 12:10:00+05:30,2025-05-30 15:00:00+05:30,408.8,407.79107142857146,410.61607142857144,-0.3,EOD-
S638,ITC,2025-05-30 12:25:00+05:30,0.0208,0.0232,2,2.0,0.008,71.43,19.0,0,1.658,,0,0,1,0,1,0,1,2025-05-30 12:25:00+05:30,2025-05-30 12:30:00+05:30,2025-05-30 14:20:00+05:30,409.2,408.4142857142857,410.61428571428564,-0.7857,L
S639,ITC,2025-05-30 12:40:00+05:30,0.0177,0.0208,1,1.0,0.6769,85.71,-0.7727,0,3.7502,1.0,2,0,0,0,0,2,3,2025-05-30 12:50:00+05:30,2025-05-30 12:55:00+05:30,2025-05-30 13:20:00+05:30,409.65,408.8375,411.11249999999995,-0.8125,L
S640,ITC,2025-06-02 09:35:00+05:30,,,0,,1.8399,11.11,-0.9229,0,0.2534,1.0,9,1,0,0,0,9,10,2025-06-02 10:20:00+05:30,2025-06-02 10:25:00+05:30,2025-06-02 15:00:00+05:30,407.9,405.25714285714287,412.65714285714284,2.95,EOD+
S641,ITC,2025-06-02 12:45:00+05:30,0.0901,0.1278,27,2.0,0.6138,20.0,0.5789,0,0.866,,0,1,0,0,1,0,1,2025-06-02 12:45:00+05:30,2025-06-02 12:50:00+05:30,2025-06-02 14:30:00+05:30,411.15,409.9892857142857,413.2392857142857,-1.1607,L
S642,ITC,2025-06-02 12:55:00+05:30,0.0529,0.1041,1,1.0,0.4178,42.86,0.5584,0,0.79,,0,1,0,1,1,0,1,2025-06-02 12:55:00+05:30,2025-06-02 13:00:00+05:30,2025-06-02 14:30:00+05:30,411.0,409.8482142857143,413.0732142857143,-1.1518,L
S643,ITC,2025-06-03 09:15:00+05:30,,,0,,0.7996,52.38,-0.2218,0,4.2585,,0,0,0,0,1,0,1,2025-06-03 09:15:00+05:30,2025-06-03 09:20:00+05:30,2025-06-03 11:15:00+05:30,411.05,409.04107142857146,414.6660714285714,-2.0089,L
S644,ITC,2025-06-03 09:30:00+05:30,,,2,1.0,0.2783,100.0,-1.0,0,1.3386,1.0,1,0,0,0,0,1,2,2025-06-03 09:35:00+05:30,2025-06-03 09:40:00+05:30,2025-06-03 10:00:00+05:30,411.5,409.2767857142857,415.5017857142857,-2.2232,L
S645,ITC,2025-06-03 09:45:00+05:30,0.0274,,0,,0.8308,45.45,-0.8148,0,0.4492,1.0,6,1,1,1,0,6,7,2025-06-03 10:15:00+05:30,2025-06-03 10:20:00+05:30,2025-06-03 11:15:00+05:30,411.45,409.0125,415.8375,-2.4375,L
S646,ITC,2025-06-03 10:45:00+05:30,0.0195,0.056,0,,0.8243,54.55,-0.7619,0,0.6892,1.0,9,0,0,0,0,9,10,2025-06-03 11:30:00+05:30,2025-06-03 11:35:00+05:30,2025-06-03 12:15:00+05:30,410.9,408.98928571428564,414.3392857142857,-1.9107,L
S647,ITC,2025-06-03 11:50:00+05:30,-0.0164,-0.0128,0,,1.3792,25.0,-0.9497,0,1.5325,1.0,9,0,0,0,0,9,10,2025-06-03 12:35:00+05:30,2025-06-03 12:40:00+05:30,2025-06-03 12:50:00+05:30,410.2,408.39642857142854,413.4464285714286,-1.8036,L
S648,ITC,2025-06-03 13:10:00+05:30,-0.1314,-0.047,0,,2.5033,42.86,-0.8784,0,0.7666,0.0,9,0,0,0,0,9,10,2025-06-03 13:55:00+05:30,2025-06-03 14:00:00+05:30,2025-06-03 15:00:00+05:30,408.6,406.95714285714286,411.5571428571429,-0.45,EOD-
S649,ITC,2025-06-03 14:10:00+05:30,-0.0539,-0.093,2,1.0,0.2315,16.67,3.2857,0,0.9577,,0,0,0,1,1,0,1,2025-06-03 14:10:00+05:30,2025-06-03 14:15:00+05:30,2025-06-03 15:00:00+05:30,408.7,407.56607142857143,410.74107142857144,-0.55,EOD-
S650,ITC,2025-06-03 14:25:00+05:30,-0.0705,-0.0539,2,2.0,0.0215,0.0,34.0,0,1.1601,,0,0,0,1,1,0,1,2025-06-03 14:25:00+05:30,2025-06-03 14:30:00+05:30,2025-06-03 15:00:00+05:30,408.4,407.2392857142857,410.4892857142857,-0.25,EOD-
S651,ITC,2025-06-04 09:50:00+05:30,0.0281,,7,7.0,0.0879,68.75,1.4,0,0.3039,,0,0,0,1,1,0,1,2025-06-04 09:50:00+05:30,2025-06-04 09:55:00+05:30,2025-06-04 15:00:00+05:30,408.55,406.7732142857143,411.7482142857143,0.65,EOD+
S652,ITC,2025-06-04 10:00:00+05:30,0.011,0.0337,0,,0.7627,12.5,-0.8268,0,0.3148,0.0,5,0,0,1,0,5,6,2025-06-04 10:25:00+05:30,2025-06-04 10:30:00+05:30,2025-06-04 15:00:00+05:30,408.5,406.60714285714283,411.90714285714284,0.7,EOD+
S653,ITC,2025-06-04 10:35:00+05:30,0.011,-0.0165,0,,0.3091,0.0,-0.4118,0,0.9111,1.0,1,0,0,1,0,1,2,2025-06-04 10:40:00+05:30,2025-06-04 10:45:00+05:30,2025-06-04 11:00:00+05:30,408.9,407.525,411.375,-1.375,L
S654,ITC,2025-06-04 10:50:00+05:30,0.0129,0.011,0,,0.5419,55.56,-0.8333,0,0.6848,1.0,4,1,1,0,0,4,5,2025-06-04 11:10:00+05:30,2025-06-04 11:15:00+05:30,2025-06-04 15:00:00+05:30,408.5,407.11607142857144,410.9910714285714,0.7,EOD+
S655,ITC,2025-06-04 11:50:00+05:30,0.0312,-0.0159,6,6.0,0.0797,14.29,3.2857,0,0.3903,,0,0,1,0,1,0,1,2025-06-04 11:50:00+05:30,2025-06-04 11:55:00+05:30,2025-06-04 15:00:00+05:30,408.65,407.5517857142857,410.62678571428575,0.55,EOD+
S656,ITC,2025-06-04 12:00:00+05:30,0.0379,0.0098,1,1.0,0.0785,0.0,4.0,0,0.5919,,0,1,0,0,1,0,1,2025-06-04 12:00:00+05:30,2025-06-04 12:05:00+05:30,2025-06-04 12:40:00+05:30,408.5,407.54464285714283,410.2196428571429,1.7196,W
S657,ITC,2025-06-04 12:15:00+05:30,0.0171,0.0379,2,2.0,0.1638,20.0,0.8182,0,0.3384,,0,1,0,1,1,0,1,2025-06-04 12:15:00+05:30,2025-06-04 12:20:00+05:30,2025-06-04 12:40:00+05:30,408.6,407.7607142857143,410.1107142857143,1.5107,W
S658,ITC,2025-06-04 12:25:00+05:30,0.0024,0.0263,0,,0.1287,16.67,4.0,0,0.4256,,0,1,0,1,1,0,1,2025-06-04 12:25:00+05:30,2025-06-04 12:30:00+05:30,2025-06-04 12:40:00+05:30,408.6,407.8232142857143,409.99821428571437,1.3982,W
S659,ITC,2025-06-04 13:35:00+05:30,0.0574,0.0678,12,11.0,0.2025,25.0,1.1739,0,0.332,,0,1,0,0,1,0,1,2025-06-04 13:35:00+05:30,2025-06-04 13:40:00+05:30,2025-06-04 15:00:00+05:30,409.35,407.93035714285713,411.9053571428572,-0.15,EOD-
S660,ITC,2025-06-04 13:45:00+05:30,0.0537,0.0617,0,,0.1979,25.0,0.9512,0,0.1971,,0,0,0,1,1,0,1,2025-06-04 13:45:00+05:30,2025-06-04 13:50:00+05:30,2025-06-04 15:00:00+05:30,409.4,408.1053571428571,411.73035714285714,-0.2,EOD-
S661,ITC,2025-06-04 13:55:00+05:30,0.0537,0.0531,0,,0.4512,66.67,-0.2308,0,0.2652,,0,0,0,1,1,0,1,2025-06-04 13:55:00+05:30,2025-06-04 14:00:00+05:30,2025-06-04 15:00:00+05:30,409.6,408.51964285714286,411.5446428571429,-1.0804,L
S662,ITC,2025-06-04 14:10:00+05:30,0.0598,0.0537,2,1.0,0.7059,33.33,0.3445,0,0.2932,,0,0,0,1,1,0,1,2025-06-04 14:10:00+05:30,2025-06-04 14:15:00+05:30,2025-06-04 15:00:00+05:30,409.55,408.49642857142857,411.4464285714286,-0.35,EOD-
S663,ITC,2025-06-04 14:20:00+05:30,0.0354,0.0604,0,,0.3267,28.57,0.0714,0,0.9249,,0,0,0,1,1,0,1,2025-06-04 14:20:00+05:30,2025-06-04 14:25:00+05:30,2025-06-04 15:00:00+05:30,409.6,408.5285714285714,411.52857142857147,-1.0714,L
S664,ITC,2025-06-05 09:15:00+05:30,,,0,,2.3839,95.74,-0.9347,0,0.9543,0.0,2,1,0,1,0,2,3,2025-06-05 09:25:00+05:30,2025-06-05 09:30:00+05:30,2025-06-05 12:10:00+05:30,409.0,407.39285714285717,411.89285714285717,2.8929,W
S665,ITC,2025-06-05 09:35:00+05:30,,,0,,0.1488,25.0,1.7273,0,0.391,,0,1,0,1,1,0,1,2025-06-05 09:35:00+05:30,2025-06-05 09:40:00+05:30,2025-06-05 15:00:00+05:30,409.05,407.20178571428573,412.3767857142857,0.8,EOD+
S666,ITC,2025-06-05 09:55:00+05:30,-0.022,-0.0452,3,2.0,0.2039,0.0,2.0,0,0.5114,,0,0,1,0,1,0,1,2025-06-05 09:55:00+05:30,2025-06-05 10:00:00+05:30,2025-06-05 15:00:00+05:30,409.2,407.36071428571427,412.51071428571424,0.65,EOD+
S667,ITC,2025-06-05 10:05:00+05:30,-0.0263,-0.0257,0,,0.0566,40.0,-1.0,0,0.6031,1.0,5,0,0,0,0,5,6,2025-06-05 10:30:00+05:30,2025-06-05 10:35:00+05:30,2025-06-05 12:10:00+05:30,408.95,407.1821428571428,412.13214285714287,3.1821,W
S668,ITC,2025-06-05 10:50:00+05:30,0.0355,-0.0288,2,1.0,0.1135,55.56,2.3333,0,0.5858,,0,0,1,1,1,0,1,2025-06-05 10:50:00+05:30,2025-06-05 10:55:00+05:30,2025-06-05 12:00:00+05:30,408.95,407.95892857142854,410.7339285714286,1.7839,W
S669,ITC,2025-06-05 11:00:00+05:30,0.0642,0.022,0,,0.5853,12.5,0.0309,0,0.7507,,0,0,0,1,1,0,1,2025-06-05 11:00:00+05:30,2025-06-05 11:05:00+05:30,2025-06-05 12:00:00+05:30,408.9,407.86428571428564,410.76428571428573,1.8643,W
S670,ITC,2025-06-05 11:10:00+05:30,0.0202,0.055,0,,1.6922,38.46,-0.5683,0,1.1008,0.0,4,1,0,1,0,4,5,2025-06-05 11:30:00+05:30,2025-06-05 11:35:00+05:30,2025-06-05 12:05:00+05:30,409.4,408.37321428571425,411.2482142857143,1.8482,W
S671,ITC,2025-06-06 10:00:00+05:30,0.0821,0.115,9,9.0,0.7193,58.33,-0.4624,0,0.8848,1.0,1,0,0,0,0,1,2,2025-06-06 10:05:00+05:30,2025-06-06 10:10:00+05:30,2025-06-06 15:00:00+05:30,411.6,409.9839285714286,414.5089285714286,0.8,EOD+
S672,ITC,2025-06-06 10:25:00+05:30,0.079,0.0718,3,3.0,0.3619,50.0,0.0526,0,0.3213,,0,1,0,1,1,0,1,2025-06-06 10:25:00+05:30,2025-06-06 10:30:00+05:30,2025-06-06 15:00:00+05:30,411.2,409.8875,413.5625,1.2,EOD+
S673,ITC,2025-06-06 10:35:00+05:30,0.0693,0.0736,0,,0.2722,20.0,-0.5918,0,1.1177,1.0,1,0,0,1,0,1,2,2025-06-06 10:40:00+05:30,2025-06-06 10:45:00+05:30,2025-06-06 15:00:00+05:30,411.55,410.425,413.575,0.85,EOD+
S674,ITC,2025-06-06 11:25:00+05:30,0.0334,0.0207,7,4.0,0.1328,33.33,0.8182,0,0.6569,,0,0,0,1,1,0,1,2025-06-06 11:25:00+05:30,2025-06-06 11:30:00+05:30,2025-06-06 15:00:00+05:30,411.55,410.51428571428573,413.4142857142857,0.85,EOD+
S675,ITC,2025-06-06 11:35:00+05:30,0.017,0.034,0,,2.0778,71.43,-0.9465,0,0.6036,0.0,1,0,0,1,0,1,2,2025-06-06 11:40:00+05:30,2025-06-06 11:45:00+05:30,2025-06-06 15:00:00+05:30,411.4,410.275,413.42499999999995,1.0,EOD+
S676,ITC,2025-06-06 11:50:00+05:30,0.0055,0.017,0,,0.5434,50.0,-0.2793,0,0.7202,,0,0,0,0,1,0,1,2025-06-06 11:50:00+05:30,2025-06-06 11:55:00+05:30,2025-06-06 15:00:00+05:30,411.6,410.3232142857143,413.8982142857143,0.8,EOD+
S677,ITC,2025-06-06 12:00:00+05:30,0.0182,0.0091,1,1.0,0.2169,12.5,1.2727,0,0.8808,,0,0,0,0,1,0,1,2025-06-06 12:00:00+05:30,2025-06-06 12:05:00+05:30,2025-06-06 15:00:00+05:30,411.7,410.4321428571429,413.98214285714283,0.7,EOD+
S678,ITC,2025-06-06 12:15:00+05:30,0.0079,0.0182,0,,1.2923,11.11,-0.8485,0,0.4255,0.0,9,0,0,1,0,9,10,2025-06-06 13:00:00+05:30,2025-06-06 13:05:00+05:30,2025-06-06 15:00:00+05:30,411.4,410.12321428571425,413.69821428571424,1.0,EOD+
S679,ITC,2025-06-06 13:10:00+05:30,-0.0243,-0.0395,0,,0.1575,0.0,0.1111,0,0.5419,,0,0,0,1,1,0,1,2025-06-06 13:10:00+05:30,2025-06-06 13:15:00+05:30,2025-06-06 15:00:00+05:30,411.3,410.5857142857143,412.5857142857143,1.1,EOD+
S680,ITC,2025-06-06 13:20:00+05:30,0.003,-0.0328,0,,0.913,20.0,-0.1111,0,0.9245,,0,0,0,0,1,0,1,2025-06-06 13:20:00+05:30,2025-06-06 13:25:00+05:30,2025-06-06 14:00:00+05:30,411.4,410.78392857142853,412.50892857142856,1.1089,W
S681,ITC,2025-06-06 13:30:00+05:30,0.0,-0.0055,0,,1.4646,66.67,-0.7059,0,1.9299,1.0,3,1,0,0,0,3,4,2025-06-06 13:45:00+05:30,2025-06-06 13:50:00+05:30,2025-06-06 14:00:00+05:30,411.4,410.81964285714287,412.4446428571428,1.0446,W
S682,ITC,2025-06-09 09:15:00+05:30,,,0,,1.4805,36.67,1.0652,0,1.3658,,0,1,0,1,1,0,1,2025-06-09 09:15:00+05:30,2025-06-09 09:20:00+05:30,2025-06-09 10:50:00+05:30,412.75,411.97321428571433,414.14821428571423,1.3982,W
S683,ITC,2025-06-09 09:35:00+05:30,,,3,2.0,0.1378,22.22,3.0,0,0.4575,,0,1,0,1,1,0,1,2025-06-09 09:35:00+05:30,2025-06-09 09:40:00+05:30,2025-06-09 11:30:00+05:30,412.55,411.41607142857146,414.5910714285714,2.0411,W
S684,ITC,2025-06-09 09:45:00+05:30,0.0467,,0,,0.0217,42.86,35.0,0,1.2269,,0,0,0,0,1,0,1,2025-06-09 09:45:00+05:30,2025-06-09 09:50:00+05:30,2025-06-09 15:00:00+05:30,413.35,411.9125,415.9375,1.0,EOD+
S685,ITC,2025-06-09 09:55:00+05:30,0.043,0.0479,1,1.0,0.1869,12.5,1.5532,0,0.6178,,0,0,0,0,1,0,1,2025-06-09 09:55:00+05:30,2025-06-09 10:00:00+05:30,2025-06-09 15:00:00+05:30,412.85,411.27857142857147,415.67857142857144,1.5,EOD+
S686,ITC,2025-06-09 10:05:00+05:30,0.0351,0.0448,0,,0.3906,28.57,-0.604,0,0.3357,0.0,1,0,0,1,0,1,2,2025-06-09 10:10:00+05:30,2025-06-09 10:15:00+05:30,2025-06-09 15:00:00+05:30,412.8,411.18392857142857,415.7089285714286,1.55,EOD+
S687,ITC,2025-06-09 10:20:00+05:30,0.0333,0.0351,0,,0.15,84.21,-1.0,0,1.1953,,0,0,0,0,1,0,1,2025-06-09 10:20:00+05:30,2025-06-09 10:25:00+05:30,2025-06-09 15:00:00+05:30,413.45,411.69999999999993,416.6,0.9,EOD+
S688,ITC,2025-06-09 11:05:00+05:30,0.0599,0.0829,8,3.0,0.0562,22.22,8.0909,0,0.594,,0,0,0,0,1,0,1,2025-06-09 11:05:00+05:30,2025-06-09 11:10:00+05:30,2025-06-09 15:00:00+05:30,413.45,412.22678571428565,415.6517857142857,0.9,EOD+
S689,ITC,2025-06-09 12:30:00+05:30,0.0453,0.0664,15,4.0,0.0438,63.64,5.6667,0,0.7572,,0,0,0,0,1,0,1,2025-06-09 12:30:00+05:30,2025-06-09 12:35:00+05:30,2025-06-09 15:00:00+05:30,414.2,413.3428571428571,415.74285714285713,0.15,EOD+
S690,ITC,2025-06-09 12:40:00+05:30,0.0326,0.0555,0,,0.8154,85.71,-1.0,0,0.3671,,0,1,1,0,1,0,1,2025-06-09 12:40:00+05:30,2025-06-09 12:45:00+05:30,2025-06-09 15:00:00+05:30,414.3,413.4875,415.76250000000005,0.05,EOD+
S691,ITC,2025-06-09 12:50:00+05:30,0.0326,0.0362,0,,0.5796,57.14,-1.0,0,0.7751,1.0,5,0,0,1,0,5,6,2025-06-09 13:15:00+05:30,2025-06-09 13:20:00+05:30,2025-06-09 15:00:00+05:30,414.35,413.51964285714286,415.8446428571429,0.0,EOD-
S692,ITC,2025-06-09 13:25:00+05:30,-0.0012,0.0229,0,,0.6705,25.0,-0.3407,0,0.7844,,0,0,0,1,1,0,1,2025-06-09 13:25:00+05:30,2025-06-09 13:30:00+05:30,2025-06-09 15:00:00+05:30,414.35,413.50178571428575,415.87678571428575,0.0,EOD-
S693,ITC,2025-06-09 13:35:00+05:30,-0.006,0.003,0,,0.8179,16.67,-0.0991,0,0.9376,,0,0,0,1,1,0,1,2025-06-09 13:35:00+05:30,2025-06-09 13:40:00+05:30,2025-06-09 15:00:00+05:30,414.3,413.45178571428573,415.82678571428573,0.05,EOD+
S694,ITC,2025-06-09 13:45:00+05:30,-0.0066,-0.0066,0,,0.8207,60.0,-0.8039,0,1.0154,1.0,1,1,1,0,0,1,2,2025-06-09 13:50:00+05:30,2025-06-09 13:55:00+05:30,2025-06-09 15:00:00+05:30,414.35,413.57321428571436,415.74821428571425,0.0,EOD-
S695,ITC,2025-06-09 14:15:00+05:30,-0.0036,-0.0139,4,1.0,0.112,0.0,0.6667,0,0.8038,,0,0,0,1,1,0,1,2025-06-09 14:15:00+05:30,2025-06-09 14:20:00+05:30,2025-06-09 15:00:00+05:30,414.3,413.6303571428572,415.5053571428571,0.05,EOD+
S696,ITC,2025-06-09 14:25:00+05:30,-0.0018,-0.0091,0,,0.8855,14.29,-0.619,0,0.9447,0.0,1,0,0,1,0,1,2,2025-06-09 14:30:00+05:30,2025-06-09 14:35:00+05:30,2025-06-09 15:00:00+05:30,414.35,413.60892857142863,415.68392857142857,0.0,EOD-
S697,ITC,2025-06-10 09:15:00+05:30,,,0,,0.0051,17.39,419.0,0,4.0392,,0,0,0,0,1,0,1,2025-06-10 09:15:00+05:30,2025-06-10 09:20:00+05:30,2025-06-10 11:20:00+05:30,415.3,414.08571428571435,417.48571428571427,2.1857,W
S698,ITC,2025-06-10 09:30:00+05:30,,,2,1.0,0.1609,75.0,0.6216,0,0.5588,,0,1,0,0,1,0,1,2025-06-10 09:30:00+05:30,2025-06-10 09:35:00+05:30,2025-06-10 11:20:00+05:30,414.9,413.4625,417.48749999999995,2.5875,W
S699,ITC,2025-06-10 12:20:00+05:30,0.0581,0.0618,33,11.0,0.7069,70.0,-0.4175,0,2.1994,1.0,2,1,0,0,0,2,3,2025-06-10 12:30:00+05:30,2025-06-10 12:35:00+05:30,2025-06-10 13:30:00+05:30,417.4,416.4892857142857,419.03928571428565,1.6393,W
S700,ITC,2025-06-11 09:25:00+05:30,,,0,,1.3529,93.33,-0.9502,0,3.7814,1.0,9,1,1,0,0,9,10,2025-06-11 10:10:00+05:30,2025-06-11 10:15:00+05:30,2025-06-11 13:25:00+05:30,418.3,416.4428571428571,421.64285714285717,-1.8571,L
S701,ITC,2025-06-11 10:25:00+05:30,-0.0245,-0.0556,2,2.0,0.2048,55.56,0.3953,0,0.0615,,0,1,0,1,1,0,1,2025-06-11 10:25:00+05:30,2025-06-11 10:30:00+05:30,2025-06-11 13:25:00+05:30,418.05,416.7375,420.4125,-1.3125,L
S702,ITC,2025-06-11 10:35:00+05:30,-0.003,-0.0305,0,,0.0309,22.22,2.3333,0,0.1073,,0,1,1,1,1,0,1,2025-06-11 10:35:00+05:30,2025-06-11 10:40:00+05:30,2025-06-11 13:20:00+05:30,418.2,416.98571428571427,420.3857142857143,-1.2143,L
S703,ITC,2025-06-11 10:50:00+05:30,0.0072,-0.003,1,1.0,0.4008,0.0,0.6,0,0.129,,0,1,0,0,1,0,1,2025-06-11 10:50:00+05:30,2025-06-11 10:55:00+05:30,2025-06-11 13:20:00+05:30,418.25,417.08035714285717,420.35535714285714,-1.1696,L
S704,ITC,2025-06-11 11:00:00+05:30,0.0197,0.0132,1,1.0,0.3278,71.43,-0.322,0,0.8752,1.0,1,1,0,1,0,1,2,2025-06-11 11:05:00+05:30,2025-06-11 11:10:00+05:30,2025-06-11 13:20:00+05:30,418.25,417.125,420.275,-1.125,L
S705,ITC,2025-06-11 11:25:00+05:30,0.0096,0.006,3,2.0,0.4375,69.23,-0.2,0,0.5115,1.0,5,0,0,0,0,5,6,2025-06-11 11:50:00+05:30,2025-06-11 11:55:00+05:30,2025-06-11 13:20:00+05:30,418.25,417.17857142857144,420.1785714285714,-1.0714,L
S706,ITC,2025-06-11 12:00:00+05:30,-0.0036,0.0036,0,,0.6009,14.29,-0.3407,0,0.2737,0.0,2,0,0,1,0,2,3,2025-06-11 12:10:00+05:30,2025-06-11 12:15:00+05:30,2025-06-11 13:10:00+05:30,418.3,417.35357142857146,420.0035714285714,-0.9464,L
S707,ITC,2025-06-11 12:20:00+05:30,-0.0018,-0.003,0,,0.0688,60.0,0.8182,0,1.007,,0,1,0,0,1,0,1,2025-06-11 12:20:00+05:30,2025-06-11 12:25:00+05:30,2025-06-11 13:00:00+05:30,418.55,417.55000000000007,420.34999999999997,-1.0,L
S708,ITC,2025-06-11 13:35:00+05:30,-0.0778,-0.0484,0,,3.4389,16.67,-0.9354,0,1.0676,1.0,9,1,0,0,0,9,10,2025-06-11 14:20:00+05:30,2025-06-11 14:25:00+05:30,2025-06-11 15:00:00+05:30,417.25,416.125,419.27500000000003,-0.05,EOD-
S709,ITC,2025-06-12 11:35:00+05:30,-0.1657,-0.189,0,,3.6497,33.33,-0.8769,0,0.5724,0.0,9,0,0,0,0,9,10,2025-06-12 12:20:00+05:30,2025-06-12 12:25:00+05:30,2025-06-12 15:00:00+05:30,412.65,410.9803571428571,415.65535714285716,-0.3,EOD-
S710,ITC,2025-06-13 10:25:00+05:30,-0.2385,-0.2004,0,,2.8497,33.33,-0.8389,0,1.2752,1.0,9,0,0,0,0,9,10,2025-06-13 11:10:00+05:30,2025-06-13 11:15:00+05:30,2025-06-13 14:00:00+05:30,408.75,407.1160714285714,411.69107142857143,-1.6339,L
S711,ITC,2025-06-13 11:20:00+05:30,-0.0624,-0.1413,0,,0.7778,40.0,-0.625,0,0.2652,1.0,3,0,0,0,0,3,4,2025-06-13 11:35:00+05:30,2025-06-13 11:40:00+05:30,2025-06-13 13:55:00+05:30,408.45,407.1642857142857,410.7642857142857,-1.2857,L
S712,ITC,2025-06-13 11:45:00+05:30,-0.0416,-0.0563,0,,0.2844,71.43,-1.0,0,0.3255,,0,1,0,1,1,0,1,2025-06-13 11:45:00+05:30,2025-06-13 11:50:00+05:30,2025-06-13 13:55:00+05:30,408.45,407.3071428571429,410.5071428571428,-1.1429,L
S713,ITC,2025-06-13 12:00:00+05:30,0.0037,-0.0416,2,2.0,0.0393,25.0,9.0,0,0.6532,,0,0,0,0,1,0,1,2025-06-13 12:00:00+05:30,2025-06-13 12:05:00+05:30,2025-06-13 13:55:00+05:30,408.6,407.6446428571429,410.31964285714287,-0.9554,L
S714,ITC,2025-06-13 12:10:00+05:30,0.0073,-0.0086,0,,1.0532,0.0,0.2195,0,1.5227,,0,1,0,0,1,0,1,2025-06-13 12:10:00+05:30,2025-06-13 12:15:00+05:30,2025-06-13 13:55:00+05:30,408.55,407.57678571428573,410.3017857142857,-0.9732,L
S715,ITC,2025-06-13 12:35:00+05:30,0.0245,0.0202,4,4.0,0.0283,0.0,4.0,0,0.3329,,0,0,0,1,1,0,1,2025-06-13 12:35:00+05:30,2025-06-13 12:40:00+05:30,2025-06-13 13:55:00+05:30,408.6,407.71607142857147,410.19107142857143,-0.8839,L
S716,ITC,2025-06-13 12:45:00+05:30,0.0147,0.019,0,,0.1352,100.0,-1.0,0,1.0646,0.0,1,0,0,1,0,1,2,2025-06-13 12:50:00+05:30,2025-06-13 12:55:00+05:30,2025-06-13 13:10:00+05:30,408.9,408.1142857142857,410.3142857142857,-0.7857,L
S717,ITC,2025-06-13 13:00:00+05:30,0.0202,0.0147,0,,0.2755,50.0,0.6216,0,0.4925,,0,0,1,1,1,0,1,2025-06-13 13:00:00+05:30,2025-06-13 13:05:00+05:30,2025-06-13 13:10:00+05:30,409.05,408.21071428571435,410.56071428571425,-0.8393,L
S718,ITC,2025-06-16 09:15:00+05:30,,,0,,2.2905,32.61,-0.265,0,0.5702,0.0,1,1,0,0,0,1,2,2025-06-16 09:20:00+05:30,2025-06-16 09:25:00+05:30,2025-06-16 10:35:00+05:30,406.7,405.2892857142857,409.2392857142857,2.5393,W
S719,ITC,2025-06-16 09:45:00+05:30,-0.0031,,4,4.0,0.136,71.43,1.9268,0,0.2979,,0,1,0,1,1,0,1,2025-06-16 09:45:00+05:30,2025-06-16 09:50:00+05:30,2025-06-16 13:35:00+05:30,406.2,404.31607142857143,409.5910714285714,3.3911,W
S720,ITC,2025-06-16 11:30:00+05:30,0.1426,0.1611,20,5.0,0.0554,0.0,11.7273,0,0.4805,,0,0,0,1,1,0,1,2025-06-16 11:30:00+05:30,2025-06-16 11:35:00+05:30,2025-06-16 15:00:00+05:30,408.7,407.45892857142854,410.93392857142857,0.45,EOD+
S721,ITC,2025-06-16 11:40:00+05:30,0.1388,0.1445,0,,0.4701,57.14,0.087,0,0.6844,,0,1,0,1,1,0,1,2025-06-16 11:40:00+05:30,2025-06-16 11:45:00+05:30,2025-06-16 15:00:00+05:30,409.15,407.9267857142857,411.3517857142857,0.0,EOD-
S722,ITC,2025-06-16 11:55:00+05:30,0.1076,0.1388,2,2.0,0.3474,60.0,0.194,0,0.5583,,0,0,0,1,1,0,1,2025-06-16 11:55:00+05:30,2025-06-16 12:00:00+05:30,2025-06-16 15:00:00+05:30,408.75,407.54464285714283,410.9196428571429,0.4,EOD+
S723,ITC,2025-06-16 12:05:00+05:30,0.0605,0.1211,0,,0.4826,83.33,-0.7802,0,0.4578,,0,0,0,1,1,0,1,2025-06-16 12:05:00+05:30,2025-06-16 12:10:00+05:30,2025-06-16 15:00:00+05:30,409.05,407.87142857142857,411.1714285714286,0.1,EOD+
S724,ITC,2025-06-16 12:15:00+05:30,0.0257,0.0862,0,,0.9154,40.0,-0.5294,0,1.0379,1.0,3,1,0,0,0,3,4,2025-06-16 12:30:00+05:30,2025-06-16 12:35:00+05:30,2025-06-16 15:00:00+05:30,409.15,407.9892857142857,411.2392857142857,0.0,EOD-
S725,ITC,2025-06-16 12:45:00+05:30,0.0067,-0.0031,1,1.0,0.3142,20.0,0.7544,0,1.2242,,0,0,0,0,1,0,1,2025-06-16 12:45:00+05:30,2025-06-16 12:50:00+05:30,2025-06-16 15:00:00+05:30,409.05,407.9160714285714,411.09107142857147,0.1,EOD+
S726,ITC,2025-06-16 12:55:00+05:30,-0.0043,0.0049,0,,0.4726,16.67,-1.0,0,0.8255,1.0,1,0,1,1,0,1,2,2025-06-16 13:00:00+05:30,2025-06-16 13:05:00+05:30,2025-06-16 15:00:00+05:30,409.15,408.1053571428571,411.03035714285716,0.0,EOD-
S727,ITC,2025-06-16 13:10:00+05:30,-0.0006,-0.0043,0,,0.6109,25.0,-0.5833,0,1.1262,1.0,3,1,0,1,0,3,4,2025-06-16 13:25:00+05:30,2025-06-16 13:30:00+05:30,2025-06-16 15:00:00+05:30,409.2,408.2178571428571,410.96785714285716,-0.05,EOD-
S728,ITC,2025-06-17 09:15:00+05:30,,,0,,2.9245,34.62,-0.5007,0,0.3347,0.0,6,0,0,1,0,6,7,2025-06-17 09:45:00+05:30,2025-06-17 09:50:00+05:30,2025-06-17 12:35:00+05:30,409.15,407.69464285714287,411.7696428571428,-1.4554,L
S729,ITC,2025-06-17 09:55:00+05:30,-0.0269,-0.0709,0,,0.0,60.0,,1,0.2037,,0,1,1,1,1,0,1,2025-06-17 09:55:00+05:30,2025-06-17 10:00:00+05:30,2025-06-17 12:35:00+05:30,409.35,407.7607142857143,412.21071428571435,-1.5893,L
S730,ITC,2025-06-17 10:10:00+05:30,0.0177,-0.0269,1,1.0,0.0191,33.33,7.0,0,0.1999,,0,0,0,1,1,0,1,2025-06-17 10:10:00+05:30,2025-06-17 10:15:00+05:30,2025-06-17 12:35:00+05:30,409.35,407.71607142857147,412.29107142857146,-1.6339,L
S731,ITC,2025-06-17 10:20:00+05:30,0.0208,0.0079,1,1.0,0.2172,20.0,0.4815,0,0.1725,,0,0,0,1,1,0,1,2025-06-17 10:20:00+05:30,2025-06-17 10:25:00+05:30,2025-06-17 12:35:00+05:30,409.3,407.74642857142857,412.0964285714286,-1.5536,L
S732,ITC,2025-06-17 10:30:00+05:30,-0.0031,0.0202,0,,0.5425,14.29,-0.3548,0,0.2938,1.0,1,1,0,1,0,1,2,2025-06-17 10:35:00+05:30,2025-06-17 10:40:00+05:30,2025-06-17 12:20:00+05:30,409.3,408.22857142857146,411.22857142857146,-1.0714,L
S733,ITC,2025-06-17 11:05:00+05:30,0.0312,-0.0122,5,1.0,1.1603,78.79,-0.9174,0,0.4401,0.0,3,0,0,1,0,3,4,2025-06-17 11:20:00+05:30,2025-06-17 11:25:00+05:30,2025-06-17 12:25:00+05:30,409.4,408.0964285714286,411.7464285714285,-1.3036,L
S734,ITC,2025-06-17 11:45:00+05:30,0.0244,0.0214,3,1.0,0.1,33.33,4.2174,0,0.7443,,0,0,0,0,1,0,1,2025-06-17 11:45:00+05:30,2025-06-17 11:50:00+05:30,2025-06-17 12:20:00+05:30,409.7,408.2625,412.2875,-1.4375,L
S735,ITC,2025-06-17 12:50:00+05:30,-0.1101,-0.0905,0,,3.1147,33.33,-0.9303,0,0.6996,1.0,9,0,0,0,0,9,10,2025-06-17 13:35:00+05:30,2025-06-17 13:40:00+05:30,2025-06-17 15:00:00+05:30,408.25,407.09821428571433,410.32321428571424,0.45,EOD+
S736,ITC,2025-06-17 13:50:00+05:30,-0.0515,-0.1023,2,1.0,0.6216,78.57,-0.4175,0,0.5924,0.0,1,1,0,1,0,1,2,2025-06-17 13:55:00+05:30,2025-06-17 14:00:00+05:30,2025-06-17 15:00:00+05:30,407.8,406.76428571428573,409.6642857142857,0.9,EOD+
S737,ITC,2025-06-17 14:15:00+05:30,-0.0031,-0.0337,2,1.0,0.1068,54.55,2.3333,0,0.5557,,0,1,0,0,1,0,1,2025-06-17 14:15:00+05:30,2025-06-17 14:20:00+05:30,2025-06-17 15:00:00+05:30,407.95,406.89642857142854,409.8464285714286,0.75,EOD+
S738,ITC,2025-06-17 14:30:00+05:30,0.0276,-0.0031,1,1.0,0.1086,0.0,4.5556,0,0.9758,,0,0,0,1,1,0,1,2025-06-17 14:30:00+05:30,2025-06-17 14:35:00+05:30,2025-06-17 15:00:00+05:30,408.0,406.96428571428567,409.86428571428576,0.7,EOD+
S739,ITC,2025-06-18 09:15:00+05:30,,,0,,2.7823,37.5,-0.4268,0,0.4243,0.0,1,0,0,0,0,1,2,2025-06-18 09:20:00+05:30,2025-06-18 09:25:00+05:30,2025-06-18 11:25:00+05:30,408.55,407.13928571428573,411.0892857142857,-1.4107,L
S740,ITC,2025-06-18 09:30:00+05:30,,,0,,0.2254,40.0,0.7544,0,0.3051,,0,1,1,0,1,0,1,2025-06-18 09:30:00+05:30,2025-06-18 09:35:00+05:30,2025-06-18 11:15:00+05:30,408.8,407.21964285714284,411.64464285714286,-1.5804,L
S741,ITC,2025-06-18 09:40:00+05:30,0.0398,,1,1.0,0.0492,61.54,6.6923,0,0.1816,,0,0,0,1,1,0,1,2025-06-18 09:40:00+05:30,2025-06-18 09:45:00+05:30,2025-06-18 11:30:00+05:30,408.7,407.04821428571427,411.67321428571427,-1.6518,L
S742,ITC,2025-06-18 09:50:00+05:30,0.0441,,1,1.0,0.2385,83.33,-0.6721,0,0.2542,,0,0,0,1,1,0,1,2025-06-18 09:50:00+05:30,2025-06-18 09:55:00+05:30,2025-06-18 11:15:00+05:30,409.0,407.4017857142857,411.8767857142857,-1.5982,L
S743,ITC,2025-06-18 10:00:00+05:30,0.044,0.0385,1,1.0,0.2713,11.11,0.4493,0,0.1998,,0,1,0,1,1,0,1,2025-06-18 10:00:00+05:30,2025-06-18 10:05:00+05:30,2025-06-18 11:25:00+05:30,408.65,407.06071428571425,411.51071428571424,-1.5893,L
S744,ITC,2025-06-18 10:30:00+05:30,0.0312,0.044,4,3.0,0.4883,40.0,0.0619,0,0.5629,,0,1,0,1,1,0,1,2025-06-18 10:30:00+05:30,2025-06-18 10:35:00+05:30,2025-06-18 11:15:00+05:30,408.7,407.25357142857143,411.30357142857144,-1.4464,L
S745,ITC,2025-06-18 10:40:00+05:30,0.0177,0.0404,0,,0.1815,37.5,0.4286,0,0.6492,,0,0,0,1,1,0,1,2025-06-18 10:40:00+05:30,2025-06-18 10:45:00+05:30,2025-06-18 11:15:00+05:30,408.9,407.4535714285714,411.50357142857143,-1.4464,L
S746,ITC,2025-06-18 11:20:00+05:30,-0.0624,-0.0049,0,,2.6273,50.0,-0.8962,0,0.7201,0.0,9,1,0,1,0,9,10,2025-06-18 12:05:00+05:30,2025-06-18 12:10:00+05:30,2025-06-18 12:25:00+05:30,408.05,406.675,410.52500000000003,-1.375,L
S747,ITC,2025-06-18 12:20:00+05:30,-0.0748,-0.1054,1,1.0,1.5054,62.96,-0.6078,0,0.9182,0.0,2,0,0,0,0,2,3,2025-06-18 12:30:00+05:30,2025-06-18 12:35:00+05:30,2025-06-18 15:00:00+05:30,407.5,406.0178571428571,410.16785714285714,-0.15,EOD-
S748,ITC,2025-06-18 12:40:00+05:30,-0.0656,-0.0687,0,,0.2987,12.5,0.25,0,0.512,,0,0,0,1,1,0,1,2025-06-18 12:40:00+05:30,2025-06-18 12:45:00+05:30,2025-06-18 15:00:00+05:30,407.65,406.31071428571425,410.06071428571425,-0.3,EOD-
S749,ITC,2025-06-18 12:50:00+05:30,-0.0423,-0.073,0,,0.7556,22.22,-0.6319,0,0.4423,0.0,4,0,0,1,0,4,5,2025-06-18 13:10:00+05:30,2025-06-18 13:15:00+05:30,2025-06-18 15:00:00+05:30,407.6,406.25178571428575,410.0267857142857,-0.25,EOD-
S750,ITC,2025-06-19 09:15:00+05:30,,,0,,1.2609,20.59,-0.3382,0,0.6302,0.0,1,1,0,0,0,1,2,2025-06-19 09:20:00+05:30,2025-06-19 09:25:00+05:30,2025-06-19 11:10:00+05:30,407.2,405.85178571428565,409.6267857142858,2.4268,W
S751,ITC,2025-06-19 13:10:00+05:30,-0.0765,-0.052,0,,2.0559,18.18,-0.4479,0,0.7115,1.0,9,0,0,1,0,9,10,2025-06-19 13:55:00+05:30,2025-06-19 14:00:00+05:30,2025-06-19 14:40:00+05:30,408.4,407.40892857142853,410.18392857142857,-0.9911,L
S752,ITC,2025-06-20 09:15:00+05:30,,,0,,0.3898,39.02,-1.0,0,0.9693,,0,0,1,0,1,0,1,2025-06-20 09:15:00+05:30,2025-06-20 09:20:00+05:30,2025-06-20 15:00:00+05:30,408.45,406.87857142857143,411.2785714285714,1.75,EOD+
S753,ITC,2025-06-20 09:30:00+05:30,,,2,2.0,0.2149,27.27,1.2581,0,0.242,,0,1,0,1,1,0,1,2025-06-20 09:30:00+05:30,2025-06-20 09:35:00+05:30,2025-06-20 15:00:00+05:30,407.75,405.94642857142856,410.99642857142857,2.45,EOD+
S754,ITC,2025-06-20 11:10:00+05:30,0.1239,0.1496,18,8.0,0.2446,50.0,-0.6923,0,0.5432,1.0,5,0,0,0,0,5,6,2025-06-20 11:35:00+05:30,2025-06-20 11:40:00+05:30,2025-06-20 15:00:00+05:30,410.2,408.5392857142857,413.1892857142857,0.0,EOD-
S755,ITC,2025-06-20 11:45:00+05:30,0.0525,0.0519,1,1.0,0.0201,33.33,-1.0,0,0.5611,,0,1,1,1,1,0,1,2025-06-20 11:45:00+05:30,2025-06-20 11:50:00+05:30,2025-06-20 15:00:00+05:30,410.1,408.8589285714286,412.3339285714286,0.1,EOD+
S756,ITC,2025-06-20 12:00:00+05:30,0.0323,0.0525,2,2.0,0.0,76.92,,1,0.5434,,0,1,0,0,1,0,1,2025-06-20 12:00:00+05:30,2025-06-20 12:05:00+05:30,2025-06-20 15:00:00+05:30,410.05,408.8982142857143,412.1232142857143,0.15,EOD+
S757,ITC,2025-06-20 12:30:00+05:30,0.0079,0.0006,5,3.0,0.1338,41.67,-0.2308,0,0.9483,1.0,7,0,0,0,0,7,8,2025-06-20 13:05:00+05:30,2025-06-20 13:10:00+05:30,2025-06-20 15:00:00+05:30,409.95,408.73571428571427,412.1357142857143,0.25,EOD+
S758,ITC,2025-06-20 13:15:00+05:30,0.0171,-0.0024,0,,0.9333,62.5,-0.5745,0,0.9407,,0,0,0,0,1,0,1,2025-06-20 13:15:00+05:30,2025-06-20 13:20:00+05:30,2025-06-20 15:00:00+05:30,410.2,408.94107142857143,412.4660714285714,0.0,EOD-
S759,ITC,2025-06-20 13:25:00+05:30,0.0104,0.0195,0,,0.3234,14.29,-0.403,0,0.5387,0.0,4,0,0,1,0,4,5,2025-06-20 13:45:00+05:30,2025-06-20 13:50:00+05:30,2025-06-20 15:00:00+05:30,410.0,408.70535714285717,412.33035714285717,0.2,EOD+
S760,ITC,2025-06-20 13:55:00+05:30,-0.0281,-0.0201,0,,0.0522,71.43,-1.0,0,0.9058,1.0,1,1,0,1,0,1,2,2025-06-20 14:00:00+05:30,2025-06-20 14:05:00+05:30,2025-06-20 15:00:00+05:30,409.85,408.65357142857147,412.00357142857143,0.35,EOD+
S761,ITC,2025-06-20 14:10:00+05:30,-0.0281,-0.0281,0,,0.6626,80.0,-0.6774,0,0.7231,0.0,2,0,0,0,0,2,3,2025-06-20 14:20:00+05:30,2025-06-20 14:25:00+05:30,2025-06-20 15:00:00+05:30,409.85,408.6803571428572,411.95535714285717,0.35,EOD+
S762,ITC,2025-06-20 14:30:00+05:30,0.011,-0.022,0,,0.2917,27.27,-0.6,0,1.0437,,0,1,1,1,1,0,1,2025-06-20 14:30:00+05:30,2025-06-20 14:35:00+05:30,2025-06-20 15:00:00+05:30,409.95,408.87857142857143,411.8785714285714,0.25,EOD+
S763,ITC,2025-06-23 09:50:00+05:30,-0.2437,,0,,3.1776,40.0,-0.9614,0,0.3032,0.0,9,1,0,0,0,9,10,2025-06-23 10:35:00+05:30,2025-06-23 10:40:00+05:30,2025-06-23 15:00:00+05:30,406.55,404.51428571428573,410.2142857142858,1.75,EOD+
S764,ITC,2025-06-23 11:55:00+05:30,0.0805,0.0885,14,5.0,0.0566,44.44,4.4545,0,1.9103,,0,0,1,0,1,0,1,2025-06-23 11:55:00+05:30,2025-06-23 12:00:00+05:30,2025-06-23 15:00:00+05:30,407.1,405.8857142857143,409.2857142857144,1.2,EOD+
S765,ITC,2025-06-23 12:05:00+05:30,0.0688,0.0842,0,,0.6481,50.0,-0.84,0,0.4522,0.0,1,0,0,0,0,1,2,2025-06-23 12:10:00+05:30,2025-06-23 12:15:00+05:30,2025-06-23 15:00:00+05:30,407.05,405.84464285714284,409.2196428571429,1.25,EOD+
S766,ITC,2025-06-23 12:20:00+05:30,0.0362,0.0688,0,,0.8015,57.14,-0.7333,0,0.5812,1.0,1,0,0,1,0,1,2,2025-06-23 12:25:00+05:30,2025-06-23 12:30:00+05:30,2025-06-23 15:00:00+05:30,407.2,406.0303571428571,409.3053571428572,1.1,EOD+
S767,ITC,2025-06-23 12:35:00+05:30,0.0098,0.0362,0,,0.875,40.0,-0.7419,0,0.2979,0.0,8,1,0,1,0,8,9,2025-06-23 13:15:00+05:30,2025-06-23 13:20:00+05:30,2025-06-23 15:00:00+05:30,407.15,406.0428571428571,409.14285714285717,1.15,EOD+
S768,ITC,2025-06-24 09:15:00+05:30,,,0,,0.878,42.55,0.4595,0,1.3345,,0,1,1,0,1,0,1,2025-06-24 09:15:00+05:30,2025-06-24 09:20:00+05:30,2025-06-24 13:35:00+05:30,409.5,406.86607142857144,414.24107142857144,-2.6339,L
S769,ITC,2025-06-24 09:45:00+05:30,0.0349,,5,3.0,0.2235,75.86,-0.1228,0,0.2167,0.0,1,1,1,0,0,1,2,2025-06-24 09:50:00+05:30,2025-06-24 09:55:00+05:30,2025-06-24 14:55:00+05:30,408.75,405.5625,414.4875,-3.1875,L
S770,ITC,2025-06-24 10:35:00+05:30,0.0777,0.0441,8,5.0,0.3759,70.0,-0.4495,0,0.5869,1.0,1,0,0,0,0,1,2,2025-06-24 10:40:00+05:30,2025-06-24 10:45:00+05:30,2025-06-24 13:35:00+05:30,408.8,406.9875,412.0625,-1.8125,L
S771,ITC,2025-06-24 10:50:00+05:30,0.1351,0.0777,0,,1.6066,11.76,-0.381,0,0.9924,1.0,2,1,0,1,0,2,3,2025-06-24 11:00:00+05:30,2025-06-24 11:05:00+05:30,2025-06-24 13:20:00+05:30,409.2,407.56607142857143,412.14107142857137,-1.6339,L
S772,ITC,2025-06-25 09:55:00+05:30,0.0787,0.0941,8,2.0,0.0209,40.0,9.0,0,0.3758,,0,1,1,0,1,0,1,2025-06-25 09:55:00+05:30,2025-06-25 10:00:00+05:30,2025-06-25 15:00:00+05:30,406.9,405.10535714285714,410.1303571428571,0.85,EOD+
S773,ITC,2025-06-25 10:15:00+05:30,0.0436,0.0621,2,2.0,0.0389,33.33,2.6364,0,0.2607,,0,1,1,1,1,0,1,2025-06-25 10:15:00+05:30,2025-06-25 10:20:00+05:30,2025-06-25 15:00:00+05:30,407.1,405.3321428571429,410.28214285714284,0.65,EOD+
S774,ITC,2025-06-25 10:25:00+05:30,0.0712,0.0399,0,,0.2401,84.21,-0.322,0,0.2707,,0,1,0,1,1,0,1,2025-06-25 10:25:00+05:30,2025-06-25 10:30:00+05:30,2025-06-25 15:00:00+05:30,407.75,406.2142857142857,410.5142857142857,0.0,EOD-
S775,ITC,2025-06-25 11:55:00+05:30,0.115,0.0992,17,9.0,0.0908,42.86,1.3529,0,0.5689,,0,0,0,0,1,0,1,2025-06-25 11:55:00+05:30,2025-06-25 12:00:00+05:30,2025-06-25 12:50:00+05:30,408.65,407.48035714285714,410.75535714285706,-1.1696,L
S776,ITC,2025-06-25 12:20:00+05:30,0.0031,0.0856,0,,2.2157,36.36,-0.9005,0,0.7483,1.0,9,1,0,1,0,9,10,2025-06-25 13:05:00+05:30,2025-06-25 13:10:00+05:30,2025-06-25 15:00:00+05:30,408.35,407.21607142857147,410.39107142857137,-0.6,EOD-
S777,ITC,2025-06-25 14:00:00+05:30,0.0575,0.0337,9,6.0,0.0686,66.67,1.0,0,1.1976,,0,1,1,0,1,0,1,2025-06-25 14:00:00+05:30,2025-06-25 14:05:00+05:30,2025-06-25 14:30:00+05:30,408.7,407.7892857142857,410.33928571428567,-0.9107,L
S778,ITC,2025-06-25 14:20:00+05:30,0.041,0.0545,3,3.0,0.4461,14.29,0.2308,0,0.8504,,0,0,0,1,1,0,1,2025-06-25 14:20:00+05:30,2025-06-25 14:25:00+05:30,2025-06-25 14:30:00+05:30,408.65,407.7392857142857,410.2892857142857,-0.9107,L
S779,ITC,2025-06-26 09:15:00+05:30,,,0,,1.103,54.17,-0.4231,0,1.4317,0.0,1,0,0,0,0,1,2,2025-06-26 09:20:00+05:30,2025-06-26 09:25:00+05:30,2025-06-26 14:10:00+05:30,408.65,407.47142857142853,410.77142857142854,2.1214,W
S780,ITC,2025-06-26 10:40:00+05:30,0.1033,0.1217,15,6.0,0.8322,88.0,-0.8131,0,0.5737,0.0,4,0,0,1,0,4,5,2025-06-26 11:00:00+05:30,2025-06-26 11:05:00+05:30,2025-06-26 15:00:00+05:30,409.4,407.79285714285714,412.29285714285714,2.15,EOD+
S781,ITC,2025-06-26 11:10:00+05:30,0.0525,0.0721,0,,0.179,50.0,-0.1111,0,1.0885,,0,0,0,0,1,0,1,2025-06-26 11:10:00+05:30,2025-06-26 11:15:00+05:30,2025-06-26 15:00:00+05:30,409.6,408.02857142857147,412.42857142857144,1.95,EOD+
S782,ITC,2025-06-26 11:20:00+05:30,0.0519,0.0568,0,,0.42,12.5,-0.0196,0,1.4456,1.0,2,0,0,1,0,2,3,2025-06-26 11:30:00+05:30,2025-06-26 11:35:00+05:30,2025-06-26 15:00:00+05:30,409.5,407.9821428571429,412.23214285714283,2.05,EOD+
S783,ITC,2025-06-26 11:45:00+05:30,-0.0385,0.0366,0,,1.5097,78.57,-0.8997,0,0.5403,1.0,9,1,1,0,0,9,10,2025-06-26 12:30:00+05:30,2025-06-26 12:35:00+05:30,2025-06-26 15:00:00+05:30,409.1,407.4482142857143,412.0732142857143,2.45,EOD+
S784,ITC,2025-06-26 12:40:00+05:30,-0.0043,-0.0434,1,1.0,0.602,81.82,-0.6899,0,1.5409,1.0,6,1,0,1,0,6,7,2025-06-26 13:10:00+05:30,2025-06-26 13:15:00+05:30,2025-06-26 14:55:00+05:30,408.85,407.5107142857143,411.2607142857143,2.4107,W
S785,ITC,2025-06-26 13:25:00+05:30,-0.0043,-0.0673,1,1.0,0.1322,45.45,3.4444,0,0.4096,,0,0,0,1,1,0,1,2025-06-26 13:25:00+05:30,2025-06-26 13:30:00+05:30,2025-06-26 14:55:00+05:30,408.9,407.6232142857142,411.19821428571436,2.2982,W
S786,ITC,2025-06-26 13:35:00+05:30,0.0263,-0.0171,0,,0.3905,33.33,0.4634,0,0.9588,,0,1,0,0,1,0,1,2025-06-26 13:35:00+05:30,2025-06-26 13:40:00+05:30,2025-06-26 14:55:00+05:30,409.05,407.73749999999995,411.4125000000001,2.3625,W
S787,ITC,2025-06-27 09:15:00+05:30,,,0,,0.3465,1.89,5.5306,0,1.7408,,0,0,0,0,1,0,1,2025-06-27 09:15:00+05:30,2025-06-27 09:20:00+05:30,2025-06-27 13:00:00+05:30,412.1,410.33214285714286,415.2821428571429,-1.7679,L
S788,ITC,2025-06-27 09:40:00+05:30,0.0815,,4,4.0,0.4793,77.78,-0.4737,0,0.8059,1.0,2,0,0,0,0,2,3,2025-06-27 09:50:00+05:30,2025-06-27 09:55:00+05:30,2025-06-27 15:00:00+05:30,411.6,409.61785714285713,415.1678571428572,-1.9821,L
S789,ITC,2025-06-27 10:00:00+05:30,0.0486,0.0553,1,1.0,0.0706,28.57,0.8182,0,0.1627,,0,0,0,1,1,0,1,2025-06-27 10:00:00+05:30,2025-06-27 10:05:00+05:30,2025-06-27 15:00:00+05:30,411.6,409.6535714285714,415.10357142857146,-1.9464,L
S790,ITC,2025-06-27 10:10:00+05:30,0.0547,0.0474,0,,1.053,46.15,-0.6532,0,0.3751,0.0,7,0,0,0,0,7,8,2025-06-27 10:45:00+05:30,2025-06-27 10:50:00+05:30,2025-06-27 15:00:00+05:30,411.4,409.34642857142853,415.0964285714286,-1.5,EOD-
S791,ITC,2025-06-27 10:55:00+05:30,-0.0353,-0.0334,0,,0.6048,75.0,-0.685,0,0.6028,0.0,9,0,0,1,0,9,10,2025-06-27 11:40:00+05:30,2025-06-27 11:45:00+05:30,2025-06-27 14:50:00+05:30,411.2,409.8875,413.5625,-1.3125,L
S792,ITC,2025-06-27 12:45:00+05:30,0.0188,0.0103,12,10.0,0.1186,50.0,3.0,0,1.1267,,0,0,0,0,1,0,1,2025-06-27 12:45:00+05:30,2025-06-27 12:50:00+05:30,2025-06-27 13:00:00+05:30,411.4,410.34642857142853,413.2964285714285,-1.0536,L
S793,ITC,2025-06-27 13:40:00+05:30,-0.059,-0.0097,0,,1.9333,11.11,-0.7537,0,3.3394,1.0,9,0,0,0,0,9,10,2025-06-27 14:25:00+05:30,2025-06-27 14:30:00+05:30,2025-06-27 15:00:00+05:30,410.5,409.1875,412.8625,-0.6,EOD-
S794,ITC,2025-06-30 09:15:00+05:30,,,0,,0.609,26.19,0.6883,0,0.5013,,0,1,1,1,1,0,1,2025-06-30 09:15:00+05:30,2025-06-30 09:20:00+05:30,2025-06-30 13:00:00+05:30,410.7,409.1196428571429,413.5446428571428,-1.5804,L
S795,ITC,2025-06-30 09:40:00+05:30,0.0481,,4,4.0,0.4066,30.0,-0.0977,0,0.2195,0.0,2,1,0,0,0,2,3,2025-06-30 09:50:00+05:30,2025-06-30 09:55:00+05:30,2025-06-30 13:00:00+05:30,410.7,408.65535714285716,414.3803571428571,-2.0446,L
S796,ITC,2025-06-30 11:15:00+05:30,-0.1085,-0.1011,0,,2.4262,0.0,-0.7759,0,1.5333,1.0,9,0,0,0,0,9,10,2025-06-30 12:00:00+05:30,2025-06-30 12:05:00+05:30,2025-06-30 13:00:00+05:30,409.75,408.8303571428571,411.40535714285716,-0.9196,L
S797,ITC,2025-06-30 12:10:00+05:30,-0.0507,-0.0781,0,,0.32,0.0,1.5,0,0.9735,,0,0,0,1,1,0,1,2025-06-30 12:10:00+05:30,2025-06-30 12:15:00+05:30,2025-06-30 13:00:00+05:30,409.75,409.125,410.875,-0.625,L
S798,ITC,2025-07-01 09:55:00+05:30,0.0521,0.0662,8,7.0,0.6507,18.18,-0.0909,0,0.2941,0.0,2,0,0,0,0,2,3,2025-07-01 10:05:00+05:30,2025-07-01 10:10:00+05:30,2025-07-01 14:15:00+05:30,408.4,407.1321428571428,410.6821428571429,-1.2679,L
S799,ITC,2025-07-01 10:15:00+05:30,0.0429,0.0459,0,,0.2465,83.33,-1.0,0,0.3721,,0,1,0,1,1,0,1,2025-07-01 10:15:00+05:30,2025-07-01 10:20:00+05:30,2025-07-01 14:15:00+05:30,408.35,407.0821428571429,410.63214285714287,-1.2679,L
S800,ITC,2025-07-01 10:30:00+05:30,0.0373,0.0429,1,1.0,0.6486,100.0,-1.0,0,1.5487,1.0,8,1,0,1,0,8,9,2025-07-01 11:10:00+05:30,2025-07-01 11:15:00+05:30,2025-07-01 11:20:00+05:30,408.45,407.4767857142857,410.2017857142857,1.7518,W
S801,ITC,2025-07-01 11:55:00+05:30,0.0783,0.0906,8,7.0,0.3988,30.77,0.6327,0,1.2322,,0,0,0,0,1,0,1,2025-07-01 11:55:00+05:30,2025-07-01 12:00:00+05:30,2025-07-01 13:45:00+05:30,408.85,407.31428571428575,411.6142857142857,-1.5357,L
S802,ITC,2025-07-02 09:15:00+05:30,,,0,,1.5496,86.36,-0.5862,0,0.3723,0.0,2,0,1,1,0,2,3,2025-07-02 09:25:00+05:30,2025-07-02 09:30:00+05:30,2025-07-02 10:00:00+05:30,407.25,406.0803571428571,409.35535714285714,-1.1696,L
S803,ITC,2025-07-02 09:40:00+05:30,-0.0234,,2,2.0,0.06,50.0,0.6667,0,0.406,,0,0,0,1,1,0,1,2025-07-02 09:40:00+05:30,2025-07-02 09:45:00+05:30,2025-07-02 10:00:00+05:30,406.75,405.5,409.0,-1.25,L
S804,ITC,2025-07-02 11:25:00+05:30,-0.1493,-0.1387,0,,2.1452,25.0,-0.9298,0,1.3383,1.0,9,0,0,1,0,9,10,2025-07-02 12:10:00+05:30,2025-07-02 12:15:00+05:30,2025-07-02 14:40:00+05:30,404.8,403.96964285714284,406.2946428571429,-0.8304,L
S805,ITC,2025-07-02 12:20:00+05:30,-0.0334,-0.0618,0,,0.1695,60.87,2.4783,0,2.1159,,0,1,0,0,1,0,1,2025-07-02 12:20:00+05:30,2025-07-02 12:25:00+05:30,2025-07-02 14:40:00+05:30,405.45,404.6017857142857,406.97678571428565,-0.8482,L
S806,ITC,2025-07-02 13:25:00+05:30,0.0734,0.0888,12,3.0,0.48,37.5,0.1111,0,1.0004,,0,0,0,0,1,0,1,2025-07-02 13:25:00+05:30,2025-07-02 13:30:00+05:30,2025-07-02 14:40:00+05:30,405.5,404.5625,407.1875,-0.9375,L
S807,ITC,2025-07-03 09:15:00+05:30,,,0,,1.9688,71.79,-0.5556,0,0.4285,0.0,7,1,0,1,0,7,8,2025-07-03 09:50:00+05:30,2025-07-03 09:55:00+05:30,2025-07-03 11:20:00+05:30,404.4,402.97142857142853,406.97142857142853,2.5714,W
S808,ITC,2025-07-03 11:10:00+05:30,0.0735,0.0427,15,7.0,0.1193,30.77,5.087,0,0.777,,0,1,0,1,1,0,1,2025-07-03 11:10:00+05:30,2025-07-03 11:15:00+05:30,2025-07-03 11:20:00+05:30,404.8,403.5946428571429,406.96964285714284,2.1696,W
S809,ITC,2025-07-03 11:45:00+05:30,0.0771,0.1345,5,4.0,0.7323,47.06,-0.4714,0,0.4325,0.0,2,0,0,1,0,2,3,2025-07-03 11:55:00+05:30,2025-07-03 12:00:00+05:30,2025-07-03 15:00:00+05:30,405.35,403.4125,408.8375,-1.25,EOD-
S810,ITC,2025-07-03 12:05:00+05:30,0.0271,0.0574,0,,0.525,30.0,-0.8788,0,0.8351,1.0,3,1,0,0,0,3,4,2025-07-03 12:20:00+05:30,2025-07-03 12:25:00+05:30,2025-07-03 14:35:00+05:30,405.55,403.5857142857143,409.0857142857143,-1.9643,L
S811,ITC,2025-07-03 12:40:00+05:30,0.0407,0.0123,2,2.0,0.3541,0.0,0.1628,0,0.7332,,0,0,0,0,1,0,1,2025-07-03 12:40:00+05:30,2025-07-03 12:45:00+05:30,2025-07-03 14:30:00+05:30,405.5,403.9821428571429,408.23214285714283,-1.5179,L
S812,ITC,2025-07-03 12:50:00+05:30,0.0419,0.0265,0,,0.1282,16.67,-1.0,0,1.4333,1.0,3,0,0,0,0,3,4,2025-07-03 13:05:00+05:30,2025-07-03 13:10:00+05:30,2025-07-03 14:30:00+05:30,405.55,404.2821428571429,407.83214285714286,-1.2679,L
S813,ITC,2025-07-03 13:15:00+05:30,-0.0438,-0.0043,1,1.0,0.7185,6.25,0.2903,0,1.1796,,0,1,0,0,1,0,1,2025-07-03 13:15:00+05:30,2025-07-03 13:20:00+05:30,2025-07-03 14:30:00+05:30,405.5,404.1517857142857,407.9267857142857,-1.3482,L
S814,ITC,2025-07-03 13:45:00+05:30,0.0456,0.0018,5,1.0,0.1312,94.74,-1.0,0,0.8712,0.0,5,0,0,1,0,5,6,2025-07-03 14:10:00+05:30,2025-07-03 14:15:00+05:30,2025-07-03 14:30:00+05:30,405.6,404.1714285714286,408.17142857142863,-1.4286,L
S815,ITC,2025-07-04 09:45:00+05:30,-0.0241,,6,6.0,0.4929,27.27,0.0084,0,0.4037,,0,1,1,0,1,0,1,2025-07-04 09:45:00+05:30,2025-07-04 09:50:00+05:30,2025-07-04 15:00:00+05:30,404.7,403.19107142857143,407.4160714285714,-0.65,EOD-
S816,ITC,2025-07-04 09:55:00+05:30,-0.0037,-0.021,0,,0.1921,33.33,1.6667,0,0.1561,,0,0,0,0,1,0,1,2025-07-04 09:55:00+05:30,2025-07-04 10:00:00+05:30,2025-07-04 13:50:00+05:30,405.05,403.58571428571435,407.68571428571425,-1.4643,L
S817,ITC,2025-07-04 10:10:00+05:30,0.063,-0.0037,2,2.0,0.1028,44.44,-0.0476,0,0.331,,0,0,0,1,1,0,1,2025-07-04 10:10:00+05:30,2025-07-04 10:15:00+05:30,2025-07-04 13:35:00+05:30,405.1,403.82321428571436,407.39821428571423,-1.2768,L
S818,ITC,2025-07-04 10:20:00+05:30,0.0661,0.0383,0,,0.537,33.33,-1.0,0,4.4916,1.0,8,1,0,0,0,8,9,2025-07-04 11:00:00+05:30,2025-07-04 11:05:00+05:30,2025-07-04 13:25:00+05:30,405.2,403.8964285714286,407.5464285714285,-1.3036,L
S819,ITC,2025-07-04 11:20:00+05:30,-0.0043,-0.0333,3,3.0,0.7,66.67,-0.6364,0,1.8089,1.0,6,0,0,1,0,6,7,2025-07-04 11:50:00+05:30,2025-07-04 11:55:00+05:30,2025-07-04 13:25:00+05:30,404.85,403.8678571428572,406.61785714285713,-0.9821,L
S820,ITC,2025-07-07 09:15:00+05:30,,,0,,0.6609,6.9,1.2368,0,0.8967,,0,1,0,0,1,0,1,2025-07-07 09:15:00+05:30,2025-07-07 09:20:00+05:30,2025-07-07 10:00:00+05:30,404.35,402.9125,406.9375,2.5875,W
S821,ITC,2025-07-07 12:05:00+05:30,0.0773,0.0908,33,4.0,0.2959,50.0,0.5385,0,1.1629,,0,1,0,0,1,0,1,2025-07-07 12:05:00+05:30,2025-07-07 12:10:00+05:30,2025-07-07 15:00:00+05:30,407.65,406.5517857142857,409.62678571428575,0.05,EOD+
S822,ITC,2025-07-07 12:15:00+05:30,0.0675,0.0914,0,,0.0,8.33,,1,1.4677,,0,1,1,0,1,0,1,2025-07-07 12:15:00+05:30,2025-07-07 12:20:00+05:30,2025-07-07 15:00:00+05:30,408.25,407.0892857142857,410.3392857142857,-0.55,EOD-
S823,ITC,2025-07-07 13:30:00+05:30,-0.0025,0.0398,0,,1.1461,33.33,-0.8802,0,1.1525,1.0,9,1,0,0,0,9,10,2025-07-07 14:15:00+05:30,2025-07-07 14:20:00+05:30,2025-07-07 15:00:00+05:30,408.15,407.2392857142857,409.7892857142857,-0.45,EOD-
S824,ITC,2025-07-08 09:15:00+05:30,,,0,,2.3551,15.38,-0.3451,0,0.8528,0.0,1,0,1,0,0,1,2,2025-07-08 09:20:00+05:30,2025-07-08 09:25:00+05:30,2025-07-08 13:10:00+05:30,408.05,406.99642857142857,409.9464285714286,-1.0536,L
S825,ITC,2025-07-08 09:30:00+05:30,,,0,,1.1375,66.67,-1.0,0,0.2734,0.0,3,0,0,0,0,3,4,2025-07-08 09:45:00+05:30,2025-07-08 09:50:00+05:30,2025-07-08 13:20:00+05:30,407.65,406.5071428571428,409.70714285714286,-1.1429,L
S826,ITC,2025-07-08 09:55:00+05:30,-0.0215,-0.0159,0,,0.5859,66.67,-0.823,0,0.341,0.0,3,0,1,1,0,3,4,2025-07-08 10:10:00+05:30,2025-07-08 10:15:00+05:30,2025-07-08 13:35:00+05:30,407.65,406.4446428571428,409.81964285714287,-1.2054,L
S827,ITC,2025-07-08 10:20:00+05:30,-0.0123,-0.0215,0,,0.2708,12.5,0.1321,0,0.3559,,0,1,0,1,1,0,1,2025-07-08 10:20:00+05:30,2025-07-08 10:25:00+05:30,2025-07-08 13:35:00+05:30,407.6,406.37678571428575,409.80178571428576,-1.2232,L
S828,ITC,2025-07-08 11:25:00+05:30,0.038,0.0398,11,7.0,0.1135,60.0,0.1111,0,0.6846,,0,0,0,0,1,0,1,2025-07-08 11:25:00+05:30,2025-07-08 11:30:00+05:30,2025-07-08 13:10:00+05:30,407.95,406.95892857142854,409.7339285714285,-0.9911,L
S829,ITC,2025-07-08 11:35:00+05:30,0.0257,0.0392,0,,0.8784,80.0,-0.8437,0,1.0994,1.0,4,0,0,0,0,4,5,2025-07-08 11:55:00+05:30,2025-07-08 12:00:00+05:30,2025-07-08 13:00:00+05:30,408.25,407.3392857142857,409.8892857142857,-0.9107,L
S830,ITC,2025-07-08 12:05:00+05:30,0.0331,0.0233,0,,0.63,46.15,0.6667,0,5.2241,,0,0,0,0,1,0,1,2025-07-08 12:05:00+05:30,2025-07-08 12:10:00+05:30,2025-07-08 12:40:00+05:30,408.45,407.73571428571427,409.7357142857143,-0.7143,L
S831,ITC,2025-07-08 12:35:00+05:30,0.0184,0.0355,5,3.0,0.2545,25.0,1.8571,0,1.5012,,0,0,0,1,1,0,1,2025-07-08 12:35:00+05:30,2025-07-08 12:40:00+05:30,2025-07-08 12:40:00+05:30,408.35,407.6625,409.5875000000001,-0.6875,L
S832,ITC,2025-07-08 13:25:00+05:30,-0.0631,-0.049,0,,3.5343,40.0,-0.9223,0,1.6703,1.0,9,1,1,0,0,9,10,2025-07-08 14:10:00+05:30,2025-07-08 14:15:00+05:30,2025-07-08 15:00:00+05:30,407.3,406.38928571428573,408.9392857142857,0.5,EOD+
S833,ITC,2025-07-09 09:15:00+05:30,,,0,,0.5642,50.0,-1.0,0,0.9723,,0,1,0,0,1,0,1,2025-07-09 09:15:00+05:30,2025-07-09 09:20:00+05:30,2025-07-09 09:30:00+05:30,408.15,406.95357142857137,410.30357142857144,-1.1964,L
S834,ITC,2025-07-09 09:30:00+05:30,,,1,1.0,2.0698,52.17,-0.5407,0,0.2628,0.0,6,1,0,1,0,6,7,2025-07-09 10:00:00+05:30,2025-07-09 10:05:00+05:30,2025-07-09 11:25:00+05:30,408.2,406.7535714285714,410.8035714285715,2.6036,W
S835,ITC,2025-07-09 10:10:00+05:30,0.0208,0.0092,0,,0.0509,50.0,5.6667,0,0.25,,0,1,0,1,1,0,1,2025-07-09 10:10:00+05:30,2025-07-09 10:15:00+05:30,2025-07-09 12:10:00+05:30,408.6,407.12678571428575,411.25178571428575,2.6518,W
S836,ITC,2025-07-09 13:00:00+05:30,0.0906,0.1205,33,10.0,1.9409,86.36,-0.9344,0,0.5902,0.0,1,1,0,1,0,1,2,2025-07-09 13:05:00+05:30,2025-07-09 13:10:00+05:30,2025-07-09 15:00:00+05:30,411.0,410.01785714285717,412.7678571428571,-0.35,EOD-
S837,ITC,2025-07-09 13:20:00+05:30,0.0268,0.0687,1,1.0,0.0636,0.0,5.0,0,0.7231,,0,1,0,1,1,0,1,2025-07-09 13:20:00+05:30,2025-07-09 13:25:00+05:30,2025-07-09 14:50:00+05:30,411.2,410.21785714285716,412.9678571428571,-0.9821,L
S838,ITC,2025-07-10 11:35:00+05:30,-0.0917,-0.0923,0,,2.4937,14.29,-0.7995,0,1.7534,1.0,9,1,0,0,0,9,10,2025-07-10 12:20:00+05:30,2025-07-10 12:25:00+05:30,2025-07-10 15:00:00+05:30,408.6,407.6,410.4000000000001,0.3,EOD+
S839,ITC,2025-07-10 13:45:00+05:30,0.0679,0.0648,16,5.0,0.1019,28.57,5.6667,0,0.6019,,0,1,0,0,1,0,1,2025-07-10 13:45:00+05:30,2025-07-10 13:50:00+05:30,2025-07-10 15:00:00+05:30,409.15,408.23035714285714,410.80535714285713,-0.9196,L
S840,ITC,2025-07-10 13:55:00+05:30,0.0617,0.0697,1,1.0,0.497,25.0,0.1268,0,0.9707,,0,1,0,0,1,0,1,2025-07-10 13:55:00+05:30,2025-07-10 14:00:00+05:30,2025-07-10 15:00:00+05:30,409.1,408.20714285714286,410.7071428571429,-0.8929,L
S841,ITC,2025-07-10 14:10:00+05:30,0.044,0.0617,1,1.0,0.051,14.29,10.4286,0,0.3456,,0,1,0,1,1,0,1,2025-07-10 14:10:00+05:30,2025-07-10 14:15:00+05:30,2025-07-10 15:00:00+05:30,409.35,408.49285714285713,410.8928571428572,-0.8571,L
S842,ITC,2025-07-11 09:15:00+05:30,,,0,,3.2353,50.0,-0.6727,0,1.0686,0.0,2,0,1,0,0,2,3,2025-07-11 09:25:00+05:30,2025-07-11 09:30:00+05:30,2025-07-11 10:45:00+05:30,409.05,407.9875,410.9625,-1.0625,L
S843,ITC,2025-07-11 09:35:00+05:30,,,0,,0.343,62.5,-0.7297,0,0.4233,,0,1,0,1,1,0,1,2025-07-11 09:35:00+05:30,2025-07-11 09:40:00+05:30,2025-07-11 10:50:00+05:30,408.95,407.6017857142857,411.3767857142857,-1.3482,L
S844,ITC,2025-07-11 09:45:00+05:30,-0.0294,,0,,0.3932,80.0,-0.5604,0,0.4096,1.0,1,0,0,0,0,1,2,2025-07-11 09:50:00+05:30,2025-07-11 09:55:00+05:30,2025-07-11 10:55:00+05:30,408.75,407.30357142857144,411.3535714285714,-1.4464,L
S845,ITC,2025-07-11 10:00:00+05:30,-0.0465,-0.0294,0,,0.6397,0.0,-0.5652,0,0.3734,1.0,2,0,0,0,0,2,3,2025-07-11 10:10:00+05:30,2025-07-11 10:15:00+05:30,2025-07-11 10:55:00+05:30,408.7,407.3517857142857,411.1267857142857,-1.3482,L
S846,ITC,2025-07-11 10:20:00+05:30,-0.0422,-0.0526,0,,0.4406,0.0,0.1111,0,0.4309,,0,0,0,1,1,0,1,2025-07-11 10:20:00+05:30,2025-07-11 10:25:00+05:30,2025-07-11 10:55:00+05:30,408.55,407.2732142857143,410.84821428571433,-1.2768,L
S847,ITC,2025-07-11 11:05:00+05:30,-0.0606,-0.0135,0,,3.3188,100.0,-1.0,0,0.8436,0.0,9,0,0,1,0,9,10,2025-07-11 11:50:00+05:30,2025-07-11 11:55:00+05:30,2025-07-11 15:00:00+05:30,408.45,407.45,410.24999999999994,0.7,EOD+
S848,ITC,2025-07-11 13:00:00+05:30,0.0649,0.0521,13,4.0,0.373,40.0,0.5385,0,2.345,,0,0,0,0,1,0,1,2025-07-11 13:00:00+05:30,2025-07-11 13:05:00+05:30,2025-07-11 15:00:00+05:30,408.45,407.3607142857143,410.4107142857142,0.7,EOD+
S849,ITC,2025-07-11 13:10:00+05:30,0.0404,0.0631,0,,1.0667,72.73,-0.8958,0,1.3261,1.0,3,1,1,0,0,3,4,2025-07-11 13:25:00+05:30,2025-07-11 13:30:00+05:30,2025-07-11 15:00:00+05:30,408.45,407.325,410.47499999999997,0.7,EOD+
S850,ITC,2025-07-11 13:40:00+05:30,0.0147,0.0239,1,1.0,0.2655,50.0,-0.5455,0,1.1872,1.0,1,1,1,0,0,1,2,2025-07-11 13:45:00+05:30,2025-07-11 13:50:00+05:30,2025-07-11 15:00:00+05:30,408.55,407.51428571428573,410.4142857142857,0.6,EOD+
S851,ITC,2025-07-11 14:05:00+05:30,0.0147,0.0012,3,1.0,0.0491,50.0,6.5,0,1.672,,0,1,0,1,1,0,1,2025-07-11 14:05:00+05:30,2025-07-11 14:10:00+05:30,2025-07-11 15:00:00+05:30,408.45,407.4321428571428,410.28214285714284,0.7,EOD+
S852,ITC,2025-07-14 09:15:00+05:30,,,0,,1.0218,29.41,-1.0,0,0.5455,0.0,4,1,0,0,0,4,5,2025-07-14 09:35:00+05:30,2025-07-14 09:40:00+05:30,2025-07-14 10:45:00+05:30,408.8,407.6928571428572,410.79285714285714,1.9929,W
S853,ITC,2025-07-14 09:45:00+05:30,-0.0043,,1,1.0,0.0146,0.0,39.0,0,0.9665,,0,1,0,0,1,0,1,2025-07-14 09:45:00+05:30,2025-07-14 09:50:00+05:30,2025-07-14 14:55:00+05:30,408.95,407.6642857142857,411.26428571428573,2.3143,W
S854,ITC,2025-07-14 11:25:00+05:30,0.097,0.1379,19,8.0,1.8211,26.09,0.0,0,0.3608,0.0,1,1,0,1,0,1,2,2025-07-14 11:30:00+05:30,2025-07-14 11:35:00+05:30,2025-07-14 15:00:00+05:30,410.3,409.20178571428573,412.2767857142857,1.0,EOD+
S855,ITC,2025-07-14 11:50:00+05:30,0.0725,0.0768,2,2.0,0.5172,8.33,1.0202,0,0.639,,0,0,0,1,1,0,1,2025-07-14 11:50:00+05:30,2025-07-14 11:55:00+05:30,2025-07-14 15:00:00+05:30,410.55,409.35357142857146,412.7035714285714,0.75,EOD+
S856,ITC,2025-07-14 12:00:00+05:30,0.0579,0.0737,0,,1.3481,18.18,-0.3846,0,2.4187,1.0,1,1,0,0,0,1,2,2025-07-14 12:05:00+05:30,2025-07-14 12:10:00+05:30,2025-07-14 15:00:00+05:30,410.5,409.29464285714283,412.66964285714283,0.8,EOD+
S857,ITC,2025-07-14 12:15:00+05:30,0.0402,0.0579,1,1.0,0.0252,50.0,7.0,0,0.8494,,0,0,0,0,1,0,1,2025-07-14 12:15:00+05:30,2025-07-14 12:20:00+05:30,2025-07-14 15:00:00+05:30,410.55,409.3089285714286,412.78392857142853,0.75,EOD+
S858,ITC,2025-07-14 12:25:00+05:30,0.0274,0.0457,0,,0.2234,40.0,0.3333,0,0.3377,,0,0,0,1,1,0,1,2025-07-14 12:25:00+05:30,2025-07-14 12:30:00+05:30,2025-07-14 15:00:00+05:30,410.6,409.34107142857147,412.86607142857144,0.7,EOD+
S859,ITC,2025-07-14 12:35:00+05:30,0.0067,0.0317,0,,0.0353,25.0,9.0,0,0.4435,,0,0,0,0,1,0,1,2025-07-14 12:35:00+05:30,2025-07-14 12:40:00+05:30,2025-07-14 15:00:00+05:30,410.6,409.5375,412.51250000000005,0.7,EOD+
S860,ITC,2025-07-14 12:45:00+05:30,0.0018,0.0158,0,,0.9018,11.11,-0.021,0,0.8606,1.0,2,0,0,0,0,2,3,2025-07-14 12:55:00+05:30,2025-07-14 13:00:00+05:30,2025-07-14 15:00:00+05:30,410.5,409.50892857142856,412.2839285714286,0.8,EOD+
S861,ITC,2025-07-14 13:05:00+05:30,0.0085,-0.0012,0,,1.3157,30.0,-0.359,0,0.3948,0.0,2,0,0,1,0,2,3,2025-07-14 13:15:00+05:30,2025-07-14 13:20:00+05:30,2025-07-14 15:00:00+05:30,410.6,409.8589285714286,411.9339285714286,0.7,EOD+
S862,ITC,2025-07-14 13:25:00+05:30,0.003,0.0097,0,,0.3013,25.0,0.7647,0,0.2143,,0,0,0,1,1,0,1,2025-07-14 13:25:00+05:30,2025-07-14 13:30:00+05:30,2025-07-14 15:00:00+05:30,410.6,409.89464285714286,411.869642857143,0.7,EOD+
S863,ITC,2025-07-14 13:35:00+05:30,-0.0067,0.0037,0,,1.5126,81.82,-0.8936,0,3.9569,1.0,4,1,0,0,0,4,5,2025-07-14 13:55:00+05:30,2025-07-14 14:00:00+05:30,2025-07-14 15:00:00+05:30,410.45,409.6732142857142,411.84821428571433,0.85,EOD+
S864,ITC,2025-07-14 14:05:00+05:30,-0.0079,-0.011,0,,0.2429,75.0,-0.4118,0,0.3936,,0,1,0,1,1,0,1,2025-07-14 14:05:00+05:30,2025-07-14 14:10:00+05:30,2025-07-14 15:00:00+05:30,410.55,409.675,412.12500000000006,0.75,EOD+
S865,ITC,2025-07-14 14:15:00+05:30,0.0024,-0.0079,0,,0.0,37.5,,1,0.5062,,0,0,0,0,1,0,1,2025-07-14 14:15:00+05:30,2025-07-14 14:20:00+05:30,2025-07-14 15:00:00+05:30,410.7,409.7803571428571,412.3553571428572,0.6,EOD+
S866,ITC,2025-07-14 14:25:00+05:30,0.0085,-0.0037,0,,0.1971,40.0,1.7586,0,0.989,,0,0,1,0,1,0,1,2025-07-14 14:25:00+05:30,2025-07-14 14:30:00+05:30,2025-07-14 15:00:00+05:30,410.85,409.93035714285713,412.50535714285724,0.45,EOD+
S867,ITC,2025-07-15 09:15:00+05:30,,,0,,0.0139,48.28,99.0,0,1.1477,,0,1,0,0,1,0,1,2025-07-15 09:15:00+05:30,2025-07-15 09:20:00+05:30,2025-07-15 15:00:00+05:30,411.55,410.20178571428573,413.9767857142857,1.55,EOD+
S868,ITC,2025-07-15 09:30:00+05:30,,,2,2.0,0.0981,21.43,8.0909,0,0.8783,,0,0,0,1,1,0,1,2025-07-15 09:30:00+05:30,2025-07-15 09:35:00+05:30,2025-07-15 15:00:00+05:30,411.55,410.1482142857143,414.0732142857143,1.55,EOD+
S869,ITC,2025-07-15 09:40:00+05:30,0.0468,,1,1.0,0.9711,60.87,-0.25,0,0.6829,0.0,1,0,0,0,0,1,2,2025-07-15 09:45:00+05:30,2025-07-15 09:50:00+05:30,2025-07-15 15:00:00+05:30,411.45,409.9053571428571,414.23035714285714,1.65,EOD+
S870,ITC,2025-07-15 10:45:00+05:30,0.065,0.0577,10,6.0,0.4278,11.11,0.2121,0,0.4835,,0,1,0,0,1,0,1,2025-07-15 10:45:00+05:30,2025-07-15 10:50:00+05:30,2025-07-15 15:00:00+05:30,411.65,410.20357142857137,414.2535714285715,1.45,EOD+
S871,ITC,2025-07-15 12:20:00+05:30,0.0902,0.0872,17,1.0,0.2388,75.0,1.069,0,1.5034,,0,1,1,1,1,0,1,2025-07-15 12:20:00+05:30,2025-07-15 12:25:00+05:30,2025-07-15 15:00:00+05:30,413.25,412.49107142857144,414.61607142857144,-0.15,EOD-
S872,ITC,2025-07-15 12:30:00+05:30,0.0938,0.0932,0,,0.05,50.0,12.3333,0,0.3051,,0,1,0,1,1,0,1,2025-07-15 12:30:00+05:30,2025-07-15 12:35:00+05:30,2025-07-15 12:45:00+05:30,413.55,412.8,414.90000000000003,-0.75,L
S873,ITC,2025-07-15 12:40:00+05:30,0.0762,0.0932,1,1.0,0.0814,60.0,3.0,0,0.7399,,0,0,0,1,1,0,1,2025-07-15 12:40:00+05:30,2025-07-15 12:45:00+05:30,2025-07-15 13:25:00+05:30,413.35,412.58214285714286,414.7321428571429,-0.7679,L
S874,ITC,2025-07-15 12:55:00+05:30,0.0278,0.0762,0,,1.8968,37.5,-0.6825,0,1.6256,1.0,9,0,0,0,0,9,10,2025-07-15 13:40:00+05:30,2025-07-15 13:45:00+05:30,2025-07-15 15:00:00+05:30,413.2,412.3696428571428,414.69464285714287,-0.1,EOD-
S875,ITC,2025-07-15 13:50:00+05:30,-0.0297,-0.0375,0,,0.3363,42.86,-0.5918,0,0.7164,0.0,1,0,0,0,0,1,2,2025-07-15 13:55:00+05:30,2025-07-15 14:00:00+05:30,2025-07-15 15:00:00+05:30,413.1,412.1892857142857,414.73928571428576,0.0,EOD-
S876,ITC,2025-07-15 14:05:00+05:30,-0.0212,-0.0297,0,,0.95,9.09,-0.2481,0,1.4177,0.0,1,1,0,0,0,1,2,2025-07-15 14:10:00+05:30,2025-07-15 14:15:00+05:30,2025-07-15 15:00:00+05:30,413.1,412.225,414.67500000000007,0.0,EOD-
S877,ITC,2025-07-16 09:15:00+05:30,,,0,,1.9744,10.34,-0.0303,0,0.5679,0.0,1,1,0,1,0,1,2,2025-07-16 09:20:00+05:30,2025-07-16 09:25:00+05:30,2025-07-16 10:05:00+05:30,413.35,412.30535714285713,415.2303571428572,-1.0446,L
S878,ITC,2025-07-16 09:40:00+05:30,0.0453,,2,2.0,0.2128,50.0,1.2222,0,0.51,,0,0,0,0,1,0,1,2025-07-16 09:40:00+05:30,2025-07-16 09:45:00+05:30,2025-07-16 10:05:00+05:30,413.65,412.3285714285714,416.0285714285714,-1.3214,L
S879,ITC,2025-07-16 10:15:00+05:30,-0.0339,0.0036,0,,2.0341,53.85,-0.8381,0,2.0447,1.0,9,0,0,0,0,9,10,2025-07-16 11:00:00+05:30,2025-07-16 11:05:00+05:30,2025-07-16 14:05:00+05:30,413.45,411.9321428571428,416.1821428571428,2.7321,W
S880,ITC,2025-07-16 12:20:00+05:30,0.1135,0.1323,15,5.0,0.2975,44.44,-0.6078,0,0.6397,1.0,1,1,0,0,0,1,2,2025-07-16 12:25:00+05:30,2025-07-16 12:30:00+05:30,2025-07-16 14:05:00+05:30,414.1,413.02857142857147,416.0285714285714,1.9286,W
S881,ITC,2025-07-16 12:35:00+05:30,0.1171,0.1135,0,,0.2455,36.36,1.1277,0,0.5252,,0,1,0,1,1,0,1,2025-07-16 12:35:00+05:30,2025-07-16 12:40:00+05:30,2025-07-16 14:10:00+05:30,414.35,413.15357142857147,416.50357142857143,2.1536,W
S882,ITC,2025-07-16 12:45:00+05:30,0.1026,0.1171,0,,0.0049,82.35,-1.0,0,3.1751,,0,1,0,0,1,0,1,2025-07-16 12:45:00+05:30,2025-07-16 12:50:00+05:30,2025-07-16 15:00:00+05:30,415.1,413.8232142857143,417.39821428571435,1.1,EOD+
S883,ITC,2025-07-17 09:20:00+05:30,,,1,1.0,1.4176,31.58,0.0788,0,0.4955,,0,0,0,0,1,0,1,2025-07-17 09:20:00+05:30,2025-07-17 09:25:00+05:30,2025-07-17 09:35:00+05:30,416.05,414.9875,417.96250000000003,-1.0625,L
S884,ITC,2025-07-17 10:00:00+05:30,-0.0686,-0.0685,0,,1.3039,92.31,-0.9298,0,1.002,1.0,9,1,0,0,0,9,10,2025-07-17 10:45:00+05:30,2025-07-17 10:50:00+05:30,2025-07-17 15:00:00+05:30,415.1,413.7339285714286,417.55892857142857,0.95,EOD+
S885,ITC,2025-07-17 11:05:00+05:30,-0.0374,-0.053,2,1.0,0.3267,54.55,0.0714,0,1.0778,,0,1,0,1,1,0,1,2025-07-17 11:05:00+05:30,2025-07-17 11:10:00+05:30,2025-07-17 12:15:00+05:30,414.95,413.87857142857143,416.87857142857143,1.9286,W
S886,ITC,2025-07-17 12:50:00+05:30,0.0739,0.0961,19,7.0,0.9376,20.0,-0.1781,0,0.7199,0.0,1,0,1,0,0,1,2,2025-07-17 12:55:00+05:30,2025-07-17 13:00:00+05:30,2025-07-17 14:45:00+05:30,416.5,415.5267857142858,418.25178571428563,-0.9732,L
S887,ITC,2025-07-17 13:05:00+05:30,0.0498,0.0739,0,,0.3118,66.67,-0.5918,0,0.8318,1.0,6,0,0,0,0,6,7,2025-07-17 13:35:00+05:30,2025-07-17 13:40:00+05:30,2025-07-17 14:30:00+05:30,416.75,415.76785714285717,418.5178571428571,-0.9821,L
S888,ITC,2025-07-17 13:45:00+05:30,0.0132,0.0174,0,,0.0,60.0,,1,0.7173,,0,1,0,1,1,0,1,2025-07-17 13:45:00+05:30,2025-07-17 13:50:00+05:30,2025-07-17 14:20:00+05:30,416.7,415.9589285714286,418.03392857142853,-0.7411,L
S889,ITC,2025-07-17 14:00:00+05:30,0.0192,0.0132,2,2.0,0.1566,50.0,1.3529,0,0.7572,,0,1,0,1,1,0,1,2025-07-17 14:00:00+05:30,2025-07-17 14:05:00+05:30,2025-07-17 14:20:00+05:30,416.6,415.92142857142863,417.82142857142856,-0.6786,L
S890,ITC,2025-07-18 10:20:00+05:30,-0.1629,-0.1507,0,,2.7455,83.33,-0.9669,0,0.2817,1.0,9,0,1,0,0,9,10,2025-07-18 11:05:00+05:30,2025-07-18 11:10:00+05:30,2025-07-18 11:50:00+05:30,413.65,412.275,416.125,-1.375,L
S891,ITC,2025-07-18 11:15:00+05:30,-0.0835,-0.0973,0,,0.4347,28.57,-0.2208,0,0.7274,1.0,2,0,1,0,0,2,3,2025-07-18 11:25:00+05:30,2025-07-18 11:30:00+05:30,2025-07-18 11:50:00+05:30,413.45,412.34285714285716,415.4428571428571,-1.1071,L
S892,ITC,2025-07-18 11:35:00+05:30,-0.0375,-0.0653,0,,0.455,33.33,-0.4872,0,0.2039,,0,0,0,1,1,0,1,2025-07-18 11:35:00+05:30,2025-07-18 11:40:00+05:30,2025-07-18 11:50:00+05:30,413.3,412.22857142857146,415.22857142857146,-1.0714,L
S893,ITC,2025-07-18 12:15:00+05:30,-0.0539,-0.0527,0,,3.4162,69.23,-0.8949,0,2.1078,1.0,9,1,0,0,0,9,10,2025-07-18 13:00:00+05:30,2025-07-18 13:05:00+05:30,2025-07-18 14:35:00+05:30,412.5,411.45535714285717,414.3803571428571,1.8804,W
S894,ITC,2025-07-21 09:15:00+05:30,,,0,,3.0777,32.56,-0.6188,0,0.5542,0.0,8,0,1,0,0,8,9,2025-07-21 09:55:00+05:30,2025-07-21 10:00:00+05:30,2025-07-21 11:40:00+05:30,413.55,411.95178571428573,416.42678571428576,-1.5982,L
S895,ITC,2025-07-21 10:05:00+05:30,-0.0405,-0.0665,0,,0.0815,20.0,1.7273,0,0.2047,,0,1,1,1,1,0,1,2025-07-21 10:05:00+05:30,2025-07-21 10:10:00+05:30,2025-07-21 11:40:00+05:30,413.6,411.9125,416.63750000000005,-1.6875,L
S896,ITC,2025-07-21 10:15:00+05:30,-0.0393,-0.0544,1,1.0,0.2036,45.45,0.0526,0,0.2637,,0,0,0,0,1,0,1,2025-07-21 10:15:00+05:30,2025-07-21 10:20:00+05:30,2025-07-21 12:30:00+05:30,413.2,411.45,416.35,-1.75,L
S897,ITC,2025-07-21 10:25:00+05:30,-0.0363,-0.0375,0,,0.1298,20.0,1.8571,0,0.1441,,0,0,0,1,1,0,1,2025-07-21 10:25:00+05:30,2025-07-21 10:30:00+05:30,2025-07-21 11:40:00+05:30,413.35,412.00178571428575,415.7767857142858,-1.3482,L
S898,ITC,2025-07-21 10:45:00+05:30,-0.0436,-0.0399,2,1.0,0.2725,36.36,0.5686,0,0.7583,,0,0,0,0,1,0,1,2025-07-21 10:45:00+05:30,2025-07-21 10:50:00+05:30,2025-07-21 11:40:00+05:30,413.2,412.0303571428571,415.3053571428572,-1.1696,L
S899,ITC,2025-07-21 10:55:00+05:30,-0.026,-0.043,0,,0.5918,16.67,-0.3548,0,0.8478,1.0,1,1,0,1,0,1,2,2025-07-21 11:00:00+05:30,2025-07-21 11:05:00+05:30,2025-07-21 11:30:00+05:30,413.55,412.5678571428571,415.31785714285724,-0.9821,L
S900,ITC,2025-07-21 11:10:00+05:30,0.0399,-0.026,1,1.0,0.1092,75.0,1.3529,0,1.047,,0,0,0,0,1,0,1,2025-07-21 11:10:00+05:30,2025-07-21 11:15:00+05:30,2025-07-21 11:40:00+05:30,413.35,412.3767857142857,415.10178571428577,-0.9732,L
S901,ITC,2025-07-21 12:45:00+05:30,-0.1073,-0.0642,0,,2.1371,80.0,-0.9566,0,1.024,1.0,9,0,0,0,0,9,10,2025-07-21 13:30:00+05:30,2025-07-21 13:35:00+05:30,2025-07-21 13:55:00+05:30,412.0,410.6517857142857,414.42678571428576,-1.3482,L
S902,ITC,2025-07-22 09:15:00+05:30,,,0,,0.1654,0.0,7.6667,0,2.2235,,0,0,0,0,1,0,1,2025-07-22 09:15:00+05:30,2025-07-22 09:20:00+05:30,2025-07-22 09:30:00+05:30,411.35,410.2160714285714,413.3910714285715,-1.1339,L
S903,ITC,2025-07-22 09:35:00+05:30,,,0,,2.0239,88.89,-0.9499,0,0.2693,0.0,9,0,0,1,0,9,10,2025-07-22 10:20:00+05:30,2025-07-22 10:25:00+05:30,2025-07-22 10:55:00+05:30,410.85,409.61785714285713,413.0678571428572,-1.2321,L
S904,ITC,2025-07-23 09:15:00+05:30,,,0,,1.1006,39.58,0.0294,0,0.511,,0,0,0,1,1,0,1,2025-07-23 09:15:00+05:30,2025-07-23 09:20:00+05:30,2025-07-23 09:35:00+05:30,407.6,406.05535714285713,410.3803571428572,-1.5446,L
S905,ITC,2025-07-23 10:05:00+05:30,-0.0891,-0.0706,0,,2.0966,60.0,-0.9018,0,0.5745,1.0,9,0,0,0,0,9,10,2025-07-23 10:50:00+05:30,2025-07-23 10:55:00+05:30,2025-07-23 15:00:00+05:30,406.5,404.67857142857144,409.77857142857147,-0.05,EOD-
S906,ITC,2025-07-23 11:05:00+05:30,-0.0492,-0.0677,1,1.0,0.0054,58.33,79.0,0,1.6335,,0,0,0,1,1,0,1,2025-07-23 11:05:00+05:30,2025-07-23 11:10:00+05:30,2025-07-23 15:00:00+05:30,406.5,405.3482142857143,408.57321428571424,-0.05,EOD-
S907,ITC,2025-07-23 11:20:00+05:30,-0.016,-0.0492,2,2.0,0.8,55.56,-0.0789,0,0.3759,0.0,1,1,1,1,0,1,2,2025-07-23 11:25:00+05:30,2025-07-23 11:30:00+05:30,2025-07-23 15:00:00+05:30,406.45,405.2625,408.5875,0.0,EOD-
S908,ITC,2025-07-23 11:35:00+05:30,0.0129,-0.016,0,,0.4178,18.18,0.8182,0,4.0964,,0,0,0,0,1,0,1,2025-07-23 11:35:00+05:30,2025-07-23 11:40:00+05:30,2025-07-23 15:00:00+05:30,406.6,405.4482142857143,408.6732142857143,-0.15,EOD-
S909,ITC,2025-07-23 11:45:00+05:30,0.0295,0.0062,0,,0.336,0.0,-0.3333,0,1.0161,1.0,2,0,0,0,0,2,3,2025-07-23 11:55:00+05:30,2025-07-23 12:00:00+05:30,2025-07-23 15:00:00+05:30,406.45,405.33392857142854,408.45892857142854,0.0,EOD-
S910,ITC,2025-07-23 12:05:00+05:30,0.0141,0.0283,0,,0.3377,25.0,-0.2727,0,0.206,,0,0,0,1,1,0,1,2025-07-23 12:05:00+05:30,2025-07-23 12:10:00+05:30,2025-07-23 15:00:00+05:30,406.45,405.4321428571429,408.28214285714284,0.0,EOD-
S911,ITC,2025-07-23 12:15:00+05:30,0.0135,0.0203,0,,0.6804,33.33,-0.6154,0,0.278,1.0,4,0,0,1,0,4,5,2025-07-23 12:35:00+05:30,2025-07-23 12:40:00+05:30,2025-07-23 15:00:00+05:30,406.45,405.4946428571428,408.16964285714283,0.0,EOD-
S912,ITC,2025-07-23 12:45:00+05:30,-0.0055,0.0043,0,,0.7833,50.0,-0.3617,0,0.5408,1.0,6,0,0,1,0,6,7,2025-07-23 13:15:00+05:30,2025-07-23 13:20:00+05:30,2025-07-23 15:00:00+05:30,406.4,405.65,407.75,0.05,EOD+
S913,ITC,2025-07-23 13:25:00+05:30,-0.0068,-0.008,0,,0.775,50.0,-1.0,0,0.6714,1.0,3,0,0,1,0,3,4,2025-07-23 13:40:00+05:30,2025-07-23 13:45:00+05:30,2025-07-23 15:00:00+05:30,406.4,405.65,407.74999999999994,0.05,EOD+
S914,ITC,2025-07-23 13:50:00+05:30,-0.0062,-0.008,0,,0.8069,0.0,-0.5181,0,1.8285,1.0,4,0,1,1,0,4,5,2025-07-23 14:10:00+05:30,2025-07-23 14:15:00+05:30,2025-07-23 15:00:00+05:30,406.45,405.8071428571429,407.60714285714283,0.0,EOD-
S915,ITC,2025-07-23 14:20:00+05:30,-0.0074,-0.0068,0,,0.094,50.0,-1.0,0,1.1886,0.0,1,0,0,0,0,1,2,2025-07-23 14:25:00+05:30,2025-07-23 14:30:00+05:30,2025-07-23 15:00:00+05:30,406.35,405.75178571428575,407.4267857142857,0.1,EOD+
S916,ITC,2025-07-24 09:20:00+05:30,,,1,1.0,0.9029,36.36,0.573,0,0.8341,,0,0,0,0,1,0,1,2025-07-24 09:20:00+05:30,2025-07-24 09:25:00+05:30,2025-07-24 09:30:00+05:30,406.5,405.88392857142856,407.6089285714286,-0.6161,L
S917,ITC,2025-07-24 09:30:00+05:30,,,0,,1.9,52.94,-0.6761,0,0.8586,,0,0,0,0,1,0,1,2025-07-24 09:30:00+05:30,2025-07-24 09:35:00+05:30,2025-07-24 09:40:00+05:30,406.45,405.6375,407.9125,-0.8125,L
S918,ITC,2025-07-24 10:30:00+05:30,-0.0887,-0.072,0,,2.5248,7.69,-0.7156,0,3.5582,1.0,9,0,0,0,0,9,10,2025-07-24 11:15:00+05:30,2025-07-24 11:20:00+05:30,2025-07-24 11:55:00+05:30,405.15,404.1053571428571,407.03035714285716,-1.0446,L
S919,ITC,2025-07-25 09:55:00+05:30,-0.0686,-0.0523,0,,1.6772,75.0,-1.0,0,0.2469,1.0,9,1,1,1,0,9,10,2025-07-25 10:40:00+05:30,2025-07-25 10:45:00+05:30,2025-07-25 15:00:00+05:30,400.65,398.89107142857137,403.81607142857143,0.15,EOD+
S920,ITC,2025-07-25 11:35:00+05:30,0.0543,0.0387,10,5.0,0.0569,61.54,9.0,0,0.51,,0,0,0,0,1,0,1,2025-07-25 11:35:00+05:30,2025-07-25 11:40:00+05:30,2025-07-25 12:00:00+05:30,401.05,399.9517857142857,403.0267857142858,-1.0982,L
S921,ITC,2025-07-25 12:15:00+05:30,-0.015,0.0,0,,2.7752,100.0,-1.0,0,1.2001,1.0,9,0,0,1,0,9,10,2025-07-25 13:00:00+05:30,2025-07-25 13:05:00+05:30,2025-07-25 15:00:00+05:30,400.4,399.39107142857137,402.21607142857147,0.4,EOD+
S922,ITC,2025-07-25 13:10:00+05:30,-0.0743,-0.0587,0,,0.2453,57.14,0.4634,0,0.5574,,0,1,0,0,1,0,1,2025-07-25 13:10:00+05:30,2025-07-25 13:15:00+05:30,2025-07-25 15:00:00+05:30,400.5,399.45535714285717,402.3803571428571,0.3,EOD+
S923,ITC,2025-07-25 13:30:00+05:30,-0.0162,-0.0618,3,2.0,0.5393,88.89,-0.5745,0,0.5944,0.0,1,1,0,1,0,1,2,2025-07-25 13:35:00+05:30,2025-07-25 13:40:00+05:30,2025-07-25 15:00:00+05:30,400.45,399.36071428571427,402.4107142857142,0.35,EOD+
S924,ITC,2025-07-25 14:15:00+05:30,0.0537,0.068,7,6.0,0.0137,42.86,9.0,0,0.897,,0,1,0,0,1,0,1,2025-07-25 14:15:00+05:30,2025-07-25 14:20:00+05:30,2025-07-25 15:00:00+05:30,400.65,399.7392857142857,402.2892857142857,0.15,EOD+
S925,ITC,2025-07-25 14:25:00+05:30,0.0287,0.063,0,,1.1514,0.0,0.25,0,1.9425,,0,0,0,0,1,0,1,2025-07-25 14:25:00+05:30,2025-07-25 14:30:00+05:30,2025-07-25 15:00:00+05:30,400.75,399.79464285714283,402.46964285714284,0.05,EOD+
S926,ITC,2025-07-28 09:15:00+05:30,,,0,,0.5944,42.42,2.5514,0,2.4401,,0,0,1,0,1,0,1,2025-07-28 09:15:00+05:30,2025-07-28 09:20:00+05:30,2025-07-28 10:45:00+05:30,401.7,400.575,403.725,-1.125,L
S927,ITC,2025-07-28 09:50:00+05:30,0.0741,,6,4.0,0.2201,83.33,-0.2,0,0.2483,0.0,3,1,0,1,0,3,4,2025-07-28 10:05:00+05:30,2025-07-28 10:10:00+05:30,2025-07-28 12:50:00+05:30,401.9,400.48035714285714,404.4553571428571,-1.4196,L
S928,ITC,2025-07-28 10:20:00+05:30,0.0498,0.0417,2,1.0,0.4492,60.0,0.0,0,0.1099,0.0,1,0,0,1,0,1,2,2025-07-28 10:25:00+05:30,2025-07-28 10:30:00+05:30,2025-07-28 15:00:00+05:30,401.85,400.1803571428572,404.85535714285714,-0.55,EOD-
S929,ITC,2025-07-28 10:35:00+05:30,0.0448,0.0498,0,,0.7427,90.0,-0.8851,0,0.9726,1.0,8,1,0,0,0,8,9,2025-07-28 11:15:00+05:30,2025-07-28 11:20:00+05:30,2025-07-28 15:00:00+05:30,401.65,400.18571428571425,404.2857142857142,-0.35,EOD-
S930,ITC,2025-07-28 11:25:00+05:30,-0.0293,-0.0293,0,,0.1252,54.55,2.7037,0,0.6922,,0,1,1,0,1,0,1,2025-07-28 11:25:00+05:30,2025-07-28 11:30:00+05:30,2025-07-28 12:50:00+05:30,401.7,400.3517857142857,404.1267857142857,-1.3482,L
S931,ITC,2025-07-28 11:40:00+05:30,0.0156,-0.0293,2,2.0,1.1315,17.65,0.1017,0,1.1242,,0,0,0,0,1,0,1,2025-07-28 11:40:00+05:30,2025-07-28 11:45:00+05:30,2025-07-28 14:10:00+05:30,401.6,400.2964285714286,403.94642857142856,-1.3036,L
S932,ITC,2025-07-28 11:50:00+05:30,0.0118,0.0025,0,,0.1247,50.0,1.3077,0,0.4469,,0,0,0,1,1,0,1,2025-07-28 11:50:00+05:30,2025-07-28 11:55:00+05:30,2025-07-28 12:50:00+05:30,401.8,400.49642857142857,404.1464285714286,-1.3036,L
S933,ITC,2025-07-28 12:05:00+05:30,-0.0093,0.0118,1,1.0,0.0053,20.0,59.0,0,0.2135,,0,0,0,1,1,0,1,2025-07-28 12:05:00+05:30,2025-07-28 12:10:00+05:30,2025-07-28 12:50:00+05:30,401.65,400.4625,403.78749999999997,-1.1875,L
S934,ITC,2025-07-28 12:15:00+05:30,-0.0037,-0.0019,0,,0.5556,0.0,-0.2,0,0.2054,0.0,1,0,0,1,0,1,2,2025-07-28 12:20:00+05:30,2025-07-28 12:25:00+05:30,2025-07-28 12:50:00+05:30,401.6,400.475,403.625,-1.125,L
S935,ITC,2025-07-28 12:35:00+05:30,0.0205,0.0012,0,,2.143,20.0,-0.3696,0,1.0533,1.0,9,0,0,0,0,9,10,2025-07-28 13:20:00+05:30,2025-07-28 13:25:00+05:30,2025-07-28 14:10:00+05:30,401.4,400.3821428571428,403.23214285714283,-1.0179,L
S936,ITC,2025-07-28 13:30:00+05:30,-0.0318,-0.048,0,,0.7715,33.33,-0.4702,0,0.4717,1.0,3,1,0,1,0,3,4,2025-07-28 13:45:00+05:30,2025-07-28 13:50:00+05:30,2025-07-28 15:00:00+05:30,401.15,399.9267857142857,403.3517857142857,0.15,EOD+
S937,ITC,2025-07-28 13:55:00+05:30,-0.0293,-0.0305,0,,0.3584,87.5,-0.6875,0,0.8607,1.0,1,1,0,0,0,1,2,2025-07-28 14:00:00+05:30,2025-07-28 14:05:00+05:30,2025-07-28 15:00:00+05:30,401.15,400.03392857142853,403.15892857142853,0.15,EOD+
S938,ITC,2025-07-28 14:10:00+05:30,-0.0218,-0.0293,0,,2.016,31.82,-0.2222,0,0.6392,0.0,1,0,0,1,0,1,2,2025-07-28 14:15:00+05:30,2025-07-28 14:20:00+05:30,2025-07-28 15:00:00+05:30,401.15,400.03392857142853,403.15892857142853,0.15,EOD+
S939,ITC,2025-07-28 14:25:00+05:30,-0.0093,-0.0218,0,,0.0066,0.0,19.0,0,0.7426,,0,0,0,1,1,0,1,2025-07-28 14:25:00+05:30,2025-07-28 14:30:00+05:30,2025-07-28 15:00:00+05:30,401.15,400.2035714285714,402.8535714285714,0.15,EOD+
S940,ITC,2025-07-29 09:15:00+05:30,,,0,,0.2828,41.18,3.5,0,3.3567,,0,0,0,0,1,0,1,2025-07-29 09:15:00+05:30,2025-07-29 09:20:00+05:30,2025-07-29 10:15:00+05:30,402.3,401.41607142857146,403.8910714285715,-0.8839,L
S941,ITC,2025-07-29 11:25:00+05:30,-0.1116,-0.1121,0,,0.8241,71.43,-0.759,0,0.4385,0.0,9,0,0,1,0,9,10,2025-07-29 12:10:00+05:30,2025-07-29 12:15:00+05:30,2025-07-29 15:00:00+05:30,400.6,399.34107142857147,402.86607142857144,-0.6,EOD-
S942,ITC,2025-07-29 12:20:00+05:30,-0.0225,-0.0643,0,,0.9719,70.0,-0.6429,0,1.5202,1.0,6,0,0,1,0,6,7,2025-07-29 12:50:00+05:30,2025-07-29 12:55:00+05:30,2025-07-29 15:00:00+05:30,400.35,399.26964285714286,402.2946428571429,-0.35,EOD-
S943,ITC,2025-07-29 13:00:00+05:30,-0.0387,-0.0162,0,,0.633,20.0,-0.6154,0,0.7662,0.0,1,1,1,0,0,1,2,2025-07-29 13:05:00+05:30,2025-07-29 13:10:00+05:30,2025-07-29 15:00:00+05:30,400.5,399.4732142857143,402.34821428571433,-0.5,EOD-
S944,ITC,2025-07-29 13:20:00+05:30,-0.0137,-0.0362,2,2.0,0.3853,50.0,-0.3333,0,0.9633,0.0,1,1,0,1,0,1,2,2025-07-29 13:25:00+05:30,2025-07-29 13:30:00+05:30,2025-07-29 15:00:00+05:30,400.4,399.42678571428564,402.1517857142857,-0.4,EOD-
S945,ITC,2025-07-29 13:35:00+05:30,0.0094,-0.0137,0,,1.0405,66.67,-0.5152,0,0.8278,0.0,2,1,0,1,0,2,3,2025-07-29 13:45:00+05:30,2025-07-29 13:50:00+05:30,2025-07-29 15:00:00+05:30,400.5,399.50892857142856,402.2839285714286,-0.5,EOD-
S946,ITC,2025-07-30 10:20:00+05:30,-0.1009,-0.1516,0,,0.9415,33.33,-0.8513,0,1.2187,1.0,9,1,0,0,0,9,10,2025-07-30 11:05:00+05:30,2025-07-30 11:10:00+05:30,2025-07-30 15:00:00+05:30,398.55,396.7642857142857,401.7642857142858,0.1,EOD+
S947,ITC,2025-07-30 11:40:00+05:30,0.0734,0.0471,6,5.0,0.6504,40.0,-0.542,0,0.2532,0.0,2,0,0,1,0,2,3,2025-07-30 11:50:00+05:30,2025-07-30 11:55:00+05:30,2025-07-30 15:00:00+05:30,398.6,397.3410714285715,400.8660714285714,0.05,EOD+
S948,ITC,2025-07-30 12:00:00+05:30,0.0119,0.0565,0,,0.2059,14.29,0.5,0,0.5682,,0,1,1,0,1,0,1,2025-07-30 12:00:00+05:30,2025-07-30 12:05:00+05:30,2025-07-30 15:00:00+05:30,398.7,397.4857142857143,400.88571428571424,-0.05,EOD-
S949,ITC,2025-07-30 12:10:00+05:30,0.0257,0.0151,0,,0.525,62.5,-0.0991,0,1.889,1.0,1,0,0,0,0,1,2,2025-07-30 12:15:00+05:30,2025-07-30 12:20:00+05:30,2025-07-30 15:00:00+05:30,399.0,397.67857142857144,401.3785714285714,-0.35,EOD-
S950,ITC,2025-07-30 13:20:00+05:30,0.0419,0.0395,12,3.0,0.6374,9.09,0.6071,0,0.9217,,0,0,0,0,1,0,1,2025-07-30 13:20:00+05:30,2025-07-30 13:25:00+05:30,2025-07-30 15:00:00+05:30,399.5,398.4017857142857,401.47678571428577,-0.85,EOD-
S951,ITC,2025-07-30 13:30:00+05:30,0.0638,0.0319,0,,0.6209,88.24,-0.6078,0,0.9383,,0,0,0,0,1,0,1,2025-07-30 13:30:00+05:30,2025-07-30 13:35:00+05:30,2025-07-30 14:45:00+05:30,400.05,399.0232142857143,401.8982142857143,-1.0268,L
S952,ITC,2025-07-30 14:00:00+05:30,0.0738,0.0832,5,5.0,0.1574,25.0,1.7586,0,0.6741,,0,0,0,1,1,0,1,2025-07-30 14:00:00+05:30,2025-07-30 14:05:00+05:30,2025-07-30 14:45:00+05:30,399.95,398.79821428571427,402.0232142857143,-1.1518,L
S953,ITC,2025-07-30 14:10:00+05:30,0.0531,0.0825,0,,0.2692,20.0,0.6,0,0.5402,,0,0,0,1,1,0,1,2025-07-30 14:10:00+05:30,2025-07-30 14:15:00+05:30,2025-07-30 14:45:00+05:30,400.0,398.8392857142857,402.0892857142857,-1.1607,L
S954,ITC,2025-07-31 09:15:00+05:30,,,0,,4.2096,55.56,-0.8178,0,1.083,0.0,1,0,0,0,0,1,2,2025-07-31 09:20:00+05:30,2025-07-31 09:25:00+05:30,2025-07-31 09:55:00+05:30,400.1,398.7964285714286,402.4464285714286,-1.3036,L
S955,ITC,2025-07-31 09:30:00+05:30,,,0,,0.137,14.29,1.1622,0,0.3483,,0,1,1,1,1,0,1,2025-07-31 09:30:00+05:30,2025-07-31 09:35:00+05:30,2025-07-31 10:20:00+05:30,399.5,397.8125,402.5375,3.0375,W
S956,ITC,2025-07-31 09:45:00+05:30,-0.0275,,2,2.0,0.1337,42.86,0.7647,0,0.6555,,0,0,0,1,1,0,1,2025-07-31 09:45:00+05:30,2025-07-31 09:50:00+05:30,2025-07-31 10:15:00+05:30,399.3,397.7107142857143,402.16071428571433,2.8607,W
S957,ITC,2025-07-31 09:55:00+05:30,-0.0413,-0.0225,0,,1.4559,56.25,-0.7954,0,8.6327,1.0,2,1,0,0,0,2,3,2025-07-31 10:05:00+05:30,2025-07-31 10:10:00+05:30,2025-07-31 10:20:00+05:30,399.45,397.77142857142854,402.47142857142865,3.0214,W
S958,ITC,2025-07-31 11:45:00+05:30,0.2514,0.2256,18,10.0,0.7189,95.0,-0.9248,0,1.7855,1.0,9,1,0,0,0,9,10,2025-07-31 12:30:00+05:30,2025-07-31 12:35:00+05:30,2025-07-31 15:00:00+05:30,402.75,400.4375,406.9125,1.85,EOD+
S959,ITC,2025-07-31 12:40:00+05:30,-0.0727,-0.0143,0,,0.0486,70.0,4.0,0,0.3481,,0,1,1,1,1,0,1,2025-07-31 12:40:00+05:30,2025-07-31 12:45:00+05:30,2025-07-31 13:35:00+05:30,402.7,401.15535714285716,405.48035714285714,2.7804,W
S960,ITC,2025-08-01 09:15:00+05:30,,,0,,1.102,73.02,-0.4045,0,1.2019,,0,0,0,1,1,0,1,2025-08-01 09:15:00+05:30,2025-08-01 09:20:00+05:30,2025-08-01 10:40:00+05:30,406.15,403.8642857142857,410.2642857142857,4.1143,W
S961,ITC,2025-08-01 11:15:00+05:30,0.1891,0.31,23,7.0,0.8395,50.0,-0.361,0,0.3483,0.0,1,1,1,1,0,1,2,2025-08-01 11:20:00+05:30,2025-08-01 11:25:00+05:30,2025-08-01 12:40:00+05:30,409.2,406.8696428571428,413.39464285714286,-2.3304,L
S962,ITC,2025-08-01 11:35:00+05:30,0.1266,0.1787,2,2.0,0.1549,69.23,0.4286,0,0.3638,,0,0,0,0,1,0,1,2025-08-01 11:35:00+05:30,2025-08-01 11:40:00+05:30,2025-08-01 15:00:00+05:30,408.95,406.69107142857143,413.0160714285714,0.0,EOD-
S963,ITC,2025-08-01 12:00:00+05:30,-0.019,0.0838,0,,2.4431,16.67,-0.8298,0,0.8315,0.0,9,1,0,1,0,9,10,2025-08-01 12:45:00+05:30,2025-08-01 12:50:00+05:30,2025-08-01 15:00:00+05:30,408.65,406.8464285714286,411.8964285714285,0.3,EOD+
S964,ITC,2025-08-01 14:00:00+05:30,0.1143,0.1071,14,6.0,0.2091,25.0,2.2653,0,0.6787,,0,0,0,1,1,0,1,2025-08-01 14:00:00+05:30,2025-08-01 14:05:00+05:30,2025-08-01 15:00:00+05:30,409.15,407.68571428571425,411.7857142857143,-0.2,EOD-
S965,ITC,2025-08-01 14:10:00+05:30,0.1033,0.1223,0,,0.0768,44.44,2.3333,0,0.5427,,0,0,0,0,1,0,1,2025-08-01 14:10:00+05:30,2025-08-01 14:15:00+05:30,2025-08-01 14:35:00+05:30,409.35,407.8857142857143,411.9857142857143,-1.4643,L
S966,ITC,2025-08-04 09:15:00+05:30,,,0,,1.5571,48.97,-0.3026,0,3.9054,0.0,1,1,0,0,0,1,2,2025-08-04 09:20:00+05:30,2025-08-04 09:25:00+05:30,2025-08-04 14:45:00+05:30,410.6,407.37678571428575,416.4017857142857,-3.2232,L
S967,ITC,2025-08-04 09:45:00+05:30,0.0941,,4,1.0,0.095,50.0,4.8065,0,0.9207,,0,0,1,0,1,0,1,2025-08-04 09:45:00+05:30,2025-08-04 09:50:00+05:30,2025-08-04 15:00:00+05:30,410.85,406.76964285714286,418.1946428571429,-2.75,EOD-
S968,ITC,2025-08-04 10:25:00+05:30,0.1037,0.1227,7,3.0,0.2724,58.82,-0.2701,0,0.4968,1.0,2,0,0,0,0,2,3,2025-08-04 10:35:00+05:30,2025-08-04 10:40:00+05:30,2025-08-04 15:00:00+05:30,410.05,406.90714285714284,415.70714285714286,-1.95,EOD-
S969,ITC,2025-08-04 10:55:00+05:30,0.0865,0.0872,0,,2.2573,50.0,-0.7677,0,0.8629,0.0,9,1,0,0,0,9,10,2025-08-04 11:40:00+05:30,2025-08-04 11:45:00+05:30,2025-08-04 14:45:00+05:30,409.95,407.56607142857143,414.2410714285714,-2.3839,L
S970,ITC,2025-08-04 12:00:00+05:30,-0.0574,-0.061,3,3.0,0.6217,53.85,-0.0551,0,3.646,1.0,5,0,0,0,0,5,6,2025-08-04 12:25:00+05:30,2025-08-04 12:30:00+05:30,2025-08-04 14:00:00+05:30,409.4,408.1232142857143,411.69821428571424,-1.2768,L
S971,ITC,2025-08-04 12:35:00+05:30,0.0031,-0.0208,0,,1.6017,0.0,-0.4815,0,3.2334,1.0,3,1,0,0,0,3,4,2025-08-04 12:50:00+05:30,2025-08-04 12:55:00+05:30,2025-08-04 13:55:00+05:30,409.8,408.7464285714286,411.6964285714285,-1.0536,L
S972,ITC,2025-08-04 13:05:00+05:30,0.0281,0.0159,2,2.0,0.1848,53.85,2.0303,0,0.5136,,0,0,0,1,1,0,1,2025-08-04 13:05:00+05:30,2025-08-04 13:10:00+05:30,2025-08-04 13:55:00+05:30,409.7,408.5839285714286,411.70892857142854,-1.1161,L
S973,ITC,2025-08-05 09:15:00+05:30,,,0,,1.4782,15.0,0.3757,0,1.1968,,0,0,1,0,1,0,1,2025-08-05 09:15:00+05:30,2025-08-05 09:20:00+05:30,2025-08-05 09:30:00+05:30,409.0,407.40178571428567,411.87678571428575,-1.5982,L
S974,ITC,2025-08-05 10:35:00+05:30,-0.1747,-0.1474,0,,3.335,42.86,-0.8801,0,0.6589,1.0,9,1,0,1,0,9,10,2025-08-05 11:20:00+05:30,2025-08-05 11:25:00+05:30,2025-08-05 15:00:00+05:30,405.4,404.15,407.65,0.2,EOD+
S975,ITC,2025-08-05 12:30:00+05:30,0.0746,0.0407,13,4.0,1.2657,42.86,0.1173,0,2.6255,,0,0,1,0,1,0,1,2025-08-05 12:30:00+05:30,2025-08-05 12:35:00+05:30,2025-08-05 13:00:00+05:30,405.7,404.81607142857143,407.2910714285714,-0.8839,L
S976,ITC,2025-08-05 12:55:00+05:30,0.0191,0.0487,0,,1.5487,22.22,-0.84,0,0.6284,0.0,9,1,0,1,0,9,10,2025-08-05 13:40:00+05:30,2025-08-05 13:45:00+05:30,2025-08-05 15:00:00+05:30,405.55,404.54107142857146,407.36607142857144,0.05,EOD+
S977,ITC,2025-08-05 14:05:00+05:30,-0.0321,-0.0185,4,4.0,0.0321,85.71,3.0,0,0.3967,,0,1,1,1,1,0,1,2025-08-05 14:05:00+05:30,2025-08-05 14:10:00+05:30,2025-08-05 15:00:00+05:30,405.4,404.4267857142857,407.15178571428567,0.2,EOD+
S978,ITC,2025-08-05 14:20:00+05:30,-0.0062,-0.0321,1,1.0,0.3829,41.18,2.125,0,2.5902,,0,0,0,0,1,0,1,2025-08-05 14:20:00+05:30,2025-08-05 14:25:00+05:30,2025-08-05 15:00:00+05:30,405.65,404.60535714285714,407.5303571428571,-0.05,EOD-
S979,ITC,2025-08-05 14:30:00+05:30,0.0197,-0.0179,1,1.0,0.4647,36.36,0.8182,0,1.5544,,0,1,1,0,1,0,1,2025-08-05 14:30:00+05:30,2025-08-05 14:35:00+05:30,2025-08-05 15:00:00+05:30,405.6,404.56428571428575,407.4642857142857,0.0,EOD-
S980,ITC,2025-08-06 09:15:00+05:30,,,0,,2.0233,0.0,0.0427,0,0.5796,,0,1,0,0,1,0,1,2025-08-06 09:15:00+05:30,2025-08-06 09:20:00+05:30,2025-08-06 09:35:00+05:30,405.65,404.34642857142853,407.99642857142857,-1.3036,L
S981,ITC,2025-08-06 10:55:00+05:30,-0.1814,-0.1503,0,,2.9039,27.27,-0.8445,0,0.6735,0.0,9,1,0,1,0,9,10,2025-08-06 11:40:00+05:30,2025-08-06 11:45:00+05:30,2025-08-06 15:00:00+05:30,403.2,401.81607142857143,405.69107142857143,-0.15,EOD-
S982,ITC,2025-08-06 12:15:00+05:30,0.0211,0.0025,6,2.0,0.0368,0.0,19.0,0,0.6763,,0,0,0,0,1,0,1,2025-08-06 12:15:00+05:30,2025-08-06 12:20:00+05:30,2025-08-06 13:25:00+05:30,403.3,402.2821428571429,405.13214285714287,-1.0179,L
S983,ITC,2025-08-06 12:25:00+05:30,0.0298,0.0118,0,,0.4742,12.5,-0.0476,0,0.7568,,0,0,0,0,1,0,1,2025-08-06 12:25:00+05:30,2025-08-06 12:30:00+05:30,2025-08-06 15:00:00+05:30,402.95,401.84285714285716,404.9428571428571,0.1,EOD+
S984,ITC,2025-08-06 12:55:00+05:30,0.0118,0.0223,0,,1.2797,42.86,-0.8291,0,2.209,1.0,9,1,1,0,0,9,10,2025-08-06 13:40:00+05:30,2025-08-06 13:45:00+05:30,2025-08-06 14:30:00+05:30,403.55,402.40714285714284,405.6071428571429,-1.1429,L
S985,ITC,2025-08-07 09:15:00+05:30,,,0,,0.1891,66.67,1.9787,0,1.0246,,0,1,0,0,1,0,1,2025-08-07 09:15:00+05:30,2025-08-07 09:20:00+05:30,2025-08-07 15:00:00+05:30,404.9,403.34642857142853,407.69642857142856,0.45,EOD+
S986,ITC,2025-08-07 11:30:00+05:30,-0.0537,-0.0438,0,,1.3826,50.0,-1.0,0,1.041,1.0,9,0,0,0,0,9,10,2025-08-07 12:15:00+05:30,2025-08-07 12:20:00+05:30,2025-08-07 15:00:00+05:30,404.6,403.5196428571429,406.5446428571429,0.75,EOD+
S987,ITC,2025-08-07 13:15:00+05:30,0.0272,0.0464,11,5.0,0.1415,50.0,2.1579,0,1.3314,,0,0,0,1,1,0,1,2025-08-07 13:15:00+05:30,2025-08-07 13:20:00+05:30,2025-08-07 15:00:00+05:30,404.8,403.9607142857143,406.31071428571425,0.55,EOD+
S988,ITC,2025-08-07 13:25:00+05:30,0.0179,0.0377,0,,0.0906,80.0,-1.0,0,0.5671,,0,0,0,0,1,0,1,2025-08-07 13:25:00+05:30,2025-08-07 13:30:00+05:30,2025-08-07 15:00:00+05:30,404.75,403.99107142857144,406.1160714285714,0.6,EOD+
S989,ITC,2025-08-07 13:35:00+05:30,0.0303,0.0198,0,,0.342,50.0,-0.5349,0,1.4014,1.0,1,0,0,0,0,1,2,2025-08-07 13:40:00+05:30,2025-08-07 13:45:00+05:30,2025-08-07 15:00:00+05:30,405.1,404.31428571428575,406.51428571428573,0.25,EOD+
S990,ITC,2025-08-07 13:50:00+05:30,0.055,0.0303,0,,0.4615,16.67,0.3333,0,0.4821,,0,0,0,1,1,0,1,2025-08-07 13:50:00+05:30,2025-08-07 13:55:00+05:30,2025-08-07 15:00:00+05:30,404.85,404.0375,406.3125,0.5,EOD+
S991,ITC,2025-08-07 14:00:00+05:30,0.0401,0.0513,0,,0.8043,62.5,-0.6296,0,0.9934,1.0,3,0,0,1,0,3,4,2025-08-07 14:15:00+05:30,2025-08-07 14:20:00+05:30,2025-08-07 15:00:00+05:30,405.1,404.2607142857143,406.61071428571427,0.25,EOD+
S992,ITC,2025-08-07 14:25:00+05:30,-0.0006,0.0161,0,,0.6513,44.44,-0.4393,0,1.356,,0,1,1,0,1,0,1,2025-08-07 14:25:00+05:30,2025-08-07 14:30:00+05:30,2025-08-07 15:00:00+05:30,405.0,403.97321428571433,406.8482142857142,0.35,EOD+
S993,ITC,2025-08-08 10:10:00+05:30,0.0395,0.0475,11,11.0,0.545,12.5,0.1765,0,0.7155,,0,1,1,0,1,0,1,2025-08-08 10:10:00+05:30,2025-08-08 10:15:00+05:30,2025-08-08 12:00:00+05:30,405.65,404.4803571428571,407.7553571428572,-1.1696,L
S994,ITC,2025-08-08 10:20:00+05:30,0.0388,0.0444,0,,0.0881,87.5,1.2222,0,0.2656,,0,0,0,1,1,0,1,2025-08-08 10:20:00+05:30,2025-08-08 10:25:00+05:30,2025-08-08 11:55:00+05:30,406.35,405.0732142857143,408.64821428571435,-1.2768,L
S995,ITC,2025-08-08 10:45:00+05:30,0.0733,0.0592,4,4.0,0.2195,50.0,1.1622,0,2.5414,,0,1,0,0,1,0,1,2025-08-08 10:45:00+05:30,2025-08-08 10:50:00+05:30,2025-08-08 12:00:00+05:30,405.95,404.89642857142854,407.8464285714286,-1.0536,L
S996,ITC,2025-08-08 10:55:00+05:30,0.0523,0.077,0,,0.7993,5.88,0.6993,0,2.6736,,0,0,1,0,1,0,1,2025-08-08 10:55:00+05:30,2025-08-08 11:00:00+05:30,2025-08-08 11:55:00+05:30,406.3,405.10357142857146,408.4535714285714,-1.1964,L
S997,ITC,2025-08-08 11:05:00+05:30,0.0228,0.0714,0,,0.4803,44.44,0.0638,0,0.4434,,0,0,0,1,1,0,1,2025-08-08 11:05:00+05:30,2025-08-08 11:10:00+05:30,2025-08-08 12:00:00+05:30,405.95,404.7267857142857,408.15178571428567,-1.2232,L
S998,ITC,2025-08-08 11:15:00+05:30,0.0037,0.0357,0,,0.6466,100.0,-1.0,0,0.3387,0.0,3,0,1,1,0,3,4,2025-08-08 11:30:00+05:30,2025-08-08 11:35:00+05:30,2025-08-08 12:00:00+05:30,406.05,404.8803571428572,408.15535714285716,-1.1696,L
S999,ITC,2025-08-08 11:40:00+05:30,-0.0025,0.0117,0,,1.5509,25.0,-0.8444,0,0.2617,0.0,8,1,1,1,0,8,9,2025-08-08 12:20:00+05:30,2025-08-08 12:25:00+05:30,2025-08-08 15:00:00+05:30,405.9,404.8642857142857,407.7642857142857,-0.15,EOD-
S1000,ITC,2025-08-08 12:40:00+05:30,-0.0123,-0.0382,3,3.0,0.1832,25.0,2.5714,0,0.4013,,0,1,0,1,1,0,1,2025-08-08 12:40:00+05:30,2025-08-08 12:45:00+05:30,2025-08-08 15:00:00+05:30,405.95,404.9946428571429,407.66964285714283,-0.2,EOD-
S1001,ITC,2025-08-08 13:00:00+05:30,0.008,-0.0055,3,2.0,0.1577,40.0,1.4,0,0.5212,,0,0,0,1,1,0,1,2025-08-08 13:00:00+05:30,2025-08-08 13:05:00+05:30,2025-08-08 15:00:00+05:30,405.8,404.80892857142857,407.5839285714286,-0.05,EOD-
S1002,ITC,2025-08-08 13:10:00+05:30,0.008,0.0018,0,,0.0304,60.0,4.0,0,0.5693,,0,1,0,1,1,0,1,2025-08-08 13:10:00+05:30,2025-08-08 13:15:00+05:30,2025-08-08 15:00:00+05:30,405.9,405.0785714285714,407.37857142857143,-0.15,EOD-
S1003,ITC,2025-08-08 13:25:00+05:30,0.0216,0.008,2,2.0,0.3043,70.0,0.5,0,0.8318,,0,1,0,1,1,0,1,2025-08-08 13:25:00+05:30,2025-08-08 13:30:00+05:30,2025-08-08 15:00:00+05:30,405.85,405.02857142857147,407.3285714285714,-0.1,EOD-
S1004,ITC,2025-08-08 13:40:00+05:30,0.0394,0.0216,1,1.0,0.1598,50.0,1.8571,0,2.4049,,0,0,0,0,1,0,1,2025-08-08 13:40:00+05:30,2025-08-08 13:45:00+05:30,2025-08-08 15:00:00+05:30,406.0,405.17857142857144,407.4785714285714,-0.25,EOD-
S1005,ITC,2025-08-08 13:50:00+05:30,0.0357,0.0376,0,,0.7622,20.0,-0.5918,0,3.1662,1.0,2,1,0,0,0,2,3,2025-08-08 14:00:00+05:30,2025-08-08 14:05:00+05:30,2025-08-08 14:30:00+05:30,406.1,405.2964285714286,407.5464285714286,-0.8036,L
S1006,ITC,2025-08-08 14:10:00+05:30,0.0111,0.0314,1,1.0,1.036,37.5,0.0811,0,2.5718,,0,1,0,0,1,0,1,2025-08-08 14:10:00+05:30,2025-08-08 14:15:00+05:30,2025-08-08 15:00:00+05:30,406.0,405.1071428571429,407.60714285714283,-0.25,EOD-
S1007,ITC,2025-08-11 09:15:00+05:30,,,0,,0.8762,42.86,0.1173,0,1.4229,,0,1,1,0,1,0,1,2025-08-11 09:15:00+05:30,2025-08-11 09:20:00+05:30,2025-08-11 15:00:00+05:30,406.8,405.52321428571435,409.0982142857143,1.4,EOD+
S1008,ITC,2025-08-11 10:45:00+05:30,0.0878,0.1087,17,9.0,0.1716,16.67,2.2,0,6.0194,,0,0,0,0,1,0,1,2025-08-11 10:45:00+05:30,2025-08-11 10:50:00+05:30,2025-08-11 15:00:00+05:30,407.3,406.38928571428573,408.9392857142857,0.9,EOD+
S1009,ITC,2025-08-11 10:55:00+05:30,0.0694,0.0976,0,,1.35,90.91,-0.9074,0,0.9755,,0,0,0,1,1,0,1,2025-08-11 10:55:00+05:30,2025-08-11 11:00:00+05:30,2025-08-11 15:00:00+05:30,407.25,406.25,409.05,0.95,EOD+
S1010,ITC,2025-08-11 11:05:00+05:30,0.0534,0.0804,0,,0.8991,68.75,-0.4631,0,1.7318,,0,0,0,0,1,0,1,2025-08-11 11:05:00+05:30,2025-08-11 11:10:00+05:30,2025-08-11 15:00:00+05:30,407.65,406.6142857142857,409.5142857142857,0.55,EOD+
S1011,ITC,2025-08-11 11:15:00+05:30,0.0472,0.0503,0,,0.2736,28.57,0.3953,0,0.7378,,0,1,1,1,1,0,1,2025-08-11 11:15:00+05:30,2025-08-11 11:20:00+05:30,2025-08-11 15:00:00+05:30,407.6,406.6178571428572,409.3678571428572,0.6,EOD+
S1012,ITC,2025-08-11 11:25:00+05:30,0.0613,0.0473,1,1.0,0.4706,41.67,0.0,0,0.2249,0.0,9,1,0,1,0,9,10,2025-08-11 12:10:00+05:30,2025-08-11 12:15:00+05:30,2025-08-11 15:00:00+05:30,407.3,406.2375,409.2125,0.9,EOD+
S1013,ITC,2025-08-11 12:25:00+05:30,-0.0049,-0.0282,1,1.0,0.257,25.0,0.3793,0,0.2035,,0,0,0,1,1,0,1,2025-08-11 12:25:00+05:30,2025-08-11 12:30:00+05:30,2025-08-11 15:00:00+05:30,407.35,406.6446428571429,408.6196428571429,0.85,EOD+
S1014,ITC,2025-08-11 12:35:00+05:30,0.0104,-0.0117,0,,0.4701,60.0,-0.5556,0,0.1705,,0,1,0,1,1,0,1,2025-08-11 12:35:00+05:30,2025-08-11 12:40:00+05:30,2025-08-11 15:00:00+05:30,407.45,406.8517857142857,408.52678571428567,0.75,EOD+
S1015,ITC,2025-08-11 14:00:00+05:30,0.0576,0.0699,16,5.0,0.0875,14.29,10.1111,0,2.2071,,0,1,1,0,1,0,1,2025-08-11 14:00:00+05:30,2025-08-11 14:05:00+05:30,2025-08-11 15:00:00+05:30,408.2,407.5571428571429,409.35714285714283,0.0,EOD-
S1016,ITC,2025-08-11 14:10:00+05:30,0.0515,0.0631,1,1.0,0.2366,40.0,1.5,0,1.2898,,0,0,0,1,1,0,1,2025-08-11 14:10:00+05:30,2025-08-11 14:15:00+05:30,2025-08-11 15:00:00+05:30,408.15,407.5160714285714,409.2910714285714,0.05,EOD+
S1017,ITC,2025-08-11 14:20:00+05:30,0.0466,0.0539,0,,0.4667,20.0,0.6,0,1.7209,,0,0,0,0,1,0,1,2025-08-11 14:20:00+05:30,2025-08-11 14:25:00+05:30,2025-08-11 15:00:00+05:30,408.2,407.53035714285716,409.4053571428571,0.0,EOD-
S1018,ITC,2025-08-12 10:25:00+05:30,0.1147,0.1368,14,4.0,0.2076,80.0,-0.5349,0,0.3342,1.0,2,0,0,1,0,2,3,2025-08-12 10:35:00+05:30,2025-08-12 10:40:00+05:30,2025-08-12 11:05:00+05:30,409.9,408.60535714285714,412.2303571428571,-1.2946,L
S1019,ITC,2025-08-12 11:30:00+05:30,-0.0665,-0.0335,0,,2.7844,7.69,-0.7393,0,0.7257,0.0,9,0,0,1,0,9,10,2025-08-12 12:15:00+05:30,2025-08-12 12:20:00+05:30,2025-08-12 15:00:00+05:30,409.0,407.7946428571429,411.1696428571428,-0.95,EOD-
S1020,ITC,2025-08-12 12:25:00+05:30,-0.063,-0.1033,0,,0.3984,100.0,-1.0,0,0.3517,0.0,2,1,0,1,0,2,3,2025-08-12 12:35:00+05:30,2025-08-12 12:40:00+05:30,2025-08-12 15:00:00+05:30,408.95,407.8517857142857,410.9267857142857,-1.0982,L
S1021,ITC,2025-08-12 12:45:00+05:30,-0.0349,-0.0593,0,,0.6431,18.75,0.4159,0,2.1334,,0,0,0,0,1,0,1,2025-08-12 12:45:00+05:30,2025-08-12 12:50:00+05:30,2025-08-12 15:00:00+05:30,408.7,407.6017857142857,410.6767857142857,-0.65,EOD-
S1022,ITC,2025-08-12 12:55:00+05:30,-0.022,-0.0416,0,,0.651,44.44,-0.5489,0,0.889,,0,1,0,1,1,0,1,2025-08-12 12:55:00+05:30,2025-08-12 13:00:00+05:30,2025-08-12 15:00:00+05:30,408.65,407.37321428571425,410.94821428571424,-0.6,EOD-
S1023,ITC,2025-08-12 13:05:00+05:30,-0.0128,-0.0288,0,,0.3826,0.0,1.5532,0,2.1909,,0,1,0,0,1,0,1,2025-08-12 13:05:00+05:30,2025-08-12 13:10:00+05:30,2025-08-12 15:00:00+05:30,409.0,407.4642857142857,411.7642857142857,-0.95,EOD-
S1024,ITC,2025-08-12 13:15:00+05:30,0.0031,-0.0153,1,1.0,0.2074,91.67,-0.5833,0,0.3202,1.0,5,0,0,0,0,5,6,2025-08-12 13:40:00+05:30,2025-08-12 13:45:00+05:30,2025-08-12 15:00:00+05:30,408.75,407.30357142857144,411.3535714285714,-0.7,EOD-
S1025,ITC,2025-08-12 13:50:00+05:30,0.0226,0.0031,0,,0.2162,50.0,-1.0,0,0.8421,1.0,1,0,0,0,0,1,2,2025-08-12 13:55:00+05:30,2025-08-12 14:00:00+05:30,2025-08-12 15:00:00+05:30,409.05,407.8357142857143,411.23571428571427,-1.0,EOD-
S1026,ITC,2025-08-13 11:35:00+05:30,-0.099,-0.0854,0,,3.2686,16.67,-0.6814,0,2.0807,0.0,9,0,0,0,0,9,10,2025-08-13 12:20:00+05:30,2025-08-13 12:25:00+05:30,2025-08-13 15:00:00+05:30,406.05,404.96964285714284,407.9946428571429,-0.2,EOD-
S1027,ITC,2025-08-13 12:30:00+05:30,-0.0628,-0.1096,0,,0.9545,62.5,-0.5556,0,0.5129,,0,1,0,0,1,0,1,2025-08-13 12:30:00+05:30,2025-08-13 12:35:00+05:30,2025-08-13 15:00:00+05:30,406.2,405.31607142857143,407.79107142857134,-0.35,EOD-
S1028,ITC,2025-08-13 13:40:00+05:30,0.0646,0.0523,13,7.0,0.0236,28.57,32.3333,0,0.9451,,0,0,0,0,1,0,1,2025-08-13 13:40:00+05:30,2025-08-13 13:45:00+05:30,2025-08-13 14:50:00+05:30,406.6,405.80535714285713,408.03035714285716,-0.7946,L
S1029,ITC,2025-08-13 13:50:00+05:30,0.0701,0.0591,1,1.0,0.0651,25.0,1.5,0,0.4251,,0,0,0,1,1,0,1,2025-08-13 13:50:00+05:30,2025-08-13 13:55:00+05:30,2025-08-13 15:00:00+05:30,406.5,405.73214285714283,407.88214285714287,-0.7679,L
S1030,ITC,2025-08-13 14:00:00+05:30,0.0584,0.0689,0,,0.7576,45.45,-0.7826,0,1.8439,,0,0,1,0,1,0,1,2025-08-13 14:00:00+05:30,2025-08-13 14:05:00+05:30,2025-08-13 14:35:00+05:30,406.75,405.99107142857144,408.1160714285714,-0.7589,L
S1031,ITC,2025-08-14 09:20:00+05:30,,,0,,2.0109,46.15,-0.8734,0,0.4683,0.0,9,0,0,1,0,9,10,2025-08-14 10:05:00+05:30,2025-08-14 10:10:00+05:30,2025-08-14 10:50:00+05:30,405.55,404.5678571428572,407.31785714285706,-0.9821,L
S1032,ITC,2025-08-14 10:35:00+05:30,-0.0012,-0.0259,5,2.0,0.0,12.5,,1,0.6399,,0,0,0,1,1,0,1,2025-08-14 10:35:00+05:30,2025-08-14 10:40:00+05:30,2025-08-14 10:50:00+05:30,405.65,404.62321428571425,407.4982142857143,-1.0268,L
S1033,ITC,2025-08-14 12:10:00+05:30,-0.097,-0.0717,0,,2.0263,81.82,-0.8545,0,2.8159,1.0,9,1,0,0,0,9,10,2025-08-14 12:55:00+05:30,2025-08-14 13:00:00+05:30,2025-08-14 14:30:00+05:30,404.15,403.3017857142857,405.6767857142857,-0.8482,L
S1034,ITC,2025-08-14 13:20:00+05:30,0.0136,-0.013,4,3.0,0.0109,25.0,59.0,0,0.9701,,0,0,0,0,1,0,1,2025-08-14 13:20:00+05:30,2025-08-14 13:25:00+05:30,2025-08-14 14:30:00+05:30,404.4,403.24821428571425,406.4732142857143,-1.1518,L
S1035,ITC,2025-08-14 13:30:00+05:30,0.0031,0.008,0,,1.225,9.09,-0.1597,0,0.7873,0.0,1,0,0,0,0,1,2,2025-08-14 13:35:00+05:30,2025-08-14 13:40:00+05:30,2025-08-14 14:35:00+05:30,404.25,403.0357142857143,406.4357142857143,-1.2143,L
S1036,ITC,2025-08-18 09:50:00+05:30,-0.1584,,0,,1.5202,50.0,-1.0,0,0.2349,0.0,9,0,0,1,0,9,10,2025-08-18 10:35:00+05:30,2025-08-18 10:40:00+05:30,2025-08-18 11:55:00+05:30,401.9,399.8196428571428,405.64464285714286,-2.0804,L
S1037,ITC,2025-08-18 11:40:00+05:30,-0.0554,0.0025,0,,3.3417,33.33,-0.9636,0,0.2332,0.0,9,1,0,0,0,9,10,2025-08-18 12:25:00+05:30,2025-08-18 12:30:00+05:30,2025-08-18 14:55:00+05:30,400.55,399.5232142857143,402.3982142857143,-1.0268,L
S1038,ITC,2025-08-18 12:40:00+05:30,-0.0593,-0.1061,1,1.0,0.1178,16.67,3.7059,0,1.6462,,0,0,0,0,1,0,1,2025-08-18 12:40:00+05:30,2025-08-18 12:45:00+05:30,2025-08-18 14:30:00+05:30,400.65,399.74821428571425,402.2732142857143,-0.9018,L
S1039,ITC,2025-08-18 12:50:00+05:30,-0.0431,-0.0768,1,1.0,0.0769,0.0,7.0,0,0.2411,,0,0,0,1,1,0,1,2025-08-18 12:50:00+05:30,2025-08-18 12:55:00+05:30,2025-08-18 14:30:00+05:30,400.55,399.7375,402.01250000000005,-0.8125,L
S1040,ITC,2025-08-18 13:20:00+05:30,-0.0069,-0.0406,5,2.0,0.1806,28.57,1.5,0,0.78,,0,0,0,1,1,0,1,2025-08-18 13:20:00+05:30,2025-08-18 13:25:00+05:30,2025-08-18 14:45:00+05:30,400.4,399.5696428571428,401.89464285714286,-0.8304,L
S1041,ITC,2025-08-18 13:30:00+05:30,0.015,-0.0206,0,,1.2968,66.67,-0.5455,0,1.6148,,0,0,0,0,1,0,1,2025-08-18 13:30:00+05:30,2025-08-18 13:35:00+05:30,2025-08-18 14:30:00+05:30,400.55,399.70178571428573,402.07678571428573,-0.8482,L
S1042,ITC,2025-08-18 13:40:00+05:30,0.0306,0.0037,1,1.0,0.0457,25.0,5.6667,0,0.5296,,0,0,0,1,1,0,1,2025-08-18 13:40:00+05:30,2025-08-18 13:45:00+05:30,2025-08-18 14:40:00+05:30,400.45,399.6285714285714,401.92857142857144,-0.8214,L
S1043,ITC,2025-08-18 13:50:00+05:30,0.0449,0.0237,0,,0.7301,0.0,0.0309,0,0.4914,,0,0,0,1,1,0,1,2025-08-18 13:50:00+05:30,2025-08-18 13:55:00+05:30,2025-08-18 14:40:00+05:30,400.5,399.66964285714283,401.9946428571429,-0.8304,L
S1044,ITC,2025-08-18 14:00:00+05:30,0.0318,0.0356,0,,0.8485,50.0,-0.6667,0,0.5406,0.0,2,0,0,1,0,2,3,2025-08-18 14:10:00+05:30,2025-08-18 14:15:00+05:30,2025-08-18 14:40:00+05:30,400.55,399.6660714285714,402.1410714285715,-0.8839,L
S1045,ITC,2025-08-19 09:25:00+05:30,,,0,,2.4786,84.21,-0.9135,0,1.328,1.0,9,1,1,0,0,9,10,2025-08-19 10:10:00+05:30,2025-08-19 10:15:00+05:30,2025-08-19 15:00:00+05:30,398.05,396.3,401.2,2.5,EOD+
S1046,ITC,2025-08-19 10:35:00+05:30,-0.0377,-0.1012,3,2.0,0.2368,45.45,0.7391,0,0.271,,0,1,1,0,1,0,1,2025-08-19 10:35:00+05:30,2025-08-19 10:40:00+05:30,2025-08-19 11:15:00+05:30,397.9,396.68571428571425,400.08571428571423,-1.2143,L
S1047,ITC,2025-08-19 11:20:00+05:30,-0.0547,-0.0157,0,,1.8375,66.67,-0.9471,0,2.9459,1.0,9,1,0,0,0,9,10,2025-08-19 12:05:00+05:30,2025-08-19 12:10:00+05:30,2025-08-19 13:40:00+05:30,397.65,396.3642857142857,399.9642857142857,2.3143,W
S1048,ITC,2025-08-20 09:15:00+05:30,,,0,,3.8031,82.93,-0.7971,0,0.7653,0.0,9,0,1,0,0,9,10,2025-08-20 10:00:00+05:30,2025-08-20 10:05:00+05:30,2025-08-20 12:50:00+05:30,400.65,399.5160714285714,402.69107142857143,-1.1339,L
S1049,ITC,2025-08-20 10:10:00+05:30,-0.0137,-0.0269,1,1.0,0.0315,0.0,21.5,0,0.4422,,0,0,0,1,1,0,1,2025-08-20 10:10:00+05:30,2025-08-20 10:15:00+05:30,2025-08-20 14:25:00+05:30,400.55,398.9607142857143,403.41071428571433,-1.5893,L
S1050,ITC,2025-08-20 10:20:00+05:30,0.0031,-0.0225,1,1.0,0.0114,66.67,19.0,0,0.4167,,0,1,0,1,1,0,1,2025-08-20 10:20:00+05:30,2025-08-20 10:25:00+05:30,2025-08-20 14:25:00+05:30,400.6,398.95714285714286,403.55714285714294,-1.6429,L
S1051,ITC,2025-08-20 11:20:00+05:30,0.0824,0.063,11,11.0,0.049,66.67,3.0,0,0.6872,,0,1,0,0,1,0,1,2025-08-20 11:20:00+05:30,2025-08-20 11:25:00+05:30,2025-08-20 12:50:00+05:30,400.8,399.5232142857143,403.09821428571433,-1.2768,L
S1052,ITC,2025-08-20 11:35:00+05:30,0.0804,0.0824,1,1.0,0.1167,50.0,1.8571,0,1.0416,,0,0,0,0,1,0,1,2025-08-20 11:35:00+05:30,2025-08-20 11:40:00+05:30,2025-08-20 11:50:00+05:30,401.05,399.925,403.07500000000005,-1.125,L
S1053,ITC,2025-08-20 13:00:00+05:30,-0.0725,-0.0612,0,,1.4758,22.22,-0.8419,0,1.0032,1.0,9,0,0,1,0,9,10,2025-08-20 13:45:00+05:30,2025-08-20 13:50:00+05:30,2025-08-20 14:30:00+05:30,399.8,398.72857142857146,401.7285714285714,-1.0714,L
S1054,ITC,2025-08-20 13:55:00+05:30,-0.0407,-0.0619,1,1.0,0.2933,77.78,-0.5455,0,1.2099,0.0,1,0,0,1,0,1,2,2025-08-20 14:00:00+05:30,2025-08-20 14:05:00+05:30,2025-08-20 14:30:00+05:30,399.6,398.6625,401.2875,-0.9375,L
S1055,ITC,2025-08-20 14:10:00+05:30,-0.0288,-0.0407,0,,0.6255,40.0,-0.2857,0,2.1848,,0,0,0,0,1,0,1,2025-08-20 14:10:00+05:30,2025-08-20 14:15:00+05:30,2025-08-20 14:30:00+05:30,399.45,398.61071428571427,400.96071428571435,-0.8393,L
S1056,ITC,2025-08-21 09:15:00+05:30,,,0,,2.63,16.0,-0.6578,0,0.2453,0.0,8,0,1,1,0,8,9,2025-08-21 09:55:00+05:30,2025-08-21 10:00:00+05:30,2025-08-21 14:05:00+05:30,397.8,396.55,400.05,-1.25,L
S1057,ITC,2025-08-21 10:45:00+05:30,0.0094,-0.017,8,3.0,0.8384,0.0,0.7476,0,0.6546,,0,1,0,0,1,0,1,2025-08-21 10:45:00+05:30,2025-08-21 10:50:00+05:30,2025-08-21 14:05:00+05:30,397.75,396.98214285714283,399.1321428571429,-0.7679,L
S1058,ITC,2025-08-21 11:00:00+05:30,0.0119,0.0094,2,2.0,0.2517,53.33,0.25,0,0.9825,,0,0,0,0,1,0,1,2025-08-21 11:00:00+05:30,2025-08-21 11:05:00+05:30,2025-08-21 14:05:00+05:30,397.6,396.80535714285713,399.0303571428572,-0.7946,L
S1059,ITC,2025-08-21 11:10:00+05:30,0.0189,0.0151,0,,1.459,100.0,-1.0,0,3.9267,1.0,5,1,0,0,0,5,6,2025-08-21 11:35:00+05:30,2025-08-21 11:40:00+05:30,2025-08-21 14:05:00+05:30,397.8,397.05892857142857,399.1339285714286,-0.7411,L
S1060,ITC,2025-08-21 11:45:00+05:30,-0.0025,0.0157,1,1.0,1.3143,69.23,-0.5652,0,0.5052,0.0,8,1,0,1,0,8,9,2025-08-21 12:25:00+05:30,2025-08-21 12:30:00+05:30,2025-08-21 14:05:00+05:30,397.55,396.675,399.12499999999994,-0.875,L
S1061,ITC,2025-08-21 12:50:00+05:30,0.0132,-0.0138,3,3.0,0.4038,55.56,0.3333,0,2.0782,,0,0,0,0,1,0,1,2025-08-21 12:50:00+05:30,2025-08-21 12:55:00+05:30,2025-08-21 14:05:00+05:30,397.6,396.90357142857147,398.8535714285714,-0.6964,L
S1062,ITC,2025-08-21 13:00:00+05:30,0.027,0.0057,0,,0.2205,80.0,-0.1304,0,1.8698,,0,0,0,0,1,0,1,2025-08-21 13:00:00+05:30,2025-08-21 13:05:00+05:30,2025-08-21 14:05:00+05:30,398.0,397.34821428571433,399.17321428571427,-0.6518,L
S1063,ITC,2025-08-21 13:35:00+05:30,0.0239,0.0339,6,4.0,0.9852,75.0,-0.4737,0,0.8358,0.0,1,1,1,0,0,1,2,2025-08-21 13:40:00+05:30,2025-08-21 13:45:00+05:30,2025-08-21 14:05:00+05:30,397.9,397.1767857142857,399.20178571428573,-0.7232,L
S1064,ITC,2025-08-21 13:50:00+05:30,0.0258,0.0239,1,1.0,0.175,50.0,1.1053,0,0.5848,,0,1,0,0,1,0,1,2025-08-21 13:50:00+05:30,2025-08-21 13:55:00+05:30,2025-08-21 14:05:00+05:30,397.95,397.2714285714286,399.1714285714285,-0.6786,L
S1065,ITC,2025-08-22 11:40:00+05:30,-0.1199,-0.1466,0,,2.1778,50.0,-1.0,0,2.2122,1.0,9,0,0,1,0,9,10,2025-08-22 12:25:00+05:30,2025-08-22 12:30:00+05:30,2025-08-22 12:30:00+05:30,392.0,391.5982142857142,392.7232142857144,-0.4018,L
S1066,ITC,2025-08-22 13:10:00+05:30,-0.1003,-0.0805,0,,1.9514,50.0,-0.9509,0,0.5605,1.0,9,0,0,0,0,9,10,2025-08-22 13:55:00+05:30,2025-08-22 14:00:00+05:30,2025-08-22 14:35:00+05:30,390.8,389.49642857142857,393.14642857142866,-1.3036,L
S1067,ITC,2025-08-25 09:40:00+05:30,-0.1238,,0,,2.9091,41.67,-0.875,0,0.3785,0.0,9,1,1,1,0,9,10,2025-08-25 10:25:00+05:30,2025-08-25 10:30:00+05:30,2025-08-25 15:00:00+05:30,390.05,388.675,392.525,1.7,EOD+
S1068,ITC,2025-08-25 12:05:00+05:30,0.1622,0.1681,19,2.0,0.4427,0.0,1.7027,0,0.7976,,0,0,0,1,1,0,1,2025-08-25 12:05:00+05:30,2025-08-25 12:10:00+05:30,2025-08-25 15:00:00+05:30,391.8,390.7553571428571,393.6803571428572,-0.05,EOD-
S1069,ITC,2025-08-25 12:15:00+05:30,0.1207,0.1642,1,1.0,0.7412,25.0,-0.2593,0,0.6163,0.0,6,0,0,1,0,6,7,2025-08-25 12:45:00+05:30,2025-08-25 12:50:00+05:30,2025-08-25 15:00:00+05:30,391.75,390.8392857142857,393.38928571428573,0.0,EOD-
S1070,ITC,2025-08-25 12:55:00+05:30,0.0077,0.0243,0,,0.5888,33.33,-0.3333,0,0.5994,1.0,5,0,0,1,0,5,6,2025-08-25 13:20:00+05:30,2025-08-25 13:25:00+05:30,2025-08-25 15:00:00+05:30,391.75,390.79464285714283,393.4696428571429,0.0,EOD-
S1071,ITC,2025-08-25 13:30:00+05:30,-0.0057,-0.0153,0,,0.0389,25.0,7.0,0,0.6756,,0,1,0,1,1,0,1,2025-08-25 13:30:00+05:30,2025-08-25 13:35:00+05:30,2025-08-25 15:00:00+05:30,391.7,390.89642857142854,393.1464285714286,0.05,EOD+
S1072,ITC,2025-08-25 14:05:00+05:30,0.0166,-0.0064,6,3.0,0.3784,20.0,1.0,0,0.9177,,0,0,0,1,1,0,1,2025-08-25 14:05:00+05:30,2025-08-25 14:10:00+05:30,2025-08-25 15:00:00+05:30,391.8,391.13928571428573,392.9892857142857,-0.05,EOD-
S1073,ITC,2025-08-25 14:15:00+05:30,0.0236,0.0089,1,1.0,0.5727,16.67,0.1111,0,2.141,,0,1,0,0,1,0,1,2025-08-25 14:15:00+05:30,2025-08-25 14:20:00+05:30,2025-08-25 15:00:00+05:30,391.7,391.11071428571427,392.7607142857143,0.05,EOD+
S1074,ITC,2025-08-25 14:30:00+05:30,0.0109,0.0236,1,1.0,1.1317,25.0,0.0309,0,0.8533,,0,0,0,1,1,0,1,2025-08-25 14:30:00+05:30,2025-08-25 14:35:00+05:30,2025-08-25 14:35:00+05:30,391.7,391.1642857142857,392.6642857142857,-0.5357,L
S1075,ITC,2025-08-26 09:15:00+05:30,,,0,,2.9574,41.94,-0.3394,0,0.7923,,0,0,0,0,1,0,1,2025-08-26 09:15:00+05:30,2025-08-26 09:20:00+05:30,2025-08-26 09:20:00+05:30,391.65,390.49821428571425,393.72321428571433,-1.1518,L
S1076,ITC,2025-08-26 09:25:00+05:30,,,0,,1.4677,44.44,-0.9385,0,0.7251,1.0,5,1,0,0,0,5,6,2025-08-26 09:50:00+05:30,2025-08-26 09:55:00+05:30,2025-08-26 13:25:00+05:30,391.4,390.01607142857137,393.8910714285714,2.4911,W
S1077,ITC,2025-08-26 10:00:00+05:30,-0.0319,-0.0498,1,1.0,0.214,16.67,1.0833,0,0.5142,,0,0,0,0,1,0,1,2025-08-26 10:00:00+05:30,2025-08-26 10:05:00+05:30,2025-08-26 13:25:00+05:30,391.35,389.9482142857143,393.87321428571425,2.5232,W
S1078,ITC,2025-08-26 10:10:00+05:30,-0.0211,-0.039,1,1.0,0.1556,60.0,-0.375,0,0.2131,0.0,2,1,0,1,0,2,3,2025-08-26 10:20:00+05:30,2025-08-26 10:25:00+05:30,2025-08-26 13:25:00+05:30,391.3,390.01428571428573,393.6142857142857,2.3143,W
S1079,ITC,2025-08-26 11:30:00+05:30,0.037,0.0345,13,6.0,0.392,57.14,1.1429,0,0.7577,,0,1,0,1,1,0,1,2025-08-26 11:30:00+05:30,2025-08-26 11:35:00+05:30,2025-08-26 13:20:00+05:30,391.5,391.05357142857144,392.3035714285714,0.8036,W
S1080,ITC,2025-08-26 11:40:00+05:30,0.0275,0.046,0,,0.1782,75.0,0.4286,0,0.4775,,0,1,1,1,1,0,1,2025-08-26 11:40:00+05:30,2025-08-26 11:45:00+05:30,2025-08-26 13:20:00+05:30,391.55,391.0589285714286,392.4339285714285,0.8839,W
S1081,ITC,2025-08-26 12:10:00+05:30,0.0275,0.0204,5,5.0,0.2525,60.0,-0.0909,0,0.6615,0.0,2,0,1,0,0,2,3,2025-08-26 12:20:00+05:30,2025-08-26 12:25:00+05:30,2025-08-26 13:20:00+05:30,391.75,391.20535714285717,392.73035714285714,0.9804,W
S1082,ITC,2025-08-26 12:30:00+05:30,0.016,0.0243,1,1.0,0.482,60.0,-1.0,0,3.0058,1.0,4,1,0,0,0,4,5,2025-08-26 12:50:00+05:30,2025-08-26 12:55:00+05:30,2025-08-26 13:20:00+05:30,391.75,391.2053571428571,392.73035714285714,0.9804,W
S1083,ITC,2025-08-26 13:10:00+05:30,0.0064,-0.0064,3,3.0,0.1567,40.0,1.6667,0,1.6932,,0,1,0,0,1,0,1,2025-08-26 13:10:00+05:30,2025-08-26 13:15:00+05:30,2025-08-26 13:20:00+05:30,391.7,391.10178571428565,392.7767857142858,1.0768,W
S1084,ITC,2025-08-26 13:20:00+05:30,0.0262,0.0013,0,,0.0968,96.67,0.5385,0,3.0609,,0,1,0,1,1,0,1,2025-08-26 13:20:00+05:30,2025-08-26 13:25:00+05:30,2025-08-26 13:40:00+05:30,393.15,392.31071428571425,394.66071428571433,1.5107,W
S1085,ITC,2025-08-28 10:10:00+05:30,-0.1377,-0.0881,0,,1.3723,60.0,-0.9194,0,1.7162,1.0,9,1,0,1,0,9,10,2025-08-28 10:55:00+05:30,2025-08-28 11:00:00+05:30,2025-08-28 15:00:00+05:30,393.4,391.1410714285714,397.4660714285714,0.0,EOD-
S1086,ITC,2025-08-28 12:20:00+05:30,0.0654,0.0629,16,7.0,0.6843,62.5,-0.5402,0,1.9844,1.0,3,1,0,0,0,3,4,2025-08-28 12:35:00+05:30,2025-08-28 12:40:00+05:30,2025-08-28 13:30:00+05:30,393.75,392.95535714285717,395.1803571428571,-0.7946,L
S1087,ITC,2025-08-28 12:55:00+05:30,0.0235,0.0419,3,1.0,0.8417,54.55,-0.2079,0,0.9939,1.0,3,0,0,0,0,3,4,2025-08-28 13:10:00+05:30,2025-08-28 13:15:00+05:30,2025-08-28 13:25:00+05:30,393.9,393.15,395.25,-0.75,L
S1088,ITC,2025-08-28 13:20:00+05:30,0.0,0.0229,0,,0.8732,42.86,-0.5041,0,2.4565,1.0,5,0,0,0,0,5,6,2025-08-28 13:45:00+05:30,2025-08-28 13:50:00+05:30,2025-08-28 14:35:00+05:30,393.6,392.7339285714286,395.1589285714286,-0.8661,L
S1089,ITC,2025-08-28 13:55:00+05:30,-0.0172,-0.0343,0,,1.073,66.67,-0.6791,0,1.8506,0.0,3,0,0,0,0,3,4,2025-08-28 14:10:00+05:30,2025-08-28 14:15:00+05:30,2025-08-28 14:40:00+05:30,393.7,392.61071428571427,395.6607142857142,-1.0893,L
S1090,ITC,2025-08-28 14:25:00+05:30,0.0,-0.0089,2,1.0,1.1916,10.53,0.435,0,1.9231,,0,0,0,0,1,0,1,2025-08-28 14:25:00+05:30,2025-08-28 14:30:00+05:30,2025-08-28 14:40:00+05:30,393.75,392.58035714285717,395.8553571428571,-1.1696,L
S1091,ITC,2025-08-29 10:50:00+05:30,0.3332,0.2942,19,15.0,0.0538,50.0,0.1111,0,0.1892,,0,0,0,1,1,0,1,2025-08-29 10:50:00+05:30,2025-08-29 10:55:00+05:30,2025-08-29 14:05:00+05:30,397.7,395.61071428571427,401.4607142857143,3.7607,W
S1092,ITC,2025-08-29 11:00:00+05:30,0.2087,0.3227,0,,0.0845,86.96,-0.2,0,1.1705,,0,0,0,0,1,0,1,2025-08-29 11:00:00+05:30,2025-08-29 11:05:00+05:30,2025-08-29 15:00:00+05:30,398.7,396.8517857142857,402.0267857142857,3.0,EOD+
S1093,ITC,2025-08-29 12:00:00+05:30,0.1243,0.1061,11,2.0,0.5284,83.33,-0.7403,0,1.211,1.0,8,1,0,0,0,8,9,2025-08-29 12:40:00+05:30,2025-08-29 12:45:00+05:30,2025-08-29 13:00:00+05:30,398.7,397.7892857142857,400.3392857142857,1.6393,W
S1094,ITC,2025-09-01 09:15:00+05:30,,,0,,2.8892,7.14,0.0185,0,1.3013,,0,0,1,0,1,0,1,2025-09-01 09:15:00+05:30,2025-09-01 09:20:00+05:30,2025-09-01 09:25:00+05:30,401.6,400.1982142857143,404.12321428571437,-1.4018,L
S1095,ITC,2025-09-01 09:25:00+05:30,,,0,,2.3475,45.0,-0.6376,0,0.2566,0.0,5,0,0,1,0,5,6,2025-09-01 09:50:00+05:30,2025-09-01 09:55:00+05:30,2025-09-01 10:35:00+05:30,401.2,399.58392857142854,404.1089285714286,-1.6161,L
S1096,ITC,2025-09-01 12:55:00+05:30,-0.1422,-0.1452,0,,1.9367,42.86,-0.9197,0,0.9286,1.0,9,0,0,1,0,9,10,2025-09-01 13:40:00+05:30,2025-09-01 13:45:00+05:30,2025-09-01 15:00:00+05:30,397.05,396.24642857142857,398.4964285714286,0.4,EOD+
S1097,ITC,2025-09-01 13:50:00+05:30,-0.0265,-0.0422,0,,0.118,40.0,-1.0,0,1.1466,,0,1,1,1,1,0,1,2025-09-01 13:50:00+05:30,2025-09-01 13:55:00+05:30,2025-09-01 15:00:00+05:30,397.05,396.2553571428571,398.48035714285714,0.4,EOD+
S1098,ITC,2025-09-02 09:15:00+05:30,,,0,,0.9619,5.13,1.2772,0,2.8844,,0,0,0,0,1,0,1,2025-09-02 09:15:00+05:30,2025-09-02 09:20:00+05:30,2025-09-02 09:25:00+05:30,398.1,396.7875,400.4625,-1.3125,L
S1099,ITC,2025-09-02 09:25:00+05:30,,,0,,1.1226,11.11,-0.5437,0,0.7174,0.0,1,1,1,1,0,1,2,2025-09-02 09:30:00+05:30,2025-09-02 09:35:00+05:30,2025-09-02 14:00:00+05:30,398.15,396.6857142857143,400.7857142857142,-1.4643,L
S1100,ITC,2025-09-02 09:50:00+05:30,0.0371,,3,3.0,0.0737,23.08,2.6364,0,0.4676,,0,0,0,1,1,0,1,2025-09-02 09:50:00+05:30,2025-09-02 09:55:00+05:30,2025-09-02 15:00:00+05:30,397.85,395.98392857142863,401.20892857142854,0.7,EOD+
S1101,ITC,2025-09-02 10:40:00+05:30,0.0584,0.0785,9,3.0,0.5543,76.47,-0.708,0,0.6584,0.0,5,0,0,1,0,5,6,2025-09-02 11:05:00+05:30,2025-09-02 11:10:00+05:30,2025-09-02 12:15:00+05:30,398.7,397.1553571428571,401.48035714285714,-1.5446,L
S1102,ITC,2025-09-02 12:05:00+05:30,-0.0201,0.0395,0,,1.7952,11.11,-0.6855,0,0.5698,0.0,9,1,0,0,0,9,10,2025-09-02 12:50:00+05:30,2025-09-02 12:55:00+05:30,2025-09-02 13:50:00+05:30,398.25,397.1428571428571,400.2428571428572,-1.1071,L
S1103,ITC,2025-09-02 13:10:00+05:30,-0.0239,-0.0251,3,2.0,0.218,11.11,2.6842,0,1.2099,,0,0,0,0,1,0,1,2025-09-02 13:10:00+05:30,2025-09-02 13:15:00+05:30,2025-09-02 13:40:00+05:30,398.4,397.31071428571425,400.3607142857143,-1.0893,L
S1104,ITC,2025-09-02 13:20:00+05:30,-0.0371,-0.027,0,,1.2652,61.11,-0.6721,0,0.5388,0.0,2,1,0,1,0,2,3,2025-09-02 13:30:00+05:30,2025-09-02 13:35:00+05:30,2025-09-02 13:55:00+05:30,398.05,396.84464285714284,400.21964285714296,-1.2054,L
S1105,ITC,2025-09-03 10:35:00+05:30,0.1643,0.1982,16,5.0,0.0,60.0,,1,0.2651,,0,0,0,1,1,0,1,2025-09-03 10:35:00+05:30,2025-09-03 10:40:00+05:30,2025-09-03 12:30:00+05:30,400.45,398.79821428571427,403.42321428571427,2.9732,W
S1106,ITC,2025-09-03 10:45:00+05:30,0.1373,0.1837,0,,0.4066,60.0,-1.0,0,0.5347,1.0,1,1,0,1,0,1,2,2025-09-03 10:50:00+05:30,2025-09-03 10:55:00+05:30,2025-09-03 12:35:00+05:30,400.85,399.3589285714286,403.5339285714286,2.6839,W
S1107,ITC,2025-09-03 11:00:00+05:30,0.1191,0.1373,0,,0.0445,7.69,15.3636,0,1.5742,,0,1,0,1,1,0,1,2025-09-03 11:00:00+05:30,2025-09-03 11:05:00+05:30,2025-09-03 12:35:00+05:30,401.25,399.7053571428571,404.03035714285716,2.7804,W
S1108,ITC,2025-09-03 11:30:00+05:30,0.0679,0.0761,5,4.0,0.6015,66.67,-0.4828,0,1.1626,1.0,1,0,0,0,0,1,2,2025-09-03 11:35:00+05:30,2025-09-03 11:40:00+05:30,2025-09-03 12:35:00+05:30,401.7,400.4946428571428,403.8696428571429,2.1696,W
S1109,ITC,2025-09-03 11:45:00+05:30,0.0567,0.0679,1,1.0,0.2722,80.0,-0.2857,0,0.2391,0.0,1,1,0,1,0,1,2,2025-09-03 11:50:00+05:30,2025-09-03 11:55:00+05:30,2025-09-03 12:35:00+05:30,401.15,399.8642857142857,403.4642857142857,2.3143,W
S1110,ITC,2025-09-03 13:20:00+05:30,0.1303,0.149,16,7.0,0.6098,54.55,0.2676,0,0.6327,,0,0,0,0,1,0,1,2025-09-03 13:20:00+05:30,2025-09-03 13:25:00+05:30,2025-09-03 15:00:00+05:30,403.15,401.6946428571428,405.76964285714286,-0.25,EOD-
S1111,ITC,2025-09-03 13:30:00+05:30,0.1259,0.1371,0,,0.6043,16.67,-0.5683,0,0.6357,1.0,2,0,0,1,0,2,3,2025-09-03 13:40:00+05:30,2025-09-03 13:45:00+05:30,2025-09-03 15:00:00+05:30,403.7,402.2625,406.2875,-0.8,EOD-
S1112,ITC,2025-09-04 10:35:00+05:30,0.3884,0.4083,16,16.0,0.1493,50.0,0.6667,0,0.2406,,0,0,0,0,1,0,1,2025-09-04 10:35:00+05:30,2025-09-04 10:40:00+05:30,2025-09-04 11:30:00+05:30,409.4,407.3910714285714,413.0160714285714,-2.0089,L
S1113,ITC,2025-09-04 11:45:00+05:30,-0.1719,-0.1821,0,,3.609,25.0,-0.8839,0,1.3515,1.0,9,1,1,0,0,9,10,2025-09-04 12:30:00+05:30,2025-09-04 12:35:00+05:30,2025-09-04 15:00:00+05:30,407.95,406.45892857142854,410.63392857142856,-0.75,EOD-
S1114,ITC,2025-09-05 11:15:00+05:30,-0.1688,-0.4603,0,,1.6205,0.0,-0.4384,0,0.326,0.0,9,1,0,1,0,9,10,2025-09-05 12:00:00+05:30,2025-09-05 12:05:00+05:30,2025-09-05 12:50:00+05:30,398.2,396.4142857142857,401.4142857142857,-1.7857,L
S1115,ITC,2025-09-05 12:30:00+05:30,-0.0006,-0.0057,6,4.0,0.2854,20.0,0.9048,0,2.1537,,0,0,0,0,1,0,1,2025-09-05 12:30:00+05:30,2025-09-05 12:35:00+05:30,2025-09-05 12:45:00+05:30,398.05,397.1303571428571,399.70535714285717,-0.9196,L
S1116,ITC,2025-09-05 12:55:00+05:30,-0.044,-0.0044,0,,3.4,69.23,-0.902,0,0.6201,0.0,9,1,1,1,0,9,10,2025-09-05 13:40:00+05:30,2025-09-05 13:45:00+05:30,2025-09-05 15:00:00+05:30,397.95,396.825,399.975,0.7,EOD+
S1117,ITC,2025-09-08 09:20:00+05:30,,,1,1.0,0.0043,58.62,139.0,0,0.7833,,0,1,0,0,1,0,1,2025-09-08 09:20:00+05:30,2025-09-08 09:25:00+05:30,2025-09-08 09:40:00+05:30,399.25,397.79464285714283,401.8696428571429,2.6196,W
S1118,ITC,2025-09-08 10:15:00+05:30,0.1206,0.162,10,7.0,0.5326,15.38,0.2571,0,0.5116,,0,0,0,0,1,0,1,2025-09-08 10:15:00+05:30,2025-09-08 10:20:00+05:30,2025-09-08 15:00:00+05:30,400.2,398.14642857142854,403.8964285714286,-1.0,EOD-
S1119,ITC,2025-09-08 11:10:00+05:30,-0.0225,0.0012,0,,1.6439,42.86,-1.0,0,0.3287,0.0,9,0,0,1,0,9,10,2025-09-08 11:55:00+05:30,2025-09-08 12:00:00+05:30,2025-09-08 15:00:00+05:30,399.6,398.42142857142863,401.7214285714286,-0.4,EOD-
S1120,ITC,2025-09-08 12:05:00+05:30,-0.025,-0.0814,1,1.0,0.476,50.0,0.1765,0,1.1892,,0,1,0,0,1,0,1,2025-09-08 12:05:00+05:30,2025-09-08 12:10:00+05:30,2025-09-08 14:20:00+05:30,399.45,398.7803571428571,400.65535714285716,1.2054,W
S1121,ITC,2025-09-08 12:20:00+05:30,0.0025,-0.025,1,1.0,0.5225,50.0,0.1321,0,1.1193,,0,0,0,0,1,0,1,2025-09-08 12:20:00+05:30,2025-09-08 12:25:00+05:30,2025-09-08 14:15:00+05:30,399.45,398.8160714285714,400.59107142857147,1.1411,W
S1122,ITC,2025-09-08 12:30:00+05:30,0.0019,-0.0044,0,,0.3552,20.0,0.1765,0,0.6438,,0,1,0,1,1,0,1,2025-09-08 12:30:00+05:30,2025-09-08 12:35:00+05:30,2025-09-08 14:15:00+05:30,399.5,398.90178571428567,400.5767857142858,1.0768,W
S1123,ITC,2025-09-08 12:50:00+05:30,0.0075,0.0038,3,3.0,0.0583,25.0,7.0,0,0.6491,,0,0,0,0,1,0,1,2025-09-08 12:50:00+05:30,2025-09-08 12:55:00+05:30,2025-09-08 14:15:00+05:30,399.6,399.06428571428575,400.56428571428575,0.9643,W
S1124,ITC,2025-09-08 13:05:00+05:30,0.0181,0.0075,2,2.0,0.8556,0.0,0.5152,0,0.8489,,0,0,0,0,1,0,1,2025-09-08 13:05:00+05:30,2025-09-08 13:10:00+05:30,2025-09-08 14:15:00+05:30,399.6,399.11785714285713,400.4678571428572,0.8679,W
S1125,ITC,2025-09-08 13:15:00+05:30,0.0175,0.0131,0,,0.9291,50.0,-0.4521,0,0.911,1.0,1,0,0,1,0,1,2,2025-09-08 13:20:00+05:30,2025-09-08 13:25:00+05:30,2025-09-08 14:15:00+05:30,399.45,398.95892857142854,400.3339285714286,0.8839,W
S1126,ITC,2025-09-08 13:30:00+05:30,0.0125,0.0175,0,,0.0737,50.0,2.3333,0,1.4288,,0,0,0,0,1,0,1,2025-09-08 13:30:00+05:30,2025-09-08 13:35:00+05:30,2025-09-08 14:15:00+05:30,399.6,399.09107142857147,400.5160714285714,0.9161,W
S1127,ITC,2025-09-08 13:40:00+05:30,0.0069,0.0138,0,,0.8145,0.0,0.25,0,1.2738,,0,0,0,1,1,0,1,2025-09-08 13:40:00+05:30,2025-09-08 13:45:00+05:30,2025-09-08 14:15:00+05:30,399.6,399.1089285714286,400.4839285714286,0.8839,W
S1128,ITC,2025-09-08 13:50:00+05:30,0.0019,0.0088,0,,0.7603,20.0,-0.0476,0,1.1953,,0,1,0,1,1,0,1,2025-09-08 13:50:00+05:30,2025-09-08 13:55:00+05:30,2025-09-08 14:15:00+05:30,399.5,398.98214285714283,400.4321428571429,0.9321,W
S1129,ITC,2025-09-08 14:00:00+05:30,0.0025,0.0038,0,,0.0812,7.69,4.0,0,1.783,,0,1,0,0,1,0,1,2025-09-08 14:00:00+05:30,2025-09-08 14:05:00+05:30,2025-09-08 14:45:00+05:30,399.65,399.03392857142853,400.75892857142856,-0.6161,L
S1130,ITC,2025-09-09 09:15:00+05:30,,,0,,1.1094,76.19,-0.631,0,0.5477,0.0,4,0,0,0,0,4,5,2025-09-09 09:35:00+05:30,2025-09-09 09:40:00+05:30,2025-09-09 15:00:00+05:30,399.95,398.42321428571427,402.69821428571424,1.7,EOD+
S1131,ITC,2025-09-09 10:25:00+05:30,0.0432,0.0056,9,5.0,0.1436,33.33,2.3333,0,0.6825,,0,0,1,0,1,0,1,2025-09-09 10:25:00+05:30,2025-09-09 10:30:00+05:30,2025-09-09 12:25:00+05:30,399.95,398.90535714285716,401.8303571428571,1.8804,W
S1132,ITC,2025-09-09 10:35:00+05:30,0.0375,0.0344,0,,0.2482,50.0,-1.0,0,0.658,1.0,1,1,0,0,0,1,2,2025-09-09 10:40:00+05:30,2025-09-09 10:45:00+05:30,2025-09-09 12:25:00+05:30,400.05,399.0678571428571,401.8178571428572,1.7679,W
S1133,ITC,2025-09-09 10:55:00+05:30,0.055,0.0375,2,2.0,0.4038,77.27,0.3333,0,3.6094,,0,0,0,1,1,0,1,2025-09-09 10:55:00+05:30,2025-09-09 11:00:00+05:30,2025-09-09 15:00:00+05:30,400.85,399.9214285714286,402.5214285714286,0.8,EOD+
S1134,ITC,2025-09-09 12:10:00+05:30,0.0891,0.0773,14,8.0,0.1675,50.0,1.8571,0,2.3052,,0,1,0,0,1,0,1,2025-09-09 12:10:00+05:30,2025-09-09 12:15:00+05:30,2025-09-09 15:00:00+05:30,401.45,400.40535714285716,403.3303571428571,0.2,EOD+
S1135,ITC,2025-09-09 13:00:00+05:30,0.0417,0.0704,9,3.0,0.4106,28.57,0.3115,0,1.2983,,0,0,0,0,1,0,1,2025-09-09 13:00:00+05:30,2025-09-09 13:05:00+05:30,2025-09-09 15:00:00+05:30,401.6,400.67142857142863,403.27142857142854,0.05,EOD+
S1136,ITC,2025-09-09 13:10:00+05:30,0.023,0.0479,0,,0.1896,100.0,-1.0,0,0.5439,0.0,1,1,0,0,0,1,2,2025-09-09 13:15:00+05:30,2025-09-09 13:20:00+05:30,2025-09-09 15:00:00+05:30,401.6,400.7428571428572,403.14285714285717,0.05,EOD+
S1137,ITC,2025-09-09 13:25:00+05:30,0.0149,0.023,0,,0.0432,57.14,3.0,0,0.4987,,0,1,0,0,1,0,1,2025-09-09 13:25:00+05:30,2025-09-09 13:30:00+05:30,2025-09-09 15:00:00+05:30,401.85,401.12678571428575,403.1517857142857,-0.2,EOD-
S1138,ITC,2025-09-09 13:50:00+05:30,0.0311,0.0255,4,3.0,0.4375,75.0,-0.2727,0,0.6771,0.0,1,0,0,1,0,1,2,2025-09-09 13:55:00+05:30,2025-09-09 14:00:00+05:30,2025-09-09 15:00:00+05:30,401.7,400.9142857142857,403.1142857142857,-0.05,EOD-
S1139,ITC,2025-09-09 14:05:00+05:30,0.0236,0.0311,0,,0.0939,55.56,0.8182,0,1.3095,,0,1,0,1,1,0,1,2025-09-09 14:05:00+05:30,2025-09-09 14:10:00+05:30,2025-09-09 14:35:00+05:30,402.05,401.3178571428572,403.36785714285713,-0.7321,L
S1140,ITC,2025-09-10 09:15:00+05:30,,,0,,0.918,68.97,-0.5434,0,0.8327,0.0,2,0,1,0,0,2,3,2025-09-10 09:25:00+05:30,2025-09-10 09:30:00+05:30,2025-09-10 09:55:00+05:30,402.4,400.9089285714286,405.08392857142854,-1.4911,L
S1141,ITC,2025-09-10 09:45:00+05:30,0.0062,,2,1.0,0.2808,60.0,0.4493,0,0.5954,,0,0,0,0,1,0,1,2025-09-10 09:45:00+05:30,2025-09-10 09:50:00+05:30,2025-09-10 15:00:00+05:30,401.95,400.4142857142857,404.71428571428567,1.75,EOD+
S1142,ITC,2025-09-10 10:20:00+05:30,-0.0454,-0.0373,0,,1.4306,33.33,-0.8165,0,3.5269,1.0,9,1,1,0,0,9,10,2025-09-10 11:05:00+05:30,2025-09-10 11:10:00+05:30,2025-09-10 14:05:00+05:30,401.45,400.02142857142854,404.02142857142854,2.5714,W
S1143,ITC,2025-09-10 11:20:00+05:30,-0.0417,-0.0486,1,1.0,0.1821,20.0,4.0,0,2.6294,,0,1,0,0,1,0,1,2025-09-10 11:20:00+05:30,2025-09-10 11:25:00+05:30,2025-09-10 12:20:00+05:30,401.45,400.3517857142857,403.4267857142857,1.9768,W
S1144,ITC,2025-09-10 13:15:00+05:30,0.1259,0.134,22,4.0,0.3159,63.64,0.5686,0,0.9725,,0,1,0,0,1,0,1,2025-09-10 13:15:00+05:30,2025-09-10 13:20:00+05:30,2025-09-10 15:00:00+05:30,403.3,402.29107142857146,405.1160714285714,0.4,EOD+
S1145,ITC,2025-09-10 13:55:00+05:30,0.0576,0.0558,6,3.0,0.1312,71.43,-1.0,0,0.8917,,0,0,1,0,1,0,1,2025-09-10 13:55:00+05:30,2025-09-10 14:00:00+05:30,2025-09-10 14:30:00+05:30,403.85,403.13571428571436,405.13571428571424,-0.7143,L
S1146,ITC,2025-09-10 14:20:00+05:30,0.0142,0.0434,4,3.0,1.5931,76.92,-0.798,0,2.7212,1.0,2,0,0,0,0,2,3,2025-09-10 14:30:00+05:30,2025-09-10 14:35:00+05:30,2025-09-10 14:40:00+05:30,403.65,402.87321428571425,405.04821428571427,-0.7768,L
S1147,ITC,2025-09-11 09:15:00+05:30,,,0,,0.067,80.0,10.0,0,1.5259,,0,0,0,0,1,0,1,2025-09-11 09:15:00+05:30,2025-09-11 09:20:00+05:30,2025-09-11 15:00:00+05:30,407.05,405.18392857142857,410.4089285714286,0.55,EOD+
S1148,ITC,2025-09-11 11:30:00+05:30,0.0602,0.0627,26,11.0,0.2789,37.5,-0.2157,0,1.9241,1.0,1,1,0,0,0,1,2,2025-09-11 11:35:00+05:30,2025-09-11 11:40:00+05:30,2025-09-11 15:00:00+05:30,406.85,405.7071428571429,408.90714285714284,0.75,EOD+
S1149,ITC,2025-09-11 11:45:00+05:30,0.0614,0.0602,1,1.0,0.3647,14.29,0.6129,0,0.8016,,0,1,0,1,1,0,1,2025-09-11 11:45:00+05:30,2025-09-11 11:50:00+05:30,2025-09-11 15:00:00+05:30,407.0,405.9375,408.91249999999997,0.6,EOD+
S1150,ITC,2025-09-11 12:25:00+05:30,0.0405,0.0804,6,5.0,0.213,25.0,2.4286,0,0.8233,,0,0,0,0,1,0,1,2025-09-11 12:25:00+05:30,2025-09-11 12:30:00+05:30,2025-09-11 15:00:00+05:30,407.45,406.42321428571427,409.29821428571427,0.15,EOD+
S1151,ITC,2025-09-11 12:35:00+05:30,0.0239,0.0565,0,,0.3193,75.0,-0.6154,0,0.6666,,0,1,0,1,1,0,1,2025-09-11 12:35:00+05:30,2025-09-11 12:40:00+05:30,2025-09-11 15:00:00+05:30,407.5,406.48214285714283,409.33214285714286,0.1,EOD+
S1152,ITC,2025-09-11 13:25:00+05:30,0.0613,0.0528,9,3.0,0.238,16.67,0.7647,0,0.7339,,0,1,0,0,1,0,1,2025-09-11 13:25:00+05:30,2025-09-11 13:30:00+05:30,2025-09-11 15:00:00+05:30,407.65,406.7571428571428,409.25714285714287,-0.8929,L
S1153,ITC,2025-09-11 13:35:00+05:30,0.0386,0.0644,0,,0.7204,50.0,-0.6226,0,0.9963,1.0,2,0,0,0,0,2,3,2025-09-11 13:45:00+05:30,2025-09-11 13:50:00+05:30,2025-09-11 15:00:00+05:30,407.8,406.8803571428572,409.45535714285717,-0.9196,L
S1154,ITC,2025-09-11 13:55:00+05:30,0.0055,0.0239,0,,0.4044,40.0,0.1538,0,0.7526,,0,1,0,1,1,0,1,2025-09-11 13:55:00+05:30,2025-09-11 14:00:00+05:30,2025-09-11 15:00:00+05:30,407.65,406.84642857142853,409.09642857142853,-0.8036,L
S1155,ITC,2025-09-11 14:10:00+05:30,0.0239,0.0055,1,1.0,0.6087,42.86,0.0,0,0.8614,1.0,1,0,0,1,0,1,2,2025-09-11 14:15:00+05:30,2025-09-11 14:20:00+05:30,2025-09-11 15:00:00+05:30,407.85,407.02857142857147,409.3285714285714,-0.8214,L
S1156,ITC,2025-09-11 14:25:00+05:30,0.0141,0.0239,0,,0.4793,83.33,-0.6825,0,1.0082,,0,0,0,1,1,0,1,2025-09-11 14:25:00+05:30,2025-09-11 14:30:00+05:30,2025-09-11 14:55:00+05:30,407.9,407.0785714285714,409.3785714285714,-0.8214,L
S1157,ITC,2025-09-12 09:55:00+05:30,-0.1076,-0.129,0,,0.968,88.89,-1.0,0,0.5696,1.0,9,0,0,1,0,9,10,2025-09-12 10:40:00+05:30,2025-09-12 10:45:00+05:30,2025-09-12 15:00:00+05:30,405.85,403.8678571428572,409.41785714285714,-0.55,EOD-
S1158,ITC,2025-09-12 10:50:00+05:30,-0.0462,-0.1004,1,1.0,0.1,66.67,2.8095,0,0.6462,,0,1,0,1,1,0,1,2025-09-12 10:50:00+05:30,2025-09-12 10:55:00+05:30,2025-09-12 15:00:00+05:30,406.3,404.9875,408.6625,-1.0,EOD-
S1159,ITC,2025-09-12 12:05:00+05:30,0.1425,0.1297,14,8.0,0.1773,14.29,2.1579,0,0.8704,,0,0,0,0,1,0,1,2025-09-12 12:05:00+05:30,2025-09-12 12:10:00+05:30,2025-09-12 12:35:00+05:30,407.2,405.86071428571427,409.61071428571427,-1.3393,L
S1160,ITC,2025-09-12 12:50:00+05:30,-0.0534,0.0356,0,,2.5846,11.11,-0.8611,0,0.7374,1.0,9,1,1,0,0,9,10,2025-09-12 13:35:00+05:30,2025-09-12 13:40:00+05:30,2025-09-12 14:55:00+05:30,406.5,405.10714285714283,409.00714285714287,-1.3929,L
S1161,ITC,2025-09-12 13:45:00+05:30,-0.0695,-0.0855,0,,0.1387,75.0,-0.0476,0,1.3734,1.0,2,0,0,0,0,2,3,2025-09-12 13:55:00+05:30,2025-09-12 14:00:00+05:30,2025-09-12 14:40:00+05:30,406.4,405.4535714285714,408.1035714285714,-0.9464,L
S1162,ITC,2025-09-12 14:05:00+05:30,-0.0363,-0.0572,1,1.0,0.342,0.0,0.3953,0,0.5955,,0,0,0,0,1,0,1,2025-09-12 14:05:00+05:30,2025-09-12 14:10:00+05:30,2025-09-12 14:50:00+05:30,406.1,405.31428571428575,407.51428571428573,-0.7857,L
S1163,ITC,2025-09-12 14:15:00+05:30,-0.0222,-0.0382,0,,0.4747,0.0,0.0169,0,0.61,,0,0,0,1,1,0,1,2025-09-12 14:15:00+05:30,2025-09-12 14:20:00+05:30,2025-09-12 14:50:00+05:30,406.1,405.3232142857143,407.4982142857143,-0.7768,L
S1164,ITC,2025-09-15 09:15:00+05:30,,,0,,2.6612,91.3,-1.0,0,0.3363,0.0,6,0,0,1,0,6,7,2025-09-15 09:45:00+05:30,2025-09-15 09:50:00+05:30,2025-09-15 10:25:00+05:30,405.45,404.4142857142857,407.31428571428563,-1.0357,L
S1165,ITC,2025-09-15 10:05:00+05:30,-0.0382,-0.0543,0,,1.036,33.33,-0.6396,0,5.1974,1.0,9,1,0,0,0,9,10,2025-09-15 10:50:00+05:30,2025-09-15 10:55:00+05:30,2025-09-15 11:10:00+05:30,405.3,403.96071428571435,407.71071428571423,-1.3393,L
S1166,ITC,2025-09-15 12:05:00+05:30,-0.0284,-0.0414,0,,0.8829,50.0,-0.8571,0,3.6976,1.0,9,1,0,0,0,9,10,2025-09-15 12:50:00+05:30,2025-09-15 12:55:00+05:30,2025-09-15 15:00:00+05:30,404.4,403.4089285714286,406.18392857142845,-0.2,EOD-
S1167,ITC,2025-09-15 13:05:00+05:30,-0.0179,-0.086,2,2.0,0.2243,0.0,2.6364,0,0.7399,,0,1,0,0,1,0,1,2025-09-15 13:05:00+05:30,2025-09-15 13:10:00+05:30,2025-09-15 15:00:00+05:30,404.35,403.4303571428572,406.0053571428571,-0.15,EOD-
S1168,ITC,2025-09-16 09:15:00+05:30,,,0,,0.9766,34.21,-0.5376,0,0.5863,0.0,2,1,1,1,0,2,3,2025-09-16 09:25:00+05:30,2025-09-16 09:30:00+05:30,2025-09-16 15:00:00+05:30,404.45,403.34285714285716,406.4428571428571,-0.45,EOD-
S1169,ITC,2025-09-16 10:45:00+05:30,0.0648,0.0679,15,9.0,0.0214,50.0,5.6667,0,0.3832,,0,1,0,0,1,0,1,2025-09-16 10:45:00+05:30,2025-09-16 10:50:00+05:30,2025-09-16 13:15:00+05:30,405.15,404.275,406.72499999999997,-0.875,L
S1170,ITC,2025-09-16 10:55:00+05:30,0.0629,0.0654,1,1.0,0.0447,14.29,9.0,0,0.5391,,0,0,0,0,1,0,1,2025-09-16 10:55:00+05:30,2025-09-16 11:00:00+05:30,2025-09-16 11:55:00+05:30,405.3,404.4607142857143,406.8107142857143,-0.8393,L
S1171,ITC,2025-09-16 11:40:00+05:30,-0.0099,0.0179,0,,1.0795,87.5,-1.0,0,2.0946,1.0,9,0,0,1,0,9,10,2025-09-16 12:25:00+05:30,2025-09-16 12:30:00+05:30,2025-09-16 13:15:00+05:30,405.05,404.30892857142857,406.3839285714286,-0.7411,L
S1172,ITC,2025-09-16 12:35:00+05:30,-0.0247,-0.0346,1,1.0,0.9421,69.23,-0.8611,0,0.8631,0.0,4,0,0,1,0,4,5,2025-09-16 12:55:00+05:30,2025-09-16 13:00:00+05:30,2025-09-16 14:00:00+05:30,405.0,404.04464285714283,406.7196428571429,-0.9554,L
S1173,ITC,2025-09-16 13:30:00+05:30,-0.0297,-0.0327,0,,0.9031,54.55,-0.7633,0,1.4643,1.0,9,0,0,1,0,9,10,2025-09-16 14:15:00+05:30,2025-09-16 14:20:00+05:30,2025-09-16 15:00:00+05:30,404.7,403.53035714285716,406.80535714285713,-0.7,EOD-
S1174,ITC,2025-09-17 10:15:00+05:30,-0.0953,-0.0779,0,,2.8682,55.56,-0.8248,0,0.6995,0.0,9,0,1,0,0,9,10,2025-09-17 11:00:00+05:30,2025-09-17 11:05:00+05:30,2025-09-17 12:45:00+05:30,403.55,401.80892857142857,406.6839285714287,-1.7411,L
S1175,ITC,2025-09-17 11:10:00+05:30,-0.1147,-0.1357,0,,0.5973,40.0,0.25,0,0.6854,,0,0,1,1,1,0,1,2025-09-17 11:10:00+05:30,2025-09-17 11:15:00+05:30,2025-09-17 12:10:00+05:30,403.5,402.1607142857143,405.9107142857143,-1.3393,L
S1176,ITC,2025-09-17 11:20:00+05:30,-0.0831,-0.124,0,,0.2276,0.0,-0.2453,0,2.0016,1.0,5,0,1,0,0,5,6,2025-09-17 11:45:00+05:30,2025-09-17 11:50:00+05:30,2025-09-17 12:45:00+05:30,403.25,401.7946428571429,405.8696428571428,-1.4554,L
S1177,ITC,2025-09-18 10:45:00+05:30,0.1569,0.18,18,4.0,0.4703,0.0,0.3953,0,0.5144,,0,0,0,1,1,0,1,2025-09-18 10:45:00+05:30,2025-09-18 10:50:00+05:30,2025-09-18 14:25:00+05:30,403.2,402.0571428571428,405.25714285714287,-1.1429,L
S1178,ITC,2025-09-18 10:55:00+05:30,0.1066,0.1786,0,,0.2625,50.0,-1.0,0,1.4358,1.0,1,1,0,1,0,1,2,2025-09-18 11:00:00+05:30,2025-09-18 11:05:00+05:30,2025-09-18 12:40:00+05:30,403.5,402.35714285714283,405.5571428571429,-1.1429,L
S1179,ITC,2025-09-18 12:20:00+05:30,-0.0285,-0.018,0,,1.45,12.5,-0.6935,0,0.3671,1.0,9,0,0,0,0,9,10,2025-09-18 13:05:00+05:30,2025-09-18 13:10:00+05:30,2025-09-18 14:25:00+05:30,403.1,401.975,405.125,-1.125,L
S1180,ITC,2025-09-18 13:15:00+05:30,-0.0583,-0.0726,0,,0.7323,28.57,-0.7059,0,0.3168,1.0,3,0,0,0,0,3,4,2025-09-18 13:30:00+05:30,2025-09-18 13:35:00+05:30,2025-09-18 15:00:00+05:30,402.95,401.7892857142857,405.0392857142857,0.25,EOD+
S1181,ITC,2025-09-18 13:40:00+05:30,-0.0155,-0.0304,0,,0.6475,0.0,-0.6396,0,0.7301,1.0,5,0,0,1,0,5,6,2025-09-18 14:05:00+05:30,2025-09-18 14:10:00+05:30,2025-09-18 15:00:00+05:30,402.85,401.77857142857147,404.7785714285714,0.35,EOD+
S1182,ITC,2025-09-19 09:15:00+05:30,,,0,,0.2885,7.41,0.1765,0,0.4365,,0,0,1,0,1,0,1,2025-09-19 09:15:00+05:30,2025-09-19 09:20:00+05:30,2025-09-19 09:55:00+05:30,403.1,401.62678571428575,405.75178571428575,-1.4732,L
S1183,ITC,2025-09-19 10:35:00+05:30,-0.0895,-0.0484,0,,1.6055,11.11,-0.6,0,4.7303,1.0,9,1,0,0,0,9,10,2025-09-19 11:20:00+05:30,2025-09-19 11:25:00+05:30,2025-09-19 12:00:00+05:30,402.35,401.37678571428575,404.10178571428577,-0.9732,L
S1184,ITC,2025-09-19 11:35:00+05:30,0.0199,-0.0168,2,1.0,0.4667,50.0,0.3889,0,2.012,,0,0,0,1,1,0,1,2025-09-19 11:35:00+05:30,2025-09-19 11:40:00+05:30,2025-09-19 12:00:00+05:30,402.35,401.3857142857143,404.0857142857143,-0.9643,L
S1185,ITC,2025-09-19 11:45:00+05:30,0.0199,0.0037,0,,0.5202,33.33,-0.2593,0,3.2171,1.0,1,0,0,1,0,1,2,2025-09-19 11:50:00+05:30,2025-09-19 11:55:00+05:30,2025-09-19 12:00:00+05:30,402.4,401.4267857142857,404.15178571428567,-0.9732,L
S1186,ITC,2025-09-19 12:00:00+05:30,0.0062,0.0199,0,,1.4731,36.84,-0.3617,0,1.453,0.0,1,0,0,0,0,1,2,2025-09-19 12:05:00+05:30,2025-09-19 12:10:00+05:30,2025-09-19 14:25:00+05:30,402.05,400.85357142857146,404.20357142857137,-1.1964,L
S1187,ITC,2025-09-19 12:25:00+05:30,-0.0056,-0.0012,0,,0.6865,14.29,-0.4771,0,0.3448,1.0,9,0,0,1,0,9,10,2025-09-19 13:10:00+05:30,2025-09-19 13:15:00+05:30,2025-09-19 14:35:00+05:30,401.95,400.5571428571429,404.4571428571428,-1.3929,L
S1188,ITC,2025-09-19 13:20:00+05:30,-0.0224,-0.0143,0,,0.3743,16.67,0.4815,0,0.2871,,0,0,0,1,1,0,1,2025-09-19 13:20:00+05:30,2025-09-19 13:25:00+05:30,2025-09-19 14:25:00+05:30,401.95,401.04821428571427,403.5732142857143,-0.9018,L
S1189,ITC,2025-09-22 09:15:00+05:30,,,0,,1.122,50.0,-0.4169,0,0.0849,0.0,4,0,0,1,0,4,5,2025-09-22 09:35:00+05:30,2025-09-22 09:40:00+05:30,2025-09-22 12:30:00+05:30,401.7,399.7892857142857,405.1392857142857,-1.9107,L
S1190,ITC,2025-09-22 09:50:00+05:30,0.005,,0,,1.1366,12.5,-0.7351,0,0.1096,1.0,9,1,0,1,0,9,10,2025-09-22 10:35:00+05:30,2025-09-22 10:40:00+05:30,2025-09-22 12:30:00+05:30,401.5,399.83928571428567,404.48928571428576,-1.6607,L
S1191,ITC,2025-09-22 10:45:00+05:30,-0.0367,-0.0554,0,,0.0677,42.86,5.6667,0,0.2267,,0,0,1,1,1,0,1,2025-09-22 10:45:00+05:30,2025-09-22 10:50:00+05:30,2025-09-22 11:15:00+05:30,401.6,400.76964285714286,403.0946428571429,-0.8304,L
S1192,ITC,2025-09-22 10:55:00+05:30,-0.0162,-0.0436,0,,0.0833,25.0,3.0,0,0.6787,,0,0,1,0,1,0,1,2025-09-22 10:55:00+05:30,2025-09-22 11:00:00+05:30,2025-09-22 11:15:00+05:30,401.6,400.85,402.95000000000005,-0.75,L
S1193,ITC,2025-09-22 11:05:00+05:30,-0.0019,-0.0286,0,,0.1346,25.0,1.6667,0,0.4683,,0,0,0,1,1,0,1,2025-09-22 11:05:00+05:30,2025-09-22 11:10:00+05:30,2025-09-22 11:15:00+05:30,401.5,400.8035714285714,402.7535714285715,-0.6964,L
S1194,ITC,2025-09-23 10:55:00+05:30,-0.2275,-0.2221,0,,2.2355,20.0,-0.8485,0,1.3043,1.0,9,1,0,0,0,9,10,2025-09-23 11:40:00+05:30,2025-09-23 11:45:00+05:30,2025-09-23 15:00:00+05:30,394.9,393.79285714285714,396.8928571428571,0.35,EOD+
S1195,ITC,2025-09-23 12:10:00+05:30,-0.0152,-0.0507,5,3.0,0.2278,41.67,0.4634,0,1.2485,,0,0,0,0,1,0,1,2025-09-23 12:10:00+05:30,2025-09-23 12:15:00+05:30,2025-09-23 15:00:00+05:30,395.0,393.875,397.025,0.25,EOD+
S1196,ITC,2025-09-23 12:20:00+05:30,-0.0057,-0.0247,0,,0.237,33.33,0.3953,0,0.5084,,0,1,0,1,1,0,1,2025-09-23 12:20:00+05:30,2025-09-23 12:25:00+05:30,2025-09-23 15:00:00+05:30,394.7,393.56607142857143,396.7410714285714,0.55,EOD+
S1197,ITC,2025-09-23 13:55:00+05:30,0.055,0.0626,17,5.0,0.3789,14.29,0.3559,0,0.754,,0,1,0,1,1,0,1,2025-09-23 13:55:00+05:30,2025-09-23 14:00:00+05:30,2025-09-23 15:00:00+05:30,395.7,394.7267857142857,397.45178571428573,-0.45,EOD-
S1198,ITC,2025-09-23 14:05:00+05:30,0.0619,0.0594,0,,0.2579,10.0,0.4286,0,1.1659,,0,0,0,1,1,0,1,2025-09-23 14:05:00+05:30,2025-09-23 14:10:00+05:30,2025-09-23 15:00:00+05:30,395.85,394.83214285714286,397.68214285714294,-0.6,EOD-
S1199,ITC,2025-09-24 09:30:00+05:30,,,0,,1.8793,54.55,-0.8899,0,0.1283,0.0,9,1,1,1,0,9,10,2025-09-24 10:15:00+05:30,2025-09-24 10:20:00+05:30,2025-09-24 14:30:00+05:30,394.75,392.9375,398.0125,-1.8125,L
S1200,ITC,2025-09-24 11:20:00+05:30,-0.0311,-0.0634,0,,1.7188,28.57,-0.7581,0,2.639,1.0,9,0,0,0,0,9,10,2025-09-24 12:05:00+05:30,2025-09-24 12:10:00+05:30,2025-09-24 14:40:00+05:30,393.75,392.8482142857143,395.3732142857143,-0.9018,L
S1201,ITC,2025-09-24 12:15:00+05:30,-0.0298,-0.0495,1,1.0,0.6115,10.0,0.0526,0,2.6844,,0,1,0,1,1,0,1,2025-09-24 12:15:00+05:30,2025-09-24 12:20:00+05:30,2025-09-24 14:40:00+05:30,393.65,392.87321428571425,395.04821428571427,-0.7768,L
S1202,ITC,2025-09-24 12:30:00+05:30,0.0,-0.0298,0,,0.9224,16.67,-0.2857,0,7.0067,1.0,9,0,0,0,0,9,10,2025-09-24 13:15:00+05:30,2025-09-24 13:20:00+05:30,2025-09-24 14:40:00+05:30,393.65,392.8910714285714,395.0160714285714,-0.7589,L
S1203,ITC,2025-09-24 13:25:00+05:30,-0.0032,-0.0038,0,,0.3352,33.33,0.1765,0,0.3312,,0,0,0,1,1,0,1,2025-09-24 13:25:00+05:30,2025-09-24 13:30:00+05:30,2025-09-24 14:20:00+05:30,393.7,393.06607142857143,394.8410714285714,-0.6339,L
S1204,ITC,2025-09-24 13:35:00+05:30,-0.0038,-0.0025,0,,0.5328,0.0,0.1765,0,0.3438,,0,0,0,1,1,0,1,2025-09-24 13:35:00+05:30,2025-09-24 13:40:00+05:30,2025-09-24 14:20:00+05:30,393.65,393.0517857142857,394.72678571428565,-0.5982,L
S1205,ITC,2025-09-24 13:45:00+05:30,-0.0057,-0.0019,0,,0.6894,50.0,-0.6923,0,0.4598,1.0,3,0,0,1,0,3,4,2025-09-24 14:00:00+05:30,2025-09-24 14:05:00+05:30,2025-09-24 14:30:00+05:30,393.55,392.9607142857143,394.61071428571427,-0.5893,L
S1206,ITC,2025-09-25 09:15:00+05:30,,,0,,1.8489,37.5,0.0983,0,0.9476,,0,1,0,0,1,0,1,2025-09-25 09:15:00+05:30,2025-09-25 09:20:00+05:30,2025-09-25 10:00:00+05:30,393.85,392.68035714285713,395.9553571428572,-1.1696,L
S1207,ITC,2025-09-25 11:00:00+05:30,-0.0847,-0.0477,0,,1.6465,40.0,-0.9465,0,0.5301,1.0,9,1,0,0,0,9,10,2025-09-25 11:45:00+05:30,2025-09-25 11:50:00+05:30,2025-09-25 12:40:00+05:30,392.15,390.7303571428571,394.7053571428571,-1.4196,L
S1208,ITC,2025-09-25 12:00:00+05:30,-0.0096,-0.0791,1,1.0,0.4557,40.0,0.6495,0,3.3676,,0,0,0,0,1,0,1,2025-09-25 12:00:00+05:30,2025-09-25 12:05:00+05:30,2025-09-25 12:40:00+05:30,392.05,390.71964285714284,394.44464285714287,-1.3304,L
S1209,ITC,2025-09-25 13:15:00+05:30,-0.0671,-0.0683,0,,2.1197,0.0,-0.6279,0,1.123,1.0,9,0,0,0,0,9,10,2025-09-25 14:00:00+05:30,2025-09-25 14:05:00+05:30,2025-09-25 15:00:00+05:30,390.65,389.3821428571428,392.9321428571429,0.85,EOD+
S1210,ITC,2025-09-25 14:10:00+05:30,-0.08,-0.1242,0,,0.2439,15.0,0.3043,0,2.8856,,0,1,0,0,1,0,1,2025-09-25 14:10:00+05:30,2025-09-25 14:15:00+05:30,2025-09-25 15:00:00+05:30,390.7,389.52142857142854,392.82142857142856,0.8,EOD+
S1211,ITC,2025-09-26 09:50:00+05:30,0.1122,,7,5.0,0.0979,0.0,4.9259,0,0.1619,,0,1,0,0,1,0,1,2025-09-26 09:50:00+05:30,2025-09-26 09:55:00+05:30,2025-09-26 12:35:00+05:30,392.5,390.7767857142857,395.6017857142857,3.1018,W
S1212,ITC,2025-09-26 11:20:00+05:30,0.0788,0.0814,17,3.0,0.01,42.86,9.0,0,2.9313,,0,0,0,0,1,0,1,2025-09-26 11:20:00+05:30,2025-09-26 11:25:00+05:30,2025-09-26 12:35:00+05:30,393.5,392.25,395.75,2.25,W
S1213,ITC,2025-09-26 11:30:00+05:30,0.0591,0.075,0,,1.4906,33.33,-0.9324,0,0.6436,0.0,3,1,0,1,0,3,4,2025-09-26 11:45:00+05:30,2025-09-26 11:50:00+05:30,2025-09-26 12:35:00+05:30,393.75,392.50892857142856,395.9839285714286,2.2339,W
S1214,ITC,2025-09-26 14:00:00+05:30,0.1337,0.1673,25,6.0,0.8268,62.5,-0.7333,0,0.3962,0.0,1,1,0,1,0,1,2,2025-09-26 14:05:00+05:30,2025-09-26 14:10:00+05:30,2025-09-26 15:00:00+05:30,396.35,395.21607142857147,398.3910714285714,-0.3,EOD-
S1215,ITC,2025-09-29 09:15:00+05:30,,,0,,0.4768,89.36,-0.2063,0,0.339,0.0,5,1,0,1,0,5,6,2025-09-29 09:40:00+05:30,2025-09-29 09:45:00+05:30,2025-09-29 15:00:00+05:30,396.6,394.9482142857143,399.5732142857143,0.15,EOD+
S1216,ITC,2025-09-29 10:45:00+05:30,0.0743,0.1146,12,5.0,0.2455,95.65,-1.0,0,2.6369,1.0,1,0,0,1,0,1,2,2025-09-29 10:50:00+05:30,2025-09-29 10:55:00+05:30,2025-09-29 11:40:00+05:30,398.1,396.725,400.57500000000005,-1.375,L
S1217,ITC,2025-09-29 11:05:00+05:30,0.0943,0.0761,2,2.0,0.1667,63.64,0.5,0,0.5742,,0,0,0,0,1,0,1,2025-09-29 11:05:00+05:30,2025-09-29 11:10:00+05:30,2025-09-29 12:40:00+05:30,397.6,396.1,400.30000000000007,-1.5,L
S1218,ITC,2025-09-29 11:15:00+05:30,0.1131,0.0805,0,,0.6477,72.73,-0.8758,0,0.7024,,0,0,0,0,1,0,1,2025-09-29 11:15:00+05:30,2025-09-29 11:20:00+05:30,2025-09-29 12:40:00+05:30,397.75,396.19642857142856,400.5464285714286,-1.5536,L
S1219,ITC,2025-09-29 11:25:00+05:30,0.0942,0.1119,0,,0.7407,60.0,-0.5604,0,0.8228,,0,0,0,1,1,0,1,2025-09-29 11:25:00+05:30,2025-09-29 11:30:00+05:30,2025-09-29 12:00:00+05:30,397.95,396.41428571428565,400.7142857142857,-1.5357,L
S1220,ITC,2025-09-29 11:40:00+05:30,0.0113,0.0942,0,,2.0199,0.0,-0.7495,0,0.2838,0.0,9,0,0,1,0,9,10,2025-09-29 12:25:00+05:30,2025-09-29 12:30:00+05:30,2025-09-29 14:40:00+05:30,397.35,395.86785714285713,400.01785714285717,-1.4821,L
S1221,ITC,2025-09-29 12:35:00+05:30,-0.0705,-0.095,0,,1.4435,42.86,-0.8193,0,2.9621,1.0,5,0,0,0,0,5,6,2025-09-29 13:00:00+05:30,2025-09-29 13:05:00+05:30,2025-09-29 14:25:00+05:30,397.55,396.1125,400.1375,-1.4375,L
S1222,ITC,2025-09-29 13:40:00+05:30,0.0252,0.0101,6,2.0,0.3116,42.86,1.4615,0,0.9016,,0,1,0,1,1,0,1,2025-09-29 13:40:00+05:30,2025-09-29 13:45:00+05:30,2025-09-29 14:40:00+05:30,397.2,395.8964285714286,399.5464285714285,-1.3036,L
S1223,ITC,2025-09-29 13:50:00+05:30,0.0302,0.0277,0,,0.6182,53.85,-0.4118,0,0.6488,0.0,1,0,1,0,0,1,2,2025-09-29 13:55:00+05:30,2025-09-29 14:00:00+05:30,2025-09-29 14:40:00+05:30,397.3,395.925,399.775,-1.375,L
S1224,ITC,2025-09-30 09:15:00+05:30,,,0,,1.247,43.14,0.0781,0,0.5135,,0,0,0,0,1,0,1,2025-09-30 09:15:00+05:30,2025-09-30 09:20:00+05:30,2025-09-30 10:05:00+05:30,397.25,394.5535714285714,402.10357142857146,-2.6964,L
S1225,ITC,2025-09-30 10:25:00+05:30,-0.1356,-0.0807,0,,2.3209,35.71,-0.8829,0,0.8551,1.0,9,1,0,0,0,9,10,2025-09-30 11:10:00+05:30,2025-09-30 11:15:00+05:30,2025-09-30 13:30:00+05:30,394.85,393.0107142857143,398.1607142857143,-1.8393,L
S1226,ITC,2025-09-30 11:35:00+05:30,-0.0348,-0.0912,4,3.0,0.181,30.77,1.1053,0,1.4932,,0,0,0,0,1,0,1,2025-09-30 11:35:00+05:30,2025-09-30 11:40:00+05:30,2025-09-30 13:25:00+05:30,394.75,393.4375,397.11249999999995,-1.3125,L
S1227,ITC,2025-09-30 11:45:00+05:30,-0.038,-0.0526,0,,0.6899,20.0,-0.8529,0,0.7285,0.0,5,1,0,1,0,5,6,2025-09-30 12:10:00+05:30,2025-09-30 12:15:00+05:30,2025-09-30 13:25:00+05:30,394.5,393.26785714285717,396.7178571428571,-1.2321,L
S1228,ITC,2025-09-30 12:30:00+05:30,0.0291,-0.0158,2,2.0,0.3027,12.5,1.0833,0,1.2113,,0,1,1,1,1,0,1,2025-09-30 12:30:00+05:30,2025-09-30 12:35:00+05:30,2025-09-30 13:00:00+05:30,394.85,393.8589285714286,396.6339285714286,-0.9911,L
S1229,ITC,2025-10-01 09:15:00+05:30,,,0,,0.9109,65.52,-0.0148,0,0.4646,0.0,1,0,0,0,0,1,2,2025-10-01 09:20:00+05:30,2025-10-01 09:25:00+05:30,2025-10-01 09:40:00+05:30,394.15,392.7571428571428,396.6571428571429,-1.3929,L
S1230,ITC,2025-10-01 10:15:00+05:30,-0.0572,-0.0038,0,,2.0492,11.11,-0.9646,0,1.3156,1.0,9,0,0,1,0,9,10,2025-10-01 11:00:00+05:30,2025-10-01 11:05:00+05:30,2025-10-01 12:15:00+05:30,392.55,390.82678571428573,395.6517857142857,3.1018,W
S1231,ITC,2025-10-01 11:10:00+05:30,-0.0764,-0.0719,0,,0.2216,21.43,-0.0909,0,0.8028,0.0,1,0,1,1,0,1,2,2025-10-01 11:15:00+05:30,2025-10-01 11:20:00+05:30,2025-10-01 11:45:00+05:30,392.5,391.25892857142856,394.7339285714286,2.2339,W
S1232,ITC,2025-10-01 11:25:00+05:30,-0.0688,-0.0764,0,,1.2277,0.0,-0.4737,0,1.5208,1.0,1,1,1,1,0,1,2,2025-10-01 11:30:00+05:30,2025-10-01 11:35:00+05:30,2025-10-01 11:45:00+05:30,392.75,391.5892857142857,394.8392857142857,2.0893,W
S1233,ITC,2025-10-01 13:45:00+05:30,0.1394,0.1875,26,6.0,0.2213,50.0,1.7907,0,0.8566,,0,1,0,1,1,0,1,2025-10-01 13:45:00+05:30,2025-10-01 13:50:00+05:30,2025-10-01 15:00:00+05:30,396.9,395.68571428571425,399.08571428571423,0.5,EOD+
S1234,ITC,2025-10-01 14:15:00+05:30,0.0712,0.0996,5,2.0,0.1933,10.0,3.8649,0,1.584,,0,0,0,0,1,0,1,2025-10-01 14:15:00+05:30,2025-10-01 14:20:00+05:30,2025-10-01 15:00:00+05:30,397.15,395.9535714285714,399.30357142857133,0.25,EOD+
S1235,ITC,2025-10-03 09:15:00+05:30,,,0,,3.8898,83.33,-0.8707,0,0.8026,1.0,6,1,0,0,0,6,7,2025-10-03 09:45:00+05:30,2025-10-03 09:50:00+05:30,2025-10-03 10:15:00+05:30,396.55,395.05892857142857,399.23392857142863,-1.4911,L
S1236,ITC,2025-10-03 10:00:00+05:30,-0.07,-0.1009,0,,0.9324,33.33,-0.6308,0,1.2421,1.0,9,1,0,0,0,9,10,2025-10-03 10:45:00+05:30,2025-10-03 10:50:00+05:30,2025-10-03 15:00:00+05:30,395.6,393.4214285714286,399.5214285714286,0.35,EOD+
S1237,ITC,2025-10-03 11:35:00+05:30,0.0114,0.0657,9,1.0,0.1134,47.37,5.9565,0,1.8305,,0,1,0,0,1,0,1,2025-10-03 11:35:00+05:30,2025-10-03 11:40:00+05:30,2025-10-03 15:00:00+05:30,396.15,394.88214285714287,398.43214285714276,-0.2,EOD-
S1238,ITC,2025-10-03 11:55:00+05:30,0.0492,0.0152,2,1.0,0.0659,83.33,0.5385,0,0.9634,,0,0,0,1,1,0,1,2025-10-03 11:55:00+05:30,2025-10-03 12:00:00+05:30,2025-10-03 15:00:00+05:30,396.0,394.76785714285717,398.2178571428571,-0.05,EOD-
S1239,ITC,2025-10-03 12:05:00+05:30,0.0625,0.0354,0,,0.5362,61.54,-0.8148,0,1.0668,,0,0,0,0,1,0,1,2025-10-03 12:05:00+05:30,2025-10-03 12:10:00+05:30,2025-10-03 14:15:00+05:30,396.25,394.99107142857144,398.51607142857137,-1.2589,L
S1240,ITC,2025-10-03 12:25:00+05:30,0.0252,0.053,0,,1.6762,33.33,-0.7727,0,1.0257,1.0,9,1,0,1,0,9,10,2025-10-03 13:10:00+05:30,2025-10-03 13:15:00+05:30,2025-10-03 15:00:00+05:30,396.0,394.6875,398.3625,-0.05,EOD-
S1241,ITC,2025-10-03 13:40:00+05:30,0.0196,0.0013,4,4.0,0.0667,10.0,6.1429,0,0.8761,,0,0,1,1,1,0,1,2025-10-03 13:40:00+05:30,2025-10-03 13:45:00+05:30,2025-10-03 14:15:00+05:30,396.3,394.9875,398.6625,-1.3125,L
S1242,ITC,2025-10-03 13:50:00+05:30,0.017,0.024,0,,0.0139,14.29,25.6667,0,1.3027,,0,0,0,0,1,0,1,2025-10-03 13:50:00+05:30,2025-10-03 13:55:00+05:30,2025-10-03 14:15:00+05:30,396.25,394.9017857142857,398.6767857142857,-1.3482,L
S1243,ITC,2025-10-03 14:00:00+05:30,0.029,0.012,1,1.0,0.0542,33.33,4.0,0,0.3605,,0,0,0,1,1,0,1,2025-10-03 14:00:00+05:30,2025-10-03 14:05:00+05:30,2025-10-03 14:15:00+05:30,396.35,394.96607142857147,398.8410714285714,-1.3839,L
S1244,ITC,2025-10-07 11:40:00+05:30,-0.0949,-0.0235,0,,2.7471,28.57,-0.8715,0,0.401,0.0,9,0,0,1,0,9,10,2025-10-07 12:25:00+05:30,2025-10-07 12:30:00+05:30,2025-10-07 15:00:00+05:30,392.2,391.1375,394.1125,-0.45,EOD-
S1245,ITC,2025-10-07 12:35:00+05:30,-0.0472,-0.0727,0,,0.9039,50.0,-0.8496,0,0.8551,1.0,3,0,0,1,0,3,4,2025-10-07 12:50:00+05:30,2025-10-07 12:55:00+05:30,2025-10-07 15:00:00+05:30,392.1,391.18035714285713,393.75535714285724,-0.35,EOD-
S1246,ITC,2025-10-07 13:00:00+05:30,-0.0344,-0.0498,0,,0.2904,0.0,-0.4872,0,0.85,0.0,1,1,0,0,0,1,2,2025-10-07 13:05:00+05:30,2025-10-07 13:10:00+05:30,2025-10-07 14:25:00+05:30,392.45,391.61071428571427,393.9607142857143,-0.8393,L
S1247,ITC,2025-10-07 14:00:00+05:30,0.037,0.0542,10,9.0,0.0327,0.0,11.0,0,0.6823,,0,1,0,0,1,0,1,2025-10-07 14:00:00+05:30,2025-10-07 14:05:00+05:30,2025-10-07 14:25:00+05:30,392.55,391.5946428571429,394.26964285714286,-0.9554,L
S1248,ITC,2025-10-07 14:10:00+05:30,0.0389,0.044,0,,0.101,16.67,5.6667,0,1.1813,,0,0,0,1,1,0,1,2025-10-07 14:10:00+05:30,2025-10-07 14:15:00+05:30,2025-10-07 14:25:00+05:30,392.7,391.77142857142854,394.37142857142857,-0.9286,L
S1249,ITC,2025-10-08 09:15:00+05:30,,,0,,3.1972,12.5,-0.0994,0,0.8491,,0,0,0,0,1,0,1,2025-10-08 09:15:00+05:30,2025-10-08 09:20:00+05:30,2025-10-08 11:20:00+05:30,392.1,390.84107142857147,394.36607142857144,-1.2589,L
S1250,ITC,2025-10-08 09:25:00+05:30,,,0,,0.4947,0.0,-0.3617,0,0.139,0.0,3,0,0,1,0,3,4,2025-10-08 09:40:00+05:30,2025-10-08 09:45:00+05:30,2025-10-08 11:25:00+05:30,391.75,390.5625,393.8875,-1.1875,L
S1251,ITC,2025-10-08 09:50:00+05:30,-0.0377,,0,,0.1976,33.33,0.1429,0,0.3369,,0,1,1,1,1,0,1,2025-10-08 09:50:00+05:30,2025-10-08 09:55:00+05:30,2025-10-08 11:25:00+05:30,391.8,390.6928571428571,393.79285714285714,-1.1071,L
S1252,ITC,2025-10-08 12:00:00+05:30,-0.1438,-0.1111,0,,2.0628,22.22,-0.9399,0,0.5888,0.0,9,0,0,1,0,9,10,2025-10-08 12:45:00+05:30,2025-10-08 12:50:00+05:30,2025-10-08 15:00:00+05:30,390.6,389.59107142857147,392.4160714285714,0.65,EOD+
S1253,ITC,2025-10-09 09:15:00+05:30,,,0,,1.1189,76.19,-0.8974,0,1.5619,,0,0,0,1,1,0,1,2025-10-09 09:15:00+05:30,2025-10-09 09:20:00+05:30,2025-10-09 15:00:00+05:30,391.6,390.5107142857143,393.5607142857143,0.2,EOD+
S1254,ITC,2025-10-09 09:25:00+05:30,,,0,,0.425,56.25,0.1765,0,0.3779,,0,0,1,1,1,0,1,2025-10-09 09:25:00+05:30,2025-10-09 09:30:00+05:30,2025-10-09 15:00:00+05:30,391.75,390.5,394.0,0.05,EOD+
S1255,ITC,2025-10-09 10:50:00+05:30,0.0408,0.0619,16,6.0,0.6828,78.95,-0.6639,0,1.7992,0.0,2,1,0,1,0,2,3,2025-10-09 11:00:00+05:30,2025-10-09 11:05:00+05:30,2025-10-09 12:10:00+05:30,392.1,391.0107142857143,394.06071428571425,-1.0893,L
S1256,ITC,2025-10-09 12:05:00+05:30,-0.0715,-0.021,0,,1.6567,16.67,-0.8592,0,0.846,1.0,9,0,0,0,0,9,10,2025-10-09 12:50:00+05:30,2025-10-09 12:55:00+05:30,2025-10-09 15:00:00+05:30,391.45,390.37857142857143,393.37857142857143,0.35,EOD+
S1257,ITC,2025-10-10 09:15:00+05:30,,,0,,0.9317,50.0,0.9689,0,1.5758,,0,1,1,0,1,0,1,2025-10-10 09:15:00+05:30,2025-10-10 09:20:00+05:30,2025-10-10 15:00:00+05:30,394.0,392.7053571428571,396.33035714285717,0.5,EOD+
S1258,ITC,2025-10-10 10:30:00+05:30,0.136,0.1589,14,11.0,0.3984,61.54,-0.6262,0,1.1823,1.0,8,1,0,0,0,8,9,2025-10-10 11:10:00+05:30,2025-10-10 11:15:00+05:30,2025-10-10 15:00:00+05:30,394.0,392.32142857142856,397.0214285714286,0.5,EOD+
S1259,ITC,2025-10-10 11:20:00+05:30,0.0019,0.0514,1,1.0,0.2846,0.0,1.4,0,0.6634,,0,0,0,1,1,0,1,2025-10-10 11:20:00+05:30,2025-10-10 11:25:00+05:30,2025-10-10 15:00:00+05:30,394.0,392.9017857142857,395.9767857142857,0.5,EOD+
S1260,ITC,2025-10-10 11:30:00+05:30,-0.0121,-0.0013,0,,0.0448,47.37,9.0,0,2.2825,,0,1,0,0,1,0,1,2025-10-10 11:30:00+05:30,2025-10-10 11:35:00+05:30,2025-10-10 15:00:00+05:30,394.45,393.33392857142854,396.45892857142854,0.05,EOD+
S1261,ITC,2025-10-10 12:25:00+05:30,0.0875,0.0748,10,6.0,0.2917,66.67,0.0909,0,0.8017,,0,0,0,0,1,0,1,2025-10-10 12:25:00+05:30,2025-10-10 12:30:00+05:30,2025-10-10 15:00:00+05:30,394.45,393.27142857142854,396.57142857142856,0.05,EOD+
S1262,ITC,2025-10-10 13:40:00+05:30,-0.0666,-0.0437,0,,1.3125,75.0,-0.9167,0,0.5555,0.0,9,1,0,0,0,9,10,2025-10-10 14:25:00+05:30,2025-10-10 14:30:00+05:30,2025-10-10 15:00:00+05:30,393.95,392.8071428571428,396.00714285714287,0.55,EOD+
S1263,ITC,2025-10-13 12:10:00+05:30,-0.0626,-0.0818,0,,1.2765,37.5,-0.871,0,0.7558,0.0,9,0,0,1,0,9,10,2025-10-13 12:55:00+05:30,2025-10-13 13:00:00+05:30,2025-10-13 13:00:00+05:30,391.3,390.54107142857146,392.66607142857146,-0.7589,L
S1264,ITC,2025-10-13 13:05:00+05:30,-0.0301,-0.0633,0,,0.4415,75.0,-0.7561,0,0.682,,0,1,0,1,1,0,1,2025-10-13 13:05:00+05:30,2025-10-13 13:10:00+05:30,2025-10-13 15:00:00+05:30,390.95,389.7892857142857,393.0392857142857,0.45,EOD+
S1265,ITC,2025-10-13 13:55:00+05:30,0.0326,0.0396,8,8.0,0.1799,30.0,1.1622,0,1.2731,,0,1,0,0,1,0,1,2025-10-13 13:55:00+05:30,2025-10-13 14:00:00+05:30,2025-10-13 15:00:00+05:30,391.2,389.9142857142857,393.5142857142857,0.2,EOD+
S1266,ITC,2025-10-13 14:15:00+05:30,0.0473,0.0371,3,3.0,0.0104,11.11,59.0,0,0.799,,0,0,0,1,1,0,1,2025-10-13 14:15:00+05:30,2025-10-13 14:20:00+05:30,2025-10-13 15:00:00+05:30,391.5,390.30357142857144,393.6535714285714,-0.1,EOD-
S1267,ITC,2025-10-14 09:15:00+05:30,,,0,,0.3812,3.7,2.2787,0,1.9374,,0,1,1,0,1,0,1,2025-10-14 09:15:00+05:30,2025-10-14 09:20:00+05:30,2025-10-14 09:55:00+05:30,391.8,390.79999999999995,393.6000000000001,-1.0,L
S1268,ITC,2025-10-14 09:25:00+05:30,,,1,1.0,1.0008,6.25,0.3873,0,1.0343,,0,1,1,0,1,0,1,2025-10-14 09:25:00+05:30,2025-10-14 09:30:00+05:30,2025-10-14 09:55:00+05:30,391.65,390.5696428571428,393.5946428571429,-1.0804,L
S1269,ITC,2025-10-14 10:50:00+05:30,-0.0877,-0.0928,0,,2.5459,11.11,-0.7963,0,0.7972,1.0,9,0,0,0,0,9,10,2025-10-14 11:35:00+05:30,2025-10-14 11:40:00+05:30,2025-10-14 14:10:00+05:30,389.65,388.4446428571428,391.81964285714287,-1.2054,L
S1270,ITC,2025-10-14 11:45:00+05:30,-0.0533,-0.1097,0,,0.65,22.22,0.3462,0,1.5047,,0,1,0,0,1,0,1,2025-10-14 11:45:00+05:30,2025-10-14 11:50:00+05:30,2025-10-14 14:10:00+05:30,389.75,388.75,391.55,-1.0,L
S1271,ITC,2025-10-14 12:05:00+05:30,0.0122,-0.0308,2,1.0,0.0246,22.22,29.0,0,3.1277,,0,1,1,0,1,0,1,2025-10-14 12:05:00+05:30,2025-10-14 12:10:00+05:30,2025-10-14 13:25:00+05:30,390.05,389.0321428571429,391.88214285714287,-1.0179,L
S1272,ITC,2025-10-14 12:25:00+05:30,0.0199,0.018,3,2.0,0.3111,46.15,0.9231,0,1.0136,,0,1,0,0,1,0,1,2025-10-14 12:25:00+05:30,2025-10-14 12:30:00+05:30,2025-10-14 14:10:00+05:30,389.85,388.80535714285713,391.7303571428572,-1.0446,L
S1273,ITC,2025-10-14 12:40:00+05:30,0.0301,0.0199,2,1.0,0.3664,27.27,0.4925,0,2.3746,,0,1,0,0,1,0,1,2025-10-14 12:40:00+05:30,2025-10-14 12:45:00+05:30,2025-10-14 14:10:00+05:30,389.95,388.8071428571428,392.00714285714287,-1.1429,L
S1274,ITC,2025-10-14 13:45:00+05:30,-0.0372,-0.0192,0,,1.8581,12.5,-0.446,0,0.472,0.0,9,0,0,1,0,9,10,2025-10-14 14:30:00+05:30,2025-10-14 14:35:00+05:30,2025-10-14 15:00:00+05:30,389.65,388.43571428571425,391.83571428571423,-0.05,EOD-
S1275,ITC,2025-10-15 09:15:00+05:30,,,0,,0.0285,55.81,32.3333,0,1.0115,,0,1,1,0,1,0,1,2025-10-15 09:15:00+05:30,2025-10-15 09:20:00+05:30,2025-10-15 15:00:00+05:30,391.35,389.37678571428575,394.9017857142857,0.0,EOD-
S1276,ITC,2025-10-15 11:10:00+05:30,0.0728,0.1973,22,2.0,0.0389,20.0,1.2222,0,0.2378,,0,0,0,0,1,0,1,2025-10-15 11:10:00+05:30,2025-10-15 11:15:00+05:30,2025-10-15 15:00:00+05:30,391.5,390.0535714285714,394.10357142857146,-0.15,EOD-
S1277,ITC,2025-10-15 11:20:00+05:30,0.0179,0.1169,0,,0.9364,14.29,-0.604,0,0.8956,0.0,1,0,0,0,0,1,2,2025-10-15 11:25:00+05:30,2025-10-15 11:30:00+05:30,2025-10-15 15:00:00+05:30,391.6,390.25178571428575,394.0267857142858,-0.25,EOD-
S1278,ITC,2025-10-15 11:40:00+05:30,0.016,0.014,0,,0.9909,0.0,-0.8165,0,0.9125,1.0,9,0,0,0,0,9,10,2025-10-15 12:25:00+05:30,2025-10-15 12:30:00+05:30,2025-10-15 15:00:00+05:30,391.45,390.075,393.925,-0.1,EOD-
S1279,ITC,2025-10-15 12:50:00+05:30,-0.0153,-0.0524,4,3.0,0.1803,33.33,3.7059,0,1.583,,0,0,0,1,1,0,1,2025-10-15 12:50:00+05:30,2025-10-15 12:55:00+05:30,2025-10-15 15:00:00+05:30,391.8,390.62142857142857,393.9214285714286,-0.45,EOD-
S1280,ITC,2025-10-15 13:25:00+05:30,0.0217,0.0185,6,6.0,0.04,12.5,9.0,0,1.1442,,0,1,1,0,1,0,1,2025-10-15 13:25:00+05:30,2025-10-15 13:30:00+05:30,2025-10-15 15:00:00+05:30,391.7,390.7625,393.38750000000005,-0.35,EOD-
S1281,ITC,2025-10-15 13:40:00+05:30,0.03,0.0217,2,2.0,0.2722,0.0,1.2857,0,0.5347,,0,0,1,1,1,0,1,2025-10-15 13:40:00+05:30,2025-10-15 13:45:00+05:30,2025-10-15 15:00:00+05:30,391.65,390.84642857142853,393.0964285714286,-0.3,EOD-
S1282,ITC,2025-10-16 09:15:00+05:30,,,0,,0.3396,5.0,7.6154,0,2.2202,,0,0,0,0,1,0,1,2025-10-16 09:15:00+05:30,2025-10-16 09:20:00+05:30,2025-10-16 11:25:00+05:30,392.75,391.5535714285714,394.90357142857147,2.1536,W
S1283,ITC,2025-10-16 10:15:00+05:30,0.1356,0.1306,11,4.0,0.1729,33.33,2.1746,0,0.6297,,0,0,0,1,1,0,1,2025-10-16 10:15:00+05:30,2025-10-16 10:20:00+05:30,2025-10-16 14:50:00+05:30,393.25,390.9732142857143,397.3482142857143,4.0982,W
S1284,ITC,2025-10-16 10:25:00+05:30,0.1152,0.142,0,,0.1604,72.73,1.1818,0,0.3682,,0,0,0,0,1,0,1,2025-10-16 10:25:00+05:30,2025-10-16 10:30:00+05:30,2025-10-16 15:00:00+05:30,393.75,391.60714285714283,397.6071428571429,3.15,EOD+
S1285,ITC,2025-10-16 10:50:00+05:30,0.1176,0.1177,4,1.0,0.2718,42.11,1.5,0,0.8511,,0,1,1,0,1,0,1,2025-10-16 10:50:00+05:30,2025-10-16 10:55:00+05:30,2025-10-16 14:45:00+05:30,393.6,391.7607142857143,396.91071428571433,3.3107,W
S1286,ITC,2025-10-16 13:15:00+05:30,0.0734,0.0962,28,10.0,0.2785,35.29,0.0811,0,0.8915,,0,0,1,1,1,0,1,2025-10-16 13:15:00+05:30,2025-10-16 13:20:00+05:30,2025-10-16 15:00:00+05:30,395.3,393.63928571428573,398.2892857142857,1.6,EOD+
S1287,ITC,2025-10-16 13:25:00+05:30,0.0664,0.0841,0,,0.7492,20.0,-0.4949,0,2.7673,1.0,3,0,0,0,0,3,4,2025-10-16 13:40:00+05:30,2025-10-16 13:45:00+05:30,2025-10-16 15:00:00+05:30,395.35,393.6982142857143,398.3232142857143,1.55,EOD+
S1288,ITC,2025-10-16 13:50:00+05:30,-0.0063,0.0278,0,,0.4638,20.0,-0.6296,0,0.846,0.0,1,0,0,0,0,1,2,2025-10-16 13:55:00+05:30,2025-10-16 14:00:00+05:30,2025-10-16 15:00:00+05:30,396.2,394.7446428571428,398.81964285714287,0.7,EOD+
S1289,ITC,2025-10-17 12:55:00+05:30,0.1367,0.1925,0,,1.1083,0.0,-0.4386,0,1.4316,1.0,9,1,0,0,0,9,10,2025-10-17 13:40:00+05:30,2025-10-17 13:45:00+05:30,2025-10-17 15:00:00+05:30,404.65,403.04285714285714,407.54285714285714,-0.3,EOD-
S1290,ITC,2025-10-17 13:50:00+05:30,0.0198,0.0346,1,1.0,0.296,52.94,0.4118,0,1.0861,,0,1,0,0,1,0,1,2025-10-17 13:50:00+05:30,2025-10-17 13:55:00+05:30,2025-10-17 15:00:00+05:30,404.25,402.45535714285717,407.4803571428571,0.1,EOD+
S1291,ITC,2025-10-17 14:15:00+05:30,-0.0235,0.0068,3,1.0,0.028,50.0,10.4286,0,0.5888,,0,1,1,1,1,0,1,2025-10-17 14:15:00+05:30,2025-10-17 14:20:00+05:30,2025-10-17 15:00:00+05:30,404.5,402.9375,407.3125,-0.15,EOD-
S1292,ITC,2025-10-20 09:15:00+05:30,,,0,,0.7824,41.51,-0.3522,0,1.1495,,0,0,0,0,1,0,1,2025-10-20 09:15:00+05:30,2025-10-20 09:20:00+05:30,2025-10-20 11:40:00+05:30,405.2,403.2267857142857,408.75178571428575,-1.9732,L
S1293,ITC,2025-10-20 09:25:00+05:30,,,1,1.0,0.2833,65.38,0.5686,0,0.4107,,0,0,1,1,1,0,1,2025-10-20 09:25:00+05:30,2025-10-20 09:30:00+05:30,2025-10-20 11:40:00+05:30,405.4,403.15,409.45,-2.25,L
S1294,ITC,2025-10-20 10:25:00+05:30,0.0605,0.034,11,8.0,0.0286,100.0,-1.0,0,0.4416,1.0,1,1,0,0,0,1,2,2025-10-20 10:30:00+05:30,2025-10-20 10:35:00+05:30,2025-10-20 11:40:00+05:30,405.1,403.13571428571436,408.63571428571424,-1.9643,L
S1295,ITC,2025-10-20 10:50:00+05:30,0.1005,0.0654,3,1.0,1.1375,88.46,-0.8077,0,2.9463,0.0,2,0,0,0,0,2,3,2025-10-20 11:00:00+05:30,2025-10-20 11:05:00+05:30,2025-10-20 11:15:00+05:30,405.5,403.7857142857143,408.5857142857143,-1.7143,L
S1296,ITC,2025-10-20 11:45:00+05:30,-0.0889,-0.0753,0,,1.8274,54.55,-0.9322,0,0.215,0.0,9,0,0,0,0,9,10,2025-10-20 12:30:00+05:30,2025-10-20 12:35:00+05:30,2025-10-20 15:00:00+05:30,404.2,402.1821428571428,407.83214285714286,0.35,EOD+
S1297,ITC,2025-10-20 12:40:00+05:30,-0.0743,-0.1064,1,1.0,0.2557,28.57,0.6393,0,1.8884,,0,1,0,0,1,0,1,2025-10-20 12:40:00+05:30,2025-10-20 12:45:00+05:30,2025-10-20 15:00:00+05:30,403.9,402.40892857142853,406.58392857142854,0.65,EOD+
S1298,ITC,2025-10-20 13:20:00+05:30,0.047,0.0229,6,3.0,0.1372,18.18,3.1379,0,0.8074,,0,1,0,0,1,0,1,2025-10-20 13:20:00+05:30,2025-10-20 13:25:00+05:30,2025-10-20 15:00:00+05:30,404.5,403.17857142857144,406.8785714285714,0.05,EOD+
S1299,ITC,2025-10-20 13:35:00+05:30,0.0476,0.047,2,1.0,0.2317,28.57,1.0833,0,1.1067,,0,0,0,1,1,0,1,2025-10-20 13:35:00+05:30,2025-10-20 13:40:00+05:30,2025-10-20 15:00:00+05:30,404.45,403.15535714285716,406.7803571428571,0.1,EOD+
S1300,ITC,2025-10-21 13:45:00+05:30,,,0,,0.4529,35.71,0.6364,0,0.7996,,0,1,0,0,1,0,1,2025-10-21 13:45:00+05:30,2025-10-21 13:50:00+05:30,2025-10-23 09:15:00+05:30,404.5,402.9821428571429,407.23214285714283,2.7321,W
S1301,ITC,2025-10-21 13:55:00+05:30,,,0,,0.1515,63.64,0.6216,0,0.4659,,0,1,1,0,1,0,1,2025-10-21 13:55:00+05:30,2025-10-21 14:00:00+05:30,2025-10-23 09:15:00+05:30,404.5,402.9732142857143,407.24821428571425,2.7482,W
S1302,ITC,2025-10-21 14:05:00+05:30,,,0,,0.2975,33.33,0.1765,0,0.3167,,0,1,0,1,1,0,1,2025-10-21 14:05:00+05:30,2025-10-21 14:10:00+05:30,2025-10-23 09:15:00+05:30,404.4,402.97142857142853,406.97142857142853,2.5714,W
S1303,ITC,2025-10-21 14:20:00+05:30,0.0148,,1,1.0,0.4682,33.33,-0.2079,0,0.647,1.0,2,0,0,0,0,2,3,2025-10-21 14:30:00+05:30,2025-10-21 14:35:00+05:30,2025-10-23 09:15:00+05:30,404.45,403.1017857142857,406.87678571428575,2.4268,W
S1304,ITC,2025-10-23 10:55:00+05:30,0.3434,0.3789,20,3.0,0.1222,25.0,3.3243,0,0.3925,,0,0,0,0,1,0,1,2025-10-23 10:55:00+05:30,2025-10-23 11:00:00+05:30,2025-10-23 13:00:00+05:30,410.2,408.3071428571429,413.60714285714283,-1.8929,L
S1305,ITC,2025-10-23 11:05:00+05:30,0.2384,0.3807,0,,0.4846,9.09,-0.6296,0,2.0672,1.0,1,0,1,0,0,1,2,2025-10-23 11:10:00+05:30,2025-10-23 11:15:00+05:30,2025-10-23 13:00:00+05:30,410.2,408.11071428571427,413.96071428571423,-2.0893,L
S1306,ITC,2025-10-23 11:20:00+05:30,0.0744,0.2384,0,,0.0621,90.91,0.0526,0,0.8533,,0,0,0,0,1,0,1,2025-10-23 11:20:00+05:30,2025-10-23 11:25:00+05:30,2025-10-23 12:40:00+05:30,410.7,408.7892857142857,414.1392857142857,-1.9107,L
S1307,ITC,2025-10-23 11:30:00+05:30,0.0463,0.1018,1,1.0,0.4759,44.44,-0.2754,0,0.3816,0.0,5,0,0,1,0,5,6,2025-10-23 11:55:00+05:30,2025-10-23 12:00:00+05:30,2025-10-23 12:55:00+05:30,410.4,408.5875,413.6624999999999,-1.8125,L
S1308,ITC,2025-10-23 12:05:00+05:30,-0.0122,0.0104,0,,0.849,16.67,-0.2553,0,0.4536,1.0,4,0,0,1,0,4,5,2025-10-23 12:25:00+05:30,2025-10-23 12:30:00+05:30,2025-10-23 12:40:00+05:30,410.1,408.71607142857147,412.5910714285714,-1.3839,L
S1309,ITC,2025-10-24 09:50:00+05:30,-0.0215,,0,,1.4636,55.56,-0.8344,0,0.199,0.0,9,0,0,1,0,9,10,2025-10-24 10:35:00+05:30,2025-10-24 10:40:00+05:30,2025-10-24 15:00:00+05:30,406.45,404.3875,410.16249999999997,0.9,EOD+
S1310,ITC,2025-10-24 10:45:00+05:30,-0.0775,-0.0892,0,,0.4112,0.0,0.1905,0,1.2641,,0,0,0,0,1,0,1,2025-10-24 10:45:00+05:30,2025-10-24 10:50:00+05:30,2025-10-24 15:00:00+05:30,406.25,404.9732142857143,408.5482142857143,1.1,EOD+
S1311,ITC,2025-10-24 10:55:00+05:30,-0.0616,-0.0812,0,,0.2725,42.86,-0.6078,0,0.768,,0,0,0,0,1,0,1,2025-10-24 10:55:00+05:30,2025-10-24 11:00:00+05:30,2025-10-24 14:00:00+05:30,406.2,405.0303571428571,408.3053571428572,2.1054,W
S1312,ITC,2025-10-24 11:05:00+05:30,-0.0382,-0.0776,0,,0.6,10.0,-0.8148,0,1.8236,1.0,1,0,0,0,0,1,2,2025-10-24 11:10:00+05:30,2025-10-24 11:15:00+05:30,2025-10-24 14:00:00+05:30,406.35,405.22499999999997,408.37500000000006,2.025,W
S1313,ITC,2025-10-24 11:20:00+05:30,-0.0166,-0.0382,0,,0.2232,28.57,-0.5455,0,0.9717,,0,0,0,1,1,0,1,2025-10-24 11:20:00+05:30,2025-10-24 11:25:00+05:30,2025-10-24 14:00:00+05:30,406.1,404.86785714285713,408.3178571428572,2.2179,W
S1314,ITC,2025-10-24 11:30:00+05:30,-0.0117,-0.0135,0,,0.9728,35.71,-0.1534,0,2.471,,0,0,0,0,1,0,1,2025-10-24 11:30:00+05:30,2025-10-24 11:35:00+05:30,2025-10-24 14:00:00+05:30,406.25,405.0357142857143,408.4357142857143,2.1857,W
S1315,ITC,2025-10-24 12:50:00+05:30,0.0664,0.0836,15,5.0,0.3914,66.67,-1.0,0,2.6308,1.0,3,1,0,0,0,3,4,2025-10-24 13:05:00+05:30,2025-10-24 13:10:00+05:30,2025-10-24 15:00:00+05:30,407.25,405.8928571428571,409.6928571428572,0.1,EOD+
S1316,ITC,2025-10-24 13:55:00+05:30,0.0417,0.054,9,4.0,0.0278,92.31,3.0,0,1.3333,,0,0,0,0,1,0,1,2025-10-24 13:55:00+05:30,2025-10-24 14:00:00+05:30,2025-10-24 15:00:00+05:30,408.05,406.925,410.07500000000005,-0.7,EOD-
S1317,ITC,2025-10-27 09:25:00+05:30,,,2,2.0,0.0069,60.0,49.0,0,0.5509,,0,1,1,1,1,0,1,2025-10-27 09:25:00+05:30,2025-10-27 09:30:00+05:30,2025-10-27 11:50:00+05:30,409.2,407.37857142857143,412.4785714285714,3.2786,W
S1318,ITC,2025-10-27 11:05:00+05:30,0.1437,0.1256,19,3.0,0.0916,27.78,7.8,0,1.5389,,0,1,1,0,1,0,1,2025-10-27 11:05:00+05:30,2025-10-27 11:10:00+05:30,2025-10-27 15:00:00+05:30,411.0,409.2946428571429,414.0696428571428,0.4,EOD+
S1319,ITC,2025-10-27 11:45:00+05:30,0.0858,0.0961,7,4.0,0.0138,25.0,45.6667,0,0.6751,,0,1,0,1,1,0,1,2025-10-27 11:45:00+05:30,2025-10-27 11:50:00+05:30,2025-10-27 12:20:00+05:30,411.55,410.1928571428572,413.99285714285713,2.4429,W
S1320,ITC,2025-10-27 12:50:00+05:30,0.1236,0.1582,12,6.0,0.2292,73.68,0.0909,0,1.0539,,0,1,1,0,1,0,1,2025-10-27 12:50:00+05:30,2025-10-27 12:55:00+05:30,2025-10-27 14:45:00+05:30,412.7,411.2,415.4,-1.5,L
S1321,ITC,2025-10-27 13:00:00+05:30,0.0993,0.1345,0,,0.3177,60.0,-0.6875,0,0.4637,1.0,2,0,0,1,0,2,3,2025-10-27 13:10:00+05:30,2025-10-27 13:15:00+05:30,2025-10-27 14:45:00+05:30,413.0,411.74107142857144,415.2660714285714,-1.2589,L
S1322,ITC,2025-10-27 13:20:00+05:30,0.0714,0.086,0,,1.2824,0.0,-0.4167,0,0.7117,1.0,2,1,0,0,0,2,3,2025-10-27 13:30:00+05:30,2025-10-27 13:35:00+05:30,2025-10-27 14:40:00+05:30,413.2,412.0303571428571,415.30535714285713,-1.1696,L
S1323,ITC,2025-10-27 13:40:00+05:30,0.0496,0.075,0,,0.477,75.0,-0.4805,0,0.6425,1.0,5,0,1,1,0,5,6,2025-10-27 14:05:00+05:30,2025-10-27 14:10:00+05:30,2025-10-27 14:40:00+05:30,413.1,412.0910714285714,414.9160714285715,-1.0089,L
S1324,ITC,2025-10-27 14:15:00+05:30,-0.0345,-0.0242,0,,0.8277,83.33,-0.8765,0,1.9886,,0,0,1,0,1,0,1,2025-10-27 14:15:00+05:30,2025-10-27 14:20:00+05:30,2025-10-27 14:40:00+05:30,413.4,412.17678571428564,415.6017857142857,-1.2232,L
S1325,ITC,2025-10-27 14:25:00+05:30,-0.023,-0.0406,0,,0.0618,16.67,2.3333,0,0.7646,,0,0,1,1,1,0,1,2025-10-27 14:25:00+05:30,2025-10-27 14:30:00+05:30,2025-10-27 14:40:00+05:30,413.15,411.93571428571425,415.3357142857143,-1.2143,L
S1326,ITC,2025-10-28 09:15:00+05:30,,,0,,1.1815,24.14,-0.589,0,1.0798,0.0,3,0,1,0,0,3,4,2025-10-28 09:30:00+05:30,2025-10-28 09:35:00+05:30,2025-10-28 10:05:00+05:30,412.35,410.80535714285713,415.1303571428572,-1.5446,L
S1327,ITC,2025-10-28 09:40:00+05:30,-0.0601,,0,,0.6964,23.53,-0.2746,0,0.4419,0.0,1,0,0,0,0,1,2,2025-10-28 09:45:00+05:30,2025-10-28 09:50:00+05:30,2025-10-28 10:05:00+05:30,412.25,410.51785714285717,415.36785714285713,-1.7321,L
S1328,ITC,2025-10-28 11:45:00+05:30,-0.1765,-0.1922,0,,2.7412,0.0,-0.6881,0,0.5578,0.0,9,1,0,1,0,9,10,2025-10-28 12:30:00+05:30,2025-10-28 12:35:00+05:30,2025-10-28 14:25:00+05:30,408.9,407.7303571428571,411.0053571428571,-1.1696,L
S1329,ITC,2025-10-29 09:20:00+05:30,,,1,1.0,0.0448,37.5,11.5,0,0.1886,,0,1,1,0,1,0,1,2025-10-29 09:20:00+05:30,2025-10-29 09:25:00+05:30,2025-10-29 15:00:00+05:30,409.1,406.8678571428572,413.11785714285713,3.25,EOD+
S1330,ITC,2025-10-29 09:35:00+05:30,,,2,2.0,0.7962,86.96,-0.9329,0,0.0799,0.0,4,1,0,1,0,4,5,2025-10-29 09:55:00+05:30,2025-10-29 10:00:00+05:30,2025-10-29 15:00:00+05:30,408.6,406.2607142857143,412.8107142857143,4.2107,W
S1331,ITC,2025-10-29 12:00:00+05:30,-0.0207,0.0512,0,,1.3873,42.86,-0.633,0,1.3954,0.0,9,1,0,0,0,9,10,2025-10-29 12:45:00+05:30,2025-10-29 12:50:00+05:30,2025-10-29 15:00:00+05:30,409.8,408.32678571428573,412.4517857142857,2.6518,W
S1332,ITC,2025-10-30 09:20:00+05:30,,,0,,4.4333,40.0,-0.7062,0,0.7453,1.0,9,1,0,1,0,9,10,2025-10-30 10:05:00+05:30,2025-10-30 10:10:00+05:30,2025-10-30 15:00:00+05:30,411.55,409.24642857142857,415.6964285714286,-1.85,EOD-
S1333,ITC,2025-10-30 11:05:00+05:30,0.0462,-0.0456,11,5.0,0.1345,25.0,1.8571,0,1.1507,,0,1,0,1,1,0,1,2025-10-30 11:05:00+05:30,2025-10-30 11:10:00+05:30,2025-10-30 15:00:00+05:30,411.5,409.2232142857143,415.5982142857143,-1.8,EOD-
S1334,ITC,2025-10-30 11:40:00+05:30,0.0911,0.1439,0,,1.458,66.67,-0.9532,0,0.2671,0.0,9,0,0,0,0,9,10,2025-10-30 12:25:00+05:30,2025-10-30 12:30:00+05:30,2025-10-30 15:00:00+05:30,411.1,409.26964285714286,414.39464285714286,-1.4,EOD-
S1335,ITC,2025-10-30 13:05:00+05:30,-0.0676,-0.0706,0,,0.7461,14.29,-0.3827,0,1.5667,1.0,9,0,1,1,0,9,10,2025-10-30 13:50:00+05:30,2025-10-30 13:55:00+05:30,2025-10-30 15:00:00+05:30,410.45,409.0928571428571,412.89285714285717,-0.75,EOD-
S1336,ITC,2025-10-31 09:15:00+05:30,,,0,,0.5763,21.93,2.4483,0,4.5654,,0,0,0,0,1,0,1,2025-10-31 09:15:00+05:30,2025-10-31 09:20:00+05:30,2025-10-31 15:00:00+05:30,413.1,410.2696428571429,418.19464285714287,-1.45,EOD-
S1337,ITC,2025-10-31 10:35:00+05:30,0.3738,0.377,15,8.0,0.0991,23.81,5.087,0,1.046,,0,1,0,0,1,0,1,2025-10-31 10:35:00+05:30,2025-10-31 10:40:00+05:30,2025-10-31 12:40:00+05:30,415.35,412.4482142857143,420.5732142857143,-2.9018,L
S1338,ITC,2025-10-31 11:00:00+05:30,0.3149,0.3624,4,2.0,0.1828,78.95,0.1429,0,0.3766,,0,0,0,1,1,0,1,2025-10-31 11:00:00+05:30,2025-10-31 11:05:00+05:30,2025-10-31 12:20:00+05:30,415.9,413.50714285714287,420.2071428571428,-2.3929,L
S1339,ITC,2025-10-31 11:15:00+05:30,0.1358,0.3149,0,,1.0676,25.0,-0.8347,0,0.4406,1.0,9,0,0,0,0,9,10,2025-10-31 12:00:00+05:30,2025-10-31 12:05:00+05:30,2025-10-31 12:20:00+05:30,415.8,413.675,419.625,-2.125,L
S1340,ITC,2025-10-31 13:10:00+05:30,-0.1771,-0.2113,0,,2.4952,60.0,-0.9095,0,1.2892,1.0,9,1,0,1,0,9,10,2025-10-31 13:55:00+05:30,2025-10-31 14:00:00+05:30,2025-10-31 15:00:00+05:30,412.3,410.6392857142857,415.28928571428577,-0.65,EOD-
S1341,ITC,2025-11-03 09:15:00+05:30,,,0,,4.5971,67.53,-0.7441,0,0.7649,0.0,3,1,1,0,0,3,4,2025-11-03 09:30:00+05:30,2025-11-03 09:35:00+05:30,2025-11-03 10:00:00+05:30,412.3,410.175,416.12500000000006,-2.125,L
S1342,ITC,2025-11-03 09:40:00+05:30,-0.0729,,1,1.0,0.5044,100.0,-1.0,0,0.3855,1.0,1,0,0,0,0,1,2,2025-11-03 09:45:00+05:30,2025-11-03 09:50:00+05:30,2025-11-03 11:10:00+05:30,411.75,408.4910714285714,417.61607142857144,-3.2589,L
S1343,ITC,2025-11-03 12:10:00+05:30,-0.2079,-0.2003,0,,4.6532,50.0,-0.9229,0,0.6969,1.0,9,0,0,0,0,9,10,2025-11-03 12:55:00+05:30,2025-11-03 13:00:00+05:30,2025-11-03 15:00:00+05:30,406.1,404.70714285714286,408.6071428571429,-0.65,EOD-
S1344,ITC,2025-11-03 13:05:00+05:30,-0.133,-0.1939,0,,0.6382,43.75,-0.0323,0,0.5183,,0,0,0,1,1,0,1,2025-11-03 13:05:00+05:30,2025-11-03 13:10:00+05:30,2025-11-03 15:00:00+05:30,406.25,405.03571428571433,408.43571428571425,-0.8,EOD-
S1345,ITC,2025-11-03 13:15:00+05:30,-0.098,-0.1515,0,,0.6119,14.29,-0.322,0,0.6718,0.0,7,1,0,0,0,7,8,2025-11-03 13:50:00+05:30,2025-11-03 13:55:00+05:30,2025-11-03 15:00:00+05:30,405.75,404.5446428571429,407.9196428571428,-0.3,EOD-
S1346,ITC,2025-11-03 14:05:00+05:30,0.032,-0.0092,1,1.0,0.1077,33.33,6.0,0,1.3531,,0,0,0,0,1,0,1,2025-11-03 14:05:00+05:30,2025-11-03 14:10:00+05:30,2025-11-03 15:00:00+05:30,406.25,405.0892857142857,408.33928571428567,-0.8,EOD-
S1347,ITC,2025-11-03 14:15:00+05:30,0.0308,0.0216,0,,0.374,40.0,-0.7143,0,3.6266,,0,1,0,0,1,0,1,2025-11-03 14:15:00+05:30,2025-11-03 14:20:00+05:30,2025-11-03 15:00:00+05:30,405.85,404.6803571428572,407.9553571428571,-0.4,EOD-
S1348,ITC,2025-11-04 10:00:00+05:30,-0.1365,-0.116,0,,2.7213,88.89,-0.9711,0,0.3819,0.0,9,1,1,1,0,9,10,2025-11-04 10:45:00+05:30,2025-11-04 10:50:00+05:30,2025-11-04 11:30:00+05:30,404.2,402.61071428571427,407.06071428571425,-1.5893,L
S1349,ITC,2025-11-04 11:05:00+05:30,-0.0749,-0.1003,4,3.0,0.0036,18.18,59.0,0,0.8963,,0,1,0,0,1,0,1,2025-11-04 11:05:00+05:30,2025-11-04 11:10:00+05:30,2025-11-04 13:00:00+05:30,403.75,402.03571428571433,406.83571428571423,-1.7143,L
S1350,ITC,2025-11-04 11:45:00+05:30,-0.0359,-0.0359,0,,1.68,75.0,-0.9462,0,0.6408,0.0,9,0,0,1,0,9,10,2025-11-04 12:30:00+05:30,2025-11-04 12:35:00+05:30,2025-11-04 13:25:00+05:30,403.0,401.61607142857144,405.4910714285714,-1.3839,L
S1351,ITC,2025-11-06 10:05:00+05:30,0.0859,0.0884,10,9.0,0.0115,92.86,4.0,0,0.2761,,0,0,0,1,1,0,1,2025-11-06 10:05:00+05:30,2025-11-06 10:10:00+05:30,2025-11-06 11:20:00+05:30,401.7,399.5303571428571,405.60535714285714,-2.1696,L
S1352,ITC,2025-11-06 11:45:00+05:30,-0.1849,-0.1666,0,,3.4203,71.43,-0.9667,0,1.1633,1.0,9,0,0,0,0,9,10,2025-11-06 12:30:00+05:30,2025-11-06 12:35:00+05:30,2025-11-06 12:55:00+05:30,399.25,398.1517857142857,401.2267857142857,1.9768,W
S1353,ITC,2025-11-06 12:40:00+05:30,-0.1153,-0.1327,0,,1.2166,18.18,-0.6032,0,1.6106,1.0,1,1,0,1,0,1,2,2025-11-06 12:45:00+05:30,2025-11-06 12:50:00+05:30,2025-11-06 15:00:00+05:30,399.8,398.5053571428571,402.1303571428572,-0.2,EOD-
S1354,ITC,2025-11-06 13:40:00+05:30,0.0676,0.0601,10,9.0,0.4165,63.64,-0.3277,0,1.1511,1.0,1,0,0,0,0,1,2,2025-11-06 13:45:00+05:30,2025-11-06 13:50:00+05:30,2025-11-06 15:00:00+05:30,399.6,397.8142857142857,402.8142857142858,0.0,EOD-
S1355,ITC,2025-11-06 13:55:00+05:30,0.0625,0.0676,0,,0.5964,5.88,-0.4012,0,1.7991,1.0,3,0,0,0,0,3,4,2025-11-06 14:10:00+05:30,2025-11-06 14:15:00+05:30,2025-11-06 15:00:00+05:30,400.05,398.3,403.20000000000005,-0.45,EOD-
S1356,ITC,2025-11-06 14:20:00+05:30,0.0413,0.055,0,,1.0386,58.33,-0.9267,0,1.4154,0.0,1,0,1,0,0,1,2,2025-11-06 14:25:00+05:30,2025-11-06 14:30:00+05:30,2025-11-06 15:00:00+05:30,400.15,398.5071428571428,403.10714285714283,-0.55,EOD-
S1357,ITC,2025-11-07 09:15:00+05:30,,,0,,1.8846,90.24,-1.0,0,0.3712,,0,1,0,1,1,0,1,2025-11-07 09:15:00+05:30,2025-11-07 09:20:00+05:30,2025-11-07 12:30:00+05:30,399.3,396.97857142857146,403.47857142857146,-2.3214,L
S1358,ITC,2025-11-07 09:25:00+05:30,,,0,,0.1075,76.47,0.9512,0,0.2295,,0,0,0,1,1,0,1,2025-11-07 09:25:00+05:30,2025-11-07 09:30:00+05:30,2025-11-07 10:50:00+05:30,400.2,397.81607142857143,404.49107142857144,-2.3839,L
S1359,ITC,2025-11-07 09:40:00+05:30,0.0319,,2,2.0,0.1352,75.0,0.1765,0,0.4197,,0,1,0,0,1,0,1,2025-11-07 09:40:00+05:30,2025-11-07 09:45:00+05:30,2025-11-07 10:50:00+05:30,400.35,397.99285714285713,404.59285714285716,-2.3571,L
S1360,ITC,2025-11-07 09:50:00+05:30,0.0319,,1,1.0,0.031,85.71,4.0,0,0.2594,,0,0,0,0,1,0,1,2025-11-07 09:50:00+05:30,2025-11-07 09:55:00+05:30,2025-11-07 11:50:00+05:30,399.7,397.28035714285716,404.05535714285713,-2.4196,L
S1361,ITC,2025-11-07 10:00:00+05:30,0.0244,0.0494,0,,0.5037,69.23,-0.7949,0,0.2511,,0,0,0,0,1,0,1,2025-11-07 10:00:00+05:30,2025-11-07 10:05:00+05:30,2025-11-07 11:50:00+05:30,399.65,397.23035714285714,404.0053571428571,-2.4196,L
S1362,ITC,2025-11-07 13:35:00+05:30,-0.0781,-0.1109,0,,1.1623,45.45,-0.5455,0,1.6439,1.0,9,1,1,0,0,9,10,2025-11-07 14:20:00+05:30,2025-11-07 14:25:00+05:30,2025-11-07 15:00:00+05:30,396.65,395.23035714285714,399.2053571428571,-0.4,EOD-
S1363,ITC,2025-11-10 09:15:00+05:30,,,0,,0.7957,63.04,-1.0,0,0.7455,,0,0,0,0,1,0,1,2025-11-10 09:15:00+05:30,2025-11-10 09:20:00+05:30,2025-11-10 09:30:00+05:30,397.1,395.6625,399.6875,-1.4375,L
S1364,ITC,2025-11-10 09:30:00+05:30,,,2,2.0,1.4333,6.82,0.907,0,0.7959,,0,0,1,0,1,0,1,2025-11-10 09:30:00+05:30,2025-11-10 09:35:00+05:30,2025-11-10 15:00:00+05:30,397.6,395.725,400.975,-0.4,EOD-
S1365,ITC,2025-11-10 11:45:00+05:30,-0.0226,0.0044,0,,2.5242,60.0,-0.8319,0,0.8536,1.0,9,0,0,1,0,9,10,2025-11-10 12:30:00+05:30,2025-11-10 12:35:00+05:30,2025-11-10 13:40:00+05:30,397.65,397.0607142857143,398.7107142857142,-0.5893,L
S1366,ITC,2025-11-10 12:40:00+05:30,-0.0201,-0.049,0,,0.0,0.0,,1,0.8456,,0,0,0,1,1,0,1,2025-11-10 12:40:00+05:30,2025-11-10 12:45:00+05:30,2025-11-10 12:55:00+05:30,397.65,397.2035714285714,398.4535714285713,-0.4464,L
S1367,ITC,2025-11-10 12:50:00+05:30,-0.0025,-0.0283,0,,1.8094,12.5,-0.1241,0,1.5268,1.0,4,0,0,0,0,4,5,2025-11-10 13:10:00+05:30,2025-11-10 13:15:00+05:30,2025-11-10 13:40:00+05:30,397.65,397.17678571428576,398.50178571428563,-0.4732,L
S1368,ITC,2025-11-10 13:25:00+05:30,0.0069,-0.0094,2,1.0,0.1247,0.0,2.0769,0,1.033,,0,0,0,1,1,0,1,2025-11-10 13:25:00+05:30,2025-11-10 13:30:00+05:30,2025-11-10 13:45:00+05:30,397.65,396.9982142857143,398.8232142857142,-0.6518,L
S1369,ITC,2025-11-10 13:35:00+05:30,0.0063,0.0019,0,,0.8436,16.67,0.0638,0,0.7201,,0,0,0,1,1,0,1,2025-11-10 13:35:00+05:30,2025-11-10 13:40:00+05:30,2025-11-10 13:45:00+05:30,397.6,396.9035714285715,398.85357142857134,-0.6964,L
S1370,ITC,2025-11-10 13:45:00+05:30,-0.0088,0.0082,0,,2.4832,9.09,-0.4659,0,0.6366,0.0,5,0,0,1,0,5,6,2025-11-10 14:10:00+05:30,2025-11-10 14:15:00+05:30,2025-11-10 14:50:00+05:30,397.65,396.80178571428576,399.1767857142856,-0.8482,L
S1371,ITC,2025-11-11 09:20:00+05:30,,,1,1.0,0.4681,78.26,-0.2661,0,0.3158,0.0,2,1,0,1,0,2,3,2025-11-11 09:30:00+05:30,2025-11-11 09:35:00+05:30,2025-11-11 15:00:00+05:30,397.5,396.04464285714283,400.1196428571429,0.8,EOD+
S1372,ITC,2025-11-11 09:40:00+05:30,0.017,,0,,0.1212,92.86,-0.3548,0,0.2539,,0,0,0,1,1,0,1,2025-11-11 09:40:00+05:30,2025-11-11 09:45:00+05:30,2025-11-11 10:45:00+05:30,398.1,396.50178571428575,400.97678571428577,-1.5982,L
S1373,ITC,2025-11-11 10:55:00+05:30,-0.0528,0.0088,0,,2.3074,75.0,-1.0,0,0.4118,1.0,9,0,0,0,0,9,10,2025-11-11 11:40:00+05:30,2025-11-11 11:45:00+05:30,2025-11-11 15:00:00+05:30,397.7,396.2535714285714,400.30357142857144,0.6,EOD+
S1374,ITC,2025-11-11 12:35:00+05:30,0.0736,0.0352,10,6.0,0.5716,33.33,0.3483,0,0.9882,,0,0,0,1,1,0,1,2025-11-11 12:35:00+05:30,2025-11-11 12:40:00+05:30,2025-11-11 15:00:00+05:30,397.75,396.7767857142857,399.50178571428575,0.55,EOD+
S1375,ITC,2025-11-11 12:45:00+05:30,0.0553,0.0742,0,,0.157,20.0,0.6667,0,0.3915,,0,0,1,1,1,0,1,2025-11-11 12:45:00+05:30,2025-11-11 12:50:00+05:30,2025-11-11 15:00:00+05:30,397.9,396.9446428571428,399.6196428571429,0.4,EOD+
S1376,ITC,2025-11-11 12:55:00+05:30,0.0302,0.0616,0,,1.7316,0.0,-0.4326,0,1.2815,0.0,1,0,0,0,0,1,2,2025-11-11 13:00:00+05:30,2025-11-11 13:05:00+05:30,2025-11-11 15:00:00+05:30,397.65,396.6321428571428,399.48214285714283,0.65,EOD+
S1377,ITC,2025-11-11 13:10:00+05:30,0.0264,0.0302,0,,0.7538,60.0,-0.6825,0,0.9549,1.0,4,1,0,1,0,4,5,2025-11-11 13:30:00+05:30,2025-11-11 13:35:00+05:30,2025-11-11 15:00:00+05:30,397.7,396.65535714285716,399.5803571428571,0.6,EOD+
S1378,ITC,2025-11-11 14:15:00+05:30,0.0264,0.0232,7,4.0,0.16,63.16,2.75,0,1.5061,,0,0,0,1,1,0,1,2025-11-11 14:15:00+05:30,2025-11-11 14:20:00+05:30,2025-11-11 15:00:00+05:30,398.65,397.4,400.90000000000003,-0.35,EOD-
S1379,ITC,2025-11-12 09:15:00+05:30,,,0,,1.9783,86.0,-0.8077,0,0.6843,0.0,1,0,0,1,0,1,2,2025-11-12 09:20:00+05:30,2025-11-12 09:25:00+05:30,2025-11-12 15:00:00+05:30,398.6,396.95714285714286,401.5571428571429,0.1,EOD+
S1380,ITC,2025-11-12 09:30:00+05:30,,,0,,0.9949,10.0,-0.7394,0,0.4561,0.0,2,1,0,0,0,2,3,2025-11-12 09:40:00+05:30,2025-11-12 09:45:00+05:30,2025-11-12 15:00:00+05:30,398.5,396.57142857142856,401.9714285714286,0.2,EOD+
S1381,ITC,2025-11-12 10:05:00+05:30,-0.0182,-0.0195,4,1.0,0.866,86.36,-1.0,0,0.5111,1.0,5,1,0,0,0,5,6,2025-11-12 10:30:00+05:30,2025-11-12 10:35:00+05:30,2025-11-12 15:00:00+05:30,398.25,396.3303571428571,401.70535714285717,0.45,EOD+
S1382,ITC,2025-11-12 11:10:00+05:30,0.0295,0.0094,6,4.0,0.2676,42.86,1.0513,0,0.8704,,0,1,0,1,1,0,1,2025-11-12 11:10:00+05:30,2025-11-12 11:15:00+05:30,2025-11-12 15:00:00+05:30,398.45,397.5392857142857,400.08928571428567,0.25,EOD+
S1383,ITC,2025-11-12 11:40:00+05:30,0.0088,0.0282,4,3.0,0.3286,23.08,2.0435,0,1.8178,,0,0,1,0,1,0,1,2025-11-12 11:40:00+05:30,2025-11-12 11:45:00+05:30,2025-11-12 14:10:00+05:30,398.8,397.925,400.37499999999994,-0.875,L
S1384,ITC,2025-11-12 11:50:00+05:30,0.0289,0.0157,1,1.0,0.3071,37.5,0.8605,0,0.826,,0,0,0,1,1,0,1,2025-11-12 11:50:00+05:30,2025-11-12 11:55:00+05:30,2025-11-12 14:10:00+05:30,398.6,397.725,400.175,-0.875,L
S1385,ITC,2025-11-12 12:00:00+05:30,0.0452,0.0169,0,,0.532,42.86,0.0526,0,0.7581,,0,0,0,0,1,0,1,2025-11-12 12:00:00+05:30,2025-11-12 12:05:00+05:30,2025-11-12 14:10:00+05:30,398.75,397.85714285714283,400.35714285714283,-0.8929,L
S1386,ITC,2025-11-12 12:10:00+05:30,0.0452,0.0358,0,,0.2423,20.0,1.2222,0,0.5145,,0,0,0,1,1,0,1,2025-11-12 12:10:00+05:30,2025-11-12 12:15:00+05:30,2025-11-12 14:10:00+05:30,398.6,397.6714285714286,400.2714285714286,-0.9286,L
S1387,ITC,2025-11-12 12:20:00+05:30,0.0276,0.0502,0,,0.4308,42.86,-0.0625,0,0.8734,,0,0,0,1,1,0,1,2025-11-12 12:20:00+05:30,2025-11-12 12:25:00+05:30,2025-11-12 14:10:00+05:30,398.65,397.72142857142853,400.32142857142856,-0.9286,L
S1388,ITC,2025-11-12 12:30:00+05:30,0.0107,0.0345,0,,0.721,50.0,-0.4175,0,0.999,1.0,1,0,0,0,0,1,2,2025-11-12 12:35:00+05:30,2025-11-12 12:40:00+05:30,2025-11-12 14:10:00+05:30,398.75,397.85714285714283,400.35714285714283,-0.8929,L
S1389,ITC,2025-11-12 12:45:00+05:30,0.0025,0.0107,0,,0.756,40.0,-0.4444,0,2.4051,1.0,5,0,0,0,0,5,6,2025-11-12 13:10:00+05:30,2025-11-12 13:15:00+05:30,2025-11-12 14:10:00+05:30,398.7,397.8071428571428,400.3071428571429,-0.8929,L
S1390,ITC,2025-11-12 13:20:00+05:30,-0.01,-0.0044,0,,0.9454,25.0,-0.3893,0,1.4498,1.0,7,0,1,0,0,7,8,2025-11-12 13:55:00+05:30,2025-11-12 14:00:00+05:30,2025-11-12 14:10:00+05:30,398.65,397.78392857142853,400.20892857142854,-0.8661,L
S1391,ITC,2025-11-13 10:05:00+05:30,-0.076,-0.0747,0,,1.2108,75.0,-1.0,0,2.6853,1.0,9,0,0,0,0,9,10,2025-11-13 10:50:00+05:30,2025-11-13 10:55:00+05:30,2025-11-13 15:00:00+05:30,397.35,396.0285714285714,399.7285714285715,0.45,EOD+
S1392,ITC,2025-11-13 12:35:00+05:30,0.0816,0.0904,21,8.0,0.8728,76.92,-0.4059,0,1.93,1.0,1,1,0,1,0,1,2,2025-11-13 12:40:00+05:30,2025-11-13 12:45:00+05:30,2025-11-13 14:00:00+05:30,398.55,397.82678571428573,399.8517857142857,-0.7232,L
S1393,ITC,2025-11-13 12:50:00+05:30,0.0464,0.0816,0,,0.4873,33.33,0.4085,0,1.516,,0,1,0,0,1,0,1,2025-11-13 12:50:00+05:30,2025-11-13 12:55:00+05:30,2025-11-13 14:10:00+05:30,398.45,397.5392857142857,400.0892857142857,-0.9107,L
S1394,ITC,2025-11-13 13:30:00+05:30,0.0414,0.037,6,2.0,0.0656,40.0,3.4444,0,0.833,,0,1,0,0,1,0,1,2025-11-13 13:30:00+05:30,2025-11-13 13:35:00+05:30,2025-11-13 14:00:00+05:30,398.7,397.8428571428571,400.24285714285713,-0.8571,L
S1395,ITC,2025-11-13 13:45:00+05:30,0.0263,0.0414,2,1.0,0.0398,83.33,3.0,0,0.5206,,0,1,0,1,1,0,1,2025-11-13 13:45:00+05:30,2025-11-13 13:50:00+05:30,2025-11-13 14:00:00+05:30,398.7,397.9142857142857,400.11428571428576,-0.7857,L
S1396,ITC,2025-11-13 13:55:00+05:30,0.005,0.0332,0,,1.6878,83.33,-0.9078,0,0.5955,0.0,6,0,0,1,0,6,7,2025-11-13 14:25:00+05:30,2025-11-13 14:30:00+05:30,2025-11-13 14:50:00+05:30,398.65,397.84642857142853,400.0964285714286,-0.8036,L
S1397,ITC,2025-11-14 09:15:00+05:30,,,0,,5.4004,65.57,-0.7612,0,0.2264,0.0,3,0,1,0,0,3,4,2025-11-14 09:30:00+05:30,2025-11-14 09:35:00+05:30,2025-11-14 10:00:00+05:30,398.15,396.1142857142857,401.81428571428563,-2.0357,L
S1398,ITC,2025-11-14 10:00:00+05:30,-0.0837,-0.0528,0,,0.7689,92.86,-0.954,0,0.0289,0.0,9,1,1,1,0,9,10,2025-11-14 10:45:00+05:30,2025-11-14 10:50:00+05:30,2025-11-14 15:00:00+05:30,396.75,393.2142857142857,403.11428571428564,0.45,EOD+
S1399,ITC,2025-11-14 11:45:00+05:30,0.0453,0.017,11,10.0,0.0704,41.67,4.8824,0,0.9582,,0,0,1,0,1,0,1,2025-11-14 11:45:00+05:30,2025-11-14 11:50:00+05:30,2025-11-14 15:00:00+05:30,397.2,395.69107142857143,399.91607142857146,0.0,EOD-
S1400,ITC,2025-11-14 11:55:00+05:30,0.0617,0.0397,1,1.0,0.2818,42.86,-0.0625,0,0.6419,0.0,1,0,0,0,0,1,2,2025-11-14 12:00:00+05:30,2025-11-14 12:05:00+05:30,2025-11-14 15:00:00+05:30,397.15,395.7303571428571,399.70535714285717,2.5554,W
S1401,ITC,2025-11-14 12:10:00+05:30,0.0806,0.0617,0,,0.5,76.19,-0.8095,0,1.203,,0,0,1,0,1,0,1,2025-11-14 12:10:00+05:30,2025-11-14 12:15:00+05:30,2025-11-14 13:40:00+05:30,398.0,396.6875,400.3625,-1.3125,L
S1402,ITC,2025-11-14 12:20:00+05:30,0.095,0.0705,1,1.0,0.4318,26.67,0.8947,0,0.7376,,0,1,1,1,1,0,1,2025-11-14 12:20:00+05:30,2025-11-14 12:25:00+05:30,2025-11-14 13:50:00+05:30,397.7,396.325,400.175,-1.375,L
S1403,ITC,2025-11-14 12:40:00+05:30,0.0409,0.0962,3,3.0,0.0691,22.22,4.3333,0,1.5279,,0,1,0,1,1,0,1,2025-11-14 12:40:00+05:30,2025-11-14 12:45:00+05:30,2025-11-14 13:50:00+05:30,397.7,396.34285714285716,400.1428571428571,-1.3571,L
S1404,ITC,2025-11-14 12:50:00+05:30,0.0082,0.0654,0,,0.4236,75.0,-1.0,0,1.0512,0.0,4,0,1,1,0,4,5,2025-11-14 13:10:00+05:30,2025-11-14 13:15:00+05:30,2025-11-14 13:45:00+05:30,397.8,396.3982142857143,400.32321428571424,-1.4018,L
S1405,ITC,2025-11-14 13:20:00+05:30,-0.0063,-0.0101,1,1.0,0.4095,33.33,0.3953,0,1.363,,0,0,0,0,1,0,1,2025-11-14 13:20:00+05:30,2025-11-14 13:25:00+05:30,2025-11-14 13:50:00+05:30,397.6,396.2875000000001,399.9625,-1.3125,L
S1406,ITC,2025-11-14 13:40:00+05:30,0.005,0.0031,0,,2.1099,50.0,-0.8131,0,1.2736,1.0,9,0,0,0,0,9,10,2025-11-14 14:25:00+05:30,2025-11-14 14:30:00+05:30,2025-11-14 15:00:00+05:30,397.4,396.13214285714287,399.68214285714276,2.2821,W
S1407,ITC,2025-11-17 11:05:00+05:30,-0.1274,-0.0624,0,,3.4285,28.57,-0.9404,0,1.2732,1.0,9,0,0,0,0,9,10,2025-11-17 11:50:00+05:30,2025-11-17 11:55:00+05:30,2025-11-17 14:40:00+05:30,399.25,398.0267857142857,401.45178571428573,-1.2232,L
S1408,ITC,2025-11-17 12:00:00+05:30,-0.1322,-0.1628,1,1.0,0.3163,38.46,1.1277,0,0.8426,,0,0,0,1,1,0,1,2025-11-17 12:00:00+05:30,2025-11-17 12:05:00+05:30,2025-11-17 14:40:00+05:30,398.85,397.9214285714286,400.5214285714286,-0.9286,L
S1409,ITC,2025-11-17 12:15:00+05:30,-0.0759,-0.1322,1,1.0,0.0618,14.29,3.4444,0,0.9965,,0,0,1,1,1,0,1,2025-11-17 12:15:00+05:30,2025-11-17 12:20:00+05:30,2025-11-17 14:40:00+05:30,399.0,398.0892857142857,400.63928571428573,-0.9107,L
S1410,ITC,2025-11-17 12:25:00+05:30,-0.0201,-0.0928,1,1.0,0.2356,57.14,-0.4286,0,1.135,1.0,1,0,0,0,0,1,2,2025-11-17 12:30:00+05:30,2025-11-17 12:35:00+05:30,2025-11-17 14:40:00+05:30,398.85,397.9214285714286,400.5214285714286,-0.9286,L
S1411,ITC,2025-11-17 12:40:00+05:30,0.0056,-0.0201,0,,0.3794,28.57,0.0345,0,0.9787,,0,0,0,1,1,0,1,2025-11-17 12:40:00+05:30,2025-11-17 12:45:00+05:30,2025-11-17 14:40:00+05:30,398.8,397.84464285714284,400.51964285714286,-0.9554,L
S1412,ITC,2025-11-17 12:55:00+05:30,-0.0132,0.0056,0,,1.5643,22.22,-0.7665,0,2.5714,1.0,9,0,1,0,0,9,10,2025-11-17 13:40:00+05:30,2025-11-17 13:45:00+05:30,2025-11-17 14:40:00+05:30,398.85,397.8232142857143,400.6982142857143,-1.0268,L
S1413,ITC,2025-11-17 13:50:00+05:30,-0.0289,-0.0257,1,1.0,0.0392,30.0,4.7143,0,0.8082,,0,1,0,1,1,0,1,2025-11-17 13:50:00+05:30,2025-11-17 13:55:00+05:30,2025-11-17 15:00:00+05:30,398.65,397.5339285714286,400.65892857142853,-0.25,EOD-
S1414,ITC,2025-11-18 10:10:00+05:30,-0.0735,-0.0923,0,,1.5435,42.86,-0.9093,0,0.952,1.0,9,0,0,0,0,9,10,2025-11-18 10:55:00+05:30,2025-11-18 11:00:00+05:30,2025-11-18 15:00:00+05:30,397.1,395.31428571428575,400.3142857142857,0.5,EOD+
S1415,ITC,2025-11-18 11:05:00+05:30,-0.0768,-0.1442,1,1.0,0.1809,33.33,1.6087,0,0.3733,,0,1,1,1,1,0,1,2025-11-18 11:05:00+05:30,2025-11-18 11:10:00+05:30,2025-11-18 15:00:00+05:30,397.05,396.2553571428571,398.48035714285714,0.55,EOD+
S1416,ITC,2025-11-18 11:15:00+05:30,-0.0246,-0.097,1,1.0,0.6167,80.0,-0.4595,0,1.4483,1.0,6,1,0,1,0,6,7,2025-11-18 11:45:00+05:30,2025-11-18 11:50:00+05:30,2025-11-18 14:05:00+05:30,396.75,396.0,398.1,1.35,W
S1417,ITC,2025-11-18 11:55:00+05:30,-0.0202,-0.0347,0,,0.616,80.0,-0.7727,0,1.047,0.0,1,0,0,1,0,1,2,2025-11-18 12:00:00+05:30,2025-11-18 12:05:00+05:30,2025-11-18 14:05:00+05:30,396.75,395.8571428571429,398.35714285714283,1.6071,W
S1418,ITC,2025-11-18 12:10:00+05:30,-0.0032,-0.0202,0,,0.46,12.5,-0.1304,0,1.6148,1.0,4,0,0,0,0,4,5,2025-11-18 12:30:00+05:30,2025-11-18 12:35:00+05:30,2025-11-18 15:00:00+05:30,396.85,395.9125000000001,398.53749999999997,0.75,EOD+
S1419,ITC,2025-11-18 12:40:00+05:30,-0.0095,0.0044,0,,0.4228,14.29,-0.3443,0,1.0911,1.0,5,0,0,0,0,5,6,2025-11-18 13:05:00+05:30,2025-11-18 13:10:00+05:30,2025-11-18 14:05:00+05:30,396.75,395.8482142857143,398.37321428571425,1.6232,W
S1420,ITC,2025-11-18 14:25:00+05:30,0.0604,0.0636,15,4.0,0.0547,16.67,9.0,0,1.6864,,0,0,0,0,1,0,1,2025-11-18 14:25:00+05:30,2025-11-18 14:30:00+05:30,2025-11-18 15:00:00+05:30,397.3,396.15714285714284,399.3571428571429,0.3,EOD+
S1421,ITC,2025-11-19 11:30:00+05:30,-0.0759,-0.0695,0,,2.2256,0.0,-0.8387,0,0.8773,1.0,9,0,0,0,0,9,10,2025-11-19 12:15:00+05:30,2025-11-19 12:20:00+05:30,2025-11-19 13:50:00+05:30,394.9,394.2035714285714,396.1535714285714,1.2536,W
S1422,ITC,2025-11-19 12:25:00+05:30,-0.0291,-0.0595,0,,0.0086,66.67,-1.0,0,1.0918,,0,1,0,0,1,0,1,2025-11-19 12:25:00+05:30,2025-11-19 12:30:00+05:30,2025-11-19 15:00:00+05:30,395.0,394.27678571428567,396.30178571428576,0.35,EOD+
S1423,ITC,2025-11-20 09:15:00+05:30,,,0,,1.5288,61.76,-0.5604,0,1.0449,,0,0,1,0,1,0,1,2025-11-20 09:15:00+05:30,2025-11-20 09:20:00+05:30,2025-11-20 10:45:00+05:30,396.35,395.2339285714286,398.3589285714286,2.0089,W
S1424,ITC,2025-11-20 11:25:00+05:30,0.0666,0.1395,0,,1.5542,88.89,-1.0,0,0.6705,0.0,9,1,0,1,0,9,10,2025-11-20 12:10:00+05:30,2025-11-20 12:15:00+05:30,2025-11-20 12:40:00+05:30,398.0,396.94642857142856,399.89642857142854,-1.0536,L
S1425,ITC,2025-11-20 12:20:00+05:30,-0.0075,-0.0038,0,,0.1123,33.33,3.7059,0,0.8365,,0,0,0,1,1,0,1,2025-11-20 12:20:00+05:30,2025-11-20 12:25:00+05:30,2025-11-20 12:35:00+05:30,398.15,397.2035714285714,399.85357142857134,-0.9464,L
S1426,ITC,2025-11-20 12:40:00+05:30,-0.0673,-0.0182,0,,2.0039,33.33,-1.0,0,1.241,1.0,9,0,0,1,0,9,10,2025-11-20 13:25:00+05:30,2025-11-20 13:30:00+05:30,2025-11-20 14:35:00+05:30,397.45,396.5392857142857,399.08928571428567,-0.9107,L
S1427,ITC,2025-11-20 13:35:00+05:30,-0.0101,-0.0277,0,,0.2059,57.14,1.0,0,1.2086,,0,1,0,0,1,0,1,2025-11-20 13:35:00+05:30,2025-11-20 13:40:00+05:30,2025-11-20 14:25:00+05:30,397.65,396.7392857142857,399.28928571428565,-0.9107,L
S1428,ITC,2025-11-20 14:10:00+05:30,-0.005,0.0069,6,4.0,0.4421,12.5,0.1111,0,1.0789,,0,0,0,1,1,0,1,2025-11-20 14:10:00+05:30,2025-11-20 14:15:00+05:30,2025-11-20 15:00:00+05:30,397.4,396.3821428571428,399.23214285714283,-0.55,EOD-
S1429,ITC,2025-11-21 09:15:00+05:30,,,0,,1.1974,23.81,-0.6154,0,0.3053,0.0,1,0,0,0,0,1,2,2025-11-21 09:20:00+05:30,2025-11-21 09:25:00+05:30,2025-11-21 12:20:00+05:30,396.8,395.4428571428571,399.2428571428572,2.4429,W
S1430,ITC,2025-11-21 09:30:00+05:30,,,0,,0.3435,38.46,0.2658,0,0.3318,,0,1,1,1,1,0,1,2025-11-21 09:30:00+05:30,2025-11-21 09:35:00+05:30,2025-11-21 14:15:00+05:30,397.4,395.9625,399.98749999999995,2.5875,W
S1431,ITC,2025-11-21 09:45:00+05:30,-0.0044,,2,2.0,0.8954,71.43,-0.7619,0,0.1444,0.0,2,0,1,1,0,2,3,2025-11-21 09:55:00+05:30,2025-11-21 10:00:00+05:30,2025-11-21 15:00:00+05:30,397.2,395.44107142857143,400.3660714285714,2.3,EOD+
S1432,ITC,2025-11-21 10:05:00+05:30,0.0107,0.0094,0,,0.4444,0.0,-0.3333,0,0.6664,1.0,8,1,0,1,0,8,9,2025-11-21 10:45:00+05:30,2025-11-21 10:50:00+05:30,2025-11-21 15:00:00+05:30,397.35,395.6625,400.3875,2.15,EOD+
S1433,ITC,2025-11-21 13:25:00+05:30,0.0626,0.0833,31,7.0,0.3464,50.0,-0.1667,0,1.5604,1.0,1,1,1,0,0,1,2,2025-11-21 13:30:00+05:30,2025-11-21 13:35:00+05:30,2025-11-21 15:00:00+05:30,399.3,398.43392857142857,400.85892857142863,0.2,EOD+
S1434,ITC,2025-11-21 13:40:00+05:30,0.0664,0.0626,0,,0.24,14.29,1.7778,0,0.6116,,0,1,0,1,1,0,1,2025-11-21 13:40:00+05:30,2025-11-21 13:45:00+05:30,2025-11-21 15:00:00+05:30,399.55,398.61249999999995,401.23750000000007,-0.05,EOD-
S1435,ITC,2025-11-21 13:50:00+05:30,0.0651,0.067,1,1.0,0.0824,0.0,5.6667,0,0.7081,,0,0,0,1,1,0,1,2025-11-21 13:50:00+05:30,2025-11-21 13:55:00+05:30,2025-11-21 15:00:00+05:30,399.6,398.6892857142857,401.23928571428576,-0.1,EOD-
S1436,ITC,2025-11-21 14:00:00+05:30,0.0438,0.0682,0,,0.1902,20.0,1.4,0,0.827,,0,0,0,0,1,0,1,2025-11-21 14:00:00+05:30,2025-11-21 14:05:00+05:30,2025-11-21 15:00:00+05:30,399.6,398.7785714285714,401.0785714285715,-0.1,EOD-
S1437,ITC,2025-11-24 09:15:00+05:30,,,0,,2.7943,55.0,-0.5893,0,0.436,0.0,9,0,0,0,0,9,10,2025-11-24 10:00:00+05:30,2025-11-24 10:05:00+05:30,2025-11-24 10:25:00+05:30,399.25,398.1607142857143,401.21071428571435,-1.0893,L
S1438,ITC,2025-11-24 12:55:00+05:30,-0.0957,-0.1001,0,,1.4757,66.67,-0.8291,0,1.5126,1.0,9,0,1,0,0,9,10,2025-11-24 13:40:00+05:30,2025-11-24 13:45:00+05:30,2025-11-24 15:00:00+05:30,396.8,395.80892857142857,398.5839285714286,-0.45,EOD-
S1439,ITC,2025-11-24 13:50:00+05:30,0.0069,-0.0164,0,,0.0785,37.5,0.6667,0,1.0986,,0,0,1,1,1,0,1,2025-11-24 13:50:00+05:30,2025-11-24 13:55:00+05:30,2025-11-24 15:00:00+05:30,396.9,395.9446428571428,398.6196428571428,-0.9554,L
S1440,ITC,2025-11-24 14:10:00+05:30,-0.0025,0.0038,3,3.0,0.217,22.22,0.2903,0,4.4115,,0,0,0,0,1,0,1,2025-11-24 14:10:00+05:30,2025-11-24 14:15:00+05:30,2025-11-24 15:00:00+05:30,396.7,395.8071428571428,398.3071428571428,-0.35,EOD-
S1441,ITC,2025-11-24 14:20:00+05:30,-0.0025,-0.0019,0,,0.4989,0.0,-0.403,0,0.5905,0.0,2,0,1,1,0,2,3,2025-11-24 14:30:00+05:30,2025-11-24 14:35:00+05:30,2025-11-24 15:00:00+05:30,396.8,395.9607142857143,398.31071428571425,-0.8393,L
S1442,ITC,2025-11-25 09:15:00+05:30,,,0,,2.6371,33.33,-0.8998,0,0.1098,0.0,8,1,0,0,0,8,9,2025-11-25 09:55:00+05:30,2025-11-25 10:00:00+05:30,2025-11-25 14:50:00+05:30,395.2,393.78035714285716,397.7553571428571,-1.4196,L
S1443,ITC,2025-11-25 11:10:00+05:30,0.0133,0.0209,0,,1.4992,28.57,-0.6887,0,0.8962,1.0,9,0,1,1,0,9,10,2025-11-25 11:55:00+05:30,2025-11-25 12:00:00+05:30,2025-11-25 14:30:00+05:30,395.3,394.22857142857146,397.2285714285714,-1.0714,L
S1444,ITC,2025-11-25 12:10:00+05:30,-0.0449,-0.0373,2,2.0,0.4667,0.0,0.8605,0,2.7436,,0,0,0,0,1,0,1,2025-11-25 12:10:00+05:30,2025-11-25 12:15:00+05:30,2025-11-25 14:45:00+05:30,395.15,393.99821428571425,397.2232142857142,-1.1518,L
S1445,ITC,2025-11-25 12:20:00+05:30,-0.043,-0.0449,0,,0.2171,71.43,0.0,0,1.3646,0.0,1,0,0,0,0,1,2,2025-11-25 12:25:00+05:30,2025-11-25 12:30:00+05:30,2025-11-25 14:45:00+05:30,395.15,393.99821428571425,397.2232142857142,-1.1518,L
S1446,ITC,2025-11-25 12:35:00+05:30,-0.0253,-0.043,0,,0.1492,25.0,1.3077,0,0.7347,,0,1,0,0,1,0,1,2025-11-25 12:35:00+05:30,2025-11-25 12:40:00+05:30,2025-11-25 14:45:00+05:30,395.0,393.91071428571433,396.96071428571423,-1.0893,L
S1447,ITC,2025-11-25 12:45:00+05:30,-0.0019,-0.0342,0,,0.1008,20.0,3.7059,0,1.1002,,0,1,0,0,1,0,1,2025-11-25 12:45:00+05:30,2025-11-25 12:50:00+05:30,2025-11-25 14:35:00+05:30,395.15,394.0964285714286,397.0464285714285,-1.0536,L
S1448,ITC,2025-11-25 13:00:00+05:30,0.0329,-0.0019,2,2.0,0.1068,66.67,1.2222,0,0.6632,,0,1,0,1,1,0,1,2025-11-25 13:00:00+05:30,2025-11-25 13:05:00+05:30,2025-11-25 14:45:00+05:30,395.05,393.9964285714286,396.94642857142856,-1.0536,L
S1449,ITC,2025-11-25 13:20:00+05:30,0.0392,0.0418,3,3.0,0.3009,16.67,0.3043,0,0.8686,,0,1,0,1,1,0,1,2025-11-25 13:20:00+05:30,2025-11-25 13:25:00+05:30,2025-11-25 14:35:00+05:30,395.05,394.0946428571429,396.7696428571428,-0.9554,L
S1450,ITC,2025-11-25 13:30:00+05:30,0.0348,0.0405,0,,0.1973,12.5,2.871,0,0.8174,,0,0,0,1,1,0,1,2025-11-25 13:30:00+05:30,2025-11-25 13:35:00+05:30,2025-11-25 14:25:00+05:30,395.45,394.46785714285716,397.2178571428571,-0.9821,L
S1451,ITC,2025-11-25 13:40:00+05:30,0.0215,0.0386,0,,0.8125,58.33,-0.5385,0,0.7724,0.0,1,0,0,0,0,1,2,2025-11-25 13:45:00+05:30,2025-11-25 13:50:00+05:30,2025-11-25 14:25:00+05:30,395.3,394.3,397.09999999999997,-1.0,L
S1452,ITC,2025-11-25 13:55:00+05:30,-0.0051,0.0215,0,,0.9588,0.0,-0.6319,0,1.1169,0.0,1,0,0,0,0,1,2,2025-11-25 14:00:00+05:30,2025-11-25 14:05:00+05:30,2025-11-25 14:30:00+05:30,395.25,394.1875,397.16249999999997,-1.0625,L
S1453,ITC,2025-11-25 14:10:00+05:30,-0.0013,-0.0051,0,,0.6585,20.0,-0.4595,0,2.9251,1.0,1,0,0,0,0,1,2,2025-11-25 14:15:00+05:30,2025-11-25 14:20:00+05:30,2025-11-25 14:35:00+05:30,395.2,394.1464285714286,397.09642857142853,-1.0536,L
S1454,ITC,2025-11-26 09:15:00+05:30,,,0,,1.397,40.68,-0.9575,0,1.8095,,0,1,1,0,1,0,1,2025-11-26 09:15:00+05:30,2025-11-26 09:20:00+05:30,2025-11-26 15:00:00+05:30,394.0,391.8928571428571,397.79285714285714,0.15,EOD+
S1455,ITC,2025-11-26 10:40:00+05:30,0.1065,0.066,15,10.0,0.1462,12.5,2.1579,0,0.5685,,0,0,0,1,1,0,1,2025-11-26 10:40:00+05:30,2025-11-26 10:45:00+05:30,2025-11-26 15:00:00+05:30,394.4,393.5875,395.86249999999995,-0.25,EOD-
S1456,ITC,2025-11-26 10:50:00+05:30,0.1248,0.0977,0,,0.5398,0.0,-0.6875,0,2.2709,1.0,9,0,0,0,0,9,10,2025-11-26 11:35:00+05:30,2025-11-26 11:40:00+05:30,2025-11-26 13:50:00+05:30,394.55,393.8089285714286,395.8839285714285,-0.7411,L
S1457,ITC,2025-11-26 11:45:00+05:30,-0.0279,-0.0114,0,,0.98,66.67,-0.619,0,2.297,1.0,2,0,0,0,0,2,3,2025-11-26 11:55:00+05:30,2025-11-26 12:00:00+05:30,2025-11-26 13:50:00+05:30,394.5,393.83035714285717,395.70535714285717,-0.6696,L
S1458,ITC,2025-11-26 12:05:00+05:30,-0.0184,-0.0298,0,,0.3964,85.71,-0.5745,0,1.4278,,0,1,0,1,1,0,1,2025-11-26 12:05:00+05:30,2025-11-26 12:10:00+05:30,2025-11-26 13:45:00+05:30,394.6,393.8589285714286,395.9339285714286,-0.7411,L
S1459,ITC,2025-11-26 12:20:00+05:30,0.0076,-0.0184,1,1.0,0.2935,80.0,-0.4872,0,2.0377,1.0,5,0,0,0,0,5,6,2025-11-26 12:45:00+05:30,2025-11-26 12:50:00+05:30,2025-11-26 15:00:00+05:30,394.55,393.71964285714284,396.0446428571429,-0.4,EOD-
S1460,ITC,2025-11-26 12:55:00+05:30,-0.0032,-0.0038,0,,0.6731,66.67,-0.4667,0,1.3266,,0,1,0,1,1,0,1,2025-11-26 12:55:00+05:30,2025-11-26 13:00:00+05:30,2025-11-26 13:45:00+05:30,394.55,393.85357142857146,395.8035714285714,-0.6964,L
S1461,ITC,2025-11-26 13:05:00+05:30,0.0089,-0.0044,1,1.0,0.4308,62.5,0.25,0,0.7489,,0,1,1,1,1,0,1,2025-11-26 13:05:00+05:30,2025-11-26 13:10:00+05:30,2025-11-26 13:45:00+05:30,394.65,393.9535714285714,395.90357142857135,-0.6964,L
S1462,ITC,2025-11-26 13:20:00+05:30,0.019,0.0089,1,1.0,0.4145,70.0,-0.1111,0,1.0218,0.0,2,0,0,0,0,2,3,2025-11-26 13:30:00+05:30,2025-11-26 13:35:00+05:30,2025-11-26 13:45:00+05:30,394.75,394.0714285714286,395.97142857142853,-0.6786,L
S1463,ITC,2025-11-26 13:40:00+05:30,0.007,0.0146,1,1.0,1.3022,91.67,-1.0,0,1.6923,1.0,5,0,0,0,0,5,6,2025-11-26 14:05:00+05:30,2025-11-26 14:10:00+05:30,2025-11-26 15:00:00+05:30,394.5,393.6696428571429,395.99464285714276,-0.35,EOD-
S1464,ITC,2025-11-27 09:15:00+05:30,,,0,,0.834,5.88,2.2143,0,0.7204,,0,0,0,0,1,0,1,2025-11-27 09:15:00+05:30,2025-11-27 09:20:00+05:30,2025-11-27 10:30:00+05:30,395.3,394.0410714285714,397.5660714285715,-1.2589,L
S1465,ITC,2025-11-27 09:40:00+05:30,0.0349,,4,4.0,0.2165,23.08,1.3256,0,0.5527,,0,0,0,0,1,0,1,2025-11-27 09:40:00+05:30,2025-11-27 09:45:00+05:30,2025-11-27 15:00:00+05:30,394.45,393.20892857142854,396.68392857142857,0.45,EOD+
S1466,ITC,2025-11-27 09:50:00+05:30,0.0222,,0,,0.3777,20.0,-0.2,0,0.3609,,0,1,1,0,1,0,1,2025-11-27 09:50:00+05:30,2025-11-27 09:55:00+05:30,2025-11-27 15:00:00+05:30,394.55,393.30892857142857,396.7839285714286,0.35,EOD+
S1467,ITC,2025-11-27 10:00:00+05:30,0.0196,0.0241,0,,0.0457,0.0,7.8889,0,0.2885,,0,0,0,1,1,0,1,2025-11-27 10:00:00+05:30,2025-11-27 10:05:00+05:30,2025-11-27 15:00:00+05:30,394.65,393.4178571428571,396.86785714285713,0.25,EOD+
S1468,ITC,2025-11-27 10:20:00+05:30,0.019,0.0209,0,,0.3823,16.67,-0.4366,0,2.5102,1.0,9,0,0,0,0,9,10,2025-11-27 11:05:00+05:30,2025-11-27 11:10:00+05:30,2025-11-27 15:00:00+05:30,394.85,393.68928571428575,396.9392857142857,0.05,EOD+
S1469,ITC,2025-11-27 11:45:00+05:30,0.0133,0.0127,7,6.0,0.8144,50.0,-0.1736,0,0.8663,0.0,1,0,0,1,0,1,2,2025-11-27 11:50:00+05:30,2025-11-27 11:55:00+05:30,2025-11-27 15:00:00+05:30,394.6,393.6714285714286,396.2714285714286,0.3,EOD+
S1470,ITC,2025-11-27 12:00:00+05:30,0.0038,0.0133,0,,0.8123,0.0,-0.5122,0,1.8465,1.0,2,0,0,0,0,2,3,2025-11-27 12:10:00+05:30,2025-11-27 12:15:00+05:30,2025-11-27 13:15:00+05:30,394.85,393.90357142857147,396.55357142857144,-0.9464,L
S1471,ITC,2025-11-27 12:20:00+05:30,0.0158,-0.0006,0,,0.5769,22.22,0.1236,0,1.4952,,0,0,1,0,1,0,1,2025-11-27 12:20:00+05:30,2025-11-27 12:25:00+05:30,2025-11-27 15:00:00+05:30,394.7,393.73571428571427,396.43571428571425,0.2,EOD+
S1472,ITC,2025-11-27 12:30:00+05:30,0.0215,0.0108,0,,0.7528,83.33,-0.8246,0,1.0435,1.0,2,1,0,1,0,2,3,2025-11-27 12:40:00+05:30,2025-11-27 12:45:00+05:30,2025-11-27 15:00:00+05:30,394.8,393.85357142857146,396.50357142857143,0.1,EOD+
S1473,ITC,2025-11-27 13:05:00+05:30,-0.0051,0.007,4,3.0,0.6714,87.5,-0.7872,0,1.7898,1.0,9,0,1,0,0,9,10,2025-11-27 13:50:00+05:30,2025-11-27 13:55:00+05:30,2025-11-27 15:00:00+05:30,394.7,393.825,396.275,0.2,EOD+
S1474,ITC,2025-11-27 14:00:00+05:30,-0.0184,-0.0222,0,,0.508,50.0,-0.5122,0,0.9062,1.0,1,0,0,1,0,1,2,2025-11-27 14:05:00+05:30,2025-11-27 14:10:00+05:30,2025-11-27 15:00:00+05:30,394.65,393.64107142857137,396.46607142857147,0.25,EOD+
S1475,ITC,2025-11-27 14:15:00+05:30,-0.0076,-0.0184,0,,0.3316,20.0,-0.6825,0,3.3789,1.0,1,0,0,0,0,1,2,2025-11-27 14:20:00+05:30,2025-11-27 14:25:00+05:30,2025-11-27 15:00:00+05:30,394.75,393.5625,396.88750000000005,0.15,EOD+
S1476,ITC,2025-11-28 09:25:00+05:30,,,2,2.0,0.448,45.45,-0.0625,0,0.1741,0.0,3,0,0,0,0,3,4,2025-11-28 09:40:00+05:30,2025-11-28 09:45:00+05:30,2025-11-28 15:00:00+05:30,395.15,393.3642857142857,398.3642857142857,0.1,EOD+
S1477,ITC,2025-11-28 09:55:00+05:30,0.0266,0.0348,0,,0.4062,14.29,-0.2857,0,0.7896,1.0,9,0,0,1,0,9,10,2025-11-28 10:40:00+05:30,2025-11-28 10:45:00+05:30,2025-11-28 15:00:00+05:30,395.2,393.47678571428565,398.30178571428576,0.05,EOD+
S1478,ITC,2025-11-28 10:50:00+05:30,-0.0456,-0.0253,0,,0.6257,27.27,0.5842,0,1.5997,,0,0,0,0,1,0,1,2025-11-28 10:50:00+05:30,2025-11-28 10:55:00+05:30,2025-11-28 15:00:00+05:30,395.3,394.29107142857146,397.11607142857144,-0.05,EOD-
S1479,ITC,2025-11-28 11:00:00+05:30,-0.0525,-0.0399,0,,0.7188,66.67,-0.6522,0,0.6783,0.0,5,0,0,0,0,5,6,2025-11-28 11:25:00+05:30,2025-11-28 11:30:00+05:30,2025-11-28 15:00:00+05:30,395.0,394.0,396.8,0.25,EOD+
S1480,ITC,2025-11-28 11:35:00+05:30,-0.0032,-0.0114,0,,0.5271,10.0,-0.0625,0,1.74,,0,1,0,0,1,0,1,2025-11-28 11:35:00+05:30,2025-11-28 11:40:00+05:30,2025-11-28 15:00:00+05:30,394.95,394.1910714285714,396.3160714285715,0.3,EOD+
S1481,ITC,2025-11-28 11:50:00+05:30,0.0089,-0.0032,1,1.0,0.0223,57.14,12.3333,0,3.3258,,0,1,0,0,1,0,1,2025-11-28 11:50:00+05:30,2025-11-28 11:55:00+05:30,2025-11-28 14:15:00+05:30,395.45,394.61071428571427,396.9607142857143,-0.8393,L
S1482,ITC,2025-11-28 12:15:00+05:30,0.05,0.0399,4,4.0,0.0139,90.91,9.0,0,2.205,,0,0,0,0,1,0,1,2025-11-28 12:15:00+05:30,2025-11-28 12:20:00+05:30,2025-11-28 15:00:00+05:30,395.2,394.29821428571427,396.8232142857143,0.05,EOD+
S1483,ITC,2025-11-28 12:25:00+05:30,0.0158,0.0576,0,,0.9944,75.0,-0.8684,0,3.5037,1.0,3,0,0,0,0,3,4,2025-11-28 12:40:00+05:30,2025-11-28 12:45:00+05:30,2025-11-28 14:15:00+05:30,395.4,394.44464285714287,397.1196428571428,-0.9554,L
S1484,ITC,2025-11-28 13:00:00+05:30,0.0367,0.0057,3,3.0,0.1351,40.0,1.7273,0,0.9324,,0,1,0,0,1,0,1,2025-11-28 13:00:00+05:30,2025-11-28 13:05:00+05:30,2025-11-28 14:15:00+05:30,395.55,394.53214285714284,397.38214285714287,-1.0179,L
S1485,ITC,2025-11-28 13:10:00+05:30,0.0392,0.0291,0,,0.0479,62.5,6.5,0,0.3761,,0,0,0,1,1,0,1,2025-11-28 13:10:00+05:30,2025-11-28 13:15:00+05:30,2025-11-28 14:15:00+05:30,395.7,394.65535714285716,397.5803571428571,-1.0446,L
S1486,ITC,2025-11-28 13:45:00+05:30,-0.0063,0.0367,0,,1.1645,28.57,-0.7814,0,1.0423,1.0,9,0,0,1,0,9,10,2025-11-28 14:30:00+05:30,2025-11-28 14:35:00+05:30,2025-11-28 15:00:00+05:30,395.45,394.46785714285716,397.21785714285716,-0.2,EOD-
S1487,ITC,2025-12-01 09:15:00+05:30,,,0,,5.7,87.91,-0.9098,0,1.0458,0.0,9,0,1,0,0,9,10,2025-12-01 10:00:00+05:30,2025-12-01 10:05:00+05:30,2025-12-01 15:00:00+05:30,394.0,391.8125,397.9375,1.6,EOD+
S1488,ITC,2025-12-01 10:10:00+05:30,-0.1168,-0.1631,0,,0.4281,72.73,-0.7425,0,0.4344,1.0,2,1,0,0,0,2,3,2025-12-01 10:20:00+05:30,2025-12-01 10:25:00+05:30,2025-12-01 15:00:00+05:30,393.65,390.24821428571425,399.7732142857143,1.95,EOD+
S1489,ITC,2025-12-01 10:30:00+05:30,-0.129,-0.1156,0,,0.2599,41.67,0.1364,0,0.5917,,0,0,0,0,1,0,1,2025-12-01 10:30:00+05:30,2025-12-01 10:35:00+05:30,2025-12-01 15:00:00+05:30,393.4,391.28392857142853,397.2089285714286,2.2,EOD+
S1490,ITC,2025-12-01 10:45:00+05:30,-0.1431,-0.129,1,1.0,0.1031,37.5,5.0606,0,0.4262,,0,1,0,0,1,0,1,2025-12-01 10:45:00+05:30,2025-12-01 10:50:00+05:30,2025-12-01 12:00:00+05:30,393.45,391.44999999999993,397.05000000000007,3.6,W
S1491,ITC,2025-12-01 11:05:00+05:30,0.0337,-0.1489,3,2.0,0.0492,94.29,-1.0,0,1.8187,,0,1,0,0,1,0,1,2025-12-01 11:05:00+05:30,2025-12-01 11:10:00+05:30,2025-12-01 15:00:00+05:30,394.85,393.1982142857143,397.82321428571436,0.75,EOD+
S1492,ITC,2025-12-01 12:10:00+05:30,0.1791,0.1495,12,2.0,0.1337,8.7,7.2353,0,2.1784,,0,1,0,0,1,0,1,2025-12-01 12:10:00+05:30,2025-12-01 12:15:00+05:30,2025-12-01 15:00:00+05:30,395.95,393.56607142857143,400.2410714285714,-0.35,EOD-
S1493,ITC,2025-12-01 12:40:00+05:30,0.1705,0.172,5,3.0,0.0065,14.29,59.0,0,0.2766,,0,0,0,1,1,0,1,2025-12-01 12:40:00+05:30,2025-12-01 12:45:00+05:30,2025-12-01 15:00:00+05:30,396.2,394.27142857142854,399.6714285714286,-0.6,EOD-
S1494,ITC,2025-12-01 12:50:00+05:30,0.1238,0.1737,0,,0.0037,80.0,19.0,0,0.3354,,0,0,0,0,1,0,1,2025-12-01 12:50:00+05:30,2025-12-01 12:55:00+05:30,2025-12-01 15:00:00+05:30,396.15,394.47142857142853,399.1714285714286,-0.55,EOD-
S1495,ITC,2025-12-01 13:00:00+05:30,0.089,0.1503,0,,0.5454,37.5,-0.2126,0,1.7963,1.0,2,0,0,0,0,2,3,2025-12-01 13:10:00+05:30,2025-12-01 13:15:00+05:30,2025-12-01 14:15:00+05:30,396.8,395.34464285714284,399.4196428571429,-1.4554,L
S1496,ITC,2025-12-01 13:20:00+05:30,0.0486,0.0663,0,,0.2351,25.0,0.3636,0,0.407,,0,1,0,0,1,0,1,2025-12-01 13:20:00+05:30,2025-12-01 13:25:00+05:30,2025-12-01 14:20:00+05:30,396.25,395.08035714285717,398.35535714285714,-1.1696,L
S1497,ITC,2025-12-01 13:30:00+05:30,0.036,0.0505,0,,0.393,42.86,-0.6875,0,0.5811,1.0,1,0,0,1,0,1,2,2025-12-01 13:35:00+05:30,2025-12-01 13:40:00+05:30,2025-12-01 14:15:00+05:30,396.35,395.33214285714286,398.1821428571429,-1.0179,L
S1498,ITC,2025-12-01 13:45:00+05:30,0.0095,0.036,0,,0.4982,12.5,0.519,0,0.4452,,0,1,1,1,1,0,1,2025-12-01 13:45:00+05:30,2025-12-01 13:50:00+05:30,2025-12-01 14:10:00+05:30,396.5,395.5089285714286,398.28392857142853,-0.9911,L
S1499,ITC,2025-12-01 13:55:00+05:30,0.0025,0.0196,1,1.0,0.0519,55.56,1.5,0,0.7946,,0,1,1,1,1,0,1,2025-12-01 13:55:00+05:30,2025-12-01 14:00:00+05:30,2025-12-01 14:15:00+05:30,396.4,395.43571428571425,398.13571428571424,-0.9643,L
S1500,ITC,2025-12-01 14:05:00+05:30,0.0164,0.0038,0,,0.2094,64.29,1.6316,0,2.3348,,0,0,0,0,1,0,1,2025-12-01 14:05:00+05:30,2025-12-01 14:10:00+05:30,2025-12-01 14:15:00+05:30,396.45,395.31607142857143,398.4910714285714,-1.1339,L
S1501,ITC,2025-12-02 09:15:00+05:30,,,0,,0.2894,69.7,1.1622,0,1.2253,,0,0,0,0,1,0,1,2025-12-02 09:15:00+05:30,2025-12-02 09:20:00+05:30,2025-12-02 09:30:00+05:30,396.95,395.3517857142857,399.8267857142857,-1.5982,L
S1502,ITC,2025-12-02 09:30:00+05:30,,,2,2.0,0.4495,66.67,-0.2857,0,0.198,0.0,1,0,0,1,0,1,2,2025-12-02 09:35:00+05:30,2025-12-02 09:40:00+05:30,2025-12-02 10:20:00+05:30,395.9,393.9535714285714,399.4035714285714,-1.9464,L
S1503,ITC,2025-12-02 11:30:00+05:30,-0.1105,-0.1834,0,,0.5592,14.29,-0.4245,0,0.8228,1.0,9,1,0,1,0,9,10,2025-12-02 12:15:00+05:30,2025-12-02 12:20:00+05:30,2025-12-02 15:00:00+05:30,393.45,391.89642857142854,396.24642857142857,-0.9,EOD-
S1504,ITC,2025-12-02 12:35:00+05:30,0.0108,-0.0076,0,,0.8448,37.5,-0.8571,0,1.7711,1.0,9,0,0,1,0,9,10,2025-12-02 13:20:00+05:30,2025-12-02 13:25:00+05:30,2025-12-02 15:00:00+05:30,393.2,392.16428571428565,395.06428571428575,-0.65,EOD-
S1505,ITC,2025-12-02 13:30:00+05:30,-0.0286,-0.0439,0,,0.2609,33.33,0.4634,0,1.3661,,0,1,1,0,1,0,1,2025-12-02 13:30:00+05:30,2025-12-02 13:35:00+05:30,2025-12-02 14:40:00+05:30,393.4,392.41785714285714,395.16785714285703,-0.9821,L
S1506,ITC,2025-12-02 14:15:00+05:30,0.0203,0.0292,8,4.0,0.7269,22.22,0.2963,0,1.4058,,0,0,0,0,1,0,1,2025-12-02 14:15:00+05:30,2025-12-02 14:20:00+05:30,2025-12-02 14:40:00+05:30,393.4,392.4714285714286,395.0714285714285,-0.9286,L
S1507,ITC,2025-12-03 09:25:00+05:30,,,0,,2.9877,69.57,-0.8168,0,0.6908,0.0,9,1,1,0,0,9,10,2025-12-03 10:10:00+05:30,2025-12-03 10:15:00+05:30,2025-12-03 15:00:00+05:30,392.3,390.7017857142858,395.17678571428564,-0.45,EOD-
S1508,ITC,2025-12-03 10:35:00+05:30,-0.0211,-0.0376,4,2.0,0.5496,80.0,-1.0,0,0.4168,0.0,2,1,0,1,0,2,3,2025-12-03 10:45:00+05:30,2025-12-03 10:50:00+05:30,2025-12-03 15:00:00+05:30,392.0,390.7946428571429,394.16964285714283,-0.15,EOD-
S1509,ITC,2025-12-03 11:10:00+05:30,0.0274,-0.0428,4,3.0,0.1474,66.67,1.1429,0,2.0037,,0,1,0,0,1,0,1,2025-12-03 11:10:00+05:30,2025-12-03 11:15:00+05:30,2025-12-03 15:00:00+05:30,392.4,391.2125,394.53749999999997,-0.55,EOD-
S1510,ITC,2025-12-03 13:20:00+05:30,-0.0765,-0.0573,0,,1.9895,75.0,-0.9383,0,3.2127,1.0,9,1,0,0,0,9,10,2025-12-03 14:05:00+05:30,2025-12-03 14:10:00+05:30,2025-12-03 15:00:00+05:30,391.8,390.7821428571429,393.63214285714287,0.05,EOD+
S1511,ITC,2025-12-03 14:25:00+05:30,-0.0006,-0.0689,2,1.0,0.1155,77.78,1.5,0,3.0464,,0,1,0,0,1,0,1,2025-12-03 14:25:00+05:30,2025-12-03 14:30:00+05:30,2025-12-03 15:00:00+05:30,391.8,390.9339285714286,393.3589285714286,0.05,EOD+
S1512,ITC,2025-12-04 09:15:00+05:30,,,0,,2.5024,13.79,-0.2511,0,0.3973,0.0,1,1,0,0,0,1,2,2025-12-04 09:20:00+05:30,2025-12-04 09:25:00+05:30,2025-12-04 10:35:00+05:30,392.15,391.0160714285714,394.1910714285714,2.0411,W
S1513,ITC,2025-12-04 11:45:00+05:30,0.0894,0.1155,27,8.0,0.6585,8.33,0.982,0,2.4024,,0,0,0,0,1,0,1,2025-12-04 11:45:00+05:30,2025-12-04 11:50:00+05:30,2025-12-04 12:20:00+05:30,394.55,393.4964285714286,396.44642857142856,-1.0536,L
S1514,ITC,2025-12-04 12:10:00+05:30,0.0545,0.0767,0,,1.9129,41.18,-0.5584,0,0.3977,0.0,9,0,0,1,0,9,10,2025-12-04 12:55:00+05:30,2025-12-04 13:00:00+05:30,2025-12-04 13:15:00+05:30,394.1,393.06428571428575,395.9642857142857,-1.0357,L
S1515,ITC,2025-12-04 13:05:00+05:30,-0.0717,-0.0704,0,,1.2108,87.5,-0.9219,0,3.5406,1.0,3,0,0,0,0,3,4,2025-12-04 13:20:00+05:30,2025-12-04 13:25:00+05:30,2025-12-04 15:00:00+05:30,393.95,392.62857142857143,396.3285714285714,0.05,EOD+
S1516,ITC,2025-12-04 13:30:00+05:30,-0.0578,-0.0711,0,,0.3273,50.0,-0.0769,0,0.6247,,0,0,0,1,1,0,1,2025-12-04 13:30:00+05:30,2025-12-04 13:35:00+05:30,2025-12-04 15:00:00+05:30,393.9,392.65892857142853,396.13392857142856,0.1,EOD+
S1517,ITC,2025-12-04 13:40:00+05:30,-0.0457,-0.0724,0,,0.56,66.67,-0.6429,0,1.4079,1.0,5,0,0,0,0,5,6,2025-12-04 14:05:00+05:30,2025-12-04 14:10:00+05:30,2025-12-04 15:00:00+05:30,393.65,392.4,395.8999999999999,0.35,EOD+
S1518,ITC,2025-12-04 14:15:00+05:30,-0.0083,-0.0572,0,,0.4992,12.5,-0.7826,0,0.6147,1.0,2,0,0,0,0,2,3,2025-12-04 14:25:00+05:30,2025-12-04 14:30:00+05:30,2025-12-04 15:00:00+05:30,393.5,392.34821428571433,395.5732142857142,0.5,EOD+
S1519,ITC,2025-12-05 09:15:00+05:30,,,0,,0.3662,17.24,5.1765,0,0.6028,,0,1,1,0,1,0,1,2025-12-05 09:15:00+05:30,2025-12-05 09:20:00+05:30,2025-12-05 09:55:00+05:30,395.1,393.93928571428575,397.18928571428575,-1.1607,L
S1520,ITC,2025-12-05 09:50:00+05:30,0.0951,,6,6.0,0.3245,76.92,-0.7143,0,0.2347,0.0,3,0,0,1,0,3,4,2025-12-05 10:05:00+05:30,2025-12-05 10:10:00+05:30,2025-12-05 15:00:00+05:30,394.9,393.5517857142857,397.3267857142857,1.65,EOD+
S1521,ITC,2025-12-05 10:15:00+05:30,0.0766,0.0773,0,,0.3769,75.0,-0.3407,0,0.4133,,0,1,0,0,1,0,1,2025-12-05 10:15:00+05:30,2025-12-05 10:20:00+05:30,2025-12-05 15:00:00+05:30,395.2,393.69107142857143,397.91607142857134,1.35,EOD+
S1522,ITC,2025-12-05 10:30:00+05:30,0.0709,0.0766,2,1.0,0.1213,18.18,5.1538,0,0.5764,,0,0,0,0,1,0,1,2025-12-05 10:30:00+05:30,2025-12-05 10:35:00+05:30,2025-12-05 15:00:00+05:30,395.3,393.96071428571435,397.71071428571423,1.25,EOD+
S1523,ITC,2025-12-05 10:40:00+05:30,0.0468,0.081,1,1.0,0.0236,33.33,19.0,0,0.3934,,0,0,0,1,1,0,1,2025-12-05 10:40:00+05:30,2025-12-05 10:45:00+05:30,2025-12-05 15:00:00+05:30,395.3,393.9785714285715,397.67857142857133,1.25,EOD+
S1524,ITC,2025-12-05 10:50:00+05:30,0.0215,0.0589,0,,0.3354,40.0,-0.1304,0,0.6142,1.0,2,0,0,0,0,2,3,2025-12-05 11:00:00+05:30,2025-12-05 11:05:00+05:30,2025-12-05 15:00:00+05:30,395.05,393.7642857142858,397.36428571428564,1.5,EOD+
S1525,ITC,2025-12-05 11:10:00+05:30,-0.0063,0.0139,0,,0.6018,12.5,0.2245,0,1.9937,,0,0,0,0,1,0,1,2025-12-05 11:10:00+05:30,2025-12-05 11:15:00+05:30,2025-12-05 14:20:00+05:30,395.1,394.0821428571429,396.9321428571428,1.8321,W
S1526,ITC,2025-12-05 11:20:00+05:30,-0.0095,-0.0038,0,,0.5711,50.0,-0.5699,0,1.2381,1.0,4,0,0,1,0,4,5,2025-12-05 11:40:00+05:30,2025-12-05 11:45:00+05:30,2025-12-05 14:20:00+05:30,395.1,394.0821428571429,396.9321428571428,1.8321,W
S1527,ITC,2025-12-05 11:50:00+05:30,0.0285,0.0108,0,,0.7074,60.0,-0.375,0,0.9601,,0,0,0,0,1,0,1,2025-12-05 11:50:00+05:30,2025-12-05 11:55:00+05:30,2025-12-05 14:10:00+05:30,395.3,394.45178571428573,396.82678571428573,1.5268,W
S1528,ITC,2025-12-05 12:00:00+05:30,0.0089,0.0202,0,,0.6699,33.33,-0.1011,0,0.3916,,0,1,0,1,1,0,1,2025-12-05 12:00:00+05:30,2025-12-05 12:05:00+05:30,2025-12-05 13:55:00+05:30,395.15,394.3196428571428,396.64464285714286,1.4946,W
S1529,ITC,2025-12-05 12:45:00+05:30,0.0544,0.0449,7,3.0,0.2094,76.47,0.1429,0,1.6017,,0,0,0,1,1,0,1,2025-12-05 12:45:00+05:30,2025-12-05 12:50:00+05:30,2025-12-05 15:00:00+05:30,395.4,394.35535714285714,397.2803571428571,1.15,EOD+
S1530,ITC,2025-12-05 12:55:00+05:30,0.0386,0.0563,0,,0.5357,33.33,-0.0909,0,1.4588,1.0,1,1,0,0,0,1,2,2025-12-05 13:00:00+05:30,2025-12-05 13:05:00+05:30,2025-12-05 15:00:00+05:30,395.6,394.57321428571436,397.44821428571424,0.95,EOD+
S1531,ITC,2025-12-05 13:15:00+05:30,0.0525,0.0354,2,2.0,0.0275,20.0,14.0,0,0.9225,,0,0,0,1,1,0,1,2025-12-05 13:15:00+05:30,2025-12-05 13:20:00+05:30,2025-12-05 15:00:00+05:30,395.8,394.88928571428573,397.4392857142857,0.75,EOD+
S1532,ITC,2025-12-05 13:25:00+05:30,0.0543,0.0442,0,,1.0439,63.64,-0.5294,0,1.1526,,0,0,0,0,1,0,1,2025-12-05 13:25:00+05:30,2025-12-05 13:30:00+05:30,2025-12-05 15:00:00+05:30,395.8,394.7821428571429,397.6321428571428,0.75,EOD+
S1533,ITC,2025-12-05 13:40:00+05:30,0.0423,0.0543,2,2.0,0.1855,16.67,0.9355,0,0.6976,,0,0,0,1,1,0,1,2025-12-05 13:40:00+05:30,2025-12-05 13:45:00+05:30,2025-12-05 15:00:00+05:30,395.85,394.8053571428572,397.73035714285714,0.7,EOD+
S1534,ITC,2025-12-05 13:50:00+05:30,0.0278,0.0455,0,,0.2125,83.33,-0.4118,0,1.0683,,0,1,0,1,1,0,1,2025-12-05 13:50:00+05:30,2025-12-05 13:55:00+05:30,2025-12-05 15:00:00+05:30,396.0,395.0,397.79999999999995,0.55,EOD+
S1535,ITC,2025-12-08 09:35:00+05:30,,,0,,2.7432,88.89,-1.0,0,0.4409,0.0,9,0,0,1,0,9,10,2025-12-08 10:20:00+05:30,2025-12-08 10:25:00+05:30,2025-12-08 12:40:00+05:30,396.0,394.67857142857144,398.37857142857143,-1.3214,L
S1536,ITC,2025-12-08 10:30:00+05:30,-0.0449,-0.0707,0,,0.4518,50.0,-0.1209,0,0.7191,1.0,2,0,0,0,0,2,3,2025-12-08 10:40:00+05:30,2025-12-08 10:45:00+05:30,2025-12-08 12:55:00+05:30,395.7,394.44107142857143,397.9660714285714,-1.2589,L
S1537,ITC,2025-12-08 10:50:00+05:30,-0.0626,-0.043,0,,0.0694,78.57,0.6667,0,1.9373,,0,0,0,0,1,0,1,2025-12-08 10:50:00+05:30,2025-12-08 10:55:00+05:30,2025-12-08 12:40:00+05:30,396.05,394.9696428571429,397.9946428571429,-1.0804,L
S1538,ITC,2025-12-08 11:30:00+05:30,0.0834,0.0512,7,4.0,0.1615,45.45,3.4444,0,0.7511,,0,0,0,0,1,0,1,2025-12-08 11:30:00+05:30,2025-12-08 11:35:00+05:30,2025-12-08 12:35:00+05:30,396.15,395.1053571428571,398.03035714285716,-1.0446,L
S1539,ITC,2025-12-08 11:40:00+05:30,0.0657,0.0859,0,,0.2252,16.67,1.7027,0,0.7409,,0,1,0,0,1,0,1,2025-12-08 11:40:00+05:30,2025-12-08 11:45:00+05:30,2025-12-08 12:40:00+05:30,396.0,394.9732142857143,397.8482142857143,-1.0268,L
S1540,ITC,2025-12-08 11:50:00+05:30,0.0562,0.0777,0,,0.0941,16.67,2.75,0,1.1569,,0,1,0,1,1,0,1,2025-12-08 11:50:00+05:30,2025-12-08 11:55:00+05:30,2025-12-08 12:30:00+05:30,396.3,395.2375,398.21250000000003,-1.0625,L
S1541,ITC,2025-12-08 12:00:00+05:30,0.0435,0.0593,1,1.0,0.538,45.45,0.2903,0,0.6087,,0,0,0,1,1,0,1,2025-12-08 12:00:00+05:30,2025-12-08 12:05:00+05:30,2025-12-08 12:35:00+05:30,396.2,395.1196428571428,398.14464285714286,-1.0804,L
S1542,ITC,2025-12-08 12:10:00+05:30,0.0379,0.0518,0,,0.3279,28.57,0.5385,0,0.2947,,0,1,0,1,1,0,1,2025-12-08 12:10:00+05:30,2025-12-08 12:15:00+05:30,2025-12-08 12:30:00+05:30,396.35,395.3589285714286,398.1339285714286,-0.9911,L
S1543,ITC,2025-12-08 12:20:00+05:30,0.036,0.0391,0,,0.167,44.44,2.0769,0,2.1082,,0,0,0,1,1,0,1,2025-12-08 12:20:00+05:30,2025-12-08 12:25:00+05:30,2025-12-08 12:30:00+05:30,396.6,395.62678571428575,398.35178571428577,-0.9732,L
S1544,ITC,2025-12-08 13:45:00+05:30,-0.204,-0.1474,0,,3.8752,16.67,-0.8819,0,0.6942,1.0,9,1,1,1,0,9,10,2025-12-08 14:30:00+05:30,2025-12-08 14:35:00+05:30,2025-12-08 15:00:00+05:30,393.45,392.0839285714286,395.9089285714285,0.4,EOD+
S1545,ITC,2025-12-09 09:15:00+05:30,,,0,,0.56,0.0,0.5385,0,1.2712,,0,0,0,0,1,0,1,2025-12-09 09:15:00+05:30,2025-12-09 09:20:00+05:30,2025-12-09 15:00:00+05:30,393.4,391.65892857142853,396.53392857142853,0.3,EOD+
S1546,ITC,2025-12-09 09:25:00+05:30,,,0,,2.0724,89.66,-0.9111,0,0.42,0.0,7,0,0,0,0,7,8,2025-12-09 10:00:00+05:30,2025-12-09 10:05:00+05:30,2025-12-09 15:00:00+05:30,393.35,391.31428571428575,397.01428571428573,0.35,EOD+
S1547,ITC,2025-12-09 10:10:00+05:30,-0.0369,-0.0419,0,,0.1741,37.5,0.1765,0,0.2008,,0,1,0,1,1,0,1,2025-12-09 10:10:00+05:30,2025-12-09 10:15:00+05:30,2025-12-09 15:00:00+05:30,393.45,391.6196428571428,396.7446428571429,0.25,EOD+
S1548,ITC,2025-12-09 11:25:00+05:30,0.1952,0.151,13,2.0,0.1382,88.89,0.3333,0,0.6824,,0,1,0,0,1,0,1,2025-12-09 11:25:00+05:30,2025-12-09 11:30:00+05:30,2025-12-09 14:30:00+05:30,394.4,393.04285714285714,396.8428571428571,-1.3571,L
S1549,ITC,2025-12-09 11:35:00+05:30,0.1521,0.1972,0,,0.2476,16.67,0.5385,0,0.3963,,0,0,0,1,1,0,1,2025-12-09 11:35:00+05:30,2025-12-09 11:40:00+05:30,2025-12-09 14:30:00+05:30,394.5,393.1875,396.86249999999995,-1.3125,L
S1550,ITC,2025-12-09 11:45:00+05:30,0.0969,0.1793,0,,1.2874,27.27,-0.924,0,0.9761,0.0,8,0,0,0,0,8,9,2025-12-09 12:25:00+05:30,2025-12-09 12:30:00+05:30,2025-12-09 14:20:00+05:30,394.85,393.5732142857143,397.1482142857143,-1.2768,L
S1551,ITC,2025-12-09 12:35:00+05:30,0.0006,0.0196,1,1.0,0.4354,12.5,0.0127,0,0.1678,,0,1,0,1,1,0,1,2025-12-09 12:35:00+05:30,2025-12-09 12:40:00+05:30,2025-12-09 14:20:00+05:30,394.8,393.66607142857146,396.8410714285714,-1.1339,L
S1552,ITC,2025-12-09 13:25:00+05:30,0.062,0.0139,8,4.0,0.8,61.11,-0.3421,0,2.1803,1.0,2,0,0,0,0,2,3,2025-12-09 13:35:00+05:30,2025-12-09 13:40:00+05:30,2025-12-09 14:20:00+05:30,395.1,393.9125,397.23749999999995,-1.1875,L
S1553,ITC,2025-12-10 09:15:00+05:30,,,0,,1.0398,82.86,-0.8693,0,0.4742,,0,0,0,0,1,0,1,2025-12-10 09:15:00+05:30,2025-12-10 09:20:00+05:30,2025-12-10 15:00:00+05:30,394.3,392.4607142857143,397.6107142857143,0.75,EOD+
S1554,ITC,2025-12-10 10:45:00+05:30,0.1595,0.1483,17,6.0,0.327,88.89,-0.6875,0,0.6542,0.0,8,0,1,1,0,8,9,2025-12-10 11:25:00+05:30,2025-12-10 11:30:00+05:30,2025-12-10 15:00:00+05:30,395.4,394.1767857142857,397.6017857142857,-0.35,EOD-
S1555,ITC,2025-12-10 11:35:00+05:30,0.007,0.0304,0,,0.5684,14.29,-0.1579,0,0.4465,,0,1,0,1,1,0,1,2025-12-10 11:35:00+05:30,2025-12-10 11:40:00+05:30,2025-12-10 15:00:00+05:30,395.3,394.2553571428572,397.18035714285713,-0.25,EOD-
S1556,ITC,2025-12-10 11:45:00+05:30,0.0019,0.012,0,,0.1535,42.86,2.2,0,0.749,,0,0,0,1,1,0,1,2025-12-10 11:45:00+05:30,2025-12-10 11:50:00+05:30,2025-12-10 15:00:00+05:30,395.4,394.3821428571428,397.23214285714283,-0.35,EOD-
S1557,ITC,2025-12-10 11:55:00+05:30,-0.0278,0.0025,0,,1.025,100.0,-1.0,0,4.224,1.0,4,0,0,0,0,4,5,2025-12-10 12:15:00+05:30,2025-12-10 12:20:00+05:30,2025-12-10 15:00:00+05:30,395.45,394.45,397.25,-0.4,EOD-
S1558,ITC,2025-12-10 12:25:00+05:30,-0.0044,-0.0443,0,,0.5421,22.22,-0.0291,0,0.8066,1.0,8,1,0,0,0,8,9,2025-12-10 13:05:00+05:30,2025-12-10 13:10:00+05:30,2025-12-10 15:00:00+05:30,395.15,393.9625,397.28749999999997,-0.1,EOD-
S1559,ITC,2025-12-10 13:25:00+05:30,-0.0032,0.0006,2,1.0,0.3235,22.22,0.6393,0,2.3112,,0,0,0,0,1,0,1,2025-12-10 13:25:00+05:30,2025-12-10 13:30:00+05:30,2025-12-10 15:00:00+05:30,395.2,394.0214285714286,397.3214285714285,-0.15,EOD-
S1560,ITC,2025-12-10 13:35:00+05:30,0.0063,0.0013,0,,0.3947,8.33,0.0667,0,0.2135,,0,1,0,1,1,0,1,2025-12-10 13:35:00+05:30,2025-12-10 13:40:00+05:30,2025-12-10 15:00:00+05:30,395.2,394.0125,397.3374999999999,-0.15,EOD-
S1561,ITC,2025-12-11 09:50:00+05:30,-0.0792,,0,,2.5292,46.67,-0.8682,0,0.4385,1.0,9,0,0,0,0,9,10,2025-12-11 10:35:00+05:30,2025-12-11 10:40:00+05:30,2025-12-11 15:00:00+05:30,393.8,392.3,396.5,1.15,EOD+
S1562,ITC,2025-12-11 10:45:00+05:30,-0.0673,-0.0787,0,,0.0547,16.67,-1.0,0,0.465,1.0,1,0,0,0,0,1,2,2025-12-11 10:50:00+05:30,2025-12-11 10:55:00+05:30,2025-12-11 14:30:00+05:30,393.55,392.40714285714284,395.6071428571429,2.0571,W
S1563,ITC,2025-12-11 11:00:00+05:30,-0.0629,-0.0673,0,,1.8846,56.25,-0.8095,0,0.9094,1.0,2,1,1,0,0,2,3,2025-12-11 11:10:00+05:30,2025-12-11 11:15:00+05:30,2025-12-11 15:00:00+05:30,394.05,393.0053571428572,395.93035714285713,0.9,EOD+
S1564,ITC,2025-12-11 11:45:00+05:30,0.0559,0.0425,6,4.0,0.1062,60.0,3.7059,0,1.4297,,0,0,0,0,1,0,1,2025-12-11 11:45:00+05:30,2025-12-11 11:50:00+05:30,2025-12-11 15:00:00+05:30,394.05,393.05,395.85,0.9,EOD+
S1565,ITC,2025-12-11 11:55:00+05:30,0.0349,0.0616,0,,0.8904,10.0,-0.1724,0,1.0711,1.0,1,0,0,0,0,1,2,2025-12-11 12:00:00+05:30,2025-12-11 12:05:00+05:30,2025-12-11 13:10:00+05:30,394.15,393.13214285714287,395.98214285714283,-1.0179,L
S1566,ITC,2025-12-11 12:10:00+05:30,0.0171,0.0349,0,,0.8427,50.0,-0.1935,0,1.2018,1.0,1,0,0,0,0,1,2,2025-12-11 12:15:00+05:30,2025-12-11 12:20:00+05:30,2025-12-11 13:05:00+05:30,394.25,393.33035714285717,395.9053571428571,-0.9196,L
S1567,ITC,2025-12-11 12:25:00+05:30,0.0209,0.0171,1,1.0,0.3576,0.0,1.5532,0,1.251,,0,0,0,0,1,0,1,2025-12-11 12:25:00+05:30,2025-12-11 12:30:00+05:30,2025-12-11 13:05:00+05:30,394.2,393.37857142857143,395.6785714285714,-0.8214,L
S1568,ITC,2025-12-11 12:35:00+05:30,0.0292,0.0209,0,,0.5213,16.67,0.4286,0,2.1738,,0,0,0,0,1,0,1,2025-12-11 12:35:00+05:30,2025-12-11 12:40:00+05:30,2025-12-11 13:05:00+05:30,394.15,393.31071428571425,395.6607142857142,-0.8393,L
S1569,ITC,2025-12-11 12:45:00+05:30,0.0412,0.0216,0,,0.3168,50.0,-1.0,0,2.0749,1.0,9,1,0,0,0,9,10,2025-12-11 13:30:00+05:30,2025-12-11 13:35:00+05:30,2025-12-11 14:30:00+05:30,394.0,393.1517857142857,395.52678571428567,1.5268,W
S1570,ITC,2025-12-11 13:40:00+05:30,-0.0146,-0.0501,0,,0.55,38.46,0.4141,0,2.0485,,0,0,0,0,1,0,1,2025-12-11 13:40:00+05:30,2025-12-11 13:45:00+05:30,2025-12-11 15:00:00+05:30,394.3,393.17500000000007,396.32499999999993,0.65,EOD+
S1571,ITC,2025-12-11 14:00:00+05:30,0.007,-0.0019,3,1.0,0.0374,33.33,4.7143,0,0.4801,,0,0,0,1,1,0,1,2025-12-11 14:00:00+05:30,2025-12-11 14:05:00+05:30,2025-12-11 15:00:00+05:30,394.15,392.98035714285714,396.25535714285706,0.8,EOD+
S1572,ITC,2025-12-12 09:15:00+05:30,,,0,,0.9588,15.63,-0.469,0,0.3701,0.0,4,0,0,0,0,4,5,2025-12-12 09:35:00+05:30,2025-12-12 09:40:00+05:30,2025-12-12 10:05:00+05:30,394.85,393.37678571428575,397.5017857142857,-1.4732,L
S1573,ITC,2025-12-12 11:05:00+05:30,-0.1061,-0.1162,0,,1.4118,30.0,-0.6657,0,0.8545,1.0,9,0,0,1,0,9,10,2025-12-12 11:50:00+05:30,2025-12-12 11:55:00+05:30,2025-12-12 14:35:00+05:30,393.35,391.7607142857143,396.2107142857143,-1.5893,L
S1574,ITC,2025-12-12 12:00:00+05:30,-0.0286,-0.1012,1,1.0,0.0327,75.0,1.8571,0,0.432,,0,0,1,1,1,0,1,2025-12-12 12:00:00+05:30,2025-12-12 12:05:00+05:30,2025-12-12 15:00:00+05:30,392.9,391.56071428571425,395.31071428571425,-0.75,EOD-
S1575,ITC,2025-12-12 12:10:00+05:30,-0.0159,-0.0554,0,,0.8065,40.0,-0.6226,0,1.6986,1.0,4,0,0,0,0,4,5,2025-12-12 12:30:00+05:30,2025-12-12 12:35:00+05:30,2025-12-12 15:00:00+05:30,392.85,391.6178571428572,395.0678571428572,-0.7,EOD-
S1576,ITC,2025-12-12 13:20:00+05:30,-0.0096,-0.0115,0,,1.5534,0.0,-0.8765,0,2.8711,1.0,9,0,1,0,0,9,10,2025-12-12 14:05:00+05:30,2025-12-12 14:10:00+05:30,2025-12-12 14:35:00+05:30,392.45,391.79821428571427,393.62321428571425,-0.6518,L
S1577,ITC,2025-12-15 09:15:00+05:30,,,0,,2.1285,41.38,-0.3583,0,0.9194,,0,0,0,0,1,0,1,2025-12-15 09:15:00+05:30,2025-12-15 09:20:00+05:30,2025-12-15 11:15:00+05:30,392.35,391.25178571428575,394.3267857142857,1.9768,W
S1578,ITC,2025-12-15 09:35:00+05:30,,,0,,1.0117,50.0,-0.6757,0,0.0701,0.0,9,0,1,1,0,9,10,2025-12-15 10:20:00+05:30,2025-12-15 10:25:00+05:30,2025-12-15 11:15:00+05:30,392.25,391.1071428571429,394.3071428571428,2.0571,W
S1579,ITC,2025-12-15 10:30:00+05:30,-0.0038,-0.0096,0,,0.1838,71.43,-0.2308,0,0.0958,,0,0,0,1,1,0,1,2025-12-15 10:30:00+05:30,2025-12-15 10:35:00+05:30,2025-12-15 10:50:00+05:30,392.3,391.41607142857146,393.8910714285714,1.5911,W
S1580,ITC,2025-12-15 12:00:00+05:30,0.1232,0.1284,17,9.0,0.1802,42.86,1.3077,0,0.9241,,0,0,0,0,1,0,1,2025-12-15 12:00:00+05:30,2025-12-15 12:05:00+05:30,2025-12-15 15:00:00+05:30,393.5,392.5982142857143,395.1232142857143,0.55,EOD+
S1581,ITC,2025-12-15 12:15:00+05:30,0.0946,0.1232,0,,1.164,83.33,-0.8649,0,2.7515,1.0,9,1,1,0,0,9,10,2025-12-15 13:00:00+05:30,2025-12-15 13:05:00+05:30,2025-12-15 15:00:00+05:30,393.8,393.0053571428571,395.23035714285714,0.25,EOD+
S1582,ITC,2025-12-15 13:10:00+05:30,-0.0235,-0.0318,1,1.0,0.0778,25.0,1.2222,0,1.8314,,0,1,1,1,1,0,1,2025-12-15 13:10:00+05:30,2025-12-15 13:15:00+05:30,2025-12-15 15:00:00+05:30,393.85,393.1267857142857,395.1517857142858,0.2,EOD+
S1583,ITC,2025-12-15 14:05:00+05:30,0.0672,0.0711,9,3.0,0.14,87.5,-1.0,0,1.927,1.0,1,0,0,0,0,1,2,2025-12-15 14:10:00+05:30,2025-12-15 14:15:00+05:30,2025-12-15 15:00:00+05:30,394.15,393.12321428571425,395.9982142857143,-0.1,EOD-
S1584,ITC,2025-12-16 09:15:00+05:30,,,0,,2.7145,9.52,-0.7244,0,1.1752,0.0,2,0,1,0,0,2,3,2025-12-16 09:25:00+05:30,2025-12-16 09:30:00+05:30,2025-12-16 10:15:00+05:30,394.15,392.98035714285714,396.25535714285706,2.1054,W
S1585,ITC,2025-12-16 09:35:00+05:30,,,0,,0.3381,0.0,-0.1549,0,2.4211,1.0,1,0,0,0,0,1,2,2025-12-16 09:40:00+05:30,2025-12-16 09:45:00+05:30,2025-12-16 10:15:00+05:30,394.45,393.1375,396.81249999999994,2.3625,W
S1586,ITC,2025-12-16 13:25:00+05:30,-0.0836,-0.1013,0,,1.4683,62.5,-0.845,0,1.414,1.0,9,0,1,1,0,9,10,2025-12-16 14:10:00+05:30,2025-12-16 14:15:00+05:30,2025-12-16 14:30:00+05:30,394.85,393.75178571428575,396.8267857142858,-1.0982,L
S1587,ITC,2025-12-17 09:15:00+05:30,,,0,,2.1681,66.67,-1.0,0,1.0285,,0,1,0,0,1,0,1,2025-12-17 09:15:00+05:30,2025-12-17 09:20:00+05:30,2025-12-17 11:40:00+05:30,394.1,392.81428571428575,396.41428571428577,-1.2857,L
S1588,ITC,2025-12-17 09:25:00+05:30,,,0,,0.1013,55.56,2.4783,0,0.2745,,0,1,0,1,1,0,1,2025-12-17 09:25:00+05:30,2025-12-17 09:30:00+05:30,2025-12-17 11:40:00+05:30,394.0,392.58035714285717,396.55535714285713,-1.4196,L
S1589,ITC,2025-12-17 10:00:00+05:30,0.026,0.0076,5,4.0,0.1694,57.14,0.0526,0,0.6008,,0,0,0,0,1,0,1,2025-12-17 10:00:00+05:30,2025-12-17 10:05:00+05:30,2025-12-17 11:40:00+05:30,393.95,392.5482142857143,396.4732142857142,-1.4018,L
S1590,ITC,2025-12-17 10:10:00+05:30,0.0121,0.0197,0,,0.5553,0.0,-0.3277,0,0.5083,1.0,3,0,0,0,0,3,4,2025-12-17 10:25:00+05:30,2025-12-17 10:30:00+05:30,2025-12-17 11:40:00+05:30,394.15,392.8107142857143,396.5607142857142,-1.3393,L
S1591,ITC,2025-12-17 12:20:00+05:30,-0.1368,-0.1043,0,,4.8468,71.43,-0.9634,0,1.1011,1.0,9,0,0,0,0,9,10,2025-12-17 13:05:00+05:30,2025-12-17 13:10:00+05:30,2025-12-17 14:40:00+05:30,392.45,391.7446428571428,393.7196428571429,-0.7054,L
S1592,ITC,2025-12-17 14:20:00+05:30,0.079,0.0644,15,11.0,0.0768,54.55,5.6667,0,1.1996,,0,0,0,0,1,0,1,2025-12-17 14:20:00+05:30,2025-12-17 14:25:00+05:30,2025-12-17 14:40:00+05:30,392.45,391.71785714285716,393.7678571428571,-0.7321,L
S1593,ITC,2025-12-18 09:15:00+05:30,,,0,,0.7,52.94,-1.0,0,0.5066,,0,1,0,0,1,0,1,2025-12-18 09:15:00+05:30,2025-12-18 09:20:00+05:30,2025-12-18 15:00:00+05:30,392.1,391.0553571428572,393.98035714285714,-0.2,EOD-
S1594,ITC,2025-12-18 10:15:00+05:30,0.0516,0.0274,10,8.0,0.3476,0.0,1.5352,0,0.304,,0,0,0,1,1,0,1,2025-12-18 10:15:00+05:30,2025-12-18 10:20:00+05:30,2025-12-18 15:00:00+05:30,392.75,391.47321428571433,395.0482142857142,-0.85,EOD-
S1595,ITC,2025-12-18 10:25:00+05:30,0.0567,0.0465,0,,0.3256,0.0,-0.6667,0,3.305,1.0,5,1,1,0,0,5,6,2025-12-18 10:50:00+05:30,2025-12-18 10:55:00+05:30,2025-12-18 14:45:00+05:30,393.0,391.8482142857143,395.07321428571424,-1.1518,L
S1596,ITC,2025-12-18 11:10:00+05:30,0.014,0.056,2,2.0,0.518,90.91,-0.7297,0,0.7976,1.0,3,0,0,0,0,3,4,2025-12-18 11:25:00+05:30,2025-12-18 11:30:00+05:30,2025-12-18 14:40:00+05:30,392.75,391.85714285714283,394.3571428571429,-0.8929,L
S1597,ITC,2025-12-18 11:35:00+05:30,-0.0216,-0.0274,0,,0.2887,14.29,-0.5,0,1.1759,1.0,3,1,0,1,0,3,4,2025-12-18 11:50:00+05:30,2025-12-18 11:55:00+05:30,2025-12-18 14:45:00+05:30,392.7,391.83392857142854,394.25892857142856,-0.8661,L
S1598,ITC,2025-12-18 12:15:00+05:30,0.021,0.0,3,1.0,0.7269,66.67,-0.2593,0,0.8874,0.0,4,0,0,0,0,4,5,2025-12-18 12:35:00+05:30,2025-12-18 12:40:00+05:30,2025-12-18 14:15:00+05:30,392.75,392.05357142857144,394.0035714285714,-0.6964,L
S1599,ITC,2025-12-18 12:45:00+05:30,-0.0134,0.0108,0,,0.0571,0.0,4.0,0,3.4809,,0,0,0,0,1,0,1,2025-12-18 12:45:00+05:30,2025-12-18 12:50:00+05:30,2025-12-18 14:10:00+05:30,392.75,392.3125,393.5375,-0.4375,L
S1600,ITC,2025-12-18 12:55:00+05:30,-0.0038,-0.007,0,,0.5353,77.78,0.0256,0,1.61,,0,0,0,0,1,0,1,2025-12-18 12:55:00+05:30,2025-12-18 13:00:00+05:30,2025-12-18 13:30:00+05:30,393.1,392.64464285714286,393.9196428571429,-0.4554,L
S1601,ITC,2025-12-18 13:10:00+05:30,0.0197,-0.0038,2,2.0,0.2234,66.67,0.3333,0,0.6569,,0,0,0,0,1,0,1,2025-12-18 13:10:00+05:30,2025-12-18 13:15:00+05:30,2025-12-18 14:10:00+05:30,392.8,392.3803571428571,393.5553571428572,-0.4196,L
S1602,ITC,2025-12-18 13:20:00+05:30,0.0159,0.0146,0,,0.0622,50.0,4.0,0,0.6649,,0,0,0,0,1,0,1,2025-12-18 13:20:00+05:30,2025-12-18 13:25:00+05:30,2025-12-18 13:35:00+05:30,392.9,392.49821428571425,393.6232142857143,-0.4018,L
S1603,ITC,2025-12-19 09:15:00+05:30,,,0,,0.4234,86.36,-1.0,0,0.5953,,0,0,1,0,1,0,1,2025-12-19 09:15:00+05:30,2025-12-19 09:20:00+05:30,2025-12-19 15:00:00+05:30,393.05,391.9428571428572,395.04285714285714,0.1,EOD+
S1604,ITC,2025-12-19 10:20:00+05:30,0.0757,0.0726,12,4.0,0.5166,41.67,0.3084,0,1.6043,,0,1,1,0,1,0,1,2025-12-19 10:20:00+05:30,2025-12-19 10:25:00+05:30,2025-12-19 15:00:00+05:30,392.9,391.60535714285714,395.2303571428571,0.25,EOD+
S1605,ITC,2025-12-19 10:30:00+05:30,0.0668,0.0789,0,,0.6466,0.0,0.2844,0,1.162,,0,0,0,0,1,0,1,2025-12-19 10:30:00+05:30,2025-12-19 10:35:00+05:30,2025-12-19 15:00:00+05:30,392.95,391.8964285714286,394.84642857142853,0.2,EOD+
S1606,ITC,2025-12-19 10:40:00+05:30,0.0585,0.0694,0,,0.8673,50.0,-0.7143,0,0.6428,1.0,1,0,0,0,0,1,2,2025-12-19 10:45:00+05:30,2025-12-19 10:50:00+05:30,2025-12-19 15:00:00+05:30,393.0,391.99107142857144,394.8160714285714,0.15,EOD+
S1607,ITC,2025-12-19 11:00:00+05:30,0.0223,0.049,0,,0.9887,0.0,-0.708,0,3.4034,1.0,9,0,0,0,0,9,10,2025-12-19 11:45:00+05:30,2025-12-19 11:50:00+05:30,2025-12-19 15:00:00+05:30,393.25,392.38392857142856,394.8089285714286,-0.1,EOD-
S1608,ITC,2025-12-19 12:30:00+05:30,0.0363,0.0382,8,5.0,0.8768,33.33,0.9355,0,4.226,,0,1,0,0,1,0,1,2025-12-19 12:30:00+05:30,2025-12-19 12:35:00+05:30,2025-12-19 15:00:00+05:30,393.35,392.46607142857147,394.94107142857143,-0.8839,L
S1609,ITC,2025-12-19 14:00:00+05:30,0.0248,0.0337,17,8.0,0.0241,80.0,9.0,0,0.817,,0,0,0,1,1,0,1,2025-12-19 14:00:00+05:30,2025-12-19 14:05:00+05:30,2025-12-19 14:55:00+05:30,393.75,393.2321428571429,394.6821428571428,-0.5179,L
S1610,ITC,2025-12-19 14:10:00+05:30,0.0229,0.0267,0,,0.6375,50.0,-0.6078,0,2.6738,1.0,1,0,0,1,0,1,2,2025-12-19 14:15:00+05:30,2025-12-19 14:20:00+05:30,2025-12-19 14:20:00+05:30,394.35,393.85,395.25,-0.5,L
S1611,ITC,2025-12-22 09:15:00+05:30,,,0,,0.8716,69.77,-0.171,0,0.2799,,0,0,0,1,1,0,1,2025-12-22 09:15:00+05:30,2025-12-22 09:20:00+05:30,2025-12-22 15:00:00+05:30,394.8,393.41607142857146,397.29107142857146,-0.3,EOD-
S1612,ITC,2025-12-22 10:30:00+05:30,0.0806,0.0622,14,14.0,0.1667,28.57,1.4,0,0.2693,,0,0,0,1,1,0,1,2025-12-22 10:30:00+05:30,2025-12-22 10:35:00+05:30,2025-12-22 15:00:00+05:30,394.3,393.3625,395.98749999999995,0.2,EOD+
S1613,ITC,2025-12-22 10:40:00+05:30,0.0932,0.0736,0,,0.1647,100.0,-1.0,0,0.298,,0,0,0,1,1,0,1,2025-12-22 10:40:00+05:30,2025-12-22 10:45:00+05:30,2025-12-22 15:00:00+05:30,394.4,393.4892857142857,396.03928571428565,0.1,EOD+
S1614,ITC,2025-12-22 10:50:00+05:30,0.0951,0.0882,0,,0.315,25.0,-0.1111,0,4.08,,0,1,0,1,1,0,1,2025-12-22 10:50:00+05:30,2025-12-22 10:55:00+05:30,2025-12-22 15:00:00+05:30,394.45,393.5571428571429,396.0571428571428,0.05,EOD+
S1615,ITC,2025-12-22 11:00:00+05:30,0.0507,0.0945,0,,0.4122,33.33,0.1321,0,1.155,,0,0,0,1,1,0,1,2025-12-22 11:00:00+05:30,2025-12-22 11:05:00+05:30,2025-12-22 15:00:00+05:30,394.4,393.5964285714286,395.84642857142853,0.1,EOD+
S1616,ITC,2025-12-22 11:10:00+05:30,0.0063,0.0723,0,,1.0426,50.0,-0.4286,0,3.0237,1.0,3,0,0,0,0,3,4,2025-12-22 11:25:00+05:30,2025-12-22 11:30:00+05:30,2025-12-22 15:00:00+05:30,394.4,393.5607142857143,395.9107142857142,0.1,EOD+
S1617,ITC,2025-12-22 11:35:00+05:30,-0.0089,-0.0254,0,,0.285,14.29,-0.1304,0,0.3133,0.0,1,0,0,1,0,1,2,2025-12-22 11:40:00+05:30,2025-12-22 11:45:00+05:30,2025-12-22 15:00:00+05:30,394.45,393.44107142857143,396.2660714285714,0.05,EOD+
S1618,ITC,2025-12-22 11:50:00+05:30,0.0082,-0.0089,0,,0.1082,44.44,2.5294,0,1.3465,,0,0,0,0,1,0,1,2025-12-22 11:50:00+05:30,2025-12-22 11:55:00+05:30,2025-12-22 15:00:00+05:30,394.65,393.6678571428571,396.41785714285714,-0.15,EOD-
S1619,ITC,2025-12-22 12:00:00+05:30,0.0101,0.0063,0,,0.0127,20.0,39.0,0,0.4115,,0,1,0,1,1,0,1,2025-12-22 12:00:00+05:30,2025-12-22 12:05:00+05:30,2025-12-22 15:00:00+05:30,394.55,393.5678571428572,396.3178571428572,-0.05,EOD-
S1620,ITC,2025-12-23 09:15:00+05:30,,,0,,2.7933,16.67,-0.5181,0,0.5151,0.0,4,1,0,1,0,4,5,2025-12-23 09:35:00+05:30,2025-12-23 09:40:00+05:30,2025-12-23 10:50:00+05:30,394.65,393.72142857142853,396.32142857142856,1.6714,W
S1621,ITC,2025-12-23 11:55:00+05:30,0.0561,0.0783,27,9.0,0.095,44.44,1.1053,0,0.2743,,0,0,0,0,1,0,1,2025-12-23 11:55:00+05:30,2025-12-23 12:00:00+05:30,2025-12-23 14:45:00+05:30,396.35,395.1,398.6,2.25,W
S1622,ITC,2025-12-23 12:05:00+05:30,0.0511,0.053,0,,0.5397,16.67,-0.604,0,2.0693,1.0,6,0,0,0,0,6,7,2025-12-23 12:35:00+05:30,2025-12-23 12:40:00+05:30,2025-12-23 14:45:00+05:30,396.6,395.4303571428572,398.70535714285717,2.1054,W
S1623,ITC,2025-12-23 12:45:00+05:30,0.012,0.0189,0,,0.3646,62.5,-0.2,0,0.5544,,0,1,0,0,1,0,1,2025-12-23 12:45:00+05:30,2025-12-23 12:50:00+05:30,2025-12-23 14:45:00+05:30,396.7,395.84285714285716,398.2428571428571,1.5429,W
S1624,ITC,2025-12-23 13:00:00+05:30,-0.005,0.012,2,2.0,0.1244,0.0,4.0,0,0.4676,,0,0,0,0,1,0,1,2025-12-23 13:00:00+05:30,2025-12-23 13:05:00+05:30,2025-12-23 14:35:00+05:30,396.6,395.7964285714286,398.0464285714286,1.4464,W
S1625,ITC,2025-12-23 13:10:00+05:30,-0.0114,0.005,0,,0.409,83.33,-0.6154,0,0.5192,,0,1,0,1,1,0,1,2025-12-23 13:10:00+05:30,2025-12-23 13:15:00+05:30,2025-12-23 14:35:00+05:30,396.6,395.8053571428572,398.03035714285716,1.4304,W
S1626,ITC,2025-12-23 13:45:00+05:30,0.0202,0.0189,5,5.0,0.5024,42.86,-0.0164,0,1.2085,1.0,1,1,0,0,0,1,2,2025-12-23 13:50:00+05:30,2025-12-23 13:55:00+05:30,2025-12-23 14:35:00+05:30,396.7,395.9410714285714,398.0660714285715,1.3661,W
S1627,ITC,2025-12-23 14:10:00+05:30,0.0416,0.0321,2,1.0,0.0576,60.0,4.7143,0,0.9429,,0,1,0,1,1,0,1,2025-12-23 14:10:00+05:30,2025-12-23 14:15:00+05:30,2025-12-23 14:45:00+05:30,396.85,396.0910714285714,398.2160714285715,1.3661,W
S1628,ITC,2025-12-24 09:45:00+05:30,0.1441,,6,6.0,0.153,30.0,0.3115,0,0.2379,,0,1,0,0,1,0,1,2025-12-24 09:45:00+05:30,2025-12-24 09:50:00+05:30,2025-12-24 15:00:00+05:30,399.1,396.6089285714286,403.5839285714286,-1.55,EOD-
S1629,ITC,2025-12-24 09:55:00+05:30,0.1096,0.1554,0,,0.3416,42.86,-0.3443,0,0.9718,1.0,3,1,1,0,0,3,4,2025-12-24 10:10:00+05:30,2025-12-24 10:15:00+05:30,2025-12-24 15:00:00+05:30,399.5,397.26785714285717,403.51785714285717,-1.95,EOD-
S1630,ITC,2025-12-24 10:20:00+05:30,0.0332,0.0826,1,1.0,0.1145,20.0,3.0,0,0.2291,,0,1,0,1,1,0,1,2025-12-24 10:20:00+05:30,2025-12-24 10:25:00+05:30,2025-12-24 14:35:00+05:30,399.7,397.7892857142857,403.13928571428573,-1.9107,L
S1631,ITC,2025-12-24 10:35:00+05:30,0.0488,0.0332,2,2.0,0.6313,69.23,-0.7279,0,3.0387,1.0,6,0,0,0,0,6,7,2025-12-24 11:05:00+05:30,2025-12-24 11:10:00+05:30,2025-12-24 14:35:00+05:30,399.25,397.79464285714283,401.8696428571429,-1.4554,L
S1632,ITC,2025-12-24 11:15:00+05:30,-0.0376,-0.072,0,,0.3289,66.67,-0.7143,0,0.7122,,0,1,1,0,1,0,1,2025-12-24 11:15:00+05:30,2025-12-24 11:20:00+05:30,2025-12-24 14:25:00+05:30,399.3,397.96964285714284,401.69464285714287,-1.3304,L
S1633,ITC,2025-12-24 11:40:00+05:30,0.0357,-0.0056,4,2.0,0.335,61.54,-0.403,0,0.9808,0.0,7,0,0,0,0,7,8,2025-12-24 12:15:00+05:30,2025-12-24 12:20:00+05:30,2025-12-24 13:35:00+05:30,399.6,398.35,401.85,-1.25,L
S1634,ITC,2025-12-24 12:30:00+05:30,0.0125,-0.0276,2,2.0,0.2516,37.5,0.3043,0,0.2113,,0,1,0,1,1,0,1,2025-12-24 12:30:00+05:30,2025-12-24 12:35:00+05:30,2025-12-24 13:45:00+05:30,399.3,398.15714285714284,401.35714285714295,-1.1429,L
S1635,ITC,2025-12-26 09:15:00+05:30,,,0,,1.28,41.94,0.125,0,0.5279,,0,0,0,0,1,0,1,2025-12-26 09:15:00+05:30,2025-12-26 09:20:00+05:30,2025-12-26 09:35:00+05:30,398.5,396.9375,401.3125,-1.5625,L
S1636,ITC,2025-12-26 11:00:00+05:30,-0.1021,-0.0793,0,,0.4404,0.0,-0.2857,0,1.3168,1.0,9,1,0,1,0,9,10,2025-12-26 11:45:00+05:30,2025-12-26 11:50:00+05:30,2025-12-26 12:50:00+05:30,396.6,395.8053571428572,398.0303571428571,-0.7946,L
S1637,ITC,2025-12-26 12:10:00+05:30,0.0252,-0.0038,3,3.0,0.2844,0.0,0.5385,0,0.574,,0,1,0,1,1,0,1,2025-12-26 12:10:00+05:30,2025-12-26 12:15:00+05:30,2025-12-26 12:50:00+05:30,396.65,395.79285714285714,398.19285714285706,-0.8571,L
S1638,ITC,2025-12-26 13:00:00+05:30,-0.0259,-0.0189,0,,1.8226,20.0,-0.7826,0,0.9998,1.0,9,1,0,0,0,9,10,2025-12-26 13:45:00+05:30,2025-12-26 13:50:00+05:30,2025-12-26 15:00:00+05:30,396.4,395.4535714285714,398.1035714285714,-0.4,EOD-
S1639,ITC,2025-12-26 14:15:00+05:30,-0.0158,-0.024,4,3.0,0.4154,66.67,0.1111,0,1.2639,,0,1,0,0,1,0,1,2025-12-26 14:15:00+05:30,2025-12-26 14:20:00+05:30,2025-12-26 15:00:00+05:30,396.1,395.2875,397.5625,-0.1,EOD-
S1640,ITC,2025-12-26 14:25:00+05:30,-0.0032,-0.0151,0,,0.7452,25.0,-0.1919,0,1.344,,0,0,0,0,1,0,1,2025-12-26 14:25:00+05:30,2025-12-26 14:30:00+05:30,2025-12-26 15:00:00+05:30,396.25,395.41964285714283,397.7446428571429,-0.25,EOD-
S1641,ITC,2025-12-29 11:10:00+05:30,-0.0748,-0.0887,0,,1.7078,66.67,-1.0,0,1.394,1.0,9,0,0,0,0,9,10,2025-12-29 11:55:00+05:30,2025-12-29 12:00:00+05:30,2025-12-29 14:55:00+05:30,394.25,393.2142857142857,396.1142857142857,-1.0357,L
S1642,ITC,2025-12-29 12:05:00+05:30,-0.0165,-0.0273,0,,0.5043,57.14,-0.403,0,0.3901,,0,0,0,1,1,0,1,2025-12-29 12:05:00+05:30,2025-12-29 12:10:00+05:30,2025-12-29 14:55:00+05:30,394.2,393.3696428571428,395.69464285714287,-0.8304,L
S1643,ITC,2025-12-29 12:15:00+05:30,-0.0241,-0.0133,1,1.0,0.0651,25.0,6.5,0,0.7098,,0,1,0,1,1,0,1,2025-12-29 12:15:00+05:30,2025-12-29 12:20:00+05:30,2025-12-29 14:55:00+05:30,394.2,393.4321428571428,395.58214285714286,-0.7679,L
S1644,ITC,2025-12-29 12:25:00+05:30,-0.0247,-0.0228,0,,0.7472,33.33,-0.1579,0,1.7791,1.0,1,0,0,0,0,1,2,2025-12-29 12:30:00+05:30,2025-12-29 12:35:00+05:30,2025-12-29 14:55:00+05:30,394.05,393.2553571428572,395.48035714285714,-0.7946,L
S1645,ITC,2025-12-29 12:40:00+05:30,-0.0121,-0.0247,0,,0.6846,50.0,-0.1011,0,0.8269,,0,0,0,1,1,0,1,2025-12-29 12:40:00+05:30,2025-12-29 12:45:00+05:30,2025-12-29 14:55:00+05:30,394.2,393.3875,395.66249999999997,-0.8125,L
S1646,ITC,2025-12-29 13:00:00+05:30,0.0241,-0.0076,2,2.0,0.0081,50.0,39.0,0,0.5644,,0,0,0,1,1,0,1,2025-12-29 13:00:00+05:30,2025-12-29 13:05:00+05:30,2025-12-29 14:55:00+05:30,394.2,393.4321428571428,395.58214285714286,-0.7679,L
S1647,ITC,2025-12-29 13:10:00+05:30,0.0216,0.0152,0,,1.0218,25.0,-0.5276,0,0.5952,0.0,4,0,0,1,0,4,5,2025-12-29 13:30:00+05:30,2025-12-29 13:35:00+05:30,2025-12-29 14:55:00+05:30,394.0,393.2232142857143,395.39821428571423,-0.7768,L
S1648,ITC,2025-12-29 13:40:00+05:30,-0.0102,0.0006,0,,0.8227,50.0,-1.0,0,0.6766,0.0,2,0,0,0,0,2,3,2025-12-29 13:50:00+05:30,2025-12-29 13:55:00+05:30,2025-12-29 14:55:00+05:30,394.2,393.3339285714286,395.75892857142856,-0.8661,L
S1649,ITC,2025-12-29 14:00:00+05:30,-0.0089,-0.0102,0,,0.4691,28.57,0.5385,0,1.0626,,0,1,0,1,1,0,1,2025-12-29 14:00:00+05:30,2025-12-29 14:05:00+05:30,2025-12-29 14:55:00+05:30,394.15,393.2839285714286,395.70892857142854,-0.8661,L
S1650,ITC,2025-12-30 09:15:00+05:30,,,0,,0.9748,52.38,-0.5745,0,0.1275,0.0,8,0,0,1,0,8,9,2025-12-30 09:55:00+05:30,2025-12-30 10:00:00+05:30,2025-12-30 11:50:00+05:30,394.3,393.09464285714284,396.4696428571429,-1.2054,L
S1651,ITC,2025-12-30 10:05:00+05:30,-0.0355,-0.0444,0,,0.635,42.86,-0.5276,0,0.2059,1.0,1,1,0,1,0,1,2,2025-12-30 10:10:00+05:30,2025-12-30 10:15:00+05:30,2025-12-30 11:50:00+05:30,394.4,393.15,396.65,-1.25,L
S1652,ITC,2025-12-30 12:55:00+05:30,-0.077,-0.1176,0,,0.3719,0.0,-0.2157,0,1.0869,1.0,9,1,0,1,0,9,10,2025-12-30 13:40:00+05:30,2025-12-30 13:45:00+05:30,2025-12-30 15:00:00+05:30,393.15,392.2928571428571,394.6928571428571,-0.8571,L
S1653,ITC,2025-12-30 14:15:00+05:30,0.0229,0.0267,6,6.0,0.0452,40.0,5.6667,0,0.6581,,0,0,0,1,1,0,1,2025-12-30 14:15:00+05:30,2025-12-30 14:20:00+05:30,2025-12-30 15:00:00+05:30,393.0,392.1696428571429,394.4946428571428,-0.8304,L
