signal_id,stock,datetime,p01,p02,p03,p04,p05,p06,p07,p07_na,p08,p09,p10,p11,p12,same_candle_tb,bounce_bar_index,entry_bar_index,bounce_datetime,entry_datetime,exit_datetime,entry_price,sl,target,pnl,outcome
S001,ONGC,2024-01-01 11:20:00+05:30,0.0754,0.108,5,4.0,0.175,33.33,1.8571,0,0.9401,,0,0,1,1,0,1,2024-01-01 11:20:00+05:30,2024-01-01 11:25:00+05:30,2024-01-01 12:00:00+05:30,192.25,191.75,193.15,-0.5,L
S002,ONGC,2024-01-01 13:00:00+05:30,-0.0925,-0.0677,0,,1.5522,50.0,-1.0,0,0.5784,1.0,3,1,1,0,3,4,2024-01-01 13:15:00+05:30,2024-01-01 13:20:00+05:30,2024-01-01 15:00:00+05:30,191.85,191.23392857142855,192.95892857142852,0.3,EOD+
S003,ONGC,2024-01-01 13:25:00+05:30,-0.0717,-0.1069,0,,0.6881,0.0,0.0345,0,0.4392,,0,0,1,1,0,1,2024-01-01 13:25:00+05:30,2024-01-01 13:30:00+05:30,2024-01-01 15:00:00+05:30,191.75,191.2232142857143,192.69821428571427,0.4,EOD+
S004,ONGC,2024-01-01 13:40:00+05:30,-0.0391,-0.0717,0,,0.4964,0.0,-0.4872,0,1.902,1.0,3,0,0,0,3,4,2024-01-01 13:55:00+05:30,2024-01-01 14:00:00+05:30,2024-01-01 15:00:00+05:30,191.9,191.4089285714286,192.78392857142856,0.25,EOD+
S005,ONGC,2024-01-01 14:25:00+05:30,0.0235,0.0143,5,5.0,0.8132,28.57,0.0127,0,1.5612,,0,0,1,1,0,1,2024-01-01 14:25:00+05:30,2024-01-01 14:30:00+05:30,2024-01-01 15:00:00+05:30,191.75,191.14285714285717,192.84285714285716,0.4,EOD+
S006,ONGC,2024-01-02 09:15:00+05:30,,,0,,4.6134,32.43,-0.546,0,0.9255,0.0,3,1,1,0,3,4,2024-01-02 09:30:00+05:30,2024-01-02 09:35:00+05:30,2024-01-02 10:25:00+05:30,191.65,190.51607142857145,193.6910714285714,-1.1339,L
S007,ONGC,2024-01-02 09:55:00+05:30,0.0678,-0.0365,3,2.0,0.4014,77.78,-0.68,0,0.4652,0.0,2,0,0,0,2,3,2024-01-02 10:05:00+05:30,2024-01-02 10:10:00+05:30,2024-01-02 11:30:00+05:30,191.55,189.60357142857143,195.05357142857144,3.5036,W
S008,ONGC,2024-01-02 10:35:00+05:30,-0.1267,-0.0927,0,,1.564,90.48,-1.0,0,0.5579,0.0,3,0,1,0,3,4,2024-01-02 10:50:00+05:30,2024-01-02 10:55:00+05:30,2024-01-02 11:30:00+05:30,191.65,189.6678571428572,195.21785714285716,3.5679,W
S009,ONGC,2024-01-02 11:05:00+05:30,0.1239,-0.0196,2,2.0,0.2735,47.06,0.6667,0,0.7123,,0,0,0,1,0,1,2024-01-02 11:05:00+05:30,2024-01-02 11:10:00+05:30,2024-01-02 11:30:00+05:30,191.75,189.8303571428572,195.2053571428571,3.4554,W
S010,ONGC,2024-01-02 11:15:00+05:30,0.0874,0.1057,0,,0.1172,56.25,-0.4444,0,0.6389,,0,0,1,1,0,1,2024-01-02 11:15:00+05:30,2024-01-02 11:20:00+05:30,2024-01-02 11:30:00+05:30,191.95,190.0303571428572,195.4053571428571,3.4554,W
S011,ONGC,2024-01-02 13:15:00+05:30,0.1243,0.4217,0,,0.9874,30.0,-0.8122,0,0.6605,1.0,3,1,0,0,3,4,2024-01-02 13:30:00+05:30,2024-01-02 13:35:00+05:30,2024-01-02 14:25:00+05:30,195.25,193.9017857142857,197.6767857142857,-1.3482,L
S012,ONGC,2024-01-02 13:40:00+05:30,0.0269,-0.0205,0,,0.1737,33.33,-0.4118,0,0.4774,,0,0,1,1,0,1,2024-01-02 13:40:00+05:30,2024-01-02 13:45:00+05:30,2024-01-02 14:25:00+05:30,195.15,193.92678571428573,197.3517857142857,-1.2232,L
S013,ONGC,2024-01-02 13:50:00+05:30,0.0628,0.0038,0,,0.2769,50.0,-1.0,0,1.1045,1.0,3,0,1,0,3,4,2024-01-02 14:05:00+05:30,2024-01-02 14:10:00+05:30,2024-01-02 14:25:00+05:30,195.15,193.95357142857145,197.30357142857144,-1.1964,L
S014,ONGC,2024-01-03 09:15:00+05:30,,,0,,2.8132,44.21,-0.7017,0,0.4205,0.0,2,0,1,0,2,3,2024-01-03 09:25:00+05:30,2024-01-03 09:30:00+05:30,2024-01-03 15:00:00+05:30,193.5,190.6696428571429,198.59464285714284,0.4,EOD+
S015,ONGC,2024-01-03 09:40:00+05:30,-0.2084,,2,2.0,0.3582,50.0,-0.3464,0,0.578,0.0,2,1,0,0,2,3,2024-01-03 09:50:00+05:30,2024-01-03 09:55:00+05:30,2024-01-03 15:00:00+05:30,193.75,191.08035714285717,198.55535714285716,0.15,EOD+
S016,ONGC,2024-01-03 10:00:00+05:30,-0.0583,-0.1994,1,1.0,0.0644,41.67,4.8333,0,0.5511,,0,0,0,1,0,1,2024-01-03 10:00:00+05:30,2024-01-03 10:05:00+05:30,2024-01-03 15:00:00+05:30,193.3,190.96964285714287,197.49464285714288,0.6,EOD+
S017,ONGC,2024-01-03 10:20:00+05:30,0.0634,-0.0104,2,1.0,0.5771,42.86,-0.2593,0,0.2639,0.0,1,0,0,0,1,2,2024-01-03 10:25:00+05:30,2024-01-03 10:30:00+05:30,2024-01-03 15:00:00+05:30,193.35,191.01071428571427,197.56071428571428,0.55,EOD+
S018,ONGC,2024-01-03 10:45:00+05:30,0.1047,0.1203,3,1.0,0.546,64.29,-0.4872,0,0.7072,0.0,1,0,0,0,1,2,2024-01-03 10:50:00+05:30,2024-01-03 10:55:00+05:30,2024-01-03 15:00:00+05:30,193.9,192.56071428571428,196.3107142857143,0.0,EOD-
S019,ONGC,2024-01-03 11:25:00+05:30,0.0555,0.0465,6,1.0,0.085,0.0,3.6154,0,0.5737,,0,0,0,1,0,1,2024-01-03 11:25:00+05:30,2024-01-03 11:30:00+05:30,2024-01-03 14:00:00+05:30,193.75,192.7946428571429,195.46964285714287,1.7196,W
S020,ONGC,2024-01-03 11:35:00+05:30,0.0504,0.0529,0,,0.0966,50.0,0.6667,0,0.3904,,0,0,1,1,0,1,2024-01-03 11:35:00+05:30,2024-01-03 11:40:00+05:30,2024-01-03 13:50:00+05:30,193.65,192.87321428571428,195.0482142857143,1.3982,W
S021,ONGC,2024-01-03 12:00:00+05:30,0.049,0.04,3,3.0,1.0405,20.0,0.0909,0,1.3379,,0,0,1,1,0,1,2024-01-03 12:00:00+05:30,2024-01-03 12:05:00+05:30,2024-01-03 13:05:00+05:30,193.75,193.0892857142857,194.9392857142857,1.1893,W
S022,ONGC,2024-01-03 12:10:00+05:30,0.0426,0.0323,0,,0.5727,16.67,0.2698,0,0.981,,0,0,1,1,0,1,2024-01-03 12:10:00+05:30,2024-01-03 12:15:00+05:30,2024-01-03 13:50:00+05:30,193.85,193.1625,195.08750000000003,1.2375,W
S023,ONGC,2024-01-03 12:20:00+05:30,0.0503,0.0439,0,,0.5429,56.25,0.0526,0,1.5543,,0,0,0,1,0,1,2024-01-03 12:20:00+05:30,2024-01-03 12:25:00+05:30,2024-01-03 13:50:00+05:30,193.75,192.875,195.325,1.575,W
S024,ONGC,2024-01-03 12:30:00+05:30,0.0387,0.0606,0,,1.0188,23.08,-0.0476,0,1.9501,,0,1,1,1,0,1,2024-01-03 12:30:00+05:30,2024-01-03 12:35:00+05:30,2024-01-03 14:00:00+05:30,194.0,193.09821428571428,195.6232142857143,1.6232,W
S025,ONGC,2024-01-04 12:10:00+05:30,0.1183,0.2331,35,6.0,0.0606,38.46,14.5556,0,0.963,,0,0,0,1,0,1,2024-01-04 12:10:00+05:30,2024-01-04 12:15:00+05:30,2024-01-04 15:00:00+05:30,198.9,197.9714285714286,200.57142857142856,1.0,EOD+
S026,ONGC,2024-01-04 12:30:00+05:30,0.1157,0.1032,3,1.0,0.1963,85.71,-0.3333,0,0.9502,1.0,1,0,0,0,1,2,2024-01-04 12:35:00+05:30,2024-01-04 12:40:00+05:30,2024-01-04 15:00:00+05:30,199.3,198.34464285714287,201.01964285714288,0.6,EOD+
S027,ONGC,2024-01-04 13:30:00+05:30,0.1091,0.1317,10,1.0,0.161,18.18,5.087,0,1.8093,,0,0,0,1,0,1,2024-01-04 13:30:00+05:30,2024-01-04 13:35:00+05:30,2024-01-04 15:00:00+05:30,199.75,198.8571428571429,201.3571428571429,0.15,EOD+
S028,ONGC,2024-01-04 14:00:00+05:30,0.124,0.1078,5,3.0,0.3813,64.29,0.3115,0,1.1747,,0,1,0,1,0,1,2024-01-04 14:00:00+05:30,2024-01-04 14:05:00+05:30,2024-01-04 15:00:00+05:30,199.75,198.75,201.55,0.15,EOD+
S029,ONGC,2024-01-04 14:15:00+05:30,0.0951,0.124,1,1.0,0.1562,0.0,0.4815,0,0.5462,,0,0,1,1,0,1,2024-01-04 14:15:00+05:30,2024-01-04 14:20:00+05:30,2024-01-04 15:00:00+05:30,199.8,198.71964285714287,201.74464285714285,0.1,EOD+
S030,ONGC,2024-01-04 14:25:00+05:30,0.0976,0.1164,0,,0.2184,41.67,0.5385,0,1.2619,,0,0,0,1,0,1,2024-01-04 14:25:00+05:30,2024-01-04 14:30:00+05:30,2024-01-04 15:00:00+05:30,199.9,198.7839285714286,201.90892857142856,0.0,EOD-
S031,ONGC,2024-01-05 09:15:00+05:30,,,0,,0.9244,95.45,-0.8844,0,0.822,0.0,1,0,0,0,1,2,2024-01-05 09:20:00+05:30,2024-01-05 09:25:00+05:30,2024-01-05 09:35:00+05:30,199.9,198.73035714285717,202.00535714285715,-1.1696,L
S032,ONGC,2024-01-05 09:35:00+05:30,,,0,,1.9988,45.45,-0.8734,0,0.6927,1.0,3,0,0,0,3,4,2024-01-05 09:50:00+05:30,2024-01-05 09:55:00+05:30,2024-01-05 12:10:00+05:30,199.55,198.06785714285715,202.2178571428572,2.6679,W
S033,ONGC,2024-01-05 10:00:00+05:30,-0.0902,-0.129,0,,0.1652,85.71,-1.0,0,0.5176,1.0,1,0,0,0,1,2,2024-01-05 10:05:00+05:30,2024-01-05 10:10:00+05:30,2024-01-05 15:00:00+05:30,200.2,198.61071428571427,203.06071428571428,1.2,EOD+
S034,ONGC,2024-01-05 10:55:00+05:30,0.0526,0.0914,0,,1.2964,88.24,-0.9449,0,0.6397,0.0,3,0,1,0,3,4,2024-01-05 11:10:00+05:30,2024-01-05 11:15:00+05:30,2024-01-05 15:00:00+05:30,199.9,198.15,203.05,1.5,EOD+
S035,ONGC,2024-01-08 10:45:00+05:30,0.3174,0.4014,0,,0.626,0.0,-0.3548,0,0.2366,0.0,3,0,1,0,3,4,2024-01-08 11:00:00+05:30,2024-01-08 11:05:00+05:30,2024-01-08 14:25:00+05:30,204.25,202.39285714285717,207.59285714285716,-1.8571,L
S036,ONGC,2024-01-08 12:45:00+05:30,-0.0786,-0.0896,0,,1.0404,33.33,-0.8765,0,0.7013,1.0,3,0,0,0,3,4,2024-01-08 13:00:00+05:30,2024-01-08 13:05:00+05:30,2024-01-08 14:20:00+05:30,203.6,202.6267857142857,205.3517857142857,-0.9732,L
S037,ONGC,2024-01-08 13:15:00+05:30,-0.0664,-0.0934,1,1.0,0.0675,33.33,9.0,0,0.4753,,0,0,1,1,0,1,2024-01-08 13:15:00+05:30,2024-01-08 13:20:00+05:30,2024-01-08 14:10:00+05:30,203.6,202.85892857142855,204.93392857142857,-0.7411,L
S038,ONGC,2024-01-08 13:30:00+05:30,-0.0307,-0.0664,2,2.0,0.0276,50.0,12.3333,0,0.7181,,0,0,1,1,0,1,2024-01-08 13:30:00+05:30,2024-01-08 13:35:00+05:30,2024-01-08 14:20:00+05:30,203.4,202.7214285714286,204.62142857142857,-0.6786,L
S039,ONGC,2024-01-09 09:15:00+05:30,,,0,,0.3803,68.57,1.766,0,5.545,,0,0,0,1,0,1,2024-01-09 09:15:00+05:30,2024-01-09 09:20:00+05:30,2024-01-09 10:55:00+05:30,203.3,201.75535714285715,206.0803571428572,-1.5446,L
S040,ONGC,2024-01-09 09:40:00+05:30,0.0739,,4,3.0,0.051,72.22,1.8571,0,0.6635,,0,0,1,1,0,1,2024-01-09 09:40:00+05:30,2024-01-09 09:45:00+05:30,2024-01-09 15:00:00+05:30,203.0,201.28571428571428,206.0857142857143,-0.8,EOD-
S041,ONGC,2024-01-09 10:10:00+05:30,-0.0259,0.0431,0,,0.9396,50.0,-0.8658,0,1.0881,1.0,3,0,0,0,3,4,2024-01-09 10:25:00+05:30,2024-01-09 10:30:00+05:30,2024-01-09 15:00:00+05:30,203.1,201.11785714285716,206.66785714285717,-0.9,EOD-
S042,ONGC,2024-01-09 11:20:00+05:30,-0.2063,-0.1481,0,,1.076,22.22,-0.5699,0,0.7455,0.0,3,1,1,0,3,4,2024-01-09 11:35:00+05:30,2024-01-09 11:40:00+05:30,2024-01-09 15:00:00+05:30,202.35,201.26964285714288,204.29464285714283,-0.15,EOD-
S043,ONGC,2024-01-09 11:50:00+05:30,-0.0148,-0.1038,1,1.0,0.2551,90.0,-1.0,0,0.8711,0.0,1,0,0,0,1,2,2024-01-09 11:55:00+05:30,2024-01-09 12:00:00+05:30,2024-01-09 14:30:00+05:30,202.4,201.44464285714287,204.11964285714285,-0.9554,L
S044,ONGC,2024-01-09 12:05:00+05:30,-0.0309,-0.0148,0,,0.1117,0.0,0.3333,0,0.6534,,0,0,1,1,0,1,2024-01-09 12:05:00+05:30,2024-01-09 12:10:00+05:30,2024-01-09 15:00:00+05:30,202.2,201.36071428571427,203.7107142857143,0.0,EOD-
S045,ONGC,2024-01-09 12:15:00+05:30,-0.0371,-0.0012,0,,0.0692,40.0,5.6667,0,1.008,,0,1,0,1,0,1,2024-01-09 12:15:00+05:30,2024-01-09 12:20:00+05:30,2024-01-09 14:25:00+05:30,202.5,201.6875,203.9625,-0.8125,L
S046,ONGC,2024-01-09 12:25:00+05:30,-0.0383,-0.0457,0,,0.0159,33.33,9.0,0,0.656,,0,0,1,1,0,1,2024-01-09 12:25:00+05:30,2024-01-09 12:30:00+05:30,2024-01-09 14:30:00+05:30,202.25,201.4642857142857,203.6642857142857,-0.7857,L
S047,ONGC,2024-01-09 12:40:00+05:30,0.0124,-0.0383,1,1.0,0.825,42.86,-0.1919,0,1.5425,0.0,3,1,0,0,3,4,2024-01-09 12:55:00+05:30,2024-01-09 13:00:00+05:30,2024-01-09 14:25:00+05:30,202.65,201.9,204.00000000000003,-0.75,L
S048,ONGC,2024-01-09 13:20:00+05:30,0.0099,0.0482,0,,0.5433,100.0,-1.0,0,0.9047,1.0,3,0,0,0,3,4,2024-01-09 13:35:00+05:30,2024-01-09 13:40:00+05:30,2024-01-09 14:25:00+05:30,202.35,201.7517857142857,203.42678571428576,-0.5982,L
S049,ONGC,2024-01-10 10:35:00+05:30,-0.6273,-0.6412,0,,1.3096,76.92,-0.8977,0,0.4003,1.0,3,0,0,0,3,4,2024-01-10 10:50:00+05:30,2024-01-10 10:55:00+05:30,2024-01-10 15:00:00+05:30,196.95,195.08392857142857,200.3089285714285,0.2,EOD+
S050,ONGC,2024-01-10 11:00:00+05:30,-0.3758,-0.6224,0,,0.1441,62.5,0.7143,0,0.4859,,0,0,0,1,0,1,2024-01-10 11:00:00+05:30,2024-01-10 11:05:00+05:30,2024-01-10 12:45:00+05:30,197.0,195.4821428571429,199.73214285714283,-1.5179,L
S051,ONGC,2024-01-10 11:10:00+05:30,-0.1002,-0.4798,0,,0.5323,56.25,-0.3701,0,0.7338,,0,0,0,1,0,1,2024-01-10 11:10:00+05:30,2024-01-10 11:15:00+05:30,2024-01-10 12:20:00+05:30,197.35,195.85892857142855,200.03392857142856,-1.4911,L
S052,ONGC,2024-01-10 12:50:00+05:30,-0.1668,-0.1298,0,,2.3287,12.5,-0.7024,0,1.0978,1.0,3,0,0,0,3,4,2024-01-10 13:05:00+05:30,2024-01-10 13:10:00+05:30,2024-01-10 15:00:00+05:30,196.2,195.29821428571427,197.82321428571427,0.95,EOD+
S053,ONGC,2024-01-10 13:15:00+05:30,-0.1109,-0.1695,0,,0.3573,75.0,-1.0,0,0.5387,,0,0,1,1,0,1,2024-01-10 13:15:00+05:30,2024-01-10 13:20:00+05:30,2024-01-10 15:00:00+05:30,196.1,195.24285714285716,197.64285714285717,1.05,EOD+
S054,ONGC,2024-01-10 14:00:00+05:30,-0.0753,-0.0817,0,,1.0775,55.56,-1.0,0,1.3226,1.0,3,0,0,0,3,4,2024-01-10 14:15:00+05:30,2024-01-10 14:20:00+05:30,2024-01-10 14:55:00+05:30,195.75,194.95535714285717,197.1803571428572,1.4304,W
S055,ONGC,2024-01-10 14:25:00+05:30,-0.0179,-0.0664,0,,0.3583,60.0,-0.5349,0,0.9327,1.0,1,0,1,0,1,2,2024-01-10 14:30:00+05:30,2024-01-10 14:35:00+05:30,2024-01-10 15:00:00+05:30,196.0,195.25,197.35,1.15,EOD+
S056,ONGC,2024-01-11 09:40:00+05:30,0.2891,,5,5.0,0.0811,36.36,6.3684,0,1.0688,,0,0,0,1,0,1,2024-01-11 09:40:00+05:30,2024-01-11 09:45:00+05:30,2024-01-11 15:00:00+05:30,197.5,196.0357142857143,200.13571428571427,-0.1,EOD-
S057,ONGC,2024-01-11 09:55:00+05:30,0.214,0.2891,0,,0.6606,50.0,-0.6026,0,0.609,0.0,3,0,0,0,3,4,2024-01-11 10:10:00+05:30,2024-01-11 10:15:00+05:30,2024-01-11 15:00:00+05:30,197.6,196.17142857142855,200.17142857142852,-0.2,EOD-
S058,ONGC,2024-01-11 10:20:00+05:30,0.0886,0.1595,0,,0.5946,50.0,-0.8582,0,0.7373,1.0,2,0,0,0,2,3,2024-01-11 10:30:00+05:30,2024-01-11 10:35:00+05:30,2024-01-11 15:00:00+05:30,197.6,196.11785714285716,200.2678571428571,-0.2,EOD-
S059,ONGC,2024-01-11 13:40:00+05:30,-0.0585,-0.0445,0,,1.2623,100.0,-1.0,0,2.7887,1.0,3,0,0,0,3,4,2024-01-11 13:55:00+05:30,2024-01-11 14:00:00+05:30,2024-01-11 14:10:00+05:30,197.3,196.75535714285715,198.2803571428572,-0.5446,L
S060,ONGC,2024-01-11 14:10:00+05:30,0.0254,-0.0394,2,1.0,0.5272,83.33,-0.3443,0,0.9938,0.0,1,0,1,0,1,2,2024-01-11 14:15:00+05:30,2024-01-11 14:20:00+05:30,2024-01-11 15:00:00+05:30,196.7,195.9767857142857,198.0017857142857,0.7,EOD+
S061,ONGC,2024-01-12 12:30:00+05:30,0.4176,0.5202,39,2.0,0.6657,42.86,0.0294,0,0.9243,,0,0,0,1,0,1,2024-01-12 12:30:00+05:30,2024-01-12 12:35:00+05:30,2024-01-12 14:55:00+05:30,204.75,203.47321428571428,207.04821428571427,2.2982,W
S062,ONGC,2024-01-12 12:50:00+05:30,0.245,0.4015,2,2.0,0.0275,16.67,9.0,0,0.2645,,0,1,1,1,0,1,2024-01-12 12:50:00+05:30,2024-01-12 12:55:00+05:30,2024-01-12 15:00:00+05:30,205.3,203.9339285714286,207.75892857142856,2.4589,W
S063,ONGC,2024-01-12 14:15:00+05:30,0.0559,0.0571,0,,0.8212,100.0,-1.0,0,1.1625,1.0,3,1,1,0,3,4,2024-01-12 14:30:00+05:30,2024-01-12 14:35:00+05:30,2024-01-12 15:00:00+05:30,206.2,205.27142857142857,207.8714285714285,1.6714,W
S064,ONGC,2024-01-15 13:45:00+05:30,0.1678,0.2899,54,6.0,0.3016,84.21,-0.7531,0,1.1718,1.0,1,0,0,0,1,2,2024-01-15 13:50:00+05:30,2024-01-15 13:55:00+05:30,2024-01-15 15:00:00+05:30,217.85,216.17142857142855,220.8714285714285,0.05,EOD+
S065,ONGC,2024-01-15 14:10:00+05:30,0.1859,0.1161,3,2.0,0.0793,6.67,10.3043,0,1.0679,,0,0,0,1,0,1,2024-01-15 14:10:00+05:30,2024-01-15 14:15:00+05:30,2024-01-15 15:00:00+05:30,218.5,216.6875,221.7625,-0.6,EOD-
S066,ONGC,2024-01-15 14:20:00+05:30,0.2007,0.1492,1,1.0,0.225,25.0,-0.0476,0,0.6896,0.0,1,0,1,0,1,2,2024-01-15 14:25:00+05:30,2024-01-15 14:30:00+05:30,2024-01-15 15:00:00+05:30,218.15,216.4,221.3,-0.25,EOD-
S067,ONGC,2024-01-16 09:15:00+05:30,,,0,,1.2941,24.49,0.1082,0,1.994,,0,0,0,1,0,1,2024-01-16 09:15:00+05:30,2024-01-16 09:20:00+05:30,2024-01-16 09:55:00+05:30,218.1,216.26964285714288,221.39464285714288,3.2946,W
S068,ONGC,2024-01-16 09:25:00+05:30,,,0,,1.5502,58.82,-0.8351,0,1.5554,1.0,2,0,1,0,2,3,2024-01-16 09:35:00+05:30,2024-01-16 09:40:00+05:30,2024-01-16 10:10:00+05:30,218.85,216.89464285714288,222.36964285714285,3.5196,W
S069,ONGC,2024-01-16 10:50:00+05:30,0.3049,0.3442,14,8.0,0.215,60.0,-0.2308,0,0.3182,0.0,1,0,0,0,1,2,2024-01-16 10:55:00+05:30,2024-01-16 11:00:00+05:30,2024-01-16 13:05:00+05:30,220.15,217.88214285714284,224.2321428571429,-2.2679,L
S070,ONGC,2024-01-16 13:35:00+05:30,-0.5,-0.5146,0,,3.1912,50.0,-0.8375,0,1.5907,1.0,3,1,1,0,3,4,2024-01-16 13:50:00+05:30,2024-01-16 13:55:00+05:30,2024-01-16 15:00:00+05:30,218.8,216.1482142857143,223.5732142857143,0.7,EOD+
S071,ONGC,2024-01-17 09:15:00+05:30,,,0,,5.0859,22.5,-0.6802,0,2.7508,0.0,3,0,0,0,3,4,2024-01-17 09:30:00+05:30,2024-01-17 09:35:00+05:30,2024-01-17 09:55:00+05:30,220.05,217.89821428571432,223.9232142857143,-2.1518,L
S072,ONGC,2024-01-17 09:45:00+05:30,0.0228,,2,2.0,0.3168,9.52,1.5676,0,3.3415,,0,0,0,1,0,1,2024-01-17 09:45:00+05:30,2024-01-17 09:50:00+05:30,2024-01-17 12:05:00+05:30,219.65,216.73035714285717,224.9053571428572,-2.9196,L
S073,ONGC,2024-01-17 09:55:00+05:30,-0.0445,-0.0251,0,,0.9102,87.1,-1.0,0,0.5258,0.0,1,0,1,0,1,2,2024-01-17 10:00:00+05:30,2024-01-17 10:05:00+05:30,2024-01-17 14:25:00+05:30,218.95,215.79821428571427,224.62321428571423,-3.1518,L
S074,ONGC,2024-01-17 10:10:00+05:30,-0.0994,-0.0445,0,,0.3683,0.0,-0.1045,0,0.5516,1.0,1,0,0,0,1,2,2024-01-17 10:15:00+05:30,2024-01-17 10:20:00+05:30,2024-01-17 12:05:00+05:30,219.65,216.23928571428573,225.7892857142857,-3.4107,L
S075,ONGC,2024-01-17 10:30:00+05:30,-0.0091,-0.0845,1,1.0,0.0178,82.35,4.0,0,0.3829,,0,1,1,1,0,1,2024-01-17 10:30:00+05:30,2024-01-17 10:35:00+05:30,2024-01-17 12:00:00+05:30,219.7,216.8875,224.7625,-2.8125,L
S076,ONGC,2024-01-17 10:40:00+05:30,0.0034,-0.0343,0,,0.0757,37.5,0.3793,0,0.2268,,0,0,1,1,0,1,2024-01-17 10:40:00+05:30,2024-01-17 10:45:00+05:30,2024-01-17 12:05:00+05:30,218.8,216.40714285714287,223.1071428571429,-2.3929,L
S077,ONGC,2024-01-17 10:55:00+05:30,0.0616,0.0034,0,,0.8329,81.82,-0.9291,0,0.5404,1.0,3,0,0,0,3,4,2024-01-17 11:10:00+05:30,2024-01-17 11:15:00+05:30,2024-01-17 12:00:00+05:30,219.0,216.88392857142856,222.8089285714285,-2.1161,L
S078,ONGC,2024-01-17 12:50:00+05:30,-0.2105,-0.2275,0,,2.0205,77.78,-0.8425,0,0.9197,0.0,3,1,1,0,3,4,2024-01-17 13:05:00+05:30,2024-01-17 13:10:00+05:30,2024-01-17 14:25:00+05:30,217.3,215.72857142857143,220.12857142857143,-1.5714,L
S079,ONGC,2024-01-17 13:35:00+05:30,-0.0415,-0.1164,4,2.0,0.8451,69.23,-0.596,0,0.9616,0.0,1,0,0,0,1,2,2024-01-17 13:40:00+05:30,2024-01-17 13:45:00+05:30,2024-01-17 14:45:00+05:30,216.9,215.43571428571428,219.53571428571428,-1.4643,L
S080,ONGC,2024-01-17 13:50:00+05:30,-0.0173,-0.0415,0,,0.2699,30.77,-1.0,0,0.7434,,0,0,1,1,0,1,2024-01-17 13:50:00+05:30,2024-01-17 13:55:00+05:30,2024-01-17 14:45:00+05:30,216.95,215.46785714285716,219.61785714285716,-1.4821,L
S081,ONGC,2024-01-17 14:00:00+05:30,-0.0161,-0.0254,0,,0.642,37.5,-0.7222,0,1.339,1.0,1,0,0,0,1,2,2024-01-17 14:05:00+05:30,2024-01-17 14:10:00+05:30,2024-01-17 14:25:00+05:30,217.1,215.69821428571427,219.6232142857143,-1.4018,L
S082,ONGC,2024-01-18 09:15:00+05:30,,,0,,2.1845,61.73,-1.0,0,3.1322,,0,1,0,1,0,1,2024-01-18 09:15:00+05:30,2024-01-18 09:20:00+05:30,2024-01-18 09:25:00+05:30,216.75,214.38392857142856,221.00892857142856,-2.3661,L
S083,ONGC,2024-01-18 10:20:00+05:30,-0.4604,-0.666,0,,1.0169,20.0,-0.969,0,0.2918,0.0,3,1,1,0,3,4,2024-01-18 10:35:00+05:30,2024-01-18 10:40:00+05:30,2024-01-18 15:00:00+05:30,213.3,209.3357142857143,220.43571428571428,4.55,EOD+
S084,ONGC,2024-01-18 11:40:00+05:30,0.4967,0.3025,12,8.0,0.0574,31.58,4.7143,0,0.7175,,0,1,0,1,0,1,2024-01-18 11:40:00+05:30,2024-01-18 11:45:00+05:30,2024-01-18 15:00:00+05:30,214.25,211.9642857142857,218.3642857142857,3.6,EOD+
S085,ONGC,2024-01-18 11:50:00+05:30,0.4145,0.4702,1,1.0,0.1877,11.11,1.3729,0,0.5048,,0,1,1,1,0,1,2024-01-18 11:50:00+05:30,2024-01-18 11:55:00+05:30,2024-01-18 14:35:00+05:30,214.35,212.38571428571427,217.8857142857143,3.5357,W
S086,ONGC,2024-01-18 12:15:00+05:30,0.3386,0.3241,3,3.0,0.0374,81.82,1.0,0,0.5608,,0,0,1,1,0,1,2024-01-18 12:15:00+05:30,2024-01-18 12:20:00+05:30,2024-01-18 15:00:00+05:30,215.3,213.63035714285715,218.3053571428572,2.55,EOD+
S087,ONGC,2024-01-18 12:35:00+05:30,0.1627,0.3233,3,1.0,0.278,70.0,-0.0588,0,1.5614,,0,1,0,1,0,1,2024-01-18 12:35:00+05:30,2024-01-18 12:40:00+05:30,2024-01-18 15:00:00+05:30,215.85,213.9392857142857,219.2892857142857,2.0,EOD+
S088,ONGC,2024-01-18 12:45:00+05:30,0.043,0.2209,0,,0.2355,30.0,-0.1892,0,1.0543,,0,0,0,1,0,1,2024-01-18 12:45:00+05:30,2024-01-18 12:50:00+05:30,2024-01-18 15:00:00+05:30,215.15,213.18571428571428,218.6857142857143,2.7,EOD+
S089,ONGC,2024-01-18 13:35:00+05:30,0.1739,0.1288,9,8.0,0.5323,46.67,0.0959,0,1.0454,,0,0,0,1,0,1,2024-01-18 13:35:00+05:30,2024-01-18 13:40:00+05:30,2024-01-18 15:00:00+05:30,215.65,213.93571428571428,218.7357142857143,2.2,EOD+
S090,ONGC,2024-01-18 13:45:00+05:30,0.1194,0.1763,0,,0.0259,60.0,-1.0,0,0.9518,,0,1,0,1,0,1,2024-01-18 13:45:00+05:30,2024-01-18 13:50:00+05:30,2024-01-18 15:00:00+05:30,216.0,214.55357142857144,218.60357142857143,1.85,EOD+
S091,ONGC,2024-01-18 14:25:00+05:30,0.1365,0.0915,7,2.0,0.1213,45.0,6.6923,0,1.333,,0,0,1,1,0,1,2024-01-18 14:25:00+05:30,2024-01-18 14:30:00+05:30,2024-01-18 15:00:00+05:30,216.95,215.61071428571427,219.36071428571427,0.9,EOD+
S092,ONGC,2024-01-19 11:00:00+05:30,0.448,0.5878,21,7.0,0.1124,41.67,1.2857,0,0.5953,,0,1,0,1,0,1,2024-01-19 11:00:00+05:30,2024-01-19 11:05:00+05:30,2024-01-19 15:00:00+05:30,222.25,220.30357142857144,225.75357142857143,3.5036,W
S093,ONGC,2024-01-19 11:10:00+05:30,0.3126,0.5192,0,,0.9549,11.11,-0.5018,0,0.6218,1.0,2,0,0,0,2,3,2024-01-19 11:20:00+05:30,2024-01-19 11:25:00+05:30,2024-01-19 15:00:00+05:30,222.7,220.86071428571427,226.0107142857143,1.8,EOD+
S094,ONGC,2024-01-19 12:20:00+05:30,-0.0708,-0.0382,0,,1.2264,20.0,-0.6347,0,4.068,1.0,3,0,0,0,3,4,2024-01-19 12:35:00+05:30,2024-01-19 12:40:00+05:30,2024-01-19 13:50:00+05:30,222.45,221.33392857142857,224.45892857142857,2.0089,W
S095,ONGC,2024-01-19 12:45:00+05:30,-0.027,-0.0618,0,,0.9864,0.0,-0.0968,0,1.1735,1.0,1,0,1,0,1,2,2024-01-19 12:50:00+05:30,2024-01-19 12:55:00+05:30,2024-01-19 13:50:00+05:30,223.05,222.06785714285715,224.81785714285715,1.7679,W
S096,ONGC,2024-01-20 09:30:00+05:30,,,3,3.0,1.5141,88.1,-0.863,0,0.6442,0.0,3,0,1,0,3,4,2024-01-20 09:45:00+05:30,2024-01-20 09:50:00+05:30,2024-01-20 12:40:00+05:30,226.6,224.1892857142857,230.9392857142857,-2.4107,L
S097,ONGC,2024-01-20 09:55:00+05:30,0.0355,0.0899,0,,0.4013,37.5,-0.6591,0,0.3112,0.0,2,0,1,0,2,3,2024-01-20 10:05:00+05:30,2024-01-20 10:10:00+05:30,2024-01-20 15:00:00+05:30,225.45,222.70892857142857,230.38392857142856,0.25,EOD+
S098,ONGC,2024-01-20 10:15:00+05:30,0.0211,0.0178,0,,0.1789,63.64,-0.2593,0,0.3181,,0,0,0,1,0,1,2024-01-20 10:15:00+05:30,2024-01-20 10:20:00+05:30,2024-01-20 15:00:00+05:30,225.75,222.9196428571429,230.84464285714287,-0.05,EOD-
S099,ONGC,2024-01-20 11:50:00+05:30,0.2107,0.2374,18,7.0,0.3344,78.95,-0.0698,0,0.251,0.0,2,0,1,0,2,3,2024-01-20 12:00:00+05:30,2024-01-20 12:05:00+05:30,2024-01-20 12:35:00+05:30,226.75,225.14285714285717,229.64285714285717,-1.6071,L
S100,ONGC,2024-01-20 13:25:00+05:30,-0.2627,-0.2844,0,,1.2007,66.67,-1.0,0,0.6123,1.0,3,0,0,0,3,4,2024-01-20 13:40:00+05:30,2024-01-20 13:45:00+05:30,2024-01-20 15:00:00+05:30,225.3,224.07678571428573,227.5017857142857,0.4,EOD+
S101,ONGC,2024-01-20 13:50:00+05:30,-0.1866,-0.2396,0,,0.9696,77.78,-0.7861,0,1.1391,1.0,1,0,0,0,1,2,2024-01-20 13:55:00+05:30,2024-01-20 14:00:00+05:30,2024-01-20 15:00:00+05:30,225.7,224.49464285714288,227.8696428571428,-1.2054,L
S102,ONGC,2024-01-23 13:25:00+05:30,-0.3264,-0.4063,0,,1.2274,30.0,-0.8408,0,1.0879,0.0,3,0,0,0,3,4,2024-01-23 13:40:00+05:30,2024-01-23 13:45:00+05:30,2024-01-23 14:15:00+05:30,217.35,215.43035714285716,220.80535714285716,-1.9196,L
S103,ONGC,2024-01-24 09:15:00+05:30,,,0,,0.9553,50.79,-1.0,0,1.152,0.0,1,0,0,0,1,2,2024-01-24 09:20:00+05:30,2024-01-24 09:25:00+05:30,2024-01-24 11:30:00+05:30,215.65,212.81071428571428,220.76071428571427,-2.8393,L
S104,ONGC,2024-01-24 09:50:00+05:30,-0.0047,,4,2.0,0.0,37.5,,1,0.4391,,0,0,1,1,0,1,2024-01-24 09:50:00+05:30,2024-01-24 09:55:00+05:30,2024-01-24 15:00:00+05:30,214.8,211.4964285714286,220.74642857142857,3.4,EOD+
S105,ONGC,2024-01-24 10:10:00+05:30,0.22,0.0734,3,2.0,0.0112,43.75,19.0,0,0.5218,,0,0,0,1,0,1,2024-01-24 10:10:00+05:30,2024-01-24 10:15:00+05:30,2024-01-24 15:00:00+05:30,215.4,212.0607142857143,221.41071428571428,2.8,EOD+
S106,ONGC,2024-01-24 12:00:00+05:30,-0.2978,-0.2238,0,,2.4537,70.0,-0.9393,0,1.9892,1.0,3,0,1,0,3,4,2024-01-24 12:15:00+05:30,2024-01-24 12:20:00+05:30,2024-01-24 13:25:00+05:30,214.85,213.17142857142855,217.87142857142857,3.0214,W
S107,ONGC,2024-01-24 12:25:00+05:30,-0.1181,-0.297,1,1.0,0.106,60.87,7.9474,0,1.4863,,0,1,0,1,0,1,2024-01-24 12:25:00+05:30,2024-01-24 12:30:00+05:30,2024-01-24 14:45:00+05:30,214.6,212.35892857142855,218.63392857142856,4.0339,W
S108,ONGC,2024-01-24 13:55:00+05:30,0.4683,0.5769,17,6.0,0.0662,64.29,0.0526,0,0.7813,,0,0,1,1,0,1,2024-01-24 13:55:00+05:30,2024-01-24 14:00:00+05:30,2024-01-24 15:00:00+05:30,216.75,214.95535714285717,219.9803571428572,1.45,EOD+
S109,ONGC,2024-01-24 14:05:00+05:30,0.2951,0.5297,0,,0.5795,38.1,-0.7753,0,0.7734,,0,0,1,1,0,1,2024-01-24 14:05:00+05:30,2024-01-24 14:10:00+05:30,2024-01-24 15:00:00+05:30,216.95,215.03035714285716,220.4053571428572,1.25,EOD+
S110,ONGC,2024-01-24 14:15:00+05:30,0.1843,0.3621,0,,0.7179,57.14,-0.403,0,0.8073,,0,0,1,1,0,1,2024-01-24 14:15:00+05:30,2024-01-24 14:20:00+05:30,2024-01-24 15:00:00+05:30,217.2,215.45,220.35,1.0,EOD+
S111,ONGC,2024-01-25 09:15:00+05:30,,,0,,0.5064,14.29,1.6471,0,2.3047,,0,1,0,1,0,1,2024-01-25 09:15:00+05:30,2024-01-25 09:20:00+05:30,2024-01-25 10:55:00+05:30,218.6,216.92142857142855,221.6214285714285,-1.6786,L
S112,ONGC,2024-01-25 09:30:00+05:30,,,1,1.0,0.0875,87.88,0.3333,0,1.0244,,0,0,1,1,0,1,2024-01-25 09:30:00+05:30,2024-01-25 09:35:00+05:30,2024-01-25 15:00:00+05:30,218.1,215.95714285714288,221.95714285714283,-0.9,EOD-
S113,ONGC,2024-01-25 09:40:00+05:30,0.2027,,0,,0.0368,75.0,3.6154,0,0.507,,0,0,1,1,0,1,2024-01-25 09:40:00+05:30,2024-01-25 09:45:00+05:30,2024-01-25 15:00:00+05:30,218.35,216.14464285714288,222.3196428571428,-1.15,EOD-
S114,ONGC,2024-01-25 09:50:00+05:30,0.1545,,0,,0.0514,70.97,2.8095,0,0.9516,,0,0,0,1,0,1,2024-01-25 09:50:00+05:30,2024-01-25 09:55:00+05:30,2024-01-25 15:00:00+05:30,218.45,215.89642857142857,223.04642857142852,-1.25,EOD-
S115,ONGC,2024-01-25 10:15:00+05:30,0.0892,0.127,4,2.0,0.0922,60.0,1.0513,0,0.6518,,0,0,1,1,0,1,2024-01-25 10:15:00+05:30,2024-01-25 10:20:00+05:30,2024-01-25 15:00:00+05:30,218.65,216.00714285714287,223.40714285714287,-1.45,EOD-
S116,ONGC,2024-01-25 11:05:00+05:30,-0.1707,-0.0561,0,,2.141,30.0,-0.9304,0,1.0768,1.0,3,0,0,0,3,4,2024-01-25 11:20:00+05:30,2024-01-25 11:25:00+05:30,2024-01-25 15:00:00+05:30,218.7,217.02142857142857,221.72142857142856,-1.5,EOD-
S117,ONGC,2024-01-25 12:15:00+05:30,0.0595,0.0756,10,7.0,0.2304,55.56,0.0127,0,0.5215,,0,1,0,1,0,1,2024-01-25 12:15:00+05:30,2024-01-25 12:20:00+05:30,2024-01-25 15:00:00+05:30,218.5,216.3571428571429,222.3571428571429,-1.3,EOD-
S118,ONGC,2024-01-25 12:25:00+05:30,0.0835,0.0572,0,,0.0126,11.11,9.0,0,0.5842,,0,0,1,1,0,1,2024-01-25 12:25:00+05:30,2024-01-25 12:30:00+05:30,2024-01-25 15:00:00+05:30,218.6,216.60892857142855,222.18392857142857,-1.4,EOD-
S119,ONGC,2024-01-25 12:35:00+05:30,0.1212,0.0721,0,,0.5677,44.44,-1.0,0,1.8035,1.0,2,0,0,0,2,3,2024-01-25 12:45:00+05:30,2024-01-25 12:50:00+05:30,2024-01-25 14:55:00+05:30,219.35,217.4125,222.8375,-1.9375,L
S120,ONGC,2024-01-25 12:55:00+05:30,0.1553,0.1497,0,,1.1826,100.0,-1.0,0,0.8926,1.0,2,0,0,0,2,3,2024-01-25 13:05:00+05:30,2024-01-25 13:10:00+05:30,2024-01-25 14:50:00+05:30,219.3,217.60357142857143,222.3535714285714,-1.6964,L
S121,ONGC,2024-01-25 14:05:00+05:30,-0.0446,-0.104,0,,0.7857,45.45,-0.8182,0,1.1291,1.0,3,0,1,0,3,4,2024-01-25 14:20:00+05:30,2024-01-25 14:25:00+05:30,2024-01-25 15:00:00+05:30,218.8,217.05,221.95,-1.6,EOD-
S122,ONGC,2024-01-25 14:30:00+05:30,0.0011,-0.0206,1,1.0,0.0039,40.0,59.0,0,1.3978,,0,1,0,1,0,1,2024-01-25 14:30:00+05:30,2024-01-25 14:35:00+05:30,2024-01-25 14:55:00+05:30,219.1,217.5017857142857,221.97678571428568,-1.5982,L
S123,ONGC,2024-01-29 12:45:00+05:30,0.2209,0.472,42,9.0,0.1859,80.0,-1.0,0,0.5049,1.0,1,0,1,0,1,2,2024-01-29 12:50:00+05:30,2024-01-29 12:55:00+05:30,2024-01-29 15:00:00+05:30,234.5,232.78571428571428,237.5857142857143,-0.25,EOD-
S124,ONGC,2024-01-29 13:00:00+05:30,0.0853,0.2209,0,,0.1482,28.57,-0.4444,0,0.4059,,0,1,1,1,0,1,2024-01-29 13:00:00+05:30,2024-01-29 13:05:00+05:30,2024-01-29 15:00:00+05:30,234.55,233.03214285714287,237.28214285714287,-0.3,EOD-
S125,ONGC,2024-01-29 13:10:00+05:30,0.1098,0.1227,0,,0.4722,84.62,-1.0,0,1.1424,,0,1,1,1,0,1,2024-01-29 13:10:00+05:30,2024-01-29 13:15:00+05:30,2024-01-29 14:55:00+05:30,235.45,233.9410714285714,238.16607142857143,-1.5089,L
S126,ONGC,2024-01-29 13:20:00+05:30,0.0757,0.096,1,1.0,0.2674,0.0,1.3529,0,0.8105,,0,0,0,1,0,1,2024-01-29 13:20:00+05:30,2024-01-29 13:25:00+05:30,2024-01-29 15:00:00+05:30,234.75,233.16071428571428,237.6107142857143,-0.5,EOD-
S127,ONGC,2024-01-29 13:30:00+05:30,0.0458,0.0938,0,,0.4006,12.5,-0.3684,0,0.4951,1.0,2,0,1,0,2,3,2024-01-29 13:40:00+05:30,2024-01-29 13:45:00+05:30,2024-01-29 15:00:00+05:30,234.65,233.16785714285717,237.31785714285715,-0.4,EOD-
S128,ONGC,2024-01-31 09:15:00+05:30,,,0,,1.0451,65.85,-0.8134,0,1.7363,,0,1,0,1,0,1,2024-01-31 09:15:00+05:30,2024-01-31 09:20:00+05:30,2024-01-31 10:40:00+05:30,234.65,231.44464285714287,240.4196428571429,-3.2054,L
S129,ONGC,2024-01-31 09:25:00+05:30,,,0,,1.081,57.14,-0.4577,0,0.5892,,0,1,1,1,0,1,2024-01-31 09:25:00+05:30,2024-01-31 09:30:00+05:30,2024-01-31 11:00:00+05:30,234.65,231.025,241.175,-3.625,L
S130,ONGC,2024-01-31 10:00:00+05:30,0.0577,-0.1134,5,4.0,0.0104,9.37,95.6667,0,0.4966,,0,0,1,1,0,1,2024-01-31 10:00:00+05:30,2024-01-31 10:05:00+05:30,2024-01-31 10:40:00+05:30,235.25,231.6517857142857,241.7267857142857,-3.5982,L
S131,ONGC,2024-01-31 10:10:00+05:30,0.0673,0.0182,1,1.0,0.0341,6.67,9.0,0,0.4567,,0,0,1,1,0,1,2024-01-31 10:10:00+05:30,2024-01-31 10:15:00+05:30,2024-01-31 11:00:00+05:30,234.4,230.73035714285717,241.00535714285712,-3.6696,L
S132,ONGC,2024-01-31 11:20:00+05:30,-0.5057,-0.1958,0,,2.8024,13.33,-0.8977,0,1.1756,1.0,3,0,1,0,3,4,2024-01-31 11:35:00+05:30,2024-01-31 11:40:00+05:30,2024-01-31 15:00:00+05:30,232.5,229.88392857142856,237.2089285714286,1.45,EOD+
S133,ONGC,2024-01-31 13:35:00+05:30,-0.1722,-0.0301,0,,0.3648,66.67,-0.75,0,0.58,1.0,3,0,0,0,3,4,2024-01-31 13:50:00+05:30,2024-01-31 13:55:00+05:30,2024-01-31 15:00:00+05:30,232.5,229.75892857142856,237.4339285714286,1.45,EOD+
S134,ONGC,2024-01-31 14:00:00+05:30,-0.0183,-0.1119,0,,0.142,0.0,-0.0698,0,0.3594,0.0,2,0,1,0,2,3,2024-01-31 14:10:00+05:30,2024-01-31 14:15:00+05:30,2024-01-31 15:00:00+05:30,232.2,230.30714285714285,235.6071428571429,1.75,EOD+
S135,ONGC,2024-01-31 14:20:00+05:30,-0.1401,-0.0312,0,,0.2577,82.61,0.3333,0,0.8163,,0,0,1,1,0,1,2024-01-31 14:20:00+05:30,2024-01-31 14:25:00+05:30,2024-01-31 15:00:00+05:30,232.9,231.44464285714287,235.51964285714288,1.05,EOD+
S136,ONGC,2024-02-01 09:20:00+05:30,,,1,1.0,0.1085,47.62,1.7273,0,1.1613,,0,0,0,1,0,1,2024-02-01 09:20:00+05:30,2024-02-01 09:25:00+05:30,2024-02-01 11:00:00+05:30,233.95,231.4142857142857,238.51428571428568,-2.5357,L
S137,ONGC,2024-02-01 09:30:00+05:30,,,0,,0.0498,25.0,0.0526,0,1.079,,0,0,0,1,0,1,2024-02-01 09:30:00+05:30,2024-02-01 09:35:00+05:30,2024-02-01 11:00:00+05:30,234.05,231.66607142857143,238.34107142857144,-2.3839,L
S138,ONGC,2024-02-01 10:00:00+05:30,-0.0374,0.1356,0,,1.686,40.0,-0.881,0,1.8536,1.0,3,0,0,0,3,4,2024-02-01 10:15:00+05:30,2024-02-01 10:20:00+05:30,2024-02-01 11:00:00+05:30,233.95,231.45892857142857,238.43392857142857,-2.4911,L
S139,ONGC,2024-02-01 10:25:00+05:30,-0.0695,-0.1112,0,,0.5819,43.75,-0.2271,0,1.532,1.0,3,0,0,0,3,4,2024-02-01 10:40:00+05:30,2024-02-01 10:45:00+05:30,2024-02-01 11:00:00+05:30,234.1,231.8767857142857,238.1017857142857,-2.2232,L
S140,ONGC,2024-02-01 10:50:00+05:30,-0.1596,-0.0931,0,,0.1108,88.89,-1.0,0,0.2898,,0,0,1,1,0,1,2024-02-01 10:50:00+05:30,2024-02-01 10:55:00+05:30,2024-02-01 11:00:00+05:30,233.6,231.45714285714288,237.45714285714288,-2.1429,L
S141,ONGC,2024-02-01 11:55:00+05:30,-0.2783,-0.2444,0,,1.6897,25.0,-0.6996,0,0.9641,1.0,3,0,0,0,3,4,2024-02-01 12:10:00+05:30,2024-02-01 12:15:00+05:30,2024-02-01 15:00:00+05:30,231.85,228.89464285714288,237.1696428571429,-0.35,EOD-
S142,ONGC,2024-02-01 12:20:00+05:30,-0.2292,-0.3122,1,1.0,0.0965,6.25,3.2553,0,0.3812,,0,0,1,1,0,1,2024-02-01 12:20:00+05:30,2024-02-01 12:25:00+05:30,2024-02-01 15:00:00+05:30,231.45,228.40535714285716,236.93035714285716,0.05,EOD+
S143,ONGC,2024-02-01 12:30:00+05:30,-0.2078,-0.2529,1,1.0,0.2938,35.0,-0.2187,0,0.5529,1.0,3,0,0,0,3,4,2024-02-01 12:45:00+05:30,2024-02-01 12:50:00+05:30,2024-02-01 15:00:00+05:30,231.15,228.42678571428573,236.05178571428573,0.35,EOD+
S144,ONGC,2024-02-01 13:15:00+05:30,0.092,0.0217,5,2.0,0.4749,57.14,-0.6532,0,0.5344,1.0,1,1,1,0,1,2,2024-02-01 13:20:00+05:30,2024-02-01 13:25:00+05:30,2024-02-01 15:00:00+05:30,231.25,228.97321428571428,235.3482142857143,0.25,EOD+
S145,ONGC,2024-02-01 13:50:00+05:30,-0.0899,0.0541,0,,2.0067,13.64,-0.876,0,1.819,1.0,3,1,0,0,3,4,2024-02-01 14:05:00+05:30,2024-02-01 14:10:00+05:30,2024-02-01 15:00:00+05:30,230.95,228.9410714285714,234.5660714285714,0.55,EOD+
S146,ONGC,2024-02-01 14:15:00+05:30,-0.039,-0.1452,0,,0.4346,58.33,-0.5973,0,3.2597,,0,1,0,1,0,1,2024-02-01 14:15:00+05:30,2024-02-01 14:20:00+05:30,2024-02-01 15:00:00+05:30,231.7,229.55714285714285,235.55714285714285,-0.2,EOD-
S147,ONGC,2024-02-02 12:25:00+05:30,0.2155,0.2453,38,1.0,0.175,13.04,2.2787,0,1.2917,,0,0,0,1,0,1,2024-02-02 12:25:00+05:30,2024-02-02 12:30:00+05:30,2024-02-02 15:00:00+05:30,238.15,235.97142857142856,242.07142857142856,0.9,EOD+
S148,ONGC,2024-02-02 12:35:00+05:30,0.1902,0.2377,0,,1.3159,5.26,-0.2577,0,0.5964,0.0,1,1,0,0,1,2,2024-02-02 12:40:00+05:30,2024-02-02 12:45:00+05:30,2024-02-02 15:00:00+05:30,238.3,235.99642857142857,242.4464285714286,0.75,EOD+
S149,ONGC,2024-02-02 12:50:00+05:30,0.104,0.1902,0,,1.0728,55.88,-0.25,0,1.0954,,0,0,0,1,0,1,2024-02-02 12:50:00+05:30,2024-02-02 12:55:00+05:30,2024-02-02 15:00:00+05:30,238.75,236.4196428571429,242.94464285714287,0.3,EOD+
S150,ONGC,2024-02-02 13:05:00+05:30,0.0913,0.104,2,1.0,0.0939,66.67,0.8182,0,1.9287,,0,1,0,1,0,1,2024-02-02 13:05:00+05:30,2024-02-02 13:10:00+05:30,2024-02-02 15:00:00+05:30,238.35,236.1535714285714,242.30357142857144,0.7,EOD+
S151,ONGC,2024-02-02 13:15:00+05:30,0.086,0.106,0,,0.5931,0.0,0.1712,0,0.4389,,0,0,1,1,0,1,2024-02-02 13:15:00+05:30,2024-02-02 13:20:00+05:30,2024-02-02 15:00:00+05:30,238.3,235.9607142857143,242.51071428571436,0.75,EOD+
S152,ONGC,2024-02-02 13:30:00+05:30,0.0199,0.086,0,,1.2147,50.0,-0.661,0,0.5089,1.0,3,0,1,0,3,4,2024-02-02 13:45:00+05:30,2024-02-02 13:50:00+05:30,2024-02-02 15:00:00+05:30,238.2,235.77142857142852,242.57142857142856,0.85,EOD+
S153,ONGC,2024-02-02 13:55:00+05:30,-0.0283,-0.0409,1,1.0,0.0697,87.5,0.6,0,1.059,,0,0,1,1,0,1,2024-02-02 13:55:00+05:30,2024-02-02 14:00:00+05:30,2024-02-02 15:00:00+05:30,239.25,237.00892857142856,243.28392857142856,-0.2,EOD-
S154,ONGC,2024-02-05 09:15:00+05:30,,,0,,2.3116,39.36,-0.1821,0,1.5026,0.0,1,1,0,0,1,2,2024-02-05 09:20:00+05:30,2024-02-05 09:25:00+05:30,2024-02-05 10:25:00+05:30,240.45,237.67321428571427,245.4482142857143,4.9982,W
S155,ONGC,2024-02-05 09:30:00+05:30,,,0,,0.0547,95.0,-0.3333,0,0.7009,0.0,1,0,1,0,1,2,2024-02-05 09:35:00+05:30,2024-02-05 09:40:00+05:30,2024-02-05 11:20:00+05:30,241.3,237.87142857142857,247.4714285714286,6.1714,W
S156,ONGC,2024-02-05 12:05:00+05:30,0.3283,0.4619,29,5.0,0.3354,77.27,-0.1304,0,0.4171,0.0,1,0,1,0,1,2,2024-02-05 12:10:00+05:30,2024-02-05 12:15:00+05:30,2024-02-05 14:35:00+05:30,247.1,244.95714285714288,250.95714285714288,-2.1429,L
S157,ONGC,2024-02-05 12:30:00+05:30,0.177,0.2501,2,2.0,0.1019,55.56,0.3333,0,0.7654,,0,0,1,1,0,1,2024-02-05 12:30:00+05:30,2024-02-05 12:35:00+05:30,2024-02-05 14:25:00+05:30,247.7,245.8607142857143,251.01071428571424,-1.8393,L
S158,ONGC,2024-02-05 12:50:00+05:30,0.1909,0.2022,3,3.0,0.1251,58.33,0.9048,0,0.6594,,0,0,1,1,0,1,2024-02-05 12:50:00+05:30,2024-02-05 12:55:00+05:30,2024-02-05 14:25:00+05:30,247.95,245.8517857142857,251.72678571428568,-2.0982,L
S159,ONGC,2024-02-05 13:00:00+05:30,0.0919,0.2,0,,0.7556,9.09,-0.9225,0,0.4035,0.0,3,0,1,0,3,4,2024-02-05 13:15:00+05:30,2024-02-05 13:20:00+05:30,2024-02-05 14:30:00+05:30,247.75,245.61607142857144,251.5910714285714,-2.1339,L
S160,ONGC,2024-02-05 13:35:00+05:30,-0.0515,-0.0384,0,,0.5139,18.18,-0.7838,0,0.5241,1.0,3,1,0,0,3,4,2024-02-05 13:50:00+05:30,2024-02-05 13:55:00+05:30,2024-02-05 14:35:00+05:30,247.45,245.2,251.5,-2.25,L
S161,ONGC,2024-02-05 14:00:00+05:30,0.0192,-0.0445,0,,0.151,22.73,0.8182,0,0.9499,,0,0,0,1,0,1,2024-02-05 14:00:00+05:30,2024-02-05 14:05:00+05:30,2024-02-05 14:25:00+05:30,247.75,245.92857142857144,251.0285714285714,-1.8214,L
S162,ONGC,2024-02-05 14:10:00+05:30,0.0182,-0.003,0,,1.444,4.0,0.0773,0,0.9464,,0,0,0,1,0,1,2024-02-05 14:10:00+05:30,2024-02-05 14:15:00+05:30,2024-02-05 14:25:00+05:30,247.55,245.70178571428573,250.8767857142857,-1.8482,L
S163,ONGC,2024-02-06 09:20:00+05:30,,,0,,1.7344,12.5,-0.3954,0,0.4684,0.0,3,0,1,0,3,4,2024-02-06 09:35:00+05:30,2024-02-06 09:40:00+05:30,2024-02-06 12:00:00+05:30,245.0,240.5892857142857,252.9392857142857,7.9393,W
S164,ONGC,2024-02-06 09:45:00+05:30,-0.2842,,0,,0.2048,76.0,-0.1781,0,0.4411,,0,0,1,1,0,1,2024-02-06 09:45:00+05:30,2024-02-06 09:50:00+05:30,2024-02-06 12:05:00+05:30,245.35,240.89464285714288,253.36964285714285,8.0196,W
S165,ONGC,2024-02-06 12:30:00+05:30,0.4011,0.5918,32,4.0,0.0158,71.88,24.7143,0,1.0152,,0,0,0,1,0,1,2024-02-06 12:30:00+05:30,2024-02-06 12:35:00+05:30,2024-02-06 15:00:00+05:30,252.15,249.37321428571428,257.1482142857143,1.95,EOD+
S166,ONGC,2024-02-06 12:55:00+05:30,0.2568,0.306,4,4.0,0.4457,76.19,-0.6098,0,0.5563,1.0,1,0,0,0,1,2,2024-02-06 13:00:00+05:30,2024-02-06 13:05:00+05:30,2024-02-06 15:00:00+05:30,251.65,248.775,256.825,2.45,EOD+
S167,ONGC,2024-02-06 13:20:00+05:30,0.3016,0.2525,3,1.0,0.0728,47.06,-0.3103,0,0.5594,,0,0,1,1,0,1,2024-02-06 13:20:00+05:30,2024-02-06 13:25:00+05:30,2024-02-06 15:00:00+05:30,252.35,249.85892857142852,256.83392857142854,1.75,EOD+
S168,ONGC,2024-02-06 13:30:00+05:30,0.2489,0.2681,1,1.0,0.3258,70.83,-0.6875,0,0.6469,1.0,2,0,0,0,2,3,2024-02-06 13:40:00+05:30,2024-02-06 13:45:00+05:30,2024-02-06 15:00:00+05:30,252.3,249.84464285714287,256.7196428571429,1.8,EOD+
S169,ONGC,2024-02-06 14:15:00+05:30,0.0426,0.004,0,,1.0475,47.62,-1.0,0,4.62,1.0,3,1,0,0,3,4,2024-02-06 14:30:00+05:30,2024-02-06 14:35:00+05:30,2024-02-06 15:00:00+05:30,253.6,251.08214285714288,258.1321428571428,0.5,EOD+
S170,ONGC,2024-02-07 09:15:00+05:30,,,0,,0.1933,45.33,5.8293,0,3.1047,,0,1,0,1,0,1,2024-02-07 09:15:00+05:30,2024-02-07 09:20:00+05:30,2024-02-07 11:05:00+05:30,254.25,251.59821428571428,259.0232142857143,-2.6518,L
S171,ONGC,2024-02-07 09:40:00+05:30,0.2012,,3,2.0,0.306,10.34,1.1918,0,0.6826,,0,0,0,1,0,1,2024-02-07 09:40:00+05:30,2024-02-07 09:45:00+05:30,2024-02-07 11:25:00+05:30,253.9,250.91785714285717,259.2678571428572,-2.9821,L
S172,ONGC,2024-02-07 10:00:00+05:30,0.1901,0.2218,2,1.0,0.1734,83.33,-0.7531,0,0.5063,0.0,2,0,0,0,2,3,2024-02-07 10:10:00+05:30,2024-02-07 10:15:00+05:30,2024-02-07 11:25:00+05:30,253.9,250.98035714285717,259.1553571428572,-2.9196,L
S173,ONGC,2024-02-07 12:00:00+05:30,-0.3361,-0.4167,0,,1.7708,94.12,-0.9665,0,0.4603,0.0,3,1,0,0,3,4,2024-02-07 12:15:00+05:30,2024-02-07 12:20:00+05:30,2024-02-07 15:00:00+05:30,251.25,249.14285714285717,255.04285714285717,0.55,EOD+
S174,ONGC,2024-02-07 12:25:00+05:30,-0.1983,-0.3165,0,,0.4312,60.0,-0.5652,0,0.3324,,0,0,1,1,0,1,2024-02-07 12:25:00+05:30,2024-02-07 12:30:00+05:30,2024-02-07 15:00:00+05:30,250.95,248.95,254.55,0.85,EOD+
S175,ONGC,2024-02-07 12:40:00+05:30,-0.1136,-0.1983,1,1.0,0.1367,46.67,2.9024,0,0.6842,,0,0,0,1,0,1,2024-02-07 12:40:00+05:30,2024-02-07 12:45:00+05:30,2024-02-07 15:00:00+05:30,251.1,249.225,254.475,0.7,EOD+
S176,ONGC,2024-02-07 12:55:00+05:30,-0.0528,-0.1136,2,2.0,0.0774,46.15,0.8182,0,0.4104,,0,0,1,1,0,1,2024-02-07 12:55:00+05:30,2024-02-07 13:00:00+05:30,2024-02-07 15:00:00+05:30,251.1,249.32321428571427,254.2982142857143,0.7,EOD+
S177,ONGC,2024-02-07 14:05:00+05:30,0.0964,0.1411,13,5.0,0.5391,15.38,0.129,0,0.8377,,0,0,0,1,0,1,2024-02-07 14:05:00+05:30,2024-02-07 14:10:00+05:30,2024-02-07 15:00:00+05:30,251.6,250.1625,254.1875,0.2,EOD+
S178,ONGC,2024-02-07 14:15:00+05:30,0.0665,0.1113,0,,0.6043,0.0,0.4388,0,0.9511,,0,0,1,1,0,1,2024-02-07 14:15:00+05:30,2024-02-07 14:20:00+05:30,2024-02-07 15:00:00+05:30,251.85,250.4125,254.4375,-0.05,EOD-
S179,ONGC,2024-02-07 14:30:00+05:30,0.0675,0.0665,2,1.0,0.4265,43.75,0.087,0,1.1789,,0,0,1,1,0,1,2024-02-07 14:30:00+05:30,2024-02-07 14:35:00+05:30,2024-02-07 15:00:00+05:30,251.85,250.5017857142857,254.2767857142857,-0.05,EOD-
S180,ONGC,2024-02-08 09:30:00+05:30,,,3,2.0,0.0,25.0,,1,1.5004,,0,1,0,1,0,1,2024-02-08 09:30:00+05:30,2024-02-08 09:35:00+05:30,2024-02-08 11:00:00+05:30,253.75,251.4017857142857,257.9767857142857,-2.3482,L
S181,ONGC,2024-02-08 09:55:00+05:30,0.159,0.2046,4,3.0,0.1051,35.71,0.4634,0,0.3657,,0,0,0,1,0,1,2024-02-08 09:55:00+05:30,2024-02-08 10:00:00+05:30,2024-02-08 11:00:00+05:30,253.1,250.6625,257.4875,-2.4375,L
S182,ONGC,2024-02-08 11:15:00+05:30,-0.2434,-0.1858,0,,1.3564,48.28,-0.797,0,1.689,1.0,3,0,0,0,3,4,2024-02-08 11:30:00+05:30,2024-02-08 11:35:00+05:30,2024-02-08 15:00:00+05:30,252.55,249.82678571428573,257.45178571428573,0.9,EOD+
S183,ONGC,2024-02-08 11:40:00+05:30,-0.0981,-0.204,0,,0.077,9.52,6.5,0,1.1881,,0,1,0,1,0,1,2024-02-08 11:40:00+05:30,2024-02-08 11:45:00+05:30,2024-02-08 15:00:00+05:30,253.0,250.4017857142857,257.6767857142857,0.45,EOD+
S184,ONGC,2024-02-08 11:50:00+05:30,-0.0228,-0.1149,0,,0.0573,47.06,3.3478,0,0.4711,,0,0,0,1,0,1,2024-02-08 11:50:00+05:30,2024-02-08 11:55:00+05:30,2024-02-08 15:00:00+05:30,252.55,250.04107142857143,257.06607142857143,0.9,EOD+
S185,ONGC,2024-02-08 12:00:00+05:30,-0.0079,-0.0366,0,,0.1943,55.56,0.2821,0,0.5964,,0,1,1,1,0,1,2024-02-08 12:00:00+05:30,2024-02-08 12:05:00+05:30,2024-02-08 15:00:00+05:30,253.0,250.49107142857144,257.5160714285714,0.45,EOD+
S186,ONGC,2024-02-08 13:00:00+05:30,0.2161,0.1956,11,10.0,0.0237,53.85,4.7143,0,0.7933,,0,1,0,1,0,1,2024-02-08 13:00:00+05:30,2024-02-08 13:05:00+05:30,2024-02-08 15:00:00+05:30,253.5,251.6517857142857,256.8267857142857,-0.05,EOD-
S187,ONGC,2024-02-08 13:20:00+05:30,0.0405,0.1825,0,,1.7576,50.0,-0.9567,0,0.5918,0.0,3,0,1,0,3,4,2024-02-08 13:35:00+05:30,2024-02-08 13:40:00+05:30,2024-02-08 15:00:00+05:30,253.6,251.95714285714288,256.5571428571428,-0.15,EOD-
S188,ONGC,2024-02-08 13:45:00+05:30,0.0582,0.0128,0,,0.0902,45.45,1.8571,0,0.9334,,0,0,0,1,0,1,2024-02-08 13:45:00+05:30,2024-02-08 13:50:00+05:30,2024-02-08 13:55:00+05:30,253.8,252.34464285714287,256.4196428571429,2.6196,W
S189,ONGC,2024-02-08 14:15:00+05:30,0.1458,0.0897,5,4.0,0.1656,70.0,0.2903,0,1.2506,,0,1,0,1,0,1,2024-02-08 14:15:00+05:30,2024-02-08 14:20:00+05:30,2024-02-08 15:00:00+05:30,254.05,251.7107142857143,258.2607142857144,-0.6,EOD-
S190,ONGC,2024-02-09 09:15:00+05:30,,,0,,0.8648,62.86,-0.2574,0,0.9425,0.0,2,0,0,0,2,3,2024-02-09 09:25:00+05:30,2024-02-09 09:30:00+05:30,2024-02-09 09:35:00+05:30,253.85,250.93035714285716,259.10535714285714,-2.9196,L
S191,ONGC,2024-02-09 11:30:00+05:30,-0.6451,-1.0021,0,,0.9498,52.63,-0.9083,0,1.0064,0.0,3,0,0,0,3,4,2024-02-09 11:45:00+05:30,2024-02-09 11:50:00+05:30,2024-02-09 15:00:00+05:30,244.85,240.54642857142852,252.5964285714286,3.35,EOD+
S192,ONGC,2024-02-09 13:20:00+05:30,0.4803,0.5565,18,7.0,0.1641,15.79,3.3333,0,0.8609,,0,0,0,1,0,1,2024-02-09 13:20:00+05:30,2024-02-09 13:25:00+05:30,2024-02-09 15:00:00+05:30,247.75,245.4642857142857,251.86428571428573,0.45,EOD+
S193,ONGC,2024-02-09 13:30:00+05:30,0.3606,0.5272,1,1.0,0.63,78.95,-0.6444,0,0.5381,0.0,2,0,1,0,2,3,2024-02-09 13:40:00+05:30,2024-02-09 13:45:00+05:30,2024-02-09 15:00:00+05:30,248.4,246.16785714285717,252.4178571428572,-0.2,EOD-
S194,ONGC,2024-02-09 13:50:00+05:30,0.1967,0.3039,1,1.0,0.1017,44.44,3.7059,0,0.5353,,0,0,1,1,0,1,2024-02-09 13:50:00+05:30,2024-02-09 13:55:00+05:30,2024-02-09 15:00:00+05:30,248.6,246.51071428571427,252.3607142857143,-0.4,EOD-
S195,ONGC,2024-02-09 14:00:00+05:30,0.1492,0.227,1,1.0,0.0417,0.0,8.2308,0,0.8283,,0,1,0,1,0,1,2024-02-09 14:00:00+05:30,2024-02-09 14:05:00+05:30,2024-02-09 15:00:00+05:30,248.35,246.4035714285714,251.85357142857143,-0.15,EOD-
S196,ONGC,2024-02-12 10:55:00+05:30,-0.8246,-0.8719,0,,2.0056,62.96,-0.8039,0,0.8054,1.0,3,0,0,0,3,4,2024-02-12 11:10:00+05:30,2024-02-12 11:15:00+05:30,2024-02-12 15:00:00+05:30,242.05,238.87142857142857,247.7714285714286,-1.9,EOD-
S197,ONGC,2024-02-12 11:55:00+05:30,-0.1422,-0.1982,0,,1.3198,26.09,-0.5212,0,0.847,1.0,3,0,1,0,3,4,2024-02-12 12:10:00+05:30,2024-02-12 12:15:00+05:30,2024-02-12 15:00:00+05:30,241.35,238.7785714285714,245.97857142857143,-1.2,EOD-
S198,ONGC,2024-02-12 12:45:00+05:30,0.1191,0.1689,6,5.0,0.2686,5.26,0.7308,0,0.5414,,0,0,0,1,0,1,2024-02-12 12:45:00+05:30,2024-02-12 12:50:00+05:30,2024-02-12 15:00:00+05:30,241.5,239.08035714285717,245.85535714285717,-1.35,EOD-
S199,ONGC,2024-02-12 13:00:00+05:30,0.0073,0.1191,1,1.0,0.3071,33.33,1.2034,0,0.815,,0,1,1,1,0,1,2024-02-12 13:00:00+05:30,2024-02-12 13:05:00+05:30,2024-02-12 15:00:00+05:30,241.7,239.29821428571427,246.0232142857143,-1.55,EOD-
S200,ONGC,2024-02-12 14:20:00+05:30,0.1082,0.1217,14,1.0,0.5486,68.97,-0.7285,0,1.1256,0.0,2,0,1,0,2,3,2024-02-12 14:30:00+05:30,2024-02-12 14:35:00+05:30,2024-02-12 14:55:00+05:30,242.65,240.13214285714287,247.18214285714285,-2.5179,L
S201,ONGC,2024-02-13 09:35:00+05:30,,,0,,1.7817,72.0,-0.8359,0,0.4674,0.0,3,0,1,0,3,4,2024-02-13 09:50:00+05:30,2024-02-13 09:55:00+05:30,2024-02-13 15:00:00+05:30,240.15,236.30178571428573,247.0767857142857,1.1,EOD+
S202,ONGC,2024-02-13 12:20:00+05:30,-0.1747,-0.0268,0,,1.2846,11.11,-0.7959,0,0.8778,1.0,3,0,0,0,3,4,2024-02-13 12:35:00+05:30,2024-02-13 12:40:00+05:30,2024-02-13 15:00:00+05:30,241.55,239.16607142857143,245.84107142857144,-0.3,EOD-
S203,ONGC,2024-02-13 12:45:00+05:30,-0.2269,-0.2307,0,,0.2518,0.0,-0.1209,0,0.4234,0.0,1,0,1,0,1,2,2024-02-13 12:50:00+05:30,2024-02-13 12:55:00+05:30,2024-02-13 15:00:00+05:30,241.45,239.1910714285714,245.51607142857145,-0.2,EOD-
S204,ONGC,2024-02-13 13:15:00+05:30,-0.0093,-0.1202,0,,0.4487,0.0,-0.3333,0,0.4423,0.0,3,0,1,0,3,4,2024-02-13 13:30:00+05:30,2024-02-13 13:35:00+05:30,2024-02-13 15:00:00+05:30,241.85,239.76071428571427,245.6107142857143,-0.6,EOD-
S205,ONGC,2024-02-13 13:40:00+05:30,-0.0062,-0.0041,0,,0.0832,33.33,0.6667,0,0.3615,,0,0,1,1,0,1,2024-02-13 13:40:00+05:30,2024-02-13 13:45:00+05:30,2024-02-13 15:00:00+05:30,241.4,239.5964285714286,244.64642857142857,-0.15,EOD-
S206,ONGC,2024-02-13 13:50:00+05:30,0.0238,-0.0124,0,,0.1385,46.67,-0.4595,0,1.2127,,0,0,0,1,0,1,2024-02-13 13:50:00+05:30,2024-02-13 13:55:00+05:30,2024-02-13 15:00:00+05:30,241.6,239.93035714285716,244.60535714285717,-0.35,EOD-
S207,ONGC,2024-02-13 14:15:00+05:30,0.0321,0.0725,0,,0.7127,9.09,-0.6429,0,1.9873,1.0,3,0,1,0,3,4,2024-02-13 14:30:00+05:30,2024-02-13 14:35:00+05:30,2024-02-13 15:00:00+05:30,241.55,240.07678571428573,244.2017857142857,-0.3,EOD-
S208,ONGC,2024-02-15 12:20:00+05:30,-0.0793,0.0135,0,,2.0088,90.0,-0.9092,0,1.1515,1.0,3,0,0,0,3,4,2024-02-15 12:35:00+05:30,2024-02-15 12:40:00+05:30,2024-02-15 15:00:00+05:30,259.0,256.2589285714286,263.93392857142857,-0.3,EOD-
S209,ONGC,2024-02-15 12:45:00+05:30,-0.0464,-0.1248,0,,0.0704,23.08,2.0303,0,0.7457,,0,0,1,1,0,1,2024-02-15 12:45:00+05:30,2024-02-15 12:50:00+05:30,2024-02-15 15:00:00+05:30,258.85,255.9214285714286,264.12142857142857,-0.15,EOD-
S210,ONGC,2024-02-15 13:00:00+05:30,-0.0416,-0.0464,1,1.0,0.0462,9.09,6.0,0,0.471,,0,1,0,1,0,1,2024-02-15 13:00:00+05:30,2024-02-15 13:05:00+05:30,2024-02-15 15:00:00+05:30,258.85,256.1446428571429,263.71964285714284,-0.15,EOD-
S211,ONGC,2024-02-16 10:20:00+05:30,-0.4672,-0.5246,0,,0.8119,23.08,-0.8031,0,0.7024,1.0,3,0,1,0,3,4,2024-02-16 10:35:00+05:30,2024-02-16 10:40:00+05:30,2024-02-16 15:00:00+05:30,254.8,250.88928571428573,261.8392857142857,0.85,EOD+
S212,ONGC,2024-02-16 10:45:00+05:30,-0.3273,-0.4071,1,1.0,0.3338,57.69,0.0323,0,0.7085,,0,0,0,1,0,1,2024-02-16 10:45:00+05:30,2024-02-16 10:50:00+05:30,2024-02-16 15:00:00+05:30,254.4,251.49821428571428,259.6232142857143,1.25,EOD+
S213,ONGC,2024-02-16 11:30:00+05:30,0.1513,0.0029,8,2.0,0.5468,33.33,0.2739,0,0.9203,,0,0,1,1,0,1,2024-02-16 11:30:00+05:30,2024-02-16 11:35:00+05:30,2024-02-16 12:55:00+05:30,254.65,252.85535714285717,257.8803571428571,3.2304,W
S214,ONGC,2024-02-16 11:40:00+05:30,0.1541,0.113,0,,1.3462,20.0,-0.85,0,1.7679,1.0,3,0,0,0,3,4,2024-02-16 11:55:00+05:30,2024-02-16 12:00:00+05:30,2024-02-16 12:55:00+05:30,255.05,253.19285714285715,258.3928571428572,3.3429,W
S215,ONGC,2024-02-16 12:20:00+05:30,0.0432,0.0304,3,3.0,0.1477,43.75,1.8571,0,2.0039,,0,0,0,1,0,1,2024-02-16 12:20:00+05:30,2024-02-16 12:25:00+05:30,2024-02-16 12:55:00+05:30,254.9,253.12321428571428,258.0982142857143,3.1982,W
S216,ONGC,2024-02-16 13:25:00+05:30,0.2636,0.2581,12,5.0,0.0619,71.43,0.7391,0,0.2742,,0,0,1,1,0,1,2024-02-16 13:25:00+05:30,2024-02-16 13:30:00+05:30,2024-02-16 15:00:00+05:30,256.15,253.82857142857145,260.3285714285714,-0.5,EOD-
S217,ONGC,2024-02-16 13:35:00+05:30,0.237,0.2588,0,,0.0576,77.78,-1.0,0,0.302,,0,0,0,1,0,1,2024-02-16 13:35:00+05:30,2024-02-16 13:40:00+05:30,2024-02-16 15:00:00+05:30,256.6,254.4303571428572,260.5053571428571,-0.95,EOD-
S218,ONGC,2024-02-16 13:45:00+05:30,0.158,0.2634,0,,0.6277,88.89,-0.9078,0,0.6257,1.0,1,0,0,0,1,2,2024-02-16 13:50:00+05:30,2024-02-16 13:55:00+05:30,2024-02-16 15:00:00+05:30,256.35,254.18928571428572,260.23928571428576,-0.7,EOD-
S219,ONGC,2024-02-19 09:15:00+05:30,,,0,,2.5943,17.57,-0.0529,0,1.8736,,0,1,0,1,0,1,2024-02-19 09:15:00+05:30,2024-02-19 09:20:00+05:30,2024-02-19 15:00:00+05:30,256.95,254.7625,260.8875,0.15,EOD+
S220,ONGC,2024-02-19 09:40:00+05:30,0.1103,,4,3.0,0.0854,50.0,0.4634,0,0.8009,,0,0,0,1,0,1,2024-02-19 09:40:00+05:30,2024-02-19 09:45:00+05:30,2024-02-19 15:00:00+05:30,256.2,253.2,261.6,0.9,EOD+
S221,ONGC,2024-02-19 09:50:00+05:30,0.0566,,0,,0.748,11.76,-0.3048,0,0.4552,0.0,3,0,1,0,3,4,2024-02-19 10:05:00+05:30,2024-02-19 10:10:00+05:30,2024-02-19 15:00:00+05:30,256.3,253.175,261.925,0.8,EOD+
S222,ONGC,2024-02-19 10:35:00+05:30,0.1685,0.0926,4,3.0,0.08,58.82,2.125,0,0.2804,,0,0,1,1,0,1,2024-02-19 10:35:00+05:30,2024-02-19 10:40:00+05:30,2024-02-19 15:00:00+05:30,257.3,254.8,261.80000000000007,-0.2,EOD-
S223,ONGC,2024-02-19 10:50:00+05:30,0.1567,0.1685,2,1.0,0.2545,30.0,0.7391,0,0.7391,,0,0,0,1,0,1,2024-02-19 10:50:00+05:30,2024-02-19 10:55:00+05:30,2024-02-19 15:00:00+05:30,257.05,254.79107142857143,261.11607142857144,0.05,EOD+
S224,ONGC,2024-02-19 11:45:00+05:30,0.0516,0.0039,0,,1.3087,0.0,-0.845,0,2.641,1.0,3,0,0,0,3,4,2024-02-19 12:00:00+05:30,2024-02-19 12:05:00+05:30,2024-02-19 13:45:00+05:30,257.0,255.76785714285717,259.2178571428572,2.2179,W
S225,ONGC,2024-02-19 13:20:00+05:30,0.101,0.1274,15,6.0,0.1215,53.85,2.2,0,1.0301,,0,1,1,1,0,1,2024-02-19 13:20:00+05:30,2024-02-19 13:25:00+05:30,2024-02-19 14:45:00+05:30,257.85,256.56428571428575,260.1642857142857,-1.2857,L
S226,ONGC,2024-02-19 13:30:00+05:30,0.0971,0.103,0,,0.856,40.0,-0.4089,0,2.2137,1.0,1,0,1,0,1,2,2024-02-19 13:35:00+05:30,2024-02-19 13:40:00+05:30,2024-02-19 14:45:00+05:30,258.45,256.9678571428572,261.11785714285713,-1.4821,L
S227,ONGC,2024-02-19 14:05:00+05:30,0.1579,0.192,5,4.0,0.4823,100.0,-1.0,0,0.4035,0.0,3,0,1,0,3,4,2024-02-19 14:20:00+05:30,2024-02-19 14:25:00+05:30,2024-02-19 14:45:00+05:30,258.15,256.28392857142853,261.50892857142856,-1.8661,L
S228,ONGC,2024-02-20 09:15:00+05:30,,,0,,2.1138,4.17,-0.6335,0,8.4017,1.0,2,0,0,0,2,3,2024-02-20 09:25:00+05:30,2024-02-20 09:30:00+05:30,2024-02-20 09:45:00+05:30,260.65,258.3910714285714,264.7160714285714,-2.2589,L
S229,ONGC,2024-02-20 11:05:00+05:30,-0.0165,0.1367,0,,2.4799,70.0,-0.9433,0,0.914,1.0,3,1,0,0,3,4,2024-02-20 11:20:00+05:30,2024-02-20 11:25:00+05:30,2024-02-20 15:00:00+05:30,257.65,255.87321428571423,260.8482142857143,-0.65,EOD-
S230,ONGC,2024-02-20 11:40:00+05:30,-0.1302,-0.2418,0,,0.9898,55.56,-0.7719,0,0.6734,0.0,3,0,1,0,3,4,2024-02-20 11:55:00+05:30,2024-02-20 12:00:00+05:30,2024-02-20 15:00:00+05:30,257.35,255.68928571428572,260.3392857142857,-0.35,EOD-
S231,ONGC,2024-02-20 12:10:00+05:30,-0.0847,-0.141,2,2.0,0.2257,56.25,1.8571,0,1.233,,0,0,0,1,0,1,2024-02-20 12:10:00+05:30,2024-02-20 12:15:00+05:30,2024-02-20 15:00:00+05:30,257.0,255.64285714285717,259.4428571428572,0.0,EOD-
S232,ONGC,2024-02-20 12:50:00+05:30,0.0088,-0.0078,0,,1.5469,16.67,-0.6835,0,0.614,0.0,3,0,1,0,3,4,2024-02-20 13:05:00+05:30,2024-02-20 13:10:00+05:30,2024-02-20 15:00:00+05:30,256.95,255.67321428571427,259.2482142857143,0.05,EOD+
S233,ONGC,2024-02-20 13:15:00+05:30,-0.0467,-0.0097,0,,0.7893,80.0,-0.881,0,0.7521,0.0,1,0,0,0,1,2,2024-02-20 13:20:00+05:30,2024-02-20 13:25:00+05:30,2024-02-20 15:00:00+05:30,256.85,255.51964285714288,259.2446428571429,0.15,EOD+
S234,ONGC,2024-02-20 13:30:00+05:30,-0.0175,-0.0467,0,,0.559,16.67,-0.2793,0,2.0135,1.0,1,0,1,0,1,2,2024-02-20 13:35:00+05:30,2024-02-20 13:40:00+05:30,2024-02-20 14:00:00+05:30,257.85,256.60892857142863,260.08392857142854,-1.2411,L
S235,ONGC,2024-02-20 14:00:00+05:30,0.035,0.0409,4,3.0,0.8053,66.67,-0.8312,0,0.9898,0.0,1,0,0,0,1,2,2024-02-20 14:05:00+05:30,2024-02-20 14:10:00+05:30,2024-02-20 15:00:00+05:30,257.3,255.46071428571435,260.6107142857142,-0.3,EOD-
S236,ONGC,2024-02-20 14:15:00+05:30,0.034,0.035,0,,0.241,62.5,-0.1781,0,0.731,1.0,1,1,0,0,1,2,2024-02-20 14:20:00+05:30,2024-02-20 14:25:00+05:30,2024-02-20 15:00:00+05:30,257.3,255.4071428571429,260.7071428571428,-0.3,EOD-
S237,ONGC,2024-02-20 14:30:00+05:30,0.0583,0.034,0,,0.1673,60.0,-0.5918,0,0.5118,,0,0,1,1,0,1,2024-02-20 14:30:00+05:30,2024-02-20 14:35:00+05:30,2024-02-20 15:00:00+05:30,257.2,255.36964285714285,260.4946428571428,-0.2,EOD-
S238,ONGC,2024-02-21 09:15:00+05:30,,,0,,0.932,47.62,-0.5556,0,1.922,,0,0,0,1,0,1,2024-02-21 09:15:00+05:30,2024-02-21 09:20:00+05:30,2024-02-21 13:40:00+05:30,257.9,256.3910714285714,260.61607142857144,2.7161,W
S239,ONGC,2024-02-21 09:25:00+05:30,,,0,,0.3878,68.97,-0.1525,0,0.998,,0,1,1,1,0,1,2024-02-21 09:25:00+05:30,2024-02-21 09:30:00+05:30,2024-02-21 14:35:00+05:30,258.3,256.3982142857143,261.7232142857143,-1.9018,L
S240,ONGC,2024-02-21 10:20:00+05:30,0.2195,0.2469,10,8.0,0.0821,45.45,2.3333,0,0.5826,,0,0,1,1,0,1,2024-02-21 10:20:00+05:30,2024-02-21 10:25:00+05:30,2024-02-21 14:35:00+05:30,258.65,255.90892857142856,263.58392857142854,-2.7411,L
S241,ONGC,2024-02-21 10:30:00+05:30,0.1691,0.2351,0,,0.4546,60.0,-0.4318,0,0.6655,,0,0,0,1,0,1,2024-02-21 10:30:00+05:30,2024-02-21 10:35:00+05:30,2024-02-21 14:35:00+05:30,259.1,256.6803571428572,263.4553571428572,-2.4196,L
S242,ONGC,2024-02-21 10:55:00+05:30,0.085,0.1449,0,,1.3863,33.33,-0.604,0,0.5239,1.0,3,0,0,0,3,4,2024-02-21 11:10:00+05:30,2024-02-21 11:15:00+05:30,2024-02-21 14:35:00+05:30,258.85,257.02857142857147,262.1285714285715,-1.8214,L
S243,ONGC,2024-02-21 11:25:00+05:30,-0.0551,0.0405,0,,1.292,42.86,-0.7695,0,0.4709,1.0,3,0,0,0,3,4,2024-02-21 11:40:00+05:30,2024-02-21 11:45:00+05:30,2024-02-21 14:35:00+05:30,258.65,256.97142857142853,261.6714285714286,-1.6786,L
S244,ONGC,2024-02-21 11:50:00+05:30,-0.0686,-0.1053,0,,0.2545,95.24,-0.6429,0,1.6164,,0,1,0,1,0,1,2024-02-21 11:50:00+05:30,2024-02-21 11:55:00+05:30,2024-02-21 12:45:00+05:30,259.6,258.225,262.07500000000005,-1.375,L
S245,ONGC,2024-02-21 13:20:00+05:30,0.0068,-0.0193,0,,1.4426,75.0,-0.9156,0,1.6194,1.0,3,0,1,0,3,4,2024-02-21 13:35:00+05:30,2024-02-21 13:40:00+05:30,2024-02-21 13:40:00+05:30,259.3,258.2732142857143,261.1482142857143,1.8482,W
S246,ONGC,2024-02-21 13:45:00+05:30,0.0048,-0.0241,1,1.0,0.0069,68.75,89.0,0,3.3762,,0,1,0,1,0,1,2024-02-21 13:45:00+05:30,2024-02-21 13:50:00+05:30,2024-02-21 14:30:00+05:30,259.45,257.6375,262.7125,-1.8125,L
S247,ONGC,2024-02-21 14:00:00+05:30,0.0077,0.0048,2,2.0,0.8095,29.17,0.21,0,0.9404,,0,1,0,1,0,1,2024-02-21 14:00:00+05:30,2024-02-21 14:05:00+05:30,2024-02-21 14:35:00+05:30,259.05,256.8803571428571,262.9553571428572,-2.1696,L
S248,ONGC,2024-02-21 14:10:00+05:30,-0.0531,0.0155,0,,0.678,16.67,-0.7571,0,0.7587,1.0,1,1,1,0,1,2,2024-02-21 14:15:00+05:30,2024-02-21 14:20:00+05:30,2024-02-21 14:35:00+05:30,259.5,257.2232142857143,263.5982142857143,-2.2768,L
S249,ONGC,2024-02-22 11:45:00+05:30,-0.1464,-0.1105,0,,1.0722,57.14,-0.8726,0,0.9211,1.0,3,0,1,0,3,4,2024-02-22 12:00:00+05:30,2024-02-22 12:05:00+05:30,2024-02-22 14:20:00+05:30,251.1,249.26964285714288,254.39464285714288,3.2946,W
S250,ONGC,2024-02-22 13:30:00+05:30,0.2171,0.2005,17,3.0,0.131,72.22,0.25,0,1.1068,,0,1,0,1,0,1,2024-02-22 13:30:00+05:30,2024-02-22 13:35:00+05:30,2024-02-22 14:35:00+05:30,252.2,250.6732142857143,254.94821428571427,2.7482,W
S251,ONGC,2024-02-22 13:40:00+05:30,0.2041,0.2232,0,,0.2746,73.08,-0.1549,0,3.3565,,0,0,0,1,0,1,2024-02-22 13:40:00+05:30,2024-02-22 13:45:00+05:30,2024-02-22 15:00:00+05:30,253.2,251.58392857142857,256.1089285714285,1.85,EOD+
S252,ONGC,2024-02-23 09:25:00+05:30,,,2,2.0,0.2088,65.63,-1.0,0,0.3547,0.0,3,1,1,0,3,4,2024-02-23 09:40:00+05:30,2024-02-23 09:45:00+05:30,2024-02-23 13:25:00+05:30,255.35,252.8053571428572,259.9303571428571,-2.5446,L
S253,ONGC,2024-02-23 09:50:00+05:30,0.1116,,0,,0.1359,0.0,0.0169,0,0.3164,,0,1,1,1,0,1,2024-02-23 09:50:00+05:30,2024-02-23 09:55:00+05:30,2024-02-23 13:25:00+05:30,255.4,252.6857142857143,260.2857142857143,-2.7143,L
S254,ONGC,2024-02-23 10:00:00+05:30,0.092,0.1126,0,,0.4674,36.36,-0.801,0,0.4043,1.0,2,1,1,0,2,3,2024-02-23 10:10:00+05:30,2024-02-23 10:15:00+05:30,2024-02-23 10:30:00+05:30,255.95,253.2625,260.7875,-2.6875,L
S255,ONGC,2024-02-23 11:20:00+05:30,-0.0904,-0.2102,0,,0.6439,33.33,-0.4495,0,0.4481,0.0,3,0,1,0,3,4,2024-02-23 11:35:00+05:30,2024-02-23 11:40:00+05:30,2024-02-23 15:00:00+05:30,254.45,252.33392857142857,258.25892857142856,-0.35,EOD-
S256,ONGC,2024-02-23 11:50:00+05:30,-0.0797,-0.0895,2,2.0,0.3107,73.33,0.0667,0,0.6935,,0,0,0,1,0,1,2024-02-23 11:50:00+05:30,2024-02-23 11:55:00+05:30,2024-02-23 13:25:00+05:30,254.15,252.64107142857145,256.86607142857144,-1.5089,L
S257,ONGC,2024-02-23 12:05:00+05:30,-0.0945,-0.0797,0,,1.072,42.86,-0.8174,0,1.0592,1.0,3,0,1,0,3,4,2024-02-23 12:20:00+05:30,2024-02-23 12:25:00+05:30,2024-02-23 13:25:00+05:30,254.1,252.82321428571427,256.3982142857143,-1.2768,L
S258,ONGC,2024-02-23 12:45:00+05:30,0.0059,0.0305,0,,1.353,38.46,-0.5367,0,0.6358,0.0,3,0,1,0,3,4,2024-02-23 13:00:00+05:30,2024-02-23 13:05:00+05:30,2024-02-23 13:25:00+05:30,254.05,252.85357142857143,256.2035714285714,-1.1964,L
S259,ONGC,2024-02-23 13:45:00+05:30,-0.0453,-0.0729,0,,1.1024,0.0,-0.7,0,1.3727,1.0,3,1,0,0,3,4,2024-02-23 14:00:00+05:30,2024-02-23 14:05:00+05:30,2024-02-23 15:00:00+05:30,253.95,252.81607142857143,255.99107142857144,0.15,EOD+
S260,ONGC,2024-02-23 14:10:00+05:30,-0.0296,-0.0236,0,,0.9301,50.0,-0.7895,0,5.172,1.0,1,0,0,0,1,2,2024-02-23 14:15:00+05:30,2024-02-23 14:20:00+05:30,2024-02-23 15:00:00+05:30,254.35,253.07321428571427,256.6482142857143,-0.25,EOD-
S261,ONGC,2024-02-26 10:30:00+05:30,-0.3,-0.3491,0,,1.3847,46.15,-0.9117,0,0.639,1.0,3,0,0,0,3,4,2024-02-26 10:45:00+05:30,2024-02-26 10:50:00+05:30,2024-02-26 11:55:00+05:30,251.85,249.80535714285716,255.53035714285716,-2.0446,L
S262,ONGC,2024-02-26 10:55:00+05:30,-0.1463,-0.2655,2,2.0,0.0924,63.64,-0.2308,0,0.279,0.0,1,0,1,0,1,2,2024-02-26 11:00:00+05:30,2024-02-26 11:05:00+05:30,2024-02-26 11:55:00+05:30,251.65,249.89107142857145,254.81607142857143,-1.7589,L
S263,ONGC,2024-02-26 11:15:00+05:30,-0.0119,-0.1025,2,2.0,0.2059,53.85,1.6667,0,0.7858,,0,0,0,1,0,1,2024-02-26 11:15:00+05:30,2024-02-26 11:20:00+05:30,2024-02-26 11:55:00+05:30,251.4,250.0339285714286,253.85892857142855,-1.3661,L
S264,ONGC,2024-02-26 12:45:00+05:30,-0.1297,-0.1316,0,,0.8761,57.14,-0.8995,0,0.63,1.0,3,1,1,0,3,4,2024-02-26 13:00:00+05:30,2024-02-26 13:05:00+05:30,2024-02-26 15:00:00+05:30,251.1,249.6803571428572,253.65535714285716,0.25,EOD+
S265,ONGC,2024-02-26 13:30:00+05:30,-0.014,-0.0789,5,5.0,0.1556,27.27,4.7143,0,0.7482,,0,0,0,1,0,1,2024-02-26 13:30:00+05:30,2024-02-26 13:35:00+05:30,2024-02-26 14:35:00+05:30,250.75,249.625,252.775,2.025,W
S266,ONGC,2024-02-26 14:10:00+05:30,0.1086,0.1197,7,3.0,0.0711,14.29,6.6923,0,0.8984,,0,0,1,1,0,1,2024-02-26 14:10:00+05:30,2024-02-26 14:15:00+05:30,2024-02-26 15:00:00+05:30,251.1,249.95714285714288,253.15714285714284,0.25,EOD+
S267,ONGC,2024-02-26 14:25:00+05:30,0.0847,0.1086,2,1.0,0.3877,11.76,1.7778,0,2.373,,0,1,1,1,0,1,2024-02-26 14:25:00+05:30,2024-02-26 14:30:00+05:30,2024-02-26 15:00:00+05:30,251.55,250.38928571428573,253.63928571428573,-0.2,EOD-
S268,ONGC,2024-02-27 10:25:00+05:30,-0.2986,-0.3522,0,,0.9638,28.57,-1.0,0,0.1047,0.0,3,0,1,0,3,4,2024-02-27 10:40:00+05:30,2024-02-27 10:45:00+05:30,2024-02-27 13:50:00+05:30,249.1,247.2517857142857,252.4267857142857,-1.8482,L
S269,ONGC,2024-02-27 12:30:00+05:30,-0.0371,-0.01,0,,1.0007,20.0,-0.6891,0,0.6369,1.0,3,0,1,0,3,4,2024-02-27 12:45:00+05:30,2024-02-27 12:50:00+05:30,2024-02-27 13:45:00+05:30,249.4,248.19464285714287,251.56964285714287,-1.2054,L
S270,ONGC,2024-02-27 13:05:00+05:30,-0.0161,-0.0472,3,3.0,0.167,60.0,-1.0,0,0.2019,0.0,1,1,1,0,1,2,2024-02-27 13:10:00+05:30,2024-02-27 13:15:00+05:30,2024-02-27 13:40:00+05:30,249.45,248.4767857142857,251.2017857142857,-0.9732,L
S271,ONGC,2024-02-27 13:25:00+05:30,-0.004,-0.0241,2,2.0,0.192,90.91,-0.3548,0,0.2952,1.0,1,0,1,0,1,2,2024-02-27 13:30:00+05:30,2024-02-27 13:35:00+05:30,2024-02-27 13:40:00+05:30,249.45,248.44107142857143,251.26607142857145,-1.0089,L
S272,ONGC,2024-02-27 14:05:00+05:30,-0.1608,-0.0372,0,,2.5048,11.11,-0.899,0,1.8654,1.0,3,0,0,0,3,4,2024-02-27 14:20:00+05:30,2024-02-27 14:25:00+05:30,2024-02-27 15:00:00+05:30,248.8,247.31785714285715,251.46785714285716,1.5,EOD+
S273,ONGC,2024-02-28 09:35:00+05:30,,,4,4.0,0.0727,73.68,1.2222,0,0.3362,,0,0,1,1,0,1,2024-02-28 09:35:00+05:30,2024-02-28 09:40:00+05:30,2024-02-28 11:00:00+05:30,250.1,247.77857142857144,254.2785714285714,-2.3214,L
S274,ONGC,2024-02-28 09:45:00+05:30,0.2627,,0,,0.1821,30.0,0.25,0,0.3768,,0,0,1,1,0,1,2024-02-28 09:45:00+05:30,2024-02-28 09:50:00+05:30,2024-02-28 10:50:00+05:30,250.45,248.25357142857143,254.4035714285714,-2.1964,L
S275,ONGC,2024-02-28 09:55:00+05:30,0.1757,0.3107,0,,0.1086,57.14,-1.0,0,0.5128,1.0,1,0,0,0,1,2,2024-02-28 10:00:00+05:30,2024-02-28 10:05:00+05:30,2024-02-28 10:50:00+05:30,250.45,248.3785714285714,254.17857142857144,-2.0714,L
S276,ONGC,2024-02-28 12:25:00+05:30,-0.2118,-0.3012,0,,1.4048,12.5,-0.5254,0,1.5677,1.0,3,0,0,0,3,4,2024-02-28 12:40:00+05:30,2024-02-28 12:45:00+05:30,2024-02-28 13:00:00+05:30,248.1,246.7875,250.4625,-1.3125,L
S277,ONGC,2024-02-28 13:05:00+05:30,-0.1182,-0.0555,0,,2.555,46.67,-0.7652,0,1.2777,1.0,3,0,0,0,3,4,2024-02-28 13:20:00+05:30,2024-02-28 13:25:00+05:30,2024-02-28 15:00:00+05:30,247.5,246.25,249.75,-0.2,EOD-
S278,ONGC,2024-02-28 13:30:00+05:30,-0.0333,-0.1344,0,,0.075,38.46,5.6667,0,0.8616,,0,1,1,1,0,1,2024-02-28 13:30:00+05:30,2024-02-28 13:35:00+05:30,2024-02-28 15:00:00+05:30,248.05,246.55,250.75,-0.75,EOD-
S279,ONGC,2024-02-28 14:10:00+05:30,0.0464,0.0434,7,4.0,0.1069,100.0,-1.0,0,0.302,0.0,3,0,1,0,3,4,2024-02-28 14:25:00+05:30,2024-02-28 14:30:00+05:30,2024-02-28 15:00:00+05:30,247.55,246.26428571428573,249.86428571428573,-0.25,EOD-
S280,ONGC,2024-02-29 10:55:00+05:30,-0.2711,-0.2553,0,,2.55,25.0,-0.9477,0,0.9356,0.0,3,0,1,0,3,4,2024-02-29 11:10:00+05:30,2024-02-29 11:15:00+05:30,2024-02-29 15:00:00+05:30,245.7,243.825,249.075,-0.6,EOD-
S281,ONGC,2024-02-29 11:20:00+05:30,-0.0979,-0.2447,0,,0.1485,90.48,-0.5918,0,0.9195,,0,0,0,1,0,1,2024-02-29 11:20:00+05:30,2024-02-29 11:25:00+05:30,2024-02-29 15:00:00+05:30,245.95,243.8875,249.6625,-0.85,EOD-
S282,ONGC,2024-02-29 12:15:00+05:30,0.104,0.0459,10,3.0,0.0623,45.45,3.7059,0,0.7696,,0,0,1,1,0,1,2024-02-29 12:15:00+05:30,2024-02-29 12:20:00+05:30,2024-02-29 15:00:00+05:30,245.7,243.99464285714285,248.76964285714283,-0.6,EOD-
S283,ONGC,2024-02-29 12:30:00+05:30,0.1151,0.104,2,2.0,0.5103,41.67,0.0619,0,1.0071,,0,0,1,1,0,1,2024-02-29 12:30:00+05:30,2024-02-29 12:35:00+05:30,2024-02-29 15:00:00+05:30,245.75,244.36607142857144,248.24107142857144,-0.65,EOD-
S284,ONGC,2024-02-29 12:40:00+05:30,0.1465,0.0876,0,,0.5294,76.92,-0.5041,0,1.4619,,0,1,1,1,0,1,2024-02-29 12:40:00+05:30,2024-02-29 12:45:00+05:30,2024-02-29 14:35:00+05:30,246.05,244.62142857142857,248.6214285714286,-1.4286,L
S285,ONGC,2024-02-29 12:50:00+05:30,0.1404,0.1374,0,,0.21,53.85,1.0833,0,1.2928,,0,0,0,1,0,1,2024-02-29 12:50:00+05:30,2024-02-29 12:55:00+05:30,2024-02-29 15:00:00+05:30,245.8,244.37142857142857,248.3714285714286,-0.7,EOD-
S286,ONGC,2024-02-29 13:00:00+05:30,0.0753,0.1557,0,,0.612,75.0,-0.4521,0,1.1861,,0,0,1,1,0,1,2024-02-29 13:00:00+05:30,2024-02-29 13:05:00+05:30,2024-02-29 14:30:00+05:30,246.2,244.70892857142852,248.88392857142856,-1.4911,L
S287,ONGC,2024-02-29 13:15:00+05:30,0.0254,0.0753,0,,0.6611,13.33,-0.4771,0,1.3543,1.0,3,0,0,0,3,4,2024-02-29 13:30:00+05:30,2024-02-29 13:35:00+05:30,2024-02-29 14:35:00+05:30,245.95,244.5035714285714,248.55357142857144,-1.4464,L
S288,ONGC,2024-02-29 13:40:00+05:30,-0.0366,0.0,0,,0.846,12.5,-0.5939,0,1.1441,1.0,1,0,1,0,1,2,2024-02-29 13:45:00+05:30,2024-02-29 13:50:00+05:30,2024-02-29 15:00:00+05:30,245.8,244.34464285714287,248.4196428571429,-0.7,EOD-
S289,ONGC,2024-02-29 13:55:00+05:30,-0.0132,-0.0366,0,,0.429,27.27,0.4737,0,1.2309,,0,0,0,1,0,1,2024-02-29 13:55:00+05:30,2024-02-29 14:00:00+05:30,2024-02-29 14:35:00+05:30,245.95,244.56607142857143,248.4410714285714,-1.3839,L
S290,ONGC,2024-02-29 14:05:00+05:30,0.0203,-0.0173,0,,0.4497,14.29,-0.3814,0,1.0333,1.0,1,0,0,0,1,2,2024-02-29 14:10:00+05:30,2024-02-29 14:15:00+05:30,2024-02-29 15:00:00+05:30,245.75,244.4017857142857,248.1767857142857,-1.3482,L
S291,ONGC,2024-02-29 14:20:00+05:30,0.0061,0.0203,0,,0.481,37.5,-0.0099,0,1.1521,,0,0,0,1,0,1,2024-02-29 14:20:00+05:30,2024-02-29 14:25:00+05:30,2024-02-29 14:35:00+05:30,245.95,244.6375,248.3125,-1.3125,L
S292,ONGC,2024-03-01 12:40:00+05:30,-0.0657,-0.1094,0,,0.8889,0.0,-0.375,0,1.103,1.0,3,1,1,0,3,4,2024-03-01 12:55:00+05:30,2024-03-01 13:00:00+05:30,2024-03-01 15:00:00+05:30,251.5,250.375,253.525,0.05,EOD+
S293,ONGC,2024-03-01 13:05:00+05:30,-0.0249,-0.0348,0,,0.4268,36.36,-0.4667,0,1.3422,1.0,1,0,0,0,1,2,2024-03-01 13:10:00+05:30,2024-03-01 13:15:00+05:30,2024-03-01 15:00:00+05:30,251.25,250.1517857142857,253.2267857142857,0.3,EOD+
S294,ONGC,2024-03-01 13:20:00+05:30,-0.0368,-0.0249,0,,0.5588,0.0,0.2632,0,0.4965,,0,0,1,1,0,1,2024-03-01 13:20:00+05:30,2024-03-01 13:25:00+05:30,2024-03-01 15:00:00+05:30,251.1,250.0375,253.0125,0.45,EOD+
S295,ONGC,2024-03-01 13:30:00+05:30,-0.0199,-0.0348,0,,0.0955,20.0,1.6667,0,0.4709,,0,0,1,1,0,1,2024-03-01 13:30:00+05:30,2024-03-01 13:35:00+05:30,2024-03-01 15:00:00+05:30,251.25,250.26785714285717,253.01785714285717,0.3,EOD+
S296,ONGC,2024-03-01 13:40:00+05:30,0.0,-0.0368,0,,0.4881,16.67,-0.4737,0,0.595,0.0,1,0,1,0,1,2,2024-03-01 13:45:00+05:30,2024-03-01 13:50:00+05:30,2024-03-01 15:00:00+05:30,251.2,250.22678571428568,252.9517857142857,0.35,EOD+
S297,ONGC,2024-03-01 13:55:00+05:30,0.001,0.0,0,,0.2495,33.33,-0.4444,0,1.2927,1.0,2,0,0,0,2,3,2024-03-01 14:05:00+05:30,2024-03-01 14:10:00+05:30,2024-03-01 15:00:00+05:30,251.35,250.44821428571427,252.9732142857143,0.2,EOD+
S298,ONGC,2024-03-01 14:15:00+05:30,0.01,0.002,1,1.0,0.3427,40.0,-0.1489,0,1.7396,,0,0,0,1,0,1,2024-03-01 14:15:00+05:30,2024-03-01 14:20:00+05:30,2024-03-01 15:00:00+05:30,251.35,250.49285714285716,252.89285714285717,0.2,EOD+
S299,ONGC,2024-03-02 11:55:00+05:30,0.1848,0.1731,14,14.0,0.2333,11.11,2.1818,0,0.2242,,0,0,0,1,0,1,2024-03-02 11:55:00+05:30,2024-03-02 12:00:00+05:30,2024-03-04 09:15:00+05:30,253.25,252.07142857142856,255.37142857142857,2.1214,W
S300,ONGC,2024-03-02 12:05:00+05:30,0.1709,0.179,0,,0.0402,50.0,4.7143,0,0.1294,,0,0,1,1,0,1,2024-03-02 12:05:00+05:30,2024-03-02 12:10:00+05:30,2024-03-04 09:15:00+05:30,253.2,252.11071428571427,255.16071428571428,1.9607,W
S301,ONGC,2024-03-04 11:00:00+05:30,0.3693,0.4702,21,17.0,0.7633,86.96,-0.917,0,0.4565,0.0,1,0,1,0,1,2,2024-03-04 11:05:00+05:30,2024-03-04 11:10:00+05:30,2024-03-04 15:00:00+05:30,257.85,255.8767857142857,261.4017857142858,2.7,EOD+
S302,ONGC,2024-03-04 12:05:00+05:30,0.1298,0.1784,10,1.0,0.1667,76.92,0.0,0,2.3816,1.0,1,0,0,0,1,2,2024-03-04 12:10:00+05:30,2024-03-04 12:15:00+05:30,2024-03-04 14:35:00+05:30,258.25,256.75,260.95,2.7,W
S303,ONGC,2024-03-04 12:20:00+05:30,0.0281,0.1298,0,,0.7731,37.5,0.3514,0,2.607,,0,1,0,1,0,1,2024-03-04 12:20:00+05:30,2024-03-04 12:25:00+05:30,2024-03-04 12:50:00+05:30,258.5,257.30357142857144,260.65357142857147,-1.1964,L
S304,ONGC,2024-03-04 12:35:00+05:30,0.0291,0.0281,2,2.0,0.214,37.5,0.6216,0,1.0173,,0,0,1,1,0,1,2024-03-04 12:35:00+05:30,2024-03-04 12:40:00+05:30,2024-03-04 14:05:00+05:30,258.15,257.0696428571428,260.09464285714284,1.9446,W
S305,ONGC,2024-03-04 13:30:00+05:30,-0.0446,-0.0262,0,,0.3643,16.67,-0.2157,0,0.7649,0.0,3,1,1,0,3,4,2024-03-04 13:45:00+05:30,2024-03-04 13:50:00+05:30,2024-03-04 14:05:00+05:30,258.2,257.325,259.775,1.575,W
S306,ONGC,2024-03-05 09:20:00+05:30,,,0,,2.7452,18.92,-0.5122,0,0.6834,0.0,3,1,1,0,3,4,2024-03-05 09:35:00+05:30,2024-03-05 09:40:00+05:30,2024-03-05 14:30:00+05:30,260.35,258.2964285714286,264.04642857142863,3.6964,W
S307,ONGC,2024-03-05 09:45:00+05:30,0.0519,,1,1.0,0.1463,90.63,0.0714,0,1.3432,,0,0,0,1,0,1,2024-03-05 09:45:00+05:30,2024-03-05 09:50:00+05:30,2024-03-05 14:30:00+05:30,259.95,257.5571428571429,264.2571428571428,4.3071,W
S308,ONGC,2024-03-05 09:55:00+05:30,0.0375,0.0625,0,,0.418,23.08,0.0843,0,0.4241,,0,0,0,1,0,1,2024-03-05 09:55:00+05:30,2024-03-05 10:00:00+05:30,2024-03-05 14:40:00+05:30,259.9,257.41785714285714,264.3678571428571,4.4679,W
S309,ONGC,2024-03-05 10:05:00+05:30,-0.025,0.0356,0,,0.2409,50.0,-1.0,0,0.253,0.0,1,0,1,0,1,2,2024-03-05 10:10:00+05:30,2024-03-05 10:15:00+05:30,2024-03-05 14:40:00+05:30,259.95,257.48571428571427,264.38571428571424,4.4357,W
S310,ONGC,2024-03-05 10:20:00+05:30,-0.0626,-0.025,0,,1.2751,53.85,-0.6303,0,0.3407,0.0,3,0,1,0,3,4,2024-03-05 10:35:00+05:30,2024-03-05 10:40:00+05:30,2024-03-05 14:55:00+05:30,259.85,257.1982142857143,264.62321428571425,4.7732,W
S311,ONGC,2024-03-05 11:15:00+05:30,0.1815,0.1797,7,5.0,0.4027,35.29,0.2081,0,0.6348,,0,0,1,1,0,1,2024-03-05 11:15:00+05:30,2024-03-05 11:20:00+05:30,2024-03-05 14:40:00+05:30,260.35,258.0375,264.5125,4.1625,W
S312,ONGC,2024-03-05 11:25:00+05:30,0.0346,0.2324,0,,0.6949,46.67,-0.781,0,0.4123,0.0,3,1,1,0,3,4,2024-03-05 11:40:00+05:30,2024-03-05 11:45:00+05:30,2024-03-05 14:55:00+05:30,260.45,257.98571428571427,264.88571428571424,4.4357,W
S313,ONGC,2024-03-05 12:15:00+05:30,0.0768,0.0653,0,,1.2876,10.0,-0.6032,0,1.2984,1.0,3,0,0,0,3,4,2024-03-05 12:30:00+05:30,2024-03-05 12:35:00+05:30,2024-03-05 13:10:00+05:30,260.8,259.57678571428573,263.0017857142857,2.2018,W
S314,ONGC,2024-03-06 10:55:00+05:30,-0.5402,-0.6861,0,,0.5138,21.05,-0.396,0,0.1781,0.0,3,0,1,0,3,4,2024-03-06 11:10:00+05:30,2024-03-06 11:15:00+05:30,2024-03-06 15:00:00+05:30,257.6,253.975,264.125,2.6,EOD+
S315,ONGC,2024-03-06 11:20:00+05:30,-0.3975,-0.5102,0,,0.6568,75.0,-1.0,0,0.5646,1.0,1,0,0,0,1,2,2024-03-06 11:25:00+05:30,2024-03-06 11:30:00+05:30,2024-03-06 15:00:00+05:30,257.45,254.7,262.4,2.75,EOD+
S316,ONGC,2024-03-06 12:05:00+05:30,-0.0126,-0.0097,0,,1.8616,64.71,-0.9676,0,0.6385,0.0,3,0,1,0,3,4,2024-03-06 12:20:00+05:30,2024-03-06 12:25:00+05:30,2024-03-06 14:40:00+05:30,257.45,255.37857142857143,261.1785714285714,3.7286,W
S317,ONGC,2024-03-06 13:35:00+05:30,0.1814,0.1438,14,1.0,0.0284,54.55,9.0,0,1.4632,,0,0,0,1,0,1,2024-03-06 13:35:00+05:30,2024-03-06 13:40:00+05:30,2024-03-06 14:30:00+05:30,258.1,256.77857142857147,260.4785714285714,2.3786,W
S318,ONGC,2024-03-07 10:20:00+05:30,0.2192,0.2481,13,13.0,0.4427,33.33,0.0811,0,0.7419,,0,0,1,1,0,1,2024-03-07 10:20:00+05:30,2024-03-07 10:25:00+05:30,2024-03-07 12:10:00+05:30,262.35,259.21607142857147,267.99107142857144,-3.1339,L
S319,ONGC,2024-03-07 12:40:00+05:30,-0.2045,-0.1544,0,,1.9516,27.27,-0.922,0,1.2233,1.0,3,0,1,0,3,4,2024-03-07 12:55:00+05:30,2024-03-07 13:00:00+05:30,2024-03-07 15:00:00+05:30,260.0,258.3571428571429,262.9571428571428,0.05,EOD+
S320,ONGC,2024-03-07 13:05:00+05:30,-0.1336,-0.222,0,,0.3409,60.0,-0.3617,0,0.3258,0.0,1,1,1,0,1,2,2024-03-07 13:10:00+05:30,2024-03-07 13:15:00+05:30,2024-03-07 15:00:00+05:30,260.05,258.32678571428573,263.1517857142857,0.0,EOD-
S321,ONGC,2024-03-07 13:20:00+05:30,-0.0779,-0.1336,0,,0.175,22.22,-0.0698,0,0.5244,0.0,1,1,1,0,1,2,2024-03-07 13:25:00+05:30,2024-03-07 13:30:00+05:30,2024-03-07 15:00:00+05:30,260.1,258.56428571428575,262.8642857142857,-0.05,EOD-
S322,ONGC,2024-03-07 14:00:00+05:30,0.0471,-0.0337,5,4.0,0.6468,25.0,0.6438,0,1.5473,,0,0,0,1,0,1,2024-03-07 14:00:00+05:30,2024-03-07 14:05:00+05:30,2024-03-07 15:00:00+05:30,260.15,258.7392857142857,262.6892857142857,-1.4107,L
S323,ONGC,2024-03-07 14:10:00+05:30,0.0702,0.0327,0,,0.1058,28.57,0.9048,0,0.8167,,0,0,0,1,0,1,2024-03-07 14:10:00+05:30,2024-03-07 14:15:00+05:30,2024-03-07 14:40:00+05:30,260.15,258.90892857142853,262.38392857142856,-1.2411,L
S324,ONGC,2024-03-11 09:20:00+05:30,,,0,,1.0953,3.13,-0.3631,0,0.5352,0.0,3,1,0,0,3,4,2024-03-11 09:35:00+05:30,2024-03-11 09:40:00+05:30,2024-03-11 11:05:00+05:30,259.6,256.9125,264.4375,-2.6875,L
S325,ONGC,2024-03-11 09:50:00+05:30,-0.0945,,0,,0.4383,64.29,-1.0,0,0.8157,1.0,3,0,0,0,3,4,2024-03-11 10:05:00+05:30,2024-03-11 10:10:00+05:30,2024-03-11 10:45:00+05:30,260.85,257.7696428571429,266.39464285714286,-3.0804,L
S326,ONGC,2024-03-11 10:15:00+05:30,-0.0106,-0.1023,0,,0.3213,64.71,-0.3514,0,0.2627,,0,0,0,1,0,1,2024-03-11 10:15:00+05:30,2024-03-11 10:20:00+05:30,2024-03-11 11:55:00+05:30,259.55,255.95178571428573,266.0267857142857,-3.5982,L
S327,ONGC,2024-03-11 12:20:00+05:30,-0.2647,-0.3227,0,,1.6192,61.54,-0.81,0,2.6441,1.0,3,0,0,0,3,4,2024-03-11 12:35:00+05:30,2024-03-11 12:40:00+05:30,2024-03-11 13:35:00+05:30,257.65,256.025,260.575,-1.625,L
S328,ONGC,2024-03-11 13:10:00+05:30,0.0195,0.038,6,6.0,0.0312,87.5,1.2222,0,0.8853,,0,0,1,1,0,1,2024-03-11 13:10:00+05:30,2024-03-11 13:15:00+05:30,2024-03-11 15:00:00+05:30,256.75,254.94642857142856,259.99642857142857,-0.35,EOD-
S329,ONGC,2024-03-11 13:20:00+05:30,-0.0214,0.0458,0,,0.175,38.46,0.1765,0,0.8195,,0,0,0,1,0,1,2024-03-11 13:20:00+05:30,2024-03-11 13:25:00+05:30,2024-03-11 15:00:00+05:30,256.7,254.87857142857143,259.9785714285714,-0.3,EOD-
S330,ONGC,2024-03-11 14:15:00+05:30,-0.037,0.0341,0,,2.2307,50.0,-0.8745,0,0.7047,0.0,3,0,1,0,3,4,2024-03-11 14:30:00+05:30,2024-03-11 14:35:00+05:30,2024-03-11 15:00:00+05:30,256.4,255.06071428571423,258.81071428571425,0.0,EOD-
S331,ONGC,2024-03-12 10:00:00+05:30,-0.2406,-0.2314,0,,1.2774,81.25,-0.8953,0,0.3375,0.0,3,0,1,0,3,4,2024-03-12 10:15:00+05:30,2024-03-12 10:20:00+05:30,2024-03-12 11:25:00+05:30,254.4,251.5964285714286,259.44642857142856,-2.8036,L
S332,ONGC,2024-03-12 10:30:00+05:30,-0.1417,-0.2478,1,1.0,0.0138,95.24,3.0,0,0.5342,,0,0,1,1,0,1,2024-03-12 10:30:00+05:30,2024-03-12 10:35:00+05:30,2024-03-12 11:25:00+05:30,254.15,251.89107142857145,258.2160714285714,-2.2589,L
S333,ONGC,2024-03-12 11:50:00+05:30,-0.1779,-0.1342,0,,1.5252,83.33,-0.9158,0,0.7887,0.0,3,0,1,0,3,4,2024-03-12 12:05:00+05:30,2024-03-12 12:10:00+05:30,2024-03-12 15:00:00+05:30,252.65,250.70357142857145,256.1535714285714,-0.15,EOD-
S334,ONGC,2024-03-12 13:20:00+05:30,0.0455,0.0198,0,,1.2497,15.38,-0.4721,0,0.3456,0.0,3,0,0,0,3,4,2024-03-12 13:35:00+05:30,2024-03-12 13:40:00+05:30,2024-03-12 15:00:00+05:30,253.0,251.2946428571429,256.06964285714287,-0.5,EOD-
S335,ONGC,2024-03-12 13:50:00+05:30,0.0682,0.0553,1,1.0,0.4226,9.09,0.4141,0,0.3913,,0,0,0,1,0,1,2024-03-12 13:50:00+05:30,2024-03-12 13:55:00+05:30,2024-03-12 15:00:00+05:30,253.2,251.73571428571427,255.8357142857143,-0.7,EOD-
S336,ONGC,2024-03-12 14:25:00+05:30,-0.0089,0.0168,6,2.0,0.2164,33.33,1.1277,0,0.567,,0,0,1,1,0,1,2024-03-12 14:25:00+05:30,2024-03-12 14:30:00+05:30,2024-03-12 15:00:00+05:30,253.25,251.89285714285717,255.69285714285715,-0.75,EOD-
S337,ONGC,2024-03-13 12:15:00+05:30,-0.3914,-0.3606,0,,3.5495,78.13,-1.0,0,1.3615,1.0,3,0,0,0,3,4,2024-03-13 12:30:00+05:30,2024-03-13 12:35:00+05:30,2024-03-13 14:10:00+05:30,242.7,239.92321428571427,247.69821428571427,-2.7768,L
S338,ONGC,2024-03-13 13:15:00+05:30,0.0021,-0.0672,7,4.0,0.4018,29.41,0.0309,0,0.4673,,0,0,1,1,0,1,2024-03-13 13:15:00+05:30,2024-03-13 13:20:00+05:30,2024-03-13 14:10:00+05:30,241.95,238.9321428571428,247.38214285714287,-3.0179,L
S339,ONGC,2024-03-13 13:25:00+05:30,-0.03,-0.0196,0,,0.5057,57.89,-0.3013,0,0.4466,,0,0,1,1,0,1,2024-03-13 13:25:00+05:30,2024-03-13 13:30:00+05:30,2024-03-13 14:10:00+05:30,242.2,239.36964285714285,247.2946428571429,-2.8304,L
S340,ONGC,2024-03-14 09:15:00+05:30,,,0,,2.3706,35.11,-0.725,0,1.9358,0.0,1,0,0,0,1,2,2024-03-14 09:20:00+05:30,2024-03-14 09:25:00+05:30,2024-03-14 15:00:00+05:30,239.75,235.3392857142857,247.6892857142857,4.1,EOD+
S341,ONGC,2024-03-14 09:30:00+05:30,,,1,1.0,0.3665,41.86,0.7361,0,1.3304,,0,0,0,1,0,1,2024-03-14 09:30:00+05:30,2024-03-14 09:35:00+05:30,2024-03-14 15:00:00+05:30,238.25,233.3392857142857,247.0892857142857,5.6,EOD+
S342,ONGC,2024-03-14 09:40:00+05:30,-0.1409,,0,,0.1007,65.91,-1.0,0,0.7458,,0,0,0,1,0,1,2024-03-14 09:40:00+05:30,2024-03-14 09:45:00+05:30,2024-03-14 15:00:00+05:30,238.95,234.04821428571427,247.7732142857143,4.9,EOD+
S343,ONGC,2024-03-14 09:50:00+05:30,-0.1105,,1,1.0,1.0158,83.05,-0.7912,0,0.7376,0.0,2,0,0,0,2,3,2024-03-14 10:00:00+05:30,2024-03-14 10:05:00+05:30,2024-03-14 15:00:00+05:30,238.35,233.04642857142852,247.89642857142857,5.5,EOD+
S344,ONGC,2024-03-14 10:10:00+05:30,0.0074,-0.0515,0,,0.7235,26.47,-0.6909,0,0.3526,0.0,2,0,1,0,2,3,2024-03-14 10:20:00+05:30,2024-03-14 10:25:00+05:30,2024-03-14 15:00:00+05:30,239.05,233.4607142857143,249.11071428571432,4.8,EOD+
S345,ONGC,2024-03-14 11:25:00+05:30,0.1848,0.2769,12,7.0,0.1107,11.76,5.5116,0,0.7615,,0,1,1,1,0,1,2024-03-14 11:25:00+05:30,2024-03-14 11:30:00+05:30,2024-03-14 15:00:00+05:30,240.25,237.82142857142856,244.62142857142857,4.3714,W
S346,ONGC,2024-03-14 12:00:00+05:30,0.4531,0.4615,6,3.0,0.7164,63.33,-0.1603,0,0.7904,0.0,1,0,1,0,1,2,2024-03-14 12:05:00+05:30,2024-03-14 12:10:00+05:30,2024-03-14 12:40:00+05:30,241.35,239.0642857142857,245.4642857142857,-2.2857,L
S347,ONGC,2024-03-14 12:45:00+05:30,-0.1276,0.0073,0,,3.0643,94.12,-0.9817,0,1.3961,1.0,3,0,0,0,3,4,2024-03-14 13:00:00+05:30,2024-03-14 13:05:00+05:30,2024-03-14 15:00:00+05:30,241.25,239.0267857142857,245.2517857142857,2.6,EOD+
S348,ONGC,2024-03-14 13:10:00+05:30,-0.0488,-0.1557,0,,0.8189,15.38,-0.802,0,0.5275,0.0,2,0,1,0,2,3,2024-03-14 13:20:00+05:30,2024-03-14 13:25:00+05:30,2024-03-14 15:00:00+05:30,240.85,238.5375,245.0125,3.0,EOD+
S349,ONGC,2024-03-14 13:35:00+05:30,-0.1372,-0.0582,2,1.0,0.35,50.0,0.2214,0,1.0031,,0,0,0,1,0,1,2024-03-14 13:35:00+05:30,2024-03-14 13:40:00+05:30,2024-03-14 15:00:00+05:30,240.45,238.1107142857143,244.66071428571425,4.2107,W
S350,ONGC,2024-03-14 13:45:00+05:30,-0.1186,-0.1361,0,,0.5984,26.67,-0.2661,0,1.2565,,0,0,0,1,0,1,2024-03-14 13:45:00+05:30,2024-03-14 13:50:00+05:30,2024-03-14 15:00:00+05:30,240.45,238.1732142857143,244.54821428571424,4.0982,W
S351,ONGC,2024-03-14 13:55:00+05:30,-0.0801,-0.131,1,1.0,0.1863,30.0,1.2581,0,0.6952,,0,1,1,1,0,1,2024-03-14 13:55:00+05:30,2024-03-14 14:00:00+05:30,2024-03-14 15:00:00+05:30,240.6,238.51964285714288,244.3446428571428,3.7446,W
S352,ONGC,2024-03-14 14:10:00+05:30,-0.0094,-0.0801,1,1.0,0.0276,58.33,14.5556,0,0.8397,,0,0,1,1,0,1,2024-03-14 14:10:00+05:30,2024-03-14 14:15:00+05:30,2024-03-14 15:00:00+05:30,241.35,239.3142857142857,245.0142857142857,2.5,EOD+
S353,ONGC,2024-03-15 09:15:00+05:30,,,0,,0.2817,37.78,7.0303,0,1.8911,,0,0,0,1,0,1,2024-03-15 09:15:00+05:30,2024-03-15 09:20:00+05:30,2024-03-15 09:25:00+05:30,247.4,244.47142857142856,252.67142857142855,-2.9286,L
S354,ONGC,2024-03-15 12:35:00+05:30,-0.5351,-0.4377,0,,2.7252,21.05,-0.876,0,0.9894,0.0,3,0,1,0,3,4,2024-03-15 12:50:00+05:30,2024-03-15 12:55:00+05:30,2024-03-15 13:40:00+05:30,234.15,231.56071428571428,238.81071428571428,4.6607,W
S355,ONGC,2024-03-15 13:05:00+05:30,-0.1689,-0.423,2,1.0,0.0162,11.11,41.8571,0,0.8072,,0,0,0,1,0,1,2024-03-15 13:05:00+05:30,2024-03-15 13:10:00+05:30,2024-03-15 13:55:00+05:30,234.65,231.94464285714287,239.51964285714288,4.8696,W
S356,ONGC,2024-03-15 13:15:00+05:30,-0.0962,-0.2426,1,1.0,0.0585,95.45,-0.2,0,0.9417,1.0,1,0,0,0,1,2,2024-03-15 13:20:00+05:30,2024-03-15 13:25:00+05:30,2024-03-15 13:50:00+05:30,234.6,231.93035714285716,239.40535714285716,4.8054,W
S357,ONGC,2024-03-18 09:15:00+05:30,,,0,,0.2328,62.79,2.7143,0,0.6019,,0,1,0,1,0,1,2024-03-18 09:15:00+05:30,2024-03-18 09:20:00+05:30,2024-03-18 09:30:00+05:30,243.8,240.04107142857143,250.56607142857143,-3.7589,L
S358,ONGC,2024-03-18 09:30:00+05:30,,,2,1.0,0.2925,75.64,-0.6429,0,0.2269,0.0,1,0,0,0,1,2,2024-03-18 09:35:00+05:30,2024-03-18 09:40:00+05:30,2024-03-18 15:00:00+05:30,240.9,236.11428571428573,249.51428571428573,2.6,EOD+
S359,ONGC,2024-03-18 09:45:00+05:30,0.2594,,0,,0.0509,41.18,1.9268,0,0.2256,,0,1,1,1,0,1,2024-03-18 09:45:00+05:30,2024-03-18 09:50:00+05:30,2024-03-18 15:00:00+05:30,241.15,236.11428571428573,250.2142857142857,2.35,EOD+
S360,ONGC,2024-03-18 10:55:00+05:30,0.2294,0.3583,13,2.0,0.2742,36.36,1.1053,0,1.0717,,0,0,0,1,0,1,2024-03-18 10:55:00+05:30,2024-03-18 11:00:00+05:30,2024-03-18 15:00:00+05:30,243.3,240.70178571428573,247.9767857142857,0.2,EOD+
S361,ONGC,2024-03-18 11:05:00+05:30,0.1193,0.3055,0,,0.3154,60.0,-1.0,0,0.4421,,0,0,1,1,0,1,2024-03-18 11:05:00+05:30,2024-03-18 11:10:00+05:30,2024-03-18 15:00:00+05:30,243.4,241.14107142857145,247.46607142857144,0.1,EOD+
S362,ONGC,2024-03-18 11:15:00+05:30,0.0945,0.1635,0,,1.608,73.53,-0.8738,0,0.7857,0.0,1,0,0,0,1,2,2024-03-18 11:20:00+05:30,2024-03-18 11:25:00+05:30,2024-03-18 15:00:00+05:30,243.4,240.93571428571428,247.8357142857143,0.1,EOD+
S363,ONGC,2024-03-18 11:30:00+05:30,0.1674,0.0945,0,,0.0459,0.0,3.7059,0,0.3505,,0,0,1,1,0,1,2024-03-18 11:30:00+05:30,2024-03-18 11:35:00+05:30,2024-03-18 15:00:00+05:30,243.5,241.1875,247.6625,0.0,EOD-
S364,ONGC,2024-03-18 11:55:00+05:30,0.079,0.118,3,2.0,0.5566,83.33,-0.8969,0,0.9382,0.0,1,1,0,0,1,2,2024-03-18 12:00:00+05:30,2024-03-18 12:05:00+05:30,2024-03-18 15:00:00+05:30,243.8,241.62142857142857,247.72142857142865,-0.3,EOD-
S365,ONGC,2024-03-18 12:10:00+05:30,-0.0257,0.079,0,,0.3758,11.11,-0.3548,0,1.3102,1.0,1,0,0,0,1,2,2024-03-18 12:15:00+05:30,2024-03-18 12:20:00+05:30,2024-03-18 15:00:00+05:30,243.95,241.8875,247.6625,-0.45,EOD-
S366,ONGC,2024-03-18 12:25:00+05:30,-0.0452,-0.0257,1,1.0,0.1818,7.69,1.9787,0,0.7338,,0,0,1,1,0,1,2024-03-18 12:25:00+05:30,2024-03-18 12:30:00+05:30,2024-03-18 12:50:00+05:30,243.8,242.18392857142857,246.7089285714286,-1.6161,L
S367,ONGC,2024-03-18 12:35:00+05:30,-0.0174,-0.0452,0,,0.438,72.73,-0.6262,0,0.7523,,0,0,0,1,0,1,2024-03-18 12:35:00+05:30,2024-03-18 12:40:00+05:30,2024-03-18 12:50:00+05:30,243.8,242.2732142857143,246.5482142857143,-1.5268,L
S368,ONGC,2024-03-18 12:45:00+05:30,-0.0051,-0.0462,0,,1.6168,73.08,-0.9059,0,0.5066,0.0,3,0,1,0,3,4,2024-03-18 13:00:00+05:30,2024-03-18 13:05:00+05:30,2024-03-18 15:00:00+05:30,243.6,241.95714285714288,246.55714285714288,-0.1,EOD-
S369,ONGC,2024-03-18 13:15:00+05:30,0.0031,0.0339,0,,0.6586,0.0,-0.0857,0,0.7662,0.0,3,0,0,0,3,4,2024-03-18 13:30:00+05:30,2024-03-18 13:35:00+05:30,2024-03-18 15:00:00+05:30,243.7,242.03928571428568,246.6892857142857,-0.2,EOD-
S370,ONGC,2024-03-18 13:40:00+05:30,-0.0524,-0.0513,0,,0.8209,77.78,-0.6429,0,1.1299,0.0,3,1,1,0,3,4,2024-03-18 13:55:00+05:30,2024-03-18 14:00:00+05:30,2024-03-18 15:00:00+05:30,243.9,242.19464285714287,246.96964285714287,-0.4,EOD-
S371,ONGC,2024-03-19 09:15:00+05:30,,,0,,1.0858,12.5,-0.1209,0,4.8035,,0,0,0,1,0,1,2024-03-19 09:15:00+05:30,2024-03-19 09:20:00+05:30,2024-03-19 09:20:00+05:30,244.2,242.6285714285714,247.02857142857144,-1.5714,L
S372,ONGC,2024-03-19 11:50:00+05:30,-0.1863,-0.2152,0,,1.7218,85.71,-1.0,0,1.477,1.0,3,0,0,0,3,4,2024-03-19 12:05:00+05:30,2024-03-19 12:10:00+05:30,2024-03-19 15:00:00+05:30,240.2,238.64642857142857,242.9964285714285,1.7,EOD+
S373,ONGC,2024-03-19 14:00:00+05:30,0.1569,0.2582,21,17.0,1.9439,88.0,-0.854,0,1.1394,0.0,2,0,0,0,2,3,2024-03-19 14:10:00+05:30,2024-03-19 14:15:00+05:30,2024-03-19 15:00:00+05:30,242.25,240.92857142857144,244.62857142857143,-0.35,EOD-
S374,ONGC,2024-03-19 14:20:00+05:30,-0.0083,0.1146,0,,1.0606,92.86,-0.92,0,0.8194,,0,0,1,1,0,1,2024-03-19 14:20:00+05:30,2024-03-19 14:25:00+05:30,2024-03-19 15:00:00+05:30,242.25,240.7767857142857,244.9017857142857,-0.35,EOD-
S375,ONGC,2024-03-20 09:15:00+05:30,,,0,,0.8831,45.45,-0.6313,0,2.374,,0,1,0,1,0,1,2024-03-20 09:15:00+05:30,2024-03-20 09:20:00+05:30,2024-03-20 09:25:00+05:30,242.35,240.8142857142857,245.1142857142857,-1.5357,L
S376,ONGC,2024-03-20 09:25:00+05:30,,,1,1.0,2.5796,72.55,-0.6985,0,1.2674,0.0,2,0,0,0,2,3,2024-03-20 09:35:00+05:30,2024-03-20 09:40:00+05:30,2024-03-20 10:00:00+05:30,242.0,240.07142857142856,245.47142857142856,-1.9286,L
S377,ONGC,2024-03-20 10:00:00+05:30,-0.1419,-0.0672,0,,1.4622,35.71,-0.7264,0,0.6763,0.0,3,1,0,0,3,4,2024-03-20 10:15:00+05:30,2024-03-20 10:20:00+05:30,2024-03-20 15:00:00+05:30,241.85,239.0375,246.9125,3.8,EOD+
S378,ONGC,2024-03-20 10:25:00+05:30,-0.0777,-0.1616,0,,0.4922,4.55,-0.1635,0,0.3274,0.0,1,0,1,0,1,2,2024-03-20 10:30:00+05:30,2024-03-20 10:35:00+05:30,2024-03-20 15:00:00+05:30,241.35,238.01071428571427,247.3607142857143,4.3,EOD+
S379,ONGC,2024-03-20 10:40:00+05:30,-0.0041,-0.0777,0,,0.4405,63.64,-0.2079,0,1.3228,1.0,3,1,0,0,3,4,2024-03-20 10:55:00+05:30,2024-03-20 11:00:00+05:30,2024-03-20 15:00:00+05:30,241.8,238.9339285714286,246.95892857142857,3.85,EOD+
S380,ONGC,2024-03-20 12:30:00+05:30,0.2707,0.2742,18,6.0,0.1052,0.0,0.875,0,0.5585,,0,1,0,1,0,1,2024-03-20 12:30:00+05:30,2024-03-20 12:35:00+05:30,2024-03-20 15:00:00+05:30,243.15,241.24821428571428,246.5732142857143,2.5,EOD+
S381,ONGC,2024-03-20 12:55:00+05:30,0.1787,0.2489,3,3.0,0.3885,66.67,-0.434,0,0.4776,0.0,2,0,1,0,2,3,2024-03-20 13:05:00+05:30,2024-03-20 13:10:00+05:30,2024-03-20 15:00:00+05:30,243.45,241.7446428571428,246.51964285714288,2.2,EOD+
S382,ONGC,2024-03-20 13:30:00+05:30,0.0862,0.1662,3,1.0,0.009,7.69,89.0,0,1.0171,,0,0,1,1,0,1,2024-03-20 13:30:00+05:30,2024-03-20 13:35:00+05:30,2024-03-20 15:00:00+05:30,244.2,242.81607142857143,246.6910714285714,1.45,EOD+
S383,ONGC,2024-03-20 13:55:00+05:30,0.0154,0.0267,4,2.0,0.0713,71.43,1.3529,0,1.0087,,0,1,0,1,0,1,2024-03-20 13:55:00+05:30,2024-03-20 14:00:00+05:30,2024-03-20 15:00:00+05:30,243.9,242.4089285714286,246.58392857142857,1.75,EOD+
S384,ONGC,2024-03-20 14:25:00+05:30,0.1382,0.085,4,2.0,0.0378,30.0,13.0,0,0.5638,,0,1,1,1,0,1,2024-03-20 14:25:00+05:30,2024-03-20 14:30:00+05:30,2024-03-20 15:00:00+05:30,244.7,243.04821428571427,247.67321428571427,0.95,EOD+
S385,ONGC,2024-03-21 13:15:00+05:30,-0.1579,-0.1516,0,,1.5022,10.0,-0.6474,0,0.624,1.0,3,0,1,0,3,4,2024-03-21 13:30:00+05:30,2024-03-21 13:35:00+05:30,2024-03-21 15:00:00+05:30,245.35,243.69821428571427,248.3232142857143,-1.1,EOD-
S386,ONGC,2024-03-21 13:50:00+05:30,0.0194,-0.0877,2,1.0,0.5878,80.0,-1.0,0,0.7628,0.0,3,0,1,0,3,4,2024-03-21 14:05:00+05:30,2024-03-21 14:10:00+05:30,2024-03-21 15:00:00+05:30,245.2,243.8071428571428,247.70714285714288,-0.95,EOD-
S387,ONGC,2024-03-21 14:15:00+05:30,-0.0347,0.0102,0,,0.4497,72.73,-0.7938,0,1.3253,,0,0,0,1,0,1,2024-03-21 14:15:00+05:30,2024-03-21 14:20:00+05:30,2024-03-21 15:00:00+05:30,245.45,244.10178571428568,247.8767857142857,-1.2,EOD-
S388,ONGC,2024-03-22 09:50:00+05:30,-0.2757,,0,,1.6836,25.0,-0.8128,0,0.5594,1.0,3,0,0,0,3,4,2024-03-22 10:05:00+05:30,2024-03-22 10:10:00+05:30,2024-03-22 15:00:00+05:30,243.7,240.92321428571427,248.6982142857143,1.65,EOD+
S389,ONGC,2024-03-22 10:20:00+05:30,-0.115,-0.2124,1,1.0,0.0889,50.0,2.4146,0,0.3685,,0,0,1,1,0,1,2024-03-22 10:20:00+05:30,2024-03-22 10:25:00+05:30,2024-03-22 15:00:00+05:30,243.75,240.86607142857144,248.94107142857143,1.6,EOD+
S390,ONGC,2024-03-22 10:30:00+05:30,-0.112,-0.1365,0,,0.4059,60.0,-1.0,0,0.5698,1.0,1,1,1,0,1,2,2024-03-22 10:35:00+05:30,2024-03-22 10:40:00+05:30,2024-03-22 15:00:00+05:30,243.7,241.29821428571427,248.0232142857143,1.65,EOD+
S391,ONGC,2024-03-22 11:25:00+05:30,0.1867,0.1212,9,2.0,0.752,13.33,0.383,0,1.8592,,0,0,0,1,0,1,2024-03-22 11:25:00+05:30,2024-03-22 11:30:00+05:30,2024-03-22 14:20:00+05:30,243.9,242.3375,246.7125,2.8125,W
S392,ONGC,2024-03-22 11:40:00+05:30,0.1025,0.1867,0,,1.1019,50.0,-0.5294,0,0.9796,1.0,3,0,0,0,3,4,2024-03-22 11:55:00+05:30,2024-03-22 12:00:00+05:30,2024-03-22 14:20:00+05:30,243.9,242.45357142857145,246.50357142857143,2.6036,W
S393,ONGC,2024-03-22 12:05:00+05:30,-0.0051,0.04,0,,0.7047,0.0,-0.2,0,0.8898,1.0,1,0,0,0,1,2,2024-03-22 12:10:00+05:30,2024-03-22 12:15:00+05:30,2024-03-22 14:20:00+05:30,243.95,242.61964285714285,246.34464285714284,2.3946,W
S394,ONGC,2024-03-22 12:40:00+05:30,-0.0318,0.0277,0,,0.9333,20.0,-0.625,0,1.1323,1.0,3,0,1,0,3,4,2024-03-22 12:55:00+05:30,2024-03-22 13:00:00+05:30,2024-03-22 14:10:00+05:30,243.7,242.6285714285714,245.62857142857143,1.9286,W
S395,ONGC,2024-03-22 13:35:00+05:30,0.0543,0.0338,6,1.0,0.3039,93.75,-1.0,0,1.2193,1.0,1,0,0,0,1,2,2024-03-22 13:40:00+05:30,2024-03-22 13:45:00+05:30,2024-03-22 14:20:00+05:30,244.35,243.1982142857143,246.42321428571427,2.0732,W
S396,ONGC,2024-03-26 09:30:00+05:30,,,0,,1.543,21.74,-0.7724,0,0.8063,0.0,3,0,1,0,3,4,2024-03-26 09:45:00+05:30,2024-03-26 09:50:00+05:30,2024-03-26 15:00:00+05:30,245.3,242.8089285714286,249.78392857142856,2.25,EOD+
S397,ONGC,2024-03-26 11:30:00+05:30,0.2952,0.4304,20,5.0,0.4412,16.67,0.5385,0,1.6982,,0,0,0,1,0,1,2024-03-26 11:30:00+05:30,2024-03-26 11:35:00+05:30,2024-03-26 15:00:00+05:30,247.55,246.07678571428573,250.2017857142857,0.0,EOD-
S398,ONGC,2024-03-26 12:45:00+05:30,0.1168,0.1501,14,9.0,0.0788,81.82,1.3529,0,0.613,,0,0,1,1,0,1,2024-03-26 12:45:00+05:30,2024-03-26 12:50:00+05:30,2024-03-26 15:00:00+05:30,248.3,246.95178571428573,250.7267857142857,-0.75,EOD-
S399,ONGC,2024-03-26 12:55:00+05:30,0.0896,0.145,0,,0.6817,25.0,0.0738,0,0.9739,,0,0,0,1,0,1,2024-03-26 12:55:00+05:30,2024-03-26 13:00:00+05:30,2024-03-26 15:00:00+05:30,248.5,247.13392857142856,250.95892857142857,-0.95,EOD-
S400,ONGC,2024-03-26 13:35:00+05:30,0.1206,0.1347,7,6.0,0.141,42.86,1.2222,0,0.7881,,0,0,1,1,0,1,2024-03-26 13:35:00+05:30,2024-03-26 13:40:00+05:30,2024-03-26 14:35:00+05:30,248.8,247.60357142857143,250.95357142857145,-1.1964,L
S401,ONGC,2024-03-26 13:45:00+05:30,0.0593,0.1357,0,,0.6778,18.18,0.1475,0,1.1878,,0,0,0,1,0,1,2024-03-26 13:45:00+05:30,2024-03-26 13:50:00+05:30,2024-03-26 14:35:00+05:30,248.8,247.675,250.82500000000005,-1.125,L
S402,ONGC,2024-03-27 09:15:00+05:30,,,0,,2.9895,70.77,-0.6378,0,2.2347,,0,0,0,1,0,1,2024-03-27 09:15:00+05:30,2024-03-27 09:20:00+05:30,2024-03-27 11:45:00+05:30,248.95,247.33392857142852,251.85892857142855,-1.6161,L
S403,ONGC,2024-03-27 13:55:00+05:30,-0.137,-0.1551,0,,0.5587,75.0,-1.0,0,0.3832,1.0,3,0,1,0,3,4,2024-03-27 14:10:00+05:30,2024-03-27 14:15:00+05:30,2024-03-27 14:30:00+05:30,246.3,245.32678571428573,248.05178571428573,-0.9732,L
S404,ONGC,2024-03-28 09:15:00+05:30,,,0,,0.6106,9.09,-0.7519,0,0.2168,0.0,2,0,0,0,2,3,2024-03-28 09:25:00+05:30,2024-03-28 09:30:00+05:30,2024-03-28 15:00:00+05:30,245.55,241.425,252.975,5.15,EOD+
S405,ONGC,2024-03-28 10:25:00+05:30,0.1672,0.1113,11,4.0,0.1906,25.0,0.7241,0,0.1486,,0,1,0,1,0,1,2024-03-28 10:25:00+05:30,2024-03-28 10:30:00+05:30,2024-03-28 12:45:00+05:30,245.35,243.4482142857143,248.77321428571423,3.4232,W
S406,ONGC,2024-03-28 11:55:00+05:30,0.0902,0.1014,16,5.0,0.2373,40.0,0.0,0,0.7988,0.0,1,1,1,0,1,2,2024-03-28 12:00:00+05:30,2024-03-28 12:05:00+05:30,2024-03-28 12:55:00+05:30,247.05,245.99642857142857,248.9464285714286,1.8964,W
S407,ONGC,2024-03-28 12:10:00+05:30,0.1114,0.0902,0,,1.6059,0.0,-0.6337,0,1.7377,1.0,3,1,1,0,3,4,2024-03-28 12:25:00+05:30,2024-03-28 12:30:00+05:30,2024-03-28 12:55:00+05:30,247.15,246.0875,249.06250000000003,1.9125,W
S408,ONGC,2024-04-01 09:15:00+05:30,,,0,,1.8027,51.72,-0.8282,0,0.4923,0.0,1,0,1,0,1,2,2024-04-01 09:20:00+05:30,2024-04-01 09:25:00+05:30,2024-04-01 15:00:00+05:30,250.75,248.7321428571429,254.3821428571428,0.45,EOD+
S409,ONGC,2024-04-01 10:40:00+05:30,0.2446,0.1115,14,5.0,0.1248,12.5,1.8571,0,0.3257,,0,0,1,1,0,1,2024-04-01 10:40:00+05:30,2024-04-01 10:45:00+05:30,2024-04-01 15:00:00+05:30,251.6,250.19821428571427,254.12321428571428,-0.4,EOD-
S410,ONGC,2024-04-01 11:00:00+05:30,0.142,0.2623,0,,1.8682,76.92,-0.9045,0,0.4527,0.0,3,0,1,0,3,4,2024-04-01 11:15:00+05:30,2024-04-01 11:20:00+05:30,2024-04-01 15:00:00+05:30,251.75,250.34821428571428,254.2732142857143,-0.55,EOD-
S411,ONGC,2024-04-01 11:25:00+05:30,-0.004,0.0328,0,,0.5629,37.5,-0.1304,0,0.5649,,0,0,0,1,0,1,2024-04-01 11:25:00+05:30,2024-04-01 11:30:00+05:30,2024-04-01 12:55:00+05:30,251.7,250.42321428571427,253.99821428571428,-1.2768,L
S412,ONGC,2024-04-01 11:45:00+05:30,-0.0248,-0.006,0,,1.05,66.67,-0.902,0,0.6746,1.0,3,0,1,0,3,4,2024-04-01 12:00:00+05:30,2024-04-01 12:05:00+05:30,2024-04-01 15:00:00+05:30,251.45,250.23571428571427,253.6357142857143,-0.25,EOD-
S413,ONGC,2024-04-01 12:10:00+05:30,-0.0656,-0.0557,0,,0.2313,14.29,0.0526,0,0.5971,,0,1,0,1,0,1,2024-04-01 12:10:00+05:30,2024-04-01 12:15:00+05:30,2024-04-01 12:55:00+05:30,251.55,250.5232142857143,253.39821428571435,-1.0268,L
S414,ONGC,2024-04-01 12:20:00+05:30,-0.0378,-0.0616,0,,0.231,100.0,-1.0,0,0.5208,,0,0,1,1,0,1,2024-04-01 12:20:00+05:30,2024-04-01 12:25:00+05:30,2024-04-01 12:50:00+05:30,251.7,250.8071428571428,253.30714285714288,-0.8929,L
S415,ONGC,2024-04-01 13:00:00+05:30,-0.0229,0.0398,0,,1.6139,27.27,-0.9197,0,1.8526,1.0,3,0,0,0,3,4,2024-04-01 13:15:00+05:30,2024-04-01 13:20:00+05:30,2024-04-01 15:00:00+05:30,251.35,250.38571428571427,253.0857142857143,-0.15,EOD-
S416,ONGC,2024-04-01 13:25:00+05:30,-0.0288,-0.0716,0,,0.4706,100.0,-1.0,0,0.7523,1.0,1,0,1,0,1,2,2024-04-01 13:30:00+05:30,2024-04-01 13:35:00+05:30,2024-04-01 15:00:00+05:30,251.3,250.2375,253.2125,-0.1,EOD-
S417,ONGC,2024-04-01 13:40:00+05:30,-0.004,-0.0288,0,,0.4368,80.0,-1.0,0,0.7677,1.0,1,0,1,0,1,2,2024-04-01 13:45:00+05:30,2024-04-01 13:50:00+05:30,2024-04-01 15:00:00+05:30,251.35,250.30535714285716,253.23035714285717,-0.15,EOD-
S418,ONGC,2024-04-01 13:55:00+05:30,-0.008,-0.004,0,,0.5425,75.0,-0.3548,0,1.3242,,0,0,0,1,0,1,2024-04-01 13:55:00+05:30,2024-04-01 14:00:00+05:30,2024-04-01 15:00:00+05:30,251.6,250.52857142857144,253.5285714285714,-0.4,EOD-
S419,ONGC,2024-04-01 14:15:00+05:30,-0.0358,-0.0149,0,,1.2202,66.67,-0.7895,0,1.007,1.0,3,0,0,0,3,4,2024-04-01 14:30:00+05:30,2024-04-01 14:35:00+05:30,2024-04-01 15:00:00+05:30,251.3,250.32678571428573,253.0517857142857,-0.1,EOD-
S420,ONGC,2024-04-02 09:50:00+05:30,0.2408,,7,4.0,0.0563,63.64,1.8571,0,1.4355,,0,0,1,1,0,1,2024-04-02 09:50:00+05:30,2024-04-02 09:55:00+05:30,2024-04-02 15:00:00+05:30,252.25,249.9196428571429,256.44464285714287,1.5,EOD+
S421,ONGC,2024-04-02 10:00:00+05:30,0.1625,0.2696,0,,0.4205,94.74,-1.0,0,0.8453,,0,0,0,1,0,1,2024-04-02 10:00:00+05:30,2024-04-02 10:05:00+05:30,2024-04-02 15:00:00+05:30,252.85,250.36785714285716,257.3178571428571,0.9,EOD+
S422,ONGC,2024-04-02 11:15:00+05:30,-0.2589,-0.0792,0,,1.0245,16.67,-0.638,0,0.8157,1.0,3,1,0,0,3,4,2024-04-02 11:30:00+05:30,2024-04-02 11:35:00+05:30,2024-04-02 15:00:00+05:30,251.85,250.5017857142857,254.2767857142857,1.9,EOD+
S423,ONGC,2024-04-02 11:40:00+05:30,-0.1083,-0.2234,0,,0.2638,14.29,0.5385,0,1.3167,,0,0,1,1,0,1,2024-04-02 11:40:00+05:30,2024-04-02 11:45:00+05:30,2024-04-02 15:00:00+05:30,251.8,250.56785714285715,254.0178571428572,1.95,EOD+
S424,ONGC,2024-04-02 13:45:00+05:30,0.1491,0.1542,23,4.0,0.2333,66.67,-1.0,0,0.7269,0.0,1,1,1,0,1,2,2024-04-02 13:50:00+05:30,2024-04-02 13:55:00+05:30,2024-04-02 15:00:00+05:30,253.4,252.4089285714286,255.1839285714285,0.35,EOD+
S425,ONGC,2024-04-02 14:20:00+05:30,0.0937,0.0642,5,3.0,0.2496,37.5,0.9512,0,0.6761,,0,0,1,1,0,1,2024-04-02 14:20:00+05:30,2024-04-02 14:25:00+05:30,2024-04-02 15:00:00+05:30,253.55,252.52321428571432,255.3982142857143,0.2,EOD+
S426,ONGC,2024-04-03 10:30:00+05:30,0.4151,0.4843,15,5.0,0.0682,30.77,3.6154,0,0.2889,,0,0,1,1,0,1,2024-04-03 10:30:00+05:30,2024-04-03 10:35:00+05:30,2024-04-03 14:45:00+05:30,257.35,254.96607142857147,261.6410714285714,-2.3839,L
S427,ONGC,2024-04-03 10:40:00+05:30,0.3728,0.4397,0,,0.7588,68.18,-0.7786,0,0.2597,,0,0,1,1,0,1,2024-04-03 10:40:00+05:30,2024-04-03 10:45:00+05:30,2024-04-03 11:50:00+05:30,257.75,255.5178571428572,261.7678571428571,-2.2321,L
S428,ONGC,2024-04-03 11:50:00+05:30,-0.2659,-0.1837,0,,2.5573,87.5,-0.927,0,1.209,0.0,3,0,0,0,3,4,2024-04-03 12:05:00+05:30,2024-04-03 12:10:00+05:30,2024-04-03 14:30:00+05:30,256.75,255.41071428571425,259.16071428571433,-1.3393,L
S429,ONGC,2024-04-03 12:20:00+05:30,-0.0956,-0.2096,1,1.0,0.4565,60.0,-0.1111,0,0.6595,0.0,1,0,1,0,1,2,2024-04-03 12:25:00+05:30,2024-04-03 12:30:00+05:30,2024-04-03 14:30:00+05:30,256.65,255.4178571428571,258.8678571428572,-1.2321,L
S430,ONGC,2024-04-03 13:20:00+05:30,0.0789,0.075,10,2.0,0.4539,50.0,0.4458,0,1.8989,,0,0,0,1,0,1,2024-04-03 13:20:00+05:30,2024-04-03 13:25:00+05:30,2024-04-03 14:25:00+05:30,256.85,255.70714285714288,258.90714285714296,-1.1429,L
S431,ONGC,2024-04-03 13:30:00+05:30,0.0925,0.0857,0,,0.2766,42.86,0.2245,0,0.5259,,0,0,1,1,0,1,2024-04-03 13:30:00+05:30,2024-04-03 13:35:00+05:30,2024-04-03 14:25:00+05:30,256.9,255.7928571428571,258.8928571428572,-1.1071,L
S432,ONGC,2024-04-03 13:55:00+05:30,0.0204,0.0817,0,,1.0391,61.54,-1.0,0,0.9398,0.0,3,1,0,0,3,4,2024-04-03 14:10:00+05:30,2024-04-03 14:15:00+05:30,2024-04-03 14:25:00+05:30,257.15,256.0071428571428,259.20714285714286,-1.1429,L
S433,ONGC,2024-04-04 09:30:00+05:30,,,0,,2.1581,52.17,-0.8531,0,0.5607,0.0,3,0,1,0,3,4,2024-04-04 09:45:00+05:30,2024-04-04 09:50:00+05:30,2024-04-04 10:15:00+05:30,256.0,253.63392857142856,260.25892857142856,-2.3661,L
S434,ONGC,2024-04-04 12:55:00+05:30,-0.3146,-0.4481,0,,0.9806,31.25,-0.587,0,0.8163,0.0,3,1,0,0,3,4,2024-04-04 13:10:00+05:30,2024-04-04 13:15:00+05:30,2024-04-04 15:00:00+05:30,249.5,247.3392857142857,253.38928571428573,1.15,EOD+
S435,ONGC,2024-04-04 13:20:00+05:30,-0.234,-0.2698,0,,0.0196,63.16,12.3333,0,0.7465,,0,0,1,1,0,1,2024-04-04 13:20:00+05:30,2024-04-04 13:25:00+05:30,2024-04-04 15:00:00+05:30,249.65,247.73928571428573,253.0892857142857,1.0,EOD+
S436,ONGC,2024-04-05 09:45:00+05:30,-0.1059,,0,,1.331,35.29,-0.7697,0,0.4102,0.0,3,0,1,0,3,4,2024-04-05 10:00:00+05:30,2024-04-05 10:05:00+05:30,2024-04-05 15:00:00+05:30,250.15,247.70357142857145,254.55357142857144,-0.75,EOD-
S437,ONGC,2024-04-05 10:10:00+05:30,-0.1,-0.1199,0,,0.2719,47.06,-0.802,0,0.8514,,0,0,1,1,0,1,2024-04-05 10:10:00+05:30,2024-04-05 10:15:00+05:30,2024-04-05 15:00:00+05:30,250.2,247.8785714285714,254.37857142857143,-0.8,EOD-
S438,ONGC,2024-04-05 11:20:00+05:30,0.2051,0.1605,13,12.0,0.65,80.0,-0.6923,0,0.5326,0.0,1,0,0,0,1,2,2024-04-05 11:25:00+05:30,2024-04-05 11:30:00+05:30,2024-04-05 14:10:00+05:30,251.15,249.275,254.525,-1.875,L
S439,ONGC,2024-04-05 11:35:00+05:30,0.194,0.2051,0,,0.2019,91.67,-0.5556,0,0.4356,,0,0,0,1,0,1,2024-04-05 11:35:00+05:30,2024-04-05 11:40:00+05:30,2024-04-05 12:15:00+05:30,251.8,250.40714285714287,254.30714285714288,-1.3929,L
S440,ONGC,2024-04-05 11:45:00+05:30,0.1789,0.1871,1,1.0,0.0761,14.29,4.3333,0,0.6144,,0,0,0,1,0,1,2024-04-05 11:45:00+05:30,2024-04-05 11:50:00+05:30,2024-04-05 12:15:00+05:30,251.65,250.41785714285717,253.8678571428572,-1.2321,L
S441,ONGC,2024-04-05 11:55:00+05:30,0.159,0.1691,1,1.0,0.0113,25.0,19.0,0,0.4228,,0,0,1,1,0,1,2024-04-05 11:55:00+05:30,2024-04-05 12:00:00+05:30,2024-04-05 12:10:00+05:30,251.6,250.4928571428571,253.5928571428572,-1.1071,L
S442,ONGC,2024-04-08 09:15:00+05:30,,,0,,0.7778,70.97,-0.7143,0,2.7523,,0,0,0,1,0,1,2024-04-08 09:15:00+05:30,2024-04-08 09:20:00+05:30,2024-04-08 11:25:00+05:30,250.1,248.975,252.125,-1.125,L
S443,ONGC,2024-04-08 09:50:00+05:30,0.1601,,6,5.0,0.1428,75.0,0.4634,0,0.54,,0,1,0,1,0,1,2024-04-08 09:50:00+05:30,2024-04-08 09:55:00+05:30,2024-04-08 12:05:00+05:30,250.0,248.20535714285717,253.23035714285712,-1.7946,L
S444,ONGC,2024-04-08 10:00:00+05:30,0.112,0.1731,0,,0.7516,52.63,-0.7425,0,0.3073,,0,0,0,1,0,1,2024-04-08 10:00:00+05:30,2024-04-08 10:05:00+05:30,2024-04-08 15:00:00+05:30,250.0,248.0625,253.4875,2.5,EOD+
S445,ONGC,2024-04-08 10:10:00+05:30,0.102,0.1331,0,,0.1991,18.75,0.5152,0,0.6253,,0,0,0,1,0,1,2024-04-08 10:10:00+05:30,2024-04-08 10:15:00+05:30,2024-04-08 12:05:00+05:30,250.3,248.22857142857143,254.02857142857144,-2.0714,L
S446,ONGC,2024-04-08 10:20:00+05:30,0.1149,0.102,0,,0.3118,11.11,0.3208,0,0.2311,,0,0,1,1,0,1,2024-04-08 10:20:00+05:30,2024-04-08 10:25:00+05:30,2024-04-08 12:05:00+05:30,250.3,248.175,254.125,-2.125,L
S447,ONGC,2024-04-08 10:30:00+05:30,0.1149,0.1069,0,,0.115,76.92,-1.0,0,0.7609,,0,0,0,1,0,1,2024-04-08 10:30:00+05:30,2024-04-08 10:35:00+05:30,2024-04-08 11:25:00+05:30,250.7,248.8517857142857,254.0267857142857,-1.8482,L
S448,ONGC,2024-04-08 10:40:00+05:30,0.1108,0.1169,1,1.0,0.3089,42.86,0.0127,0,0.3548,,0,0,0,1,0,1,2024-04-08 10:40:00+05:30,2024-04-08 10:45:00+05:30,2024-04-08 11:25:00+05:30,250.3,248.7017857142857,253.17678571428573,-1.5982,L
S449,ONGC,2024-04-08 10:50:00+05:30,0.1108,0.1118,0,,0.4924,70.0,-0.5041,0,0.9498,,0,1,0,1,0,1,2024-04-08 10:50:00+05:30,2024-04-08 10:55:00+05:30,2024-04-08 11:05:00+05:30,251.2,249.66428571428568,253.9642857142857,-1.5357,L
S450,ONGC,2024-04-08 12:15:00+05:30,-0.1784,-0.1402,0,,2.1109,20.0,-0.9482,0,0.6671,1.0,3,0,1,0,3,4,2024-04-08 12:30:00+05:30,2024-04-08 12:35:00+05:30,2024-04-08 12:55:00+05:30,249.4,248.25714285714287,251.45714285714288,2.0571,W
S451,ONGC,2024-04-08 13:25:00+05:30,0.191,0.1822,10,6.0,0.1577,65.0,1.439,0,0.7581,,0,0,0,1,0,1,2024-04-08 13:25:00+05:30,2024-04-08 13:30:00+05:30,2024-04-08 14:40:00+05:30,250.0,248.375,252.925,2.925,W
S452,ONGC,2024-04-08 13:50:00+05:30,0.1957,0.1699,3,3.0,0.1693,28.57,0.6216,0,0.5082,,0,0,0,1,0,1,2024-04-08 13:50:00+05:30,2024-04-08 13:55:00+05:30,2024-04-08 14:40:00+05:30,250.55,249.1839285714286,253.00892857142856,2.4589,W
S453,ONGC,2024-04-08 14:00:00+05:30,0.2114,0.1808,0,,0.8428,26.32,0.3115,0,0.4283,,0,0,0,1,0,1,2024-04-08 14:00:00+05:30,2024-04-08 14:05:00+05:30,2024-04-08 15:00:00+05:30,251.0,249.64285714285717,253.44285714285715,1.5,EOD+
S454,ONGC,2024-04-08 14:10:00+05:30,0.1954,0.2065,1,1.0,0.0531,44.44,4.4545,0,0.3554,,0,0,1,1,0,1,2024-04-08 14:10:00+05:30,2024-04-08 14:15:00+05:30,2024-04-08 15:00:00+05:30,251.15,249.85535714285717,253.48035714285717,1.35,EOD+
S455,ONGC,2024-04-09 09:20:00+05:30,,,0,,2.1258,75.0,-0.9697,0,4.1363,1.0,3,0,0,0,3,4,2024-04-09 09:35:00+05:30,2024-04-09 09:40:00+05:30,2024-04-09 13:50:00+05:30,251.8,249.8625,255.2875,-1.9375,L
S456,ONGC,2024-04-09 10:45:00+05:30,0.0546,0.0308,13,8.0,0.1506,33.33,0.7647,0,0.4296,,0,0,0,1,0,1,2024-04-09 10:45:00+05:30,2024-04-09 10:50:00+05:30,2024-04-09 13:15:00+05:30,251.9,250.48928571428573,254.4392857142857,-1.4107,L
S457,ONGC,2024-04-09 10:55:00+05:30,0.0655,0.0387,0,,0.0384,0.0,1.5,0,0.3566,,0,0,0,1,0,1,2024-04-09 10:55:00+05:30,2024-04-09 11:00:00+05:30,2024-04-09 13:10:00+05:30,252.1,250.79642857142855,254.44642857142856,-1.3036,L
S458,ONGC,2024-04-09 12:45:00+05:30,-0.0865,-0.0546,0,,2.121,33.33,-0.868,0,1.0785,1.0,3,0,0,0,3,4,2024-04-09 13:00:00+05:30,2024-04-09 13:05:00+05:30,2024-04-09 13:10:00+05:30,251.65,250.75714285714287,253.25714285714287,-0.8929,L
S459,ONGC,2024-04-10 10:45:00+05:30,0.2946,0.303,18,2.0,0.0803,72.73,0.9048,0,0.567,,0,0,1,1,0,1,2024-04-10 10:45:00+05:30,2024-04-10 10:50:00+05:30,2024-04-10 15:00:00+05:30,252.9,251.26607142857145,255.84107142857144,0.25,EOD+
S460,ONGC,2024-04-10 10:55:00+05:30,0.2243,0.2978,0,,0.5087,62.5,-0.68,0,0.6056,,0,0,1,1,0,1,2024-04-10 10:55:00+05:30,2024-04-10 11:00:00+05:30,2024-04-10 15:00:00+05:30,252.95,251.4142857142857,255.7142857142857,0.2,EOD+
S461,ONGC,2024-04-10 11:10:00+05:30,0.1017,0.2243,1,1.0,0.1987,20.0,2.6364,0,0.514,,0,0,1,1,0,1,2024-04-10 11:10:00+05:30,2024-04-10 11:15:00+05:30,2024-04-10 15:00:00+05:30,253.45,252.0660714285714,255.94107142857143,-0.3,EOD-
S462,ONGC,2024-04-10 11:20:00+05:30,0.0306,0.1383,0,,1.65,45.0,-0.6465,0,0.5202,0.0,2,0,0,0,2,3,2024-04-10 11:30:00+05:30,2024-04-10 11:35:00+05:30,2024-04-10 15:00:00+05:30,253.05,251.55,255.75000000000003,0.1,EOD+
S463,ONGC,2024-04-10 11:40:00+05:30,-0.002,0.0089,0,,0.4339,55.56,-0.2453,0,0.6043,1.0,2,0,0,0,2,3,2024-04-10 11:50:00+05:30,2024-04-10 11:55:00+05:30,2024-04-10 15:00:00+05:30,253.2,251.67321428571427,255.9482142857143,-0.05,EOD-
S464,ONGC,2024-04-10 12:00:00+05:30,-0.003,0.0079,0,,0.1043,0.0,-1.0,0,0.836,1.0,1,0,1,0,1,2,2024-04-10 12:05:00+05:30,2024-04-10 12:10:00+05:30,2024-04-10 15:00:00+05:30,253.2,251.9410714285714,255.46607142857144,-0.05,EOD-
S465,ONGC,2024-04-10 12:15:00+05:30,-0.0188,-0.003,0,,0.625,10.0,0.28,0,0.8372,,0,0,0,1,0,1,2024-04-10 12:15:00+05:30,2024-04-10 12:20:00+05:30,2024-04-10 15:00:00+05:30,253.1,251.85,255.35,0.05,EOD+
S466,ONGC,2024-04-10 12:25:00+05:30,-0.0178,-0.0227,0,,0.35,50.0,-0.6825,0,1.6405,1.0,2,0,1,0,2,3,2024-04-10 12:35:00+05:30,2024-04-10 12:40:00+05:30,2024-04-10 15:00:00+05:30,253.55,252.425,255.57500000000005,-0.4,EOD-
S467,ONGC,2024-04-10 12:50:00+05:30,0.0217,0.0168,2,2.0,0.1509,36.36,2.2,0,0.5576,,0,0,1,1,0,1,2024-04-10 12:50:00+05:30,2024-04-10 12:55:00+05:30,2024-04-10 15:00:00+05:30,253.4,252.3642857142857,255.26428571428573,-0.25,EOD-
S468,ONGC,2024-04-10 13:00:00+05:30,0.0286,0.0237,0,,0.045,33.33,1.8571,0,0.882,,0,0,0,1,0,1,2024-04-10 13:00:00+05:30,2024-04-10 13:05:00+05:30,2024-04-10 15:00:00+05:30,253.25,252.2767857142857,255.0017857142857,-0.1,EOD-
S469,ONGC,2024-04-10 13:45:00+05:30,0.0178,0.0513,0,,1.1518,50.0,-0.779,0,0.814,1.0,3,0,0,0,3,4,2024-04-10 14:00:00+05:30,2024-04-10 14:05:00+05:30,2024-04-10 15:00:00+05:30,253.4,252.41785714285717,255.16785714285717,-0.25,EOD-
S470,ONGC,2024-04-10 14:10:00+05:30,0.0247,0.0128,0,,1.162,62.5,-0.6386,0,5.4947,1.0,3,0,0,0,3,4,2024-04-10 14:25:00+05:30,2024-04-10 14:30:00+05:30,2024-04-10 14:45:00+05:30,253.7,252.80714285714285,255.30714285714285,-0.8929,L
S471,ONGC,2024-04-12 11:50:00+05:30,-0.1261,-0.0754,0,,1.3222,50.0,-0.7479,0,0.7719,1.0,3,0,1,0,3,4,2024-04-12 12:05:00+05:30,2024-04-12 12:10:00+05:30,2024-04-12 12:15:00+05:30,251.75,250.625,253.77500000000003,-1.125,L
S472,ONGC,2024-04-15 13:00:00+05:30,0.1884,0.2675,45,1.0,0.693,0.0,0.6162,0,1.042,,0,1,0,1,0,1,2024-04-15 13:00:00+05:30,2024-04-15 13:05:00+05:30,2024-04-15 15:00:00+05:30,260.4,258.6142857142857,263.6142857142857,-0.1,EOD-
S473,ONGC,2024-04-15 14:05:00+05:30,0.2371,0.268,12,6.0,0.175,3.7,6.3333,0,2.1812,,0,0,0,1,0,1,2024-04-15 14:05:00+05:30,2024-04-15 14:10:00+05:30,2024-04-15 14:45:00+05:30,262.4,260.2571428571428,266.2571428571428,-2.1429,L
S474,ONGC,2024-04-15 14:15:00+05:30,0.1997,0.263,1,1.0,0.0486,40.91,9.5882,0,1.033,,0,1,0,1,0,1,2024-04-15 14:15:00+05:30,2024-04-15 14:20:00+05:30,2024-04-15 14:45:00+05:30,262.6,260.4125,266.5375,-2.1875,L
S475,ONGC,2024-04-15 14:25:00+05:30,0.1804,0.2131,1,1.0,0.0171,12.5,12.3333,0,1.2131,,0,1,0,1,0,1,2024-04-15 14:25:00+05:30,2024-04-15 14:30:00+05:30,2024-04-15 15:00:00+05:30,262.1,259.9125,266.0375,-2.1875,L
S476,ONGC,2024-04-16 09:15:00+05:30,,,0,,4.4246,4.84,-0.6649,0,1.7793,0.0,1,1,1,0,1,2,2024-04-16 09:20:00+05:30,2024-04-16 09:25:00+05:30,2024-04-16 09:45:00+05:30,261.4,258.53392857142853,266.55892857142857,5.1589,W
S477,ONGC,2024-04-18 09:45:00+05:30,-0.1927,,0,,1.3659,48.28,-0.9167,0,0.9749,0.0,3,0,0,0,3,4,2024-04-18 10:00:00+05:30,2024-04-18 10:05:00+05:30,2024-04-18 13:25:00+05:30,264.1,260.8053571428572,270.0303571428571,-3.2946,L
S478,ONGC,2024-04-18 10:10:00+05:30,-0.0161,-0.1614,0,,0.3673,42.86,-0.1928,0,0.3931,,0,0,1,1,0,1,2024-04-18 10:10:00+05:30,2024-04-18 10:15:00+05:30,2024-04-18 13:35:00+05:30,263.5,259.7053571428572,270.3303571428571,-3.7946,L
S479,ONGC,2024-04-18 10:20:00+05:30,0.0389,-0.0494,1,1.0,0.0741,16.67,2.7209,0,0.3756,,0,0,1,1,0,1,2024-04-18 10:20:00+05:30,2024-04-18 10:25:00+05:30,2024-04-18 13:25:00+05:30,263.75,260.125,270.275,-3.625,L
S480,ONGC,2024-04-18 10:50:00+05:30,0.0531,0.0787,5,3.0,0.5084,52.17,-0.2271,0,0.5668,1.0,3,0,0,0,3,4,2024-04-18 11:05:00+05:30,2024-04-18 11:10:00+05:30,2024-04-18 13:25:00+05:30,263.35,260.80535714285713,267.9303571428572,-2.5446,L
S481,ONGC,2024-04-18 12:20:00+05:30,-0.1607,-0.0693,0,,1.2096,33.33,-1.0,0,1.9099,1.0,3,1,1,0,3,4,2024-04-18 12:35:00+05:30,2024-04-18 12:40:00+05:30,2024-04-18 13:25:00+05:30,263.0,261.88392857142856,265.0089285714286,-1.1161,L
S482,ONGC,2024-04-18 12:45:00+05:30,-0.0476,-0.1817,1,1.0,0.0336,0.0,35.6667,0,1.196,,0,0,0,1,0,1,2024-04-18 12:45:00+05:30,2024-04-18 12:50:00+05:30,2024-04-18 13:25:00+05:30,263.3,262.18392857142857,265.30892857142857,-1.1161,L
S483,ONGC,2024-04-19 09:15:00+05:30,,,0,,1.3728,23.58,0.2946,0,4.7932,,0,0,0,1,0,1,2024-04-19 09:15:00+05:30,2024-04-19 09:20:00+05:30,2024-04-19 15:00:00+05:30,258.15,254.7035714285714,264.35357142857146,-1.1,EOD-
S484,ONGC,2024-04-19 10:00:00+05:30,0.0941,0.132,7,7.0,0.1974,79.17,-1.0,0,0.4416,0.0,2,0,0,0,2,3,2024-04-19 10:10:00+05:30,2024-04-19 10:15:00+05:30,2024-04-19 15:00:00+05:30,257.95,253.5482142857143,265.87321428571425,-0.9,EOD-
S485,ONGC,2024-04-19 11:20:00+05:30,-0.4188,-0.1871,0,,2.4012,59.09,-0.9071,0,0.4809,0.0,3,0,1,0,3,4,2024-04-19 11:35:00+05:30,2024-04-19 11:40:00+05:30,2024-04-19 15:00:00+05:30,257.25,255.00892857142856,261.2839285714286,-0.2,EOD-
S486,ONGC,2024-04-19 11:45:00+05:30,-0.1479,-0.358,0,,0.4012,23.08,-0.1946,0,0.7896,1.0,1,0,0,0,1,2,2024-04-19 11:50:00+05:30,2024-04-19 11:55:00+05:30,2024-04-19 15:00:00+05:30,256.9,254.5785714285714,261.0785714285714,0.15,EOD+
S487,ONGC,2024-04-19 12:30:00+05:30,0.0671,-0.0049,6,1.0,0.422,73.68,-0.3798,0,0.6318,0.0,1,0,0,0,1,2,2024-04-19 12:35:00+05:30,2024-04-19 12:40:00+05:30,2024-04-19 15:00:00+05:30,257.65,255.73928571428567,261.0892857142857,-0.6,EOD-
S488,ONGC,2024-04-19 12:50:00+05:30,0.0836,0.0798,2,2.0,0.2722,61.54,-0.4286,0,0.4596,0.0,1,0,1,0,1,2,2024-04-19 12:55:00+05:30,2024-04-19 13:00:00+05:30,2024-04-19 15:00:00+05:30,257.15,255.54285714285712,260.04285714285714,-0.1,EOD-
S489,ONGC,2024-04-19 13:30:00+05:30,-0.0253,0.0505,0,,1.1251,23.08,-0.9349,0,1.5626,1.0,3,0,1,0,3,4,2024-04-19 13:45:00+05:30,2024-04-19 13:50:00+05:30,2024-04-19 15:00:00+05:30,257.75,256.04464285714283,260.81964285714287,-0.7,EOD-
S490,ONGC,2024-04-19 14:15:00+05:30,0.0136,-0.001,5,4.0,0.5431,53.33,-0.1111,0,1.1484,0.0,3,0,0,0,3,4,2024-04-19 14:30:00+05:30,2024-04-19 14:35:00+05:30,2024-04-19 15:00:00+05:30,257.45,255.8964285714285,260.2464285714286,-0.4,EOD-
S491,ONGC,2024-04-22 09:40:00+05:30,-0.1569,,0,,0.9719,15.38,-0.4819,0,0.4008,0.0,3,0,0,0,3,4,2024-04-22 09:55:00+05:30,2024-04-22 10:00:00+05:30,2024-04-22 15:00:00+05:30,256.85,254.3678571428572,261.3178571428571,-1.1,EOD-
S492,ONGC,2024-04-22 10:05:00+05:30,-0.0546,-0.1043,1,1.0,0.2136,0.0,0.3333,0,0.3732,,0,0,0,1,0,1,2024-04-22 10:05:00+05:30,2024-04-22 10:10:00+05:30,2024-04-22 15:00:00+05:30,256.45,253.81607142857143,261.19107142857143,-0.7,EOD-
S493,ONGC,2024-04-22 10:30:00+05:30,-0.0263,-0.0283,3,1.0,0.3248,84.62,-0.6117,0,0.5472,0.0,3,0,0,0,3,4,2024-04-22 10:45:00+05:30,2024-04-22 10:50:00+05:30,2024-04-22 15:00:00+05:30,256.4,254.41785714285712,259.9678571428572,-0.65,EOD-
S494,ONGC,2024-04-22 10:55:00+05:30,0.0039,-0.0322,0,,0.748,66.67,-0.6791,0,0.2734,,0,0,0,1,0,1,2024-04-22 10:55:00+05:30,2024-04-22 11:00:00+05:30,2024-04-22 14:20:00+05:30,256.4,254.8375,259.2125,-1.5625,L
S495,ONGC,2024-04-22 11:05:00+05:30,0.0234,-0.0049,0,,0.793,70.0,-0.7765,0,0.5928,1.0,2,0,0,0,2,3,2024-04-22 11:15:00+05:30,2024-04-22 11:20:00+05:30,2024-04-22 14:20:00+05:30,256.5,255.0892857142857,259.0392857142857,-1.4107,L
S496,ONGC,2024-04-22 11:25:00+05:30,0.0049,0.0059,0,,0.8364,44.44,-0.5652,0,0.6722,1.0,2,0,1,0,2,3,2024-04-22 11:35:00+05:30,2024-04-22 11:40:00+05:30,2024-04-22 14:20:00+05:30,256.45,255.075,258.92499999999995,-1.375,L
S497,ONGC,2024-04-22 11:45:00+05:30,-0.0146,0.0029,0,,0.0602,80.0,-1.0,0,0.4866,,0,0,0,1,0,1,2024-04-22 11:45:00+05:30,2024-04-22 11:50:00+05:30,2024-04-22 14:00:00+05:30,256.5,255.3571428571429,258.5571428571428,-1.1429,L
S498,ONGC,2024-04-22 13:30:00+05:30,-0.0576,-0.0596,0,,1.2654,16.67,-0.5745,0,0.8722,1.0,3,0,1,0,3,4,2024-04-22 13:45:00+05:30,2024-04-22 13:50:00+05:30,2024-04-22 14:10:00+05:30,255.9,255.20357142857145,257.1535714285714,-0.6964,L
S499,ONGC,2024-04-23 11:45:00+05:30,-0.137,-0.1058,0,,1.5735,20.0,-0.6958,0,0.7407,1.0,3,0,1,0,3,4,2024-04-23 12:00:00+05:30,2024-04-23 12:05:00+05:30,2024-04-23 15:00:00+05:30,257.05,256.0053571428572,258.93035714285713,1.1,EOD+
S500,ONGC,2024-04-23 12:10:00+05:30,-0.0846,-0.1381,0,,0.2739,87.5,-0.4444,0,1.0999,,0,0,1,1,0,1,2024-04-23 12:10:00+05:30,2024-04-23 12:15:00+05:30,2024-04-23 12:45:00+05:30,257.3,256.47857142857146,258.7785714285714,1.4786,W
S501,ONGC,2024-04-23 13:10:00+05:30,0.0816,0.134,11,5.0,0.6946,50.0,-0.3798,0,0.6093,0.0,2,0,1,0,2,3,2024-04-23 13:20:00+05:30,2024-04-23 13:25:00+05:30,2024-04-23 15:00:00+05:30,257.65,256.4892857142857,259.7392857142857,0.5,EOD+
S502,ONGC,2024-04-23 13:50:00+05:30,0.1028,0.1018,4,4.0,0.2984,66.67,-0.2308,0,0.6538,1.0,1,1,0,0,1,2,2024-04-23 13:55:00+05:30,2024-04-23 14:00:00+05:30,2024-04-23 15:00:00+05:30,258.0,256.9107142857143,259.9607142857143,0.15,EOD+
S503,ONGC,2024-04-23 14:05:00+05:30,0.0804,0.1028,0,,0.3971,83.33,-0.661,0,0.3753,0.0,1,1,1,0,1,2,2024-04-23 14:10:00+05:30,2024-04-23 14:15:00+05:30,2024-04-23 15:00:00+05:30,258.1,257.17142857142863,259.77142857142854,0.05,EOD+
S504,ONGC,2024-04-23 14:20:00+05:30,0.0378,0.0804,1,1.0,0.0372,80.0,3.0,0,0.6651,,0,0,1,1,0,1,2024-04-23 14:20:00+05:30,2024-04-23 14:25:00+05:30,2024-04-23 15:00:00+05:30,258.05,257.21071428571435,259.56071428571425,0.1,EOD+
S505,ONGC,2024-04-24 09:15:00+05:30,,,0,,0.8061,76.47,-0.8246,0,1.2481,0.0,1,1,0,0,1,2,2024-04-24 09:20:00+05:30,2024-04-24 09:25:00+05:30,2024-04-24 10:15:00+05:30,258.35,257.46607142857147,259.94107142857143,-0.8839,L
S506,ONGC,2024-04-24 09:30:00+05:30,,,0,,0.4648,20.0,0.4815,0,0.4016,,0,0,1,1,0,1,2024-04-24 09:30:00+05:30,2024-04-24 09:35:00+05:30,2024-04-24 13:45:00+05:30,258.15,257.0607142857143,260.1107142857142,1.9607,W
S507,ONGC,2024-04-24 09:40:00+05:30,0.0048,,1,1.0,0.3059,25.0,0.6949,0,0.9673,,0,1,0,1,0,1,2024-04-24 09:40:00+05:30,2024-04-24 09:45:00+05:30,2024-04-24 13:45:00+05:30,258.1,256.8946428571429,260.26964285714286,2.1696,W
S508,ONGC,2024-04-24 09:50:00+05:30,0.0068,,0,,0.0156,16.67,12.3333,0,0.4943,,0,0,1,1,0,1,2024-04-24 09:50:00+05:30,2024-04-24 09:55:00+05:30,2024-04-24 13:45:00+05:30,258.1,256.8946428571429,260.26964285714286,2.1696,W
S509,ONGC,2024-04-24 10:35:00+05:30,-0.0359,-0.0543,0,,0.7762,80.0,-1.0,0,0.622,1.0,3,0,1,0,3,4,2024-04-24 10:50:00+05:30,2024-04-24 10:55:00+05:30,2024-04-24 11:30:00+05:30,257.85,256.9482142857143,259.47321428571433,1.6232,W
S510,ONGC,2024-04-24 12:05:00+05:30,0.146,0.18,13,5.0,0.2123,70.0,-1.0,0,0.817,0.0,1,0,0,0,1,2,2024-04-24 12:10:00+05:30,2024-04-24 12:15:00+05:30,2024-04-24 13:50:00+05:30,258.85,257.7607142857143,260.8107142857143,1.9607,W
S511,ONGC,2024-04-24 12:20:00+05:30,0.1169,0.146,0,,0.4579,66.67,-0.7701,0,0.7292,,0,0,1,1,0,1,2024-04-24 12:20:00+05:30,2024-04-24 12:25:00+05:30,2024-04-24 15:00:00+05:30,258.9,257.7125,261.0375,1.35,EOD+
S512,ONGC,2024-04-24 13:10:00+05:30,0.0675,0.1408,8,5.0,0.6352,20.0,0.4286,0,0.7222,,0,0,0,1,0,1,2024-04-24 13:10:00+05:30,2024-04-24 13:15:00+05:30,2024-04-24 15:00:00+05:30,259.4,258.43571428571425,261.1357142857143,0.85,EOD+
S513,ONGC,2024-04-24 13:35:00+05:30,0.0048,0.0058,3,3.0,0.35,28.57,0.8605,0,0.4797,,0,0,0,1,0,1,2024-04-24 13:35:00+05:30,2024-04-24 13:40:00+05:30,2024-04-24 13:50:00+05:30,259.55,258.78214285714284,260.9321428571429,1.3821,W
S514,ONGC,2024-04-24 13:45:00+05:30,0.0626,-0.0058,0,,0.6075,79.31,-0.1304,0,6.7101,,0,0,0,1,0,1,2024-04-24 13:45:00+05:30,2024-04-24 13:50:00+05:30,2024-04-24 14:35:00+05:30,260.6,259.65357142857147,262.30357142857144,-0.9464,L
S515,ONGC,2024-04-25 09:15:00+05:30,,,0,,2.6872,46.43,-0.5455,0,1.1161,0.0,2,1,0,0,2,3,2024-04-25 09:25:00+05:30,2024-04-25 09:30:00+05:30,2024-04-25 15:00:00+05:30,260.25,258.91964285714283,262.64464285714286,2.05,EOD+
S516,ONGC,2024-04-25 11:00:00+05:30,0.0479,0.0825,0,,1.9818,72.73,-1.0,0,0.3704,1.0,3,0,1,0,3,4,2024-04-25 11:15:00+05:30,2024-04-25 11:20:00+05:30,2024-04-25 15:00:00+05:30,260.9,259.5785714285714,263.2785714285714,1.4,EOD+
S517,ONGC,2024-04-25 11:25:00+05:30,-0.0153,0.0403,0,,0.7,40.0,-0.7203,0,0.2761,1.0,2,0,1,0,2,3,2024-04-25 11:35:00+05:30,2024-04-25 11:40:00+05:30,2024-04-25 15:00:00+05:30,260.9,259.62321428571425,263.1982142857143,1.4,EOD+
S518,ONGC,2024-04-25 11:45:00+05:30,-0.0201,-0.0278,1,1.0,0.1584,20.0,0.9355,0,0.3488,,0,0,1,1,0,1,2024-04-25 11:45:00+05:30,2024-04-25 11:50:00+05:30,2024-04-25 15:00:00+05:30,260.8,259.57678571428573,263.00178571428575,1.5,EOD+
S519,ONGC,2024-04-25 11:55:00+05:30,-0.0259,-0.0336,0,,0.5992,42.86,-0.469,0,0.7725,1.0,2,1,0,0,2,3,2024-04-25 12:05:00+05:30,2024-04-25 12:10:00+05:30,2024-04-25 15:00:00+05:30,260.75,259.57142857142856,262.87142857142857,1.55,EOD+
S520,ONGC,2024-04-25 12:15:00+05:30,-0.0413,-0.0297,0,,0.8357,66.67,-0.6581,0,1.3616,1.0,2,0,0,0,2,3,2024-04-25 12:25:00+05:30,2024-04-25 12:30:00+05:30,2024-04-25 14:25:00+05:30,260.75,259.875,262.325,1.575,W
S521,ONGC,2024-04-25 12:45:00+05:30,0.048,-0.0173,2,2.0,0.5833,66.67,-0.4667,0,1.2486,1.0,1,0,1,0,1,2,2024-04-25 12:50:00+05:30,2024-04-25 12:55:00+05:30,2024-04-25 15:00:00+05:30,261.1,260.2964285714286,262.5464285714286,1.2,EOD+
S522,ONGC,2024-04-26 10:05:00+05:30,0.1397,0.194,10,10.0,0.2644,18.18,1.0455,0,0.3374,,0,0,1,1,0,1,2024-04-26 10:05:00+05:30,2024-04-26 10:10:00+05:30,2024-04-26 15:00:00+05:30,263.35,261.2696428571429,267.09464285714284,1.1,EOD+
S523,ONGC,2024-04-26 10:15:00+05:30,0.1329,0.1654,1,1.0,0.0259,52.94,10.1111,0,0.1891,,0,0,0,1,0,1,2024-04-26 10:15:00+05:30,2024-04-26 10:20:00+05:30,2024-04-26 15:00:00+05:30,263.35,261.1803571428572,267.2553571428571,1.1,EOD+
S524,ONGC,2024-04-26 10:25:00+05:30,0.1234,0.1387,0,,0.9537,17.65,-0.1246,0,0.49,,0,1,0,1,0,1,2024-04-26 10:25:00+05:30,2024-04-26 10:30:00+05:30,2024-04-26 15:00:00+05:30,263.5,261.55357142857144,267.00357142857143,0.95,EOD+
S525,ONGC,2024-04-26 10:35:00+05:30,0.1347,0.1282,0,,0.1488,77.78,-1.0,0,0.6381,,0,0,1,1,0,1,2024-04-26 10:35:00+05:30,2024-04-26 10:40:00+05:30,2024-04-26 15:00:00+05:30,264.15,262.3017857142857,267.4767857142857,0.3,EOD+
S526,ONGC,2024-04-26 11:50:00+05:30,0.1313,0.1049,14,9.0,0.2229,73.33,0.25,0,0.445,,0,0,0,1,0,1,2024-04-26 11:50:00+05:30,2024-04-26 11:55:00+05:30,2024-04-26 15:00:00+05:30,264.8,263.0053571428572,268.0303571428572,-0.35,EOD-
S527,ONGC,2024-04-26 12:00:00+05:30,0.1387,0.1379,0,,0.4034,100.0,-1.0,0,0.8509,1.0,2,0,0,0,2,3,2024-04-26 12:10:00+05:30,2024-04-26 12:15:00+05:30,2024-04-26 13:30:00+05:30,265.25,263.6696428571429,268.09464285714284,-1.5804,L
S528,ONGC,2024-04-26 12:20:00+05:30,0.116,0.1311,0,,0.4787,57.14,-0.3548,0,0.324,,0,0,1,1,0,1,2024-04-26 12:20:00+05:30,2024-04-26 12:25:00+05:30,2024-04-26 12:30:00+05:30,265.2,263.98571428571427,267.38571428571424,-1.2143,L
S529,ONGC,2024-04-26 13:25:00+05:30,-0.0681,-0.0595,0,,1.4357,75.0,-0.9379,0,1.2624,1.0,3,1,0,0,3,4,2024-04-26 13:40:00+05:30,2024-04-26 13:45:00+05:30,2024-04-26 15:00:00+05:30,264.55,263.1482142857143,267.0732142857143,-0.1,EOD-
S530,ONGC,2024-04-26 13:50:00+05:30,-0.0832,-0.0908,0,,1.2063,80.0,-0.927,0,0.7208,0.0,2,0,0,0,2,3,2024-04-26 14:00:00+05:30,2024-04-26 14:05:00+05:30,2024-04-26 15:00:00+05:30,264.3,262.8803571428571,266.85535714285714,0.15,EOD+
S531,ONGC,2024-04-26 14:10:00+05:30,-0.0757,-0.088,0,,0.5421,64.29,-0.2126,0,1.1579,,0,0,1,1,0,1,2024-04-26 14:10:00+05:30,2024-04-26 14:15:00+05:30,2024-04-26 15:00:00+05:30,264.55,263.0857142857143,267.1857142857144,-0.1,EOD-
S532,ONGC,2024-04-26 14:25:00+05:30,0.0161,-0.0757,2,2.0,0.0525,40.0,0.6667,0,0.7444,,0,1,1,1,0,1,2024-04-26 14:25:00+05:30,2024-04-26 14:30:00+05:30,2024-04-26 15:00:00+05:30,264.3,262.87142857142857,266.8714285714286,0.15,EOD+
S533,ONGC,2024-04-29 09:15:00+05:30,,,0,,0.9478,25.64,-0.4191,0,1.6659,0.0,3,1,0,0,3,4,2024-04-29 09:30:00+05:30,2024-04-29 09:35:00+05:30,2024-04-29 12:40:00+05:30,264.2,262.61071428571427,267.0607142857143,-1.5893,L
S534,ONGC,2024-04-29 09:45:00+05:30,-0.0919,,0,,1.155,46.67,-0.7203,0,0.7267,0.0,3,0,1,0,3,4,2024-04-29 10:00:00+05:30,2024-04-29 10:05:00+05:30,2024-04-29 15:00:00+05:30,264.0,261.67857142857144,268.17857142857144,-0.85,EOD-
S535,ONGC,2024-04-29 10:50:00+05:30,0.1306,0.0748,8,8.0,0.0476,58.33,4.7143,0,0.3911,,0,0,1,1,0,1,2024-04-29 10:50:00+05:30,2024-04-29 10:55:00+05:30,2024-04-29 15:00:00+05:30,264.2,262.36071428571427,267.5107142857143,-1.05,EOD-
S536,ONGC,2024-04-29 13:05:00+05:30,-0.0484,-0.0883,0,,0.866,25.0,-0.5,0,2.1342,1.0,3,0,0,0,3,4,2024-04-29 13:20:00+05:30,2024-04-29 13:25:00+05:30,2024-04-29 13:40:00+05:30,263.75,262.88392857142856,265.3089285714286,-0.8661,L
S537,ONGC,2024-04-29 13:30:00+05:30,-0.0114,-0.0361,1,1.0,0.0514,11.11,11.5,0,1.1106,,0,0,0,1,0,1,2024-04-29 13:30:00+05:30,2024-04-29 13:35:00+05:30,2024-04-29 15:00:00+05:30,263.45,262.4767857142857,265.20178571428573,-0.3,EOD-
S538,ONGC,2024-04-29 13:40:00+05:30,0.0076,-0.0237,0,,0.9789,33.33,0.0465,0,1.3966,,0,0,0,1,0,1,2024-04-29 13:40:00+05:30,2024-04-29 13:45:00+05:30,2024-04-29 15:00:00+05:30,263.5,262.4017857142857,265.4767857142857,-0.35,EOD-
S539,ONGC,2024-04-29 14:30:00+05:30,0.0769,0.0285,9,2.0,0.32,58.82,0.25,0,1.6906,,0,0,0,1,0,1,2024-04-29 14:30:00+05:30,2024-04-29 14:35:00+05:30,2024-04-29 15:00:00+05:30,263.45,262.5125,265.1375,-0.3,EOD-
S540,ONGC,2024-04-30 09:25:00+05:30,,,2,2.0,0.5987,31.58,0.5385,0,1.7639,,0,0,0,1,0,1,2024-04-30 09:25:00+05:30,2024-04-30 09:30:00+05:30,2024-04-30 09:55:00+05:30,263.8,262.4428571428572,266.24285714285713,2.4429,W
S541,ONGC,2024-04-30 10:20:00+05:30,0.1711,0.1656,9,5.0,0.1713,87.5,-0.3103,0,0.3639,0.0,3,0,0,0,3,4,2024-04-30 10:35:00+05:30,2024-04-30 10:40:00+05:30,2024-04-30 15:00:00+05:30,264.7,262.58392857142854,268.50892857142856,-2.1161,L
S542,ONGC,2024-04-30 10:50:00+05:30,0.0925,0.1115,1,1.0,0.4536,62.5,-0.6552,0,0.415,1.0,3,0,0,0,3,4,2024-04-30 11:05:00+05:30,2024-04-30 11:10:00+05:30,2024-04-30 14:50:00+05:30,264.9,263.3017857142857,267.77678571428567,-1.5982,L
S543,ONGC,2024-04-30 11:15:00+05:30,0.0425,0.0774,0,,0.7366,37.5,-0.8582,0,0.8799,1.0,3,0,0,0,3,4,2024-04-30 11:30:00+05:30,2024-04-30 11:35:00+05:30,2024-04-30 14:40:00+05:30,265.4,264.2035714285714,267.5535714285714,-1.1964,L
S544,ONGC,2024-04-30 12:50:00+05:30,0.1064,0.1083,15,4.0,0.0343,0.0,11.0,0,0.9801,,0,0,0,1,0,1,2024-04-30 12:50:00+05:30,2024-04-30 12:55:00+05:30,2024-04-30 13:10:00+05:30,265.65,264.7392857142857,267.28928571428565,-0.9107,L
S545,ONGC,2024-04-30 13:40:00+05:30,-0.0132,-0.032,0,,0.9826,0.0,-0.4771,0,1.9454,1.0,3,0,0,0,3,4,2024-04-30 13:55:00+05:30,2024-04-30 14:00:00+05:30,2024-04-30 14:35:00+05:30,265.45,264.47678571428577,267.2017857142856,-0.9732,L
S546,ONGC,2024-05-02 09:50:00+05:30,-0.2385,,0,,1.037,42.11,-0.7846,0,0.613,1.0,3,0,1,0,3,4,2024-05-02 10:05:00+05:30,2024-05-02 10:10:00+05:30,2024-05-02 15:00:00+05:30,263.45,260.0928571428572,269.4928571428571,0.0,EOD-
S547,ONGC,2024-05-02 10:15:00+05:30,-0.1027,-0.2282,1,1.0,0.0538,55.0,3.8276,0,0.4318,,0,0,1,1,0,1,2024-05-02 10:15:00+05:30,2024-05-02 10:20:00+05:30,2024-05-02 15:00:00+05:30,263.1,259.7339285714286,269.1589285714286,0.35,EOD+
S548,ONGC,2024-05-02 10:25:00+05:30,-0.0476,-0.1312,0,,0.7498,100.0,-1.0,0,0.4094,,0,0,0,1,0,1,2024-05-02 10:25:00+05:30,2024-05-02 10:30:00+05:30,2024-05-02 15:00:00+05:30,263.25,260.49107142857144,268.2160714285714,0.2,EOD+
S549,ONGC,2024-05-02 10:45:00+05:30,-0.0171,-0.0466,3,2.0,0.0155,0.0,31.0,0,0.358,,0,1,1,1,0,1,2024-05-02 10:45:00+05:30,2024-05-02 10:50:00+05:30,2024-05-02 15:00:00+05:30,263.25,261.23214285714283,266.88214285714287,0.2,EOD+
S550,ONGC,2024-05-02 11:35:00+05:30,0.0124,0.0105,0,,0.5478,0.0,-0.1667,0,0.7196,1.0,3,0,0,0,3,4,2024-05-02 11:50:00+05:30,2024-05-02 11:55:00+05:30,2024-05-02 15:00:00+05:30,262.95,261.3071428571428,265.90714285714284,0.5,EOD+
S551,ONGC,2024-05-02 12:15:00+05:30,0.0219,-0.0057,4,2.0,0.0766,33.33,7.5714,0,0.3378,,0,0,1,1,0,1,2024-05-02 12:15:00+05:30,2024-05-02 12:20:00+05:30,2024-05-02 14:10:00+05:30,263.3,262.1571428571429,265.35714285714283,-1.1429,L
S552,ONGC,2024-05-02 12:50:00+05:30,0.0551,0.0124,0,,0.7,25.0,-0.36,0,0.7157,1.0,3,0,1,0,3,4,2024-05-02 13:05:00+05:30,2024-05-02 13:10:00+05:30,2024-05-02 14:15:00+05:30,263.05,261.9339285714286,265.05892857142857,-1.1161,L
S553,ONGC,2024-05-02 13:15:00+05:30,0.0456,0.0684,0,,0.1848,87.5,-1.0,0,0.7193,,0,0,1,1,0,1,2024-05-02 13:15:00+05:30,2024-05-02 13:20:00+05:30,2024-05-02 13:55:00+05:30,263.45,262.3339285714286,265.45892857142854,-1.1161,L
S554,ONGC,2024-05-03 10:45:00+05:30,0.6331,0.6336,18,14.0,0.5948,33.33,-0.2308,0,0.3967,0.0,1,0,0,0,1,2,2024-05-03 10:50:00+05:30,2024-05-03 10:55:00+05:30,2024-05-03 11:50:00+05:30,270.45,267.7178571428572,275.3678571428571,-2.7321,L
S555,ONGC,2024-05-03 11:00:00+05:30,0.4974,0.6331,0,,0.695,53.85,-0.5668,0,0.241,0.0,1,0,1,0,1,2,2024-05-03 11:05:00+05:30,2024-05-03 11:10:00+05:30,2024-05-03 11:50:00+05:30,270.6,268.10892857142863,275.08392857142854,-2.4911,L
S556,ONGC,2024-05-03 11:15:00+05:30,0.0721,0.4974,0,,0.2917,42.86,-0.8182,0,0.4359,,0,0,1,1,0,1,2024-05-03 11:15:00+05:30,2024-05-03 11:20:00+05:30,2024-05-03 11:50:00+05:30,270.2,267.8428571428572,274.4428571428571,-2.3571,L
S557,ONGC,2024-05-03 14:15:00+05:30,-0.0695,-0.0666,0,,0.3897,33.33,-1.0,0,1.6458,1.0,3,0,0,0,3,4,2024-05-03 14:30:00+05:30,2024-05-03 14:35:00+05:30,2024-05-03 15:00:00+05:30,266.3,264.5678571428572,269.41785714285714,0.05,EOD+
S558,ONGC,2024-05-06 09:15:00+05:30,,,0,,0.3641,89.47,-0.0291,0,1.5156,0.0,2,0,0,0,2,3,2024-05-06 09:25:00+05:30,2024-05-06 09:30:00+05:30,2024-05-06 09:30:00+05:30,266.55,264.78214285714284,269.7321428571429,-1.7679,L
S559,ONGC,2024-05-06 10:25:00+05:30,-0.7805,-0.7656,0,,1.7476,90.0,-1.0,0,0.473,0.0,3,1,1,0,3,4,2024-05-06 10:40:00+05:30,2024-05-06 10:45:00+05:30,2024-05-06 15:00:00+05:30,261.7,256.4678571428572,271.11785714285713,1.75,EOD+
S560,ONGC,2024-05-06 12:15:00+05:30,0.3106,0.453,18,12.0,0.027,62.5,5.6667,0,0.6149,,0,1,0,1,0,1,2024-05-06 12:15:00+05:30,2024-05-06 12:20:00+05:30,2024-05-06 13:10:00+05:30,262.6,260.5196428571429,266.34464285714284,-2.0804,L
S561,ONGC,2024-05-06 13:50:00+05:30,-0.2221,-0.1998,0,,1.3015,25.0,-0.9459,0,7.4348,1.0,3,0,0,0,3,4,2024-05-06 14:05:00+05:30,2024-05-06 14:10:00+05:30,2024-05-06 15:00:00+05:30,262.15,260.37321428571425,265.3482142857143,1.3,EOD+
S562,ONGC,2024-05-07 09:20:00+05:30,,,1,1.0,0.4491,3.13,0.5642,0,0.9752,,0,0,0,1,0,1,2024-05-07 09:20:00+05:30,2024-05-07 09:25:00+05:30,2024-05-07 10:25:00+05:30,263.15,260.65892857142853,267.6339285714286,-2.4911,L
S563,ONGC,2024-05-07 09:30:00+05:30,,,0,,0.031,50.0,17.4615,0,0.6959,,0,0,0,1,0,1,2024-05-07 09:30:00+05:30,2024-05-07 09:35:00+05:30,2024-05-07 10:20:00+05:30,263.75,261.12499999999994,268.4750000000001,-2.625,L
S564,ONGC,2024-05-07 13:20:00+05:30,-0.1413,-0.1772,0,,0.8805,38.1,-0.8561,0,1.7414,0.0,3,0,1,0,3,4,2024-05-07 13:35:00+05:30,2024-05-07 13:40:00+05:30,2024-05-07 14:55:00+05:30,256.9,254.9267857142857,260.4517857142857,-1.9732,L
S565,ONGC,2024-05-07 13:50:00+05:30,-0.0371,-0.1082,2,1.0,0.2333,70.0,0.6,0,0.3873,,0,0,1,1,0,1,2024-05-07 13:50:00+05:30,2024-05-07 13:55:00+05:30,2024-05-07 14:55:00+05:30,256.5,254.49107142857144,260.11607142857144,-2.0089,L
S566,ONGC,2024-05-07 14:00:00+05:30,-0.038,-0.0517,0,,0.1321,30.0,2.5,0,0.387,,0,0,0,1,0,1,2024-05-07 14:00:00+05:30,2024-05-07 14:05:00+05:30,2024-05-07 14:55:00+05:30,256.7,254.80714285714285,260.10714285714283,-1.8929,L
S567,ONGC,2024-05-07 14:10:00+05:30,-0.0215,-0.0332,1,1.0,0.4262,0.0,1.1138,0,0.4269,,0,0,1,1,0,1,2024-05-07 14:10:00+05:30,2024-05-07 14:15:00+05:30,2024-05-07 14:55:00+05:30,256.7,254.89642857142857,259.94642857142856,-1.8036,L
S568,ONGC,2024-05-08 09:15:00+05:30,,,0,,2.0634,52.08,-0.5272,0,3.2569,,0,1,0,1,0,1,2024-05-08 09:15:00+05:30,2024-05-08 09:20:00+05:30,2024-05-08 13:20:00+05:30,255.9,253.33750000000003,260.5125,4.6125,W
S569,ONGC,2024-05-08 09:25:00+05:30,,,0,,0.1588,39.13,0.3158,0,1.1579,,0,1,0,1,0,1,2024-05-08 09:25:00+05:30,2024-05-08 09:30:00+05:30,2024-05-08 15:00:00+05:30,255.7,252.70892857142857,261.08392857142854,1.45,EOD+
S570,ONGC,2024-05-08 10:25:00+05:30,0.1764,0.1893,10,4.0,0.3806,91.67,-0.7701,0,0.2206,0.0,2,0,1,0,2,3,2024-05-08 10:35:00+05:30,2024-05-08 10:40:00+05:30,2024-05-08 15:00:00+05:30,256.9,254.04285714285712,262.04285714285714,0.25,EOD+
S571,ONGC,2024-05-08 10:45:00+05:30,0.1528,0.1666,0,,0.6798,35.71,-0.7026,0,0.6213,1.0,3,0,0,0,3,4,2024-05-08 11:00:00+05:30,2024-05-08 11:05:00+05:30,2024-05-08 15:00:00+05:30,257.1,254.62678571428572,261.5517857142857,0.05,EOD+
S572,ONGC,2024-05-08 11:10:00+05:30,0.0933,0.1527,0,,0.7218,63.16,-0.6226,0,0.3553,,0,0,0,1,0,1,2024-05-08 11:10:00+05:30,2024-05-08 11:15:00+05:30,2024-05-08 15:00:00+05:30,257.3,255.0053571428572,261.43035714285713,-0.15,EOD-
S573,ONGC,2024-05-08 11:20:00+05:30,0.0681,0.1109,0,,0.4968,20.0,0.3636,0,0.378,,0,0,1,1,0,1,2024-05-08 11:20:00+05:30,2024-05-08 11:25:00+05:30,2024-05-08 15:00:00+05:30,257.3,255.08571428571432,261.2857142857143,-0.15,EOD-
S574,ONGC,2024-05-08 13:35:00+05:30,0.2167,0.2208,25,2.0,0.1315,63.16,3.5161,0,1.1038,,0,1,0,1,0,1,2024-05-08 13:35:00+05:30,2024-05-08 13:40:00+05:30,2024-05-08 13:50:00+05:30,259.9,258.4267857142857,262.5517857142857,-1.4732,L
S575,ONGC,2024-05-09 11:25:00+05:30,-0.3285,-0.4313,0,,2.1229,83.33,-1.0,0,1.0881,1.0,3,1,0,0,3,4,2024-05-09 11:40:00+05:30,2024-05-09 11:45:00+05:30,2024-05-09 12:50:00+05:30,253.1,251.1892857142857,256.5392857142857,-1.9107,L
S576,ONGC,2024-05-09 11:50:00+05:30,-0.2324,-0.3092,0,,0.6117,78.26,-0.6907,0,0.3513,0.0,1,0,0,0,1,2,2024-05-09 11:55:00+05:30,2024-05-09 12:00:00+05:30,2024-05-09 12:50:00+05:30,252.9,250.91785714285717,256.4678571428572,-1.9821,L
S577,ONGC,2024-05-09 12:05:00+05:30,-0.1514,-0.2324,0,,0.0536,10.0,5.6667,0,0.3123,,0,0,1,1,0,1,2024-05-09 12:05:00+05:30,2024-05-09 12:10:00+05:30,2024-05-09 12:50:00+05:30,252.8,251.05,255.95,-1.75,L
S578,ONGC,2024-05-09 12:15:00+05:30,-0.1138,-0.1642,0,,0.2807,70.0,0.0127,0,0.7492,,0,0,0,1,0,1,2024-05-09 12:15:00+05:30,2024-05-09 12:20:00+05:30,2024-05-09 12:50:00+05:30,253.25,251.49107142857144,256.4160714285714,-1.7589,L
S579,ONGC,2024-05-10 09:15:00+05:30,,,0,,0.8202,26.67,0.1628,0,1.8683,,0,0,0,1,0,1,2024-05-10 09:15:00+05:30,2024-05-10 09:20:00+05:30,2024-05-10 15:00:00+05:30,249.35,246.0732142857143,255.24821428571423,2.15,EOD+
S580,ONGC,2024-05-10 09:30:00+05:30,,,2,2.0,0.158,74.0,-0.5699,0,0.5417,0.0,2,0,0,0,2,3,2024-05-10 09:40:00+05:30,2024-05-10 09:45:00+05:30,2024-05-10 15:00:00+05:30,248.85,245.17142857142855,255.47142857142856,2.65,EOD+
S581,ONGC,2024-05-10 09:50:00+05:30,-0.1633,,0,,0.4634,24.0,-0.0991,0,0.2074,,0,1,1,1,0,1,2024-05-10 09:50:00+05:30,2024-05-10 09:55:00+05:30,2024-05-10 15:00:00+05:30,248.3,243.8089285714286,256.38392857142856,3.2,EOD+
S582,ONGC,2024-05-10 10:00:00+05:30,-0.0464,-0.1532,0,,0.1539,0.0,1.087,0,0.3129,,0,0,1,1,0,1,2024-05-10 10:00:00+05:30,2024-05-10 10:05:00+05:30,2024-05-10 15:00:00+05:30,248.3,243.63035714285715,256.7053571428572,3.2,EOD+
S583,ONGC,2024-05-10 10:55:00+05:30,0.2696,0.328,10,8.0,0.2174,50.0,0.5385,0,1.1138,,0,0,0,1,0,1,2024-05-10 10:55:00+05:30,2024-05-10 11:00:00+05:30,2024-05-10 15:00:00+05:30,250.1,247.48392857142852,254.80892857142857,1.4,EOD+
S584,ONGC,2024-05-10 11:40:00+05:30,0.2526,0.232,8,3.0,0.0175,22.22,15.0,0,0.3037,,0,0,1,1,0,1,2024-05-10 11:40:00+05:30,2024-05-10 11:45:00+05:30,2024-05-10 15:00:00+05:30,250.55,248.76428571428573,253.76428571428573,0.95,EOD+
S585,ONGC,2024-05-10 12:30:00+05:30,-0.008,-0.015,0,,0.4983,45.45,-1.0,0,1.0433,1.0,3,0,1,0,3,4,2024-05-10 12:45:00+05:30,2024-05-10 12:50:00+05:30,2024-05-10 15:00:00+05:30,250.65,249.06964285714287,253.49464285714285,0.85,EOD+
S586,ONGC,2024-05-10 13:10:00+05:30,-0.0579,0.014,0,,1.1571,40.0,-0.8354,0,0.8947,0.0,3,0,1,0,3,4,2024-05-10 13:25:00+05:30,2024-05-10 13:30:00+05:30,2024-05-10 15:00:00+05:30,250.2,248.8875,252.5625,1.3,EOD+
S587,ONGC,2024-05-10 13:35:00+05:30,-0.035,-0.0929,0,,0.139,57.14,-0.2857,0,0.9852,,0,0,1,1,0,1,2024-05-10 13:35:00+05:30,2024-05-10 13:40:00+05:30,2024-05-10 15:00:00+05:30,250.35,249.09107142857144,252.61607142857144,1.15,EOD+
S588,ONGC,2024-05-10 14:25:00+05:30,0.0529,0.0888,9,5.0,0.0304,28.57,12.3333,0,0.4792,,0,0,1,1,0,1,2024-05-10 14:25:00+05:30,2024-05-10 14:30:00+05:30,2024-05-10 15:00:00+05:30,250.65,249.41785714285717,252.8678571428572,0.85,EOD+
S589,ONGC,2024-05-13 10:45:00+05:30,-0.6725,-0.596,0,,2.5828,35.71,-0.8417,0,3.2206,1.0,3,0,0,0,3,4,2024-05-13 11:00:00+05:30,2024-05-13 11:05:00+05:30,2024-05-13 15:00:00+05:30,246.25,243.80357142857144,250.6535714285714,2.65,EOD+
S590,ONGC,2024-05-13 12:35:00+05:30,0.3507,0.3171,18,2.0,0.0126,72.73,4.0,0,0.46,,0,0,0,1,0,1,2024-05-13 12:35:00+05:30,2024-05-13 12:40:00+05:30,2024-05-13 15:00:00+05:30,248.9,246.9089285714286,252.48392857142852,0.0,EOD-
S591,ONGC,2024-05-13 12:45:00+05:30,0.3111,0.352,1,1.0,0.1367,15.38,4.2381,0,0.3547,,0,0,1,1,0,1,2024-05-13 12:45:00+05:30,2024-05-13 12:50:00+05:30,2024-05-13 15:00:00+05:30,248.75,246.8303571428572,252.2053571428571,0.15,EOD+
S592,ONGC,2024-05-13 13:00:00+05:30,0.1831,0.3111,1,1.0,0.3903,68.42,-0.5238,0,1.1415,0.0,2,0,0,0,2,3,2024-05-13 13:10:00+05:30,2024-05-13 13:15:00+05:30,2024-05-13 15:00:00+05:30,248.55,246.53214285714287,252.18214285714285,0.35,EOD+
S593,ONGC,2024-05-13 13:30:00+05:30,-0.0765,0.0412,0,,1.7882,52.94,-0.8145,0,0.7215,0.0,3,0,1,0,3,4,2024-05-13 13:45:00+05:30,2024-05-13 13:50:00+05:30,2024-05-13 15:00:00+05:30,248.45,246.5660714285714,251.8410714285714,0.45,EOD+
S594,ONGC,2024-05-14 09:45:00+05:30,0.0832,,6,5.0,0.2701,66.67,0.2174,0,0.7517,,0,0,0,1,0,1,2024-05-14 09:45:00+05:30,2024-05-14 09:50:00+05:30,2024-05-14 15:00:00+05:30,249.4,246.73928571428573,254.1892857142857,3.4,EOD+
S595,ONGC,2024-05-14 09:55:00+05:30,0.0321,0.1173,0,,0.6411,55.0,-0.4853,0,0.5081,,0,1,1,1,0,1,2024-05-14 09:55:00+05:30,2024-05-14 10:00:00+05:30,2024-05-14 15:00:00+05:30,249.65,246.9982142857143,254.42321428571427,3.15,EOD+
S596,ONGC,2024-05-14 10:20:00+05:30,-0.0191,-0.012,0,,1.1659,82.61,-0.8499,0,0.2869,0.0,3,0,1,0,3,4,2024-05-14 10:35:00+05:30,2024-05-14 10:40:00+05:30,2024-05-14 15:00:00+05:30,249.65,246.79285714285717,254.79285714285717,3.15,EOD+
S597,ONGC,2024-05-14 10:45:00+05:30,0.1172,0.0411,0,,0.1591,62.5,0.2,0,0.2549,,0,0,1,1,0,1,2024-05-14 10:45:00+05:30,2024-05-14 10:50:00+05:30,2024-05-14 15:00:00+05:30,249.85,247.8857142857143,253.38571428571427,3.5357,W
S598,ONGC,2024-05-14 10:55:00+05:30,0.0351,0.0851,0,,0.4416,69.23,-0.5556,0,0.2487,,0,0,1,1,0,1,2024-05-14 10:55:00+05:30,2024-05-14 11:00:00+05:30,2024-05-14 15:00:00+05:30,249.75,247.8392857142857,253.1892857142857,3.4393,W
S599,ONGC,2024-05-14 12:10:00+05:30,0.001,-0.011,0,,1.073,0.0,-0.6791,0,1.842,1.0,3,0,0,0,3,4,2024-05-14 12:25:00+05:30,2024-05-14 12:30:00+05:30,2024-05-14 14:55:00+05:30,249.65,248.5607142857143,251.61071428571427,1.9607,W
S600,ONGC,2024-05-14 13:50:00+05:30,0.1749,0.1401,16,11.0,0.0126,38.46,45.6667,0,0.5895,,0,0,0,1,0,1,2024-05-14 13:50:00+05:30,2024-05-14 13:55:00+05:30,2024-05-14 15:00:00+05:30,250.75,249.25892857142856,253.4339285714286,2.6839,W
S601,ONGC,2024-05-14 14:15:00+05:30,0.1467,0.1817,4,2.0,0.7727,6.25,0.6471,0,1.0197,,0,0,1,1,0,1,2024-05-14 14:15:00+05:30,2024-05-14 14:20:00+05:30,2024-05-14 15:00:00+05:30,250.8,249.425,253.275,2.475,W
S602,ONGC,2024-05-15 10:05:00+05:30,0.4626,0.4618,10,3.0,0.6047,26.09,0.2308,0,0.5734,,0,0,0,1,0,1,2024-05-15 10:05:00+05:30,2024-05-15 10:10:00+05:30,2024-05-15 15:00:00+05:30,254.65,251.9625,259.4875,1.3,EOD+
S603,ONGC,2024-05-15 10:45:00+05:30,0.0314,0.1833,0,,0.8773,0.0,-0.7163,0,0.676,1.0,3,0,0,0,3,4,2024-05-15 11:00:00+05:30,2024-05-15 11:05:00+05:30,2024-05-15 15:00:00+05:30,255.8,253.79107142857143,259.41607142857146,0.15,EOD+
S604,ONGC,2024-05-15 11:25:00+05:30,0.0078,0.0127,4,4.0,0.7903,95.45,-0.8857,0,0.5572,0.0,1,0,0,0,1,2,2024-05-15 11:30:00+05:30,2024-05-15 11:35:00+05:30,2024-05-15 15:00:00+05:30,254.9,253.51607142857145,257.3910714285714,1.05,EOD+
S605,ONGC,2024-05-15 11:40:00+05:30,-0.0824,0.0078,0,,0.3965,57.14,-0.5062,0,0.5671,,0,0,0,1,0,1,2024-05-15 11:40:00+05:30,2024-05-15 11:45:00+05:30,2024-05-15 15:00:00+05:30,254.95,253.6732142857143,257.24821428571425,1.0,EOD+
S606,ONGC,2024-05-15 11:50:00+05:30,-0.0461,-0.0726,0,,0.2453,12.5,0.25,0,0.7368,,0,0,1,1,0,1,2024-05-15 11:50:00+05:30,2024-05-15 11:55:00+05:30,2024-05-15 15:00:00+05:30,254.95,253.7267857142857,257.15178571428567,1.0,EOD+
S607,ONGC,2024-05-15 12:20:00+05:30,0.0901,0.0666,4,4.0,1.0,66.67,-0.5,0,0.4909,0.0,1,0,1,0,1,2,2024-05-15 12:25:00+05:30,2024-05-15 12:30:00+05:30,2024-05-15 15:00:00+05:30,255.5,254.25,257.75,0.45,EOD+
S608,ONGC,2024-05-15 12:35:00+05:30,0.0637,0.0901,0,,0.911,9.09,0.0169,0,0.8581,,0,0,1,1,0,1,2024-05-15 12:35:00+05:30,2024-05-15 12:40:00+05:30,2024-05-15 15:00:00+05:30,255.3,254.0857142857143,257.4857142857143,0.65,EOD+
S609,ONGC,2024-05-15 13:05:00+05:30,-0.0323,-0.0029,0,,0.7621,0.0,-0.4074,0,0.7035,0.0,3,0,1,0,3,4,2024-05-15 13:20:00+05:30,2024-05-15 13:25:00+05:30,2024-05-15 15:00:00+05:30,255.15,254.04285714285717,257.1428571428572,0.8,EOD+
S610,ONGC,2024-05-15 13:55:00+05:30,-0.0618,-0.0176,0,,1.0009,33.33,-0.7546,0,1.6794,0.0,3,0,0,0,3,4,2024-05-15 14:10:00+05:30,2024-05-15 14:15:00+05:30,2024-05-15 15:00:00+05:30,255.4,254.38214285714287,257.2321428571429,0.55,EOD+
S611,ONGC,2024-05-15 14:20:00+05:30,-0.0206,-0.051,0,,0.6051,14.29,-0.0196,0,0.8482,0.0,2,0,1,0,2,3,2024-05-15 14:30:00+05:30,2024-05-15 14:35:00+05:30,2024-05-15 15:00:00+05:30,255.25,254.19642857142856,257.1464285714286,0.7,EOD+
S612,ONGC,2024-05-16 11:25:00+05:30,-0.2691,-0.1421,0,,1.4952,20.0,-0.8089,0,0.5114,1.0,3,0,0,0,3,4,2024-05-16 11:40:00+05:30,2024-05-16 11:45:00+05:30,2024-05-16 14:10:00+05:30,256.5,255.18750000000003,258.86249999999995,-1.3125,L
S613,ONGC,2024-05-16 13:40:00+05:30,-0.0312,-0.0039,0,,1.694,69.23,-0.9174,0,0.365,0.0,3,0,1,0,3,4,2024-05-16 13:55:00+05:30,2024-05-16 14:00:00+05:30,2024-05-16 14:10:00+05:30,256.15,255.25714285714287,257.75714285714275,-0.8929,L
S614,ONGC,2024-05-16 14:05:00+05:30,-0.0693,-0.0625,0,,1.2993,37.5,-0.4096,0,0.3498,0.0,2,0,1,0,2,3,2024-05-16 14:15:00+05:30,2024-05-16 14:20:00+05:30,2024-05-16 14:50:00+05:30,255.95,254.6464285714286,258.2964285714285,2.3464,W
S615,ONGC,2024-05-17 11:15:00+05:30,-0.2362,-0.0356,0,,0.9829,33.33,-0.7073,0,0.614,1.0,3,0,0,0,3,4,2024-05-17 11:30:00+05:30,2024-05-17 11:35:00+05:30,2024-05-17 12:30:00+05:30,259.1,257.7964285714286,261.4464285714286,-1.3036,L
S616,ONGC,2024-05-17 12:55:00+05:30,-0.0794,-0.0309,0,,2.198,37.5,-0.7452,0,0.5797,0.0,3,0,1,0,3,4,2024-05-17 13:10:00+05:30,2024-05-17 13:15:00+05:30,2024-05-17 14:00:00+05:30,258.15,257.25714285714287,259.7571428571428,1.6071,W
S617,ONGC,2024-05-21 09:25:00+05:30,,,2,2.0,1.0017,72.97,-0.6235,0,1.3939,0.0,1,0,1,0,1,2,2024-05-21 09:30:00+05:30,2024-05-21 09:35:00+05:30,2024-05-21 15:00:00+05:30,260.7,258.04821428571427,265.4732142857143,-0.85,EOD-
S618,ONGC,2024-05-21 09:50:00+05:30,0.0355,,3,2.0,0.2856,75.0,-1.0,0,0.5189,0.0,1,0,0,0,1,2,2024-05-21 09:55:00+05:30,2024-05-21 10:00:00+05:30,2024-05-21 15:00:00+05:30,261.1,257.9928571428572,266.6928571428572,-1.25,EOD-
S619,ONGC,2024-05-21 10:15:00+05:30,0.0633,0.0365,3,3.0,0.0147,15.38,16.5,0,0.3526,,0,0,0,1,0,1,2024-05-21 10:15:00+05:30,2024-05-21 10:20:00+05:30,2024-05-21 15:00:00+05:30,261.05,257.6571428571429,267.15714285714284,-1.2,EOD-
S620,ONGC,2024-05-21 10:35:00+05:30,0.1657,0.0901,3,1.0,0.0405,75.0,3.2857,0,0.3168,,0,0,1,1,0,1,2024-05-21 10:35:00+05:30,2024-05-21 10:40:00+05:30,2024-05-21 15:00:00+05:30,261.05,258.88928571428573,264.9392857142857,-1.2,EOD-
S621,ONGC,2024-05-21 10:50:00+05:30,0.1015,0.1657,0,,1.0925,69.23,-0.8802,0,0.5878,1.0,3,0,0,0,3,4,2024-05-21 11:05:00+05:30,2024-05-21 11:10:00+05:30,2024-05-21 15:00:00+05:30,261.15,259.2392857142857,264.58928571428567,-1.3,EOD-
S622,ONGC,2024-05-21 11:15:00+05:30,-0.0383,-0.0201,0,,0.2172,10.0,-0.6296,0,0.7252,1.0,3,0,0,0,3,4,2024-05-21 11:30:00+05:30,2024-05-21 11:35:00+05:30,2024-05-21 12:05:00+05:30,260.95,259.3964285714286,263.7464285714285,-1.5536,L
S623,ONGC,2024-05-21 12:25:00+05:30,-0.12,-0.1074,0,,1.7239,33.33,-0.6364,0,1.9764,1.0,3,0,0,0,3,4,2024-05-21 12:40:00+05:30,2024-05-21 12:45:00+05:30,2024-05-21 15:00:00+05:30,260.5,259.30357142857144,262.6535714285714,-0.65,EOD-
S624,ONGC,2024-05-21 12:50:00+05:30,-0.0394,-0.0547,0,,0.5529,69.23,-0.4495,0,1.1774,,0,1,1,1,0,1,2024-05-21 12:50:00+05:30,2024-05-21 12:55:00+05:30,2024-05-21 15:00:00+05:30,260.8,259.5678571428572,263.0178571428572,-0.95,EOD-
S625,ONGC,2024-05-21 13:10:00+05:30,-0.0144,-0.0336,3,3.0,0.3985,12.5,0.7949,0,0.4298,,0,0,0,1,0,1,2024-05-21 13:10:00+05:30,2024-05-21 13:15:00+05:30,2024-05-21 15:00:00+05:30,260.55,259.32678571428573,262.75178571428575,-0.7,EOD-
S626,ONGC,2024-05-21 13:20:00+05:30,-0.0192,-0.0182,1,1.0,0.6407,27.27,-0.2593,0,0.7576,0.0,2,0,1,0,2,3,2024-05-21 13:30:00+05:30,2024-05-21 13:35:00+05:30,2024-05-21 15:00:00+05:30,260.65,259.59642857142853,262.5464285714286,-0.8,EOD-
S627,ONGC,2024-05-22 09:40:00+05:30,0.0968,,0,,1.0373,53.85,-0.8218,0,0.6187,0.0,3,0,0,0,3,4,2024-05-22 09:55:00+05:30,2024-05-22 10:00:00+05:30,2024-05-22 13:35:00+05:30,260.9,258.19464285714287,265.7696428571428,-2.7054,L
S628,ONGC,2024-05-22 10:05:00+05:30,0.0422,0.0077,1,1.0,0.2983,26.67,0.4379,0,0.3224,,0,0,1,1,0,1,2024-05-22 10:05:00+05:30,2024-05-22 10:10:00+05:30,2024-05-22 13:35:00+05:30,261.2,257.9946428571428,266.96964285714284,-3.2054,L
S629,ONGC,2024-05-22 12:00:00+05:30,-0.1171,-0.0662,0,,1.2537,33.33,-0.75,0,0.9968,1.0,3,0,0,0,3,4,2024-05-22 12:15:00+05:30,2024-05-22 12:20:00+05:30,2024-05-22 12:45:00+05:30,260.35,259.15357142857147,262.50357142857143,-1.1964,L
S630,ONGC,2024-05-23 10:45:00+05:30,0.3125,0.3532,18,3.0,0.7071,53.33,-0.4975,0,0.5253,1.0,1,0,1,0,1,2,2024-05-23 10:50:00+05:30,2024-05-23 10:55:00+05:30,2024-05-23 15:00:00+05:30,262.1,260.34107142857147,265.2660714285714,0.3,EOD+
S631,ONGC,2024-05-23 12:15:00+05:30,-0.1033,-0.0688,0,,0.63,57.14,-0.6825,0,2.2945,1.0,3,0,0,0,3,4,2024-05-23 12:30:00+05:30,2024-05-23 12:35:00+05:30,2024-05-23 15:00:00+05:30,261.75,260.5,264.0,0.65,EOD+
S632,ONGC,2024-05-23 13:25:00+05:30,0.0459,0.0363,10,6.0,0.2596,80.0,-0.2857,0,1.6063,,0,0,1,1,0,1,2024-05-23 13:25:00+05:30,2024-05-23 13:30:00+05:30,2024-05-23 15:00:00+05:30,262.15,260.8017857142857,264.5767857142857,0.25,EOD+
S633,ONGC,2024-05-23 13:35:00+05:30,0.0497,0.0402,1,1.0,0.0788,0.0,4.5556,0,0.9137,,0,0,1,1,0,1,2024-05-23 13:35:00+05:30,2024-05-23 13:40:00+05:30,2024-05-23 15:00:00+05:30,261.8,260.3714285714286,264.37142857142857,0.6,EOD+
S634,ONGC,2024-05-23 13:45:00+05:30,0.0602,0.0545,0,,0.1934,33.33,-0.0476,0,1.3591,,0,0,0,1,0,1,2024-05-23 13:45:00+05:30,2024-05-23 13:50:00+05:30,2024-05-23 15:00:00+05:30,261.85,260.4928571428572,264.2928571428571,0.55,EOD+
S635,ONGC,2024-05-23 14:30:00+05:30,0.062,0.0811,8,6.0,0.0157,12.5,19.0,0,0.6109,,0,0,1,1,0,1,2024-05-23 14:30:00+05:30,2024-05-23 14:35:00+05:30,2024-05-23 15:00:00+05:30,262.2,261.00357142857143,264.3535714285714,0.2,EOD+
S636,ONGC,2024-05-27 11:00:00+05:30,-0.4498,-0.5714,0,,1.4117,75.0,-0.8892,0,0.3638,0.0,3,0,1,0,3,4,2024-05-27 11:15:00+05:30,2024-05-27 11:20:00+05:30,2024-05-27 15:00:00+05:30,258.15,256.5517857142857,261.0267857142856,0.15,EOD+
S637,ONGC,2024-05-27 11:25:00+05:30,-0.2191,-0.3176,0,,0.5684,25.0,-0.5789,0,0.5028,1.0,1,0,0,0,1,2,2024-05-27 11:30:00+05:30,2024-05-27 11:35:00+05:30,2024-05-27 15:00:00+05:30,258.05,257.0053571428572,259.93035714285713,0.25,EOD+
S638,ONGC,2024-05-27 11:40:00+05:30,-0.0756,-0.2191,1,1.0,0.1505,66.67,-1.0,0,0.4867,0.0,1,0,1,0,1,2,2024-05-27 11:45:00+05:30,2024-05-27 11:50:00+05:30,2024-05-27 15:00:00+05:30,258.1,257.2696428571429,259.59464285714284,0.2,EOD+
S639,ONGC,2024-05-27 11:55:00+05:30,0.0359,-0.0756,0,,0.0075,25.0,59.0,0,1.206,,0,0,0,1,0,1,2024-05-27 11:55:00+05:30,2024-05-27 12:00:00+05:30,2024-05-27 15:00:00+05:30,258.15,257.31964285714287,259.6446428571428,0.15,EOD+
S640,ONGC,2024-05-27 12:55:00+05:30,0.0648,0.0842,11,7.0,0.5177,12.5,0.4085,0,1.0287,,0,0,0,1,0,1,2024-05-27 12:55:00+05:30,2024-05-27 13:00:00+05:30,2024-05-27 15:00:00+05:30,258.4,257.5428571428571,259.9428571428571,-0.1,EOD-
S641,ONGC,2024-05-27 13:45:00+05:30,0.0812,0.0822,8,2.0,0.0085,25.0,59.0,0,0.7486,,0,0,1,1,0,1,2024-05-27 13:45:00+05:30,2024-05-27 13:50:00+05:30,2024-05-27 15:00:00+05:30,258.85,258.11785714285713,260.1678571428572,-0.7321,L
S642,ONGC,2024-05-27 13:55:00+05:30,0.0734,0.0908,0,,0.0683,44.44,6.5,0,1.396,,0,1,0,1,0,1,2024-05-27 13:55:00+05:30,2024-05-27 14:00:00+05:30,2024-05-27 14:55:00+05:30,259.2,258.4678571428572,260.5178571428571,-0.7321,L
S643,ONGC,2024-05-27 14:30:00+05:30,0.0598,0.0454,6,3.0,0.0241,22.22,39.0,0,1.3587,,0,0,1,1,0,1,2024-05-27 14:30:00+05:30,2024-05-27 14:35:00+05:30,2024-05-27 14:55:00+05:30,259.35,258.5732142857143,260.7482142857143,-0.7768,L
S644,ONGC,2024-05-28 09:15:00+05:30,,,0,,1.5439,88.1,-0.7481,0,1.0544,0.0,2,1,0,0,2,3,2024-05-28 09:25:00+05:30,2024-05-28 09:30:00+05:30,2024-05-28 10:10:00+05:30,258.95,257.3428571428572,261.8428571428571,-1.6071,L
S645,ONGC,2024-05-28 09:35:00+05:30,,,0,,1.2082,42.86,-0.61,0,0.5886,0.0,2,1,0,0,2,3,2024-05-28 09:45:00+05:30,2024-05-28 09:50:00+05:30,2024-05-28 10:10:00+05:30,259.15,257.29285714285714,262.4928571428571,-1.8571,L
S646,ONGC,2024-05-28 12:45:00+05:30,-0.2713,-0.2163,0,,3.9055,90.0,-1.0,0,0.5044,0.0,3,0,1,0,3,4,2024-05-28 13:00:00+05:30,2024-05-28 13:05:00+05:30,2024-05-28 15:00:00+05:30,256.0,254.7053571428572,258.3303571428571,-0.5,EOD-
S647,ONGC,2024-05-28 13:35:00+05:30,-0.0587,-0.0978,5,3.0,0.1337,20.0,2.5294,0,0.6815,,0,0,1,1,0,1,2024-05-28 13:35:00+05:30,2024-05-28 13:40:00+05:30,2024-05-28 15:00:00+05:30,255.95,254.36071428571427,258.81071428571425,-0.45,EOD-
S648,ONGC,2024-05-28 14:00:00+05:30,0.0176,-0.0225,4,4.0,0.2563,18.18,0.5385,0,0.7617,,0,0,0,1,0,1,2024-05-28 14:00:00+05:30,2024-05-28 14:05:00+05:30,2024-05-28 15:00:00+05:30,255.7,254.43214285714285,257.9821428571429,-0.2,EOD-
S649,ONGC,2024-05-28 14:10:00+05:30,0.0274,0.0088,0,,0.2866,37.5,-0.2308,0,0.3918,,0,0,1,1,0,1,2024-05-28 14:10:00+05:30,2024-05-28 14:15:00+05:30,2024-05-28 15:00:00+05:30,255.85,254.7160714285714,257.8910714285714,-0.35,EOD-
S650,ONGC,2024-05-28 14:20:00+05:30,0.0625,0.0166,0,,0.3182,14.29,0.4545,0,0.6324,,0,0,1,1,0,1,2024-05-28 14:20:00+05:30,2024-05-28 14:25:00+05:30,2024-05-28 15:00:00+05:30,255.95,254.8696428571428,257.89464285714286,-0.45,EOD-
S651,ONGC,2024-05-29 11:30:00+05:30,-0.1109,-0.0633,0,,0.5587,80.0,-0.759,0,0.3629,0.0,3,0,1,0,3,4,2024-05-29 11:45:00+05:30,2024-05-29 11:50:00+05:30,2024-05-29 15:00:00+05:30,252.3,251.3714285714286,253.9714285714286,0.3,EOD+
S652,ONGC,2024-05-29 12:20:00+05:30,0.0366,0.0297,5,5.0,0.5559,9.09,1.2222,0,2.4494,,0,0,0,1,0,1,2024-05-29 12:20:00+05:30,2024-05-29 12:25:00+05:30,2024-05-29 15:00:00+05:30,252.65,251.73928571428573,254.2892857142857,-0.05,EOD-
S653,ONGC,2024-05-29 12:30:00+05:30,0.0208,0.0456,0,,0.1835,0.0,1.963,0,0.8094,,0,0,0,1,0,1,2024-05-29 12:30:00+05:30,2024-05-29 12:35:00+05:30,2024-05-29 15:00:00+05:30,252.55,251.63035714285715,254.2053571428572,0.05,EOD+
S654,ONGC,2024-05-29 12:40:00+05:30,0.0277,0.0228,1,1.0,0.0416,33.33,9.0,0,0.5879,,0,0,1,1,0,1,2024-05-29 12:40:00+05:30,2024-05-29 12:45:00+05:30,2024-05-29 15:00:00+05:30,252.7,251.79821428571427,254.3232142857143,-0.1,EOD-
S655,ONGC,2024-05-29 13:55:00+05:30,0.0691,0.1037,14,4.0,1.2143,64.71,-0.2941,0,1.1754,0.0,3,0,0,0,3,4,2024-05-29 14:10:00+05:30,2024-05-29 14:15:00+05:30,2024-05-29 14:45:00+05:30,253.25,252.375,254.825,-0.875,L
S656,ONGC,2024-05-30 09:30:00+05:30,,,3,3.0,0.0106,65.85,39.0,0,1.6776,,0,0,0,1,0,1,2024-05-30 09:30:00+05:30,2024-05-30 09:35:00+05:30,2024-05-30 10:00:00+05:30,255.05,252.69285714285715,259.29285714285714,-2.3571,L
S657,ONGC,2024-05-30 10:20:00+05:30,-0.0266,0.0,0,,1.2842,80.0,-1.0,0,0.6613,1.0,3,1,0,0,3,4,2024-05-30 10:35:00+05:30,2024-05-30 10:40:00+05:30,2024-05-30 12:15:00+05:30,253.65,251.275,257.925,-2.375,L
S658,ONGC,2024-05-30 10:45:00+05:30,0.0483,0.003,0,,0.1533,54.55,0.0811,0,0.3862,,0,0,0,1,0,1,2024-05-30 10:45:00+05:30,2024-05-30 10:50:00+05:30,2024-05-30 11:20:00+05:30,253.9,252.39107142857145,256.6160714285714,-1.5089,L
S659,ONGC,2024-05-30 13:25:00+05:30,-0.1912,-0.188,0,,1.4266,40.0,-0.8933,0,0.6353,0.0,3,0,1,0,3,4,2024-05-30 13:40:00+05:30,2024-05-30 13:45:00+05:30,2024-05-30 14:20:00+05:30,250.8,249.15714285714287,253.75714285714287,-1.6429,L
S660,ONGC,2024-05-31 09:15:00+05:30,,,0,,0.6601,87.5,-0.6226,0,0.5232,0.0,3,0,1,0,3,4,2024-05-31 09:30:00+05:30,2024-05-31 09:35:00+05:30,2024-05-31 09:50:00+05:30,248.5,245.99107142857144,253.01607142857145,-2.5089,L
S661,ONGC,2024-05-31 10:55:00+05:30,-0.2415,-0.2756,0,,0.612,16.67,-0.875,0,0.456,0.0,3,0,0,0,3,4,2024-05-31 11:10:00+05:30,2024-05-31 11:15:00+05:30,2024-05-31 14:10:00+05:30,246.2,244.5660714285714,249.14107142857145,2.9411,W
S662,ONGC,2024-05-31 12:05:00+05:30,0.0863,0.0366,10,4.0,0.0178,72.73,14.0,0,0.4113,,0,0,1,1,0,1,2024-05-31 12:05:00+05:30,2024-05-31 12:10:00+05:30,2024-05-31 14:10:00+05:30,246.35,244.94821428571427,248.87321428571428,2.5232,W
S663,ONGC,2024-05-31 12:20:00+05:30,0.1248,0.0863,1,1.0,0.2614,57.14,-0.322,0,1.209,1.0,1,1,0,0,1,2,2024-05-31 12:25:00+05:30,2024-05-31 12:30:00+05:30,2024-05-31 14:10:00+05:30,247.0,245.5892857142857,249.5392857142857,2.5393,W
S664,ONGC,2024-05-31 13:00:00+05:30,0.0861,0.1024,6,6.0,0.0677,25.0,5.6667,0,0.8149,,0,0,1,1,0,1,2024-05-31 13:00:00+05:30,2024-05-31 13:05:00+05:30,2024-05-31 14:10:00+05:30,246.95,245.5660714285714,249.44107142857143,2.4911,W
S665,ONGC,2024-06-03 11:00:00+05:30,0.9142,1.4076,21,6.0,0.1556,73.68,-0.0244,0,0.6346,0.0,1,1,0,0,1,2,2024-06-03 11:05:00+05:30,2024-06-03 11:10:00+05:30,2024-06-03 13:10:00+05:30,259.05,255.7553571428572,264.98035714285714,5.9304,W
S666,ONGC,2024-06-03 11:15:00+05:30,0.3433,0.9142,0,,0.1511,43.75,0.3158,0,0.2927,,0,0,1,1,0,1,2024-06-03 11:15:00+05:30,2024-06-03 11:20:00+05:30,2024-06-03 13:10:00+05:30,259.3,256.1571428571429,264.95714285714286,5.6571,W
S667,ONGC,2024-06-03 11:50:00+05:30,0.1058,0.2522,0,,1.2491,57.14,-0.7943,0,1.1998,1.0,3,0,0,0,3,4,2024-06-03 12:05:00+05:30,2024-06-03 12:10:00+05:30,2024-06-03 13:05:00+05:30,259.6,257.65357142857147,263.1035714285714,3.5036,W
S668,ONGC,2024-06-03 12:15:00+05:30,-0.1706,-0.0559,0,,0.8432,14.29,-0.0566,0,0.9488,,0,1,0,1,0,1,2024-06-03 12:15:00+05:30,2024-06-03 12:20:00+05:30,2024-06-03 13:00:00+05:30,259.55,257.97857142857146,262.37857142857143,2.8286,W
S669,ONGC,2024-06-03 12:25:00+05:30,-0.0993,-0.1899,0,,0.0176,63.64,14.0,0,2.0399,,0,0,0,1,0,1,2024-06-03 12:25:00+05:30,2024-06-03 12:30:00+05:30,2024-06-03 13:00:00+05:30,259.85,258.4303571428572,262.4053571428572,2.5554,W
S670,ONGC,2024-06-03 14:10:00+05:30,0.3605,0.388,20,12.0,0.0165,33.33,35.6667,0,2.2031,,0,1,1,1,0,1,2024-06-03 14:10:00+05:30,2024-06-03 14:15:00+05:30,2024-06-03 15:00:00+05:30,264.05,261.7732142857143,268.1482142857143,0.95,EOD+
S671,ONGC,2024-06-04 12:35:00+05:30,-3.5181,-3.7078,0,,4.6282,100.0,-1.0,0,1.4397,1.0,3,0,0,0,3,4,2024-06-04 12:50:00+05:30,2024-06-04 12:55:00+05:30,2024-06-04 14:25:00+05:30,224.6,217.76964285714288,236.89464285714288,-6.8304,L
S672,ONGC,2024-06-05 09:20:00+05:30,,,1,1.0,1.0928,83.69,-0.7207,0,0.6891,0.0,1,1,0,0,1,2,2024-06-05 09:25:00+05:30,2024-06-05 09:30:00+05:30,2024-06-05 10:25:00+05:30,224.0,214.58035714285717,240.95535714285717,-9.4196,L
S673,ONGC,2024-06-05 10:25:00+05:30,-0.3467,-0.3619,0,,1.7565,10.53,-0.9049,0,0.4355,1.0,3,0,0,0,3,4,2024-06-05 10:40:00+05:30,2024-06-05 10:45:00+05:30,2024-06-05 13:55:00+05:30,218.9,212.16785714285717,231.01785714285717,12.1179,W
S674,ONGC,2024-06-05 12:45:00+05:30,0.5156,0.805,23,7.0,0.2382,76.92,-1.0,0,0.4362,0.0,1,0,1,0,1,2,2024-06-05 12:50:00+05:30,2024-06-05 12:55:00+05:30,2024-06-05 15:00:00+05:30,226.25,222.36607142857144,233.24107142857144,3.7,EOD+
S675,ONGC,2024-06-05 13:00:00+05:30,0.2916,0.5156,0,,0.1614,64.29,1.2472,0,1.005,,0,0,0,1,0,1,2024-06-05 13:00:00+05:30,2024-06-05 13:05:00+05:30,2024-06-05 15:00:00+05:30,227.5,224.05357142857144,233.70357142857145,2.45,EOD+
S676,ONGC,2024-06-05 14:15:00+05:30,0.491,0.5402,14,2.0,0.0607,39.13,2.8462,0,0.9975,,0,0,0,1,0,1,2024-06-05 14:15:00+05:30,2024-06-05 14:20:00+05:30,2024-06-05 15:00:00+05:30,229.1,226.42142857142855,233.92142857142852,0.85,EOD+
S677,ONGC,2024-06-05 14:30:00+05:30,0.3798,0.491,1,1.0,0.0559,66.67,2.2,0,0.7488,,0,0,1,1,0,1,2024-06-05 14:30:00+05:30,2024-06-05 14:35:00+05:30,2024-06-05 15:00:00+05:30,230.4,227.6053571428572,235.43035714285716,-0.45,EOD-
S678,ONGC,2024-06-06 13:25:00+05:30,-0.4306,-0.6024,0,,1.9417,6.67,-0.7492,0,1.0775,1.0,3,0,1,0,3,4,2024-06-06 13:40:00+05:30,2024-06-06 13:45:00+05:30,2024-06-06 14:05:00+05:30,236.15,234.0964285714286,239.84642857142856,-2.0536,L
S679,ONGC,2024-06-07 12:20:00+05:30,-0.1176,-0.1091,0,,0.2755,66.67,-1.0,0,0.9704,1.0,3,0,0,0,3,4,2024-06-07 12:35:00+05:30,2024-06-07 12:40:00+05:30,2024-06-07 14:15:00+05:30,238.25,236.86607142857144,240.74107142857144,2.4911,W
S680,ONGC,2024-06-07 13:20:00+05:30,0.0315,0.0745,8,7.0,0.1837,44.44,0.0811,0,2.1951,,0,1,0,1,0,1,2024-06-07 13:20:00+05:30,2024-06-07 13:25:00+05:30,2024-06-07 14:15:00+05:30,238.3,237.04107142857143,240.56607142857143,2.2661,W
S681,ONGC,2024-06-07 13:30:00+05:30,0.0367,0.0441,0,,0.083,16.67,0.25,0,0.4593,,0,0,1,1,0,1,2024-06-07 13:30:00+05:30,2024-06-07 13:35:00+05:30,2024-06-07 14:15:00+05:30,238.25,237.0446428571429,240.4196428571429,2.1696,W
S682,ONGC,2024-06-10 09:35:00+05:30,,,4,4.0,0.7945,48.28,-0.0997,0,0.764,0.0,1,0,0,0,1,2,2024-06-10 09:40:00+05:30,2024-06-10 09:45:00+05:30,2024-06-10 14:25:00+05:30,243.75,241.30357142857144,248.1535714285714,-2.4464,L
S683,ONGC,2024-06-10 09:50:00+05:30,0.2503,,1,1.0,0.063,14.29,3.8276,0,0.4307,,0,0,0,1,0,1,2024-06-10 09:50:00+05:30,2024-06-10 09:55:00+05:30,2024-06-10 15:00:00+05:30,242.95,240.075,248.125,-1.9,EOD-
S684,ONGC,2024-06-10 10:00:00+05:30,0.1699,0.2958,0,,0.5855,53.33,-0.7826,0,0.2281,0.0,1,0,1,0,1,2,2024-06-10 10:05:00+05:30,2024-06-10 10:10:00+05:30,2024-06-10 15:00:00+05:30,242.85,239.9035714285714,248.15357142857144,-1.8,EOD-
S685,ONGC,2024-06-10 12:00:00+05:30,-0.0608,-0.0288,0,,0.5488,16.67,-0.7959,0,0.8531,1.0,3,0,1,0,3,4,2024-06-10 12:15:00+05:30,2024-06-10 12:20:00+05:30,2024-06-10 14:25:00+05:30,242.6,241.48392857142855,244.60892857142852,-1.1161,L
S686,ONGC,2024-06-10 12:25:00+05:30,-0.068,-0.1164,0,,0.0718,54.55,4.0,0,0.6022,,0,0,1,1,0,1,2024-06-10 12:25:00+05:30,2024-06-10 12:30:00+05:30,2024-06-10 14:25:00+05:30,242.65,241.6053571428572,244.53035714285716,-1.0446,L
S687,ONGC,2024-06-10 12:40:00+05:30,-0.0093,-0.068,1,1.0,0.4078,0.0,0.791,0,1.3358,,0,1,0,1,0,1,2024-06-10 12:40:00+05:30,2024-06-10 12:45:00+05:30,2024-06-10 14:25:00+05:30,242.75,241.7232142857143,244.59821428571425,-1.0268,L
S688,ONGC,2024-06-10 12:50:00+05:30,0.0093,-0.0155,0,,0.1278,33.33,1.8571,0,1.8322,,0,0,0,1,0,1,2024-06-10 12:50:00+05:30,2024-06-10 12:55:00+05:30,2024-06-10 14:25:00+05:30,242.85,241.8232142857143,244.69821428571424,-1.0268,L
S689,ONGC,2024-06-10 13:10:00+05:30,0.0237,0.0175,3,2.0,0.347,33.33,0.0345,0,0.8686,,0,1,0,1,0,1,2024-06-10 13:10:00+05:30,2024-06-10 13:15:00+05:30,2024-06-10 14:25:00+05:30,242.7,241.6553571428572,244.5803571428571,-1.0446,L
S690,ONGC,2024-06-10 13:20:00+05:30,0.0144,0.0278,0,,0.6559,25.0,-0.4231,0,1.1571,1.0,3,0,0,0,3,4,2024-06-10 13:35:00+05:30,2024-06-10 13:40:00+05:30,2024-06-10 14:25:00+05:30,242.8,241.8089285714286,244.58392857142852,-0.9911,L
S691,ONGC,2024-06-10 13:45:00+05:30,0.0165,0.0103,0,,0.7216,33.33,-0.4,0,0.8428,0.0,2,0,1,0,2,3,2024-06-10 13:55:00+05:30,2024-06-10 14:00:00+05:30,2024-06-10 14:20:00+05:30,242.9,242.03392857142856,244.45892857142857,-0.8661,L
S692,ONGC,2024-06-10 14:05:00+05:30,0.0124,0.0247,0,,0.6071,20.0,-0.5294,0,0.8202,1.0,1,0,0,0,1,2,2024-06-10 14:10:00+05:30,2024-06-10 14:15:00+05:30,2024-06-10 14:20:00+05:30,242.8,241.925,244.37500000000003,-0.875,L
S693,ONGC,2024-06-11 11:25:00+05:30,0.0869,0.2547,0,,1.332,8.33,-0.9399,0,0.6365,1.0,3,0,0,0,3,4,2024-06-11 11:40:00+05:30,2024-06-11 11:45:00+05:30,2024-06-11 13:05:00+05:30,250.5,248.9375,253.3125,2.8125,W
S694,ONGC,2024-06-11 11:50:00+05:30,-0.0829,-0.034,0,,0.4783,50.0,-0.6364,0,0.4021,,0,0,1,1,0,1,2024-06-11 11:50:00+05:30,2024-06-11 11:55:00+05:30,2024-06-11 13:05:00+05:30,250.15,248.7125,252.7375,2.5875,W
S695,ONGC,2024-06-11 12:00:00+05:30,-0.041,-0.0659,0,,0.4424,88.89,-1.0,0,0.8298,,0,0,0,1,0,1,2024-06-11 12:00:00+05:30,2024-06-11 12:05:00+05:30,2024-06-11 12:50:00+05:30,250.3,249.01428571428573,252.61428571428573,2.3143,W
S696,ONGC,2024-06-11 12:10:00+05:30,-0.054,-0.07,0,,0.1737,30.77,0.1765,0,1.1077,,0,1,0,1,0,1,2024-06-11 12:10:00+05:30,2024-06-11 12:15:00+05:30,2024-06-11 12:50:00+05:30,250.4,249.17678571428573,252.6017857142857,2.2018,W
S697,ONGC,2024-06-12 10:25:00+05:30,0.3055,0.3382,14,12.0,0.3223,15.0,1.2951,0,0.5257,,0,0,0,1,0,1,2024-06-12 10:25:00+05:30,2024-06-12 10:30:00+05:30,2024-06-12 15:00:00+05:30,257.5,255.13392857142856,261.7589285714286,0.0,EOD-
S698,ONGC,2024-06-12 10:50:00+05:30,0.2901,0.2799,4,2.0,0.0037,42.86,19.0,0,0.201,,0,0,1,1,0,1,2024-06-12 10:50:00+05:30,2024-06-12 10:55:00+05:30,2024-06-12 15:00:00+05:30,257.75,256.05357142857144,260.8035714285714,-0.25,EOD-
S699,ONGC,2024-06-12 11:00:00+05:30,0.1698,0.3019,0,,0.0731,12.5,2.1579,0,0.3686,,0,1,1,1,0,1,2024-06-12 11:00:00+05:30,2024-06-12 11:05:00+05:30,2024-06-12 15:00:00+05:30,257.85,256.225,260.775,-0.35,EOD-
S700,ONGC,2024-06-12 11:10:00+05:30,0.033,0.2473,0,,0.3197,40.0,0.0127,0,0.5259,,0,0,0,1,0,1,2024-06-12 11:10:00+05:30,2024-06-12 11:15:00+05:30,2024-06-12 15:00:00+05:30,257.85,256.3053571428572,260.6303571428571,-0.35,EOD-
S701,ONGC,2024-06-12 11:20:00+05:30,-0.0243,0.0902,0,,0.3073,54.55,-0.1667,0,0.7618,,0,0,1,1,0,1,2024-06-12 11:20:00+05:30,2024-06-12 11:25:00+05:30,2024-06-12 15:00:00+05:30,257.95,256.48571428571427,260.58571428571423,-0.45,EOD-
S702,ONGC,2024-06-12 11:30:00+05:30,0.0184,-0.0252,0,,1.0201,54.55,-0.5816,0,0.5868,0.0,2,0,0,0,2,3,2024-06-12 11:40:00+05:30,2024-06-12 11:45:00+05:30,2024-06-12 15:00:00+05:30,257.65,256.18571428571425,260.2857142857142,-0.15,EOD-
S703,ONGC,2024-06-12 11:50:00+05:30,-0.0184,0.0078,0,,0.3294,0.0,-0.0625,0,1.1292,1.0,1,0,0,0,1,2,2024-06-12 11:55:00+05:30,2024-06-12 12:00:00+05:30,2024-06-12 15:00:00+05:30,257.85,256.6357142857143,260.0357142857143,-1.2143,L
S704,ONGC,2024-06-12 12:10:00+05:30,0.0233,-0.001,0,,0.9008,33.33,-0.759,0,0.3431,0.0,3,1,1,0,3,4,2024-06-12 12:25:00+05:30,2024-06-12 12:30:00+05:30,2024-06-12 15:00:00+05:30,257.75,256.5982142857143,259.82321428571424,-1.1518,L
S705,ONGC,2024-06-12 13:45:00+05:30,0.0494,0.0572,15,9.0,0.25,33.33,0.7143,0,0.991,,0,0,1,1,0,1,2024-06-12 13:45:00+05:30,2024-06-12 13:50:00+05:30,2024-06-12 14:15:00+05:30,258.15,257.275,259.725,-0.875,L
S706,ONGC,2024-06-13 10:00:00+05:30,-0.298,-0.2945,0,,1.2801,40.0,-0.8693,0,0.5184,0.0,3,0,1,0,3,4,2024-06-13 10:15:00+05:30,2024-06-13 10:20:00+05:30,2024-06-13 15:00:00+05:30,255.85,253.60892857142852,259.88392857142856,0.4,EOD+
S707,ONGC,2024-06-13 10:25:00+05:30,-0.2017,-0.266,0,,0.2281,37.5,-1.0,0,0.338,0.0,1,1,1,0,1,2,2024-06-13 10:30:00+05:30,2024-06-13 10:35:00+05:30,2024-06-13 15:00:00+05:30,255.65,253.65,259.25,0.6,EOD+
S708,ONGC,2024-06-13 11:30:00+05:30,0.0529,0.0088,0,,1.3067,50.0,-1.0,0,0.465,0.0,3,0,0,0,3,4,2024-06-13 11:45:00+05:30,2024-06-13 11:50:00+05:30,2024-06-13 15:00:00+05:30,255.7,254.6285714285714,257.62857142857143,0.55,EOD+
S709,ONGC,2024-06-13 12:15:00+05:30,0.0186,0.0235,5,5.0,0.0706,0.0,8.0909,0,0.3665,,0,0,1,1,0,1,2024-06-13 12:15:00+05:30,2024-06-13 12:20:00+05:30,2024-06-13 15:00:00+05:30,255.7,254.72678571428568,257.45178571428573,0.55,EOD+
S710,ONGC,2024-06-13 13:05:00+05:30,0.086,0.0284,9,8.0,0.0206,60.0,19.0,0,1.3374,,0,0,0,1,0,1,2024-06-13 13:05:00+05:30,2024-06-13 13:10:00+05:30,2024-06-13 13:30:00+05:30,255.8,255.19285714285715,256.8928571428572,-0.6071,L
S711,ONGC,2024-06-13 13:40:00+05:30,-0.0215,0.0371,0,,1.2564,14.29,-0.8571,0,1.4639,1.0,3,0,0,0,3,4,2024-06-13 13:55:00+05:30,2024-06-13 14:00:00+05:30,2024-06-13 14:15:00+05:30,255.85,255.1535714285714,257.1035714285714,-0.6964,L
S712,ONGC,2024-06-13 14:05:00+05:30,-0.0127,-0.0342,0,,0.2305,50.0,-1.0,0,0.7823,,0,0,1,1,0,1,2024-06-13 14:05:00+05:30,2024-06-13 14:10:00+05:30,2024-06-13 15:00:00+05:30,255.7,254.96785714285716,257.0178571428571,0.55,EOD+
S713,ONGC,2024-06-14 09:25:00+05:30,,,2,2.0,0.4719,55.0,-0.0728,0,0.627,,0,0,0,1,0,1,2024-06-14 09:25:00+05:30,2024-06-14 09:30:00+05:30,2024-06-14 15:00:00+05:30,256.95,254.95,260.55,-0.95,EOD-
S714,ONGC,2024-06-14 10:00:00+05:30,0.2391,0.2151,6,5.0,0.0624,26.67,6.8261,0,0.4142,,0,1,0,1,0,1,2024-06-14 10:00:00+05:30,2024-06-14 10:05:00+05:30,2024-06-14 15:00:00+05:30,257.75,255.44642857142856,261.89642857142854,-1.75,EOD-
S715,ONGC,2024-06-14 11:20:00+05:30,-0.0398,-0.0087,0,,2.4833,100.0,-1.0,0,0.6871,0.0,3,0,1,0,3,4,2024-06-14 11:35:00+05:30,2024-06-14 11:40:00+05:30,2024-06-14 12:20:00+05:30,257.3,256.54999999999995,258.6500000000001,-0.75,L
S716,ONGC,2024-06-14 12:25:00+05:30,-0.0545,-0.0603,0,,1.2552,14.29,-0.7436,0,0.8662,0.0,3,0,1,0,3,4,2024-06-14 12:40:00+05:30,2024-06-14 12:45:00+05:30,2024-06-14 14:30:00+05:30,256.9,256.12321428571425,258.29821428571427,-0.7768,L
S717,ONGC,2024-06-14 12:50:00+05:30,-0.037,-0.0642,1,1.0,0.7184,100.0,-1.0,0,1.0757,0.0,1,0,0,0,1,2,2024-06-14 12:55:00+05:30,2024-06-14 13:00:00+05:30,2024-06-14 14:25:00+05:30,256.9,256.22142857142853,258.1214285714285,-0.6786,L
S718,ONGC,2024-06-14 13:05:00+05:30,-0.0058,-0.037,0,,0.3818,50.0,-0.5238,0,1.2135,,0,0,0,1,0,1,2024-06-14 13:05:00+05:30,2024-06-14 13:10:00+05:30,2024-06-14 14:25:00+05:30,256.95,256.2625,258.1875,-0.6875,L
S719,ONGC,2024-06-14 13:15:00+05:30,-0.0058,-0.0107,0,,0.1091,50.0,2.3333,0,0.9708,,0,0,0,1,0,1,2024-06-14 13:15:00+05:30,2024-06-14 13:20:00+05:30,2024-06-14 14:25:00+05:30,256.9,256.2125,258.1375,-0.6875,L
S720,ONGC,2024-06-14 13:30:00+05:30,-0.0078,-0.0058,2,1.0,0.14,0.0,4.7143,0,0.9338,,0,0,1,1,0,1,2024-06-14 13:30:00+05:30,2024-06-14 13:35:00+05:30,2024-06-14 14:25:00+05:30,256.95,256.325,258.07499999999993,-0.625,L
S721,ONGC,2024-06-14 13:40:00+05:30,0.001,-0.0097,0,,0.7406,40.0,-0.4521,0,0.91,,0,0,1,1,0,1,2024-06-14 13:40:00+05:30,2024-06-14 13:45:00+05:30,2024-06-14 14:30:00+05:30,256.8,256.18392857142857,257.9089285714286,-0.6161,L
S722,ONGC,2024-06-18 10:50:00+05:30,-0.0195,-0.0467,0,,1.0043,33.33,-0.7403,0,0.9421,1.0,3,0,1,0,3,4,2024-06-18 11:05:00+05:30,2024-06-18 11:10:00+05:30,2024-06-18 14:10:00+05:30,256.85,255.4125,259.4375,-1.4375,L
S723,ONGC,2024-06-18 11:15:00+05:30,-0.1326,-0.0828,1,1.0,0.1738,100.0,-1.0,0,0.4165,0.0,1,0,1,0,1,2,2024-06-18 11:20:00+05:30,2024-06-18 11:25:00+05:30,2024-06-18 15:00:00+05:30,256.45,255.19107142857143,258.7160714285713,-0.35,EOD-
S724,ONGC,2024-06-18 12:00:00+05:30,-0.0078,-0.0537,0,,0.5614,66.67,-1.0,0,0.6388,1.0,3,1,0,0,3,4,2024-06-18 12:15:00+05:30,2024-06-18 12:20:00+05:30,2024-06-18 14:00:00+05:30,256.6,255.69821428571436,258.2232142857143,-0.9018,L
S725,ONGC,2024-06-18 12:25:00+05:30,0.0332,0.0263,1,1.0,0.5707,80.0,-0.7333,0,0.5443,0.0,1,0,0,0,1,2,2024-06-18 12:30:00+05:30,2024-06-18 12:35:00+05:30,2024-06-18 14:00:00+05:30,256.45,255.6285714285714,257.92857142857144,-0.8214,L
S726,ONGC,2024-06-18 12:40:00+05:30,0.0234,0.0332,0,,0.2,0.0,0.5385,0,0.5032,,0,0,1,1,0,1,2024-06-18 12:40:00+05:30,2024-06-18 12:45:00+05:30,2024-06-18 14:00:00+05:30,256.4,255.5875,257.86249999999995,-0.8125,L
S727,ONGC,2024-06-18 12:50:00+05:30,-0.0039,0.0293,0,,0.0928,33.33,2.6364,0,0.7167,,0,1,0,1,0,1,2024-06-18 12:50:00+05:30,2024-06-18 12:55:00+05:30,2024-06-18 14:00:00+05:30,256.45,255.70892857142857,257.78392857142853,-0.7411,L
S728,ONGC,2024-06-19 09:50:00+05:30,0.002,,0,,0.8055,12.5,-0.5633,0,0.3352,0.0,3,1,1,0,3,4,2024-06-19 10:05:00+05:30,2024-06-19 10:10:00+05:30,2024-06-19 10:25:00+05:30,256.55,254.7732142857143,259.7482142857143,-1.7768,L
S729,ONGC,2024-06-19 11:45:00+05:30,-0.1629,-0.1255,0,,0.2905,60.0,-0.3443,0,0.6665,1.0,3,0,1,0,3,4,2024-06-19 12:00:00+05:30,2024-06-19 12:05:00+05:30,2024-06-19 13:15:00+05:30,254.65,253.3375,257.01250000000005,-1.3125,L
S730,ONGC,2024-06-19 12:20:00+05:30,-0.0039,-0.1051,2,2.0,0.0398,75.0,1.8571,0,0.5497,,0,0,1,1,0,1,2024-06-19 12:20:00+05:30,2024-06-19 12:25:00+05:30,2024-06-19 13:10:00+05:30,254.9,253.8017857142857,256.87678571428575,-1.0982,L
S731,ONGC,2024-06-19 12:30:00+05:30,0.0393,-0.0344,1,1.0,0.0631,44.44,5.0,0,1.1198,,0,0,0,1,0,1,2024-06-19 12:30:00+05:30,2024-06-19 12:35:00+05:30,2024-06-19 13:10:00+05:30,254.75,253.75892857142856,256.5339285714286,-0.9911,L
S732,ONGC,2024-06-19 14:15:00+05:30,-0.1844,-0.1714,0,,2.1957,50.0,-0.8365,0,2.2106,1.0,3,1,0,0,3,4,2024-06-19 14:30:00+05:30,2024-06-19 14:35:00+05:30,2024-06-19 15:00:00+05:30,253.6,252.55535714285716,255.48035714285717,-0.65,EOD-
S733,ONGC,2024-06-20 09:15:00+05:30,,,0,,3.1699,86.05,-0.8494,0,1.4614,0.0,3,0,0,0,3,4,2024-06-20 09:30:00+05:30,2024-06-20 09:35:00+05:30,2024-06-20 15:00:00+05:30,252.85,251.27857142857144,255.67857142857144,0.05,EOD+
S734,ONGC,2024-06-20 11:15:00+05:30,0.2578,0.2689,19,6.0,0.0307,22.22,12.3333,0,0.6326,,0,0,1,1,0,1,2024-06-20 11:15:00+05:30,2024-06-20 11:20:00+05:30,2024-06-20 11:35:00+05:30,254.4,253.17678571428573,256.6017857142857,-1.2232,L
S735,ONGC,2024-06-20 12:20:00+05:30,-0.0482,-0.0079,0,,1.7143,75.0,-0.8889,0,1.2531,1.0,3,0,0,0,3,4,2024-06-20 12:35:00+05:30,2024-06-20 12:40:00+05:30,2024-06-20 13:30:00+05:30,254.15,252.8375,256.51250000000005,-1.3125,L
S736,ONGC,2024-06-20 12:45:00+05:30,-0.1005,-0.0936,0,,0.3845,0.0,-0.7436,0,0.5555,0.0,1,0,0,0,1,2,2024-06-20 12:50:00+05:30,2024-06-20 12:55:00+05:30,2024-06-20 13:35:00+05:30,253.75,252.4821428571429,256.03214285714284,-1.2679,L
S737,ONGC,2024-06-20 13:00:00+05:30,-0.0769,-0.1005,0,,0.3053,40.0,-0.3103,0,1.5063,,0,0,0,1,0,1,2024-06-20 13:00:00+05:30,2024-06-20 13:05:00+05:30,2024-06-20 13:35:00+05:30,253.9,252.7125,256.0375,-1.1875,L
S738,ONGC,2024-06-20 13:15:00+05:30,-0.0207,-0.0769,1,1.0,0.0374,33.33,4.7143,0,0.594,,0,1,1,1,0,1,2024-06-20 13:15:00+05:30,2024-06-20 13:20:00+05:30,2024-06-20 13:35:00+05:30,253.8,252.63035714285715,255.9053571428572,-1.1696,L
S739,ONGC,2024-06-20 14:10:00+05:30,-0.1333,-0.1263,0,,2.417,46.15,-0.8179,0,1.4368,0.0,3,0,0,0,3,4,2024-06-20 14:25:00+05:30,2024-06-20 14:30:00+05:30,2024-06-20 15:00:00+05:30,253.15,251.73035714285717,255.7053571428572,-0.25,EOD-
S740,ONGC,2024-06-21 09:15:00+05:30,,,0,,2.2214,73.08,-0.8179,0,1.7682,0.0,3,0,0,0,3,4,2024-06-21 09:30:00+05:30,2024-06-21 09:35:00+05:30,2024-06-21 12:45:00+05:30,253.6,252.05535714285716,256.3803571428571,-1.5446,L
S741,ONGC,2024-06-21 10:40:00+05:30,0.1721,0.1949,12,11.0,0.1247,85.0,0.0256,0,0.3096,,0,0,1,1,0,1,2024-06-21 10:40:00+05:30,2024-06-21 10:45:00+05:30,2024-06-21 12:45:00+05:30,254.25,252.2946428571429,257.76964285714286,-1.9554,L
S742,ONGC,2024-06-21 13:20:00+05:30,-0.168,-0.1807,0,,1.9884,30.0,-0.6429,0,1.1957,0.0,3,0,0,0,3,4,2024-06-21 13:35:00+05:30,2024-06-21 13:40:00+05:30,2024-06-21 15:00:00+05:30,253.0,251.76785714285717,255.21785714285716,-1.2321,L
S743,ONGC,2024-06-21 13:45:00+05:30,-0.1009,-0.1355,0,,0.3387,33.33,-0.3333,0,1.1376,,0,1,0,1,0,1,2024-06-21 13:45:00+05:30,2024-06-21 13:50:00+05:30,2024-06-21 15:00:00+05:30,252.85,251.1892857142857,255.8392857142857,-0.3,EOD-
S744,ONGC,2024-06-21 14:20:00+05:30,-0.0198,-0.0396,6,5.0,0.4229,100.0,-1.0,0,1.1414,1.0,2,0,0,0,2,3,2024-06-21 14:30:00+05:30,2024-06-21 14:35:00+05:30,2024-06-21 15:00:00+05:30,252.65,250.9357142857143,255.73571428571427,-0.1,EOD-
S745,ONGC,2024-06-24 10:00:00+05:30,-0.3004,-0.3806,0,,1.1081,12.5,-0.7073,0,0.1798,1.0,3,1,0,0,3,4,2024-06-24 10:15:00+05:30,2024-06-24 10:20:00+05:30,2024-06-24 15:00:00+05:30,250.3,247.9875,254.46250000000003,0.25,EOD+
S746,ONGC,2024-06-24 11:45:00+05:30,0.1772,0.26,16,6.0,0.0669,40.0,2.5294,0,1.0157,,0,1,0,1,0,1,2024-06-24 11:45:00+05:30,2024-06-24 11:50:00+05:30,2024-06-24 15:00:00+05:30,251.4,249.81071428571428,254.2607142857143,-0.85,EOD-
S747,ONGC,2024-06-24 11:55:00+05:30,0.1482,0.2071,1,1.0,0.3461,30.0,0.3483,0,0.8009,,0,0,0,1,0,1,2024-06-24 11:55:00+05:30,2024-06-24 12:00:00+05:30,2024-06-24 15:00:00+05:30,251.5,249.89285714285717,254.39285714285717,-0.95,EOD-
S748,ONGC,2024-06-24 12:20:00+05:30,0.0974,0.1193,4,4.0,0.4579,42.86,-0.3103,0,0.7235,0.0,1,1,0,0,1,2,2024-06-24 12:25:00+05:30,2024-06-24 12:30:00+05:30,2024-06-24 14:35:00+05:30,251.7,250.5125,253.8375,-1.1875,L
S749,ONGC,2024-06-24 13:30:00+05:30,-0.0328,-0.0597,0,,0.98,80.0,-1.0,0,0.8203,1.0,3,0,1,0,3,4,2024-06-24 13:45:00+05:30,2024-06-24 13:50:00+05:30,2024-06-24 14:45:00+05:30,251.3,250.31785714285715,253.06785714285715,-0.9821,L
S750,ONGC,2024-06-24 13:55:00+05:30,-0.0567,-0.0408,0,,0.6825,0.0,-0.1453,0,1.4878,1.0,1,1,0,0,1,2,2024-06-24 14:00:00+05:30,2024-06-24 14:05:00+05:30,2024-06-24 14:45:00+05:30,251.35,250.2785714285714,253.2785714285714,-1.0714,L
S751,ONGC,2024-06-24 14:10:00+05:30,-0.0478,-0.0567,1,1.0,0.2119,60.0,-0.3939,0,1.9938,1.0,3,1,1,0,3,4,2024-06-24 14:25:00+05:30,2024-06-24 14:30:00+05:30,2024-06-24 14:45:00+05:30,251.2,250.2267857142857,252.9517857142857,-0.9732,L
S752,ONGC,2024-06-25 09:15:00+05:30,,,0,,0.0656,13.64,10.6667,0,4.4537,,0,0,0,1,0,1,2024-06-25 09:15:00+05:30,2024-06-25 09:20:00+05:30,2024-06-25 10:00:00+05:30,251.3,250.15714285714287,253.3571428571429,-1.1429,L
S753,ONGC,2024-06-25 09:25:00+05:30,,,1,1.0,0.2864,46.15,0.8519,0,1.4851,,0,0,0,1,0,1,2024-06-25 09:25:00+05:30,2024-06-25 09:30:00+05:30,2024-06-25 10:15:00+05:30,251.05,249.87142857142857,253.17142857142855,-1.1786,L
S754,ONGC,2024-06-25 09:35:00+05:30,,,1,1.0,0.1909,0.0,2.5897,0,1.3217,,0,0,0,1,0,1,2024-06-25 09:35:00+05:30,2024-06-25 09:40:00+05:30,2024-06-25 10:15:00+05:30,251.15,249.87321428571428,253.4482142857143,-1.2768,L
S755,ONGC,2024-06-25 12:30:00+05:30,-0.1796,-0.1875,0,,0.9167,44.44,-0.7576,0,0.3919,0.0,3,0,1,0,3,4,2024-06-25 12:45:00+05:30,2024-06-25 12:50:00+05:30,2024-06-25 15:00:00+05:30,247.7,246.575,249.725,0.3,EOD+
S756,ONGC,2024-06-25 12:55:00+05:30,-0.0626,-0.1352,0,,0.3071,85.71,-0.5349,0,0.6359,1.0,3,0,1,0,3,4,2024-06-25 13:10:00+05:30,2024-06-25 13:15:00+05:30,2024-06-25 15:00:00+05:30,247.9,247.025,249.475,0.1,EOD+
S757,ONGC,2024-06-25 13:30:00+05:30,0.0373,-0.004,3,3.0,0.3154,40.0,1.439,0,0.6687,,0,1,1,1,0,1,2024-06-25 13:30:00+05:30,2024-06-25 13:35:00+05:30,2024-06-25 15:00:00+05:30,247.9,247.0875,249.3625,0.1,EOD+
S758,ONGC,2024-06-25 13:40:00+05:30,0.0141,0.0252,1,1.0,0.475,70.0,-1.0,0,0.8189,0.0,1,0,1,0,1,2,2024-06-25 13:45:00+05:30,2024-06-25 13:50:00+05:30,2024-06-25 15:00:00+05:30,247.95,247.2,249.3,0.05,EOD+
S759,ONGC,2024-06-25 14:25:00+05:30,0.0736,0.0817,7,3.0,0.245,42.86,0.7143,0,0.8999,,0,0,0,1,0,1,2024-06-25 14:25:00+05:30,2024-06-25 14:30:00+05:30,2024-06-25 15:00:00+05:30,248.2,247.30714285714285,249.80714285714285,-0.2,EOD-
S760,ONGC,2024-06-26 10:10:00+05:30,-0.1759,-0.196,0,,1.2799,44.44,-1.0,0,0.4757,0.0,3,0,1,0,3,4,2024-06-26 10:25:00+05:30,2024-06-26 10:30:00+05:30,2024-06-26 12:10:00+05:30,247.1,245.5910714285714,249.81607142857143,2.7161,W
S761,ONGC,2024-06-26 11:05:00+05:30,-0.0628,-0.1419,6,5.0,0.0636,83.33,0.3333,0,0.5788,,0,0,1,1,0,1,2024-06-26 11:05:00+05:30,2024-06-26 11:10:00+05:30,2024-06-26 12:10:00+05:30,246.75,245.2767857142857,249.4017857142857,2.6518,W
S762,ONGC,2024-06-26 11:15:00+05:30,0.0071,-0.0942,0,,0.4946,21.43,-0.8305,0,0.6616,0.0,1,0,1,0,1,2,2024-06-26 11:20:00+05:30,2024-06-26 11:25:00+05:30,2024-06-26 12:10:00+05:30,247.05,245.55892857142857,249.7339285714286,2.6839,W
S763,ONGC,2024-06-26 11:40:00+05:30,0.1113,0.0365,3,2.0,0.1233,88.24,0.4286,0,1.0402,,0,0,0,1,0,1,2024-06-26 11:40:00+05:30,2024-06-26 11:45:00+05:30,2024-06-26 12:10:00+05:30,247.75,246.33035714285717,250.3053571428572,2.5554,W
S764,ONGC,2024-06-26 13:05:00+05:30,0.2141,0.2335,16,11.0,0.4712,22.22,-0.0291,0,0.7017,0.0,1,0,0,0,1,2,2024-06-26 13:10:00+05:30,2024-06-26 13:15:00+05:30,2024-06-26 15:00:00+05:30,249.05,247.6839285714286,251.50892857142856,-0.7,EOD-
S765,ONGC,2024-06-26 13:20:00+05:30,0.1647,0.2141,1,1.0,0.025,37.5,14.0,0,0.6664,,0,1,1,1,0,1,2024-06-26 13:20:00+05:30,2024-06-26 13:25:00+05:30,2024-06-26 14:55:00+05:30,249.3,248.3,251.1,-1.0,L
S766,ONGC,2024-06-26 13:45:00+05:30,0.0943,0.1416,0,,0.7509,20.0,-0.661,0,0.6887,1.0,3,0,1,0,3,4,2024-06-26 14:00:00+05:30,2024-06-26 14:05:00+05:30,2024-06-26 15:00:00+05:30,249.1,248.11785714285716,250.86785714285716,-0.75,EOD-
S767,ONGC,2024-06-26 14:10:00+05:30,-0.0502,0.0341,0,,0.6222,20.0,-0.3182,0,0.9168,1.0,1,0,1,0,1,2,2024-06-26 14:15:00+05:30,2024-06-26 14:20:00+05:30,2024-06-26 15:00:00+05:30,249.0,248.11607142857144,250.59107142857144,-0.65,EOD-
S768,ONGC,2024-06-26 14:25:00+05:30,-0.0382,-0.0502,0,,0.417,50.0,-0.6429,0,1.0098,,0,0,0,1,0,1,2024-06-26 14:25:00+05:30,2024-06-26 14:30:00+05:30,2024-06-26 15:00:00+05:30,249.05,248.2107142857143,250.5607142857143,-0.8393,L
S769,ONGC,2024-06-27 09:40:00+05:30,-0.1237,,0,,1.4109,27.27,-0.8966,0,0.8199,1.0,3,0,0,0,3,4,2024-06-27 09:55:00+05:30,2024-06-27 10:00:00+05:30,2024-06-27 13:45:00+05:30,248.7,246.98571428571427,251.78571428571428,-1.7143,L
S770,ONGC,2024-06-27 10:05:00+05:30,-0.0604,-0.1237,0,,0.5277,28.57,-0.3197,0,0.5332,0.0,1,0,0,0,1,2,2024-06-27 10:10:00+05:30,2024-06-27 10:15:00+05:30,2024-06-27 13:45:00+05:30,248.55,246.80892857142857,251.6839285714286,-1.7411,L
S771,ONGC,2024-06-27 10:20:00+05:30,-0.0201,-0.0604,0,,0.4964,30.0,-0.2806,0,0.6502,1.0,1,1,1,0,1,2,2024-06-27 10:25:00+05:30,2024-06-27 10:30:00+05:30,2024-06-27 11:00:00+05:30,249.4,247.65,252.55,-1.75,L
S772,ONGC,2024-06-27 10:35:00+05:30,-0.0362,-0.0201,0,,0.3995,35.71,-0.633,0,1.0766,,0,1,1,1,0,1,2024-06-27 10:35:00+05:30,2024-06-27 10:40:00+05:30,2024-06-27 13:45:00+05:30,248.6,246.89464285714283,251.6696428571429,-1.7054,L
S773,ONGC,2024-06-27 10:45:00+05:30,-0.0665,-0.0201,0,,0.4299,30.77,0.0619,0,0.4914,,0,0,1,1,0,1,2024-06-27 10:45:00+05:30,2024-06-27 10:50:00+05:30,2024-06-27 13:50:00+05:30,248.3,246.65714285714284,251.2571428571429,-1.6429,L
S774,ONGC,2024-06-27 11:55:00+05:30,-0.0594,-0.0212,0,,1.7271,14.29,-0.5455,0,1.6747,1.0,3,0,0,0,3,4,2024-06-27 12:10:00+05:30,2024-06-27 12:15:00+05:30,2024-06-27 12:55:00+05:30,248.25,247.2946428571429,249.96964285714287,-0.9554,L
S775,ONGC,2024-06-28 12:45:00+05:30,-0.1058,-0.0088,0,,1.6161,11.11,-0.9419,0,1.0979,1.0,3,1,0,0,3,4,2024-06-28 13:00:00+05:30,2024-06-28 13:05:00+05:30,2024-06-28 15:00:00+05:30,255.7,254.3696428571428,258.0946428571429,0.0,EOD-
S776,ONGC,2024-06-28 13:50:00+05:30,0.0157,-0.0471,9,8.0,0.2373,16.67,1.0,0,0.8188,,0,0,0,1,0,1,2024-06-28 13:50:00+05:30,2024-06-28 13:55:00+05:30,2024-06-28 15:00:00+05:30,255.1,254.04642857142855,256.99642857142857,0.6,EOD+
S777,ONGC,2024-06-28 14:30:00+05:30,0.1214,0.1126,7,3.0,0.3327,33.33,0.6667,0,3.1852,,0,0,0,1,0,1,2024-06-28 14:30:00+05:30,2024-06-28 14:35:00+05:30,2024-06-28 15:00:00+05:30,255.5,254.59821428571428,257.12321428571425,0.2,EOD+
S778,ONGC,2024-07-01 10:05:00+05:30,-0.1403,-0.1785,0,,0.7761,50.0,-0.7647,0,0.3079,1.0,3,0,1,0,3,4,2024-07-01 10:20:00+05:30,2024-07-01 10:25:00+05:30,2024-07-01 15:00:00+05:30,254.75,252.69642857142856,258.44642857142856,-1.2,EOD-
S779,ONGC,2024-07-01 10:35:00+05:30,-0.0688,-0.0962,2,1.0,0.3822,28.57,0.2048,0,0.2679,,0,0,1,1,0,1,2024-07-01 10:35:00+05:30,2024-07-01 10:40:00+05:30,2024-07-01 12:35:00+05:30,254.5,253.14285714285717,256.9428571428571,-1.3571,L
S780,ONGC,2024-07-01 10:45:00+05:30,-0.0501,-0.0815,1,1.0,0.0095,71.43,39.0,0,0.7405,,0,0,0,1,0,1,2024-07-01 10:45:00+05:30,2024-07-01 10:50:00+05:30,2024-07-01 11:55:00+05:30,255.35,254.02857142857144,257.7285714285714,-1.3214,L
S781,ONGC,2024-07-01 11:15:00+05:30,0.052,-0.0344,5,5.0,0.215,64.29,0.2766,0,0.6816,,0,1,0,1,0,1,2024-07-01 11:15:00+05:30,2024-07-01 11:20:00+05:30,2024-07-01 12:30:00+05:30,254.65,253.2839285714286,257.1089285714286,-1.3661,L
S782,ONGC,2024-07-01 11:25:00+05:30,0.0991,0.0255,0,,0.2302,93.75,-0.5918,0,0.9913,,0,0,0,1,0,1,2024-07-01 11:25:00+05:30,2024-07-01 11:30:00+05:30,2024-07-01 11:55:00+05:30,255.3,253.96964285714287,257.69464285714287,-1.3304,L
S783,ONGC,2024-07-01 11:35:00+05:30,0.1011,0.0707,1,1.0,0.0524,25.0,4.4545,0,0.5117,,0,0,0,1,0,1,2024-07-01 11:35:00+05:30,2024-07-01 11:40:00+05:30,2024-07-01 12:15:00+05:30,254.95,253.6375,257.31249999999994,-1.3125,L
S784,ONGC,2024-07-01 12:40:00+05:30,-0.1691,-0.1228,0,,3.9713,14.29,-0.8255,0,1.1175,1.0,3,1,1,0,3,4,2024-07-01 12:55:00+05:30,2024-07-01 13:00:00+05:30,2024-07-01 13:45:00+05:30,254.25,253.3482142857143,255.87321428571428,-0.9018,L
S785,ONGC,2024-07-01 13:15:00+05:30,-0.0896,-0.1142,0,,0.6741,0.0,-0.4231,0,0.4648,0.0,3,0,1,0,3,4,2024-07-01 13:30:00+05:30,2024-07-01 13:35:00+05:30,2024-07-01 15:00:00+05:30,253.75,252.78571428571428,255.48571428571427,-0.2,EOD-
S786,ONGC,2024-07-01 13:40:00+05:30,-0.0966,-0.135,0,,0.5845,0.0,-0.3023,0,0.7325,0.0,2,0,1,0,2,3,2024-07-01 13:50:00+05:30,2024-07-01 13:55:00+05:30,2024-07-01 15:00:00+05:30,253.75,252.83035714285717,255.40535714285716,-0.2,EOD-
S787,ONGC,2024-07-01 14:00:00+05:30,-0.0069,-0.0769,0,,0.1838,40.0,0.5385,0,0.8536,,0,0,0,1,0,1,2024-07-01 14:00:00+05:30,2024-07-01 14:05:00+05:30,2024-07-01 15:00:00+05:30,253.65,252.76607142857145,255.24107142857144,-0.1,EOD-
S788,ONGC,2024-07-02 10:20:00+05:30,0.4798,0.5657,13,9.0,0.0,87.5,,1,0.3663,,0,1,0,1,0,1,2024-07-02 10:20:00+05:30,2024-07-02 10:25:00+05:30,2024-07-02 12:35:00+05:30,257.5,253.66071428571428,264.4107142857143,-3.8393,L
S789,ONGC,2024-07-02 13:05:00+05:30,-0.2894,-0.2634,0,,2.4194,71.43,-0.9438,0,1.3136,1.0,3,0,0,0,3,4,2024-07-02 13:20:00+05:30,2024-07-02 13:25:00+05:30,2024-07-02 15:00:00+05:30,254.85,253.01071428571427,258.1607142857143,0.85,EOD+
S790,ONGC,2024-07-02 13:30:00+05:30,-0.1562,-0.2681,0,,0.3803,7.69,-0.292,0,0.5242,0.0,1,1,1,0,1,2,2024-07-02 13:35:00+05:30,2024-07-02 13:40:00+05:30,2024-07-02 15:00:00+05:30,254.85,252.99285714285716,258.1928571428571,0.85,EOD+
S791,ONGC,2024-07-03 09:15:00+05:30,,,0,,0.5774,26.56,0.7877,0,1.9474,,0,0,0,1,0,1,2024-07-03 09:15:00+05:30,2024-07-03 09:20:00+05:30,2024-07-03 15:00:00+05:30,256.05,254.1125,259.5375,-0.95,EOD-
S792,ONGC,2024-07-03 09:25:00+05:30,,,0,,0.1787,18.18,1.623,0,0.8021,,0,0,0,1,0,1,2024-07-03 09:25:00+05:30,2024-07-03 09:30:00+05:30,2024-07-03 15:00:00+05:30,256.25,254.11607142857144,260.0910714285714,-1.15,EOD-
S793,ONGC,2024-07-03 09:35:00+05:30,,,1,1.0,0.049,43.75,4.5556,0,0.7283,,0,1,0,1,0,1,2024-07-03 09:35:00+05:30,2024-07-03 09:40:00+05:30,2024-07-03 15:00:00+05:30,256.55,254.2553571428572,260.68035714285713,-1.45,EOD-
S794,ONGC,2024-07-03 09:55:00+05:30,0.0527,0.1211,3,3.0,0.4965,92.31,-0.8907,0,0.2874,0.0,1,0,0,0,1,2,2024-07-03 10:00:00+05:30,2024-07-03 10:05:00+05:30,2024-07-03 15:00:00+05:30,256.0,253.69642857142856,260.14642857142854,-0.9,EOD-
S795,ONGC,2024-07-03 10:10:00+05:30,-0.0254,0.0527,0,,0.3215,14.29,-0.2523,0,0.4507,1.0,1,0,1,0,1,2,2024-07-03 10:15:00+05:30,2024-07-03 10:20:00+05:30,2024-07-03 15:00:00+05:30,256.3,254.21964285714287,260.0446428571429,-1.2,EOD-
S796,ONGC,2024-07-03 11:10:00+05:30,0.0663,0.1043,10,10.0,0.5458,80.0,-0.542,0,0.5978,0.0,1,0,0,0,1,2,2024-07-03 11:15:00+05:30,2024-07-03 11:20:00+05:30,2024-07-03 14:25:00+05:30,256.6,255.1,259.30000000000007,-1.5,L
S797,ONGC,2024-07-03 11:25:00+05:30,0.0205,0.0663,0,,0.725,0.0,-0.5402,0,0.9386,0.0,1,0,0,0,1,2,2024-07-03 11:30:00+05:30,2024-07-03 11:35:00+05:30,2024-07-03 14:20:00+05:30,256.9,255.39999999999995,259.6,-1.5,L
S798,ONGC,2024-07-03 11:45:00+05:30,0.0448,0.0234,0,,1.2629,0.0,-0.6124,0,1.2553,1.0,3,0,0,0,3,4,2024-07-03 12:00:00+05:30,2024-07-03 12:05:00+05:30,2024-07-03 14:15:00+05:30,256.85,255.5732142857143,259.14821428571435,-1.2768,L
S799,ONGC,2024-07-03 12:10:00+05:30,-0.0039,0.0312,0,,0.07,20.0,4.7143,0,0.7348,,0,0,1,1,0,1,2024-07-03 12:10:00+05:30,2024-07-03 12:15:00+05:30,2024-07-03 14:15:00+05:30,256.8,255.55,259.05,-1.25,L
S800,ONGC,2024-07-03 12:40:00+05:30,-0.0195,0.0039,4,4.0,0.35,25.0,-0.2453,0,1.0874,0.0,1,0,0,0,1,2,2024-07-03 12:45:00+05:30,2024-07-03 12:50:00+05:30,2024-07-03 14:15:00+05:30,256.8,255.85357142857143,258.50357142857143,-0.9464,L
S801,ONGC,2024-07-03 13:05:00+05:30,0.0331,-0.0078,3,3.0,0.4786,85.71,-0.7015,0,0.5903,0.0,2,0,1,0,2,3,2024-07-03 13:15:00+05:30,2024-07-03 13:20:00+05:30,2024-07-03 14:15:00+05:30,256.85,255.97500000000005,258.42499999999995,-0.875,L
S802,ONGC,2024-07-03 13:25:00+05:30,0.0302,0.0292,1,1.0,0.275,83.33,-0.3939,0,1.1069,1.0,2,0,1,0,2,3,2024-07-03 13:35:00+05:30,2024-07-03 13:40:00+05:30,2024-07-03 14:00:00+05:30,256.95,256.2,258.29999999999995,-0.75,L
S803,ONGC,2024-07-04 09:55:00+05:30,0.0957,0.0762,8,8.0,0.6961,28.57,0.1173,0,1.1258,,0,0,0,1,0,1,2024-07-04 09:55:00+05:30,2024-07-04 10:00:00+05:30,2024-07-04 10:30:00+05:30,256.05,254.4428571428572,258.9428571428571,-1.6071,L
S804,ONGC,2024-07-04 11:00:00+05:30,-0.1105,-0.0762,0,,1.5167,16.67,-0.7721,0,0.5517,1.0,3,0,0,0,3,4,2024-07-04 11:15:00+05:30,2024-07-04 11:20:00+05:30,2024-07-04 15:00:00+05:30,255.55,254.10357142857143,258.1535714285714,0.2,EOD+
S805,ONGC,2024-07-04 13:10:00+05:30,0.0986,0.1376,21,4.0,0.5582,85.71,-1.0,0,3.9026,1.0,1,0,0,0,1,2,2024-07-04 13:15:00+05:30,2024-07-04 13:20:00+05:30,2024-07-04 14:50:00+05:30,256.8,256.0946428571429,258.06964285714287,-0.7054,L
S806,ONGC,2024-07-04 14:15:00+05:30,0.0759,0.1052,11,7.0,0.358,8.33,1.6866,0,1.0036,,0,0,1,1,0,1,2024-07-04 14:15:00+05:30,2024-07-04 14:20:00+05:30,2024-07-04 14:50:00+05:30,257.05,255.88035714285715,259.1553571428572,-1.1696,L
S807,ONGC,2024-07-04 14:25:00+05:30,0.0594,0.0788,0,,0.0282,25.0,7.0,0,0.3085,,0,0,1,1,0,1,2024-07-04 14:25:00+05:30,2024-07-04 14:30:00+05:30,2024-07-04 14:50:00+05:30,257.0,255.8928571428571,258.9928571428572,-1.1071,L
S808,ONGC,2024-07-05 13:40:00+05:30,0.0645,0.1842,0,,1.4565,84.62,-0.9403,0,2.0997,1.0,3,0,0,0,3,4,2024-07-05 13:55:00+05:30,2024-07-05 14:00:00+05:30,2024-07-05 15:00:00+05:30,267.55,266.1125,270.13750000000005,0.15,EOD+
S809,ONGC,2024-07-05 14:20:00+05:30,-0.0065,-0.0524,4,4.0,0.2426,64.29,-1.0,0,0.8869,1.0,2,0,0,0,2,3,2024-07-05 14:30:00+05:30,2024-07-05 14:35:00+05:30,2024-07-05 15:00:00+05:30,267.35,265.77857142857147,270.17857142857144,0.35,EOD+
S810,ONGC,2024-07-08 09:45:00+05:30,0.2464,,6,6.0,0.3986,26.92,0.9289,0,0.7604,,0,0,0,1,0,1,2024-07-08 09:45:00+05:30,2024-07-08 09:50:00+05:30,2024-07-08 11:50:00+05:30,269.3,266.2107142857143,274.8607142857143,5.5607,W
S811,ONGC,2024-07-08 10:40:00+05:30,0.0557,0.0789,0,,1.3058,50.0,-0.8441,0,0.5409,1.0,3,0,1,0,3,4,2024-07-08 10:55:00+05:30,2024-07-08 11:00:00+05:30,2024-07-08 11:35:00+05:30,269.45,266.9946428571429,273.8696428571428,4.4196,W
S812,ONGC,2024-07-08 11:10:00+05:30,-0.1292,-0.0316,2,1.0,0.0863,65.0,1.963,0,0.8288,,0,1,1,1,0,1,2024-07-08 11:10:00+05:30,2024-07-08 11:15:00+05:30,2024-07-08 11:35:00+05:30,269.1,267.1446428571429,272.6196428571429,3.5196,W
S813,ONGC,2024-07-08 12:35:00+05:30,0.5113,0.5494,16,3.0,0.3581,40.74,0.3,0,0.7882,,0,1,0,1,0,1,2024-07-08 12:35:00+05:30,2024-07-08 12:40:00+05:30,2024-07-08 14:15:00+05:30,273.1,269.6089285714286,279.38392857142856,6.2839,W
S814,ONGC,2024-07-08 12:50:00+05:30,0.3749,0.5113,1,1.0,0.3213,53.33,-0.1083,0,0.2417,0.0,1,0,0,0,1,2,2024-07-08 12:55:00+05:30,2024-07-08 13:00:00+05:30,2024-07-08 14:15:00+05:30,273.95,270.89642857142854,279.44642857142856,5.4964,W
S815,ONGC,2024-07-08 13:05:00+05:30,0.3422,0.3749,0,,0.2809,58.82,-0.1935,0,0.3086,,0,0,1,1,0,1,2024-07-08 13:05:00+05:30,2024-07-08 13:10:00+05:30,2024-07-08 14:15:00+05:30,274.4,271.6410714285714,279.36607142857144,4.9661,W
S816,ONGC,2024-07-08 13:35:00+05:30,-0.0265,0.1797,0,,0.9029,18.18,-0.7753,0,0.8025,1.0,3,0,0,0,3,4,2024-07-08 13:50:00+05:30,2024-07-08 13:55:00+05:30,2024-07-08 14:15:00+05:30,274.5,272.6517857142857,277.82678571428573,3.3268,W
S817,ONGC,2024-07-09 09:15:00+05:30,,,0,,0.5299,17.74,0.9753,0,1.4835,,0,0,0,1,0,1,2024-07-09 09:15:00+05:30,2024-07-09 09:20:00+05:30,2024-07-09 09:50:00+05:30,279.45,275.62857142857143,286.3285714285714,-3.8214,L
S818,ONGC,2024-07-09 10:50:00+05:30,-0.2867,-0.3874,0,,0.6698,25.0,-0.3239,0,0.4453,1.0,3,0,0,0,3,4,2024-07-09 11:05:00+05:30,2024-07-09 11:10:00+05:30,2024-07-09 15:00:00+05:30,276.0,272.6875,281.96250000000003,0.15,EOD+
S819,ONGC,2024-07-09 11:15:00+05:30,-0.2566,-0.2707,0,,0.4294,72.73,-0.8958,0,0.3906,1.0,1,1,0,0,1,2,2024-07-09 11:20:00+05:30,2024-07-09 11:25:00+05:30,2024-07-09 15:00:00+05:30,275.9,273.1053571428571,280.93035714285713,0.25,EOD+
S820,ONGC,2024-07-09 11:30:00+05:30,-0.1633,-0.2566,1,1.0,0.2574,64.29,-0.6,0,0.5043,1.0,3,0,1,0,3,4,2024-07-09 11:45:00+05:30,2024-07-09 11:50:00+05:30,2024-07-09 15:00:00+05:30,275.55,273.12142857142857,279.92142857142863,0.6,EOD+
S821,ONGC,2024-07-09 12:05:00+05:30,0.0807,-0.0881,0,,0.5753,14.29,-0.6667,0,0.8844,1.0,3,0,1,0,3,4,2024-07-09 12:20:00+05:30,2024-07-09 12:25:00+05:30,2024-07-09 15:00:00+05:30,275.8,274.49642857142857,278.1464285714286,0.35,EOD+
S822,ONGC,2024-07-10 09:45:00+05:30,0.1527,,6,6.0,0.5997,55.56,0.2749,0,1.2362,,0,0,0,1,0,1,2024-07-10 09:45:00+05:30,2024-07-10 09:50:00+05:30,2024-07-10 10:00:00+05:30,276.9,274.2839285714286,281.6089285714285,-2.6161,L
S823,ONGC,2024-07-10 11:10:00+05:30,-0.3844,-0.4573,0,,0.6178,16.67,-0.8165,0,0.2383,0.0,3,0,0,0,3,4,2024-07-10 11:25:00+05:30,2024-07-10 11:30:00+05:30,2024-07-10 15:00:00+05:30,273.15,268.7392857142857,281.0892857142857,3.15,EOD+
S824,ONGC,2024-07-10 12:15:00+05:30,0.2285,0.0687,9,3.0,0.0589,70.83,3.4444,0,0.5834,,0,0,1,1,0,1,2024-07-10 12:15:00+05:30,2024-07-10 12:20:00+05:30,2024-07-10 15:00:00+05:30,273.65,271.7392857142857,277.08928571428567,2.65,EOD+
S825,ONGC,2024-07-10 12:25:00+05:30,0.221,0.171,0,,1.0259,82.14,-0.7647,0,0.5775,0.0,1,1,1,0,1,2,2024-07-10 12:30:00+05:30,2024-07-10 12:35:00+05:30,2024-07-10 15:00:00+05:30,273.95,271.87857142857143,277.6785714285714,2.35,EOD+
S826,ONGC,2024-07-10 12:40:00+05:30,0.0721,0.221,0,,0.3427,10.0,-0.4872,0,0.561,0.0,1,0,1,0,1,2,2024-07-10 12:45:00+05:30,2024-07-10 12:50:00+05:30,2024-07-10 15:00:00+05:30,273.8,271.66607142857146,277.6410714285715,2.5,EOD+
S827,ONGC,2024-07-10 12:55:00+05:30,0.0475,0.0721,0,,0.2959,44.44,0.0753,0,0.7954,,0,1,0,1,0,1,2024-07-10 12:55:00+05:30,2024-07-10 13:00:00+05:30,2024-07-10 15:00:00+05:30,273.95,271.98571428571427,277.4857142857143,2.35,EOD+
S828,ONGC,2024-07-10 13:05:00+05:30,0.0867,0.0502,0,,0.3824,0.0,0.4286,0,0.6963,,0,0,1,1,0,1,2024-07-10 13:05:00+05:30,2024-07-10 13:10:00+05:30,2024-07-10 15:00:00+05:30,274.1,272.26964285714286,277.3946428571429,2.2,EOD+
S829,ONGC,2024-07-10 13:15:00+05:30,0.0666,0.0639,0,,0.7673,61.54,-0.8246,0,1.1425,1.0,3,1,0,0,3,4,2024-07-10 13:30:00+05:30,2024-07-10 13:35:00+05:30,2024-07-10 15:00:00+05:30,274.55,272.6928571428571,277.8928571428572,1.75,EOD+
S830,ONGC,2024-07-10 14:00:00+05:30,0.0274,-0.0018,4,1.0,0.4314,76.19,-0.1228,0,0.8797,1.0,3,0,0,0,3,4,2024-07-10 14:15:00+05:30,2024-07-10 14:20:00+05:30,2024-07-10 15:00:00+05:30,274.35,272.6982142857143,277.3232142857144,1.95,EOD+
S831,ONGC,2024-07-10 14:25:00+05:30,0.0073,0.0155,0,,0.6638,0.0,-0.505,0,1.0359,1.0,1,0,1,0,1,2,2024-07-10 14:30:00+05:30,2024-07-10 14:35:00+05:30,2024-07-10 15:00:00+05:30,274.1,272.19821428571424,277.5232142857144,2.2,EOD+
S832,ONGC,2024-07-11 09:35:00+05:30,,,4,4.0,0.7023,41.18,-0.359,0,0.5273,0.0,1,0,1,0,1,2,2024-07-11 09:40:00+05:30,2024-07-11 09:45:00+05:30,2024-07-11 11:00:00+05:30,276.55,273.7732142857143,281.5482142857143,4.9982,W
S833,ONGC,2024-07-11 09:50:00+05:30,0.2306,,0,,0.5045,23.08,-0.1892,0,0.3383,1.0,1,1,0,0,1,2,2024-07-11 09:55:00+05:30,2024-07-11 10:00:00+05:30,2024-07-11 11:10:00+05:30,276.8,274.05,281.75,4.95,W
S834,ONGC,2024-07-11 10:30:00+05:30,-0.1022,0.0786,0,,1.6286,33.33,-0.8614,0,2.9958,1.0,3,0,1,0,3,4,2024-07-11 10:45:00+05:30,2024-07-11 10:50:00+05:30,2024-07-11 11:10:00+05:30,278.3,276.0857142857143,282.28571428571433,3.9857,W
S835,ONGC,2024-07-11 12:20:00+05:30,0.6272,0.6544,18,12.0,0.0267,8.33,15.0,0,0.275,,0,0,0,1,0,1,2024-07-11 12:20:00+05:30,2024-07-11 12:25:00+05:30,2024-07-11 15:00:00+05:30,282.6,280.2607142857143,286.8107142857143,0.8,EOD+
S836,ONGC,2024-07-11 12:30:00+05:30,0.5087,0.6456,1,1.0,0.2472,73.33,-0.2208,0,0.551,,0,0,0,1,0,1,2024-07-11 12:30:00+05:30,2024-07-11 12:35:00+05:30,2024-07-11 15:00:00+05:30,283.05,281.10357142857146,286.55357142857144,0.35,EOD+
S837,ONGC,2024-07-11 12:50:00+05:30,0.1988,0.4473,3,2.0,0.1933,55.56,0.3793,0,0.852,,0,0,0,1,0,1,2024-07-11 12:50:00+05:30,2024-07-11 12:55:00+05:30,2024-07-11 15:00:00+05:30,283.05,281.175,286.425,0.35,EOD+
S838,ONGC,2024-07-11 13:00:00+05:30,0.0601,0.2791,0,,0.2239,62.5,-0.6825,0,0.5704,1.0,1,1,0,0,1,2,2024-07-11 13:05:00+05:30,2024-07-11 13:10:00+05:30,2024-07-11 15:00:00+05:30,283.25,281.49107142857144,286.4160714285714,0.15,EOD+
S839,ONGC,2024-07-11 13:40:00+05:30,0.1314,0.0689,6,4.0,0.3594,26.32,0.7391,0,1.662,,0,0,0,1,0,1,2024-07-11 13:40:00+05:30,2024-07-11 13:45:00+05:30,2024-07-11 15:00:00+05:30,283.6,281.6,287.20000000000005,-0.2,EOD-
S840,ONGC,2024-07-11 13:50:00+05:30,0.1349,0.1094,0,,0.2089,93.94,-0.4595,0,1.4707,,0,0,1,1,0,1,2024-07-11 13:50:00+05:30,2024-07-11 13:55:00+05:30,2024-07-11 14:55:00+05:30,284.85,282.6357142857143,288.8357142857143,-2.2143,L
S841,ONGC,2024-07-11 14:30:00+05:30,0.1398,0.1699,7,2.0,0.1104,62.5,1.2857,0,0.9289,,0,0,0,1,0,1,2024-07-11 14:30:00+05:30,2024-07-11 14:35:00+05:30,2024-07-11 15:00:00+05:30,284.3,282.3178571428572,287.86785714285713,-0.9,EOD-
S842,ONGC,2024-07-12 09:15:00+05:30,,,0,,0.5586,3.85,2.2618,0,1.8906,,0,1,0,1,0,1,2024-07-12 09:15:00+05:30,2024-07-12 09:20:00+05:30,2024-07-12 15:00:00+05:30,285.75,283.1428571428571,290.4428571428572,-0.05,EOD-
S843,ONGC,2024-07-12 09:40:00+05:30,0.0975,,4,3.0,0.1173,64.52,2.4375,0,0.8247,,0,0,0,1,0,1,2024-07-12 09:40:00+05:30,2024-07-12 09:45:00+05:30,2024-07-12 15:00:00+05:30,285.95,282.5392857142857,292.0892857142857,-0.25,EOD-
S844,ONGC,2024-07-12 11:15:00+05:30,0.2137,0.3585,18,7.0,0.0698,44.44,4.5172,0,0.4346,,0,0,1,1,0,1,2024-07-12 11:15:00+05:30,2024-07-12 11:20:00+05:30,2024-07-12 12:20:00+05:30,287.95,285.3517857142857,292.6267857142857,-2.5982,L
S845,ONGC,2024-07-12 12:35:00+05:30,-0.3438,-0.2342,0,,3.3711,87.88,-0.94,0,0.7637,0.0,3,1,0,0,3,4,2024-07-12 12:50:00+05:30,2024-07-12 12:55:00+05:30,2024-07-12 15:00:00+05:30,286.2,283.7267857142857,290.6517857142857,-0.5,EOD-
S846,ONGC,2024-07-12 13:00:00+05:30,-0.2178,-0.3416,0,,0.1637,50.0,1.1538,0,0.6699,,0,1,1,1,0,1,2024-07-12 13:00:00+05:30,2024-07-12 13:05:00+05:30,2024-07-12 15:00:00+05:30,286.1,283.6178571428572,290.5678571428572,-0.4,EOD-
S847,ONGC,2024-07-12 13:10:00+05:30,-0.1444,-0.2466,0,,0.5639,43.75,-0.4828,0,0.8202,0.0,1,0,0,0,1,2,2024-07-12 13:15:00+05:30,2024-07-12 13:20:00+05:30,2024-07-12 15:00:00+05:30,286.3,283.72857142857146,290.92857142857144,-0.6,EOD-
S848,ONGC,2024-07-12 13:50:00+05:30,0.0061,0.0227,6,5.0,0.2833,33.33,0.8391,0,0.6358,,0,0,0,1,0,1,2024-07-12 13:50:00+05:30,2024-07-12 13:55:00+05:30,2024-07-12 15:00:00+05:30,285.95,284.0303571428571,289.4053571428572,-0.25,EOD-
S849,ONGC,2024-07-12 14:00:00+05:30,-0.0026,0.0254,0,,0.4797,64.71,-0.5556,0,0.4959,,0,0,1,1,0,1,2024-07-12 14:00:00+05:30,2024-07-12 14:05:00+05:30,2024-07-12 15:00:00+05:30,286.15,284.39107142857137,289.31607142857143,-0.45,EOD-
S850,ONGC,2024-07-12 14:15:00+05:30,0.1049,-0.0026,1,1.0,0.1687,40.0,1.9787,0,0.9842,,0,0,0,1,0,1,2024-07-12 14:15:00+05:30,2024-07-12 14:20:00+05:30,2024-07-12 15:00:00+05:30,286.3,284.55892857142857,289.4339285714286,-0.6,EOD-
S851,ONGC,2024-07-12 14:25:00+05:30,0.1345,0.0734,0,,0.2713,27.27,-0.7101,0,0.8398,,0,0,1,1,0,1,2024-07-12 14:25:00+05:30,2024-07-12 14:30:00+05:30,2024-07-12 15:00:00+05:30,286.2,284.61071428571427,289.0607142857143,-0.5,EOD-
S852,ONGC,2024-07-15 10:45:00+05:30,0.4767,0.5013,18,5.0,0.1422,0.0,2.9394,0,0.3768,,0,0,0,1,0,1,2024-07-15 10:45:00+05:30,2024-07-15 10:50:00+05:30,2024-07-15 13:30:00+05:30,291.05,288.1482142857143,296.2732142857143,5.2232,W
S853,ONGC,2024-07-15 10:55:00+05:30,0.4236,0.4943,0,,0.1653,71.43,0.7647,0,0.5609,,0,0,0,1,0,1,2024-07-15 10:55:00+05:30,2024-07-15 11:00:00+05:30,2024-07-15 13:30:00+05:30,291.85,289.27857142857147,296.4785714285714,4.6286,W
S854,ONGC,2024-07-15 11:20:00+05:30,0.1938,0.2834,4,2.0,0.2323,56.25,0.8919,0,0.3035,,0,0,1,1,0,1,2024-07-15 11:20:00+05:30,2024-07-15 11:25:00+05:30,2024-07-15 13:25:00+05:30,292.15,290.1589285714286,295.7339285714285,3.5839,W
S855,ONGC,2024-07-16 10:25:00+05:30,0.1565,0.3984,0,,2.4128,91.3,-0.958,0,0.5957,0.0,3,0,0,0,3,4,2024-07-16 10:40:00+05:30,2024-07-16 10:45:00+05:30,2024-07-16 15:00:00+05:30,302.45,298.75357142857143,309.1035714285714,-1.8,EOD-
S856,ONGC,2024-07-16 10:50:00+05:30,0.0985,0.0621,0,,1.0246,88.89,-0.901,0,0.6006,1.0,3,0,1,0,3,4,2024-07-16 11:05:00+05:30,2024-07-16 11:10:00+05:30,2024-07-16 15:00:00+05:30,302.8,299.10357142857146,309.4535714285714,-2.15,EOD-
S857,ONGC,2024-07-16 13:10:00+05:30,-0.125,-0.0827,0,,1.0327,14.29,-0.749,0,0.665,1.0,3,0,1,0,3,4,2024-07-16 13:25:00+05:30,2024-07-16 13:30:00+05:30,2024-07-16 14:05:00+05:30,302.15,300.70357142857137,304.75357142857143,-1.4464,L
S858,ONGC,2024-07-16 13:35:00+05:30,-0.0804,-0.13,0,,0.1132,50.0,0.8182,0,0.3603,,0,0,1,1,0,1,2024-07-16 13:35:00+05:30,2024-07-16 13:40:00+05:30,2024-07-16 14:05:00+05:30,301.8,300.5857142857143,303.9857142857143,-1.2143,L
S859,ONGC,2024-07-16 13:45:00+05:30,-0.0638,-0.0994,0,,1.7023,80.0,-1.0,0,2.1072,1.0,1,0,0,0,1,2,2024-07-16 13:50:00+05:30,2024-07-16 13:55:00+05:30,2024-07-16 14:05:00+05:30,301.6,300.4214285714286,303.72142857142865,-1.1786,L
S860,ONGC,2024-07-16 14:00:00+05:30,-0.0514,-0.0638,0,,0.5753,25.0,-0.1667,0,1.4703,,0,0,1,1,0,1,2024-07-16 14:00:00+05:30,2024-07-16 14:05:00+05:30,2024-07-16 14:05:00+05:30,301.6,300.2964285714286,303.9464285714286,-1.3036,L
S861,ONGC,2024-07-18 09:15:00+05:30,,,0,,0.3316,88.0,-1.0,0,2.9864,1.0,1,0,1,0,1,2,2024-07-18 09:20:00+05:30,2024-07-18 09:25:00+05:30,2024-07-18 09:45:00+05:30,304.9,303.2035714285714,307.95357142857137,3.0536,W
S862,ONGC,2024-07-18 11:55:00+05:30,-0.2091,-0.226,0,,1.3238,33.33,-0.7122,0,1.0168,1.0,3,0,0,0,3,4,2024-07-18 12:10:00+05:30,2024-07-18 12:15:00+05:30,2024-07-18 15:00:00+05:30,305.1,302.475,309.825,1.9,EOD+
S863,ONGC,2024-07-18 12:20:00+05:30,-0.1585,-0.201,1,1.0,0.4422,43.48,0.5951,0,0.7775,,0,0,0,1,0,1,2024-07-18 12:20:00+05:30,2024-07-18 12:25:00+05:30,2024-07-18 15:00:00+05:30,304.7,302.3964285714286,308.84642857142853,2.3,EOD+
S864,ONGC,2024-07-18 12:30:00+05:30,-0.1372,-0.1699,1,1.0,0.4364,84.21,-0.5833,0,0.5872,0.0,1,0,0,0,1,2,2024-07-18 12:35:00+05:30,2024-07-18 12:40:00+05:30,2024-07-18 15:00:00+05:30,304.5,302.4375,308.2125,2.5,EOD+
S865,ONGC,2024-07-18 12:50:00+05:30,-0.0477,-0.1158,2,1.0,0.8394,18.75,-0.0189,0,0.3956,0.0,3,0,1,0,3,4,2024-07-18 13:05:00+05:30,2024-07-18 13:10:00+05:30,2024-07-18 15:00:00+05:30,304.5,302.5267857142857,308.05178571428564,2.5,EOD+
S866,ONGC,2024-07-19 11:15:00+05:30,-0.4774,-0.5685,0,,1.1481,21.43,-0.7778,0,0.9168,1.0,3,0,0,0,3,4,2024-07-19 11:30:00+05:30,2024-07-19 11:35:00+05:30,2024-07-19 14:30:00+05:30,301.15,297.2303571428571,308.2053571428571,-3.9196,L
S867,ONGC,2024-07-19 11:45:00+05:30,-0.192,-0.3453,0,,1.0006,50.0,-0.7942,0,0.4721,0.0,3,1,1,0,3,4,2024-07-19 12:00:00+05:30,2024-07-19 12:05:00+05:30,2024-07-19 14:25:00+05:30,301.6,298.56428571428575,307.06428571428575,-3.0357,L
S868,ONGC,2024-07-19 12:20:00+05:30,-0.0125,-0.0391,3,1.0,0.3282,97.37,-1.0,0,0.6053,0.0,1,0,1,0,1,2,2024-07-19 12:25:00+05:30,2024-07-19 12:30:00+05:30,2024-07-19 14:25:00+05:30,300.95,298.5125,305.33750000000003,-2.4375,L
S869,ONGC,2024-07-19 12:35:00+05:30,-0.0657,-0.0125,0,,0.8133,11.76,-0.8762,0,1.1439,1.0,2,0,0,0,2,3,2024-07-19 12:45:00+05:30,2024-07-19 12:50:00+05:30,2024-07-19 14:25:00+05:30,300.95,298.4678571428571,305.41785714285714,-2.4821,L
S870,ONGC,2024-07-19 12:55:00+05:30,0.0565,-0.0432,0,,0.5341,84.0,-0.8174,0,0.8051,1.0,1,0,0,0,1,2,2024-07-19 13:00:00+05:30,2024-07-19 13:05:00+05:30,2024-07-19 14:25:00+05:30,301.05,298.48749999999995,305.6625000000001,-2.5625,L
S871,ONGC,2024-07-19 13:10:00+05:30,0.0274,0.0565,0,,0.6404,5.88,0.0526,0,0.6744,,0,0,1,1,0,1,2024-07-19 13:10:00+05:30,2024-07-19 13:15:00+05:30,2024-07-19 14:25:00+05:30,300.95,298.53928571428565,305.28928571428577,-2.4107,L
S872,ONGC,2024-07-19 13:20:00+05:30,0.0241,0.0449,0,,0.5295,57.14,-0.7115,0,0.7822,,0,1,1,1,0,1,2024-07-19 13:20:00+05:30,2024-07-19 13:25:00+05:30,2024-07-19 14:25:00+05:30,301.0,298.54464285714283,305.41964285714295,-2.4554,L
S873,ONGC,2024-07-19 13:30:00+05:30,0.0507,0.0116,0,,0.3691,44.44,0.4815,0,0.7355,,0,0,1,1,0,1,2024-07-19 13:30:00+05:30,2024-07-19 13:35:00+05:30,2024-07-19 14:20:00+05:30,301.55,299.2642857142857,305.6642857142858,-2.2857,L
S874,ONGC,2024-07-19 13:40:00+05:30,0.0764,0.0332,1,1.0,0.1757,19.05,1.9032,0,0.7966,,0,0,0,1,0,1,2024-07-19 13:40:00+05:30,2024-07-19 13:45:00+05:30,2024-07-19 14:20:00+05:30,301.4,299.1946428571428,305.3696428571429,-2.2054,L
S875,ONGC,2024-07-19 13:50:00+05:30,0.0208,0.078,1,1.0,0.1181,22.22,5.3415,0,0.7508,,0,0,1,1,0,1,2024-07-19 13:50:00+05:30,2024-07-19 13:55:00+05:30,2024-07-19 14:10:00+05:30,301.8,299.6303571428571,305.7053571428572,-2.1696,L
S876,ONGC,2024-07-22 09:15:00+05:30,,,0,,3.422,86.21,-0.8888,0,1.616,0.0,2,1,0,0,2,3,2024-07-22 09:25:00+05:30,2024-07-22 09:30:00+05:30,2024-07-22 15:00:00+05:30,298.45,295.1642857142857,304.3642857142857,-0.4,EOD-
S877,ONGC,2024-07-22 09:50:00+05:30,-0.0563,,4,4.0,0.5955,69.39,-0.4667,0,0.5206,0.0,1,1,0,0,1,2,2024-07-22 09:55:00+05:30,2024-07-22 10:00:00+05:30,2024-07-22 15:00:00+05:30,298.35,293.62678571428575,306.8517857142857,-0.3,EOD-
S878,ONGC,2024-07-22 11:05:00+05:30,0.2613,0.2057,12,2.0,0.5039,22.58,0.9459,0,0.686,,0,0,0,1,0,1,2024-07-22 11:05:00+05:30,2024-07-22 11:10:00+05:30,2024-07-22 12:35:00+05:30,300.3,298.0053571428572,304.43035714285713,-2.2946,L
S879,ONGC,2024-07-22 11:15:00+05:30,0.1803,0.273,1,1.0,0.3208,25.0,-0.0909,0,0.6318,0.0,1,0,1,0,1,2,2024-07-22 11:20:00+05:30,2024-07-22 11:25:00+05:30,2024-07-22 14:05:00+05:30,299.65,297.5071428571428,303.5071428571428,-2.1429,L
S880,ONGC,2024-07-22 12:05:00+05:30,-0.0217,0.0759,0,,1.354,61.54,-0.9029,0,3.5774,1.0,3,0,0,0,3,4,2024-07-22 12:20:00+05:30,2024-07-22 12:25:00+05:30,2024-07-22 12:35:00+05:30,300.15,298.24821428571425,303.57321428571424,-1.9018,L
S881,ONGC,2024-07-22 13:05:00+05:30,-0.1497,-0.1764,0,,1.4435,80.0,-1.0,0,0.8891,1.0,3,0,1,0,3,4,2024-07-22 13:20:00+05:30,2024-07-22 13:25:00+05:30,2024-07-22 15:00:00+05:30,298.85,297.12678571428575,301.9517857142858,-0.8,EOD-
S882,ONGC,2024-07-22 13:30:00+05:30,-0.1047,-0.128,0,,0.8816,50.0,-0.8283,0,1.0654,1.0,3,0,1,0,3,4,2024-07-22 13:45:00+05:30,2024-07-22 13:50:00+05:30,2024-07-22 15:00:00+05:30,298.55,296.8982142857143,301.5232142857143,-0.5,EOD-
S883,ONGC,2024-07-22 14:10:00+05:30,-0.0931,-0.0704,0,,0.5816,40.0,-0.823,0,1.7067,1.0,3,0,0,0,3,4,2024-07-22 14:25:00+05:30,2024-07-22 14:30:00+05:30,2024-07-22 15:00:00+05:30,298.25,297.0357142857143,300.4357142857143,-0.2,EOD-
S884,ONGC,2024-07-23 11:30:00+05:30,-0.5191,-0.4689,0,,2.1232,46.15,-0.8472,0,0.8968,1.0,3,0,0,0,3,4,2024-07-23 11:45:00+05:30,2024-07-23 11:50:00+05:30,2024-07-23 12:15:00+05:30,292.5,289.80357142857144,297.3535714285714,-2.6964,L
S885,ONGC,2024-07-23 11:55:00+05:30,-0.2224,-0.4143,0,,0.0804,23.08,1.1622,0,0.3875,,0,0,1,1,0,1,2024-07-23 11:55:00+05:30,2024-07-23 12:00:00+05:30,2024-07-23 12:15:00+05:30,291.3,288.425,296.475,-2.875,L
S886,ONGC,2024-07-23 12:05:00+05:30,-0.1159,-0.2763,0,,0.6458,52.17,-0.7315,0,0.5115,,0,0,0,1,0,1,2024-07-23 12:05:00+05:30,2024-07-23 12:10:00+05:30,2024-07-23 12:15:00+05:30,291.15,288.2660714285714,296.3410714285714,-2.8839,L
S887,ONGC,2024-07-23 12:35:00+05:30,-0.5614,-0.2548,0,,2.1406,69.39,-1.0,0,0.7602,0.0,3,0,0,0,3,4,2024-07-23 12:50:00+05:30,2024-07-23 12:55:00+05:30,2024-07-23 15:00:00+05:30,291.55,285.38928571428573,302.63928571428573,-0.65,EOD-
S888,ONGC,2024-07-23 13:10:00+05:30,-0.0779,-0.1833,3,3.0,0.9969,90.24,-0.8698,0,0.3446,0.0,3,1,0,0,3,4,2024-07-23 13:25:00+05:30,2024-07-23 13:30:00+05:30,2024-07-23 15:00:00+05:30,289.1,281.39464285714286,302.9696428571429,1.8,EOD+
S889,ONGC,2024-07-23 13:40:00+05:30,-0.2996,-0.2349,0,,0.6154,68.0,-0.7363,0,0.4561,1.0,3,0,0,0,3,4,2024-07-23 13:55:00+05:30,2024-07-23 14:00:00+05:30,2024-07-23 15:00:00+05:30,289.3,283.90714285714284,299.0071428571429,1.6,EOD+
S890,ONGC,2024-07-23 14:25:00+05:30,0.3556,0.3256,5,3.0,0.1576,45.83,2.0952,0,0.8576,,0,0,0,1,0,1,2024-07-23 14:25:00+05:30,2024-07-23 14:30:00+05:30,2024-07-23 15:00:00+05:30,289.4,286.0696428571428,295.39464285714286,1.5,EOD+
S891,ONGC,2024-07-24 09:15:00+05:30,,,0,,0.4036,18.31,-0.6094,0,0.9888,0.0,1,1,0,0,1,2,2024-07-24 09:20:00+05:30,2024-07-24 09:25:00+05:30,2024-07-24 10:20:00+05:30,293.55,289.5857142857143,300.6857142857143,7.1357,W
S892,ONGC,2024-07-24 11:40:00+05:30,0.3188,0.4759,0,,2.8265,96.67,-0.9856,0,1.1469,1.0,3,1,1,0,3,4,2024-07-24 11:55:00+05:30,2024-07-24 12:00:00+05:30,2024-07-24 13:55:00+05:30,300.9,297.8285714285714,306.4285714285714,-3.0714,L
S893,ONGC,2024-07-24 12:05:00+05:30,0.03,0.1481,0,,0.2984,17.24,0.3333,0,0.6537,,0,0,0,1,0,1,2024-07-24 12:05:00+05:30,2024-07-24 12:10:00+05:30,2024-07-24 15:00:00+05:30,300.6,297.14464285714286,306.81964285714287,-3.4554,L
S894,ONGC,2024-07-24 12:50:00+05:30,-0.2164,-0.2528,0,,0.484,8.33,-0.5219,0,0.5451,1.0,3,1,0,0,3,4,2024-07-24 13:05:00+05:30,2024-07-24 13:10:00+05:30,2024-07-24 15:00:00+05:30,299.55,296.3089285714286,305.38392857142856,-1.5,EOD-
S895,ONGC,2024-07-25 09:15:00+05:30,,,0,,2.919,55.32,-0.5109,0,2.5585,,0,1,0,1,0,1,2024-07-25 09:15:00+05:30,2024-07-25 09:20:00+05:30,2024-07-25 09:25:00+05:30,298.75,295.5982142857143,304.4232142857143,-3.1518,L
S896,ONGC,2024-07-25 09:25:00+05:30,,,0,,1.6595,34.15,-0.5885,0,1.4385,1.0,1,0,1,0,1,2,2024-07-25 09:30:00+05:30,2024-07-25 09:35:00+05:30,2024-07-25 10:40:00+05:30,299.75,296.0892857142857,306.3392857142857,6.5893,W
S897,ONGC,2024-07-25 13:40:00+05:30,-0.2466,-0.2397,0,,1.4507,0.0,-0.8253,0,0.5536,0.0,3,0,1,0,3,4,2024-07-25 13:55:00+05:30,2024-07-25 14:00:00+05:30,2024-07-25 14:50:00+05:30,307.0,305.0267857142857,310.5517857142857,3.5518,W
S898,ONGC,2024-07-26 09:20:00+05:30,,,1,1.0,0.0205,34.69,12.3333,0,1.0545,,0,0,0,1,0,1,2024-07-26 09:20:00+05:30,2024-07-26 09:25:00+05:30,2024-07-26 15:00:00+05:30,310.85,306.2875,319.0625,-2.9,EOD-
S899,ONGC,2024-07-26 09:40:00+05:30,0.189,,0,,1.4444,42.86,-0.7204,0,0.24,0.0,3,0,0,0,3,4,2024-07-26 09:55:00+05:30,2024-07-26 10:00:00+05:30,2024-07-26 15:00:00+05:30,311.3,306.65714285714284,319.65714285714284,-3.35,EOD-
S900,ONGC,2024-07-26 10:40:00+05:30,-0.2433,-0.1223,0,,0.2098,7.14,-0.5652,0,0.3103,0.0,3,1,1,0,3,4,2024-07-26 10:55:00+05:30,2024-07-26 11:00:00+05:30,2024-07-26 12:45:00+05:30,310.45,307.7089285714286,315.38392857142856,-2.7411,L
S901,ONGC,2024-07-26 11:10:00+05:30,-0.0572,-0.1773,2,2.0,0.1215,66.67,-1.0,0,0.5557,0.0,2,1,1,0,2,3,2024-07-26 11:20:00+05:30,2024-07-26 11:25:00+05:30,2024-07-26 12:10:00+05:30,310.65,308.69464285714287,314.16964285714283,-1.9554,L
S902,ONGC,2024-07-26 11:30:00+05:30,0.021,-0.0226,0,,1.0202,81.25,-0.781,0,0.793,0.0,2,0,0,0,2,3,2024-07-26 11:40:00+05:30,2024-07-26 11:45:00+05:30,2024-07-26 12:10:00+05:30,310.05,308.37142857142857,313.0714285714286,-1.6786,L
S903,ONGC,2024-07-26 13:05:00+05:30,-0.2072,-0.1673,0,,2.0324,50.0,-0.9334,0,1.0594,1.0,3,0,1,0,3,4,2024-07-26 13:20:00+05:30,2024-07-26 13:25:00+05:30,2024-07-26 15:00:00+05:30,309.05,307.2017857142857,312.37678571428575,-1.1,EOD-
S904,ONGC,2024-07-26 14:10:00+05:30,0.0259,0.0332,8,5.0,0.1215,77.78,0.5789,0,1.1458,,0,1,0,1,0,1,2024-07-26 14:10:00+05:30,2024-07-26 14:15:00+05:30,2024-07-26 15:00:00+05:30,308.85,306.89464285714286,312.3696428571429,-0.9,EOD-
S905,ONGC,2024-07-29 09:35:00+05:30,,,4,4.0,0.6912,54.17,0.0687,0,0.8338,,0,0,0,1,0,1,2024-07-29 09:35:00+05:30,2024-07-29 09:40:00+05:30,2024-07-29 11:30:00+05:30,309.1,305.54642857142863,315.49642857142857,6.3964,W
S906,ONGC,2024-07-29 09:45:00+05:30,0.0809,,0,,0.8125,15.0,-0.3483,0,0.5197,1.0,1,1,1,0,1,2,2024-07-29 09:50:00+05:30,2024-07-29 09:55:00+05:30,2024-07-29 15:00:00+05:30,309.25,305.47321428571433,316.04821428571427,0.9,EOD+
S907,ONGC,2024-07-29 10:00:00+05:30,0.0703,0.0809,0,,0.0981,41.18,-0.6667,0,0.36,,0,0,1,1,0,1,2024-07-29 10:00:00+05:30,2024-07-29 10:05:00+05:30,2024-07-29 15:00:00+05:30,309.55,305.72857142857146,316.4285714285714,0.6,EOD+
S908,ONGC,2024-07-29 10:45:00+05:30,0.2197,0.2611,7,4.0,0.0946,19.23,1.4,0,0.5094,,0,0,0,1,0,1,2024-07-29 10:45:00+05:30,2024-07-29 10:50:00+05:30,2024-07-29 15:00:00+05:30,310.8,307.49642857142857,316.74642857142857,-0.65,EOD-
S909,ONGC,2024-07-29 12:00:00+05:30,0.2581,0.4159,13,6.0,0.1351,62.5,1.4242,0,1.8032,,0,0,0,1,0,1,2024-07-29 12:00:00+05:30,2024-07-29 12:05:00+05:30,2024-07-29 13:10:00+05:30,313.05,309.99642857142857,318.5464285714286,-3.0536,L
S910,ONGC,2024-07-29 13:15:00+05:30,-0.353,-0.1336,0,,2.5879,25.0,-0.8852,0,1.005,1.0,3,0,0,0,3,4,2024-07-29 13:30:00+05:30,2024-07-29 13:35:00+05:30,2024-07-29 14:15:00+05:30,311.9,308.95357142857137,317.2035714285715,-2.9464,L
S911,ONGC,2024-07-30 09:15:00+05:30,,,0,,1.54,18.46,-0.492,0,1.6596,0.0,1,1,1,0,1,2,2024-07-30 09:20:00+05:30,2024-07-30 09:25:00+05:30,2024-07-30 15:00:00+05:30,311.65,308.6142857142857,317.1142857142857,-3.0357,L
S912,ONGC,2024-07-30 10:30:00+05:30,0.2243,0.2487,13,6.0,0.0633,58.33,0.5,0,0.3229,,0,0,1,1,0,1,2024-07-30 10:30:00+05:30,2024-07-30 10:35:00+05:30,2024-07-30 15:00:00+05:30,312.85,308.90357142857147,319.9535714285714,-3.9464,L
S913,ONGC,2024-07-30 11:15:00+05:30,0.1174,0.2492,8,2.0,0.1906,91.67,-0.6875,0,0.737,1.0,1,1,0,0,1,2,2024-07-30 11:20:00+05:30,2024-07-30 11:25:00+05:30,2024-07-30 11:35:00+05:30,313.95,311.8517857142857,317.7267857142857,-2.0982,L
S914,ONGC,2024-07-30 12:05:00+05:30,-0.0631,-0.0863,0,,1.578,11.11,-0.7368,0,2.4705,1.0,3,1,1,0,3,4,2024-07-30 12:20:00+05:30,2024-07-30 12:25:00+05:30,2024-07-30 12:35:00+05:30,314.4,312.2928571428571,318.1928571428571,-2.1071,L
S915,ONGC,2024-07-31 09:15:00+05:30,,,0,,1.8016,26.42,-0.9071,0,1.8775,0.0,1,0,1,0,1,2,2024-07-31 09:20:00+05:30,2024-07-31 09:25:00+05:30,2024-07-31 15:00:00+05:30,310.7,308.4589285714286,314.7339285714285,-0.3,EOD-
S916,ONGC,2024-07-31 10:15:00+05:30,0.0748,0.1095,10,9.0,0.1397,29.41,0.7778,0,0.3881,,0,1,1,1,0,1,2024-07-31 10:15:00+05:30,2024-07-31 10:20:00+05:30,2024-07-31 15:00:00+05:30,310.9,306.87321428571425,318.14821428571435,-0.5,EOD-
S917,ONGC,2024-07-31 10:25:00+05:30,0.0877,0.0966,0,,0.1974,25.0,-0.5041,0,1.3685,1.0,1,0,0,0,1,2,2024-07-31 10:30:00+05:30,2024-07-31 10:35:00+05:30,2024-07-31 15:00:00+05:30,311.25,307.41964285714283,318.1446428571429,-0.85,EOD-
S918,ONGC,2024-07-31 10:40:00+05:30,0.1695,0.0877,0,,0.2446,33.33,-0.4059,0,0.2402,,0,0,1,1,0,1,2024-07-31 10:40:00+05:30,2024-07-31 10:45:00+05:30,2024-07-31 15:00:00+05:30,311.25,308.66964285714283,315.8946428571429,-0.85,EOD-
S919,ONGC,2024-07-31 13:20:00+05:30,-0.2021,-0.2091,0,,1.8225,70.0,-0.9545,0,2.7977,1.0,3,0,0,0,3,4,2024-07-31 13:35:00+05:30,2024-07-31 13:40:00+05:30,2024-07-31 14:30:00+05:30,311.7,310.19107142857143,314.41607142857146,-1.5089,L
S920,ONGC,2024-08-01 11:15:00+05:30,0.2544,0.4662,24,7.0,0.2792,27.78,0.4493,0,0.6448,,0,0,0,1,0,1,2024-08-01 11:15:00+05:30,2024-08-01 11:20:00+05:30,2024-08-01 12:10:00+05:30,318.5,315.4107142857143,324.06071428571425,-3.0893,L
S921,ONGC,2024-08-01 11:25:00+05:30,0.2392,0.3267,0,,0.627,94.12,-1.0,0,0.7343,,0,0,0,1,0,1,2024-08-01 11:25:00+05:30,2024-08-01 11:30:00+05:30,2024-08-01 11:50:00+05:30,318.85,316.10892857142863,323.7839285714286,-2.7411,L
S922,ONGC,2024-08-01 13:00:00+05:30,-0.2449,-0.2682,0,,1.2556,38.46,-0.8698,0,0.3855,1.0,3,0,1,0,3,4,2024-08-01 13:15:00+05:30,2024-08-01 13:20:00+05:30,2024-08-01 15:00:00+05:30,316.3,314.0053571428572,320.43035714285713,0.4,EOD+
S923,ONGC,2024-08-01 13:25:00+05:30,-0.1971,-0.2467,0,,0.358,66.67,-0.6429,0,0.3091,1.0,2,0,1,0,2,3,2024-08-01 13:35:00+05:30,2024-08-01 13:40:00+05:30,2024-08-01 15:00:00+05:30,315.95,313.9946428571428,319.46964285714284,0.75,EOD+
S924,ONGC,2024-08-01 13:45:00+05:30,-0.0546,-0.1607,0,,0.3699,22.22,-0.1398,0,0.88,,0,0,0,1,0,1,2024-08-01 13:45:00+05:30,2024-08-01 13:50:00+05:30,2024-08-01 14:30:00+05:30,315.75,314.17857142857144,318.5785714285714,-1.5714,L
S925,ONGC,2024-08-01 13:55:00+05:30,-0.0293,-0.0855,0,,1.2184,18.18,-0.4182,0,1.0194,1.0,1,0,0,0,1,2,2024-08-01 14:00:00+05:30,2024-08-01 14:05:00+05:30,2024-08-01 14:25:00+05:30,315.95,314.5392857142857,318.4892857142857,-1.4107,L
S926,ONGC,2024-08-01 14:10:00+05:30,-0.0174,-0.0293,1,1.0,0.2412,100.0,-1.0,0,0.9969,1.0,1,0,0,0,1,2,2024-08-01 14:15:00+05:30,2024-08-01 14:20:00+05:30,2024-08-01 14:25:00+05:30,315.85,314.52857142857147,318.2285714285714,-1.3214,L
S927,ONGC,2024-08-02 10:15:00+05:30,-0.4441,-0.4603,0,,0.9299,42.86,-0.8012,0,0.476,1.0,3,0,0,0,3,4,2024-08-02 10:30:00+05:30,2024-08-02 10:35:00+05:30,2024-08-02 15:00:00+05:30,312.35,306.93928571428575,322.0892857142857,-5.4107,L
S928,ONGC,2024-08-02 11:35:00+05:30,0.2451,0.1267,12,9.0,0.2695,29.41,1.1739,0,0.5412,,0,0,1,1,0,1,2024-08-02 11:35:00+05:30,2024-08-02 11:40:00+05:30,2024-08-02 12:45:00+05:30,312.7,310.56607142857143,316.5410714285714,-2.1339,L
S929,ONGC,2024-08-02 12:40:00+05:30,-0.1202,-0.0344,0,,1.7283,30.77,-0.8208,0,0.9756,0.0,3,1,0,0,3,4,2024-08-02 12:55:00+05:30,2024-08-02 13:00:00+05:30,2024-08-02 14:15:00+05:30,312.0,309.9821428571429,315.63214285714287,-2.0179,L
S930,ONGC,2024-08-02 13:05:00+05:30,-0.0866,-0.1354,0,,0.6129,66.67,-1.0,0,0.7792,1.0,1,0,0,0,1,2,2024-08-02 13:10:00+05:30,2024-08-02 13:15:00+05:30,2024-08-02 14:15:00+05:30,311.85,309.9125,315.33750000000003,-1.9375,L
S931,ONGC,2024-08-02 13:20:00+05:30,-0.0762,-0.0866,0,,0.584,7.69,0.4103,0,0.686,,0,0,1,1,0,1,2024-08-02 13:20:00+05:30,2024-08-02 13:25:00+05:30,2024-08-02 14:10:00+05:30,311.9,310.23035714285714,314.9053571428571,-1.6696,L
S932,ONGC,2024-08-02 13:30:00+05:30,-0.0698,-0.065,1,1.0,0.0121,60.0,12.3333,0,0.5657,,0,0,1,1,0,1,2024-08-02 13:30:00+05:30,2024-08-02 13:35:00+05:30,2024-08-02 14:10:00+05:30,311.7,310.14642857142854,314.49642857142857,-1.5536,L
S933,ONGC,2024-08-02 13:50:00+05:30,0.0209,-0.057,3,2.0,0.0918,8.33,4.0,0,1.0157,,0,0,0,1,0,1,2024-08-02 13:50:00+05:30,2024-08-02 13:55:00+05:30,2024-08-02 14:05:00+05:30,311.9,310.2660714285714,314.8410714285714,-1.6339,L
S934,ONGC,2024-08-05 11:30:00+05:30,-0.6462,-0.5127,0,,2.072,53.33,-0.8823,0,0.6709,0.0,3,0,0,0,3,4,2024-08-05 11:45:00+05:30,2024-08-05 11:50:00+05:30,2024-08-05 12:20:00+05:30,292.25,287.125,301.475,-5.125,L
S935,ONGC,2024-08-05 11:55:00+05:30,-0.5123,-0.6486,0,,0.7044,7.69,-0.8131,0,0.3193,0.0,3,0,1,0,3,4,2024-08-05 12:10:00+05:30,2024-08-05 12:15:00+05:30,2024-08-05 12:45:00+05:30,290.95,285.25357142857143,301.2035714285714,-5.6964,L
S936,ONGC,2024-08-05 12:55:00+05:30,-0.3394,-0.4434,0,,2.3584,100.0,-1.0,0,0.9004,1.0,3,1,0,0,3,4,2024-08-05 13:10:00+05:30,2024-08-05 13:15:00+05:30,2024-08-05 15:00:00+05:30,289.7,286.04821428571427,296.2732142857143,0.55,EOD+
S937,ONGC,2024-08-06 10:50:00+05:30,0.2249,0.2448,0,,1.9468,50.0,-0.8207,0,0.4991,1.0,3,0,0,0,3,4,2024-08-06 11:05:00+05:30,2024-08-06 11:10:00+05:30,2024-08-06 12:55:00+05:30,293.0,289.7767857142857,298.8017857142857,-3.2232,L
S938,ONGC,2024-08-06 11:25:00+05:30,-0.1016,-0.1195,0,,1.1052,72.0,-0.7313,0,0.4312,0.0,3,0,0,0,3,4,2024-08-06 11:40:00+05:30,2024-08-06 11:45:00+05:30,2024-08-06 13:15:00+05:30,292.55,289.60357142857146,297.85357142857146,-2.9464,L
S939,ONGC,2024-08-06 11:50:00+05:30,-0.1565,-0.1273,0,,0.0947,75.0,-0.4737,0,0.4393,,0,1,1,1,0,1,2024-08-06 11:50:00+05:30,2024-08-06 11:55:00+05:30,2024-08-06 12:40:00+05:30,292.95,290.4410714285714,297.46607142857147,-2.5089,L
S940,ONGC,2024-08-06 12:00:00+05:30,-0.0795,-0.1805,0,,0.0444,80.95,4.0,0,0.4972,,0,0,1,1,0,1,2024-08-06 12:00:00+05:30,2024-08-06 12:05:00+05:30,2024-08-06 12:35:00+05:30,293.3,291.05,297.35,-2.25,L
S941,ONGC,2024-08-06 12:20:00+05:30,0.1025,-0.0299,3,3.0,0.3335,14.29,1.1782,0,0.5007,,0,0,1,1,0,1,2024-08-06 12:20:00+05:30,2024-08-06 12:25:00+05:30,2024-08-06 12:35:00+05:30,292.75,290.85714285714283,296.15714285714284,-1.8929,L
S942,ONGC,2024-08-07 11:10:00+05:30,0.8316,1.5064,23,8.0,0.1248,37.5,1.8986,0,0.3455,,0,0,1,1,0,1,2024-08-07 11:10:00+05:30,2024-08-07 11:15:00+05:30,2024-08-07 15:00:00+05:30,305.1,301.6446428571429,311.31964285714287,0.4,EOD+
S943,ONGC,2024-08-07 11:25:00+05:30,0.2724,0.8316,0,,0.9262,21.43,-0.9158,0,0.4313,1.0,3,0,1,0,3,4,2024-08-07 11:40:00+05:30,2024-08-07 11:45:00+05:30,2024-08-07 15:00:00+05:30,305.15,301.9446428571428,310.91964285714283,0.35,EOD+
S944,ONGC,2024-08-07 11:55:00+05:30,0.073,0.0918,1,1.0,0.194,42.86,1.0253,0,0.6991,,0,0,0,1,0,1,2024-08-07 11:55:00+05:30,2024-08-07 12:00:00+05:30,2024-08-07 15:00:00+05:30,305.0,302.4553571428572,309.5803571428571,0.5,EOD+
S945,ONGC,2024-08-07 12:05:00+05:30,0.0066,0.1057,0,,0.1472,68.75,0.5094,0,0.615,,0,0,1,1,0,1,2024-08-07 12:05:00+05:30,2024-08-07 12:10:00+05:30,2024-08-07 15:00:00+05:30,305.55,303.3,309.6,-0.05,EOD-
S946,ONGC,2024-08-07 12:45:00+05:30,0.0999,0.0754,7,1.0,0.047,35.0,10.7647,0,0.7519,,0,0,0,1,0,1,2024-08-07 12:45:00+05:30,2024-08-07 12:50:00+05:30,2024-08-07 15:00:00+05:30,306.1,303.84107142857147,310.16607142857146,-0.6,EOD-
S947,ONGC,2024-08-07 12:55:00+05:30,0.0876,0.0868,0,,0.4855,20.0,-0.186,0,0.7152,1.0,1,0,0,0,1,2,2024-08-07 13:00:00+05:30,2024-08-07 13:05:00+05:30,2024-08-07 15:00:00+05:30,306.15,303.93571428571425,310.1357142857143,-0.65,EOD-
S948,ONGC,2024-08-07 13:15:00+05:30,0.1618,0.0982,2,2.0,0.1158,69.23,-0.5349,0,0.4995,1.0,2,0,1,0,2,3,2024-08-07 13:25:00+05:30,2024-08-07 13:30:00+05:30,2024-08-07 15:00:00+05:30,306.0,303.67857142857144,310.17857142857144,-0.5,EOD-
S949,ONGC,2024-08-07 13:35:00+05:30,0.0694,0.1487,0,,0.1714,64.71,0.0,0,0.9884,,0,0,0,1,0,1,2024-08-07 13:35:00+05:30,2024-08-07 13:40:00+05:30,2024-08-07 15:00:00+05:30,306.55,304.3625,310.48749999999995,-1.05,EOD-
S950,ONGC,2024-08-08 10:35:00+05:30,-0.2842,-0.2697,0,,0.9326,37.5,-0.8082,0,0.1867,0.0,3,1,1,0,3,4,2024-08-08 10:50:00+05:30,2024-08-08 10:55:00+05:30,2024-08-08 15:00:00+05:30,302.1,299.3053571428572,307.13035714285706,-0.2,EOD-
S951,ONGC,2024-08-08 11:00:00+05:30,-0.265,-0.326,0,,1.446,36.0,-0.598,0,0.6781,0.0,3,0,0,0,3,4,2024-08-08 11:15:00+05:30,2024-08-08 11:20:00+05:30,2024-08-08 15:00:00+05:30,301.8,299.2196428571429,306.4446428571428,0.1,EOD+
S952,ONGC,2024-08-08 11:30:00+05:30,-0.0207,-0.0588,0,,1.1086,11.11,-0.6392,0,1.4034,1.0,3,0,0,0,3,4,2024-08-08 11:45:00+05:30,2024-08-08 11:50:00+05:30,2024-08-08 15:00:00+05:30,302.0,299.8125,305.9375,-0.1,EOD-
S953,ONGC,2024-08-08 11:55:00+05:30,-0.024,-0.024,0,,0.0649,14.29,5.3158,0,0.7035,,0,0,1,1,0,1,2024-08-08 11:55:00+05:30,2024-08-08 12:00:00+05:30,2024-08-08 12:40:00+05:30,301.95,300.1196428571428,305.2446428571428,3.2946,W
S954,ONGC,2024-08-09 10:20:00+05:30,0.4056,0.4957,13,13.0,0.0343,53.33,1.069,0,0.3876,,0,0,1,1,0,1,2024-08-09 10:20:00+05:30,2024-08-09 10:25:00+05:30,2024-08-09 15:00:00+05:30,306.3,301.0232142857143,315.7982142857143,3.75,EOD+
S955,ONGC,2024-08-09 10:30:00+05:30,0.417,0.4336,0,,0.8208,70.83,-0.8161,0,0.7623,1.0,1,0,0,0,1,2,2024-08-09 10:35:00+05:30,2024-08-09 10:40:00+05:30,2024-08-09 15:00:00+05:30,307.65,304.3375,313.61249999999995,2.4,EOD+
S956,ONGC,2024-08-09 11:35:00+05:30,-0.2085,-0.2839,0,,0.7194,76.47,-0.7683,0,1.291,1.0,3,0,0,0,3,4,2024-08-09 11:50:00+05:30,2024-08-09 11:55:00+05:30,2024-08-09 15:00:00+05:30,307.35,305.1,311.40000000000003,2.7,EOD+
S957,ONGC,2024-08-09 12:00:00+05:30,0.0122,-0.1222,1,1.0,0.4488,25.0,-0.1045,0,0.3077,0.0,1,0,1,0,1,2,2024-08-09 12:05:00+05:30,2024-08-09 12:10:00+05:30,2024-08-09 14:35:00+05:30,307.05,305.1839285714286,310.40892857142853,3.3589,W
S958,ONGC,2024-08-09 12:15:00+05:30,0.0171,0.0122,0,,1.226,25.0,-0.2429,0,0.4453,0.0,2,1,1,0,2,3,2024-08-09 12:25:00+05:30,2024-08-09 12:30:00+05:30,2024-08-09 14:35:00+05:30,307.45,305.8339285714286,310.3589285714285,2.9089,W
S959,ONGC,2024-08-09 12:50:00+05:30,0.0285,0.0114,4,3.0,0.1287,69.23,0.4634,0,0.8352,,0,0,0,1,0,1,2024-08-09 12:50:00+05:30,2024-08-09 12:55:00+05:30,2024-08-09 14:35:00+05:30,307.05,305.0589285714286,310.63392857142856,3.5839,W
S960,ONGC,2024-08-09 13:00:00+05:30,0.0187,0.0228,0,,0.1123,14.29,1.3529,0,0.5724,,0,0,0,1,0,1,2024-08-09 13:00:00+05:30,2024-08-09 13:05:00+05:30,2024-08-09 14:35:00+05:30,307.25,305.3571428571429,310.6571428571428,3.4071,W
S961,ONGC,2024-08-09 13:10:00+05:30,0.0212,0.0383,0,,0.5371,58.82,-1.0,0,0.9956,1.0,2,0,1,0,2,3,2024-08-09 13:20:00+05:30,2024-08-09 13:25:00+05:30,2024-08-09 14:35:00+05:30,307.5,305.6964285714286,310.7464285714285,3.2464,W
S962,ONGC,2024-08-09 13:30:00+05:30,0.0447,0.0228,0,,0.5175,17.65,0.7949,0,1.6376,,0,0,0,1,0,1,2024-08-09 13:30:00+05:30,2024-08-09 13:35:00+05:30,2024-08-09 14:35:00+05:30,307.6,305.71607142857147,310.99107142857144,3.3911,W
S963,ONGC,2024-08-09 13:40:00+05:30,0.0415,0.0464,0,,0.2111,0.0,-0.6667,0,0.521,1.0,1,0,0,0,1,2,2024-08-09 13:45:00+05:30,2024-08-09 13:50:00+05:30,2024-08-09 14:35:00+05:30,307.4,305.62321428571425,310.5982142857143,3.1982,W
S964,ONGC,2024-08-09 13:55:00+05:30,0.0317,0.0415,0,,0.1581,40.0,0.7143,0,0.5131,,0,0,1,1,0,1,2024-08-09 13:55:00+05:30,2024-08-09 14:00:00+05:30,2024-08-09 14:15:00+05:30,307.65,306.26607142857137,310.1410714285715,2.4911,W
S965,ONGC,2024-08-12 09:15:00+05:30,,,0,,2.3578,26.21,0.0431,0,5.206,,0,1,0,1,0,1,2024-08-12 09:15:00+05:30,2024-08-12 09:20:00+05:30,2024-08-12 09:35:00+05:30,311.15,308.5071428571428,315.90714285714284,-2.6429,L
S966,ONGC,2024-08-12 10:15:00+05:30,-0.1325,-0.1195,0,,0.6954,73.08,-0.9117,0,0.1727,0.0,3,0,1,0,3,4,2024-08-12 10:30:00+05:30,2024-08-12 10:35:00+05:30,2024-08-12 14:40:00+05:30,309.3,305.22857142857146,316.62857142857143,7.3286,W
S967,ONGC,2024-08-12 11:40:00+05:30,0.1525,0.109,13,1.0,0.273,41.67,0.0256,0,1.116,,0,0,0,1,0,1,2024-08-12 11:40:00+05:30,2024-08-12 11:45:00+05:30,2024-08-12 12:10:00+05:30,309.85,308.0642857142857,313.0642857142858,-1.7857,L
S968,ONGC,2024-08-12 13:30:00+05:30,-0.1703,-0.2342,0,,0.6741,40.0,-0.6154,0,0.5068,0.0,3,0,0,0,3,4,2024-08-12 13:45:00+05:30,2024-08-12 13:50:00+05:30,2024-08-12 14:35:00+05:30,308.15,306.7035714285714,310.7535714285714,2.6036,W
S969,ONGC,2024-08-12 14:10:00+05:30,0.0479,-0.03,4,2.0,0.0759,82.35,0.1111,0,1.6993,,0,1,0,1,0,1,2024-08-12 14:10:00+05:30,2024-08-12 14:15:00+05:30,2024-08-12 14:35:00+05:30,308.3,306.8178571428572,310.9678571428572,2.6679,W
S970,ONGC,2024-08-13 09:55:00+05:30,0.7829,0.7471,8,8.0,0.3204,13.33,-0.0521,0,0.2564,,0,0,1,1,0,1,2024-08-13 09:55:00+05:30,2024-08-13 10:00:00+05:30,2024-08-13 12:30:00+05:30,317.8,313.68392857142857,325.20892857142854,-4.1161,L
S971,ONGC,2024-08-13 10:05:00+05:30,0.5769,0.7558,0,,0.3753,16.67,0.1304,0,0.3906,,0,0,0,1,0,1,2024-08-13 10:05:00+05:30,2024-08-13 10:10:00+05:30,2024-08-13 12:20:00+05:30,318.25,314.4196428571429,325.14464285714286,-3.8304,L
S972,ONGC,2024-08-13 10:15:00+05:30,0.2516,0.7163,0,,0.3841,46.15,-0.3939,0,0.3982,,0,0,1,1,0,1,2024-08-13 10:15:00+05:30,2024-08-13 10:20:00+05:30,2024-08-13 12:20:00+05:30,318.1,314.34107142857147,324.86607142857144,-3.7589,L
S973,ONGC,2024-08-14 09:15:00+05:30,,,0,,1.4307,8.62,0.2143,0,1.6103,,0,1,0,1,0,1,2024-08-14 09:15:00+05:30,2024-08-14 09:20:00+05:30,2024-08-14 09:35:00+05:30,312.55,308.8803571428572,319.1553571428572,-3.6696,L
S974,ONGC,2024-08-14 09:50:00+05:30,-0.1108,,0,,0.693,38.89,-0.8795,0,0.5353,0.0,3,0,0,0,3,4,2024-08-14 10:05:00+05:30,2024-08-14 10:10:00+05:30,2024-08-14 14:40:00+05:30,311.95,307.45892857142854,320.0339285714286,-4.4911,L
S975,ONGC,2024-08-14 11:45:00+05:30,-0.1305,-0.0893,0,,1.2087,4.55,-0.7716,0,0.9448,0.0,3,1,0,0,3,4,2024-08-14 12:00:00+05:30,2024-08-14 12:05:00+05:30,2024-08-14 14:40:00+05:30,310.55,307.3803571428572,316.2553571428571,-3.1696,L
S976,ONGC,2024-08-14 12:10:00+05:30,-0.1726,-0.1918,1,1.0,0.1255,0.0,3.4068,0,0.7038,,0,0,0,1,0,1,2024-08-14 12:10:00+05:30,2024-08-14 12:15:00+05:30,2024-08-14 14:40:00+05:30,310.4,307.4625,315.6875,-2.9375,L
S977,ONGC,2024-08-14 12:40:00+05:30,-0.0848,-0.1785,4,3.0,0.0233,14.29,9.0,0,0.2592,,0,0,1,1,0,1,2024-08-14 12:40:00+05:30,2024-08-14 12:45:00+05:30,2024-08-14 14:40:00+05:30,309.7,307.5571428571428,313.5571428571429,-2.1429,L
S978,ONGC,2024-08-14 13:00:00+05:30,0.1371,-0.0153,2,2.0,0.2862,60.0,0.4458,0,1.1352,,0,0,0,1,0,1,2024-08-14 13:00:00+05:30,2024-08-14 13:05:00+05:30,2024-08-14 14:30:00+05:30,309.9,308.0875,313.1625,-1.8125,L
S979,ONGC,2024-08-16 09:50:00+05:30,0.0097,,7,7.0,0.1465,18.52,2.8384,0,0.6316,,0,1,1,1,0,1,2024-08-16 09:50:00+05:30,2024-08-16 09:55:00+05:30,2024-08-16 15:00:00+05:30,308.55,304.32678571428573,316.1517857142857,-0.55,EOD-
S980,ONGC,2024-08-16 10:10:00+05:30,0.0455,0.0138,3,3.0,0.1036,73.33,-1.0,0,0.3582,0.0,1,0,0,0,1,2,2024-08-16 10:15:00+05:30,2024-08-16 10:20:00+05:30,2024-08-16 15:00:00+05:30,308.15,303.9267857142857,315.7517857142857,-0.15,EOD-
S981,ONGC,2024-08-16 11:25:00+05:30,-0.1927,-0.2291,0,,0.487,0.0,-0.25,0,0.8013,0.0,3,0,1,0,3,4,2024-08-16 11:40:00+05:30,2024-08-16 11:45:00+05:30,2024-08-16 15:00:00+05:30,307.3,305.24642857142857,310.9964285714286,0.7,EOD+
S982,ONGC,2024-08-16 11:50:00+05:30,-0.1009,-0.1457,0,,0.1424,85.71,-0.4444,0,0.527,,0,0,1,1,0,1,2024-08-16 11:50:00+05:30,2024-08-16 11:55:00+05:30,2024-08-16 14:10:00+05:30,307.35,305.7696428571429,310.19464285714287,2.8446,W
S983,ONGC,2024-08-16 13:45:00+05:30,0.0162,0.0146,0,,0.5091,12.5,-0.4231,0,1.1284,1.0,3,0,1,0,3,4,2024-08-16 14:00:00+05:30,2024-08-16 14:05:00+05:30,2024-08-16 14:40:00+05:30,308.3,307.0232142857143,310.59821428571433,-1.2768,L
S984,ONGC,2024-08-16 14:25:00+05:30,0.069,0.0463,4,3.0,0.1778,36.84,4.1064,0,1.5143,,0,1,0,1,0,1,2024-08-16 14:25:00+05:30,2024-08-16 14:30:00+05:30,2024-08-16 15:00:00+05:30,308.55,306.8982142857143,311.52321428571435,-0.55,EOD-
S985,ONGC,2024-08-19 11:25:00+05:30,-0.0905,-0.0456,0,,0.6364,30.0,-0.8947,0,0.4351,0.0,3,0,0,0,3,4,2024-08-19 11:40:00+05:30,2024-08-19 11:45:00+05:30,2024-08-19 15:00:00+05:30,312.05,310.18392857142857,315.4089285714286,-0.3,EOD-
S986,ONGC,2024-08-19 11:50:00+05:30,-0.097,-0.1041,0,,0.2272,25.0,0.2245,0,0.3147,,0,0,1,1,0,1,2024-08-19 11:50:00+05:30,2024-08-19 11:55:00+05:30,2024-08-19 15:00:00+05:30,311.95,310.60178571428565,314.37678571428575,-0.2,EOD-
S987,ONGC,2024-08-19 12:00:00+05:30,-0.0722,-0.0978,0,,0.6954,60.0,-0.4702,0,0.4261,,0,0,1,1,0,1,2024-08-19 12:00:00+05:30,2024-08-19 12:05:00+05:30,2024-08-19 15:00:00+05:30,311.95,310.5928571428571,314.3928571428572,-0.2,EOD-
S988,ONGC,2024-08-19 12:10:00+05:30,-0.0682,-0.0705,0,,0.2637,33.33,0.4545,0,0.3185,,0,0,1,1,0,1,2024-08-19 12:10:00+05:30,2024-08-19 12:15:00+05:30,2024-08-19 15:00:00+05:30,311.95,310.64642857142854,314.2964285714286,-0.2,EOD-
S989,ONGC,2024-08-19 12:25:00+05:30,0.0016,-0.0682,2,1.0,0.2594,50.0,0.8868,0,1.1085,,0,0,1,1,0,1,2024-08-19 12:25:00+05:30,2024-08-19 12:30:00+05:30,2024-08-19 15:00:00+05:30,311.95,310.67321428571427,314.2482142857143,-0.2,EOD-
S990,ONGC,2024-08-19 12:40:00+05:30,0.0561,0.0016,2,2.0,0.4497,71.43,-0.0566,0,1.101,0.0,1,0,0,0,1,2,2024-08-19 12:45:00+05:30,2024-08-19 12:50:00+05:30,2024-08-19 15:00:00+05:30,312.0,310.52678571428567,314.6517857142858,-0.25,EOD-
S991,ONGC,2024-08-19 12:55:00+05:30,0.0441,0.0561,0,,0.0509,20.0,0.6667,0,0.1856,,0,1,1,1,0,1,2024-08-19 12:55:00+05:30,2024-08-19 13:00:00+05:30,2024-08-19 15:00:00+05:30,312.15,310.6767857142857,314.8017857142857,-0.4,EOD-
S992,ONGC,2024-08-19 13:15:00+05:30,0.044,0.0425,2,2.0,0.104,62.5,0.5385,0,1.8453,,0,0,0,1,0,1,2024-08-19 13:15:00+05:30,2024-08-19 13:20:00+05:30,2024-08-19 15:00:00+05:30,312.2,310.6375,315.0125,-0.45,EOD-
S993,ONGC,2024-08-19 13:55:00+05:30,-0.02,-0.004,0,,1.3222,0.0,-0.6639,0,0.4561,1.0,3,0,1,0,3,4,2024-08-19 14:10:00+05:30,2024-08-19 14:15:00+05:30,2024-08-19 15:00:00+05:30,312.1,310.975,314.125,-0.35,EOD-
S994,ONGC,2024-08-19 14:20:00+05:30,-0.0192,-0.0256,1,1.0,0.2224,40.0,1.3529,0,0.8466,,0,0,1,1,0,1,2024-08-19 14:20:00+05:30,2024-08-19 14:25:00+05:30,2024-08-19 14:50:00+05:30,312.35,311.39464285714286,314.06964285714287,-0.9554,L
S995,ONGC,2024-08-19 14:30:00+05:30,-0.0096,-0.0353,0,,0.341,25.0,0.4035,0,0.5237,,0,1,1,1,0,1,2024-08-19 14:30:00+05:30,2024-08-19 14:35:00+05:30,2024-08-19 14:55:00+05:30,312.2,311.1553571428571,314.0803571428572,-1.0446,L
S996,ONGC,2024-08-20 10:40:00+05:30,-0.4096,-0.3891,0,,1.6154,80.0,-0.9444,0,0.2305,1.0,3,0,1,0,3,4,2024-08-20 10:55:00+05:30,2024-08-20 11:00:00+05:30,2024-08-20 13:55:00+05:30,307.05,305.6571428571429,309.5571428571429,-1.3929,L
S997,ONGC,2024-08-20 11:20:00+05:30,0.0114,-0.1742,3,2.0,0.3394,16.67,0.5625,0,0.6504,,0,0,0,1,0,1,2024-08-20 11:20:00+05:30,2024-08-20 11:25:00+05:30,2024-08-20 13:45:00+05:30,307.2,306.02142857142854,309.32142857142856,-1.1786,L
S998,ONGC,2024-08-20 11:30:00+05:30,0.0195,-0.0065,1,1.0,0.3828,33.33,0.1429,0,1.754,,0,0,0,1,0,1,2024-08-20 11:30:00+05:30,2024-08-20 11:35:00+05:30,2024-08-20 13:45:00+05:30,307.15,306.0071428571428,309.20714285714286,-1.1429,L
S999,ONGC,2024-08-20 11:40:00+05:30,0.0203,0.0309,0,,0.2646,80.0,-1.0,0,0.7584,,0,0,0,1,0,1,2024-08-20 11:40:00+05:30,2024-08-20 11:45:00+05:30,2024-08-20 13:45:00+05:30,307.25,306.11607142857144,309.29107142857146,-1.1339,L
S1000,ONGC,2024-08-20 11:50:00+05:30,0.022,0.0147,0,,0.8893,57.14,-0.6129,0,0.7261,1.0,1,0,0,0,1,2,2024-08-20 11:55:00+05:30,2024-08-20 12:00:00+05:30,2024-08-20 13:40:00+05:30,307.35,306.2607142857143,309.3107142857143,-1.0893,L
S1001,ONGC,2024-08-20 12:05:00+05:30,0.0179,0.022,0,,0.1707,50.0,-0.3333,0,0.1802,0.0,2,0,1,0,2,3,2024-08-20 12:15:00+05:30,2024-08-20 12:20:00+05:30,2024-08-20 13:45:00+05:30,307.1,306.00178571428575,309.07678571428573,-1.0982,L
S1002,ONGC,2024-08-20 12:25:00+05:30,0.0179,0.0114,0,,0.4634,0.0,-0.1489,0,1.2688,1.0,1,0,1,0,1,2,2024-08-20 12:30:00+05:30,2024-08-20 12:35:00+05:30,2024-08-20 12:50:00+05:30,307.45,306.8160714285714,308.59107142857147,-0.6339,L
S1003,ONGC,2024-08-20 14:15:00+05:30,-0.1068,-0.0953,0,,2.5261,11.11,-0.5582,0,1.4503,0.0,3,0,0,0,3,4,2024-08-20 14:30:00+05:30,2024-08-20 14:35:00+05:30,2024-08-20 15:00:00+05:30,306.55,305.3178571428572,308.7678571428571,0.55,EOD+
S1004,ONGC,2024-08-21 09:15:00+05:30,,,0,,0.6125,33.33,1.7143,0,2.2944,,0,0,0,1,0,1,2024-08-21 09:15:00+05:30,2024-08-21 09:20:00+05:30,2024-08-21 10:20:00+05:30,307.3,305.87142857142857,309.8714285714286,-1.4286,L
S1005,ONGC,2024-08-21 09:30:00+05:30,,,2,2.0,0.2444,13.33,1.3729,0,0.9924,,0,1,1,1,0,1,2024-08-21 09:30:00+05:30,2024-08-21 09:35:00+05:30,2024-08-21 11:10:00+05:30,307.15,305.6410714285714,309.86607142857144,-1.5089,L
S1006,ONGC,2024-08-21 12:50:00+05:30,-0.132,-0.1442,0,,1.009,40.0,-0.9043,0,0.7054,0.0,3,1,0,0,3,4,2024-08-21 13:05:00+05:30,2024-08-21 13:10:00+05:30,2024-08-21 15:00:00+05:30,305.15,303.85535714285714,307.48035714285714,-1.0,EOD-
S1007,ONGC,2024-08-21 13:20:00+05:30,-0.0435,-0.0845,3,1.0,0.2752,54.55,0.4035,0,0.4935,,0,0,1,1,0,1,2024-08-21 13:20:00+05:30,2024-08-21 13:25:00+05:30,2024-08-21 15:00:00+05:30,304.85,303.5553571428572,307.1803571428572,-0.7,EOD-
S1008,ONGC,2024-08-21 13:55:00+05:30,0.0361,-0.009,5,2.0,0.2638,76.92,-0.6154,0,0.4723,0.0,1,1,1,0,1,2,2024-08-21 14:00:00+05:30,2024-08-21 14:05:00+05:30,2024-08-21 14:55:00+05:30,305.4,304.1678571428571,307.61785714285713,-1.2321,L
S1009,ONGC,2024-08-21 14:10:00+05:30,0.0533,0.0361,0,,0.0611,50.0,0.8182,0,0.5737,,0,1,1,1,0,1,2024-08-21 14:10:00+05:30,2024-08-21 14:15:00+05:30,2024-08-21 14:55:00+05:30,305.15,304.025,307.17499999999995,-1.125,L
S1010,ONGC,2024-08-21 14:20:00+05:30,0.0541,0.0541,0,,0.3441,66.67,-0.6552,0,0.6562,,0,0,1,1,0,1,2024-08-21 14:20:00+05:30,2024-08-21 14:25:00+05:30,2024-08-21 14:55:00+05:30,305.15,304.09642857142853,307.0464285714286,-1.0536,L
S1011,ONGC,2024-08-22 09:30:00+05:30,,,3,3.0,0.1146,71.88,1.7027,0,1.9616,,0,1,0,1,0,1,2024-08-22 09:30:00+05:30,2024-08-22 09:35:00+05:30,2024-08-22 10:45:00+05:30,305.6,303.5821428571429,309.23214285714283,-2.0179,L
S1012,ONGC,2024-08-22 09:40:00+05:30,0.0598,,0,,0.4254,64.71,-1.0,0,0.5729,,0,0,0,1,0,1,2024-08-22 09:40:00+05:30,2024-08-22 09:45:00+05:30,2024-08-22 10:45:00+05:30,305.4,303.3285714285714,309.1285714285714,-2.0714,L
S1013,ONGC,2024-08-22 09:50:00+05:30,0.0098,,0,,0.2392,75.0,-0.7531,0,0.6117,,0,0,0,1,0,1,2024-08-22 09:50:00+05:30,2024-08-22 09:55:00+05:30,2024-08-22 10:45:00+05:30,305.8,303.6839285714286,309.6089285714285,-2.1161,L
S1014,ONGC,2024-08-22 11:20:00+05:30,-0.1717,-0.2381,0,,1.2238,46.15,-0.76,0,0.7875,0.0,3,0,0,0,3,4,2024-08-22 11:35:00+05:30,2024-08-22 11:40:00+05:30,2024-08-22 13:20:00+05:30,304.25,302.9732142857143,306.5482142857143,-1.2768,L
S1015,ONGC,2024-08-22 11:45:00+05:30,-0.1069,-0.1118,0,,0.3916,22.22,0.75,0,0.7255,,0,0,0,1,0,1,2024-08-22 11:45:00+05:30,2024-08-22 11:50:00+05:30,2024-08-22 13:25:00+05:30,304.15,302.87321428571425,306.4482142857143,-1.2768,L
S1016,ONGC,2024-08-22 12:20:00+05:30,-0.0115,-0.0354,5,4.0,0.05,85.71,1.8571,0,0.4763,,0,0,1,1,0,1,2024-08-22 12:20:00+05:30,2024-08-22 12:25:00+05:30,2024-08-22 13:20:00+05:30,303.9,303.025,305.475,-0.875,L
S1017,ONGC,2024-08-22 12:30:00+05:30,-0.0058,-0.0123,0,,1.6894,36.36,-0.761,0,0.8857,0.0,2,0,1,0,2,3,2024-08-22 12:40:00+05:30,2024-08-22 12:45:00+05:30,2024-08-22 13:10:00+05:30,304.0,303.07142857142856,305.6714285714286,-0.9286,L
S1018,ONGC,2024-08-23 10:10:00+05:30,-0.1737,-0.1702,0,,2.0286,36.36,-0.8592,0,0.4018,1.0,3,1,1,0,3,4,2024-08-23 10:25:00+05:30,2024-08-23 10:30:00+05:30,2024-08-23 11:30:00+05:30,300.6,298.4125,304.5375,-2.1875,L
S1019,ONGC,2024-08-23 10:35:00+05:30,-0.1315,-0.1788,0,,0.1185,33.33,0.25,0,0.2381,,0,0,1,1,0,1,2024-08-23 10:35:00+05:30,2024-08-23 10:40:00+05:30,2024-08-23 11:30:00+05:30,300.5,298.8125,303.5375,-1.6875,L
S1020,ONGC,2024-08-23 10:45:00+05:30,-0.1199,-0.1523,1,1.0,0.0354,55.56,3.4444,0,0.4509,,0,0,1,1,0,1,2024-08-23 10:45:00+05:30,2024-08-23 10:50:00+05:30,2024-08-23 11:25:00+05:30,300.55,298.9607142857143,303.4107142857143,-1.5893,L
S1021,ONGC,2024-08-23 12:05:00+05:30,-0.0894,-0.101,0,,0.8182,18.18,-0.7688,0,0.6906,0.0,3,0,0,0,3,4,2024-08-23 12:20:00+05:30,2024-08-23 12:25:00+05:30,2024-08-23 12:50:00+05:30,299.25,297.92857142857144,301.62857142857143,-1.3214,L
S1022,ONGC,2024-08-26 10:55:00+05:30,0.4666,0.4925,20,9.0,0.9067,72.22,-0.6,0,0.3201,0.0,2,0,1,0,2,3,2024-08-26 11:05:00+05:30,2024-08-26 11:10:00+05:30,2024-08-26 15:00:00+05:30,303.3,301.57678571428573,306.4017857142857,2.3,EOD+
S1023,ONGC,2024-08-26 11:15:00+05:30,0.0313,0.366,0,,0.3815,44.44,-1.0,0,1.7041,,0,1,0,1,0,1,2024-08-26 11:15:00+05:30,2024-08-26 11:20:00+05:30,2024-08-26 15:00:00+05:30,303.6,302.0107142857143,306.4607142857143,2.0,EOD+
S1024,ONGC,2024-08-26 11:25:00+05:30,0.0239,0.1434,0,,0.2247,63.64,0.1538,0,0.549,,0,0,1,1,0,1,2024-08-26 11:25:00+05:30,2024-08-26 11:30:00+05:30,2024-08-26 13:15:00+05:30,303.2,301.75357142857143,305.8035714285714,2.6036,W
S1025,ONGC,2024-08-26 11:35:00+05:30,0.0527,0.0099,0,,0.1546,44.0,1.2222,0,3.3528,,0,0,0,1,0,1,2024-08-26 11:35:00+05:30,2024-08-26 11:40:00+05:30,2024-08-26 15:00:00+05:30,304.05,302.5946428571429,306.66964285714283,1.55,EOD+
S1026,ONGC,2024-08-26 11:45:00+05:30,0.0758,0.0461,1,1.0,0.059,41.18,11.8571,0,1.9456,,0,0,0,1,0,1,2024-08-26 11:45:00+05:30,2024-08-26 11:50:00+05:30,2024-08-26 15:00:00+05:30,303.85,302.3678571428572,306.5178571428572,1.75,EOD+
S1027,ONGC,2024-08-26 13:45:00+05:30,0.1114,0.1353,23,6.0,0.0,28.57,,1,0.601,,0,0,0,1,0,1,2024-08-26 13:45:00+05:30,2024-08-26 13:50:00+05:30,2024-08-26 15:00:00+05:30,305.2,303.8875,307.56249999999994,0.4,EOD+
S1028,ONGC,2024-08-26 14:05:00+05:30,0.0655,0.0991,3,2.0,0.0051,0.0,19.0,0,0.6824,,0,1,0,1,0,1,2024-08-26 14:05:00+05:30,2024-08-26 14:10:00+05:30,2024-08-26 15:00:00+05:30,305.35,304.1357142857143,307.5357142857143,0.25,EOD+
S1029,ONGC,2024-08-26 14:15:00+05:30,0.0671,0.0729,1,1.0,0.2184,0.0,1.0513,0,0.6696,,0,0,0,1,0,1,2024-08-26 14:15:00+05:30,2024-08-26 14:20:00+05:30,2024-08-26 15:00:00+05:30,305.45,304.3339285714286,307.4589285714285,0.15,EOD+
S1030,ONGC,2024-08-26 14:25:00+05:30,0.0598,0.0631,0,,1.7442,37.5,-0.3311,0,1.5395,1.0,1,1,1,0,1,2,2024-08-26 14:30:00+05:30,2024-08-26 14:35:00+05:30,2024-08-26 15:00:00+05:30,305.8,304.72857142857146,307.7285714285714,-0.2,EOD-
S1031,ONGC,2024-08-27 09:20:00+05:30,,,1,1.0,0.0443,66.67,6.1429,0,1.6204,,0,0,0,1,0,1,2024-08-27 09:20:00+05:30,2024-08-27 09:25:00+05:30,2024-08-27 09:45:00+05:30,305.65,303.6767857142857,309.2017857142857,-1.9732,L
S1032,ONGC,2024-08-27 10:30:00+05:30,-0.0804,-0.1033,0,,0.7743,11.11,-0.68,0,1.1708,1.0,3,0,0,0,3,4,2024-08-27 10:45:00+05:30,2024-08-27 10:50:00+05:30,2024-08-27 11:55:00+05:30,305.2,303.1821428571428,308.8321428571429,3.6321,W
S1033,ONGC,2024-08-27 12:50:00+05:30,0.1797,0.2514,24,11.0,0.4404,41.18,1.1053,0,1.0892,,0,0,1,1,0,1,2024-08-27 12:50:00+05:30,2024-08-27 12:55:00+05:30,2024-08-27 14:35:00+05:30,307.8,306.45178571428573,310.22678571428565,-1.3482,L
S1034,ONGC,2024-08-27 13:00:00+05:30,0.1438,0.1992,0,,0.9635,75.0,-0.9145,0,0.587,,0,0,1,1,0,1,2024-08-27 13:00:00+05:30,2024-08-27 13:05:00+05:30,2024-08-27 14:45:00+05:30,307.75,306.2321428571429,310.4821428571428,-1.5179,L
S1035,ONGC,2024-08-27 13:10:00+05:30,0.134,0.1552,0,,0.1338,46.15,3.0,0,0.8316,,0,0,0,1,0,1,2024-08-27 13:10:00+05:30,2024-08-27 13:15:00+05:30,2024-08-27 14:25:00+05:30,308.1,306.6982142857144,310.62321428571425,-1.4018,L
S1036,ONGC,2024-08-27 13:20:00+05:30,0.1193,0.1446,0,,0.3231,25.0,-0.697,0,0.2794,0.0,1,0,1,0,1,2,2024-08-27 13:25:00+05:30,2024-08-27 13:30:00+05:30,2024-08-27 14:25:00+05:30,308.15,306.8732142857143,310.4482142857142,-1.2768,L
S1037,ONGC,2024-08-28 10:35:00+05:30,-0.2114,-0.2415,0,,0.9887,54.55,-0.8347,0,0.3893,0.0,3,1,0,0,3,4,2024-08-28 10:50:00+05:30,2024-08-28 10:55:00+05:30,2024-08-28 15:00:00+05:30,303.7,301.4053571428572,307.8303571428571,1.5,EOD+
S1038,ONGC,2024-08-28 11:00:00+05:30,-0.1417,-0.2305,0,,0.116,40.0,0.9355,0,0.5558,,0,0,1,1,0,1,2024-08-28 11:00:00+05:30,2024-08-28 11:05:00+05:30,2024-08-28 14:35:00+05:30,303.6,301.9303571428572,306.60535714285714,3.0054,W
S1039,ONGC,2024-08-28 12:10:00+05:30,0.1256,0.1652,12,5.0,0.3359,58.33,0.3084,0,1.9865,,0,0,1,1,0,1,2024-08-28 12:10:00+05:30,2024-08-28 12:15:00+05:30,2024-08-28 15:00:00+05:30,304.5,302.5089285714286,308.08392857142854,0.7,EOD+
S1040,ONGC,2024-08-28 12:20:00+05:30,0.1051,0.1487,0,,0.3735,36.36,-0.4958,0,0.4709,0.0,1,1,1,0,1,2,2024-08-28 12:25:00+05:30,2024-08-28 12:30:00+05:30,2024-08-28 15:00:00+05:30,305.2,303.2089285714286,308.78392857142853,0.0,EOD-
S1041,ONGC,2024-08-28 12:45:00+05:30,0.1508,0.1231,3,1.0,0.0109,18.18,59.0,0,0.5757,,0,0,0,1,0,1,2024-08-28 12:45:00+05:30,2024-08-28 12:50:00+05:30,2024-08-28 15:00:00+05:30,305.45,303.7267857142857,308.5517857142857,-0.25,EOD-
S1042,ONGC,2024-08-28 12:55:00+05:30,0.1065,0.1418,0,,0.3461,42.86,-0.3182,0,0.4728,,0,0,0,1,0,1,2024-08-28 12:55:00+05:30,2024-08-28 13:00:00+05:30,2024-08-28 15:00:00+05:30,305.05,303.4607142857143,307.9107142857143,0.15,EOD+
S1043,ONGC,2024-08-28 13:55:00+05:30,-0.0533,-0.073,0,,1.8421,40.0,-0.8,0,1.7707,1.0,3,0,1,0,3,4,2024-08-28 14:10:00+05:30,2024-08-28 14:15:00+05:30,2024-08-28 14:35:00+05:30,305.15,304.1321428571428,306.98214285714283,1.8321,W
S1044,ONGC,2024-08-29 09:50:00+05:30,-0.0672,,0,,0.7896,10.0,-0.4118,0,0.2862,1.0,3,0,1,0,3,4,2024-08-29 10:05:00+05:30,2024-08-29 10:10:00+05:30,2024-08-29 11:00:00+05:30,304.8,302.91607142857146,308.19107142857143,-1.8839,L
S1045,ONGC,2024-08-29 11:00:00+05:30,-0.0748,-0.1299,0,,2.2222,10.53,-0.5,0,0.5188,0.0,3,0,0,0,3,4,2024-08-29 11:15:00+05:30,2024-08-29 11:20:00+05:30,2024-08-29 15:00:00+05:30,304.0,302.3125,307.0375,3.0375,W
S1046,ONGC,2024-08-29 11:25:00+05:30,-0.023,-0.0469,0,,0.2681,63.64,0.1111,0,1.3193,,0,0,0,1,0,1,2024-08-29 11:25:00+05:30,2024-08-29 11:30:00+05:30,2024-08-29 15:00:00+05:30,304.25,302.5714285714286,307.27142857142854,2.5,EOD+
S1047,ONGC,2024-08-29 13:40:00+05:30,0.0647,0.0795,26,5.0,0.1923,16.67,-0.4872,0,0.405,0.0,1,0,1,0,1,2,2024-08-29 13:45:00+05:30,2024-08-29 13:50:00+05:30,2024-08-29 14:00:00+05:30,305.35,304.0821428571429,307.63214285714287,-1.2679,L
S1048,ONGC,2024-08-29 13:55:00+05:30,0.0524,0.0647,0,,0.1763,16.67,0.1765,0,0.4374,,0,0,1,1,0,1,2024-08-29 13:55:00+05:30,2024-08-29 14:00:00+05:30,2024-08-29 14:00:00+05:30,305.25,304.0446428571429,307.4196428571428,-1.2054,L
S1049,ONGC,2024-08-30 10:40:00+05:30,0.1782,0.3146,17,16.0,0.1262,0.0,1.381,0,0.1648,,0,0,1,1,0,1,2024-08-30 10:40:00+05:30,2024-08-30 10:45:00+05:30,2024-08-30 15:00:00+05:30,308.75,306.66964285714283,312.4946428571429,0.05,EOD+
S1050,ONGC,2024-08-30 12:40:00+05:30,-0.1009,-0.1269,0,,0.637,0.0,-0.7802,0,7.9759,1.0,3,0,0,0,3,4,2024-08-30 12:55:00+05:30,2024-08-30 13:00:00+05:30,2024-08-30 13:00:00+05:30,310.2,309.3071428571428,311.8071428571429,-0.8929,L
S1051,ONGC,2024-08-30 13:55:00+05:30,0.12,0.1411,11,11.0,0.3483,27.27,-0.2079,0,0.6742,,0,1,0,1,0,1,2024-08-30 13:55:00+05:30,2024-08-30 14:00:00+05:30,2024-08-30 15:00:00+05:30,308.55,306.7375,311.8125,0.25,EOD+
S1052,ONGC,2024-08-30 14:05:00+05:30,0.111,0.1281,0,,0.4109,0.0,0.2346,0,0.2258,,0,0,1,1,0,1,2024-08-30 14:05:00+05:30,2024-08-30 14:10:00+05:30,2024-08-30 15:00:00+05:30,308.6,307.3678571428572,310.8178571428571,-1.2321,L
S1053,ONGC,2024-08-30 14:15:00+05:30,0.1271,0.1118,0,,0.4322,0.0,0.6901,0,0.3395,,0,0,1,1,0,1,2024-08-30 14:15:00+05:30,2024-08-30 14:20:00+05:30,2024-08-30 15:00:00+05:30,308.8,307.7732142857143,310.6482142857143,-1.0268,L
S1054,ONGC,2024-09-02 10:25:00+05:30,-0.2178,-0.2118,0,,1.367,66.67,-0.956,0,0.4423,1.0,3,0,1,0,3,4,2024-09-02 10:40:00+05:30,2024-09-02 10:45:00+05:30,2024-09-02 12:40:00+05:30,307.0,304.9196428571429,310.7446428571428,-2.0804,L
S1055,ONGC,2024-09-02 11:35:00+05:30,0.1149,0.1231,10,6.0,0.1114,0.0,3.0,0,0.8565,,0,0,0,1,0,1,2024-09-02 11:35:00+05:30,2024-09-02 11:40:00+05:30,2024-09-02 12:40:00+05:30,307.05,305.0857142857143,310.5857142857143,-1.9643,L
S1056,ONGC,2024-09-02 13:45:00+05:30,-0.109,-0.1532,0,,1.5018,50.0,-0.6045,0,0.7281,0.0,3,0,0,0,3,4,2024-09-02 14:00:00+05:30,2024-09-02 14:05:00+05:30,2024-09-02 15:00:00+05:30,304.9,303.4267857142857,307.5517857142857,-1.25,EOD-
S1057,ONGC,2024-09-03 09:15:00+05:30,,,0,,0.2986,42.31,1.623,0,2.5206,,0,0,0,1,0,1,2024-09-03 09:15:00+05:30,2024-09-03 09:20:00+05:30,2024-09-03 09:35:00+05:30,304.9,303.62321428571425,307.1982142857143,-1.2768,L
S1058,ONGC,2024-09-03 09:25:00+05:30,,,1,1.0,0.3261,71.43,0.7073,0,1.2162,,0,0,0,1,0,1,2024-09-03 09:25:00+05:30,2024-09-03 09:30:00+05:30,2024-09-03 10:20:00+05:30,304.2,302.6285714285714,307.02857142857147,-1.5714,L
S1059,ONGC,2024-09-03 11:05:00+05:30,-0.1866,-0.1501,0,,0.8299,44.44,-0.899,0,0.5794,0.0,3,1,1,0,3,4,2024-09-03 11:20:00+05:30,2024-09-03 11:25:00+05:30,2024-09-03 14:30:00+05:30,302.9,301.40892857142853,305.58392857142854,-1.4911,L
S1060,ONGC,2024-09-03 11:30:00+05:30,-0.0909,-0.1586,1,1.0,0.1307,83.33,-0.2857,0,0.3146,0.0,1,0,1,0,1,2,2024-09-03 11:35:00+05:30,2024-09-03 11:40:00+05:30,2024-09-03 14:30:00+05:30,302.55,301.2107142857143,304.9607142857143,-1.3393,L
S1061,ONGC,2024-09-03 12:40:00+05:30,0.0735,0.0661,11,3.0,0.0598,16.67,7.5714,0,0.6113,,0,0,0,1,0,1,2024-09-03 12:40:00+05:30,2024-09-03 12:45:00+05:30,2024-09-03 13:45:00+05:30,302.85,302.11785714285713,304.1678571428572,-0.7321,L
S1062,ONGC,2024-09-03 12:55:00+05:30,0.0347,0.0735,1,1.0,0.0506,60.0,-1.0,0,0.643,,0,0,1,1,0,1,2024-09-03 12:55:00+05:30,2024-09-03 13:00:00+05:30,2024-09-03 13:45:00+05:30,302.9,302.15892857142853,304.2339285714286,-0.7411,L
S1063,ONGC,2024-09-03 13:15:00+05:30,0.0272,0.0248,3,2.0,0.0939,50.0,2.6364,0,4.6818,,0,0,0,1,0,1,2024-09-03 13:15:00+05:30,2024-09-03 13:20:00+05:30,2024-09-03 13:45:00+05:30,302.85,302.11785714285713,304.1678571428572,-0.7321,L
S1064,ONGC,2024-09-04 11:15:00+05:30,-0.1292,-0.448,0,,2.1871,9.09,-0.8162,0,0.42,0.0,3,0,1,0,3,4,2024-09-04 11:30:00+05:30,2024-09-04 11:35:00+05:30,2024-09-04 15:00:00+05:30,291.95,290.0839285714286,295.3089285714285,0.1,EOD+
S1065,ONGC,2024-09-04 12:00:00+05:30,-0.0781,-0.1509,5,5.0,0.1031,41.67,1.5,0,0.9124,,0,0,0,1,0,1,2024-09-04 12:00:00+05:30,2024-09-04 12:05:00+05:30,2024-09-04 15:00:00+05:30,291.45,289.9946428571429,294.0696428571428,0.6,EOD+
S1066,ONGC,2024-09-04 12:35:00+05:30,-0.0378,-0.0249,0,,1.6221,33.33,-0.7619,0,0.773,0.0,3,0,1,0,3,4,2024-09-04 12:50:00+05:30,2024-09-04 12:55:00+05:30,2024-09-04 15:00:00+05:30,291.35,290.0553571428572,293.6803571428572,0.7,EOD+
S1067,ONGC,2024-09-04 13:00:00+05:30,0.012,-0.0343,0,,0.4936,46.15,-0.0909,0,0.8221,1.0,2,0,1,0,2,3,2024-09-04 13:10:00+05:30,2024-09-04 13:15:00+05:30,2024-09-04 15:00:00+05:30,291.7,290.3071428571429,294.20714285714286,0.35,EOD+
S1068,ONGC,2024-09-04 13:35:00+05:30,-0.0069,-0.0129,4,4.0,0.0532,66.67,4.0,0,0.9284,,0,0,0,1,0,1,2024-09-04 13:35:00+05:30,2024-09-04 13:40:00+05:30,2024-09-04 15:00:00+05:30,291.4,289.9892857142857,293.9392857142857,0.65,EOD+
S1069,ONGC,2024-09-04 13:45:00+05:30,-0.0189,-0.0051,0,,0.742,40.0,-0.6226,0,0.5299,0.0,2,0,1,0,2,3,2024-09-04 13:55:00+05:30,2024-09-04 14:00:00+05:30,2024-09-04 15:00:00+05:30,291.35,290.0107142857143,293.7607142857143,0.7,EOD+
S1070,ONGC,2024-09-05 10:15:00+05:30,0.1928,0.2135,12,12.0,0.0168,46.15,5.6667,0,0.2757,,0,0,1,1,0,1,2024-09-05 10:15:00+05:30,2024-09-05 10:20:00+05:30,2024-09-05 14:50:00+05:30,293.1,290.8678571428572,297.1178571428571,-2.2321,L
S1071,ONGC,2024-09-05 10:55:00+05:30,-0.0418,0.0171,0,,1.048,75.0,-1.0,0,1.192,1.0,3,0,0,0,3,4,2024-09-05 11:10:00+05:30,2024-09-05 11:15:00+05:30,2024-09-05 12:30:00+05:30,293.2,291.6017857142857,296.0767857142857,-1.5982,L
S1072,ONGC,2024-09-05 11:45:00+05:30,-0.0914,-0.0341,0,,0.8333,0.0,-0.6,0,0.6902,1.0,3,0,0,0,3,4,2024-09-05 12:00:00+05:30,2024-09-05 12:05:00+05:30,2024-09-05 12:30:00+05:30,292.7,291.575,294.725,-1.125,L
S1073,ONGC,2024-09-05 12:40:00+05:30,-0.0496,-0.0214,0,,1.3632,33.33,-0.7838,0,1.5158,1.0,3,0,1,0,3,4,2024-09-05 12:55:00+05:30,2024-09-05 13:00:00+05:30,2024-09-05 14:20:00+05:30,292.65,291.8017857142857,294.1767857142857,-0.8482,L
S1074,ONGC,2024-09-05 13:10:00+05:30,-0.0368,-0.0582,2,2.0,0.0262,20.0,4.0,0,0.4173,,0,0,1,1,0,1,2024-09-05 13:10:00+05:30,2024-09-05 13:15:00+05:30,2024-09-05 14:50:00+05:30,292.3,291.3446428571429,294.01964285714286,-0.9554,L
S1075,ONGC,2024-09-05 13:25:00+05:30,-0.0077,-0.0368,2,2.0,0.0324,0.0,19.0,0,0.4962,,0,0,1,1,0,1,2024-09-05 13:25:00+05:30,2024-09-05 13:30:00+05:30,2024-09-05 14:50:00+05:30,292.5,291.5357142857143,294.23571428571427,-0.9643,L
S1076,ONGC,2024-09-05 13:45:00+05:30,0.0316,0.0086,3,3.0,0.2602,54.55,1.381,0,0.7851,,0,1,1,1,0,1,2024-09-05 13:45:00+05:30,2024-09-05 13:50:00+05:30,2024-09-05 14:50:00+05:30,292.6,291.59107142857147,294.41607142857146,-1.0089,L
S1077,ONGC,2024-09-05 13:55:00+05:30,0.0282,0.0282,1,1.0,0.0683,66.67,-1.0,0,0.7096,0.0,1,0,0,0,1,2,2024-09-05 14:00:00+05:30,2024-09-05 14:05:00+05:30,2024-09-05 14:50:00+05:30,292.45,291.3517857142857,294.4267857142857,-1.0982,L
S1078,ONGC,2024-09-06 10:35:00+05:30,-0.6035,-0.6328,0,,3.1411,29.63,-0.774,0,1.3358,1.0,3,0,0,0,3,4,2024-09-06 10:50:00+05:30,2024-09-06 10:55:00+05:30,2024-09-06 15:00:00+05:30,286.25,283.0803571428571,291.9553571428572,0.5,EOD+
S1079,ONGC,2024-09-06 11:00:00+05:30,-0.3307,-0.4681,0,,0.7766,52.17,-0.5733,0,1.3698,0.0,3,1,0,0,3,4,2024-09-06 11:15:00+05:30,2024-09-06 11:20:00+05:30,2024-09-06 12:35:00+05:30,285.7,282.6821428571429,291.1321428571428,5.4321,W
S1080,ONGC,2024-09-09 11:35:00+05:30,-0.1949,-0.1433,0,,1.7048,50.0,-0.8675,0,1.0093,1.0,3,1,0,0,3,4,2024-09-09 11:50:00+05:30,2024-09-09 11:55:00+05:30,2024-09-09 13:10:00+05:30,276.9,274.68571428571425,280.88571428571424,-2.2143,L
S1081,ONGC,2024-09-09 13:45:00+05:30,-0.1044,-0.1107,0,,0.4785,25.0,-0.8148,0,0.5815,1.0,3,0,1,0,3,4,2024-09-09 14:00:00+05:30,2024-09-09 14:05:00+05:30,2024-09-09 15:00:00+05:30,275.1,273.68928571428575,277.63928571428573,1.3,EOD+
S1082,ONGC,2024-09-09 14:10:00+05:30,-0.1009,-0.1036,0,,0.7211,14.29,-0.708,0,0.759,1.0,2,0,0,0,2,3,2024-09-09 14:20:00+05:30,2024-09-09 14:25:00+05:30,2024-09-09 14:45:00+05:30,275.0,273.8125,277.13749999999993,2.1375,W
S1083,ONGC,2024-09-09 14:30:00+05:30,-0.03,-0.1018,0,,0.1471,73.33,0.6,0,1.2288,,0,0,1,1,0,1,2024-09-09 14:30:00+05:30,2024-09-09 14:35:00+05:30,2024-09-09 15:00:00+05:30,275.55,274.48750000000007,277.4625,0.85,EOD+
S1084,ONGC,2024-09-10 09:40:00+05:30,0.3388,,5,4.0,0.253,12.5,0.2069,0,0.6652,,0,0,1,1,0,1,2024-09-10 09:40:00+05:30,2024-09-10 09:45:00+05:30,2024-09-10 15:00:00+05:30,277.45,274.58392857142854,282.6089285714285,-2.4,EOD-
S1085,ONGC,2024-09-10 10:35:00+05:30,-0.045,-0.0153,0,,1.0165,84.62,-0.9401,0,0.2589,0.0,3,1,1,0,3,4,2024-09-10 10:50:00+05:30,2024-09-10 10:55:00+05:30,2024-09-10 14:35:00+05:30,277.35,275.2964285714286,281.04642857142863,-2.0536,L
S1086,ONGC,2024-09-10 11:00:00+05:30,-0.1326,-0.1055,0,,0.1696,43.48,3.6809,0,0.8239,,0,0,0,1,0,1,2024-09-10 11:00:00+05:30,2024-09-10 11:05:00+05:30,2024-09-10 14:05:00+05:30,277.6,275.8678571428572,280.7178571428572,-1.7321,L
S1087,ONGC,2024-09-10 11:10:00+05:30,-0.1507,-0.1226,0,,0.4284,75.0,-0.6748,0,0.3272,,0,0,1,1,0,1,2024-09-10 11:10:00+05:30,2024-09-10 11:15:00+05:30,2024-09-10 14:35:00+05:30,277.2,275.4053571428571,280.43035714285713,-1.7946,L
S1088,ONGC,2024-09-10 11:40:00+05:30,0.037,-0.0785,5,5.0,0.1583,0.0,0.0526,0,0.3387,,0,1,0,1,0,1,2024-09-10 11:40:00+05:30,2024-09-10 11:45:00+05:30,2024-09-10 14:15:00+05:30,277.1,275.6,279.8,-1.5,L
S1089,ONGC,2024-09-10 11:50:00+05:30,0.074,0.0226,0,,0.3852,25.0,-0.5122,0,1.896,1.0,1,1,1,0,1,2,2024-09-10 11:55:00+05:30,2024-09-10 12:00:00+05:30,2024-09-10 14:05:00+05:30,277.3,275.9696428571429,279.6946428571428,-1.3304,L
S1090,ONGC,2024-09-10 12:15:00+05:30,0.0415,0.0839,0,,0.9505,0.0,-0.5946,0,0.5729,1.0,3,1,1,0,3,4,2024-09-10 12:30:00+05:30,2024-09-10 12:35:00+05:30,2024-09-10 14:00:00+05:30,277.3,276.32678571428573,279.05178571428576,-0.9732,L
S1091,ONGC,2024-09-10 12:50:00+05:30,0.0036,-0.0253,2,2.0,0.54,50.0,0.2346,0,0.717,,0,1,1,1,0,1,2024-09-10 12:50:00+05:30,2024-09-10 12:55:00+05:30,2024-09-10 14:00:00+05:30,277.4,276.4625,279.0875,-0.9375,L
S1092,ONGC,2024-09-10 13:00:00+05:30,0.0117,-0.0027,1,1.0,0.35,60.0,-1.0,0,0.6826,0.0,1,0,0,0,1,2,2024-09-10 13:05:00+05:30,2024-09-10 13:10:00+05:30,2024-09-10 14:00:00+05:30,277.4,276.3642857142857,279.2642857142857,-1.0357,L
S1093,ONGC,2024-09-10 13:15:00+05:30,0.0036,0.0117,1,1.0,0.0324,42.86,7.0,0,0.6327,,0,0,1,1,0,1,2024-09-10 13:15:00+05:30,2024-09-10 13:20:00+05:30,2024-09-10 14:00:00+05:30,277.35,276.3857142857144,279.0857142857143,-0.9643,L
S1094,ONGC,2024-09-10 13:25:00+05:30,0.0117,0.0027,0,,1.1427,53.33,-0.6859,0,0.8079,0.0,2,1,0,0,2,3,2024-09-10 13:35:00+05:30,2024-09-10 13:40:00+05:30,2024-09-10 14:00:00+05:30,277.35,276.3053571428572,279.23035714285714,-1.0446,L
S1095,ONGC,2024-09-11 12:25:00+05:30,-0.2048,-0.1962,0,,1.3393,33.33,-0.9396,0,0.798,0.0,3,0,0,0,3,4,2024-09-11 12:40:00+05:30,2024-09-11 12:45:00+05:30,2024-09-11 13:50:00+05:30,267.4,265.85535714285714,270.18035714285713,-1.5446,L
S1096,ONGC,2024-09-11 12:55:00+05:30,-0.1011,-0.1451,2,1.0,0.4209,72.73,-0.7895,0,1.1624,1.0,1,0,0,0,1,2,2024-09-11 13:00:00+05:30,2024-09-11 13:05:00+05:30,2024-09-11 13:50:00+05:30,267.05,265.63928571428573,269.5892857142858,-1.4107,L
S1097,ONGC,2024-09-11 13:10:00+05:30,-0.074,-0.1011,0,,0.2745,38.46,-0.6667,0,0.6416,,0,1,1,1,0,1,2024-09-11 13:10:00+05:30,2024-09-11 13:15:00+05:30,2024-09-11 13:50:00+05:30,267.05,265.68392857142857,269.5089285714286,-1.3661,L
S1098,ONGC,2024-09-11 13:30:00+05:30,0.0159,-0.0356,2,2.0,0.3178,50.0,-0.1892,0,0.4623,0.0,1,0,1,0,1,2,2024-09-11 13:35:00+05:30,2024-09-11 13:40:00+05:30,2024-09-11 13:50:00+05:30,266.9,265.4446428571428,269.5196428571429,-1.4554,L
S1099,ONGC,2024-09-12 10:10:00+05:30,0.3138,0.3285,11,10.0,0.1869,46.67,0.3333,0,0.1753,,0,1,1,1,0,1,2024-09-12 10:10:00+05:30,2024-09-12 10:15:00+05:30,2024-09-12 14:30:00+05:30,267.0,263.9910714285714,272.41607142857146,5.4161,W
S1100,ONGC,2024-09-12 10:55:00+05:30,0.1511,0.294,7,4.0,0.4956,15.38,0.0,0,0.5165,0.0,1,1,1,0,1,2,2024-09-12 11:00:00+05:30,2024-09-12 11:05:00+05:30,2024-09-12 14:15:00+05:30,268.1,266.0821428571429,271.7321428571429,3.6321,W
S1101,ONGC,2024-09-12 11:20:00+05:30,0.0373,0.0522,2,2.0,0.2692,61.54,-0.75,0,2.771,1.0,3,1,0,0,3,4,2024-09-12 11:35:00+05:30,2024-09-12 11:40:00+05:30,2024-09-12 14:45:00+05:30,269.55,267.6928571428571,272.8928571428572,3.3429,W
S1102,ONGC,2024-09-12 11:45:00+05:30,0.0671,0.0289,0,,0.7154,29.41,-0.2241,0,0.8886,1.0,1,0,0,0,1,2,2024-09-12 11:50:00+05:30,2024-09-12 11:55:00+05:30,2024-09-12 14:30:00+05:30,268.85,266.8232142857143,272.4982142857144,3.6482,W
S1103,ONGC,2024-09-12 12:05:00+05:30,0.0419,0.1034,1,1.0,0.2305,23.08,0.5,0,0.4754,,0,0,0,1,0,1,2024-09-12 12:05:00+05:30,2024-09-12 12:10:00+05:30,2024-09-12 14:30:00+05:30,268.45,266.2803571428571,272.3553571428572,3.9054,W
S1104,ONGC,2024-09-12 13:15:00+05:30,0.1152,0.106,13,7.0,0.0757,33.33,2.75,0,0.5832,,0,0,0,1,0,1,2024-09-12 13:15:00+05:30,2024-09-12 13:20:00+05:30,2024-09-12 14:05:00+05:30,269.1,267.77857142857147,271.47857142857146,2.3786,W
S1105,ONGC,2024-09-12 13:45:00+05:30,0.0474,0.0669,0,,0.939,12.5,-0.5152,0,4.8366,1.0,3,0,0,0,3,4,2024-09-12 14:00:00+05:30,2024-09-12 14:05:00+05:30,2024-09-12 14:45:00+05:30,270.85,269.75178571428575,272.82678571428573,1.9768,W
S1106,ONGC,2024-09-13 09:25:00+05:30,,,2,2.0,0.0164,7.14,2.3333,0,0.9176,,0,0,0,1,0,1,2024-09-13 09:25:00+05:30,2024-09-13 09:30:00+05:30,2024-09-13 15:00:00+05:30,272.75,270.4642857142857,276.86428571428576,-1.5,EOD-
S1107,ONGC,2024-09-13 09:45:00+05:30,0.2169,,2,1.0,0.0627,38.89,4.6,0,0.1782,,0,0,1,1,0,1,2024-09-13 09:45:00+05:30,2024-09-13 09:50:00+05:30,2024-09-13 13:40:00+05:30,273.75,271.25892857142856,278.2339285714286,-2.4911,L
S1108,ONGC,2024-09-13 10:45:00+05:30,0.0748,0.0976,11,9.0,0.2158,18.18,0.3514,0,0.2712,,0,1,1,1,0,1,2024-09-13 10:45:00+05:30,2024-09-13 10:50:00+05:30,2024-09-13 12:40:00+05:30,274.35,272.2071428571429,278.20714285714286,-2.1429,L
S1109,ONGC,2024-09-13 10:55:00+05:30,0.103,0.0729,0,,0.8545,46.15,-0.631,0,0.5291,0.0,1,0,0,0,1,2,2024-09-13 11:00:00+05:30,2024-09-13 11:05:00+05:30,2024-09-13 11:55:00+05:30,274.7,272.7178571428572,278.2678571428571,-1.9821,L
S1110,ONGC,2024-09-13 11:10:00+05:30,0.1438,0.103,0,,0.2947,71.43,-0.4444,0,0.5147,,0,0,0,1,0,1,2024-09-13 11:10:00+05:30,2024-09-13 11:15:00+05:30,2024-09-13 11:50:00+05:30,274.9,273.37321428571425,277.64821428571423,-1.5268,L
S1111,ONGC,2024-09-13 11:20:00+05:30,0.1347,0.1384,0,,0.2534,83.33,-0.661,0,0.2933,0.0,1,0,1,0,1,2,2024-09-13 11:25:00+05:30,2024-09-13 11:30:00+05:30,2024-09-13 11:50:00+05:30,274.9,273.44464285714287,277.5196428571428,-1.4554,L
S1112,ONGC,2024-09-13 12:50:00+05:30,-0.1693,-0.149,0,,1.5978,40.0,-0.873,0,0.3926,0.0,3,0,1,0,3,4,2024-09-13 13:05:00+05:30,2024-09-13 13:10:00+05:30,2024-09-13 13:20:00+05:30,272.95,271.7178571428572,275.1678571428571,-1.2321,L
S1113,ONGC,2024-09-16 10:30:00+05:30,0.1851,0.1816,15,15.0,0.126,0.0,2.8889,0,0.3288,,0,0,0,1,0,1,2024-09-16 10:30:00+05:30,2024-09-16 10:35:00+05:30,2024-09-16 12:05:00+05:30,273.15,271.3642857142857,276.36428571428564,-1.7857,L
S1114,ONGC,2024-09-16 10:40:00+05:30,0.1758,0.197,0,,0.1322,40.0,-0.4118,0,0.5212,,0,1,1,1,0,1,2024-09-16 10:40:00+05:30,2024-09-16 10:45:00+05:30,2024-09-16 11:25:00+05:30,273.4,271.79285714285714,276.2928571428571,-1.6071,L
S1115,ONGC,2024-09-16 12:15:00+05:30,-0.1405,-0.144,0,,1.68,70.83,-0.9444,0,1.4024,0.0,3,0,0,0,3,4,2024-09-16 12:30:00+05:30,2024-09-16 12:35:00+05:30,2024-09-16 15:00:00+05:30,272.5,271.1607142857143,274.9107142857143,-0.25,EOD-
S1116,ONGC,2024-09-16 12:50:00+05:30,-0.0487,-0.0873,2,2.0,0.3907,27.27,0.3889,0,1.1951,,0,0,1,1,0,1,2024-09-16 12:50:00+05:30,2024-09-16 12:55:00+05:30,2024-09-16 15:00:00+05:30,272.1,270.9482142857143,274.1732142857143,0.15,EOD+
S1117,ONGC,2024-09-16 13:05:00+05:30,-0.011,-0.0487,2,1.0,0.0986,71.43,0.0,0,0.7865,1.0,2,0,0,0,2,3,2024-09-16 13:15:00+05:30,2024-09-16 13:20:00+05:30,2024-09-16 15:00:00+05:30,272.2,270.9321428571428,274.48214285714283,0.05,EOD+
S1118,ONGC,2024-09-16 13:25:00+05:30,0.0156,-0.0037,0,,0.0778,50.0,1.8571,0,0.5763,,0,0,1,1,0,1,2024-09-16 13:25:00+05:30,2024-09-16 13:30:00+05:30,2024-09-16 15:00:00+05:30,272.15,271.025,274.17499999999995,0.1,EOD+
S1119,ONGC,2024-09-17 10:05:00+05:30,0.1346,0.1402,10,10.0,0.0,69.23,,1,0.4014,,0,0,1,1,0,1,2024-09-17 10:05:00+05:30,2024-09-17 10:10:00+05:30,2024-09-17 15:00:00+05:30,273.05,270.925,276.87500000000006,1.15,EOD+
S1120,ONGC,2024-09-17 10:15:00+05:30,0.1145,0.1429,1,1.0,0.1063,50.0,-0.4444,0,0.5352,1.0,1,0,1,0,1,2,2024-09-17 10:20:00+05:30,2024-09-17 10:25:00+05:30,2024-09-17 15:00:00+05:30,273.55,271.43392857142857,277.35892857142863,0.65,EOD+
S1121,ONGC,2024-09-17 10:30:00+05:30,0.1034,0.1145,0,,0.4823,33.33,0.4159,0,0.7726,,0,0,1,1,0,1,2024-09-17 10:30:00+05:30,2024-09-17 10:35:00+05:30,2024-09-17 15:00:00+05:30,273.35,271.8857142857143,275.9857142857144,0.85,EOD+
S1122,ONGC,2024-09-17 11:35:00+05:30,-0.0503,-0.0988,0,,1.3755,15.38,-0.5018,0,0.9836,1.0,3,0,1,0,3,4,2024-09-17 11:50:00+05:30,2024-09-17 11:55:00+05:30,2024-09-17 15:00:00+05:30,273.5,272.2232142857143,275.7982142857143,0.7,EOD+
S1123,ONGC,2024-09-17 12:20:00+05:30,-0.0669,-0.0192,0,,0.7049,77.78,-0.8601,0,0.9534,1.0,3,0,0,0,3,4,2024-09-17 12:35:00+05:30,2024-09-17 12:40:00+05:30,2024-09-17 15:00:00+05:30,272.9,271.63214285714287,275.1821428571428,1.3,EOD+
S1124,ONGC,2024-09-17 13:15:00+05:30,-0.0037,0.0009,0,,0.9753,50.0,-0.5161,0,1.6311,1.0,3,0,0,0,3,4,2024-09-17 13:30:00+05:30,2024-09-17 13:35:00+05:30,2024-09-17 14:20:00+05:30,273.3,272.5053571428572,274.73035714285714,1.4304,W
S1125,ONGC,2024-09-18 09:20:00+05:30,,,1,1.0,0.2493,67.86,0.3699,0,2.447,,0,0,0,1,0,1,2024-09-18 09:20:00+05:30,2024-09-18 09:25:00+05:30,2024-09-18 09:50:00+05:30,274.45,272.6196428571429,277.7446428571428,-1.8304,L
S1126,ONGC,2024-09-18 11:35:00+05:30,-0.0984,-0.1893,0,,0.7326,71.43,-0.7037,0,0.4117,0.0,3,0,1,0,3,4,2024-09-18 11:50:00+05:30,2024-09-18 11:55:00+05:30,2024-09-18 12:45:00+05:30,271.85,270.6982142857144,273.92321428571427,-1.1518,L
S1127,ONGC,2024-09-18 12:05:00+05:30,-0.0451,-0.0616,1,1.0,0.0832,25.0,2.3333,0,0.5507,,0,0,0,1,0,1,2024-09-18 12:05:00+05:30,2024-09-18 12:10:00+05:30,2024-09-18 12:45:00+05:30,271.9,270.99821428571425,273.52321428571423,-0.9018,L
S1128,ONGC,2024-09-18 12:15:00+05:30,-0.034,-0.0561,1,1.0,0.4143,11.11,0.0345,0,0.9118,,0,0,0,1,0,1,2024-09-18 12:15:00+05:30,2024-09-18 12:20:00+05:30,2024-09-18 12:45:00+05:30,271.6,270.725,273.175,-0.875,L
S1129,ONGC,2024-09-18 12:25:00+05:30,-0.0193,-0.0405,0,,0.2484,28.57,-0.3939,0,0.3595,,0,0,1,1,0,1,2024-09-18 12:25:00+05:30,2024-09-18 12:30:00+05:30,2024-09-18 12:45:00+05:30,271.8,270.96964285714284,273.2946428571429,-0.8304,L
S1130,ONGC,2024-09-18 14:05:00+05:30,-0.2002,-0.2398,0,,0.857,50.0,-0.8473,0,0.4762,1.0,3,0,0,0,3,4,2024-09-18 14:20:00+05:30,2024-09-18 14:25:00+05:30,2024-09-18 15:00:00+05:30,269.8,267.88928571428573,273.2392857142857,0.45,EOD+
S1131,ONGC,2024-09-18 14:30:00+05:30,-0.1383,-0.2143,0,,0.0462,85.71,0.5385,0,1.1292,,0,1,0,1,0,1,2024-09-18 14:30:00+05:30,2024-09-18 14:35:00+05:30,2024-09-18 15:00:00+05:30,270.0,268.24107142857144,273.1660714285714,0.25,EOD+
S1132,ONGC,2024-09-19 12:25:00+05:30,-0.2283,-0.2026,0,,1.0889,38.46,-0.9554,0,2.0163,1.0,3,1,0,0,3,4,2024-09-19 12:40:00+05:30,2024-09-19 12:45:00+05:30,2024-09-19 15:00:00+05:30,265.75,263.17857142857144,270.37857142857143,-0.8,EOD-
S1133,ONGC,2024-09-19 13:10:00+05:30,-0.0264,-0.033,5,4.0,0.0033,85.71,39.0,0,0.2186,,0,0,1,1,0,1,2024-09-19 13:10:00+05:30,2024-09-19 13:15:00+05:30,2024-09-19 15:00:00+05:30,264.9,263.0071428571428,268.3071428571428,0.05,EOD+
S1134,ONGC,2024-09-19 13:20:00+05:30,0.0302,-0.0132,1,1.0,0.0609,76.92,1.2222,0,0.5276,,0,1,0,1,0,1,2024-09-19 13:20:00+05:30,2024-09-19 13:25:00+05:30,2024-09-19 13:45:00+05:30,266.1,264.25178571428575,269.4267857142857,-1.8482,L
S1135,ONGC,2024-09-19 13:30:00+05:30,0.067,-0.0227,1,1.0,0.0636,56.25,6.0,0,0.6749,,0,1,0,1,0,1,2024-09-19 13:30:00+05:30,2024-09-19 13:35:00+05:30,2024-09-19 15:00:00+05:30,265.4,263.43571428571425,268.93571428571425,-0.45,EOD-
S1136,ONGC,2024-09-19 14:00:00+05:30,-0.0047,0.0302,0,,1.2456,80.0,-0.9449,0,1.3346,1.0,3,0,0,0,3,4,2024-09-19 14:15:00+05:30,2024-09-19 14:20:00+05:30,2024-09-19 15:00:00+05:30,264.95,263.12857142857143,268.22857142857134,0.0,EOD-
S1137,ONGC,2024-09-19 14:25:00+05:30,-0.0028,0.016,0,,0.1359,12.5,2.0,0,0.9458,,0,0,1,1,0,1,2024-09-19 14:25:00+05:30,2024-09-19 14:30:00+05:30,2024-09-19 15:00:00+05:30,265.25,263.4107142857143,268.56071428571425,-0.3,EOD-
S1138,ONGC,2024-09-20 10:05:00+05:30,0.1587,0.1889,10,10.0,0.3054,88.24,-0.6923,0,0.2798,0.0,2,0,1,0,2,3,2024-09-20 10:15:00+05:30,2024-09-20 10:20:00+05:30,2024-09-20 15:00:00+05:30,266.6,263.9392857142857,271.3892857142858,0.35,EOD+
S1139,ONGC,2024-09-20 10:30:00+05:30,0.1303,0.1558,0,,0.9244,33.33,-0.6117,0,0.698,1.0,3,1,1,0,3,4,2024-09-20 10:45:00+05:30,2024-09-20 10:50:00+05:30,2024-09-20 15:00:00+05:30,266.8,264.7107142857143,270.5607142857144,0.15,EOD+
S1140,ONGC,2024-09-20 10:55:00+05:30,-0.0047,0.0928,0,,0.6888,38.46,-0.8913,0,1.2201,1.0,2,1,0,0,2,3,2024-09-20 11:05:00+05:30,2024-09-20 11:10:00+05:30,2024-09-20 15:00:00+05:30,266.95,265.2803571428572,269.9553571428571,0.0,EOD-
S1141,ONGC,2024-09-20 13:00:00+05:30,-0.0441,-0.0244,0,,0.5713,18.18,-0.6396,0,0.8018,0.0,3,0,0,0,3,4,2024-09-20 13:15:00+05:30,2024-09-20 13:20:00+05:30,2024-09-20 15:00:00+05:30,266.8,265.5857142857143,268.9857142857143,0.15,EOD+
S1142,ONGC,2024-09-20 13:35:00+05:30,-0.0216,-0.0638,3,2.0,0.2281,4.55,2.4483,0,1.8345,,0,1,0,1,0,1,2024-09-20 13:35:00+05:30,2024-09-20 13:40:00+05:30,2024-09-20 15:00:00+05:30,267.0,265.4107142857143,269.8607142857143,-0.05,EOD-
S1143,ONGC,2024-09-20 13:45:00+05:30,0.0009,-0.0413,0,,0.6249,36.36,-0.3671,0,1.6908,,0,1,0,1,0,1,2024-09-20 13:45:00+05:30,2024-09-20 13:50:00+05:30,2024-09-20 15:00:00+05:30,266.7,265.1196428571428,269.5446428571429,0.25,EOD+
S1144,ONGC,2024-09-20 13:55:00+05:30,0.0159,-0.0178,0,,0.1944,43.75,0.2,0,2.6328,,0,0,0,1,0,1,2024-09-20 13:55:00+05:30,2024-09-20 14:00:00+05:30,2024-09-20 15:00:00+05:30,266.95,265.3428571428571,269.8428571428572,0.0,EOD-
S1145,ONGC,2024-09-20 14:05:00+05:30,0.0394,-0.0009,0,,0.1337,85.71,-0.4118,0,1.0578,,0,0,1,1,0,1,2024-09-20 14:05:00+05:30,2024-09-20 14:10:00+05:30,2024-09-20 15:00:00+05:30,266.95,265.36071428571427,269.8107142857143,0.0,EOD-
S1146,ONGC,2024-09-23 12:40:00+05:30,0.1076,0.1505,41,11.0,0.2094,69.23,0.0526,0,0.8598,,0,0,1,1,0,1,2024-09-23 12:40:00+05:30,2024-09-23 12:45:00+05:30,2024-09-23 15:00:00+05:30,274.15,273.0160714285714,276.1910714285714,0.9,EOD+
S1147,ONGC,2024-09-23 12:50:00+05:30,0.0511,0.1341,0,,1.1444,28.57,-1.0,0,0.8129,0.0,3,0,0,0,3,4,2024-09-23 13:05:00+05:30,2024-09-23 13:10:00+05:30,2024-09-23 15:00:00+05:30,274.45,273.325,276.475,0.6,EOD+
S1148,ONGC,2024-09-23 14:30:00+05:30,0.1018,0.0655,16,3.0,0.3363,28.57,0.6327,0,0.8271,,0,0,0,1,0,1,2024-09-23 14:30:00+05:30,2024-09-23 14:35:00+05:30,2024-09-23 15:00:00+05:30,275.0,274.0892857142857,276.6392857142857,0.05,EOD+
S1149,ONGC,2024-09-24 09:15:00+05:30,,,0,,1.3184,47.06,-0.6091,0,1.6634,0.0,1,0,0,0,1,2,2024-09-24 09:20:00+05:30,2024-09-24 09:25:00+05:30,2024-09-24 13:15:00+05:30,275.5,274.0446428571429,278.1196428571428,2.6196,W
S1150,ONGC,2024-09-24 11:50:00+05:30,-0.0534,-0.0524,0,,0.7728,28.57,-1.0,0,0.9343,1.0,3,0,1,0,3,4,2024-09-24 12:05:00+05:30,2024-09-24 12:10:00+05:30,2024-09-24 13:15:00+05:30,276.65,275.53392857142853,278.65892857142853,2.0089,W
S1151,ONGC,2024-09-25 09:15:00+05:30,,,0,,1.8264,9.09,-0.7357,0,0.7518,0.0,2,0,1,0,2,3,2024-09-25 09:25:00+05:30,2024-09-25 09:30:00+05:30,2024-09-25 09:35:00+05:30,279.4,277.8464285714286,282.1964285714285,-1.5536,L
S1152,ONGC,2024-09-25 09:40:00+05:30,-0.1442,,0,,2.1126,33.33,-0.792,0,0.3582,0.0,3,0,0,0,3,4,2024-09-25 09:55:00+05:30,2024-09-25 10:00:00+05:30,2024-09-25 10:10:00+05:30,278.95,276.9589285714286,282.53392857142853,-1.9911,L
S1153,ONGC,2024-09-25 10:10:00+05:30,-0.1463,-0.165,0,,2.1444,66.67,-0.9741,0,0.6679,1.0,3,0,1,0,3,4,2024-09-25 10:25:00+05:30,2024-09-25 10:30:00+05:30,2024-09-25 12:05:00+05:30,279.0,276.75,283.04999999999995,-2.25,L
S1154,ONGC,2024-09-25 10:50:00+05:30,0.0512,-0.0054,4,3.0,0.0634,55.56,2.3333,0,0.4885,,0,0,1,1,0,1,2024-09-25 10:50:00+05:30,2024-09-25 10:55:00+05:30,2024-09-25 12:15:00+05:30,278.7,276.33392857142854,282.95892857142854,-2.3661,L
S1155,ONGC,2024-09-25 11:00:00+05:30,0.0009,0.0494,0,,0.1869,0.0,-0.7015,0,0.5945,1.0,1,1,0,0,1,2,2024-09-25 11:05:00+05:30,2024-09-25 11:10:00+05:30,2024-09-25 12:05:00+05:30,278.9,276.6589285714286,282.9339285714285,-2.2411,L
S1156,ONGC,2024-09-25 11:20:00+05:30,0.017,-0.0206,2,2.0,0.2566,36.36,0.7284,0,0.4004,,0,0,0,1,0,1,2024-09-25 11:20:00+05:30,2024-09-25 11:25:00+05:30,2024-09-25 12:05:00+05:30,278.7,276.7267857142857,282.25178571428563,-1.9732,L
S1157,ONGC,2024-09-25 11:30:00+05:30,0.0538,0.0018,0,,0.0583,62.5,1.6667,0,0.2723,,0,0,0,1,0,1,2024-09-25 11:30:00+05:30,2024-09-25 11:35:00+05:30,2024-09-25 11:50:00+05:30,278.95,277.3428571428572,281.8428571428571,-1.6071,L
S1158,ONGC,2024-09-25 11:40:00+05:30,0.0269,0.035,1,1.0,0.1658,25.0,0.6667,0,0.3839,,0,0,1,1,0,1,2024-09-25 11:40:00+05:30,2024-09-25 11:45:00+05:30,2024-09-25 11:50:00+05:30,278.7,277.3428571428572,281.1428571428571,-1.3571,L
S1159,ONGC,2024-09-25 13:05:00+05:30,-0.1677,-0.136,0,,1.9296,70.0,-0.8738,0,0.5793,0.0,3,0,1,0,3,4,2024-09-25 13:20:00+05:30,2024-09-25 13:25:00+05:30,2024-09-25 15:00:00+05:30,277.05,276.02321428571435,278.89821428571423,-0.55,EOD-
S1160,ONGC,2024-09-25 13:30:00+05:30,-0.1327,-0.1804,0,,0.6848,16.67,-0.3333,0,0.5863,1.0,1,1,0,0,1,2,2024-09-25 13:35:00+05:30,2024-09-25 13:40:00+05:30,2024-09-25 15:00:00+05:30,277.05,276.22857142857146,278.5285714285714,-0.55,EOD-
S1161,ONGC,2024-09-25 13:45:00+05:30,-0.0307,-0.1327,0,,0.342,16.67,0.3953,0,0.9936,,0,0,1,1,0,1,2024-09-25 13:45:00+05:30,2024-09-25 13:50:00+05:30,2024-09-25 15:00:00+05:30,277.0,276.2142857142857,278.4142857142857,-0.5,EOD-
S1162,ONGC,2024-09-25 14:05:00+05:30,-0.0045,-0.0126,0,,1.2286,66.67,-0.8837,0,0.739,0.0,3,0,1,0,3,4,2024-09-25 14:20:00+05:30,2024-09-25 14:25:00+05:30,2024-09-25 15:00:00+05:30,276.95,276.075,278.525,-0.45,EOD-
S1163,ONGC,2024-09-26 10:25:00+05:30,-0.2913,-0.3262,0,,1.5757,88.24,-0.9292,0,0.7376,0.0,3,0,1,0,3,4,2024-09-26 10:40:00+05:30,2024-09-26 10:45:00+05:30,2024-09-26 11:55:00+05:30,274.25,272.00892857142856,278.2839285714286,-2.2411,L
S1164,ONGC,2024-09-26 12:35:00+05:30,-0.163,-0.1747,0,,0.8273,46.15,-0.4231,0,0.6567,0.0,3,1,0,0,3,4,2024-09-26 12:50:00+05:30,2024-09-26 12:55:00+05:30,2024-09-26 14:55:00+05:30,273.0,271.42857142857144,275.8285714285714,2.8286,W
S1165,ONGC,2024-09-26 13:00:00+05:30,-0.1173,-0.153,0,,0.3027,11.11,0.75,0,0.6051,,0,1,1,1,0,1,2024-09-26 13:00:00+05:30,2024-09-26 13:05:00+05:30,2024-09-26 14:55:00+05:30,273.0,271.34821428571433,275.9732142857142,2.9732,W
S1166,ONGC,2024-09-26 14:10:00+05:30,0.1954,0.2312,12,6.0,0.5973,50.0,-0.2357,0,1.5852,0.0,1,1,0,0,1,2,2024-09-26 14:15:00+05:30,2024-09-26 14:20:00+05:30,2024-09-26 15:00:00+05:30,274.65,273.0071428571428,277.60714285714283,1.05,EOD+
S1167,ONGC,2024-09-27 09:50:00+05:30,-0.2659,,0,,2.1109,80.0,-0.9587,0,0.9104,1.0,3,0,0,0,3,4,2024-09-27 10:05:00+05:30,2024-09-27 10:10:00+05:30,2024-09-27 15:00:00+05:30,274.55,271.68392857142857,279.7089285714286,-0.35,EOD-
S1168,ONGC,2024-09-27 11:10:00+05:30,0.2391,0.0896,0,,0.6128,7.69,-0.3966,0,0.5995,1.0,3,0,0,0,3,4,2024-09-27 11:25:00+05:30,2024-09-27 11:30:00+05:30,2024-09-27 13:00:00+05:30,274.25,271.8839285714286,278.50892857142856,-2.3661,L
S1169,ONGC,2024-09-27 12:00:00+05:30,-0.0729,0.173,0,,0.9767,44.44,-0.8333,0,2.0033,1.0,3,0,1,0,3,4,2024-09-27 12:15:00+05:30,2024-09-27 12:20:00+05:30,2024-09-27 12:25:00+05:30,274.95,273.4142857142857,277.7142857142857,-1.5357,L
S1170,ONGC,2024-09-27 13:00:00+05:30,-0.0986,-0.1214,0,,2.4821,29.63,-0.6119,0,1.0678,0.0,3,0,0,0,3,4,2024-09-27 13:15:00+05:30,2024-09-27 13:20:00+05:30,2024-09-27 15:00:00+05:30,274.25,272.30357142857144,277.7535714285714,-0.05,EOD-
S1171,ONGC,2024-09-27 13:25:00+05:30,-0.0347,-0.0859,0,,0.1578,88.89,-1.0,0,0.5273,,0,0,1,1,0,1,2024-09-27 13:25:00+05:30,2024-09-27 13:30:00+05:30,2024-09-27 15:00:00+05:30,274.2,272.0214285714286,278.1214285714285,0.0,EOD-
S1172,ONGC,2024-09-27 13:45:00+05:30,0.0174,-0.0128,3,3.0,0.1457,30.0,2.0435,0,0.3838,,0,0,1,1,0,1,2024-09-27 13:45:00+05:30,2024-09-27 13:50:00+05:30,2024-09-27 15:00:00+05:30,273.9,271.9267857142857,277.4517857142857,0.3,EOD+
S1173,ONGC,2024-09-30 09:25:00+05:30,,,2,2.0,0.1997,5.56,0.9469,0,0.441,,0,0,0,1,0,1,2024-09-30 09:25:00+05:30,2024-09-30 09:30:00+05:30,2024-09-30 15:00:00+05:30,275.9,272.3642857142857,282.26428571428573,2.6,EOD+
S1174,ONGC,2024-09-30 10:25:00+05:30,0.0082,-0.0363,0,,0.4971,17.65,-0.898,0,0.3324,1.0,3,0,1,0,3,4,2024-09-30 10:40:00+05:30,2024-09-30 10:45:00+05:30,2024-09-30 12:35:00+05:30,275.45,272.98571428571427,279.8857142857143,4.4357,W
S1175,ONGC,2024-09-30 13:10:00+05:30,0.3353,0.3889,29,5.0,0.3686,18.18,0.3445,0,0.8036,,0,0,0,1,0,1,2024-09-30 13:10:00+05:30,2024-09-30 13:15:00+05:30,2024-09-30 13:30:00+05:30,279.0,276.9821428571429,282.63214285714287,-2.0179,L
S1176,ONGC,2024-09-30 13:45:00+05:30,0.0027,0.1335,0,,1.6967,47.37,-0.6944,0,0.6404,1.0,3,0,1,0,3,4,2024-09-30 14:00:00+05:30,2024-09-30 14:05:00+05:30,2024-09-30 15:00:00+05:30,278.9,276.73035714285714,282.8053571428571,-0.4,EOD-
S1177,ONGC,2024-10-01 09:15:00+05:30,,,0,,2.1996,47.5,-0.8136,0,0.799,0.0,1,0,0,0,1,2,2024-10-01 09:20:00+05:30,2024-10-01 09:25:00+05:30,2024-10-01 09:30:00+05:30,278.05,275.91607142857146,281.8910714285715,-2.1339,L
S1178,ONGC,2024-10-01 11:20:00+05:30,-0.1698,-0.2096,0,,1.371,75.0,-0.8413,0,0.6613,0.0,3,0,1,0,3,4,2024-10-01 11:35:00+05:30,2024-10-01 11:40:00+05:30,2024-10-01 12:40:00+05:30,275.1,273.37678571428575,278.20178571428573,-1.7232,L
S1179,ONGC,2024-10-01 11:45:00+05:30,-0.1328,-0.1572,0,,0.4506,30.77,-0.8214,0,0.92,0.0,2,0,0,0,2,3,2024-10-01 11:55:00+05:30,2024-10-01 12:00:00+05:30,2024-10-01 12:40:00+05:30,275.2,273.64642857142854,277.99642857142857,-1.5536,L
S1180,ONGC,2024-10-01 12:10:00+05:30,-0.0146,-0.0673,2,2.0,0.7378,61.54,-0.359,0,0.7652,0.0,1,0,1,0,1,2,2024-10-01 12:15:00+05:30,2024-10-01 12:20:00+05:30,2024-10-01 12:40:00+05:30,274.95,273.62857142857143,277.32857142857137,-1.3214,L
S1181,ONGC,2024-10-01 12:55:00+05:30,-0.1001,-0.0555,0,,1.7599,75.0,-0.8319,0,0.4839,0.0,3,0,1,0,3,4,2024-10-01 13:10:00+05:30,2024-10-01 13:15:00+05:30,2024-10-01 13:30:00+05:30,274.6,273.33214285714286,276.88214285714287,-1.2679,L
S1182,ONGC,2024-10-03 10:15:00+05:30,0.2744,0.2757,12,10.0,0.2874,38.89,0.1429,0,0.5459,,0,1,0,1,0,1,2024-10-03 10:15:00+05:30,2024-10-03 10:20:00+05:30,2024-10-03 13:20:00+05:30,274.4,271.3553571428571,279.8803571428572,-3.0446,L
S1183,ONGC,2024-10-03 10:30:00+05:30,0.273,0.2744,1,1.0,0.1478,50.0,0.2245,0,0.2088,,0,0,0,1,0,1,2024-10-03 10:30:00+05:30,2024-10-03 10:35:00+05:30,2024-10-03 11:45:00+05:30,274.7,272.6285714285714,278.4285714285715,-2.0714,L
S1184,ONGC,2024-10-03 13:40:00+05:30,-0.1038,-0.1616,0,,1.4833,0.0,-0.8202,0,2.0015,1.0,3,0,0,0,3,4,2024-10-03 13:55:00+05:30,2024-10-03 14:00:00+05:30,2024-10-03 15:00:00+05:30,272.25,270.375,275.625,-1.35,EOD-
S1185,ONGC,2024-10-03 14:05:00+05:30,-0.0717,-0.1066,0,,0.3832,40.0,-0.3701,0,0.9635,1.0,1,0,1,0,1,2,2024-10-03 14:10:00+05:30,2024-10-03 14:15:00+05:30,2024-10-03 15:00:00+05:30,272.3,270.22857142857146,276.02857142857147,-1.4,EOD-
S1186,ONGC,2024-10-04 11:30:00+05:30,0.1506,0.241,27,10.0,0.6477,70.59,-0.899,0,0.4762,0.0,1,0,0,0,1,2,2024-10-04 11:35:00+05:30,2024-10-04 11:40:00+05:30,2024-10-04 12:40:00+05:30,277.3,275.38928571428573,280.73928571428576,-1.9107,L
S1187,ONGC,2024-10-04 11:45:00+05:30,0.0829,0.1506,0,,0.5035,0.0,-0.187,0,0.894,1.0,1,0,1,0,1,2,2024-10-04 11:50:00+05:30,2024-10-04 11:55:00+05:30,2024-10-04 12:10:00+05:30,278.0,276.4732142857143,280.7482142857143,-1.5268,L
S1188,ONGC,2024-10-07 11:50:00+05:30,-0.4837,-0.5235,0,,0.5764,33.33,-0.9396,0,0.4088,1.0,3,0,1,0,3,4,2024-10-07 12:05:00+05:30,2024-10-07 12:10:00+05:30,2024-10-07 15:00:00+05:30,266.3,262.7107142857143,272.7607142857144,2.05,EOD+
S1189,ONGC,2024-10-07 13:40:00+05:30,0.1678,0.1032,19,2.0,0.2653,6.67,2.0556,0,1.2642,,0,0,0,1,0,1,2024-10-07 13:40:00+05:30,2024-10-07 13:45:00+05:30,2024-10-07 15:00:00+05:30,267.1,265.40357142857147,270.15357142857147,1.25,EOD+
S1190,ONGC,2024-10-07 13:50:00+05:30,0.1068,0.1669,0,,0.4432,50.0,-0.3651,0,0.7293,,0,0,0,1,0,1,2024-10-07 13:50:00+05:30,2024-10-07 13:55:00+05:30,2024-10-07 15:00:00+05:30,267.1,265.3232142857143,270.2982142857143,1.25,EOD+
S1191,ONGC,2024-10-07 14:15:00+05:30,0.1282,0.0852,4,2.0,0.1326,50.0,1.3256,0,0.7169,,0,0,1,1,0,1,2024-10-07 14:15:00+05:30,2024-10-07 14:20:00+05:30,2024-10-07 15:00:00+05:30,267.45,265.42321428571427,271.09821428571433,0.9,EOD+
S1192,ONGC,2024-10-08 09:15:00+05:30,,,0,,5.6115,15.15,-0.2093,0,0.5672,0.0,3,0,0,0,3,4,2024-10-08 09:30:00+05:30,2024-10-08 09:35:00+05:30,2024-10-08 15:00:00+05:30,269.3,266.03214285714284,275.1821428571429,2.7,EOD+
S1193,ONGC,2024-10-08 09:40:00+05:30,0.0819,,0,,0.6726,14.29,0.086,0,0.3468,,0,0,1,1,0,1,2024-10-08 09:40:00+05:30,2024-10-08 09:45:00+05:30,2024-10-08 15:00:00+05:30,268.9,264.79285714285714,276.2928571428571,3.1,EOD+
S1194,ONGC,2024-10-08 10:05:00+05:30,0.2302,0.1924,4,2.0,0.044,96.3,-0.3333,0,0.227,0.0,1,0,1,0,1,2,2024-10-08 10:10:00+05:30,2024-10-08 10:15:00+05:30,2024-10-08 15:00:00+05:30,269.45,265.1910714285714,277.11607142857144,2.55,EOD+
S1195,ONGC,2024-10-08 11:55:00+05:30,0.1731,0.1531,19,7.0,0.2641,13.33,2.8095,0,1.4313,,0,0,0,1,0,1,2024-10-08 11:55:00+05:30,2024-10-08 12:00:00+05:30,2024-10-08 15:00:00+05:30,271.9,270.4089285714286,274.58392857142854,0.1,EOD+
S1196,ONGC,2024-10-08 12:05:00+05:30,0.1473,0.1548,0,,1.05,25.0,-0.4167,0,1.6404,0.0,2,0,0,0,2,3,2024-10-08 12:15:00+05:30,2024-10-08 12:20:00+05:30,2024-10-08 15:00:00+05:30,271.6,270.1714285714286,274.1714285714286,0.4,EOD+
S1197,ONGC,2024-10-08 12:35:00+05:30,0.0662,0.0543,0,,1.457,54.55,-0.7153,0,1.9634,1.0,3,0,0,0,3,4,2024-10-08 12:50:00+05:30,2024-10-08 12:55:00+05:30,2024-10-08 15:00:00+05:30,272.0,270.79464285714283,274.16964285714283,0.0,EOD-
S1198,ONGC,2024-10-08 13:00:00+05:30,-0.0046,0.0322,0,,0.2333,83.33,0.0714,0,0.9683,,0,0,1,1,0,1,2024-10-08 13:00:00+05:30,2024-10-08 13:05:00+05:30,2024-10-08 15:00:00+05:30,272.5,271.0,275.20000000000005,-0.5,EOD-
S1199,ONGC,2024-10-08 14:30:00+05:30,0.1128,0.1009,17,8.0,0.0908,33.33,0.1765,0,0.8733,,0,0,1,1,0,1,2024-10-08 14:30:00+05:30,2024-10-08 14:35:00+05:30,2024-10-08 15:00:00+05:30,272.6,271.4303571428572,274.7053571428572,-0.6,EOD-
S1200,ONGC,2024-10-09 10:05:00+05:30,-0.3486,-0.4124,0,,1.751,88.89,-0.9523,0,0.7919,0.0,3,0,0,0,3,4,2024-10-09 10:20:00+05:30,2024-10-09 10:25:00+05:30,2024-10-09 15:00:00+05:30,270.4,267.40892857142853,275.7839285714286,-1.55,EOD-
S1201,ONGC,2024-10-09 13:00:00+05:30,-0.1686,-0.1666,0,,0.7462,55.56,-0.5876,0,0.3237,1.0,3,0,1,0,3,4,2024-10-09 13:15:00+05:30,2024-10-09 13:20:00+05:30,2024-10-09 15:00:00+05:30,269.95,268.32500000000005,272.87499999999994,-1.625,L
S1202,ONGC,2024-10-09 13:25:00+05:30,-0.1493,-0.152,0,,0.7705,0.0,-0.085,0,1.3288,1.0,1,0,0,0,1,2,2024-10-09 13:30:00+05:30,2024-10-09 13:35:00+05:30,2024-10-09 14:40:00+05:30,270.1,268.8589285714286,272.3339285714286,-1.2411,L
S1203,ONGC,2024-10-10 09:15:00+05:30,,,0,,1.2333,90.74,-0.6997,0,1.871,,0,0,0,1,0,1,2024-10-10 09:15:00+05:30,2024-10-10 09:20:00+05:30,2024-10-10 11:55:00+05:30,271.1,269.4125,274.13750000000005,-1.6875,L
S1204,ONGC,2024-10-10 10:35:00+05:30,0.2411,0.2109,15,8.0,0.1277,76.47,-0.2593,0,0.3639,0.0,1,0,0,0,1,2,2024-10-10 10:40:00+05:30,2024-10-10 10:45:00+05:30,2024-10-10 11:50:00+05:30,270.9,269.5785714285714,273.2785714285714,-1.3214,L
S1205,ONGC,2024-10-10 10:50:00+05:30,0.2232,0.2411,1,1.0,0.2269,23.81,-0.5745,0,2.626,,0,0,0,1,0,1,2024-10-10 10:50:00+05:30,2024-10-10 10:55:00+05:30,2024-10-10 11:35:00+05:30,271.2,269.9053571428571,273.5303571428572,-1.2946,L
S1206,ONGC,2024-10-10 12:30:00+05:30,-0.1528,-0.174,0,,1.2234,55.56,-0.8969,0,0.4715,0.0,3,0,1,0,3,4,2024-10-10 12:45:00+05:30,2024-10-10 12:50:00+05:30,2024-10-10 13:50:00+05:30,269.9,268.90892857142853,271.6839285714285,-0.9911,L
S1207,ONGC,2024-10-10 12:55:00+05:30,-0.0946,-0.1334,0,,0.6376,40.0,-1.0,0,1.3236,1.0,1,0,0,0,1,2,2024-10-10 13:00:00+05:30,2024-10-10 13:05:00+05:30,2024-10-10 13:50:00+05:30,269.65,268.74821428571425,271.27321428571423,-0.9018,L
S1208,ONGC,2024-10-10 13:10:00+05:30,-0.0853,-0.0946,0,,0.78,25.0,-0.4872,0,0.6598,1.0,1,0,1,0,1,2,2024-10-10 13:15:00+05:30,2024-10-10 13:20:00+05:30,2024-10-10 13:50:00+05:30,269.9,268.9625,271.5874999999999,-0.9375,L
S1209,ONGC,2024-10-11 10:45:00+05:30,0.2864,0.332,18,18.0,0.011,53.85,32.3333,0,0.3835,,0,0,1,1,0,1,2024-10-11 10:45:00+05:30,2024-10-11 10:50:00+05:30,2024-10-11 15:00:00+05:30,272.1,270.3946428571429,275.1696428571429,-0.35,EOD-
S1210,ONGC,2024-10-11 10:55:00+05:30,0.2484,0.304,1,1.0,0.6464,100.0,-1.0,0,0.9682,1.0,1,0,0,0,1,2,2024-10-11 11:00:00+05:30,2024-10-11 11:05:00+05:30,2024-10-11 15:00:00+05:30,271.95,270.31607142857143,274.89107142857137,-0.2,EOD-
S1211,ONGC,2024-10-11 11:10:00+05:30,0.1535,0.2484,0,,0.6683,78.26,-0.4737,0,1.4414,,0,0,0,1,0,1,2024-10-11 11:10:00+05:30,2024-10-11 11:15:00+05:30,2024-10-11 11:40:00+05:30,272.6,270.8232142857143,275.79821428571427,-1.7768,L
S1212,ONGC,2024-10-11 12:10:00+05:30,-0.0838,-0.104,0,,1.1236,12.5,-0.6032,0,0.7958,1.0,3,0,1,0,3,4,2024-10-11 12:25:00+05:30,2024-10-11 12:30:00+05:30,2024-10-11 15:00:00+05:30,271.65,270.24821428571425,274.17321428571427,0.1,EOD+
S1213,ONGC,2024-10-11 12:40:00+05:30,-0.0341,-0.0672,0,,0.6444,66.67,-0.6552,0,3.0139,1.0,3,0,0,0,3,4,2024-10-11 12:55:00+05:30,2024-10-11 13:00:00+05:30,2024-10-11 15:00:00+05:30,271.5,270.375,273.525,0.25,EOD+
S1214,ONGC,2024-10-11 13:05:00+05:30,-0.0498,-0.0498,0,,0.1328,44.44,0.8182,0,0.6016,,0,0,1,1,0,1,2024-10-11 13:05:00+05:30,2024-10-11 13:10:00+05:30,2024-10-11 15:00:00+05:30,271.3,270.26428571428573,273.1642857142857,0.45,EOD+
S1215,ONGC,2024-10-11 13:40:00+05:30,0.0746,0.0608,5,5.0,0.1719,62.5,1.1429,0,0.4872,,0,0,1,1,0,1,2024-10-11 13:40:00+05:30,2024-10-11 13:45:00+05:30,2024-10-11 15:00:00+05:30,271.6,270.5821428571429,273.4321428571428,0.15,EOD+
S1216,ONGC,2024-10-11 13:50:00+05:30,0.0562,0.0866,0,,0.082,71.43,2.0769,0,0.4947,,0,0,1,1,0,1,2024-10-11 13:50:00+05:30,2024-10-11 13:55:00+05:30,2024-10-11 15:00:00+05:30,271.9,270.9089285714286,273.68392857142845,-0.15,EOD-
S1217,ONGC,2024-10-11 14:00:00+05:30,0.0488,0.0663,0,,0.0929,33.33,0.3333,0,0.4425,,0,0,1,1,0,1,2024-10-11 14:00:00+05:30,2024-10-11 14:05:00+05:30,2024-10-11 15:00:00+05:30,271.75,270.7410714285715,273.5660714285713,0.0,EOD-
S1218,ONGC,2024-10-14 09:15:00+05:30,,,0,,1.6973,43.33,-0.0511,0,1.0681,0.0,1,0,0,0,1,2,2024-10-14 09:20:00+05:30,2024-10-14 09:25:00+05:30,2024-10-14 10:35:00+05:30,272.15,271.1410714285714,273.9660714285713,-1.0089,L
S1219,ONGC,2024-10-14 09:30:00+05:30,,,0,,1.2333,46.15,-0.6396,0,0.6337,1.0,3,0,0,0,3,4,2024-10-14 09:45:00+05:30,2024-10-14 09:50:00+05:30,2024-10-14 10:40:00+05:30,271.95,270.82500000000005,273.9749999999999,-1.125,L
S1220,ONGC,2024-10-14 09:55:00+05:30,0.0441,0.0202,0,,0.3962,14.29,0.3333,0,0.6167,,0,0,0,1,0,1,2024-10-14 09:55:00+05:30,2024-10-14 10:00:00+05:30,2024-10-14 10:50:00+05:30,272.05,270.6303571428572,274.60535714285714,-1.4196,L
S1221,ONGC,2024-10-14 10:05:00+05:30,0.0414,0.034,0,,0.4285,30.0,-0.4059,0,0.4805,0.0,1,0,1,0,1,2,2024-10-14 10:10:00+05:30,2024-10-14 10:15:00+05:30,2024-10-14 10:50:00+05:30,272.05,270.57678571428573,274.70178571428573,-1.4732,L
S1222,ONGC,2024-10-14 14:15:00+05:30,-0.1891,-0.2412,0,,0.2743,50.0,-0.3103,0,0.4145,0.0,3,1,1,0,3,4,2024-10-14 14:30:00+05:30,2024-10-14 14:35:00+05:30,2024-10-14 15:00:00+05:30,267.0,265.67857142857144,269.37857142857143,-0.7,EOD-
S1223,ONGC,2024-10-15 11:25:00+05:30,-0.0446,-0.1187,0,,1.1627,33.33,-0.898,0,0.6276,1.0,3,0,0,0,3,4,2024-10-15 11:40:00+05:30,2024-10-15 11:45:00+05:30,2024-10-15 15:00:00+05:30,263.15,262.0964285714286,265.0464285714285,0.6,EOD+
S1224,ONGC,2024-10-15 11:50:00+05:30,-0.0589,-0.0646,0,,0.1126,50.0,0.4286,0,0.788,,0,0,1,1,0,1,2024-10-15 11:50:00+05:30,2024-10-15 11:55:00+05:30,2024-10-15 15:00:00+05:30,263.1,262.3232142857143,264.49821428571425,0.65,EOD+
S1225,ONGC,2024-10-15 12:30:00+05:30,-0.0133,-0.0371,0,,0.123,0.0,-1.0,0,0.6372,1.0,3,0,1,0,3,4,2024-10-15 12:45:00+05:30,2024-10-15 12:50:00+05:30,2024-10-15 15:00:00+05:30,263.05,262.38928571428573,264.2392857142857,0.7,EOD+
S1226,ONGC,2024-10-15 12:55:00+05:30,0.0447,0.0124,0,,0.4058,28.57,0.5,0,0.6337,,0,0,1,1,0,1,2024-10-15 12:55:00+05:30,2024-10-15 13:00:00+05:30,2024-10-15 13:25:00+05:30,263.25,262.63392857142856,264.3589285714286,-0.6161,L
S1227,ONGC,2024-10-16 09:15:00+05:30,,,0,,0.7432,67.35,0.1613,0,1.4554,,0,1,0,1,0,1,2024-10-16 09:15:00+05:30,2024-10-16 09:20:00+05:30,2024-10-16 10:35:00+05:30,265.15,263.84642857142853,267.49642857142857,-1.3036,L
S1228,ONGC,2024-10-16 12:25:00+05:30,-0.185,-0.2344,0,,1.4122,83.33,-0.9138,0,2.4975,1.0,3,0,0,0,3,4,2024-10-16 12:40:00+05:30,2024-10-16 12:45:00+05:30,2024-10-16 13:10:00+05:30,262.9,261.8732142857143,264.7482142857142,1.8482,W
S1229,ONGC,2024-10-17 09:55:00+05:30,-0.1166,-0.0254,0,,0.4348,45.45,-0.878,0,0.2096,1.0,3,0,1,0,3,4,2024-10-17 10:10:00+05:30,2024-10-17 10:15:00+05:30,2024-10-17 12:45:00+05:30,266.2,263.8428571428572,270.4428571428571,-2.3571,L
S1230,ONGC,2024-10-17 14:10:00+05:30,-0.2329,-0.2421,0,,1.5566,40.0,-0.9408,0,1.2294,1.0,3,0,1,0,3,4,2024-10-17 14:25:00+05:30,2024-10-17 14:30:00+05:30,2024-10-17 14:45:00+05:30,263.05,261.6928571428572,265.49285714285713,-1.3571,L
S1231,ONGC,2024-10-18 09:15:00+05:30,,,0,,1.8256,44.44,-0.8649,0,1.039,1.0,3,0,0,0,3,4,2024-10-18 09:30:00+05:30,2024-10-18 09:35:00+05:30,2024-10-18 10:00:00+05:30,262.5,260.47321428571433,266.1482142857142,-2.0268,L
S1232,ONGC,2024-10-18 09:45:00+05:30,-0.0238,,1,1.0,0.2899,18.18,0.7886,0,0.8215,,0,0,0,1,0,1,2024-10-18 09:45:00+05:30,2024-10-18 09:50:00+05:30,2024-10-18 15:00:00+05:30,262.4,259.7482142857143,267.1732142857142,1.95,EOD+
S1233,ONGC,2024-10-18 10:30:00+05:30,-0.1415,-0.127,0,,1.1599,42.11,-0.7797,0,0.624,0.0,3,0,0,0,3,4,2024-10-18 10:45:00+05:30,2024-10-18 10:50:00+05:30,2024-10-18 15:00:00+05:30,261.3,258.85357142857146,265.7035714285714,3.05,EOD+
S1234,ONGC,2024-10-18 11:10:00+05:30,-0.0756,-0.0842,0,,1.881,80.0,-0.9584,0,0.4008,0.0,3,0,1,0,3,4,2024-10-18 11:25:00+05:30,2024-10-18 11:30:00+05:30,2024-10-18 12:25:00+05:30,260.95,259.3517857142857,263.82678571428573,2.8768,W
S1235,ONGC,2024-10-18 13:10:00+05:30,0.2915,0.3186,19,9.0,0.2293,60.0,0.7544,0,1.1524,,0,0,0,1,0,1,2024-10-18 13:10:00+05:30,2024-10-18 13:15:00+05:30,2024-10-18 15:00:00+05:30,263.85,262.2964285714286,266.6464285714286,0.5,EOD+
S1236,ONGC,2024-10-21 10:55:00+05:30,-0.4089,-0.4916,0,,0.9902,16.67,-0.8187,0,0.2758,1.0,3,0,1,0,3,4,2024-10-21 11:10:00+05:30,2024-10-21 11:15:00+05:30,2024-10-21 13:30:00+05:30,259.0,256.9107142857143,262.7607142857143,-2.0893,L
S1237,ONGC,2024-10-21 12:50:00+05:30,-0.0852,-0.0813,0,,1.1489,0.0,-0.4419,0,0.605,0.0,3,1,1,0,3,4,2024-10-21 13:05:00+05:30,2024-10-21 13:10:00+05:30,2024-10-21 13:30:00+05:30,258.05,256.8803571428571,260.1553571428572,-1.1696,L
S1238,ONGC,2024-10-21 13:15:00+05:30,-0.0746,-0.0959,0,,0.2111,71.43,0.0526,0,0.7296,,0,0,1,1,0,1,2024-10-21 13:15:00+05:30,2024-10-21 13:20:00+05:30,2024-10-21 13:30:00+05:30,258.15,257.025,260.175,-1.125,L
S1239,ONGC,2024-10-21 14:15:00+05:30,-0.1137,-0.1166,0,,1.4978,50.0,-0.9497,0,1.3487,1.0,3,0,0,0,3,4,2024-10-21 14:30:00+05:30,2024-10-21 14:35:00+05:30,2024-10-21 15:00:00+05:30,257.05,255.3892857142857,260.03928571428577,-0.2,EOD-
S1240,ONGC,2024-10-22 09:15:00+05:30,,,0,,0.0782,22.22,25.6667,0,1.8049,,0,1,0,1,0,1,2024-10-22 09:15:00+05:30,2024-10-22 09:20:00+05:30,2024-10-22 09:25:00+05:30,258.45,256.77142857142854,261.4714285714286,-1.6786,L
S1241,ONGC,2024-10-22 09:25:00+05:30,,,1,1.0,0.4599,28.57,1.0588,0,1.0394,,0,0,0,1,0,1,2024-10-22 09:25:00+05:30,2024-10-22 09:30:00+05:30,2024-10-22 10:15:00+05:30,257.3,255.45178571428573,260.62678571428575,-1.8482,L
S1242,ONGC,2024-10-22 09:35:00+05:30,,,0,,0.7,43.48,-1.0,0,0.6956,1.0,1,0,0,0,1,2,2024-10-22 09:40:00+05:30,2024-10-22 09:45:00+05:30,2024-10-22 10:15:00+05:30,257.7,255.61071428571427,261.4607142857143,-2.0893,L
S1243,ONGC,2024-10-22 11:15:00+05:30,-0.165,-0.2781,0,,0.5758,25.0,-0.3137,0,0.7882,1.0,3,0,0,0,3,4,2024-10-22 11:30:00+05:30,2024-10-22 11:35:00+05:30,2024-10-22 13:15:00+05:30,256.2,253.98571428571427,260.18571428571425,-2.2143,L
S1244,ONGC,2024-10-22 11:45:00+05:30,-0.232,-0.1623,1,1.0,0.3351,76.92,-0.604,0,0.8869,0.0,1,0,0,0,1,2,2024-10-22 11:50:00+05:30,2024-10-22 11:55:00+05:30,2024-10-22 13:25:00+05:30,255.35,253.46607142857144,258.7410714285714,-1.8839,L
S1245,ONGC,2024-10-23 10:00:00+05:30,-0.3999,-0.5156,0,,1.2732,50.0,-0.7344,0,1.4925,0.0,3,0,0,0,3,4,2024-10-23 10:15:00+05:30,2024-10-23 10:20:00+05:30,2024-10-23 15:00:00+05:30,251.25,247.55357142857144,257.90357142857147,1.3,EOD+
S1246,ONGC,2024-10-23 10:25:00+05:30,-0.1969,-0.2865,0,,0.6947,26.32,-0.4444,0,0.948,1.0,2,0,0,0,2,3,2024-10-23 10:35:00+05:30,2024-10-23 10:40:00+05:30,2024-10-23 15:00:00+05:30,250.35,246.7875,256.7625,2.2,EOD+
S1247,ONGC,2024-10-24 09:15:00+05:30,,,0,,1.2567,59.62,-0.4819,0,0.5936,0.0,1,0,0,0,1,2,2024-10-24 09:20:00+05:30,2024-10-24 09:25:00+05:30,2024-10-24 12:20:00+05:30,252.25,250.33035714285717,255.70535714285717,-1.9196,L
S1248,ONGC,2024-10-24 09:30:00+05:30,,,0,,1.2229,5.56,-0.7738,0,1.0407,1.0,3,0,0,0,3,4,2024-10-24 09:45:00+05:30,2024-10-24 09:50:00+05:30,2024-10-24 15:00:00+05:30,251.9,249.64107142857145,255.96607142857144,-0.95,EOD-
S1249,ONGC,2024-10-24 09:55:00+05:30,-0.0139,-0.1033,0,,0.0204,80.0,4.0,0,0.8138,,0,0,0,1,0,1,2024-10-24 09:55:00+05:30,2024-10-24 10:00:00+05:30,2024-10-24 12:25:00+05:30,252.4,249.95357142857145,256.80357142857144,-2.4464,L
S1250,ONGC,2024-10-24 10:05:00+05:30,0.0467,-0.0675,0,,0.2201,75.0,-0.3258,0,0.2969,,0,0,1,1,0,1,2024-10-24 10:05:00+05:30,2024-10-24 10:10:00+05:30,2024-10-24 15:00:00+05:30,252.4,249.87321428571428,256.9482142857143,-1.45,EOD-
S1251,ONGC,2024-10-24 10:50:00+05:30,0.0625,0.0417,8,5.0,0.1723,45.45,0.7021,0,0.712,,0,0,1,1,0,1,2024-10-24 10:50:00+05:30,2024-10-24 10:55:00+05:30,2024-10-24 12:20:00+05:30,252.15,250.44464285714287,255.21964285714284,-1.7054,L
S1252,ONGC,2024-10-24 12:25:00+05:30,-0.2039,-0.147,0,,3.4941,40.0,-0.8316,0,1.0979,1.0,3,0,1,0,3,4,2024-10-24 12:40:00+05:30,2024-10-24 12:45:00+05:30,2024-10-24 12:55:00+05:30,251.8,250.7375,253.7125,-1.0625,L
S1253,ONGC,2024-10-24 12:50:00+05:30,-0.0746,-0.1671,1,1.0,0.7623,75.0,-0.8742,0,0.3458,0.0,2,0,1,0,2,3,2024-10-24 13:00:00+05:30,2024-10-24 13:05:00+05:30,2024-10-24 15:00:00+05:30,251.2,249.89642857142857,253.54642857142852,-0.25,EOD-
S1254,ONGC,2024-10-24 13:25:00+05:30,-0.0239,-0.0687,4,1.0,0.0313,28.57,5.6667,0,1.0301,,0,0,1,1,0,1,2024-10-24 13:25:00+05:30,2024-10-24 13:30:00+05:30,2024-10-24 14:20:00+05:30,251.15,249.95357142857145,253.30357142857144,-1.1964,L
S1255,ONGC,2024-10-24 13:35:00+05:30,-0.01,-0.0329,1,1.0,0.4221,75.0,-0.2405,0,1.0812,1.0,1,1,0,0,1,2,2024-10-24 13:40:00+05:30,2024-10-24 13:45:00+05:30,2024-10-24 14:20:00+05:30,251.35,250.18035714285716,253.45535714285717,-1.1696,L
S1256,ONGC,2024-10-24 13:55:00+05:30,0.0338,-0.003,2,1.0,0.125,90.91,0.0,0,0.5753,0.0,3,0,1,0,3,4,2024-10-24 14:10:00+05:30,2024-10-24 14:15:00+05:30,2024-10-24 14:20:00+05:30,251.25,250.25,253.05,-1.0,L
S1257,ONGC,2024-10-25 09:15:00+05:30,,,0,,1.7577,79.07,-0.8687,0,1.2928,0.0,1,0,1,0,1,2,2024-10-25 09:20:00+05:30,2024-10-25 09:25:00+05:30,2024-10-25 09:30:00+05:30,250.85,249.225,253.77500000000003,-1.625,L
S1258,ONGC,2024-10-25 10:45:00+05:30,-0.5441,-0.4788,0,,3.4905,4.35,-0.7689,0,1.2322,0.0,3,0,0,0,3,4,2024-10-25 11:00:00+05:30,2024-10-25 11:05:00+05:30,2024-10-25 14:40:00+05:30,246.65,244.01607142857145,251.39107142857145,-2.6339,L
S1259,ONGC,2024-10-25 11:10:00+05:30,-0.4348,-0.5595,0,,0.5742,54.17,-0.364,0,0.4576,,0,0,1,1,0,1,2024-10-25 11:10:00+05:30,2024-10-25 11:15:00+05:30,2024-10-25 15:00:00+05:30,246.4,243.31964285714287,251.94464285714287,-1.9,EOD-
S1260,ONGC,2024-10-25 11:30:00+05:30,-0.1261,-0.3201,2,2.0,0.1437,40.0,1.9032,0,0.5094,,0,1,0,1,0,1,2024-10-25 11:30:00+05:30,2024-10-25 11:35:00+05:30,2024-10-25 15:00:00+05:30,246.3,243.60357142857143,251.1535714285714,-1.8,EOD-
S1261,ONGC,2024-10-25 11:45:00+05:30,-0.0397,-0.1261,0,,0.4844,12.5,-0.4258,0,0.6722,0.0,3,0,0,0,3,4,2024-10-25 12:00:00+05:30,2024-10-25 12:05:00+05:30,2024-10-25 15:00:00+05:30,246.0,243.30357142857144,250.8535714285714,-1.5,EOD-
S1262,ONGC,2024-10-25 12:40:00+05:30,0.065,0.0579,0,,0.56,20.0,-0.5349,0,0.6938,0.0,3,0,0,0,3,4,2024-10-25 12:55:00+05:30,2024-10-25 13:00:00+05:30,2024-10-25 14:40:00+05:30,245.95,244.0303571428572,249.4053571428571,-1.9196,L
S1263,ONGC,2024-10-25 13:15:00+05:30,-0.0478,-0.063,2,2.0,0.008,36.36,19.0,0,0.5472,,0,1,1,1,0,1,2024-10-25 13:15:00+05:30,2024-10-25 13:20:00+05:30,2024-10-25 14:40:00+05:30,245.95,244.3875,248.7625,-1.5625,L
S1264,ONGC,2024-10-25 13:25:00+05:30,-0.0102,-0.0498,0,,0.468,15.38,0.5652,0,2.3279,,0,1,0,1,0,1,2024-10-25 13:25:00+05:30,2024-10-25 13:30:00+05:30,2024-10-25 14:25:00+05:30,246.15,244.61428571428573,248.91428571428568,-1.5357,L
S1265,ONGC,2024-10-25 13:40:00+05:30,0.0447,-0.0102,2,1.0,0.744,13.64,0.7204,0,1.9636,,0,0,0,1,0,1,2024-10-25 13:40:00+05:30,2024-10-25 13:45:00+05:30,2024-10-25 14:20:00+05:30,246.4,244.8375,249.2125,-1.5625,L
S1266,ONGC,2024-10-25 13:55:00+05:30,0.06,0.0447,2,1.0,0.4345,80.0,-0.2593,0,1.1662,0.0,1,1,1,0,1,2,2024-10-25 14:00:00+05:30,2024-10-25 14:05:00+05:30,2024-10-25 14:25:00+05:30,246.3,244.7464285714286,249.09642857142856,-1.5536,L
S1267,ONGC,2024-10-28 10:05:00+05:30,-0.5929,-0.7074,0,,1.7493,75.0,-0.9519,0,0.9204,0.0,3,0,0,0,3,4,2024-10-28 10:20:00+05:30,2024-10-28 10:25:00+05:30,2024-10-28 15:00:00+05:30,242.25,237.7946428571429,250.26964285714288,3.45,EOD+
S1268,ONGC,2024-10-28 12:40:00+05:30,0.16,0.1949,27,6.0,0.2504,71.43,0.2245,0,0.8554,,0,0,1,1,0,1,2024-10-28 12:40:00+05:30,2024-10-28 12:45:00+05:30,2024-10-28 15:00:00+05:30,245.3,244.07678571428573,247.5017857142857,0.4,EOD+
S1269,ONGC,2024-10-28 12:50:00+05:30,0.1345,0.1682,0,,1.2672,61.54,-0.5968,0,1.1297,,0,0,0,1,0,1,2024-10-28 12:50:00+05:30,2024-10-28 12:55:00+05:30,2024-10-28 15:00:00+05:30,245.3,244.07678571428573,247.5017857142857,0.4,EOD+
S1270,ONGC,2024-10-28 13:00:00+05:30,0.0723,0.1467,0,,0.9146,77.78,-0.7765,0,0.9772,1.0,2,0,0,0,2,3,2024-10-28 13:10:00+05:30,2024-10-28 13:15:00+05:30,2024-10-28 15:00:00+05:30,245.45,244.2267857142857,247.6517857142857,0.25,EOD+
S1271,ONGC,2024-10-28 13:20:00+05:30,0.0204,0.0591,0,,0.6252,66.67,-0.6581,0,0.7892,,0,1,1,1,0,1,2024-10-28 13:20:00+05:30,2024-10-28 13:25:00+05:30,2024-10-28 15:00:00+05:30,245.5,244.33035714285717,247.60535714285717,0.2,EOD+
S1272,ONGC,2024-10-28 13:30:00+05:30,0.0132,0.0326,0,,0.448,70.0,-0.25,0,1.0735,,0,0,1,1,0,1,2024-10-28 13:30:00+05:30,2024-10-28 13:35:00+05:30,2024-10-28 15:00:00+05:30,245.75,244.63392857142856,247.75892857142856,-0.05,EOD-
S1273,ONGC,2024-10-28 13:40:00+05:30,-0.0153,0.0143,0,,1.0551,33.33,-0.7073,0,0.8121,0.0,3,0,1,0,3,4,2024-10-28 13:55:00+05:30,2024-10-28 14:00:00+05:30,2024-10-28 15:00:00+05:30,245.5,244.28571428571428,247.68571428571428,0.2,EOD+
S1274,ONGC,2024-10-28 14:05:00+05:30,-0.0336,-0.0255,0,,0.9262,10.0,-0.3023,0,1.7529,1.0,1,0,0,0,1,2,2024-10-28 14:10:00+05:30,2024-10-28 14:15:00+05:30,2024-10-28 15:00:00+05:30,245.45,244.2892857142857,247.5392857142857,0.25,EOD+
S1275,ONGC,2024-10-28 14:20:00+05:30,-0.0153,-0.0336,1,1.0,0.1695,30.0,3.5161,0,1.2225,,0,0,0,1,0,1,2024-10-28 14:20:00+05:30,2024-10-28 14:25:00+05:30,2024-10-28 15:00:00+05:30,245.75,244.6071428571429,247.80714285714285,-0.05,EOD-
S1276,ONGC,2024-10-29 09:15:00+05:30,,,0,,1.5784,38.24,-0.403,0,2.1113,,0,0,0,1,0,1,2024-10-29 09:15:00+05:30,2024-10-29 09:20:00+05:30,2024-10-29 09:35:00+05:30,245.75,243.89285714285717,249.09285714285716,-1.8571,L
S1277,ONGC,2024-10-29 11:10:00+05:30,-0.2689,-0.3395,0,,0.8128,14.29,-0.5215,0,0.9922,1.0,3,0,1,0,3,4,2024-10-29 11:25:00+05:30,2024-10-29 11:30:00+05:30,2024-10-29 14:35:00+05:30,243.0,241.39285714285717,245.89285714285717,2.8929,W
S1278,ONGC,2024-10-29 11:35:00+05:30,0.001,-0.1412,0,,0.1346,95.65,-1.0,0,1.4084,,0,0,1,1,0,1,2024-10-29 11:35:00+05:30,2024-10-29 11:40:00+05:30,2024-10-29 14:35:00+05:30,243.7,242.30714285714285,246.20714285714288,2.5071,W
S1279,ONGC,2024-10-29 13:10:00+05:30,0.2775,0.3004,18,11.0,0.9618,52.94,-0.2222,0,0.7924,0.0,1,0,0,0,1,2,2024-10-29 13:15:00+05:30,2024-10-29 13:20:00+05:30,2024-10-29 15:00:00+05:30,245.15,243.98035714285717,247.25535714285715,1.8,EOD+
S1280,ONGC,2024-10-29 13:45:00+05:30,0.0112,0.1213,0,,1.4966,80.0,-0.871,0,1.0439,0.0,3,0,1,0,3,4,2024-10-29 14:00:00+05:30,2024-10-29 14:05:00+05:30,2024-10-29 15:00:00+05:30,245.2,243.90535714285716,247.53035714285716,1.75,EOD+
S1281,ONGC,2024-10-30 09:20:00+05:30,,,0,,0.8464,30.77,-0.9156,0,0.686,0.0,3,0,0,0,3,4,2024-10-30 09:35:00+05:30,2024-10-30 09:40:00+05:30,2024-10-30 13:40:00+05:30,246.2,244.45,249.35,-1.75,L
S1282,ONGC,2024-10-30 09:45:00+05:30,0.0497,,0,,0.7328,85.0,-0.7561,0,0.5679,0.0,1,0,0,0,1,2,2024-10-30 09:50:00+05:30,2024-10-30 09:55:00+05:30,2024-10-30 13:45:00+05:30,246.3,244.20178571428573,250.07678571428573,-2.0982,L
S1283,ONGC,2024-10-30 10:00:00+05:30,0.0548,0.0497,0,,0.2049,50.0,-0.4444,0,0.4751,0.0,2,0,1,0,2,3,2024-10-30 10:10:00+05:30,2024-10-30 10:15:00+05:30,2024-10-30 13:45:00+05:30,246.4,244.20357142857145,250.35357142857143,-2.1964,L
S1284,ONGC,2024-10-30 10:30:00+05:30,0.0112,0.0233,2,2.0,0.0096,72.73,19.0,0,0.949,,0,0,0,1,0,1,2024-10-30 10:30:00+05:30,2024-10-30 10:35:00+05:30,2024-10-30 13:40:00+05:30,246.5,244.55357142857144,250.00357142857143,-1.9464,L
S1285,ONGC,2024-10-30 10:40:00+05:30,0.0051,0.0193,1,1.0,0.0301,100.0,-1.0,0,0.8323,1.0,1,0,1,0,1,2,2024-10-30 10:45:00+05:30,2024-10-30 10:50:00+05:30,2024-10-30 13:40:00+05:30,246.4,244.53392857142856,249.75892857142856,-1.8661,L
S1286,ONGC,2024-10-30 12:35:00+05:30,-0.1252,-0.1536,0,,1.75,50.0,-0.8491,0,1.203,1.0,3,0,0,0,3,4,2024-10-30 12:50:00+05:30,2024-10-30 12:55:00+05:30,2024-10-30 13:40:00+05:30,245.65,244.70357142857145,247.35357142857143,-0.9464,L
S1287,ONGC,2024-10-31 09:15:00+05:30,,,0,,1.3627,52.27,0.155,0,1.6731,,0,0,0,1,0,1,2024-10-31 09:15:00+05:30,2024-10-31 09:20:00+05:30,2024-10-31 10:00:00+05:30,244.0,242.49107142857144,246.7160714285714,2.7161,W
S1288,ONGC,2024-10-31 09:35:00+05:30,,,2,1.0,0.35,64.0,-0.469,0,0.6554,1.0,1,0,0,0,1,2,2024-10-31 09:40:00+05:30,2024-10-31 09:45:00+05:30,2024-10-31 10:35:00+05:30,244.3,242.28214285714287,247.93214285714285,3.6321,W
S1289,ONGC,2024-10-31 12:00:00+05:30,0.2474,0.2709,27,8.0,0.1115,28.57,2.4483,0,0.4242,,0,0,0,1,0,1,2024-10-31 12:00:00+05:30,2024-10-31 12:05:00+05:30,2024-10-31 13:05:00+05:30,248.8,247.175,251.725,-1.625,L
S1290,ONGC,2024-10-31 13:20:00+05:30,-0.1814,-0.1379,0,,3.0846,0.0,-0.8893,0,1.6455,1.0,3,0,0,0,3,4,2024-10-31 13:35:00+05:30,2024-10-31 13:40:00+05:30,2024-10-31 14:30:00+05:30,247.85,246.7517857142857,249.82678571428573,-1.0982,L
S1291,ONGC,2024-10-31 13:55:00+05:30,-0.0616,-0.1695,2,2.0,0.2443,58.33,0.1538,0,0.7057,,0,0,1,1,0,1,2024-10-31 13:55:00+05:30,2024-10-31 14:00:00+05:30,2024-10-31 14:35:00+05:30,247.7,246.36964285714285,250.09464285714287,-1.3304,L
S1292,ONGC,2024-11-04 09:30:00+05:30,,,3,3.0,0.015,28.57,11.5,0,0.753,,0,1,0,1,0,1,2024-11-04 09:30:00+05:30,2024-11-04 09:35:00+05:30,2024-11-04 10:25:00+05:30,248.4,245.06071428571428,254.41071428571428,-3.3393,L
S1293,ONGC,2024-11-04 11:45:00+05:30,-0.245,-0.3599,0,,0.8299,38.89,-0.7391,0,0.7316,0.0,3,0,1,0,3,4,2024-11-04 12:00:00+05:30,2024-11-04 12:05:00+05:30,2024-11-04 12:40:00+05:30,244.85,243.11785714285716,247.9678571428572,-1.7321,L
S1294,ONGC,2024-11-04 13:40:00+05:30,-0.2118,-0.1735,0,,1.4959,10.0,-0.9359,0,1.1789,1.0,3,0,1,0,3,4,2024-11-04 13:55:00+05:30,2024-11-04 14:00:00+05:30,2024-11-04 14:40:00+05:30,243.1,241.79642857142855,245.44642857142856,2.3464,W
S1295,ONGC,2024-11-05 09:15:00+05:30,,,0,,0.0345,45.45,57.0,0,1.5782,,0,0,0,1,0,1,2024-11-05 09:15:00+05:30,2024-11-05 09:20:00+05:30,2024-11-05 15:00:00+05:30,248.1,246.2875,251.3625,1.15,EOD+
S1296,ONGC,2024-11-05 10:35:00+05:30,0.1996,0.2604,15,8.0,0.1954,37.5,-0.1045,0,0.2538,1.0,1,0,0,0,1,2,2024-11-05 10:40:00+05:30,2024-11-05 10:45:00+05:30,2024-11-05 15:00:00+05:30,248.05,245.90714285714287,251.90714285714287,1.2,EOD+
S1297,ONGC,2024-11-05 10:50:00+05:30,0.1179,0.1996,0,,0.071,11.11,-0.0909,0,0.4664,1.0,1,0,1,0,1,2,2024-11-05 10:55:00+05:30,2024-11-05 11:00:00+05:30,2024-11-05 11:45:00+05:30,248.5,246.5625,251.9875,-1.9375,L
S1298,ONGC,2024-11-05 11:05:00+05:30,0.0373,0.1179,0,,0.7483,0.0,-0.4624,0,0.6691,0.0,2,0,0,0,2,3,2024-11-05 11:15:00+05:30,2024-11-05 11:20:00+05:30,2024-11-05 11:45:00+05:30,248.15,246.5964285714286,250.94642857142856,-1.5536,L
S1299,ONGC,2024-11-05 11:55:00+05:30,-0.1676,-0.0988,0,,2.1826,9.09,-0.7773,0,1.3439,1.0,3,0,1,0,3,4,2024-11-05 12:10:00+05:30,2024-11-05 12:15:00+05:30,2024-11-05 14:40:00+05:30,247.65,246.36428571428573,249.9642857142857,2.3143,W
S1300,ONGC,2024-11-05 12:20:00+05:30,-0.0485,-0.1181,0,,0.0046,54.55,59.0,0,0.8064,,0,0,1,1,0,1,2024-11-05 12:20:00+05:30,2024-11-05 12:25:00+05:30,2024-11-05 15:00:00+05:30,247.7,246.3517857142857,250.1267857142857,1.55,EOD+
S1301,ONGC,2024-11-05 12:30:00+05:30,-0.0323,-0.0677,1,1.0,0.1055,75.0,-0.0909,0,1.3605,0.0,3,0,0,0,3,4,2024-11-05 12:45:00+05:30,2024-11-05 12:50:00+05:30,2024-11-05 14:40:00+05:30,247.55,246.2464285714286,249.89642857142857,2.3464,W
S1302,ONGC,2024-11-05 13:05:00+05:30,-0.0435,-0.0546,0,,0.8703,70.0,-1.0,0,0.9548,1.0,3,0,0,0,3,4,2024-11-05 13:20:00+05:30,2024-11-05 13:25:00+05:30,2024-11-05 15:00:00+05:30,247.65,246.32857142857145,250.0285714285714,1.6,EOD+
S1303,ONGC,2024-11-05 13:40:00+05:30,0.0899,0.0424,3,2.0,0.1045,36.36,3.3478,0,1.6207,,0,1,0,1,0,1,2024-11-05 13:40:00+05:30,2024-11-05 13:45:00+05:30,2024-11-05 15:00:00+05:30,248.05,246.675,250.525,1.2,EOD+
S1304,ONGC,2024-11-06 09:40:00+05:30,-0.0774,,0,,2.0189,13.33,-0.7321,0,0.6815,1.0,3,0,0,0,3,4,2024-11-06 09:55:00+05:30,2024-11-06 10:00:00+05:30,2024-11-06 15:00:00+05:30,248.95,246.86964285714285,252.69464285714284,1.4,EOD+
S1305,ONGC,2024-11-06 10:30:00+05:30,-0.0111,-0.0111,6,5.0,0.4167,50.0,-0.52,0,0.7158,0.0,1,0,0,0,1,2,2024-11-06 10:35:00+05:30,2024-11-06 10:40:00+05:30,2024-11-06 15:00:00+05:30,249.0,247.125,252.375,1.35,EOD+
S1306,ONGC,2024-11-06 10:45:00+05:30,-0.0131,-0.0111,0,,0.2137,22.22,0.3793,0,1.0266,,0,0,1,1,0,1,2024-11-06 10:45:00+05:30,2024-11-06 10:50:00+05:30,2024-11-06 15:00:00+05:30,248.8,247.10357142857143,251.85357142857143,1.55,EOD+
S1307,ONGC,2024-11-06 10:55:00+05:30,0.0151,-0.005,0,,0.0791,46.15,2.0,0,1.1195,,0,0,0,1,0,1,2024-11-06 10:55:00+05:30,2024-11-06 11:00:00+05:30,2024-11-06 14:20:00+05:30,248.8,247.21964285714287,251.64464285714288,2.8446,W
S1308,ONGC,2024-11-06 11:05:00+05:30,0.0462,-0.009,0,,0.303,22.22,-0.7183,0,0.7066,1.0,1,0,1,0,1,2,2024-11-06 11:10:00+05:30,2024-11-06 11:15:00+05:30,2024-11-06 14:20:00+05:30,248.85,247.38571428571427,251.4857142857143,2.6357,W
S1309,ONGC,2024-11-06 11:45:00+05:30,-0.0875,0.0452,0,,2.1154,25.0,-1.0,0,1.4672,1.0,3,0,0,0,3,4,2024-11-06 12:00:00+05:30,2024-11-06 12:05:00+05:30,2024-11-06 14:20:00+05:30,248.55,247.3357142857143,250.7357142857143,2.1857,W
S1310,ONGC,2024-11-06 13:40:00+05:30,0.2163,0.2315,19,6.0,0.07,73.33,4.0,0,0.9328,,0,0,1,1,0,1,2024-11-06 13:40:00+05:30,2024-11-06 13:45:00+05:30,2024-11-06 14:25:00+05:30,249.8,248.72857142857143,251.72857142857143,1.9286,W
S1311,ONGC,2024-11-06 14:00:00+05:30,0.0941,0.1772,3,1.0,0.013,57.14,9.0,0,0.5159,,0,0,0,1,0,1,2024-11-06 14:00:00+05:30,2024-11-06 14:05:00+05:30,2024-11-06 14:20:00+05:30,249.85,248.88571428571427,251.58571428571423,1.7357,W
S1312,ONGC,2024-11-06 14:10:00+05:30,0.077,0.1161,0,,0.6868,100.0,-1.0,0,2.3193,1.0,1,0,0,0,1,2,2024-11-06 14:15:00+05:30,2024-11-06 14:20:00+05:30,2024-11-06 15:00:00+05:30,250.25,249.30357142857144,251.95357142857145,0.1,EOD+
S1313,ONGC,2024-11-07 09:20:00+05:30,,,0,,2.3656,3.85,-0.8679,0,0.83,1.0,3,0,0,0,3,4,2024-11-07 09:35:00+05:30,2024-11-07 09:40:00+05:30,2024-11-07 10:05:00+05:30,250.65,248.65,254.25,-2.0,L
S1314,ONGC,2024-11-07 09:45:00+05:30,-0.005,,0,,0.14,10.0,1.3077,0,0.4359,,0,0,0,1,0,1,2024-11-07 09:45:00+05:30,2024-11-07 09:50:00+05:30,2024-11-07 10:30:00+05:30,250.45,248.12857142857143,254.6285714285714,-2.3214,L
S1315,ONGC,2024-11-07 11:10:00+05:30,-0.0804,-0.1686,0,,1.5701,70.0,-0.9381,0,0.3894,1.0,3,0,0,0,3,4,2024-11-07 11:25:00+05:30,2024-11-07 11:30:00+05:30,2024-11-07 14:55:00+05:30,248.6,247.3142857142857,250.91428571428568,-1.2857,L
S1316,ONGC,2024-11-07 11:35:00+05:30,-0.172,-0.1427,0,,0.3847,20.0,-0.1667,0,0.378,,0,0,1,1,0,1,2024-11-07 11:35:00+05:30,2024-11-07 11:40:00+05:30,2024-11-07 14:55:00+05:30,248.5,247.33035714285717,250.60535714285712,-1.1696,L
S1317,ONGC,2024-11-07 13:15:00+05:30,-0.0534,-0.0363,0,,1.4494,33.33,-0.5455,0,1.8778,1.0,3,0,0,0,3,4,2024-11-07 13:30:00+05:30,2024-11-07 13:35:00+05:30,2024-11-07 14:45:00+05:30,248.25,247.49107142857144,249.61607142857144,-0.7589,L
S1318,ONGC,2024-11-07 13:40:00+05:30,-0.0081,-0.0504,0,,0.3733,66.67,-0.5833,0,0.9365,,0,0,1,1,0,1,2024-11-07 13:40:00+05:30,2024-11-07 13:45:00+05:30,2024-11-07 14:55:00+05:30,248.1,247.29642857142852,249.54642857142855,-0.8036,L
S1319,ONGC,2024-11-07 13:55:00+05:30,0.0302,-0.0081,1,1.0,0.0848,40.0,4.0,0,1.1918,,0,1,0,1,0,1,2024-11-07 13:55:00+05:30,2024-11-07 14:00:00+05:30,2024-11-07 14:55:00+05:30,248.25,247.36607142857144,249.84107142857144,-0.8839,L
S1320,ONGC,2024-11-07 14:05:00+05:30,0.0222,0.0222,1,1.0,0.49,71.43,-0.7143,0,0.7604,1.0,1,1,1,0,1,2,2024-11-07 14:10:00+05:30,2024-11-07 14:15:00+05:30,2024-11-07 14:45:00+05:30,248.4,247.50714285714287,250.00714285714287,-0.8929,L
S1321,ONGC,2024-11-07 14:20:00+05:30,0.002,0.0222,1,1.0,0.3635,40.0,0.1111,0,0.8158,,0,0,0,1,0,1,2024-11-07 14:20:00+05:30,2024-11-07 14:25:00+05:30,2024-11-07 14:55:00+05:30,248.1,247.17142857142855,249.77142857142857,-0.9286,L
S1322,ONGC,2024-11-08 12:50:00+05:30,-0.1256,-0.142,0,,1.2461,28.57,-0.761,0,0.2256,0.0,3,0,1,0,3,4,2024-11-08 13:05:00+05:30,2024-11-08 13:10:00+05:30,2024-11-08 15:00:00+05:30,242.8,241.54107142857143,245.0660714285714,1.1,EOD+
S1323,ONGC,2024-11-08 13:40:00+05:30,0.0638,-0.0144,6,2.0,0.9742,0.0,0.4371,0,7.8361,,0,0,0,1,0,1,2024-11-08 13:40:00+05:30,2024-11-08 13:45:00+05:30,2024-11-08 15:00:00+05:30,243.05,241.97857142857143,244.97857142857143,0.85,EOD+
S1324,ONGC,2024-11-08 13:50:00+05:30,0.0782,0.0402,0,,0.3557,18.18,0.2903,0,0.5879,,0,0,1,1,0,1,2024-11-08 13:50:00+05:30,2024-11-08 13:55:00+05:30,2024-11-08 15:00:00+05:30,242.95,241.86071428571427,244.9107142857143,0.95,EOD+
S1325,ONGC,2024-11-08 14:05:00+05:30,0.0196,0.0782,0,,0.3609,12.5,-0.3939,0,1.6332,1.0,3,0,1,0,3,4,2024-11-08 14:20:00+05:30,2024-11-08 14:25:00+05:30,2024-11-08 15:00:00+05:30,243.05,241.90714285714284,245.1071428571429,0.85,EOD+
S1326,ONGC,2024-11-11 10:10:00+05:30,-0.2093,-0.1441,0,,1.2769,45.45,-0.8646,0,0.6093,1.0,3,0,0,0,3,4,2024-11-11 10:25:00+05:30,2024-11-11 10:30:00+05:30,2024-11-11 13:45:00+05:30,242.3,239.40714285714287,247.50714285714287,-2.8929,L
S1327,ONGC,2024-11-11 10:35:00+05:30,-0.2585,-0.2684,0,,0.2909,84.62,-0.604,0,0.6169,,0,0,0,1,0,1,2024-11-11 10:35:00+05:30,2024-11-11 10:40:00+05:30,2024-11-11 13:25:00+05:30,242.2,240.03035714285716,246.10535714285712,-2.1696,L
S1328,ONGC,2024-11-11 10:45:00+05:30,-0.2401,-0.2656,0,,0.1649,8.33,0.5094,0,0.4377,,0,0,0,1,0,1,2024-11-11 10:45:00+05:30,2024-11-11 10:50:00+05:30,2024-11-11 13:40:00+05:30,241.7,239.6910714285714,245.3160714285714,-2.0089,L
S1329,ONGC,2024-11-11 11:40:00+05:30,0.0971,0.1044,9,4.0,0.6327,25.0,0.2766,0,1.6722,,0,0,0,1,0,1,2024-11-11 11:40:00+05:30,2024-11-11 11:45:00+05:30,2024-11-11 12:20:00+05:30,242.05,240.65714285714287,244.55714285714285,-1.3929,L
S1330,ONGC,2024-11-11 14:15:00+05:30,-0.2114,-0.1799,0,,3.1596,76.92,-0.909,0,0.9755,0.0,3,0,1,0,3,4,2024-11-11 14:30:00+05:30,2024-11-11 14:35:00+05:30,2024-11-11 15:00:00+05:30,240.45,239.14642857142852,242.79642857142855,0.0,EOD-
S1331,ONGC,2024-11-12 09:25:00+05:30,,,2,2.0,0.283,81.25,-0.084,0,1.211,0.0,1,0,0,0,1,2,2024-11-12 09:30:00+05:30,2024-11-12 09:35:00+05:30,2024-11-12 15:00:00+05:30,240.1,237.20714285714288,245.30714285714288,-0.6,EOD-
S1332,ONGC,2024-11-12 09:40:00+05:30,0.1187,,0,,0.2544,75.0,-1.0,0,0.6744,,0,1,1,1,0,1,2024-11-12 09:40:00+05:30,2024-11-12 09:45:00+05:30,2024-11-12 15:00:00+05:30,240.2,237.1285714285714,245.72857142857143,-0.7,EOD-
S1333,ONGC,2024-11-12 10:10:00+05:30,-0.0949,0.0115,0,,0.4775,20.0,-0.7458,0,0.5661,1.0,3,0,1,0,3,4,2024-11-12 10:25:00+05:30,2024-11-12 10:30:00+05:30,2024-11-12 15:00:00+05:30,240.35,237.26071428571427,245.9107142857143,-0.85,EOD-
S1334,ONGC,2024-11-12 11:50:00+05:30,0.3508,0.3174,16,10.0,0.0349,30.0,2.3333,0,0.304,,0,0,1,1,0,1,2024-11-12 11:50:00+05:30,2024-11-12 11:55:00+05:30,2024-11-12 12:40:00+05:30,242.35,240.19821428571427,246.2232142857143,-2.1518,L
S1335,ONGC,2024-11-12 13:30:00+05:30,-0.311,-0.2803,0,,1.0967,70.0,-1.0,0,1.3112,1.0,3,0,0,0,3,4,2024-11-12 13:45:00+05:30,2024-11-12 13:50:00+05:30,2024-11-12 15:00:00+05:30,240.55,239.2107142857143,242.9607142857143,-1.3393,L
S1336,ONGC,2024-11-12 14:10:00+05:30,-0.0573,-0.0999,3,3.0,0.1721,10.0,0.3333,0,0.6119,,0,1,0,1,0,1,2024-11-12 14:10:00+05:30,2024-11-12 14:15:00+05:30,2024-11-12 15:00:00+05:30,240.2,238.5660714285714,243.14107142857145,-0.7,EOD-
S1337,ONGC,2024-11-12 14:25:00+05:30,-0.0198,-0.0573,1,1.0,0.2585,77.78,-0.6923,0,0.8401,1.0,1,0,1,0,1,2,2024-11-12 14:30:00+05:30,2024-11-12 14:35:00+05:30,2024-11-12 15:00:00+05:30,240.35,238.77857142857144,243.17857142857144,-0.85,EOD-
S1338,ONGC,2024-11-13 11:05:00+05:30,-0.4499,-0.5279,0,,0.4844,20.0,-0.422,0,0.4885,1.0,3,1,1,0,3,4,2024-11-13 11:20:00+05:30,2024-11-13 11:25:00+05:30,2024-11-13 15:00:00+05:30,233.75,231.51785714285717,237.76785714285717,2.0,EOD+
S1339,ONGC,2024-11-13 11:30:00+05:30,-0.0504,-0.3076,0,,0.3105,45.0,0.6981,0,0.6674,,0,1,1,1,0,1,2024-11-13 11:30:00+05:30,2024-11-13 11:35:00+05:30,2024-11-13 15:00:00+05:30,234.0,231.86607142857144,237.8410714285714,1.75,EOD+
S1340,ONGC,2024-11-13 11:40:00+05:30,0.0321,-0.0997,1,1.0,0.0867,68.75,2.5714,0,0.56,,0,0,1,1,0,1,2024-11-13 11:40:00+05:30,2024-11-13 11:45:00+05:30,2024-11-13 15:00:00+05:30,233.45,231.43214285714285,237.08214285714283,2.3,EOD+
S1341,ONGC,2024-11-13 12:05:00+05:30,0.1038,0.0728,4,3.0,0.5954,50.0,-0.6364,0,0.9566,0.0,2,0,0,0,2,3,2024-11-13 12:15:00+05:30,2024-11-13 12:20:00+05:30,2024-11-13 15:00:00+05:30,233.8,232.06785714285715,236.9178571428572,1.95,EOD+
S1342,ONGC,2024-11-13 12:25:00+05:30,0.0225,0.0621,0,,0.5154,82.35,-0.5946,0,0.9451,1.0,1,1,0,0,1,2,2024-11-13 12:30:00+05:30,2024-11-13 12:35:00+05:30,2024-11-13 15:00:00+05:30,234.5,232.70535714285717,237.7303571428572,1.25,EOD+
S1343,ONGC,2024-11-14 10:15:00+05:30,-0.1835,-0.2248,0,,0.8571,72.73,-0.9476,0,0.4602,1.0,3,0,1,0,3,4,2024-11-14 10:30:00+05:30,2024-11-14 10:35:00+05:30,2024-11-14 15:00:00+05:30,234.35,231.5642857142857,239.3642857142857,-0.85,EOD-
S1344,ONGC,2024-11-14 11:35:00+05:30,-0.0868,-0.2208,0,,1.2005,33.33,-0.6979,0,1.0547,1.0,3,1,0,0,3,4,2024-11-14 11:50:00+05:30,2024-11-14 11:55:00+05:30,2024-11-14 15:00:00+05:30,233.05,231.3267857142857,236.15178571428572,0.45,EOD+
S1345,ONGC,2024-11-14 13:30:00+05:30,0.1433,0.1509,18,1.0,0.1867,91.67,-0.375,0,1.0394,0.0,1,0,1,0,1,2,2024-11-14 13:35:00+05:30,2024-11-14 13:40:00+05:30,2024-11-14 15:00:00+05:30,234.2,233.1285714285714,236.12857142857143,-1.0714,L
S1346,ONGC,2024-11-14 13:45:00+05:30,0.0599,0.1433,0,,1.0961,77.78,-0.901,0,1.265,1.0,3,0,0,0,3,4,2024-11-14 14:00:00+05:30,2024-11-14 14:05:00+05:30,2024-11-14 15:00:00+05:30,234.15,232.99821428571428,236.2232142857143,-1.1518,L
S1347,ONGC,2024-11-14 14:20:00+05:30,0.0598,0.0,2,1.0,0.0,50.0,,1,0.7399,,0,1,1,1,0,1,2024-11-14 14:20:00+05:30,2024-11-14 14:25:00+05:30,2024-11-14 15:00:00+05:30,234.05,232.8892857142857,236.13928571428573,-0.55,EOD-
S1348,ONGC,2024-11-14 14:30:00+05:30,0.0385,0.046,0,,0.7418,63.64,-0.7183,0,0.9858,,0,0,0,1,0,1,2024-11-14 14:30:00+05:30,2024-11-14 14:35:00+05:30,2024-11-14 15:00:00+05:30,234.05,232.85357142857143,236.20357142857145,-0.55,EOD-
S1349,ONGC,2024-11-18 10:05:00+05:30,-0.2591,-0.3178,0,,0.6636,11.76,-0.0968,0,0.4208,0.0,3,0,0,0,3,4,2024-11-18 10:20:00+05:30,2024-11-18 10:25:00+05:30,2024-11-18 15:00:00+05:30,232.55,229.63035714285715,237.8053571428572,1.15,EOD+
S1350,ONGC,2024-11-18 10:35:00+05:30,-0.1454,-0.1388,0,,0.5433,100.0,-1.0,0,0.2335,0.0,3,0,1,0,3,4,2024-11-18 10:50:00+05:30,2024-11-18 10:55:00+05:30,2024-11-18 15:00:00+05:30,231.9,229.50714285714287,236.20714285714288,1.8,EOD+
S1351,ONGC,2024-11-18 11:15:00+05:30,-0.0043,-0.1488,3,3.0,0.0946,53.33,1.4,0,0.4263,,0,1,0,1,0,1,2024-11-18 11:15:00+05:30,2024-11-18 11:20:00+05:30,2024-11-18 15:00:00+05:30,232.4,230.74821428571428,235.37321428571428,1.3,EOD+
S1352,ONGC,2024-11-18 11:25:00+05:30,0.0851,-0.0679,1,1.0,0.1194,64.29,1.069,0,0.4524,,0,0,0,1,0,1,2024-11-18 11:25:00+05:30,2024-11-18 11:30:00+05:30,2024-11-18 15:00:00+05:30,232.55,231.03214285714287,235.28214285714287,1.15,EOD+
S1353,ONGC,2024-11-18 11:35:00+05:30,0.154,0.0237,1,1.0,0.4609,50.0,-0.6226,0,0.3602,0.0,1,0,1,0,1,2,2024-11-18 11:40:00+05:30,2024-11-18 11:45:00+05:30,2024-11-18 15:00:00+05:30,232.35,230.9125,234.9375,1.35,EOD+
S1354,ONGC,2024-11-18 12:55:00+05:30,0.1448,0.1965,14,5.0,0.385,100.0,-1.0,0,0.6522,0.0,1,0,1,0,1,2,2024-11-18 13:00:00+05:30,2024-11-18 13:05:00+05:30,2024-11-18 15:00:00+05:30,233.25,231.64285714285717,236.14285714285717,0.45,EOD+
S1355,ONGC,2024-11-21 10:35:00+05:30,-0.5362,-0.6053,0,,1.4658,83.33,-1.0,0,0.7974,1.0,3,0,1,0,3,4,2024-11-21 10:50:00+05:30,2024-11-21 10:55:00+05:30,2024-11-21 14:25:00+05:30,232.9,230.525,237.175,-2.375,L
S1356,ONGC,2024-11-21 11:35:00+05:30,0.2094,0.1893,8,4.0,0.0437,95.45,0.5385,0,0.9508,,0,1,0,1,0,1,2024-11-21 11:35:00+05:30,2024-11-21 11:40:00+05:30,2024-11-21 13:40:00+05:30,232.9,231.04285714285717,236.2428571428572,-1.8571,L
S1357,ONGC,2024-11-21 11:55:00+05:30,0.1866,0.1965,2,2.0,0.0586,33.33,0.1765,0,0.3818,,0,1,1,1,0,1,2024-11-21 11:55:00+05:30,2024-11-21 12:00:00+05:30,2024-11-21 13:20:00+05:30,233.25,231.4375,236.5125,-1.8125,L
S1358,ONGC,2024-11-22 10:40:00+05:30,0.2976,0.3764,17,8.0,0.143,10.0,1.1053,0,0.7347,,0,0,0,1,0,1,2024-11-22 10:40:00+05:30,2024-11-22 10:45:00+05:30,2024-11-22 15:00:00+05:30,233.65,231.98928571428573,236.6392857142857,1.3,EOD+
S1359,ONGC,2024-11-22 11:35:00+05:30,-0.0118,-0.0374,0,,1.8142,16.67,-0.3569,0,0.9466,0.0,3,0,0,0,3,4,2024-11-22 11:50:00+05:30,2024-11-22 11:55:00+05:30,2024-11-22 15:00:00+05:30,233.7,232.62857142857143,235.62857142857135,1.25,EOD+
S1360,ONGC,2024-11-22 12:00:00+05:30,-0.0878,-0.0664,0,,0.7525,40.0,-0.5349,0,1.8537,1.0,1,0,0,0,1,2,2024-11-22 12:05:00+05:30,2024-11-22 12:10:00+05:30,2024-11-22 15:00:00+05:30,233.7,232.62857142857143,235.6285714285714,1.25,EOD+
S1361,ONGC,2024-11-22 13:30:00+05:30,0.1301,0.1473,16,6.0,0.3132,25.0,-0.4118,0,0.6427,0.0,3,0,1,0,3,4,2024-11-22 13:45:00+05:30,2024-11-22 13:50:00+05:30,2024-11-22 15:00:00+05:30,234.5,233.1428571428572,236.94285714285712,0.45,EOD+
S1362,ONGC,2024-11-22 13:55:00+05:30,0.0938,0.1152,0,,0.774,28.57,-0.4118,0,1.1175,1.0,1,0,1,0,1,2,2024-11-22 14:00:00+05:30,2024-11-22 14:05:00+05:30,2024-11-22 15:00:00+05:30,235.0,233.9017857142857,236.97678571428568,-0.05,EOD-
S1363,ONGC,2024-11-25 11:50:00+05:30,0.236,0.3661,31,6.0,0.0141,57.14,32.3333,0,0.7182,,0,0,1,1,0,1,2024-11-25 11:50:00+05:30,2024-11-25 11:55:00+05:30,2024-11-25 12:50:00+05:30,247.45,246.11964285714285,249.84464285714284,-1.3304,L
S1364,ONGC,2024-11-25 13:10:00+05:30,-0.1724,-0.077,0,,0.9042,44.44,-0.9078,0,1.4002,1.0,3,0,0,0,3,4,2024-11-25 13:25:00+05:30,2024-11-25 13:30:00+05:30,2024-11-25 15:00:00+05:30,246.4,244.9,249.1,0.4,EOD+
S1365,ONGC,2024-11-25 13:40:00+05:30,-0.065,-0.1137,0,,0.6879,44.44,-0.6491,0,0.845,1.0,3,0,0,0,3,4,2024-11-25 13:55:00+05:30,2024-11-25 14:00:00+05:30,2024-11-25 15:00:00+05:30,246.25,244.69642857142856,249.04642857142855,0.55,EOD+
S1366,ONGC,2024-11-25 14:05:00+05:30,-0.0152,-0.0487,0,,0.3325,83.33,-0.2105,0,1.4084,,0,0,1,1,0,1,2024-11-25 14:05:00+05:30,2024-11-25 14:10:00+05:30,2024-11-25 15:00:00+05:30,246.95,245.52142857142857,249.52142857142852,-1.4286,L
S1367,ONGC,2024-11-26 13:30:00+05:30,-0.1736,-0.1363,0,,2.872,0.0,-0.7267,0,1.5013,1.0,3,0,0,0,3,4,2024-11-26 13:45:00+05:30,2024-11-26 13:50:00+05:30,2024-11-26 15:00:00+05:30,241.85,240.89464285714288,243.56964285714284,0.45,EOD+
S1368,ONGC,2024-11-26 13:55:00+05:30,-0.0827,-0.1582,0,,0.3471,100.0,-1.0,0,1.1263,,0,0,1,1,0,1,2024-11-26 13:55:00+05:30,2024-11-26 14:00:00+05:30,2024-11-26 15:00:00+05:30,242.2,241.1375,244.11249999999995,0.1,EOD+
S1369,ONGC,2024-11-26 14:05:00+05:30,-0.0383,-0.1117,1,1.0,0.3638,27.27,-0.0909,0,0.4706,0.0,1,0,1,0,1,2,2024-11-26 14:10:00+05:30,2024-11-26 14:15:00+05:30,2024-11-26 15:00:00+05:30,241.8,240.66607142857143,243.8410714285714,0.5,EOD+
S1370,ONGC,2024-11-27 10:15:00+05:30,-0.1419,-0.0994,0,,0.9862,62.5,-0.8738,0,0.6689,1.0,3,0,0,0,3,4,2024-11-27 10:30:00+05:30,2024-11-27 10:35:00+05:30,2024-11-27 11:10:00+05:30,241.45,239.4410714285714,245.06607142857143,-2.0089,L
S1371,ONGC,2024-11-27 12:05:00+05:30,-0.1574,-0.127,0,,1.1341,100.0,-1.0,0,1.061,1.0,3,0,1,0,3,4,2024-11-27 12:20:00+05:30,2024-11-27 12:25:00+05:30,2024-11-27 13:20:00+05:30,240.05,238.8982142857143,242.12321428571428,2.0732,W
S1372,ONGC,2024-11-28 09:25:00+05:30,,,2,2.0,0.302,33.33,2.0303,0,0.4849,,0,0,1,1,0,1,2024-11-28 09:25:00+05:30,2024-11-28 09:30:00+05:30,2024-11-28 10:40:00+05:30,243.3,241.93392857142857,245.75892857142856,-1.3661,L
S1373,ONGC,2024-11-28 11:50:00+05:30,-0.2413,-0.2637,0,,0.3122,9.09,-1.0,0,0.4067,0.0,3,0,1,0,3,4,2024-11-28 12:05:00+05:30,2024-11-28 12:10:00+05:30,2024-11-28 14:10:00+05:30,242.2,240.87857142857143,244.57857142857145,-1.3214,L
S1374,ONGC,2024-11-28 12:15:00+05:30,-0.217,-0.253,0,,0.0862,20.0,1.5,0,0.438,,0,0,1,1,0,1,2024-11-28 12:15:00+05:30,2024-11-28 12:20:00+05:30,2024-11-28 14:10:00+05:30,241.95,240.7892857142857,244.03928571428568,-1.1607,L
S1375,ONGC,2024-11-28 12:35:00+05:30,0.0083,-0.1716,3,2.0,0.5732,69.23,-0.292,0,0.9549,0.0,1,0,0,0,1,2,2024-11-28 12:40:00+05:30,2024-11-28 12:45:00+05:30,2024-11-28 14:10:00+05:30,241.9,240.66785714285717,244.1178571428572,-1.2321,L
S1376,ONGC,2024-11-28 13:10:00+05:30,0.0227,0.0258,0,,1.0818,22.22,-0.5098,0,0.9423,1.0,3,0,1,0,3,4,2024-11-28 13:25:00+05:30,2024-11-28 13:30:00+05:30,2024-11-28 14:10:00+05:30,242.05,240.8714285714286,244.17142857142855,-1.1786,L
S1377,ONGC,2024-11-28 13:40:00+05:30,-0.0176,0.0021,0,,0.9556,87.5,-0.8837,0,1.1491,1.0,3,0,1,0,3,4,2024-11-28 13:55:00+05:30,2024-11-28 14:00:00+05:30,2024-11-28 14:10:00+05:30,242.2,241.075,244.225,-1.125,L
S1378,ONGC,2024-11-29 09:15:00+05:30,,,0,,0.5769,81.25,-0.5122,0,0.6204,0.0,1,0,0,0,1,2,2024-11-29 09:20:00+05:30,2024-11-29 09:25:00+05:30,2024-11-29 13:20:00+05:30,241.2,239.42321428571427,244.3982142857143,3.1982,W
S1379,ONGC,2024-11-29 10:15:00+05:30,0.1295,0.0944,9,3.0,0.1115,12.5,0.1111,0,0.3761,,0,0,0,1,0,1,2024-11-29 10:15:00+05:30,2024-11-29 10:20:00+05:30,2024-11-29 13:20:00+05:30,241.25,239.2321428571429,244.88214285714287,3.6321,W
S1380,ONGC,2024-11-29 10:25:00+05:30,0.1419,0.1285,0,,0.2165,46.67,0.3333,0,0.2277,,0,0,1,1,0,1,2024-11-29 10:25:00+05:30,2024-11-29 10:30:00+05:30,2024-11-29 13:20:00+05:30,241.8,240.06785714285715,244.9178571428572,3.1179,W
S1381,ONGC,2024-11-29 11:20:00+05:30,0.1352,0.1704,10,4.0,0.185,68.18,0.0811,0,1.54,,0,0,0,1,0,1,2024-11-29 11:20:00+05:30,2024-11-29 11:25:00+05:30,2024-11-29 13:35:00+05:30,243.05,241.8,245.3,2.25,W
S1382,ONGC,2024-11-29 11:40:00+05:30,0.0846,0.1238,3,2.0,0.0168,0.0,32.3333,0,0.9178,,0,0,0,1,0,1,2024-11-29 11:40:00+05:30,2024-11-29 11:45:00+05:30,2024-11-29 13:20:00+05:30,242.65,241.5339285714286,244.65892857142856,2.0089,W
S1383,ONGC,2024-11-29 11:50:00+05:30,0.0598,0.097,1,1.0,0.2128,87.5,-1.0,0,0.5456,0.0,2,0,0,0,2,3,2024-11-29 12:00:00+05:30,2024-11-29 12:05:00+05:30,2024-11-29 13:20:00+05:30,242.65,241.5339285714286,244.65892857142856,2.0089,W
S1384,ONGC,2024-11-29 12:10:00+05:30,0.101,0.0732,0,,0.5672,0.0,0.0638,0,0.3266,,0,0,1,1,0,1,2024-11-29 12:10:00+05:30,2024-11-29 12:15:00+05:30,2024-11-29 13:20:00+05:30,242.7,241.6642857142857,244.5642857142857,1.8643,W
S1385,ONGC,2024-11-29 12:20:00+05:30,0.0577,0.1051,0,,1.2375,57.14,-0.697,0,0.3975,0.0,1,0,1,0,1,2,2024-11-29 12:25:00+05:30,2024-11-29 12:30:00+05:30,2024-11-29 13:20:00+05:30,242.7,241.7,244.5,1.8,W
S1386,ONGC,2024-11-29 12:35:00+05:30,-0.0093,0.0577,0,,0.8578,50.0,-1.0,0,0.5563,1.0,3,0,1,0,3,4,2024-11-29 12:50:00+05:30,2024-11-29 12:55:00+05:30,2024-11-29 13:20:00+05:30,242.6,241.6892857142857,244.23928571428573,1.6393,W
S1387,ONGC,2024-12-02 10:00:00+05:30,-0.2697,-0.2682,0,,1.0446,100.0,-1.0,0,0.6657,1.0,3,1,0,0,3,4,2024-12-02 10:15:00+05:30,2024-12-02 10:20:00+05:30,2024-12-02 15:00:00+05:30,243.8,241.4964285714286,247.94642857142856,1.7,EOD+
S1388,ONGC,2024-12-02 11:00:00+05:30,0.0277,-0.0627,8,2.0,0.485,12.5,0.1321,0,0.9156,,0,0,0,1,0,1,2024-12-02 11:00:00+05:30,2024-12-02 11:05:00+05:30,2024-12-02 12:45:00+05:30,243.4,242.0339285714286,245.85892857142852,2.4589,W
S1389,ONGC,2024-12-02 12:25:00+05:30,-0.1419,-0.0853,0,,2.1718,50.0,-0.6694,0,9.7375,1.0,3,0,0,0,3,4,2024-12-02 12:40:00+05:30,2024-12-02 12:45:00+05:30,2024-12-02 13:25:00+05:30,244.6,243.55535714285716,246.48035714285717,-1.0446,L
S1390,ONGC,2024-12-02 13:25:00+05:30,0.1077,0.1662,8,7.0,0.2298,22.22,0.3793,0,0.5967,,0,0,0,1,0,1,2024-12-02 13:25:00+05:30,2024-12-02 13:30:00+05:30,2024-12-02 15:00:00+05:30,243.85,241.48392857142852,248.10892857142855,1.65,EOD+
S1391,ONGC,2024-12-02 13:35:00+05:30,0.0892,0.1159,0,,0.1073,42.86,0.5,0,0.2688,,0,1,1,1,0,1,2024-12-02 13:35:00+05:30,2024-12-02 13:40:00+05:30,2024-12-02 15:00:00+05:30,244.1,241.76964285714288,248.2946428571429,1.4,EOD+
S1392,ONGC,2024-12-02 13:45:00+05:30,0.084,0.0984,1,1.0,0.3012,100.0,-1.0,0,0.6804,1.0,3,0,0,0,3,4,2024-12-02 14:00:00+05:30,2024-12-02 14:05:00+05:30,2024-12-02 15:00:00+05:30,244.55,242.24642857142857,248.6964285714286,0.95,EOD+
S1393,ONGC,2024-12-02 14:10:00+05:30,0.1453,0.0871,1,1.0,0.0623,42.86,0.5385,0,0.3302,,0,1,1,1,0,1,2024-12-02 14:10:00+05:30,2024-12-02 14:15:00+05:30,2024-12-02 15:00:00+05:30,244.55,243.24642857142857,246.8964285714286,0.95,EOD+
S1394,ONGC,2024-12-03 13:05:00+05:30,-0.1036,-0.0926,0,,0.7778,0.0,-0.6667,0,2.4656,1.0,3,0,0,0,3,4,2024-12-03 13:20:00+05:30,2024-12-03 13:25:00+05:30,2024-12-03 15:00:00+05:30,250.85,249.88571428571427,252.58571428571423,-0.65,EOD-
S1395,ONGC,2024-12-03 14:15:00+05:30,0.0459,0.0179,9,8.0,0.0182,100.0,-1.0,0,0.8193,,0,0,1,1,0,1,2024-12-03 14:15:00+05:30,2024-12-03 14:20:00+05:30,2024-12-03 14:35:00+05:30,250.9,250.21250000000003,252.1375,-0.6875,L
S1396,ONGC,2024-12-03 14:25:00+05:30,0.0299,0.0379,0,,0.028,0.0,5.6667,0,0.6744,,0,0,1,1,0,1,2024-12-03 14:25:00+05:30,2024-12-03 14:30:00+05:30,2024-12-03 14:35:00+05:30,250.85,250.1803571428572,252.0553571428571,-0.6696,L
S1397,ONGC,2024-12-04 09:15:00+05:30,,,0,,1.05,79.49,-0.5781,0,1.4776,0.0,1,0,0,0,1,2,2024-12-04 09:20:00+05:30,2024-12-04 09:25:00+05:30,2024-12-04 11:55:00+05:30,251.0,249.5892857142857,253.5392857142857,-1.4107,L
S1398,ONGC,2024-12-04 11:35:00+05:30,-0.1118,-0.1267,0,,0.9922,0.0,-0.6319,0,3.507,1.0,3,0,0,0,3,4,2024-12-04 11:50:00+05:30,2024-12-04 11:55:00+05:30,2024-12-04 11:55:00+05:30,250.85,249.82321428571427,252.69821428571427,-1.0268,L
S1399,ONGC,2024-12-04 12:45:00+05:30,-0.0701,-0.092,0,,0.9214,42.86,-0.845,0,0.7577,1.0,3,0,1,0,3,4,2024-12-04 13:00:00+05:30,2024-12-04 13:05:00+05:30,2024-12-04 14:30:00+05:30,249.75,248.0,252.9,-1.75,L
S1400,ONGC,2024-12-04 13:10:00+05:30,-0.0631,-0.0641,0,,0.4683,20.0,-0.5789,0,0.5395,1.0,3,0,1,0,3,4,2024-12-04 13:25:00+05:30,2024-12-04 13:30:00+05:30,2024-12-04 14:30:00+05:30,249.5,248.2321428571429,251.78214285714284,-1.2679,L
S1401,ONGC,2024-12-04 13:40:00+05:30,-0.024,-0.0741,1,1.0,0.1037,57.14,2.75,0,0.8352,,0,0,1,1,0,1,2024-12-04 13:40:00+05:30,2024-12-04 13:45:00+05:30,2024-12-04 14:25:00+05:30,249.65,248.68571428571428,251.38571428571427,-0.9643,L
S1402,ONGC,2024-12-04 13:50:00+05:30,0.028,-0.0541,0,,0.2844,33.33,0.5385,0,0.5863,,0,0,1,1,0,1,2024-12-04 13:50:00+05:30,2024-12-04 13:55:00+05:30,2024-12-04 14:20:00+05:30,249.65,248.79285714285717,251.19285714285715,-0.8571,L
S1403,ONGC,2024-12-04 14:00:00+05:30,0.0591,0.005,0,,0.1538,60.0,1.0,0,0.6848,,0,0,1,1,0,1,2024-12-04 14:00:00+05:30,2024-12-04 14:05:00+05:30,2024-12-04 14:15:00+05:30,249.85,249.0375,251.3125,-0.8125,L
S1404,ONGC,2024-12-04 14:10:00+05:30,0.023,0.0561,0,,0.3957,20.0,0.1538,0,0.7928,,0,0,1,1,0,1,2024-12-04 14:10:00+05:30,2024-12-04 14:15:00+05:30,2024-12-04 14:20:00+05:30,249.7,248.8785714285714,251.17857142857144,-0.8214,L
S1405,ONGC,2024-12-05 11:50:00+05:30,-0.1341,-0.1635,0,,2.0389,12.5,-0.8365,0,4.1879,1.0,3,0,0,0,3,4,2024-12-05 12:05:00+05:30,2024-12-05 12:10:00+05:30,2024-12-05 13:15:00+05:30,247.2,246.075,249.225,2.025,W
S1406,ONGC,2024-12-06 09:15:00+05:30,,,0,,2.2541,45.24,-0.467,0,0.4659,0.0,1,0,1,0,1,2,2024-12-06 09:20:00+05:30,2024-12-06 09:25:00+05:30,2024-12-06 15:00:00+05:30,249.9,247.50714285714284,254.20714285714288,-1.7,EOD-
S1407,ONGC,2024-12-06 09:30:00+05:30,,,0,,0.8708,21.05,-0.558,0,0.6622,1.0,3,0,0,0,3,4,2024-12-06 09:45:00+05:30,2024-12-06 09:50:00+05:30,2024-12-06 15:00:00+05:30,250.1,247.5017857142857,254.7767857142857,-1.9,EOD-
S1408,ONGC,2024-12-06 10:00:00+05:30,-0.0832,-0.0481,2,2.0,0.0756,40.0,1.6087,0,0.5615,,0,0,0,1,0,1,2024-12-06 10:00:00+05:30,2024-12-06 10:05:00+05:30,2024-12-06 15:00:00+05:30,249.85,247.94821428571427,253.2732142857143,-1.9018,L
S1409,ONGC,2024-12-06 10:10:00+05:30,-0.1113,-0.0862,0,,0.3882,0.0,-0.685,0,0.9319,1.0,2,1,0,0,2,3,2024-12-06 10:20:00+05:30,2024-12-06 10:25:00+05:30,2024-12-06 15:00:00+05:30,249.95,247.90535714285716,253.63035714285712,-2.0446,L
S1410,ONGC,2024-12-06 10:30:00+05:30,0.0661,-0.0852,1,1.0,0.0033,12.5,79.0,0,0.2761,,0,0,1,1,0,1,2024-12-06 10:30:00+05:30,2024-12-06 10:35:00+05:30,2024-12-06 15:00:00+05:30,249.7,247.80714285714285,253.10714285714283,-1.5,EOD-
S1411,ONGC,2024-12-06 10:40:00+05:30,0.0872,0.0311,0,,0.0109,80.0,-1.0,0,0.3545,,0,0,1,1,0,1,2024-12-06 10:40:00+05:30,2024-12-06 10:45:00+05:30,2024-12-06 14:30:00+05:30,249.75,248.0357142857143,252.83571428571423,-1.7143,L
S1412,ONGC,2024-12-06 11:10:00+05:30,0.0851,0.0471,5,1.0,0.236,63.16,1.069,0,1.1749,,0,0,0,1,0,1,2024-12-06 11:10:00+05:30,2024-12-06 11:15:00+05:30,2024-12-06 12:15:00+05:30,249.95,248.4142857142857,252.7142857142857,-1.5357,L
S1413,ONGC,2024-12-06 12:35:00+05:30,-0.1415,-0.1022,0,,1.428,66.67,-0.902,0,1.0136,1.0,3,1,1,0,3,4,2024-12-06 12:50:00+05:30,2024-12-06 12:55:00+05:30,2024-12-06 13:50:00+05:30,249.45,248.55714285714285,251.05714285714285,-0.8929,L
S1414,ONGC,2024-12-06 13:00:00+05:30,-0.0964,-0.1617,0,,0.1675,92.86,-0.2857,0,3.061,,0,0,0,1,0,1,2024-12-06 13:00:00+05:30,2024-12-06 13:05:00+05:30,2024-12-06 14:00:00+05:30,249.45,248.40535714285716,251.33035714285717,-1.0446,L
S1415,ONGC,2024-12-09 10:45:00+05:30,-0.1428,-0.2004,0,,0.819,17.65,-0.4186,0,0.2791,0.0,3,0,0,0,3,4,2024-12-09 11:00:00+05:30,2024-12-09 11:05:00+05:30,2024-12-09 15:00:00+05:30,246.65,245.3375,249.0125,0.15,EOD+
S1416,ONGC,2024-12-09 11:10:00+05:30,-0.1054,-0.1459,0,,0.3778,66.67,-0.4118,0,0.1983,,0,0,1,1,0,1,2024-12-09 11:10:00+05:30,2024-12-09 11:15:00+05:30,2024-12-09 15:00:00+05:30,246.7,245.575,248.725,0.1,EOD+
S1417,ONGC,2024-12-09 13:15:00+05:30,-0.0202,-0.0091,0,,0.9119,40.0,-0.5775,0,2.05,0.0,3,0,0,0,3,4,2024-12-09 13:30:00+05:30,2024-12-09 13:35:00+05:30,2024-12-09 15:00:00+05:30,247.25,246.2767857142857,249.0017857142857,-0.45,EOD-
S1418,ONGC,2024-12-09 13:40:00+05:30,-0.0607,-0.0364,0,,0.68,57.14,-0.6078,0,0.8434,,0,1,0,1,0,1,2024-12-09 13:40:00+05:30,2024-12-09 13:45:00+05:30,2024-12-09 15:00:00+05:30,247.05,246.1125,248.7375,-0.25,EOD-
S1419,ONGC,2024-12-09 13:50:00+05:30,-0.0729,-0.0506,0,,0.8667,50.0,-0.6923,0,0.9873,1.0,3,0,1,0,3,4,2024-12-09 14:05:00+05:30,2024-12-09 14:10:00+05:30,2024-12-09 15:00:00+05:30,247.1,246.1625,248.7875,-0.3,EOD-
S1420,ONGC,2024-12-09 14:15:00+05:30,-0.0132,-0.077,0,,0.3595,0.0,0.4035,0,0.4899,,0,0,1,1,0,1,2024-12-09 14:15:00+05:30,2024-12-09 14:20:00+05:30,2024-12-09 15:00:00+05:30,246.85,245.85892857142855,248.63392857142856,-0.05,EOD-
S1421,ONGC,2024-12-11 11:25:00+05:30,-0.1192,-0.0947,0,,2.03,28.57,-0.6169,0,1.2298,1.0,3,0,0,0,3,4,2024-12-11 11:40:00+05:30,2024-12-11 11:45:00+05:30,2024-12-11 13:55:00+05:30,245.2,244.39642857142857,246.64642857142857,-0.8036,L
S1422,ONGC,2024-12-11 12:55:00+05:30,-0.0368,-0.0602,0,,1.3182,0.0,-0.3103,0,0.8296,0.0,3,0,0,0,3,4,2024-12-11 13:10:00+05:30,2024-12-11 13:15:00+05:30,2024-12-11 14:20:00+05:30,244.8,244.1125,246.0375,-0.6875,L
S1423,ONGC,2024-12-11 13:20:00+05:30,-0.0276,-0.0245,0,,0.5139,100.0,-1.0,0,1.004,1.0,2,0,1,0,2,3,2024-12-11 13:30:00+05:30,2024-12-11 13:35:00+05:30,2024-12-11 14:20:00+05:30,244.75,244.0446428571429,246.01964285714288,-0.7054,L
S1424,ONGC,2024-12-11 14:15:00+05:30,-0.0245,-0.0163,0,,1.5292,0.0,-1.0,0,1.9108,1.0,3,1,1,0,3,4,2024-12-11 14:30:00+05:30,2024-12-11 14:35:00+05:30,2024-12-11 15:00:00+05:30,244.8,244.21964285714287,245.84464285714287,0.35,EOD+
S1425,ONGC,2024-12-12 12:00:00+05:30,-0.08,-0.0697,0,,1.0646,33.33,-0.726,0,2.1021,1.0,3,0,1,0,3,4,2024-12-12 12:15:00+05:30,2024-12-12 12:20:00+05:30,2024-12-12 13:25:00+05:30,244.05,243.19285714285715,245.59285714285716,-0.8571,L
S1426,ONGC,2024-12-13 10:35:00+05:30,-0.3783,-0.3639,0,,2.1994,60.0,-0.8915,0,1.2268,1.0,3,0,0,0,3,4,2024-12-13 10:50:00+05:30,2024-12-13 10:55:00+05:30,2024-12-13 12:55:00+05:30,239.9,238.32857142857145,242.72857142857143,2.8286,W
S1427,ONGC,2024-12-13 11:25:00+05:30,-0.0084,-0.0626,6,3.0,0.3772,55.0,-0.5876,0,0.4679,0.0,1,0,0,0,1,2,2024-12-13 11:30:00+05:30,2024-12-13 11:35:00+05:30,2024-12-13 12:20:00+05:30,239.8,238.19285714285715,242.69285714285715,2.8929,W
S1428,ONGC,2024-12-13 11:40:00+05:30,-0.0094,-0.0084,0,,0.3381,16.67,0.4118,0,0.5078,,0,0,1,1,0,1,2024-12-13 11:40:00+05:30,2024-12-13 11:45:00+05:30,2024-12-13 12:15:00+05:30,239.65,238.07857142857145,242.47857142857143,2.8286,W
S1429,ONGC,2024-12-16 12:30:00+05:30,-0.1073,-0.1312,0,,1.9906,50.0,-0.6703,0,1.0242,1.0,3,1,0,0,3,4,2024-12-16 12:45:00+05:30,2024-12-16 12:50:00+05:30,2024-12-16 15:00:00+05:30,240.15,239.57857142857145,241.17857142857144,0.25,EOD+
S1430,ONGC,2024-12-16 12:55:00+05:30,-0.0156,-0.0625,1,1.0,0.0778,0.0,4.7143,0,0.6156,,0,0,1,1,0,1,2024-12-16 12:55:00+05:30,2024-12-16 13:00:00+05:30,2024-12-16 15:00:00+05:30,240.05,239.4875,241.0625,0.35,EOD+
S1431,ONGC,2024-12-16 13:05:00+05:30,-0.0156,-0.024,0,,0.4403,0.0,0.5385,0,3.0655,,0,0,0,1,0,1,2024-12-16 13:05:00+05:30,2024-12-16 13:10:00+05:30,2024-12-16 15:00:00+05:30,240.0,239.44642857142856,240.99642857142857,0.4,EOD+
S1432,ONGC,2024-12-16 13:25:00+05:30,-0.0229,-0.0146,0,,0.9859,37.5,-0.6,0,0.5234,0.0,3,0,1,0,3,4,2024-12-16 13:40:00+05:30,2024-12-16 13:45:00+05:30,2024-12-16 15:00:00+05:30,240.2,239.5660714285714,241.34107142857144,0.2,EOD+
S1433,ONGC,2024-12-16 13:50:00+05:30,0.0167,-0.024,0,,0.1455,66.67,1.5,0,0.3,,0,0,1,1,0,1,2024-12-16 13:50:00+05:30,2024-12-16 13:55:00+05:30,2024-12-16 15:00:00+05:30,240.2,239.5125,241.4375,0.2,EOD+
S1434,ONGC,2024-12-16 14:00:00+05:30,0.0448,-0.001,1,1.0,0.1329,33.33,3.0,0,0.7574,,0,0,1,1,0,1,2024-12-16 14:00:00+05:30,2024-12-16 14:05:00+05:30,2024-12-16 15:00:00+05:30,240.2,239.49464285714285,241.46964285714284,0.2,EOD+
S1435,ONGC,2024-12-16 14:20:00+05:30,0.0375,0.049,3,2.0,0.5272,33.33,0.3115,0,0.6366,,0,0,0,1,0,1,2024-12-16 14:20:00+05:30,2024-12-16 14:25:00+05:30,2024-12-16 15:00:00+05:30,240.05,239.32678571428573,241.3517857142857,0.35,EOD+
S1436,ONGC,2024-12-16 14:30:00+05:30,0.0167,0.0437,0,,0.224,50.0,-0.1667,0,0.5373,,0,0,0,1,0,1,2024-12-16 14:30:00+05:30,2024-12-16 14:35:00+05:30,2024-12-16 15:00:00+05:30,240.15,239.4803571428572,241.35535714285712,0.25,EOD+
S1437,ONGC,2024-12-17 10:40:00+05:30,-0.2935,-0.2888,0,,3.329,61.11,-0.8074,0,0.4582,0.0,3,0,1,0,3,4,2024-12-17 10:55:00+05:30,2024-12-17 11:00:00+05:30,2024-12-17 14:20:00+05:30,238.2,237.03035714285716,240.3053571428572,-1.1696,L
S1438,ONGC,2024-12-17 11:20:00+05:30,-0.1619,-0.1838,0,,1.1617,0.0,-0.7436,0,0.8723,1.0,3,0,1,0,3,4,2024-12-17 11:35:00+05:30,2024-12-17 11:40:00+05:30,2024-12-17 14:30:00+05:30,237.85,236.5910714285714,240.11607142857144,-1.2589,L
S1439,ONGC,2024-12-17 11:45:00+05:30,-0.0768,-0.1493,0,,0.6138,27.27,-0.0083,0,0.9933,0.0,1,0,1,0,1,2,2024-12-17 11:50:00+05:30,2024-12-17 11:55:00+05:30,2024-12-17 14:25:00+05:30,238.15,236.91785714285717,240.3678571428572,-1.2321,L
S1440,ONGC,2024-12-17 12:00:00+05:30,0.0231,-0.0768,1,1.0,0.1899,44.44,1.2857,0,0.7745,,0,1,0,1,0,1,2024-12-17 12:00:00+05:30,2024-12-17 12:05:00+05:30,2024-12-17 14:25:00+05:30,238.1,236.94821428571427,240.17321428571427,-1.1518,L
S1441,ONGC,2024-12-17 12:10:00+05:30,0.0515,-0.0126,0,,0.4773,50.0,-0.1111,0,0.8874,1.0,1,0,1,0,1,2,2024-12-17 12:15:00+05:30,2024-12-17 12:20:00+05:30,2024-12-17 14:25:00+05:30,237.85,236.67142857142855,239.97142857142856,-1.1786,L
S1442,ONGC,2024-12-17 12:40:00+05:30,0.0389,0.0547,3,2.0,0.1043,83.33,0.9048,0,0.7909,,0,0,1,1,0,1,2024-12-17 12:40:00+05:30,2024-12-17 12:45:00+05:30,2024-12-17 14:25:00+05:30,237.95,236.69107142857143,240.21607142857135,-1.2589,L
S1443,ONGC,2024-12-17 13:05:00+05:30,0.0903,0.0441,4,2.0,0.2886,33.33,1.1277,0,0.9062,,0,1,0,1,0,1,2024-12-17 13:05:00+05:30,2024-12-17 13:10:00+05:30,2024-12-17 14:20:00+05:30,238.45,237.43214285714285,240.2821428571428,-1.0179,L
S1444,ONGC,2024-12-18 10:15:00+05:30,-0.2565,-0.238,0,,1.5883,11.11,-0.9605,0,0.7152,1.0,3,0,0,0,3,4,2024-12-18 10:30:00+05:30,2024-12-18 10:35:00+05:30,2024-12-18 12:30:00+05:30,235.05,233.05892857142857,238.63392857142856,-1.9911,L
S1445,ONGC,2024-12-18 11:00:00+05:30,-0.049,-0.1247,4,3.0,0.1,12.5,2.0,0,0.6434,,0,0,1,1,0,1,2024-12-18 11:00:00+05:30,2024-12-18 11:05:00+05:30,2024-12-18 12:25:00+05:30,234.65,233.4,236.9,-1.25,L
S1446,ONGC,2024-12-18 11:40:00+05:30,0.0256,0.0203,7,3.0,0.9609,18.18,0.1921,0,4.1856,,0,0,0,1,0,1,2024-12-18 11:40:00+05:30,2024-12-18 11:45:00+05:30,2024-12-18 12:20:00+05:30,234.7,233.71785714285716,236.4678571428572,-0.9821,L
S1447,ONGC,2024-12-19 10:20:00+05:30,-0.2907,-0.3054,0,,0.6744,36.84,-0.8734,0,0.391,0.0,3,1,0,0,3,4,2024-12-19 10:35:00+05:30,2024-12-19 10:40:00+05:30,2024-12-19 15:00:00+05:30,230.65,227.7214285714286,235.92142857142852,0.1,EOD+
S1448,ONGC,2024-12-19 12:05:00+05:30,0.1837,0.2067,17,9.0,0.4894,31.25,0.8605,0,1.9082,,0,0,1,1,0,1,2024-12-19 12:05:00+05:30,2024-12-19 12:10:00+05:30,2024-12-19 14:20:00+05:30,231.75,230.6517857142857,233.7267857142857,-1.0982,L
S1449,ONGC,2024-12-19 12:30:00+05:30,0.1705,0.1954,4,4.0,0.1226,78.57,-0.1667,0,0.6273,0.0,1,0,0,0,1,2,2024-12-19 12:35:00+05:30,2024-12-19 12:40:00+05:30,2024-12-19 14:20:00+05:30,231.95,230.7267857142857,234.1517857142857,-1.2232,L
S1450,ONGC,2024-12-19 12:45:00+05:30,0.0863,0.1705,0,,0.5444,20.0,-0.3878,0,1.056,1.0,3,1,0,0,3,4,2024-12-19 13:00:00+05:30,2024-12-19 13:05:00+05:30,2024-12-19 13:50:00+05:30,232.1,230.975,234.125,-1.125,L
S1451,ONGC,2024-12-19 13:10:00+05:30,0.0237,0.0388,1,1.0,0.1014,57.14,2.0,0,0.4003,,0,0,0,1,0,1,2024-12-19 13:10:00+05:30,2024-12-19 13:15:00+05:30,2024-12-19 14:20:00+05:30,231.95,230.71785714285716,234.16785714285717,-1.2321,L
S1452,ONGC,2024-12-19 13:20:00+05:30,0.014,0.028,0,,0.6878,0.0,-0.646,0,0.4086,1.0,2,0,1,0,2,3,2024-12-19 13:30:00+05:30,2024-12-19 13:35:00+05:30,2024-12-19 13:45:00+05:30,232.1,231.07321428571427,233.94821428571427,-1.0268,L
S1453,ONGC,2024-12-20 09:15:00+05:30,,,0,,4.6209,19.23,-0.2221,0,1.2772,0.0,1,0,0,0,1,2,2024-12-20 09:20:00+05:30,2024-12-20 09:25:00+05:30,2024-12-20 14:05:00+05:30,230.95,229.62857142857143,233.3285714285714,-1.3214,L
S1454,ONGC,2024-12-20 10:00:00+05:30,0.04,0.0887,0,,0.9636,46.15,-0.6855,0,0.6454,0.0,3,1,0,0,3,4,2024-12-20 10:15:00+05:30,2024-12-20 10:20:00+05:30,2024-12-20 14:50:00+05:30,231.25,229.1875,234.9625,-2.0625,L
S1455,ONGC,2024-12-20 10:25:00+05:30,0.0206,-0.0043,0,,0.3345,37.5,-0.1753,0,0.2954,0.0,1,0,0,0,1,2,2024-12-20 10:30:00+05:30,2024-12-20 10:35:00+05:30,2024-12-20 14:05:00+05:30,231.45,229.6375,234.7125,-1.8125,L
S1456,ONGC,2024-12-20 11:45:00+05:30,0.1391,0.0464,14,11.0,0.1721,10.0,0.3333,0,1.0679,,0,0,0,1,0,1,2024-12-20 11:45:00+05:30,2024-12-20 11:50:00+05:30,2024-12-20 13:00:00+05:30,231.9,230.81071428571428,233.8607142857143,-1.0893,L
S1457,ONGC,2024-12-23 09:50:00+05:30,-0.3705,,0,,0.5657,8.33,-0.7122,0,0.0811,0.0,3,0,1,0,3,4,2024-12-23 10:05:00+05:30,2024-12-23 10:10:00+05:30,2024-12-23 15:00:00+05:30,227.2,224.1285714285714,232.72857142857143,2.75,EOD+
S1458,ONGC,2024-12-23 10:15:00+05:30,-0.301,-0.3501,1,1.0,0.3182,50.0,-0.0345,0,0.1266,0.0,2,0,1,0,2,3,2024-12-23 10:25:00+05:30,2024-12-23 10:30:00+05:30,2024-12-23 15:00:00+05:30,226.75,223.9017857142857,231.87678571428572,3.2,EOD+
S1459,ONGC,2024-12-23 12:05:00+05:30,0.3595,0.4094,18,4.0,0.5212,81.82,-1.0,0,0.6269,0.0,2,0,1,0,2,3,2024-12-23 12:15:00+05:30,2024-12-23 12:20:00+05:30,2024-12-23 12:30:00+05:30,229.8,228.57678571428573,232.0017857142857,-1.2232,L
S1460,ONGC,2024-12-23 13:20:00+05:30,-0.2576,-0.1896,0,,2.0588,0.0,-0.8667,0,3.164,1.0,3,0,0,0,3,4,2024-12-23 13:35:00+05:30,2024-12-23 13:40:00+05:30,2024-12-23 15:00:00+05:30,228.8,227.4339285714286,231.25892857142856,1.15,EOD+
S1461,ONGC,2024-12-24 09:15:00+05:30,,,0,,2.2544,7.32,-0.0868,0,0.4604,0.0,1,0,1,0,1,2,2024-12-24 09:20:00+05:30,2024-12-24 09:25:00+05:30,2024-12-24 13:45:00+05:30,230.1,228.88571428571427,232.2857142857143,-1.2143,L
S1462,ONGC,2024-12-24 09:30:00+05:30,,,0,,0.9875,55.56,-0.9156,0,0.6783,1.0,1,0,0,0,1,2,2024-12-24 09:35:00+05:30,2024-12-24 09:40:00+05:30,2024-12-24 13:45:00+05:30,230.3,228.8,233.0,-1.5,L
S1463,ONGC,2024-12-24 09:50:00+05:30,0.013,,2,1.0,0.0593,54.55,2.75,0,0.3798,,0,0,0,1,0,1,2024-12-24 09:50:00+05:30,2024-12-24 09:55:00+05:30,2024-12-24 14:45:00+05:30,230.05,228.3625,233.0875,-1.6875,L
S1464,ONGC,2024-12-24 10:50:00+05:30,0.1713,0.1866,10,4.0,0.1615,38.46,3.8485,0,1.1,,0,0,0,1,0,1,2024-12-24 10:50:00+05:30,2024-12-24 10:55:00+05:30,2024-12-24 12:00:00+05:30,230.95,229.6732142857143,233.24821428571423,-1.2768,L
S1465,ONGC,2024-12-24 11:00:00+05:30,0.1138,0.1941,0,,0.1247,37.5,-1.0,0,0.3692,,0,1,1,1,0,1,2024-12-24 11:00:00+05:30,2024-12-24 11:05:00+05:30,2024-12-24 12:05:00+05:30,230.85,229.54642857142855,233.19642857142856,-1.3036,L
S1466,ONGC,2024-12-24 11:10:00+05:30,0.1083,0.1387,0,,0.5356,50.0,-0.1228,0,0.8569,0.0,1,0,0,0,1,2,2024-12-24 11:15:00+05:30,2024-12-24 11:20:00+05:30,2024-12-24 11:35:00+05:30,231.15,229.81964285714287,233.54464285714283,-1.3304,L
S1467,ONGC,2024-12-24 12:30:00+05:30,-0.1966,-0.1834,0,,2.1949,40.0,-0.7838,0,1.8436,1.0,3,0,0,0,3,4,2024-12-24 12:45:00+05:30,2024-12-24 12:50:00+05:30,2024-12-24 13:40:00+05:30,230.35,229.29642857142855,232.24642857142857,-1.0536,L
S1468,ONGC,2024-12-24 12:55:00+05:30,-0.0794,-0.1304,1,1.0,0.2376,33.33,1.1622,0,0.6792,,0,0,1,1,0,1,2024-12-24 12:55:00+05:30,2024-12-24 13:00:00+05:30,2024-12-24 13:40:00+05:30,230.1,229.1267857142857,231.85178571428568,-0.9732,L
S1469,ONGC,2024-12-24 13:05:00+05:30,-0.0772,-0.0848,0,,0.4336,33.33,-0.1429,0,0.4907,,0,0,1,1,0,1,2024-12-24 13:05:00+05:30,2024-12-24 13:10:00+05:30,2024-12-24 13:40:00+05:30,230.0,228.99107142857144,231.8160714285714,-1.0089,L
S1470,ONGC,2024-12-24 13:15:00+05:30,-0.0685,-0.0837,0,,0.6394,0.0,-0.1579,0,0.6596,1.0,1,0,1,0,1,2,2024-12-24 13:20:00+05:30,2024-12-24 13:25:00+05:30,2024-12-24 13:40:00+05:30,229.95,229.02142857142857,231.6214285714285,-0.9286,L
S1471,ONGC,2024-12-26 09:15:00+05:30,,,0,,0.5432,24.0,0.4433,0,3.2018,,0,0,0,1,0,1,2024-12-26 09:15:00+05:30,2024-12-26 09:20:00+05:30,2024-12-26 09:35:00+05:30,228.55,227.43392857142857,230.5589285714286,2.0089,W
S1472,ONGC,2024-12-26 10:15:00+05:30,0.1124,0.1332,11,8.0,0.2884,75.0,-1.0,0,0.6349,0.0,1,0,0,0,1,2,2024-12-26 10:20:00+05:30,2024-12-26 10:25:00+05:30,2024-12-26 15:00:00+05:30,229.05,226.96964285714284,232.7946428571429,-0.25,EOD-
S1473,ONGC,2024-12-26 11:15:00+05:30,-0.1135,0.0065,0,,1.4174,66.67,-1.0,0,0.4279,0.0,3,0,1,0,3,4,2024-12-26 11:30:00+05:30,2024-12-26 11:35:00+05:30,2024-12-26 15:00:00+05:30,228.95,227.86964285714288,230.8946428571428,-0.15,EOD-
S1474,ONGC,2024-12-26 12:45:00+05:30,-0.0328,-0.0438,0,,0.9821,33.33,-1.0,0,1.2845,1.0,3,0,1,0,3,4,2024-12-26 13:00:00+05:30,2024-12-26 13:05:00+05:30,2024-12-26 13:35:00+05:30,228.65,228.05178571428573,229.7267857142857,-0.5982,L
S1475,ONGC,2024-12-26 13:30:00+05:30,0.0241,0.0088,5,4.0,0.4744,44.44,-1.0,0,1.7861,1.0,2,0,1,0,2,3,2024-12-26 13:40:00+05:30,2024-12-26 13:45:00+05:30,2024-12-26 13:55:00+05:30,229.35,228.54642857142852,230.79642857142855,-0.8036,L
S1476,ONGC,2024-12-26 13:55:00+05:30,0.0591,0.0306,2,2.0,0.281,53.85,0.4545,0,0.6019,,0,0,1,1,0,1,2024-12-26 13:55:00+05:30,2024-12-26 14:00:00+05:30,2024-12-26 15:00:00+05:30,228.65,227.42678571428573,230.8517857142857,0.15,EOD+
S1477,ONGC,2024-12-26 14:05:00+05:30,0.058,0.047,0,,0.6238,36.36,-0.3893,0,0.5141,0.0,3,0,0,0,3,4,2024-12-26 14:20:00+05:30,2024-12-26 14:25:00+05:30,2024-12-26 15:00:00+05:30,228.7,227.3875,231.0625,0.1,EOD+
S1478,ONGC,2024-12-26 14:30:00+05:30,0.0525,0.0459,0,,0.093,33.33,0.0526,0,2.8118,,0,0,0,1,0,1,2024-12-26 14:30:00+05:30,2024-12-26 14:35:00+05:30,2024-12-26 15:00:00+05:30,228.85,227.57321428571427,231.14821428571423,-0.05,EOD-
S1479,ONGC,2024-12-27 09:15:00+05:30,,,0,,1.1556,0.0,0.0577,0,1.3469,,0,1,0,1,0,1,2024-12-27 09:15:00+05:30,2024-12-27 09:20:00+05:30,2024-12-27 10:55:00+05:30,228.9,227.775,230.925,-1.125,L
S1480,ONGC,2024-12-27 09:30:00+05:30,,,0,,1.12,25.0,-0.7321,0,0.6755,1.0,3,0,0,0,3,4,2024-12-27 09:45:00+05:30,2024-12-27 09:50:00+05:30,2024-12-27 10:55:00+05:30,229.35,228.1,231.6,-1.25,L
S1481,ONGC,2024-12-27 10:20:00+05:30,0.0611,0.0797,6,5.0,0.0453,16.67,7.8889,0,0.4081,,0,0,1,1,0,1,2024-12-27 10:20:00+05:30,2024-12-27 10:25:00+05:30,2024-12-27 10:55:00+05:30,229.15,227.9089285714286,231.38392857142856,-1.2411,L
S1482,ONGC,2024-12-27 10:30:00+05:30,0.0349,0.0655,0,,0.1654,0.0,1.0,0,0.5754,,0,0,0,1,0,1,2024-12-27 10:30:00+05:30,2024-12-27 10:35:00+05:30,2024-12-27 10:55:00+05:30,229.05,227.91607142857143,231.09107142857144,-1.1339,L
S1483,ONGC,2024-12-27 13:45:00+05:30,-0.1291,-0.1654,0,,0.9989,50.0,-0.8425,0,0.6196,1.0,3,0,0,0,3,4,2024-12-27 14:00:00+05:30,2024-12-27 14:05:00+05:30,2024-12-27 15:00:00+05:30,226.55,225.75535714285715,227.98035714285717,-0.45,EOD-
S1484,ONGC,2024-12-30 10:10:00+05:30,-0.1811,-0.2064,0,,0.9839,50.0,-0.7377,0,0.2442,1.0,3,0,1,0,3,4,2024-12-30 10:25:00+05:30,2024-12-30 10:30:00+05:30,2024-12-30 14:20:00+05:30,224.9,222.9625,228.3875,-1.9375,L
S1485,ONGC,2024-12-30 10:35:00+05:30,-0.1212,-0.1767,0,,0.2481,0.0,1.1429,0,0.3518,,0,0,1,1,0,1,2024-12-30 10:35:00+05:30,2024-12-30 10:40:00+05:30,2024-12-30 13:50:00+05:30,224.9,223.48928571428573,227.4392857142857,-1.4107,L
S1486,ONGC,2024-12-30 11:05:00+05:30,-0.0056,-0.0723,0,,0.8089,66.67,-0.7436,0,0.3978,0.0,3,0,1,0,3,4,2024-12-30 11:20:00+05:30,2024-12-30 11:25:00+05:30,2024-12-30 13:45:00+05:30,224.95,223.74464285714285,227.11964285714285,-1.2054,L
S1487,ONGC,2024-12-30 12:10:00+05:30,0.0821,0.1055,8,4.0,0.0,66.67,,1,0.9209,1.0,1,1,0,0,1,2,2024-12-30 12:15:00+05:30,2024-12-30 12:20:00+05:30,2024-12-30 12:30:00+05:30,225.6,224.61785714285716,227.3678571428572,-0.9821,L
S1488,ONGC,2024-12-31 09:15:00+05:30,,,0,,1.2272,88.06,-0.7861,0,0.5029,,0,0,1,1,0,1,2024-12-31 09:15:00+05:30,2024-12-31 09:20:00+05:30,2024-12-31 15:00:00+05:30,224.85,221.99285714285716,229.99285714285716,3.4,EOD+
S1489,ONGC,2024-12-31 10:35:00+05:30,0.1962,0.1239,15,15.0,0.1671,40.0,0.0811,0,0.0574,,0,0,1,1,0,1,2024-12-31 10:35:00+05:30,2024-12-31 10:40:00+05:30,2024-12-31 12:15:00+05:30,224.25,222.86607142857144,226.74107142857144,2.4911,W
S1490,ONGC,2024-12-31 10:45:00+05:30,0.2706,0.1428,0,,0.7184,50.0,-1.0,0,1.0161,1.0,1,1,0,0,1,2,2024-12-31 10:50:00+05:30,2024-12-31 10:55:00+05:30,2024-12-31 11:30:00+05:30,225.3,224.28214285714287,227.13214285714287,-1.0179,L
S1491,ONGC,2024-12-31 11:00:00+05:30,0.1403,0.2706,0,,0.0178,42.86,5.6667,0,0.1857,,0,1,1,1,0,1,2024-12-31 11:00:00+05:30,2024-12-31 11:05:00+05:30,2024-12-31 12:15:00+05:30,224.75,223.69642857142856,226.64642857142857,1.8964,W
S1492,ONGC,2024-12-31 11:25:00+05:30,0.0056,0.0278,4,3.0,0.3839,88.89,-0.7059,0,0.6927,1.0,3,0,0,0,3,4,2024-12-31 11:40:00+05:30,2024-12-31 11:45:00+05:30,2024-12-31 12:15:00+05:30,224.85,223.74285714285716,226.84285714285716,1.9929,W
S1493,ONGC,2024-12-31 14:20:00+05:30,0.1043,0.1879,31,7.0,0.6369,20.0,0.2613,0,0.9016,,0,0,0,1,0,1,2024-12-31 14:20:00+05:30,2024-12-31 14:25:00+05:30,2024-12-31 15:00:00+05:30,227.85,226.76071428571427,229.81071428571428,0.4,EOD+
