signal_id,stock,datetime,p01,p02,p03,p04,p05,p06,p07,p07_na,p08,p09,p10,p11,p11_open,p12,same_candle_tb,bounce_bar_index,entry_bar_index,bounce_datetime,entry_datetime,exit_datetime,entry_price,sl,target,pnl,outcome
S001,PNB,2022-01-03 10:55:00+05:30,0.1316,0.2058,0,,0.3524,33.33,0.3699,0,1.1198,,0,0,1,0,1,0,1,2022-01-03 10:55:00+05:30,2022-01-03 11:00:00+05:30,2022-01-03 15:00:00+05:30,36.59,36.33107142857143,37.05607142857144,0.34,EOD+
S002,PNB,2022-01-03 11:05:00+05:30,0.1315,0.1577,1,1.0,0.083,0.0,5.25,0,0.1899,,0,0,0,1,1,0,1,2022-01-03 11:05:00+05:30,2022-01-03 11:10:00+05:30,2022-01-03 14:10:00+05:30,36.54,36.29892857142857,36.97392857142858,0.4339,W
S003,PNB,2022-01-03 11:15:00+05:30,0.1,0.1453,0,,0.1938,50.0,1.7778,0,1.433,,0,0,0,0,1,0,1,2022-01-03 11:15:00+05:30,2022-01-03 11:20:00+05:30,2022-01-03 14:10:00+05:30,36.54,36.30785714285714,36.95785714285715,0.4179,W
S004,PNB,2022-01-03 11:25:00+05:30,0.0657,0.1055,0,,0.252,0.0,1.2222,0,0.2785,,0,0,0,1,1,0,1,2022-01-03 11:25:00+05:30,2022-01-03 11:30:00+05:30,2022-01-03 14:00:00+05:30,36.49,36.26678571428572,36.89178571428572,0.4018,W
S005,PNB,2022-01-03 11:35:00+05:30,0.0397,0.1054,0,,0.3208,100.0,-1.0,0,1.3035,1.0,1,0,0,0,0,1,2,2022-01-03 11:40:00+05:30,2022-01-03 11:45:00+05:30,2022-01-03 14:10:00+05:30,36.59,36.37571428571429,36.97571428571429,0.3857,W
S006,PNB,2022-01-03 12:40:00+05:30,0.1161,0.0889,11,5.0,0.1105,50.0,5.6667,0,0.9605,,0,1,0,1,1,0,1,2022-01-03 12:40:00+05:30,2022-01-03 12:45:00+05:30,2022-01-03 14:10:00+05:30,36.64,36.47035714285715,36.94535714285714,0.3054,W
S007,PNB,2022-01-03 13:05:00+05:30,0.1541,0.1475,4,4.0,0.1849,50.0,2.5714,0,1.4333,,0,0,0,0,1,0,1,2022-01-03 13:05:00+05:30,2022-01-03 13:10:00+05:30,2022-01-03 15:00:00+05:30,36.74,36.55071428571429,37.08071428571428,0.19,EOD+
S008,PNB,2022-01-03 13:25:00+05:30,0.1335,0.1418,3,1.0,0.0385,28.57,15.6667,0,1.5621,,0,1,1,0,1,0,1,2022-01-03 13:25:00+05:30,2022-01-03 13:30:00+05:30,2022-01-03 15:00:00+05:30,36.83,36.63535714285714,37.18035714285714,0.1,EOD+
S009,PNB,2022-01-04 09:20:00+05:30,,,1,1.0,0.0324,61.54,24.0,0,1.9681,,0,1,0,1,1,0,1,2022-01-04 09:20:00+05:30,2022-01-04 09:25:00+05:30,2022-01-04 09:40:00+05:30,37.32,37.011071428571434,37.87607142857142,-0.3089,L
S010,PNB,2022-01-04 09:35:00+05:30,,,2,2.0,0.019,100.0,-1.0,0,1.5975,1.0,1,1,0,0,0,1,2,2022-01-04 09:40:00+05:30,2022-01-04 09:45:00+05:30,2022-01-04 15:00:00+05:30,37.12,36.72535714285714,37.83035714285713,0.05,EOD+
S011,PNB,2022-01-04 11:05:00+05:30,0.1768,0.3122,16,5.0,0.2078,35.71,1.6316,0,0.409,,0,0,0,1,1,0,1,2022-01-04 11:05:00+05:30,2022-01-04 11:10:00+05:30,2022-01-04 11:20:00+05:30,37.37,37.14142857142857,37.78142857142856,-0.2286,L
S012,PNB,2022-01-04 11:45:00+05:30,-0.0737,0.0054,0,,1.4423,50.0,-1.0,0,1.0465,1.0,3,0,1,0,0,3,4,2022-01-04 12:00:00+05:30,2022-01-04 12:05:00+05:30,2022-01-04 13:10:00+05:30,37.37,37.10392857142857,37.84892857142857,-0.2661,L
S013,PNB,2022-01-04 12:20:00+05:30,-0.0644,-0.0335,0,,0.672,100.0,-1.0,0,1.108,1.0,3,0,0,0,0,3,4,2022-01-04 12:35:00+05:30,2022-01-04 12:40:00+05:30,2022-01-04 13:15:00+05:30,37.32,37.052142857142854,37.80214285714286,-0.2679,L
S014,PNB,2022-01-04 13:55:00+05:30,-0.2154,-0.1304,0,,1.4658,50.0,-0.6795,0,0.6304,1.0,3,0,0,1,0,3,4,2022-01-04 14:10:00+05:30,2022-01-04 14:15:00+05:30,2022-01-04 15:00:00+05:30,37.08,36.81392857142857,37.55892857142857,0.09,EOD+
S015,PNB,2022-01-04 14:20:00+05:30,-0.1011,-0.1643,0,,0.1671,0.0,3.8649,0,0.5456,,0,0,0,0,1,0,1,2022-01-04 14:20:00+05:30,2022-01-04 14:25:00+05:30,2022-01-04 15:00:00+05:30,37.17,36.893214285714286,37.668214285714285,0.0,EOD-
S016,PNB,2022-01-05 09:15:00+05:30,,,0,,1.5173,85.29,-0.7423,0,2.0929,,0,0,0,0,1,0,1,2022-01-05 09:15:00+05:30,2022-01-05 09:20:00+05:30,2022-01-05 13:15:00+05:30,37.27,36.95035714285714,37.845357142857154,0.5754,W
S017,PNB,2022-01-05 09:25:00+05:30,,,1,1.0,0.15,25.0,1.381,0,1.3744,,0,0,1,1,1,0,1,2022-01-05 09:25:00+05:30,2022-01-05 09:30:00+05:30,2022-01-05 13:15:00+05:30,37.27,36.92,37.900000000000006,0.63,W
S018,PNB,2022-01-05 09:35:00+05:30,,,0,,1.3633,47.37,-0.7555,0,2.4944,1.0,1,1,1,0,0,1,2,2022-01-05 09:40:00+05:30,2022-01-05 09:45:00+05:30,2022-01-05 15:00:00+05:30,37.32,36.945,37.995000000000005,0.29,EOD+
S019,PNB,2022-01-05 10:25:00+05:30,0.2036,0.2146,8,5.0,0.0527,35.71,4.5556,0,0.4514,,0,0,0,0,1,0,1,2022-01-05 10:25:00+05:30,2022-01-05 10:30:00+05:30,2022-01-05 15:00:00+05:30,37.42,36.99321428571429,38.18821428571429,0.19,EOD+
S020,PNB,2022-01-05 10:35:00+05:30,0.1593,0.2157,0,,0.15,50.0,1.0833,0,0.2839,,0,0,0,1,1,0,1,2022-01-05 10:35:00+05:30,2022-01-05 10:40:00+05:30,2022-01-05 15:00:00+05:30,37.37,36.97,38.09,0.24,EOD+
S021,PNB,2022-01-05 11:05:00+05:30,0.0,0.0402,0,,0.6684,50.0,-1.0,0,0.4416,0.0,3,0,0,1,0,3,4,2022-01-05 11:20:00+05:30,2022-01-05 11:25:00+05:30,2022-01-05 13:15:00+05:30,37.42,37.143214285714286,37.91821428571429,0.4982,W
S022,PNB,2022-01-05 11:30:00+05:30,0.0709,0.0575,0,,0.4777,100.0,-1.0,0,0.3166,0.0,2,0,0,0,0,2,3,2022-01-05 11:40:00+05:30,2022-01-05 11:45:00+05:30,2022-01-05 13:15:00+05:30,37.37,37.105714285714285,37.84571428571428,0.4757,W
S023,PNB,2022-01-05 12:00:00+05:30,-0.083,-0.0696,0,,0.7353,0.0,-0.2,0,0.6184,0.0,3,0,0,1,0,3,4,2022-01-05 12:15:00+05:30,2022-01-05 12:20:00+05:30,2022-01-05 13:00:00+05:30,37.32,37.1075,37.70249999999999,0.3825,W
S024,PNB,2022-01-05 13:50:00+05:30,0.2526,0.253,17,7.0,0.3949,0.0,1.2727,0,0.9838,,0,1,0,0,1,0,1,2022-01-05 13:50:00+05:30,2022-01-05 13:55:00+05:30,2022-01-05 15:00:00+05:30,37.66,37.38142857142857,38.161428571428566,-0.05,EOD-
S025,PNB,2022-01-05 14:10:00+05:30,0.2071,0.2525,2,2.0,0.4565,0.0,-0.0476,0,0.3348,1.0,2,0,0,1,0,2,3,2022-01-05 14:20:00+05:30,2022-01-05 14:25:00+05:30,2022-01-05 15:00:00+05:30,37.71,37.4225,38.2275,-0.1,EOD-
S026,PNB,2022-01-05 14:30:00+05:30,0.1061,0.1818,0,,0.8021,50.0,-0.3939,0,0.2923,,0,0,0,1,1,0,1,2022-01-05 14:30:00+05:30,2022-01-05 14:35:00+05:30,2022-01-05 15:00:00+05:30,37.66,37.40285714285714,38.122857142857136,-0.05,EOD-
S027,PNB,2022-01-06 09:55:00+05:30,-0.1932,-0.2596,0,,1.1447,0.0,-0.4987,0,0.6272,1.0,3,0,0,0,0,3,4,2022-01-06 10:10:00+05:30,2022-01-06 10:15:00+05:30,2022-01-06 15:00:00+05:30,37.56,37.12428571428572,38.34428571428572,0.2,EOD+
S028,PNB,2022-01-06 10:35:00+05:30,-0.1309,-0.1,0,,0.1821,44.44,-1.0,0,1.0242,1.0,3,1,0,0,0,3,4,2022-01-06 10:50:00+05:30,2022-01-06 10:55:00+05:30,2022-01-06 15:00:00+05:30,37.46,37.11,38.09,0.3,EOD+
S029,PNB,2022-01-06 11:10:00+05:30,0.1281,-0.1243,3,1.0,0.0167,0.0,49.0,0,0.7949,,0,1,0,1,1,0,1,2022-01-06 11:10:00+05:30,2022-01-06 11:15:00+05:30,2022-01-06 15:00:00+05:30,37.56,37.260000000000005,38.1,0.2,EOD+
S030,PNB,2022-01-06 11:45:00+05:30,0.169,0.2531,6,5.0,0.0391,50.0,10.1111,0,0.5134,,0,0,0,0,1,0,1,2022-01-06 11:45:00+05:30,2022-01-06 11:50:00+05:30,2022-01-06 15:00:00+05:30,37.61,37.322500000000005,38.1275,0.15,EOD+
S031,PNB,2022-01-06 13:20:00+05:30,-0.1841,-0.1813,0,,0.5843,0.0,-0.2453,0,1.8343,1.0,3,0,0,1,0,3,4,2022-01-06 13:35:00+05:30,2022-01-06 13:40:00+05:30,2022-01-06 14:25:00+05:30,37.51,37.28321428571429,37.91821428571427,0.4082,W
S032,PNB,2022-01-07 09:15:00+05:30,,,0,,0.2394,79.17,-1.0,0,1.6326,,0,1,1,1,1,0,1,2022-01-07 09:15:00+05:30,2022-01-07 09:20:00+05:30,2022-01-07 12:45:00+05:30,37.95,37.605357142857144,38.57035714285714,-0.3446,L
S033,PNB,2022-01-07 10:40:00+05:30,0.3616,0.2875,16,14.0,0.2063,33.33,0.7857,0,0.6846,,0,0,1,0,1,0,1,2022-01-07 10:40:00+05:30,2022-01-07 10:45:00+05:30,2022-01-07 11:45:00+05:30,38.24,37.90071428571429,38.85071428571429,-0.3393,L
S034,PNB,2022-01-07 12:55:00+05:30,-0.2177,-0.1858,0,,1.6911,35.71,-0.7821,0,0.5538,0.0,3,0,0,1,0,3,4,2022-01-07 13:10:00+05:30,2022-01-07 13:15:00+05:30,2022-01-07 15:00:00+05:30,37.9,37.56071428571428,38.510714285714286,-0.24,EOD-
S035,PNB,2022-01-07 13:25:00+05:30,-0.0925,-0.1492,1,1.0,0.4012,50.0,0.0638,0,0.2547,,0,1,0,0,1,0,1,2022-01-07 13:25:00+05:30,2022-01-07 13:30:00+05:30,2022-01-07 15:00:00+05:30,37.85,37.55714285714286,38.377142857142864,-0.19,EOD-
S036,PNB,2022-01-07 13:35:00+05:30,-0.0462,-0.1123,1,1.0,0.4138,50.0,-1.0,0,0.5321,1.0,1,0,0,1,0,1,2,2022-01-07 13:40:00+05:30,2022-01-07 13:45:00+05:30,2022-01-07 14:55:00+05:30,37.9,37.61607142857142,38.41107142857143,-0.2839,L
S037,PNB,2022-01-07 13:50:00+05:30,-0.0264,-0.0462,0,,0.343,50.0,0.3514,0,0.3917,,0,0,0,1,1,0,1,2022-01-07 13:50:00+05:30,2022-01-07 13:55:00+05:30,2022-01-07 15:00:00+05:30,37.8,37.530357142857135,38.285357142857144,-0.14,EOD-
S038,PNB,2022-01-07 14:00:00+05:30,-0.0396,-0.0066,0,,0.2987,50.0,0.5625,0,0.3603,,0,0,0,0,1,0,1,2022-01-07 14:00:00+05:30,2022-01-07 14:05:00+05:30,2022-01-07 15:00:00+05:30,37.85,37.582142857142856,38.33214285714286,-0.19,EOD-
S039,PNB,2022-01-10 10:40:00+05:30,0.3451,0.3759,17,9.0,0.0521,50.0,6.1429,0,0.76,,0,0,0,0,1,0,1,2022-01-10 10:40:00+05:30,2022-01-10 10:45:00+05:30,2022-01-10 13:35:00+05:30,38.29,37.95428571428572,38.89428571428571,0.6043,W
S040,PNB,2022-01-10 10:50:00+05:30,0.3134,0.3519,0,,0.0079,33.33,-1.0,0,1.4907,,0,1,0,0,1,0,1,2022-01-10 10:50:00+05:30,2022-01-10 10:55:00+05:30,2022-01-10 13:35:00+05:30,38.34,38.02214285714287,38.912142857142854,0.5721,W
S041,PNB,2022-01-10 11:55:00+05:30,-0.0849,-0.0587,0,,1.4467,50.0,-1.0,0,1.2469,1.0,3,0,0,0,0,3,4,2022-01-10 12:10:00+05:30,2022-01-10 12:15:00+05:30,2022-01-10 13:30:00+05:30,38.34,38.07214285714286,38.822142857142865,0.4821,W
S042,PNB,2022-01-10 12:50:00+05:30,0.0326,0.0261,7,3.0,0.1694,0.0,5.6667,0,0.6521,,0,0,0,0,1,0,1,2022-01-10 12:50:00+05:30,2022-01-10 12:55:00+05:30,2022-01-10 13:30:00+05:30,38.34,38.118571428571435,38.73857142857143,0.3986,W
S043,PNB,2022-01-10 13:00:00+05:30,0.0261,0.0326,0,,0.1899,0.0,1.8571,0,0.7877,,0,0,0,1,1,0,1,2022-01-10 13:00:00+05:30,2022-01-10 13:05:00+05:30,2022-01-10 13:30:00+05:30,38.34,38.10964285714286,38.754642857142855,0.4146,W
S044,PNB,2022-01-11 10:05:00+05:30,-0.3152,-0.3121,0,,1.3692,0.0,-1.0,0,1.4823,1.0,3,0,0,0,0,3,4,2022-01-11 10:20:00+05:30,2022-01-11 10:25:00+05:30,2022-01-11 15:00:00+05:30,39.07,38.543214285714285,40.018214285714286,-0.29,EOD-
S045,PNB,2022-01-11 10:40:00+05:30,-0.1207,-0.1809,0,,0.3856,0.0,-0.2308,0,0.3774,0.0,3,0,0,1,0,3,4,2022-01-11 10:55:00+05:30,2022-01-11 11:00:00+05:30,2022-01-11 15:00:00+05:30,38.92,38.49857142857143,39.67857142857143,-0.14,EOD-
S046,PNB,2022-01-11 11:45:00+05:30,0.2358,0.1925,9,4.0,0.0155,26.32,49.0,0,1.4745,,0,1,0,0,1,0,1,2022-01-11 11:45:00+05:30,2022-01-11 11:50:00+05:30,2022-01-11 13:55:00+05:30,39.17,38.846785714285716,39.75178571428572,-0.3232,L
S047,PNB,2022-01-11 12:05:00+05:30,0.197,0.26,3,2.0,0.057,35.71,6.1429,0,0.5462,,0,0,1,1,1,0,1,2022-01-11 12:05:00+05:30,2022-01-11 12:10:00+05:30,2022-01-11 13:55:00+05:30,39.17,38.862857142857145,39.722857142857144,-0.3071,L
S048,PNB,2022-01-11 12:15:00+05:30,0.1113,0.2406,0,,0.5453,50.0,-0.2537,0,0.4416,,0,0,0,0,1,0,1,2022-01-11 12:15:00+05:30,2022-01-11 12:20:00+05:30,2022-01-11 14:35:00+05:30,39.07,38.76285714285714,39.622857142857136,-0.3071,L
S049,PNB,2022-01-11 12:25:00+05:30,0.0895,0.1407,0,,0.7735,50.0,-0.4413,0,0.6301,,0,0,0,0,1,0,1,2022-01-11 12:25:00+05:30,2022-01-11 12:30:00+05:30,2022-01-11 14:30:00+05:30,39.07,38.78071428571429,39.59071428571428,-0.2893,L
S050,PNB,2022-01-11 13:55:00+05:30,-0.1512,-0.1114,0,,2.7045,50.0,-1.0,0,1.0231,0.0,3,0,0,0,0,3,4,2022-01-11 14:10:00+05:30,2022-01-11 14:15:00+05:30,2022-01-11 14:25:00+05:30,39.02,38.823571428571434,39.373571428571424,-0.1964,L
S051,PNB,2022-01-12 10:15:00+05:30,0.1935,0.1642,12,11.0,0.3835,0.0,-0.0291,0,0.3919,0.0,3,0,0,1,0,3,4,2022-01-12 10:30:00+05:30,2022-01-12 10:35:00+05:30,2022-01-12 14:15:00+05:30,39.07,38.73428571428572,39.674285714285716,-0.3357,L
S052,PNB,2022-01-12 12:05:00+05:30,-0.1157,-0.1285,0,,1.5,55.56,-0.6667,0,0.688,0.0,3,0,0,0,0,3,4,2022-01-12 12:20:00+05:30,2022-01-12 12:25:00+05:30,2022-01-12 15:00:00+05:30,38.87,38.669999999999995,39.23,0.1,EOD+
S053,PNB,2022-01-12 12:30:00+05:30,-0.0579,-0.1093,0,,0.0929,0.0,5.6667,0,1.3719,,0,1,0,0,1,0,1,2022-01-12 12:30:00+05:30,2022-01-12 12:35:00+05:30,2022-01-12 15:00:00+05:30,38.92,38.71821428571429,39.28321428571429,0.05,EOD+
S054,PNB,2022-01-12 13:15:00+05:30,0.0257,0.0321,8,7.0,0.3333,50.0,-1.0,0,1.5859,0.0,1,0,0,1,0,1,2,2022-01-12 13:20:00+05:30,2022-01-12 13:25:00+05:30,2022-01-12 13:55:00+05:30,38.97,38.7825,39.3075,-0.1875,L
S055,PNB,2022-01-12 13:30:00+05:30,0.0193,0.0257,0,,0.4333,100.0,-1.0,0,2.2527,1.0,3,0,0,0,0,3,4,2022-01-12 13:45:00+05:30,2022-01-12 13:50:00+05:30,2022-01-12 14:15:00+05:30,38.92,38.7325,39.2575,-0.1875,L
S056,PNB,2022-01-12 14:10:00+05:30,-0.0373,0.0257,0,,1.7769,0.0,-0.6537,0,1.341,1.0,3,0,0,1,0,3,4,2022-01-12 14:25:00+05:30,2022-01-12 14:30:00+05:30,2022-01-12 15:00:00+05:30,38.92,38.7575,39.212500000000006,0.05,EOD+
S057,PNB,2022-01-13 09:15:00+05:30,,,0,,1.3557,20.83,-0.4118,0,1.3731,0.0,1,1,1,0,0,1,2,2022-01-13 09:20:00+05:30,2022-01-13 09:25:00+05:30,2022-01-13 10:10:00+05:30,38.97,38.68785714285714,39.47785714285715,-0.2821,L
S058,PNB,2022-01-13 09:30:00+05:30,,,0,,0.2515,100.0,-1.0,0,0.6555,1.0,1,1,0,1,0,1,2,2022-01-13 09:35:00+05:30,2022-01-13 09:40:00+05:30,2022-01-13 11:10:00+05:30,38.92,38.621785714285714,39.45678571428572,0.5368,W
S059,PNB,2022-01-13 09:50:00+05:30,0.0758,,2,1.0,0.401,50.0,0.8182,0,1.1866,,0,0,0,0,1,0,1,2022-01-13 09:50:00+05:30,2022-01-13 09:55:00+05:30,2022-01-13 15:00:00+05:30,38.97,38.62714285714286,39.58714285714286,0.15,EOD+
S060,PNB,2022-01-13 10:10:00+05:30,-0.0861,0.0706,0,,1.6557,26.32,-0.6139,0,0.6678,0.0,3,0,0,0,0,3,4,2022-01-13 10:25:00+05:30,2022-01-13 10:30:00+05:30,2022-01-13 15:00:00+05:30,38.97,38.57892857142857,39.673928571428576,0.15,EOD+
S061,PNB,2022-01-13 10:35:00+05:30,0.0064,-0.1247,0,,0.1505,0.0,1.3256,0,0.5832,,0,1,0,1,1,0,1,2022-01-13 10:35:00+05:30,2022-01-13 10:40:00+05:30,2022-01-13 15:00:00+05:30,38.92,38.56285714285714,39.56285714285715,0.2,EOD+
S062,PNB,2022-01-13 13:20:00+05:30,-0.1533,-0.1787,0,,2.0765,0.0,-0.7167,0,0.8749,0.0,3,1,0,0,0,3,4,2022-01-13 13:35:00+05:30,2022-01-13 13:40:00+05:30,2022-01-13 15:00:00+05:30,39.12,38.9075,39.50249999999999,0.0,EOD-
S063,PNB,2022-01-13 14:10:00+05:30,0.0613,-0.0486,6,3.0,0.0254,28.57,19.0,0,0.8449,,0,0,0,0,1,0,1,2022-01-13 14:10:00+05:30,2022-01-13 14:15:00+05:30,2022-01-13 15:00:00+05:30,39.17,38.92357142857143,39.61357142857143,-0.05,EOD-
S064,PNB,2022-01-14 11:30:00+05:30,-0.1094,-0.0836,0,,1.3311,0.0,-0.2829,0,2.0704,1.0,3,0,0,0,0,3,4,2022-01-14 11:45:00+05:30,2022-01-14 11:50:00+05:30,2022-01-14 15:00:00+05:30,38.87,38.63428571428571,39.29428571428571,0.2,EOD+
S065,PNB,2022-01-14 12:20:00+05:30,0.0566,0.0193,6,5.0,0.0,0.0,7036874417766.0,0,0.5415,,0,0,0,1,1,0,1,2022-01-14 12:20:00+05:30,2022-01-14 12:25:00+05:30,2022-01-14 15:00:00+05:30,38.92,38.69678571428572,39.32178571428572,0.15,EOD+
S066,PNB,2022-01-14 12:45:00+05:30,0.0643,0.0694,3,2.0,0.2612,50.0,1.0,0,0.7853,,0,0,0,0,1,0,1,2022-01-14 12:45:00+05:30,2022-01-14 12:50:00+05:30,2022-01-14 15:00:00+05:30,38.97,38.730714285714285,39.40071428571429,0.1,EOD+
S067,PNB,2022-01-14 12:55:00+05:30,0.0578,0.0694,1,1.0,0.364,50.0,0.5385,0,0.9003,,0,0,0,0,1,0,1,2022-01-14 12:55:00+05:30,2022-01-14 13:00:00+05:30,2022-01-14 15:00:00+05:30,38.87,38.64678571428571,39.27178571428571,0.2,EOD+
S068,PNB,2022-01-14 13:05:00+05:30,0.045,0.0578,0,,0.4773,0.0,-1.0,0,0.5619,1.0,2,0,0,0,0,2,3,2022-01-14 13:15:00+05:30,2022-01-14 13:20:00+05:30,2022-01-14 15:00:00+05:30,38.92,38.72357142857143,39.27357142857143,0.15,EOD+
S069,PNB,2022-01-14 13:25:00+05:30,0.0385,0.0386,0,,0.6364,100.0,-1.0,0,1.8651,1.0,3,1,0,1,0,3,4,2022-01-14 13:40:00+05:30,2022-01-14 13:45:00+05:30,2022-01-14 15:00:00+05:30,38.87,38.67357142857142,39.22357142857143,0.2,EOD+
S070,PNB,2022-01-14 13:55:00+05:30,0.0064,0.0,1,1.0,0.0333,50.0,-1.0,0,0.4343,0.0,2,0,0,1,0,2,3,2022-01-14 14:05:00+05:30,2022-01-14 14:10:00+05:30,2022-01-14 15:00:00+05:30,38.92,38.732499999999995,39.257500000000014,0.15,EOD+
S071,PNB,2022-01-14 14:15:00+05:30,0.0,0.0064,0,,0.0667,50.0,-1.0,0,1.1265,0.0,2,0,0,0,0,2,3,2022-01-14 14:25:00+05:30,2022-01-14 14:30:00+05:30,2022-01-14 15:00:00+05:30,38.97,38.78249999999999,39.307500000000005,0.1,EOD+
S072,PNB,2022-01-17 09:15:00+05:30,,,0,,0.9907,79.59,-0.6139,0,2.3103,,0,0,0,0,1,0,1,2022-01-17 09:15:00+05:30,2022-01-17 09:20:00+05:30,2022-01-17 10:25:00+05:30,39.31,38.98321428571429,39.89821428571429,-0.3268,L
S073,PNB,2022-01-17 09:45:00+05:30,0.1395,,5,5.0,0.023,64.29,13.2857,0,0.4839,,0,0,0,1,1,0,1,2022-01-17 09:45:00+05:30,2022-01-17 09:50:00+05:30,2022-01-17 14:55:00+05:30,39.12,38.739642857142854,39.80464285714285,-0.3804,L
S074,PNB,2022-01-17 09:55:00+05:30,0.1151,0.1638,0,,0.4318,100.0,-1.0,0,0.4898,1.0,2,0,0,0,0,2,3,2022-01-17 10:05:00+05:30,2022-01-17 10:10:00+05:30,2022-01-17 14:55:00+05:30,39.12,38.73785714285714,39.80785714285714,-0.3821,L
S075,PNB,2022-01-17 10:15:00+05:30,0.0511,0.1023,0,,0.5426,50.0,-1.0,0,0.1658,0.0,1,0,0,1,0,1,2,2022-01-17 10:20:00+05:30,2022-01-17 10:25:00+05:30,2022-01-17 15:00:00+05:30,39.07,38.69678571428572,39.741785714285705,-0.3732,L
S076,PNB,2022-01-17 12:30:00+05:30,-0.1092,-0.1091,0,,1.2844,100.0,-1.0,0,0.2755,0.0,3,0,0,1,0,3,4,2022-01-17 12:45:00+05:30,2022-01-17 12:50:00+05:30,2022-01-17 15:00:00+05:30,38.92,38.72535714285714,39.27035714285715,-0.1946,L
S077,PNB,2022-01-17 12:55:00+05:30,-0.0771,-0.0964,0,,0.3146,0.0,-1.0,0,1.1828,1.0,1,0,0,1,0,1,2,2022-01-17 13:00:00+05:30,2022-01-17 13:05:00+05:30,2022-01-17 14:40:00+05:30,38.97,38.811071428571424,39.25607142857143,-0.1589,L
S078,PNB,2022-01-17 13:10:00+05:30,-0.0386,-0.0771,0,,0.2606,100.0,-1.0,0,1.2291,1.0,1,1,0,1,0,1,2,2022-01-17 13:15:00+05:30,2022-01-17 13:20:00+05:30,2022-01-17 14:55:00+05:30,38.92,38.75214285714286,39.22214285714286,-0.1679,L
S079,PNB,2022-01-17 13:40:00+05:30,0.0257,0.0064,4,4.0,0.9435,66.67,-0.3548,0,0.7117,0.0,1,0,0,0,0,1,2,2022-01-17 13:45:00+05:30,2022-01-17 13:50:00+05:30,2022-01-17 14:55:00+05:30,38.97,38.76464285714285,39.33964285714286,-0.2054,L
S080,PNB,2022-01-17 14:05:00+05:30,0.0385,0.0257,3,3.0,0.4958,0.0,0.1765,0,0.692,,0,0,0,1,1,0,1,2022-01-17 14:05:00+05:30,2022-01-17 14:10:00+05:30,2022-01-17 15:00:00+05:30,38.92,38.705714285714286,39.30571428571429,-0.2143,L
S081,PNB,2022-01-17 14:15:00+05:30,0.0321,0.0321,0,,1.1083,0.0,-0.4737,0,0.6469,1.0,2,0,0,0,0,2,3,2022-01-17 14:25:00+05:30,2022-01-17 14:30:00+05:30,2022-01-17 15:00:00+05:30,38.87,38.65571428571428,39.255714285714284,-0.09,EOD-
S082,PNB,2022-01-18 09:15:00+05:30,,,0,,0.5056,0.0,0.5385,0,2.1818,,0,1,1,0,1,0,1,2022-01-18 09:15:00+05:30,2022-01-18 09:20:00+05:30,2022-01-18 09:35:00+05:30,38.92,38.630714285714284,39.440714285714286,-0.2893,L
S083,PNB,2022-01-18 09:25:00+05:30,,,0,,0.1341,0.0,2.125,0,0.8541,,0,0,0,1,1,0,1,2022-01-18 09:25:00+05:30,2022-01-18 09:30:00+05:30,2022-01-18 09:55:00+05:30,38.82,38.52178571428571,39.356785714285714,-0.2982,L
S084,PNB,2022-01-18 11:10:00+05:30,-0.2586,-0.2037,0,,0.7857,0.0,-0.3939,0,0.3606,1.0,3,0,0,1,0,3,4,2022-01-18 11:25:00+05:30,2022-01-18 11:30:00+05:30,2022-01-18 13:20:00+05:30,38.48,38.2175,38.95249999999999,0.4725,W
S085,PNB,2022-01-18 11:35:00+05:30,-0.0924,-0.2119,0,,1.5831,33.33,-0.3197,0,0.2924,0.0,1,0,0,1,0,1,2,2022-01-18 11:40:00+05:30,2022-01-18 11:45:00+05:30,2022-01-18 13:20:00+05:30,38.39,38.15785714285715,38.80785714285714,0.4179,W
S086,PNB,2022-01-18 11:50:00+05:30,-0.0599,-0.0924,0,,0.9811,100.0,-1.0,0,0.8596,1.0,3,0,0,0,0,3,4,2022-01-18 12:05:00+05:30,2022-01-18 12:10:00+05:30,2022-01-18 13:20:00+05:30,38.44,38.22214285714286,38.83214285714285,0.3921,W
S087,PNB,2022-01-18 12:15:00+05:30,0.0065,-0.0234,0,,0.4793,100.0,-1.0,0,0.2835,,0,0,0,1,1,0,1,2022-01-18 12:15:00+05:30,2022-01-18 12:20:00+05:30,2022-01-18 13:20:00+05:30,38.44,38.24178571428572,38.7967857142857,0.3568,W
S088,PNB,2022-01-18 12:25:00+05:30,-0.0052,0.0,0,,0.471,0.0,0.3889,0,0.3519,,0,0,0,1,1,0,1,2022-01-18 12:25:00+05:30,2022-01-18 12:30:00+05:30,2022-01-18 13:20:00+05:30,38.44,38.24892857142858,38.783928571428554,0.3439,W
S089,PNB,2022-01-18 12:35:00+05:30,-0.0156,0.0013,0,,0.4525,0.0,0.5625,0,1.564,,0,0,0,0,1,0,1,2022-01-18 12:35:00+05:30,2022-01-18 12:40:00+05:30,2022-01-18 13:15:00+05:30,38.39,38.213214285714294,38.70821428571427,0.3182,W
S090,PNB,2022-01-18 12:45:00+05:30,-0.0104,-0.0169,0,,0.5271,100.0,-1.0,0,0.4277,,0,0,0,1,1,0,1,2022-01-18 12:45:00+05:30,2022-01-18 12:50:00+05:30,2022-01-18 13:15:00+05:30,38.44,38.28821428571429,38.713214285714265,0.2732,W
S091,PNB,2022-01-18 12:55:00+05:30,-0.0117,-0.0221,0,,0.5228,100.0,-1.0,0,1.535,1.0,1,1,0,1,0,1,2,2022-01-18 13:00:00+05:30,2022-01-18 13:05:00+05:30,2022-01-18 13:15:00+05:30,38.44,38.298928571428576,38.69392857142856,0.2539,W
S092,PNB,2022-01-18 14:25:00+05:30,0.3029,0.297,16,11.0,0.0633,71.43,3.2105,0,0.522,,0,0,0,1,1,0,1,2022-01-18 14:25:00+05:30,2022-01-18 14:30:00+05:30,2022-01-18 14:50:00+05:30,38.82,38.44499999999999,39.49500000000001,-0.375,L
S093,PNB,2022-01-19 09:40:00+05:30,-0.646,,0,,2.5243,21.05,-0.905,0,0.5847,0.0,3,1,1,1,0,3,4,2022-01-19 09:55:00+05:30,2022-01-19 10:00:00+05:30,2022-01-19 15:00:00+05:30,38.19,37.668571428571425,39.128571428571426,0.63,EOD+
S094,PNB,2022-01-19 10:50:00+05:30,0.1246,0.0499,9,7.0,0.0995,55.56,1.7586,0,0.3634,,0,0,0,0,1,0,1,2022-01-19 10:50:00+05:30,2022-01-19 10:55:00+05:30,2022-01-19 14:40:00+05:30,38.14,37.77571428571429,38.79571428571429,0.6557,W
S095,PNB,2022-01-19 11:00:00+05:30,0.118,0.1128,0,,0.2568,44.44,-1.0,0,0.2461,,0,0,0,1,1,0,1,2022-01-19 11:00:00+05:30,2022-01-19 11:05:00+05:30,2022-01-19 14:40:00+05:30,38.14,37.83821428571429,38.683214285714286,0.5432,W
S096,PNB,2022-01-19 11:30:00+05:30,0.1139,0.1179,0,,0.7844,100.0,-1.0,0,1.8488,1.0,3,0,0,0,0,3,4,2022-01-19 11:45:00+05:30,2022-01-19 11:50:00+05:30,2022-01-19 14:40:00+05:30,38.19,37.93821428571428,38.64321428571428,0.4532,W
S097,PNB,2022-01-19 11:55:00+05:30,-0.0681,0.0275,0,,0.6033,100.0,-1.0,0,2.9078,1.0,1,0,0,0,0,1,2,2022-01-19 12:00:00+05:30,2022-01-19 12:05:00+05:30,2022-01-19 14:30:00+05:30,38.14,37.92035714285714,38.53535714285714,0.3954,W
S098,PNB,2022-01-19 12:15:00+05:30,-0.0249,-0.0695,1,1.0,0.1596,66.67,2.2258,0,1.6141,,0,0,0,0,1,0,1,2022-01-19 12:15:00+05:30,2022-01-19 12:20:00+05:30,2022-01-19 12:50:00+05:30,38.24,37.99714285714286,38.67714285714286,-0.2429,L
S099,PNB,2022-01-19 12:25:00+05:30,0.0066,-0.0446,1,1.0,0.1368,50.0,2.8462,0,0.5078,,0,0,0,1,1,0,1,2022-01-19 12:25:00+05:30,2022-01-19 12:30:00+05:30,2022-01-19 12:50:00+05:30,38.19,37.9525,38.6175,-0.2375,L
S100,PNB,2022-01-19 13:10:00+05:30,-0.0564,-0.0669,0,,0.9898,0.0,-0.5495,0,0.6913,0.0,3,0,0,1,0,3,4,2022-01-19 13:25:00+05:30,2022-01-19 13:30:00+05:30,2022-01-19 14:35:00+05:30,38.1,37.81964285714286,38.604642857142856,0.5046,W
S101,PNB,2022-01-19 13:35:00+05:30,-0.0381,-0.0446,0,,0.8288,0.0,-0.4819,0,2.0665,1.0,1,1,0,0,0,1,2,2022-01-19 13:40:00+05:30,2022-01-19 13:45:00+05:30,2022-01-19 14:35:00+05:30,38.1,37.808928571428574,38.62392857142857,0.5239,W
S102,PNB,2022-01-20 09:50:00+05:30,0.4601,,7,3.0,0.2206,75.0,0.3333,0,0.7353,,0,1,1,0,1,0,1,2022-01-20 09:50:00+05:30,2022-01-20 09:55:00+05:30,2022-01-20 15:00:00+05:30,38.97,38.544999999999995,39.73500000000001,-0.15,EOD-
S103,PNB,2022-01-20 10:00:00+05:30,0.3492,0.4796,0,,0.1742,33.33,0.7241,0,0.3252,,0,0,0,0,1,0,1,2022-01-20 10:00:00+05:30,2022-01-20 10:05:00+05:30,2022-01-20 15:00:00+05:30,38.97,38.553928571428564,39.71892857142858,-0.15,EOD-
S104,PNB,2022-01-20 10:10:00+05:30,0.181,0.411,0,,0.5047,50.0,-0.4048,0,0.4513,1.0,1,1,1,0,0,1,2,2022-01-20 10:15:00+05:30,2022-01-20 10:20:00+05:30,2022-01-20 15:00:00+05:30,39.02,38.60392857142857,39.76892857142858,-0.2,EOD-
S105,PNB,2022-01-20 10:25:00+05:30,0.0641,0.181,1,1.0,0.0253,50.0,-1.0,0,0.3266,,0,0,1,0,1,0,1,2022-01-20 10:25:00+05:30,2022-01-20 10:30:00+05:30,2022-01-20 13:35:00+05:30,39.07,38.67535714285714,39.78035714285715,-0.3946,L
S106,PNB,2022-01-20 10:45:00+05:30,0.0577,0.0641,0,,0.9295,0.0,-0.5885,0,0.3269,1.0,3,0,0,1,0,3,4,2022-01-20 11:00:00+05:30,2022-01-20 11:05:00+05:30,2022-01-20 13:35:00+05:30,39.02,38.693214285714284,39.6082142857143,-0.3268,L
S107,PNB,2022-01-20 11:30:00+05:30,-0.1451,-0.0616,0,,1.845,55.56,-0.7647,0,4.9946,1.0,3,1,0,0,0,3,4,2022-01-20 11:45:00+05:30,2022-01-20 11:50:00+05:30,2022-01-20 13:30:00+05:30,38.97,38.739642857142854,39.38464285714286,-0.2304,L
S108,PNB,2022-01-21 11:10:00+05:30,-0.3422,-0.5577,0,,1.4385,66.67,-0.7326,0,0.4875,1.0,3,0,0,0,0,3,4,2022-01-21 11:25:00+05:30,2022-01-21 11:30:00+05:30,2022-01-21 14:15:00+05:30,38.14,37.815,38.725,-0.325,L
S109,PNB,2022-01-21 11:35:00+05:30,-0.1589,-0.202,0,,0.2195,0.0,0.8868,0,0.3955,,0,0,1,0,1,0,1,2022-01-21 11:35:00+05:30,2022-01-21 11:40:00+05:30,2022-01-21 14:15:00+05:30,38.14,37.83821428571429,38.68321428571429,-0.3018,L
S110,PNB,2022-01-21 11:45:00+05:30,-0.1458,-0.1523,0,,0.5063,50.0,-0.1304,0,0.5083,,0,0,0,0,1,0,1,2022-01-21 11:45:00+05:30,2022-01-21 11:50:00+05:30,2022-01-21 14:15:00+05:30,38.05,37.76607142857142,38.56107142857143,-0.2839,L
S111,PNB,2022-01-21 12:20:00+05:30,0.0381,-0.0605,5,5.0,0.1492,0.0,5.9231,0,0.4953,,0,1,0,1,1,0,1,2022-01-21 12:20:00+05:30,2022-01-21 12:25:00+05:30,2022-01-21 14:15:00+05:30,38.1,37.88214285714285,38.49214285714287,-0.2179,L
S112,PNB,2022-01-21 12:40:00+05:30,0.1443,0.0827,3,3.0,0.1262,55.56,2.6364,0,0.9017,,0,0,0,0,1,0,1,2022-01-21 12:40:00+05:30,2022-01-21 12:45:00+05:30,2022-01-21 14:10:00+05:30,38.14,37.92214285714286,38.53214285714286,-0.2179,L
S113,PNB,2022-01-21 13:05:00+05:30,0.0538,0.118,4,4.0,0.42,0.0,0.2698,0,1.253,,0,1,0,1,1,0,1,2022-01-21 13:05:00+05:30,2022-01-21 13:10:00+05:30,2022-01-21 14:05:00+05:30,38.14,37.9525,38.47749999999999,-0.1875,L
S114,PNB,2022-01-21 13:15:00+05:30,0.0472,0.0852,0,,0.0058,66.67,-1.0,0,0.786,1.0,1,0,0,1,0,1,2,2022-01-21 13:20:00+05:30,2022-01-21 13:25:00+05:30,2022-01-21 14:10:00+05:30,38.14,37.923928571428576,38.528928571428565,-0.2161,L
S115,PNB,2022-01-21 13:30:00+05:30,0.0537,0.0472,0,,0.5732,55.56,-0.2308,0,1.8778,,0,0,0,0,1,0,1,2022-01-21 13:30:00+05:30,2022-01-21 13:35:00+05:30,2022-01-21 14:05:00+05:30,38.19,37.963214285714294,38.59821428571427,-0.2268,L
S116,PNB,2022-01-24 09:15:00+05:30,,,0,,0.844,55.88,-0.2063,0,1.2705,,0,0,0,0,1,0,1,2022-01-24 09:15:00+05:30,2022-01-24 09:20:00+05:30,2022-01-24 09:25:00+05:30,37.9,37.52678571428571,38.57178571428572,-0.3732,L
S117,PNB,2022-01-24 09:30:00+05:30,,,0,,1.3192,79.17,-1.0,0,0.5551,0.0,3,0,0,1,0,3,4,2022-01-24 09:45:00+05:30,2022-01-24 09:50:00+05:30,2022-01-24 10:15:00+05:30,37.66,37.19571428571428,38.495714285714286,-0.4643,L
S118,PNB,2022-01-24 10:45:00+05:30,-0.279,-0.1932,0,,1.217,50.0,-0.7361,0,0.8331,1.0,3,0,0,0,0,3,4,2022-01-24 11:00:00+05:30,2022-01-24 11:05:00+05:30,2022-01-24 11:55:00+05:30,37.42,37.03071428571429,38.120714285714286,-0.3893,L
S119,PNB,2022-01-24 11:10:00+05:30,-0.2395,-0.3034,0,,0.765,0.0,-0.5,0,0.7889,1.0,2,0,0,1,0,2,3,2022-01-24 11:20:00+05:30,2022-01-24 11:25:00+05:30,2022-01-24 11:50:00+05:30,37.42,37.09321428571429,38.00821428571428,-0.3268,L
S120,PNB,2022-01-24 11:35:00+05:30,-0.0763,-0.0977,2,2.0,0.1781,64.29,1.3256,0,0.3673,,0,0,0,1,1,0,1,2022-01-24 11:35:00+05:30,2022-01-24 11:40:00+05:30,2022-01-24 11:55:00+05:30,37.37,37.068214285714284,37.913214285714275,-0.3018,L
S121,PNB,2022-01-24 14:05:00+05:30,-0.2256,-0.2172,0,,1.9954,50.0,-0.8544,0,2.188,1.0,3,0,0,0,0,3,4,2022-01-24 14:20:00+05:30,2022-01-24 14:25:00+05:30,2022-01-24 15:00:00+05:30,36.74,36.30964285714286,37.51464285714286,-0.1,EOD-
S122,PNB,2022-01-24 14:30:00+05:30,-0.2248,-0.2981,0,,0.563,73.68,-0.5495,0,1.2354,,0,0,0,0,1,0,1,2022-01-24 14:30:00+05:30,2022-01-24 14:35:00+05:30,2022-01-24 15:00:00+05:30,36.69,36.19714285714286,37.57714285714285,-0.05,EOD-
S123,PNB,2022-01-25 09:15:00+05:30,,,0,,0.6763,20.83,0.4786,0,1.2739,,0,1,0,1,1,0,1,2022-01-25 09:15:00+05:30,2022-01-25 09:20:00+05:30,2022-01-25 11:20:00+05:30,36.78,36.30500000000001,37.635,0.855,W
S124,PNB,2022-01-25 10:25:00+05:30,0.4451,0.453,12,5.0,0.0506,25.0,3.0,0,0.5141,,0,1,0,1,1,0,1,2022-01-25 10:25:00+05:30,2022-01-25 10:30:00+05:30,2022-01-25 14:40:00+05:30,37.27,36.65214285714286,38.38214285714286,1.1121,W
S125,PNB,2022-01-25 10:45:00+05:30,0.2349,0.3992,3,2.0,0.1327,66.67,0.9608,0,0.5592,,0,1,1,1,1,0,1,2022-01-25 10:45:00+05:30,2022-01-25 10:50:00+05:30,2022-01-25 12:10:00+05:30,37.32,36.83964285714286,38.184642857142855,0.8646,W
S126,PNB,2022-01-25 10:55:00+05:30,0.248,0.2807,0,,0.4114,66.67,-1.0,0,0.3761,0.0,1,1,0,1,0,1,2,2022-01-25 11:00:00+05:30,2022-01-25 11:05:00+05:30,2022-01-25 12:10:00+05:30,37.37,36.9325,38.15749999999999,0.7875,W
S127,PNB,2022-01-25 12:45:00+05:30,0.4813,0.5143,20,6.0,0.4689,0.0,1.1127,0,1.3683,,0,0,0,0,1,0,1,2022-01-25 12:45:00+05:30,2022-01-25 12:50:00+05:30,2022-01-25 15:00:00+05:30,37.95,37.57142857142857,38.63142857142858,0.19,EOD+
S128,PNB,2022-01-25 13:00:00+05:30,0.2871,0.4813,0,,1.2767,71.43,-0.8068,0,1.2804,1.0,3,0,0,0,0,3,4,2022-01-25 13:15:00+05:30,2022-01-25 13:20:00+05:30,2022-01-25 15:00:00+05:30,38.05,37.644642857142856,38.77964285714286,0.09,EOD+
S129,PNB,2022-01-25 13:25:00+05:30,0.1039,0.1461,1,1.0,0.3696,50.0,-0.115,0,1.8684,1.0,3,1,1,0,0,3,4,2022-01-25 13:40:00+05:30,2022-01-25 13:45:00+05:30,2022-01-25 15:00:00+05:30,38.1,37.71785714285714,38.78785714285714,0.04,EOD+
S130,PNB,2022-01-27 09:15:00+05:30,,,0,,2.3393,54.55,-0.8721,0,1.6617,0.0,1,1,1,1,0,1,2,2022-01-27 09:20:00+05:30,2022-01-27 09:25:00+05:30,2022-01-27 09:35:00+05:30,38.48,38.06214285714285,39.232142857142854,-0.4179,L
S131,PNB,2022-01-27 09:30:00+05:30,,,1,1.0,0.465,100.0,-1.0,0,0.7839,0.0,3,1,0,0,0,3,4,2022-01-27 09:45:00+05:30,2022-01-27 09:50:00+05:30,2022-01-27 13:10:00+05:30,38.34,37.82928571428572,39.25928571428572,0.9193,W
S132,PNB,2022-01-27 10:20:00+05:30,0.0886,0.103,5,4.0,0.2952,33.33,0.5152,0,0.5734,,0,1,0,1,1,0,1,2022-01-27 10:20:00+05:30,2022-01-27 10:25:00+05:30,2022-01-27 13:40:00+05:30,38.39,37.83107142857143,39.39607142857143,1.0061,W
S133,PNB,2022-01-27 11:00:00+05:30,0.2079,0.2276,6,3.0,0.0471,33.33,6.1429,0,0.7123,,0,0,0,1,1,0,1,2022-01-27 11:00:00+05:30,2022-01-27 11:05:00+05:30,2022-01-27 12:00:00+05:30,38.53,38.158571428571435,39.19857142857143,-0.3714,L
S134,PNB,2022-01-27 12:15:00+05:30,-0.2538,-0.0649,0,,3.2419,28.57,-0.7587,0,2.251,1.0,3,1,0,1,0,3,4,2022-01-27 12:30:00+05:30,2022-01-27 12:35:00+05:30,2022-01-27 12:45:00+05:30,38.44,38.120357142857145,39.01535714285713,0.5754,W
S135,PNB,2022-01-27 14:05:00+05:30,0.8676,0.7592,18,4.0,0.2974,64.71,1.8571,0,2.8307,,0,1,0,1,1,0,1,2022-01-27 14:05:00+05:30,2022-01-27 14:10:00+05:30,2022-01-27 15:00:00+05:30,39.75,39.19107142857143,40.756071428571424,0.19,EOD+
S136,PNB,2022-01-28 09:25:00+05:30,,,2,2.0,0.0596,44.44,7.3333,0,1.2225,,0,0,1,0,1,0,1,2022-01-28 09:25:00+05:30,2022-01-28 09:30:00+05:30,2022-01-28 10:15:00+05:30,40.43,39.67464285714286,41.78964285714286,-0.7554,L
S137,PNB,2022-01-28 09:35:00+05:30,,,1,1.0,0.279,0.0,0.1429,0,0.959,,0,1,0,0,1,0,1,2022-01-28 09:35:00+05:30,2022-01-28 09:40:00+05:30,2022-01-28 15:00:00+05:30,39.99,39.20607142857143,41.401071428571434,-0.14,EOD-
S138,PNB,2022-01-28 09:45:00+05:30,0.1948,,0,,0.2937,20.0,0.0811,0,0.6753,,0,1,0,1,1,0,1,2022-01-28 09:45:00+05:30,2022-01-28 09:50:00+05:30,2022-01-28 15:00:00+05:30,40.04,39.2525,41.4575,-0.19,EOD-
S139,PNB,2022-01-28 10:00:00+05:30,0.1223,0.1948,1,1.0,0.1108,37.5,1.7397,0,0.5653,,0,0,0,0,1,0,1,2022-01-28 10:00:00+05:30,2022-01-28 10:05:00+05:30,2022-01-28 15:00:00+05:30,40.14,39.316785714285714,41.621785714285714,-0.29,EOD-
S140,PNB,2022-01-28 10:10:00+05:30,0.0923,0.0911,0,,0.9319,85.29,-1.0,0,0.6953,0.0,2,1,0,0,0,2,3,2022-01-28 10:20:00+05:30,2022-01-28 10:25:00+05:30,2022-01-28 15:00:00+05:30,40.04,39.18285714285714,41.582857142857144,-0.19,EOD-
S141,PNB,2022-01-28 10:30:00+05:30,0.0436,0.025,0,,0.3802,0.0,-0.0385,0,0.66,1.0,3,0,0,0,0,3,4,2022-01-28 10:45:00+05:30,2022-01-28 10:50:00+05:30,2022-01-28 15:00:00+05:30,40.19,39.506071428571424,41.42107142857143,-0.34,EOD-
S142,PNB,2022-01-28 12:25:00+05:30,0.2108,0.2955,19,5.0,0.2963,0.0,0.25,0,0.8192,,0,0,0,1,1,0,1,2022-01-28 12:25:00+05:30,2022-01-28 12:30:00+05:30,2022-01-28 13:50:00+05:30,40.33,39.9925,40.9375,-0.3375,L
S143,PNB,2022-01-28 13:10:00+05:30,-0.0,0.0273,0,,1.1314,35.71,-0.7122,0,0.4859,0.0,3,1,0,1,0,3,4,2022-01-28 13:25:00+05:30,2022-01-28 13:30:00+05:30,2022-01-28 13:50:00+05:30,40.33,40.02285714285714,40.88285714285715,-0.3071,L
S144,PNB,2022-01-31 09:20:00+05:30,,,1,1.0,0.1461,82.76,-1.0,0,0.8053,0.0,1,1,0,1,0,1,2,2022-01-31 09:25:00+05:30,2022-01-31 09:30:00+05:30,2022-01-31 15:00:00+05:30,39.85,39.31964285714286,40.80464285714286,0.58,EOD+
S145,PNB,2022-01-31 09:40:00+05:30,0.0,,1,1.0,0.0021,51.72,179.0,0,0.9181,,0,0,1,0,1,0,1,2022-01-31 09:40:00+05:30,2022-01-31 09:45:00+05:30,2022-01-31 15:00:00+05:30,40.14,39.55607142857143,41.19107142857143,0.29,EOD+
S146,PNB,2022-01-31 09:50:00+05:30,0.0778,,1,1.0,0.0207,52.63,7.0,0,0.5275,,0,1,1,0,1,0,1,2022-01-31 09:50:00+05:30,2022-01-31 09:55:00+05:30,2022-01-31 15:00:00+05:30,39.94,39.33642857142857,41.02642857142857,0.49,EOD+
S147,PNB,2022-01-31 10:00:00+05:30,0.0301,0.0552,1,1.0,0.2259,64.29,-0.0099,0,0.3695,0.0,1,1,1,0,0,1,2,2022-01-31 10:05:00+05:30,2022-01-31 10:10:00+05:30,2022-01-31 15:00:00+05:30,39.94,39.381071428571424,40.94607142857143,0.49,EOD+
S148,PNB,2022-01-31 10:15:00+05:30,-0.0063,0.0301,1,1.0,0.0113,55.56,15.0,0,0.2867,,0,1,0,1,1,0,1,2022-01-31 10:15:00+05:30,2022-01-31 10:20:00+05:30,2022-01-31 15:00:00+05:30,39.89,39.33642857142857,40.886428571428574,0.54,EOD+
S149,PNB,2022-01-31 10:55:00+05:30,0.0664,0.1641,0,,0.8294,44.44,-0.6,0,3.0331,1.0,3,1,0,0,0,3,4,2022-01-31 11:10:00+05:30,2022-01-31 11:15:00+05:30,2022-01-31 15:00:00+05:30,40.23,39.85321428571428,40.90821428571429,0.2,EOD+
S150,PNB,2022-01-31 12:35:00+05:30,0.2405,0.2656,0,,1.05,100.0,-1.0,0,1.411,1.0,3,1,1,0,0,3,4,2022-01-31 12:50:00+05:30,2022-01-31 12:55:00+05:30,2022-01-31 15:00:00+05:30,40.48,40.137142857142855,41.097142857142856,-0.05,EOD-
S151,PNB,2022-01-31 13:05:00+05:30,0.1163,0.2006,1,1.0,0.1254,26.32,1.7778,0,0.9636,,0,0,1,0,1,0,1,2022-01-31 13:05:00+05:30,2022-01-31 13:10:00+05:30,2022-01-31 15:00:00+05:30,40.53,40.17107142857143,41.176071428571426,-0.1,EOD-
S152,PNB,2022-01-31 13:40:00+05:30,-0.0929,-0.0235,0,,0.8647,33.33,-0.6032,0,2.6714,1.0,3,0,0,0,0,3,4,2022-01-31 13:55:00+05:30,2022-01-31 14:00:00+05:30,2022-01-31 15:00:00+05:30,40.38,40.01571428571429,41.03571428571429,0.05,EOD+
S153,PNB,2022-01-31 14:10:00+05:30,0.0,-0.0682,0,,0.5128,100.0,-1.0,0,1.4994,1.0,3,1,0,0,0,3,4,2022-01-31 14:25:00+05:30,2022-01-31 14:30:00+05:30,2022-01-31 15:00:00+05:30,40.33,39.99607142857142,40.931071428571435,0.1,EOD+
S154,PNB,2022-02-01 09:50:00+05:30,0.205,,7,6.0,0.0705,28.57,2.5714,0,0.6678,,0,0,0,0,1,0,1,2022-02-01 09:50:00+05:30,2022-02-01 09:55:00+05:30,2022-02-01 11:25:00+05:30,40.53,40.03357142857143,41.423571428571435,-0.4964,L
S155,PNB,2022-02-01 10:00:00+05:30,0.1087,0.2285,0,,0.0852,100.0,-1.0,0,0.9416,1.0,1,0,0,0,0,1,2,2022-02-01 10:05:00+05:30,2022-02-01 10:10:00+05:30,2022-02-01 11:25:00+05:30,40.67,40.18607142857143,41.541071428571435,-0.4839,L
S156,PNB,2022-02-01 10:25:00+05:30,0.1295,0.0777,3,2.0,0.1086,35.71,1.1053,0,0.4236,,0,0,1,0,1,0,1,2022-02-01 10:25:00+05:30,2022-02-01 10:30:00+05:30,2022-02-01 11:25:00+05:30,40.62,40.1825,41.4075,-0.4375,L
S157,PNB,2022-02-01 13:45:00+05:30,-0.4757,-0.4506,0,,0.9636,65.52,-1.0,0,0.6428,0.0,3,1,1,0,0,3,4,2022-02-01 14:00:00+05:30,2022-02-01 14:05:00+05:30,2022-02-01 15:00:00+05:30,39.8,39.23571428571429,40.81571428571428,0.43,EOD+
S158,PNB,2022-02-02 11:25:00+05:30,-0.0814,-0.016,0,,0.77,0.0,-0.4949,0,0.9919,1.0,3,0,0,1,0,3,4,2022-02-02 11:40:00+05:30,2022-02-02 11:45:00+05:30,2022-02-02 13:05:00+05:30,40.57,40.24857142857143,41.14857142857143,-0.3214,L
S159,PNB,2022-02-02 12:00:00+05:30,-0.1136,-0.0778,3,3.0,0.051,64.29,8.0909,0,0.7092,,0,0,0,1,1,0,1,2022-02-02 12:00:00+05:30,2022-02-02 12:05:00+05:30,2022-02-02 13:30:00+05:30,40.48,40.21035714285714,40.96535714285714,-0.2696,L
S160,PNB,2022-02-02 13:55:00+05:30,-0.165,-0.1884,0,,1.4481,64.29,-1.0,0,2.2112,1.0,3,0,0,0,0,3,4,2022-02-02 14:10:00+05:30,2022-02-02 14:15:00+05:30,2022-02-02 14:40:00+05:30,40.33,40.04428571428571,40.84428571428572,0.5143,W
S161,PNB,2022-02-02 14:20:00+05:30,-0.0857,-0.1465,1,1.0,0.3154,50.0,-1.0,0,0.6295,1.0,1,1,0,1,0,1,2,2022-02-02 14:25:00+05:30,2022-02-02 14:30:00+05:30,2022-02-02 14:40:00+05:30,40.28,39.955,40.86500000000001,0.585,W
S162,PNB,2022-02-03 09:50:00+05:30,0.7923,,7,2.0,0.2622,41.67,-0.1935,0,0.3807,,0,1,1,0,1,0,1,2022-02-03 09:50:00+05:30,2022-02-03 09:55:00+05:30,2022-02-03 15:00:00+05:30,41.59,40.99892857142858,42.65392857142857,-0.04,EOD-
S163,PNB,2022-02-03 10:25:00+05:30,0.0817,0.5238,0,,0.7734,64.29,-0.661,0,1.2985,1.0,3,0,0,0,0,3,4,2022-02-03 10:40:00+05:30,2022-02-03 10:45:00+05:30,2022-02-03 15:00:00+05:30,41.74,41.26321428571429,42.598214285714285,-0.19,EOD-
S164,PNB,2022-02-03 10:50:00+05:30,0.0457,-0.0685,1,1.0,0.1649,66.67,0.8868,0,0.3355,,0,0,0,0,1,0,1,2022-02-03 10:50:00+05:30,2022-02-03 10:55:00+05:30,2022-02-03 15:00:00+05:30,41.59,41.18821428571429,42.31321428571429,-0.04,EOD-
S165,PNB,2022-02-03 11:00:00+05:30,0.0144,0.012,0,,0.3159,35.71,-0.0909,0,0.3752,,0,0,1,1,1,0,1,2022-02-03 11:00:00+05:30,2022-02-03 11:05:00+05:30,2022-02-03 15:00:00+05:30,41.69,41.34178571428571,42.316785714285714,-0.14,EOD-
S166,PNB,2022-02-03 11:10:00+05:30,-0.0313,0.0216,0,,0.0476,50.0,-1.0,0,0.8926,,0,0,1,0,1,0,1,2022-02-03 11:10:00+05:30,2022-02-03 11:15:00+05:30,2022-02-03 15:00:00+05:30,41.69,41.348928571428566,42.30392857142857,-0.14,EOD-
S167,PNB,2022-02-03 11:20:00+05:30,-0.0132,-0.0084,0,,0.0447,50.0,-1.0,0,0.6189,1.0,1,1,1,0,0,1,2,2022-02-03 11:25:00+05:30,2022-02-03 11:30:00+05:30,2022-02-03 15:00:00+05:30,41.69,41.354285714285716,42.29428571428571,-0.14,EOD-
S168,PNB,2022-02-03 11:35:00+05:30,0.0384,-0.0132,1,1.0,0.5,0.0,0.44,0,2.2726,,0,1,0,1,1,0,1,2022-02-03 11:35:00+05:30,2022-02-03 11:40:00+05:30,2022-02-03 15:00:00+05:30,41.59,41.27750000000001,42.152499999999996,-0.04,EOD-
S169,PNB,2022-02-03 11:50:00+05:30,0.0516,0.0384,1,1.0,0.3198,50.0,0.3514,0,0.4008,,0,0,0,1,1,0,1,2022-02-03 11:50:00+05:30,2022-02-03 11:55:00+05:30,2022-02-03 15:00:00+05:30,41.64,41.35071428571429,42.16071428571428,-0.09,EOD-
S170,PNB,2022-02-03 12:00:00+05:30,0.0636,0.0685,0,,0.4108,50.0,0.0204,0,1.2014,,0,1,0,1,1,0,1,2022-02-03 12:00:00+05:30,2022-02-03 12:05:00+05:30,2022-02-03 15:00:00+05:30,41.69,41.39178571428572,42.2267857142857,-0.14,EOD-
S171,PNB,2022-02-03 13:00:00+05:30,0.1651,0.1425,11,11.0,0.4174,0.0,1.3622,0,0.8648,,0,0,0,0,1,0,1,2022-02-03 13:00:00+05:30,2022-02-03 13:05:00+05:30,2022-02-03 14:55:00+05:30,41.89,41.509642857142865,42.57464285714285,-0.3804,L
S172,PNB,2022-02-03 13:15:00+05:30,0.1315,0.1651,2,1.0,0.3647,35.71,0.1494,0,0.6346,,0,0,0,1,1,0,1,2022-02-03 13:15:00+05:30,2022-02-03 13:20:00+05:30,2022-02-03 15:00:00+05:30,41.79,41.49178571428572,42.326785714285705,-0.24,EOD-
S173,PNB,2022-02-03 13:45:00+05:30,0.0072,0.0836,0,,1.4711,50.0,-1.0,0,1.5868,1.0,3,0,0,0,0,3,4,2022-02-03 14:00:00+05:30,2022-02-03 14:05:00+05:30,2022-02-03 14:55:00+05:30,41.89,41.55607142857143,42.49107142857143,-0.3339,L
S174,PNB,2022-02-03 14:10:00+05:30,-0.0418,-0.0646,0,,1.0261,0.0,-0.2248,0,3.5,1.0,3,1,1,0,0,3,4,2022-02-03 14:25:00+05:30,2022-02-03 14:30:00+05:30,2022-02-03 14:55:00+05:30,41.89,41.575714285714284,42.45571428571429,-0.3143,L
S175,PNB,2022-02-04 09:15:00+05:30,,,0,,2.6656,0.0,-0.789,0,2.0249,1.0,1,0,0,0,0,1,2,2022-02-04 09:20:00+05:30,2022-02-04 09:25:00+05:30,2022-02-04 10:15:00+05:30,41.64,41.24,42.36,-0.4,L
S176,PNB,2022-02-04 13:15:00+05:30,-0.339,-0.2929,0,,2.5961,75.0,-0.8691,0,0.672,0.0,3,0,0,0,0,3,4,2022-02-04 13:30:00+05:30,2022-02-04 13:35:00+05:30,2022-02-04 15:00:00+05:30,40.62,40.25214285714285,41.28214285714286,-0.24,EOD-
S177,PNB,2022-02-04 13:40:00+05:30,-0.208,-0.2962,0,,0.4497,0.0,-0.1304,0,1.2206,1.0,1,0,0,1,0,1,2,2022-02-04 13:45:00+05:30,2022-02-04 13:50:00+05:30,2022-02-04 14:40:00+05:30,40.72,40.40035714285714,41.29535714285715,-0.3196,L
S178,PNB,2022-02-04 14:00:00+05:30,-0.048,-0.1674,2,2.0,0.0179,50.0,19.0,0,0.4265,,0,0,0,1,1,0,1,2022-02-04 14:00:00+05:30,2022-02-04 14:05:00+05:30,2022-02-04 15:00:00+05:30,40.67,40.32178571428572,41.29678571428572,-0.29,EOD-
S179,PNB,2022-02-04 14:10:00+05:30,-0.0308,-0.096,0,,0.9286,26.32,-0.3077,0,0.5425,0.0,1,1,0,1,0,1,2,2022-02-04 14:15:00+05:30,2022-02-04 14:20:00+05:30,2022-02-04 15:00:00+05:30,40.62,40.269999999999996,41.25,-0.24,EOD-
S180,PNB,2022-02-04 14:25:00+05:30,-0.0369,-0.0308,0,,0.2917,50.0,0.3333,0,0.5382,,0,0,0,1,1,0,1,2022-02-04 14:25:00+05:30,2022-02-04 14:30:00+05:30,2022-02-04 14:50:00+05:30,40.67,40.348571428571425,41.24857142857144,-0.3214,L
S181,PNB,2022-02-07 09:15:00+05:30,,,0,,1.7616,61.54,-0.6234,0,2.4421,,0,0,0,0,1,0,1,2022-02-07 09:15:00+05:30,2022-02-07 09:20:00+05:30,2022-02-07 09:25:00+05:30,40.57,40.193214285714284,41.24821428571428,-0.3768,L
S182,PNB,2022-02-07 09:25:00+05:30,,,0,,1.6543,64.15,-0.5738,0,2.3872,,0,1,1,0,1,0,1,2022-02-07 09:25:00+05:30,2022-02-07 09:30:00+05:30,2022-02-07 10:30:00+05:30,40.67,40.17357142857143,41.56357142857143,0.8936,W
S183,PNB,2022-02-08 11:10:00+05:30,-0.5362,-0.5761,0,,1.6132,52.63,-0.8695,0,2.1031,1.0,3,0,0,0,0,3,4,2022-02-08 11:25:00+05:30,2022-02-08 11:30:00+05:30,2022-02-08 13:45:00+05:30,39.94,39.464999999999996,40.794999999999995,0.855,W
S184,PNB,2022-02-08 13:05:00+05:30,0.3764,0.5455,19,4.0,0.1547,47.37,0.5873,0,1.1195,,0,0,0,0,1,0,1,2022-02-08 13:05:00+05:30,2022-02-08 13:10:00+05:30,2022-02-08 15:00:00+05:30,40.14,39.63107142857143,41.05607142857143,0.63,EOD+
S185,PNB,2022-02-08 13:15:00+05:30,0.2205,0.4612,0,,0.5003,66.67,-0.5192,0,1.1118,,0,1,0,0,1,0,1,2022-02-08 13:15:00+05:30,2022-02-08 13:20:00+05:30,2022-02-08 15:00:00+05:30,40.19,39.67035714285714,41.12535714285714,0.58,EOD+
S186,PNB,2022-02-08 13:25:00+05:30,0.1841,0.2679,1,1.0,0.2351,52.63,0.978,0,0.9878,,0,1,0,1,1,0,1,2022-02-08 13:25:00+05:30,2022-02-08 13:30:00+05:30,2022-02-08 15:00:00+05:30,40.28,39.79607142857143,41.15107142857143,0.49,EOD+
S187,PNB,2022-02-08 14:10:00+05:30,0.2869,0.4209,8,5.0,0.0312,47.37,15.6667,0,0.8152,,0,1,0,1,1,0,1,2022-02-08 14:10:00+05:30,2022-02-08 14:15:00+05:30,2022-02-08 15:00:00+05:30,40.48,39.99964285714285,41.34464285714285,0.29,EOD+
S188,PNB,2022-02-09 10:25:00+05:30,-0.1788,-0.1613,0,,2.2596,73.68,-0.8761,0,0.7108,0.0,3,0,0,0,0,3,4,2022-02-09 10:40:00+05:30,2022-02-09 10:45:00+05:30,2022-02-09 15:00:00+05:30,40.53,40.08357142857143,41.33357142857143,-0.1,EOD-
S189,PNB,2022-02-09 10:50:00+05:30,-0.2287,-0.2828,1,1.0,0.1256,0.0,3.7619,0,0.1764,,0,0,0,1,1,0,1,2022-02-09 10:50:00+05:30,2022-02-09 10:55:00+05:30,2022-02-09 15:00:00+05:30,40.53,40.11214285714286,41.28214285714286,-0.1,EOD-
S190,PNB,2022-02-09 11:00:00+05:30,-0.136,-0.2879,1,1.0,0.046,50.0,6.1429,0,0.43,,0,0,0,0,1,0,1,2022-02-09 11:00:00+05:30,2022-02-09 11:05:00+05:30,2022-02-09 15:00:00+05:30,40.53,40.14964285714286,41.214642857142856,-0.1,EOD-
S191,PNB,2022-02-09 12:00:00+05:30,0.1246,0.1667,11,6.0,0.384,44.44,0.2658,0,0.6576,,0,0,0,0,1,0,1,2022-02-09 12:00:00+05:30,2022-02-09 12:05:00+05:30,2022-02-09 15:00:00+05:30,40.48,40.22285714285714,40.94285714285714,-0.05,EOD-
S192,PNB,2022-02-09 12:10:00+05:30,0.1258,0.1419,0,,0.651,100.0,-1.0,0,0.4252,0.0,1,0,0,1,0,1,2,2022-02-09 12:15:00+05:30,2022-02-09 12:20:00+05:30,2022-02-09 15:00:00+05:30,40.57,40.31464285714286,41.02964285714286,-0.14,EOD-
S193,PNB,2022-02-09 12:25:00+05:30,0.0777,0.1258,0,,0.6855,55.56,-1.0,0,0.1777,0.0,1,0,0,1,0,1,2,2022-02-09 12:30:00+05:30,2022-02-09 12:35:00+05:30,2022-02-09 15:00:00+05:30,40.57,40.311071428571424,41.03607142857144,-0.14,EOD-
S194,PNB,2022-02-09 12:40:00+05:30,0.0086,0.0777,0,,0.3203,0.0,0.4815,0,0.2516,,0,0,0,1,1,0,1,2022-02-09 12:40:00+05:30,2022-02-09 12:45:00+05:30,2022-02-09 14:40:00+05:30,40.57,40.35928571428571,40.94928571428572,-0.2107,L
S195,PNB,2022-02-09 13:05:00+05:30,-0.0062,0.032,0,,2.143,33.33,-0.7135,0,2.0605,0.0,3,0,0,0,0,3,4,2022-02-09 13:20:00+05:30,2022-02-09 13:25:00+05:30,2022-02-09 15:00:00+05:30,40.48,40.27642857142856,40.846428571428575,-0.05,EOD-
S196,PNB,2022-02-09 13:30:00+05:30,-0.074,-0.0703,0,,0.5107,0.0,0.1236,0,0.9177,,0,1,1,0,1,0,1,2022-02-09 13:30:00+05:30,2022-02-09 13:35:00+05:30,2022-02-09 14:40:00+05:30,40.57,40.35214285714285,40.962142857142865,-0.2179,L
S197,PNB,2022-02-09 13:40:00+05:30,-0.0271,-0.0925,0,,0.4906,44.44,0.1236,0,0.556,,0,0,0,0,1,0,1,2022-02-09 13:40:00+05:30,2022-02-09 13:45:00+05:30,2022-02-09 15:00:00+05:30,40.53,40.30321428571428,40.938214285714295,-0.1,EOD-
S198,PNB,2022-02-09 13:50:00+05:30,0.0185,-0.0444,0,,0.5324,73.68,-0.0741,0,2.9627,,0,0,0,0,1,0,1,2022-02-09 13:50:00+05:30,2022-02-09 13:55:00+05:30,2022-02-09 14:20:00+05:30,40.67,40.41642857142857,41.12642857142858,-0.2536,L
S199,PNB,2022-02-09 14:10:00+05:30,0.0518,0.0296,3,3.0,0.1466,55.56,1.5806,0,0.9974,,0,0,0,1,1,0,1,2022-02-09 14:10:00+05:30,2022-02-09 14:15:00+05:30,2022-02-09 15:00:00+05:30,40.57,40.30571428571428,41.04571428571429,-0.14,EOD-
S200,PNB,2022-02-10 09:15:00+05:30,,,0,,1.9583,64.1,-0.7872,0,1.9014,0.0,1,0,0,0,0,1,2,2022-02-10 09:20:00+05:30,2022-02-10 09:25:00+05:30,2022-02-10 09:55:00+05:30,40.43,40.13,40.96999999999999,-0.3,L
S201,PNB,2022-02-10 09:50:00+05:30,-0.156,,0,,1.3786,100.0,-1.0,0,2.2353,1.0,3,0,0,0,0,3,4,2022-02-10 10:05:00+05:30,2022-02-10 10:10:00+05:30,2022-02-10 14:20:00+05:30,40.38,40.03000000000001,41.01,-0.35,L
S202,PNB,2022-02-10 10:15:00+05:30,-0.1265,-0.1871,0,,0.8181,100.0,-1.0,0,0.5508,0.0,3,1,0,1,0,3,4,2022-02-10 10:30:00+05:30,2022-02-10 10:35:00+05:30,2022-02-10 14:45:00+05:30,40.28,39.846071428571435,41.061071428571424,-0.4339,L
S203,PNB,2022-02-10 10:40:00+05:30,-0.0794,-0.0905,0,,0.1393,0.0,1.5,0,0.5806,,0,0,0,1,1,0,1,2022-02-10 10:40:00+05:30,2022-02-10 10:45:00+05:30,2022-02-10 14:40:00+05:30,40.28,39.92107142857143,40.926071428571426,-0.3589,L
S204,PNB,2022-02-10 10:50:00+05:30,-0.0807,-0.103,0,,0.3743,0.0,-1.0,0,0.2679,1.0,2,0,0,0,0,2,3,2022-02-10 11:00:00+05:30,2022-02-10 11:05:00+05:30,2022-02-10 14:40:00+05:30,40.28,39.94607142857143,40.88107142857143,-0.3339,L
S205,PNB,2022-02-10 12:00:00+05:30,-0.0311,0.0112,0,,1.1726,55.56,-1.0,0,1.5349,1.0,3,0,0,0,0,3,4,2022-02-10 12:15:00+05:30,2022-02-10 12:20:00+05:30,2022-02-10 14:40:00+05:30,40.19,39.98107142857143,40.56607142857142,-0.2089,L
S206,PNB,2022-02-10 12:25:00+05:30,-0.0659,-0.0534,0,,0.3135,100.0,-1.0,0,1.0749,,0,1,0,1,1,0,1,2022-02-10 12:25:00+05:30,2022-02-10 12:30:00+05:30,2022-02-10 13:50:00+05:30,40.23,40.05857142857143,40.538571428571416,-0.1714,L
S207,PNB,2022-02-10 13:10:00+05:30,0.0273,0.0062,8,8.0,0.5899,0.0,0.0667,0,1.4005,,0,0,0,0,1,0,1,2022-02-10 13:10:00+05:30,2022-02-10 13:15:00+05:30,2022-02-10 13:50:00+05:30,40.23,40.07107142857142,40.51607142857143,-0.1589,L
S208,PNB,2022-02-11 11:05:00+05:30,-0.3606,-0.4275,0,,1.2553,0.0,-0.7319,0,0.5622,0.0,3,0,0,1,0,3,4,2022-02-11 11:20:00+05:30,2022-02-11 11:25:00+05:30,2022-02-11 14:40:00+05:30,39.07,38.69857142857143,39.73857142857144,-0.3714,L
S209,PNB,2022-02-11 11:30:00+05:30,-0.205,-0.3059,0,,0.4794,50.0,-0.115,0,0.8303,1.0,1,0,0,0,0,1,2,2022-02-11 11:35:00+05:30,2022-02-11 11:40:00+05:30,2022-02-11 14:40:00+05:30,39.02,38.72535714285714,39.55035714285715,-0.2946,L
S210,PNB,2022-02-11 12:00:00+05:30,0.0077,-0.0846,3,3.0,0.0,100.0,,1,1.3783,1.0,1,0,0,0,0,1,2,2022-02-11 12:05:00+05:30,2022-02-11 12:10:00+05:30,2022-02-11 14:35:00+05:30,38.97,38.746785714285714,39.371785714285714,-0.2232,L
S211,PNB,2022-02-11 12:15:00+05:30,0.0128,0.0077,0,,0.5115,50.0,-1.0,0,0.9141,0.0,2,0,0,0,0,2,3,2022-02-11 12:25:00+05:30,2022-02-11 12:30:00+05:30,2022-02-11 14:25:00+05:30,39.07,38.837857142857146,39.48785714285714,-0.2321,L
S212,PNB,2022-02-11 12:35:00+05:30,0.0448,0.0064,0,,0.1522,50.0,3.0,0,1.0354,,0,0,0,1,1,0,1,2022-02-11 12:35:00+05:30,2022-02-11 12:40:00+05:30,2022-02-11 14:10:00+05:30,39.12,38.91464285714286,39.489642857142854,-0.2054,L
S213,PNB,2022-02-11 13:30:00+05:30,0.0767,0.0704,10,9.0,0.3153,0.0,1.0,0,3.4555,,0,1,1,0,1,0,1,2022-02-11 13:30:00+05:30,2022-02-11 13:35:00+05:30,2022-02-11 14:05:00+05:30,39.17,38.97178571428571,39.52678571428572,-0.1982,L
S214,PNB,2022-02-11 13:50:00+05:30,0.0946,0.0767,3,2.0,0.1231,44.44,4.2632,0,0.7712,,0,0,0,0,1,0,1,2022-02-11 13:50:00+05:30,2022-02-11 13:55:00+05:30,2022-02-11 14:05:00+05:30,39.17,38.97714285714285,39.51714285714287,-0.1929,L
S215,PNB,2022-02-14 10:35:00+05:30,-1.0748,-1.1002,0,,1.3246,0.0,-0.729,0,0.2949,0.0,3,0,0,1,0,3,4,2022-02-14 10:50:00+05:30,2022-02-14 10:55:00+05:30,2022-02-14 14:05:00+05:30,37.17,36.82178571428572,37.79678571428572,-0.3482,L
S216,PNB,2022-02-14 11:00:00+05:30,-0.5505,-0.9943,0,,0.2561,0.0,0.6667,0,0.528,,0,1,1,0,1,0,1,2022-02-14 11:00:00+05:30,2022-02-14 11:05:00+05:30,2022-02-14 14:00:00+05:30,37.22,36.927142857142854,37.747142857142855,-0.2929,L
S217,PNB,2022-02-14 12:10:00+05:30,0.0054,-0.0242,0,,1.1439,0.0,-0.1045,0,1.129,1.0,3,0,0,0,0,3,4,2022-02-14 12:25:00+05:30,2022-02-14 12:30:00+05:30,2022-02-14 12:45:00+05:30,37.22,37.00035714285715,37.615357142857135,-0.2196,L
S218,PNB,2022-02-14 12:35:00+05:30,-0.0269,-0.035,0,,0.493,55.56,-0.0123,0,0.4515,0.0,1,0,0,1,0,1,2,2022-02-14 12:40:00+05:30,2022-02-14 12:45:00+05:30,2022-02-14 14:00:00+05:30,37.12,36.91464285714285,37.489642857142854,-0.2054,L
S219,PNB,2022-02-14 12:55:00+05:30,-0.0633,-0.0202,0,,1.5072,50.0,-1.0,0,0.5104,0.0,3,0,0,1,0,3,4,2022-02-14 13:10:00+05:30,2022-02-14 13:15:00+05:30,2022-02-14 14:00:00+05:30,37.08,36.88178571428571,37.43678571428572,-0.1982,L
S220,PNB,2022-02-15 09:15:00+05:30,,,0,,0.4007,41.18,-1.0,0,1.5393,,0,0,0,0,1,0,1,2022-02-15 09:15:00+05:30,2022-02-15 09:20:00+05:30,2022-02-15 09:25:00+05:30,36.49,36.00964285714286,37.35464285714286,-0.4804,L
S221,PNB,2022-02-15 10:40:00+05:30,-0.0929,-0.1995,0,,1.0271,50.0,-0.7024,0,0.3534,1.0,3,1,0,1,0,3,4,2022-02-15 10:55:00+05:30,2022-02-15 11:00:00+05:30,2022-02-15 13:50:00+05:30,36.06,35.65107142857143,36.79607142857144,0.7361,W
S222,PNB,2022-02-15 12:30:00+05:30,0.3314,0.3032,17,2.0,0.0544,64.29,6.1429,0,0.7244,,0,0,0,0,1,0,1,2022-02-15 12:30:00+05:30,2022-02-15 12:35:00+05:30,2022-02-15 14:00:00+05:30,36.44,36.11857142857143,37.01857142857143,0.5786,W
S223,PNB,2022-02-15 13:20:00+05:30,0.1508,0.192,9,4.0,0.4107,100.0,-1.0,0,1.2146,1.0,3,1,0,1,0,3,4,2022-02-15 13:35:00+05:30,2022-02-15 13:40:00+05:30,2022-02-15 14:00:00+05:30,36.54,36.27214285714285,37.02214285714287,0.4821,W
S224,PNB,2022-02-16 10:40:00+05:30,0.3394,0.356,17,16.0,0.3314,47.37,0.0204,0,0.4786,,0,0,0,1,1,0,1,2022-02-16 10:40:00+05:30,2022-02-16 10:45:00+05:30,2022-02-16 15:00:00+05:30,37.71,37.340357142857144,38.37535714285715,-0.25,EOD-
S225,PNB,2022-02-16 12:00:00+05:30,-0.1557,-0.0983,0,,1.7458,44.44,-0.7613,0,0.7071,0.0,3,1,0,1,0,3,4,2022-02-16 12:15:00+05:30,2022-02-16 12:20:00+05:30,2022-02-16 15:00:00+05:30,37.56,37.260000000000005,38.099999999999994,-0.1,EOD-
S226,PNB,2022-02-16 12:25:00+05:30,-0.1613,-0.2184,0,,0.0746,50.0,4.5556,0,1.0643,,0,1,0,1,1,0,1,2022-02-16 12:25:00+05:30,2022-02-16 12:30:00+05:30,2022-02-16 15:00:00+05:30,37.56,37.25821428571429,38.10321428571428,-0.1,EOD-
S227,PNB,2022-02-16 13:15:00+05:30,0.1289,0.1808,9,6.0,0.21,66.67,0.7544,0,1.7025,,0,1,0,1,1,0,1,2022-02-16 13:15:00+05:30,2022-02-16 13:20:00+05:30,2022-02-16 15:00:00+05:30,37.66,37.32071428571428,38.270714285714284,-0.2,EOD-
S228,PNB,2022-02-16 13:30:00+05:30,0.1195,0.1289,1,1.0,0.0449,0.0,7.3333,0,0.4051,,0,0,0,0,1,0,1,2022-02-16 13:30:00+05:30,2022-02-16 13:35:00+05:30,2022-02-16 14:50:00+05:30,37.71,37.37607142857143,38.31107142857144,-0.3339,L
S229,PNB,2022-02-16 13:40:00+05:30,0.1684,0.1248,0,,0.3079,100.0,-1.0,0,1.5008,,0,1,0,1,1,0,1,2022-02-16 13:40:00+05:30,2022-02-16 13:45:00+05:30,2022-02-16 14:45:00+05:30,37.85,37.50892857142857,38.46392857142858,-0.3411,L
S230,PNB,2022-02-16 14:05:00+05:30,0.2698,0.2569,4,3.0,0.0301,33.33,24.0,0,0.5578,,0,0,0,1,1,0,1,2022-02-16 14:05:00+05:30,2022-02-16 14:10:00+05:30,2022-02-16 14:40:00+05:30,37.85,37.51785714285714,38.44785714285715,-0.3321,L
S231,PNB,2022-02-17 10:20:00+05:30,-0.2303,-0.321,0,,1.592,100.0,-1.0,0,1.4091,1.0,3,1,0,0,0,3,4,2022-02-17 10:35:00+05:30,2022-02-17 10:40:00+05:30,2022-02-17 15:00:00+05:30,37.27,36.846785714285716,38.03178571428572,-0.19,EOD-
S232,PNB,2022-02-17 11:20:00+05:30,0.0335,-0.0389,7,4.0,0.1927,66.67,1.0408,0,0.5484,,0,0,1,0,1,0,1,2022-02-17 11:20:00+05:30,2022-02-17 11:25:00+05:30,2022-02-17 14:40:00+05:30,37.37,37.052142857142854,37.94214285714286,-0.3179,L
S233,PNB,2022-02-17 12:40:00+05:30,-0.118,-0.0201,0,,0.5031,0.0,-0.1304,0,0.4248,1.0,3,0,0,1,0,3,4,2022-02-17 12:55:00+05:30,2022-02-17 13:00:00+05:30,2022-02-17 14:45:00+05:30,37.27,36.98428571428572,37.78428571428572,-0.2857,L
S234,PNB,2022-02-17 13:20:00+05:30,-0.0672,-0.1074,0,,1.1577,100.0,-1.0,0,0.968,1.0,3,0,0,1,0,3,4,2022-02-17 13:35:00+05:30,2022-02-17 13:40:00+05:30,2022-02-17 14:40:00+05:30,37.27,37.03785714285714,37.68785714285715,-0.2321,L
S235,PNB,2022-02-17 13:45:00+05:30,-0.0067,-0.0403,0,,0.0543,0.0,19.0,0,0.9871,,0,0,0,1,1,0,1,2022-02-17 13:45:00+05:30,2022-02-17 13:50:00+05:30,2022-02-17 14:05:00+05:30,37.32,37.089642857142856,37.73464285714286,-0.2304,L
S236,PNB,2022-02-17 14:05:00+05:30,-0.0067,0.0,0,,1.3243,0.0,-0.3571,0,1.5665,0.0,3,0,0,0,0,3,4,2022-02-17 14:20:00+05:30,2022-02-17 14:25:00+05:30,2022-02-17 14:40:00+05:30,37.32,37.05571428571428,37.79571428571429,-0.2643,L
S237,PNB,2022-02-17 14:30:00+05:30,-0.0269,-0.047,1,1.0,0.3373,0.0,0.25,0,0.6106,,0,0,0,0,1,0,1,2022-02-17 14:30:00+05:30,2022-02-17 14:35:00+05:30,2022-02-17 15:00:00+05:30,37.22,36.92357142857142,37.75357142857143,-0.14,EOD-
S238,PNB,2022-02-18 10:40:00+05:30,-0.134,-0.0744,0,,1.6553,100.0,-1.0,0,1.7662,1.0,3,0,0,0,0,3,4,2022-02-18 10:55:00+05:30,2022-02-18 11:00:00+05:30,2022-02-18 14:45:00+05:30,36.93,36.64607142857143,37.441071428571426,-0.2839,L
S239,PNB,2022-02-18 11:10:00+05:30,-0.0542,-0.0935,1,1.0,0.2105,0.0,3.3478,0,0.8532,,0,0,0,0,1,0,1,2022-02-18 11:10:00+05:30,2022-02-18 11:15:00+05:30,2022-02-18 14:45:00+05:30,36.93,36.65678571428572,37.421785714285704,-0.2732,L
S240,PNB,2022-02-18 11:30:00+05:30,-0.0474,-0.0474,0,,1.3722,0.0,-0.7297,0,1.0219,1.0,3,0,0,0,0,3,4,2022-02-18 11:45:00+05:30,2022-02-18 11:50:00+05:30,2022-02-18 15:00:00+05:30,36.88,36.610357142857154,37.365357142857135,-0.14,EOD-
S241,PNB,2022-02-18 11:55:00+05:30,-0.0597,-0.0732,0,,0.3252,50.0,0.3889,0,0.4375,,0,0,0,1,1,0,1,2022-02-18 11:55:00+05:30,2022-02-18 12:00:00+05:30,2022-02-18 15:00:00+05:30,36.88,36.603214285714294,37.37821428571428,-0.14,EOD-
S242,PNB,2022-02-18 12:05:00+05:30,-0.0339,-0.0665,0,,0.7793,33.33,-0.4012,0,0.8954,,0,1,0,0,1,0,1,2022-02-18 12:05:00+05:30,2022-02-18 12:10:00+05:30,2022-02-18 15:00:00+05:30,36.88,36.612142857142864,37.36214285714285,-0.14,EOD-
S243,PNB,2022-02-18 13:40:00+05:30,0.1267,0.178,0,,0.6667,0.0,-0.2857,0,0.5497,0.0,3,0,0,1,0,3,4,2022-02-18 13:55:00+05:30,2022-02-18 14:00:00+05:30,2022-02-18 14:15:00+05:30,37.08,36.8175,37.552499999999995,-0.2625,L
S244,PNB,2022-02-21 10:10:00+05:30,-0.2852,-0.3312,0,,1.4774,50.0,-0.7722,0,0.8366,1.0,3,1,0,0,0,3,4,2022-02-21 10:25:00+05:30,2022-02-21 10:30:00+05:30,2022-02-21 15:00:00+05:30,36.44,36.06857142857143,37.10857142857142,-0.14,EOD-
S245,PNB,2022-02-21 12:45:00+05:30,0.0205,0.0682,0,,1.288,100.0,-1.0,0,1.5428,1.0,3,0,0,0,0,3,4,2022-02-21 13:00:00+05:30,2022-02-21 13:05:00+05:30,2022-02-21 13:30:00+05:30,36.69,36.466785714285706,37.09178571428572,-0.2232,L
S246,PNB,2022-02-22 10:20:00+05:30,-0.3056,-0.3855,0,,0.3986,50.0,-1.0,0,0.1851,0.0,3,0,0,1,0,3,4,2022-02-22 10:35:00+05:30,2022-02-22 10:40:00+05:30,2022-02-22 15:00:00+05:30,35.86,35.333214285714284,36.808214285714286,0.34,EOD+
S247,PNB,2022-02-22 10:45:00+05:30,-0.4185,-0.3312,0,,0.2644,0.0,0.4706,0,0.1789,,0,1,1,0,1,0,1,2022-02-22 10:45:00+05:30,2022-02-22 10:50:00+05:30,2022-02-22 15:00:00+05:30,35.91,35.58857142857143,36.48857142857142,0.29,EOD+
S248,PNB,2022-02-22 11:30:00+05:30,0.1629,0.1101,8,5.0,0.0,33.33,7036874417766.0,0,1.2316,,0,0,0,0,1,0,1,2022-02-22 11:30:00+05:30,2022-02-22 11:35:00+05:30,2022-02-22 15:00:00+05:30,35.96,35.71,36.41,0.24,EOD+
S249,PNB,2022-02-22 11:40:00+05:30,0.1767,0.1365,0,,0.1885,0.0,1.8571,0,0.6125,,0,0,0,1,1,0,1,2022-02-22 11:40:00+05:30,2022-02-22 11:45:00+05:30,2022-02-22 12:45:00+05:30,35.96,35.72785714285715,36.377857142857145,-0.2321,L
S250,PNB,2022-02-22 12:15:00+05:30,-0.0627,0.0,0,,1.0,50.0,-1.0,0,0.8787,1.0,3,0,0,0,0,3,4,2022-02-22 12:30:00+05:30,2022-02-22 12:35:00+05:30,2022-02-22 15:00:00+05:30,35.86,35.61,36.31,0.34,EOD+
S251,PNB,2022-02-22 12:55:00+05:30,-0.1115,-0.0348,0,,1.4048,44.44,-1.0,0,0.8928,1.0,3,0,0,1,0,3,4,2022-02-22 13:10:00+05:30,2022-02-22 13:15:00+05:30,2022-02-22 15:00:00+05:30,35.86,35.597500000000004,36.332499999999996,0.34,EOD+
S252,PNB,2022-02-22 13:20:00+05:30,-0.0977,-0.1395,0,,0.2333,0.0,1.2222,0,0.4726,,0,0,0,1,1,0,1,2022-02-22 13:20:00+05:30,2022-02-22 13:25:00+05:30,2022-02-22 14:15:00+05:30,35.81,35.56892857142858,36.24392857142857,0.4339,W
S253,PNB,2022-02-22 13:35:00+05:30,-0.0488,-0.0977,0,,0.7054,0.0,-0.2308,0,1.5183,1.0,3,1,0,1,0,3,4,2022-02-22 13:50:00+05:30,2022-02-22 13:55:00+05:30,2022-02-22 14:15:00+05:30,35.81,35.57964285714286,36.22464285714286,0.4146,W
S254,PNB,2022-02-23 09:15:00+05:30,,,0,,0.0843,100.0,-1.0,0,2.47,,0,1,0,0,1,0,1,2022-02-23 09:15:00+05:30,2022-02-23 09:20:00+05:30,2022-02-23 15:00:00+05:30,36.44,36.05428571428571,37.13428571428571,0.0,EOD-
S255,PNB,2022-02-23 10:15:00+05:30,0.2335,0.2476,11,10.0,0.0245,35.71,21.5,0,1.0678,,0,0,0,0,1,0,1,2022-02-23 10:15:00+05:30,2022-02-23 10:20:00+05:30,2022-02-23 15:00:00+05:30,36.49,36.08107142857143,37.22607142857144,-0.05,EOD-
S256,PNB,2022-02-23 11:50:00+05:30,0.1525,0.1976,18,4.0,0.2541,100.0,-1.0,0,0.1814,0.0,1,0,0,1,0,1,2,2022-02-23 11:55:00+05:30,2022-02-23 12:00:00+05:30,2022-02-23 13:35:00+05:30,36.74,36.479285714285716,37.20928571428572,-0.2607,L
S257,PNB,2022-02-23 12:05:00+05:30,0.1402,0.1525,0,,0.6089,44.44,-0.0654,0,0.5602,,0,0,0,1,1,0,1,2022-02-23 12:05:00+05:30,2022-02-23 12:10:00+05:30,2022-02-23 12:40:00+05:30,36.74,36.520357142857144,37.135357142857146,-0.2196,L
S258,PNB,2022-02-25 10:50:00+05:30,2.457,2.1333,19,13.0,0.2058,65.52,1.0619,0,0.4981,,0,0,0,0,1,0,1,2022-02-25 10:50:00+05:30,2022-02-25 10:55:00+05:30,2022-02-25 12:05:00+05:30,34.45,33.86071428571429,35.51071428571429,-0.5893,L
S259,PNB,2022-02-25 11:15:00+05:30,0.367,1.6732,4,1.0,0.1335,52.63,0.6327,0,0.7444,,0,0,0,0,1,0,1,2022-02-25 11:15:00+05:30,2022-02-25 11:20:00+05:30,2022-02-25 12:05:00+05:30,34.35,33.89107142857143,35.17607142857143,-0.4589,L
S260,PNB,2022-02-25 11:25:00+05:30,0.1617,0.8274,0,,0.3938,37.5,-1.0,0,0.857,,0,0,0,0,1,0,1,2022-02-25 11:25:00+05:30,2022-02-25 11:30:00+05:30,2022-02-25 12:05:00+05:30,34.35,33.892857142857146,35.17285714285715,-0.4571,L
S261,PNB,2022-02-25 12:35:00+05:30,-0.3486,-0.3611,0,,2.0356,50.0,-1.0,0,0.813,0.0,3,1,1,0,0,3,4,2022-02-25 12:50:00+05:30,2022-02-25 12:55:00+05:30,2022-02-25 13:55:00+05:30,34.16,33.71357142857143,34.96357142857142,-0.4464,L
S262,PNB,2022-02-28 09:25:00+05:30,,,0,,1.7511,100.0,-1.0,0,0.924,0.0,3,0,0,0,0,3,4,2022-02-28 09:40:00+05:30,2022-02-28 09:45:00+05:30,2022-02-28 15:00:00+05:30,33.77,33.20392857142858,34.78892857142858,0.1,EOD+
S263,PNB,2022-02-28 10:15:00+05:30,-0.0637,-0.0281,0,,0.9346,33.33,-0.7992,0,0.3481,1.0,3,1,1,1,0,3,4,2022-02-28 10:30:00+05:30,2022-02-28 10:35:00+05:30,2022-02-28 15:00:00+05:30,33.77,33.10392857142857,34.968928571428584,0.1,EOD+
S264,PNB,2022-02-28 11:15:00+05:30,0.2282,0.0074,8,3.0,0.4907,60.0,-0.3333,0,0.5752,0.0,1,0,0,1,0,1,2,2022-02-28 11:20:00+05:30,2022-02-28 11:25:00+05:30,2022-02-28 15:00:00+05:30,33.82,33.43785714285714,34.50785714285714,0.05,EOD+
S265,PNB,2022-02-28 11:30:00+05:30,0.1214,0.2282,1,1.0,0.31,0.0,0.1236,0,0.9393,,0,0,0,1,1,0,1,2022-02-28 11:30:00+05:30,2022-02-28 11:35:00+05:30,2022-02-28 15:00:00+05:30,33.77,33.41107142857143,34.41607142857143,0.1,EOD+
S266,PNB,2022-02-28 11:40:00+05:30,0.0504,0.1585,0,,1.2369,0.0,-1.0,0,1.2006,1.0,2,1,0,1,0,2,3,2022-02-28 11:50:00+05:30,2022-02-28 11:55:00+05:30,2022-02-28 15:00:00+05:30,33.87,33.50214285714286,34.53214285714285,0.0,EOD-
S267,PNB,2022-02-28 12:15:00+05:30,0.2156,0.1921,4,3.0,0.2364,0.0,0.2821,0,0.7681,,0,0,0,1,1,0,1,2022-02-28 12:15:00+05:30,2022-02-28 12:20:00+05:30,2022-02-28 15:00:00+05:30,33.82,33.4075,34.5625,0.05,EOD+
S268,PNB,2022-02-28 12:25:00+05:30,0.065,0.2584,0,,0.5408,100.0,-1.0,0,0.6044,,0,1,0,0,1,0,1,2022-02-28 12:25:00+05:30,2022-02-28 12:30:00+05:30,2022-02-28 15:00:00+05:30,33.82,33.44321428571429,34.49821428571428,0.05,EOD+
S269,PNB,2022-02-28 12:50:00+05:30,-0.1094,-0.0222,0,,1.2014,0.0,-0.7832,0,0.8134,1.0,3,0,1,1,0,3,4,2022-02-28 13:05:00+05:30,2022-02-28 13:10:00+05:30,2022-02-28 14:05:00+05:30,33.92,33.53607142857143,34.61107142857143,-0.3839,L
S270,PNB,2022-02-28 13:15:00+05:30,0.0355,-0.102,0,,0.423,50.0,-1.0,0,1.2683,1.0,2,0,0,1,0,2,3,2022-02-28 13:25:00+05:30,2022-02-28 13:30:00+05:30,2022-02-28 14:05:00+05:30,33.92,33.58607142857144,34.521071428571425,-0.3339,L
S271,PNB,2022-03-02 09:15:00+05:30,,,0,,2.206,100.0,-1.0,0,2.0572,,0,1,0,0,1,0,1,2022-03-02 09:15:00+05:30,2022-03-02 09:20:00+05:30,2022-03-02 15:00:00+05:30,33.77,33.38071428571429,34.47071428571429,0.29,EOD+
S272,PNB,2022-03-02 09:50:00+05:30,0.2568,,5,3.0,0.3222,0.0,0.7241,0,0.34,,0,0,0,1,1,0,1,2022-03-02 09:50:00+05:30,2022-03-02 09:55:00+05:30,2022-03-02 15:00:00+05:30,33.92,33.47,34.730000000000004,0.14,EOD+
S273,PNB,2022-03-02 10:00:00+05:30,0.1741,0.2569,0,,0.9611,33.33,-0.422,0,0.5197,0.0,2,1,0,1,0,2,3,2022-03-02 10:10:00+05:30,2022-03-02 10:15:00+05:30,2022-03-02 15:00:00+05:30,33.92,33.47,34.730000000000004,0.14,EOD+
S274,PNB,2022-03-02 10:30:00+05:30,0.1223,0.1459,2,2.0,0.487,64.29,-0.3056,0,0.1401,0.0,1,0,0,1,0,1,2,2022-03-02 10:35:00+05:30,2022-03-02 10:40:00+05:30,2022-03-02 15:00:00+05:30,33.92,33.550357142857145,34.58535714285714,0.14,EOD+
S275,PNB,2022-03-02 10:45:00+05:30,-0.0059,0.1223,0,,0.4797,35.71,-1.0,0,1.0462,1.0,1,0,0,0,0,1,2,2022-03-02 10:50:00+05:30,2022-03-02 10:55:00+05:30,2022-03-02 12:45:00+05:30,34.06,33.70821428571429,34.69321428571429,-0.3518,L
S276,PNB,2022-03-02 11:10:00+05:30,0.0986,0.0295,3,2.0,0.0073,55.56,39.0,0,0.6239,,0,1,0,1,1,0,1,2022-03-02 11:10:00+05:30,2022-03-02 11:15:00+05:30,2022-03-02 15:00:00+05:30,34.01,33.668928571428566,34.62392857142857,0.05,EOD+
S277,PNB,2022-03-02 11:35:00+05:30,0.1778,0.128,4,3.0,0.144,33.33,1.3256,0,1.2033,,0,0,0,0,1,0,1,2022-03-02 11:35:00+05:30,2022-03-02 11:40:00+05:30,2022-03-02 12:45:00+05:30,34.06,33.68678571428571,34.73178571428572,-0.3732,L
S278,PNB,2022-03-02 11:45:00+05:30,0.1762,0.1499,0,,0.3107,100.0,-1.0,0,0.5457,,0,0,0,0,1,0,1,2022-03-02 11:45:00+05:30,2022-03-02 11:50:00+05:30,2022-03-02 12:35:00+05:30,34.11,33.74392857142857,34.768928571428575,-0.3661,L
S279,PNB,2022-03-02 11:55:00+05:30,0.1116,0.1836,0,,0.3376,50.0,-1.0,0,0.8963,,0,0,0,1,1,0,1,2022-03-02 11:55:00+05:30,2022-03-02 12:00:00+05:30,2022-03-02 15:00:00+05:30,34.01,33.65821428571428,34.64321428571429,0.05,EOD+
S280,PNB,2022-03-02 12:45:00+05:30,-0.1706,-0.0499,0,,3.0667,50.0,-0.8447,0,1.5648,1.0,3,0,0,0,0,3,4,2022-03-02 13:00:00+05:30,2022-03-02 13:05:00+05:30,2022-03-02 15:00:00+05:30,34.01,33.747499999999995,34.4825,0.05,EOD+
S281,PNB,2022-03-03 10:05:00+05:30,0.4454,0.4319,10,10.0,0.0615,33.33,3.1667,0,0.4442,,0,1,1,1,1,0,1,2022-03-03 10:05:00+05:30,2022-03-03 10:10:00+05:30,2022-03-03 13:20:00+05:30,34.55,34.0625,35.427499999999995,-0.4875,L
S282,PNB,2022-03-03 10:20:00+05:30,0.4297,0.4454,2,1.0,0.3034,0.0,1.6316,0,0.5855,,0,0,0,0,1,0,1,2022-03-03 10:20:00+05:30,2022-03-03 10:25:00+05:30,2022-03-03 13:00:00+05:30,34.6,34.13035714285714,35.44535714285714,-0.4696,L
S283,PNB,2022-03-03 11:00:00+05:30,-0.1418,0.1402,0,,2.0353,78.95,-0.841,0,0.3696,0.0,3,1,0,1,0,3,4,2022-03-03 11:15:00+05:30,2022-03-03 11:20:00+05:30,2022-03-03 12:20:00+05:30,34.6,34.291071428571435,35.15607142857143,-0.3089,L
S284,PNB,2022-03-03 11:40:00+05:30,0.0072,-0.0478,4,4.0,0.4132,0.0,0.1765,0,0.6356,,0,0,0,0,1,0,1,2022-03-03 11:40:00+05:30,2022-03-03 11:45:00+05:30,2022-03-03 12:30:00+05:30,34.5,34.24285714285715,34.96285714285714,-0.2571,L
S285,PNB,2022-03-03 11:50:00+05:30,-0.0145,0.0145,0,,0.4516,0.0,0.25,0,0.19,,0,0,0,1,1,0,1,2022-03-03 11:50:00+05:30,2022-03-03 11:55:00+05:30,2022-03-03 12:20:00+05:30,34.5,34.27857142857143,34.89857142857142,-0.2214,L
S286,PNB,2022-03-03 13:30:00+05:30,-0.3195,-0.313,0,,2.5667,79.17,-1.0,0,1.8006,0.0,3,1,0,0,0,3,4,2022-03-03 13:45:00+05:30,2022-03-03 13:50:00+05:30,2022-03-03 14:15:00+05:30,34.26,33.96535714285714,34.79035714285715,-0.2946,L
S287,PNB,2022-03-03 13:55:00+05:30,-0.1461,-0.2759,0,,0.0989,50.0,3.0,0,0.7559,,0,0,0,1,1,0,1,2022-03-03 13:55:00+05:30,2022-03-03 14:00:00+05:30,2022-03-03 14:15:00+05:30,34.26,33.943928571428565,34.82892857142858,-0.3161,L
S288,PNB,2022-03-04 10:30:00+05:30,-0.2712,-0.206,0,,2.0402,44.44,-1.0,0,0.8394,1.0,3,0,0,0,0,3,4,2022-03-04 10:45:00+05:30,2022-03-04 10:50:00+05:30,2022-03-04 15:00:00+05:30,33.82,33.46464285714286,34.45964285714285,-0.05,EOD-
S289,PNB,2022-03-04 11:15:00+05:30,-0.1465,-0.1729,0,,1.3028,55.56,-0.7612,0,1.3459,1.0,3,0,0,0,0,3,4,2022-03-04 11:30:00+05:30,2022-03-04 11:35:00+05:30,2022-03-04 13:30:00+05:30,33.82,33.49857142857143,34.39857142857142,0.5786,W
S290,PNB,2022-03-04 11:40:00+05:30,-0.1244,-0.1895,0,,0.63,33.33,-0.4152,0,0.8084,,0,1,0,0,1,0,1,2022-03-04 11:40:00+05:30,2022-03-04 11:45:00+05:30,2022-03-04 13:30:00+05:30,33.77,33.430714285714295,34.380714285714284,0.6107,W
S291,PNB,2022-03-04 11:50:00+05:30,-0.0741,-0.1392,0,,0.2359,0.0,2.2787,0,0.4925,,0,0,0,1,1,0,1,2022-03-04 11:50:00+05:30,2022-03-04 11:55:00+05:30,2022-03-04 15:00:00+05:30,33.82,33.496785714285714,34.40178571428571,-0.05,EOD-
S292,PNB,2022-03-04 12:00:00+05:30,-0.0222,-0.1096,0,,0.2906,100.0,-1.0,0,2.1738,1.0,1,0,0,0,0,1,2,2022-03-04 12:05:00+05:30,2022-03-04 12:10:00+05:30,2022-03-04 13:25:00+05:30,33.77,33.46464285714286,34.31964285714286,0.5496,W
S293,PNB,2022-03-04 12:15:00+05:30,0.0429,-0.0222,0,,0.3889,0.0,-1.0,0,1.1134,1.0,3,1,0,1,0,3,4,2022-03-04 12:30:00+05:30,2022-03-04 12:35:00+05:30,2022-03-04 13:25:00+05:30,33.77,33.48071428571429,34.29071428571429,0.5207,W
S294,PNB,2022-03-04 14:00:00+05:30,0.3516,0.3523,16,6.0,0.175,33.33,1.0833,0,0.7356,,0,0,0,1,1,0,1,2022-03-04 14:00:00+05:30,2022-03-04 14:05:00+05:30,2022-03-04 14:35:00+05:30,34.11,33.76714285714286,34.72714285714285,-0.3429,L
S295,PNB,2022-03-07 10:25:00+05:30,-0.7718,-0.8816,0,,0.729,0.0,-0.7159,0,0.3227,0.0,3,1,0,1,0,3,4,2022-03-07 10:40:00+05:30,2022-03-07 10:45:00+05:30,2022-03-07 15:00:00+05:30,32.9,32.29642857142857,33.986428571428576,0.29,EOD+
S296,PNB,2022-03-08 10:40:00+05:30,0.4977,0.6076,17,3.0,0.1378,0.0,2.5294,0,0.9148,,0,0,0,0,1,0,1,2022-03-08 10:40:00+05:30,2022-03-08 10:45:00+05:30,2022-03-08 11:00:00+05:30,33.72,33.2575,34.5525,-0.4625,L
S297,PNB,2022-03-08 12:00:00+05:30,-0.4274,-0.2758,0,,1.6333,28.57,-0.7696,0,0.9694,1.0,3,1,1,0,0,3,4,2022-03-08 12:15:00+05:30,2022-03-08 12:20:00+05:30,2022-03-08 13:25:00+05:30,33.43,33.097857142857144,34.027857142857144,-0.3321,L
S298,PNB,2022-03-08 12:30:00+05:30,-0.2279,-0.4165,2,2.0,0.1392,66.67,1.9412,0,0.9099,,0,0,0,1,1,0,1,2022-03-08 12:30:00+05:30,2022-03-08 12:35:00+05:30,2022-03-08 13:25:00+05:30,33.38,33.07464285714286,33.92964285714286,-0.3054,L
S299,PNB,2022-03-08 12:55:00+05:30,-0.0465,-0.087,0,,0.7535,0.0,-0.4536,0,1.578,1.0,3,0,0,0,0,3,4,2022-03-08 13:10:00+05:30,2022-03-08 13:15:00+05:30,2022-03-08 13:25:00+05:30,33.33,33.026428571428575,33.87642857142857,-0.3036,L
S300,PNB,2022-03-08 13:25:00+05:30,-0.0796,-0.0615,0,,2.3183,75.0,-1.0,0,0.8614,0.0,3,1,0,1,0,3,4,2022-03-08 13:40:00+05:30,2022-03-08 13:45:00+05:30,2022-03-08 14:50:00+05:30,33.33,32.99785714285714,33.927857142857135,0.5979,W
S301,PNB,2022-03-09 10:30:00+05:30,0.169,0.2853,15,15.0,0.3944,35.71,-0.2793,0,1.6176,1.0,1,1,0,0,0,1,2,2022-03-09 10:35:00+05:30,2022-03-09 10:40:00+05:30,2022-03-09 15:00:00+05:30,34.11,33.75821428571429,34.74321428571428,0.44,EOD+
S302,PNB,2022-03-09 11:05:00+05:30,0.1364,0.1497,5,1.0,0.2549,100.0,-1.0,0,0.6347,0.0,2,0,0,1,0,2,3,2022-03-09 11:15:00+05:30,2022-03-09 11:20:00+05:30,2022-03-09 14:30:00+05:30,34.06,33.751071428571436,34.61607142857142,0.5561,W
S303,PNB,2022-03-09 11:25:00+05:30,0.0279,0.0939,0,,0.7792,0.0,-0.435,0,1.0242,1.0,1,0,0,0,0,1,2,2022-03-09 11:30:00+05:30,2022-03-09 11:35:00+05:30,2022-03-09 12:30:00+05:30,34.06,33.776071428571434,34.57107142857143,0.5111,W
S304,PNB,2022-03-09 11:40:00+05:30,0.0396,0.0279,0,,0.429,50.0,-1.0,0,0.7479,1.0,3,0,0,1,0,3,4,2022-03-09 11:55:00+05:30,2022-03-09 12:00:00+05:30,2022-03-09 14:30:00+05:30,34.11,33.833214285714284,34.60821428571428,0.4982,W
S305,PNB,2022-03-09 12:05:00+05:30,-0.0073,0.0337,0,,0.4345,0.0,-1.0,0,0.8318,1.0,2,0,0,0,0,2,3,2022-03-09 12:15:00+05:30,2022-03-09 12:20:00+05:30,2022-03-09 15:00:00+05:30,34.21,33.95107142857143,34.67607142857142,0.34,EOD+
S306,PNB,2022-03-09 13:25:00+05:30,0.213,0.187,13,11.0,0.1134,28.57,2.4483,0,0.4169,,0,1,0,1,1,0,1,2022-03-09 13:25:00+05:30,2022-03-09 13:30:00+05:30,2022-03-09 15:00:00+05:30,34.31,33.99035714285715,34.885357142857146,0.24,EOD+
S307,PNB,2022-03-09 13:35:00+05:30,0.2055,0.2203,0,,0.3053,41.67,1.1951,0,0.9486,,0,0,0,0,1,0,1,2022-03-09 13:35:00+05:30,2022-03-09 13:40:00+05:30,2022-03-09 15:00:00+05:30,34.45,34.11428571428572,35.05428571428571,0.1,EOD+
S308,PNB,2022-03-10 10:45:00+05:30,0.6158,0.7567,18,6.0,0.1987,33.33,0.4925,0,0.4647,,0,1,1,0,1,0,1,2022-03-10 10:45:00+05:30,2022-03-10 10:50:00+05:30,2022-03-10 13:40:00+05:30,35.52,35.09857142857143,36.27857142857143,-0.4214,L
S309,PNB,2022-03-10 10:55:00+05:30,0.4992,0.6843,1,1.0,0.2738,50.0,0.2658,0,0.3858,,0,0,0,0,1,0,1,2022-03-10 10:55:00+05:30,2022-03-10 11:00:00+05:30,2022-03-10 13:40:00+05:30,35.47,35.10928571428571,36.119285714285716,-0.3607,L
S310,PNB,2022-03-10 11:40:00+05:30,-0.0014,0.1351,0,,1.4052,50.0,-0.6283,0,5.0905,1.0,3,0,0,0,0,3,4,2022-03-10 11:55:00+05:30,2022-03-10 12:00:00+05:30,2022-03-10 12:15:00+05:30,35.62,35.38071428571428,36.05071428571429,-0.2393,L
S311,PNB,2022-03-10 12:05:00+05:30,-0.1255,-0.0986,1,1.0,0.3522,33.33,0.25,0,0.7006,,0,0,0,0,1,0,1,2022-03-10 12:05:00+05:30,2022-03-10 12:10:00+05:30,2022-03-10 12:55:00+05:30,35.47,35.186071428571424,35.98107142857143,-0.2839,L
S312,PNB,2022-03-10 12:15:00+05:30,-0.0832,-0.1255,0,,0.7264,50.0,-0.3939,0,0.5371,0.0,2,0,0,1,0,2,3,2022-03-10 12:25:00+05:30,2022-03-10 12:30:00+05:30,2022-03-10 13:40:00+05:30,35.42,35.13607142857143,35.931071428571435,-0.2839,L
S313,PNB,2022-03-10 14:00:00+05:30,-0.342,-0.2181,0,,2.8737,26.32,-0.8718,0,3.6218,1.0,3,0,0,0,0,3,4,2022-03-10 14:15:00+05:30,2022-03-10 14:20:00+05:30,2022-03-10 15:00:00+05:30,35.18,34.840714285714284,35.79071428571429,-0.15,EOD-
S314,PNB,2022-03-11 09:15:00+05:30,,,0,,2.2324,63.16,-0.6311,0,1.7526,,0,1,0,0,1,0,1,2022-03-11 09:15:00+05:30,2022-03-11 09:20:00+05:30,2022-03-11 15:00:00+05:30,34.99,34.565000000000005,35.754999999999995,0.24,EOD+
S315,PNB,2022-03-11 09:25:00+05:30,,,0,,0.0918,50.0,2.125,0,0.6437,,0,0,0,1,1,0,1,2022-03-11 09:25:00+05:30,2022-03-11 09:30:00+05:30,2022-03-11 15:00:00+05:30,35.13,34.69428571428572,35.91428571428572,0.1,EOD+
S316,PNB,2022-03-11 10:50:00+05:30,-0.0114,-0.0742,0,,1.645,0.0,-0.5272,0,1.3778,1.0,3,0,1,0,0,3,4,2022-03-11 11:05:00+05:30,2022-03-11 11:10:00+05:30,2022-03-11 15:00:00+05:30,35.13,34.80857142857143,35.708571428571425,0.1,EOD+
S317,PNB,2022-03-11 11:15:00+05:30,-0.0557,0.0157,0,,0.294,0.0,-0.0476,0,1.1639,1.0,1,1,0,0,0,1,2,2022-03-11 11:20:00+05:30,2022-03-11 11:25:00+05:30,2022-03-11 15:00:00+05:30,35.13,34.77285714285715,35.77285714285714,0.1,EOD+
S318,PNB,2022-03-11 12:15:00+05:30,0.1154,0.0884,10,6.0,0.0173,100.0,-1.0,0,0.6255,,0,1,0,0,1,0,1,2022-03-11 12:15:00+05:30,2022-03-11 12:20:00+05:30,2022-03-11 15:00:00+05:30,35.13,34.840714285714284,35.65071428571429,0.1,EOD+
S319,PNB,2022-03-11 12:25:00+05:30,0.1367,0.1012,0,,0.2364,50.0,0.9231,0,0.6094,,0,1,0,0,1,0,1,2022-03-11 12:25:00+05:30,2022-03-11 12:30:00+05:30,2022-03-11 15:00:00+05:30,35.08,34.80499999999999,35.575,0.15,EOD+
S320,PNB,2022-03-11 12:35:00+05:30,0.1708,0.1368,0,,0.0,100.0,,1,1.2235,,0,0,0,0,1,0,1,2022-03-11 12:35:00+05:30,2022-03-11 12:40:00+05:30,2022-03-11 15:00:00+05:30,35.18,34.912142857142854,35.66214285714286,0.05,EOD+
S321,PNB,2022-03-11 12:45:00+05:30,0.138,0.1637,0,,0.14,0.0,5.6667,0,0.6218,,0,0,0,1,1,0,1,2022-03-11 12:45:00+05:30,2022-03-11 12:50:00+05:30,2022-03-11 15:00:00+05:30,35.18,34.91214285714286,35.662142857142854,0.05,EOD+
S322,PNB,2022-03-11 12:55:00+05:30,0.1124,0.158,0,,0.7483,50.0,-0.3548,0,0.8922,,0,0,0,1,1,0,1,2022-03-11 12:55:00+05:30,2022-03-11 13:00:00+05:30,2022-03-11 15:00:00+05:30,35.13,34.87107142857143,35.59607142857143,0.1,EOD+
S323,PNB,2022-03-11 13:50:00+05:30,-0.0142,-0.0356,0,,1.3859,55.56,-0.7288,0,0.9441,1.0,3,0,0,0,0,3,4,2022-03-11 14:05:00+05:30,2022-03-11 14:10:00+05:30,2022-03-11 15:00:00+05:30,35.08,34.81392857142857,35.55892857142857,0.15,EOD+
S324,PNB,2022-03-11 14:15:00+05:30,-0.0427,-0.0427,0,,0.444,100.0,-1.0,0,3.0158,,0,1,0,0,1,0,1,2022-03-11 14:15:00+05:30,2022-03-11 14:20:00+05:30,2022-03-11 15:00:00+05:30,35.18,34.940714285714286,35.61071428571429,0.05,EOD+
S325,PNB,2022-03-11 14:30:00+05:30,0.0427,-0.0427,2,1.0,0.1182,25.0,11.0,0,1.5574,,0,0,0,0,1,0,1,2022-03-11 14:30:00+05:30,2022-03-11 14:35:00+05:30,2022-03-11 15:00:00+05:30,35.28,35.01571428571429,35.755714285714284,-0.05,EOD-
S326,PNB,2022-03-14 09:15:00+05:30,,,0,,0.3253,20.83,0.2658,0,1.7201,,0,0,1,1,1,0,1,2022-03-14 09:15:00+05:30,2022-03-14 09:20:00+05:30,2022-03-14 09:35:00+05:30,35.28,34.97642857142857,35.82642857142857,-0.3036,L
S327,PNB,2022-03-14 11:20:00+05:30,-0.0529,-0.1645,0,,0.6539,0.0,-1.0,0,0.5052,1.0,3,0,0,1,0,3,4,2022-03-14 11:35:00+05:30,2022-03-14 11:40:00+05:30,2022-03-14 14:45:00+05:30,34.99,34.71857142857144,35.47857142857143,0.4886,W
S328,PNB,2022-03-14 11:45:00+05:30,-0.0401,-0.0329,0,,0.5783,0.0,0.7544,0,3.3554,,0,0,0,0,1,0,1,2022-03-14 11:45:00+05:30,2022-03-14 11:50:00+05:30,2022-03-14 14:45:00+05:30,34.94,34.693571428571424,35.38357142857143,0.4436,W
S329,PNB,2022-03-14 11:55:00+05:30,-0.0114,-0.0401,0,,0.0761,55.56,-1.0,0,0.6456,,0,0,0,1,1,0,1,2022-03-14 11:55:00+05:30,2022-03-14 12:00:00+05:30,2022-03-14 14:45:00+05:30,34.99,34.74357142857143,35.43357142857143,0.4436,W
S330,PNB,2022-03-14 12:05:00+05:30,0.0229,-0.0386,0,,0.1591,0.0,2.3333,0,0.4771,,0,0,0,1,1,0,1,2022-03-14 12:05:00+05:30,2022-03-14 12:10:00+05:30,2022-03-14 14:45:00+05:30,34.99,34.754285714285714,35.41428571428572,0.4243,W
S331,PNB,2022-03-14 12:15:00+05:30,0.0072,0.0086,0,,1.1402,100.0,-1.0,0,0.9356,0.0,2,0,0,0,0,2,3,2022-03-14 12:25:00+05:30,2022-03-14 12:30:00+05:30,2022-03-14 14:45:00+05:30,34.99,34.754285714285714,35.41428571428572,0.4243,W
S332,PNB,2022-03-14 12:35:00+05:30,-0.0358,-0.0215,0,,0.0265,100.0,-1.0,0,0.8708,1.0,1,0,0,0,0,1,2,2022-03-14 12:40:00+05:30,2022-03-14 12:45:00+05:30,2022-03-14 14:45:00+05:30,34.99,34.754285714285714,35.414285714285725,0.4243,W
S333,PNB,2022-03-14 12:50:00+05:30,0.0286,-0.0358,0,,0.1434,0.0,3.0,0,0.1692,,0,0,0,1,1,0,1,2022-03-14 12:50:00+05:30,2022-03-14 12:55:00+05:30,2022-03-14 14:40:00+05:30,34.94,34.72214285714285,35.33214285714286,0.3921,W
S334,PNB,2022-03-14 13:20:00+05:30,-0.0358,0.0286,0,,1.3667,100.0,-1.0,0,2.2099,1.0,3,0,0,0,0,3,4,2022-03-14 13:35:00+05:30,2022-03-14 13:40:00+05:30,2022-03-14 14:20:00+05:30,34.89,34.7025,35.227500000000006,0.3375,W
S335,PNB,2022-03-14 13:45:00+05:30,-0.0429,-0.0644,0,,0.4817,71.43,-1.0,0,2.4715,,0,0,0,0,1,0,1,2022-03-14 13:45:00+05:30,2022-03-14 13:50:00+05:30,2022-03-14 14:40:00+05:30,34.94,34.74535714285714,35.29035714285714,0.3504,W
S336,PNB,2022-03-14 13:55:00+05:30,0.0272,-0.0573,1,1.0,0.023,28.57,24.0,0,2.0323,,0,0,0,0,1,0,1,2022-03-14 13:55:00+05:30,2022-03-14 14:00:00+05:30,2022-03-14 14:45:00+05:30,35.03,34.81214285714286,35.42214285714286,0.3921,W
S337,PNB,2022-03-15 09:40:00+05:30,0.4589,,5,5.0,0.0354,73.68,-1.0,0,0.887,,0,0,0,0,1,0,1,2022-03-15 09:40:00+05:30,2022-03-15 09:45:00+05:30,2022-03-15 13:15:00+05:30,35.76,35.26535714285714,36.650357142857146,-0.4946,L
S338,PNB,2022-03-15 09:50:00+05:30,0.37,,1,1.0,0.0198,28.57,13.2857,0,0.4256,,0,0,0,0,1,0,1,2022-03-15 09:50:00+05:30,2022-03-15 09:55:00+05:30,2022-03-15 13:15:00+05:30,35.72,35.278928571428565,36.51392857142858,-0.4411,L
S339,PNB,2022-03-15 10:00:00+05:30,0.3541,0.4179,0,,0.0261,35.71,7.8889,0,0.3932,,0,0,1,0,1,0,1,2022-03-15 10:00:00+05:30,2022-03-15 10:05:00+05:30,2022-03-15 12:35:00+05:30,35.86,35.42964285714285,36.63464285714286,-0.4304,L
S340,PNB,2022-03-15 10:15:00+05:30,0.2433,0.3541,2,2.0,0.0031,0.0,99.0,0,0.6058,,0,1,1,0,1,0,1,2022-03-15 10:15:00+05:30,2022-03-15 10:20:00+05:30,2022-03-15 12:35:00+05:30,35.86,35.45285714285714,36.59285714285714,-0.4071,L
S341,PNB,2022-03-15 11:05:00+05:30,0.1101,0.1911,9,6.0,0.035,0.0,11.5,0,0.4348,,0,0,0,0,1,0,1,2022-03-15 11:05:00+05:30,2022-03-15 11:10:00+05:30,2022-03-15 12:15:00+05:30,35.91,35.624285714285705,36.424285714285716,-0.2857,L
S342,PNB,2022-03-17 10:10:00+05:30,0.1508,0.1381,11,11.0,0.0675,50.0,4.2632,0,1.9201,,0,0,0,0,1,0,1,2022-03-17 10:10:00+05:30,2022-03-17 10:15:00+05:30,2022-03-17 15:00:00+05:30,35.18,34.82821428571429,35.81321428571428,-0.1,EOD-
S343,PNB,2022-03-17 11:35:00+05:30,-0.1069,-0.0925,0,,0.6783,100.0,-1.0,0,0.1535,0.0,3,0,0,1,0,3,4,2022-03-17 11:50:00+05:30,2022-03-17 11:55:00+05:30,2022-03-17 15:00:00+05:30,35.03,34.79964285714286,35.44464285714286,0.05,EOD+
S344,PNB,2022-03-17 13:05:00+05:30,-0.0585,-0.0542,0,,0.9375,0.0,-0.3333,0,1.4361,1.0,3,0,0,0,0,3,4,2022-03-17 13:20:00+05:30,2022-03-17 13:25:00+05:30,2022-03-17 15:00:00+05:30,35.03,34.83,35.390000000000015,0.05,EOD+
S345,PNB,2022-03-17 13:30:00+05:30,-0.0514,-0.05,0,,0.7189,0.0,-1.0,0,2.0645,1.0,3,1,0,1,0,3,4,2022-03-17 13:45:00+05:30,2022-03-17 13:50:00+05:30,2022-03-17 15:00:00+05:30,34.99,34.79178571428571,35.34678571428573,0.09,EOD+
S346,PNB,2022-03-17 14:10:00+05:30,0.0457,0.02,3,3.0,0.2372,55.56,0.9512,0,2.2719,,0,1,1,0,1,0,1,2022-03-17 14:10:00+05:30,2022-03-17 14:15:00+05:30,2022-03-17 15:00:00+05:30,35.08,34.863928571428566,35.46892857142858,0.0,EOD-
S347,PNB,2022-03-21 09:55:00+05:30,-0.1216,-0.1215,0,,1.2808,0.0,-0.3994,0,0.6011,0.0,3,0,0,0,0,3,4,2022-03-21 10:10:00+05:30,2022-03-21 10:15:00+05:30,2022-03-21 15:00:00+05:30,34.94,34.615,35.525,-0.1,EOD-
S348,PNB,2022-03-21 10:25:00+05:30,-0.1289,-0.1002,0,,1.5353,0.0,-0.696,0,2.1026,1.0,3,0,0,0,0,3,4,2022-03-21 10:40:00+05:30,2022-03-21 10:45:00+05:30,2022-03-21 15:00:00+05:30,34.99,34.72214285714286,35.47214285714285,-0.15,EOD-
S349,PNB,2022-03-21 11:30:00+05:30,0.0958,0.0873,9,6.0,0.1461,44.44,3.1667,0,1.1408,,0,0,0,0,1,0,1,2022-03-21 11:30:00+05:30,2022-03-21 11:35:00+05:30,2022-03-21 15:00:00+05:30,34.99,34.78464285714286,35.35964285714286,-0.2054,L
S350,PNB,2022-03-21 12:05:00+05:30,0.0429,0.0215,0,,1.325,100.0,-1.0,0,0.5089,0.0,3,0,0,0,0,3,4,2022-03-21 12:20:00+05:30,2022-03-21 12:25:00+05:30,2022-03-21 12:40:00+05:30,34.94,34.79,35.209999999999994,-0.15,L
S351,PNB,2022-03-21 13:20:00+05:30,-0.1118,-0.1375,0,,1.1565,0.0,-0.4737,0,1.6588,1.0,3,0,0,0,0,3,4,2022-03-21 13:35:00+05:30,2022-03-21 13:40:00+05:30,2022-03-21 15:00:00+05:30,34.94,34.73464285714285,35.30964285714286,-0.1,EOD-
S352,PNB,2022-03-21 13:45:00+05:30,-0.0502,-0.086,0,,0.3348,100.0,-1.0,0,0.1642,0.0,1,0,0,1,0,1,2,2022-03-21 13:50:00+05:30,2022-03-21 13:55:00+05:30,2022-03-21 15:00:00+05:30,34.84,34.63464285714286,35.20964285714287,0.0,EOD-
S353,PNB,2022-03-21 14:00:00+05:30,-0.0287,-0.0502,0,,0.3,50.0,1.2222,0,1.9008,,0,0,0,0,1,0,1,2022-03-21 14:00:00+05:30,2022-03-21 14:05:00+05:30,2022-03-21 15:00:00+05:30,34.89,34.7025,35.2275,-0.05,EOD-
S354,PNB,2022-03-21 14:25:00+05:30,0.0358,-0.0143,4,3.0,0.4153,0.0,0.4286,0,1.2092,,0,0,1,0,1,0,1,2022-03-21 14:25:00+05:30,2022-03-21 14:30:00+05:30,2022-03-21 15:00:00+05:30,34.94,34.729285714285716,35.319285714285705,-0.1,EOD-
S355,PNB,2022-03-22 10:45:00+05:30,-0.2323,-0.3118,0,,0.8619,50.0,-1.0,0,0.4161,0.0,3,0,0,1,0,3,4,2022-03-22 11:00:00+05:30,2022-03-22 11:05:00+05:30,2022-03-22 12:00:00+05:30,34.4,34.160714285714285,34.830714285714286,-0.2393,L
S356,PNB,2022-03-22 11:10:00+05:30,-0.0799,-0.1918,0,,0.0598,0.0,-1.0,0,0.2167,0.0,1,0,0,1,0,1,2,2022-03-22 11:15:00+05:30,2022-03-22 11:20:00+05:30,2022-03-22 12:00:00+05:30,34.4,34.191071428571426,34.776071428571434,-0.2089,L
S357,PNB,2022-03-22 11:25:00+05:30,0.0363,-0.0799,0,,0.2019,100.0,-1.0,0,0.2744,,0,0,0,0,1,0,1,2022-03-22 11:25:00+05:30,2022-03-22 11:30:00+05:30,2022-03-22 11:40:00+05:30,34.45,34.26428571428571,34.78428571428572,-0.1857,L
S358,PNB,2022-03-22 12:25:00+05:30,-0.2113,-0.1383,0,,2.8683,0.0,-1.0,0,1.5258,1.0,3,1,0,1,0,3,4,2022-03-22 12:40:00+05:30,2022-03-22 12:45:00+05:30,2022-03-22 13:30:00+05:30,34.26,34.04035714285714,34.65535714285714,0.3954,W
S359,PNB,2022-03-23 10:30:00+05:30,0.3601,0.3036,15,14.0,0.0174,100.0,-1.0,0,0.2255,,0,0,0,0,1,0,1,2022-03-23 10:30:00+05:30,2022-03-23 10:35:00+05:30,2022-03-23 11:10:00+05:30,35.08,34.792500000000004,35.5975,-0.2875,L
S360,PNB,2022-03-23 12:00:00+05:30,-0.0944,-0.0929,0,,1.7561,0.0,-0.5392,0,1.8502,1.0,3,0,0,0,0,3,4,2022-03-23 12:15:00+05:30,2022-03-23 12:20:00+05:30,2022-03-23 13:55:00+05:30,34.99,34.681071428571435,35.54607142857142,-0.3089,L
S361,PNB,2022-03-23 13:05:00+05:30,0.0601,0.0458,8,8.0,0.2631,0.0,0.7857,0,1.6848,,0,0,0,0,1,0,1,2022-03-23 13:05:00+05:30,2022-03-23 13:10:00+05:30,2022-03-23 13:55:00+05:30,34.94,34.673928571428576,35.41892857142856,-0.2661,L
S362,PNB,2022-03-24 09:15:00+05:30,,,0,,0.3387,35.71,0.3333,0,1.4619,,0,1,0,0,1,0,1,2022-03-24 09:15:00+05:30,2022-03-24 09:20:00+05:30,2022-03-24 15:00:00+05:30,34.65,34.42857142857142,35.04857142857143,0.0,EOD-
S363,PNB,2022-03-24 09:25:00+05:30,,,0,,0.4336,71.43,-0.0361,0,1.1447,,0,0,0,0,1,0,1,2022-03-24 09:25:00+05:30,2022-03-24 09:30:00+05:30,2022-03-24 12:20:00+05:30,34.79,34.550714285714285,35.22071428571429,-0.2393,L
S364,PNB,2022-03-24 09:40:00+05:30,0.0749,,1,1.0,0.1577,50.0,2.125,0,0.5618,,0,1,1,0,1,0,1,2022-03-24 09:40:00+05:30,2022-03-24 09:45:00+05:30,2022-03-24 12:20:00+05:30,34.79,34.536428571428566,35.246428571428574,-0.2536,L
S365,PNB,2022-03-24 10:25:00+05:30,0.125,0.1754,7,6.0,0.0292,0.0,13.2857,0,0.5209,,0,0,0,0,1,0,1,2022-03-24 10:25:00+05:30,2022-03-24 10:30:00+05:30,2022-03-24 12:20:00+05:30,34.84,34.540000000000006,35.38,-0.3,L
S366,PNB,2022-03-24 10:45:00+05:30,0.0761,0.1049,0,,1.1667,33.33,-0.6,0,0.7304,0.0,3,0,0,0,0,3,4,2022-03-24 11:00:00+05:30,2022-03-24 11:05:00+05:30,2022-03-24 12:20:00+05:30,34.84,34.57214285714286,35.322142857142865,-0.2679,L
S367,PNB,2022-03-24 11:10:00+05:30,0.0574,0.0761,0,,0.5478,0.0,0.1111,0,0.2726,,0,0,0,1,1,0,1,2022-03-24 11:10:00+05:30,2022-03-24 11:15:00+05:30,2022-03-24 12:15:00+05:30,34.84,34.63464285714286,35.20964285714287,-0.2054,L
S368,PNB,2022-03-24 13:10:00+05:30,-0.1877,-0.1659,0,,0.8336,0.0,-1.0,0,2.5903,1.0,3,0,0,0,0,3,4,2022-03-24 13:25:00+05:30,2022-03-24 13:30:00+05:30,2022-03-24 15:00:00+05:30,34.74,34.50607142857143,35.16107142857143,-0.09,EOD-
S369,PNB,2022-03-24 13:40:00+05:30,-0.0144,-0.1315,2,2.0,0.1512,0.0,2.7037,0,1.1209,,0,0,1,1,1,0,1,2022-03-24 13:40:00+05:30,2022-03-24 13:45:00+05:30,2022-03-24 15:00:00+05:30,34.69,34.466785714285706,35.09178571428572,-0.04,EOD-
S370,PNB,2022-03-24 13:50:00+05:30,-0.0072,-0.0419,0,,0.0705,100.0,-1.0,0,1.6618,1.0,3,0,1,0,0,3,4,2022-03-24 14:05:00+05:30,2022-03-24 14:10:00+05:30,2022-03-24 15:00:00+05:30,34.69,34.45964285714285,35.10464285714286,-0.04,EOD-
S371,PNB,2022-03-24 14:20:00+05:30,0.0361,-0.0058,2,2.0,0.2396,0.0,1.6316,0,2.1898,,0,1,1,0,1,0,1,2022-03-24 14:20:00+05:30,2022-03-24 14:25:00+05:30,2022-03-24 15:00:00+05:30,34.69,34.49178571428571,35.04678571428571,-0.04,EOD-
S372,PNB,2022-03-25 09:15:00+05:30,,,0,,0.076,26.32,-1.0,0,2.0671,,0,0,0,0,1,0,1,2022-03-25 09:15:00+05:30,2022-03-25 09:20:00+05:30,2022-03-25 14:05:00+05:30,34.6,34.36964285714286,35.01464285714286,-0.2304,L
S373,PNB,2022-03-25 09:25:00+05:30,,,0,,0.1302,44.44,3.1667,0,1.1856,,0,1,0,1,1,0,1,2022-03-25 09:25:00+05:30,2022-03-25 09:30:00+05:30,2022-03-25 13:55:00+05:30,34.65,34.419642857142854,35.06464285714285,-0.2304,L
S374,PNB,2022-03-25 10:05:00+05:30,0.0549,0.0664,6,4.0,0.3414,44.44,0.2658,0,0.9882,,0,0,0,0,1,0,1,2022-03-25 10:05:00+05:30,2022-03-25 10:10:00+05:30,2022-03-25 14:05:00+05:30,34.65,34.36071428571428,35.17071428571429,-0.2893,L
S375,PNB,2022-03-25 10:15:00+05:30,0.0274,0.0606,0,,0.3894,0.0,0.1236,0,0.9631,,0,0,0,0,1,0,1,2022-03-25 10:15:00+05:30,2022-03-25 10:20:00+05:30,2022-03-25 14:05:00+05:30,34.65,34.364285714285714,35.16428571428571,-0.2857,L
S376,PNB,2022-03-25 10:25:00+05:30,0.0418,0.0346,1,1.0,0.5187,0.0,0.7476,0,1.2114,,0,0,0,0,1,0,1,2022-03-25 10:25:00+05:30,2022-03-25 10:30:00+05:30,2022-03-25 13:55:00+05:30,34.65,34.401785714285715,35.09678571428571,-0.2482,L
S377,PNB,2022-03-25 10:35:00+05:30,0.0678,0.0289,0,,0.1682,0.0,1.5806,0,0.7488,,0,0,0,1,1,0,1,2022-03-25 10:35:00+05:30,2022-03-25 10:40:00+05:30,2022-03-25 13:55:00+05:30,34.69,34.45964285714285,35.104642857142856,-0.2304,L
S378,PNB,2022-03-25 10:45:00+05:30,0.0952,0.0548,0,,0.3387,44.44,-1.0,0,0.6637,,0,1,0,1,1,0,1,2022-03-25 10:45:00+05:30,2022-03-25 10:50:00+05:30,2022-03-25 13:55:00+05:30,34.69,34.46857142857142,35.08857142857143,-0.2214,L
S379,PNB,2022-03-25 10:55:00+05:30,0.1095,0.0822,1,1.0,0.0758,100.0,-1.0,0,1.0685,,0,0,0,0,1,0,1,2022-03-25 10:55:00+05:30,2022-03-25 11:00:00+05:30,2022-03-25 13:45:00+05:30,34.74,34.52571428571429,35.12571428571429,-0.2143,L
S380,PNB,2022-03-25 11:05:00+05:30,0.0864,0.1095,0,,0.6033,55.56,-0.2453,0,0.5485,,0,0,0,1,1,0,1,2022-03-25 11:05:00+05:30,2022-03-25 11:10:00+05:30,2022-03-25 13:55:00+05:30,34.69,34.47035714285714,35.08535714285714,-0.2196,L
S381,PNB,2022-03-25 11:15:00+05:30,0.0461,0.0951,0,,0.1808,0.0,-1.0,0,0.8499,1.0,1,0,0,1,0,1,2,2022-03-25 11:20:00+05:30,2022-03-25 11:25:00+05:30,2022-03-25 13:00:00+05:30,34.79,34.575714285714284,35.175714285714285,-0.2143,L
S382,PNB,2022-03-25 11:35:00+05:30,0.0072,0.0331,2,2.0,0.2118,50.0,1.7778,0,0.3027,,0,1,1,1,1,0,1,2022-03-25 11:35:00+05:30,2022-03-25 11:40:00+05:30,2022-03-25 13:00:00+05:30,34.79,34.5775,35.1725,-0.2125,L
S383,PNB,2022-03-25 11:55:00+05:30,0.0878,0.0346,3,3.0,0.5031,0.0,1.1739,0,0.8261,,0,0,0,0,1,0,1,2022-03-25 11:55:00+05:30,2022-03-25 12:00:00+05:30,2022-03-25 13:45:00+05:30,34.74,34.51142857142857,35.15142857142858,-0.2286,L
S384,PNB,2022-03-25 13:10:00+05:30,-0.101,-0.0793,0,,1.6564,0.0,-0.5816,0,0.5679,0.0,3,1,0,1,0,3,4,2022-03-25 13:25:00+05:30,2022-03-25 13:30:00+05:30,2022-03-25 13:55:00+05:30,34.6,34.41964285714286,34.92464285714285,-0.1804,L
S385,PNB,2022-03-28 11:55:00+05:30,-0.1103,-0.0823,0,,1.4805,50.0,-0.5816,0,4.094,1.0,3,1,0,0,0,3,4,2022-03-28 12:10:00+05:30,2022-03-28 12:15:00+05:30,2022-03-28 13:10:00+05:30,34.01,33.808214285714286,34.37321428571428,0.3632,W
S386,PNB,2022-03-29 09:20:00+05:30,,,1,1.0,0.0,50.0,7036874417766.0,0,0.8541,,0,0,0,0,1,0,1,2022-03-29 09:20:00+05:30,2022-03-29 09:25:00+05:30,2022-03-29 11:35:00+05:30,34.69,34.364999999999995,35.275,-0.325,L
S387,PNB,2022-03-29 09:30:00+05:30,,,0,,0.1043,33.33,2.5714,0,1.3661,,0,1,0,1,1,0,1,2022-03-29 09:30:00+05:30,2022-03-29 09:35:00+05:30,2022-03-29 11:35:00+05:30,34.69,34.35428571428571,35.294285714285714,-0.3357,L
S388,PNB,2022-03-29 12:35:00+05:30,-0.1162,-0.1234,0,,0.7259,0.0,-1.0,0,2.3668,1.0,3,0,0,0,0,3,4,2022-03-29 12:50:00+05:30,2022-03-29 12:55:00+05:30,2022-03-29 13:10:00+05:30,34.45,34.20892857142858,34.88392857142857,-0.2411,L
S389,PNB,2022-03-30 10:30:00+05:30,0.2144,0.2263,15,15.0,0.2788,0.0,3.0,0,1.0969,,0,0,0,0,1,0,1,2022-03-30 10:30:00+05:30,2022-03-30 10:35:00+05:30,2022-03-30 13:05:00+05:30,34.35,34.14821428571429,34.71321428571429,-0.2018,L
S390,PNB,2022-03-30 10:40:00+05:30,0.2142,0.2145,0,,0.669,44.44,-0.0741,0,0.7043,,0,0,0,0,1,0,1,2022-03-30 10:40:00+05:30,2022-03-30 10:45:00+05:30,2022-03-30 13:05:00+05:30,34.35,34.14821428571429,34.71321428571429,-0.2018,L
S391,PNB,2022-03-30 11:55:00+05:30,-0.1313,-0.0962,0,,1.8136,100.0,-1.0,0,1.029,1.0,3,0,0,1,0,3,4,2022-03-30 12:10:00+05:30,2022-03-30 12:15:00+05:30,2022-03-30 14:00:00+05:30,34.26,34.10285714285713,34.54285714285715,-0.1571,L
S392,PNB,2022-03-30 12:20:00+05:30,-0.0774,-0.1051,0,,1.2895,100.0,-1.0,0,0.9231,1.0,1,0,0,0,0,1,2,2022-03-30 12:25:00+05:30,2022-03-30 12:30:00+05:30,2022-03-30 14:40:00+05:30,34.21,34.04035714285714,34.515357142857155,-0.1696,L
S393,PNB,2022-03-30 13:00:00+05:30,-0.0731,-0.0584,0,,0.8105,0.0,-0.0909,0,2.0467,1.0,3,1,0,0,0,3,4,2022-03-30 13:15:00+05:30,2022-03-30 13:20:00+05:30,2022-03-30 14:00:00+05:30,34.26,34.09035714285714,34.56535714285715,-0.1696,L
S394,PNB,2022-03-30 13:25:00+05:30,0.0,-0.0658,0,,0.0636,0.0,9.0,0,1.4002,,0,0,0,0,1,0,1,2022-03-30 13:25:00+05:30,2022-03-30 13:30:00+05:30,2022-03-30 14:00:00+05:30,34.26,34.06357142857142,34.61357142857144,-0.1964,L
S395,PNB,2022-03-30 13:35:00+05:30,0.0438,-0.0146,0,,0.1273,100.0,-1.0,0,0.9227,,0,0,0,1,1,0,1,2022-03-30 13:35:00+05:30,2022-03-30 13:40:00+05:30,2022-03-30 14:00:00+05:30,34.26,34.06357142857142,34.61357142857143,-0.1964,L
S396,PNB,2022-03-30 13:45:00+05:30,0.0292,0.0219,0,,0.7292,33.33,-0.2,0,1.7728,,0,0,0,0,1,0,1,2022-03-30 13:45:00+05:30,2022-03-30 13:50:00+05:30,2022-03-30 14:40:00+05:30,34.26,34.045714285714276,34.6457142857143,-0.2143,L
S397,PNB,2022-03-30 14:10:00+05:30,-0.0365,0.0219,0,,0.9032,0.0,-0.5,0,1.6109,1.0,3,0,0,0,0,3,4,2022-03-30 14:25:00+05:30,2022-03-30 14:30:00+05:30,2022-03-30 15:00:00+05:30,34.16,33.88321428571428,34.65821428571429,-0.1,EOD-
S398,PNB,2022-03-31 09:15:00+05:30,,,0,,0.4556,0.0,0.8182,0,0.8463,,0,0,0,0,1,0,1,2022-03-31 09:15:00+05:30,2022-03-31 09:20:00+05:30,2022-03-31 15:00:00+05:30,34.16,33.85821428571428,34.70321428571428,-0.1,EOD-
S399,PNB,2022-03-31 09:25:00+05:30,,,0,,1.1042,55.56,-0.6981,0,0.7985,1.0,1,0,0,0,0,1,2,2022-03-31 09:30:00+05:30,2022-03-31 09:35:00+05:30,2022-03-31 15:00:00+05:30,34.16,33.86,34.699999999999996,-0.1,EOD-
S400,PNB,2022-03-31 09:45:00+05:30,0.0073,,2,2.0,0.0,50.0,,1,0.2607,,0,0,0,1,1,0,1,2022-03-31 09:45:00+05:30,2022-03-31 09:50:00+05:30,2022-03-31 15:00:00+05:30,34.21,33.902857142857144,34.76285714285714,-0.15,EOD-
S401,PNB,2022-03-31 10:05:00+05:30,-0.0073,0.0147,3,3.0,0.3663,66.67,-1.0,0,0.3897,0.0,1,0,0,0,0,1,2,2022-03-31 10:10:00+05:30,2022-03-31 10:15:00+05:30,2022-03-31 15:00:00+05:30,34.16,33.85285714285714,34.71285714285714,-0.1,EOD-
S402,PNB,2022-03-31 11:15:00+05:30,-0.0367,-0.044,0,,1.0,0.0,-0.3333,0,1.5014,1.0,3,0,0,0,0,3,4,2022-03-31 11:30:00+05:30,2022-03-31 11:35:00+05:30,2022-03-31 15:00:00+05:30,34.11,33.9225,34.447500000000005,-0.05,EOD-
S403,PNB,2022-03-31 11:40:00+05:30,-0.0661,-0.0734,0,,0.0402,0.0,19.0,0,0.3367,,0,0,0,1,1,0,1,2022-03-31 11:40:00+05:30,2022-03-31 11:45:00+05:30,2022-03-31 15:00:00+05:30,34.06,33.90464285714285,34.33964285714287,0.0,EOD-
S404,PNB,2022-03-31 11:50:00+05:30,-0.0073,-0.0734,0,,0.0707,50.0,9.0,0,1.7435,,0,1,0,1,1,0,1,2022-03-31 11:50:00+05:30,2022-03-31 11:55:00+05:30,2022-03-31 15:00:00+05:30,34.16,33.983214285714276,34.47821428571429,-0.1,EOD-
S405,PNB,2022-03-31 12:45:00+05:30,0.1537,0.1611,10,5.0,0.084,50.0,5.6667,0,0.6921,,0,0,0,0,1,0,1,2022-03-31 12:45:00+05:30,2022-03-31 12:50:00+05:30,2022-03-31 14:55:00+05:30,34.26,34.03678571428571,34.66178571428571,-0.2232,L
S406,PNB,2022-03-31 13:05:00+05:30,0.1243,0.1536,3,3.0,0.487,100.0,-1.0,0,2.5687,1.0,1,0,0,0,0,1,2,2022-03-31 13:10:00+05:30,2022-03-31 13:15:00+05:30,2022-03-31 15:00:00+05:30,34.16,33.95464285714285,34.52964285714285,-0.1,EOD-
S407,PNB,2022-03-31 13:20:00+05:30,0.0877,0.1243,0,,0.5923,50.0,-1.0,0,1.8749,1.0,1,0,0,0,0,1,2,2022-03-31 13:25:00+05:30,2022-03-31 13:30:00+05:30,2022-03-31 15:00:00+05:30,34.21,33.97785714285715,34.627857142857145,-0.15,EOD-
S408,PNB,2022-03-31 13:35:00+05:30,0.0657,0.0877,0,,0.2042,100.0,-1.0,0,0.3443,1.0,1,0,0,1,0,1,2,2022-03-31 13:40:00+05:30,2022-03-31 13:45:00+05:30,2022-03-31 15:00:00+05:30,34.21,33.995714285714286,34.59571428571429,-0.15,EOD-
S409,PNB,2022-03-31 13:50:00+05:30,0.0511,0.0657,0,,0.3818,0.0,0.6667,0,2.25,,0,1,0,0,1,0,1,2022-03-31 13:50:00+05:30,2022-03-31 13:55:00+05:30,2022-03-31 14:35:00+05:30,34.26,34.06357142857143,34.613571428571426,-0.1964,L
S410,PNB,2022-03-31 14:10:00+05:30,0.0,0.0438,0,,0.875,50.0,-0.3333,0,1.2936,1.0,3,0,0,0,0,3,4,2022-03-31 14:25:00+05:30,2022-03-31 14:30:00+05:30,2022-03-31 14:55:00+05:30,34.26,34.04571428571428,34.645714285714284,-0.2143,L
S411,PNB,2022-04-01 09:15:00+05:30,,,0,,1.1742,66.67,-0.2308,0,2.1379,,0,1,0,0,1,0,1,2022-04-01 09:15:00+05:30,2022-04-01 09:20:00+05:30,2022-04-01 10:10:00+05:30,34.26,33.98321428571428,34.75821428571429,0.4982,W
S412,PNB,2022-04-01 11:25:00+05:30,0.2654,0.3923,25,13.0,0.1008,100.0,-1.0,0,0.467,0.0,1,1,0,1,0,1,2,2022-04-01 11:30:00+05:30,2022-04-01 11:35:00+05:30,2022-04-01 12:10:00+05:30,34.89,34.67928571428572,35.26928571428571,0.3793,W
S413,PNB,2022-04-01 11:45:00+05:30,0.1948,0.2367,2,1.0,0.1366,47.37,3.1667,0,1.5033,,0,0,0,0,1,0,1,2022-04-01 11:45:00+05:30,2022-04-01 11:50:00+05:30,2022-04-01 14:05:00+05:30,34.94,34.72035714285715,35.33535714285713,0.3954,W
S414,PNB,2022-04-01 13:00:00+05:30,0.2279,0.2282,13,8.0,0.2266,33.33,0.7857,0,0.9408,,0,0,0,0,1,0,1,2022-04-01 13:00:00+05:30,2022-04-01 13:05:00+05:30,2022-04-01 15:00:00+05:30,35.13,34.821071428571436,35.686071428571424,0.2,EOD+
S415,PNB,2022-04-01 13:10:00+05:30,0.2135,0.2351,0,,0.0576,0.0,6.1429,0,0.1274,,0,0,0,1,1,0,1,2022-04-01 13:10:00+05:30,2022-04-01 13:15:00+05:30,2022-04-01 15:00:00+05:30,35.13,34.82642857142858,35.676428571428566,0.2,EOD+
S416,PNB,2022-04-01 13:20:00+05:30,0.165,0.2207,0,,0.6684,50.0,-0.3243,0,0.9712,,0,0,0,0,1,0,1,2022-04-01 13:20:00+05:30,2022-04-01 13:25:00+05:30,2022-04-01 15:00:00+05:30,35.18,34.90321428571429,35.678214285714276,0.15,EOD+
S417,PNB,2022-04-01 13:30:00+05:30,0.1649,0.1921,0,,0.005,0.0,99.0,0,0.4447,,0,0,0,1,1,0,1,2022-04-01 13:30:00+05:30,2022-04-01 13:35:00+05:30,2022-04-01 15:00:00+05:30,35.23,34.980000000000004,35.67999999999999,0.1,EOD+
S418,PNB,2022-04-01 13:45:00+05:30,0.1378,0.1649,0,,0.7,33.33,-1.0,0,2.1691,1.0,3,0,0,0,0,3,4,2022-04-01 14:00:00+05:30,2022-04-01 14:05:00+05:30,2022-04-01 15:00:00+05:30,35.33,35.07107142857143,35.79607142857142,0.0,EOD-
S419,PNB,2022-04-04 09:15:00+05:30,,,0,,0.9333,45.45,0.6667,0,3.0296,,0,0,0,0,1,0,1,2022-04-04 09:15:00+05:30,2022-04-04 09:20:00+05:30,2022-04-04 15:00:00+05:30,35.57,35.26464285714286,36.11964285714285,0.24,EOD+
S420,PNB,2022-04-04 09:55:00+05:30,0.1101,0.1497,6,6.0,0.0246,33.33,24.0,0,0.8706,,0,0,0,0,1,0,1,2022-04-04 09:55:00+05:30,2022-04-04 10:00:00+05:30,2022-04-04 15:00:00+05:30,35.47,35.06285714285715,36.202857142857134,0.34,EOD+
S421,PNB,2022-04-04 10:05:00+05:30,0.1086,0.1299,1,1.0,0.3902,100.0,-1.0,0,1.1001,0.0,1,0,0,0,0,1,2,2022-04-04 10:10:00+05:30,2022-04-04 10:15:00+05:30,2022-04-04 15:00:00+05:30,35.52,35.10035714285715,36.275357142857146,0.29,EOD+
S422,PNB,2022-04-04 10:25:00+05:30,0.1142,0.1072,1,1.0,0.0281,100.0,-1.0,0,1.3457,,0,0,0,0,1,0,1,2022-04-04 10:25:00+05:30,2022-04-04 10:30:00+05:30,2022-04-04 15:00:00+05:30,35.62,35.26464285714285,36.25964285714285,0.19,EOD+
S423,PNB,2022-04-04 10:40:00+05:30,0.1661,0.1142,2,2.0,0.3189,33.33,1.439,0,0.3836,,0,0,0,0,1,0,1,2022-04-04 10:40:00+05:30,2022-04-04 10:45:00+05:30,2022-04-04 15:00:00+05:30,35.57,35.24857142857143,36.14857142857143,0.24,EOD+
S424,PNB,2022-04-04 10:50:00+05:30,0.1787,0.1577,0,,0.1531,0.0,1.8571,0,0.1707,,0,0,0,1,1,0,1,2022-04-04 10:50:00+05:30,2022-04-04 10:55:00+05:30,2022-04-04 11:55:00+05:30,35.52,35.23428571428572,36.034285714285716,0.5143,W
S425,PNB,2022-04-04 11:00:00+05:30,0.0957,0.1731,0,,0.5687,33.33,-1.0,0,5.1279,1.0,1,0,0,0,0,1,2,2022-04-04 11:05:00+05:30,2022-04-04 11:10:00+05:30,2022-04-04 15:00:00+05:30,35.67,35.38428571428572,36.184285714285714,0.14,EOD+
S426,PNB,2022-04-04 11:35:00+05:30,0.0984,0.0773,5,5.0,0.0414,66.67,9.0,0,0.8474,,0,0,0,0,1,0,1,2022-04-04 11:35:00+05:30,2022-04-04 11:40:00+05:30,2022-04-04 15:00:00+05:30,35.62,35.318214285714284,36.16321428571428,0.19,EOD+
S427,PNB,2022-04-04 14:10:00+05:30,-0.0558,-0.0767,0,,1.5796,35.71,-0.6863,0,2.5698,1.0,3,1,0,0,0,3,4,2022-04-04 14:25:00+05:30,2022-04-04 14:30:00+05:30,2022-04-04 15:00:00+05:30,35.91,35.708214285714284,36.27321428571428,-0.1,EOD-
S428,PNB,2022-04-05 09:15:00+05:30,,,0,,0.84,80.0,-1.0,0,1.0161,0.0,2,0,0,0,0,2,3,2022-04-05 09:25:00+05:30,2022-04-05 09:30:00+05:30,2022-04-05 15:00:00+05:30,35.91,35.5975,36.47249999999999,0.15,EOD+
S429,PNB,2022-04-05 09:40:00+05:30,0.0014,,0,,1.3893,28.57,-0.7442,0,0.626,1.0,3,0,0,0,0,3,4,2022-04-05 09:55:00+05:30,2022-04-05 10:00:00+05:30,2022-04-05 15:00:00+05:30,35.91,35.558214285714286,36.54321428571428,0.15,EOD+
S430,PNB,2022-04-05 10:25:00+05:30,0.0279,-0.0418,5,4.0,0.0414,0.0,17.1818,0,0.8282,,0,0,0,0,1,0,1,2022-04-05 10:25:00+05:30,2022-04-05 10:30:00+05:30,2022-04-05 15:00:00+05:30,35.91,35.57785714285714,36.507857142857134,0.15,EOD+
S431,PNB,2022-04-05 12:05:00+05:30,0.2483,0.2901,19,4.0,0.0085,100.0,-1.0,0,0.299,,0,0,0,0,1,0,1,2022-04-05 12:05:00+05:30,2022-04-05 12:10:00+05:30,2022-04-05 14:00:00+05:30,36.3,36.00714285714286,36.82714285714285,-0.2929,L
S432,PNB,2022-04-05 12:30:00+05:30,0.073,0.2013,0,,1.4395,0.0,-0.6078,0,1.9808,1.0,3,0,0,0,0,3,4,2022-04-05 12:45:00+05:30,2022-04-05 12:50:00+05:30,2022-04-05 14:00:00+05:30,36.3,36.07857142857143,36.69857142857142,-0.2214,L
S433,PNB,2022-04-05 12:55:00+05:30,-0.0207,-0.0221,0,,0.8909,100.0,-1.0,0,1.1887,1.0,3,1,1,0,0,3,4,2022-04-05 13:10:00+05:30,2022-04-05 13:15:00+05:30,2022-04-05 13:30:00+05:30,36.4,36.20357142857143,36.753571428571426,-0.1964,L
S434,PNB,2022-04-05 13:20:00+05:30,-0.0276,-0.0069,1,1.0,0.112,0.0,4.0,0,1.1392,,0,0,0,0,1,0,1,2022-04-05 13:20:00+05:30,2022-04-05 13:25:00+05:30,2022-04-05 14:00:00+05:30,36.25,36.026785714285715,36.651785714285715,-0.2232,L
S435,PNB,2022-04-06 09:15:00+05:30,,,0,,2.711,73.53,-0.7432,0,1.6535,0.0,2,0,0,0,0,2,3,2022-04-06 09:25:00+05:30,2022-04-06 09:30:00+05:30,2022-04-06 10:00:00+05:30,36.15,35.82678571428571,36.731785714285714,-0.3232,L
S436,PNB,2022-04-06 10:25:00+05:30,-0.0959,-0.1348,0,,0.9755,0.0,-0.537,0,0.8625,1.0,3,1,0,0,0,3,4,2022-04-06 10:40:00+05:30,2022-04-06 10:45:00+05:30,2022-04-06 14:30:00+05:30,36.06,35.783214285714294,36.558214285714286,0.4982,W
S437,PNB,2022-04-06 11:45:00+05:30,0.1012,0.0527,12,9.0,0.5478,100.0,-1.0,0,1.0888,1.0,2,0,0,0,0,2,3,2022-04-06 11:55:00+05:30,2022-04-06 12:00:00+05:30,2022-04-06 13:25:00+05:30,36.15,35.94464285714286,36.519642857142856,-0.2054,L
S438,PNB,2022-04-06 12:10:00+05:30,0.133,0.1095,1,1.0,0.0382,100.0,-1.0,0,0.3208,,0,1,0,1,1,0,1,2022-04-06 12:10:00+05:30,2022-04-06 12:15:00+05:30,2022-04-06 13:25:00+05:30,36.15,35.95357142857143,36.503571428571426,-0.1964,L
S439,PNB,2022-04-06 12:20:00+05:30,0.1315,0.1274,0,,0.2482,0.0,1.5641,0,0.3574,,0,0,0,1,1,0,1,2022-04-06 12:20:00+05:30,2022-04-06 12:25:00+05:30,2022-04-06 14:25:00+05:30,36.1,35.90357142857143,36.45357142857143,0.3536,W
S440,PNB,2022-04-06 12:30:00+05:30,0.072,0.1523,0,,0.801,44.44,-1.0,0,1.7754,1.0,1,0,0,0,0,1,2,2022-04-06 12:35:00+05:30,2022-04-06 12:40:00+05:30,2022-04-06 13:05:00+05:30,36.15,35.964285714285715,36.48428571428571,-0.1857,L
S441,PNB,2022-04-06 12:45:00+05:30,0.0,0.072,1,1.0,0.2395,0.0,1.5641,0,0.7489,,0,0,1,1,1,0,1,2022-04-06 12:45:00+05:30,2022-04-06 12:50:00+05:30,2022-04-06 13:05:00+05:30,36.2,35.996428571428574,36.566428571428574,-0.2036,L
S442,PNB,2022-04-06 13:40:00+05:30,-0.0596,-0.0457,0,,1.1865,100.0,-1.0,0,0.8996,1.0,3,0,0,0,0,3,4,2022-04-06 13:55:00+05:30,2022-04-06 14:00:00+05:30,2022-04-06 14:30:00+05:30,36.1,35.848214285714285,36.5532142857143,0.4532,W
S443,PNB,2022-04-06 14:05:00+05:30,-0.0638,-0.0638,0,,0.4552,55.56,-1.0,0,0.8236,0.0,2,1,0,0,0,2,3,2022-04-06 14:15:00+05:30,2022-04-06 14:20:00+05:30,2022-04-06 14:25:00+05:30,36.01,35.75464285714285,36.469642857142865,0.4596,W
S444,PNB,2022-04-07 09:25:00+05:30,,,2,2.0,0.2372,20.0,2.6585,0,1.5101,,0,1,0,0,1,0,1,2022-04-07 09:25:00+05:30,2022-04-07 09:30:00+05:30,2022-04-07 15:00:00+05:30,36.64,36.207857142857144,37.417857142857144,-0.15,EOD-
S445,PNB,2022-04-07 10:25:00+05:30,0.1564,0.1498,11,10.0,0.0944,71.43,1.7586,0,0.547,,0,0,0,1,1,0,1,2022-04-07 10:25:00+05:30,2022-04-07 10:30:00+05:30,2022-04-07 13:45:00+05:30,36.78,36.39607142857143,37.47107142857143,-0.3839,L
S446,PNB,2022-04-07 10:50:00+05:30,0.068,0.1523,0,,1.213,100.0,-1.0,0,1.8773,1.0,3,0,0,0,0,3,4,2022-04-07 11:05:00+05:30,2022-04-07 11:10:00+05:30,2022-04-07 13:30:00+05:30,36.98,36.692499999999995,37.497499999999995,-0.2875,L
S447,PNB,2022-04-08 09:20:00+05:30,,,1,1.0,0.506,0.0,1.5,0,1.5799,,0,0,0,0,1,0,1,2022-04-08 09:20:00+05:30,2022-04-08 09:25:00+05:30,2022-04-08 15:00:00+05:30,36.59,36.29357142857143,37.12357142857144,0.15,EOD+
S448,PNB,2022-04-08 09:30:00+05:30,,,0,,0.4254,33.33,-0.0909,0,0.6395,,0,1,0,1,1,0,1,2022-04-08 09:30:00+05:30,2022-04-08 09:35:00+05:30,2022-04-08 15:00:00+05:30,36.54,36.21678571428571,37.12178571428572,0.2,EOD+
S449,PNB,2022-04-08 10:15:00+05:30,0.0998,0.0739,7,2.0,0.3915,68.97,-0.2424,0,0.3875,0.0,1,0,0,1,0,1,2,2022-04-08 10:20:00+05:30,2022-04-08 10:25:00+05:30,2022-04-08 15:00:00+05:30,36.59,36.16857142857143,37.34857142857143,0.15,EOD+
S450,PNB,2022-04-08 11:20:00+05:30,0.0068,0.1323,0,,1.0929,50.0,-1.0,0,0.5249,0.0,3,0,0,0,0,3,4,2022-04-08 11:35:00+05:30,2022-04-08 11:40:00+05:30,2022-04-08 15:00:00+05:30,36.69,36.41321428571428,37.18821428571429,0.05,EOD+
S451,PNB,2022-04-08 11:45:00+05:30,-0.0259,-0.0205,0,,0.1437,100.0,-1.0,0,0.4163,1.0,3,0,0,1,0,3,4,2022-04-08 12:00:00+05:30,2022-04-08 12:05:00+05:30,2022-04-08 15:00:00+05:30,36.69,36.489999999999995,37.05,0.05,EOD+
S452,PNB,2022-04-08 12:10:00+05:30,0.0218,-0.0246,0,,0.2482,100.0,-1.0,0,1.4008,,0,0,0,0,1,0,1,2022-04-08 12:10:00+05:30,2022-04-08 12:15:00+05:30,2022-04-08 15:00:00+05:30,36.69,36.49357142857143,37.04357142857142,0.05,EOD+
S453,PNB,2022-04-08 12:25:00+05:30,0.0014,0.0218,2,2.0,0.21,0.0,2.3333,0,0.7794,,0,0,0,1,1,0,1,2022-04-08 12:25:00+05:30,2022-04-08 12:30:00+05:30,2022-04-08 15:00:00+05:30,36.64,36.46142857142857,36.96142857142857,0.1,EOD+
S454,PNB,2022-04-08 12:35:00+05:30,-0.0396,0.0273,0,,0.77,0.0,-0.0909,0,1.4822,1.0,3,0,0,1,0,3,4,2022-04-08 12:50:00+05:30,2022-04-08 12:55:00+05:30,2022-04-08 15:00:00+05:30,36.69,36.511428571428574,37.01142857142856,0.05,EOD+
S455,PNB,2022-04-08 13:20:00+05:30,0.0136,0.0546,0,,0.7538,100.0,-1.0,0,2.8742,1.0,3,0,1,0,0,3,4,2022-04-08 13:35:00+05:30,2022-04-08 13:40:00+05:30,2022-04-08 15:00:00+05:30,36.74,36.50785714285715,37.15785714285714,0.0,EOD-
S456,PNB,2022-04-08 13:45:00+05:30,-0.0068,-0.0136,0,,0.175,0.0,1.8571,0,1.8267,,0,0,0,0,1,0,1,2022-04-08 13:45:00+05:30,2022-04-08 13:50:00+05:30,2022-04-08 15:00:00+05:30,36.64,36.39000000000001,37.08999999999999,0.1,EOD+
S457,PNB,2022-04-08 13:55:00+05:30,-0.0205,-0.0068,0,,0.1037,0.0,4.0,0,0.9847,,0,0,0,1,1,0,1,2022-04-08 13:55:00+05:30,2022-04-08 14:00:00+05:30,2022-04-08 15:00:00+05:30,36.69,36.448928571428574,37.123928571428564,0.05,EOD+
S458,PNB,2022-04-08 14:15:00+05:30,0.0068,-0.0341,2,2.0,0.1909,50.0,2.3333,0,0.9972,,0,0,0,0,1,0,1,2022-04-08 14:15:00+05:30,2022-04-08 14:20:00+05:30,2022-04-08 15:00:00+05:30,36.64,36.44357142857143,36.99357142857143,0.1,EOD+
S459,PNB,2022-04-08 14:25:00+05:30,0.0341,-0.0136,0,,0.2545,0.0,1.5,0,0.6303,,0,0,0,0,1,0,1,2022-04-08 14:25:00+05:30,2022-04-08 14:30:00+05:30,2022-04-08 15:00:00+05:30,36.69,36.49357142857143,37.043571428571425,0.05,EOD+
S460,PNB,2022-04-11 09:15:00+05:30,,,0,,1.8303,62.5,-0.6865,0,2.4866,,0,0,0,1,1,0,1,2022-04-11 09:15:00+05:30,2022-04-11 09:20:00+05:30,2022-04-11 11:55:00+05:30,36.74,36.52214285714286,37.13214285714286,-0.2179,L
S461,PNB,2022-04-11 09:25:00+05:30,,,0,,0.6185,50.0,-0.2248,0,1.3201,,0,0,0,0,1,0,1,2022-04-11 09:25:00+05:30,2022-04-11 09:30:00+05:30,2022-04-11 15:00:00+05:30,36.69,36.42928571428571,37.159285714285716,-0.2607,L
S462,PNB,2022-04-11 09:35:00+05:30,,,0,,0.1488,0.0,1.9412,0,2.8737,,0,0,0,0,1,0,1,2022-04-11 09:35:00+05:30,2022-04-11 09:40:00+05:30,2022-04-11 12:00:00+05:30,36.74,36.45428571428571,37.25428571428572,-0.2857,L
S463,PNB,2022-04-11 10:00:00+05:30,-0.0136,0.0136,0,,0.9224,100.0,-1.0,0,1.2035,1.0,3,0,0,0,0,3,4,2022-04-11 10:15:00+05:30,2022-04-11 10:20:00+05:30,2022-04-11 15:00:00+05:30,36.74,36.43642857142857,37.28642857142858,-0.3036,L
S464,PNB,2022-04-11 12:40:00+05:30,-0.1026,-0.1093,0,,1.015,100.0,-1.0,0,2.6135,1.0,3,1,0,0,0,3,4,2022-04-11 12:55:00+05:30,2022-04-11 13:00:00+05:30,2022-04-11 14:50:00+05:30,36.64,36.46142857142856,36.961428571428584,-0.1786,L
S465,PNB,2022-04-12 10:50:00+05:30,-0.6373,-0.6907,0,,1.3579,100.0,-1.0,0,0.1631,0.0,3,0,0,0,0,3,4,2022-04-12 11:05:00+05:30,2022-04-12 11:10:00+05:30,2022-04-12 13:25:00+05:30,35.67,35.34321428571429,36.25821428571429,-0.3268,L
S466,PNB,2022-04-12 12:05:00+05:30,0.1263,0.0014,12,10.0,0.0609,0.0,19.0,0,0.4365,,0,0,0,1,1,0,1,2022-04-12 12:05:00+05:30,2022-04-12 12:10:00+05:30,2022-04-12 13:05:00+05:30,35.72,35.51464285714285,36.08964285714286,-0.2054,L
S467,PNB,2022-04-12 12:20:00+05:30,0.1332,0.1263,2,2.0,0.3856,0.0,0.5385,0,1.4156,,0,0,0,0,1,0,1,2022-04-12 12:20:00+05:30,2022-04-12 12:25:00+05:30,2022-04-12 13:10:00+05:30,35.67,35.45928571428571,36.04928571428572,-0.2107,L
S468,PNB,2022-04-12 12:35:00+05:30,0.0771,0.1332,0,,1.6907,50.0,-0.6491,0,0.3701,0.0,3,0,0,0,0,3,4,2022-04-12 12:50:00+05:30,2022-04-12 12:55:00+05:30,2022-04-12 13:10:00+05:30,35.67,35.45928571428571,36.04928571428572,-0.2107,L
S469,PNB,2022-04-12 13:35:00+05:30,-0.2208,-0.1334,0,,3.0279,0.0,-0.8208,0,1.5688,1.0,3,0,0,0,0,3,4,2022-04-12 13:50:00+05:30,2022-04-12 13:55:00+05:30,2022-04-12 14:15:00+05:30,35.52,35.28964285714286,35.93464285714286,0.4146,W
S470,PNB,2022-04-13 09:25:00+05:30,,,2,2.0,0.5045,35.71,0.6216,0,1.0791,,0,1,0,0,1,0,1,2022-04-13 09:25:00+05:30,2022-04-13 09:30:00+05:30,2022-04-13 15:00:00+05:30,35.81,35.535000000000004,36.305,-0.14,EOD-
S471,PNB,2022-04-13 09:35:00+05:30,,,0,,0.1365,50.0,2.2258,0,0.6264,,0,0,0,1,1,0,1,2022-04-13 09:35:00+05:30,2022-04-13 09:40:00+05:30,2022-04-13 15:00:00+05:30,35.81,35.526071428571434,36.32107142857143,-0.14,EOD-
S472,PNB,2022-04-13 09:45:00+05:30,0.0056,,0,,0.1138,0.0,2.8462,0,0.614,,0,0,0,0,1,0,1,2022-04-13 09:45:00+05:30,2022-04-13 09:50:00+05:30,2022-04-13 15:00:00+05:30,35.81,35.52428571428572,36.324285714285715,-0.14,EOD-
S473,PNB,2022-04-13 09:55:00+05:30,0.0,0.0531,0,,0.1669,0.0,1.7778,0,0.4193,,0,0,0,1,1,0,1,2022-04-13 09:55:00+05:30,2022-04-13 10:00:00+05:30,2022-04-13 15:00:00+05:30,35.76,35.49035714285714,36.24535714285714,-0.09,EOD-
S474,PNB,2022-04-13 10:05:00+05:30,-0.0112,0.0,0,,0.8942,44.44,-0.4949,0,1.0187,1.0,2,0,0,0,0,2,3,2022-04-13 10:15:00+05:30,2022-04-13 10:20:00+05:30,2022-04-13 15:00:00+05:30,35.81,35.53321428571429,36.30821428571429,-0.14,EOD-
S475,PNB,2022-04-13 10:25:00+05:30,0.0,-0.0112,1,1.0,0.5238,35.71,-0.2523,0,0.4083,0.0,1,0,0,1,0,1,2,2022-04-13 10:30:00+05:30,2022-04-13 10:35:00+05:30,2022-04-13 15:00:00+05:30,35.81,35.55464285714286,36.26964285714286,-0.14,EOD-
S476,PNB,2022-04-13 11:45:00+05:30,0.1573,0.0976,13,8.0,0.0227,0.0,19.0,0,1.5664,,0,0,0,0,1,0,1,2022-04-13 11:45:00+05:30,2022-04-13 11:50:00+05:30,2022-04-13 14:50:00+05:30,35.96,35.684999999999995,36.455000000000005,-0.275,L
S477,PNB,2022-04-13 11:55:00+05:30,0.1503,0.1448,0,,0.1761,50.0,1.5,0,0.4655,,0,0,0,1,1,0,1,2022-04-13 11:55:00+05:30,2022-04-13 12:00:00+05:30,2022-04-13 14:50:00+05:30,35.96,35.676071428571426,36.47107142857144,-0.2839,L
S478,PNB,2022-04-13 12:15:00+05:30,0.0417,0.1294,0,,1.6032,0.0,-0.7183,0,3.2128,1.0,3,0,0,0,0,3,4,2022-04-13 12:30:00+05:30,2022-04-13 12:35:00+05:30,2022-04-13 14:50:00+05:30,35.96,35.683214285714286,36.45821428571429,-0.2768,L
S479,PNB,2022-04-13 12:40:00+05:30,-0.0209,-0.0139,0,,0.1761,50.0,-1.0,0,0.5737,,0,0,0,1,1,0,1,2022-04-13 12:40:00+05:30,2022-04-13 12:45:00+05:30,2022-04-13 14:50:00+05:30,35.96,35.676071428571426,36.471071428571435,-0.2839,L
S480,PNB,2022-04-13 12:55:00+05:30,-0.0209,-0.0209,0,,0.5503,100.0,-1.0,0,1.1904,1.0,3,0,0,0,0,3,4,2022-04-13 13:10:00+05:30,2022-04-13 13:15:00+05:30,2022-04-13 14:50:00+05:30,35.96,35.676071428571426,36.471071428571435,-0.2839,L
S481,PNB,2022-04-18 10:25:00+05:30,-0.4865,-0.4271,0,,1.8049,44.44,-1.0,0,0.6414,1.0,3,0,0,0,0,3,4,2022-04-18 10:40:00+05:30,2022-04-18 10:45:00+05:30,2022-04-18 12:30:00+05:30,35.18,34.81571428571429,35.835714285714275,-0.3643,L
S482,PNB,2022-04-18 10:55:00+05:30,-0.2719,-0.4122,1,1.0,0.4006,50.0,0.0989,0,0.454,,0,0,0,1,1,0,1,2022-04-18 10:55:00+05:30,2022-04-18 11:00:00+05:30,2022-04-18 12:25:00+05:30,35.13,34.846071428571435,35.64107142857142,-0.2839,L
S483,PNB,2022-04-18 11:05:00+05:30,-0.1324,-0.3701,0,,0.451,100.0,-1.0,0,1.0414,1.0,1,0,0,1,0,1,2,2022-04-18 11:10:00+05:30,2022-04-18 11:15:00+05:30,2022-04-18 12:25:00+05:30,35.13,34.86392857142857,35.60892857142857,-0.2661,L
S484,PNB,2022-04-18 11:20:00+05:30,-0.0142,-0.1324,0,,0.405,33.33,0.2346,0,1.0123,,0,0,0,0,1,0,1,2022-04-18 11:20:00+05:30,2022-04-18 11:25:00+05:30,2022-04-18 12:25:00+05:30,35.18,34.93,35.63,-0.25,L
S485,PNB,2022-04-18 11:30:00+05:30,-0.0214,-0.0071,1,1.0,0.4465,0.0,0.2346,0,0.6919,,0,0,0,1,1,0,1,2022-04-18 11:30:00+05:30,2022-04-18 11:35:00+05:30,2022-04-18 12:25:00+05:30,35.13,34.90321428571429,35.53821428571429,-0.2268,L
S486,PNB,2022-04-18 11:40:00+05:30,-0.0285,-0.0214,0,,0.3187,0.0,0.6393,0,0.7767,,0,0,0,0,1,0,1,2022-04-18 11:40:00+05:30,2022-04-18 11:45:00+05:30,2022-04-18 12:25:00+05:30,35.13,34.89071428571429,35.56071428571429,-0.2393,L
S487,PNB,2022-04-18 11:50:00+05:30,-0.0214,-0.0142,0,,0.4142,0.0,0.4085,0,0.4553,,0,0,1,1,1,0,1,2022-04-18 11:50:00+05:30,2022-04-18 11:55:00+05:30,2022-04-18 12:25:00+05:30,35.18,34.965714285714284,35.565714285714286,-0.2143,L
S488,PNB,2022-04-18 13:35:00+05:30,-0.2222,-0.2577,0,,0.7453,0.0,-1.0,0,0.5568,1.0,3,1,0,0,0,3,4,2022-04-18 13:50:00+05:30,2022-04-18 13:55:00+05:30,2022-04-18 15:00:00+05:30,34.89,34.58642857142857,35.43642857142857,0.24,EOD+
S489,PNB,2022-04-18 14:00:00+05:30,-0.1091,-0.1865,0,,0.0259,0.0,39.0,0,0.7532,,0,0,0,1,1,0,1,2022-04-18 14:00:00+05:30,2022-04-18 14:05:00+05:30,2022-04-18 15:00:00+05:30,34.94,34.69892857142857,35.37392857142857,0.19,EOD+
S490,PNB,2022-04-19 09:35:00+05:30,,,4,4.0,0.621,25.0,0.2121,0,1.8082,,0,1,0,0,1,0,1,2022-04-19 09:35:00+05:30,2022-04-19 09:40:00+05:30,2022-04-19 15:00:00+05:30,35.18,34.847857142857144,35.77785714285714,0.0,EOD-
S491,PNB,2022-04-19 09:45:00+05:30,0.1776,,0,,0.3958,50.0,-0.0741,0,0.5577,1.0,3,0,0,0,0,3,4,2022-04-19 10:00:00+05:30,2022-04-19 10:05:00+05:30,2022-04-19 15:00:00+05:30,35.23,34.88892857142857,35.84392857142856,-0.05,EOD-
S492,PNB,2022-04-19 10:10:00+05:30,0.0568,0.1094,0,,0.1806,100.0,-1.0,0,0.214,,0,0,0,0,1,0,1,2022-04-19 10:10:00+05:30,2022-04-19 10:15:00+05:30,2022-04-19 15:00:00+05:30,35.28,34.947857142857146,35.87785714285714,-0.3321,L
S493,PNB,2022-04-19 10:20:00+05:30,0.071,0.0625,1,1.0,0.2747,0.0,0.3699,0,0.798,,0,1,0,1,1,0,1,2022-04-19 10:20:00+05:30,2022-04-19 10:25:00+05:30,2022-04-19 15:00:00+05:30,35.18,34.847857142857144,35.77785714285714,0.0,EOD-
S494,PNB,2022-04-19 11:25:00+05:30,0.0892,0.0482,11,8.0,0.2333,0.0,1.5641,0,0.5623,,0,0,0,1,1,0,1,2022-04-19 11:25:00+05:30,2022-04-19 11:30:00+05:30,2022-04-19 13:10:00+05:30,35.33,35.121071428571426,35.70607142857143,-0.2089,L
S495,PNB,2022-04-19 11:35:00+05:30,0.1048,0.0623,0,,0.4929,100.0,-1.0,0,0.316,0.0,1,0,0,1,0,1,2,2022-04-19 11:40:00+05:30,2022-04-19 11:45:00+05:30,2022-04-19 13:00:00+05:30,35.33,35.155,35.644999999999996,-0.175,L
S496,PNB,2022-04-19 11:50:00+05:30,0.0906,0.1048,0,,0.7283,0.0,0.7476,0,0.6537,,0,0,0,0,1,0,1,2022-04-19 11:50:00+05:30,2022-04-19 11:55:00+05:30,2022-04-19 13:00:00+05:30,35.33,35.153214285714284,35.64821428571428,-0.1768,L
S497,PNB,2022-04-19 12:00:00+05:30,0.0481,0.0991,0,,1.421,100.0,-1.0,0,0.8328,0.0,3,0,0,0,0,3,4,2022-04-19 12:15:00+05:30,2022-04-19 12:20:00+05:30,2022-04-19 13:00:00+05:30,35.33,35.151428571428575,35.65142857142856,-0.1786,L
S498,PNB,2022-04-19 13:05:00+05:30,-0.0964,-0.0666,0,,1.6983,50.0,-1.0,0,5.4835,1.0,3,0,0,0,0,3,4,2022-04-19 13:20:00+05:30,2022-04-19 13:25:00+05:30,2022-04-19 14:55:00+05:30,35.47,35.26464285714286,35.839642857142856,-0.2054,L
S499,PNB,2022-04-19 13:45:00+05:30,0.1147,0.0255,4,4.0,0.2021,62.5,2.3333,0,2.5476,,0,0,0,0,1,0,1,2022-04-19 13:45:00+05:30,2022-04-19 13:50:00+05:30,2022-04-19 14:55:00+05:30,35.52,35.18607142857143,36.12107142857143,-0.3339,L
S500,PNB,2022-04-19 14:30:00+05:30,0.1342,0.1484,8,6.0,0.1933,0.0,1.2222,0,0.5929,,0,1,0,1,1,0,1,2022-04-19 14:30:00+05:30,2022-04-19 14:35:00+05:30,2022-04-19 15:00:00+05:30,35.37,35.07892857142857,35.893928571428575,-0.2911,L
S501,PNB,2022-04-20 09:40:00+05:30,-0.4427,,0,,0.5541,100.0,-1.0,0,0.2068,0.0,3,0,0,1,0,3,4,2022-04-20 09:55:00+05:30,2022-04-20 10:00:00+05:30,2022-04-20 15:00:00+05:30,34.94,34.39178571428571,35.92678571428572,-0.25,EOD-
S502,PNB,2022-04-20 10:05:00+05:30,-0.3439,-0.3861,0,,0.0082,50.0,32.3333,0,0.3193,,0,0,0,0,1,0,1,2022-04-20 10:05:00+05:30,2022-04-20 10:10:00+05:30,2022-04-20 14:20:00+05:30,34.94,34.48285714285714,35.76285714285714,-0.4571,L
S503,PNB,2022-04-20 10:55:00+05:30,0.1247,-0.0215,0,,1.2919,0.0,-0.6364,0,0.9348,1.0,3,0,0,0,0,3,4,2022-04-20 11:10:00+05:30,2022-04-20 11:15:00+05:30,2022-04-20 11:35:00+05:30,34.94,34.67392857142857,35.41892857142857,-0.2661,L
S504,PNB,2022-04-20 11:20:00+05:30,0.0072,0.1118,0,,0.4029,0.0,0.25,0,0.4624,,0,0,0,1,1,0,1,2022-04-20 11:20:00+05:30,2022-04-20 11:25:00+05:30,2022-04-20 13:50:00+05:30,34.89,34.64178571428572,35.33678571428571,-0.2482,L
S505,PNB,2022-04-20 11:55:00+05:30,-0.1925,-0.1148,0,,1.5124,100.0,-1.0,0,1.1389,1.0,3,0,0,0,0,3,4,2022-04-20 12:10:00+05:30,2022-04-20 12:15:00+05:30,2022-04-20 13:55:00+05:30,34.84,34.59535714285715,35.28035714285715,-0.2446,L
S506,PNB,2022-04-20 12:30:00+05:30,0.0575,-0.092,3,3.0,0.5931,33.33,0.8018,0,1.1046,,0,1,0,1,1,0,1,2022-04-20 12:30:00+05:30,2022-04-20 12:35:00+05:30,2022-04-20 13:55:00+05:30,34.79,34.55607142857142,35.21107142857144,-0.2339,L
S507,PNB,2022-04-20 13:05:00+05:30,0.0072,0.0574,5,5.0,0.2317,50.0,1.1739,0,1.3361,,0,0,0,0,1,0,1,2022-04-20 13:05:00+05:30,2022-04-20 13:10:00+05:30,2022-04-20 13:55:00+05:30,34.84,34.59178571428571,35.28678571428572,-0.2482,L
S508,PNB,2022-04-21 10:15:00+05:30,0.1621,0.2928,12,6.0,0.208,0.0,1.439,0,1.1503,,0,0,0,0,1,0,1,2022-04-21 10:15:00+05:30,2022-04-21 10:20:00+05:30,2022-04-21 15:00:00+05:30,34.89,34.643571428571434,35.333571428571425,0.0,EOD-
S509,PNB,2022-04-21 10:25:00+05:30,0.1132,0.218,0,,0.9844,50.0,-0.4444,0,0.7476,,0,0,0,0,1,0,1,2022-04-21 10:25:00+05:30,2022-04-21 10:30:00+05:30,2022-04-21 15:00:00+05:30,34.84,34.611428571428576,35.25142857142857,0.05,EOD+
S510,PNB,2022-04-21 10:35:00+05:30,0.1261,0.1276,0,,0.6508,50.0,-1.0,0,0.1589,0.0,1,0,0,0,0,1,2,2022-04-21 10:40:00+05:30,2022-04-21 10:45:00+05:30,2022-04-21 15:00:00+05:30,34.94,34.71142857142857,35.35142857142856,-0.05,EOD-
S511,PNB,2022-04-21 11:10:00+05:30,-0.043,0.0773,0,,0.868,100.0,-1.0,0,0.3634,0.0,3,0,0,1,0,3,4,2022-04-21 11:25:00+05:30,2022-04-21 11:30:00+05:30,2022-04-21 15:00:00+05:30,34.89,34.71142857142858,35.21142857142856,0.0,EOD-
S512,PNB,2022-04-21 12:00:00+05:30,0.043,-0.0344,5,3.0,0.0824,100.0,-1.0,0,0.7714,0.0,1,0,0,1,0,1,2,2022-04-21 12:05:00+05:30,2022-04-21 12:10:00+05:30,2022-04-21 15:00:00+05:30,34.94,34.78821428571429,35.21321428571428,-0.05,EOD-
S513,PNB,2022-04-21 12:15:00+05:30,0.0501,0.043,0,,0.2333,0.0,2.3333,0,0.6534,,0,0,0,0,1,0,1,2022-04-21 12:15:00+05:30,2022-04-21 12:20:00+05:30,2022-04-21 15:00:00+05:30,34.89,34.729285714285716,35.179285714285705,0.0,EOD-
S514,PNB,2022-04-21 12:25:00+05:30,0.0215,0.0573,0,,0.1944,0.0,-1.0,0,0.6508,1.0,2,0,0,1,0,2,3,2022-04-21 12:35:00+05:30,2022-04-21 12:40:00+05:30,2022-04-21 15:00:00+05:30,34.94,34.77928571428571,35.2292857142857,-0.05,EOD-
S515,PNB,2022-04-21 12:50:00+05:30,0.0501,0.0143,1,1.0,0.4421,100.0,-1.0,0,0.2286,0.0,2,0,0,1,0,2,3,2022-04-21 13:00:00+05:30,2022-04-21 13:05:00+05:30,2022-04-21 15:00:00+05:30,34.94,34.770357142857144,35.24535714285714,-0.05,EOD-
S516,PNB,2022-04-21 13:35:00+05:30,-0.0501,0.0143,0,,0.98,0.0,-1.0,0,2.2196,1.0,3,0,0,0,0,3,4,2022-04-21 13:50:00+05:30,2022-04-21 13:55:00+05:30,2022-04-21 15:00:00+05:30,34.94,34.761428571428574,35.26142857142856,-0.05,EOD-
S517,PNB,2022-04-21 14:10:00+05:30,-0.0072,-0.0358,0,,0.7583,0.0,-0.2308,0,1.6785,1.0,3,0,0,1,0,3,4,2022-04-21 14:25:00+05:30,2022-04-21 14:30:00+05:30,2022-04-21 15:00:00+05:30,34.89,34.6757142857143,35.275714285714265,0.0,EOD-
S518,PNB,2022-04-22 09:15:00+05:30,,,0,,1.1406,82.76,-0.5708,0,3.1684,,0,0,0,0,1,0,1,2022-04-22 09:15:00+05:30,2022-04-22 09:20:00+05:30,2022-04-22 09:35:00+05:30,35.08,34.82464285714286,35.53964285714284,-0.2554,L
S519,PNB,2022-04-22 10:00:00+05:30,-0.0215,-0.0143,0,,0.9028,100.0,-1.0,0,1.5994,1.0,3,0,0,0,0,3,4,2022-04-22 10:15:00+05:30,2022-04-22 10:20:00+05:30,2022-04-22 14:05:00+05:30,34.99,34.675714285714285,35.55571428571429,-0.3143,L
S520,PNB,2022-04-22 10:55:00+05:30,0.0072,0.0601,7,5.0,0.4284,0.0,0.4085,0,1.1684,,0,0,0,1,1,0,1,2022-04-22 10:55:00+05:30,2022-04-22 11:00:00+05:30,2022-04-22 14:05:00+05:30,34.89,34.68285714285714,35.26285714285715,-0.2071,L
S521,PNB,2022-04-22 11:05:00+05:30,-0.053,0.0401,0,,0.9172,100.0,-1.0,0,0.6048,,0,0,0,0,1,0,1,2022-04-22 11:05:00+05:30,2022-04-22 11:10:00+05:30,2022-04-22 14:00:00+05:30,34.94,34.732857142857135,35.31285714285715,-0.2071,L
S522,PNB,2022-04-22 12:20:00+05:30,-0.132,-0.0788,0,,1.0111,0.0,-0.2308,0,0.2763,0.0,3,0,0,1,0,3,4,2022-04-22 12:35:00+05:30,2022-04-22 12:40:00+05:30,2022-04-22 14:00:00+05:30,34.89,34.72928571428571,35.17928571428573,-0.1607,L
S523,PNB,2022-04-22 12:50:00+05:30,-0.0431,-0.1119,3,3.0,0.7438,50.0,0.1765,0,1.4101,,0,0,0,0,1,0,1,2022-04-22 12:50:00+05:30,2022-04-22 12:55:00+05:30,2022-04-22 14:10:00+05:30,34.79,34.64714285714285,35.047142857142866,-0.1429,L
S524,PNB,2022-04-22 13:00:00+05:30,-0.0287,-0.0574,0,,0.6562,0.0,0.3333,0,0.2151,,0,0,0,1,1,0,1,2022-04-22 13:00:00+05:30,2022-04-22 13:05:00+05:30,2022-04-22 14:00:00+05:30,34.84,34.69714285714286,35.09714285714287,-0.1429,L
S525,PNB,2022-04-22 13:10:00+05:30,-0.0287,-0.0287,0,,0.6125,0.0,-1.0,0,1.3676,1.0,1,0,0,1,0,1,2,2022-04-22 13:15:00+05:30,2022-04-22 13:20:00+05:30,2022-04-22 14:00:00+05:30,34.84,34.69714285714286,35.09714285714287,-0.1429,L
S526,PNB,2022-04-22 13:25:00+05:30,0.0072,-0.0287,0,,0.5895,50.0,0.25,0,1.3344,,0,0,0,0,1,0,1,2022-04-22 13:25:00+05:30,2022-04-22 13:30:00+05:30,2022-04-22 14:00:00+05:30,34.89,34.72035714285714,35.19535714285715,-0.1696,L
S527,PNB,2022-04-22 13:45:00+05:30,0.0502,0.0144,3,1.0,0.735,0.0,0.9048,0,2.4,,0,0,0,0,1,0,1,2022-04-22 13:45:00+05:30,2022-04-22 13:50:00+05:30,2022-04-22 14:00:00+05:30,34.89,34.71142857142857,35.21142857142858,-0.1786,L
S528,PNB,2022-04-25 09:55:00+05:30,-0.4817,-0.4891,0,,3.1015,66.67,-1.0,0,1.2241,1.0,3,0,0,0,0,3,4,2022-04-25 10:10:00+05:30,2022-04-25 10:15:00+05:30,2022-04-25 15:00:00+05:30,34.16,33.81178571428571,34.786785714285706,-0.15,EOD-
S529,PNB,2022-04-25 10:25:00+05:30,-0.2417,-0.3979,0,,0.56,0.0,-0.359,0,0.2377,0.0,3,0,0,0,0,3,4,2022-04-25 10:40:00+05:30,2022-04-25 10:45:00+05:30,2022-04-25 15:00:00+05:30,34.06,33.71178571428572,34.68678571428572,-0.05,EOD-
S530,PNB,2022-04-25 12:25:00+05:30,-0.0705,-0.1072,0,,1.8842,0.0,-0.3808,0,1.3541,1.0,3,0,0,0,0,3,4,2022-04-25 12:40:00+05:30,2022-04-25 12:45:00+05:30,2022-04-25 15:00:00+05:30,34.01,33.79571428571428,34.395714285714284,0.0,EOD-
S531,PNB,2022-04-25 13:50:00+05:30,0.0778,0.1131,12,8.0,0.4742,66.67,-1.0,0,1.1936,0.0,2,1,0,0,0,2,3,2022-04-25 14:00:00+05:30,2022-04-25 14:05:00+05:30,2022-04-25 15:00:00+05:30,34.01,33.78857142857143,34.40857142857143,0.0,EOD-
S532,PNB,2022-04-25 14:10:00+05:30,0.0763,0.0499,0,,0.1953,0.0,1.7778,0,0.7012,,0,0,1,1,1,0,1,2022-04-25 14:10:00+05:30,2022-04-25 14:15:00+05:30,2022-04-25 14:20:00+05:30,34.16,33.92964285714286,34.57464285714285,-0.2304,L
S533,PNB,2022-04-26 10:50:00+05:30,0.2855,0.2743,19,5.0,0.2643,100.0,-1.0,0,0.6296,,0,0,0,0,1,0,1,2022-04-26 10:50:00+05:30,2022-04-26 10:55:00+05:30,2022-04-26 15:00:00+05:30,34.35,34.175,34.665000000000006,0.2,EOD+
S534,PNB,2022-04-26 11:00:00+05:30,0.1675,0.2929,0,,0.2564,0.0,1.1622,0,0.8063,,0,1,1,0,1,0,1,2022-04-26 11:00:00+05:30,2022-04-26 11:05:00+05:30,2022-04-26 15:00:00+05:30,34.4,34.21964285714286,34.724642857142854,0.15,EOD+
S535,PNB,2022-04-26 11:25:00+05:30,0.0728,0.0815,4,1.0,0.0476,0.0,13.2857,0,2.2122,,0,1,0,1,1,0,1,2022-04-26 11:25:00+05:30,2022-04-26 11:30:00+05:30,2022-04-26 15:00:00+05:30,34.4,34.21607142857143,34.73107142857142,0.15,EOD+
S536,PNB,2022-04-26 12:10:00+05:30,0.048,0.0959,7,7.0,0.0147,100.0,-1.0,0,1.802,1.0,1,0,0,0,0,1,2,2022-04-26 12:15:00+05:30,2022-04-26 12:20:00+05:30,2022-04-26 12:45:00+05:30,34.55,34.380357142857136,34.855357142857144,-0.1696,L
S537,PNB,2022-04-26 13:05:00+05:30,-0.0363,0.0494,0,,1.5701,0.0,-0.6667,0,2.5841,1.0,3,0,0,0,0,3,4,2022-04-26 13:20:00+05:30,2022-04-26 13:25:00+05:30,2022-04-26 15:00:00+05:30,34.45,34.25892857142858,34.793928571428566,0.1,EOD+
S538,PNB,2022-04-26 13:30:00+05:30,-0.0218,-0.0654,0,,0.2838,50.0,1.2222,0,1.4586,,0,0,0,0,1,0,1,2022-04-26 13:30:00+05:30,2022-04-26 13:35:00+05:30,2022-04-26 15:00:00+05:30,34.5,34.30178571428572,34.85678571428571,0.05,EOD+
S539,PNB,2022-04-26 13:40:00+05:30,0.0145,-0.0436,0,,0.2716,0.0,-1.0,0,0.5351,0.0,1,1,0,1,0,1,2,2022-04-26 13:45:00+05:30,2022-04-26 13:50:00+05:30,2022-04-26 15:00:00+05:30,34.45,34.24285714285715,34.82285714285714,0.1,EOD+
S540,PNB,2022-04-27 09:15:00+05:30,,,0,,2.7052,70.59,-1.0,0,0.9175,0.0,1,0,0,0,0,1,2,2022-04-27 09:20:00+05:30,2022-04-27 09:25:00+05:30,2022-04-27 10:20:00+05:30,34.6,34.32321428571429,35.09821428571428,-0.2768,L
S541,PNB,2022-04-27 10:30:00+05:30,-0.1291,-0.0942,0,,2.0951,28.57,-0.7647,0,0.5416,0.0,3,0,0,1,0,3,4,2022-04-27 10:45:00+05:30,2022-04-27 10:50:00+05:30,2022-04-27 11:35:00+05:30,34.45,34.19642857142858,34.90642857142858,-0.2536,L
S542,PNB,2022-04-27 13:10:00+05:30,-0.1491,-0.1197,0,,1.7792,50.0,-1.0,0,2.9801,1.0,3,1,0,0,0,3,4,2022-04-27 13:25:00+05:30,2022-04-27 13:30:00+05:30,2022-04-27 15:00:00+05:30,34.21,33.99571428571429,34.59571428571428,0.29,EOD+
S543,PNB,2022-04-27 13:35:00+05:30,-0.0658,-0.1228,0,,0.3231,50.0,0.6667,0,0.6054,,0,1,0,0,1,0,1,2022-04-27 13:35:00+05:30,2022-04-27 13:40:00+05:30,2022-04-27 15:00:00+05:30,34.21,33.97785714285715,34.62785714285714,0.29,EOD+
S544,PNB,2022-04-28 09:15:00+05:30,,,0,,0.208,100.0,-1.0,0,1.167,0.0,2,1,0,1,0,2,3,2022-04-28 09:25:00+05:30,2022-04-28 09:30:00+05:30,2022-04-28 10:40:00+05:30,34.45,34.20357142857143,34.89357142857143,-0.2464,L
S545,PNB,2022-04-28 09:35:00+05:30,,,1,1.0,0.0758,0.0,10.7647,0,1.2126,,0,0,0,0,1,0,1,2022-04-28 09:35:00+05:30,2022-04-28 09:40:00+05:30,2022-04-28 10:40:00+05:30,34.5,34.21964285714286,35.004642857142855,-0.2804,L
S546,PNB,2022-04-28 09:50:00+05:30,0.1176,,0,,0.2452,0.0,-1.0,0,0.6353,0.0,3,0,0,1,0,3,4,2022-04-28 10:05:00+05:30,2022-04-28 10:10:00+05:30,2022-04-28 10:40:00+05:30,34.45,34.16964285714286,34.95464285714286,-0.2804,L
S547,PNB,2022-04-28 10:15:00+05:30,0.0,0.0552,0,,0.2319,100.0,-1.0,0,0.1351,,0,0,0,0,1,0,1,2022-04-28 10:15:00+05:30,2022-04-28 10:20:00+05:30,2022-04-28 10:40:00+05:30,34.45,34.15357142857143,34.98357142857143,-0.2964,L
S548,PNB,2022-04-28 11:15:00+05:30,-0.1822,-0.1456,0,,2.0,0.0,-0.7368,0,0.7094,0.0,3,0,0,0,0,3,4,2022-04-28 11:30:00+05:30,2022-04-28 11:35:00+05:30,2022-04-28 15:00:00+05:30,34.31,34.0725,34.737500000000004,-0.05,EOD-
S549,PNB,2022-04-28 11:40:00+05:30,-0.1241,-0.2115,0,,0.4926,100.0,-1.0,0,0.5067,1.0,1,1,1,0,0,1,2,2022-04-28 11:45:00+05:30,2022-04-28 11:50:00+05:30,2022-04-28 15:00:00+05:30,34.31,34.06892857142857,34.743928571428576,-0.05,EOD-
S550,PNB,2022-04-28 12:10:00+05:30,-0.0745,-0.1095,4,4.0,0.1591,50.0,-1.0,0,0.5804,0.0,1,0,0,0,0,1,2,2022-04-28 12:15:00+05:30,2022-04-28 12:20:00+05:30,2022-04-28 15:00:00+05:30,34.26,34.06357142857142,34.61357142857144,0.0,EOD-
S551,PNB,2022-04-28 12:25:00+05:30,0.0088,-0.0745,0,,0.9227,50.0,-0.3103,0,2.4004,1.0,3,0,0,0,0,3,4,2022-04-28 12:40:00+05:30,2022-04-28 12:45:00+05:30,2022-04-28 15:00:00+05:30,34.26,34.06357142857142,34.61357142857143,0.0,EOD-
S552,PNB,2022-04-28 12:50:00+05:30,0.0073,0.0146,0,,0.35,0.0,-1.0,0,0.8158,1.0,1,1,0,0,0,1,2,2022-04-28 12:55:00+05:30,2022-04-28 13:00:00+05:30,2022-04-28 15:00:00+05:30,34.26,34.08142857142857,34.581428571428575,0.0,EOD-
S553,PNB,2022-04-28 13:05:00+05:30,0.0511,0.0073,0,,0.4773,50.0,0.3333,0,1.8154,,0,0,0,0,1,0,1,2022-04-28 13:05:00+05:30,2022-04-28 13:10:00+05:30,2022-04-28 15:00:00+05:30,34.26,34.06357142857142,34.61357142857143,0.0,EOD-
S554,PNB,2022-04-28 13:25:00+05:30,-0.0292,0.0438,0,,0.9042,100.0,-1.0,0,1.4537,0.0,3,0,0,0,0,3,4,2022-04-28 13:40:00+05:30,2022-04-28 13:45:00+05:30,2022-04-28 15:00:00+05:30,34.26,34.04571428571428,34.645714285714284,0.0,EOD-
S555,PNB,2022-04-28 13:50:00+05:30,-0.0584,-0.0657,0,,0.6192,50.0,-0.1304,0,1.1218,0.0,1,0,0,0,0,1,2,2022-04-28 13:55:00+05:30,2022-04-28 14:00:00+05:30,2022-04-28 15:00:00+05:30,34.21,33.97785714285714,34.627857142857145,0.05,EOD+
S556,PNB,2022-04-28 14:05:00+05:30,-0.0,-0.0584,0,,0.1077,0.0,4.0,0,0.2453,,0,1,0,1,1,0,1,2022-04-28 14:05:00+05:30,2022-04-28 14:10:00+05:30,2022-04-28 15:00:00+05:30,34.26,34.02785714285714,34.67785714285714,0.0,EOD-
S557,PNB,2022-04-29 09:45:00+05:30,0.1961,,6,6.0,0.4961,75.0,-1.0,0,0.6613,0.0,1,1,1,1,0,1,2,2022-04-29 09:50:00+05:30,2022-04-29 09:55:00+05:30,2022-04-29 14:35:00+05:30,34.5,34.13214285714286,35.162142857142854,-0.3679,L
S558,PNB,2022-04-29 10:05:00+05:30,0.0914,0.1539,1,1.0,0.0155,100.0,-1.0,0,0.287,0.0,1,0,0,0,0,1,2,2022-04-29 10:10:00+05:30,2022-04-29 10:15:00+05:30,2022-04-29 14:40:00+05:30,34.5,34.096428571428575,35.22642857142856,-0.4036,L
S559,PNB,2022-04-29 10:20:00+05:30,0.1262,0.0914,0,,0.2239,100.0,-1.0,0,0.1852,,0,0,0,0,1,0,1,2022-04-29 10:20:00+05:30,2022-04-29 10:25:00+05:30,2022-04-29 14:35:00+05:30,34.5,34.14821428571429,35.13321428571428,-0.3518,L
S560,PNB,2022-04-29 10:30:00+05:30,0.1608,0.1132,1,1.0,0.0704,0.0,-1.0,0,0.5901,1.0,1,0,0,0,0,1,2,2022-04-29 10:35:00+05:30,2022-04-29 10:40:00+05:30,2022-04-29 14:20:00+05:30,34.55,34.26607142857143,35.06107142857142,-0.2839,L
S561,PNB,2022-04-29 11:00:00+05:30,-0.0507,0.1115,0,,0.6417,0.0,-0.0909,0,0.2488,0.0,3,0,0,1,0,3,4,2022-04-29 11:15:00+05:30,2022-04-29 11:20:00+05:30,2022-04-29 14:20:00+05:30,34.45,34.235714285714295,34.835714285714275,-0.2143,L
S562,PNB,2022-04-29 11:25:00+05:30,-0.058,-0.087,0,,1.0818,0.0,-0.4118,0,0.2624,1.0,2,0,0,1,0,2,3,2022-04-29 11:35:00+05:30,2022-04-29 11:40:00+05:30,2022-04-29 14:20:00+05:30,34.5,34.30357142857143,34.85357142857143,-0.1964,L
S563,PNB,2022-04-29 11:45:00+05:30,0.0073,-0.0362,0,,0.4136,100.0,-1.0,0,4.478,,0,0,0,0,1,0,1,2022-04-29 11:45:00+05:30,2022-04-29 11:50:00+05:30,2022-04-29 12:30:00+05:30,34.55,34.35357142857143,34.903571428571425,-0.1964,L
S564,PNB,2022-04-29 11:55:00+05:30,0.0,-0.0218,0,,0.4667,0.0,0.4286,0,0.1057,,0,0,0,1,1,0,1,2022-04-29 11:55:00+05:30,2022-04-29 12:00:00+05:30,2022-04-29 14:20:00+05:30,34.45,34.2625,34.787499999999994,-0.1875,L
S565,PNB,2022-04-29 12:05:00+05:30,0.0,-0.0073,0,,1.0333,0.0,-0.3548,0,0.7831,0.0,1,0,0,0,0,1,2,2022-04-29 12:10:00+05:30,2022-04-29 12:15:00+05:30,2022-04-29 14:05:00+05:30,34.5,34.3125,34.8375,-0.1875,L
S566,PNB,2022-04-29 12:35:00+05:30,-0.0508,-0.0363,0,,1.3391,50.0,-1.0,0,1.9781,1.0,3,0,0,0,0,3,4,2022-04-29 12:50:00+05:30,2022-04-29 12:55:00+05:30,2022-04-29 14:20:00+05:30,34.45,34.24464285714286,34.81964285714286,-0.2054,L
S567,PNB,2022-04-29 13:00:00+05:30,-0.0218,-0.0653,0,,0.0318,100.0,-1.0,0,0.1175,,0,0,0,1,1,0,1,2022-04-29 13:00:00+05:30,2022-04-29 13:05:00+05:30,2022-04-29 14:20:00+05:30,34.5,34.30357142857143,34.85357142857143,-0.1964,L
S568,PNB,2022-04-29 13:10:00+05:30,0.0145,-0.0435,0,,0.0667,100.0,-1.0,0,0.7256,1.0,3,0,0,1,0,3,4,2022-04-29 13:25:00+05:30,2022-04-29 13:30:00+05:30,2022-04-29 14:20:00+05:30,34.45,34.2625,34.7875,-0.1875,L
S569,PNB,2022-04-29 13:35:00+05:30,-0.0363,0.0073,0,,0.595,50.0,0.1765,0,1.1121,,0,0,0,0,1,0,1,2022-04-29 13:35:00+05:30,2022-04-29 13:40:00+05:30,2022-04-29 14:20:00+05:30,34.45,34.27142857142858,34.771428571428565,-0.1786,L
S570,PNB,2022-04-29 13:45:00+05:30,-0.0363,-0.029,0,,0.6222,0.0,0.25,0,1.2231,,0,0,0,1,1,0,1,2022-04-29 13:45:00+05:30,2022-04-29 13:50:00+05:30,2022-04-29 14:20:00+05:30,34.4,34.239285714285714,34.68928571428571,-0.1607,L
S571,PNB,2022-05-02 10:15:00+05:30,-0.2797,-0.2483,0,,1.7269,0.0,-0.5885,0,0.6059,0.0,3,1,0,1,0,3,4,2022-05-02 10:30:00+05:30,2022-05-02 10:35:00+05:30,2022-05-02 15:00:00+05:30,33.97,33.61821428571429,34.60321428571428,0.14,EOD+
S572,PNB,2022-05-02 10:55:00+05:30,-0.0929,-0.1209,3,3.0,0.7719,100.0,-1.0,0,0.3185,0.0,1,0,0,0,0,1,2,2022-05-02 11:00:00+05:30,2022-05-02 11:05:00+05:30,2022-05-02 15:00:00+05:30,33.87,33.60928571428571,34.33928571428571,0.24,EOD+
S573,PNB,2022-05-02 11:45:00+05:30,-0.0738,-0.0369,0,,1.628,50.0,-1.0,0,1.7041,1.0,3,1,0,0,0,3,4,2022-05-02 12:00:00+05:30,2022-05-02 12:05:00+05:30,2022-05-02 15:00:00+05:30,33.87,33.63428571428572,34.29428571428571,0.24,EOD+
S574,PNB,2022-05-02 13:25:00+05:30,0.1502,0.1474,15,13.0,1.0915,52.63,-1.0,0,1.7701,0.0,1,0,0,0,0,1,2,2022-05-02 13:30:00+05:30,2022-05-02 13:35:00+05:30,2022-05-02 14:05:00+05:30,34.11,33.89928571428571,34.48928571428572,-0.2107,L
S575,PNB,2022-05-02 13:40:00+05:30,0.15,0.1502,1,1.0,0.2925,55.56,0.4286,0,0.6663,,0,0,0,0,1,0,1,2022-05-02 13:40:00+05:30,2022-05-02 13:45:00+05:30,2022-05-02 15:00:00+05:30,33.97,33.73071428571428,34.400714285714294,0.14,EOD+
S576,PNB,2022-05-04 10:35:00+05:30,0.1576,0.2249,16,10.0,0.0856,0.0,4.8824,0,0.501,,0,0,0,1,1,0,1,2022-05-04 10:35:00+05:30,2022-05-04 10:40:00+05:30,2022-05-04 12:25:00+05:30,34.31,34.06178571428571,34.75678571428572,-0.2482,L
S577,PNB,2022-05-04 10:45:00+05:30,0.1648,0.1635,0,,0.3372,64.29,0.5152,0,1.2311,,0,0,0,1,1,0,1,2022-05-04 10:45:00+05:30,2022-05-04 10:50:00+05:30,2022-05-04 12:15:00+05:30,34.4,34.15535714285714,34.840357142857144,-0.2446,L
S578,PNB,2022-05-04 11:00:00+05:30,0.1835,0.1648,2,2.0,0.2197,0.0,3.186,0,1.0649,,0,0,0,0,1,0,1,2022-05-04 11:00:00+05:30,2022-05-04 11:05:00+05:30,2022-05-04 12:15:00+05:30,34.4,34.15535714285714,34.840357142857144,-0.2446,L
S579,PNB,2022-05-04 11:10:00+05:30,0.134,0.185,0,,0.7734,100.0,-1.0,0,0.7735,1.0,2,1,0,1,0,2,3,2022-05-04 11:20:00+05:30,2022-05-04 11:25:00+05:30,2022-05-04 12:25:00+05:30,34.31,34.05464285714286,34.76964285714286,-0.2554,L
S580,PNB,2022-05-04 11:30:00+05:30,0.0277,0.1136,0,,0.35,55.56,0.1111,0,0.6453,,0,0,0,0,1,0,1,2022-05-04 11:30:00+05:30,2022-05-04 11:35:00+05:30,2022-05-04 12:25:00+05:30,34.35,34.09285714285714,34.81285714285715,-0.2571,L
S581,PNB,2022-05-04 11:40:00+05:30,0.0058,0.0422,0,,0.3761,0.0,0.1111,0,0.3027,,0,0,0,1,1,0,1,2022-05-04 11:40:00+05:30,2022-05-04 11:45:00+05:30,2022-05-04 12:15:00+05:30,34.35,34.11071428571429,34.78071428571429,-0.2393,L
S582,PNB,2022-05-04 11:50:00+05:30,-0.0116,0.0204,0,,0.3473,100.0,-1.0,0,2.0013,1.0,1,0,0,0,0,1,2,2022-05-04 11:55:00+05:30,2022-05-04 12:00:00+05:30,2022-05-04 12:25:00+05:30,34.31,34.07964285714286,34.72464285714286,-0.2304,L
S583,PNB,2022-05-05 09:15:00+05:30,,,0,,0.0752,35.71,5.9231,0,1.1519,,0,0,0,0,1,0,1,2022-05-05 09:15:00+05:30,2022-05-05 09:20:00+05:30,2022-05-05 14:20:00+05:30,33.72,33.28785714285714,34.497857142857136,-0.4321,L
S584,PNB,2022-05-05 10:30:00+05:30,0.2809,0.1667,14,3.0,0.072,55.56,3.4444,0,0.2845,,0,1,0,1,1,0,1,2022-05-05 10:30:00+05:30,2022-05-05 10:35:00+05:30,2022-05-05 14:05:00+05:30,33.67,33.3575,34.2325,-0.3125,L
S585,PNB,2022-05-05 11:20:00+05:30,0.216,0.24,8,2.0,0.1818,33.33,1.5,0,1.3497,,0,0,0,0,1,0,1,2022-05-05 11:20:00+05:30,2022-05-05 11:25:00+05:30,2022-05-05 13:00:00+05:30,33.82,33.545,34.315,-0.275,L
S586,PNB,2022-05-05 11:30:00+05:30,0.1657,0.2102,0,,0.35,0.0,0.4286,0,0.3532,,0,0,0,1,1,0,1,2022-05-05 11:30:00+05:30,2022-05-05 11:35:00+05:30,2022-05-05 13:05:00+05:30,33.77,33.52,34.22,-0.25,L
S587,PNB,2022-05-05 11:40:00+05:30,0.1006,0.1805,0,,0.9471,100.0,-1.0,0,0.2115,0.0,2,0,0,1,0,2,3,2022-05-05 11:50:00+05:30,2022-05-05 11:55:00+05:30,2022-05-05 13:00:00+05:30,33.82,33.57714285714286,34.25714285714285,-0.2429,L
S588,PNB,2022-05-06 11:20:00+05:30,-0.038,-0.1186,0,,1.5763,0.0,-0.6711,0,2.1211,1.0,3,1,0,0,0,3,4,2022-05-06 11:35:00+05:30,2022-05-06 11:40:00+05:30,2022-05-06 12:25:00+05:30,32.9,32.65892857142857,33.33392857142857,-0.2411,L
S589,PNB,2022-05-06 11:55:00+05:30,0.0228,-0.0761,3,3.0,0.8762,66.67,-0.4413,0,0.5488,0.0,2,1,0,1,0,2,3,2022-05-06 12:05:00+05:30,2022-05-06 12:10:00+05:30,2022-05-06 12:25:00+05:30,32.85,32.59464285714286,33.30964285714286,-0.2554,L
S590,PNB,2022-05-06 12:15:00+05:30,0.0,0.0365,0,,0.3843,50.0,0.1905,0,0.7248,,0,0,0,1,1,0,1,2022-05-06 12:15:00+05:30,2022-05-06 12:20:00+05:30,2022-05-06 12:35:00+05:30,32.8,32.52678571428571,33.291785714285716,-0.2732,L
S591,PNB,2022-05-06 13:10:00+05:30,-0.1099,-0.1129,0,,1.94,100.0,-1.0,0,3.0043,1.0,3,0,0,0,0,3,4,2022-05-06 13:25:00+05:30,2022-05-06 13:30:00+05:30,2022-05-06 14:50:00+05:30,33.04,32.7275,33.6025,-0.3125,L
S592,PNB,2022-05-06 14:30:00+05:30,0.2146,0.2559,12,4.0,0.2612,26.32,0.0309,0,0.9164,,0,0,1,0,1,0,1,2022-05-06 14:30:00+05:30,2022-05-06 14:35:00+05:30,2022-05-06 15:00:00+05:30,32.9,32.435714285714276,33.735714285714295,-0.05,EOD-
S593,PNB,2022-05-09 10:15:00+05:30,-0.3533,-0.457,0,,1.0004,0.0,-0.7319,0,0.9763,1.0,3,0,0,0,0,3,4,2022-05-09 10:30:00+05:30,2022-05-09 10:35:00+05:30,2022-05-09 15:00:00+05:30,32.51,32.04392857142857,33.348928571428566,0.05,EOD+
S594,PNB,2022-05-09 10:40:00+05:30,-0.2618,-0.2922,0,,0.0099,50.0,32.3333,0,0.4382,,0,0,0,1,1,0,1,2022-05-09 10:40:00+05:30,2022-05-09 10:45:00+05:30,2022-05-09 15:00:00+05:30,32.56,32.181428571428576,33.24142857142857,0.0,EOD-
S595,PNB,2022-05-09 10:50:00+05:30,-0.2915,-0.2617,1,1.0,0.0563,0.0,11.5,0,0.6148,,0,0,0,0,1,0,1,2022-05-09 10:50:00+05:30,2022-05-09 10:55:00+05:30,2022-05-09 15:00:00+05:30,32.46,32.104642857142856,33.099642857142854,0.1,EOD+
S596,PNB,2022-05-09 11:05:00+05:30,-0.1713,-0.2915,2,2.0,0.3444,33.33,0.087,0,0.5246,,0,1,0,1,1,0,1,2022-05-09 11:05:00+05:30,2022-05-09 11:10:00+05:30,2022-05-09 15:00:00+05:30,32.41,32.076071428571424,33.01107142857143,0.15,EOD+
S597,PNB,2022-05-09 11:15:00+05:30,-0.0077,-0.2315,0,,0.8489,100.0,-1.0,0,0.7226,1.0,1,0,0,0,0,1,2,2022-05-09 11:20:00+05:30,2022-05-09 11:25:00+05:30,2022-05-09 15:00:00+05:30,32.41,32.09928571428571,32.96928571428571,0.15,EOD+
S598,PNB,2022-05-09 11:30:00+05:30,0.0894,-0.0077,0,,0.6176,33.33,-0.3333,0,0.6364,,0,1,1,1,1,0,1,2022-05-09 11:30:00+05:30,2022-05-09 11:35:00+05:30,2022-05-09 15:00:00+05:30,32.51,32.20642857142857,33.05642857142857,0.05,EOD+
S599,PNB,2022-05-09 12:00:00+05:30,0.1385,0.1601,5,3.0,0.263,66.67,0.5385,0,0.724,,0,1,0,0,1,0,1,2022-05-09 12:00:00+05:30,2022-05-09 12:05:00+05:30,2022-05-09 15:00:00+05:30,32.51,32.201071428571424,33.066071428571426,0.05,EOD+
S600,PNB,2022-05-09 12:15:00+05:30,0.0538,0.1385,1,1.0,0.3333,0.0,1.5,0,0.6051,,0,0,0,0,1,0,1,2022-05-09 12:15:00+05:30,2022-05-09 12:20:00+05:30,2022-05-09 15:00:00+05:30,32.51,32.21,33.05,0.05,EOD+
S601,PNB,2022-05-09 13:25:00+05:30,-0.023,0.0921,0,,1.3119,0.0,-0.6466,0,0.391,1.0,3,0,0,1,0,3,4,2022-05-09 13:40:00+05:30,2022-05-09 13:45:00+05:30,2022-05-09 15:00:00+05:30,32.56,32.29035714285714,33.04535714285715,0.0,EOD-
S602,PNB,2022-05-10 09:55:00+05:30,0.2756,0.2914,8,8.0,0.0187,50.0,19.0,0,0.8174,,0,1,0,0,1,0,1,2022-05-10 09:55:00+05:30,2022-05-10 10:00:00+05:30,2022-05-10 15:00:00+05:30,32.7,32.36607142857144,33.301071428571426,-0.19,EOD-
S603,PNB,2022-05-10 10:05:00+05:30,0.2219,0.2987,0,,0.1837,0.0,2.7736,0,0.9011,,0,0,0,0,1,0,1,2022-05-10 10:05:00+05:30,2022-05-10 10:10:00+05:30,2022-05-10 15:00:00+05:30,32.75,32.38928571428572,33.39928571428571,-0.24,EOD-
S604,PNB,2022-05-10 10:50:00+05:30,0.2378,0.2594,8,2.0,0.5552,0.0,0.7391,0,1.1845,,0,1,0,0,1,0,1,2022-05-10 10:50:00+05:30,2022-05-10 10:55:00+05:30,2022-05-10 13:15:00+05:30,32.8,32.54107142857143,33.26607142857142,-0.2589,L
S605,PNB,2022-05-10 11:00:00+05:30,0.1341,0.2531,0,,0.125,0.0,7.0,0,0.8316,,0,0,0,0,1,0,1,2022-05-10 11:00:00+05:30,2022-05-10 11:05:00+05:30,2022-05-10 11:25:00+05:30,32.9,32.65,33.35,-0.25,L
S606,PNB,2022-05-10 12:05:00+05:30,-0.0977,-0.0656,0,,1.1737,0.0,-0.5516,0,0.4277,1.0,3,0,0,0,0,3,4,2022-05-10 12:20:00+05:30,2022-05-10 12:25:00+05:30,2022-05-10 13:30:00+05:30,32.7,32.4625,33.127500000000005,-0.2375,L
S607,PNB,2022-05-10 12:30:00+05:30,-0.1146,-0.1069,0,,0.7848,50.0,-0.3243,0,0.7292,1.0,1,0,0,0,0,1,2,2022-05-10 12:35:00+05:30,2022-05-10 12:40:00+05:30,2022-05-10 13:15:00+05:30,32.75,32.51428571428571,33.174285714285716,-0.2357,L
S608,PNB,2022-05-10 12:45:00+05:30,-0.1147,-0.1146,0,,0.5589,50.0,-0.0291,0,0.1512,0.0,1,0,0,1,0,1,2,2022-05-10 12:50:00+05:30,2022-05-10 12:55:00+05:30,2022-05-10 13:15:00+05:30,32.75,32.519642857142856,33.16464285714286,-0.2304,L
S609,PNB,2022-05-10 13:00:00+05:30,-0.0612,-0.1147,2,1.0,0.5126,50.0,0.0753,0,0.8892,,0,0,0,0,1,0,1,2022-05-10 13:00:00+05:30,2022-05-10 13:05:00+05:30,2022-05-10 13:50:00+05:30,32.65,32.42321428571429,33.058214285714286,-0.2268,L
S610,PNB,2022-05-10 14:15:00+05:30,-0.1842,-0.1993,0,,1.1486,50.0,-0.5708,0,1.2998,1.0,3,1,0,1,0,3,4,2022-05-10 14:30:00+05:30,2022-05-10 14:35:00+05:30,2022-05-10 15:00:00+05:30,32.56,32.30642857142857,33.016428571428584,-0.05,EOD-
S611,PNB,2022-05-11 09:15:00+05:30,,,0,,0.82,0.0,-0.187,0,0.7099,0.0,1,0,0,0,0,1,2,2022-05-11 09:20:00+05:30,2022-05-11 09:25:00+05:30,2022-05-11 10:15:00+05:30,32.46,32.084999999999994,33.135000000000005,-0.375,L
S612,PNB,2022-05-11 11:10:00+05:30,-0.3204,-0.2125,0,,1.4899,66.67,-1.0,0,0.5965,0.0,3,0,0,0,0,3,4,2022-05-11 11:25:00+05:30,2022-05-11 11:30:00+05:30,2022-05-11 12:50:00+05:30,32.12,31.730714285714285,32.82071428571428,-0.3893,L
S613,PNB,2022-05-11 11:35:00+05:30,-0.0996,-0.2972,0,,0.3333,0.0,1.0,0,1.1392,,0,1,0,0,1,0,1,2022-05-11 11:35:00+05:30,2022-05-11 11:40:00+05:30,2022-05-11 12:40:00+05:30,32.17,31.795000000000005,32.845,-0.375,L
S614,PNB,2022-05-11 11:55:00+05:30,-0.0545,-0.0623,3,3.0,0.2692,50.0,0.3333,0,0.523,,0,1,0,0,1,0,1,2022-05-11 11:55:00+05:30,2022-05-11 12:00:00+05:30,2022-05-11 12:50:00+05:30,32.12,31.77178571428571,32.746785714285714,-0.3482,L
S615,PNB,2022-05-11 13:20:00+05:30,-0.4297,-0.2815,0,,2.8505,47.37,-0.8734,0,0.7895,0.0,3,0,0,1,0,3,4,2022-05-11 13:35:00+05:30,2022-05-11 13:40:00+05:30,2022-05-11 15:00:00+05:30,31.83,31.483571428571423,32.45357142857143,0.44,EOD+
S616,PNB,2022-05-11 13:45:00+05:30,-0.2437,-0.383,0,,0.491,66.67,-1.0,0,0.58,,0,1,1,1,1,0,1,2022-05-11 13:45:00+05:30,2022-05-11 13:50:00+05:30,2022-05-11 15:00:00+05:30,31.88,31.48535714285714,32.590357142857144,0.39,EOD+
S617,PNB,2022-05-12 11:40:00+05:30,-0.661,-0.6498,0,,0.4506,0.0,-0.3333,0,0.6032,0.0,3,0,0,1,0,3,4,2022-05-12 11:55:00+05:30,2022-05-12 12:00:00+05:30,2022-05-12 13:50:00+05:30,28.62,28.203928571428573,29.368928571428572,-0.4161,L
S618,PNB,2022-05-12 12:30:00+05:30,-0.0878,-0.1808,6,6.0,1.0201,79.17,-0.6552,0,0.5241,0.0,2,0,0,1,0,2,3,2022-05-12 12:40:00+05:30,2022-05-12 12:45:00+05:30,2022-05-12 14:00:00+05:30,28.52,28.164642857142855,29.159642857142863,-0.3554,L
S619,PNB,2022-05-12 13:00:00+05:30,0.0684,0.0333,0,,1.4084,0.0,-0.4012,0,1.6458,1.0,3,0,1,1,0,3,4,2022-05-12 13:15:00+05:30,2022-05-12 13:20:00+05:30,2022-05-12 13:40:00+05:30,28.62,28.323571428571427,29.153571428571436,-0.2964,L
S620,PNB,2022-05-13 12:25:00+05:30,0.378,0.4693,38,7.0,0.116,0.0,5.4286,0,0.4919,,0,0,0,1,1,0,1,2022-05-13 12:25:00+05:30,2022-05-13 12:30:00+05:30,2022-05-13 14:25:00+05:30,28.91,28.608214285714286,29.453214285714285,-0.3018,L
S621,PNB,2022-05-13 12:35:00+05:30,0.355,0.4026,0,,0.0902,0.0,3.7619,0,0.5734,,0,1,0,1,1,0,1,2022-05-13 12:35:00+05:30,2022-05-13 12:40:00+05:30,2022-05-13 14:25:00+05:30,28.91,28.61892857142857,29.433928571428574,-0.2911,L
S622,PNB,2022-05-13 12:50:00+05:30,0.2163,0.355,1,1.0,0.3549,50.0,-1.0,0,0.5725,1.0,1,1,0,1,0,1,2,2022-05-13 12:55:00+05:30,2022-05-13 13:00:00+05:30,2022-05-13 14:15:00+05:30,28.96,28.70285714285714,29.422857142857147,-0.2571,L
S623,PNB,2022-05-13 13:25:00+05:30,0.1019,0.1572,4,1.0,0.3914,50.0,0.1765,0,2.5012,,0,1,0,0,1,0,1,2022-05-13 13:25:00+05:30,2022-05-13 13:30:00+05:30,2022-05-13 14:15:00+05:30,28.96,28.68857142857143,29.44857142857143,-0.2714,L
S624,PNB,2022-05-13 14:00:00+05:30,0.1379,0.0777,5,5.0,0.3017,66.67,0.3333,0,1.1893,,0,0,0,1,1,0,1,2022-05-13 14:00:00+05:30,2022-05-13 14:05:00+05:30,2022-05-13 14:15:00+05:30,28.96,28.649285714285718,29.51928571428571,-0.3107,L
S625,PNB,2022-05-16 09:15:00+05:30,,,0,,1.2478,92.45,-0.8049,0,1.0829,0.0,1,0,1,0,0,1,2,2022-05-16 09:20:00+05:30,2022-05-16 09:25:00+05:30,2022-05-16 15:00:00+05:30,28.82,28.409285714285712,29.559285714285718,0.0,EOD-
S626,PNB,2022-05-16 10:25:00+05:30,0.1656,0.164,12,8.0,0.0648,33.33,8.5238,0,0.6611,,0,0,0,0,1,0,1,2022-05-16 10:25:00+05:30,2022-05-16 10:30:00+05:30,2022-05-16 15:00:00+05:30,28.82,28.41464285714286,29.549642857142853,0.0,EOD-
S627,PNB,2022-05-16 10:35:00+05:30,0.2229,0.1134,1,1.0,0.3461,0.0,1.2472,0,0.3877,,0,1,0,1,1,0,1,2022-05-16 10:35:00+05:30,2022-05-16 10:40:00+05:30,2022-05-16 12:05:00+05:30,28.77,28.44857142857143,29.348571428571425,-0.3214,L
S628,PNB,2022-05-16 10:55:00+05:30,0.2728,0.2732,2,2.0,0.49,50.0,-0.1071,0,1.0494,,0,0,0,0,1,0,1,2022-05-16 10:55:00+05:30,2022-05-16 11:00:00+05:30,2022-05-16 11:40:00+05:30,28.77,28.484285714285715,29.284285714285712,-0.2857,L
S629,PNB,2022-05-16 11:05:00+05:30,0.1789,0.2712,0,,0.1437,44.44,2.2258,0,0.6928,,0,0,0,0,1,0,1,2022-05-16 11:05:00+05:30,2022-05-16 11:10:00+05:30,2022-05-16 11:35:00+05:30,28.82,28.550357142857145,29.30535714285714,-0.2696,L
S630,PNB,2022-05-16 12:05:00+05:30,-0.1638,-0.1549,0,,2.754,28.57,-1.0,0,1.4063,0.0,3,0,0,0,0,3,4,2022-05-16 12:20:00+05:30,2022-05-16 12:25:00+05:30,2022-05-16 15:00:00+05:30,28.67,28.425357142857145,29.110357142857147,0.15,EOD+
S631,PNB,2022-05-16 12:30:00+05:30,-0.1815,-0.1988,0,,0.7138,33.33,-0.3548,0,1.0268,,0,0,1,0,1,0,1,2022-05-16 12:30:00+05:30,2022-05-16 12:35:00+05:30,2022-05-16 12:45:00+05:30,28.72,28.448571428571427,29.208571428571428,-0.2714,L
S632,PNB,2022-05-16 12:40:00+05:30,-0.1729,-0.2233,0,,1.3395,75.0,-0.6774,0,0.9908,0.0,3,0,0,1,0,3,4,2022-05-16 12:55:00+05:30,2022-05-16 13:00:00+05:30,2022-05-16 15:00:00+05:30,28.72,28.43071428571428,29.24071428571429,0.1,EOD+
S633,PNB,2022-05-16 13:55:00+05:30,0.2733,0.2319,11,7.0,0.0336,28.57,27.5714,0,2.1108,,0,0,0,0,1,0,1,2022-05-16 13:55:00+05:30,2022-05-16 14:00:00+05:30,2022-05-16 15:00:00+05:30,28.82,28.559285714285718,29.28928571428571,0.0,EOD-
S634,PNB,2022-05-16 14:20:00+05:30,0.2033,0.2557,4,3.0,0.6336,0.0,1.2581,0,2.995,,0,1,0,0,1,0,1,2022-05-16 14:20:00+05:30,2022-05-16 14:25:00+05:30,2022-05-16 15:00:00+05:30,28.86,28.615357142857142,29.30035714285714,-0.04,EOD-
S635,PNB,2022-05-16 14:30:00+05:30,0.262,0.1877,1,1.0,0.011,55.56,39.0,0,1.3686,,0,0,0,0,1,0,1,2022-05-16 14:30:00+05:30,2022-05-16 14:35:00+05:30,2022-05-16 15:00:00+05:30,28.86,28.633214285714285,29.268214285714286,-0.04,EOD-
S636,PNB,2022-05-17 09:15:00+05:30,,,0,,0.564,28.57,-0.1071,0,1.7377,,0,0,0,0,1,0,1,2022-05-17 09:15:00+05:30,2022-05-17 09:20:00+05:30,2022-05-17 10:05:00+05:30,28.82,28.571785714285713,29.266785714285714,-0.2482,L
S637,PNB,2022-05-17 10:25:00+05:30,-0.1531,-0.1756,0,,1.5151,0.0,-0.696,0,0.824,1.0,3,0,0,0,0,3,4,2022-05-17 10:40:00+05:30,2022-05-17 10:45:00+05:30,2022-05-17 15:00:00+05:30,28.82,28.548571428571428,29.308571428571426,0.34,EOD+
S638,PNB,2022-05-17 11:10:00+05:30,0.0313,0.0418,5,3.0,0.1837,50.0,1.7027,0,0.6245,,0,1,0,0,1,0,1,2022-05-17 11:10:00+05:30,2022-05-17 11:15:00+05:30,2022-05-17 14:00:00+05:30,28.72,28.468214285714282,29.173214285714288,0.4532,W
S639,PNB,2022-05-17 11:55:00+05:30,0.1337,0.1563,7,6.0,0.4142,100.0,-1.0,0,0.9013,0.0,1,0,1,0,0,1,2,2022-05-17 12:00:00+05:30,2022-05-17 12:05:00+05:30,2022-05-17 14:00:00+05:30,28.86,28.645714285714284,29.245714285714286,0.3857,W
S640,PNB,2022-05-17 12:10:00+05:30,0.1301,0.1337,0,,0.1336,0.0,-1.0,0,0.7601,1.0,1,0,1,1,0,1,2,2022-05-17 12:15:00+05:30,2022-05-17 12:20:00+05:30,2022-05-17 15:00:00+05:30,28.91,28.713571428571427,29.263571428571428,0.25,EOD+
S641,PNB,2022-05-17 12:25:00+05:30,0.1075,0.1301,0,,0.3111,55.56,0.6667,0,0.7418,,0,0,1,0,1,0,1,2022-05-17 12:25:00+05:30,2022-05-17 12:30:00+05:30,2022-05-17 15:00:00+05:30,28.91,28.717142857142857,29.257142857142856,0.25,EOD+
S642,PNB,2022-05-17 12:35:00+05:30,0.0399,0.1179,0,,0.299,0.0,0.8182,0,0.5173,,0,0,0,1,1,0,1,2022-05-17 12:35:00+05:30,2022-05-17 12:40:00+05:30,2022-05-17 14:00:00+05:30,28.86,28.67607142857143,29.191071428571426,0.3311,W
S643,PNB,2022-05-17 12:45:00+05:30,0.0243,0.0659,0,,0.3467,0.0,2.3962,0,0.8184,,0,0,0,1,1,0,1,2022-05-17 12:45:00+05:30,2022-05-17 12:50:00+05:30,2022-05-17 14:00:00+05:30,28.86,28.668928571428573,29.20392857142857,0.3439,W
S644,PNB,2022-05-17 13:00:00+05:30,0.0641,0.0243,2,2.0,0.0064,0.0,99.0,0,0.3508,,0,0,0,1,1,0,1,2022-05-17 13:00:00+05:30,2022-05-17 13:05:00+05:30,2022-05-17 15:00:00+05:30,28.91,28.715357142857144,29.260357142857142,0.25,EOD+
S645,PNB,2022-05-17 13:20:00+05:30,-0.0,0.0554,3,1.0,0.475,0.0,1.3684,0,1.3685,,0,0,0,1,1,0,1,2022-05-17 13:20:00+05:30,2022-05-17 13:25:00+05:30,2022-05-17 15:00:00+05:30,28.91,28.71,29.270000000000003,0.25,EOD+
S646,PNB,2022-05-17 13:30:00+05:30,0.0243,0.0069,0,,0.0619,0.0,9.0,0,1.4469,,0,1,1,0,1,0,1,2022-05-17 13:30:00+05:30,2022-05-17 13:35:00+05:30,2022-05-17 15:00:00+05:30,28.96,28.758214285714285,29.32321428571429,0.2,EOD+
S647,PNB,2022-05-18 09:15:00+05:30,,,0,,0.0184,35.71,59.0,0,2.1848,,0,1,0,0,1,0,1,2022-05-18 09:15:00+05:30,2022-05-18 09:20:00+05:30,2022-05-18 10:05:00+05:30,29.2,28.99642857142857,29.56642857142857,-0.2036,L
S648,PNB,2022-05-18 09:25:00+05:30,,,0,,0.1097,26.32,2.8095,0,1.5582,,0,0,0,1,1,0,1,2022-05-18 09:25:00+05:30,2022-05-18 09:30:00+05:30,2022-05-18 12:20:00+05:30,29.16,28.920714285714286,29.590714285714288,-0.2393,L
S649,PNB,2022-05-18 09:35:00+05:30,,,0,,1.0264,28.57,-0.0783,0,1.1371,,0,1,0,1,1,0,1,2022-05-18 09:35:00+05:30,2022-05-18 09:40:00+05:30,2022-05-18 12:30:00+05:30,29.16,28.895714285714284,29.635714285714286,-0.2643,L
S650,PNB,2022-05-18 09:50:00+05:30,0.0206,,1,1.0,0.1426,64.29,-1.0,0,0.8245,0.0,1,0,0,0,0,1,2,2022-05-18 09:55:00+05:30,2022-05-18 10:00:00+05:30,2022-05-18 12:20:00+05:30,29.2,28.910714285714285,29.720714285714287,-0.2893,L
S651,PNB,2022-05-18 11:15:00+05:30,-0.1564,-0.091,0,,1.5948,0.0,-0.6183,0,0.2723,0.0,3,0,0,1,0,3,4,2022-05-18 11:30:00+05:30,2022-05-18 11:35:00+05:30,2022-05-18 12:30:00+05:30,29.11,28.90464285714286,29.47964285714285,-0.2054,L
S652,PNB,2022-05-18 11:40:00+05:30,-0.1411,-0.1651,0,,0.5333,100.0,-1.0,0,0.3023,1.0,1,0,0,1,0,1,2,2022-05-18 11:45:00+05:30,2022-05-18 11:50:00+05:30,2022-05-18 12:30:00+05:30,29.06,28.872500000000002,29.39749999999999,-0.1875,L
S653,PNB,2022-05-18 13:15:00+05:30,-0.1122,-0.0863,0,,0.6696,100.0,-1.0,0,1.4874,1.0,3,1,0,1,0,3,4,2022-05-18 13:30:00+05:30,2022-05-18 13:35:00+05:30,2022-05-18 15:00:00+05:30,28.96,28.754642857142855,29.329642857142865,-0.1,EOD-
S654,PNB,2022-05-18 13:50:00+05:30,0.0432,-0.0432,3,3.0,0.0583,50.0,-1.0,0,0.876,1.0,1,0,0,0,0,1,2,2022-05-18 13:55:00+05:30,2022-05-18 14:00:00+05:30,2022-05-18 15:00:00+05:30,29.01,28.795714285714286,29.39571428571429,-0.15,EOD-
S655,PNB,2022-05-19 10:15:00+05:30,-0.4652,-0.5339,0,,0.8764,100.0,-1.0,0,0.243,1.0,3,0,0,1,0,3,4,2022-05-19 10:30:00+05:30,2022-05-19 10:35:00+05:30,2022-05-19 11:15:00+05:30,28.43,27.997857142857143,29.207857142857144,-0.4321,L
S656,PNB,2022-05-19 10:40:00+05:30,-0.4585,-0.4748,0,,0.681,50.0,-0.3007,0,0.3138,0.0,2,1,0,1,0,2,3,2022-05-19 10:50:00+05:30,2022-05-19 10:55:00+05:30,2022-05-19 11:15:00+05:30,28.28,28.0175,28.752500000000005,-0.2625,L
S657,PNB,2022-05-19 12:25:00+05:30,-0.2415,-0.2678,0,,1.26,0.0,-0.5556,0,0.2726,0.0,3,0,0,1,0,3,4,2022-05-19 12:40:00+05:30,2022-05-19 12:45:00+05:30,2022-05-19 15:00:00+05:30,28.13,27.906785714285714,28.531785714285714,0.1,EOD+
S658,PNB,2022-05-19 12:50:00+05:30,-0.1601,-0.2097,0,,0.2188,55.56,1.2857,0,0.5328,,0,0,0,0,1,0,1,2022-05-19 12:50:00+05:30,2022-05-19 12:55:00+05:30,2022-05-19 15:00:00+05:30,28.18,27.98,28.54,0.05,EOD+
S659,PNB,2022-05-19 13:55:00+05:30,0.1862,0.1367,12,5.0,0.2118,0.0,4.5556,0,1.5136,,0,0,0,0,1,0,1,2022-05-19 13:55:00+05:30,2022-05-19 14:00:00+05:30,2022-05-19 15:00:00+05:30,28.28,28.0675,28.6625,-0.05,EOD-
S660,PNB,2022-05-19 14:05:00+05:30,0.1613,0.1792,1,1.0,0.3792,50.0,0.5385,0,0.8444,,0,0,0,0,1,0,1,2022-05-19 14:05:00+05:30,2022-05-19 14:10:00+05:30,2022-05-19 15:00:00+05:30,28.23,28.015714285714285,28.615714285714287,0.0,EOD-
S661,PNB,2022-05-19 14:15:00+05:30,0.1205,0.179,0,,1.0957,50.0,-0.4444,0,0.6546,0.0,1,0,0,0,0,1,2,2022-05-19 14:20:00+05:30,2022-05-19 14:25:00+05:30,2022-05-19 15:00:00+05:30,28.23,28.024642857142858,28.59964285714286,0.0,EOD-
S662,PNB,2022-05-20 11:20:00+05:30,0.2002,0.2938,25,2.0,0.1,100.0,-1.0,0,1.5221,,0,0,0,0,1,0,1,2022-05-20 11:20:00+05:30,2022-05-20 11:25:00+05:30,2022-05-20 15:00:00+05:30,29.01,28.8225,29.3475,0.15,EOD+
S663,PNB,2022-05-20 11:45:00+05:30,0.1551,0.1777,4,4.0,0.0333,50.0,19.0,0,1.5055,,0,0,0,0,1,0,1,2022-05-20 11:45:00+05:30,2022-05-20 11:50:00+05:30,2022-05-20 15:00:00+05:30,29.01,28.822500000000005,29.347499999999997,0.15,EOD+
S664,PNB,2022-05-20 12:20:00+05:30,0.0431,0.0775,0,,1.5591,100.0,-1.0,0,1.5263,1.0,3,0,0,0,0,3,4,2022-05-20 12:35:00+05:30,2022-05-20 12:40:00+05:30,2022-05-20 15:00:00+05:30,29.01,28.813571428571432,29.363571428571422,0.15,EOD+
S665,PNB,2022-05-20 12:45:00+05:30,-0.0086,0.0086,0,,0.2545,100.0,-1.0,0,0.1715,,0,0,0,1,1,0,1,2022-05-20 12:45:00+05:30,2022-05-20 12:50:00+05:30,2022-05-20 15:00:00+05:30,29.06,28.86357142857143,29.413571428571423,0.1,EOD+
S666,PNB,2022-05-20 12:55:00+05:30,0.0,0.0,0,,0.2333,100.0,-1.0,0,0.2399,,0,0,0,1,1,0,1,2022-05-20 12:55:00+05:30,2022-05-20 13:00:00+05:30,2022-05-20 15:00:00+05:30,29.01,28.822500000000005,29.347499999999997,0.15,EOD+
S667,PNB,2022-05-20 13:45:00+05:30,0.0843,0.0585,8,4.0,0.0677,50.0,10.1111,0,1.6612,,0,1,0,0,1,0,1,2022-05-20 13:45:00+05:30,2022-05-20 13:50:00+05:30,2022-05-20 15:00:00+05:30,29.11,28.94392857142857,29.408928571428568,0.05,EOD+
S668,PNB,2022-05-20 13:55:00+05:30,0.1118,0.0843,1,1.0,0.3143,50.0,1.2727,0,1.6989,,0,0,0,0,1,0,1,2022-05-20 13:55:00+05:30,2022-05-20 14:00:00+05:30,2022-05-20 15:00:00+05:30,29.11,28.935,29.425,0.05,EOD+
S669,PNB,2022-05-20 14:05:00+05:30,0.1289,0.086,0,,0.5029,0.0,0.3514,0,0.7463,,0,1,0,0,1,0,1,2022-05-20 14:05:00+05:30,2022-05-20 14:10:00+05:30,2022-05-20 15:00:00+05:30,29.11,28.926071428571426,29.44107142857143,0.05,EOD+
S670,PNB,2022-05-20 14:15:00+05:30,0.1374,0.1203,0,,0.0286,100.0,-1.0,0,0.3751,,0,0,0,1,1,0,1,2022-05-20 14:15:00+05:30,2022-05-20 14:20:00+05:30,2022-05-20 15:00:00+05:30,29.16,28.985,29.475000000000005,0.0,EOD-
S671,PNB,2022-05-20 14:25:00+05:30,0.1202,0.146,0,,0.8361,0.0,0.5504,0,0.7256,,0,0,0,0,1,0,1,2022-05-20 14:25:00+05:30,2022-05-20 14:30:00+05:30,2022-05-20 15:00:00+05:30,29.16,28.967142857142854,29.50714285714286,0.0,EOD-
S672,PNB,2022-05-23 09:15:00+05:30,,,0,,0.7812,48.28,-0.3506,0,1.6594,0.0,1,0,0,1,0,1,2,2022-05-23 09:20:00+05:30,2022-05-23 09:25:00+05:30,2022-05-23 11:25:00+05:30,29.2,28.953571428571426,29.643571428571434,0.4436,W
S673,PNB,2022-05-23 09:30:00+05:30,,,0,,0.3436,0.0,1.2222,0,1.6053,,0,0,0,0,1,0,1,2022-05-23 09:30:00+05:30,2022-05-23 09:35:00+05:30,2022-05-23 12:10:00+05:30,29.2,28.905357142857138,29.730357142857148,0.5304,W
S674,PNB,2022-05-23 12:40:00+05:30,0.1889,0.2363,36,6.0,0.0363,0.0,13.2857,0,0.9665,,0,0,0,0,1,0,1,2022-05-23 12:40:00+05:30,2022-05-23 12:45:00+05:30,2022-05-23 15:00:00+05:30,29.69,29.448928571428574,30.12392857142857,-0.1,EOD-
S675,PNB,2022-05-24 09:15:00+05:30,,,0,,0.5082,69.39,-0.3711,0,3.1844,,0,0,0,0,1,0,1,2022-05-24 09:15:00+05:30,2022-05-24 09:20:00+05:30,2022-05-24 10:10:00+05:30,29.93,29.53892857142857,30.63392857142857,-0.3911,L
S676,PNB,2022-05-24 09:45:00+05:30,0.2068,,5,5.0,0.2719,66.67,0.1494,0,0.8165,,0,0,0,0,1,0,1,2022-05-24 09:45:00+05:30,2022-05-24 09:50:00+05:30,2022-05-24 12:10:00+05:30,29.74,29.34,30.459999999999997,-0.4,L
S677,PNB,2022-05-24 11:30:00+05:30,-0.3286,-0.3432,0,,1.4391,100.0,-1.0,0,1.3934,1.0,3,0,0,0,0,3,4,2022-05-24 11:45:00+05:30,2022-05-24 11:50:00+05:30,2022-05-24 12:10:00+05:30,29.59,29.3025,30.107499999999998,-0.2875,L
S678,PNB,2022-05-24 12:15:00+05:30,-0.0967,-0.0865,0,,0.5566,0.0,-0.2424,0,1.0623,1.0,3,0,0,0,0,3,4,2022-05-24 12:30:00+05:30,2022-05-24 12:35:00+05:30,2022-05-24 15:00:00+05:30,29.5,29.20357142857143,30.033571428571427,0.09,EOD+
S679,PNB,2022-05-24 12:40:00+05:30,-0.056,-0.073,0,,0.4471,35.71,-1.0,0,1.2954,,0,1,0,0,1,0,1,2022-05-24 12:40:00+05:30,2022-05-24 12:45:00+05:30,2022-05-24 15:00:00+05:30,29.45,29.173214285714284,29.948214285714286,0.14,EOD+
S680,PNB,2022-05-24 12:50:00+05:30,-0.0153,-0.0407,1,1.0,0.0188,0.0,24.0,0,0.6304,,0,1,0,1,1,0,1,2022-05-24 12:50:00+05:30,2022-05-24 12:55:00+05:30,2022-05-24 15:00:00+05:30,29.5,29.23392857142857,29.978928571428572,0.09,EOD+
S681,PNB,2022-05-24 13:05:00+05:30,0.056,-0.0153,1,1.0,0.1418,100.0,-1.0,0,1.7886,1.0,2,0,0,0,0,2,3,2022-05-24 13:15:00+05:30,2022-05-24 13:20:00+05:30,2022-05-24 15:00:00+05:30,29.45,29.16785714285714,29.957857142857144,0.14,EOD+
S682,PNB,2022-05-24 13:25:00+05:30,0.0102,0.073,0,,0.5963,50.0,-0.2754,0,0.4982,,0,0,0,1,1,0,1,2022-05-24 13:25:00+05:30,2022-05-24 13:30:00+05:30,2022-05-24 15:00:00+05:30,29.5,29.210714285714285,30.020714285714288,0.09,EOD+
S683,PNB,2022-05-24 13:35:00+05:30,-0.0068,0.0577,0,,0.175,100.0,-1.0,0,1.2371,1.0,1,0,0,0,0,1,2,2022-05-24 13:40:00+05:30,2022-05-24 13:45:00+05:30,2022-05-24 15:00:00+05:30,29.5,29.228571428571428,29.988571428571433,0.09,EOD+
S684,PNB,2022-05-24 13:50:00+05:30,0.0254,-0.0068,0,,0.2559,55.56,-1.0,0,0.509,,0,1,0,1,1,0,1,2022-05-24 13:50:00+05:30,2022-05-24 13:55:00+05:30,2022-05-24 15:00:00+05:30,29.5,29.241071428571427,29.966071428571432,0.09,EOD+
S685,PNB,2022-05-24 14:15:00+05:30,0.0966,0.0814,3,3.0,0.0479,0.0,7.0,0,0.6301,,0,0,0,1,1,0,1,2022-05-24 14:15:00+05:30,2022-05-24 14:20:00+05:30,2022-05-24 15:00:00+05:30,29.54,29.279285714285713,30.009285714285717,0.05,EOD+
S686,PNB,2022-05-25 09:15:00+05:30,,,0,,0.1359,47.37,-1.0,0,1.4874,,0,1,1,0,1,0,1,2022-05-25 09:15:00+05:30,2022-05-25 09:20:00+05:30,2022-05-25 12:55:00+05:30,29.64,29.33642857142857,30.186428571428575,-0.3036,L
S687,PNB,2022-05-25 11:25:00+05:30,0.1394,0.2201,24,8.0,0.4303,50.0,0.3333,0,1.1054,,0,0,0,0,1,0,1,2022-05-25 11:25:00+05:30,2022-05-25 11:30:00+05:30,2022-05-25 12:30:00+05:30,29.79,29.572142857142858,30.182142857142857,-0.2179,L
S688,PNB,2022-05-26 10:35:00+05:30,-0.6475,-0.6012,0,,2.8547,100.0,-1.0,0,0.5553,0.0,3,1,0,1,0,3,4,2022-05-26 10:50:00+05:30,2022-05-26 10:55:00+05:30,2022-05-26 12:50:00+05:30,28.47,28.127142857142857,29.087142857142858,0.6171,W
S689,PNB,2022-05-26 13:05:00+05:30,0.2858,0.3035,25,3.0,0.0987,80.0,-1.0,0,1.0534,0.0,1,1,0,1,0,1,2,2022-05-26 13:10:00+05:30,2022-05-26 13:15:00+05:30,2022-05-26 15:00:00+05:30,28.91,28.63142857142857,29.411428571428573,0.34,EOD+
S690,PNB,2022-05-26 13:25:00+05:30,0.1902,0.2683,2,2.0,0.0386,0.0,-1.0,0,0.9351,1.0,1,0,1,1,0,1,2,2022-05-26 13:30:00+05:30,2022-05-26 13:35:00+05:30,2022-05-26 15:00:00+05:30,29.06,28.801071428571426,29.52607142857143,0.19,EOD+
S691,PNB,2022-05-26 13:55:00+05:30,0.1519,0.1503,4,4.0,0.86,25.0,-0.0698,0,1.149,0.0,1,0,0,0,0,1,2,2022-05-26 14:00:00+05:30,2022-05-26 14:05:00+05:30,2022-05-26 15:00:00+05:30,29.01,28.697500000000005,29.572499999999998,0.24,EOD+
S692,PNB,2022-05-26 14:10:00+05:30,0.0673,0.1519,0,,0.875,0.0,-0.5556,0,0.8549,0.0,1,1,1,1,0,1,2,2022-05-26 14:15:00+05:30,2022-05-26 14:20:00+05:30,2022-05-26 15:00:00+05:30,29.06,28.73857142857143,29.638571428571424,0.19,EOD+
S693,PNB,2022-05-27 10:00:00+05:30,0.4525,0.637,9,6.0,0.0,26.32,,1,0.6615,,0,0,0,0,1,0,1,2022-05-27 10:00:00+05:30,2022-05-27 10:05:00+05:30,2022-05-27 15:00:00+05:30,29.59,29.111428571428572,30.45142857142857,0.05,EOD+
S694,PNB,2022-05-27 12:00:00+05:30,-0.1699,-0.2292,0,,0.8694,100.0,-1.0,0,3.2599,1.0,3,1,0,0,0,3,4,2022-05-27 12:15:00+05:30,2022-05-27 12:20:00+05:30,2022-05-27 15:00:00+05:30,29.5,29.27857142857143,29.898571428571426,0.14,EOD+
S695,PNB,2022-05-27 13:25:00+05:30,0.1474,0.1289,13,12.0,0.2128,100.0,-1.0,0,1.3958,1.0,1,0,0,0,0,1,2,2022-05-27 13:30:00+05:30,2022-05-27 13:35:00+05:30,2022-05-27 15:00:00+05:30,29.5,29.27678571428571,29.90178571428572,0.14,EOD+
S696,PNB,2022-05-27 13:45:00+05:30,0.1235,0.1389,0,,1.0015,0.0,-0.4898,0,1.0569,0.0,3,1,0,1,0,3,4,2022-05-27 14:00:00+05:30,2022-05-27 14:05:00+05:30,2022-05-27 15:00:00+05:30,29.59,29.345357142857143,30.030357142857145,0.05,EOD+
S697,PNB,2022-05-30 10:25:00+05:30,0.2248,0.2536,14,8.0,0.1833,44.44,2.0303,0,0.8518,,0,0,1,0,1,0,1,2022-05-30 10:25:00+05:30,2022-05-30 10:30:00+05:30,2022-05-30 12:45:00+05:30,29.88,29.654999999999998,30.285,0.405,W
S698,PNB,2022-05-30 10:35:00+05:30,0.1995,0.24,0,,0.4948,44.44,0.2195,0,0.1814,,0,0,0,1,1,0,1,2022-05-30 10:35:00+05:30,2022-05-30 10:40:00+05:30,2022-05-30 12:40:00+05:30,29.84,29.63285714285714,30.212857142857143,0.3729,W
S699,PNB,2022-05-30 10:45:00+05:30,0.1993,0.2163,0,,0.8308,0.0,-1.0,0,0.7813,1.0,1,0,0,0,0,1,2,2022-05-30 10:50:00+05:30,2022-05-30 10:55:00+05:30,2022-05-30 12:40:00+05:30,29.88,29.68892857142857,30.223928571428573,0.3439,W
S700,PNB,2022-05-30 11:00:00+05:30,0.1389,0.1993,0,,0.4596,100.0,-1.0,0,0.2861,1.0,1,0,0,1,0,1,2,2022-05-30 11:05:00+05:30,2022-05-30 11:10:00+05:30,2022-05-30 12:40:00+05:30,29.88,29.703214285714285,30.198214285714283,0.3182,W
S701,PNB,2022-05-30 11:35:00+05:30,-0.0754,-0.0469,0,,0.2049,0.0,-1.0,0,0.3482,0.0,3,0,0,1,0,3,4,2022-05-30 11:50:00+05:30,2022-05-30 11:55:00+05:30,2022-05-30 12:40:00+05:30,29.84,29.69357142857143,30.103571428571428,0.2636,W
S702,PNB,2022-05-30 12:05:00+05:30,0.0067,-0.0369,0,,0.218,0.0,-1.0,0,2.8849,1.0,3,1,0,0,0,3,4,2022-05-30 12:20:00+05:30,2022-05-30 12:25:00+05:30,2022-05-30 12:30:00+05:30,29.84,29.73107142857143,30.036071428571425,0.1961,W
S703,PNB,2022-05-30 14:15:00+05:30,0.6597,0.7391,21,13.0,0.0782,0.0,12.6364,0,1.1829,,0,0,0,0,1,0,1,2022-05-30 14:15:00+05:30,2022-05-30 14:20:00+05:30,2022-05-30 15:00:00+05:30,30.71,30.35821428571429,31.343214285714282,0.1,EOD+
S704,PNB,2022-05-31 09:15:00+05:30,,,0,,2.1394,33.33,-0.5392,0,1.4876,0.0,1,0,0,0,0,1,2,2022-05-31 09:20:00+05:30,2022-05-31 09:25:00+05:30,2022-05-31 15:00:00+05:30,30.81,30.556428571428572,31.266428571428566,-0.2536,L
S705,PNB,2022-05-31 09:30:00+05:30,,,0,,1.379,100.0,-1.0,0,0.6706,0.0,3,0,0,0,0,3,4,2022-05-31 09:45:00+05:30,2022-05-31 09:50:00+05:30,2022-05-31 15:00:00+05:30,30.76,30.461785714285718,31.296785714285715,-0.2982,L
S706,PNB,2022-05-31 09:55:00+05:30,-0.0244,-0.0244,0,,0.0551,0.0,-1.0,0,0.8659,1.0,1,0,0,0,0,1,2,2022-05-31 10:00:00+05:30,2022-05-31 10:05:00+05:30,2022-05-31 11:45:00+05:30,30.9,30.582142857142856,31.472142857142853,-0.3179,L
S707,PNB,2022-05-31 10:35:00+05:30,0.1087,0.0731,6,5.0,0.0409,0.0,11.5,0,0.3993,,0,1,1,1,1,0,1,2022-05-31 10:35:00+05:30,2022-05-31 10:40:00+05:30,2022-05-31 11:45:00+05:30,30.9,30.65535714285714,31.340357142857137,-0.2446,L
S708,PNB,2022-05-31 11:15:00+05:30,0.2104,0.1313,7,7.0,0.4222,71.43,0.0526,0,1.8586,,0,1,0,0,1,0,1,2022-05-31 11:15:00+05:30,2022-05-31 11:20:00+05:30,2022-05-31 11:40:00+05:30,30.9,30.674999999999997,31.305,-0.225,L
S709,PNB,2022-05-31 13:20:00+05:30,-0.145,-0.2296,0,,0.2545,0.0,-1.0,0,1.2526,1.0,3,0,0,1,0,3,4,2022-05-31 13:35:00+05:30,2022-05-31 13:40:00+05:30,2022-05-31 14:55:00+05:30,30.76,30.56357142857143,31.113571428571436,-0.1964,L
S710,PNB,2022-05-31 13:45:00+05:30,0.0244,-0.0489,0,,0.2962,100.0,-1.0,0,0.8747,,0,0,0,1,1,0,1,2022-05-31 13:45:00+05:30,2022-05-31 13:50:00+05:30,2022-05-31 15:00:00+05:30,30.76,30.52785714285714,31.17785714285715,-0.2321,L
S711,PNB,2022-05-31 13:55:00+05:30,0.0081,0.0244,0,,0.2852,100.0,-1.0,0,3.4044,,0,0,0,0,1,0,1,2022-05-31 13:55:00+05:30,2022-05-31 14:00:00+05:30,2022-05-31 14:55:00+05:30,30.81,30.568928571428568,31.243928571428576,-0.2411,L
S712,PNB,2022-05-31 14:15:00+05:30,0.0407,0.0163,3,3.0,0.3621,66.67,0.3333,0,2.1365,,0,0,0,0,1,0,1,2022-05-31 14:15:00+05:30,2022-05-31 14:20:00+05:30,2022-05-31 15:00:00+05:30,30.71,30.451071428571428,31.17607142857143,-0.2589,L
S713,PNB,2022-05-31 14:30:00+05:30,0.0407,0.0407,1,1.0,0.4345,50.0,0.1111,0,0.8044,,0,0,0,1,1,0,1,2022-05-31 14:30:00+05:30,2022-05-31 14:35:00+05:30,2022-05-31 15:00:00+05:30,30.66,30.401071428571427,31.12607142857143,-0.1,EOD-
S714,PNB,2022-06-01 09:15:00+05:30,,,0,,1.4236,64.29,-1.0,0,1.4956,0.0,1,0,1,0,0,1,2,2022-06-01 09:20:00+05:30,2022-06-01 09:25:00+05:30,2022-06-01 13:05:00+05:30,30.71,30.44571428571429,31.185714285714287,-0.2643,L
S715,PNB,2022-06-01 09:30:00+05:30,,,0,,0.6181,35.71,-0.4702,0,1.2609,,0,1,1,1,1,0,1,2022-06-01 09:30:00+05:30,2022-06-01 09:35:00+05:30,2022-06-01 13:30:00+05:30,30.66,30.354642857142856,31.209642857142857,-0.3054,L
S716,PNB,2022-06-01 09:40:00+05:30,-0.1144,,1,1.0,0.1972,0.0,2.9216,0,0.6302,,0,0,0,1,1,0,1,2022-06-01 09:40:00+05:30,2022-06-01 09:45:00+05:30,2022-06-01 13:30:00+05:30,30.66,30.336785714285714,31.241785714285715,-0.3232,L
S717,PNB,2022-06-01 09:50:00+05:30,-0.0818,,0,,0.1254,50.0,1.7778,0,1.2372,,0,0,0,0,1,0,1,2022-06-01 09:50:00+05:30,2022-06-01 09:55:00+05:30,2022-06-01 15:00:00+05:30,30.61,30.25107142857143,31.256071428571428,-0.24,EOD-
S718,PNB,2022-06-01 10:00:00+05:30,-0.0491,-0.0981,0,,0.0973,50.0,2.8462,0,0.3016,,0,0,0,0,1,0,1,2022-06-01 10:00:00+05:30,2022-06-01 10:05:00+05:30,2022-06-01 13:30:00+05:30,30.66,30.326071428571428,31.26107142857143,-0.3339,L
S719,PNB,2022-06-01 10:45:00+05:30,0.1795,0.1274,7,6.0,0.33,100.0,-1.0,0,0.1078,0.0,1,1,0,1,0,1,2,2022-06-01 10:50:00+05:30,2022-06-01 10:55:00+05:30,2022-06-01 13:15:00+05:30,30.66,30.409999999999997,31.110000000000007,-0.25,L
S720,PNB,2022-06-01 11:25:00+05:30,-0.0326,0.0554,0,,1.0957,0.0,-0.4444,0,1.1978,0.0,3,0,0,0,0,3,4,2022-06-01 11:40:00+05:30,2022-06-01 11:45:00+05:30,2022-06-01 12:30:00+05:30,30.71,30.504642857142855,31.079642857142865,-0.2054,L
S721,PNB,2022-06-01 13:50:00+05:30,-0.1476,-0.172,0,,1.4299,0.0,-0.5816,0,1.3689,1.0,3,0,0,0,0,3,4,2022-06-01 14:05:00+05:30,2022-06-01 14:10:00+05:30,2022-06-01 15:00:00+05:30,30.42,30.211071428571433,30.796071428571427,-0.05,EOD-
S722,PNB,2022-06-01 14:15:00+05:30,-0.1248,-0.1477,0,,0.9508,100.0,-1.0,0,1.3583,1.0,1,0,0,1,0,1,2,2022-06-01 14:20:00+05:30,2022-06-01 14:25:00+05:30,2022-06-01 15:00:00+05:30,30.47,30.255714285714287,30.85571428571428,-0.1,EOD-
S723,PNB,2022-06-02 09:15:00+05:30,,,0,,0.7085,82.76,-0.3976,0,1.8822,,0,1,0,0,1,0,1,2022-06-02 09:15:00+05:30,2022-06-02 09:20:00+05:30,2022-06-02 14:35:00+05:30,30.61,30.317142857142855,31.13714285714286,0.5271,W
S724,PNB,2022-06-02 10:25:00+05:30,0.3415,0.391,13,10.0,0.3457,50.0,0.25,0,0.6056,,0,0,1,0,1,0,1,2022-06-02 10:25:00+05:30,2022-06-02 10:30:00+05:30,2022-06-02 15:00:00+05:30,30.81,30.520714285714284,31.330714285714283,0.39,EOD+
S725,PNB,2022-06-02 11:10:00+05:30,-0.0227,0.0877,0,,1.4706,100.0,-1.0,0,0.2155,0.0,3,0,0,1,0,3,4,2022-06-02 11:25:00+05:30,2022-06-02 11:30:00+05:30,2022-06-02 12:00:00+05:30,30.76,30.565357142857145,31.110357142857143,-0.1946,L
S726,PNB,2022-06-02 12:05:00+05:30,-0.114,-0.1058,0,,1.0818,0.0,-0.4118,0,1.1603,1.0,3,0,0,1,0,3,4,2022-06-02 12:20:00+05:30,2022-06-02 12:25:00+05:30,2022-06-02 13:45:00+05:30,30.66,30.463571428571427,31.013571428571435,0.3536,W
S727,PNB,2022-06-02 12:30:00+05:30,-0.0081,-0.1059,0,,0.4789,100.0,-1.0,0,0.9929,,0,0,0,0,1,0,1,2022-06-02 12:30:00+05:30,2022-06-02 12:35:00+05:30,2022-06-02 13:40:00+05:30,30.66,30.49035714285714,30.965357142857147,0.3054,W
S728,PNB,2022-06-02 12:55:00+05:30,-0.0489,0.0,0,,0.9947,0.0,-0.2593,0,4.173,1.0,3,1,0,0,0,3,4,2022-06-02 13:10:00+05:30,2022-06-02 13:15:00+05:30,2022-06-02 14:35:00+05:30,30.76,30.59035714285714,31.06535714285715,0.3054,W
S729,PNB,2022-06-03 09:30:00+05:30,,,3,3.0,0.0155,0.0,49.0,0,0.5508,,0,0,0,0,1,0,1,2022-06-03 09:30:00+05:30,2022-06-03 09:35:00+05:30,2022-06-03 12:55:00+05:30,31.2,30.876785714285717,31.781785714285707,-0.3232,L
S730,PNB,2022-06-03 09:40:00+05:30,0.1607,,1,1.0,0.1476,71.43,-1.0,0,0.3173,0.0,1,0,0,1,0,1,2,2022-06-03 09:45:00+05:30,2022-06-03 09:50:00+05:30,2022-06-03 12:55:00+05:30,31.2,30.86964285714286,31.79464285714285,-0.3304,L
S731,PNB,2022-06-03 09:55:00+05:30,0.1765,0.1607,0,,0.4361,28.57,0.7544,0,0.4775,,0,0,0,0,1,0,1,2022-06-03 09:55:00+05:30,2022-06-03 10:00:00+05:30,2022-06-03 13:25:00+05:30,31.15,30.823214285714286,31.738214285714278,-0.3268,L
S732,PNB,2022-06-03 10:40:00+05:30,-0.1125,-0.0803,0,,1.9952,33.33,-0.7613,0,0.9855,1.0,3,0,0,0,0,3,4,2022-06-03 10:55:00+05:30,2022-06-03 11:00:00+05:30,2022-06-03 13:25:00+05:30,31.1,30.837500000000002,31.572499999999998,-0.2625,L
S733,PNB,2022-06-03 11:10:00+05:30,-0.1433,-0.119,0,,0.5963,0.0,-1.0,0,0.1182,0.0,3,0,0,1,0,3,4,2022-06-03 11:25:00+05:30,2022-06-03 11:30:00+05:30,2022-06-03 13:45:00+05:30,31.05,30.80892857142857,31.483928571428574,-0.2411,L
S734,PNB,2022-06-03 11:45:00+05:30,-0.129,-0.1289,0,,0.6125,50.0,-0.0476,0,0.498,0.0,3,0,0,0,0,3,4,2022-06-03 12:00:00+05:30,2022-06-03 12:05:00+05:30,2022-06-03 13:45:00+05:30,31.0,30.78571428571428,31.38571428571429,-0.2143,L
S735,PNB,2022-06-03 12:10:00+05:30,-0.0161,-0.1129,0,,0.6333,100.0,-1.0,0,0.4444,,0,0,0,1,1,0,1,2022-06-03 12:10:00+05:30,2022-06-03 12:15:00+05:30,2022-06-03 13:25:00+05:30,31.0,30.812499999999996,31.337500000000006,-0.1875,L
S736,PNB,2022-06-03 12:20:00+05:30,0.0161,-0.0403,0,,0.6045,0.0,0.0526,0,2.1316,,0,0,0,0,1,0,1,2022-06-03 12:20:00+05:30,2022-06-03 12:25:00+05:30,2022-06-03 14:25:00+05:30,30.95,30.753571428571426,31.303571428571434,-0.1964,L
S737,PNB,2022-06-03 12:30:00+05:30,0.0,-0.0081,0,,1.064,66.67,-1.0,0,1.3582,0.0,2,0,0,0,0,2,3,2022-06-03 12:40:00+05:30,2022-06-03 12:45:00+05:30,2022-06-03 13:45:00+05:30,31.0,30.77678571428571,31.40178571428572,-0.2232,L
S738,PNB,2022-06-03 13:50:00+05:30,-0.1133,-0.0841,0,,1.1688,0.0,-0.4505,0,1.236,1.0,3,0,0,0,0,3,4,2022-06-03 14:05:00+05:30,2022-06-03 14:10:00+05:30,2022-06-03 14:25:00+05:30,30.9,30.705357142857142,31.250357142857144,-0.1946,L
S739,PNB,2022-06-03 14:15:00+05:30,-0.0777,-0.1376,0,,0.2311,0.0,1.3529,0,2.0422,,0,0,0,1,1,0,1,2022-06-03 14:15:00+05:30,2022-06-03 14:20:00+05:30,2022-06-03 14:25:00+05:30,30.9,30.71607142857143,31.23107142857143,-0.1839,L
S740,PNB,2022-06-06 10:05:00+05:30,-0.3612,-0.4602,0,,2.0161,35.71,-0.8553,0,1.2129,1.0,3,1,1,0,0,3,4,2022-06-06 10:20:00+05:30,2022-06-06 10:25:00+05:30,2022-06-06 15:00:00+05:30,30.47,30.127142857142854,31.087142857142858,0.09,EOD+
S741,PNB,2022-06-06 10:30:00+05:30,-0.2304,-0.3616,1,1.0,0.1367,0.0,5.0606,0,0.5164,,0,1,1,0,1,0,1,2022-06-06 10:30:00+05:30,2022-06-06 10:35:00+05:30,2022-06-06 15:00:00+05:30,30.52,30.218214285714286,31.063214285714288,0.04,EOD+
S742,PNB,2022-06-06 11:15:00+05:30,0.1907,-0.0412,8,3.0,0.3692,0.0,1.5974,0,0.8967,,0,0,0,0,1,0,1,2022-06-06 11:15:00+05:30,2022-06-06 11:20:00+05:30,2022-06-06 15:00:00+05:30,30.47,30.209285714285716,30.939285714285706,0.09,EOD+
S743,PNB,2022-06-06 11:25:00+05:30,0.2021,0.1267,0,,0.561,0.0,0.7094,0,0.3203,,0,0,0,1,1,0,1,2022-06-06 11:25:00+05:30,2022-06-06 11:30:00+05:30,2022-06-06 15:00:00+05:30,30.47,30.209285714285716,30.939285714285706,0.09,EOD+
S744,PNB,2022-06-06 11:35:00+05:30,0.1462,0.2252,0,,1.1766,0.0,-0.1561,0,0.8076,1.0,3,0,0,0,0,3,4,2022-06-06 11:50:00+05:30,2022-06-06 11:55:00+05:30,2022-06-06 15:00:00+05:30,30.52,30.26821428571429,30.973214285714278,0.04,EOD+
S745,PNB,2022-06-06 12:00:00+05:30,0.123,0.1067,0,,0.0641,0.0,7.3333,0,1.1861,,0,0,1,1,1,0,1,2022-06-06 12:00:00+05:30,2022-06-06 12:05:00+05:30,2022-06-06 15:00:00+05:30,30.56,30.326071428571428,30.981071428571422,0.0,EOD-
S746,PNB,2022-06-06 12:10:00+05:30,0.0902,0.1313,0,,0.1132,44.44,3.5455,0,0.647,,0,0,1,0,1,0,1,2022-06-06 12:10:00+05:30,2022-06-06 12:15:00+05:30,2022-06-06 15:00:00+05:30,30.56,30.31714285714286,30.99714285714285,0.0,EOD-
S747,PNB,2022-06-06 12:20:00+05:30,0.0328,0.1066,0,,0.6279,0.0,-0.1803,0,0.8289,0.0,2,0,0,0,0,2,3,2022-06-06 12:30:00+05:30,2022-06-06 12:35:00+05:30,2022-06-06 15:00:00+05:30,30.52,30.27714285714286,30.957142857142852,0.04,EOD+
S748,PNB,2022-06-06 12:40:00+05:30,-0.0131,0.0246,0,,0.0817,100.0,-1.0,0,1.508,,0,1,0,0,1,0,1,2022-06-06 12:40:00+05:30,2022-06-06 12:45:00+05:30,2022-06-06 15:00:00+05:30,30.56,30.345714285714287,30.94571428571428,0.0,EOD-
S749,PNB,2022-06-06 13:15:00+05:30,0.0999,0.0754,6,5.0,0.0165,55.56,25.6667,0,0.4664,,0,0,0,1,1,0,1,2022-06-06 13:15:00+05:30,2022-06-06 13:20:00+05:30,2022-06-06 15:00:00+05:30,30.61,30.383214285714285,31.018214285714283,-0.05,EOD-
S750,PNB,2022-06-06 13:30:00+05:30,0.0933,0.0999,2,2.0,0.7164,64.29,-1.0,0,0.8401,0.0,1,0,0,1,0,1,2,2022-06-06 13:35:00+05:30,2022-06-06 13:40:00+05:30,2022-06-06 15:00:00+05:30,30.56,30.33142857142857,30.97142857142857,0.0,EOD-
S751,PNB,2022-06-06 13:55:00+05:30,0.0409,0.0671,2,2.0,0.297,0.0,0.4286,0,1.1277,,0,1,0,0,1,0,1,2022-06-06 13:55:00+05:30,2022-06-06 14:00:00+05:30,2022-06-06 15:00:00+05:30,30.56,30.32428571428571,30.984285714285715,0.0,EOD-
S752,PNB,2022-06-06 14:05:00+05:30,0.0654,0.0262,0,,0.022,0.0,24.0,0,1.5703,,0,1,0,0,1,0,1,2022-06-06 14:05:00+05:30,2022-06-06 14:10:00+05:30,2022-06-06 15:00:00+05:30,30.61,30.383214285714285,31.018214285714286,-0.05,EOD-
S753,PNB,2022-06-06 14:15:00+05:30,0.0899,0.0491,0,,0.1477,100.0,-1.0,0,1.488,1.0,3,0,0,0,0,3,4,2022-06-06 14:30:00+05:30,2022-06-06 14:35:00+05:30,2022-06-06 15:00:00+05:30,30.61,30.381428571428568,31.021428571428572,-0.05,EOD-
S754,PNB,2022-06-07 09:50:00+05:30,-0.1146,,0,,1.4179,100.0,-1.0,0,1.8209,1.0,3,1,0,0,0,3,4,2022-06-07 10:05:00+05:30,2022-06-07 10:10:00+05:30,2022-06-07 11:40:00+05:30,30.56,30.281428571428574,31.061428571428568,-0.2786,L
S755,PNB,2022-06-07 10:30:00+05:30,0.0459,-0.0541,4,1.0,0.0307,35.71,29.0,0,1.8218,,0,0,0,0,1,0,1,2022-06-07 10:30:00+05:30,2022-06-07 10:35:00+05:30,2022-06-07 11:20:00+05:30,30.61,30.365357142857146,31.050357142857138,-0.2446,L
S756,PNB,2022-06-07 12:05:00+05:30,-0.2301,-0.1526,0,,2.38,0.0,-0.6732,0,1.4452,1.0,3,0,0,0,0,3,4,2022-06-07 12:20:00+05:30,2022-06-07 12:25:00+05:30,2022-06-07 13:35:00+05:30,30.42,30.259285714285713,30.709285714285716,-0.1607,L
S757,PNB,2022-06-07 12:30:00+05:30,-0.1828,-0.2303,0,,0.665,100.0,-1.0,0,0.2317,0.0,2,0,0,1,0,2,3,2022-06-07 12:40:00+05:30,2022-06-07 12:45:00+05:30,2022-06-07 13:35:00+05:30,30.42,30.24142857142857,30.741428571428575,-0.1786,L
S758,PNB,2022-06-07 12:50:00+05:30,-0.0989,-0.168,0,,0.3667,100.0,-1.0,0,0.7012,,0,0,0,1,1,0,1,2022-06-07 12:50:00+05:30,2022-06-07 12:55:00+05:30,2022-06-07 13:40:00+05:30,30.37,30.1825,30.707500000000003,-0.1875,L
S759,PNB,2022-06-07 13:00:00+05:30,-0.0412,-0.1302,0,,0.913,50.0,-0.3333,0,0.519,1.0,3,0,0,0,0,3,4,2022-06-07 13:15:00+05:30,2022-06-07 13:20:00+05:30,2022-06-07 15:00:00+05:30,30.32,30.114642857142854,30.68964285714286,-0.05,EOD-
S760,PNB,2022-06-08 09:55:00+05:30,0.2239,0.234,8,6.0,0.0353,50.0,13.2857,0,0.7223,,0,0,0,0,1,0,1,2022-06-08 09:55:00+05:30,2022-06-08 10:00:00+05:30,2022-06-08 15:00:00+05:30,30.42,30.17178571428572,30.86678571428571,-0.15,EOD-
S761,PNB,2022-06-08 10:05:00+05:30,0.1925,0.2174,0,,1.105,20.0,-0.2032,0,2.7047,,0,1,1,0,1,0,1,2022-06-08 10:05:00+05:30,2022-06-08 10:10:00+05:30,2022-06-08 15:00:00+05:30,30.47,30.18607142857143,30.981071428571422,-0.2,EOD-
S762,PNB,2022-06-08 11:35:00+05:30,0.0752,0.0981,0,,0.5755,100.0,-1.0,0,0.776,1.0,3,0,0,0,0,3,4,2022-06-08 11:50:00+05:30,2022-06-08 11:55:00+05:30,2022-06-08 13:55:00+05:30,30.61,30.318928571428568,31.133928571428573,-0.2911,L
S763,PNB,2022-06-08 12:00:00+05:30,0.0702,0.0931,0,,0.5566,0.0,0.0309,0,0.1306,,0,0,0,1,1,0,1,2022-06-08 12:00:00+05:30,2022-06-08 12:05:00+05:30,2022-06-08 13:35:00+05:30,30.56,30.342142857142854,30.952142857142857,-0.2179,L
S764,PNB,2022-06-08 12:10:00+05:30,0.031,0.0784,0,,0.6063,0.0,0.0309,0,0.1232,,0,0,0,1,1,0,1,2022-06-08 12:10:00+05:30,2022-06-08 12:15:00+05:30,2022-06-08 13:30:00+05:30,30.61,30.41,30.970000000000002,-0.2,L
S765,PNB,2022-06-08 12:20:00+05:30,-0.0556,0.0621,0,,0.9471,100.0,-1.0,0,0.1093,0.0,2,0,0,1,0,2,3,2022-06-08 12:30:00+05:30,2022-06-08 12:35:00+05:30,2022-06-08 13:15:00+05:30,30.61,30.427857142857142,30.937857142857144,-0.1821,L
S766,PNB,2022-06-08 12:40:00+05:30,-0.0883,-0.0883,0,,0.7714,55.56,-0.2593,0,0.4965,,0,0,0,1,1,0,1,2022-06-08 12:40:00+05:30,2022-06-08 12:45:00+05:30,2022-06-08 13:30:00+05:30,30.56,30.384999999999998,30.875,-0.175,L
S767,PNB,2022-06-09 09:15:00+05:30,,,0,,0.7875,50.0,-0.2593,0,1.636,,0,0,0,1,1,0,1,2022-06-09 09:15:00+05:30,2022-06-09 09:20:00+05:30,2022-06-09 09:30:00+05:30,30.37,30.155714285714282,30.75571428571429,-0.2143,L
S768,PNB,2022-06-09 10:20:00+05:30,-0.1242,-0.1241,0,,1.3503,100.0,-1.0,0,0.1611,0.0,3,0,0,0,0,3,4,2022-06-09 10:35:00+05:30,2022-06-09 10:40:00+05:30,2022-06-09 15:00:00+05:30,30.18,29.878214285714286,30.723214285714285,0.0,EOD-
S769,PNB,2022-06-09 10:45:00+05:30,-0.1161,-0.1325,0,,0.3294,100.0,-1.0,0,1.396,1.0,2,0,0,0,0,2,3,2022-06-09 10:55:00+05:30,2022-06-09 11:00:00+05:30,2022-06-09 11:55:00+05:30,30.18,29.9675,30.562499999999996,-0.2125,L
S770,PNB,2022-06-09 11:05:00+05:30,-0.1162,-0.1161,0,,0.0313,0.0,19.0,0,0.1033,,0,0,0,1,1,0,1,2022-06-09 11:05:00+05:30,2022-06-09 11:10:00+05:30,2022-06-09 11:30:00+05:30,30.18,29.98,30.54,-0.2,L
S771,PNB,2022-06-09 12:15:00+05:30,-0.1081,-0.0664,0,,1.2409,100.0,-1.0,0,0.5132,1.0,3,1,0,1,0,3,4,2022-06-09 12:30:00+05:30,2022-06-09 12:35:00+05:30,2022-06-09 15:00:00+05:30,30.08,29.88357142857143,30.433571428571423,0.1,EOD+
S772,PNB,2022-06-09 13:00:00+05:30,-0.0999,-0.0832,0,,1.3333,50.0,-0.5,0,0.8864,0.0,3,0,0,0,0,3,4,2022-06-09 13:15:00+05:30,2022-06-09 13:20:00+05:30,2022-06-09 15:00:00+05:30,30.03,29.8425,30.3675,0.15,EOD+
S773,PNB,2022-06-09 13:55:00+05:30,-0.0333,-0.0416,0,,1.0333,0.0,-0.3548,0,0.6699,1.0,3,0,0,1,0,3,4,2022-06-09 14:10:00+05:30,2022-06-09 14:15:00+05:30,2022-06-09 15:00:00+05:30,30.03,29.8425,30.367500000000003,0.15,EOD+
S774,PNB,2022-06-10 10:10:00+05:30,-0.1164,-0.0914,0,,1.1127,0.0,-0.6364,0,0.418,1.0,3,0,0,1,0,3,4,2022-06-10 10:25:00+05:30,2022-06-10 10:30:00+05:30,2022-06-10 15:00:00+05:30,30.03,29.721071428571427,30.586071428571433,-0.1,EOD-
S775,PNB,2022-06-10 10:35:00+05:30,-0.0965,-0.1081,0,,0.0915,0.0,4.8824,0,1.1253,,0,0,0,0,1,0,1,2022-06-10 10:35:00+05:30,2022-06-10 10:40:00+05:30,2022-06-10 13:25:00+05:30,30.08,29.84785714285714,30.497857142857143,-0.2321,L
S776,PNB,2022-06-10 11:40:00+05:30,-0.0083,0.0583,0,,1.9333,50.0,-0.6552,0,2.9895,1.0,3,0,0,0,0,3,4,2022-06-10 11:55:00+05:30,2022-06-10 12:00:00+05:30,2022-06-10 12:35:00+05:30,30.08,29.892500000000002,30.41749999999999,-0.1875,L
S777,PNB,2022-06-10 12:05:00+05:30,-0.0167,-0.0333,0,,0.448,100.0,-1.0,0,0.0868,,0,0,0,1,1,0,1,2022-06-10 12:05:00+05:30,2022-06-10 12:10:00+05:30,2022-06-10 13:30:00+05:30,30.03,29.806785714285716,30.431785714285713,-0.2232,L
S778,PNB,2022-06-10 12:15:00+05:30,-0.025,-0.0167,0,,0.4261,0.0,0.4286,0,0.7563,,0,0,0,0,1,0,1,2022-06-10 12:15:00+05:30,2022-06-10 12:20:00+05:30,2022-06-10 13:30:00+05:30,30.03,29.82464285714286,30.399642857142858,-0.2054,L
S779,PNB,2022-06-10 13:30:00+05:30,-0.015,-0.0417,0,,2.2929,35.71,-0.4393,0,2.2618,0.0,3,0,1,0,0,3,4,2022-06-10 13:45:00+05:30,2022-06-10 13:50:00+05:30,2022-06-10 14:05:00+05:30,30.03,29.855,30.345000000000006,-0.175,L
S780,PNB,2022-06-10 13:55:00+05:30,-0.0668,-0.0651,0,,0.0065,0.0,99.0,0,0.2691,,0,0,0,1,1,0,1,2022-06-10 13:55:00+05:30,2022-06-10 14:00:00+05:30,2022-06-10 15:00:00+05:30,29.98,29.78892857142857,30.323928571428574,-0.05,EOD-
S781,PNB,2022-06-13 10:15:00+05:30,-0.4436,-0.4795,0,,1.2211,50.0,-0.7845,0,0.5382,1.0,3,0,0,0,0,3,4,2022-06-13 10:30:00+05:30,2022-06-13 10:35:00+05:30,2022-06-13 15:00:00+05:30,29.4,28.925,30.255,-0.15,EOD-
S782,PNB,2022-06-13 10:40:00+05:30,-0.502,-0.4767,0,,0.3,0.0,0.4493,0,0.1459,,0,0,0,1,1,0,1,2022-06-13 10:40:00+05:30,2022-06-13 10:45:00+05:30,2022-06-13 13:55:00+05:30,29.4,29.1125,29.917499999999993,-0.2875,L
S783,PNB,2022-06-13 10:55:00+05:30,-0.4298,-0.502,1,1.0,0.1662,50.0,-1.0,0,0.5471,1.0,1,0,0,0,0,1,2,2022-06-13 11:00:00+05:30,2022-06-13 11:05:00+05:30,2022-06-13 13:55:00+05:30,29.4,29.15178571428572,29.846785714285705,-0.2482,L
S784,PNB,2022-06-13 11:10:00+05:30,-0.017,-0.4298,0,,0.5892,0.0,0.9802,0,0.3597,,0,0,0,0,1,0,1,2022-06-13 11:10:00+05:30,2022-06-13 11:15:00+05:30,2022-06-13 13:50:00+05:30,29.4,29.18571428571429,29.785714285714274,-0.2143,L
S785,PNB,2022-06-13 11:20:00+05:30,0.1907,-0.1568,0,,0.2864,0.0,1.2222,0,0.5116,,0,1,0,1,1,0,1,2022-06-13 11:20:00+05:30,2022-06-13 11:25:00+05:30,2022-06-13 12:55:00+05:30,29.4,29.203571428571433,29.753571428571416,-0.1964,L
S786,PNB,2022-06-13 11:35:00+05:30,0.1344,0.1907,1,1.0,0.5091,0.0,0.25,0,1.1578,,0,0,0,0,1,0,1,2022-06-13 11:35:00+05:30,2022-06-13 11:40:00+05:30,2022-06-13 12:55:00+05:30,29.4,29.203571428571433,29.753571428571416,-0.1964,L
S787,PNB,2022-06-13 11:50:00+05:30,0.017,0.1344,0,,1.0652,50.0,-1.0,0,1.1254,1.0,3,0,0,0,0,3,4,2022-06-13 12:05:00+05:30,2022-06-13 12:10:00+05:30,2022-06-13 13:50:00+05:30,29.4,29.19464285714286,29.769642857142845,-0.2054,L
S788,PNB,2022-06-13 12:15:00+05:30,-0.0255,-0.017,0,,0.3652,0.0,0.6667,0,0.5837,,0,1,0,1,1,0,1,2022-06-13 12:15:00+05:30,2022-06-13 12:20:00+05:30,2022-06-13 13:50:00+05:30,29.4,29.19464285714286,29.769642857142845,-0.2054,L
S789,PNB,2022-06-13 14:15:00+05:30,-0.1574,-0.1692,0,,1.4294,55.56,-1.0,0,3.8888,1.0,3,0,0,0,0,3,4,2022-06-13 14:30:00+05:30,2022-06-13 14:35:00+05:30,2022-06-13 15:00:00+05:30,29.3,29.0875,29.682500000000005,-0.05,EOD-
S790,PNB,2022-06-14 09:15:00+05:30,,,0,,0.6503,85.29,-1.0,0,1.76,,0,0,0,0,1,0,1,2022-06-14 09:15:00+05:30,2022-06-14 09:20:00+05:30,2022-06-14 09:25:00+05:30,29.45,29.173214285714284,29.948214285714286,-0.2768,L
S791,PNB,2022-06-14 09:30:00+05:30,,,0,,1.6559,33.33,-0.5455,0,0.4145,0.0,3,0,0,0,0,3,4,2022-06-14 09:45:00+05:30,2022-06-14 09:50:00+05:30,2022-06-14 15:00:00+05:30,29.2,28.86785714285714,29.797857142857143,-0.19,EOD-
S792,PNB,2022-06-14 09:55:00+05:30,-0.0086,-0.0154,0,,0.7581,64.29,-0.5745,0,0.6754,,0,0,0,0,1,0,1,2022-06-14 09:55:00+05:30,2022-06-14 10:00:00+05:30,2022-06-14 15:00:00+05:30,29.2,28.8125,29.8975,-0.19,EOD-
S793,PNB,2022-06-14 10:05:00+05:30,-0.0171,-0.0068,0,,0.3977,0.0,-0.36,0,0.5024,1.0,2,0,0,1,0,2,3,2022-06-14 10:15:00+05:30,2022-06-14 10:20:00+05:30,2022-06-14 15:00:00+05:30,29.25,28.857142857142858,29.95714285714286,-0.24,EOD-
S794,PNB,2022-06-14 10:25:00+05:30,0.0017,-0.0411,0,,0.4691,71.43,-0.3651,0,0.9575,,0,0,0,0,1,0,1,2022-06-14 10:25:00+05:30,2022-06-14 10:30:00+05:30,2022-06-14 14:10:00+05:30,29.3,28.964285714285715,29.904285714285717,-0.3357,L
S795,PNB,2022-06-14 10:40:00+05:30,0.0342,0.0017,1,1.0,0.2631,50.0,0.7857,0,0.7841,,0,0,0,0,1,0,1,2022-06-14 10:40:00+05:30,2022-06-14 10:45:00+05:30,2022-06-14 14:10:00+05:30,29.3,29.03392857142857,29.778928571428573,-0.2661,L
S796,PNB,2022-06-14 10:50:00+05:30,0.0428,0.0171,1,1.0,0.3404,75.0,0.4085,0,1.8652,,0,0,0,0,1,0,1,2022-06-14 10:50:00+05:30,2022-06-14 10:55:00+05:30,2022-06-14 12:20:00+05:30,29.4,29.139285714285712,29.869285714285713,-0.2607,L
S797,PNB,2022-06-14 13:05:00+05:30,-0.2222,-0.2237,0,,1.5344,0.0,-0.635,0,1.4909,1.0,3,0,0,0,0,3,4,2022-06-14 13:20:00+05:30,2022-06-14 13:25:00+05:30,2022-06-14 14:10:00+05:30,29.25,29.02678571428571,29.65178571428572,-0.2232,L
S798,PNB,2022-06-15 09:40:00+05:30,0.0653,,5,5.0,0.2743,0.0,0.4925,0,0.844,,0,1,0,0,1,0,1,2022-06-15 09:40:00+05:30,2022-06-15 09:45:00+05:30,2022-06-15 15:00:00+05:30,29.11,28.804642857142856,29.659642857142856,-0.05,EOD-
S799,PNB,2022-06-15 10:00:00+05:30,0.0945,0.0756,2,2.0,0.0283,28.57,13.2857,0,0.9047,,0,1,1,0,1,0,1,2022-06-15 10:00:00+05:30,2022-06-15 10:05:00+05:30,2022-06-15 15:00:00+05:30,29.2,28.891071428571426,29.75607142857143,-0.14,EOD-
S800,PNB,2022-06-15 10:15:00+05:30,0.0995,0.0945,2,1.0,0.1969,44.44,1.2222,0,0.7046,,0,0,0,0,1,0,1,2022-06-15 10:15:00+05:30,2022-06-15 10:20:00+05:30,2022-06-15 15:00:00+05:30,29.2,28.91428571428571,29.714285714285715,-0.14,EOD-
S801,PNB,2022-06-15 10:30:00+05:30,0.1166,0.0995,2,2.0,0.4357,44.44,0.1236,0,0.5307,,0,0,0,0,1,0,1,2022-06-15 10:30:00+05:30,2022-06-15 10:35:00+05:30,2022-06-15 15:00:00+05:30,29.16,28.904642857142857,29.619642857142857,-0.1,EOD-
S802,PNB,2022-06-15 10:40:00+05:30,0.108,0.1235,0,,0.0438,0.0,9.0,0,0.1019,,0,0,0,1,1,0,1,2022-06-15 10:40:00+05:30,2022-06-15 10:45:00+05:30,2022-06-15 15:00:00+05:30,29.2,28.97142857142857,29.611428571428572,-0.14,EOD-
S803,PNB,2022-06-15 11:35:00+05:30,0.0,0.0034,0,,0.7894,100.0,-1.0,0,0.1799,0.0,3,0,0,0,0,3,4,2022-06-15 11:50:00+05:30,2022-06-15 11:55:00+05:30,2022-06-15 15:00:00+05:30,29.16,28.992142857142856,29.462142857142858,-0.1,EOD-
S804,PNB,2022-06-15 12:00:00+05:30,-0.0292,-0.0326,0,,0.7417,100.0,-1.0,0,0.6379,,0,0,0,0,1,0,1,2022-06-15 12:00:00+05:30,2022-06-15 12:05:00+05:30,2022-06-15 15:00:00+05:30,29.16,29.009999999999998,29.430000000000003,-0.1,EOD-
S805,PNB,2022-06-15 12:10:00+05:30,-0.0223,-0.0223,0,,0.735,0.0,-1.0,0,0.5358,0.0,1,0,0,1,0,1,2,2022-06-15 12:15:00+05:30,2022-06-15 12:20:00+05:30,2022-06-15 15:00:00+05:30,29.16,29.017142857142854,29.41714285714286,-0.1429,L
S806,PNB,2022-06-15 12:25:00+05:30,-0.0326,-0.0223,0,,0.6125,100.0,-1.0,0,3.7301,1.0,1,0,1,0,0,1,2,2022-06-15 12:30:00+05:30,2022-06-15 12:35:00+05:30,2022-06-15 15:00:00+05:30,29.2,29.057142857142853,29.45714285714286,-0.1429,L
S807,PNB,2022-06-15 12:40:00+05:30,-0.0326,-0.0326,0,,0.5549,55.56,-1.0,0,2.1808,1.0,1,0,0,0,0,1,2,2022-06-15 12:45:00+05:30,2022-06-15 12:50:00+05:30,2022-06-15 15:00:00+05:30,29.2,29.053571428571427,29.46357142857143,-0.1464,L
S808,PNB,2022-06-15 12:55:00+05:30,0.0051,-0.0326,0,,0.4913,44.44,0.3699,0,1.0056,,0,1,0,1,1,0,1,2022-06-15 12:55:00+05:30,2022-06-15 13:00:00+05:30,2022-06-15 15:00:00+05:30,29.11,28.924285714285713,29.444285714285716,-0.05,EOD-
S809,PNB,2022-06-15 13:25:00+05:30,0.024,0.0377,4,4.0,0.5898,55.56,-1.0,0,1.4944,0.0,1,0,0,0,0,1,2,2022-06-15 13:30:00+05:30,2022-06-15 13:35:00+05:30,2022-06-15 15:00:00+05:30,29.11,28.917142857142856,29.457142857142856,-0.05,EOD-
S810,PNB,2022-06-15 13:50:00+05:30,0.0223,0.0,2,2.0,0.0264,44.44,-1.0,0,3.2022,,0,1,0,0,1,0,1,2022-06-15 13:50:00+05:30,2022-06-15 13:55:00+05:30,2022-06-15 15:00:00+05:30,29.2,29.010714285714286,29.540714285714284,-0.1893,L
S811,PNB,2022-06-15 14:05:00+05:30,0.0771,0.0223,2,2.0,0.9243,35.71,0.3235,0,3.3921,,0,0,0,0,1,0,1,2022-06-15 14:05:00+05:30,2022-06-15 14:10:00+05:30,2022-06-15 15:00:00+05:30,29.2,29.01607142857143,29.531071428571426,-0.1839,L
S812,PNB,2022-06-16 10:15:00+05:30,0.1198,0.1028,12,12.0,0.1503,0.0,2.125,0,0.4701,,0,0,0,0,1,0,1,2022-06-16 10:15:00+05:30,2022-06-16 10:20:00+05:30,2022-06-16 11:40:00+05:30,29.25,28.98392857142857,29.728928571428572,-0.2661,L
S813,PNB,2022-06-16 10:25:00+05:30,0.1539,0.1113,0,,0.364,0.0,0.5385,0,0.7233,,0,1,0,1,1,0,1,2022-06-16 10:25:00+05:30,2022-06-16 10:30:00+05:30,2022-06-16 11:20:00+05:30,29.25,29.02678571428571,29.651785714285715,-0.2232,L
S814,PNB,2022-06-16 10:35:00+05:30,0.1709,0.1369,1,1.0,0.0758,50.0,6.6923,0,1.4635,,0,0,0,1,1,0,1,2022-06-16 10:35:00+05:30,2022-06-16 10:40:00+05:30,2022-06-16 11:05:00+05:30,29.3,29.085714285714285,29.68571428571429,-0.2143,L
S815,PNB,2022-06-16 13:40:00+05:30,-0.4448,-0.5522,0,,1.3378,0.0,-0.4767,0,0.6931,0.0,3,0,0,0,0,3,4,2022-06-16 13:55:00+05:30,2022-06-16 14:00:00+05:30,2022-06-16 14:20:00+05:30,28.52,28.198571428571427,29.09857142857143,-0.3214,L
S816,PNB,2022-06-16 14:05:00+05:30,-0.1842,-0.2856,0,,0.5724,55.56,-0.4245,0,0.7739,,0,0,0,1,1,0,1,2022-06-16 14:05:00+05:30,2022-06-16 14:10:00+05:30,2022-06-16 14:20:00+05:30,28.52,28.216428571428573,29.06642857142857,-0.3036,L
S817,PNB,2022-06-17 09:25:00+05:30,,,0,,3.0738,28.57,-0.8988,0,1.2989,1.0,3,1,0,0,0,3,4,2022-06-17 09:40:00+05:30,2022-06-17 09:45:00+05:30,2022-06-17 15:00:00+05:30,28.28,27.878214285714286,29.00321428571429,0.15,EOD+
S818,PNB,2022-06-17 09:55:00+05:30,-0.0604,-0.4388,2,2.0,0.0923,0.0,4.5556,0,0.9337,,0,0,0,0,1,0,1,2022-06-17 09:55:00+05:30,2022-06-17 10:00:00+05:30,2022-06-17 15:00:00+05:30,28.23,27.7425,29.1075,0.2,EOD+
S819,PNB,2022-06-17 10:15:00+05:30,-0.1459,0.0,0,,0.832,50.0,-1.0,0,0.6046,1.0,3,1,0,1,0,3,4,2022-06-17 10:30:00+05:30,2022-06-17 10:35:00+05:30,2022-06-17 15:00:00+05:30,28.09,27.588214285714287,28.993214285714284,0.34,EOD+
S820,PNB,2022-06-17 11:25:00+05:30,0.1012,0.3285,9,6.0,0.1379,100.0,-1.0,0,0.3656,0.0,2,0,0,1,0,2,3,2022-06-17 11:35:00+05:30,2022-06-17 11:40:00+05:30,2022-06-17 15:00:00+05:30,28.18,27.8175,28.8325,0.25,EOD+
S821,PNB,2022-06-17 11:45:00+05:30,-0.0284,0.0053,0,,0.1916,0.0,1.0408,0,0.2993,,0,0,0,0,1,0,1,2022-06-17 11:45:00+05:30,2022-06-17 11:50:00+05:30,2022-06-17 15:00:00+05:30,28.13,27.81035714285714,28.705357142857142,0.3,EOD+
S822,PNB,2022-06-17 11:55:00+05:30,0.1012,-0.0622,0,,0.35,0.0,0.1494,0,0.4925,,0,1,1,0,1,0,1,2022-06-17 11:55:00+05:30,2022-06-17 12:00:00+05:30,2022-06-17 15:00:00+05:30,28.23,27.919285714285714,28.789285714285718,0.2,EOD+
S823,PNB,2022-06-17 12:05:00+05:30,0.1773,0.0497,0,,0.1644,50.0,-1.0,0,0.4539,1.0,1,0,0,1,0,1,2,2022-06-17 12:10:00+05:30,2022-06-17 12:15:00+05:30,2022-06-17 14:15:00+05:30,28.23,27.96392857142857,28.708928571428576,-0.2661,L
S824,PNB,2022-06-17 12:35:00+05:30,-0.0692,0.1028,0,,0.8566,44.44,-1.0,0,2.3137,1.0,3,0,0,0,0,3,4,2022-06-17 12:50:00+05:30,2022-06-17 12:55:00+05:30,2022-06-17 14:15:00+05:30,28.23,27.958571428571425,28.718571428571433,-0.2714,L
S825,PNB,2022-06-17 13:05:00+05:30,-0.0249,-0.1029,2,2.0,0.3369,100.0,-1.0,0,0.3083,0.0,3,1,0,1,0,3,4,2022-06-17 13:20:00+05:30,2022-06-17 13:25:00+05:30,2022-06-17 15:00:00+05:30,28.18,27.89428571428571,28.69428571428572,0.25,EOD+
S826,PNB,2022-06-17 13:30:00+05:30,0.0,-0.0266,0,,0.3433,0.0,0.2987,0,1.0662,,0,0,0,1,1,0,1,2022-06-17 13:30:00+05:30,2022-06-17 13:35:00+05:30,2022-06-17 15:00:00+05:30,28.18,27.899642857142855,28.68464285714286,0.25,EOD+
S827,PNB,2022-06-17 13:40:00+05:30,0.0089,-0.0089,0,,0.3294,0.0,0.3889,0,0.6758,,0,0,0,0,1,0,1,2022-06-17 13:40:00+05:30,2022-06-17 13:45:00+05:30,2022-06-17 15:00:00+05:30,28.18,27.90678571428571,28.67178571428572,0.25,EOD+
S828,PNB,2022-06-17 13:50:00+05:30,-0.0089,-0.0,0,,0.6472,35.71,0.2245,0,1.1938,,0,0,0,0,1,0,1,2022-06-17 13:50:00+05:30,2022-06-17 13:55:00+05:30,2022-06-17 15:00:00+05:30,28.13,27.846071428571424,28.641071428571433,0.3,EOD+
S829,PNB,2022-06-17 14:00:00+05:30,-0.0178,0.0089,0,,0.3212,33.33,-1.0,0,2.5478,,0,0,0,0,1,0,1,2022-06-17 14:00:00+05:30,2022-06-17 14:05:00+05:30,2022-06-17 15:00:00+05:30,28.18,27.91928571428571,28.649285714285718,0.25,EOD+
S830,PNB,2022-06-20 11:05:00+05:30,-0.3858,-0.369,0,,0.9238,55.56,-0.6476,0,0.9183,1.0,3,0,0,0,0,3,4,2022-06-20 11:20:00+05:30,2022-06-20 11:25:00+05:30,2022-06-20 13:20:00+05:30,27.84,27.532857142857143,28.392857142857142,-0.3071,L
S831,PNB,2022-06-20 11:30:00+05:30,-0.0718,-0.255,0,,0.9154,55.56,-0.5722,0,1.242,1.0,2,1,0,1,0,2,3,2022-06-20 11:40:00+05:30,2022-06-20 11:45:00+05:30,2022-06-20 13:20:00+05:30,27.79,27.534642857142856,28.249642857142856,-0.2554,L
S832,PNB,2022-06-20 12:10:00+05:30,-0.018,-0.0899,4,4.0,0.3743,33.33,0.2987,0,0.9418,,0,0,0,0,1,0,1,2022-06-20 12:10:00+05:30,2022-06-20 12:15:00+05:30,2022-06-20 13:20:00+05:30,27.79,27.53285714285714,28.252857142857145,-0.2571,L
S833,PNB,2022-06-21 10:55:00+05:30,0.4817,0.6659,20,5.0,0.025,100.0,-1.0,0,0.4905,0.0,1,1,0,0,0,1,2,2022-06-21 11:00:00+05:30,2022-06-21 11:05:00+05:30,2022-06-21 12:25:00+05:30,28.28,28.03,28.729999999999997,0.45,W
S834,PNB,2022-06-21 11:10:00+05:30,0.3694,0.4817,1,1.0,0.11,66.67,3.5455,0,1.3793,,0,0,0,0,1,0,1,2022-06-21 11:10:00+05:30,2022-06-21 11:15:00+05:30,2022-06-21 12:50:00+05:30,28.43,28.180000000000003,28.879999999999995,0.45,W
S835,PNB,2022-06-21 11:20:00+05:30,0.3178,0.3944,1,1.0,0.425,0.0,0.1765,0,0.4056,,0,0,0,1,1,0,1,2022-06-21 11:20:00+05:30,2022-06-21 11:25:00+05:30,2022-06-21 12:45:00+05:30,28.33,28.080000000000002,28.779999999999994,0.45,W
S836,PNB,2022-06-21 11:30:00+05:30,0.2505,0.3179,0,,0.1,100.0,-1.0,0,0.8478,,0,1,0,1,1,0,1,2022-06-21 11:30:00+05:30,2022-06-21 11:35:00+05:30,2022-06-21 12:50:00+05:30,28.43,28.18,28.879999999999995,0.45,W
S837,PNB,2022-06-22 10:20:00+05:30,-0.5127,-0.5934,0,,0.9129,100.0,-1.0,0,1.1836,1.0,3,0,0,0,0,3,4,2022-06-22 10:35:00+05:30,2022-06-22 10:40:00+05:30,2022-06-22 15:00:00+05:30,28.52,28.1325,29.2175,0.0,EOD-
S838,PNB,2022-06-22 11:10:00+05:30,0.1105,-0.2055,5,3.0,0.3883,0.0,1.6316,0,0.7058,,0,0,0,1,1,0,1,2022-06-22 11:10:00+05:30,2022-06-22 11:15:00+05:30,2022-06-22 15:00:00+05:30,28.57,28.325357142857143,29.010357142857146,-0.05,EOD-
S839,PNB,2022-06-22 11:20:00+05:30,0.1175,0.0158,0,,0.792,0.0,-0.4839,0,0.63,0.0,1,1,0,1,0,1,2,2022-06-22 11:25:00+05:30,2022-06-22 11:30:00+05:30,2022-06-22 15:00:00+05:30,28.52,28.275357142857143,28.960357142857145,0.0,EOD-
S840,PNB,2022-06-22 12:00:00+05:30,-0.014,0.0911,0,,1.3136,44.44,-0.654,0,0.8079,1.0,3,1,0,1,0,3,4,2022-06-22 12:15:00+05:30,2022-06-22 12:20:00+05:30,2022-06-22 15:00:00+05:30,28.52,28.244999999999997,29.015,0.0,EOD-
S841,PNB,2022-06-22 13:15:00+05:30,0.0789,0.0351,10,10.0,0.1091,50.0,3.1667,0,0.409,,0,0,0,1,1,0,1,2022-06-22 13:15:00+05:30,2022-06-22 13:20:00+05:30,2022-06-22 15:00:00+05:30,28.57,28.294999999999998,29.06500000000001,-0.05,EOD-
S842,PNB,2022-06-22 13:25:00+05:30,0.0841,0.0701,0,,0.2427,0.0,0.9231,0,0.6803,,0,0,0,1,1,0,1,2022-06-22 13:25:00+05:30,2022-06-22 13:30:00+05:30,2022-06-22 15:00:00+05:30,28.57,28.302142857142854,29.052142857142865,-0.05,EOD-
S843,PNB,2022-06-22 14:05:00+05:30,-0.0999,0.0018,0,,0.8944,0.0,-0.5652,0,1.6292,1.0,3,1,1,0,0,3,4,2022-06-22 14:20:00+05:30,2022-06-22 14:25:00+05:30,2022-06-22 15:00:00+05:30,28.57,28.31285714285714,29.032857142857146,-0.05,EOD-
S844,PNB,2022-06-23 09:15:00+05:30,,,0,,0.6101,0.0,0.3953,0,1.7898,,0,0,0,1,1,0,1,2022-06-23 09:15:00+05:30,2022-06-23 09:20:00+05:30,2022-06-23 12:20:00+05:30,28.52,28.255714285714284,28.99571428571429,-0.2643,L
S845,PNB,2022-06-23 09:25:00+05:30,,,0,,1.0289,100.0,-1.0,0,0.7706,,0,0,0,0,1,0,1,2022-06-23 09:25:00+05:30,2022-06-23 09:30:00+05:30,2022-06-23 12:30:00+05:30,28.52,28.223571428571425,29.05357142857143,-0.2964,L
S846,PNB,2022-06-23 09:35:00+05:30,,,0,,0.3,0.0,0.4493,0,0.5919,,0,1,0,1,1,0,1,2022-06-23 09:35:00+05:30,2022-06-23 09:40:00+05:30,2022-06-23 12:30:00+05:30,28.47,28.182499999999997,28.9875,-0.2875,L
S847,PNB,2022-06-23 11:00:00+05:30,0.2146,0.2498,15,6.0,0.4565,33.33,0.3333,0,2.3257,,0,0,0,0,1,0,1,2022-06-23 11:00:00+05:30,2022-06-23 11:05:00+05:30,2022-06-23 11:50:00+05:30,28.67,28.46464285714286,29.039642857142855,-0.2054,L
S848,PNB,2022-06-23 13:15:00+05:30,-0.5135,-0.5136,0,,2.0588,50.0,-0.8,0,2.5894,1.0,3,0,0,0,0,3,4,2022-06-23 13:30:00+05:30,2022-06-23 13:35:00+05:30,2022-06-23 15:00:00+05:30,28.28,27.97642857142857,28.826428571428572,0.15,EOD+
S849,PNB,2022-06-23 14:05:00+05:30,-0.071,-0.1065,6,4.0,0.175,66.67,-1.0,0,0.3667,0.0,2,0,0,0,0,2,3,2022-06-23 14:15:00+05:30,2022-06-23 14:20:00+05:30,2022-06-23 15:00:00+05:30,28.18,27.830000000000002,28.81,0.25,EOD+
S850,PNB,2022-06-23 14:25:00+05:30,-0.0178,-0.0604,0,,0.4937,55.56,-0.403,0,0.7001,0.0,1,0,0,0,0,1,2,2022-06-23 14:30:00+05:30,2022-06-23 14:35:00+05:30,2022-06-23 15:00:00+05:30,28.18,27.840714285714284,28.790714285714284,0.25,EOD+
S851,PNB,2022-06-27 10:55:00+05:30,0.308,0.4072,0,,0.9437,0.0,-0.4702,0,1.4697,1.0,3,0,0,1,0,3,4,2022-06-27 11:10:00+05:30,2022-06-27 11:15:00+05:30,2022-06-27 14:25:00+05:30,28.91,28.709999999999997,29.270000000000003,-0.2,L
S852,PNB,2022-06-27 11:20:00+05:30,-0.0069,0.1004,0,,0.469,0.0,0.4925,0,0.2879,,0,0,0,0,1,0,1,2022-06-27 11:20:00+05:30,2022-06-27 11:25:00+05:30,2022-06-27 14:15:00+05:30,28.91,28.73142857142857,29.231428571428573,-0.1786,L
S853,PNB,2022-06-27 12:20:00+05:30,-0.0693,-0.071,0,,1.2535,0.0,-0.3506,0,0.5638,1.0,3,0,0,0,0,3,4,2022-06-27 12:35:00+05:30,2022-06-27 12:40:00+05:30,2022-06-27 15:00:00+05:30,28.82,28.666428571428572,29.096428571428575,-0.05,EOD-
S854,PNB,2022-06-27 12:45:00+05:30,0.0,-0.0537,0,,0.4846,0.0,0.4815,0,0.4512,,0,0,0,0,1,0,1,2022-06-27 12:45:00+05:30,2022-06-27 12:50:00+05:30,2022-06-27 14:15:00+05:30,28.86,28.720714285714283,29.110714285714284,-0.1393,L
S855,PNB,2022-06-27 12:55:00+05:30,-0.0191,-0.0243,0,,0.4015,100.0,-1.0,0,0.6406,,0,0,0,1,1,0,1,2022-06-27 12:55:00+05:30,2022-06-27 13:00:00+05:30,2022-06-27 14:15:00+05:30,28.86,28.73857142857143,29.07857142857143,-0.1214,L
S856,PNB,2022-06-27 13:05:00+05:30,-0.0329,-0.0173,0,,0.2988,64.29,-1.0,0,3.3464,,0,0,0,0,1,0,1,2022-06-27 13:05:00+05:30,2022-06-27 13:10:00+05:30,2022-06-27 14:15:00+05:30,28.91,28.763571428571428,29.173571428571428,-0.1464,L
S857,PNB,2022-06-27 13:50:00+05:30,0.0952,0.1091,8,7.0,0.35,50.0,-1.0,0,0.9949,1.0,1,0,0,0,0,1,2,2022-06-27 13:55:00+05:30,2022-06-27 14:00:00+05:30,2022-06-27 14:15:00+05:30,28.91,28.73142857142857,29.231428571428573,-0.1786,L
S858,PNB,2022-06-28 09:15:00+05:30,,,0,,1.494,100.0,-1.0,0,2.1105,,0,0,0,0,1,0,1,2022-06-28 09:15:00+05:30,2022-06-28 09:20:00+05:30,2022-06-28 15:00:00+05:30,28.82,28.58071428571429,29.25071428571428,0.04,EOD+
S859,PNB,2022-06-28 09:25:00+05:30,,,0,,0.3084,50.0,0.5873,0,0.8574,,0,0,0,1,1,0,1,2022-06-28 09:25:00+05:30,2022-06-28 09:30:00+05:30,2022-06-28 15:00:00+05:30,28.77,28.51464285714286,29.229642857142853,0.09,EOD+
S860,PNB,2022-06-28 09:35:00+05:30,,,0,,0.2643,50.0,0.8519,0,1.1223,,0,0,0,0,1,0,1,2022-06-28 09:35:00+05:30,2022-06-28 09:40:00+05:30,2022-06-28 15:00:00+05:30,28.82,28.56464285714286,29.279642857142854,0.04,EOD+
S861,PNB,2022-06-28 10:00:00+05:30,0.0678,-0.007,3,3.0,0.866,0.0,0.0363,0,1.3362,,0,0,0,0,1,0,1,2022-06-28 10:00:00+05:30,2022-06-28 10:05:00+05:30,2022-06-28 15:00:00+05:30,28.72,28.44142857142857,29.22142857142857,0.14,EOD+
S862,PNB,2022-06-28 10:10:00+05:30,0.0521,0.0435,0,,0.4478,0.0,-0.0291,0,0.551,1.0,2,0,0,0,0,2,3,2022-06-28 10:20:00+05:30,2022-06-28 10:25:00+05:30,2022-06-28 15:00:00+05:30,28.82,28.5325,29.337500000000002,0.04,EOD+
S863,PNB,2022-06-28 10:30:00+05:30,0.0608,0.0521,0,,0.6166,50.0,-0.2481,0,0.6976,1.0,3,0,0,0,0,3,4,2022-06-28 10:45:00+05:30,2022-06-28 10:50:00+05:30,2022-06-28 15:00:00+05:30,28.82,28.55035714285714,29.305357142857147,0.04,EOD+
S864,PNB,2022-06-28 10:55:00+05:30,0.0104,0.0434,0,,0.6619,50.0,-0.2806,0,0.8195,1.0,2,0,0,1,0,2,3,2022-06-28 11:05:00+05:30,2022-06-28 11:10:00+05:30,2022-06-28 15:00:00+05:30,28.82,28.557499999999997,29.292500000000004,0.04,EOD+
S865,PNB,2022-06-28 11:15:00+05:30,-0.0417,-0.0156,0,,0.1183,100.0,-1.0,0,0.2224,1.0,1,0,0,1,0,1,2,2022-06-28 11:20:00+05:30,2022-06-28 11:25:00+05:30,2022-06-28 15:00:00+05:30,28.82,28.56642857142857,29.27642857142857,0.04,EOD+
S866,PNB,2022-06-28 11:30:00+05:30,-0.0069,-0.0417,0,,0.1367,0.0,3.0,0,0.0806,,0,0,0,0,1,0,1,2022-06-28 11:30:00+05:30,2022-06-28 11:35:00+05:30,2022-06-28 15:00:00+05:30,28.82,28.591428571428573,29.231428571428573,0.04,EOD+
S867,PNB,2022-06-28 12:15:00+05:30,-0.0174,-0.0174,0,,0.7424,100.0,-1.0,0,0.3914,1.0,3,1,1,1,0,3,4,2022-06-28 12:30:00+05:30,2022-06-28 12:35:00+05:30,2022-06-28 15:00:00+05:30,28.82,28.643214285714283,29.13821428571429,0.04,EOD+
S868,PNB,2022-06-28 13:10:00+05:30,-0.0035,0.0868,0,,1.575,50.0,-0.5556,0,0.1104,0.0,3,1,0,1,0,3,4,2022-06-28 13:25:00+05:30,2022-06-28 13:30:00+05:30,2022-06-28 15:00:00+05:30,28.82,28.64142857142857,29.141428571428573,0.04,EOD+
S869,PNB,2022-06-28 13:45:00+05:30,0.0642,0.0243,2,2.0,0.4835,44.44,0.4925,0,1.5188,,0,0,0,1,1,0,1,2022-06-28 13:45:00+05:30,2022-06-28 13:50:00+05:30,2022-06-28 15:00:00+05:30,28.86,28.686785714285715,29.171785714285715,0.0,EOD-
S870,PNB,2022-06-28 13:55:00+05:30,0.0729,0.0573,1,1.0,0.596,44.44,0.1628,0,1.4627,,0,0,1,0,1,0,1,2022-06-28 13:55:00+05:30,2022-06-28 14:00:00+05:30,2022-06-28 15:00:00+05:30,28.86,28.679642857142856,29.184642857142855,0.0,EOD-
S871,PNB,2022-06-28 14:05:00+05:30,0.0746,0.0712,0,,0.6369,0.0,-0.0099,0,1.4563,1.0,1,0,1,0,0,1,2,2022-06-28 14:10:00+05:30,2022-06-28 14:15:00+05:30,2022-06-28 15:00:00+05:30,28.91,28.711785714285714,29.266785714285714,-0.05,EOD-
S872,PNB,2022-06-28 14:20:00+05:30,0.0503,0.0746,0,,0.0963,55.56,4.3333,0,0.3468,,0,0,0,1,1,0,1,2022-06-28 14:20:00+05:30,2022-06-28 14:25:00+05:30,2022-06-28 15:00:00+05:30,28.91,28.715357142857144,29.260357142857142,-0.05,EOD-
S873,PNB,2022-06-29 10:20:00+05:30,-0.2614,-0.2872,0,,1.1618,0.0,-0.5816,0,0.4001,1.0,3,0,0,0,0,3,4,2022-06-29 10:35:00+05:30,2022-06-29 10:40:00+05:30,2022-06-29 15:00:00+05:30,28.62,28.36285714285714,29.082857142857147,0.2,EOD+
S874,PNB,2022-06-29 11:10:00+05:30,-0.0682,-0.2378,0,,0.9667,0.0,-1.0,0,0.6467,1.0,3,0,0,0,0,3,4,2022-06-29 11:25:00+05:30,2022-06-29 11:30:00+05:30,2022-06-29 15:00:00+05:30,28.62,28.432499999999997,28.957500000000007,0.2,EOD+
S875,PNB,2022-06-29 11:35:00+05:30,0.0,-0.0175,0,,0.3316,100.0,-1.0,0,0.3541,,0,0,0,1,1,0,1,2022-06-29 11:35:00+05:30,2022-06-29 11:40:00+05:30,2022-06-29 15:00:00+05:30,28.57,28.40035714285714,28.875357142857148,0.25,EOD+
S876,PNB,2022-06-29 11:45:00+05:30,0.0087,0.0,0,,0.3316,100.0,-1.0,0,1.0124,1.0,1,0,0,0,0,1,2,2022-06-29 11:50:00+05:30,2022-06-29 11:55:00+05:30,2022-06-29 15:00:00+05:30,28.62,28.45035714285714,28.92535714285715,0.2,EOD+
S877,PNB,2022-06-29 12:00:00+05:30,-0.0087,0.0087,0,,0.3111,100.0,-1.0,0,4.8671,1.0,2,0,0,1,0,2,3,2022-06-29 12:10:00+05:30,2022-06-29 12:15:00+05:30,2022-06-29 15:00:00+05:30,28.62,28.459285714285713,28.90928571428572,0.2,EOD+
S878,PNB,2022-06-29 12:30:00+05:30,-0.0613,-0.035,0,,1.2174,0.0,-0.5,0,0.9307,0.0,3,1,0,0,0,3,4,2022-06-29 12:45:00+05:30,2022-06-29 12:50:00+05:30,2022-06-29 15:00:00+05:30,28.57,28.364642857142854,28.939642857142864,0.25,EOD+
S879,PNB,2022-06-29 12:55:00+05:30,0.035,-0.0525,0,,0.1077,66.67,4.0,0,2.2558,,0,0,0,0,1,0,1,2022-06-29 12:55:00+05:30,2022-06-29 13:00:00+05:30,2022-06-29 15:00:00+05:30,28.67,28.43785714285714,29.08785714285715,0.15,EOD+
S880,PNB,2022-06-29 13:55:00+05:30,0.0699,0.0699,11,11.0,0.0,0.0,-1.0,0,0.9798,1.0,1,0,0,0,0,1,2,2022-06-29 14:00:00+05:30,2022-06-29 14:05:00+05:30,2022-06-29 15:00:00+05:30,28.67,28.4825,29.0075,0.15,EOD+
S881,PNB,2022-06-29 14:30:00+05:30,0.1046,0.1222,5,5.0,0.7389,0.0,0.0526,0,1.9077,,0,0,0,1,1,0,1,2022-06-29 14:30:00+05:30,2022-06-29 14:35:00+05:30,2022-06-29 15:00:00+05:30,28.67,28.50928571428572,28.95928571428571,0.15,EOD+
S882,PNB,2022-06-30 09:50:00+05:30,0.182,,7,6.0,0.5926,35.71,0.3043,0,1.1259,,0,0,0,0,1,0,1,2022-06-30 09:50:00+05:30,2022-06-30 09:55:00+05:30,2022-06-30 11:15:00+05:30,28.86,28.568928571428568,29.383928571428573,-0.2911,L
S883,PNB,2022-06-30 13:15:00+05:30,-0.0966,-0.1317,0,,1.0896,0.0,-0.4413,0,1.356,1.0,3,0,0,0,0,3,4,2022-06-30 13:30:00+05:30,2022-06-30 13:35:00+05:30,2022-06-30 14:25:00+05:30,28.47,28.264642857142857,28.839642857142856,-0.2054,L
S884,PNB,2022-06-30 13:40:00+05:30,-0.0844,-0.0878,1,1.0,0.1808,0.0,1.5806,0,0.4914,,0,0,0,1,1,0,1,2022-06-30 13:40:00+05:30,2022-06-30 13:45:00+05:30,2022-06-30 14:25:00+05:30,28.47,28.255714285714284,28.855714285714285,-0.2143,L
S885,PNB,2022-07-01 10:10:00+05:30,-0.1633,-0.1241,0,,1.3045,35.71,-0.729,0,0.3104,0.0,3,0,0,0,0,3,4,2022-07-01 10:25:00+05:30,2022-07-01 10:30:00+05:30,2022-07-01 15:00:00+05:30,28.18,27.826428571428572,28.816428571428574,0.34,EOD+
S886,PNB,2022-07-01 10:35:00+05:30,-0.1564,-0.1971,0,,0.3335,44.44,-1.0,0,0.591,0.0,3,1,0,0,0,3,4,2022-07-01 10:50:00+05:30,2022-07-01 10:55:00+05:30,2022-07-01 15:00:00+05:30,28.13,27.82642857142857,28.676428571428573,0.39,EOD+
S887,PNB,2022-07-01 11:00:00+05:30,-0.0071,-0.1102,1,1.0,0.3617,0.0,1.3377,0,0.3758,,0,0,0,1,1,0,1,2022-07-01 11:00:00+05:30,2022-07-01 11:05:00+05:30,2022-07-01 14:50:00+05:30,28.18,27.91392857142857,28.65892857142857,0.4789,W
S888,PNB,2022-07-01 11:10:00+05:30,0.0338,-0.0409,0,,0.0097,100.0,-1.0,0,0.9513,,0,1,0,1,1,0,1,2022-07-01 11:10:00+05:30,2022-07-01 11:15:00+05:30,2022-07-01 15:00:00+05:30,28.23,27.971071428571427,28.69607142857143,0.29,EOD+
S889,PNB,2022-07-01 11:45:00+05:30,0.0852,0.0799,6,5.0,0.392,100.0,-1.0,0,0.6059,0.0,1,1,0,1,0,1,2,2022-07-01 11:50:00+05:30,2022-07-01 11:55:00+05:30,2022-07-01 14:45:00+05:30,28.18,27.956785714285715,28.581785714285715,0.4018,W
S890,PNB,2022-07-01 12:25:00+05:30,0.1718,0.1206,5,2.0,0.0636,0.0,19.0,0,1.5235,,0,0,0,0,1,0,1,2022-07-01 12:25:00+05:30,2022-07-01 12:30:00+05:30,2022-07-01 15:00:00+05:30,28.33,28.13357142857143,28.683571428571426,0.19,EOD+
S891,PNB,2022-07-01 12:35:00+05:30,0.1805,0.1471,0,,0.2435,100.0,-1.0,0,2.0582,,0,0,0,0,1,0,1,2022-07-01 12:35:00+05:30,2022-07-01 12:40:00+05:30,2022-07-01 15:00:00+05:30,28.38,28.174642857142857,28.749642857142856,0.14,EOD+
S892,PNB,2022-07-01 13:35:00+05:30,0.1834,0.1236,11,1.0,0.2406,64.29,1.2727,0,1.6225,,0,1,0,1,1,0,1,2022-07-01 13:35:00+05:30,2022-07-01 13:40:00+05:30,2022-07-01 15:00:00+05:30,28.47,28.24142857142857,28.881428571428568,0.05,EOD+
S893,PNB,2022-07-01 14:10:00+05:30,0.1443,0.1955,6,6.0,0.4354,44.44,0.2658,0,1.0255,,0,1,0,1,1,0,1,2022-07-01 14:10:00+05:30,2022-07-01 14:15:00+05:30,2022-07-01 15:00:00+05:30,28.43,28.203214285714285,28.838214285714287,0.09,EOD+
S894,PNB,2022-07-04 10:10:00+05:30,0.2905,0.3397,11,10.0,0.1954,64.29,0.8182,0,0.6836,,0,0,0,1,1,0,1,2022-07-04 10:10:00+05:30,2022-07-04 10:15:00+05:30,2022-07-04 15:00:00+05:30,28.72,28.368214285714284,29.353214285714284,0.44,EOD+
S895,PNB,2022-07-04 10:20:00+05:30,0.1999,0.3323,0,,0.6925,50.0,-0.4595,0,0.2812,,0,0,0,0,1,0,1,2022-07-04 10:20:00+05:30,2022-07-04 10:25:00+05:30,2022-07-04 15:00:00+05:30,28.77,28.436071428571427,29.371071428571426,0.39,EOD+
S896,PNB,2022-07-04 10:30:00+05:30,0.1563,0.24,0,,0.9968,33.33,-0.1111,0,1.0123,,0,0,0,0,1,0,1,2022-07-04 10:30:00+05:30,2022-07-04 10:35:00+05:30,2022-07-04 15:00:00+05:30,28.82,28.537857142857142,29.32785714285714,0.34,EOD+
S897,PNB,2022-07-04 11:50:00+05:30,0.1314,0.1488,14,10.0,0.0941,100.0,-1.0,0,0.143,0.0,1,0,0,1,0,1,2,2022-07-04 11:55:00+05:30,2022-07-04 12:00:00+05:30,2022-07-04 15:00:00+05:30,28.96,28.7475,29.3425,0.2,EOD+
S898,PNB,2022-07-04 12:05:00+05:30,0.1382,0.1314,0,,1.0373,100.0,-1.0,0,0.245,1.0,3,0,0,1,0,3,4,2022-07-04 12:20:00+05:30,2022-07-04 12:25:00+05:30,2022-07-04 15:00:00+05:30,28.91,28.713571428571427,29.26357142857143,0.25,EOD+
S899,PNB,2022-07-04 12:35:00+05:30,0.057,0.095,0,,0.7737,0.0,-0.0476,0,0.2071,0.0,3,0,0,1,0,3,4,2022-07-04 12:50:00+05:30,2022-07-04 12:55:00+05:30,2022-07-04 15:00:00+05:30,28.96,28.79035714285714,29.265357142857148,0.2,EOD+
S900,PNB,2022-07-04 13:00:00+05:30,-0.0518,-0.0173,0,,0.5526,50.0,0.3333,0,3.2016,,0,0,0,0,1,0,1,2022-07-04 13:00:00+05:30,2022-07-04 13:05:00+05:30,2022-07-04 15:00:00+05:30,29.01,28.84035714285714,29.31535714285715,0.15,EOD+
S901,PNB,2022-07-04 13:10:00+05:30,-0.0173,-0.0605,0,,0.525,50.0,-1.0,0,0.1274,0.0,1,0,0,1,0,1,2,2022-07-04 13:15:00+05:30,2022-07-04 13:20:00+05:30,2022-07-04 15:00:00+05:30,28.96,28.78142857142857,29.281428571428577,0.2,EOD+
S902,PNB,2022-07-04 13:25:00+05:30,-0.0173,-0.0173,0,,0.4789,0.0,0.5385,0,0.2194,,0,0,0,1,1,0,1,2022-07-04 13:25:00+05:30,2022-07-04 13:30:00+05:30,2022-07-04 15:00:00+05:30,28.96,28.79035714285714,29.265357142857148,0.2,EOD+
S903,PNB,2022-07-04 13:35:00+05:30,-0.0173,-0.0086,0,,1.155,0.0,-0.3939,0,0.2715,0.0,1,0,0,1,0,1,2,2022-07-04 13:40:00+05:30,2022-07-04 13:45:00+05:30,2022-07-04 15:00:00+05:30,28.96,28.78142857142857,29.281428571428577,0.2,EOD+
S904,PNB,2022-07-04 13:55:00+05:30,-0.0,0.0,0,,1.1333,100.0,-1.0,0,0.2182,0.0,3,0,0,1,0,3,4,2022-07-04 14:10:00+05:30,2022-07-04 14:15:00+05:30,2022-07-04 15:00:00+05:30,28.96,28.772499999999997,29.297500000000007,0.2,EOD+
S905,PNB,2022-07-04 14:20:00+05:30,-0.0259,-0.0259,0,,0.4278,100.0,-1.0,0,0.9979,,0,0,0,1,1,0,1,2022-07-04 14:20:00+05:30,2022-07-04 14:25:00+05:30,2022-07-04 14:55:00+05:30,28.91,28.749285714285712,29.19928571428572,0.2893,W
S906,PNB,2022-07-05 10:10:00+05:30,0.2653,0.2829,11,11.0,0.0714,50.0,5.6667,0,0.3469,,0,0,0,0,1,0,1,2022-07-05 10:10:00+05:30,2022-07-05 10:15:00+05:30,2022-07-05 13:45:00+05:30,29.25,28.987499999999997,29.722500000000004,-0.2625,L
S907,PNB,2022-07-05 10:35:00+05:30,0.1146,0.2224,4,4.0,0.574,50.0,0.2195,0,0.1957,,0,0,0,1,1,0,1,2022-07-05 10:35:00+05:30,2022-07-05 10:40:00+05:30,2022-07-05 13:35:00+05:30,29.25,29.07142857142857,29.571428571428577,-0.1786,L
S908,PNB,2022-07-05 10:45:00+05:30,0.082,0.1402,0,,0.7442,50.0,-0.0099,0,1.0929,,0,0,0,0,1,0,1,2022-07-05 10:45:00+05:30,2022-07-05 10:50:00+05:30,2022-07-05 13:35:00+05:30,29.25,29.08035714285714,29.555357142857147,-0.1696,L
S909,PNB,2022-07-05 11:30:00+05:30,-0.0256,-0.0085,0,,1.2419,0.0,-0.5152,0,0.498,0.0,3,0,0,1,0,3,4,2022-07-05 11:45:00+05:30,2022-07-05 11:50:00+05:30,2022-07-05 13:35:00+05:30,29.25,29.08392857142857,29.548928571428576,-0.1661,L
S910,PNB,2022-07-05 11:55:00+05:30,-0.0171,-0.0342,0,,0.6325,100.0,-1.0,0,0.2936,,0,0,0,1,1,0,1,2022-07-05 11:55:00+05:30,2022-07-05 12:00:00+05:30,2022-07-05 13:45:00+05:30,29.2,29.05178571428571,29.466785714285717,-0.1482,L
S911,PNB,2022-07-05 12:05:00+05:30,-0.0257,-0.0171,0,,0.5904,50.0,-1.0,0,2.1641,,0,1,1,0,1,0,1,2022-07-05 12:05:00+05:30,2022-07-05 12:10:00+05:30,2022-07-05 13:35:00+05:30,29.3,29.15178571428571,29.566785714285718,-0.1482,L
S912,PNB,2022-07-05 12:35:00+05:30,0.0598,0.0085,5,1.0,0.0372,50.0,19.0,0,1.4597,,0,0,0,0,1,0,1,2022-07-05 12:35:00+05:30,2022-07-05 12:40:00+05:30,2022-07-05 13:35:00+05:30,29.3,29.132142857142856,29.602142857142862,-0.1679,L
S913,PNB,2022-07-05 12:45:00+05:30,0.0598,0.0427,0,,0.1167,100.0,-1.0,0,0.5622,1.0,1,0,0,1,0,1,2,2022-07-05 12:50:00+05:30,2022-07-05 12:55:00+05:30,2022-07-05 13:35:00+05:30,29.3,29.139285714285712,29.58928571428572,-0.1607,L
S914,PNB,2022-07-06 09:15:00+05:30,,,0,,0.9847,58.33,-1.0,0,1.7806,,0,1,1,0,1,0,1,2022-07-06 09:15:00+05:30,2022-07-06 09:20:00+05:30,2022-07-06 15:00:00+05:30,28.96,28.64392857142857,29.528928571428576,0.15,EOD+
S915,PNB,2022-07-06 10:10:00+05:30,-0.1005,-0.0918,0,,0.3713,0.0,-0.0805,0,1.0173,1.0,3,0,0,0,0,3,4,2022-07-06 10:25:00+05:30,2022-07-06 10:30:00+05:30,2022-07-06 15:00:00+05:30,28.86,28.56714285714286,29.387142857142855,0.25,EOD+
S916,PNB,2022-07-06 10:35:00+05:30,-0.0416,-0.0658,0,,0.7507,100.0,-1.0,0,0.1774,,0,0,0,0,1,0,1,2022-07-06 10:35:00+05:30,2022-07-06 10:40:00+05:30,2022-07-06 15:00:00+05:30,28.86,28.588571428571427,29.34857142857143,0.25,EOD+
S917,PNB,2022-07-06 10:45:00+05:30,-0.0173,-0.0503,0,,0.3341,100.0,-1.0,0,1.0592,,0,0,0,1,1,0,1,2022-07-06 10:45:00+05:30,2022-07-06 10:50:00+05:30,2022-07-06 15:00:00+05:30,28.91,28.674285714285716,29.334285714285713,0.2,EOD+
S918,PNB,2022-07-06 11:25:00+05:30,0.0572,-0.0191,7,7.0,0.0565,50.0,9.0,0,1.2463,,0,0,0,0,1,0,1,2022-07-06 11:25:00+05:30,2022-07-06 11:30:00+05:30,2022-07-06 15:00:00+05:30,28.96,28.73857142857143,29.358571428571434,0.15,EOD+
S919,PNB,2022-07-06 11:35:00+05:30,0.0814,0.0139,0,,0.1147,0.0,-1.0,0,2.9649,1.0,1,0,0,0,0,1,2,2022-07-06 11:40:00+05:30,2022-07-06 11:45:00+05:30,2022-07-06 15:00:00+05:30,28.96,28.752857142857142,29.332857142857147,0.15,EOD+
S920,PNB,2022-07-06 12:00:00+05:30,0.1159,0.0831,3,3.0,0.5017,50.0,0.1628,0,0.7885,,0,0,0,0,1,0,1,2022-07-06 12:00:00+05:30,2022-07-06 12:05:00+05:30,2022-07-06 15:00:00+05:30,28.91,28.69571428571428,29.29571428571429,0.2,EOD+
S921,PNB,2022-07-06 12:10:00+05:30,0.1072,0.1073,0,,0.6417,50.0,-0.0909,0,1.7007,,0,1,0,1,1,0,1,2022-07-06 12:10:00+05:30,2022-07-06 12:15:00+05:30,2022-07-06 15:00:00+05:30,28.91,28.69571428571428,29.29571428571429,0.2,EOD+
S922,PNB,2022-07-06 13:15:00+05:30,0.1637,0.1294,11,8.0,0.0583,0.0,19.0,0,0.8607,,0,0,0,0,1,0,1,2022-07-06 13:15:00+05:30,2022-07-06 13:20:00+05:30,2022-07-06 15:00:00+05:30,29.11,28.895714285714288,29.495714285714282,0.0,EOD-
S923,PNB,2022-07-06 13:25:00+05:30,0.1378,0.1465,0,,0.175,50.0,2.3333,0,1.0163,,0,0,0,0,1,0,1,2022-07-06 13:25:00+05:30,2022-07-06 13:30:00+05:30,2022-07-06 15:00:00+05:30,29.06,28.845714285714287,29.44571428571428,0.05,EOD+
S924,PNB,2022-07-06 13:35:00+05:30,0.1119,0.1551,0,,0.2917,100.0,-1.0,0,0.1733,1.0,1,0,0,1,0,1,2,2022-07-06 13:40:00+05:30,2022-07-06 13:45:00+05:30,2022-07-06 15:00:00+05:30,29.06,28.845714285714287,29.445714285714278,0.05,EOD+
S925,PNB,2022-07-06 14:00:00+05:30,0.0258,0.0947,0,,1.7667,100.0,-1.0,0,1.9229,1.0,3,0,0,0,0,3,4,2022-07-06 14:15:00+05:30,2022-07-06 14:20:00+05:30,2022-07-06 15:00:00+05:30,29.06,28.872500000000002,29.397499999999994,0.05,EOD+
S926,PNB,2022-07-06 14:25:00+05:30,-0.0086,-0.0344,0,,0.35,0.0,0.6667,0,2.0633,,0,0,0,0,1,0,1,2022-07-06 14:25:00+05:30,2022-07-06 14:30:00+05:30,2022-07-06 15:00:00+05:30,29.06,28.845714285714287,29.44571428571428,0.05,EOD+
S927,PNB,2022-07-07 10:45:00+05:30,0.272,0.3321,18,15.0,0.1301,100.0,-1.0,0,0.6855,,0,0,0,0,1,0,1,2022-07-07 10:45:00+05:30,2022-07-07 10:50:00+05:30,2022-07-07 11:50:00+05:30,29.45,29.248214285714283,29.813214285714288,0.3632,W
S928,PNB,2022-07-07 13:55:00+05:30,0.1166,0.2284,36,23.0,0.3206,50.0,0.4085,0,1.018,,0,0,0,1,1,0,1,2022-07-07 13:55:00+05:30,2022-07-07 14:00:00+05:30,2022-07-07 15:00:00+05:30,30.03,29.75321428571429,30.528214285714284,0.19,EOD+
S929,PNB,2022-07-07 14:05:00+05:30,0.0916,0.1316,0,,0.7679,0.0,-0.4475,0,0.3678,0.0,3,0,0,1,0,3,4,2022-07-07 14:20:00+05:30,2022-07-07 14:25:00+05:30,2022-07-07 15:00:00+05:30,30.03,29.735357142857147,30.560357142857143,0.19,EOD+
S930,PNB,2022-07-07 14:30:00+05:30,0.0499,0.0416,0,,0.4491,50.0,-0.0991,0,0.4615,,0,0,0,1,1,0,1,2022-07-07 14:30:00+05:30,2022-07-07 14:35:00+05:30,2022-07-07 15:00:00+05:30,30.03,29.72107142857143,30.58607142857143,0.19,EOD+
S931,PNB,2022-07-08 09:15:00+05:30,,,0,,0.7663,55.88,-0.4595,0,1.489,0.0,1,0,0,1,0,1,2,2022-07-08 09:20:00+05:30,2022-07-08 09:25:00+05:30,2022-07-08 09:45:00+05:30,30.08,29.778214285714284,30.62321428571428,-0.3018,L
S932,PNB,2022-07-08 10:40:00+05:30,-0.308,-0.3075,0,,0.8904,0.0,-0.3711,0,0.1188,0.0,3,0,0,1,0,3,4,2022-07-08 10:55:00+05:30,2022-07-08 11:00:00+05:30,2022-07-08 13:20:00+05:30,29.84,29.61678571428571,30.241785714285715,-0.2232,L
S933,PNB,2022-07-08 11:15:00+05:30,-0.1359,-0.2348,0,,0.7304,0.0,-0.1667,0,1.9914,1.0,3,0,0,0,0,3,4,2022-07-08 11:30:00+05:30,2022-07-08 11:35:00+05:30,2022-07-08 14:00:00+05:30,29.79,29.584642857142853,30.15964285714286,-0.2054,L
S934,PNB,2022-07-08 11:55:00+05:30,-0.0168,-0.0336,0,,1.1261,0.0,-0.4595,0,0.5483,1.0,3,0,0,1,0,3,4,2022-07-08 12:10:00+05:30,2022-07-08 12:15:00+05:30,2022-07-08 14:00:00+05:30,29.79,29.584642857142857,30.159642857142853,-0.2054,L
S935,PNB,2022-07-08 12:20:00+05:30,-0.0336,-0.0504,0,,0.924,0.0,0.2121,0,0.5636,,0,1,0,1,1,0,1,2022-07-08 12:20:00+05:30,2022-07-08 12:25:00+05:30,2022-07-08 14:00:00+05:30,29.79,29.566785714285718,30.191785714285707,-0.2232,L
S936,PNB,2022-07-08 12:35:00+05:30,-0.0168,-0.0336,1,1.0,0.336,0.0,2.3333,0,0.6659,,0,0,0,0,1,0,1,2022-07-08 12:35:00+05:30,2022-07-08 12:40:00+05:30,2022-07-08 13:20:00+05:30,29.84,29.616785714285715,30.241785714285708,-0.2232,L
S937,PNB,2022-07-08 12:45:00+05:30,-0.0084,-0.0168,0,,0.336,0.0,0.6667,0,0.3333,,0,0,0,0,1,0,1,2022-07-08 12:45:00+05:30,2022-07-08 12:50:00+05:30,2022-07-08 15:00:00+05:30,29.74,29.516785714285714,30.14178571428571,-0.05,EOD-
S938,PNB,2022-07-08 12:55:00+05:30,0.0,-0.0252,0,,0.35,0.0,0.6667,0,0.1028,,0,0,0,0,1,0,1,2022-07-08 12:55:00+05:30,2022-07-08 13:00:00+05:30,2022-07-08 14:00:00+05:30,29.79,29.575714285714287,30.17571428571428,-0.2143,L
S939,PNB,2022-07-08 13:05:00+05:30,0.0252,-0.0084,0,,0.4455,100.0,-1.0,0,0.2618,,0,0,0,1,1,0,1,2022-07-08 13:05:00+05:30,2022-07-08 13:10:00+05:30,2022-07-08 13:20:00+05:30,29.79,29.59357142857143,30.143571428571427,-0.1964,L
S940,PNB,2022-07-11 09:15:00+05:30,,,0,,0.5033,68.97,-1.0,0,1.9602,,0,0,1,0,1,0,1,2022-07-11 09:15:00+05:30,2022-07-11 09:20:00+05:30,2022-07-11 15:00:00+05:30,29.88,29.606785714285714,30.371785714285714,0.25,EOD+
S941,PNB,2022-07-11 09:30:00+05:30,,,2,2.0,0.6957,33.33,0.25,0,1.2086,,0,0,0,0,1,0,1,2022-07-11 09:30:00+05:30,2022-07-11 09:35:00+05:30,2022-07-11 14:05:00+05:30,29.69,29.402500000000003,30.2075,0.5175,W
S942,PNB,2022-07-11 09:40:00+05:30,0.158,,0,,0.4044,82.76,-1.0,0,1.5199,,0,0,0,0,1,0,1,2022-07-11 09:40:00+05:30,2022-07-11 09:45:00+05:30,2022-07-11 15:00:00+05:30,29.93,29.60857142857143,30.508571428571425,0.2,EOD+
S943,PNB,2022-07-11 11:05:00+05:30,0.2001,0.2254,16,15.0,0.073,50.0,7.3333,0,0.5307,,0,0,0,0,1,0,1,2022-07-11 11:05:00+05:30,2022-07-11 11:10:00+05:30,2022-07-11 15:00:00+05:30,30.03,29.824642857142862,30.39964285714285,0.1,EOD+
S944,PNB,2022-07-11 12:05:00+05:30,-0.0584,-0.0583,0,,0.8842,100.0,-1.0,0,0.4078,1.0,3,0,0,1,0,3,4,2022-07-11 12:20:00+05:30,2022-07-11 12:25:00+05:30,2022-07-11 15:00:00+05:30,29.98,29.810357142857143,30.285357142857144,0.15,EOD+
S945,PNB,2022-07-11 12:35:00+05:30,-0.1001,-0.0751,0,,1.6786,0.0,-0.6596,0,3.3731,1.0,3,0,0,1,0,3,4,2022-07-11 12:50:00+05:30,2022-07-11 12:55:00+05:30,2022-07-11 15:00:00+05:30,30.13,29.955,30.445000000000004,0.0,EOD-
S946,PNB,2022-07-11 13:20:00+05:30,0.125,0.0751,5,5.0,0.183,66.67,1.5,0,1.6519,,0,0,0,0,1,0,1,2022-07-11 13:20:00+05:30,2022-07-11 13:25:00+05:30,2022-07-11 15:00:00+05:30,30.03,29.756785714285716,30.521785714285716,0.1,EOD+
S947,PNB,2022-07-11 13:30:00+05:30,0.1166,0.1334,0,,0.25,0.0,0.6667,0,2.1152,,0,1,1,0,1,0,1,2022-07-11 13:30:00+05:30,2022-07-11 13:35:00+05:30,2022-07-11 15:00:00+05:30,30.08,29.779999999999998,30.619999999999997,0.05,EOD+
S948,PNB,2022-07-11 13:50:00+05:30,0.1082,0.0999,3,3.0,0.0618,50.0,5.6667,0,0.5024,,0,0,0,0,1,0,1,2022-07-11 13:50:00+05:30,2022-07-11 13:55:00+05:30,2022-07-11 15:00:00+05:30,30.13,29.826428571428572,30.676428571428566,0.0,EOD-
S949,PNB,2022-07-12 09:55:00+05:30,-0.1362,-0.1228,0,,0.7962,0.0,-1.0,0,0.8471,1.0,3,0,0,0,0,3,4,2022-07-12 10:10:00+05:30,2022-07-12 10:15:00+05:30,2022-07-12 11:40:00+05:30,30.18,29.946071428571432,30.601071428571423,-0.2339,L
S950,PNB,2022-07-12 11:15:00+05:30,0.1757,0.1277,12,4.0,0.4467,100.0,-1.0,0,0.283,0.0,1,0,0,1,0,1,2,2022-07-12 11:20:00+05:30,2022-07-12 11:25:00+05:30,2022-07-12 11:40:00+05:30,30.13,29.9425,30.467499999999998,-0.1875,L
S951,PNB,2022-07-12 13:05:00+05:30,-0.18,-0.2164,0,,1.785,50.0,-1.0,0,3.9472,1.0,3,0,0,0,0,3,4,2022-07-12 13:20:00+05:30,2022-07-12 13:25:00+05:30,2022-07-12 15:00:00+05:30,30.03,29.851428571428574,30.35142857142857,0.0,EOD-
S952,PNB,2022-07-12 13:30:00+05:30,-0.025,-0.125,0,,0.2667,50.0,-1.0,0,2.7247,,0,0,0,0,1,0,1,2022-07-12 13:30:00+05:30,2022-07-12 13:35:00+05:30,2022-07-12 15:00:00+05:30,29.98,29.7925,30.317500000000003,0.05,EOD+
S953,PNB,2022-07-12 13:40:00+05:30,-0.025,-0.0417,0,,0.175,0.0,-1.0,0,0.3375,0.0,2,0,0,1,0,2,3,2022-07-12 13:50:00+05:30,2022-07-12 13:55:00+05:30,2022-07-12 15:00:00+05:30,30.03,29.85142857142857,30.351428571428574,0.0,EOD-
S954,PNB,2022-07-12 14:00:00+05:30,-0.0334,-0.0417,0,,0.0667,0.0,-1.0,0,2.2866,1.0,1,1,0,1,0,1,2,2022-07-12 14:05:00+05:30,2022-07-12 14:10:00+05:30,2022-07-12 15:00:00+05:30,30.08,29.8925,30.4175,-0.05,EOD-
S955,PNB,2022-07-13 09:15:00+05:30,,,0,,1.1552,75.0,-1.0,0,2.2492,,0,0,0,0,1,0,1,2022-07-13 09:15:00+05:30,2022-07-13 09:20:00+05:30,2022-07-13 12:55:00+05:30,30.08,29.824642857142855,30.53964285714285,-0.2554,L
S956,PNB,2022-07-13 09:25:00+05:30,,,0,,0.6908,0.0,-0.3377,0,0.6566,0.0,1,1,0,1,0,1,2,2022-07-13 09:30:00+05:30,2022-07-13 09:35:00+05:30,2022-07-13 12:55:00+05:30,30.08,29.806785714285716,30.57178571428571,-0.2732,L
S957,PNB,2022-07-13 09:50:00+05:30,-0.0166,,2,2.0,0.1708,50.0,1.439,0,0.5526,,0,0,0,0,1,0,1,2022-07-13 09:50:00+05:30,2022-07-13 09:55:00+05:30,2022-07-13 15:00:00+05:30,30.03,29.730000000000004,30.569999999999997,0.0,EOD-
S958,PNB,2022-07-13 11:10:00+05:30,-0.085,-0.0017,0,,1.6789,55.56,-0.7288,0,0.9302,1.0,3,0,0,1,0,3,4,2022-07-13 11:25:00+05:30,2022-07-13 11:30:00+05:30,2022-07-13 15:00:00+05:30,29.98,29.760357142857142,30.375357142857144,0.05,EOD+
S959,PNB,2022-07-13 11:35:00+05:30,-0.1754,-0.1669,0,,0.6016,0.0,-1.0,0,1.4038,1.0,3,0,0,0,0,3,4,2022-07-13 11:50:00+05:30,2022-07-13 11:55:00+05:30,2022-07-13 15:00:00+05:30,29.93,29.70142857142857,30.341428571428576,0.1,EOD+
S960,PNB,2022-07-13 12:00:00+05:30,-0.0752,-0.1253,0,,0.3856,0.0,-1.0,0,1.5822,1.0,1,0,0,0,0,1,2,2022-07-13 12:05:00+05:30,2022-07-13 12:10:00+05:30,2022-07-13 15:00:00+05:30,29.93,29.71928571428571,30.309285714285718,0.1,EOD+
S961,PNB,2022-07-13 12:15:00+05:30,-0.0167,-0.0752,0,,0.4027,50.0,-1.0,0,1.6558,,0,0,0,0,1,0,1,2022-07-13 12:15:00+05:30,2022-07-13 12:20:00+05:30,2022-07-13 15:00:00+05:30,29.93,29.728214285714284,30.29321428571429,0.1,EOD+
S962,PNB,2022-07-13 13:40:00+05:30,-0.0435,-0.0301,0,,1.3293,100.0,-1.0,0,1.8192,1.0,3,1,0,0,0,3,4,2022-07-13 13:55:00+05:30,2022-07-13 14:00:00+05:30,2022-07-13 15:00:00+05:30,29.84,29.663214285714286,30.158214285714283,0.19,EOD+
S963,PNB,2022-07-14 10:00:00+05:30,-0.134,-0.1423,0,,0.9491,100.0,-1.0,0,0.229,0.0,3,0,0,1,0,3,4,2022-07-14 10:15:00+05:30,2022-07-14 10:20:00+05:30,2022-07-14 11:30:00+05:30,29.84,29.54892857142857,30.363928571428573,-0.2911,L
S964,PNB,2022-07-14 10:30:00+05:30,-0.1359,-0.1006,0,,1.5738,0.0,-0.6933,0,0.3976,1.0,3,0,0,1,0,3,4,2022-07-14 10:45:00+05:30,2022-07-14 10:50:00+05:30,2022-07-14 12:00:00+05:30,29.74,29.481071428571425,30.206071428571427,-0.2589,L
S965,PNB,2022-07-14 10:55:00+05:30,-0.1108,-0.1611,0,,0.3111,100.0,-1.0,0,0.1457,,0,0,0,1,1,0,1,2022-07-14 10:55:00+05:30,2022-07-14 11:00:00+05:30,2022-07-14 11:30:00+05:30,29.79,29.548928571428572,30.22392857142857,-0.2411,L
S966,PNB,2022-07-14 12:40:00+05:30,-0.2552,-0.1822,0,,2.0545,0.0,-0.723,0,2.1129,1.0,3,0,0,0,0,3,4,2022-07-14 12:55:00+05:30,2022-07-14 13:00:00+05:30,2022-07-14 14:10:00+05:30,29.59,29.37035714285714,29.985357142857143,-0.2196,L
S967,PNB,2022-07-14 13:05:00+05:30,-0.1405,-0.2707,0,,0.4168,55.56,0.0256,0,0.878,,0,0,0,0,1,0,1,2022-07-14 13:05:00+05:30,2022-07-14 13:10:00+05:30,2022-07-14 14:10:00+05:30,29.59,29.35607142857143,30.01107142857143,-0.2339,L
S968,PNB,2022-07-14 13:15:00+05:30,-0.0677,-0.1896,0,,0.35,55.56,0.2698,0,0.7478,,0,0,0,0,1,0,1,2022-07-14 13:15:00+05:30,2022-07-14 13:20:00+05:30,2022-07-14 14:20:00+05:30,29.54,29.314999999999998,29.945,-0.225,L
S969,PNB,2022-07-14 13:50:00+05:30,-0.0542,-0.0966,0,,0.6817,0.0,-0.1071,0,1.225,0.0,3,0,0,1,0,3,4,2022-07-14 14:05:00+05:30,2022-07-14 14:10:00+05:30,2022-07-14 14:30:00+05:30,29.5,29.294642857142858,29.869642857142857,-0.2054,L
S970,PNB,2022-07-15 09:20:00+05:30,,,1,1.0,0.1129,73.68,-1.0,0,1.0482,0.0,1,0,0,0,0,1,2,2022-07-15 09:25:00+05:30,2022-07-15 09:30:00+05:30,2022-07-15 12:25:00+05:30,29.5,29.223214285714285,29.998214285714287,-0.2768,L
S971,PNB,2022-07-15 09:55:00+05:30,0.0339,-0.0,0,,1.2163,0.0,-0.5918,0,0.6051,1.0,3,0,0,1,0,3,4,2022-07-15 10:10:00+05:30,2022-07-15 10:15:00+05:30,2022-07-15 12:25:00+05:30,29.5,29.248214285714287,29.953214285714285,-0.2518,L
S972,PNB,2022-07-15 11:35:00+05:30,-0.0596,-0.1021,0,,0.7667,0.0,-0.1304,0,0.2363,0.0,3,0,0,1,0,3,4,2022-07-15 11:50:00+05:30,2022-07-15 11:55:00+05:30,2022-07-15 15:00:00+05:30,29.35,29.1625,29.6875,0.1,EOD+
S973,PNB,2022-07-15 12:00:00+05:30,-0.0767,-0.0681,0,,0.49,0.0,0.4286,0,0.0806,,0,0,0,1,1,0,1,2022-07-15 12:00:00+05:30,2022-07-15 12:05:00+05:30,2022-07-15 15:00:00+05:30,29.35,29.171428571428574,29.671428571428574,0.1,EOD+
S974,PNB,2022-07-15 13:00:00+05:30,-0.0171,-0.0171,0,,0.6667,0.0,-0.0,0,0.2845,0.0,3,0,0,0,0,3,4,2022-07-15 13:15:00+05:30,2022-07-15 13:20:00+05:30,2022-07-15 15:00:00+05:30,29.3,29.112499999999997,29.637500000000006,0.15,EOD+
S975,PNB,2022-07-15 13:25:00+05:30,-0.0256,-0.0171,0,,0.6263,100.0,-1.0,0,2.0668,1.0,2,0,0,0,0,2,3,2022-07-15 13:35:00+05:30,2022-07-15 13:40:00+05:30,2022-07-15 15:00:00+05:30,29.3,29.13035714285714,29.605357142857148,0.15,EOD+
S976,PNB,2022-07-15 13:45:00+05:30,-0.0683,-0.0427,0,,1.0333,50.0,-1.0,0,2.3053,1.0,1,0,0,0,0,1,2,2022-07-15 13:50:00+05:30,2022-07-15 13:55:00+05:30,2022-07-15 15:00:00+05:30,29.3,29.112499999999997,29.637500000000006,0.15,EOD+
S977,PNB,2022-07-15 14:00:00+05:30,-0.0085,-0.0683,0,,1.05,0.0,-0.3939,0,2.0492,1.0,3,1,1,1,0,3,4,2022-07-15 14:15:00+05:30,2022-07-15 14:20:00+05:30,2022-07-15 15:00:00+05:30,29.35,29.15357142857143,29.703571428571436,0.1,EOD+
S978,PNB,2022-07-18 11:00:00+05:30,0.2139,0.2276,21,4.0,0.0,0.0,,1,0.1559,,0,0,0,0,1,0,1,2022-07-18 11:00:00+05:30,2022-07-18 11:05:00+05:30,2022-07-18 12:10:00+05:30,29.69,29.502500000000005,30.027499999999993,0.3375,W
S979,PNB,2022-07-18 11:10:00+05:30,0.1582,0.2291,0,,0.1333,0.0,4.0,0,2.7216,,0,1,0,0,1,0,1,2022-07-18 11:10:00+05:30,2022-07-18 11:15:00+05:30,2022-07-18 12:10:00+05:30,29.74,29.552500000000002,30.07749999999999,0.3375,W
S980,PNB,2022-07-18 11:30:00+05:30,0.1513,0.1346,3,3.0,0.0,100.0,,1,0.8013,,0,0,0,1,1,0,1,2022-07-18 11:30:00+05:30,2022-07-18 11:35:00+05:30,2022-07-18 14:25:00+05:30,29.84,29.63464285714286,30.20964285714285,0.3696,W
S981,PNB,2022-07-18 13:25:00+05:30,0.1998,0.225,21,8.0,0.0112,0.0,-1.0,0,1.1283,1.0,1,0,0,0,0,1,2,2022-07-18 13:30:00+05:30,2022-07-18 13:35:00+05:30,2022-07-18 15:00:00+05:30,30.08,29.856785714285717,30.481785714285703,0.4018,W
S982,PNB,2022-07-18 13:40:00+05:30,0.1763,0.1998,0,,0.35,0.0,0.5385,0,2.5976,,0,1,1,0,1,0,1,2022-07-18 13:40:00+05:30,2022-07-18 13:45:00+05:30,2022-07-18 15:00:00+05:30,30.13,29.89785714285715,30.547857142857133,0.4179,W
S983,PNB,2022-07-18 13:55:00+05:30,0.1064,0.1763,2,2.0,0.4846,0.0,1.2222,0,0.6143,,0,0,0,0,1,0,1,2022-07-18 13:55:00+05:30,2022-07-18 14:00:00+05:30,2022-07-18 14:55:00+05:30,30.03,29.797857142857147,30.447857142857135,0.4179,W
S984,PNB,2022-07-18 14:05:00+05:30,0.0499,0.138,0,,0.532,50.0,0.0526,0,0.9464,,0,1,1,1,1,0,1,2022-07-18 14:05:00+05:30,2022-07-18 14:10:00+05:30,2022-07-18 15:00:00+05:30,30.13,29.906785714285718,30.531785714285704,0.4018,W
S985,PNB,2022-07-18 14:15:00+05:30,0.0415,0.0831,0,,0.0583,50.0,-1.0,0,1.0824,1.0,1,1,0,1,0,1,2,2022-07-18 14:20:00+05:30,2022-07-18 14:25:00+05:30,2022-07-18 15:00:00+05:30,30.18,29.965714285714288,30.56571428571428,0.3857,W
S986,PNB,2022-07-19 09:15:00+05:30,,,0,,0.4578,50.0,-0.1736,0,1.6782,,0,1,0,0,1,0,1,2022-07-19 09:15:00+05:30,2022-07-19 09:20:00+05:30,2022-07-19 15:00:00+05:30,30.37,30.03964285714286,30.964642857142856,0.34,EOD+
S987,PNB,2022-07-19 10:25:00+05:30,0.2212,0.2952,13,1.0,0.0,52.63,,1,0.7633,,0,0,0,0,1,0,1,2022-07-19 10:25:00+05:30,2022-07-19 10:30:00+05:30,2022-07-19 15:00:00+05:30,30.56,30.25107142857143,31.116071428571427,0.15,EOD+
S988,PNB,2022-07-19 10:35:00+05:30,0.1327,0.2621,0,,0.0628,100.0,-1.0,0,0.2587,,0,0,0,1,1,0,1,2022-07-19 10:35:00+05:30,2022-07-19 10:40:00+05:30,2022-07-19 11:45:00+05:30,30.56,30.28142857142857,31.06142857142857,-0.2786,L
S989,PNB,2022-07-19 10:45:00+05:30,0.0917,0.1818,0,,0.2676,100.0,-1.0,0,0.4344,,0,0,0,0,1,0,1,2022-07-19 10:45:00+05:30,2022-07-19 10:50:00+05:30,2022-07-19 11:45:00+05:30,30.56,30.317142857142855,30.997142857142858,-0.2429,L
S990,PNB,2022-07-19 10:55:00+05:30,0.1472,0.1081,1,1.0,0.082,100.0,-1.0,0,0.1994,0.0,1,1,0,1,0,1,2,2022-07-19 11:00:00+05:30,2022-07-19 11:05:00+05:30,2022-07-19 11:40:00+05:30,30.61,30.381428571428568,31.021428571428572,-0.2286,L
S991,PNB,2022-07-19 12:15:00+05:30,-0.0917,-0.1637,0,,0.6412,44.44,-0.1667,0,0.9554,1.0,3,0,0,0,0,3,4,2022-07-19 12:30:00+05:30,2022-07-19 12:35:00+05:30,2022-07-19 15:00:00+05:30,30.52,30.28607142857143,30.941071428571426,0.19,EOD+
S992,PNB,2022-07-19 12:40:00+05:30,-0.0672,-0.059,0,,0.4096,100.0,-1.0,0,0.4244,,0,0,0,1,1,0,1,2022-07-19 12:40:00+05:30,2022-07-19 12:45:00+05:30,2022-07-19 15:00:00+05:30,30.47,30.228928571428572,30.90392857142857,0.24,EOD+
S993,PNB,2022-07-19 12:50:00+05:30,-0.0918,-0.059,0,,0.7627,35.71,-0.3151,0,0.3649,0.0,1,0,0,1,0,1,2,2022-07-19 12:55:00+05:30,2022-07-19 13:00:00+05:30,2022-07-19 15:00:00+05:30,30.47,30.230714285714285,30.900714285714283,0.24,EOD+
S994,PNB,2022-07-19 13:05:00+05:30,-0.1313,-0.0918,0,,0.5372,0.0,-1.0,0,1.0552,1.0,2,0,0,0,0,2,3,2022-07-19 13:15:00+05:30,2022-07-19 13:20:00+05:30,2022-07-19 14:30:00+05:30,30.42,30.18964285714286,30.834642857142853,0.4146,W
S995,PNB,2022-07-19 13:25:00+05:30,-0.023,-0.133,0,,1.1056,50.0,-0.4975,0,1.9322,,0,1,0,0,1,0,1,2022-07-19 13:25:00+05:30,2022-07-19 13:30:00+05:30,2022-07-19 15:00:00+05:30,30.47,30.245,30.874999999999993,0.24,EOD+
S996,PNB,2022-07-19 13:35:00+05:30,0.0574,-0.0788,0,,0.595,35.71,-0.1597,0,0.7528,0.0,1,0,0,0,0,1,2,2022-07-19 13:40:00+05:30,2022-07-19 13:45:00+05:30,2022-07-19 15:00:00+05:30,30.52,30.270000000000003,30.96999999999999,0.19,EOD+
S997,PNB,2022-07-19 13:50:00+05:30,0.041,0.0574,0,,0.1167,100.0,-1.0,0,0.3903,1.0,3,0,0,1,0,3,4,2022-07-19 14:05:00+05:30,2022-07-19 14:10:00+05:30,2022-07-19 15:00:00+05:30,30.52,30.262857142857147,30.982857142857135,0.19,EOD+
S998,PNB,2022-07-19 14:15:00+05:30,-0.023,-0.0164,0,,0.5461,50.0,-0.0909,0,1.7207,1.0,1,1,0,1,0,1,2,2022-07-19 14:20:00+05:30,2022-07-19 14:25:00+05:30,2022-07-19 15:00:00+05:30,30.52,30.26821428571429,30.973214285714278,0.19,EOD+
S999,PNB,2022-07-20 09:30:00+05:30,,,3,3.0,0.302,25.0,0.1765,0,1.2096,,0,1,0,0,1,0,1,2022-07-20 09:30:00+05:30,2022-07-20 09:35:00+05:30,2022-07-20 15:00:00+05:30,30.71,30.358214285714286,31.343214285714286,-0.1,EOD-
S1000,PNB,2022-07-20 10:00:00+05:30,0.143,0.2358,4,4.0,0.007,50.0,-1.0,0,0.8778,,0,0,0,0,1,0,1,2022-07-20 10:00:00+05:30,2022-07-20 10:05:00+05:30,2022-07-20 13:15:00+05:30,30.81,30.452857142857145,31.452857142857138,-0.3571,L
S1001,PNB,2022-07-20 10:10:00+05:30,0.0893,0.1821,0,,0.1363,0.0,1.7027,0,0.1455,,0,0,0,1,1,0,1,2022-07-20 10:10:00+05:30,2022-07-20 10:15:00+05:30,2022-07-20 13:10:00+05:30,30.81,30.470714285714287,31.42071428571428,-0.3393,L
S1002,PNB,2022-07-20 10:20:00+05:30,0.0812,0.0975,0,,0.5277,0.0,-0.3197,0,0.2884,1.0,2,0,0,1,0,2,3,2022-07-20 10:30:00+05:30,2022-07-20 10:35:00+05:30,2022-07-20 13:15:00+05:30,30.81,30.461785714285718,31.436785714285705,-0.3482,L
S1003,PNB,2022-07-20 10:40:00+05:30,0.0487,0.0731,0,,0.3652,50.0,0.3889,0,0.4519,,0,0,0,0,1,0,1,2022-07-20 10:40:00+05:30,2022-07-20 10:45:00+05:30,2022-07-20 13:05:00+05:30,30.81,30.563571428571432,31.25357142857142,-0.2464,L
S1004,PNB,2022-07-20 10:50:00+05:30,0.0568,0.0406,0,,0.4824,0.0,-1.0,0,0.0956,0.0,2,0,0,1,0,2,3,2022-07-20 11:00:00+05:30,2022-07-20 11:05:00+05:30,2022-07-20 13:05:00+05:30,30.81,30.597500000000004,31.19249999999999,-0.2125,L
S1005,PNB,2022-07-20 11:10:00+05:30,-0.0049,0.026,0,,0.5453,100.0,-1.0,0,0.261,,0,0,0,1,1,0,1,2022-07-20 11:10:00+05:30,2022-07-20 11:15:00+05:30,2022-07-20 13:00:00+05:30,30.81,30.640357142857148,31.115357142857132,-0.1696,L
S1006,PNB,2022-07-20 11:20:00+05:30,-0.013,-0.013,0,,0.4667,100.0,-1.0,0,0.5284,,0,0,0,1,1,0,1,2022-07-20 11:20:00+05:30,2022-07-20 11:25:00+05:30,2022-07-20 13:00:00+05:30,30.81,30.649285714285718,31.099285714285703,-0.1607,L
S1007,PNB,2022-07-20 11:50:00+05:30,-0.0325,-0.0309,0,,1.1529,100.0,-1.0,0,0.3544,0.0,3,0,0,0,0,3,4,2022-07-20 12:05:00+05:30,2022-07-20 12:10:00+05:30,2022-07-20 13:00:00+05:30,30.81,30.65821428571429,31.083214285714277,-0.1518,L
S1008,PNB,2022-07-20 12:15:00+05:30,0.0,-0.0244,0,,0.3111,100.0,-1.0,0,0.3124,,0,0,0,1,1,0,1,2022-07-20 12:15:00+05:30,2022-07-20 12:20:00+05:30,2022-07-20 13:00:00+05:30,30.81,30.649285714285718,31.099285714285706,-0.1607,L
S1009,PNB,2022-07-20 14:15:00+05:30,-0.2077,-0.1943,0,,1.4262,55.56,-1.0,0,1.3313,1.0,3,0,0,0,0,3,4,2022-07-20 14:30:00+05:30,2022-07-20 14:35:00+05:30,2022-07-20 15:00:00+05:30,30.56,30.368928571428572,30.90392857142857,0.05,EOD+
S1010,PNB,2022-07-21 09:15:00+05:30,,,0,,0.98,47.37,-0.5074,0,1.3286,,0,1,0,0,1,0,1,2022-07-21 09:15:00+05:30,2022-07-21 09:20:00+05:30,2022-07-21 11:50:00+05:30,30.52,30.26107142857143,30.986071428571428,0.4661,W
S1011,PNB,2022-07-21 09:30:00+05:30,,,1,1.0,0.16,71.43,1.5,0,1.8903,,0,0,0,0,1,0,1,2022-07-21 09:30:00+05:30,2022-07-21 09:35:00+05:30,2022-07-21 11:55:00+05:30,30.61,30.36,31.06,0.45,W
S1012,PNB,2022-07-21 10:20:00+05:30,0.0915,0.1161,9,9.0,0.4246,0.0,0.3514,0,0.4028,,0,0,0,1,1,0,1,2022-07-21 10:20:00+05:30,2022-07-21 10:25:00+05:30,2022-07-21 11:55:00+05:30,30.61,30.392142857142854,31.00214285714286,0.3921,W
S1013,PNB,2022-07-21 10:30:00+05:30,0.0605,0.0997,0,,0.533,0.0,0.2048,0,0.2307,,0,0,0,1,1,0,1,2022-07-21 10:30:00+05:30,2022-07-21 10:35:00+05:30,2022-07-21 11:50:00+05:30,30.56,30.36535714285714,30.910357142857148,0.3504,W
S1014,PNB,2022-07-21 10:40:00+05:30,0.0457,0.0833,0,,0.679,0.0,0.0309,0,0.6648,,0,0,0,1,1,0,1,2022-07-21 10:40:00+05:30,2022-07-21 10:45:00+05:30,2022-07-21 11:50:00+05:30,30.61,30.43142857142857,30.931428571428576,0.3214,W
S1015,PNB,2022-07-21 10:50:00+05:30,0.0604,0.0457,0,,0.14,0.0,-1.0,0,4.9532,1.0,2,0,0,0,0,2,3,2022-07-21 11:00:00+05:30,2022-07-21 11:05:00+05:30,2022-07-21 11:55:00+05:30,30.71,30.53142857142857,31.031428571428577,0.3214,W
S1016,PNB,2022-07-21 13:00:00+05:30,0.2343,0.267,23,2.0,0.352,25.0,1.3256,0,1.3206,,0,0,0,0,1,0,1,2022-07-21 13:00:00+05:30,2022-07-21 13:05:00+05:30,2022-07-21 15:00:00+05:30,30.95,30.644642857142856,31.49964285714286,-0.05,EOD-
S1017,PNB,2022-07-22 09:15:00+05:30,,,0,,0.4728,40.0,1.5974,0,1.9918,,0,1,0,1,1,0,1,2022-07-22 09:15:00+05:30,2022-07-22 09:20:00+05:30,2022-07-22 10:50:00+05:30,31.1,30.896428571428572,31.466428571428576,-0.2036,L
S1018,PNB,2022-07-22 09:40:00+05:30,0.1984,,4,1.0,0.0,75.0,,1,1.5774,,0,0,0,0,1,0,1,2022-07-22 09:40:00+05:30,2022-07-22 09:45:00+05:30,2022-07-22 15:00:00+05:30,31.0,30.728571428571428,31.48857142857143,0.0,EOD-
S1019,PNB,2022-07-22 09:50:00+05:30,0.1516,,0,,0.1048,50.0,3.0,0,0.5947,,0,0,0,0,1,0,1,2022-07-22 09:50:00+05:30,2022-07-22 09:55:00+05:30,2022-07-22 15:00:00+05:30,31.05,30.751785714285717,31.586785714285714,-0.05,EOD-
S1020,PNB,2022-07-22 10:05:00+05:30,0.0725,0.1516,0,,0.5702,0.0,-0.3103,0,0.5114,1.0,3,1,0,0,0,3,4,2022-07-22 10:20:00+05:30,2022-07-22 10:25:00+05:30,2022-07-22 15:00:00+05:30,31.05,30.732142857142858,31.622142857142858,-0.05,EOD-
S1021,PNB,2022-07-22 11:30:00+05:30,-0.1907,-0.2163,0,,1.8118,0.0,-1.0,0,1.7436,1.0,3,0,0,0,0,3,4,2022-07-22 11:45:00+05:30,2022-07-22 11:50:00+05:30,2022-07-22 15:00:00+05:30,30.9,30.71785714285714,31.227857142857143,0.1,EOD+
S1022,PNB,2022-07-22 11:55:00+05:30,-0.0695,-0.1471,0,,0.2899,50.0,-1.0,0,0.8074,,0,0,0,0,1,0,1,2022-07-22 11:55:00+05:30,2022-07-22 12:00:00+05:30,2022-07-22 15:00:00+05:30,30.9,30.723214285714285,31.218214285714282,0.1,EOD+
S1023,PNB,2022-07-22 12:05:00+05:30,-0.0809,-0.1083,0,,0.0462,0.0,-1.0,0,0.7148,1.0,1,0,0,1,0,1,2,2022-07-22 12:10:00+05:30,2022-07-22 12:15:00+05:30,2022-07-22 15:00:00+05:30,30.9,30.737499999999997,31.1925,0.1,EOD+
S1024,PNB,2022-07-22 12:20:00+05:30,-0.1101,-0.0809,0,,0.3865,0.0,-1.0,0,0.3786,0.0,1,0,0,1,0,1,2,2022-07-22 12:25:00+05:30,2022-07-22 12:30:00+05:30,2022-07-22 15:00:00+05:30,30.86,30.68857142857143,31.16857142857143,0.14,EOD+
S1025,PNB,2022-07-22 12:35:00+05:30,-0.0599,-0.1101,0,,0.9634,55.56,-1.0,0,5.1742,1.0,1,0,0,0,0,1,2,2022-07-22 12:40:00+05:30,2022-07-22 12:45:00+05:30,2022-07-22 13:25:00+05:30,31.05,30.869642857142857,31.37464285714286,-0.1804,L
S1026,PNB,2022-07-22 13:05:00+05:30,0.1035,0.0647,4,4.0,0.239,50.0,1.381,0,0.9242,,0,0,0,0,1,0,1,2022-07-22 13:05:00+05:30,2022-07-22 13:10:00+05:30,2022-07-22 15:00:00+05:30,30.95,30.73035714285714,31.345357142857143,0.05,EOD+
S1027,PNB,2022-07-22 13:25:00+05:30,0.0582,0.1099,0,,0.7814,55.56,-0.4444,0,1.0531,0.0,3,0,0,1,0,3,4,2022-07-22 13:40:00+05:30,2022-07-22 13:45:00+05:30,2022-07-22 15:00:00+05:30,30.9,30.669642857142854,31.314642857142857,0.1,EOD+
S1028,PNB,2022-07-22 13:50:00+05:30,-0.0275,-0.0162,0,,0.7169,0.0,-0.3701,0,0.748,1.0,3,0,0,0,0,3,4,2022-07-22 14:05:00+05:30,2022-07-22 14:10:00+05:30,2022-07-22 15:00:00+05:30,31.0,30.77857142857143,31.398571428571433,0.0,EOD-
S1029,PNB,2022-07-22 14:15:00+05:30,0.0436,0.0081,0,,0.4427,100.0,-1.0,0,0.8467,1.0,1,0,0,0,0,1,2,2022-07-22 14:20:00+05:30,2022-07-22 14:25:00+05:30,2022-07-22 15:00:00+05:30,30.95,30.741071428571427,31.326071428571428,0.05,EOD+
S1030,PNB,2022-07-22 14:30:00+05:30,-0.0275,0.0436,1,1.0,0.2632,0.0,1.2727,0,1.0791,,0,0,0,0,1,0,1,2022-07-22 14:30:00+05:30,2022-07-22 14:35:00+05:30,2022-07-22 15:00:00+05:30,30.95,30.741071428571427,31.326071428571428,0.05,EOD+
S1031,PNB,2022-07-25 10:10:00+05:30,-0.1867,-0.1621,0,,1.2531,50.0,-0.6552,0,0.854,1.0,3,0,0,1,0,3,4,2022-07-25 10:25:00+05:30,2022-07-25 10:30:00+05:30,2022-07-25 13:05:00+05:30,30.76,30.470714285714287,31.280714285714286,-0.2893,L
S1032,PNB,2022-07-25 10:35:00+05:30,-0.1479,-0.2112,0,,0.4226,100.0,-1.0,0,0.3286,,0,0,0,0,1,0,1,2022-07-25 10:35:00+05:30,2022-07-25 10:40:00+05:30,2022-07-25 15:00:00+05:30,30.76,30.467142857142857,31.287142857142857,0.0,EOD-
S1033,PNB,2022-07-25 11:30:00+05:30,-0.0163,-0.0407,0,,1.3192,50.0,-0.5918,0,0.6343,0.0,3,0,0,0,0,3,4,2022-07-25 11:45:00+05:30,2022-07-25 11:50:00+05:30,2022-07-25 13:05:00+05:30,30.71,30.477857142857147,31.127857142857142,-0.2321,L
S1034,PNB,2022-07-25 12:30:00+05:30,-0.1549,-0.1222,0,,1.5194,35.71,-0.7143,0,1.4256,0.0,3,1,0,1,0,3,4,2022-07-25 12:45:00+05:30,2022-07-25 12:50:00+05:30,2022-07-25 13:05:00+05:30,30.71,30.479642857142856,31.124642857142863,-0.2304,L
S1035,PNB,2022-07-25 13:30:00+05:30,-0.1045,-0.0555,0,,0.6373,100.0,-1.0,0,0.1198,0.0,3,0,0,1,0,3,4,2022-07-25 13:45:00+05:30,2022-07-25 13:50:00+05:30,2022-07-25 15:00:00+05:30,30.61,30.25107142857143,31.25607142857143,0.15,EOD+
S1036,PNB,2022-07-25 13:55:00+05:30,-0.0474,-0.0964,0,,0.6125,44.44,-1.0,0,0.8664,1.0,1,1,0,0,0,1,2,2022-07-25 14:00:00+05:30,2022-07-25 14:05:00+05:30,2022-07-25 15:00:00+05:30,30.61,30.295714285714286,31.175714285714285,0.15,EOD+
S1037,PNB,2022-07-26 09:15:00+05:30,,,0,,1.6208,33.33,-0.6678,0,1.9403,1.0,1,0,0,0,0,1,2,2022-07-26 09:20:00+05:30,2022-07-26 09:25:00+05:30,2022-07-26 15:00:00+05:30,30.76,30.527857142857144,31.177857142857142,0.1,EOD+
S1038,PNB,2022-07-26 09:30:00+05:30,,,0,,0.6533,100.0,-1.0,0,2.3013,1.0,3,0,1,0,0,3,4,2022-07-26 09:45:00+05:30,2022-07-26 09:50:00+05:30,2022-07-26 12:10:00+05:30,30.86,30.592142857142857,31.342142857142854,-0.2679,L
S1039,PNB,2022-07-26 09:55:00+05:30,0.0081,0.0635,0,,0.6006,0.0,0.3793,0,0.4533,,0,0,0,1,1,0,1,2022-07-26 09:55:00+05:30,2022-07-26 10:00:00+05:30,2022-07-26 15:00:00+05:30,30.71,30.408214285714287,31.25321428571429,0.15,EOD+
S1040,PNB,2022-07-26 10:05:00+05:30,-0.0081,0.0163,0,,0.5279,0.0,0.4815,0,0.2214,,0,0,0,1,1,0,1,2022-07-26 10:05:00+05:30,2022-07-26 10:10:00+05:30,2022-07-26 15:00:00+05:30,30.76,30.440357142857142,31.335357142857145,0.1,EOD+
S1041,PNB,2022-07-26 10:20:00+05:30,-0.0407,-0.0081,0,,0.4693,0.0,-0.1667,0,3.3286,1.0,3,0,0,0,0,3,4,2022-07-26 10:35:00+05:30,2022-07-26 10:40:00+05:30,2022-07-26 15:00:00+05:30,30.76,30.440357142857142,31.335357142857145,0.1,EOD+
S1042,PNB,2022-07-26 11:15:00+05:30,-0.0244,0.0244,0,,1.232,50.0,-0.5455,0,0.5053,0.0,3,0,0,0,0,3,4,2022-07-26 11:30:00+05:30,2022-07-26 11:35:00+05:30,2022-07-26 15:00:00+05:30,30.66,30.436785714285715,31.061785714285715,0.2,EOD+
S1043,PNB,2022-07-26 11:40:00+05:30,-0.057,-0.057,0,,0.9962,0.0,-0.4595,0,0.6205,1.0,1,0,0,1,0,1,2,2022-07-26 11:45:00+05:30,2022-07-26 11:50:00+05:30,2022-07-26 15:00:00+05:30,30.71,30.477857142857143,31.127857142857145,0.15,EOD+
S1044,PNB,2022-07-26 11:55:00+05:30,-0.0163,-0.057,0,,0.9962,50.0,-0.4595,0,0.3659,,0,0,0,1,1,0,1,2022-07-26 11:55:00+05:30,2022-07-26 12:00:00+05:30,2022-07-26 15:00:00+05:30,30.71,30.47785714285714,31.12785714285715,0.15,EOD+
S1045,PNB,2022-07-26 12:05:00+05:30,-0.0244,-0.0244,0,,0.952,100.0,-1.0,0,4.3513,1.0,3,0,0,1,0,3,4,2022-07-26 12:20:00+05:30,2022-07-26 12:25:00+05:30,2022-07-26 15:00:00+05:30,30.71,30.486785714285713,31.11178571428572,0.15,EOD+
S1046,PNB,2022-07-26 12:30:00+05:30,-0.057,-0.057,0,,0.63,100.0,-1.0,0,2.2309,,0,1,0,0,1,0,1,2022-07-26 12:30:00+05:30,2022-07-26 12:35:00+05:30,2022-07-26 15:00:00+05:30,30.76,30.492142857142856,31.242142857142863,0.1,EOD+
S1047,PNB,2022-07-26 13:00:00+05:30,0.1058,0.0489,5,5.0,0.0538,50.0,9.0,0,0.6442,,0,0,0,0,1,0,1,2022-07-26 13:00:00+05:30,2022-07-26 13:05:00+05:30,2022-07-26 15:00:00+05:30,30.76,30.527857142857144,31.177857142857142,0.1,EOD+
S1048,PNB,2022-07-26 13:45:00+05:30,0.065,0.0813,0,,0.7778,0.0,0.0,0,2.3895,1.0,3,0,0,0,0,3,4,2022-07-26 14:00:00+05:30,2022-07-26 14:05:00+05:30,2022-07-26 15:00:00+05:30,30.81,30.64928571428572,31.099285714285703,0.05,EOD+
S1049,PNB,2022-07-26 14:10:00+05:30,0.0893,0.0894,0,,0.35,50.0,0.8182,0,1.9013,,0,1,0,1,1,0,1,2022-07-26 14:10:00+05:30,2022-07-26 14:15:00+05:30,2022-07-26 15:00:00+05:30,30.86,30.663571428571434,31.21357142857142,0.0,EOD-
S1050,PNB,2022-07-26 14:20:00+05:30,0.0633,0.0893,1,1.0,0.3797,64.29,0.5625,0,2.1719,,0,0,0,0,1,0,1,2022-07-26 14:20:00+05:30,2022-07-26 14:25:00+05:30,2022-07-26 15:00:00+05:30,30.81,30.599285714285717,31.189285714285706,0.05,EOD+
S1051,PNB,2022-07-26 14:30:00+05:30,0.0309,0.0796,0,,0.3642,0.0,0.5625,0,1.4404,,0,0,0,1,1,0,1,2022-07-26 14:30:00+05:30,2022-07-26 14:35:00+05:30,2022-07-26 15:00:00+05:30,30.81,30.590357142857147,31.205357142857135,0.05,EOD+
S1052,PNB,2022-07-27 09:20:00+05:30,,,0,,1.5993,33.33,-0.696,0,0.6548,0.0,3,0,0,0,0,3,4,2022-07-27 09:35:00+05:30,2022-07-27 09:40:00+05:30,2022-07-27 14:40:00+05:30,30.71,30.452857142857145,31.17285714285714,0.4629,W
S1053,PNB,2022-07-27 09:45:00+05:30,-0.0878,,0,,0.7955,50.0,-0.4286,0,0.6639,,0,0,0,0,1,0,1,2022-07-27 09:45:00+05:30,2022-07-27 09:50:00+05:30,2022-07-27 15:00:00+05:30,30.71,30.435,31.205000000000002,0.44,EOD+
S1054,PNB,2022-07-27 09:55:00+05:30,-0.0716,-0.0959,0,,0.7966,0.0,0.2121,0,0.4411,,0,1,0,1,1,0,1,2022-07-27 09:55:00+05:30,2022-07-27 10:00:00+05:30,2022-07-27 15:00:00+05:30,30.76,30.50107142857143,31.226071428571434,0.39,EOD+
S1055,PNB,2022-07-27 10:05:00+05:30,0.0081,-0.0716,1,1.0,0.3967,66.67,0.1765,0,1.9462,,0,1,0,0,1,0,1,2022-07-27 10:05:00+05:30,2022-07-27 10:10:00+05:30,2022-07-27 15:00:00+05:30,30.86,30.592142857142854,31.34214285714286,0.29,EOD+
S1056,PNB,2022-07-27 10:30:00+05:30,0.0455,0.0618,4,4.0,0.0628,64.29,6.6923,0,0.4685,,0,0,0,0,1,0,1,2022-07-27 10:30:00+05:30,2022-07-27 10:35:00+05:30,2022-07-27 15:00:00+05:30,30.81,30.551071428571426,31.276071428571427,0.34,EOD+
S1057,PNB,2022-07-27 10:40:00+05:30,0.0406,0.0699,0,,0.1777,0.0,2.0303,0,0.3459,,0,1,0,1,1,0,1,2022-07-27 10:40:00+05:30,2022-07-27 10:45:00+05:30,2022-07-27 15:00:00+05:30,30.81,30.577857142857145,31.22785714285714,0.34,EOD+
S1058,PNB,2022-07-27 11:45:00+05:30,0.0081,0.0487,0,,0.9051,0.0,-0.2188,0,0.1923,0.0,3,0,0,0,0,3,4,2022-07-27 12:00:00+05:30,2022-07-27 12:05:00+05:30,2022-07-27 13:35:00+05:30,30.81,30.63321428571429,31.12821428571428,0.3182,W
S1059,PNB,2022-07-27 12:20:00+05:30,-0.0568,-0.0779,0,,1.1667,100.0,-1.0,0,1.2708,1.0,3,0,0,0,0,3,4,2022-07-27 12:35:00+05:30,2022-07-27 12:40:00+05:30,2022-07-27 13:35:00+05:30,30.81,30.63321428571429,31.128214285714275,0.3182,W
S1060,PNB,2022-07-27 12:45:00+05:30,-0.0162,-0.0568,0,,0.3667,100.0,-1.0,0,3.1571,,0,0,0,0,1,0,1,2022-07-27 12:45:00+05:30,2022-07-27 12:50:00+05:30,2022-07-27 14:40:00+05:30,30.86,30.672500000000003,31.19749999999999,0.3375,W
S1061,PNB,2022-07-29 11:45:00+05:30,-0.1228,-0.1472,0,,1.2373,50.0,-0.6016,0,0.3601,1.0,3,1,0,1,0,3,4,2022-07-29 12:00:00+05:30,2022-07-29 12:05:00+05:30,2022-07-29 15:00:00+05:30,30.52,30.266428571428573,30.976428571428567,0.0,EOD-
S1062,PNB,2022-07-29 12:10:00+05:30,-0.0934,-0.131,0,,0.5062,35.71,0.9149,0,1.8709,,0,0,0,1,1,0,1,2022-07-29 12:10:00+05:30,2022-07-29 12:15:00+05:30,2022-07-29 15:00:00+05:30,30.61,30.377857142857145,31.027857142857137,-0.09,EOD-
S1063,PNB,2022-07-29 13:00:00+05:30,0.1063,0.054,9,9.0,0.0194,0.0,32.3333,0,0.2273,,0,0,0,0,1,0,1,2022-07-29 13:00:00+05:30,2022-07-29 13:05:00+05:30,2022-07-29 15:00:00+05:30,30.56,30.367142857142852,30.90714285714286,-0.04,EOD-
S1064,PNB,2022-07-29 13:10:00+05:30,0.0981,0.0753,0,,0.1361,100.0,-1.0,0,0.3106,0.0,1,0,0,0,0,1,2,2022-07-29 13:15:00+05:30,2022-07-29 13:20:00+05:30,2022-07-29 15:00:00+05:30,30.56,30.367142857142852,30.90714285714286,-0.04,EOD-
S1065,PNB,2022-07-29 13:25:00+05:30,0.0899,0.0981,0,,0.4511,0.0,0.7241,0,0.3255,,0,0,0,0,1,0,1,2022-07-29 13:25:00+05:30,2022-07-29 13:30:00+05:30,2022-07-29 14:15:00+05:30,30.61,30.44928571428571,30.899285714285718,-0.1607,L
S1066,PNB,2022-08-01 09:20:00+05:30,,,1,1.0,0.3227,0.0,2.9437,0,1.324,,0,0,1,0,1,0,1,2022-08-01 09:20:00+05:30,2022-08-01 09:25:00+05:30,2022-08-01 11:10:00+05:30,30.66,30.385,31.154999999999998,0.495,W
S1067,PNB,2022-08-01 09:30:00+05:30,,,1,1.0,0.35,79.17,0.1628,0,0.8707,,0,0,0,0,1,0,1,2022-08-01 09:30:00+05:30,2022-08-01 09:35:00+05:30,2022-08-01 11:15:00+05:30,30.66,30.352857142857143,31.212857142857143,0.5529,W
S1068,PNB,2022-08-01 14:25:00+05:30,0.4996,0.5384,58,16.0,0.03,64.29,-1.0,0,0.543,,0,1,1,1,1,0,1,2022-08-01 14:25:00+05:30,2022-08-01 14:30:00+05:30,2022-08-01 15:00:00+05:30,32.36,31.985,33.035,0.34,EOD+
S1069,PNB,2022-08-02 09:15:00+05:30,,,0,,1.7756,37.5,-0.6795,0,1.1613,0.0,3,1,1,1,0,3,4,2022-08-02 09:30:00+05:30,2022-08-02 09:35:00+05:30,2022-08-02 12:00:00+05:30,32.7,32.26071428571429,33.49071428571428,0.7907,W
S1070,PNB,2022-08-02 09:55:00+05:30,0.3287,0.2261,4,4.0,0.2207,58.33,0.0753,0,0.6753,,0,1,0,0,1,0,1,2022-08-02 09:55:00+05:30,2022-08-02 10:00:00+05:30,2022-08-02 11:45:00+05:30,32.51,31.98321428571428,33.45821428571429,0.9482,W
S1071,PNB,2022-08-02 12:35:00+05:30,0.2396,0.3269,30,7.0,0.6794,86.21,-0.596,0,0.7035,0.0,2,1,0,1,0,2,3,2022-08-02 12:45:00+05:30,2022-08-02 12:50:00+05:30,2022-08-02 15:00:00+05:30,33.38,33.01571428571429,34.035714285714285,-0.09,EOD-
S1072,PNB,2022-08-02 12:55:00+05:30,0.0509,0.1902,0,,0.14,66.67,1.3256,0,0.4316,,0,1,0,1,1,0,1,2022-08-02 12:55:00+05:30,2022-08-02 13:00:00+05:30,2022-08-02 15:00:00+05:30,33.43,33.04607142857143,34.121071428571426,-0.14,EOD-
S1073,PNB,2022-08-02 13:05:00+05:30,0.1092,0.0958,0,,0.2806,33.33,0.1494,0,0.8184,,0,1,0,0,1,0,1,2022-08-02 13:05:00+05:30,2022-08-02 13:10:00+05:30,2022-08-02 15:00:00+05:30,33.43,33.042500000000004,34.1275,-0.14,EOD-
S1074,PNB,2022-08-02 13:15:00+05:30,0.1525,0.0883,0,,0.0924,100.0,-1.0,0,0.9896,,0,0,0,0,1,0,1,2022-08-02 13:15:00+05:30,2022-08-02 13:20:00+05:30,2022-08-02 15:00:00+05:30,33.53,33.17821428571429,34.16321428571429,-0.3518,L
S1075,PNB,2022-08-02 13:25:00+05:30,0.1031,0.1241,0,,0.1635,50.0,-1.0,0,0.8175,,0,0,0,0,1,0,1,2022-08-02 13:25:00+05:30,2022-08-02 13:30:00+05:30,2022-08-02 15:00:00+05:30,33.48,33.128214285714286,34.113214285714285,-0.19,EOD-
S1076,PNB,2022-08-02 13:45:00+05:30,-0.0224,0.1031,0,,0.9208,50.0,-1.0,0,0.7245,1.0,3,0,0,0,0,3,4,2022-08-02 14:00:00+05:30,2022-08-02 14:05:00+05:30,2022-08-02 15:00:00+05:30,33.48,33.17999999999999,34.019999999999996,-0.3,L
S1077,PNB,2022-08-02 14:10:00+05:30,-0.0748,-0.0823,0,,0.8867,50.0,-1.0,0,1.9704,1.0,1,0,0,0,0,1,2,2022-08-02 14:15:00+05:30,2022-08-02 14:20:00+05:30,2022-08-02 15:00:00+05:30,33.43,33.18892857142857,33.863928571428566,-0.2411,L
S1078,PNB,2022-08-03 12:20:00+05:30,-0.2029,-0.1996,0,,1.8235,50.0,-0.763,0,0.4731,0.0,3,0,0,0,0,3,4,2022-08-03 12:35:00+05:30,2022-08-03 12:40:00+05:30,2022-08-03 15:00:00+05:30,32.51,32.22071428571429,33.03071428571428,0.5207,W
S1079,PNB,2022-08-03 12:45:00+05:30,-0.1185,-0.1661,0,,0.6227,75.0,-1.0,0,1.9118,,0,1,0,0,1,0,1,2022-08-03 12:45:00+05:30,2022-08-03 12:50:00+05:30,2022-08-03 15:00:00+05:30,32.56,32.268928571428575,33.08392857142857,0.39,EOD+
S1080,PNB,2022-08-03 13:40:00+05:30,0.1703,0.1843,10,6.0,0.1891,100.0,-1.0,0,1.0196,0.0,1,0,0,0,0,1,2,2022-08-03 13:45:00+05:30,2022-08-03 13:50:00+05:30,2022-08-03 15:00:00+05:30,32.65,32.339285714285715,33.20928571428571,0.3,EOD+
S1081,PNB,2022-08-03 14:05:00+05:30,0.2144,0.1779,2,1.0,0.029,33.33,13.2857,0,0.9176,,0,1,0,0,1,0,1,2022-08-03 14:05:00+05:30,2022-08-03 14:10:00+05:30,2022-08-03 15:00:00+05:30,32.75,32.448214285714286,33.293214285714285,0.2,EOD+
S1082,PNB,2022-08-03 14:15:00+05:30,0.2295,0.2007,1,1.0,0.3043,33.33,1.8571,0,0.9555,,0,0,0,0,1,0,1,2022-08-03 14:15:00+05:30,2022-08-03 14:20:00+05:30,2022-08-03 15:00:00+05:30,32.8,32.512499999999996,33.317499999999995,0.15,EOD+
S1083,PNB,2022-08-04 09:35:00+05:30,,,4,4.0,0.1938,34.48,2.3333,0,2.2208,,0,1,1,0,1,0,1,2022-08-04 09:35:00+05:30,2022-08-04 09:40:00+05:30,2022-08-04 10:45:00+05:30,33.04,32.691785714285714,33.66678571428571,-0.3482,L
S1084,PNB,2022-08-04 12:35:00+05:30,-0.3304,-0.4284,0,,0.8584,0.0,-0.6567,0,1.3195,1.0,3,1,0,0,0,3,4,2022-08-04 12:50:00+05:30,2022-08-04 12:55:00+05:30,2022-08-04 15:00:00+05:30,32.36,32.020714285714284,32.97071428571428,0.05,EOD+
S1085,PNB,2022-08-04 13:05:00+05:30,-0.1811,-0.3388,1,1.0,0.3045,71.43,0.194,0,0.5972,,0,0,0,1,1,0,1,2022-08-04 13:05:00+05:30,2022-08-04 13:10:00+05:30,2022-08-04 15:00:00+05:30,32.31,32.03500000000001,32.80499999999999,0.1,EOD+
S1086,PNB,2022-08-04 13:15:00+05:30,-0.0604,-0.2569,0,,0.298,0.0,0.2698,0,0.2241,,0,0,0,1,1,0,1,2022-08-04 13:15:00+05:30,2022-08-04 13:20:00+05:30,2022-08-04 15:00:00+05:30,32.31,32.0457142857143,32.78571428571427,0.1,EOD+
S1087,PNB,2022-08-04 13:25:00+05:30,0.0371,-0.113,0,,0.4304,35.71,0.978,0,0.9256,,0,0,0,0,1,0,1,2022-08-04 13:25:00+05:30,2022-08-04 13:30:00+05:30,2022-08-04 15:00:00+05:30,32.36,32.095714285714294,32.83571428571427,0.05,EOD+
S1088,PNB,2022-08-04 13:35:00+05:30,0.0943,-0.0155,0,,0.2124,33.33,3.5455,0,1.6446,,0,0,0,0,1,0,1,2022-08-04 13:35:00+05:30,2022-08-04 13:40:00+05:30,2022-08-04 15:00:00+05:30,32.46,32.20107142857144,32.92607142857141,-0.05,EOD-
S1089,PNB,2022-08-04 14:05:00+05:30,0.0541,0.1267,0,,0.8597,47.37,-1.0,0,0.7539,0.0,3,0,0,0,0,3,4,2022-08-04 14:20:00+05:30,2022-08-04 14:25:00+05:30,2022-08-04 15:00:00+05:30,32.36,32.09392857142858,32.83892857142856,0.05,EOD+
S1090,PNB,2022-08-04 14:30:00+05:30,0.0448,0.0232,0,,0.1483,0.0,2.125,0,1.1605,,0,0,0,0,1,0,1,2022-08-04 14:30:00+05:30,2022-08-04 14:35:00+05:30,2022-08-04 15:00:00+05:30,32.41,32.14035714285714,32.89535714285713,0.0,EOD-
S1091,PNB,2022-08-05 09:20:00+05:30,,,1,1.0,0.1014,0.0,8.5238,0,1.1704,,0,1,0,0,1,0,1,2022-08-05 09:20:00+05:30,2022-08-05 09:25:00+05:30,2022-08-05 15:00:00+05:30,32.51,32.25107142857142,32.97607142857144,0.0,EOD-
S1092,PNB,2022-08-05 10:05:00+05:30,0.1384,0.1969,8,6.0,0.4989,33.33,-0.1935,0,1.0766,0.0,1,0,0,0,0,1,2,2022-08-05 10:10:00+05:30,2022-08-05 10:15:00+05:30,2022-08-05 15:00:00+05:30,32.51,32.199285714285715,33.06928571428571,0.0,EOD-
S1093,PNB,2022-08-05 10:20:00+05:30,0.0999,0.1384,0,,0.592,33.33,-0.3711,0,0.7925,,0,1,0,0,1,0,1,2022-08-05 10:20:00+05:30,2022-08-05 10:25:00+05:30,2022-08-05 15:00:00+05:30,32.56,32.22428571428572,33.16428571428571,-0.05,EOD-
S1094,PNB,2022-08-05 10:40:00+05:30,0.1565,0.0906,2,2.0,0.1651,100.0,-1.0,0,0.4092,0.0,1,1,0,1,0,1,2,2022-08-05 10:45:00+05:30,2022-08-05 10:50:00+05:30,2022-08-05 15:00:00+05:30,32.56,32.21178571428572,33.18678571428571,-0.05,EOD-
S1095,PNB,2022-08-05 11:25:00+05:30,0.0551,0.1302,6,4.0,0.2614,55.56,0.3559,0,0.4991,,0,1,0,0,1,0,1,2022-08-05 11:25:00+05:30,2022-08-05 11:30:00+05:30,2022-08-05 15:00:00+05:30,32.65,32.36785714285714,33.15785714285714,-0.14,EOD-
S1096,PNB,2022-08-05 11:35:00+05:30,0.0475,0.0858,0,,0.3667,55.56,0.039,0,0.7164,,0,1,0,1,1,0,1,2022-08-05 11:35:00+05:30,2022-08-05 11:40:00+05:30,2022-08-05 15:00:00+05:30,32.61,32.3475,33.082499999999996,-0.1,EOD-
S1097,PNB,2022-08-05 11:45:00+05:30,0.0842,0.0628,0,,0.5461,71.43,-0.2727,0,1.1431,,0,0,0,0,1,0,1,2022-08-05 11:45:00+05:30,2022-08-05 11:50:00+05:30,2022-08-05 14:55:00+05:30,32.7,32.448214285714286,33.15321428571429,-0.2518,L
S1098,PNB,2022-08-05 11:55:00+05:30,0.1071,0.0613,1,1.0,0.3316,50.0,0.5873,0,0.9969,,0,1,0,0,1,0,1,2022-08-05 11:55:00+05:30,2022-08-05 12:00:00+05:30,2022-08-05 14:50:00+05:30,32.7,32.4625,33.127500000000005,-0.2375,L
S1099,PNB,2022-08-05 12:10:00+05:30,0.0872,0.1071,1,1.0,0.4511,0.0,1.2989,0,1.9313,,0,1,1,1,1,0,1,2022-08-05 12:10:00+05:30,2022-08-05 12:15:00+05:30,2022-08-05 14:40:00+05:30,32.8,32.55892857142857,33.23392857142857,-0.2411,L
S1100,PNB,2022-08-05 13:00:00+05:30,0.1068,0.1206,9,6.0,0.3,50.0,0.6667,0,1.5141,,0,1,0,0,1,0,1,2022-08-05 13:00:00+05:30,2022-08-05 13:05:00+05:30,2022-08-05 14:40:00+05:30,32.8,32.55,33.25,-0.25,L
S1101,PNB,2022-08-05 13:15:00+05:30,0.1143,0.1068,1,1.0,0.5069,50.0,-0.0476,0,1.7763,1.0,1,1,1,0,0,1,2,2022-08-05 13:20:00+05:30,2022-08-05 13:25:00+05:30,2022-08-05 14:25:00+05:30,32.9,32.64107142857142,33.36607142857144,-0.2589,L
S1102,PNB,2022-08-05 13:30:00+05:30,0.1066,0.1143,0,,0.25,0.0,3.0,0,0.7199,,0,0,0,0,1,0,1,2022-08-05 13:30:00+05:30,2022-08-05 13:35:00+05:30,2022-08-05 14:25:00+05:30,32.9,32.64999999999999,33.35000000000001,-0.25,L
S1103,PNB,2022-08-05 13:40:00+05:30,0.1218,0.1143,1,1.0,0.4407,0.0,1.3529,0,0.7497,,0,1,0,0,1,0,1,2022-08-05 13:40:00+05:30,2022-08-05 13:45:00+05:30,2022-08-05 14:25:00+05:30,32.9,32.65892857142857,33.33392857142858,-0.2411,L
S1104,PNB,2022-08-05 13:50:00+05:30,0.1293,0.1218,0,,0.5793,33.33,0.6667,0,0.5499,,0,0,0,1,1,0,1,2022-08-05 13:50:00+05:30,2022-08-05 13:55:00+05:30,2022-08-05 14:25:00+05:30,32.9,32.64107142857142,33.36607142857144,-0.2589,L
S1105,PNB,2022-08-08 09:25:00+05:30,,,0,,1.734,50.0,-1.0,0,0.7792,1.0,3,1,0,0,0,3,4,2022-08-08 09:40:00+05:30,2022-08-08 09:45:00+05:30,2022-08-08 15:00:00+05:30,32.56,32.20821428571429,33.193214285714284,-0.1,EOD-
S1106,PNB,2022-08-08 10:05:00+05:30,0.0046,-0.149,4,3.0,0.3136,47.37,0.0101,0,0.7304,,0,0,1,0,1,0,1,2022-08-08 10:05:00+05:30,2022-08-08 10:10:00+05:30,2022-08-08 15:00:00+05:30,32.7,32.30535714285715,33.410357142857144,-0.24,EOD-
S1107,PNB,2022-08-08 10:35:00+05:30,0.0706,0.0629,5,5.0,0.1815,0.0,1.0408,0,0.236,,0,0,0,1,1,0,1,2022-08-08 10:35:00+05:30,2022-08-08 10:40:00+05:30,2022-08-08 15:00:00+05:30,32.61,32.2725,33.2175,-0.15,EOD-
S1108,PNB,2022-08-08 11:45:00+05:30,-0.1091,-0.0814,0,,0.896,0.0,-0.375,0,0.598,0.0,3,0,0,0,0,3,4,2022-08-08 12:00:00+05:30,2022-08-08 12:05:00+05:30,2022-08-08 15:00:00+05:30,32.56,32.33678571428571,32.961785714285725,-0.1,EOD-
S1109,PNB,2022-08-08 12:10:00+05:30,-0.1308,-0.1168,0,,0.375,50.0,-1.0,0,1.4482,,0,0,0,1,1,0,1,2022-08-08 12:10:00+05:30,2022-08-08 12:15:00+05:30,2022-08-08 15:00:00+05:30,32.51,32.25999999999999,32.96000000000001,-0.05,EOD-
S1110,PNB,2022-08-08 13:15:00+05:30,-0.0231,0.0154,0,,1.9158,0.0,-0.6154,0,5.1485,1.0,3,0,0,0,0,3,4,2022-08-08 13:30:00+05:30,2022-08-08 13:35:00+05:30,2022-08-08 15:00:00+05:30,32.51,32.34035714285714,32.81535714285715,-0.05,EOD-
S1111,PNB,2022-08-08 13:45:00+05:30,0.0077,-0.0385,2,2.0,0.35,0.0,0.8182,0,0.8034,,0,0,1,1,1,0,1,2022-08-08 13:45:00+05:30,2022-08-08 13:50:00+05:30,2022-08-08 15:00:00+05:30,32.56,32.363571428571426,32.91357142857144,-0.1,EOD-
S1112,PNB,2022-08-08 14:00:00+05:30,0.0077,0.0077,1,1.0,0.3348,0.0,0.8182,0,0.9862,,0,0,0,1,1,0,1,2022-08-08 14:00:00+05:30,2022-08-08 14:05:00+05:30,2022-08-08 15:00:00+05:30,32.51,32.30464285714285,32.87964285714286,-0.05,EOD-
S1113,PNB,2022-08-08 14:10:00+05:30,-0.0077,0.0154,0,,0.2917,50.0,1.0,0,0.5359,,0,1,0,1,1,0,1,2022-08-08 14:10:00+05:30,2022-08-08 14:15:00+05:30,2022-08-08 15:00:00+05:30,32.51,32.295714285714276,32.89571428571429,-0.05,EOD-
S1114,PNB,2022-08-10 11:35:00+05:30,-0.1484,-0.2748,0,,0.9333,0.0,-0.4318,0,0.7466,0.0,3,0,0,1,0,3,4,2022-08-10 11:50:00+05:30,2022-08-10 11:55:00+05:30,2022-08-10 15:00:00+05:30,32.02,31.78428571428572,32.44428571428571,0.15,EOD+
S1115,PNB,2022-08-10 12:00:00+05:30,-0.0547,-0.0703,0,,0.2095,100.0,-1.0,0,0.3982,1.0,2,1,0,1,0,2,3,2022-08-10 12:10:00+05:30,2022-08-10 12:15:00+05:30,2022-08-10 15:00:00+05:30,32.02,31.775357142857143,32.46035714285715,0.15,EOD+
S1116,PNB,2022-08-10 12:30:00+05:30,0.0,-0.0547,2,2.0,0.1655,0.0,2.8462,0,1.9663,,0,0,0,0,1,0,1,2022-08-10 12:30:00+05:30,2022-08-10 12:35:00+05:30,2022-08-10 15:00:00+05:30,32.02,31.82357142857143,32.37357142857144,0.15,EOD+
S1117,PNB,2022-08-10 12:40:00+05:30,0.0141,-0.0234,0,,0.213,50.0,-1.0,0,0.5021,0.0,1,0,0,0,0,1,2,2022-08-10 12:45:00+05:30,2022-08-10 12:50:00+05:30,2022-08-10 15:00:00+05:30,32.02,31.814642857142857,32.38964285714287,0.15,EOD+
S1118,PNB,2022-08-10 12:55:00+05:30,0.0219,0.0141,0,,0.9333,50.0,-1.0,0,1.2866,0.0,1,0,0,0,0,1,2,2022-08-10 13:00:00+05:30,2022-08-10 13:05:00+05:30,2022-08-10 15:00:00+05:30,32.02,31.8325,32.35750000000001,0.15,EOD+
S1119,PNB,2022-08-10 13:10:00+05:30,0.0313,0.0219,0,,0.9864,0.0,-0.3548,0,2.0916,1.0,1,1,0,0,0,1,2,2022-08-10 13:15:00+05:30,2022-08-10 13:20:00+05:30,2022-08-10 15:00:00+05:30,32.02,31.823571428571427,32.37357142857144,0.15,EOD+
S1120,PNB,2022-08-10 13:25:00+05:30,0.0312,0.0313,1,1.0,0.4455,100.0,-1.0,0,0.2969,0.0,2,0,0,1,0,2,3,2022-08-10 13:35:00+05:30,2022-08-10 13:40:00+05:30,2022-08-10 15:00:00+05:30,32.02,31.82357142857143,32.37357142857144,0.15,EOD+
S1121,PNB,2022-08-10 13:45:00+05:30,-0.0156,0.0156,0,,0.9739,50.0,-1.0,0,5.085,1.0,1,0,0,0,0,1,2,2022-08-10 13:50:00+05:30,2022-08-10 13:55:00+05:30,2022-08-10 15:00:00+05:30,31.97,31.764642857142853,32.33964285714286,0.2,EOD+
S1122,PNB,2022-08-10 14:00:00+05:30,-0.0391,-0.0156,0,,0.7538,50.0,-0.2857,0,1.1619,,0,0,0,0,1,0,1,2022-08-10 14:00:00+05:30,2022-08-10 14:05:00+05:30,2022-08-10 15:00:00+05:30,31.97,31.737857142857138,32.38785714285715,0.2,EOD+
S1123,PNB,2022-08-10 14:20:00+05:30,0.0156,-0.0391,2,2.0,0.3208,0.0,0.8182,0,0.9597,,0,0,1,0,1,0,1,2022-08-10 14:20:00+05:30,2022-08-10 14:25:00+05:30,2022-08-10 15:00:00+05:30,32.07,31.855714285714285,32.455714285714286,0.1,EOD+
S1124,PNB,2022-08-10 14:30:00+05:30,0.0391,-0.0156,1,1.0,0.3792,50.0,0.5385,0,0.888,,0,0,0,0,1,0,1,2022-08-10 14:30:00+05:30,2022-08-10 14:35:00+05:30,2022-08-10 15:00:00+05:30,32.07,31.855714285714285,32.455714285714286,0.1,EOD+
S1125,PNB,2022-08-11 10:55:00+05:30,0.3728,0.4258,20,10.0,0.316,0.0,0.5385,0,0.5211,,0,0,0,1,1,0,1,2022-08-11 10:55:00+05:30,2022-08-11 11:00:00+05:30,2022-08-11 14:15:00+05:30,32.61,32.35285714285714,33.07285714285714,-0.2571,L
S1126,PNB,2022-08-11 12:00:00+05:30,-0.1628,-0.1689,0,,1.1303,0.0,-1.0,0,1.5745,1.0,3,0,0,0,0,3,4,2022-08-11 12:15:00+05:30,2022-08-11 12:20:00+05:30,2022-08-11 13:30:00+05:30,32.56,32.36535714285715,32.910357142857144,-0.1946,L
S1127,PNB,2022-08-11 12:25:00+05:30,-0.1169,-0.126,0,,0.0,0.0,,1,0.4196,1.0,1,0,0,1,0,1,2,2022-08-11 12:30:00+05:30,2022-08-11 12:35:00+05:30,2022-08-11 14:15:00+05:30,32.51,32.35821428571428,32.78321428571428,-0.1518,L
S1128,PNB,2022-08-11 12:40:00+05:30,-0.0508,-0.1169,2,2.0,0.8312,0.0,0.0526,0,1.2797,,0,0,0,0,1,0,1,2022-08-11 12:40:00+05:30,2022-08-11 12:45:00+05:30,2022-08-11 14:15:00+05:30,32.46,32.317142857142855,32.71714285714286,-0.1429,L
S1129,PNB,2022-08-11 12:50:00+05:30,-0.0385,-0.08,0,,1.4412,0.0,-0.4286,0,2.042,0.0,1,1,0,0,0,1,2,2022-08-11 12:55:00+05:30,2022-08-11 13:00:00+05:30,2022-08-11 15:00:00+05:30,32.46,32.308214285714286,32.73321428571429,0.0,EOD-
S1130,PNB,2022-08-11 13:05:00+05:30,-0.0308,-0.0385,0,,0.5,0.0,0.3333,0,1.8941,,0,0,0,0,1,0,1,2022-08-11 13:05:00+05:30,2022-08-11 13:10:00+05:30,2022-08-11 14:15:00+05:30,32.51,32.3225,32.847500000000004,-0.1875,L
S1131,PNB,2022-08-11 14:05:00+05:30,-0.0385,-0.0231,0,,0.7875,100.0,-1.0,0,1.8725,1.0,3,1,0,1,0,3,4,2022-08-11 14:20:00+05:30,2022-08-11 14:25:00+05:30,2022-08-11 15:00:00+05:30,32.46,32.24571428571428,32.8457142857143,0.0,EOD-
S1132,PNB,2022-08-11 14:30:00+05:30,-0.0616,-0.1001,0,,0.5542,0.0,0.0526,0,0.9327,,0,0,0,0,1,0,1,2022-08-11 14:30:00+05:30,2022-08-11 14:35:00+05:30,2022-08-11 15:00:00+05:30,32.46,32.245714285714286,32.845714285714294,0.0,EOD-
S1133,PNB,2022-08-12 09:20:00+05:30,,,0,,1.525,50.0,-0.3443,0,0.8235,0.0,3,0,0,0,0,3,4,2022-08-12 09:35:00+05:30,2022-08-12 09:40:00+05:30,2022-08-12 15:00:00+05:30,32.51,32.26,32.96,-0.2,EOD-
S1134,PNB,2022-08-12 09:45:00+05:30,0.0616,,0,,0.2032,100.0,-1.0,0,0.8033,,0,0,0,0,1,0,1,2022-08-12 09:45:00+05:30,2022-08-12 09:50:00+05:30,2022-08-12 15:00:00+05:30,32.51,32.23321428571428,33.00821428571429,-0.2,EOD-
S1135,PNB,2022-08-12 10:15:00+05:30,0.0692,0.0846,5,4.0,0.429,0.0,0.0526,0,0.719,,0,0,0,0,1,0,1,2022-08-12 10:15:00+05:30,2022-08-12 10:20:00+05:30,2022-08-12 15:00:00+05:30,32.46,32.183214285714286,32.95821428571429,-0.15,EOD-
S1136,PNB,2022-08-12 10:35:00+05:30,-0.0462,0.0461,0,,1.4,66.67,-1.0,0,0.8764,0.0,3,0,0,0,0,3,4,2022-08-12 10:50:00+05:30,2022-08-12 10:55:00+05:30,2022-08-12 15:00:00+05:30,32.46,32.22785714285714,32.87785714285715,-0.15,EOD-
S1137,PNB,2022-08-12 11:45:00+05:30,-0.1156,-0.0539,0,,1.2833,0.0,-0.3939,0,1.3517,1.0,3,1,0,0,0,3,4,2022-08-12 12:00:00+05:30,2022-08-12 12:05:00+05:30,2022-08-12 15:00:00+05:30,32.46,32.29928571428571,32.749285714285726,-0.15,EOD-
S1138,PNB,2022-08-12 12:15:00+05:30,0.0077,-0.0925,2,2.0,0.4278,0.0,0.8182,0,1.0519,,0,0,0,0,1,0,1,2022-08-12 12:15:00+05:30,2022-08-12 12:20:00+05:30,2022-08-12 15:00:00+05:30,32.46,32.299285714285716,32.74928571428572,-0.15,EOD-
S1139,PNB,2022-08-12 12:25:00+05:30,0.0385,-0.0308,0,,0.4667,100.0,-1.0,0,0.5092,,0,0,0,1,1,0,1,2022-08-12 12:25:00+05:30,2022-08-12 12:30:00+05:30,2022-08-12 15:00:00+05:30,32.46,32.299285714285716,32.74928571428572,-0.15,EOD-
S1140,PNB,2022-08-12 12:35:00+05:30,0.0077,0.0231,0,,0.3889,0.0,-1.0,0,0.9943,1.0,2,0,0,1,0,2,3,2022-08-12 12:45:00+05:30,2022-08-12 12:50:00+05:30,2022-08-12 15:00:00+05:30,32.41,32.24928571428571,32.699285714285715,-0.1,EOD-
S1141,PNB,2022-08-12 12:55:00+05:30,-0.0077,-0.0154,0,,0.3706,100.0,-1.0,0,1.8629,1.0,1,0,0,0,0,1,2,2022-08-12 13:00:00+05:30,2022-08-12 13:05:00+05:30,2022-08-12 15:00:00+05:30,32.46,32.30821428571428,32.7332142857143,-0.15,EOD-
S1142,PNB,2022-08-12 13:10:00+05:30,0.0077,-0.0077,0,,0.4278,50.0,0.8182,0,1.6767,,0,0,0,0,1,0,1,2022-08-12 13:10:00+05:30,2022-08-12 13:15:00+05:30,2022-08-12 15:00:00+05:30,32.46,32.29928571428571,32.749285714285726,-0.15,EOD-
S1143,PNB,2022-08-12 13:20:00+05:30,0.0308,0.0077,1,1.0,0.5056,0.0,0.5385,0,1.582,,0,0,0,0,1,0,1,2022-08-12 13:20:00+05:30,2022-08-12 13:25:00+05:30,2022-08-12 15:00:00+05:30,32.46,32.29928571428571,32.749285714285726,-0.15,EOD-
S1144,PNB,2022-08-12 13:30:00+05:30,0.0308,0.0154,0,,0.5765,100.0,-1.0,0,2.2537,1.0,1,0,0,0,0,1,2,2022-08-12 13:35:00+05:30,2022-08-12 13:40:00+05:30,2022-08-12 15:00:00+05:30,32.46,32.30821428571428,32.733214285714304,-0.15,EOD-
S1145,PNB,2022-08-12 13:45:00+05:30,-0.0,0.0308,0,,0.5353,100.0,-1.0,0,0.9011,,0,0,0,1,1,0,1,2022-08-12 13:45:00+05:30,2022-08-12 13:50:00+05:30,2022-08-12 15:00:00+05:30,32.46,32.30821428571428,32.733214285714304,-0.15,EOD-
S1146,PNB,2022-08-12 13:55:00+05:30,-0.0154,0.0154,0,,0.4667,0.0,-1.0,0,0.3207,0.0,1,0,0,0,0,1,2,2022-08-12 14:00:00+05:30,2022-08-12 14:05:00+05:30,2022-08-12 15:00:00+05:30,32.41,32.249285714285705,32.69928571428572,-0.1,EOD-
S1147,PNB,2022-08-16 09:15:00+05:30,,,0,,0.2692,25.0,1.0,0,2.0646,,0,0,0,0,1,0,1,2022-08-16 09:15:00+05:30,2022-08-16 09:20:00+05:30,2022-08-16 15:00:00+05:30,32.41,32.17785714285715,32.82785714285713,0.05,EOD+
S1148,PNB,2022-08-16 09:25:00+05:30,,,0,,0.7269,50.0,-0.2593,0,1.3698,0.0,2,0,1,0,0,2,3,2022-08-16 09:35:00+05:30,2022-08-16 09:40:00+05:30,2022-08-16 15:00:00+05:30,32.46,32.227857142857154,32.877857142857124,0.0,EOD-
S1149,PNB,2022-08-16 09:45:00+05:30,-0.0232,,0,,0.15,50.0,-1.0,0,1.8462,,0,1,0,0,1,0,1,2022-08-16 09:45:00+05:30,2022-08-16 09:50:00+05:30,2022-08-16 15:00:00+05:30,32.41,32.160000000000004,32.859999999999985,0.05,EOD+
S1150,PNB,2022-08-16 09:55:00+05:30,0.0154,-0.0309,0,,0.2,100.0,-1.0,0,0.5436,0.0,1,0,0,0,0,1,2,2022-08-16 10:00:00+05:30,2022-08-16 10:05:00+05:30,2022-08-16 15:00:00+05:30,32.46,32.21000000000001,32.90999999999999,0.0,EOD-
S1151,PNB,2022-08-16 10:10:00+05:30,0.0386,0.0154,0,,0.2567,0.0,-1.0,0,0.3876,1.0,1,1,0,0,0,1,2,2022-08-16 10:15:00+05:30,2022-08-16 10:20:00+05:30,2022-08-16 15:00:00+05:30,32.41,32.14214285714286,32.892142857142844,0.05,EOD+
S1152,PNB,2022-08-16 10:40:00+05:30,0.0694,0.0463,4,3.0,0.0269,50.0,19.0,0,0.3165,,0,0,0,0,1,0,1,2022-08-16 10:40:00+05:30,2022-08-16 10:45:00+05:30,2022-08-16 15:00:00+05:30,32.51,32.27785714285714,32.92785714285714,-0.05,EOD-
S1153,PNB,2022-08-16 10:55:00+05:30,0.0771,0.0694,2,2.0,0.213,0.0,1.8571,0,0.7298,,0,1,0,0,1,0,1,2022-08-16 10:55:00+05:30,2022-08-16 11:00:00+05:30,2022-08-16 15:00:00+05:30,32.41,32.20464285714285,32.77964285714285,0.05,EOD+
S1154,PNB,2022-08-16 11:15:00+05:30,0.0693,0.0925,2,2.0,0.5,50.0,0.3333,0,2.1402,,0,0,0,0,1,0,1,2022-08-16 11:15:00+05:30,2022-08-16 11:20:00+05:30,2022-08-16 15:00:00+05:30,32.46,32.2725,32.7975,0.0,EOD-
S1155,PNB,2022-08-16 11:25:00+05:30,0.0539,0.0925,0,,0.5667,50.0,0.1765,0,0.988,,0,0,0,0,1,0,1,2022-08-16 11:25:00+05:30,2022-08-16 11:30:00+05:30,2022-08-16 13:05:00+05:30,32.51,32.3225,32.8475,-0.1875,L
S1156,PNB,2022-08-16 11:35:00+05:30,0.0385,0.0616,1,1.0,0.6333,100.0,-1.0,0,0.5766,0.0,1,0,0,1,0,1,2,2022-08-16 11:40:00+05:30,2022-08-16 11:45:00+05:30,2022-08-16 15:00:00+05:30,32.46,32.2725,32.7975,0.0,EOD-
S1157,PNB,2022-08-16 12:00:00+05:30,-0.0077,0.0385,0,,1.1565,50.0,-1.0,0,0.3999,0.0,3,0,0,1,0,3,4,2022-08-16 12:15:00+05:30,2022-08-16 12:20:00+05:30,2022-08-16 15:00:00+05:30,32.46,32.254642857142855,32.82964285714286,0.0,EOD-
S1158,PNB,2022-08-16 12:25:00+05:30,-0.0462,-0.0539,0,,0.3652,100.0,-1.0,0,0.3133,,0,0,0,1,1,0,1,2022-08-16 12:25:00+05:30,2022-08-16 12:30:00+05:30,2022-08-16 15:00:00+05:30,32.46,32.254642857142855,32.829642857142865,0.0,EOD-
S1159,PNB,2022-08-16 13:25:00+05:30,-0.0849,-0.0694,0,,1.2056,0.0,-0.3548,0,0.3335,0.0,3,0,0,1,0,3,4,2022-08-16 13:40:00+05:30,2022-08-16 13:45:00+05:30,2022-08-16 15:00:00+05:30,32.41,32.24928571428571,32.6992857142857,0.05,EOD+
S1160,PNB,2022-08-16 13:50:00+05:30,0.0077,-0.0463,0,,1.12,0.0,0.25,0,1.1436,,0,0,0,0,1,0,1,2022-08-16 13:50:00+05:30,2022-08-16 13:55:00+05:30,2022-08-16 15:00:00+05:30,32.41,32.23142857142858,32.73142857142855,0.05,EOD+
S1161,PNB,2022-08-16 14:00:00+05:30,0.0,-0.0077,0,,0.3333,0.0,1.0,0,1.6388,,0,0,0,0,1,0,1,2022-08-16 14:00:00+05:30,2022-08-16 14:05:00+05:30,2022-08-16 15:00:00+05:30,32.41,32.22250000000001,32.747499999999974,0.05,EOD+
S1162,PNB,2022-08-16 14:10:00+05:30,-0.0386,0.0,0,,0.2,100.0,-1.0,0,1.3391,1.0,1,0,0,1,0,1,2,2022-08-16 14:15:00+05:30,2022-08-16 14:20:00+05:30,2022-08-16 15:00:00+05:30,32.41,32.22250000000001,32.747499999999974,0.05,EOD+
S1163,PNB,2022-08-17 09:30:00+05:30,,,3,3.0,0.235,50.0,1.1277,0,0.8535,,0,1,0,0,1,0,1,2022-08-17 09:30:00+05:30,2022-08-17 09:35:00+05:30,2022-08-17 13:05:00+05:30,32.51,32.26,32.959999999999994,0.45,W
S1164,PNB,2022-08-17 09:50:00+05:30,0.1351,,2,1.0,0.5296,35.71,-0.1304,0,0.4132,0.0,2,0,0,1,0,2,3,2022-08-17 10:00:00+05:30,2022-08-17 10:05:00+05:30,2022-08-17 13:10:00+05:30,32.61,32.33857142857143,33.098571428571425,0.4886,W
S1165,PNB,2022-08-17 10:10:00+05:30,0.0844,0.1197,0,,0.7752,50.0,-1.0,0,0.461,1.0,1,0,0,0,0,1,2,2022-08-17 10:15:00+05:30,2022-08-17 10:20:00+05:30,2022-08-17 13:10:00+05:30,32.56,32.29392857142857,33.03892857142858,0.4789,W
S1166,PNB,2022-08-17 10:25:00+05:30,0.0767,0.0844,0,,0.489,100.0,-1.0,0,0.4619,1.0,1,0,0,0,0,1,2,2022-08-17 10:30:00+05:30,2022-08-17 10:35:00+05:30,2022-08-17 13:10:00+05:30,32.56,32.317142857142855,32.99714285714286,0.4371,W
S1167,PNB,2022-08-17 10:40:00+05:30,0.0245,0.0767,0,,0.5333,55.56,-1.0,0,0.8199,,0,1,0,0,1,0,1,2022-08-17 10:40:00+05:30,2022-08-17 10:45:00+05:30,2022-08-17 13:10:00+05:30,32.61,32.385,33.015,0.405,W
S1168,PNB,2022-08-17 10:50:00+05:30,0.0,0.0399,0,,0.532,100.0,-1.0,0,0.3254,0.0,1,0,0,1,0,1,2,2022-08-17 10:55:00+05:30,2022-08-17 11:00:00+05:30,2022-08-17 13:05:00+05:30,32.56,32.33678571428572,32.96178571428572,0.4018,W
S1169,PNB,2022-08-17 11:05:00+05:30,-0.0445,0.0,0,,0.4043,0.0,-1.0,0,1.4106,1.0,3,0,0,0,0,3,4,2022-08-17 11:20:00+05:30,2022-08-17 11:25:00+05:30,2022-08-17 13:10:00+05:30,32.65,32.44285714285714,33.022857142857134,0.3729,W
S1170,PNB,2022-08-17 11:35:00+05:30,0.0077,-0.0291,2,2.0,0.4941,55.56,-1.0,0,1.7418,1.0,1,0,0,1,0,1,2,2022-08-17 11:40:00+05:30,2022-08-17 11:45:00+05:30,2022-08-17 13:00:00+05:30,32.56,32.37785714285715,32.887857142857136,0.3279,W
S1171,PNB,2022-08-17 12:15:00+05:30,-0.046,-0.0384,0,,0.88,0.0,-1.0,0,1.747,1.0,3,0,0,0,0,3,4,2022-08-17 12:30:00+05:30,2022-08-17 12:35:00+05:30,2022-08-17 13:00:00+05:30,32.61,32.4225,32.9475,0.3375,W
S1172,PNB,2022-08-17 12:40:00+05:30,-0.0077,-0.0445,0,,0.1615,28.57,2.7037,0,3.4064,,0,1,0,0,1,0,1,2022-08-17 12:40:00+05:30,2022-08-17 12:45:00+05:30,2022-08-17 13:10:00+05:30,32.65,32.441071428571426,33.026071428571434,0.3761,W
S1173,PNB,2022-08-17 13:50:00+05:30,0.3048,0.3252,13,8.0,0.0486,0.0,15.6667,0,0.74,,0,1,0,1,1,0,1,2022-08-17 13:50:00+05:30,2022-08-17 13:55:00+05:30,2022-08-17 14:45:00+05:30,32.9,32.591071428571425,33.456071428571434,0.5561,W
S1174,PNB,2022-08-18 09:15:00+05:30,,,0,,0.1742,58.82,2.3962,0,1.2035,,0,1,0,0,1,0,1,2022-08-18 09:15:00+05:30,2022-08-18 09:20:00+05:30,2022-08-18 13:00:00+05:30,33.48,33.099642857142854,34.16464285714285,-0.3804,L
S1175,PNB,2022-08-18 10:05:00+05:30,0.3564,0.393,9,9.0,0.0103,0.0,32.3333,0,0.2871,,0,0,0,0,1,0,1,2022-08-18 10:05:00+05:30,2022-08-18 10:10:00+05:30,2022-08-18 11:30:00+05:30,33.58,33.217499999999994,34.2325,-0.3625,L
S1176,PNB,2022-08-18 10:15:00+05:30,0.2623,0.3715,0,,0.156,0.0,1.3256,0,0.2724,,0,0,0,1,1,0,1,2022-08-18 10:15:00+05:30,2022-08-18 10:20:00+05:30,2022-08-18 12:10:00+05:30,33.53,33.18535714285714,34.150357142857146,-0.3446,L
S1177,PNB,2022-08-18 13:20:00+05:30,-0.131,-0.1806,0,,0.7168,100.0,-1.0,0,0.3054,1.0,3,0,0,1,0,3,4,2022-08-18 13:35:00+05:30,2022-08-18 13:40:00+05:30,2022-08-18 15:00:00+05:30,33.19,32.966785714285706,33.59178571428572,0.1,EOD+
S1178,PNB,2022-08-18 13:55:00+05:30,-0.0754,-0.1176,0,,0.8167,100.0,-1.0,0,0.8899,1.0,3,0,0,0,0,3,4,2022-08-18 14:10:00+05:30,2022-08-18 14:15:00+05:30,2022-08-18 15:00:00+05:30,33.19,32.97571428571429,33.57571428571428,0.1,EOD+
S1179,PNB,2022-08-19 10:25:00+05:30,-0.2287,-0.2117,0,,0.6652,100.0,-1.0,0,0.4149,1.0,3,0,0,1,0,3,4,2022-08-19 10:40:00+05:30,2022-08-19 10:45:00+05:30,2022-08-19 11:05:00+05:30,33.04,32.78821428571428,33.493214285714295,-0.2518,L
S1180,PNB,2022-08-19 10:50:00+05:30,-0.1684,-0.2061,0,,0.7827,28.57,-0.187,0,1.2332,1.0,1,0,0,1,0,1,2,2022-08-19 10:55:00+05:30,2022-08-19 11:00:00+05:30,2022-08-19 11:05:00+05:30,32.9,32.70357142857142,33.25357142857143,-0.1964,L
S1181,PNB,2022-08-19 12:50:00+05:30,-0.3072,-0.4049,0,,1.2773,0.0,-0.6441,0,0.9764,1.0,3,0,0,0,0,3,4,2022-08-19 13:05:00+05:30,2022-08-19 13:10:00+05:30,2022-08-19 15:00:00+05:30,32.61,32.335,33.105000000000004,-0.15,EOD-
S1182,PNB,2022-08-19 13:20:00+05:30,-0.0646,-0.2153,2,2.0,0.0243,35.71,19.0,0,1.6185,,0,1,1,0,1,0,1,2022-08-19 13:20:00+05:30,2022-08-19 13:25:00+05:30,2022-08-19 14:50:00+05:30,32.65,32.39285714285714,33.112857142857145,-0.2571,L
S1183,PNB,2022-08-19 13:35:00+05:30,0.0292,-0.0646,2,2.0,0.519,100.0,-1.0,0,0.8892,0.0,1,1,0,1,0,1,2,2022-08-19 13:40:00+05:30,2022-08-19 13:45:00+05:30,2022-08-19 15:00:00+05:30,32.51,32.247499999999995,32.9825,-0.05,EOD-
S1184,PNB,2022-08-19 13:50:00+05:30,0.0077,0.0292,0,,0.0628,0.0,6.1429,0,3.0221,,0,0,0,0,1,0,1,2022-08-19 13:50:00+05:30,2022-08-19 13:55:00+05:30,2022-08-19 15:00:00+05:30,32.56,32.28142857142857,33.06142857142858,-0.1,EOD-
S1185,PNB,2022-08-22 11:20:00+05:30,-0.1333,-0.3417,0,,0.9541,50.0,-0.4975,0,0.2086,0.0,3,0,0,1,0,3,4,2022-08-22 11:35:00+05:30,2022-08-22 11:40:00+05:30,2022-08-22 13:00:00+05:30,31.88,31.619285714285716,32.34928571428571,-0.2607,L
S1186,PNB,2022-08-22 11:45:00+05:30,-0.0863,-0.102,0,,0.2232,55.56,-1.0,0,0.7801,,0,1,1,0,1,0,1,2022-08-22 11:45:00+05:30,2022-08-22 11:50:00+05:30,2022-08-22 12:55:00+05:30,31.92,31.67357142857143,32.363571428571426,-0.2464,L
S1187,PNB,2022-08-22 11:55:00+05:30,-0.0722,-0.0785,0,,0.1654,44.44,2.3333,0,0.4631,,0,0,0,1,1,0,1,2022-08-22 11:55:00+05:30,2022-08-22 12:00:00+05:30,2022-08-22 12:55:00+05:30,31.88,31.653214285714284,32.28821428571428,-0.2268,L
S1188,PNB,2022-08-22 12:10:00+05:30,-0.0424,-0.0722,1,1.0,0.1044,0.0,4.8824,0,2.5913,,0,0,0,1,1,0,1,2022-08-22 12:10:00+05:30,2022-08-22 12:15:00+05:30,2022-08-22 12:55:00+05:30,31.88,31.67642857142857,32.246428571428574,-0.2036,L
S1189,PNB,2022-08-22 12:20:00+05:30,-0.0424,-0.0581,0,,0.5862,50.0,-1.0,0,1.2554,0.0,2,0,0,0,0,2,3,2022-08-22 12:30:00+05:30,2022-08-22 12:35:00+05:30,2022-08-22 12:55:00+05:30,31.88,31.66035714285714,32.275357142857146,-0.2196,L
S1190,PNB,2022-08-22 14:00:00+05:30,-0.2035,-0.1938,0,,1.26,0.0,-1.0,0,1.7725,1.0,3,0,0,0,0,3,4,2022-08-22 14:15:00+05:30,2022-08-22 14:20:00+05:30,2022-08-22 15:00:00+05:30,31.63,31.40678571428571,32.03178571428572,-0.05,EOD-
S1191,PNB,2022-08-23 09:15:00+05:30,,,0,,3.015,80.0,-1.0,0,2.0859,1.0,1,0,0,0,0,1,2,2022-08-23 09:20:00+05:30,2022-08-23 09:25:00+05:30,2022-08-23 15:00:00+05:30,31.63,31.356785714285714,32.121785714285714,0.4918,W
S1192,PNB,2022-08-23 09:30:00+05:30,,,1,1.0,0.2516,20.83,0.1594,0,1.6574,,0,1,1,0,1,0,1,2022-08-23 09:30:00+05:30,2022-08-23 09:35:00+05:30,2022-08-23 15:00:00+05:30,31.63,31.287142857142857,32.247142857142855,0.44,EOD+
S1193,PNB,2022-08-23 10:15:00+05:30,0.147,0.087,7,5.0,0.0536,0.0,4.8824,0,0.9702,,0,1,1,0,1,0,1,2022-08-23 10:15:00+05:30,2022-08-23 10:20:00+05:30,2022-08-23 15:00:00+05:30,31.73,31.333571428571428,32.44357142857143,0.34,EOD+
S1194,PNB,2022-08-23 10:25:00+05:30,0.1374,0.1628,0,,0.1594,0.0,1.1739,0,0.1759,,0,0,0,1,1,0,1,2022-08-23 10:25:00+05:30,2022-08-23 10:30:00+05:30,2022-08-23 15:00:00+05:30,31.63,31.26928571428571,32.27928571428571,0.44,EOD+
S1195,PNB,2022-08-23 11:00:00+05:30,0.0126,0.0726,0,,1.3413,44.44,-0.7085,0,0.8545,1.0,3,0,0,1,0,3,4,2022-08-23 11:15:00+05:30,2022-08-23 11:20:00+05:30,2022-08-23 15:00:00+05:30,31.68,31.360357142857143,32.25535714285714,0.39,EOD+
S1196,PNB,2022-08-23 11:25:00+05:30,-0.0458,-0.03,0,,0.5016,33.33,-0.2537,0,1.1003,1.0,1,0,0,1,0,1,2,2022-08-23 11:30:00+05:30,2022-08-23 11:35:00+05:30,2022-08-23 15:00:00+05:30,31.73,31.396071428571428,32.33107142857143,0.34,EOD+
S1197,PNB,2022-08-23 11:50:00+05:30,-0.0237,-0.0395,3,3.0,0.0704,33.33,9.5263,0,0.75,,0,0,0,1,1,0,1,2022-08-23 11:50:00+05:30,2022-08-23 11:55:00+05:30,2022-08-23 15:00:00+05:30,31.78,31.442500000000003,32.3875,0.29,EOD+
S1198,PNB,2022-08-23 12:05:00+05:30,-0.0,-0.0237,1,1.0,0.0731,0.0,4.2632,0,0.3398,,0,1,0,0,1,0,1,2022-08-23 12:05:00+05:30,2022-08-23 12:10:00+05:30,2022-08-23 15:00:00+05:30,31.68,31.354999999999997,32.265,0.39,EOD+
S1199,PNB,2022-08-23 12:15:00+05:30,0.0458,-0.0158,1,1.0,0.1988,0.0,3.1667,0,1.1518,,0,0,0,0,1,0,1,2022-08-23 12:15:00+05:30,2022-08-23 12:20:00+05:30,2022-08-23 15:00:00+05:30,31.73,31.428214285714283,32.27321428571429,0.34,EOD+
S1200,PNB,2022-08-23 12:25:00+05:30,0.0932,0.0237,0,,0.3309,33.33,1.5641,0,1.225,,0,0,0,0,1,0,1,2022-08-23 12:25:00+05:30,2022-08-23 12:30:00+05:30,2022-08-23 15:00:00+05:30,31.78,31.48535714285714,32.31035714285715,0.29,EOD+
S1201,PNB,2022-08-23 13:55:00+05:30,0.1726,0.1727,17,4.0,0.4705,0.0,1.1951,0,0.7932,,0,0,0,0,1,0,1,2022-08-23 13:55:00+05:30,2022-08-23 14:00:00+05:30,2022-08-23 15:00:00+05:30,31.88,31.662142857142854,32.27214285714286,0.19,EOD+
S1202,PNB,2022-08-23 14:05:00+05:30,0.1505,0.1726,0,,0.0862,44.44,-1.0,0,1.2417,,0,0,0,1,1,0,1,2022-08-23 14:05:00+05:30,2022-08-23 14:10:00+05:30,2022-08-23 15:00:00+05:30,31.92,31.68785714285714,32.33785714285715,0.15,EOD+
S1203,PNB,2022-08-23 14:30:00+05:30,0.1018,0.127,3,1.0,0.0055,0.0,99.0,0,2.3908,,0,1,0,0,1,0,1,2022-08-23 14:30:00+05:30,2022-08-23 14:35:00+05:30,2022-08-23 15:00:00+05:30,31.97,31.74321428571428,32.37821428571429,0.1,EOD+
S1204,PNB,2022-08-24 09:15:00+05:30,,,0,,0.1963,29.41,3.3478,0,2.1803,,0,1,0,0,1,0,1,2022-08-24 09:15:00+05:30,2022-08-24 09:20:00+05:30,2022-08-24 15:00:00+05:30,32.12,31.827142857142857,32.64714285714285,0.44,EOD+
S1205,PNB,2022-08-24 13:25:00+05:30,-0.2552,-0.2177,0,,2.0738,0.0,-1.0,0,1.0372,1.0,3,0,0,0,0,3,4,2022-08-24 13:40:00+05:30,2022-08-24 13:45:00+05:30,2022-08-24 15:00:00+05:30,32.36,32.16892857142857,32.70392857142856,0.2,EOD+
S1206,PNB,2022-08-24 13:55:00+05:30,-0.0449,-0.164,2,2.0,0.3642,55.56,0.25,0,1.1933,,0,1,1,1,1,0,1,2022-08-24 13:55:00+05:30,2022-08-24 14:00:00+05:30,2022-08-24 15:00:00+05:30,32.36,32.14035714285714,32.755357142857136,0.2,EOD+
S1207,PNB,2022-08-24 14:20:00+05:30,-0.0,-0.0077,4,4.0,0.3584,55.56,0.25,0,2.0118,,0,0,0,0,1,0,1,2022-08-24 14:20:00+05:30,2022-08-24 14:25:00+05:30,2022-08-24 15:00:00+05:30,32.36,32.136785714285715,32.76178571428571,0.2,EOD+
S1208,PNB,2022-08-25 10:55:00+05:30,0.558,0.647,20,8.0,0.2853,55.56,-0.0698,0,2.781,1.0,3,0,0,0,0,3,4,2022-08-25 11:10:00+05:30,2022-08-25 11:15:00+05:30,2022-08-25 11:55:00+05:30,33.53,33.15321428571429,34.208214285714284,0.6782,W
S1209,PNB,2022-08-25 11:30:00+05:30,0.1601,0.274,3,3.0,0.6538,0.0,0.7647,0,0.8325,,0,0,0,0,1,0,1,2022-08-25 11:30:00+05:30,2022-08-25 11:35:00+05:30,2022-08-25 11:55:00+05:30,33.48,33.155,34.065,0.585,W
S1210,PNB,2022-08-25 11:40:00+05:30,0.0808,0.1736,0,,0.3462,50.0,0.1111,0,1.6971,,0,1,0,0,1,0,1,2022-08-25 11:40:00+05:30,2022-08-25 11:45:00+05:30,2022-08-25 11:55:00+05:30,33.53,33.205000000000005,34.115,0.585,W
S1211,PNB,2022-08-25 13:35:00+05:30,0.4276,0.5629,22,13.0,0.0081,100.0,-1.0,0,0.4994,,0,1,0,1,1,0,1,2022-08-25 13:35:00+05:30,2022-08-25 13:40:00+05:30,2022-08-25 14:10:00+05:30,34.31,34.00285714285714,34.86285714285715,0.5529,W
S1212,PNB,2022-08-25 13:45:00+05:30,0.2203,0.5342,0,,0.1123,0.0,2.8462,0,1.6214,,0,0,0,0,1,0,1,2022-08-25 13:45:00+05:30,2022-08-25 13:50:00+05:30,2022-08-25 14:10:00+05:30,34.31,34.020714285714284,34.8307142857143,0.5207,W
S1213,PNB,2022-08-26 09:40:00+05:30,-0.0276,,5,5.0,0.1569,0.0,2.1746,0,0.4738,,0,0,0,0,1,0,1,2022-08-26 09:40:00+05:30,2022-08-26 09:45:00+05:30,2022-08-26 11:20:00+05:30,34.55,34.04821428571428,35.45321428571429,0.9032,W
S1214,PNB,2022-08-26 10:50:00+05:30,0.4251,0.4276,12,12.0,0.1348,50.0,1.1277,0,0.5512,,0,0,0,0,1,0,1,2022-08-26 10:50:00+05:30,2022-08-26 10:55:00+05:30,2022-08-26 15:00:00+05:30,34.84,34.40428571428572,35.62428571428571,-0.05,EOD-
S1215,PNB,2022-08-26 11:00:00+05:30,0.2928,0.447,1,1.0,0.2929,50.0,0.2195,0,1.0049,,0,0,0,0,1,0,1,2022-08-26 11:00:00+05:30,2022-08-26 11:05:00+05:30,2022-08-26 15:00:00+05:30,34.89,34.540000000000006,35.519999999999996,-0.35,L
S1216,PNB,2022-08-26 11:10:00+05:30,0.1951,0.3547,0,,0.4207,25.0,-0.2,0,3.734,1.0,1,1,0,0,0,1,2,2022-08-26 11:15:00+05:30,2022-08-26 11:20:00+05:30,2022-08-26 12:55:00+05:30,35.28,34.908571428571435,35.94857142857143,-0.3714,L
S1217,PNB,2022-08-26 14:00:00+05:30,-0.3787,-0.4065,0,,1.1904,66.67,-1.0,0,1.0336,0.0,3,0,0,0,0,3,4,2022-08-26 14:15:00+05:30,2022-08-26 14:20:00+05:30,2022-08-26 15:00:00+05:30,34.84,34.488214285714285,35.4732142857143,-0.05,EOD-
S1218,PNB,2022-08-29 10:30:00+05:30,-0.4495,-0.4761,0,,1.1017,50.0,-1.0,0,0.6544,1.0,3,0,0,1,0,3,4,2022-08-29 10:45:00+05:30,2022-08-29 10:50:00+05:30,2022-08-29 15:00:00+05:30,34.11,33.79571428571428,34.67571428571429,0.15,EOD+
S1219,PNB,2022-08-29 11:00:00+05:30,-0.1629,-0.4229,2,2.0,0.01,33.33,99.0,0,1.1926,,0,0,0,1,1,0,1,2022-08-29 11:00:00+05:30,2022-08-29 11:05:00+05:30,2022-08-29 15:00:00+05:30,34.21,33.96,34.660000000000004,0.05,EOD+
S1220,PNB,2022-08-29 11:10:00+05:30,0.0792,-0.2996,1,1.0,0.6169,60.0,-0.2908,0,0.942,0.0,1,1,0,1,0,1,2,2022-08-29 11:15:00+05:30,2022-08-29 11:20:00+05:30,2022-08-29 15:00:00+05:30,34.11,33.82428571428571,34.62428571428572,0.15,EOD+
S1221,PNB,2022-08-29 11:50:00+05:30,0.0513,0.0499,6,6.0,0.0,100.0,,1,0.2613,,0,0,0,0,1,0,1,2022-08-29 11:50:00+05:30,2022-08-29 11:55:00+05:30,2022-08-29 15:00:00+05:30,34.16,33.88321428571429,34.65821428571428,0.1,EOD+
S1222,PNB,2022-08-29 12:00:00+05:30,0.0659,0.0513,0,,0.1,0.0,4.0,0,0.3949,,0,0,0,1,1,0,1,2022-08-29 12:00:00+05:30,2022-08-29 12:05:00+05:30,2022-08-29 15:00:00+05:30,34.16,33.910000000000004,34.60999999999999,0.1,EOD+
S1223,PNB,2022-08-29 12:10:00+05:30,0.0806,0.0513,0,,0.2172,50.0,-1.0,0,3.1365,,0,1,0,0,1,0,1,2022-08-29 12:10:00+05:30,2022-08-29 12:15:00+05:30,2022-08-29 15:00:00+05:30,34.21,33.95107142857143,34.676071428571426,0.05,EOD+
S1224,PNB,2022-08-29 12:50:00+05:30,0.0863,0.1667,7,6.0,0.4424,66.67,-1.0,0,0.3905,0.0,1,0,0,1,0,1,2,2022-08-29 12:55:00+05:30,2022-08-29 13:00:00+05:30,2022-08-29 15:00:00+05:30,34.21,33.986785714285716,34.611785714285716,0.05,EOD+
S1225,PNB,2022-08-29 13:30:00+05:30,0.1284,0.1081,5,5.0,0.055,0.0,15.3636,0,0.915,,0,0,0,0,1,0,1,2022-08-29 13:30:00+05:30,2022-08-29 13:35:00+05:30,2022-08-29 15:00:00+05:30,34.31,34.059999999999995,34.76000000000001,-0.05,EOD-
S1226,PNB,2022-08-30 10:20:00+05:30,0.3532,0.4551,13,13.0,0.1529,0.0,0.25,0,0.4499,,0,1,0,1,1,0,1,2022-08-30 10:20:00+05:30,2022-08-30 10:25:00+05:30,2022-08-30 15:00:00+05:30,34.69,34.16678571428571,35.63178571428571,0.2,EOD+
S1227,PNB,2022-08-30 10:55:00+05:30,0.1538,0.3393,0,,1.3543,100.0,-1.0,0,0.8632,1.0,3,0,0,0,0,3,4,2022-08-30 11:10:00+05:30,2022-08-30 11:15:00+05:30,2022-08-30 15:00:00+05:30,34.74,34.49357142857143,35.18357142857144,0.15,EOD+
S1228,PNB,2022-08-30 11:40:00+05:30,-0.1052,-0.1224,0,,1.9037,50.0,-1.0,0,1.4407,1.0,3,0,0,0,0,3,4,2022-08-30 11:55:00+05:30,2022-08-30 12:00:00+05:30,2022-08-30 14:30:00+05:30,34.65,34.458928571428565,34.993928571428576,0.3439,W
S1229,PNB,2022-08-30 12:05:00+05:30,-0.0894,-0.124,0,,0.8284,100.0,-1.0,0,1.1693,1.0,1,0,0,0,0,1,2,2022-08-30 12:10:00+05:30,2022-08-30 12:15:00+05:30,2022-08-30 14:15:00+05:30,34.6,34.40535714285714,34.95035714285714,0.3504,W
S1230,PNB,2022-08-30 12:20:00+05:30,-0.0332,-0.0894,0,,0.7636,0.0,-0.1667,0,1.0606,1.0,2,1,0,0,0,2,3,2022-08-30 12:30:00+05:30,2022-08-30 12:35:00+05:30,2022-08-30 14:30:00+05:30,34.65,34.45357142857143,35.003571428571426,0.3536,W
S1231,PNB,2022-08-30 12:40:00+05:30,0.0,-0.0332,0,,0.1562,100.0,-1.0,0,0.8942,0.0,1,0,0,1,0,1,2,2022-08-30 12:45:00+05:30,2022-08-30 12:50:00+05:30,2022-08-30 15:00:00+05:30,34.65,34.417857142857144,35.067857142857136,0.24,EOD+
S1232,PNB,2022-08-30 12:55:00+05:30,-0.0072,0.0,0,,0.6545,100.0,-1.0,0,0.4609,0.0,3,0,0,1,0,3,4,2022-08-30 13:10:00+05:30,2022-08-30 13:15:00+05:30,2022-08-30 15:00:00+05:30,34.69,34.47035714285715,35.085357142857134,0.2,EOD+
S1233,PNB,2022-08-30 13:20:00+05:30,0.0029,-0.0317,0,,0.6713,0.0,-0.1453,0,2.5457,1.0,1,0,0,0,0,1,2,2022-08-30 13:25:00+05:30,2022-08-30 13:30:00+05:30,2022-08-30 15:00:00+05:30,34.79,34.57214285714286,35.18214285714285,0.1,EOD+
S1234,PNB,2022-08-30 13:50:00+05:30,0.0692,0.0692,4,4.0,0.0222,0.0,24.0,0,2.6176,,0,1,0,0,1,0,1,2022-08-30 13:50:00+05:30,2022-08-30 13:55:00+05:30,2022-08-30 15:00:00+05:30,34.74,34.515,35.144999999999996,0.15,EOD+
S1235,PNB,2022-09-01 09:15:00+05:30,,,0,,3.0236,79.45,-0.8928,0,2.3376,,0,0,0,0,1,0,1,2022-09-01 09:15:00+05:30,2022-09-01 09:20:00+05:30,2022-09-01 14:05:00+05:30,35.03,34.644285714285715,35.72428571428571,-0.3857,L
S1236,PNB,2022-09-01 09:25:00+05:30,,,0,,0.8108,29.41,0.0791,0,1.3502,,0,1,0,1,1,0,1,2022-09-01 09:25:00+05:30,2022-09-01 09:30:00+05:30,2022-09-01 15:00:00+05:30,34.99,34.56142857142858,35.76142857142857,-0.15,EOD-
S1237,PNB,2022-09-01 10:40:00+05:30,0.3267,0.3317,14,11.0,0.4984,33.33,0.4706,0,0.5275,,0,0,0,0,1,0,1,2022-09-01 10:40:00+05:30,2022-09-01 10:45:00+05:30,2022-09-01 13:00:00+05:30,35.23,34.888928571428565,35.84392857142857,-0.3411,L
S1238,PNB,2022-09-01 12:10:00+05:30,-0.2492,-0.1991,0,,1.4726,0.0,-0.7101,0,2.0405,1.0,3,0,0,0,0,3,4,2022-09-01 12:25:00+05:30,2022-09-01 12:30:00+05:30,2022-09-01 13:00:00+05:30,35.18,34.887142857142855,35.707142857142856,-0.2929,L
S1239,PNB,2022-09-01 12:35:00+05:30,-0.0784,-0.1895,1,1.0,0.0432,50.0,-1.0,0,3.1685,1.0,1,0,0,0,0,1,2,2022-09-01 12:40:00+05:30,2022-09-01 12:45:00+05:30,2022-09-01 13:50:00+05:30,35.08,34.79071428571429,35.60071428571428,-0.2893,L
S1240,PNB,2022-09-02 09:25:00+05:30,,,2,2.0,0.073,50.0,3.5455,0,1.0044,,0,0,0,1,1,0,1,2022-09-02 09:25:00+05:30,2022-09-02 09:30:00+05:30,2022-09-02 13:35:00+05:30,34.84,34.46321428571429,35.518214285714286,-0.3768,L
S1241,PNB,2022-09-02 09:50:00+05:30,0.0072,,0,,0.9263,71.43,-0.7394,0,0.6283,1.0,3,0,0,0,0,3,4,2022-09-02 10:05:00+05:30,2022-09-02 10:10:00+05:30,2022-09-02 13:35:00+05:30,34.84,34.425714285714285,35.58571428571429,-0.4143,L
S1242,PNB,2022-09-02 10:15:00+05:30,-0.0503,-0.0,0,,0.631,50.0,-0.4792,0,0.4275,,0,0,0,0,1,0,1,2022-09-02 10:15:00+05:30,2022-09-02 10:20:00+05:30,2022-09-02 14:55:00+05:30,34.69,34.309642857142855,35.37464285714286,-0.3804,L
S1243,PNB,2022-09-02 10:30:00+05:30,-0.0287,-0.0503,1,1.0,0.322,0.0,1.1739,0,0.4016,,0,0,0,0,1,0,1,2022-09-02 10:30:00+05:30,2022-09-02 10:35:00+05:30,2022-09-02 13:35:00+05:30,34.84,34.48285714285714,35.48285714285715,-0.3571,L
S1244,PNB,2022-09-02 10:40:00+05:30,0.0273,-0.0287,0,,0.4415,0.0,0.8018,0,0.2725,,0,0,0,0,1,0,1,2022-09-02 10:40:00+05:30,2022-09-02 10:45:00+05:30,2022-09-02 11:25:00+05:30,34.84,34.52571428571429,35.405714285714296,-0.3143,L
S1245,PNB,2022-09-02 10:50:00+05:30,0.0273,-0.0072,0,,0.4918,50.0,-0.0991,0,0.4308,0.0,1,1,0,1,0,1,2,2022-09-02 10:55:00+05:30,2022-09-02 11:00:00+05:30,2022-09-02 11:25:00+05:30,34.79,34.50785714285714,35.29785714285715,-0.2821,L
S1246,PNB,2022-09-02 11:05:00+05:30,-0.0359,0.0273,1,1.0,0.3762,50.0,0.1628,0,1.8778,,0,0,0,0,1,0,1,2022-09-02 11:05:00+05:30,2022-09-02 11:10:00+05:30,2022-09-02 11:25:00+05:30,34.84,34.55428571428571,35.35428571428572,-0.2857,L
S1247,PNB,2022-09-02 13:45:00+05:30,-0.0651,-0.0434,0,,1.575,0.0,-0.3651,0,0.9831,1.0,3,0,0,0,0,3,4,2022-09-02 14:00:00+05:30,2022-09-02 14:05:00+05:30,2022-09-02 14:55:00+05:30,34.55,34.3,35.0,-0.25,L
S1248,PNB,2022-09-05 09:15:00+05:30,,,0,,1.1404,100.0,-1.0,0,1.2371,,0,0,0,0,1,0,1,2022-09-05 09:15:00+05:30,2022-09-05 09:20:00+05:30,2022-09-05 15:00:00+05:30,34.5,34.18214285714286,35.07214285714286,0.15,EOD+
S1249,PNB,2022-09-05 09:25:00+05:30,,,0,,0.0172,25.0,19.0,0,1.0188,,0,0,0,0,1,0,1,2022-09-05 09:25:00+05:30,2022-09-05 09:30:00+05:30,2022-09-05 15:00:00+05:30,34.45,34.0875,35.102500000000006,0.2,EOD+
S1250,PNB,2022-09-05 09:35:00+05:30,,,1,1.0,0.2629,0.0,0.25,0,0.9991,,0,0,0,0,1,0,1,2022-09-05 09:35:00+05:30,2022-09-05 09:40:00+05:30,2022-09-05 15:00:00+05:30,34.35,33.96964285714286,35.03464285714286,0.3,EOD+
S1251,PNB,2022-09-05 09:50:00+05:30,-0.0509,,1,1.0,0.2227,40.0,1.8571,0,1.1729,,0,1,0,0,1,0,1,2022-09-05 09:50:00+05:30,2022-09-05 09:55:00+05:30,2022-09-05 15:00:00+05:30,34.55,34.15714285714285,35.25714285714286,0.1,EOD+
S1252,PNB,2022-09-05 10:45:00+05:30,0.2518,0.2941,10,7.0,0.4193,52.63,-0.1304,0,1.1632,0.0,1,0,0,0,0,1,2,2022-09-05 10:50:00+05:30,2022-09-05 10:55:00+05:30,2022-09-05 15:00:00+05:30,34.6,34.25714285714285,35.21714285714287,0.05,EOD+
S1253,PNB,2022-09-05 12:05:00+05:30,-0.2173,-0.1418,0,,0.9715,100.0,-1.0,0,0.127,0.0,3,0,0,1,0,3,4,2022-09-05 12:20:00+05:30,2022-09-05 12:25:00+05:30,2022-09-05 15:00:00+05:30,34.5,34.205357142857146,35.03035714285714,0.15,EOD+
S1254,PNB,2022-09-05 12:30:00+05:30,-0.0928,-0.1899,0,,0.3033,50.0,-1.0,0,0.959,,0,0,0,0,1,0,1,2022-09-05 12:30:00+05:30,2022-09-05 12:35:00+05:30,2022-09-05 15:00:00+05:30,34.5,34.23214285714286,34.98214285714285,0.15,EOD+
S1255,PNB,2022-09-05 12:40:00+05:30,-0.058,-0.1203,0,,0.275,100.0,-1.0,0,2.5986,1.0,1,0,0,0,0,1,2,2022-09-05 12:45:00+05:30,2022-09-05 12:50:00+05:30,2022-09-05 15:00:00+05:30,34.6,34.35000000000001,35.05,0.05,EOD+
S1256,PNB,2022-09-05 13:45:00+05:30,0.1964,0.224,11,8.0,0.3088,44.44,0.6667,0,1.439,,0,0,0,1,1,0,1,2022-09-05 13:45:00+05:30,2022-09-05 13:50:00+05:30,2022-09-05 15:00:00+05:30,34.69,34.44714285714286,35.12714285714286,-0.04,EOD-
S1257,PNB,2022-09-05 13:55:00+05:30,0.1688,0.2181,1,1.0,0.5372,28.57,0.0101,0,1.4993,,0,0,0,0,1,0,1,2022-09-05 13:55:00+05:30,2022-09-05 14:00:00+05:30,2022-09-05 15:00:00+05:30,34.69,34.45964285714285,35.104642857142856,-0.04,EOD-
S1258,PNB,2022-09-06 09:20:00+05:30,,,1,1.0,0.107,44.12,10.6667,0,2.6208,,0,0,0,0,1,0,1,2022-09-06 09:20:00+05:30,2022-09-06 09:25:00+05:30,2022-09-06 11:20:00+05:30,34.94,34.659642857142856,35.44464285714286,0.5046,W
S1259,PNB,2022-09-06 10:25:00+05:30,0.251,0.2355,12,4.0,0.1359,0.0,3.3478,0,0.5974,,0,0,0,1,1,0,1,2022-09-06 10:25:00+05:30,2022-09-06 10:30:00+05:30,2022-09-06 11:20:00+05:30,34.89,34.46678571428572,35.65178571428571,0.7618,W
S1260,PNB,2022-09-06 12:50:00+05:30,0.6173,0.6614,27,14.0,0.2486,0.0,1.7692,0,0.5048,,0,1,1,1,1,0,1,2022-09-06 12:50:00+05:30,2022-09-06 12:55:00+05:30,2022-09-06 13:40:00+05:30,36.15,35.823214285714286,36.73821428571428,-0.3268,L
S1261,PNB,2022-09-06 13:05:00+05:30,0.5628,0.6173,1,1.0,0.0609,50.0,4.5556,0,0.5243,,0,0,0,0,1,0,1,2022-09-06 13:05:00+05:30,2022-09-06 13:10:00+05:30,2022-09-06 13:40:00+05:30,36.2,35.830357142857146,36.86535714285714,-0.3696,L
S1262,PNB,2022-09-07 09:15:00+05:30,,,0,,0.8876,60.0,-0.6845,0,1.7834,,0,1,1,0,1,0,1,2022-09-07 09:15:00+05:30,2022-09-07 09:20:00+05:30,2022-09-07 11:55:00+05:30,36.06,35.61357142857143,36.86357142857143,0.8036,W
S1263,PNB,2022-09-07 10:40:00+05:30,0.1669,0.2678,16,7.0,0.0216,100.0,-1.0,0,0.3005,,0,0,0,1,1,0,1,2022-09-07 10:40:00+05:30,2022-09-07 10:45:00+05:30,2022-09-07 11:55:00+05:30,36.35,36.06071428571429,36.87071428571428,0.5207,W
S1264,PNB,2022-09-07 10:50:00+05:30,0.0938,0.1656,1,1.0,0.0236,0.0,-1.0,0,0.6279,1.0,1,0,0,1,0,1,2,2022-09-07 10:55:00+05:30,2022-09-07 11:00:00+05:30,2022-09-07 11:35:00+05:30,36.3,36.035714285714285,36.77571428571428,0.4757,W
S1265,PNB,2022-09-07 11:05:00+05:30,0.0882,0.0938,0,,0.3057,50.0,0.4493,0,0.3392,,0,0,0,1,1,0,1,2022-09-07 11:05:00+05:30,2022-09-07 11:10:00+05:30,2022-09-07 11:55:00+05:30,36.35,36.06785714285714,36.85785714285714,0.5079,W
S1266,PNB,2022-09-07 11:15:00+05:30,0.1295,0.0882,0,,0.9349,33.33,-0.4975,0,0.4448,0.0,2,1,0,1,0,2,3,2022-09-07 11:25:00+05:30,2022-09-07 11:30:00+05:30,2022-09-07 11:35:00+05:30,36.3,36.03392857142857,36.778928571428565,0.4789,W
S1267,PNB,2022-09-07 12:45:00+05:30,0.2594,0.313,14,10.0,0.8095,66.67,-1.0,0,0.6082,0.0,1,0,0,0,0,1,2,2022-09-07 12:50:00+05:30,2022-09-07 12:55:00+05:30,2022-09-07 15:00:00+05:30,36.59,36.3275,37.06250000000001,-0.1,EOD-
S1268,PNB,2022-09-07 13:00:00+05:30,0.2181,0.2594,0,,0.8027,100.0,-1.0,0,0.2408,,0,0,0,1,1,0,1,2022-09-07 13:00:00+05:30,2022-09-07 13:05:00+05:30,2022-09-07 15:00:00+05:30,36.69,36.42214285714286,37.17214285714285,-0.2679,L
S1269,PNB,2022-09-07 13:15:00+05:30,0.1526,0.2181,0,,1.1105,0.0,-0.5261,0,0.9056,1.0,3,0,0,0,0,3,4,2022-09-07 13:30:00+05:30,2022-09-07 13:35:00+05:30,2022-09-07 15:00:00+05:30,36.64,36.4025,37.067499999999995,-0.2375,L
S1270,PNB,2022-09-07 13:50:00+05:30,-0.0641,-0.0518,0,,0.8692,100.0,-1.0,0,1.1466,1.0,3,0,0,0,0,3,4,2022-09-07 14:05:00+05:30,2022-09-07 14:10:00+05:30,2022-09-07 14:30:00+05:30,36.69,36.47571428571429,37.07571428571427,-0.2143,L
S1271,PNB,2022-09-07 14:15:00+05:30,-0.0396,-0.0723,0,,0.1333,100.0,-1.0,0,0.5915,,0,0,0,1,1,0,1,2022-09-07 14:15:00+05:30,2022-09-07 14:20:00+05:30,2022-09-07 14:30:00+05:30,36.69,36.502500000000005,37.02749999999998,-0.1875,L
S1272,PNB,2022-09-08 10:45:00+05:30,0.4709,0.441,18,4.0,0.2006,73.68,1.0408,0,0.4639,,0,0,0,0,1,0,1,2022-09-08 10:45:00+05:30,2022-09-08 10:50:00+05:30,2022-09-08 15:00:00+05:30,37.08,36.77464285714285,37.62964285714286,0.24,EOD+
S1273,PNB,2022-09-08 11:10:00+05:30,0.0742,0.3344,0,,0.9649,100.0,-1.0,0,0.506,1.0,3,0,0,0,0,3,4,2022-09-08 11:25:00+05:30,2022-09-08 11:30:00+05:30,2022-09-08 15:00:00+05:30,37.08,36.81571428571428,37.55571428571429,0.24,EOD+
S1274,PNB,2022-09-08 11:35:00+05:30,0.0135,-0.0175,0,,0.6488,44.44,-0.1228,0,0.414,,0,0,0,1,1,0,1,2022-09-08 11:35:00+05:30,2022-09-08 11:40:00+05:30,2022-09-08 15:00:00+05:30,37.12,36.90035714285714,37.51535714285714,0.2,EOD+
S1275,PNB,2022-09-08 11:50:00+05:30,0.062,0.0135,1,1.0,0.2474,55.56,0.9512,0,0.4483,,0,1,1,1,1,0,1,2022-09-08 11:50:00+05:30,2022-09-08 11:55:00+05:30,2022-09-08 12:55:00+05:30,37.17,36.96285714285714,37.54285714285715,-0.2071,L
S1276,PNB,2022-09-08 12:20:00+05:30,-0.0337,0.0633,5,5.0,0.1892,55.56,1.6667,0,0.7958,,0,0,0,0,1,0,1,2022-09-08 12:20:00+05:30,2022-09-08 12:25:00+05:30,2022-09-08 15:00:00+05:30,37.12,36.921785714285704,37.47678571428572,0.2,EOD+
S1277,PNB,2022-09-08 12:30:00+05:30,-0.0404,-0.0013,0,,0.2248,100.0,-1.0,0,1.5407,1.0,1,0,0,0,0,1,2,2022-09-08 12:35:00+05:30,2022-09-08 12:40:00+05:30,2022-09-08 12:55:00+05:30,37.17,36.97535714285714,37.52035714285715,-0.1946,L
S1278,PNB,2022-09-08 13:15:00+05:30,-0.0323,0.0121,0,,1.3384,0.0,-0.5816,0,0.8205,0.0,3,0,0,0,0,3,4,2022-09-08 13:30:00+05:30,2022-09-08 13:35:00+05:30,2022-09-08 15:00:00+05:30,37.08,36.85678571428571,37.48178571428572,0.24,EOD+
S1279,PNB,2022-09-08 13:40:00+05:30,-0.062,-0.0499,0,,0.5008,100.0,-1.0,0,0.9828,1.0,1,0,0,1,0,1,2,2022-09-08 13:45:00+05:30,2022-09-08 13:50:00+05:30,2022-09-08 15:00:00+05:30,37.08,36.847857142857144,37.49785714285714,0.24,EOD+
S1280,PNB,2022-09-08 13:55:00+05:30,-0.062,-0.062,0,,0.9423,64.29,-0.4286,0,1.2941,,0,0,0,1,1,0,1,2022-09-08 13:55:00+05:30,2022-09-08 14:00:00+05:30,2022-09-08 15:00:00+05:30,37.08,36.847857142857144,37.497857142857136,0.24,EOD+
S1281,PNB,2022-09-09 10:55:00+05:30,0.4619,0.5396,20,10.0,0.3822,0.0,0.1236,0,0.7242,,0,0,0,0,1,0,1,2022-09-09 10:55:00+05:30,2022-09-09 11:00:00+05:30,2022-09-09 11:50:00+05:30,38.0,37.70892857142857,38.52392857142857,-0.2911,L
S1282,PNB,2022-09-09 11:50:00+05:30,-0.2055,-0.0079,0,,2.7616,0.0,-0.6528,0,2.5866,1.0,3,1,0,1,0,3,4,2022-09-09 12:05:00+05:30,2022-09-09 12:10:00+05:30,2022-09-09 12:40:00+05:30,38.0,37.739285714285714,38.46928571428572,0.4693,W
S1283,PNB,2022-09-09 13:35:00+05:30,0.1796,0.1615,0,,1.0132,0.0,-0.6364,0,0.4842,0.0,3,0,0,0,0,3,4,2022-09-09 13:50:00+05:30,2022-09-09 13:55:00+05:30,2022-09-09 15:00:00+05:30,38.19,37.85071428571428,38.80071428571428,-0.09,EOD-
S1284,PNB,2022-09-09 14:00:00+05:30,0.038,0.1769,0,,0.4439,44.44,-1.0,0,0.152,0.0,3,0,0,1,0,3,4,2022-09-09 14:15:00+05:30,2022-09-09 14:20:00+05:30,2022-09-09 15:00:00+05:30,38.14,37.847142857142856,38.667142857142856,-0.04,EOD-
S1285,PNB,2022-09-09 14:25:00+05:30,-0.101,-0.0288,0,,0.134,0.0,1.963,0,0.3629,,0,0,0,1,1,0,1,2022-09-09 14:25:00+05:30,2022-09-09 14:30:00+05:30,2022-09-09 15:00:00+05:30,38.14,37.88821428571429,38.59321428571428,-0.04,EOD-
S1286,PNB,2022-09-12 09:25:00+05:30,,,2,2.0,0.5184,37.5,0.1299,0,1.2319,,0,1,0,0,1,0,1,2022-09-12 09:25:00+05:30,2022-09-12 09:30:00+05:30,2022-09-12 10:50:00+05:30,38.05,37.62321428571428,38.818214285714284,0.7682,W
S1287,PNB,2022-09-12 12:05:00+05:30,0.2588,0.2916,30,15.0,0.0311,0.0,15.6667,0,0.1816,,0,0,0,1,1,0,1,2022-09-12 12:05:00+05:30,2022-09-12 12:10:00+05:30,2022-09-12 14:55:00+05:30,38.63,38.38892857142858,39.06392857142856,0.4339,W
S1288,PNB,2022-09-12 12:15:00+05:30,0.2328,0.2655,0,,0.9464,0.0,0.1834,0,0.8363,,0,1,0,1,1,0,1,2022-09-12 12:15:00+05:30,2022-09-12 12:20:00+05:30,2022-09-12 14:55:00+05:30,38.68,38.456785714285715,39.08178571428571,0.4018,W
S1289,PNB,2022-09-12 12:25:00+05:30,0.1771,0.2458,0,,0.5331,50.0,0.0101,0,0.7214,,0,0,0,0,1,0,1,2022-09-12 12:25:00+05:30,2022-09-12 12:30:00+05:30,2022-09-12 14:55:00+05:30,38.68,38.447857142857146,39.09785714285714,0.4179,W
S1290,PNB,2022-09-12 12:35:00+05:30,0.0453,0.2081,0,,0.98,0.0,-0.4286,0,0.9085,1.0,1,0,0,0,0,1,2,2022-09-12 12:40:00+05:30,2022-09-12 12:45:00+05:30,2022-09-12 14:55:00+05:30,38.73,38.50678571428572,39.131785714285705,0.4018,W
S1291,PNB,2022-09-12 12:50:00+05:30,-0.0375,0.0453,0,,0.4455,0.0,0.4286,0,0.2244,,0,0,0,1,1,0,1,2022-09-12 12:50:00+05:30,2022-09-12 12:55:00+05:30,2022-09-12 14:55:00+05:30,38.68,38.48357142857144,39.03357142857141,0.3536,W
S1292,PNB,2022-09-12 13:00:00+05:30,0.0,-0.0246,0,,0.4565,0.0,0.3333,0,0.4769,,0,1,0,1,1,0,1,2022-09-12 13:00:00+05:30,2022-09-12 13:05:00+05:30,2022-09-12 14:55:00+05:30,38.68,38.47464285714287,39.04964285714284,0.3696,W
S1293,PNB,2022-09-12 13:20:00+05:30,0.0323,0.0129,3,3.0,0.5833,50.0,0.0,0,1.1083,,0,0,0,0,1,0,1,2022-09-12 13:20:00+05:30,2022-09-12 13:25:00+05:30,2022-09-12 14:55:00+05:30,38.68,38.46571428571429,39.06571428571427,0.3857,W
S1294,PNB,2022-09-12 13:30:00+05:30,0.0323,0.0323,0,,0.0636,50.0,-1.0,0,1.5053,,0,0,0,0,1,0,1,2022-09-12 13:30:00+05:30,2022-09-12 13:35:00+05:30,2022-09-12 14:55:00+05:30,38.73,38.533571428571435,39.08357142857141,0.3536,W
S1295,PNB,2022-09-12 13:40:00+05:30,0.0323,0.0323,0,,0.1217,50.0,-1.0,0,0.8755,,0,1,0,1,1,0,1,2022-09-12 13:40:00+05:30,2022-09-12 13:45:00+05:30,2022-09-12 14:55:00+05:30,38.73,38.52464285714286,39.09964285714284,0.3696,W
S1296,PNB,2022-09-13 10:50:00+05:30,0.3407,0.32,19,8.0,0.1174,0.0,-1.0,0,0.4286,1.0,1,0,0,0,0,1,2,2022-09-13 10:55:00+05:30,2022-09-13 11:00:00+05:30,2022-09-13 11:35:00+05:30,39.46,39.19392857142857,39.938928571428576,-0.2661,L
S1297,PNB,2022-09-13 13:45:00+05:30,-0.3909,-0.4132,0,,1.9802,100.0,-1.0,0,0.4873,0.0,3,1,0,1,0,3,4,2022-09-13 14:00:00+05:30,2022-09-13 14:05:00+05:30,2022-09-13 15:00:00+05:30,38.68,38.28357142857143,39.393571428571434,-0.2,EOD-
S1298,PNB,2022-09-13 14:15:00+05:30,-0.2861,-0.362,1,1.0,0.2855,65.52,0.3699,0,1.5279,,0,0,1,0,1,0,1,2022-09-13 14:15:00+05:30,2022-09-13 14:20:00+05:30,2022-09-13 15:00:00+05:30,38.68,38.36035714285714,39.25535714285715,-0.2,EOD-
S1299,PNB,2022-09-14 09:15:00+05:30,,,0,,4.9394,60.42,-1.0,0,2.1545,0.0,2,0,0,0,0,2,3,2022-09-14 09:25:00+05:30,2022-09-14 09:30:00+05:30,2022-09-14 15:00:00+05:30,38.53,38.1175,39.2725,0.64,EOD+
S1300,PNB,2022-09-14 09:35:00+05:30,,,0,,0.5696,20.83,-0.5984,0,1.4494,1.0,1,1,0,0,0,1,2,2022-09-14 09:40:00+05:30,2022-09-14 09:45:00+05:30,2022-09-14 15:00:00+05:30,38.58,38.033571428571435,39.56357142857142,0.59,EOD+
S1301,PNB,2022-09-14 09:50:00+05:30,-0.0858,,1,1.0,0.1017,100.0,-1.0,0,0.5393,0.0,2,0,0,0,0,2,3,2022-09-14 10:00:00+05:30,2022-09-14 10:05:00+05:30,2022-09-14 15:00:00+05:30,38.44,37.82571428571429,39.54571428571427,0.73,EOD+
S1302,PNB,2022-09-14 10:25:00+05:30,-0.0052,-0.0234,3,3.0,0.3377,73.68,-1.0,0,0.2183,0.0,2,0,0,0,0,2,3,2022-09-14 10:35:00+05:30,2022-09-14 10:40:00+05:30,2022-09-14 15:00:00+05:30,38.53,38.02285714285715,39.44285714285714,0.64,EOD+
S1303,PNB,2022-09-14 10:45:00+05:30,0.0104,0.0078,1,1.0,0.2286,55.56,0.25,0,0.199,,0,0,0,1,1,0,1,2022-09-14 10:45:00+05:30,2022-09-14 10:50:00+05:30,2022-09-14 12:25:00+05:30,38.44,38.089999999999996,39.07,0.63,W
S1304,PNB,2022-09-14 10:55:00+05:30,0.0974,0.0117,0,,0.4612,55.56,-0.2857,0,0.1936,0.0,1,1,0,1,0,1,2,2022-09-14 11:00:00+05:30,2022-09-14 11:05:00+05:30,2022-09-14 12:25:00+05:30,38.48,38.176428571428566,39.026428571428575,0.5464,W
S1305,PNB,2022-09-14 11:15:00+05:30,0.1557,0.1298,1,1.0,0.0183,0.0,24.0,0,0.3119,,0,0,1,1,1,0,1,2022-09-14 11:15:00+05:30,2022-09-14 11:20:00+05:30,2022-09-14 12:35:00+05:30,38.63,38.356785714285714,39.12178571428572,0.4918,W
S1306,PNB,2022-09-14 11:30:00+05:30,0.0091,0.1557,2,2.0,0.7737,71.43,-0.5238,0,1.9826,1.0,2,1,0,1,0,2,3,2022-09-14 11:40:00+05:30,2022-09-14 11:45:00+05:30,2022-09-14 12:35:00+05:30,38.68,38.40857142857142,39.16857142857144,0.4886,W
S1307,PNB,2022-09-14 13:20:00+05:30,0.3014,0.3212,19,8.0,0.751,0.0,-0.095,0,0.94,1.0,2,0,0,0,0,2,3,2022-09-14 13:30:00+05:30,2022-09-14 13:35:00+05:30,2022-09-14 13:50:00+05:30,39.07,38.70214285714286,39.73214285714285,-0.3679,L
S1308,PNB,2022-09-14 14:05:00+05:30,-0.0372,0.0692,0,,1.0988,0.0,-0.6296,0,1.1256,1.0,3,0,1,0,0,3,4,2022-09-14 14:20:00+05:30,2022-09-14 14:25:00+05:30,2022-09-14 15:00:00+05:30,39.07,38.76285714285714,39.622857142857136,0.1,EOD+
S1309,PNB,2022-09-15 10:55:00+05:30,-0.0818,-0.0639,0,,1.7441,75.0,-1.0,0,0.9416,1.0,3,0,1,0,0,3,4,2022-09-15 11:10:00+05:30,2022-09-15 11:15:00+05:30,2022-09-15 15:00:00+05:30,39.26,38.83857142857143,40.01857142857143,0.05,EOD+
S1310,PNB,2022-09-15 11:25:00+05:30,-0.155,-0.1625,2,2.0,0.0423,50.0,6.6923,0,0.2357,,0,0,0,1,1,0,1,2022-09-15 11:25:00+05:30,2022-09-15 11:30:00+05:30,2022-09-15 15:00:00+05:30,39.02,38.636071428571434,39.71107142857143,0.29,EOD+
S1311,PNB,2022-09-15 11:40:00+05:30,-0.0987,-0.155,1,1.0,0.3046,50.0,1.1277,0,0.5712,,0,0,0,0,1,0,1,2022-09-15 11:40:00+05:30,2022-09-15 11:45:00+05:30,2022-09-15 15:00:00+05:30,39.07,38.684285714285714,39.76428571428571,0.24,EOD+
S1312,PNB,2022-09-15 12:05:00+05:30,-0.0705,-0.0372,0,,0.8899,100.0,-1.0,0,0.419,0.0,3,0,0,1,0,3,4,2022-09-15 12:20:00+05:30,2022-09-15 12:25:00+05:30,2022-09-15 15:00:00+05:30,38.97,38.63428571428572,39.57428571428571,0.34,EOD+
S1313,PNB,2022-09-15 12:40:00+05:30,0.0705,0.032,0,,0.4769,100.0,-1.0,0,2.0405,1.0,3,1,1,0,0,3,4,2022-09-15 12:55:00+05:30,2022-09-15 13:00:00+05:30,2022-09-15 15:00:00+05:30,39.07,38.78428571428571,39.58428571428572,0.24,EOD+
S1314,PNB,2022-09-16 09:15:00+05:30,,,0,,2.5223,17.24,-0.2558,0,1.5749,0.0,2,1,0,0,0,2,3,2022-09-16 09:25:00+05:30,2022-09-16 09:30:00+05:30,2022-09-16 09:55:00+05:30,39.36,39.04035714285715,39.93535714285714,-0.3196,L
S1315,PNB,2022-09-16 09:35:00+05:30,,,0,,0.578,50.0,0.1111,0,1.1762,,0,0,0,0,1,0,1,2022-09-16 09:35:00+05:30,2022-09-16 09:40:00+05:30,2022-09-16 09:55:00+05:30,39.46,39.07071428571429,40.160714285714285,-0.3893,L
S1316,PNB,2022-09-16 09:45:00+05:30,0.0,,0,,0.204,0.0,0.5385,0,1.7297,,0,0,1,0,1,0,1,2022-09-16 09:45:00+05:30,2022-09-16 09:50:00+05:30,2022-09-16 10:15:00+05:30,39.41,39.01178571428571,40.12678571428571,-0.3982,L
S1317,PNB,2022-09-19 11:35:00+05:30,0.5431,0.6918,28,6.0,0.35,0.0,0.4754,0,0.7433,,0,0,1,0,1,0,1,2022-09-19 11:35:00+05:30,2022-09-19 11:40:00+05:30,2022-09-19 13:20:00+05:30,39.94,39.504285714285714,40.724285714285706,-0.4357,L
S1318,PNB,2022-09-19 13:40:00+05:30,-0.2129,-0.2504,0,,1.1667,100.0,-1.0,0,0.8013,1.0,3,0,0,0,0,3,4,2022-09-19 13:55:00+05:30,2022-09-19 14:00:00+05:30,2022-09-19 14:05:00+05:30,39.75,39.44464285714286,40.29964285714286,-0.3054,L
S1319,PNB,2022-09-20 09:20:00+05:30,,,1,1.0,0.0204,58.33,11.5,0,1.3233,,0,0,1,1,1,0,1,2022-09-20 09:20:00+05:30,2022-09-20 09:25:00+05:30,2022-09-20 14:25:00+05:30,39.46,38.96892857142857,40.34392857142857,0.8839,W
S1320,PNB,2022-09-20 09:30:00+05:30,,,0,,0.4641,33.33,-0.4413,0,0.7011,,0,0,0,1,1,0,1,2022-09-20 09:30:00+05:30,2022-09-20 09:35:00+05:30,2022-09-20 14:20:00+05:30,39.36,38.877857142857145,40.22785714285714,0.8679,W
S1321,PNB,2022-09-20 09:40:00+05:30,-0.1297,,0,,0.363,33.33,-0.2857,0,0.6179,,0,1,1,0,1,0,1,2022-09-20 09:40:00+05:30,2022-09-20 09:45:00+05:30,2022-09-20 14:25:00+05:30,39.41,38.927857142857135,40.277857142857144,0.8679,W
S1322,PNB,2022-09-20 09:55:00+05:30,-0.0114,-0.1297,2,2.0,0.4559,33.33,0.1765,0,0.6509,,0,0,0,0,1,0,1,2022-09-20 09:55:00+05:30,2022-09-20 10:00:00+05:30,2022-09-20 14:20:00+05:30,39.31,38.84392857142858,40.14892857142857,0.8389,W
S1323,PNB,2022-09-20 10:05:00+05:30,0.0381,-0.0114,0,,0.2016,50.0,0.4286,0,0.1958,,0,1,0,1,1,0,1,2022-09-20 10:05:00+05:30,2022-09-20 10:10:00+05:30,2022-09-20 14:20:00+05:30,39.41,38.97607142857143,40.19107142857142,0.7811,W
S1324,PNB,2022-09-20 10:50:00+05:30,-0.0979,0.0127,0,,2.2649,0.0,-0.8382,0,0.762,0.0,3,1,0,1,0,3,4,2022-09-20 11:05:00+05:30,2022-09-20 11:10:00+05:30,2022-09-20 11:45:00+05:30,39.26,38.91892857142857,39.87392857142857,0.6139,W
S1325,PNB,2022-09-20 12:55:00+05:30,0.4369,0.4932,20,4.0,0.2458,52.63,2.0508,0,0.8501,,0,0,0,0,1,0,1,2022-09-20 12:55:00+05:30,2022-09-20 13:00:00+05:30,2022-09-20 13:45:00+05:30,39.89,39.589999999999996,40.43000000000001,-0.3,L
S1326,PNB,2022-09-20 14:00:00+05:30,-0.1131,-0.0929,0,,1.5792,50.0,-0.7361,0,2.6697,1.0,3,1,0,1,0,3,4,2022-09-20 14:15:00+05:30,2022-09-20 14:20:00+05:30,2022-09-20 14:25:00+05:30,39.8,39.49999999999999,40.339999999999996,0.54,W
S1327,PNB,2022-09-21 09:15:00+05:30,,,0,,1.2478,23.26,-0.8374,0,0.6427,0.0,2,0,0,0,0,2,3,2022-09-21 09:25:00+05:30,2022-09-21 09:30:00+05:30,2022-09-21 10:05:00+05:30,39.85,39.35714285714286,40.73714285714286,-0.4929,L
S1328,PNB,2022-09-21 10:15:00+05:30,-0.3311,-0.3558,0,,1.4374,66.67,-1.0,0,0.53,0.0,3,0,0,1,0,3,4,2022-09-21 10:30:00+05:30,2022-09-21 10:35:00+05:30,2022-09-21 11:45:00+05:30,39.55,39.11607142857143,40.33107142857142,-0.4339,L
S1329,PNB,2022-09-21 11:05:00+05:30,-0.1228,0.0063,0,,0.713,0.0,-1.0,0,0.3633,1.0,3,0,0,1,0,3,4,2022-09-21 11:20:00+05:30,2022-09-21 11:25:00+05:30,2022-09-21 11:45:00+05:30,39.41,39.122499999999995,39.927499999999995,-0.2875,L
S1330,PNB,2022-09-21 13:00:00+05:30,-0.3273,-0.3996,0,,0.8559,100.0,-1.0,0,0.4912,0.0,3,0,0,1,0,3,4,2022-09-21 13:15:00+05:30,2022-09-21 13:20:00+05:30,2022-09-21 15:00:00+05:30,38.92,38.51107142857143,39.65607142857144,0.15,EOD+
S1331,PNB,2022-09-21 13:25:00+05:30,-0.2702,-0.3393,0,,0.544,55.56,-0.4667,0,0.6678,1.0,1,1,0,0,0,1,2,2022-09-21 13:30:00+05:30,2022-09-21 13:35:00+05:30,2022-09-21 15:00:00+05:30,38.87,38.52535714285714,39.49035714285714,0.2,EOD+
S1332,PNB,2022-09-22 09:15:00+05:30,,,0,,2.0558,83.91,-0.6456,0,3.9403,,0,1,0,1,1,0,1,2022-09-22 09:15:00+05:30,2022-09-22 09:20:00+05:30,2022-09-22 11:45:00+05:30,39.55,39.06964285714285,40.41464285714286,-0.4804,L
S1333,PNB,2022-09-22 10:15:00+05:30,0.3733,0.4564,11,11.0,0.002,71.43,79.0,0,0.6149,,0,0,0,1,1,0,1,2022-09-22 10:15:00+05:30,2022-09-22 10:20:00+05:30,2022-09-22 11:55:00+05:30,39.55,38.92857142857142,40.66857142857143,-0.6214,L
S1334,PNB,2022-09-22 10:25:00+05:30,0.3096,0.4115,0,,0.4846,20.83,-0.1304,0,0.5418,,0,0,0,0,1,0,1,2022-09-22 10:25:00+05:30,2022-09-22 10:30:00+05:30,2022-09-22 11:45:00+05:30,39.51,38.97607142857142,40.47107142857143,-0.5339,L
S1335,PNB,2022-09-22 12:20:00+05:30,-0.3549,-0.4014,0,,1.4565,0.0,-0.7416,0,1.1987,1.0,3,0,0,0,0,3,4,2022-09-22 12:35:00+05:30,2022-09-22 12:40:00+05:30,2022-09-22 12:55:00+05:30,39.17,38.837857142857146,39.767857142857146,-0.3321,L
S1336,PNB,2022-09-22 12:55:00+05:30,-0.2627,-0.2559,0,,1.6944,14.71,-0.5035,0,0.7248,0.0,3,1,1,1,0,3,4,2022-09-22 13:10:00+05:30,2022-09-22 13:15:00+05:30,2022-09-22 15:00:00+05:30,39.07,38.653928571428565,39.81892857142858,0.34,EOD+
S1337,PNB,2022-09-23 11:15:00+05:30,-0.4834,-0.7553,0,,1.9963,50.0,-0.8145,0,0.3218,0.0,3,0,0,1,0,3,4,2022-09-23 11:30:00+05:30,2022-09-23 11:35:00+05:30,2022-09-23 12:40:00+05:30,38.14,37.8025,38.747499999999995,-0.3375,L
S1338,PNB,2022-09-23 11:45:00+05:30,-0.2101,-0.2426,1,1.0,0.2872,44.44,0.5625,0,0.318,,0,0,0,0,1,0,1,2022-09-23 11:45:00+05:30,2022-09-23 11:50:00+05:30,2022-09-23 12:40:00+05:30,38.14,37.86142857142857,38.64142857142858,-0.2786,L
S1339,PNB,2022-09-23 12:10:00+05:30,-0.0263,-0.1734,4,4.0,0.2588,44.44,1.2727,0,0.4664,,0,0,0,1,1,0,1,2022-09-23 12:10:00+05:30,2022-09-23 12:15:00+05:30,2022-09-23 12:40:00+05:30,38.1,37.8875,38.4825,-0.2125,L
S1340,PNB,2022-09-26 11:35:00+05:30,-0.2386,-0.4838,0,,0.9728,100.0,-1.0,0,0.8964,1.0,3,0,0,0,0,3,4,2022-09-26 11:50:00+05:30,2022-09-26 11:55:00+05:30,2022-09-26 15:00:00+05:30,35.47,34.98428571428571,36.34428571428572,-0.39,EOD-
S1341,PNB,2022-09-26 12:00:00+05:30,-0.0226,-0.0833,0,,0.2095,50.0,0.2195,0,0.3642,,0,0,0,1,1,0,1,2022-09-26 12:00:00+05:30,2022-09-26 12:05:00+05:30,2022-09-26 15:00:00+05:30,35.42,34.93071428571429,36.30071428571429,-0.34,EOD-
S1342,PNB,2022-09-26 12:20:00+05:30,-0.0424,-0.0353,2,2.0,0.4419,35.71,0.3139,0,0.62,,0,0,0,0,1,0,1,2022-09-26 12:20:00+05:30,2022-09-26 12:25:00+05:30,2022-09-26 15:00:00+05:30,35.37,34.982499999999995,36.06750000000001,-0.29,EOD-
S1343,PNB,2022-09-26 12:30:00+05:30,-0.0763,-0.0424,0,,0.6898,28.57,-0.5074,0,0.5479,0.0,1,0,0,1,0,1,2,2022-09-26 12:35:00+05:30,2022-09-26 12:40:00+05:30,2022-09-26 13:35:00+05:30,35.47,35.10214285714285,36.13214285714287,-0.3679,L
S1344,PNB,2022-09-26 13:00:00+05:30,0.1411,-0.0155,4,3.0,0.0663,100.0,-1.0,0,0.8463,,0,0,0,1,1,0,1,2022-09-26 13:00:00+05:30,2022-09-26 13:05:00+05:30,2022-09-26 13:30:00+05:30,35.57,35.230714285714285,36.180714285714295,-0.3393,L
S1345,PNB,2022-09-27 09:45:00+05:30,0.2141,,6,5.0,0.1686,21.05,1.7778,0,1.309,,0,0,0,0,1,0,1,2022-09-27 09:45:00+05:30,2022-09-27 09:50:00+05:30,2022-09-27 15:00:00+05:30,35.28,34.746071428571426,36.24107142857143,0.09,EOD+
S1346,PNB,2022-09-27 11:10:00+05:30,-0.2777,0.0749,0,,1.4948,50.0,-1.0,0,1.0961,1.0,3,0,0,0,0,3,4,2022-09-27 11:25:00+05:30,2022-09-27 11:30:00+05:30,2022-09-27 15:00:00+05:30,35.28,34.93714285714286,35.89714285714285,0.09,EOD+
S1347,PNB,2022-09-27 11:35:00+05:30,-0.1234,-0.3191,0,,0.0904,0.0,3.3478,0,1.1333,,0,0,0,0,1,0,1,2022-09-27 11:35:00+05:30,2022-09-27 11:40:00+05:30,2022-09-27 15:00:00+05:30,35.28,34.96214285714286,35.85214285714286,0.09,EOD+
S1348,PNB,2022-09-27 11:45:00+05:30,-0.061,-0.1801,0,,0.0154,100.0,-1.0,0,0.8316,,0,0,0,1,1,0,1,2022-09-27 11:45:00+05:30,2022-09-27 11:50:00+05:30,2022-09-27 15:00:00+05:30,35.37,35.045,35.955,0.0,EOD-
S1349,PNB,2022-09-27 12:40:00+05:30,0.0949,0.1077,10,7.0,0.6417,47.37,-0.3939,0,1.0505,1.0,3,0,1,1,0,3,4,2022-09-27 12:55:00+05:30,2022-09-27 13:00:00+05:30,2022-09-27 14:25:00+05:30,35.52,35.19857142857143,36.09857142857144,-0.3214,L
S1350,PNB,2022-09-27 13:10:00+05:30,0.1569,0.1386,3,2.0,0.0619,0.0,11.5,0,0.6175,,0,1,0,0,1,0,1,2022-09-27 13:10:00+05:30,2022-09-27 13:15:00+05:30,2022-09-27 15:00:00+05:30,35.42,35.09678571428571,36.001785714285724,-0.05,EOD-
S1351,PNB,2022-09-27 13:45:00+05:30,0.0565,0.1369,6,5.0,0.0358,50.0,10.1111,0,1.7395,,0,1,0,0,1,0,1,2022-09-27 13:45:00+05:30,2022-09-27 13:50:00+05:30,2022-09-27 15:00:00+05:30,35.42,35.105714285714285,35.985714285714295,-0.05,EOD-
S1352,PNB,2022-09-27 14:10:00+05:30,0.0973,0.0635,3,3.0,0.3523,66.67,-1.0,0,0.4778,0.0,1,0,0,1,0,1,2,2022-09-27 14:15:00+05:30,2022-09-27 14:20:00+05:30,2022-09-27 14:25:00+05:30,35.47,35.193214285714284,35.96821428571429,-0.2768,L
S1353,PNB,2022-09-28 11:10:00+05:30,-0.3693,-0.7088,0,,1.607,64.29,-0.7955,0,0.6432,1.0,3,1,0,1,0,3,4,2022-09-28 11:25:00+05:30,2022-09-28 11:30:00+05:30,2022-09-28 13:45:00+05:30,34.79,34.409642857142856,35.474642857142854,-0.3804,L
S1354,PNB,2022-09-28 11:35:00+05:30,-0.1958,-0.2445,1,1.0,0.2469,25.0,1.7397,0,0.7498,,0,0,0,1,1,0,1,2022-09-28 11:35:00+05:30,2022-09-28 11:40:00+05:30,2022-09-28 13:45:00+05:30,34.74,34.370357142857145,35.40535714285714,-0.3696,L
S1355,PNB,2022-09-28 11:45:00+05:30,-0.1556,-0.203,0,,0.3714,62.5,-0.292,0,0.8918,0.0,1,1,0,1,0,1,2,2022-09-28 11:50:00+05:30,2022-09-28 11:55:00+05:30,2022-09-28 13:40:00+05:30,34.84,34.45964285714286,35.52464285714286,-0.3804,L
S1356,PNB,2022-09-28 12:15:00+05:30,0.0921,-0.0432,4,4.0,0.2914,33.33,1.1739,0,0.7657,,0,0,0,0,1,0,1,2022-09-28 12:15:00+05:30,2022-09-28 12:20:00+05:30,2022-09-28 13:45:00+05:30,34.79,34.395357142857144,35.50035714285715,-0.3946,L
S1357,PNB,2022-09-28 12:25:00+05:30,0.118,0.0576,0,,0.3838,0.0,-0.2,0,0.9262,1.0,1,0,0,0,0,1,2,2022-09-28 12:30:00+05:30,2022-09-28 12:35:00+05:30,2022-09-28 13:40:00+05:30,34.89,34.48285714285714,35.62285714285715,-0.4071,L
S1358,PNB,2022-09-28 12:40:00+05:30,0.1437,0.118,1,1.0,0.2941,0.0,1.1739,0,0.5294,,0,0,0,1,1,0,1,2022-09-28 12:40:00+05:30,2022-09-28 12:45:00+05:30,2022-09-28 13:45:00+05:30,34.84,34.448928571428574,35.54392857142858,-0.3911,L
S1359,PNB,2022-09-28 12:50:00+05:30,0.1379,0.1438,0,,0.4053,100.0,-1.0,0,0.2695,,0,0,0,1,1,0,1,2022-09-28 12:50:00+05:30,2022-09-28 12:55:00+05:30,2022-09-28 13:40:00+05:30,34.84,34.46678571428572,35.51178571428572,-0.3732,L
S1360,PNB,2022-09-29 09:55:00+05:30,0.111,0.2265,8,7.0,0.0837,73.68,1.439,0,0.7202,,0,1,0,0,1,0,1,2022-09-29 09:55:00+05:30,2022-09-29 10:00:00+05:30,2022-09-29 13:30:00+05:30,34.26,33.64750000000001,35.36249999999998,-0.6125,L
S1361,PNB,2022-09-29 10:05:00+05:30,0.0701,0.168,0,,0.1011,35.71,0.9608,0,0.4307,,0,1,0,0,1,0,1,2022-09-29 10:05:00+05:30,2022-09-29 10:10:00+05:30,2022-09-29 14:00:00+05:30,34.26,33.62964285714286,35.39464285714285,-0.6304,L
S1362,PNB,2022-09-29 10:15:00+05:30,0.0657,0.0832,0,,0.1745,50.0,0.2346,0,0.2294,,0,0,0,0,1,0,1,2022-09-29 10:15:00+05:30,2022-09-29 10:20:00+05:30,2022-09-29 14:00:00+05:30,34.21,33.62964285714286,35.254642857142855,-0.5804,L
S1363,PNB,2022-09-30 10:00:00+05:30,0.5122,0.4946,9,9.0,0.0182,82.76,7.3333,0,0.3333,,0,0,0,1,1,0,1,2022-09-30 10:00:00+05:30,2022-09-30 10:05:00+05:30,2022-09-30 15:00:00+05:30,34.35,33.525,35.83500000000001,0.98,EOD+
S1364,PNB,2022-09-30 13:40:00+05:30,0.317,0.3796,42,7.0,0.1537,0.0,3.4444,0,0.6601,,0,1,0,0,1,0,1,2022-09-30 13:40:00+05:30,2022-09-30 13:45:00+05:30,2022-09-30 15:00:00+05:30,35.52,35.15392857142858,36.17892857142857,-0.19,EOD-
S1365,PNB,2022-09-30 13:50:00+05:30,0.2604,0.3312,1,1.0,0.0295,50.0,11.5,0,0.2847,,0,1,0,1,1,0,1,2022-09-30 13:50:00+05:30,2022-09-30 13:55:00+05:30,2022-09-30 15:00:00+05:30,35.52,35.180714285714295,36.130714285714284,-0.19,EOD-
S1366,PNB,2022-09-30 14:05:00+05:30,0.2109,0.2604,1,1.0,0.3595,50.0,0.0526,0,0.5102,,0,0,1,0,1,0,1,2022-09-30 14:05:00+05:30,2022-09-30 14:10:00+05:30,2022-09-30 14:45:00+05:30,35.62,35.28964285714286,36.21464285714285,-0.3304,L
S1367,PNB,2022-10-03 09:15:00+05:30,,,0,,0.7838,51.72,-0.313,0,1.2243,0.0,1,0,1,1,0,1,2,2022-10-03 09:20:00+05:30,2022-10-03 09:25:00+05:30,2022-10-03 13:45:00+05:30,35.62,35.20214285714285,36.372142857142855,-0.4179,L
S1368,PNB,2022-10-03 09:30:00+05:30,,,0,,1.0713,48.28,-0.7658,0,0.9221,0.0,2,1,0,0,0,2,3,2022-10-03 09:40:00+05:30,2022-10-03 09:45:00+05:30,2022-10-03 14:00:00+05:30,35.52,35.02178571428572,36.416785714285716,-0.4982,L
S1369,PNB,2022-10-03 10:00:00+05:30,0.062,-0.0706,2,2.0,0.3826,25.0,0.1364,0,0.6289,,0,0,0,0,1,0,1,2022-10-03 10:00:00+05:30,2022-10-03 10:05:00+05:30,2022-10-03 14:20:00+05:30,35.42,34.845,36.455,-0.575,L
S1370,PNB,2022-10-03 10:10:00+05:30,0.0888,0.0268,0,,0.6364,44.44,-1.0,0,0.5446,1.0,2,0,0,0,0,2,3,2022-10-03 10:20:00+05:30,2022-10-03 10:25:00+05:30,2022-10-03 14:00:00+05:30,35.52,34.98964285714286,36.47464285714286,-0.5304,L
S1371,PNB,2022-10-03 10:55:00+05:30,-0.1369,-0.0141,0,,0.7513,100.0,-1.0,0,0.9834,1.0,3,0,0,0,0,3,4,2022-10-03 11:10:00+05:30,2022-10-03 11:15:00+05:30,2022-10-03 13:55:00+05:30,35.47,35.12892857142857,36.08392857142858,-0.3411,L
S1372,PNB,2022-10-03 11:20:00+05:30,-0.0183,-0.1299,0,,0.0457,66.67,7.3333,0,2.0087,,0,0,0,0,1,0,1,2022-10-03 11:20:00+05:30,2022-10-03 11:25:00+05:30,2022-10-03 12:40:00+05:30,35.57,35.24142857142857,36.16142857142858,-0.3286,L
S1373,PNB,2022-10-03 11:50:00+05:30,0.0056,-0.0141,5,5.0,0.4709,33.33,-0.0991,0,0.8846,,0,0,0,0,1,0,1,2022-10-03 11:50:00+05:30,2022-10-03 11:55:00+05:30,2022-10-03 13:55:00+05:30,35.42,35.12535714285714,35.95035714285715,-0.2946,L
S1374,PNB,2022-10-03 12:00:00+05:30,0.0339,-0.0212,0,,0.4826,0.0,-0.0991,0,1.3173,1.0,1,0,0,0,0,1,2,2022-10-03 12:05:00+05:30,2022-10-03 12:10:00+05:30,2022-10-03 13:50:00+05:30,35.42,35.1325,35.93750000000001,-0.2875,L
S1375,PNB,2022-10-04 10:55:00+05:30,0.4484,0.6222,0,,1.4609,66.67,-1.0,0,0.6848,1.0,3,0,0,1,0,3,4,2022-10-04 11:10:00+05:30,2022-10-04 11:15:00+05:30,2022-10-04 15:00:00+05:30,35.33,35.042500000000004,35.8475,-0.05,EOD-
S1376,PNB,2022-10-04 11:45:00+05:30,0.0057,-0.0212,5,4.0,0.3949,0.0,1.0455,0,1.0063,,0,1,0,0,1,0,1,2022-10-04 11:45:00+05:30,2022-10-04 11:50:00+05:30,2022-10-04 15:00:00+05:30,35.37,35.091428571428565,35.87142857142857,-0.09,EOD-
S1377,PNB,2022-10-04 12:00:00+05:30,0.0311,0.0057,2,2.0,0.0496,0.0,7.0,0,0.4613,,0,0,0,0,1,0,1,2022-10-04 12:00:00+05:30,2022-10-04 12:05:00+05:30,2022-10-04 15:00:00+05:30,35.37,35.11821428571428,35.823214285714286,-0.09,EOD-
S1378,PNB,2022-10-04 12:10:00+05:30,0.0439,0.0255,0,,0.1031,44.44,-1.0,0,0.2509,0.0,1,0,0,1,0,1,2,2022-10-04 12:15:00+05:30,2022-10-04 12:20:00+05:30,2022-10-04 15:00:00+05:30,35.33,35.099642857142854,35.744642857142864,-0.05,EOD-
S1379,PNB,2022-10-04 12:25:00+05:30,0.0311,0.0439,0,,0.7897,44.44,-0.2424,0,0.5024,,0,0,0,0,1,0,1,2022-10-04 12:25:00+05:30,2022-10-04 12:30:00+05:30,2022-10-04 15:00:00+05:30,35.37,35.161071428571425,35.74607142857143,-0.09,EOD-
S1380,PNB,2022-10-04 12:35:00+05:30,0.0594,0.0241,0,,0.3991,100.0,-1.0,0,1.7372,,0,0,0,0,1,0,1,2022-10-04 12:35:00+05:30,2022-10-04 12:40:00+05:30,2022-10-04 15:00:00+05:30,35.37,35.178928571428564,35.713928571428575,-0.09,EOD-
S1381,PNB,2022-10-04 12:45:00+05:30,0.0947,0.0325,0,,0.5385,71.43,-0.1111,0,1.9375,,0,0,0,0,1,0,1,2022-10-04 12:45:00+05:30,2022-10-04 12:50:00+05:30,2022-10-04 13:55:00+05:30,35.42,35.21107142857143,35.79607142857144,-0.2089,L
S1382,PNB,2022-10-04 13:15:00+05:30,-0.0382,0.0466,0,,0.948,0.0,-0.4186,0,0.4354,1.0,3,0,0,0,0,3,4,2022-10-04 13:30:00+05:30,2022-10-04 13:35:00+05:30,2022-10-04 15:00:00+05:30,35.33,35.10321428571429,35.738214285714285,-0.05,EOD-
S1383,PNB,2022-10-04 13:40:00+05:30,-0.0311,-0.0424,0,,0.2869,44.44,-1.0,0,2.025,,0,0,0,0,1,0,1,2022-10-04 13:40:00+05:30,2022-10-04 13:45:00+05:30,2022-10-04 15:00:00+05:30,35.37,35.152142857142856,35.762142857142855,-0.09,EOD-
S1384,PNB,2022-10-04 13:50:00+05:30,-0.0396,-0.0438,0,,1.4,50.0,-1.0,0,1.2043,0.0,3,0,0,0,0,3,4,2022-10-04 14:05:00+05:30,2022-10-04 14:10:00+05:30,2022-10-04 15:00:00+05:30,35.28,35.06928571428572,35.659285714285716,0.0,EOD-
S1385,PNB,2022-10-04 14:15:00+05:30,-0.0396,-0.0453,0,,0.669,100.0,-1.0,0,0.5174,,0,0,0,1,1,0,1,2022-10-04 14:15:00+05:30,2022-10-04 14:20:00+05:30,2022-10-04 15:00:00+05:30,35.33,35.128214285714286,35.69321428571428,-0.05,EOD-
S1386,PNB,2022-10-06 10:45:00+05:30,0.2851,0.3304,18,18.0,0.51,55.56,-0.2157,0,0.8299,1.0,3,0,0,0,0,3,4,2022-10-06 11:00:00+05:30,2022-10-06 11:05:00+05:30,2022-10-06 14:10:00+05:30,35.86,35.60999999999999,36.31000000000001,-0.25,L
S1387,PNB,2022-10-06 12:30:00+05:30,-0.0378,-0.028,0,,1.816,64.29,-0.6364,0,2.342,0.0,3,0,0,0,0,3,4,2022-10-06 12:45:00+05:30,2022-10-06 12:50:00+05:30,2022-10-06 14:10:00+05:30,35.76,35.57071428571428,36.10071428571428,-0.1893,L
S1388,PNB,2022-10-06 12:55:00+05:30,-0.0532,-0.0629,0,,0.2195,0.0,1.1622,0,0.7582,,0,0,0,1,1,0,1,2022-10-06 12:55:00+05:30,2022-10-06 13:00:00+05:30,2022-10-06 14:20:00+05:30,35.76,35.54928571428571,36.13928571428572,-0.2107,L
S1389,PNB,2022-10-06 13:05:00+05:30,-0.014,-0.0658,0,,0.2195,0.0,-1.0,0,0.1736,0.0,1,0,0,1,0,1,2,2022-10-06 13:10:00+05:30,2022-10-06 13:15:00+05:30,2022-10-06 14:20:00+05:30,35.76,35.54928571428571,36.13928571428572,-0.2107,L
S1390,PNB,2022-10-06 13:30:00+05:30,-0.0448,-0.0126,0,,0.5833,100.0,-1.0,0,0.1103,0.0,3,0,0,1,0,3,4,2022-10-06 13:45:00+05:30,2022-10-06 13:50:00+05:30,2022-10-06 14:30:00+05:30,35.72,35.495,36.125,-0.225,L
S1391,PNB,2022-10-06 13:55:00+05:30,-0.049,-0.0504,0,,1.0171,50.0,-0.4118,0,0.7407,,0,0,0,0,1,0,1,2022-10-06 13:55:00+05:30,2022-10-06 14:00:00+05:30,2022-10-06 14:40:00+05:30,35.67,35.46107142857143,36.04607142857143,-0.2089,L
S1392,PNB,2022-10-07 10:35:00+05:30,-0.255,-0.198,0,,1.3878,50.0,-0.7067,0,0.1358,0.0,3,0,0,1,0,3,4,2022-10-07 10:50:00+05:30,2022-10-07 10:55:00+05:30,2022-10-07 15:00:00+05:30,35.28,34.972857142857144,35.83285714285714,0.34,EOD+
S1393,PNB,2022-10-07 11:00:00+05:30,-0.1802,-0.2694,0,,0.5429,0.0,-0.1228,0,0.7536,1.0,1,0,0,1,0,1,2,2022-10-07 11:05:00+05:30,2022-10-07 11:10:00+05:30,2022-10-07 15:00:00+05:30,35.28,35.0175,35.7525,0.34,EOD+
S1394,PNB,2022-10-07 11:15:00+05:30,0.0284,-0.1802,0,,0.2366,50.0,-1.0,0,0.4411,,0,0,0,1,1,0,1,2022-10-07 11:15:00+05:30,2022-10-07 11:20:00+05:30,2022-10-07 14:50:00+05:30,35.23,34.97107142857143,35.69607142857143,0.4661,W
S1395,PNB,2022-10-07 11:25:00+05:30,0.0709,-0.034,0,,0.7917,50.0,-0.3902,0,0.2763,,0,0,0,1,1,0,1,2022-10-07 11:25:00+05:30,2022-10-07 11:30:00+05:30,2022-10-07 15:00:00+05:30,35.28,35.02107142857143,35.74607142857143,0.34,EOD+
S1396,PNB,2022-10-07 11:35:00+05:30,0.0156,0.0567,0,,0.6774,66.67,-1.0,0,1.481,,0,0,0,0,1,0,1,2022-10-07 11:35:00+05:30,2022-10-07 11:40:00+05:30,2022-10-07 15:00:00+05:30,35.28,35.003214285714286,35.778214285714284,0.34,EOD+
S1397,PNB,2022-10-07 12:20:00+05:30,-0.0355,-0.0497,0,,0.525,0.0,-1.0,0,0.2275,0.0,3,1,0,1,0,3,4,2022-10-07 12:35:00+05:30,2022-10-07 12:40:00+05:30,2022-10-07 14:50:00+05:30,35.18,34.93,35.63,0.45,W
S1398,PNB,2022-10-07 12:45:00+05:30,0.0,-0.0355,0,,0.5654,0.0,0.9048,0,1.1515,,0,0,0,0,1,0,1,2022-10-07 12:45:00+05:30,2022-10-07 12:50:00+05:30,2022-10-07 14:50:00+05:30,35.28,35.04785714285715,35.69785714285714,0.4179,W
S1399,PNB,2022-10-07 12:55:00+05:30,0.0071,-0.0071,0,,0.4926,0.0,0.0526,0,0.7446,,0,0,0,0,1,0,1,2022-10-07 12:55:00+05:30,2022-10-07 13:00:00+05:30,2022-10-07 14:50:00+05:30,35.23,34.98892857142857,35.66392857142856,0.4339,W
S1400,PNB,2022-10-07 13:05:00+05:30,-0.0142,0.0,0,,0.5115,100.0,-1.0,0,0.8836,,0,0,0,0,1,0,1,2022-10-07 13:05:00+05:30,2022-10-07 13:10:00+05:30,2022-10-07 14:50:00+05:30,35.23,34.99785714285714,35.647857142857134,0.4179,W
S1401,PNB,2022-10-07 13:15:00+05:30,-0.0284,0.0,0,,0.448,0.0,-1.0,0,0.7207,1.0,3,1,0,1,0,3,4,2022-10-07 13:30:00+05:30,2022-10-07 13:35:00+05:30,2022-10-07 14:45:00+05:30,35.18,34.956785714285715,35.58178571428571,0.4018,W
S1402,PNB,2022-10-07 13:50:00+05:30,0.0837,-0.0355,2,2.0,0.0893,85.29,-1.0,0,7.4531,,0,0,0,0,1,0,1,2022-10-07 13:50:00+05:30,2022-10-07 13:55:00+05:30,2022-10-07 15:00:00+05:30,35.47,35.20392857142857,35.948928571428574,0.15,EOD+
S1403,PNB,2022-10-10 10:15:00+05:30,-0.2119,-0.141,0,,1.2761,66.67,-0.7743,0,1.1053,1.0,3,0,0,0,0,3,4,2022-10-10 10:30:00+05:30,2022-10-10 10:35:00+05:30,2022-10-10 15:00:00+05:30,35.47,35.03607142857143,36.25107142857142,0.0,EOD-
S1404,PNB,2022-10-10 10:40:00+05:30,-0.1386,-0.2262,0,,0.1921,0.0,3.0,0,0.3534,,0,0,0,0,1,0,1,2022-10-10 10:40:00+05:30,2022-10-10 10:45:00+05:30,2022-10-10 12:35:00+05:30,35.37,35.07714285714285,35.89714285714285,0.5271,W
S1405,PNB,2022-10-10 12:25:00+05:30,0.2326,0.2848,20,3.0,0.56,35.71,-0.1379,0,1.1601,,0,0,0,0,1,0,1,2022-10-10 12:25:00+05:30,2022-10-10 12:30:00+05:30,2022-10-10 13:25:00+05:30,35.72,35.46107142857143,36.18607142857142,-0.2589,L
S1406,PNB,2022-10-10 14:15:00+05:30,-0.314,-0.26,0,,2.0686,0.0,-0.7831,0,0.7759,1.0,3,0,0,1,0,3,4,2022-10-10 14:30:00+05:30,2022-10-10 14:35:00+05:30,2022-10-10 15:00:00+05:30,35.47,35.19142857142857,35.971428571428575,0.0,EOD-
S1407,PNB,2022-10-11 09:25:00+05:30,,,2,1.0,0.5015,25.0,0.4388,0,2.1633,,0,0,0,0,1,0,1,2022-10-11 09:25:00+05:30,2022-10-11 09:30:00+05:30,2022-10-11 12:35:00+05:30,35.42,35.073571428571434,36.043571428571425,-0.3464,L
S1408,PNB,2022-10-11 11:35:00+05:30,-0.0964,-0.17,0,,0.9147,0.0,-0.4898,0,0.9826,1.0,3,0,0,1,0,3,4,2022-10-11 11:50:00+05:30,2022-10-11 11:55:00+05:30,2022-10-11 12:35:00+05:30,35.28,35.012142857142855,35.76214285714286,-0.2679,L
S1409,PNB,2022-10-11 12:00:00+05:30,-0.0723,-0.0766,0,,0.725,66.67,-0.3103,0,1.3515,,0,0,0,0,1,0,1,2022-10-11 12:00:00+05:30,2022-10-11 12:05:00+05:30,2022-10-11 12:30:00+05:30,35.33,35.08,35.78,-0.25,L
S1410,PNB,2022-10-11 12:10:00+05:30,-0.0241,-0.0808,0,,0.2414,0.0,3.0,0,0.8293,,0,0,0,0,1,0,1,2022-10-11 12:10:00+05:30,2022-10-11 12:15:00+05:30,2022-10-11 12:35:00+05:30,35.28,35.02107142857143,35.74607142857143,-0.2589,L
S1411,PNB,2022-10-11 12:20:00+05:30,-0.0057,-0.0454,1,1.0,0.225,0.0,1.2222,0,0.2279,,0,0,0,1,1,0,1,2022-10-11 12:20:00+05:30,2022-10-11 12:25:00+05:30,2022-10-11 12:35:00+05:30,35.28,35.03,35.730000000000004,-0.25,L
S1412,PNB,2022-10-11 13:50:00+05:30,-0.2585,-0.278,0,,0.5497,100.0,-1.0,0,0.6182,0.0,3,1,0,1,0,3,4,2022-10-11 14:05:00+05:30,2022-10-11 14:10:00+05:30,2022-10-11 15:00:00+05:30,34.99,34.64892857142857,35.603928571428575,-0.2,EOD-
S1413,PNB,2022-10-11 14:25:00+05:30,-0.1087,-0.2016,2,2.0,0.4077,71.43,-1.0,0,0.6956,1.0,1,0,0,0,0,1,2,2022-10-11 14:30:00+05:30,2022-10-11 14:35:00+05:30,2022-10-11 15:00:00+05:30,34.99,34.665,35.575,-0.2,EOD-
S1414,PNB,2022-10-12 09:20:00+05:30,,,0,,1.8375,37.5,-0.8095,0,0.7262,0.0,3,0,0,1,0,3,4,2022-10-12 09:35:00+05:30,2022-10-12 09:40:00+05:30,2022-10-12 15:00:00+05:30,34.89,34.53285714285714,35.53285714285715,0.39,EOD+
S1415,PNB,2022-10-12 09:45:00+05:30,-0.1062,,0,,0.2115,100.0,-1.0,0,0.7539,,0,1,0,1,1,0,1,2022-10-12 09:45:00+05:30,2022-10-12 09:50:00+05:30,2022-10-12 15:00:00+05:30,34.89,34.47035714285714,35.645357142857144,0.39,EOD+
S1416,PNB,2022-10-12 10:05:00+05:30,-0.0172,-0.0574,3,2.0,0.4538,50.0,0.2195,0,0.9008,,0,1,0,0,1,0,1,2022-10-12 10:05:00+05:30,2022-10-12 10:10:00+05:30,2022-10-12 15:00:00+05:30,34.84,34.38821428571429,35.65321428571429,0.44,EOD+
S1417,PNB,2022-10-12 10:15:00+05:30,-0.0373,-0.0244,0,,0.1558,0.0,2.3898,0,0.8581,,0,1,0,0,1,0,1,2022-10-12 10:15:00+05:30,2022-10-12 10:20:00+05:30,2022-10-12 15:00:00+05:30,34.89,34.416785714285716,35.74178571428571,0.39,EOD+
S1418,PNB,2022-10-12 10:35:00+05:30,0.0861,-0.0144,3,2.0,0.0602,0.0,4.2632,0,0.5019,,0,0,1,0,1,0,1,2022-10-12 10:35:00+05:30,2022-10-12 10:40:00+05:30,2022-10-12 15:00:00+05:30,34.94,34.54535714285714,35.65035714285714,0.34,EOD+
S1419,PNB,2022-10-12 11:45:00+05:30,-0.1336,-0.0991,0,,0.5558,50.0,-0.2366,0,1.6735,1.0,3,1,0,0,0,3,4,2022-10-12 12:00:00+05:30,2022-10-12 12:05:00+05:30,2022-10-12 14:15:00+05:30,34.84,34.54535714285714,35.37035714285715,0.5304,W
S1420,PNB,2022-10-12 12:30:00+05:30,0.0287,-0.0647,5,3.0,0.4253,25.0,1.0833,0,2.5005,,0,0,0,0,1,0,1,2022-10-12 12:30:00+05:30,2022-10-12 12:35:00+05:30,2022-10-12 14:10:00+05:30,34.84,34.557857142857145,35.347857142857144,0.5079,W
S1421,PNB,2022-10-12 13:05:00+05:30,-0.0086,0.0417,0,,0.9396,50.0,-1.0,0,0.6747,0.0,3,0,0,1,0,3,4,2022-10-12 13:20:00+05:30,2022-10-12 13:25:00+05:30,2022-10-12 14:10:00+05:30,34.79,34.52392857142857,35.26892857142857,0.4789,W
S1422,PNB,2022-10-12 13:30:00+05:30,-0.0,-0.0287,0,,0.4545,66.67,-1.0,0,0.765,,0,1,0,0,1,0,1,2022-10-12 13:30:00+05:30,2022-10-12 13:35:00+05:30,2022-10-12 14:10:00+05:30,34.84,34.565,35.33500000000001,0.495,W
S1423,PNB,2022-10-12 13:40:00+05:30,0.0287,-0.0216,1,1.0,0.0755,50.0,5.6667,0,0.7593,,0,1,0,1,1,0,1,2022-10-12 13:40:00+05:30,2022-10-12 13:45:00+05:30,2022-10-12 14:10:00+05:30,34.84,34.59178571428571,35.28678571428572,0.4468,W
S1424,PNB,2022-10-13 09:15:00+05:30,,,0,,0.0343,21.05,19.0,0,1.1875,,0,0,0,0,1,0,1,2022-10-13 09:15:00+05:30,2022-10-13 09:20:00+05:30,2022-10-13 10:00:00+05:30,35.28,34.91571428571429,35.93571428571428,-0.3643,L
S1425,PNB,2022-10-13 12:00:00+05:30,-0.2015,-0.2027,0,,2.0061,0.0,-0.7872,0,1.2735,1.0,3,0,0,0,0,3,4,2022-10-13 12:15:00+05:30,2022-10-13 12:20:00+05:30,2022-10-13 15:00:00+05:30,34.79,34.497142857142855,35.31714285714286,0.15,EOD+
S1426,PNB,2022-10-13 12:30:00+05:30,-0.0562,-0.1181,0,,1.3157,64.29,-0.6795,0,0.2117,0.0,3,0,0,1,0,3,4,2022-10-13 12:45:00+05:30,2022-10-13 12:50:00+05:30,2022-10-13 15:00:00+05:30,34.69,34.39357142857143,35.22357142857143,0.25,EOD+
S1427,PNB,2022-10-13 12:55:00+05:30,-0.0981,-0.1197,0,,0.5727,64.29,-0.3056,0,0.2656,,0,0,0,1,1,0,1,2022-10-13 12:55:00+05:30,2022-10-13 13:00:00+05:30,2022-10-13 15:00:00+05:30,34.69,34.37571428571428,35.25571428571429,0.25,EOD+
S1428,PNB,2022-10-13 13:05:00+05:30,-0.0548,-0.1399,0,,0.5385,100.0,-1.0,0,0.5389,0.0,1,0,0,0,0,1,2,2022-10-13 13:10:00+05:30,2022-10-13 13:15:00+05:30,2022-10-13 15:00:00+05:30,34.69,34.38821428571428,35.23321428571429,0.25,EOD+
S1429,PNB,2022-10-13 13:20:00+05:30,-0.0216,-0.0548,0,,0.1293,55.56,1.7586,0,0.3916,,0,0,0,1,1,0,1,2022-10-13 13:20:00+05:30,2022-10-13 13:25:00+05:30,2022-10-13 15:00:00+05:30,34.74,34.45964285714285,35.244642857142864,0.2,EOD+
S1430,PNB,2022-10-13 13:35:00+05:30,0.026,-0.0216,0,,0.6641,55.56,-1.0,0,0.7552,1.0,3,1,0,1,0,3,4,2022-10-13 13:50:00+05:30,2022-10-13 13:55:00+05:30,2022-10-13 15:00:00+05:30,34.69,34.411428571428566,35.191428571428574,0.25,EOD+
S1431,PNB,2022-10-14 10:25:00+05:30,0.2396,0.2613,14,14.0,0.2744,71.43,-1.0,0,1.2514,0.0,1,0,0,0,0,1,2,2022-10-14 10:30:00+05:30,2022-10-14 10:35:00+05:30,2022-10-14 14:20:00+05:30,35.33,35.01571428571428,35.89571428571429,-0.3143,L
S1432,PNB,2022-10-14 10:40:00+05:30,0.2675,0.2396,1,1.0,0.3762,44.44,0.1628,0,0.372,,0,0,0,0,1,0,1,2022-10-14 10:40:00+05:30,2022-10-14 10:45:00+05:30,2022-10-14 14:20:00+05:30,35.33,35.04428571428571,35.84428571428572,-0.2857,L
S1433,PNB,2022-10-14 11:30:00+05:30,-0.0665,-0.0594,0,,1.0684,0.0,-0.5074,0,0.4618,1.0,3,0,0,1,0,3,4,2022-10-14 11:45:00+05:30,2022-10-14 11:50:00+05:30,2022-10-14 14:20:00+05:30,35.28,35.042500000000004,35.7075,-0.2375,L
S1434,PNB,2022-10-14 11:55:00+05:30,-0.0779,-0.0864,0,,0.7789,0.0,-0.3243,0,1.9559,1.0,1,0,0,0,0,1,2,2022-10-14 12:00:00+05:30,2022-10-14 12:05:00+05:30,2022-10-14 14:15:00+05:30,35.33,35.092499999999994,35.7575,-0.2375,L
S1435,PNB,2022-10-14 12:10:00+05:30,-0.0184,-0.0779,1,1.0,0.3076,44.44,0.7241,0,0.7596,,0,0,0,0,1,0,1,2022-10-14 12:10:00+05:30,2022-10-14 12:15:00+05:30,2022-10-14 14:10:00+05:30,35.37,35.13428571428571,35.794285714285714,-0.2357,L
S1436,PNB,2022-10-14 12:20:00+05:30,0.0198,-0.0368,1,1.0,0.3472,44.44,0.6129,0,0.606,,0,0,0,1,1,0,1,2022-10-14 12:20:00+05:30,2022-10-14 12:25:00+05:30,2022-10-14 14:15:00+05:30,35.33,35.106785714285714,35.731785714285714,-0.2232,L
S1437,PNB,2022-10-14 12:30:00+05:30,0.0113,0.0014,0,,0.3528,0.0,0.6129,0,1.1435,,0,0,0,0,1,0,1,2022-10-14 12:30:00+05:30,2022-10-14 12:35:00+05:30,2022-10-14 14:15:00+05:30,35.33,35.11035714285714,35.72535714285714,-0.2196,L
S1438,PNB,2022-10-14 12:40:00+05:30,0.0057,0.0312,1,1.0,0.3587,55.56,-1.0,0,0.3638,0.0,1,0,0,1,0,1,2,2022-10-14 12:45:00+05:30,2022-10-14 12:50:00+05:30,2022-10-14 14:15:00+05:30,35.33,35.11392857142857,35.71892857142856,-0.2161,L
S1439,PNB,2022-10-14 12:55:00+05:30,0.0071,0.0057,0,,1.0532,0.0,-0.4012,0,1.5379,0.0,1,0,0,1,0,1,2,2022-10-14 13:00:00+05:30,2022-10-14 13:05:00+05:30,2022-10-14 14:10:00+05:30,35.37,35.17178571428572,35.726785714285704,-0.1982,L
S1440,PNB,2022-10-14 13:10:00+05:30,0.0057,0.0071,0,,0.456,0.0,-1.0,0,1.8446,1.0,2,0,0,0,0,2,3,2022-10-14 13:20:00+05:30,2022-10-14 13:25:00+05:30,2022-10-14 14:10:00+05:30,35.33,35.135357142857146,35.68035714285713,-0.1946,L
S1441,PNB,2022-10-14 13:30:00+05:30,0.0212,0.0057,1,1.0,0.5235,44.44,0.1628,0,0.6142,,0,1,1,1,1,0,1,2022-10-14 13:30:00+05:30,2022-10-14 13:35:00+05:30,2022-10-14 14:10:00+05:30,35.37,35.16464285714286,35.73964285714285,-0.2054,L
S1442,PNB,2022-10-17 09:30:00+05:30,,,0,,2.5491,0.0,-0.6355,0,2.4888,1.0,3,0,0,0,0,3,4,2022-10-17 09:45:00+05:30,2022-10-17 09:50:00+05:30,2022-10-17 11:25:00+05:30,34.99,34.58642857142858,35.71642857142857,0.7264,W
S1443,PNB,2022-10-17 11:50:00+05:30,0.3452,0.4841,24,4.0,0.1615,33.33,1.5641,0,0.7524,,0,1,0,1,1,0,1,2022-10-17 11:50:00+05:30,2022-10-17 11:55:00+05:30,2022-10-17 15:00:00+05:30,35.52,35.21821428571429,36.06321428571429,0.15,EOD+
S1444,PNB,2022-10-17 12:05:00+05:30,0.2041,0.3452,1,1.0,0.4805,0.0,-0.1379,0,0.7019,1.0,1,1,1,0,0,1,2,2022-10-17 12:10:00+05:30,2022-10-17 12:15:00+05:30,2022-10-17 15:00:00+05:30,35.62,35.318214285714284,36.16321428571428,0.05,EOD+
S1445,PNB,2022-10-17 12:40:00+05:30,0.1545,0.1588,5,2.0,0.3621,0.0,1.6667,0,0.7093,,0,0,0,0,1,0,1,2022-10-17 12:40:00+05:30,2022-10-17 12:45:00+05:30,2022-10-17 15:00:00+05:30,35.67,35.41107142857143,36.136071428571434,0.0,EOD-
S1446,PNB,2022-10-17 12:50:00+05:30,0.1053,0.1545,0,,0.84,50.0,-0.4444,0,0.5069,0.0,1,0,0,1,0,1,2,2022-10-17 12:55:00+05:30,2022-10-17 13:00:00+05:30,2022-10-17 15:00:00+05:30,35.62,35.35214285714286,36.10214285714285,0.05,EOD+
S1447,PNB,2022-10-17 13:05:00+05:30,0.0281,0.1053,0,,0.4926,50.0,0.0526,0,1.2321,,0,0,0,1,1,0,1,2022-10-17 13:05:00+05:30,2022-10-17 13:10:00+05:30,2022-10-17 15:00:00+05:30,35.62,35.37892857142857,36.05392857142857,0.05,EOD+
S1448,PNB,2022-10-17 13:15:00+05:30,0.014,0.0702,0,,0.4667,0.0,0.1111,0,0.2998,,0,0,0,1,1,0,1,2022-10-17 13:15:00+05:30,2022-10-17 13:20:00+05:30,2022-10-17 15:00:00+05:30,35.62,35.37892857142857,36.05392857142857,0.05,EOD+
S1449,PNB,2022-10-17 13:35:00+05:30,0.0491,-0.007,2,2.0,0.1556,0.0,5.6667,0,0.7039,,0,0,0,1,1,0,1,2022-10-17 13:35:00+05:30,2022-10-17 13:40:00+05:30,2022-10-17 14:00:00+05:30,35.72,35.47892857142857,36.15392857142857,-0.2411,L
S1450,PNB,2022-10-18 13:15:00+05:30,0.2019,0.2154,48,10.0,0.2291,50.0,-1.0,0,0.7479,0.0,1,1,0,0,0,1,2,2022-10-18 13:20:00+05:30,2022-10-18 13:25:00+05:30,2022-10-18 15:00:00+05:30,37.71,37.41535714285715,38.24035714285714,-0.05,EOD-
S1451,PNB,2022-10-18 13:35:00+05:30,0.138,0.1767,2,2.0,0.209,0.0,1.3256,0,0.8302,,0,0,1,0,1,0,1,2022-10-18 13:35:00+05:30,2022-10-18 13:40:00+05:30,2022-10-18 14:30:00+05:30,37.76,37.502857142857145,38.22285714285714,-0.2571,L
S1452,PNB,2022-10-19 09:15:00+05:30,,,0,,0.6104,28.57,0.8349,0,1.965,,0,0,1,0,1,0,1,2022-10-19 09:15:00+05:30,2022-10-19 09:20:00+05:30,2022-10-19 10:35:00+05:30,37.8,37.35357142857143,38.60357142857143,0.8036,W
S1453,PNB,2022-10-19 11:30:00+05:30,0.5101,0.595,26,3.0,0.1729,83.33,-1.0,0,1.0571,0.0,1,0,0,0,0,1,2,2022-10-19 11:35:00+05:30,2022-10-19 11:40:00+05:30,2022-10-19 12:35:00+05:30,38.73,38.14428571428571,39.784285714285716,-0.5857,L
S1454,PNB,2022-10-19 13:00:00+05:30,-0.5445,-0.4177,0,,2.1753,75.0,-0.8718,0,0.9288,1.0,3,1,0,1,0,3,4,2022-10-19 13:15:00+05:30,2022-10-19 13:20:00+05:30,2022-10-19 15:00:00+05:30,38.19,37.74178571428571,38.996785714285714,0.05,EOD+
S1455,PNB,2022-10-19 13:55:00+05:30,-0.0065,-0.0419,6,6.0,0.324,60.0,-0.1071,0,0.6918,1.0,1,0,1,0,0,1,2,2022-10-19 14:00:00+05:30,2022-10-19 14:05:00+05:30,2022-10-19 15:00:00+05:30,38.29,37.85785714285714,39.06785714285714,-0.05,EOD-
S1456,PNB,2022-10-19 14:10:00+05:30,0.0065,-0.0065,0,,0.0797,68.97,2.7037,0,1.3275,,0,0,0,0,1,0,1,2022-10-19 14:10:00+05:30,2022-10-19 14:15:00+05:30,2022-10-19 14:55:00+05:30,38.44,38.01678571428571,39.20178571428571,-0.4232,L
S1457,PNB,2022-10-20 09:15:00+05:30,,,0,,2.8897,39.58,-0.5741,0,2.0142,0.0,2,0,0,0,0,2,3,2022-10-20 09:25:00+05:30,2022-10-20 09:30:00+05:30,2022-10-20 09:45:00+05:30,38.34,37.8525,39.21750000000001,-0.4875,L
S1458,PNB,2022-10-20 11:10:00+05:30,-0.3133,-0.2876,0,,1.5757,0.0,-0.4329,0,0.8601,0.0,3,1,1,1,0,3,4,2022-10-20 11:25:00+05:30,2022-10-20 11:30:00+05:30,2022-10-20 14:15:00+05:30,37.85,37.43035714285714,38.60535714285715,0.7554,W
S1459,PNB,2022-10-20 12:55:00+05:30,0.3927,0.3582,16,12.0,0.0556,50.0,4.0,0,0.6216,,0,1,0,0,1,0,1,2022-10-20 12:55:00+05:30,2022-10-20 13:00:00+05:30,2022-10-20 14:20:00+05:30,38.19,37.739999999999995,39.0,0.81,W
S1460,PNB,2022-10-20 13:15:00+05:30,0.2469,0.3806,0,,0.9181,33.33,-0.6169,0,0.3209,0.0,3,0,0,1,0,3,4,2022-10-20 13:30:00+05:30,2022-10-20 13:35:00+05:30,2022-10-20 14:20:00+05:30,38.29,37.934642857142855,38.92964285714286,0.6396,W
S1461,PNB,2022-10-20 13:45:00+05:30,0.0118,0.1006,0,,0.9742,0.0,-0.6296,0,0.5133,0.0,3,0,0,1,0,3,4,2022-10-20 14:00:00+05:30,2022-10-20 14:05:00+05:30,2022-10-20 14:20:00+05:30,38.29,37.943571428571424,38.91357142857143,0.6236,W
S1462,PNB,2022-10-21 11:05:00+05:30,0.536,0.6298,22,11.0,0.0572,28.57,-1.0,0,0.3992,,0,1,0,1,1,0,1,2022-10-21 11:05:00+05:30,2022-10-21 11:10:00+05:30,2022-10-21 13:35:00+05:30,40.23,39.683571428571426,41.21357142857143,-0.5464,L
S1463,PNB,2022-10-21 11:15:00+05:30,0.4087,0.5428,0,,0.5778,0.0,-0.207,0,0.6388,0.0,1,1,0,1,0,1,2,2022-10-21 11:20:00+05:30,2022-10-21 11:25:00+05:30,2022-10-21 13:35:00+05:30,40.33,39.83892857142857,41.213928571428575,-0.4911,L
S1464,PNB,2022-10-25 09:15:00+05:30,,,0,,0.1469,72.22,0.8182,0,1.5226,,0,0,0,1,1,0,1,2022-10-25 09:15:00+05:30,2022-10-25 09:20:00+05:30,2022-10-25 09:50:00+05:30,39.6,39.13214285714285,40.44214285714287,0.8421,W
S1465,PNB,2022-10-25 09:25:00+05:30,,,0,,0.1771,33.33,0.5625,0,0.8179,,0,0,0,0,1,0,1,2022-10-25 09:25:00+05:30,2022-10-25 09:30:00+05:30,2022-10-25 09:45:00+05:30,39.6,39.14821428571428,40.4132142857143,0.8132,W
S1466,PNB,2022-10-25 09:35:00+05:30,,,0,,0.0463,82.76,4.8824,0,1.043,,0,1,0,1,1,0,1,2022-10-25 09:35:00+05:30,2022-10-25 09:40:00+05:30,2022-10-25 09:50:00+05:30,39.89,39.43107142857142,40.71607142857144,0.8261,W
S1467,PNB,2022-10-25 11:55:00+05:30,0.2849,0.411,27,12.0,0.0826,0.0,7.6957,0,0.4853,,0,1,0,1,1,0,1,2022-10-25 11:55:00+05:30,2022-10-25 12:00:00+05:30,2022-10-25 12:05:00+05:30,41.11,40.76178571428572,41.7367857142857,0.6268,W
S1468,PNB,2022-10-27 09:15:00+05:30,,,0,,1.6005,0.0,0.1137,0,1.4348,,0,0,0,0,1,0,1,2022-10-27 09:15:00+05:30,2022-10-27 09:20:00+05:30,2022-10-27 11:25:00+05:30,42.18,41.50678571428571,43.39178571428571,-0.6732,L
S1469,PNB,2022-10-27 09:30:00+05:30,,,0,,0.6776,50.0,-0.6988,0,0.7758,1.0,3,0,0,0,0,3,4,2022-10-27 09:45:00+05:30,2022-10-27 09:50:00+05:30,2022-10-27 10:50:00+05:30,42.27,41.657500000000006,43.3725,-0.6125,L
S1470,PNB,2022-10-27 10:00:00+05:30,-0.1102,-0.0687,2,2.0,0.0598,64.29,3.1667,0,0.5052,,0,0,0,1,1,0,1,2022-10-27 10:00:00+05:30,2022-10-27 10:05:00+05:30,2022-10-27 10:50:00+05:30,42.18,41.67821428571428,43.083214285714284,-0.5018,L
S1471,PNB,2022-10-27 13:05:00+05:30,-0.0914,-0.1382,0,,0.7568,0.0,-1.0,0,2.3126,1.0,3,0,1,0,0,3,4,2022-10-27 13:20:00+05:30,2022-10-27 13:25:00+05:30,2022-10-27 14:40:00+05:30,41.74,41.47571428571428,42.21571428571429,-0.2643,L
S1472,PNB,2022-10-27 13:50:00+05:30,0.0012,-0.0289,5,5.0,0.0869,100.0,-1.0,0,1.2991,1.0,1,1,0,1,0,1,2,2022-10-27 13:55:00+05:30,2022-10-27 14:00:00+05:30,2022-10-27 15:00:00+05:30,41.64,41.38107142857143,42.106071428571425,0.0,EOD-
S1473,PNB,2022-10-28 09:50:00+05:30,0.3625,,7,6.0,0.1252,51.72,0.1628,0,1.041,,0,1,0,0,1,0,1,2022-10-28 09:50:00+05:30,2022-10-28 09:55:00+05:30,2022-10-28 15:00:00+05:30,42.08,41.22107142857143,43.62607142857143,-0.29,EOD-
S1474,PNB,2022-10-28 11:20:00+05:30,-0.4338,-0.3013,0,,0.2793,0.0,-1.0,0,0.3076,0.0,3,0,0,1,0,3,4,2022-10-28 11:35:00+05:30,2022-10-28 11:40:00+05:30,2022-10-28 12:55:00+05:30,42.03,41.64964285714286,42.714642857142856,-0.3804,L
S1475,PNB,2022-10-28 12:00:00+05:30,-0.094,-0.0476,0,,2.2421,41.67,-0.6909,0,1.317,0.0,3,0,0,0,0,3,4,2022-10-28 12:15:00+05:30,2022-10-28 12:20:00+05:30,2022-10-28 12:55:00+05:30,41.98,41.61928571428571,42.629285714285714,-0.3607,L
S1476,PNB,2022-10-28 13:45:00+05:30,-0.122,-0.1853,0,,0.6835,100.0,-1.0,0,1.0726,1.0,3,0,0,0,0,3,4,2022-10-28 14:00:00+05:30,2022-10-28 14:05:00+05:30,2022-10-28 15:00:00+05:30,41.74,41.36142857142857,42.42142857142858,0.05,EOD+
S1477,PNB,2022-10-28 14:10:00+05:30,-0.1234,-0.1281,0,,0.3418,33.33,-1.0,0,1.187,0.0,1,1,1,0,0,1,2,2022-10-28 14:15:00+05:30,2022-10-28 14:20:00+05:30,2022-10-28 15:00:00+05:30,41.93,41.54964285714286,42.61464285714286,-0.14,EOD-
S1478,PNB,2022-10-31 09:15:00+05:30,,,0,,0.0261,73.58,17.0,0,2.5064,,0,0,0,0,1,0,1,2022-10-31 09:15:00+05:30,2022-10-31 09:20:00+05:30,2022-10-31 09:50:00+05:30,41.93,41.45142857142857,42.791428571428575,-0.4786,L
S1479,PNB,2022-10-31 09:25:00+05:30,,,0,,0.8524,52.63,-0.697,0,0.8214,1.0,1,1,1,0,0,1,2,2022-10-31 09:30:00+05:30,2022-10-31 09:35:00+05:30,2022-10-31 09:50:00+05:30,41.98,41.496071428571426,42.85107142857142,-0.4839,L
S1480,PNB,2022-10-31 10:40:00+05:30,-0.5684,-0.5955,0,,2.1561,66.67,-0.9037,0,1.2485,1.0,3,1,0,0,0,3,4,2022-10-31 10:55:00+05:30,2022-10-31 11:00:00+05:30,2022-10-31 15:00:00+05:30,41.45,40.848214285714285,42.53321428571429,-0.15,EOD-
S1481,PNB,2022-10-31 11:40:00+05:30,-0.0521,-0.1698,8,6.0,0.082,100.0,-1.0,0,0.6225,1.0,1,0,0,0,0,1,2,2022-10-31 11:45:00+05:30,2022-10-31 11:50:00+05:30,2022-10-31 15:00:00+05:30,41.4,40.83571428571428,42.41571428571429,-0.1,EOD-
S1482,PNB,2022-10-31 12:45:00+05:30,-0.0544,0.1558,0,,1.6505,0.0,-0.5842,0,0.6336,1.0,3,1,0,1,0,3,4,2022-10-31 13:00:00+05:30,2022-10-31 13:05:00+05:30,2022-10-31 15:00:00+05:30,41.25,40.885714285714286,41.90571428571428,0.05,EOD+
S1483,PNB,2022-10-31 13:15:00+05:30,-0.1066,-0.224,1,1.0,0.2127,0.0,2.6364,0,0.4128,,0,1,0,1,1,0,1,2022-10-31 13:15:00+05:30,2022-10-31 13:20:00+05:30,2022-10-31 15:00:00+05:30,41.35,41.026785714285715,41.931785714285716,-0.05,EOD-
S1484,PNB,2022-10-31 13:30:00+05:30,0.0109,-0.1066,2,2.0,0.2815,0.0,3.0541,0,2.5338,,0,1,0,0,1,0,1,2022-10-31 13:30:00+05:30,2022-10-31 13:35:00+05:30,2022-10-31 15:00:00+05:30,41.4,41.07142857142857,41.99142857142857,-0.1,EOD-
S1485,PNB,2022-10-31 13:45:00+05:30,0.0545,0.0109,2,2.0,0.0675,50.0,4.2632,0,1.3259,,0,1,0,0,1,0,1,2022-10-31 13:45:00+05:30,2022-10-31 13:50:00+05:30,2022-10-31 15:00:00+05:30,41.3,40.94821428571428,41.933214285714286,0.0,EOD-
S1486,PNB,2022-10-31 13:55:00+05:30,0.0847,0.0654,0,,0.1548,50.0,1.2727,0,0.3823,,0,0,0,1,1,0,1,2022-10-31 13:55:00+05:30,2022-10-31 14:00:00+05:30,2022-10-31 15:00:00+05:30,41.3,40.94464285714285,41.939642857142864,0.0,EOD-
S1487,PNB,2022-10-31 14:05:00+05:30,0.0484,0.0787,0,,0.8096,71.43,-0.6507,0,1.3649,,0,0,0,0,1,0,1,2022-10-31 14:05:00+05:30,2022-10-31 14:10:00+05:30,2022-10-31 15:00:00+05:30,41.3,40.94642857142856,41.93642857142858,0.0,EOD-
S1488,PNB,2022-11-01 10:25:00+05:30,0.3681,0.479,14,11.0,0.0021,55.56,-1.0,0,0.2251,,0,0,1,1,1,0,1,2022-11-01 10:25:00+05:30,2022-11-01 10:30:00+05:30,2022-11-01 13:00:00+05:30,41.93,41.34428571428572,42.98428571428571,-0.5857,L
S1489,PNB,2022-11-01 10:35:00+05:30,0.3163,0.397,0,,0.2325,0.0,-1.0,0,0.2919,1.0,1,0,0,0,0,1,2,2022-11-01 10:40:00+05:30,2022-11-01 10:45:00+05:30,2022-11-01 12:55:00+05:30,41.93,41.42464285714286,42.839642857142856,-0.5054,L
S1490,PNB,2022-11-01 13:10:00+05:30,-0.2704,-0.21,0,,3.159,35.71,-0.7955,0,0.9548,0.0,3,1,0,0,0,3,4,2022-11-01 13:25:00+05:30,2022-11-01 13:30:00+05:30,2022-11-01 13:50:00+05:30,41.59,41.24178571428571,42.21678571428572,-0.3482,L
S1491,PNB,2022-11-01 13:35:00+05:30,-0.1529,-0.2466,0,,0.5197,58.33,-0.422,0,0.5793,0.0,1,0,0,0,0,1,2,2022-11-01 13:40:00+05:30,2022-11-01 13:45:00+05:30,2022-11-01 13:55:00+05:30,41.5,41.08392857142857,42.24892857142858,-0.4161,L
S1492,PNB,2022-11-02 11:20:00+05:30,-0.1759,-0.2461,0,,0.7558,100.0,-1.0,0,0.4985,1.0,3,1,0,1,0,3,4,2022-11-02 11:35:00+05:30,2022-11-02 11:40:00+05:30,2022-11-02 12:55:00+05:30,38.39,38.14357142857143,38.833571428571425,-0.2464,L
S1493,PNB,2022-11-02 11:45:00+05:30,-0.0196,-0.0938,0,,0.1763,100.0,-1.0,0,0.794,0.0,1,0,0,0,0,1,2,2022-11-02 11:50:00+05:30,2022-11-02 11:55:00+05:30,2022-11-02 12:55:00+05:30,38.39,38.14892857142857,38.823928571428574,-0.2411,L
S1494,PNB,2022-11-02 12:10:00+05:30,-0.0639,-0.0313,0,,1.5346,0.0,-0.6491,0,2.8253,1.0,3,0,0,0,0,3,4,2022-11-02 12:25:00+05:30,2022-11-02 12:30:00+05:30,2022-11-02 12:45:00+05:30,38.44,38.207857142857144,38.85785714285714,-0.2321,L
S1495,PNB,2022-11-02 13:00:00+05:30,-0.0783,-0.013,0,,1.4966,0.0,-1.0,0,0.7239,0.0,3,0,0,1,0,3,4,2022-11-02 13:15:00+05:30,2022-11-02 13:20:00+05:30,2022-11-02 15:00:00+05:30,38.29,38.03107142857142,38.75607142857143,0.0,EOD-
S1496,PNB,2022-11-02 13:25:00+05:30,-0.0653,-0.0849,0,,0.7467,0.0,0.25,0,0.6541,,0,0,0,0,1,0,1,2022-11-02 13:25:00+05:30,2022-11-02 13:30:00+05:30,2022-11-02 15:00:00+05:30,38.24,37.972142857142856,38.72214285714286,0.05,EOD+
S1497,PNB,2022-11-02 13:35:00+05:30,-0.085,-0.0784,0,,0.65,33.33,-0.2308,0,2.488,,0,1,0,0,1,0,1,2022-11-02 13:35:00+05:30,2022-11-02 13:40:00+05:30,2022-11-02 15:00:00+05:30,38.29,38.03999999999999,38.74000000000001,0.0,EOD-
S1498,PNB,2022-11-02 14:00:00+05:30,0.0953,-0.0209,3,2.0,0.0121,33.33,32.3333,0,0.785,,0,0,1,0,1,0,1,2022-11-02 14:00:00+05:30,2022-11-02 14:05:00+05:30,2022-11-02 15:00:00+05:30,38.44,38.131071428571424,38.99607142857143,-0.15,EOD-
S1499,PNB,2022-11-02 14:15:00+05:30,0.0522,0.0953,2,2.0,0.4514,0.0,0.6949,0,1.0638,,0,0,0,0,1,0,1,2022-11-02 14:15:00+05:30,2022-11-02 14:20:00+05:30,2022-11-02 15:00:00+05:30,38.29,37.96321428571429,38.878214285714286,0.0,EOD-
S1500,PNB,2022-11-02 14:25:00+05:30,0.0392,0.0836,0,,0.1262,100.0,-1.0,0,0.4694,,0,1,0,1,1,0,1,2022-11-02 14:25:00+05:30,2022-11-02 14:30:00+05:30,2022-11-02 15:00:00+05:30,38.29,37.96321428571429,38.878214285714286,0.0,EOD-
S1501,PNB,2022-11-03 09:15:00+05:30,,,0,,3.0807,69.84,-0.8847,0,5.2763,,0,1,0,0,1,0,1,2022-11-03 09:15:00+05:30,2022-11-03 09:20:00+05:30,2022-11-03 09:30:00+05:30,38.29,37.93821428571428,38.92321428571429,0.6332,W
S1502,PNB,2022-11-03 11:00:00+05:30,0.7473,0.8078,19,12.0,0.5387,0.0,0.1976,0,0.2558,,0,0,0,0,1,0,1,2022-11-03 11:00:00+05:30,2022-11-03 11:05:00+05:30,2022-11-03 15:00:00+05:30,39.31,38.92250000000001,40.0075,0.54,EOD+
S1503,PNB,2022-11-03 11:10:00+05:30,0.542,0.7927,0,,0.9778,50.0,-0.6212,0,0.3586,1.0,2,0,0,1,0,2,3,2022-11-03 11:20:00+05:30,2022-11-03 11:25:00+05:30,2022-11-03 15:00:00+05:30,39.46,39.1225,40.067499999999995,0.39,EOD+
S1504,PNB,2022-11-03 12:05:00+05:30,-0.094,-0.0876,0,,1.1846,0.0,-0.0909,0,0.9657,1.0,3,1,1,0,0,3,4,2022-11-03 12:20:00+05:30,2022-11-03 12:25:00+05:30,2022-11-03 13:40:00+05:30,39.46,39.22785714285714,39.877857142857145,0.4179,W
S1505,PNB,2022-11-03 12:30:00+05:30,0.0063,-0.0813,0,,0.1346,50.0,3.0,0,0.9149,,0,0,0,0,1,0,1,2022-11-03 12:30:00+05:30,2022-11-03 12:35:00+05:30,2022-11-03 13:40:00+05:30,39.36,39.12785714285714,39.777857142857144,0.4179,W
S1506,PNB,2022-11-03 12:40:00+05:30,0.0508,-0.0305,0,,0.2154,66.67,-1.0,0,2.4342,,0,1,1,1,1,0,1,2022-11-03 12:40:00+05:30,2022-11-03 12:45:00+05:30,2022-11-03 13:40:00+05:30,39.51,39.277857142857144,39.92785714285714,0.4179,W
S1507,PNB,2022-11-03 14:05:00+05:30,0.1832,0.2327,16,5.0,0.2011,33.33,0.9231,0,0.845,,0,1,1,1,1,0,1,2022-11-03 14:05:00+05:30,2022-11-03 14:10:00+05:30,2022-11-03 15:00:00+05:30,39.7,39.37678571428572,40.28178571428572,0.15,EOD+
S1508,PNB,2022-11-03 14:20:00+05:30,0.1388,0.1832,2,2.0,0.0866,33.33,-1.0,0,1.1216,0.0,1,1,0,0,0,1,2,2022-11-03 14:25:00+05:30,2022-11-03 14:30:00+05:30,2022-11-03 15:00:00+05:30,39.65,39.30357142857142,40.27357142857143,0.2,EOD+
S1509,PNB,2022-11-04 10:25:00+05:30,0.3841,0.4346,14,14.0,0.1246,50.0,1.381,0,0.1334,,0,0,0,1,1,0,1,2022-11-04 10:25:00+05:30,2022-11-04 10:30:00+05:30,2022-11-04 15:00:00+05:30,40.38,39.95857142857143,41.138571428571424,0.19,EOD+
S1510,PNB,2022-11-04 10:50:00+05:30,0.0953,0.2996,0,,0.989,0.0,-1.0,0,0.3301,1.0,3,0,0,0,0,3,4,2022-11-04 11:05:00+05:30,2022-11-04 11:10:00+05:30,2022-11-04 15:00:00+05:30,40.33,40.05321428571429,40.82821428571428,0.24,EOD+
S1511,PNB,2022-11-04 11:15:00+05:30,-0.0545,0.005,0,,0.42,100.0,-1.0,0,0.3174,,0,0,0,1,1,0,1,2022-11-04 11:15:00+05:30,2022-11-04 11:20:00+05:30,2022-11-04 13:35:00+05:30,40.38,40.15678571428572,40.78178571428572,0.4018,W
S1512,PNB,2022-11-04 11:25:00+05:30,-0.0421,-0.0545,0,,0.487,100.0,-1.0,0,0.2011,0.0,1,0,0,1,0,1,2,2022-11-04 11:30:00+05:30,2022-11-04 11:35:00+05:30,2022-11-04 13:35:00+05:30,40.38,40.17464285714286,40.74964285714287,0.3696,W
S1513,PNB,2022-11-04 11:40:00+05:30,-0.0062,-0.0421,0,,0.49,100.0,-1.0,0,0.5897,,0,0,0,0,1,0,1,2022-11-04 11:40:00+05:30,2022-11-04 11:45:00+05:30,2022-11-04 13:30:00+05:30,40.33,40.15142857142857,40.65142857142858,0.3214,W
S1514,PNB,2022-11-04 11:50:00+05:30,-0.031,0.0,0,,0.385,50.0,-1.0,0,1.5996,,0,0,0,0,1,0,1,2022-11-04 11:50:00+05:30,2022-11-04 11:55:00+05:30,2022-11-04 13:30:00+05:30,40.33,40.15142857142856,40.65142857142858,0.3214,W
S1515,PNB,2022-11-04 12:00:00+05:30,-0.031,-0.0248,0,,0.3684,0.0,1.0,0,0.5205,,0,0,0,0,1,0,1,2022-11-04 12:00:00+05:30,2022-11-04 12:05:00+05:30,2022-11-04 13:30:00+05:30,40.38,40.210357142857134,40.68535714285716,0.3054,W
S1516,PNB,2022-11-04 12:10:00+05:30,0.0,-0.0434,0,,0.4941,50.0,0.6667,0,1.2058,,0,0,0,0,1,0,1,2022-11-04 12:10:00+05:30,2022-11-04 12:15:00+05:30,2022-11-04 13:30:00+05:30,40.38,40.22821428571428,40.653214285714306,0.2732,W
S1517,PNB,2022-11-04 13:05:00+05:30,0.0556,0.1101,10,7.0,0.0252,100.0,-1.0,0,0.9496,1.0,1,0,0,0,0,1,2,2022-11-04 13:10:00+05:30,2022-11-04 13:15:00+05:30,2022-11-04 15:00:00+05:30,40.48,40.28178571428571,40.8367857142857,0.09,EOD+
S1518,PNB,2022-11-07 11:55:00+05:30,-0.3598,-0.3943,0,,1.3061,50.0,-1.0,0,0.9244,1.0,3,1,0,0,0,3,4,2022-11-07 12:10:00+05:30,2022-11-07 12:15:00+05:30,2022-11-07 13:20:00+05:30,41.01,40.57071428571429,41.80071428571428,-0.4393,L
S1519,PNB,2022-11-07 12:30:00+05:30,-0.1186,-0.2725,3,3.0,0.7121,73.68,-0.5745,0,0.985,1.0,2,0,0,0,0,2,3,2022-11-07 12:40:00+05:30,2022-11-07 12:45:00+05:30,2022-11-07 13:20:00+05:30,41.06,40.64750000000001,41.802499999999995,-0.4125,L
S1520,PNB,2022-11-07 13:05:00+05:30,0.0403,-0.0281,4,4.0,0.5565,0.0,0.1321,0,0.755,,0,0,0,1,1,0,1,2022-11-07 13:05:00+05:30,2022-11-07 13:10:00+05:30,2022-11-07 14:40:00+05:30,40.87,40.512857142857136,41.51285714285714,-0.3571,L
S1521,PNB,2022-11-09 13:40:00+05:30,0.187,0.3571,0,,0.8843,64.29,-0.7361,0,0.4694,1.0,3,0,0,1,0,3,4,2022-11-09 13:55:00+05:30,2022-11-09 14:00:00+05:30,2022-11-09 14:50:00+05:30,44.12,43.58428571428571,45.08428571428571,-0.5357,L
S1522,PNB,2022-11-09 14:05:00+05:30,-0.1316,0.0272,0,,0.8144,85.29,-0.7245,0,0.9768,,0,0,0,0,1,0,1,2022-11-09 14:05:00+05:30,2022-11-09 14:10:00+05:30,2022-11-09 14:50:00+05:30,44.22,43.66285714285714,45.222857142857144,-0.5571,L
S1523,PNB,2022-11-10 09:55:00+05:30,-0.5805,-0.4687,0,,1.0707,70.59,-0.8514,0,0.5335,1.0,3,0,1,0,0,3,4,2022-11-10 10:10:00+05:30,2022-11-10 10:15:00+05:30,2022-11-10 12:00:00+05:30,43.68,42.894285714285715,45.09428571428571,-0.7857,L
S1524,PNB,2022-11-10 13:05:00+05:30,-0.3802,-0.4086,0,,1.9618,66.67,-0.8435,0,1.0521,1.0,3,0,0,0,0,3,4,2022-11-10 13:20:00+05:30,2022-11-10 13:25:00+05:30,2022-11-10 15:00:00+05:30,42.66,42.25285714285714,43.39285714285714,0.05,EOD+
S1525,PNB,2022-11-10 13:30:00+05:30,-0.2439,-0.3455,0,,0.1048,62.5,1.5806,0,0.8763,,0,1,0,1,1,0,1,2022-11-10 13:30:00+05:30,2022-11-10 13:35:00+05:30,2022-11-10 15:00:00+05:30,42.81,42.44035714285715,43.475357142857135,-0.1,EOD-
S1526,PNB,2022-11-10 14:20:00+05:30,0.1756,0.0914,9,9.0,0.6713,62.5,-0.5722,0,0.8571,0.0,1,0,0,0,0,1,2,2022-11-10 14:25:00+05:30,2022-11-10 14:30:00+05:30,2022-11-10 15:00:00+05:30,42.71,42.36178571428572,43.3367857142857,0.0,EOD-
S1527,PNB,2022-11-11 09:45:00+05:30,0.1795,,6,6.0,0.1664,26.32,1.8866,0,0.9037,,0,1,1,0,1,0,1,2022-11-11 09:45:00+05:30,2022-11-11 09:50:00+05:30,2022-11-11 15:00:00+05:30,43.05,42.32142857142857,44.36142857142857,0.49,EOD+
S1528,PNB,2022-11-11 09:55:00+05:30,0.1747,0.2192,1,1.0,0.2737,58.33,0.2121,0,0.8288,,0,1,1,1,1,0,1,2022-11-11 09:55:00+05:30,2022-11-11 10:00:00+05:30,2022-11-11 15:00:00+05:30,43.0,42.246428571428574,44.356428571428566,0.54,EOD+
S1529,PNB,2022-11-11 10:25:00+05:30,0.3767,0.3449,4,4.0,0.4943,73.53,-0.635,0,0.2435,0.0,1,0,0,0,0,1,2,2022-11-11 10:30:00+05:30,2022-11-11 10:35:00+05:30,2022-11-11 15:00:00+05:30,43.2,42.50714285714286,44.447142857142865,0.34,EOD+
S1530,PNB,2022-11-11 10:40:00+05:30,0.2927,0.3767,0,,0.2607,100.0,-1.0,0,0.3677,,0,1,0,1,1,0,1,2022-11-11 10:40:00+05:30,2022-11-11 10:45:00+05:30,2022-11-11 15:00:00+05:30,43.39,42.76678571428571,44.51178571428572,0.15,EOD+
S1531,PNB,2022-11-11 11:10:00+05:30,0.0301,0.2196,5,5.0,0.023,55.56,-1.0,0,1.7875,1.0,1,0,0,0,0,1,2,2022-11-11 11:15:00+05:30,2022-11-11 11:20:00+05:30,2022-11-11 15:00:00+05:30,43.59,43.10071428571428,44.4707142857143,-0.05,EOD-
S1532,PNB,2022-11-11 12:05:00+05:30,0.1242,0.2222,9,7.0,0.1655,50.0,1.0833,0,0.6561,,0,0,0,0,1,0,1,2022-11-11 12:05:00+05:30,2022-11-11 12:10:00+05:30,2022-11-11 15:00:00+05:30,43.44,43.07749999999999,44.0925,0.1,EOD+
S1533,PNB,2022-11-11 13:30:00+05:30,-0.1694,-0.1889,0,,0.4446,0.0,-1.0,0,0.7177,1.0,3,0,0,1,0,3,4,2022-11-11 13:45:00+05:30,2022-11-11 13:50:00+05:30,2022-11-11 15:00:00+05:30,43.39,43.12571428571429,43.86571428571428,0.15,EOD+
S1534,PNB,2022-11-14 10:25:00+05:30,-0.1793,-0.1328,0,,0.8004,0.0,-0.631,0,0.301,1.0,3,0,0,0,0,3,4,2022-11-14 10:40:00+05:30,2022-11-14 10:45:00+05:30,2022-11-14 15:00:00+05:30,43.15,42.72678571428571,43.91178571428571,-0.15,EOD-
S1535,PNB,2022-11-14 10:55:00+05:30,-0.1622,-0.1852,0,,0.4667,100.0,-1.0,0,0.5537,1.0,3,0,0,0,0,3,4,2022-11-14 11:10:00+05:30,2022-11-14 11:15:00+05:30,2022-11-14 12:35:00+05:30,43.2,42.92678571428572,43.691785714285714,-0.2732,L
S1536,PNB,2022-11-14 11:25:00+05:30,0.0556,-0.0046,0,,0.7808,0.0,-1.0,0,0.4631,0.0,3,0,0,1,0,3,4,2022-11-14 11:40:00+05:30,2022-11-14 11:45:00+05:30,2022-11-14 12:35:00+05:30,43.1,42.86785714285714,43.517857142857146,-0.2321,L
S1537,PNB,2022-11-14 11:50:00+05:30,-0.0811,-0.0359,0,,0.9423,100.0,-1.0,0,1.4904,,0,0,0,0,1,0,1,2022-11-14 11:50:00+05:30,2022-11-14 11:55:00+05:30,2022-11-14 12:35:00+05:30,43.1,42.86785714285714,43.517857142857146,-0.2321,L
S1538,PNB,2022-11-14 12:00:00+05:30,-0.058,-0.0811,0,,0.9333,0.0,-0.375,0,0.4807,0.0,3,0,0,1,0,3,4,2022-11-14 12:15:00+05:30,2022-11-14 12:20:00+05:30,2022-11-14 12:35:00+05:30,43.15,42.93571428571428,43.535714285714285,-0.2143,L
S1539,PNB,2022-11-14 13:20:00+05:30,-0.0941,-0.0894,0,,1.1248,55.56,-1.0,0,1.2522,1.0,3,0,0,0,0,3,4,2022-11-14 13:35:00+05:30,2022-11-14 13:40:00+05:30,2022-11-14 15:00:00+05:30,43.05,42.79107142857142,43.51607142857143,-0.05,EOD-
S1540,PNB,2022-11-14 13:45:00+05:30,-0.0581,-0.0953,0,,0.4575,0.0,-0.0361,0,0.6365,0.0,1,0,0,0,0,1,2,2022-11-14 13:50:00+05:30,2022-11-14 13:55:00+05:30,2022-11-14 15:00:00+05:30,43.0,42.77321428571429,43.40821428571428,0.0,EOD-
S1541,PNB,2022-11-14 14:00:00+05:30,-0.0628,-0.0581,0,,0.2598,0.0,0.6327,0,0.5602,,0,1,0,1,1,0,1,2022-11-14 14:00:00+05:30,2022-11-14 14:05:00+05:30,2022-11-14 15:00:00+05:30,43.0,42.76428571428572,43.42428571428571,0.0,EOD-
S1542,PNB,2022-11-15 09:15:00+05:30,,,0,,1.2972,13.79,0.023,0,2.7286,,0,0,0,0,1,0,1,2022-11-15 09:15:00+05:30,2022-11-15 09:20:00+05:30,2022-11-15 09:25:00+05:30,43.0,42.62321428571429,43.67821428571428,-0.3768,L
S1543,PNB,2022-11-15 10:10:00+05:30,-0.1988,-0.2114,0,,0.5709,0.0,-1.0,0,0.296,1.0,3,0,0,0,0,3,4,2022-11-15 10:25:00+05:30,2022-11-15 10:30:00+05:30,2022-11-15 15:00:00+05:30,42.71,42.15821428571429,43.70321428571429,0.0,EOD-
S1544,PNB,2022-11-15 11:20:00+05:30,-0.0716,-0.0492,0,,0.9993,0.0,-0.5169,0,0.4305,0.0,3,0,0,1,0,3,4,2022-11-15 11:35:00+05:30,2022-11-15 11:40:00+05:30,2022-11-15 15:00:00+05:30,42.57,42.31107142857144,43.03607142857142,0.14,EOD+
S1545,PNB,2022-11-15 11:45:00+05:30,-0.0587,-0.0939,0,,0.35,100.0,-1.0,0,0.4942,,0,0,0,1,1,0,1,2022-11-15 11:45:00+05:30,2022-11-15 11:50:00+05:30,2022-11-15 15:00:00+05:30,42.57,42.36642857142858,42.93642857142856,0.14,EOD+
S1546,PNB,2022-11-15 12:40:00+05:30,-0.0706,-0.1093,0,,0.9897,50.0,-0.5122,0,0.5351,0.0,3,1,0,1,0,3,4,2022-11-15 12:55:00+05:30,2022-11-15 13:00:00+05:30,2022-11-15 15:00:00+05:30,42.47,42.21107142857143,42.936071428571424,0.24,EOD+
S1547,PNB,2022-11-15 13:15:00+05:30,-0.0235,-0.0353,2,2.0,0.3657,100.0,-1.0,0,3.762,1.0,1,0,0,0,0,1,2,2022-11-15 13:20:00+05:30,2022-11-15 13:25:00+05:30,2022-11-15 13:50:00+05:30,42.66,42.42071428571428,43.090714285714284,-0.2393,L
S1548,PNB,2022-11-15 13:45:00+05:30,0.0165,-0.0024,4,4.0,0.4752,50.0,0.0753,0,0.7909,,0,0,0,1,1,0,1,2022-11-15 13:45:00+05:30,2022-11-15 13:50:00+05:30,2022-11-15 15:00:00+05:30,42.52,42.275357142857146,42.96035714285715,0.19,EOD+
S1549,PNB,2022-11-15 13:55:00+05:30,0.0118,0.0153,0,,1.0117,0.0,-1.0,0,0.6376,0.0,2,0,0,0,0,2,3,2022-11-15 14:05:00+05:30,2022-11-15 14:10:00+05:30,2022-11-15 15:00:00+05:30,42.52,42.275357142857146,42.96035714285715,0.19,EOD+
S1550,PNB,2022-11-15 14:15:00+05:30,-0.0059,0.0059,0,,1.0555,100.0,-1.0,0,1.8922,1.0,1,1,0,1,0,1,2,2022-11-15 14:20:00+05:30,2022-11-15 14:25:00+05:30,2022-11-15 15:00:00+05:30,42.66,42.43142857142857,43.07142857142857,0.05,EOD+
S1551,PNB,2022-11-16 09:15:00+05:30,,,0,,0.2303,20.83,2.5294,0,2.241,,0,1,0,0,1,0,1,2022-11-16 09:15:00+05:30,2022-11-16 09:20:00+05:30,2022-11-16 09:25:00+05:30,42.71,42.433214285714286,43.20821428571429,0.4982,W
S1552,PNB,2022-11-16 11:10:00+05:30,0.3074,0.4151,22,9.0,0.2416,33.33,0.4706,0,0.9339,,0,0,0,0,1,0,1,2022-11-16 11:10:00+05:30,2022-11-16 11:15:00+05:30,2022-11-16 14:15:00+05:30,43.44,43.08821428571428,44.073214285714286,-0.3518,L
S1553,PNB,2022-11-16 11:20:00+05:30,0.2117,0.3352,1,1.0,0.1022,0.0,-1.0,0,0.5998,1.0,1,0,0,0,0,1,2,2022-11-16 11:25:00+05:30,2022-11-16 11:30:00+05:30,2022-11-16 14:15:00+05:30,43.49,43.17214285714286,44.06214285714287,-0.3179,L
S1554,PNB,2022-11-16 12:15:00+05:30,-0.1682,-0.1186,0,,1.4282,64.29,-0.6711,0,0.922,1.0,3,0,0,0,0,3,4,2022-11-16 12:30:00+05:30,2022-11-16 12:35:00+05:30,2022-11-16 14:15:00+05:30,43.39,43.12392857142857,43.868928571428576,-0.2661,L
S1555,PNB,2022-11-16 12:50:00+05:30,-0.083,-0.0726,0,,1.0475,0.0,-0.5192,0,0.7552,0.0,3,0,0,0,0,3,4,2022-11-16 13:05:00+05:30,2022-11-16 13:10:00+05:30,2022-11-16 14:15:00+05:30,43.3,43.05178571428571,43.746785714285714,-0.2482,L
S1556,PNB,2022-11-16 13:15:00+05:30,-0.0831,-0.0981,0,,0.2136,0.0,-1.0,0,0.6954,1.0,1,0,0,0,0,1,2,2022-11-16 13:20:00+05:30,2022-11-16 13:25:00+05:30,2022-11-16 14:15:00+05:30,43.3,43.08928571428571,43.679285714285726,-0.2107,L
S1557,PNB,2022-11-16 13:30:00+05:30,-0.0277,-0.0831,0,,0.9583,44.44,-0.2908,0,0.9028,,0,0,0,0,1,0,1,2022-11-16 13:30:00+05:30,2022-11-16 13:35:00+05:30,2022-11-16 14:15:00+05:30,43.3,43.116071428571416,43.63107142857144,-0.1839,L
S1558,PNB,2022-11-16 13:40:00+05:30,0.0277,-0.045,0,,0.4078,100.0,-1.0,0,2.4966,,0,0,0,0,1,0,1,2022-11-16 13:40:00+05:30,2022-11-16 13:45:00+05:30,2022-11-16 14:15:00+05:30,43.39,43.20607142857142,43.72107142857144,-0.1839,L
S1559,PNB,2022-11-17 09:20:00+05:30,,,0,,3.1015,56.82,-0.9132,0,3.1176,1.0,3,0,0,0,0,3,4,2022-11-17 09:35:00+05:30,2022-11-17 09:40:00+05:30,2022-11-17 15:00:00+05:30,42.86,42.395714285714284,43.69571428571429,0.34,EOD+
S1560,PNB,2022-11-17 09:45:00+05:30,-0.3122,,0,,0.9226,55.88,-0.5876,0,0.7578,0.0,1,1,0,0,0,1,2,2022-11-17 09:50:00+05:30,2022-11-17 09:55:00+05:30,2022-11-17 15:00:00+05:30,42.71,42.05285714285714,43.89285714285714,0.49,EOD+
S1561,PNB,2022-11-17 10:00:00+05:30,-0.0678,-0.3122,0,,0.365,50.0,0.0256,0,0.2892,,0,1,0,1,1,0,1,2022-11-17 10:00:00+05:30,2022-11-17 10:05:00+05:30,2022-11-17 15:00:00+05:30,42.71,42.042142857142856,43.91214285714286,0.49,EOD+
S1562,PNB,2022-11-17 10:50:00+05:30,0.028,0.0794,8,3.0,0.0869,47.37,4.1282,0,0.8958,,0,0,0,0,1,0,1,2022-11-17 10:50:00+05:30,2022-11-17 10:55:00+05:30,2022-11-17 15:00:00+05:30,42.86,42.29928571428571,43.869285714285716,0.34,EOD+
S1563,PNB,2022-11-17 11:35:00+05:30,0.0396,0.1364,0,,0.6513,50.0,-0.5327,0,1.2539,1.0,3,0,0,0,0,3,4,2022-11-17 11:50:00+05:30,2022-11-17 11:55:00+05:30,2022-11-17 15:00:00+05:30,43.05,42.63928571428571,43.78928571428571,0.15,EOD+
S1564,PNB,2022-11-17 12:05:00+05:30,-0.0105,0.0361,2,2.0,0.0614,44.44,5.6667,0,0.2744,,0,1,0,1,1,0,1,2022-11-17 12:05:00+05:30,2022-11-17 12:10:00+05:30,2022-11-17 14:50:00+05:30,42.91,42.604642857142856,43.45964285714285,0.5496,W
S1565,PNB,2022-11-17 12:15:00+05:30,-0.0245,0.0058,0,,0.0161,0.0,44.0,0,0.7181,,0,0,0,0,1,0,1,2022-11-17 12:15:00+05:30,2022-11-17 12:20:00+05:30,2022-11-17 15:00:00+05:30,43.0,42.68928571428572,43.559285714285714,0.2,EOD+
S1566,PNB,2022-11-17 12:30:00+05:30,-0.014,-0.0245,2,2.0,0.0127,28.57,32.3333,0,1.3074,,0,0,0,0,1,0,1,2022-11-17 12:30:00+05:30,2022-11-17 12:35:00+05:30,2022-11-17 15:00:00+05:30,43.0,42.70357142857143,43.53357142857143,0.2,EOD+
S1567,PNB,2022-11-17 12:40:00+05:30,0.028,-0.0291,0,,0.56,0.0,-0.2188,0,1.1128,0.0,3,0,0,1,0,3,4,2022-11-17 12:55:00+05:30,2022-11-17 13:00:00+05:30,2022-11-17 14:45:00+05:30,42.91,42.62428571428571,43.42428571428571,0.5143,W
S1568,PNB,2022-11-17 13:05:00+05:30,0.0582,0.0512,0,,0.9439,50.0,-0.4382,0,0.2803,0.0,1,1,0,1,0,1,2,2022-11-17 13:10:00+05:30,2022-11-17 13:15:00+05:30,2022-11-17 14:45:00+05:30,42.96,42.72428571428571,43.38428571428572,0.4243,W
S1569,PNB,2022-11-17 13:20:00+05:30,0.0733,0.0582,0,,0.0558,0.0,6.2727,0,0.7759,,0,0,0,1,1,0,1,2022-11-17 13:20:00+05:30,2022-11-17 13:25:00+05:30,2022-11-17 14:45:00+05:30,42.96,42.71357142857143,43.40357142857143,0.4436,W
S1570,PNB,2022-11-17 13:30:00+05:30,0.0279,0.0687,0,,0.0109,100.0,-1.0,0,0.8989,1.0,1,0,0,0,0,1,2,2022-11-17 13:35:00+05:30,2022-11-17 13:40:00+05:30,2022-11-17 14:45:00+05:30,43.0,42.77142857142857,43.41142857142857,0.4114,W
S1571,PNB,2022-11-17 13:45:00+05:30,-0.0058,0.0279,0,,0.6033,44.44,-0.0566,0,1.1191,,0,0,0,0,1,0,1,2022-11-17 13:45:00+05:30,2022-11-17 13:50:00+05:30,2022-11-17 14:45:00+05:30,42.96,42.74035714285714,43.355357142857144,0.3954,W
S1572,PNB,2022-11-18 09:15:00+05:30,,,0,,1.0759,0.0,-0.2911,0,1.7525,1.0,3,1,0,1,0,3,4,2022-11-18 09:30:00+05:30,2022-11-18 09:35:00+05:30,2022-11-18 09:40:00+05:30,43.3,42.841071428571425,44.12607142857142,0.8261,W
S1573,PNB,2022-11-18 11:40:00+05:30,-0.4139,0.0767,0,,1.2328,35.71,-0.8305,0,0.5055,0.0,3,0,1,1,0,3,4,2022-11-18 11:55:00+05:30,2022-11-18 12:00:00+05:30,2022-11-18 15:00:00+05:30,44.22,43.74142857142857,45.081428571428575,0.05,EOD+
S1574,PNB,2022-11-18 12:05:00+05:30,-0.2051,-0.3588,0,,0.0308,82.76,-1.0,0,1.1075,,0,1,1,1,1,0,1,2022-11-18 12:05:00+05:30,2022-11-18 12:10:00+05:30,2022-11-18 15:00:00+05:30,44.41,43.96357142857143,45.21357142857143,-0.14,EOD-
S1575,PNB,2022-11-18 13:05:00+05:30,0.3221,0.3271,11,10.0,0.5983,41.67,0.1067,0,1.2005,,0,0,0,0,1,0,1,2022-11-18 13:05:00+05:30,2022-11-18 13:10:00+05:30,2022-11-18 15:00:00+05:30,44.41,43.88142857142857,45.36142857142857,-0.14,EOD-
S1576,PNB,2022-11-18 13:15:00+05:30,0.2194,0.3493,0,,0.3629,50.0,-1.0,0,0.392,0.0,1,0,0,1,0,1,2,2022-11-18 13:20:00+05:30,2022-11-18 13:25:00+05:30,2022-11-18 15:00:00+05:30,44.41,43.92428571428571,45.28428571428571,-0.14,EOD-
S1577,PNB,2022-11-21 11:45:00+05:30,0.597,0.7214,30,8.0,0.1163,100.0,-1.0,0,0.513,1.0,1,0,0,0,0,1,2,2022-11-21 11:50:00+05:30,2022-11-21 11:55:00+05:30,2022-11-21 15:00:00+05:30,46.02,45.49321428571429,46.96821428571429,0.05,EOD+
S1578,PNB,2022-11-21 12:00:00+05:30,0.5083,0.597,0,,0.617,0.0,-0.5516,0,0.3391,1.0,1,1,1,0,0,1,2,2022-11-21 12:05:00+05:30,2022-11-21 12:10:00+05:30,2022-11-21 13:20:00+05:30,46.16,45.708214285714284,46.973214285714285,-0.4518,L
S1579,PNB,2022-11-21 12:25:00+05:30,0.2189,0.4231,0,,0.4207,44.44,-1.0,0,1.0064,1.0,3,0,0,0,0,3,4,2022-11-21 12:40:00+05:30,2022-11-21 12:45:00+05:30,2022-11-21 13:05:00+05:30,46.21,45.838571428571434,46.878571428571426,-0.3714,L
S1580,PNB,2022-11-21 12:50:00+05:30,-0.0586,0.0889,0,,0.2589,55.56,0.1268,0,0.8152,,0,1,0,0,1,0,1,2022-11-21 12:50:00+05:30,2022-11-21 12:55:00+05:30,2022-11-21 13:20:00+05:30,46.11,45.76714285714286,46.72714285714285,-0.3429,L
S1581,PNB,2022-11-21 13:20:00+05:30,-0.1097,-0.0911,0,,2.4599,37.5,-0.8658,0,1.5636,0.0,3,0,0,1,0,3,4,2022-11-21 13:35:00+05:30,2022-11-21 13:40:00+05:30,2022-11-21 15:00:00+05:30,46.11,45.73142857142857,46.79142857142856,-0.04,EOD-
S1582,PNB,2022-11-21 14:05:00+05:30,0.0119,0.0098,5,4.0,0.1556,64.29,0.7857,0,1.3108,,0,0,1,0,1,0,1,2022-11-21 14:05:00+05:30,2022-11-21 14:10:00+05:30,2022-11-21 15:00:00+05:30,46.11,45.66,46.92,-0.04,EOD-
S1583,PNB,2022-11-22 10:05:00+05:30,0.3797,0.4752,10,6.0,0.1533,0.0,0.3158,0,0.5545,,0,1,0,0,1,0,1,2022-11-22 10:05:00+05:30,2022-11-22 10:10:00+05:30,2022-11-22 10:50:00+05:30,46.5,45.88035714285714,47.61535714285715,-0.6196,L
S1584,PNB,2022-11-22 12:55:00+05:30,-0.0676,-0.0796,0,,1.0409,0.0,-1.0,0,1.0243,0.0,3,1,0,1,0,3,4,2022-11-22 13:10:00+05:30,2022-11-22 13:15:00+05:30,2022-11-22 14:00:00+05:30,45.77,45.495000000000005,46.26500000000001,0.495,W
S1585,PNB,2022-11-23 13:15:00+05:30,-0.2404,-0.0071,0,,1.7539,75.0,-1.0,0,0.6592,0.0,3,0,0,1,0,3,4,2022-11-23 13:30:00+05:30,2022-11-23 13:35:00+05:30,2022-11-23 15:00:00+05:30,48.83,48.349642857142854,49.69464285714286,0.35,EOD+
S1586,PNB,2022-11-23 14:25:00+05:30,0.0205,0.09,10,8.0,0.1915,0.0,0.6393,0,0.9063,,0,0,0,1,1,0,1,2022-11-23 14:25:00+05:30,2022-11-23 14:30:00+05:30,2022-11-23 15:00:00+05:30,48.88,48.48178571428572,49.596785714285716,0.3,EOD+
S1587,PNB,2022-11-24 09:15:00+05:30,,,0,,0.1991,34.09,0.0989,0,2.6723,,0,1,0,0,1,0,1,2022-11-24 09:15:00+05:30,2022-11-24 09:20:00+05:30,2022-11-24 15:00:00+05:30,48.98,48.40857142857143,50.00857142857142,0.05,EOD+
S1588,PNB,2022-11-24 10:05:00+05:30,0.2661,0.3305,8,7.0,0.2106,71.43,-0.2381,0,0.4361,0.0,1,0,1,0,0,1,2,2022-11-24 10:10:00+05:30,2022-11-24 10:15:00+05:30,2022-11-24 15:00:00+05:30,49.42,48.79678571428572,50.54178571428571,-0.39,EOD-
S1589,PNB,2022-11-24 10:30:00+05:30,0.066,0.1675,0,,0.9283,35.71,-0.7297,0,0.5472,1.0,3,0,0,0,0,3,4,2022-11-24 10:45:00+05:30,2022-11-24 10:50:00+05:30,2022-11-24 15:00:00+05:30,49.27,48.77178571428572,50.166785714285716,-0.24,EOD-
S1590,PNB,2022-11-24 10:55:00+05:30,0.1824,0.067,0,,0.8008,50.0,-0.6296,0,0.4944,,0,0,1,0,1,0,1,2022-11-24 10:55:00+05:30,2022-11-24 11:00:00+05:30,2022-11-24 13:30:00+05:30,49.42,48.99857142857143,50.17857142857144,-0.4214,L
S1591,PNB,2022-11-24 11:35:00+05:30,-0.196,-0.1471,0,,0.6964,44.44,-0.4845,0,0.3764,1.0,3,0,0,1,0,3,4,2022-11-24 11:50:00+05:30,2022-11-24 11:55:00+05:30,2022-11-24 15:00:00+05:30,49.22,48.871785714285714,49.84678571428571,-0.19,EOD-
S1592,PNB,2022-11-24 12:00:00+05:30,-0.0203,-0.1229,0,,0.725,73.68,-0.4253,0,0.7876,,0,0,0,0,1,0,1,2022-11-24 12:00:00+05:30,2022-11-24 12:05:00+05:30,2022-11-24 13:30:00+05:30,49.27,48.970000000000006,49.81,-0.3,L
S1593,PNB,2022-11-24 12:20:00+05:30,0.0863,0.0041,3,3.0,0.35,0.0,0.5385,0,1.1678,,0,0,0,0,1,0,1,2022-11-24 12:20:00+05:30,2022-11-24 12:25:00+05:30,2022-11-24 13:25:00+05:30,49.27,49.03785714285715,49.68785714285714,-0.2321,L
S1594,PNB,2022-11-24 12:30:00+05:30,0.0477,0.0629,0,,0.3031,50.0,-1.0,0,1.0781,1.0,3,0,0,0,0,3,4,2022-11-24 12:45:00+05:30,2022-11-24 12:50:00+05:30,2022-11-24 13:25:00+05:30,49.27,49.04321428571429,49.67821428571429,-0.2268,L
S1595,PNB,2022-11-24 13:50:00+05:30,-0.1383,-0.0691,0,,1.2762,50.0,-1.0,0,1.1253,1.0,3,0,0,0,0,3,4,2022-11-24 14:05:00+05:30,2022-11-24 14:10:00+05:30,2022-11-24 15:00:00+05:30,49.18,48.9175,49.6525,-0.15,EOD-
S1596,PNB,2022-11-25 13:25:00+05:30,-0.38,-0.4487,0,,0.508,0.0,-0.5935,0,1.0265,1.0,3,0,0,0,0,3,4,2022-11-25 13:40:00+05:30,2022-11-25 13:45:00+05:30,2022-11-25 14:20:00+05:30,52.58,51.97464285714286,53.669642857142854,-0.6054,L
S1597,PNB,2022-11-25 13:50:00+05:30,-0.0877,-0.2239,0,,0.3228,80.0,-0.3506,0,0.6589,,0,0,0,1,1,0,1,2022-11-25 13:50:00+05:30,2022-11-25 13:55:00+05:30,2022-11-25 14:15:00+05:30,52.63,52.033571428571435,53.70357142857143,-0.5964,L
S1598,PNB,2022-11-25 14:00:00+05:30,-0.124,-0.1163,0,,0.8745,34.48,-0.3722,0,0.7341,,0,0,0,0,1,0,1,2022-11-25 14:00:00+05:30,2022-11-25 14:05:00+05:30,2022-11-25 14:20:00+05:30,52.38,51.74250000000001,53.5275,-0.6375,L
S1599,PNB,2022-11-28 09:15:00+05:30,,,0,,1.7894,74.05,-0.3885,0,1.5089,0.0,2,1,0,0,0,2,3,2022-11-28 09:25:00+05:30,2022-11-28 09:30:00+05:30,2022-11-28 10:10:00+05:30,52.43,51.653214285714284,53.82821428571429,-0.7768,L
S1600,PNB,2022-11-28 09:40:00+05:30,-0.0182,,2,2.0,0.1696,0.0,2.0075,0,0.6027,,0,0,1,0,1,0,1,2022-11-28 09:40:00+05:30,2022-11-28 09:45:00+05:30,2022-11-28 14:15:00+05:30,52.24,51.25964285714286,54.00464285714286,-0.9804,L
S1601,PNB,2022-11-28 10:30:00+05:30,-0.178,-0.0875,0,,1.444,78.95,-0.8985,0,0.7946,1.0,3,1,0,1,0,3,4,2022-11-28 10:45:00+05:30,2022-11-28 10:50:00+05:30,2022-11-28 14:15:00+05:30,52.04,51.35785714285714,53.26785714285714,-0.6821,L
S1602,PNB,2022-11-28 11:30:00+05:30,-0.1775,-0.1118,0,,0.665,33.33,-0.6241,0,0.2666,0.0,3,0,1,1,0,3,4,2022-11-28 11:45:00+05:30,2022-11-28 11:50:00+05:30,2022-11-28 14:15:00+05:30,51.9,51.4,52.8,-0.5,L
S1603,PNB,2022-11-28 11:55:00+05:30,0.0145,-0.0839,0,,0.5533,50.0,-0.4475,0,0.5718,1.0,1,1,0,1,0,1,2,2022-11-28 12:00:00+05:30,2022-11-28 12:05:00+05:30,2022-11-28 14:10:00+05:30,51.94,51.53107142857143,52.676071428571426,-0.4089,L
S1604,PNB,2022-11-28 12:35:00+05:30,0.0,0.1445,6,5.0,0.2366,28.57,0.3699,0,0.771,,0,0,0,0,1,0,1,2022-11-28 12:35:00+05:30,2022-11-28 12:40:00+05:30,2022-11-28 14:15:00+05:30,51.85,51.464285714285715,52.54428571428572,-0.3857,L
S1605,PNB,2022-11-28 12:45:00+05:30,-0.0752,0.0751,0,,0.4868,47.37,-0.3464,0,0.684,,0,0,0,0,1,0,1,2022-11-28 12:45:00+05:30,2022-11-28 12:50:00+05:30,2022-11-28 14:10:00+05:30,51.94,51.54714285714285,52.64714285714286,-0.3929,L
S1606,PNB,2022-11-28 12:55:00+05:30,-0.0241,-0.0559,0,,0.5523,35.71,-0.4186,0,0.6003,0.0,2,0,1,0,0,2,3,2022-11-28 13:05:00+05:30,2022-11-28 13:10:00+05:30,2022-11-28 14:10:00+05:30,51.94,51.55071428571428,52.64071428571429,-0.3893,L
S1607,PNB,2022-11-29 11:25:00+05:30,-0.2291,-0.3257,0,,0.6741,52.63,-1.0,0,0.5345,0.0,3,0,1,0,0,3,4,2022-11-29 11:40:00+05:30,2022-11-29 11:45:00+05:30,2022-11-29 12:55:00+05:30,51.56,51.17428571428571,52.25428571428572,0.6943,W
S1608,PNB,2022-11-29 11:50:00+05:30,-0.0641,-0.1447,0,,0.4825,0.0,0.4085,0,0.5281,,0,0,0,0,1,0,1,2022-11-29 11:50:00+05:30,2022-11-29 11:55:00+05:30,2022-11-29 12:55:00+05:30,51.51,51.14214285714285,52.172142857142866,0.6621,W
S1609,PNB,2022-11-29 12:00:00+05:30,-0.0972,-0.0689,0,,0.9716,33.33,-0.2832,0,0.8111,,0,0,0,0,1,0,1,2022-11-29 12:00:00+05:30,2022-11-29 12:05:00+05:30,2022-11-29 12:55:00+05:30,51.46,51.10107142857142,52.10607142857144,0.6461,W
S1610,PNB,2022-11-29 12:10:00+05:30,-0.1079,-0.0836,0,,0.5357,50.0,-0.3333,0,0.731,,0,0,0,0,1,0,1,2022-11-29 12:10:00+05:30,2022-11-29 12:15:00+05:30,2022-11-29 12:55:00+05:30,51.46,51.10999999999999,52.09000000000001,0.63,W
S1611,PNB,2022-11-29 12:20:00+05:30,-0.0564,-0.1118,0,,0.5577,0.0,-0.3103,0,1.8981,1.0,1,1,1,0,0,1,2,2022-11-29 12:25:00+05:30,2022-11-29 12:30:00+05:30,2022-11-29 12:55:00+05:30,51.51,51.184999999999995,52.095000000000006,0.585,W
S1612,PNB,2022-11-29 13:45:00+05:30,0.2189,0.2462,14,9.0,0.4544,66.67,-0.5495,0,0.4469,0.0,3,0,0,0,0,3,4,2022-11-29 14:00:00+05:30,2022-11-29 14:05:00+05:30,2022-11-29 15:00:00+05:30,51.94,51.32928571428571,53.03928571428571,-0.48,EOD-
S1613,PNB,2022-11-29 14:10:00+05:30,0.2097,0.2062,0,,1.107,0.0,-0.1765,0,0.5445,1.0,1,0,0,0,0,1,2,2022-11-29 14:15:00+05:30,2022-11-29 14:20:00+05:30,2022-11-29 14:35:00+05:30,51.99,51.60607142857143,52.681071428571435,-0.3839,L
S1614,PNB,2022-11-30 12:50:00+05:30,-0.1104,-0.0725,0,,2.8099,66.67,-1.0,0,1.2188,0.0,3,0,0,0,0,3,4,2022-11-30 13:05:00+05:30,2022-11-30 13:10:00+05:30,2022-11-30 13:35:00+05:30,50.29,50.036428571428566,50.746428571428574,-0.2536,L
S1615,PNB,2022-11-30 14:05:00+05:30,-0.1457,-0.1595,0,,1.6135,50.0,-0.6923,0,0.5579,0.0,3,1,0,1,0,3,4,2022-11-30 14:20:00+05:30,2022-11-30 14:25:00+05:30,2022-11-30 14:55:00+05:30,50.05,49.79821428571429,50.50321428571427,-0.2518,L
S1616,PNB,2022-12-01 09:25:00+05:30,,,2,2.0,0.3629,74.36,-0.5556,0,1.1703,0.0,1,1,0,0,0,1,2,2022-12-01 09:30:00+05:30,2022-12-01 09:35:00+05:30,2022-12-01 14:45:00+05:30,50.1,49.325,51.495,1.395,W
S1617,PNB,2022-12-01 09:50:00+05:30,0.0579,,2,1.0,0.1277,73.68,0.2048,0,0.4327,,0,0,0,0,1,0,1,2022-12-01 09:50:00+05:30,2022-12-01 09:55:00+05:30,2022-12-01 14:50:00+05:30,50.1,49.2875,51.5625,1.4625,W
S1618,PNB,2022-12-01 10:00:00+05:30,0.018,0.0679,0,,0.274,0.0,0.1561,0,0.2859,,0,1,1,1,1,0,1,2022-12-01 10:00:00+05:30,2022-12-01 10:05:00+05:30,2022-12-01 14:50:00+05:30,50.15,49.36071428571429,51.57071428571428,1.4207,W
S1619,PNB,2022-12-01 11:35:00+05:30,0.1686,0.1648,17,15.0,0.7721,62.5,-0.3333,0,0.5484,0.0,1,1,0,0,0,1,2,2022-12-01 11:40:00+05:30,2022-12-01 11:45:00+05:30,2022-12-01 13:45:00+05:30,50.44,50.19714285714286,50.87714285714285,-0.2429,L
S1620,PNB,2022-12-01 11:50:00+05:30,0.1595,0.1686,0,,0.2031,50.0,-1.0,0,0.6488,,0,1,0,1,1,0,1,2022-12-01 11:50:00+05:30,2022-12-01 11:55:00+05:30,2022-12-01 13:25:00+05:30,50.49,50.25607142857143,50.91107142857143,-0.2339,L
S1621,PNB,2022-12-01 12:00:00+05:30,0.1258,0.1685,0,,0.3717,58.33,1.5974,0,2.3263,,0,0,0,1,1,0,1,2022-12-01 12:00:00+05:30,2022-12-01 12:05:00+05:30,2022-12-01 13:25:00+05:30,50.68,50.42107142857142,51.14607142857143,-0.2589,L
S1622,PNB,2022-12-01 12:55:00+05:30,0.0801,0.087,10,10.0,0.2043,44.44,-1.0,0,1.421,1.0,1,1,0,0,0,1,2,2022-12-01 13:00:00+05:30,2022-12-01 13:05:00+05:30,2022-12-01 13:25:00+05:30,50.58,50.2925,51.097500000000004,-0.2875,L
S1623,PNB,2022-12-01 13:55:00+05:30,-0.1843,-0.1128,0,,2.9795,73.68,-0.8795,0,3.9769,1.0,3,1,1,1,0,3,4,2022-12-01 14:10:00+05:30,2022-12-01 14:15:00+05:30,2022-12-01 14:25:00+05:30,50.63,50.28178571428571,51.256785714285726,0.6268,W
S1624,PNB,2022-12-02 09:25:00+05:30,,,2,2.0,0.121,60.0,0.5385,0,0.7167,,0,1,0,0,1,0,1,2022-12-02 09:25:00+05:30,2022-12-02 09:30:00+05:30,2022-12-02 15:00:00+05:30,51.31,50.63857142857143,52.51857142857143,1.2086,W
S1625,PNB,2022-12-02 11:10:00+05:30,0.3352,0.2745,19,14.0,0.1692,0.0,1.2727,0,0.4634,,0,0,0,0,1,0,1,2022-12-02 11:10:00+05:30,2022-12-02 11:15:00+05:30,2022-12-02 11:50:00+05:30,52.24,51.915,52.82500000000001,-0.325,L
S1626,PNB,2022-12-02 11:20:00+05:30,0.2995,0.321,0,,0.5818,0.0,-1.0,0,0.8183,1.0,1,0,0,0,0,1,2,2022-12-02 11:25:00+05:30,2022-12-02 11:30:00+05:30,2022-12-02 11:50:00+05:30,52.28,52.004999999999995,52.77500000000001,-0.275,L
S1627,PNB,2022-12-02 12:05:00+05:30,-0.1179,-0.0824,0,,2.1669,50.0,-0.7942,0,1.8993,1.0,3,0,1,0,0,3,4,2022-12-02 12:20:00+05:30,2022-12-02 12:25:00+05:30,2022-12-02 15:00:00+05:30,52.19,51.90964285714285,52.69464285714286,0.5046,W
S1628,PNB,2022-12-02 12:30:00+05:30,-0.1257,-0.1285,0,,0.5865,50.0,-0.3548,0,0.6179,,0,1,0,1,1,0,1,2022-12-02 12:30:00+05:30,2022-12-02 12:35:00+05:30,2022-12-02 15:00:00+05:30,52.14,51.809642857142855,52.734642857142866,0.29,EOD+
S1629,PNB,2022-12-02 13:20:00+05:30,0.0096,0.0048,8,8.0,0.2875,50.0,0.4493,0,0.3674,,0,0,0,1,1,0,1,2022-12-02 13:20:00+05:30,2022-12-02 13:25:00+05:30,2022-12-02 15:00:00+05:30,52.14,51.839999999999996,52.68000000000001,0.54,W
S1630,PNB,2022-12-02 13:30:00+05:30,0.0278,0.0144,0,,0.4255,100.0,-1.0,0,0.3763,1.0,1,0,0,1,0,1,2,2022-12-02 13:35:00+05:30,2022-12-02 13:40:00+05:30,2022-12-02 15:00:00+05:30,52.19,51.916785714285716,52.68178571428571,0.4918,W
S1631,PNB,2022-12-02 14:05:00+05:30,0.0096,0.0661,0,,0.9766,50.0,-1.0,0,1.5514,1.0,3,0,0,0,0,3,4,2022-12-02 14:20:00+05:30,2022-12-02 14:25:00+05:30,2022-12-02 15:00:00+05:30,52.09,51.79178571428572,52.62678571428571,0.5368,W
S1632,PNB,2022-12-02 14:30:00+05:30,-0.0422,-0.0288,0,,0.3461,33.33,0.1236,0,1.6328,,0,0,0,0,1,0,1,2022-12-02 14:30:00+05:30,2022-12-02 14:35:00+05:30,2022-12-02 15:00:00+05:30,52.19,51.86857142857143,52.76857142857142,0.24,EOD+
S1633,PNB,2022-12-05 09:50:00+05:30,0.2544,,7,6.0,0.0179,79.17,-1.0,0,0.5119,0.0,3,1,0,0,0,3,4,2022-12-05 10:05:00+05:30,2022-12-05 10:10:00+05:30,2022-12-05 10:55:00+05:30,52.53,51.972857142857144,53.53285714285715,1.0029,W
S1634,PNB,2022-12-05 10:15:00+05:30,0.1664,0.1743,0,,0.1917,74.36,0.2048,0,1.1221,,0,0,1,0,1,0,1,2022-12-05 10:15:00+05:30,2022-12-05 10:20:00+05:30,2022-12-05 15:00:00+05:30,52.92,52.378928571428574,53.893928571428575,0.63,EOD+
S1635,PNB,2022-12-05 11:40:00+05:30,0.3173,0.267,16,9.0,0.0,33.33,,1,0.3118,,0,1,0,1,1,0,1,2022-12-05 11:40:00+05:30,2022-12-05 11:45:00+05:30,2022-12-05 15:00:00+05:30,53.16,52.701071428571424,53.98607142857142,0.39,EOD+
S1636,PNB,2022-12-05 12:05:00+05:30,0.2329,0.3573,0,,0.5453,50.0,-1.0,0,0.616,1.0,3,1,0,1,0,3,4,2022-12-05 12:20:00+05:30,2022-12-05 12:25:00+05:30,2022-12-05 12:55:00+05:30,53.31,52.97071428571429,53.92071428571429,-0.3393,L
S1637,PNB,2022-12-05 12:30:00+05:30,0.0507,0.1464,0,,0.0084,100.0,-1.0,0,0.6395,1.0,1,0,0,1,0,1,2,2022-12-05 12:35:00+05:30,2022-12-05 12:40:00+05:30,2022-12-05 12:55:00+05:30,53.26,52.96178571428571,53.79678571428572,-0.2982,L
S1638,PNB,2022-12-05 13:10:00+05:30,-0.1279,-0.1005,0,,1.9631,55.56,-1.0,0,0.6686,0.0,3,0,0,1,0,3,4,2022-12-05 13:25:00+05:30,2022-12-05 13:30:00+05:30,2022-12-05 15:00:00+05:30,53.11,52.79035714285714,53.68535714285714,0.44,EOD+
S1639,PNB,2022-12-05 13:50:00+05:30,-0.0847,-0.0753,0,,1.0237,0.0,-0.7059,0,2.1741,1.0,3,0,0,0,0,3,4,2022-12-05 14:05:00+05:30,2022-12-05 14:10:00+05:30,2022-12-05 15:00:00+05:30,53.21,52.877857142857145,53.80785714285714,0.34,EOD+
S1640,PNB,2022-12-05 14:15:00+05:30,-0.0886,-0.0989,0,,0.35,33.33,1.0408,0,0.7082,,0,1,0,0,1,0,1,2022-12-05 14:15:00+05:30,2022-12-05 14:20:00+05:30,2022-12-05 15:00:00+05:30,53.16,52.809999999999995,53.78999999999999,0.39,EOD+
S1641,PNB,2022-12-06 09:15:00+05:30,,,0,,1.2165,0.0,0.825,0,4.4914,,0,1,0,0,1,0,1,2022-12-06 09:15:00+05:30,2022-12-06 09:20:00+05:30,2022-12-06 09:35:00+05:30,53.55,52.99821428571428,54.543214285714285,0.9932,W
S1642,PNB,2022-12-06 09:25:00+05:30,,,1,1.0,0.0433,11.36,28.5652,0,1.6989,,0,1,1,0,1,0,1,2022-12-06 09:25:00+05:30,2022-12-06 09:30:00+05:30,2022-12-06 09:40:00+05:30,53.84,53.17571428571429,55.035714285714285,1.1957,W
S1643,PNB,2022-12-06 12:00:00+05:30,-0.5518,-0.5767,0,,2.3087,51.72,-0.8521,0,1.0276,1.0,3,0,0,0,0,3,4,2022-12-06 12:15:00+05:30,2022-12-06 12:20:00+05:30,2022-12-06 14:40:00+05:30,54.47,53.811071428571424,55.65607142857143,-0.6589,L
S1644,PNB,2022-12-06 12:50:00+05:30,-0.1964,-0.2985,0,,0.9224,26.32,-0.375,0,0.4786,0.0,3,0,0,1,0,3,4,2022-12-06 13:05:00+05:30,2022-12-06 13:10:00+05:30,2022-12-06 15:00:00+05:30,54.28,53.67285714285715,55.37285714285714,-0.29,EOD-
S1645,PNB,2022-12-06 13:20:00+05:30,-0.0129,-0.156,2,2.0,0.2869,75.0,-1.0,0,0.3677,0.0,1,0,0,0,0,1,2,2022-12-06 13:25:00+05:30,2022-12-06 13:30:00+05:30,2022-12-06 15:00:00+05:30,54.23,53.724642857142854,55.13964285714285,-0.24,EOD-
S1646,PNB,2022-12-06 13:35:00+05:30,0.1125,-0.0129,0,,0.2686,50.0,-1.0,0,0.309,,0,0,0,1,1,0,1,2022-12-06 13:35:00+05:30,2022-12-06 13:40:00+05:30,2022-12-06 14:40:00+05:30,54.23,53.7925,55.01749999999999,-0.4375,L
S1647,PNB,2022-12-07 10:30:00+05:30,0.1981,0.2278,15,15.0,0.1635,0.0,1.8169,0,0.468,,0,0,1,0,1,0,1,2022-12-07 10:30:00+05:30,2022-12-07 10:35:00+05:30,2022-12-07 10:50:00+05:30,54.37,53.82714285714285,55.347142857142856,-0.5429,L
S1648,PNB,2022-12-07 11:35:00+05:30,-0.5365,-0.4819,0,,1.9007,58.33,-0.9119,0,0.4194,0.0,3,0,0,0,0,3,4,2022-12-07 11:50:00+05:30,2022-12-07 11:55:00+05:30,2022-12-07 15:00:00+05:30,53.69,52.943571428571424,55.03357142857143,0.44,EOD+
S1649,PNB,2022-12-07 12:00:00+05:30,-0.3489,-0.4833,0,,0.3183,52.63,-0.4475,0,0.4273,,0,0,1,0,1,0,1,2022-12-07 12:00:00+05:30,2022-12-07 12:05:00+05:30,2022-12-07 15:00:00+05:30,53.69,52.97928571428571,54.96928571428571,0.44,EOD+
S1650,PNB,2022-12-07 13:10:00+05:30,0.3603,0.3788,12,6.0,0.4674,65.52,0.005,0,1.6066,,0,1,0,0,1,0,1,2022-12-07 13:10:00+05:30,2022-12-07 13:15:00+05:30,2022-12-07 15:00:00+05:30,53.84,53.307857142857145,54.797857142857154,0.29,EOD+
S1651,PNB,2022-12-07 14:15:00+05:30,-0.0816,0.0176,0,,2.5835,26.32,-0.6089,0,2.048,1.0,3,0,0,0,0,3,4,2022-12-07 14:30:00+05:30,2022-12-07 14:35:00+05:30,2022-12-07 15:00:00+05:30,53.99,53.64357142857143,54.61357142857144,0.14,EOD+
S1652,PNB,2022-12-08 10:50:00+05:30,0.5381,0.4698,19,16.0,0.236,73.68,0.1364,0,0.3003,,0,0,0,1,1,0,1,2022-12-08 10:50:00+05:30,2022-12-08 10:55:00+05:30,2022-12-08 14:35:00+05:30,55.15,54.68392857142857,55.98892857142857,0.8389,W
S1653,PNB,2022-12-08 11:00:00+05:30,0.5326,0.5251,0,,0.0341,51.72,7.3333,0,0.9156,,0,1,0,1,1,0,1,2022-12-08 11:00:00+05:30,2022-12-08 11:05:00+05:30,2022-12-08 14:55:00+05:30,55.3,54.86071428571428,56.09071428571429,0.7907,W
S1654,PNB,2022-12-08 12:00:00+05:30,0.2008,0.1394,11,4.0,0.1546,50.0,0.8182,0,0.6632,,0,1,1,0,1,0,1,2022-12-08 12:00:00+05:30,2022-12-08 12:05:00+05:30,2022-12-08 14:55:00+05:30,55.35,54.90535714285714,56.15035714285715,0.8004,W
S1655,PNB,2022-12-08 12:40:00+05:30,-0.0036,0.0976,0,,2.2136,44.44,-1.0,0,0.505,0.0,3,0,0,1,0,3,4,2022-12-08 12:55:00+05:30,2022-12-08 13:00:00+05:30,2022-12-08 14:35:00+05:30,55.3,54.958928571428565,55.91392857142858,0.6139,W
S1656,PNB,2022-12-08 13:20:00+05:30,-0.1059,-0.0579,0,,1.0343,0.0,-0.6198,0,0.3553,0.0,3,1,0,1,0,3,4,2022-12-08 13:35:00+05:30,2022-12-08 13:40:00+05:30,2022-12-08 14:25:00+05:30,55.15,54.832142857142856,55.722142857142856,0.5721,W
S1657,PNB,2022-12-08 13:55:00+05:30,-0.0045,-0.0969,2,2.0,0.0,100.0,,1,0.6874,0.0,1,1,0,1,0,1,2,2022-12-08 14:00:00+05:30,2022-12-08 14:05:00+05:30,2022-12-08 14:35:00+05:30,55.2,54.85714285714286,55.81714285714286,0.6171,W
S1658,PNB,2022-12-08 14:10:00+05:30,0.0091,-0.0045,0,,0.0385,33.33,9.0,0,0.7196,,0,1,0,1,1,0,1,2022-12-08 14:10:00+05:30,2022-12-08 14:15:00+05:30,2022-12-08 14:35:00+05:30,55.3,54.974999999999994,55.885,0.585,W
S1659,PNB,2022-12-09 11:20:00+05:30,-0.2962,-0.1584,0,,1.8514,0.0,-0.7038,0,0.679,1.0,3,0,1,0,0,3,4,2022-12-09 11:35:00+05:30,2022-12-09 11:40:00+05:30,2022-12-09 12:10:00+05:30,56.8,56.11607142857142,58.03107142857143,-0.6839,L
S1660,PNB,2022-12-09 11:45:00+05:30,-0.258,-0.2364,0,,0.0778,48.72,6.3171,0,1.8672,,0,0,0,0,1,0,1,2022-12-09 11:45:00+05:30,2022-12-09 11:50:00+05:30,2022-12-09 12:00:00+05:30,56.9,56.24107142857143,58.08607142857142,-0.6589,L
S1661,PNB,2022-12-12 10:40:00+05:30,0.5151,0.722,17,11.0,0.281,48.28,0.2422,0,0.4652,,0,1,0,0,1,0,1,2022-12-12 10:40:00+05:30,2022-12-12 10:45:00+05:30,2022-12-12 14:45:00+05:30,55.59,54.87392857142857,56.87892857142858,1.2889,W
S1662,PNB,2022-12-12 10:50:00+05:30,0.479,0.5678,0,,0.1924,26.32,0.9149,0,0.3853,,0,0,1,0,1,0,1,2022-12-12 10:50:00+05:30,2022-12-12 10:55:00+05:30,2022-12-12 15:00:00+05:30,55.88,55.269285714285715,56.97928571428572,0.49,EOD+
S1663,PNB,2022-12-12 11:40:00+05:30,-0.1775,0.0349,0,,0.9852,64.29,-0.7076,0,0.4769,1.0,3,1,0,1,0,3,4,2022-12-12 11:55:00+05:30,2022-12-12 12:00:00+05:30,2022-12-12 14:40:00+05:30,55.73,55.29607142857142,56.51107142857143,0.7811,W
S1664,PNB,2022-12-12 13:20:00+05:30,0.1733,0.2083,15,8.0,0.2688,0.0,0.0989,0,0.9722,,0,0,1,1,1,0,1,2022-12-12 13:20:00+05:30,2022-12-12 13:25:00+05:30,2022-12-12 14:45:00+05:30,56.03,55.606785714285714,56.791785714285716,0.7618,W
S1665,PNB,2022-12-12 13:30:00+05:30,0.1473,0.1859,0,,1.053,25.0,-0.4269,0,0.7563,0.0,1,1,1,1,0,1,2,2022-12-12 13:35:00+05:30,2022-12-12 13:40:00+05:30,2022-12-12 14:45:00+05:30,56.12,55.70571428571428,56.86571428571428,0.7457,W
S1666,PNB,2022-12-12 13:45:00+05:30,0.1222,0.1473,1,1.0,0.0834,21.05,2.5714,0,1.2408,,0,0,1,0,1,0,1,2022-12-12 13:45:00+05:30,2022-12-12 13:50:00+05:30,2022-12-12 14:45:00+05:30,56.12,55.700357142857136,56.87535714285714,0.7554,W
S1667,PNB,2022-12-12 13:55:00+05:30,0.1141,0.1347,0,,0.245,64.29,-1.0,0,0.6943,,0,0,0,0,1,0,1,2022-12-12 13:55:00+05:30,2022-12-12 14:00:00+05:30,2022-12-12 14:45:00+05:30,56.12,55.72714285714285,56.82714285714285,0.7071,W
S1668,PNB,2022-12-12 14:05:00+05:30,0.0829,0.1097,1,1.0,0.3228,47.37,-0.0099,0,1.0163,,0,1,0,1,1,0,1,2022-12-12 14:05:00+05:30,2022-12-12 14:10:00+05:30,2022-12-12 14:45:00+05:30,56.17,55.77892857142857,56.87392857142857,0.7039,W
S1669,PNB,2022-12-12 14:20:00+05:30,0.0472,0.0829,2,2.0,0.0929,52.63,1.6667,0,1.2037,,0,1,0,0,1,0,1,2022-12-12 14:20:00+05:30,2022-12-12 14:25:00+05:30,2022-12-12 14:45:00+05:30,56.08,55.676428571428566,56.80642857142857,0.7264,W
S1670,PNB,2022-12-13 10:35:00+05:30,0.2892,0.2581,16,16.0,0.033,0.0,8.0909,0,0.4519,,0,0,0,0,1,0,1,2022-12-13 10:35:00+05:30,2022-12-13 10:40:00+05:30,2022-12-13 14:30:00+05:30,57.1,56.683928571428574,57.84892857142858,0.7489,W
S1671,PNB,2022-12-13 10:45:00+05:30,0.2688,0.2631,0,,1.0722,66.67,-0.6815,0,0.6111,0.0,1,0,0,1,0,1,2,2022-12-13 10:50:00+05:30,2022-12-13 10:55:00+05:30,2022-12-13 14:20:00+05:30,57.14,56.77392857142857,57.798928571428576,0.6589,W
S1672,PNB,2022-12-13 11:00:00+05:30,0.1033,0.2688,0,,0.8221,64.29,-0.5633,0,0.5986,0.0,1,1,1,1,0,1,2,2022-12-13 11:05:00+05:30,2022-12-13 11:10:00+05:30,2022-12-13 14:20:00+05:30,57.19,56.841785714285706,57.816785714285714,0.6268,W
S1673,PNB,2022-12-13 12:20:00+05:30,0.11,0.069,14,12.0,0.2682,50.0,0.2987,0,0.5955,,0,0,0,1,1,0,1,2022-12-13 12:20:00+05:30,2022-12-13 12:25:00+05:30,2022-12-13 14:30:00+05:30,57.24,56.88107142857143,57.88607142857143,0.6461,W
S1674,PNB,2022-12-13 12:45:00+05:30,0.0454,0.0838,0,,1.2654,50.0,-0.696,0,1.6601,1.0,3,0,0,0,0,3,4,2022-12-13 13:00:00+05:30,2022-12-13 13:05:00+05:30,2022-12-13 14:35:00+05:30,57.44,57.114999999999995,58.025,0.585,W
S1675,PNB,2022-12-13 13:20:00+05:30,0.014,-0.0122,3,3.0,0.0989,50.0,3.0,0,0.7215,,0,0,0,0,1,0,1,2022-12-13 13:20:00+05:30,2022-12-13 13:25:00+05:30,2022-12-13 14:30:00+05:30,57.34,57.02392857142858,57.90892857142857,0.5689,W
S1676,PNB,2022-12-13 13:30:00+05:30,0.0175,-0.0079,0,,0.1221,50.0,-1.0,0,1.1824,,0,0,0,0,1,0,1,2022-12-13 13:30:00+05:30,2022-12-13 13:35:00+05:30,2022-12-13 14:30:00+05:30,57.34,57.03285714285715,57.892857142857146,0.5529,W
S1677,PNB,2022-12-13 13:40:00+05:30,0.0131,0.0052,0,,0.1701,100.0,-1.0,0,2.1988,1.0,2,1,0,1,0,2,3,2022-12-13 13:50:00+05:30,2022-12-13 13:55:00+05:30,2022-12-13 14:30:00+05:30,57.39,57.13285714285714,57.85285714285714,0.4629,W
S1678,PNB,2022-12-13 14:05:00+05:30,0.0384,0.0,2,2.0,0.3197,0.0,1.5316,0,1.4223,,0,0,0,1,1,0,1,2022-12-13 14:05:00+05:30,2022-12-13 14:10:00+05:30,2022-12-13 14:30:00+05:30,57.39,57.081071428571434,57.94607142857143,0.5561,W
S1679,PNB,2022-12-13 14:15:00+05:30,0.082,0.0166,1,1.0,0.0605,50.0,6.1429,0,1.0561,,0,1,0,1,1,0,1,2022-12-13 14:15:00+05:30,2022-12-13 14:20:00+05:30,2022-12-13 14:30:00+05:30,57.44,57.15071428571429,57.960714285714275,0.5207,W
S1680,PNB,2022-12-14 09:15:00+05:30,,,0,,0.0655,66.67,10.1111,0,3.4183,,0,0,0,0,1,0,1,2022-12-14 09:15:00+05:30,2022-12-14 09:20:00+05:30,2022-12-14 09:20:00+05:30,58.02,57.33250000000001,59.25749999999999,-0.6875,L
S1681,PNB,2022-12-14 09:25:00+05:30,,,0,,1.7359,93.15,-1.0,0,1.1401,,0,0,0,0,1,0,1,2022-12-14 09:25:00+05:30,2022-12-14 09:30:00+05:30,2022-12-14 09:35:00+05:30,57.97,57.08428571428571,59.56428571428571,-0.8857,L
S1682,PNB,2022-12-14 10:20:00+05:30,-0.4357,-0.3965,0,,0.7679,73.53,-0.899,0,0.4777,0.0,3,1,0,1,0,3,4,2022-12-14 10:35:00+05:30,2022-12-14 10:40:00+05:30,2022-12-14 15:00:00+05:30,57.53,56.24071428571428,59.85071428571429,0.25,EOD+
S1683,PNB,2022-12-14 11:00:00+05:30,-0.2726,-0.3447,4,4.0,0.1241,0.0,2.2787,0,0.3011,,0,0,0,0,1,0,1,2022-12-14 11:00:00+05:30,2022-12-14 11:05:00+05:30,2022-12-14 12:35:00+05:30,57.19,56.575714285714284,58.29571428571428,1.1057,W
S1684,PNB,2022-12-14 11:10:00+05:30,-0.23,-0.3277,0,,0.1215,0.0,2.7037,0,0.283,,0,1,0,1,1,0,1,2022-12-14 11:10:00+05:30,2022-12-14 11:15:00+05:30,2022-12-14 12:25:00+05:30,57.19,56.63464285714286,58.18964285714286,0.9996,W
S1685,PNB,2022-12-14 11:20:00+05:30,-0.021,-0.2816,0,,0.0884,25.0,4.4054,0,0.4035,,0,0,0,1,1,0,1,2022-12-14 11:20:00+05:30,2022-12-14 11:25:00+05:30,2022-12-14 12:35:00+05:30,57.34,56.816785714285714,58.28178571428572,0.9418,W
S1686,PNB,2022-12-14 11:55:00+05:30,0.2379,0.212,6,4.0,0.1959,0.0,0.4706,0,0.5171,,0,1,0,1,1,0,1,2022-12-14 11:55:00+05:30,2022-12-14 12:00:00+05:30,2022-12-14 12:25:00+05:30,57.39,56.956071428571434,58.17107142857142,0.7811,W
S1687,PNB,2022-12-14 13:35:00+05:30,0.2895,0.2943,19,12.0,0.5416,0.0,0.2712,0,0.4601,,0,1,0,1,1,0,1,2022-12-14 13:35:00+05:30,2022-12-14 13:40:00+05:30,2022-12-14 14:40:00+05:30,58.02,57.47535714285715,59.00035714285713,-0.5446,L
S1688,PNB,2022-12-14 13:45:00+05:30,0.2634,0.2983,0,,0.511,100.0,-1.0,0,0.4784,0.0,2,1,0,1,0,2,3,2022-12-14 13:55:00+05:30,2022-12-14 14:00:00+05:30,2022-12-14 14:40:00+05:30,58.12,57.53785714285715,59.16785714285713,-0.5821,L
S1689,PNB,2022-12-14 14:20:00+05:30,0.0327,0.1135,3,2.0,0.0616,62.5,1.6667,0,0.815,,0,0,0,0,1,0,1,2022-12-14 14:20:00+05:30,2022-12-14 14:25:00+05:30,2022-12-14 14:40:00+05:30,58.16,57.551071428571426,59.25607142857142,-0.6089,L
S1690,PNB,2022-12-15 09:15:00+05:30,,,0,,1.7183,61.26,-0.6215,0,3.3074,,0,1,1,0,1,0,1,2022-12-15 09:15:00+05:30,2022-12-15 09:20:00+05:30,2022-12-15 10:00:00+05:30,58.31,57.57964285714286,59.62464285714286,1.3146,W
S1691,PNB,2022-12-15 13:55:00+05:30,-0.1695,-0.1318,0,,2.1867,88.64,-0.9009,0,1.1516,0.0,3,0,0,0,0,3,4,2022-12-15 14:10:00+05:30,2022-12-15 14:15:00+05:30,2022-12-15 14:30:00+05:30,58.75,58.17321428571428,59.78821428571429,-0.5768,L
S1692,PNB,2022-12-16 09:15:00+05:30,,,0,,3.2508,39.08,-0.5677,0,2.5416,1.0,1,0,0,0,0,1,2,2022-12-16 09:20:00+05:30,2022-12-16 09:25:00+05:30,2022-12-16 09:40:00+05:30,58.26,57.317142857142855,59.957142857142856,-0.9429,L
S1693,PNB,2022-12-16 09:30:00+05:30,,,0,,0.0229,41.18,19.0,0,0.8199,,0,0,0,0,1,0,1,2022-12-16 09:30:00+05:30,2022-12-16 09:35:00+05:30,2022-12-16 09:45:00+05:30,58.21,57.11892857142857,60.173928571428576,-1.0911,L
S1694,PNB,2022-12-16 11:25:00+05:30,-0.8765,-1.0542,0,,0.5974,42.86,-0.5652,0,0.5083,1.0,3,0,0,0,0,3,4,2022-12-16 11:40:00+05:30,2022-12-16 11:45:00+05:30,2022-12-16 15:00:00+05:30,55.98,55.01749999999999,57.7125,-0.68,EOD-
S1695,PNB,2022-12-16 11:55:00+05:30,-0.287,-0.5574,2,2.0,0.4568,85.29,-0.6753,0,0.2832,0.0,2,0,0,1,0,2,3,2022-12-16 12:05:00+05:30,2022-12-16 12:10:00+05:30,2022-12-16 15:00:00+05:30,55.88,55.037142857142854,57.39714285714287,-0.58,EOD-
S1696,PNB,2022-12-16 13:10:00+05:30,0.1267,0.2963,12,5.0,0.0715,28.57,1.9412,0,0.4119,,0,1,0,1,1,0,1,2022-12-16 13:10:00+05:30,2022-12-16 13:15:00+05:30,2022-12-16 14:25:00+05:30,56.03,55.43535714285714,57.10035714285715,-0.5946,L
S1697,PNB,2022-12-19 10:15:00+05:30,-0.2694,-0.4098,0,,0.9213,0.0,-0.3522,0,0.408,1.0,3,0,1,1,0,3,4,2022-12-19 10:30:00+05:30,2022-12-19 10:35:00+05:30,2022-12-19 15:00:00+05:30,55.05,54.04464285714286,56.859642857142845,-0.34,EOD-
S1698,PNB,2022-12-19 10:55:00+05:30,-0.0091,-0.1112,3,2.0,0.0635,79.17,1.9412,0,0.5438,,0,1,1,1,1,0,1,2022-12-19 10:55:00+05:30,2022-12-19 11:00:00+05:30,2022-12-19 12:40:00+05:30,54.96,54.29035714285714,56.16535714285715,-0.6696,L
S1699,PNB,2022-12-19 11:25:00+05:30,0.0665,-0.0264,4,4.0,0.2399,58.33,0.0204,0,0.5001,,0,0,0,1,1,0,1,2022-12-19 11:25:00+05:30,2022-12-19 11:30:00+05:30,2022-12-19 12:35:00+05:30,55.01,54.49928571428571,55.92928571428572,-0.5107,L
S1700,PNB,2022-12-19 11:35:00+05:30,0.1855,0.01,1,1.0,0.0602,64.29,3.1667,0,0.3271,,0,0,0,1,1,0,1,2022-12-19 11:35:00+05:30,2022-12-19 11:40:00+05:30,2022-12-19 12:30:00+05:30,55.1,54.60178571428571,55.99678571428572,-0.4982,L
S1701,PNB,2022-12-19 13:25:00+05:30,-0.3678,-0.3561,0,,1.5534,50.0,-0.8205,0,1.0731,1.0,3,0,0,0,0,3,4,2022-12-19 13:40:00+05:30,2022-12-19 13:45:00+05:30,2022-12-19 15:00:00+05:30,54.52,54.07178571428572,55.32678571428571,0.19,EOD+
S1702,PNB,2022-12-19 13:55:00+05:30,-0.1645,-0.2756,1,1.0,0.1423,66.67,1.0408,0,0.4294,,0,0,0,1,1,0,1,2022-12-19 13:55:00+05:30,2022-12-19 14:00:00+05:30,2022-12-19 15:00:00+05:30,54.37,53.93964285714286,55.144642857142856,0.34,EOD+
S1703,PNB,2022-12-20 11:50:00+05:30,-0.0366,-0.123,0,,1.4697,35.71,-0.6443,0,1.0488,1.0,3,0,1,0,0,3,4,2022-12-20 12:05:00+05:30,2022-12-20 12:10:00+05:30,2022-12-20 15:00:00+05:30,53.31,52.87964285714286,54.08464285714285,0.29,EOD+
S1704,PNB,2022-12-20 12:15:00+05:30,-0.0912,-0.0507,0,,0.6026,0.0,0.31,0,0.7481,,0,1,0,1,1,0,1,2022-12-20 12:15:00+05:30,2022-12-20 12:20:00+05:30,2022-12-20 15:00:00+05:30,53.21,52.735,54.065,0.39,EOD+
S1705,PNB,2022-12-20 12:45:00+05:30,0.0508,-0.0687,4,4.0,0.1553,26.32,2.3898,0,0.5961,,0,0,0,0,1,0,1,2022-12-20 12:45:00+05:30,2022-12-20 12:50:00+05:30,2022-12-20 15:00:00+05:30,53.16,52.684999999999995,54.015,0.44,EOD+
S1706,PNB,2022-12-20 12:55:00+05:30,0.0329,0.0094,0,,0.4074,33.33,-1.0,0,0.7701,1.0,1,0,0,0,0,1,2,2022-12-20 13:00:00+05:30,2022-12-20 13:05:00+05:30,2022-12-20 15:00:00+05:30,53.26,52.80285714285714,54.082857142857144,0.34,EOD+
S1707,PNB,2022-12-20 13:55:00+05:30,-0.0103,0.0132,0,,1.3552,50.0,-0.6997,0,1.7107,1.0,3,1,0,1,0,3,4,2022-12-20 14:10:00+05:30,2022-12-20 14:15:00+05:30,2022-12-20 14:50:00+05:30,53.21,52.902857142857144,53.76285714285714,0.5529,W
S1708,PNB,2022-12-21 10:35:00+05:30,0.3901,0.6095,0,,1.0411,66.67,-0.8106,0,0.8485,1.0,3,0,1,0,0,3,4,2022-12-21 10:50:00+05:30,2022-12-21 10:55:00+05:30,2022-12-21 12:15:00+05:30,55.01,54.37607142857143,56.15107142857142,-0.6339,L
S1709,PNB,2022-12-21 11:00:00+05:30,0.2251,0.3002,0,,0.7955,41.67,-0.52,0,0.2006,0.0,1,0,0,1,0,1,2,2022-12-21 11:05:00+05:30,2022-12-21 11:10:00+05:30,2022-12-21 12:20:00+05:30,54.86,54.27071428571429,55.920714285714276,-0.5893,L
S1710,PNB,2022-12-21 11:15:00+05:30,-0.0666,0.2251,0,,0.6067,52.63,-0.3407,0,0.2856,,0,1,0,1,1,0,1,2022-12-21 11:15:00+05:30,2022-12-21 11:20:00+05:30,2022-12-21 12:20:00+05:30,54.81,54.24750000000001,55.8225,-0.5625,L
S1711,PNB,2022-12-21 11:25:00+05:30,-0.1287,0.0538,1,1.0,0.1196,33.33,0.8519,0,0.2677,,0,0,0,1,1,0,1,2022-12-21 11:25:00+05:30,2022-12-21 11:30:00+05:30,2022-12-21 12:20:00+05:30,54.81,54.24571428571429,55.82571428571428,-0.5643,L
S1712,PNB,2022-12-21 11:35:00+05:30,-0.0758,-0.1104,0,,0.3892,33.33,-0.3289,0,0.4011,,0,1,1,1,1,0,1,2022-12-21 11:35:00+05:30,2022-12-21 11:40:00+05:30,2022-12-21 12:15:00+05:30,54.86,54.38142857142858,55.72142857142856,-0.4786,L
S1713,PNB,2022-12-22 09:25:00+05:30,,,2,2.0,0.4411,73.91,-0.1828,0,1.3417,0.0,1,0,0,1,0,1,2,2022-12-22 09:30:00+05:30,2022-12-22 09:35:00+05:30,2022-12-22 15:00:00+05:30,52.33,51.012142857142855,54.70214285714286,-0.34,EOD-
S1714,PNB,2022-12-22 09:40:00+05:30,0.2658,,0,,0.9135,44.12,-0.7041,0,1.9149,1.0,1,0,0,0,0,1,2,2022-12-22 09:45:00+05:30,2022-12-22 09:50:00+05:30,2022-12-22 10:30:00+05:30,52.82,51.432500000000005,55.317499999999995,-1.3875,L
S1715,PNB,2022-12-22 11:00:00+05:30,-0.1625,-0.0413,0,,1.2628,82.76,-1.0,0,0.9831,1.0,3,0,0,0,0,3,4,2022-12-22 11:15:00+05:30,2022-12-22 11:20:00+05:30,2022-12-22 12:45:00+05:30,52.24,51.33821428571429,53.86321428571429,-0.9018,L
S1716,PNB,2022-12-22 11:25:00+05:30,-0.1261,-0.2751,0,,0.6972,61.54,-0.8,0,0.864,0.0,2,0,1,1,0,2,3,2022-12-22 11:35:00+05:30,2022-12-22 11:40:00+05:30,2022-12-22 15:00:00+05:30,51.99,51.09357142857143,53.603571428571435,0.0,EOD-
S1717,PNB,2022-12-22 12:05:00+05:30,-0.1787,-0.2867,0,,0.5485,0.0,-0.6825,0,0.9135,1.0,3,0,1,0,0,3,4,2022-12-22 12:20:00+05:30,2022-12-22 12:25:00+05:30,2022-12-22 12:45:00+05:30,51.99,51.27214285714286,53.28214285714286,-0.7179,L
S1718,PNB,2022-12-22 12:50:00+05:30,-0.0145,0.1158,0,,2.1411,64.1,-0.7762,0,0.8781,0.0,3,1,0,1,0,3,4,2022-12-22 13:05:00+05:30,2022-12-22 13:10:00+05:30,2022-12-22 15:00:00+05:30,51.75,51.019642857142856,53.06464285714286,0.24,EOD+
S1719,PNB,2022-12-22 13:25:00+05:30,0.0193,-0.2069,2,1.0,0.237,20.0,1.0,0,0.854,,0,0,0,0,1,0,1,2022-12-22 13:25:00+05:30,2022-12-22 13:30:00+05:30,2022-12-22 15:00:00+05:30,51.7,50.90892857142857,53.123928571428586,0.29,EOD+
S1720,PNB,2022-12-22 13:35:00+05:30,0.0242,-0.0464,0,,0.1061,0.0,2.0769,0,0.6508,,0,1,0,0,1,0,1,2022-12-22 13:35:00+05:30,2022-12-22 13:40:00+05:30,2022-12-22 15:00:00+05:30,51.75,50.98392857142857,53.12892857142858,0.24,EOD+
S1721,PNB,2022-12-22 13:45:00+05:30,0.0811,0.0242,0,,0.0468,70.59,5.8966,0,0.8361,,0,1,0,1,1,0,1,2022-12-22 13:45:00+05:30,2022-12-22 13:50:00+05:30,2022-12-22 15:00:00+05:30,52.09,51.315,53.48500000000001,-0.1,EOD-
S1722,PNB,2022-12-23 12:05:00+05:30,-0.4315,-0.5205,0,,2.1414,26.32,-0.8243,0,0.8974,1.0,3,0,0,0,0,3,4,2022-12-23 12:20:00+05:30,2022-12-23 12:25:00+05:30,2022-12-23 13:50:00+05:30,49.81,49.14571428571429,51.005714285714284,-0.6643,L
S1723,PNB,2022-12-23 12:30:00+05:30,-0.1896,-0.368,0,,0.1361,0.0,1.6087,0,0.7774,,0,1,0,1,1,0,1,2022-12-23 12:30:00+05:30,2022-12-23 12:35:00+05:30,2022-12-23 13:50:00+05:30,49.9,49.26607142857143,51.04107142857143,-0.6339,L
S1724,PNB,2022-12-23 12:40:00+05:30,-0.1365,-0.2618,1,1.0,0.3462,65.52,-0.4475,0,0.4141,0.0,1,0,0,0,0,1,2,2022-12-23 12:45:00+05:30,2022-12-23 12:50:00+05:30,2022-12-23 13:50:00+05:30,49.81,49.15642857142857,50.986428571428576,-0.6536,L
S1725,PNB,2022-12-23 12:55:00+05:30,-0.2252,-0.1365,1,1.0,0.3012,41.18,1.069,0,0.8146,,0,0,0,0,1,0,1,2022-12-23 12:55:00+05:30,2022-12-23 13:00:00+05:30,2022-12-23 13:35:00+05:30,49.95,49.348214285714285,51.03321428571429,-0.6018,L
S1726,PNB,2022-12-26 09:15:00+05:30,,,0,,2.3267,68.16,-0.5197,0,3.254,,0,1,0,0,1,0,1,2022-12-26 09:15:00+05:30,2022-12-26 09:20:00+05:30,2022-12-26 14:20:00+05:30,49.52,48.33428571428572,51.65428571428571,2.1343,W
S1727,PNB,2022-12-26 12:25:00+05:30,0.3897,0.466,37,8.0,0.911,82.76,-1.0,0,0.6221,0.0,2,0,0,1,0,2,3,2022-12-26 12:35:00+05:30,2022-12-26 12:40:00+05:30,2022-12-26 14:35:00+05:30,51.07,50.54857142857143,52.00857142857143,0.9386,W
S1728,PNB,2022-12-26 12:45:00+05:30,0.2199,0.3474,0,,0.6975,41.67,-0.2883,0,0.6209,,0,0,0,0,1,0,1,2022-12-26 12:45:00+05:30,2022-12-26 12:50:00+05:30,2022-12-26 14:45:00+05:30,51.22,50.71642857142857,52.12642857142857,0.9064,W
S1729,PNB,2022-12-26 12:55:00+05:30,0.2392,0.2435,0,,0.1868,74.36,-1.0,0,2.5514,,0,0,0,0,1,0,1,2022-12-26 12:55:00+05:30,2022-12-26 13:00:00+05:30,2022-12-26 13:15:00+05:30,51.41,50.88142857142857,52.36142857142857,-0.5286,L
S1730,PNB,2022-12-26 13:10:00+05:30,0.0908,0.2392,0,,1.0635,0.0,-0.3671,0,1.2636,1.0,3,1,0,0,0,3,4,2022-12-26 13:25:00+05:30,2022-12-26 13:30:00+05:30,2022-12-26 14:45:00+05:30,51.17,50.612857142857145,52.17285714285715,1.0029,W
S1731,PNB,2022-12-26 13:50:00+05:30,0.0,-0.0958,4,1.0,0.1871,35.71,0.2346,0,0.9659,,0,0,0,0,1,0,1,2022-12-26 13:50:00+05:30,2022-12-26 13:55:00+05:30,2022-12-26 14:45:00+05:30,51.17,50.628928571428574,52.14392857142857,0.9739,W
S1732,PNB,2022-12-26 14:00:00+05:30,0.0098,-0.0049,0,,0.198,37.5,1.3256,0,1.0267,,0,1,0,0,1,0,1,2022-12-26 14:00:00+05:30,2022-12-26 14:05:00+05:30,2022-12-26 14:50:00+05:30,51.26,50.71714285714285,52.23714285714285,0.9771,W
S1733,PNB,2022-12-27 09:30:00+05:30,,,3,2.0,0.2346,48.04,2.4921,0,1.8026,,0,0,1,0,1,0,1,2022-12-27 09:30:00+05:30,2022-12-27 09:35:00+05:30,2022-12-27 15:00:00+05:30,52.53,51.18714285714285,54.947142857142865,0.14,EOD+
S1734,PNB,2022-12-27 09:45:00+05:30,0.443,,1,1.0,0.3815,54.55,-0.7738,0,0.6459,1.0,2,0,0,0,0,2,3,2022-12-27 09:55:00+05:30,2022-12-27 10:00:00+05:30,2022-12-27 15:00:00+05:30,52.43,50.981785714285714,55.03678571428572,0.24,EOD+
S1735,PNB,2022-12-27 10:05:00+05:30,0.2454,0.3261,0,,0.2112,90.7,-1.0,0,0.3396,,0,1,1,1,1,0,1,2022-12-27 10:05:00+05:30,2022-12-27 10:10:00+05:30,2022-12-27 15:00:00+05:30,52.67,51.16107142857143,55.386071428571434,0.0,EOD-
S1736,PNB,2022-12-27 10:15:00+05:30,0.2299,0.2456,1,1.0,0.0398,100.0,-1.0,0,0.3283,0.0,1,1,1,1,0,1,2,2022-12-27 10:20:00+05:30,2022-12-27 10:25:00+05:30,2022-12-27 15:00:00+05:30,52.63,51.155,55.285000000000004,0.04,EOD+
S1737,PNB,2022-12-27 10:45:00+05:30,0.3829,0.2533,4,2.0,0.1246,47.37,0.1905,0,0.3161,,0,1,1,0,1,0,1,2022-12-27 10:45:00+05:30,2022-12-27 10:50:00+05:30,2022-12-27 15:00:00+05:30,52.67,51.82714285714286,54.18714285714286,0.0,EOD-
S1738,PNB,2022-12-27 10:55:00+05:30,0.2043,0.3736,0,,0.0987,64.29,0.7857,0,0.2564,,0,0,0,1,1,0,1,2022-12-27 10:55:00+05:30,2022-12-27 11:00:00+05:30,2022-12-27 15:00:00+05:30,52.63,51.92107142857143,53.90607142857144,0.04,EOD+
S1739,PNB,2022-12-27 11:10:00+05:30,-0.1694,0.2043,1,1.0,0.6491,0.0,0.3072,0,0.8185,,0,0,0,0,1,0,1,2022-12-27 11:10:00+05:30,2022-12-27 11:15:00+05:30,2022-12-27 15:00:00+05:30,52.58,51.990714285714276,53.640714285714296,0.09,EOD+
S1740,PNB,2022-12-27 13:05:00+05:30,-0.1395,-0.1862,0,,0.5448,44.44,-1.0,0,1.3033,1.0,3,0,0,0,0,3,4,2022-12-27 13:20:00+05:30,2022-12-27 13:25:00+05:30,2022-12-27 15:00:00+05:30,52.33,51.98357142857143,52.95357142857142,0.34,EOD+
S1741,PNB,2022-12-27 13:30:00+05:30,-0.0555,-0.0966,0,,0.0464,50.0,-1.0,0,1.4029,1.0,1,0,0,0,0,1,2,2022-12-27 13:35:00+05:30,2022-12-27 13:40:00+05:30,2022-12-27 15:00:00+05:30,52.38,52.03,53.01,0.29,EOD+
S1742,PNB,2022-12-27 14:25:00+05:30,0.2088,0.188,9,3.0,0.3405,0.0,1.381,0,2.1365,,0,0,0,0,1,0,1,2022-12-27 14:25:00+05:30,2022-12-27 14:30:00+05:30,2022-12-27 15:00:00+05:30,52.48,52.0175,53.31249999999999,0.19,EOD+
S1743,PNB,2022-12-28 09:35:00+05:30,,,0,,2.6036,67.44,-0.7753,0,0.8903,0.0,3,1,1,0,0,3,4,2022-12-28 09:50:00+05:30,2022-12-28 09:55:00+05:30,2022-12-28 10:45:00+05:30,52.58,51.981785714285714,53.65678571428571,1.0768,W
S1744,PNB,2022-12-28 10:00:00+05:30,-0.0419,-0.2372,0,,0.0733,35.9,3.7619,0,1.2722,,0,1,1,1,1,0,1,2022-12-28 10:00:00+05:30,2022-12-28 10:05:00+05:30,2022-12-28 11:10:00+05:30,52.77,52.05392857142858,54.058928571428574,1.2889,W
S1745,PNB,2022-12-28 13:20:00+05:30,-0.2758,-0.2437,0,,2.1788,31.03,-0.8904,0,1.3354,1.0,3,1,0,0,0,3,4,2022-12-28 13:35:00+05:30,2022-12-28 13:40:00+05:30,2022-12-28 15:00:00+05:30,53.65,53.12678571428571,54.59178571428572,-0.15,EOD-
S1746,PNB,2022-12-29 11:20:00+05:30,-0.2515,-0.3526,0,,0.9873,50.0,-0.7354,0,0.5568,1.0,3,1,0,1,0,3,4,2022-12-29 11:35:00+05:30,2022-12-29 11:40:00+05:30,2022-12-29 14:50:00+05:30,52.38,51.901428571428575,53.24142857142857,0.8614,W
S1747,PNB,2022-12-29 14:10:00+05:30,0.2179,0.1755,30,5.0,0.0424,37.5,20.4286,0,1.1279,,0,0,0,0,1,0,1,2022-12-29 14:10:00+05:30,2022-12-29 14:15:00+05:30,2022-12-29 15:00:00+05:30,52.92,52.50750000000001,53.662499999999994,0.39,EOD+
S1748,PNB,2022-12-29 14:30:00+05:30,0.1372,0.2036,2,1.0,0.3733,0.0,0.6667,0,0.9194,,0,1,0,1,1,0,1,2022-12-29 14:30:00+05:30,2022-12-29 14:35:00+05:30,2022-12-29 15:00:00+05:30,52.87,52.46821428571428,53.59321428571428,0.7232,W
S1749,PNB,2022-12-30 10:55:00+05:30,0.4641,0.7478,20,5.0,0.1201,58.33,0.5625,0,0.6361,,0,0,1,0,1,0,1,2022-12-30 10:55:00+05:30,2022-12-30 11:00:00+05:30,2022-12-30 15:00:00+05:30,55.01,54.34392857142857,56.20892857142857,0.34,EOD+
S1750,PNB,2022-12-30 11:45:00+05:30,0.0618,0.0973,0,,1.5912,66.67,-0.8308,0,1.0191,1.0,3,1,0,0,0,3,4,2022-12-30 12:00:00+05:30,2022-12-30 12:05:00+05:30,2022-12-30 15:00:00+05:30,54.96,54.495714285714286,55.79571428571429,0.39,EOD+
S1751,PNB,2022-12-30 12:10:00+05:30,-0.1447,-0.0309,0,,0.3568,47.37,0.5152,0,0.6918,,0,1,0,0,1,0,1,2022-12-30 12:10:00+05:30,2022-12-30 12:15:00+05:30,2022-12-30 15:00:00+05:30,54.91,54.4475,55.74249999999999,0.44,EOD+
S1752,PNB,2022-12-30 12:20:00+05:30,-0.1448,-0.1056,0,,0.1806,73.68,0.5625,0,0.6852,,0,0,1,0,1,0,1,2022-12-30 12:20:00+05:30,2022-12-30 12:25:00+05:30,2022-12-30 15:00:00+05:30,54.96,54.51714285714286,55.75714285714286,0.39,EOD+
S1753,PNB,2022-12-30 12:30:00+05:30,-0.1413,-0.1493,0,,0.3254,0.0,-0.0566,0,0.2704,0.0,1,0,0,1,0,1,2,2022-12-30 12:35:00+05:30,2022-12-30 12:40:00+05:30,2022-12-30 15:00:00+05:30,54.96,54.55285714285714,55.69285714285714,0.39,EOD+
S1754,PNB,2022-12-30 13:00:00+05:30,0.0619,-0.0392,4,2.0,0.4579,74.36,-1.0,0,1.5457,0.0,1,0,0,0,0,1,2,2022-12-30 13:05:00+05:30,2022-12-30 13:10:00+05:30,2022-12-30 15:00:00+05:30,54.91,54.434999999999995,55.765,0.44,EOD+
S1755,PNB,2022-12-30 13:15:00+05:30,0.0537,0.0619,0,,0.8546,33.33,-0.3421,0,0.9397,1.0,2,0,0,0,0,2,3,2022-12-30 13:25:00+05:30,2022-12-30 13:30:00+05:30,2022-12-30 15:00:00+05:30,54.91,54.465357142857144,55.710357142857134,0.44,EOD+
S1756,PNB,2022-12-30 13:35:00+05:30,0.0719,0.0273,0,,0.4964,0.0,-0.4382,0,1.2859,1.0,2,0,0,1,0,2,3,2022-12-30 13:45:00+05:30,2022-12-30 13:50:00+05:30,2022-12-30 15:00:00+05:30,55.01,54.56178571428571,55.81678571428571,0.34,EOD+
S1757,PNB,2022-12-30 13:55:00+05:30,-0.0146,0.0628,0,,0.8867,50.0,-1.0,0,2.0245,1.0,3,0,0,0,0,3,4,2022-12-30 14:10:00+05:30,2022-12-30 14:15:00+05:30,2022-12-30 15:00:00+05:30,55.01,54.527857142857144,55.87785714285714,0.34,EOD+
S1758,PNB,2022-12-30 14:25:00+05:30,0.0228,-0.0182,2,1.0,0.1635,73.68,-1.0,0,0.8424,0.0,1,1,0,1,0,1,2,2022-12-30 14:30:00+05:30,2022-12-30 14:35:00+05:30,2022-12-30 15:00:00+05:30,54.96,54.52428571428572,55.744285714285716,0.39,EOD+
