signal_id,stock,datetime,p01,p02,p03,p04,p05,p06,p07,p07_na,p08,p09,p10,p11,p12,same_candle_tb,bounce_bar_index,entry_bar_index,bounce_datetime,entry_datetime,exit_datetime,entry_price,sl,target,pnl,outcome
S001,WIPRO,2024-01-01 11:00:00+05:30,0.0089,-0.049,2,2.0,0.0923,42.86,0.6667,0,1.3159,,0,0,0,1,0,1,2024-01-01 11:00:00+05:30,2024-01-01 11:05:00+05:30,2024-01-01 11:15:00+05:30,224.65,223.8375,226.1125,1.4625,W
S002,WIPRO,2024-01-01 12:05:00+05:30,0.1817,0.1907,11,10.0,0.0043,0.0,159.0,0,0.7928,,0,0,0,1,0,1,2024-01-01 12:05:00+05:30,2024-01-01 12:10:00+05:30,2024-01-01 12:45:00+05:30,226.05,224.60357142857143,228.65357142857144,2.6036,W
S003,WIPRO,2024-01-01 14:30:00+05:30,0.2579,0.4357,28,4.0,0.1151,50.0,0.6667,0,0.6185,,0,1,1,1,0,1,2024-01-01 14:30:00+05:30,2024-01-01 14:35:00+05:30,2024-01-01 15:00:00+05:30,229.8,228.49642857142857,232.1464285714286,0.25,EOD+
S004,WIPRO,2024-01-02 11:50:00+05:30,-0.3355,-0.3682,0,,2.3183,80.0,-0.9402,0,0.4777,0.0,3,0,1,0,3,4,2024-01-02 12:05:00+05:30,2024-01-02 12:10:00+05:30,2024-01-02 15:00:00+05:30,223.4,221.5964285714286,226.64642857142852,0.65,EOD+
S005,WIPRO,2024-01-02 12:15:00+05:30,-0.1041,-0.3112,0,,0.2292,80.0,-0.2857,0,0.635,,0,0,0,1,0,1,2024-01-02 12:15:00+05:30,2024-01-02 12:20:00+05:30,2024-01-02 15:00:00+05:30,223.5,221.9732142857143,226.24821428571423,0.55,EOD+
S006,WIPRO,2024-01-02 13:00:00+05:30,0.0078,-0.0269,8,2.0,1.0398,92.86,-0.8693,0,0.5819,0.0,3,0,1,0,3,4,2024-01-02 13:15:00+05:30,2024-01-02 13:20:00+05:30,2024-01-02 15:00:00+05:30,223.5,222.58035714285717,225.15535714285716,0.55,EOD+
S007,WIPRO,2024-01-02 13:25:00+05:30,0.0537,-0.0123,0,,0.1278,64.29,-0.0476,0,1.046,,0,0,1,1,0,1,2024-01-02 13:25:00+05:30,2024-01-02 13:30:00+05:30,2024-01-02 15:00:00+05:30,223.85,222.82321428571427,225.69821428571427,0.2,EOD+
S008,WIPRO,2024-01-03 10:50:00+05:30,-0.6493,-0.6422,0,,0.8417,40.0,-0.898,0,0.4151,0.0,3,0,1,0,3,4,2024-01-03 11:05:00+05:30,2024-01-03 11:10:00+05:30,2024-01-03 15:00:00+05:30,219.0,217.5446428571429,221.6196428571428,-0.65,EOD-
S009,WIPRO,2024-01-03 13:30:00+05:30,-0.1335,-0.0901,0,,1.438,60.0,-0.7884,0,3.1052,1.0,3,0,0,0,3,4,2024-01-03 13:45:00+05:30,2024-01-03 13:50:00+05:30,2024-01-03 14:25:00+05:30,219.5,218.67857142857144,220.97857142857143,-0.8214,L
S010,WIPRO,2024-01-03 14:10:00+05:30,0.0057,-0.0754,4,4.0,0.3656,69.23,-0.1489,0,1.6506,,0,0,0,1,0,1,2024-01-03 14:10:00+05:30,2024-01-03 14:15:00+05:30,2024-01-03 14:30:00+05:30,219.45,218.64642857142857,220.89642857142852,-0.8036,L
S011,WIPRO,2024-01-04 09:15:00+05:30,,,0,,1.6874,0.0,-0.1758,0,1.3376,0.0,1,0,1,0,1,2,2024-01-04 09:20:00+05:30,2024-01-04 09:25:00+05:30,2024-01-04 09:25:00+05:30,218.9,217.55178571428573,221.32678571428573,-1.3482,L
S012,WIPRO,2024-01-04 09:50:00+05:30,-0.2651,,0,,2.112,14.29,-0.83,0,1.1392,1.0,3,0,0,0,3,4,2024-01-04 10:05:00+05:30,2024-01-04 10:10:00+05:30,2024-01-04 15:00:00+05:30,218.1,216.01071428571427,221.8607142857143,-1.3,EOD-
S013,WIPRO,2024-01-04 10:35:00+05:30,-0.031,-0.0517,5,3.0,0.0737,44.44,3.4444,0,0.3602,,0,0,0,1,0,1,2024-01-04 10:35:00+05:30,2024-01-04 10:40:00+05:30,2024-01-04 15:00:00+05:30,217.8,216.2732142857143,220.54821428571432,-1.0,EOD-
S014,WIPRO,2024-01-04 10:45:00+05:30,-0.0138,-0.0241,0,,0.1879,80.0,-0.5,0,0.3372,1.0,1,0,0,0,1,2,2024-01-04 10:50:00+05:30,2024-01-04 10:55:00+05:30,2024-01-04 14:05:00+05:30,217.85,216.51964285714288,220.24464285714288,-1.3304,L
S015,WIPRO,2024-01-04 11:00:00+05:30,-0.0448,-0.0138,1,1.0,0.4287,80.0,-0.4937,0,0.2968,0.0,1,1,1,0,1,2,2024-01-04 11:05:00+05:30,2024-01-04 11:10:00+05:30,2024-01-04 13:55:00+05:30,217.85,216.69821428571427,219.9232142857143,-1.1518,L
S016,WIPRO,2024-01-04 11:15:00+05:30,-0.0115,-0.0448,1,1.0,0.4557,100.0,-1.0,0,0.3808,0.0,1,0,0,0,1,2,2024-01-04 11:20:00+05:30,2024-01-04 11:25:00+05:30,2024-01-04 13:15:00+05:30,217.75,216.80357142857144,219.45357142857145,-0.9464,L
S017,WIPRO,2024-01-04 12:05:00+05:30,-0.0816,-0.0138,0,,0.8054,0.0,-0.8131,0,1.4604,1.0,3,0,0,0,3,4,2024-01-04 12:20:00+05:30,2024-01-04 12:25:00+05:30,2024-01-04 13:15:00+05:30,217.65,216.81964285714284,219.14464285714288,-0.8304,L
S018,WIPRO,2024-01-05 10:35:00+05:30,0.3625,0.4033,16,11.0,0.1167,28.57,0.8182,0,0.3863,,0,0,1,1,0,1,2024-01-05 10:35:00+05:30,2024-01-05 10:40:00+05:30,2024-01-05 14:15:00+05:30,219.35,217.58214285714288,222.53214285714287,-1.7679,L
S019,WIPRO,2024-01-05 11:30:00+05:30,-0.163,-0.0296,0,,1.019,72.73,-1.0,0,0.6101,0.0,3,0,1,0,3,4,2024-01-05 11:45:00+05:30,2024-01-05 11:50:00+05:30,2024-01-05 13:45:00+05:30,219.35,217.9392857142857,221.88928571428573,-1.4107,L
S020,WIPRO,2024-01-05 11:55:00+05:30,-0.1301,-0.1642,1,1.0,0.8598,72.73,-0.7436,0,0.4454,0.0,2,0,1,0,2,3,2024-01-05 12:05:00+05:30,2024-01-05 12:10:00+05:30,2024-01-05 13:45:00+05:30,219.05,217.91607142857143,221.09107142857147,-1.1339,L
S021,WIPRO,2024-01-05 12:15:00+05:30,-0.0833,-0.1381,0,,0.1733,0.0,0.6,0,0.3466,,0,0,1,1,0,1,2024-01-05 12:15:00+05:30,2024-01-05 12:20:00+05:30,2024-01-05 13:40:00+05:30,219.0,218.09821428571428,220.62321428571428,-0.9018,L
S022,WIPRO,2024-01-05 12:50:00+05:30,0.0399,0.0616,5,5.0,0.8636,80.0,-0.697,0,0.7804,0.0,1,0,0,0,1,2,2024-01-05 12:55:00+05:30,2024-01-05 13:00:00+05:30,2024-01-05 13:40:00+05:30,219.2,218.24464285714285,220.9196428571429,-0.9554,L
S023,WIPRO,2024-01-05 13:05:00+05:30,0.0342,0.0399,0,,0.2745,20.0,-0.5,0,0.5932,0.0,2,0,1,0,2,3,2024-01-05 13:15:00+05:30,2024-01-05 13:20:00+05:30,2024-01-05 13:40:00+05:30,219.2,218.2892857142857,220.8392857142857,-0.9107,L
S024,WIPRO,2024-01-08 09:15:00+05:30,,,0,,0.65,0.0,1.3077,0,2.7423,,0,1,0,1,0,1,2024-01-08 09:15:00+05:30,2024-01-08 09:20:00+05:30,2024-01-08 09:45:00+05:30,218.75,217.25,221.45,-1.5,L
S025,WIPRO,2024-01-08 09:55:00+05:30,-0.0092,0.063,0,,1.2171,0.0,-0.6714,0,0.6576,1.0,3,0,0,0,3,4,2024-01-08 10:10:00+05:30,2024-01-08 10:15:00+05:30,2024-01-08 11:05:00+05:30,218.5,216.3125,222.43750000000003,-2.1875,L
S026,WIPRO,2024-01-08 10:20:00+05:30,-0.0481,-0.0332,0,,0.3391,63.64,-0.5161,0,0.2186,,0,0,1,1,0,1,2024-01-08 10:20:00+05:30,2024-01-08 10:25:00+05:30,2024-01-08 11:10:00+05:30,218.35,216.0642857142857,222.4642857142857,-2.2857,L
S027,WIPRO,2024-01-08 11:50:00+05:30,-0.1255,-0.1081,0,,1.9107,76.19,-0.8618,0,1.1959,1.0,3,0,1,0,3,4,2024-01-08 12:05:00+05:30,2024-01-08 12:10:00+05:30,2024-01-08 14:30:00+05:30,217.1,215.68035714285716,219.65535714285716,-1.4196,L
S028,WIPRO,2024-01-08 12:25:00+05:30,-0.083,-0.1821,3,3.0,0.0452,50.0,5.0,0,0.3763,,0,0,1,1,0,1,2024-01-08 12:25:00+05:30,2024-01-08 12:30:00+05:30,2024-01-08 14:30:00+05:30,216.9,215.51607142857145,219.39107142857145,-1.3839,L
S029,WIPRO,2024-01-08 12:35:00+05:30,-0.0219,-0.1153,0,,0.0135,0.0,25.6667,0,0.5558,,0,1,0,1,0,1,2024-01-08 12:35:00+05:30,2024-01-08 12:40:00+05:30,2024-01-08 14:30:00+05:30,217.1,215.71607142857144,219.5910714285714,-1.3839,L
S030,WIPRO,2024-01-08 12:45:00+05:30,0.0138,-0.0519,1,1.0,0.0517,66.67,2.6364,0,0.9308,,0,0,0,1,0,1,2024-01-08 12:45:00+05:30,2024-01-08 12:50:00+05:30,2024-01-08 14:30:00+05:30,216.9,215.56964285714287,219.2946428571429,-1.3304,L
S031,WIPRO,2024-01-08 13:45:00+05:30,-0.0462,-0.0323,0,,2.0563,33.33,-0.9291,0,6.6538,1.0,3,1,0,0,3,4,2024-01-08 14:00:00+05:30,2024-01-08 14:05:00+05:30,2024-01-08 14:25:00+05:30,216.8,215.9428571428572,218.34285714285716,-0.8571,L
S032,WIPRO,2024-01-08 14:10:00+05:30,-0.0912,-0.1062,0,,0.1563,44.44,0.7391,0,1.2026,,0,0,0,1,0,1,2024-01-08 14:10:00+05:30,2024-01-08 14:15:00+05:30,2024-01-08 14:30:00+05:30,216.7,215.78035714285716,218.35535714285717,-0.9196,L
S033,WIPRO,2024-01-09 10:40:00+05:30,0.3607,0.3626,17,15.0,0.0749,71.43,1.0,0,0.2653,,0,0,1,1,0,1,2024-01-09 10:40:00+05:30,2024-01-09 10:45:00+05:30,2024-01-09 13:50:00+05:30,218.6,216.93035714285716,221.60535714285717,-1.6696,L
S034,WIPRO,2024-01-09 10:50:00+05:30,0.3476,0.3529,0,,1.1275,44.44,-0.9257,0,1.2465,1.0,3,0,0,0,3,4,2024-01-09 11:05:00+05:30,2024-01-09 11:10:00+05:30,2024-01-09 13:50:00+05:30,218.45,216.95892857142852,221.13392857142856,-1.4911,L
S035,WIPRO,2024-01-10 09:15:00+05:30,,,0,,0.6881,56.82,-0.7701,0,3.8741,,0,0,0,1,0,1,2024-01-10 09:15:00+05:30,2024-01-10 09:20:00+05:30,2024-01-10 09:25:00+05:30,217.0,215.4196428571429,219.84464285714284,-1.5804,L
S036,WIPRO,2024-01-10 09:25:00+05:30,,,0,,1.0658,65.38,-0.934,0,1.1704,0.0,1,0,0,0,1,2,2024-01-10 09:30:00+05:30,2024-01-10 09:35:00+05:30,2024-01-10 15:00:00+05:30,216.2,214.4232142857143,219.39821428571423,0.15,EOD+
S037,WIPRO,2024-01-10 09:55:00+05:30,0.0463,-0.0486,3,2.0,0.2679,31.25,1.1505,0,0.3939,,0,0,0,1,0,1,2024-01-10 09:55:00+05:30,2024-01-10 10:00:00+05:30,2024-01-10 15:00:00+05:30,216.2,214.03035714285716,220.10535714285712,0.15,EOD+
S038,WIPRO,2024-01-10 10:05:00+05:30,0.0231,0.0336,0,,0.2083,62.5,-0.4444,0,0.237,0.0,1,0,1,0,1,2,2024-01-10 10:10:00+05:30,2024-01-10 10:15:00+05:30,2024-01-10 15:00:00+05:30,216.15,213.98928571428573,220.0392857142857,0.2,EOD+
S039,WIPRO,2024-01-10 10:20:00+05:30,0.0174,0.0231,0,,0.2474,66.67,-0.3182,0,0.6707,1.0,2,0,1,0,2,3,2024-01-10 10:30:00+05:30,2024-01-10 10:35:00+05:30,2024-01-10 15:00:00+05:30,216.7,214.47678571428568,220.7017857142857,-0.35,EOD-
S040,WIPRO,2024-01-10 13:40:00+05:30,-0.1045,-0.0812,0,,1.561,14.29,-0.4619,0,2.3164,1.0,3,1,0,0,3,4,2024-01-10 13:55:00+05:30,2024-01-10 14:00:00+05:30,2024-01-10 15:00:00+05:30,215.35,214.45714285714283,216.95714285714288,1.0,EOD+
S041,WIPRO,2024-01-10 14:05:00+05:30,-0.0314,-0.0825,0,,0.3111,83.33,-0.4444,0,0.527,,0,0,1,1,0,1,2024-01-10 14:05:00+05:30,2024-01-10 14:10:00+05:30,2024-01-10 15:00:00+05:30,215.4,214.6767857142857,216.70178571428576,0.95,EOD+
S042,WIPRO,2024-01-10 14:25:00+05:30,0.0232,-0.0186,3,2.0,0.3101,50.0,1.2857,0,0.8998,,0,0,1,1,0,1,2024-01-10 14:25:00+05:30,2024-01-10 14:30:00+05:30,2024-01-10 15:00:00+05:30,215.35,214.64464285714283,216.61964285714288,1.2696,W
S043,WIPRO,2024-01-11 09:35:00+05:30,,,4,4.0,0.0077,42.86,39.0,0,0.6447,,0,1,0,1,0,1,2024-01-11 09:35:00+05:30,2024-01-11 09:40:00+05:30,2024-01-11 14:10:00+05:30,216.8,215.175,219.725,-1.625,L
S044,WIPRO,2024-01-11 09:45:00+05:30,0.1478,,0,,0.2857,8.33,0.25,0,0.6692,,0,0,0,1,0,1,2024-01-11 09:45:00+05:30,2024-01-11 09:50:00+05:30,2024-01-11 14:10:00+05:30,216.6,214.85,219.75,-1.75,L
S045,WIPRO,2024-01-11 10:15:00+05:30,0.0231,0.0889,0,,0.9579,66.67,-0.9231,0,0.5393,1.0,3,0,1,0,3,4,2024-01-11 10:30:00+05:30,2024-01-11 10:35:00+05:30,2024-01-11 14:10:00+05:30,216.9,215.20357142857145,219.95357142857145,-1.6964,L
S046,WIPRO,2024-01-11 12:00:00+05:30,-0.0197,-0.0324,0,,1.0212,0.0,-1.0,0,0.5533,1.0,3,0,1,0,3,4,2024-01-11 12:15:00+05:30,2024-01-11 12:20:00+05:30,2024-01-11 13:25:00+05:30,216.2,215.4410714285714,217.56607142857143,-0.7589,L
S047,WIPRO,2024-01-11 12:25:00+05:30,-0.0729,-0.0266,0,,0.01,83.33,-1.0,0,0.7536,,0,0,1,1,0,1,2024-01-11 12:25:00+05:30,2024-01-11 12:30:00+05:30,2024-01-11 13:20:00+05:30,216.35,215.725,217.475,-0.625,L
S048,WIPRO,2024-01-11 12:35:00+05:30,-0.0521,-0.0717,0,,0.03,25.0,5.6667,0,0.6676,,0,0,1,1,0,1,2024-01-11 12:35:00+05:30,2024-01-11 12:40:00+05:30,2024-01-11 13:20:00+05:30,216.2,215.575,217.325,-0.625,L
S049,WIPRO,2024-01-11 12:45:00+05:30,-0.0058,-0.0752,0,,0.4015,57.14,-1.0,0,1.5693,1.0,1,0,0,0,1,2,2024-01-11 12:50:00+05:30,2024-01-11 12:55:00+05:30,2024-01-11 13:20:00+05:30,216.1,215.49285714285716,217.19285714285715,-0.6071,L
S050,WIPRO,2024-01-11 13:00:00+05:30,-0.0069,-0.0058,0,,0.532,75.0,-1.0,0,0.8609,0.0,1,0,0,0,1,2,2024-01-11 13:05:00+05:30,2024-01-11 13:10:00+05:30,2024-01-11 13:25:00+05:30,216.1,215.43035714285716,217.3053571428572,-0.6696,L
S051,WIPRO,2024-01-12 11:30:00+05:30,0.1411,0.2689,27,10.0,0.0525,72.73,0.6667,0,0.3749,,0,1,1,1,0,1,2024-01-12 11:30:00+05:30,2024-01-12 11:35:00+05:30,2024-01-12 13:10:00+05:30,223.4,221.9714285714286,225.97142857142856,-1.4286,L
S052,WIPRO,2024-01-12 11:40:00+05:30,0.094,0.1792,0,,0.0955,61.54,2.8095,0,0.6625,,0,0,1,1,0,1,2024-01-12 11:40:00+05:30,2024-01-12 11:45:00+05:30,2024-01-12 13:00:00+05:30,223.9,222.525,226.375,-1.375,L
S053,WIPRO,2024-01-12 11:50:00+05:30,0.075,0.1086,1,1.0,0.0051,62.5,19.0,0,0.3964,,0,0,1,1,0,1,2024-01-12 11:50:00+05:30,2024-01-12 11:55:00+05:30,2024-01-12 13:10:00+05:30,223.45,222.2267857142857,225.6517857142857,-1.2232,L
S054,WIPRO,2024-01-12 12:15:00+05:30,-0.0011,0.0649,0,,1.129,25.0,-0.9,0,0.9147,1.0,3,0,0,0,3,4,2024-01-12 12:30:00+05:30,2024-01-12 12:35:00+05:30,2024-01-12 13:10:00+05:30,223.4,222.29285714285717,225.39285714285717,-1.1071,L
S055,WIPRO,2024-01-12 13:20:00+05:30,-0.1424,-0.0919,0,,1.8471,20.0,-0.8089,0,0.9249,1.0,3,0,0,0,3,4,2024-01-12 13:35:00+05:30,2024-01-12 13:40:00+05:30,2024-01-12 15:00:00+05:30,222.9,221.83750000000003,224.8125,-0.5,EOD-
S056,WIPRO,2024-01-12 13:45:00+05:30,-0.0707,-0.1413,1,1.0,0.2767,57.14,-0.2157,0,0.4821,0.0,2,0,1,0,2,3,2024-01-12 13:55:00+05:30,2024-01-12 14:00:00+05:30,2024-01-12 15:00:00+05:30,222.9,221.7482142857143,224.97321428571428,-0.5,EOD-
S057,WIPRO,2024-01-12 14:05:00+05:30,-0.0337,-0.0449,0,,1.0528,30.0,-0.4595,0,1.233,1.0,3,1,0,0,3,4,2024-01-12 14:20:00+05:30,2024-01-12 14:25:00+05:30,2024-01-12 15:00:00+05:30,223.05,221.95178571428573,225.0267857142857,-0.65,EOD-
S058,WIPRO,2024-01-15 11:05:00+05:30,0.1559,1.4851,0,,1.1207,72.73,-0.9557,0,0.4013,1.0,3,0,0,0,3,4,2024-01-15 11:20:00+05:30,2024-01-15 11:25:00+05:30,2024-01-15 15:00:00+05:30,238.05,233.01428571428573,247.11428571428573,-0.05,EOD-
S059,WIPRO,2024-01-15 11:30:00+05:30,-0.6158,-0.8401,0,,0.516,78.26,-0.845,0,0.2505,0.0,2,0,1,0,2,3,2024-01-15 11:40:00+05:30,2024-01-15 11:45:00+05:30,2024-01-15 15:00:00+05:30,237.25,234.125,242.875,0.75,EOD+
S060,WIPRO,2024-01-15 12:25:00+05:30,0.1852,0.1569,8,2.0,0.3426,50.0,0.087,0,0.8961,,0,0,0,1,0,1,2024-01-15 12:25:00+05:30,2024-01-15 12:30:00+05:30,2024-01-15 15:00:00+05:30,237.6,235.92142857142855,240.62142857142857,0.4,EOD+
S061,WIPRO,2024-01-15 12:35:00+05:30,0.0747,0.2252,0,,0.06,18.18,4.3333,0,0.6977,,0,0,1,1,0,1,2024-01-15 12:35:00+05:30,2024-01-15 12:40:00+05:30,2024-01-15 15:00:00+05:30,237.9,236.3375,240.7125,-1.5625,L
S062,WIPRO,2024-01-15 12:50:00+05:30,0.0116,0.0747,0,,1.422,35.71,-0.6285,0,1.1499,1.0,3,1,1,0,3,4,2024-01-15 13:05:00+05:30,2024-01-15 13:10:00+05:30,2024-01-15 15:00:00+05:30,238.1,236.68035714285716,240.65535714285716,-1.4196,L
S063,WIPRO,2024-01-15 13:25:00+05:30,0.0957,-0.0063,3,2.0,0.0247,20.0,19.0,0,0.7325,,0,0,1,1,0,1,2024-01-15 13:25:00+05:30,2024-01-15 13:30:00+05:30,2024-01-15 15:00:00+05:30,238.2,236.68214285714285,240.93214285714285,-1.5179,L
S064,WIPRO,2024-01-15 13:35:00+05:30,0.0673,0.0715,0,,0.5281,75.0,-0.6825,0,0.6369,,0,0,0,1,0,1,2024-01-15 13:35:00+05:30,2024-01-15 13:40:00+05:30,2024-01-15 15:00:00+05:30,237.8,236.3089285714286,240.48392857142855,-1.4911,L
S065,WIPRO,2024-01-15 13:45:00+05:30,0.0,0.0894,0,,0.9976,83.33,-0.8319,0,0.8419,0.0,1,0,0,0,1,2,2024-01-15 13:50:00+05:30,2024-01-15 13:55:00+05:30,2024-01-15 15:00:00+05:30,237.8,236.30892857142857,240.48392857142855,-1.4911,L
S066,WIPRO,2024-01-15 14:00:00+05:30,-0.0042,0.0,0,,0.0086,71.43,39.0,0,0.8307,,0,0,1,1,0,1,2024-01-15 14:00:00+05:30,2024-01-15 14:05:00+05:30,2024-01-15 15:00:00+05:30,238.5,237.05357142857144,241.10357142857143,-1.4464,L
S067,WIPRO,2024-01-15 14:15:00+05:30,0.0389,-0.0042,2,2.0,0.1435,25.0,2.6364,0,0.6177,,0,0,0,1,0,1,2024-01-15 14:15:00+05:30,2024-01-15 14:20:00+05:30,2024-01-15 15:00:00+05:30,238.1,236.6625,240.6875,-1.4375,L
S068,WIPRO,2024-01-16 10:50:00+05:30,-0.4736,-0.5656,0,,0.9319,57.14,-1.0,0,1.0367,1.0,3,0,0,0,3,4,2024-01-16 11:05:00+05:30,2024-01-16 11:10:00+05:30,2024-01-16 12:45:00+05:30,232.55,231.09464285714284,235.1696428571429,-1.4554,L
S069,WIPRO,2024-01-16 11:15:00+05:30,-0.0689,-0.3392,0,,0.1662,0.0,1.4242,0,0.3452,,0,0,1,1,0,1,2024-01-16 11:15:00+05:30,2024-01-16 11:20:00+05:30,2024-01-16 12:45:00+05:30,232.2,230.95892857142852,234.4339285714286,-1.2411,L
S070,WIPRO,2024-01-16 11:40:00+05:30,-0.0162,-0.0463,3,2.0,0.1016,30.0,4.5556,0,0.7703,,0,0,0,1,0,1,2024-01-16 11:40:00+05:30,2024-01-16 11:45:00+05:30,2024-01-16 12:45:00+05:30,232.15,231.04285714285717,234.1428571428572,-1.1071,L
S071,WIPRO,2024-01-16 11:50:00+05:30,0.0097,-0.0463,0,,0.0239,0.0,29.0,0,0.323,,0,0,1,1,0,1,2024-01-16 11:50:00+05:30,2024-01-16 11:55:00+05:30,2024-01-16 12:10:00+05:30,232.35,231.30535714285716,234.23035714285717,-1.0446,L
S072,WIPRO,2024-01-16 13:25:00+05:30,-0.2162,-0.2052,0,,1.7049,64.29,-0.7481,0,1.2681,1.0,3,0,0,0,3,4,2024-01-16 13:40:00+05:30,2024-01-16 13:45:00+05:30,2024-01-16 15:00:00+05:30,231.15,229.69464285714287,233.76964285714288,0.65,EOD+
S073,WIPRO,2024-01-17 09:35:00+05:30,,,0,,0.317,16.67,-0.7315,0,0.5876,0.0,3,0,0,0,3,4,2024-01-17 09:50:00+05:30,2024-01-17 09:55:00+05:30,2024-01-17 15:00:00+05:30,231.7,228.7625,236.9875,-0.55,EOD-
S074,WIPRO,2024-01-17 10:00:00+05:30,-0.0637,-0.0691,0,,0.5075,76.47,-0.7241,0,0.5085,,0,0,0,1,0,1,2024-01-17 10:00:00+05:30,2024-01-17 10:05:00+05:30,2024-01-17 15:00:00+05:30,231.45,227.87857142857143,237.8785714285714,-0.3,EOD-
S075,WIPRO,2024-01-17 10:10:00+05:30,-0.0443,-0.0659,0,,0.1214,71.43,-0.4521,0,0.9523,,0,0,0,1,0,1,2024-01-17 10:10:00+05:30,2024-01-17 10:15:00+05:30,2024-01-17 15:00:00+05:30,232.0,228.24107142857144,238.76607142857145,-0.85,EOD-
S076,WIPRO,2024-01-17 10:20:00+05:30,-0.027,-0.054,1,1.0,0.0468,44.44,1.069,0,0.4276,,0,1,0,1,0,1,2024-01-17 10:20:00+05:30,2024-01-17 10:25:00+05:30,2024-01-17 15:00:00+05:30,231.45,227.575,238.425,-0.3,EOD-
S077,WIPRO,2024-01-17 10:45:00+05:30,-0.0216,-0.0054,3,3.0,0.0902,28.57,2.4483,0,0.2224,,0,0,1,1,0,1,2024-01-17 10:45:00+05:30,2024-01-17 10:50:00+05:30,2024-01-17 15:00:00+05:30,231.35,229.3410714285714,234.9660714285714,-0.2,EOD-
S078,WIPRO,2024-01-17 10:55:00+05:30,-0.0141,-0.0195,0,,0.5741,50.0,-0.6129,0,0.2691,1.0,2,0,1,0,2,3,2024-01-17 11:05:00+05:30,2024-01-17 11:10:00+05:30,2024-01-17 11:20:00+05:30,231.45,229.7625,234.4875,3.0375,W
S079,WIPRO,2024-01-17 12:55:00+05:30,-0.1199,-0.0626,0,,1.5479,50.0,-1.0,0,0.8739,1.0,3,0,1,0,3,4,2024-01-17 13:10:00+05:30,2024-01-17 13:15:00+05:30,2024-01-17 15:00:00+05:30,231.3,229.3982142857143,234.7232142857143,-0.15,EOD-
S080,WIPRO,2024-01-17 13:30:00+05:30,-0.2481,-0.2402,0,,1.7156,77.78,-0.9057,0,1.0826,1.0,3,0,1,0,3,4,2024-01-17 13:45:00+05:30,2024-01-17 13:50:00+05:30,2024-01-17 15:00:00+05:30,230.55,229.00535714285715,233.3303571428572,0.6,EOD+
S081,WIPRO,2024-01-18 10:20:00+05:30,-0.5511,-0.6754,0,,1.0122,54.84,-0.9377,0,0.7536,1.0,3,0,1,0,3,4,2024-01-18 10:35:00+05:30,2024-01-18 10:40:00+05:30,2024-01-18 15:00:00+05:30,227.5,223.53571428571428,234.6357142857143,2.95,EOD+
S082,WIPRO,2024-01-18 12:15:00+05:30,0.518,0.5858,19,4.0,0.2982,45.0,0.2766,0,1.6596,,0,0,0,1,0,1,2024-01-18 12:15:00+05:30,2024-01-18 12:20:00+05:30,2024-01-18 15:00:00+05:30,230.3,227.34464285714287,235.61964285714285,0.15,EOD+
S083,WIPRO,2024-01-18 13:20:00+05:30,-0.0369,-0.0185,0,,0.9297,20.0,-0.7683,0,0.4032,1.0,3,0,1,0,3,4,2024-01-18 13:35:00+05:30,2024-01-18 13:40:00+05:30,2024-01-18 15:00:00+05:30,230.05,228.30892857142857,233.1839285714286,0.4,EOD+
S084,WIPRO,2024-01-18 14:25:00+05:30,0.1076,0.0685,9,8.0,0.8571,62.5,-0.3717,0,0.7189,0.0,1,0,1,0,1,2,2024-01-18 14:30:00+05:30,2024-01-18 14:35:00+05:30,2024-01-18 15:00:00+05:30,230.35,228.95714285714288,232.8571428571429,0.1,EOD+
S085,WIPRO,2024-01-19 12:30:00+05:30,-0.1441,-0.143,0,,1.0802,50.0,-0.8883,0,0.4479,1.0,3,0,1,0,3,4,2024-01-19 12:45:00+05:30,2024-01-19 12:50:00+05:30,2024-01-19 14:30:00+05:30,232.2,231.16428571428568,234.0642857142857,-1.0357,L
S086,WIPRO,2024-01-19 12:55:00+05:30,-0.1034,-0.1367,0,,0.3135,50.0,-0.0698,0,0.6815,1.0,1,0,1,0,1,2,2024-01-19 13:00:00+05:30,2024-01-19 13:05:00+05:30,2024-01-19 14:30:00+05:30,232.3,231.44285714285715,233.8428571428572,-0.8571,L
S087,WIPRO,2024-01-19 13:10:00+05:30,-0.0345,-0.1034,0,,0.7923,14.29,-0.2233,0,0.7306,0.0,1,0,1,0,1,2,2024-01-19 13:15:00+05:30,2024-01-19 13:20:00+05:30,2024-01-19 14:30:00+05:30,232.25,231.4375,233.7125,-0.8125,L
S088,WIPRO,2024-01-19 13:25:00+05:30,-0.0097,-0.0345,1,1.0,0.4033,42.86,-0.2453,0,0.6061,0.0,1,1,1,0,1,2,2024-01-19 13:30:00+05:30,2024-01-19 13:35:00+05:30,2024-01-19 14:30:00+05:30,232.2,231.37857142857143,233.67857142857144,-0.8214,L
S089,WIPRO,2024-01-19 13:40:00+05:30,0.0108,-0.0097,0,,0.3578,66.67,-0.1304,0,0.6753,0.0,1,0,1,0,1,2,2024-01-19 13:45:00+05:30,2024-01-19 13:50:00+05:30,2024-01-19 14:30:00+05:30,232.15,231.3464285714286,233.59642857142856,-0.8036,L
S090,WIPRO,2024-01-19 13:55:00+05:30,0.0355,0.0108,0,,0.3711,20.0,-0.0909,0,1.0372,,0,0,1,1,0,1,2024-01-19 13:55:00+05:30,2024-01-19 14:00:00+05:30,2024-01-19 14:25:00+05:30,232.25,231.50892857142856,233.58392857142852,-0.7411,L
S091,WIPRO,2024-01-20 09:20:00+05:30,,,1,1.0,0.227,64.71,0.25,0,1.0613,,0,0,1,1,0,1,2024-01-20 09:20:00+05:30,2024-01-20 09:25:00+05:30,2024-01-20 09:25:00+05:30,231.95,230.62857142857143,234.32857142857145,-1.3214,L
S092,WIPRO,2024-01-20 10:15:00+05:30,-0.2433,-0.2776,0,,0.4676,33.33,-0.9408,0,0.3495,1.0,3,0,0,0,3,4,2024-01-20 10:30:00+05:30,2024-01-20 10:35:00+05:30,2024-01-20 15:00:00+05:30,229.95,225.43214285714285,238.08214285714288,-1.05,EOD-
S093,WIPRO,2024-01-20 10:50:00+05:30,-0.2038,-0.2427,2,2.0,0.9302,43.75,-0.0909,0,0.3014,0.0,1,1,1,0,1,2,2024-01-20 10:55:00+05:30,2024-01-20 11:00:00+05:30,2024-01-20 15:00:00+05:30,229.45,226.78928571428568,234.23928571428573,-0.55,EOD-
S094,WIPRO,2024-01-20 11:30:00+05:30,0.2176,0.0795,6,3.0,0.1813,90.91,-0.6,0,0.3915,1.0,1,0,1,0,1,2,2024-01-20 11:35:00+05:30,2024-01-20 11:40:00+05:30,2024-01-20 15:00:00+05:30,229.95,228.22678571428568,233.05178571428573,-1.7232,L
S095,WIPRO,2024-01-20 11:45:00+05:30,0.0772,0.2176,1,1.0,0.0395,75.0,2.6364,0,0.4059,,0,0,1,1,0,1,2024-01-20 11:45:00+05:30,2024-01-20 11:50:00+05:30,2024-01-20 15:00:00+05:30,229.95,228.20892857142852,233.0839285714286,-1.7411,L
S096,WIPRO,2024-01-20 11:55:00+05:30,0.0576,0.099,0,,0.0894,22.22,3.3478,0,0.3798,,0,0,1,1,0,1,2024-01-20 11:55:00+05:30,2024-01-20 12:00:00+05:30,2024-01-20 12:40:00+05:30,230.15,228.54285714285717,233.0428571428572,-1.6071,L
S097,WIPRO,2024-01-20 13:00:00+05:30,-0.0882,-0.0446,0,,1.0078,85.71,-1.0,0,2.2997,1.0,3,0,0,0,3,4,2024-01-20 13:15:00+05:30,2024-01-20 13:20:00+05:30,2024-01-20 14:05:00+05:30,230.25,229.2142857142857,232.1142857142857,-1.0357,L
S098,WIPRO,2024-01-20 13:30:00+05:30,-0.012,-0.0555,2,2.0,0.1985,12.5,2.1579,0,0.7751,,0,0,0,1,0,1,2024-01-20 13:30:00+05:30,2024-01-20 13:35:00+05:30,2024-01-20 14:40:00+05:30,229.85,228.65357142857144,232.0035714285714,-1.1964,L
S099,WIPRO,2024-01-20 13:45:00+05:30,-0.0294,-0.012,2,1.0,0.109,50.0,-1.0,0,0.7549,1.0,1,0,0,0,1,2,2024-01-20 13:50:00+05:30,2024-01-20 13:55:00+05:30,2024-01-20 14:40:00+05:30,229.65,228.5607142857143,231.61071428571427,-1.0893,L
S100,WIPRO,2024-01-20 14:15:00+05:30,-0.0185,-0.0207,0,,1.6564,80.0,-1.0,0,1.5234,1.0,3,1,0,0,3,4,2024-01-20 14:30:00+05:30,2024-01-20 14:35:00+05:30,2024-01-20 14:40:00+05:30,229.75,228.84821428571428,231.37321428571428,-0.9018,L
S101,WIPRO,2024-01-23 09:15:00+05:30,,,0,,1.0038,85.71,-1.0,0,6.3648,,0,1,0,1,0,1,2024-01-23 09:15:00+05:30,2024-01-23 09:20:00+05:30,2024-01-23 11:30:00+05:30,230.95,229.325,233.875,-1.625,L
S102,WIPRO,2024-01-23 10:00:00+05:30,0.1676,0.2156,8,4.0,0.3962,30.43,0.8667,0,1.23,,0,0,0,1,0,1,2024-01-23 10:00:00+05:30,2024-01-23 10:05:00+05:30,2024-01-23 12:00:00+05:30,230.05,227.6839285714286,234.3089285714286,-2.3661,L
S103,WIPRO,2024-01-23 10:25:00+05:30,0.1965,0.1283,3,2.0,0.1788,25.0,0.1268,0,0.9242,,0,1,0,1,0,1,2024-01-23 10:25:00+05:30,2024-01-23 10:30:00+05:30,2024-01-23 12:00:00+05:30,230.5,228.01785714285717,234.96785714285716,-2.4821,L
S104,WIPRO,2024-01-23 13:30:00+05:30,-0.1835,-0.2536,0,,0.6502,42.86,-0.8086,0,0.1725,0.0,3,0,1,0,3,4,2024-01-23 13:45:00+05:30,2024-01-23 13:50:00+05:30,2024-01-23 14:10:00+05:30,227.4,225.39107142857145,231.01607142857145,-2.0089,L
S105,WIPRO,2024-01-24 09:15:00+05:30,,,0,,1.0145,9.84,0.4555,0,2.7376,,0,0,0,1,0,1,2024-01-24 09:15:00+05:30,2024-01-24 09:20:00+05:30,2024-01-24 15:00:00+05:30,225.4,223.1142857142857,229.51428571428576,2.65,EOD+
S106,WIPRO,2024-01-24 09:25:00+05:30,,,1,1.0,0.1913,40.0,4.0633,0,1.4566,,0,0,0,1,0,1,2024-01-24 09:25:00+05:30,2024-01-24 09:30:00+05:30,2024-01-24 15:00:00+05:30,226.15,223.56964285714284,230.7946428571429,1.9,EOD+
S107,WIPRO,2024-01-24 12:45:00+05:30,-0.2713,-0.2231,0,,1.7255,88.24,-0.9483,0,1.5401,1.0,3,0,0,0,3,4,2024-01-24 13:00:00+05:30,2024-01-24 13:05:00+05:30,2024-01-24 14:40:00+05:30,225.0,223.59821428571428,227.5232142857143,2.5232,W
S108,WIPRO,2024-01-25 09:15:00+05:30,,,0,,1.137,76.32,-0.8577,0,2.1979,0.0,2,0,0,0,2,3,2024-01-25 09:25:00+05:30,2024-01-25 09:30:00+05:30,2024-01-25 10:45:00+05:30,228.3,226.75535714285715,231.0803571428572,-1.5446,L
S109,WIPRO,2024-01-25 09:35:00+05:30,,,0,,0.3959,18.18,-0.52,0,1.0203,1.0,1,0,0,0,1,2,2024-01-25 09:40:00+05:30,2024-01-25 09:45:00+05:30,2024-01-25 11:00:00+05:30,227.8,225.8267857142857,231.3517857142857,-1.9732,L
S110,WIPRO,2024-01-25 09:50:00+05:30,0.102,,0,,0.3274,57.14,-0.0244,0,0.6847,0.0,1,0,0,0,1,2,2024-01-25 09:55:00+05:30,2024-01-25 10:00:00+05:30,2024-01-25 10:50:00+05:30,228.85,226.5017857142857,233.0767857142857,-2.3482,L
S111,WIPRO,2024-01-25 10:10:00+05:30,0.0975,0.1085,2,2.0,0.1247,36.36,0.1538,0,0.3837,,0,1,1,1,0,1,2024-01-25 10:10:00+05:30,2024-01-25 10:15:00+05:30,2024-01-25 12:15:00+05:30,228.2,225.59285714285716,232.8928571428571,-2.6071,L
S112,WIPRO,2024-01-25 11:20:00+05:30,-0.1629,-0.1891,0,,1.5373,25.0,-1.0,0,1.0527,1.0,3,0,1,0,3,4,2024-01-25 11:35:00+05:30,2024-01-25 11:40:00+05:30,2024-01-25 12:05:00+05:30,227.1,225.73392857142852,229.55892857142857,-1.3661,L
S113,WIPRO,2024-01-25 11:45:00+05:30,-0.1697,-0.1773,1,1.0,0.0951,73.33,0.8182,0,0.6684,,0,1,1,1,0,1,2024-01-25 11:45:00+05:30,2024-01-25 11:50:00+05:30,2024-01-25 12:15:00+05:30,226.9,225.45357142857145,229.50357142857143,-1.4464,L
S114,WIPRO,2024-01-29 09:15:00+05:30,,,0,,0.0373,100.0,-1.0,0,2.2241,,0,0,0,1,0,1,2024-01-29 09:15:00+05:30,2024-01-29 09:20:00+05:30,2024-01-29 15:00:00+05:30,226.55,225.04107142857143,229.26607142857145,-0.35,EOD-
S115,WIPRO,2024-01-29 10:30:00+05:30,0.2176,0.2731,14,13.0,0.7368,33.33,-0.25,0,0.4718,1.0,1,0,1,0,1,2,2024-01-29 10:35:00+05:30,2024-01-29 10:40:00+05:30,2024-01-29 15:00:00+05:30,226.75,225.39285714285717,229.19285714285715,-0.55,EOD-
S116,WIPRO,2024-01-29 10:45:00+05:30,0.2195,0.2176,1,1.0,0.1615,0.0,1.0,0,0.231,,0,0,1,1,0,1,2024-01-29 10:45:00+05:30,2024-01-29 10:50:00+05:30,2024-01-29 15:00:00+05:30,226.75,225.5892857142857,228.8392857142857,-0.55,EOD-
S117,WIPRO,2024-01-29 10:55:00+05:30,0.2017,0.2119,0,,0.1211,44.44,1.6087,0,1.6012,,0,0,0,1,0,1,2024-01-29 10:55:00+05:30,2024-01-29 11:00:00+05:30,2024-01-29 14:30:00+05:30,226.9,225.7125,229.0375,-1.1875,L
S118,WIPRO,2024-01-29 11:10:00+05:30,0.0397,0.2017,2,1.0,0.0353,60.0,5.6667,0,1.1485,,0,0,1,1,0,1,2024-01-29 11:10:00+05:30,2024-01-29 11:15:00+05:30,2024-01-29 14:30:00+05:30,226.85,225.7875,228.7625,-1.0625,L
S119,WIPRO,2024-01-29 11:20:00+05:30,-0.0187,0.0981,0,,0.6082,50.0,-0.434,0,1.6569,1.0,1,1,0,0,1,2,2024-01-29 11:25:00+05:30,2024-01-29 11:30:00+05:30,2024-01-29 12:05:00+05:30,227.55,226.4607142857143,229.5107142857143,-1.0893,L
S120,WIPRO,2024-01-29 11:55:00+05:30,0.0397,0.0364,5,5.0,0.0267,50.0,15.0,0,1.0008,,0,1,0,1,0,1,2024-01-29 11:55:00+05:30,2024-01-29 12:00:00+05:30,2024-01-29 12:20:00+05:30,227.2,226.03035714285716,229.30535714285716,-1.1696,L
S121,WIPRO,2024-01-29 13:25:00+05:30,-0.0883,-0.0452,0,,1.1541,0.0,-0.6721,0,0.4499,0.0,3,0,1,0,3,4,2024-01-29 13:40:00+05:30,2024-01-29 13:45:00+05:30,2024-01-29 15:00:00+05:30,226.5,225.50892857142856,228.28392857142856,-0.3,EOD-
S122,WIPRO,2024-01-29 13:50:00+05:30,-0.0651,-0.0894,0,,0.3422,25.0,-0.0909,0,0.5755,,0,1,1,1,0,1,2024-01-29 13:50:00+05:30,2024-01-29 13:55:00+05:30,2024-01-29 14:30:00+05:30,226.55,225.74642857142857,227.9964285714286,-0.8036,L
S123,WIPRO,2024-01-30 11:15:00+05:30,0.0884,0.2273,24,12.0,0.0276,11.11,19.0,0,0.5424,,0,0,1,1,0,1,2024-01-30 11:15:00+05:30,2024-01-30 11:20:00+05:30,2024-01-30 14:20:00+05:30,229.25,227.89285714285717,231.69285714285715,-1.3571,L
S124,WIPRO,2024-01-30 11:25:00+05:30,0.107,0.1365,0,,0.0826,70.0,0.1765,0,0.6855,,0,1,1,1,0,1,2024-01-30 11:25:00+05:30,2024-01-30 11:30:00+05:30,2024-01-30 14:15:00+05:30,229.45,228.1642857142857,231.7642857142857,-1.2857,L
S125,WIPRO,2024-01-30 12:25:00+05:30,0.1251,0.1557,11,10.0,0.0389,25.0,10.4286,0,0.5184,,0,0,1,1,0,1,2024-01-30 12:25:00+05:30,2024-01-30 12:30:00+05:30,2024-01-30 13:45:00+05:30,230.05,228.925,232.075,-1.125,L
S126,WIPRO,2024-01-30 12:35:00+05:30,0.0914,0.1491,0,,0.0124,0.0,49.0,0,0.2462,,0,0,1,1,0,1,2024-01-30 12:35:00+05:30,2024-01-30 12:40:00+05:30,2024-01-30 13:20:00+05:30,230.1,229.09107142857144,231.91607142857143,-1.0089,L
S127,WIPRO,2024-01-31 09:30:00+05:30,,,0,,2.1536,21.05,-0.5645,0,0.441,0.0,3,1,1,0,3,4,2024-01-31 09:45:00+05:30,2024-01-31 09:50:00+05:30,2024-01-31 15:00:00+05:30,226.2,224.33392857142857,229.55892857142857,1.25,EOD+
S128,WIPRO,2024-01-31 09:55:00+05:30,-0.2468,-0.3792,0,,0.91,18.18,-0.5385,0,0.326,1.0,1,0,0,0,1,2,2024-01-31 10:00:00+05:30,2024-01-31 10:05:00+05:30,2024-01-31 15:00:00+05:30,225.9,224.11428571428573,229.11428571428573,1.55,EOD+
S129,WIPRO,2024-01-31 10:50:00+05:30,-0.0688,-0.0654,0,,1.1979,28.57,-0.6708,0,0.8748,1.0,3,1,0,0,3,4,2024-01-31 11:05:00+05:30,2024-01-31 11:10:00+05:30,2024-01-31 13:15:00+05:30,225.55,224.28214285714287,227.83214285714288,2.2821,W
S130,WIPRO,2024-01-31 11:15:00+05:30,0.0055,-0.0455,0,,0.4034,0.0,0.4706,0,0.4967,,0,0,1,1,0,1,2024-01-31 11:15:00+05:30,2024-01-31 11:20:00+05:30,2024-01-31 11:55:00+05:30,225.5,224.44642857142856,227.39642857142857,1.8964,W
S131,WIPRO,2024-01-31 11:25:00+05:30,-0.0277,-0.0089,0,,0.7908,58.82,-0.5946,0,1.2006,,0,0,1,1,0,1,2024-01-31 11:25:00+05:30,2024-01-31 11:30:00+05:30,2024-01-31 13:15:00+05:30,225.65,224.48035714285717,227.75535714285715,2.1054,W
S132,WIPRO,2024-01-31 12:25:00+05:30,0.1559,0.1693,11,6.0,0.5028,80.95,-0.5385,0,0.568,0.0,1,0,1,0,1,2,2024-01-31 12:30:00+05:30,2024-01-31 12:35:00+05:30,2024-01-31 15:00:00+05:30,226.65,225.03392857142856,229.5589285714286,0.8,EOD+
S133,WIPRO,2024-01-31 12:40:00+05:30,0.1568,0.1559,1,1.0,0.5391,50.0,-0.403,0,0.4811,0.0,3,1,1,0,3,4,2024-01-31 12:55:00+05:30,2024-01-31 13:00:00+05:30,2024-01-31 15:00:00+05:30,226.65,225.09642857142856,229.44642857142856,0.8,EOD+
S134,WIPRO,2024-01-31 14:00:00+05:30,0.0749,0.054,11,9.0,0.3881,46.15,1.1429,0,2.2294,,0,0,0,1,0,1,2024-01-31 14:00:00+05:30,2024-01-31 14:05:00+05:30,2024-01-31 15:00:00+05:30,227.2,226.2982142857143,228.82321428571427,0.25,EOD+
S135,WIPRO,2024-01-31 14:20:00+05:30,0.0979,0.098,2,2.0,0.5037,22.22,-0.2208,0,1.2516,1.0,2,0,0,0,2,3,2024-01-31 14:30:00+05:30,2024-01-31 14:35:00+05:30,2024-01-31 15:00:00+05:30,227.5,226.5446428571429,229.21964285714287,-0.05,EOD-
S136,WIPRO,2024-02-01 10:40:00+05:30,-0.1807,-0.0693,0,,1.0993,33.33,-0.9145,0,0.3126,1.0,3,0,1,0,3,4,2024-02-01 10:55:00+05:30,2024-02-01 11:00:00+05:30,2024-02-01 11:15:00+05:30,226.9,225.56964285714287,229.2946428571429,-1.3304,L
S137,WIPRO,2024-02-01 12:30:00+05:30,-0.0686,-0.1183,0,,0.5765,25.0,-0.2857,0,0.4748,0.0,3,0,1,0,3,4,2024-02-01 12:45:00+05:30,2024-02-01 12:50:00+05:30,2024-02-01 15:00:00+05:30,226.15,224.93571428571428,228.33571428571432,-0.65,EOD-
S138,WIPRO,2024-02-01 12:55:00+05:30,-0.0476,-0.083,1,1.0,0.1598,0.0,1.7586,0,0.3899,,0,0,1,1,0,1,2024-02-01 12:55:00+05:30,2024-02-01 13:00:00+05:30,2024-02-01 15:00:00+05:30,226.05,224.91607142857143,228.09107142857147,-0.55,EOD-
S139,WIPRO,2024-02-01 13:10:00+05:30,0.0033,-0.0476,1,1.0,0.1815,14.29,0.4286,0,0.4711,,0,0,1,1,0,1,2024-02-01 13:10:00+05:30,2024-02-01 13:15:00+05:30,2024-02-01 15:00:00+05:30,225.95,224.98571428571427,227.6857142857143,-0.45,EOD-
S140,WIPRO,2024-02-01 13:25:00+05:30,-0.0343,0.0033,0,,1.3467,0.0,-0.505,0,0.9076,1.0,3,0,1,0,3,4,2024-02-01 13:40:00+05:30,2024-02-01 13:45:00+05:30,2024-02-01 15:00:00+05:30,225.95,225.0125,227.6375,-0.45,EOD-
S141,WIPRO,2024-02-01 14:10:00+05:30,-0.0166,0.0111,0,,0.6067,0.0,-0.3407,0,0.5575,0.0,3,1,1,0,3,4,2024-02-01 14:25:00+05:30,2024-02-01 14:30:00+05:30,2024-02-01 15:00:00+05:30,225.85,224.9125,227.5375,-0.35,EOD-
S142,WIPRO,2024-02-02 13:35:00+05:30,-0.2828,-0.214,0,,1.4655,81.82,-0.9059,0,0.3675,0.0,3,0,1,0,3,4,2024-02-02 13:50:00+05:30,2024-02-02 13:55:00+05:30,2024-02-02 15:00:00+05:30,229.65,227.8375,232.9125,0.9,EOD+
S143,WIPRO,2024-02-05 09:15:00+05:30,,,0,,1.996,68.42,-0.5992,0,0.74,0.0,2,1,0,0,2,3,2024-02-05 09:25:00+05:30,2024-02-05 09:30:00+05:30,2024-02-05 10:15:00+05:30,230.85,229.2875,233.6625,2.8125,W
S144,WIPRO,2024-02-05 09:35:00+05:30,,,0,,0.4533,80.0,-0.2647,0,1.1063,,0,0,0,1,0,1,2024-02-05 09:35:00+05:30,2024-02-05 09:40:00+05:30,2024-02-05 14:45:00+05:30,231.35,229.475,234.725,-1.875,L
S145,WIPRO,2024-02-05 10:15:00+05:30,0.27,0.3093,7,3.0,0.0098,72.0,-1.0,0,0.3945,0.0,1,0,0,0,1,2,2024-02-05 10:20:00+05:30,2024-02-05 10:25:00+05:30,2024-02-05 15:00:00+05:30,231.7,229.1375,236.3125,-1.75,EOD-
S146,WIPRO,2024-02-05 10:30:00+05:30,0.1209,0.27,0,,0.4612,63.64,-0.5294,0,0.4367,1.0,1,1,1,0,1,2,2024-02-05 10:35:00+05:30,2024-02-05 10:40:00+05:30,2024-02-05 14:40:00+05:30,232.05,229.7464285714286,236.19642857142856,-2.3036,L
S147,WIPRO,2024-02-05 10:55:00+05:30,0.1638,0.1079,3,3.0,0.1515,55.56,0.4286,0,0.3109,,0,0,1,1,0,1,2024-02-05 10:55:00+05:30,2024-02-05 11:00:00+05:30,2024-02-05 14:35:00+05:30,232.0,230.26785714285717,235.11785714285716,-1.7321,L
S148,WIPRO,2024-02-05 12:30:00+05:30,-0.081,0.0043,0,,2.2542,71.43,-0.9474,0,2.4654,1.0,3,0,0,0,3,4,2024-02-05 12:45:00+05:30,2024-02-05 12:50:00+05:30,2024-02-05 14:35:00+05:30,232.25,231.19642857142856,234.14642857142857,-1.0536,L
S149,WIPRO,2024-02-05 13:25:00+05:30,0.0604,0.0464,7,1.0,0.2952,82.35,-0.3548,0,1.6417,1.0,1,1,0,0,1,2,2024-02-05 13:30:00+05:30,2024-02-05 13:35:00+05:30,2024-02-05 14:35:00+05:30,232.3,230.9875,234.6625,-1.3125,L
S150,WIPRO,2024-02-06 09:15:00+05:30,,,0,,0.3198,39.02,0.6216,0,2.4144,,0,0,1,1,0,1,2024-02-06 09:15:00+05:30,2024-02-06 09:20:00+05:30,2024-02-06 09:30:00+05:30,232.15,229.98035714285717,236.0553571428572,3.9054,W
S151,WIPRO,2024-02-06 10:55:00+05:30,0.653,0.6988,19,4.0,0.2305,69.23,-0.5062,0,0.2945,,0,1,0,1,0,1,2024-02-06 10:55:00+05:30,2024-02-06 11:00:00+05:30,2024-02-06 15:00:00+05:30,237.05,234.85357142857143,241.00357142857143,1.25,EOD+
S152,WIPRO,2024-02-06 11:05:00+05:30,0.4581,0.6727,0,,0.1534,72.22,-0.6364,0,0.393,,0,0,0,1,0,1,2024-02-06 11:05:00+05:30,2024-02-06 11:10:00+05:30,2024-02-06 15:00:00+05:30,237.3,235.05892857142857,241.3339285714286,1.0,EOD+
S153,WIPRO,2024-02-06 12:50:00+05:30,0.1681,0.1577,20,4.0,0.2817,60.0,0.1765,0,0.8113,,0,0,0,1,0,1,2024-02-06 12:50:00+05:30,2024-02-06 12:55:00+05:30,2024-02-06 15:00:00+05:30,238.05,236.54107142857143,240.76607142857145,0.25,EOD+
S154,WIPRO,2024-02-06 13:20:00+05:30,0.1112,0.1217,4,3.0,0.3111,30.77,-0.2105,0,0.4732,1.0,1,0,1,0,1,2,2024-02-06 13:25:00+05:30,2024-02-06 13:30:00+05:30,2024-02-06 15:00:00+05:30,238.4,236.8732142857143,241.1482142857143,-0.1,EOD-
S155,WIPRO,2024-02-06 13:35:00+05:30,0.0891,0.1112,0,,0.2715,71.43,-0.375,0,0.5177,1.0,1,1,1,0,1,2,2024-02-06 13:40:00+05:30,2024-02-06 13:45:00+05:30,2024-02-06 15:00:00+05:30,238.9,237.42678571428573,241.5517857142857,-0.6,EOD-
S156,WIPRO,2024-02-07 10:00:00+05:30,-0.2112,-0.2151,0,,1.1734,70.59,-0.9022,0,0.4351,0.0,3,0,0,0,3,4,2024-02-07 10:15:00+05:30,2024-02-07 10:20:00+05:30,2024-02-07 14:55:00+05:30,237.75,235.57142857142856,241.6714285714286,-2.1786,L
S157,WIPRO,2024-02-07 10:30:00+05:30,-0.1199,-0.1398,0,,1.2909,50.0,-0.7668,0,0.4061,1.0,3,0,0,0,3,4,2024-02-07 10:45:00+05:30,2024-02-07 10:50:00+05:30,2024-02-07 14:55:00+05:30,237.5,235.8392857142857,240.48928571428573,-1.6607,L
S158,WIPRO,2024-02-07 11:05:00+05:30,-0.0348,-0.1601,2,1.0,0.178,61.54,0.3333,0,1.4454,,0,0,0,1,0,1,2024-02-07 11:05:00+05:30,2024-02-07 11:10:00+05:30,2024-02-07 11:30:00+05:30,237.8,236.21964285714287,240.64464285714288,-1.5804,L
S159,WIPRO,2024-02-07 11:45:00+05:30,-0.0558,0.0105,0,,1.1415,81.82,-0.8606,0,1.5193,1.0,3,1,0,0,3,4,2024-02-07 12:00:00+05:30,2024-02-07 12:05:00+05:30,2024-02-07 14:55:00+05:30,237.45,235.87857142857143,240.2785714285714,-1.5714,L
S160,WIPRO,2024-02-07 12:10:00+05:30,-0.0074,-0.0601,0,,0.0814,58.82,4.0,0,2.6415,,0,0,0,1,0,1,2024-02-07 12:10:00+05:30,2024-02-07 12:15:00+05:30,2024-02-07 14:30:00+05:30,237.95,236.4142857142857,240.7142857142857,-1.5357,L
S161,WIPRO,2024-02-07 12:45:00+05:30,0.0484,0.1074,6,3.0,0.2455,72.73,0.1111,0,0.628,,0,0,1,1,0,1,2024-02-07 12:45:00+05:30,2024-02-07 12:50:00+05:30,2024-02-07 14:55:00+05:30,237.55,236.175,240.025,-1.375,L
S162,WIPRO,2024-02-07 12:55:00+05:30,-0.0126,0.0821,0,,0.1626,50.0,0.1111,0,0.303,,0,0,1,1,0,1,2024-02-07 12:55:00+05:30,2024-02-07 13:00:00+05:30,2024-02-07 14:30:00+05:30,237.65,236.26607142857145,240.14107142857145,-1.3839,L
S163,WIPRO,2024-02-07 13:05:00+05:30,-0.0179,0.0168,0,,0.5618,40.0,-0.6721,0,0.7876,1.0,1,1,0,0,1,2,2024-02-07 13:10:00+05:30,2024-02-07 13:15:00+05:30,2024-02-07 14:30:00+05:30,237.7,236.34285714285716,240.14285714285717,-1.3571,L
S164,WIPRO,2024-02-07 13:55:00+05:30,-0.06,0.0032,0,,1.4408,50.0,-1.0,0,0.8867,1.0,3,0,1,0,3,4,2024-02-07 14:10:00+05:30,2024-02-07 14:15:00+05:30,2024-02-07 14:30:00+05:30,237.5,236.42857142857144,239.42857142857144,-1.0714,L
S165,WIPRO,2024-02-08 09:15:00+05:30,,,0,,1.8419,29.17,0.189,0,3.3527,,0,0,0,1,0,1,2024-02-08 09:15:00+05:30,2024-02-08 09:20:00+05:30,2024-02-08 11:00:00+05:30,237.6,236.0017857142857,240.4767857142857,-1.5982,L
S166,WIPRO,2024-02-08 09:35:00+05:30,,,3,2.0,0.2907,70.37,0.0204,0,0.6038,,0,0,0,1,0,1,2024-02-08 09:35:00+05:30,2024-02-08 09:40:00+05:30,2024-02-08 11:00:00+05:30,236.85,234.74285714285716,240.64285714285717,-2.1071,L
S167,WIPRO,2024-02-08 10:05:00+05:30,0.0928,0.0253,4,2.0,0.0794,94.74,-1.0,0,1.4173,1.0,3,1,0,0,3,4,2024-02-08 10:20:00+05:30,2024-02-08 10:25:00+05:30,2024-02-08 11:00:00+05:30,237.7,235.49464285714285,241.6696428571429,-2.2054,L
S168,WIPRO,2024-02-08 12:00:00+05:30,-0.2719,-0.3574,0,,0.9663,58.33,-0.79,0,0.3304,0.0,3,0,1,0,3,4,2024-02-08 12:15:00+05:30,2024-02-08 12:20:00+05:30,2024-02-08 14:55:00+05:30,235.4,232.93571428571428,239.8357142857143,-2.4643,L
S169,WIPRO,2024-02-08 12:55:00+05:30,0.0138,-0.1225,6,1.0,0.0092,54.55,19.0,0,0.4401,,0,0,1,1,0,1,2024-02-08 12:55:00+05:30,2024-02-08 13:00:00+05:30,2024-02-08 14:30:00+05:30,235.15,233.78392857142856,237.6089285714286,-1.3661,L
S170,WIPRO,2024-02-08 13:25:00+05:30,0.1318,0.1234,5,3.0,0.4295,23.08,0.7284,0,1.4535,,0,0,0,1,0,1,2024-02-08 13:25:00+05:30,2024-02-08 13:30:00+05:30,2024-02-08 14:05:00+05:30,235.45,234.27142857142857,237.57142857142856,-1.1786,L
S171,WIPRO,2024-02-09 09:15:00+05:30,,,0,,0.9937,64.29,-0.4475,0,1.9081,1.0,1,1,0,0,1,2,2024-02-09 09:20:00+05:30,2024-02-09 09:25:00+05:30,2024-02-09 09:40:00+05:30,235.6,233.3232142857143,239.69821428571427,-2.2768,L
S172,WIPRO,2024-02-09 09:35:00+05:30,,,2,2.0,0.5224,79.41,-0.92,0,0.7527,0.0,1,0,0,0,1,2,2024-02-09 09:40:00+05:30,2024-02-09 09:45:00+05:30,2024-02-09 11:00:00+05:30,234.1,231.10892857142855,239.48392857142852,-2.9911,L
S173,WIPRO,2024-02-09 11:35:00+05:30,-0.1485,-0.3377,0,,1.3049,42.86,-0.8437,0,0.6719,0.0,3,1,0,0,3,4,2024-02-09 11:50:00+05:30,2024-02-09 11:55:00+05:30,2024-02-09 15:00:00+05:30,232.4,230.56071428571428,235.7107142857143,1.8,EOD+
S174,WIPRO,2024-02-09 12:00:00+05:30,-0.0603,-0.0635,1,1.0,0.168,35.71,0.6667,0,1.1792,,0,0,0,1,0,1,2024-02-09 12:00:00+05:30,2024-02-09 12:05:00+05:30,2024-02-09 15:00:00+05:30,232.45,230.6642857142857,235.6642857142857,1.75,EOD+
S175,WIPRO,2024-02-12 09:15:00+05:30,,,0,,0.3188,94.68,-1.0,0,9.0051,,0,0,0,1,0,1,2024-02-12 09:15:00+05:30,2024-02-12 09:20:00+05:30,2024-02-12 11:10:00+05:30,239.0,237.09821428571428,242.4232142857143,3.4232,W
S176,WIPRO,2024-02-12 10:25:00+05:30,0.4975,0.5053,13,10.0,0.1496,26.09,2.5897,0,0.8266,,0,0,0,1,0,1,2024-02-12 10:25:00+05:30,2024-02-12 10:30:00+05:30,2024-02-12 15:00:00+05:30,239.0,235.74107142857144,244.86607142857144,1.2,EOD+
S177,WIPRO,2024-02-12 12:05:00+05:30,0.3771,0.3769,19,5.0,1.4395,62.5,-0.4902,0,0.6578,0.0,1,0,0,0,1,2,2024-02-12 12:10:00+05:30,2024-02-12 12:15:00+05:30,2024-02-12 13:00:00+05:30,242.6,240.38571428571427,246.58571428571423,-2.2143,L
S178,WIPRO,2024-02-12 12:25:00+05:30,0.303,0.3634,2,1.0,0.2834,8.7,1.906,0,0.5037,,0,0,0,1,0,1,2024-02-12 12:25:00+05:30,2024-02-12 12:30:00+05:30,2024-02-12 13:00:00+05:30,243.25,240.6696428571429,247.89464285714283,-2.5804,L
S179,WIPRO,2024-02-12 13:50:00+05:30,-0.1064,-0.1746,0,,1.0122,78.57,-0.9377,0,0.7244,1.0,3,0,0,0,3,4,2024-02-12 14:05:00+05:30,2024-02-12 14:10:00+05:30,2024-02-12 15:00:00+05:30,241.7,239.71785714285716,245.26785714285717,-1.9821,L
S180,WIPRO,2024-02-12 14:15:00+05:30,-0.1501,-0.1148,1,1.0,0.8494,100.0,-1.0,0,1.0921,1.0,3,0,0,0,3,4,2024-02-12 14:30:00+05:30,2024-02-12 14:35:00+05:30,2024-02-12 14:50:00+05:30,241.7,240.11071428571427,244.56071428571428,-1.5893,L
S181,WIPRO,2024-02-13 10:10:00+05:30,-0.4104,-0.4755,0,,0.5814,0.0,-0.6552,0,0.5165,0.0,3,0,0,0,3,4,2024-02-13 10:25:00+05:30,2024-02-13 10:30:00+05:30,2024-02-13 14:50:00+05:30,237.9,234.15892857142856,244.63392857142856,6.7339,W
S182,WIPRO,2024-02-13 11:20:00+05:30,0.166,0.0105,10,6.0,0.134,50.0,1.7778,0,0.6255,,0,1,0,1,0,1,2024-02-13 11:20:00+05:30,2024-02-13 11:25:00+05:30,2024-02-13 13:50:00+05:30,238.4,236.7214285714286,241.42142857142852,3.0214,W
S183,WIPRO,2024-02-13 11:30:00+05:30,0.19,0.1093,1,1.0,0.5708,50.0,0.2579,0,1.2934,,0,0,1,1,0,1,2024-02-13 11:30:00+05:30,2024-02-13 11:35:00+05:30,2024-02-13 12:15:00+05:30,238.8,237.0589285714286,241.93392857142857,-1.7411,L
S184,WIPRO,2024-02-13 11:40:00+05:30,0.1878,0.1807,1,1.0,0.2061,80.95,0.3793,0,0.9324,,0,0,0,1,0,1,2024-02-13 11:40:00+05:30,2024-02-13 11:45:00+05:30,2024-02-13 13:50:00+05:30,238.3,236.54107142857143,241.46607142857144,3.1661,W
S185,WIPRO,2024-02-13 11:50:00+05:30,0.1196,0.1753,0,,0.9137,36.36,-0.8387,0,0.7384,1.0,1,0,1,0,1,2,2024-02-13 11:55:00+05:30,2024-02-13 12:00:00+05:30,2024-02-13 13:50:00+05:30,238.35,236.65357142857144,241.4035714285714,3.0536,W
S186,WIPRO,2024-02-13 12:35:00+05:30,-0.1029,-0.0525,0,,1.1455,60.0,-0.6914,0,0.4399,0.0,3,1,1,0,3,4,2024-02-13 12:50:00+05:30,2024-02-13 12:55:00+05:30,2024-02-13 13:50:00+05:30,238.1,236.33214285714288,241.28214285714287,3.1821,W
S187,WIPRO,2024-02-15 12:35:00+05:30,-0.1873,-0.2134,0,,2.9193,75.0,-0.8638,0,0.8371,0.0,3,0,0,0,3,4,2024-02-15 12:50:00+05:30,2024-02-15 12:55:00+05:30,2024-02-15 15:00:00+05:30,247.05,245.47857142857143,249.87857142857143,0.9,EOD+
S188,WIPRO,2024-02-15 13:10:00+05:30,-0.0294,-0.0851,3,2.0,0.2743,90.91,-0.7015,0,1.0303,0.0,2,0,0,0,2,3,2024-02-15 13:20:00+05:30,2024-02-15 13:25:00+05:30,2024-02-15 15:00:00+05:30,247.45,245.9232142857143,250.19821428571424,0.5,EOD+
S189,WIPRO,2024-02-15 14:15:00+05:30,0.2049,0.191,10,4.0,0.2776,69.23,-0.1304,0,0.9117,0.0,3,1,0,0,3,4,2024-02-15 14:30:00+05:30,2024-02-15 14:35:00+05:30,2024-02-15 15:00:00+05:30,247.95,246.39642857142857,250.74642857142857,0.0,EOD-
S190,WIPRO,2024-02-16 11:45:00+05:30,0.2012,0.2203,30,8.0,0.1953,50.0,0.5094,0,0.3733,,0,0,0,1,0,1,2024-02-16 11:45:00+05:30,2024-02-16 11:50:00+05:30,2024-02-16 12:55:00+05:30,251.1,249.4035714285714,254.1535714285714,3.0536,W
S191,WIPRO,2024-02-16 12:15:00+05:30,0.0478,0.1413,0,,1.9127,90.91,-0.9485,0,0.462,0.0,3,0,1,0,3,4,2024-02-16 12:30:00+05:30,2024-02-16 12:35:00+05:30,2024-02-16 12:55:00+05:30,251.75,250.4821428571429,254.03214285714284,2.2821,W
S192,WIPRO,2024-02-19 10:10:00+05:30,-0.2916,-0.2902,0,,0.9242,25.0,-0.6859,0,1.0473,1.0,3,0,0,0,3,4,2024-02-19 10:25:00+05:30,2024-02-19 10:30:00+05:30,2024-02-19 15:00:00+05:30,257.4,253.525,264.37499999999994,-0.55,EOD-
S193,WIPRO,2024-02-19 11:05:00+05:30,0.0448,-0.1023,7,7.0,0.0519,60.0,4.5556,0,1.0802,,0,1,0,1,0,1,2024-02-19 11:05:00+05:30,2024-02-19 11:10:00+05:30,2024-02-19 15:00:00+05:30,257.5,255.33035714285717,261.4053571428572,-0.65,EOD-
S194,WIPRO,2024-02-19 11:20:00+05:30,0.1983,0.0448,1,1.0,0.0538,61.54,3.4444,0,0.3677,,0,0,1,1,0,1,2024-02-19 11:20:00+05:30,2024-02-19 11:25:00+05:30,2024-02-19 15:00:00+05:30,257.3,255.2107142857143,261.0607142857143,-0.45,EOD-
S195,WIPRO,2024-02-19 11:30:00+05:30,0.1905,0.1751,0,,0.3425,10.0,-0.8246,0,0.5402,1.0,1,0,1,0,1,2,2024-02-19 11:35:00+05:30,2024-02-19 11:40:00+05:30,2024-02-19 15:00:00+05:30,257.8,255.71964285714287,261.5446428571429,-0.95,EOD-
S196,WIPRO,2024-02-19 13:00:00+05:30,0.145,0.1703,16,4.0,0.2038,50.0,-1.0,0,0.3492,0.0,2,0,1,0,2,3,2024-02-19 13:10:00+05:30,2024-02-19 13:15:00+05:30,2024-02-19 14:10:00+05:30,258.75,257.3392857142857,261.2892857142857,-1.4107,L
S197,WIPRO,2024-02-20 10:00:00+05:30,-0.2519,-0.1881,0,,1.3344,15.38,-0.7951,0,0.6345,1.0,3,0,0,0,3,4,2024-02-20 10:15:00+05:30,2024-02-20 10:20:00+05:30,2024-02-20 10:50:00+05:30,255.75,253.4642857142857,259.8642857142857,-2.2857,L
S198,WIPRO,2024-02-20 11:05:00+05:30,-0.1569,-0.1607,0,,0.6887,100.0,-1.0,0,0.6038,1.0,3,0,1,0,3,4,2024-02-20 11:20:00+05:30,2024-02-20 11:25:00+05:30,2024-02-20 12:55:00+05:30,255.1,253.4392857142857,258.0892857142857,-1.6607,L
S199,WIPRO,2024-02-20 11:40:00+05:30,-0.002,-0.1217,2,1.0,0.094,33.33,7.0,0,0.7577,,0,0,0,1,0,1,2024-02-20 11:40:00+05:30,2024-02-20 11:45:00+05:30,2024-02-20 12:25:00+05:30,255.2,253.86964285714285,257.59464285714284,-1.3304,L
S200,WIPRO,2024-02-20 11:50:00+05:30,0.0069,-0.0353,0,,0.7783,58.33,-0.4083,0,0.3245,0.0,1,0,1,0,1,2,2024-02-20 11:55:00+05:30,2024-02-20 12:00:00+05:30,2024-02-20 12:55:00+05:30,254.8,253.44285714285715,257.24285714285713,-1.3571,L
S201,WIPRO,2024-02-20 13:15:00+05:30,-0.1474,-0.0805,0,,1.3904,16.67,-0.7931,0,1.1169,1.0,3,0,0,0,3,4,2024-02-20 13:30:00+05:30,2024-02-20 13:35:00+05:30,2024-02-20 13:55:00+05:30,254.55,253.2464285714286,256.8964285714286,-1.3036,L
S202,WIPRO,2024-02-20 13:40:00+05:30,-0.061,-0.1318,0,,0.0434,16.67,11.5,0,0.5427,,0,0,1,1,0,1,2024-02-20 13:40:00+05:30,2024-02-20 13:45:00+05:30,2024-02-20 13:55:00+05:30,254.4,253.2482142857143,256.4732142857143,-1.1518,L
S203,WIPRO,2024-02-20 14:10:00+05:30,-0.1527,-0.1024,0,,1.4894,14.29,-0.7389,0,1.0617,1.0,3,0,0,0,3,4,2024-02-20 14:25:00+05:30,2024-02-20 14:30:00+05:30,2024-02-20 15:00:00+05:30,253.7,252.09285714285716,256.5928571428572,-0.5,EOD-
S204,WIPRO,2024-02-21 09:15:00+05:30,,,0,,0.3622,37.7,5.5385,0,5.1894,,0,0,0,1,0,1,2024-02-21 09:15:00+05:30,2024-02-21 09:20:00+05:30,2024-02-21 10:20:00+05:30,255.0,253.20535714285717,258.23035714285714,-1.7946,L
S205,WIPRO,2024-02-21 09:30:00+05:30,,,2,1.0,0.0553,36.36,4.5556,0,0.853,,0,1,1,1,0,1,2024-02-21 09:30:00+05:30,2024-02-21 09:35:00+05:30,2024-02-21 10:50:00+05:30,254.5,252.4642857142857,258.1642857142857,-2.0357,L
S206,WIPRO,2024-02-21 09:40:00+05:30,0.1939,,1,1.0,0.1134,53.57,4.8537,0,0.9962,,0,0,0,1,0,1,2024-02-21 09:40:00+05:30,2024-02-21 09:45:00+05:30,2024-02-21 11:15:00+05:30,254.5,252.24107142857144,258.56607142857143,-2.2589,L
S207,WIPRO,2024-02-21 11:55:00+05:30,-0.1872,-0.2543,0,,0.8917,66.67,-0.8131,0,0.7603,1.0,3,0,0,0,3,4,2024-02-21 12:10:00+05:30,2024-02-21 12:15:00+05:30,2024-02-21 14:00:00+05:30,252.45,250.95,255.15,-1.5,L
S208,WIPRO,2024-02-21 12:45:00+05:30,0.003,-0.0228,6,4.0,0.1542,38.46,4.3846,0,0.8155,,0,0,1,1,0,1,2024-02-21 12:45:00+05:30,2024-02-21 12:50:00+05:30,2024-02-21 13:30:00+05:30,252.75,251.69642857142856,254.6464285714286,-1.0536,L
S209,WIPRO,2024-02-21 13:05:00+05:30,0.0773,0.0168,3,3.0,0.0265,80.0,-1.0,0,0.4762,0.0,2,0,1,0,2,3,2024-02-21 13:15:00+05:30,2024-02-21 13:20:00+05:30,2024-02-21 14:00:00+05:30,252.55,251.37142857142857,254.6714285714286,-1.1786,L
S210,WIPRO,2024-02-21 13:25:00+05:30,0.0643,0.0941,0,,1.2237,85.71,-1.0,0,2.7223,1.0,1,0,0,0,1,2,2024-02-21 13:30:00+05:30,2024-02-21 13:35:00+05:30,2024-02-21 14:00:00+05:30,252.65,251.44464285714287,254.81964285714287,-1.2054,L
S211,WIPRO,2024-02-21 13:40:00+05:30,0.0584,0.0643,0,,0.1652,50.0,0.5789,0,0.5389,,0,0,1,1,0,1,2024-02-21 13:40:00+05:30,2024-02-21 13:45:00+05:30,2024-02-21 14:00:00+05:30,252.7,251.2625,255.2875,-1.4375,L
S212,WIPRO,2024-02-22 09:15:00+05:30,,,0,,0.4712,27.27,-0.3064,0,2.8334,,0,1,0,1,0,1,2024-02-22 09:15:00+05:30,2024-02-22 09:20:00+05:30,2024-02-22 15:00:00+05:30,250.65,248.35535714285717,254.7803571428572,2.0,EOD+
S213,WIPRO,2024-02-22 09:30:00+05:30,,,2,1.0,0.6211,72.09,-0.6825,0,1.0109,0.0,1,0,1,0,1,2,2024-02-22 09:35:00+05:30,2024-02-22 09:40:00+05:30,2024-02-22 15:00:00+05:30,250.65,248.11428571428573,255.2142857142857,2.0,EOD+
S214,WIPRO,2024-02-22 09:55:00+05:30,0.058,-0.0801,3,3.0,0.1328,85.29,0.1429,0,0.909,,0,0,0,1,0,1,2024-02-22 09:55:00+05:30,2024-02-22 10:00:00+05:30,2024-02-22 15:00:00+05:30,249.9,246.60535714285717,255.8303571428572,2.75,EOD+
S215,WIPRO,2024-02-22 10:05:00+05:30,0.09,0.021,0,,0.4163,34.78,-0.1031,0,0.5025,,0,0,0,1,0,1,2024-02-22 10:05:00+05:30,2024-02-22 10:10:00+05:30,2024-02-22 15:00:00+05:30,250.35,247.0017857142857,256.37678571428575,2.3,EOD+
S216,WIPRO,2024-02-22 10:20:00+05:30,0.1269,0.09,2,2.0,0.1036,6.25,-0.2982,0,0.2731,,0,0,1,1,0,1,2024-02-22 10:20:00+05:30,2024-02-22 10:25:00+05:30,2024-02-22 15:00:00+05:30,250.25,246.8125,256.4375,2.4,EOD+
S217,WIPRO,2024-02-22 10:50:00+05:30,0.1904,0.1497,4,3.0,0.2314,33.33,0.0256,0,0.2506,,0,0,1,1,0,1,2024-02-22 10:50:00+05:30,2024-02-22 10:55:00+05:30,2024-02-22 15:00:00+05:30,250.8,248.69285714285715,254.5928571428572,1.85,EOD+
S218,WIPRO,2024-02-22 11:25:00+05:30,-0.0529,0.0359,0,,0.6565,55.56,-0.7351,0,0.9901,1.0,3,0,0,0,3,4,2024-02-22 11:40:00+05:30,2024-02-22 11:45:00+05:30,2024-02-22 15:00:00+05:30,250.75,249.3125,253.3375,2.5875,W
S219,WIPRO,2024-02-22 11:50:00+05:30,0.017,-0.0768,1,1.0,0.2489,0.0,1.0833,0,0.4345,,0,0,1,1,0,1,2024-02-22 11:50:00+05:30,2024-02-22 11:55:00+05:30,2024-02-22 15:00:00+05:30,250.75,249.5446428571429,252.9196428571429,2.1696,W
S220,WIPRO,2024-02-22 12:15:00+05:30,0.014,0.0558,4,1.0,0.2625,30.0,0.4286,0,0.8232,,0,0,1,1,0,1,2024-02-22 12:15:00+05:30,2024-02-22 12:20:00+05:30,2024-02-22 14:00:00+05:30,250.75,249.75,252.55,1.8,W
S221,WIPRO,2024-02-22 12:25:00+05:30,-0.0379,0.0289,0,,1.4487,11.11,-0.4118,0,0.7017,0.0,1,0,1,0,1,2,2024-02-22 12:30:00+05:30,2024-02-22 12:35:00+05:30,2024-02-22 14:50:00+05:30,250.75,249.7232142857143,252.59821428571425,1.8482,W
S222,WIPRO,2024-02-22 12:40:00+05:30,0.001,-0.0379,0,,0.1438,57.14,1.6087,0,0.5329,,0,0,0,1,0,1,2024-02-22 12:40:00+05:30,2024-02-22 12:45:00+05:30,2024-02-22 14:00:00+05:30,250.75,249.75000000000003,252.55,1.8,W
S223,WIPRO,2024-02-22 12:50:00+05:30,0.0329,-0.0249,0,,0.2067,40.0,-0.3548,0,0.4438,0.0,1,0,1,0,1,2,2024-02-22 12:55:00+05:30,2024-02-22 13:00:00+05:30,2024-02-22 14:00:00+05:30,250.8,249.8625,252.4875,1.6875,W
S224,WIPRO,2024-02-22 13:05:00+05:30,0.0339,0.0329,1,1.0,0.1123,54.55,2.5294,0,1.0302,,0,1,1,1,0,1,2024-02-22 13:05:00+05:30,2024-02-22 13:10:00+05:30,2024-02-22 15:00:00+05:30,251.3,250.35357142857143,253.00357142857143,1.7036,W
S225,WIPRO,2024-02-22 13:15:00+05:30,0.0508,0.0299,1,1.0,0.5035,54.55,0.2195,0,1.0627,,0,0,0,1,0,1,2024-02-22 13:15:00+05:30,2024-02-22 13:20:00+05:30,2024-02-22 14:50:00+05:30,250.85,249.83214285714288,252.68214285714285,1.8321,W
S226,WIPRO,2024-02-22 13:25:00+05:30,0.0438,0.0468,0,,0.302,40.0,-0.5455,0,0.4978,0.0,1,0,1,0,1,2,2024-02-22 13:30:00+05:30,2024-02-22 13:35:00+05:30,2024-02-22 14:50:00+05:30,251.0,250.0892857142857,252.6392857142857,1.6393,W
S227,WIPRO,2024-02-22 14:10:00+05:30,0.1135,0.0687,7,2.0,0.0,76.92,,1,1.8147,1.0,2,0,1,0,2,3,2024-02-22 14:20:00+05:30,2024-02-22 14:25:00+05:30,2024-02-22 15:00:00+05:30,251.55,250.29107142857143,253.81607142857143,1.1,EOD+
S228,WIPRO,2024-02-22 14:30:00+05:30,0.0497,0.0945,1,1.0,0.481,14.29,0.1881,0,1.2145,,0,1,0,1,0,1,2024-02-22 14:30:00+05:30,2024-02-22 14:35:00+05:30,2024-02-22 15:00:00+05:30,251.4,250.0875,253.7625,2.3625,W
S229,WIPRO,2024-02-23 11:20:00+05:30,0.1208,0.2827,25,7.0,0.0035,42.86,79.0,0,0.3216,,0,0,1,1,0,1,2024-02-23 11:20:00+05:30,2024-02-23 11:25:00+05:30,2024-02-23 12:30:00+05:30,256.85,255.08214285714288,260.03214285714284,-1.7679,L
S230,WIPRO,2024-02-23 11:35:00+05:30,0.1256,0.1208,2,1.0,0.2216,46.67,1.2222,0,0.3482,,0,1,0,1,0,1,2024-02-23 11:35:00+05:30,2024-02-23 11:40:00+05:30,2024-02-23 12:15:00+05:30,257.05,255.27321428571432,260.24821428571425,-1.7768,L
S231,WIPRO,2024-02-23 11:45:00+05:30,0.1596,0.1159,0,,0.1583,33.33,0.7778,0,0.1999,,0,0,1,1,0,1,2024-02-23 11:45:00+05:30,2024-02-23 11:50:00+05:30,2024-02-23 12:15:00+05:30,257.2,255.4232142857143,260.39821428571423,-1.7768,L
S232,WIPRO,2024-02-23 12:30:00+05:30,-0.1764,-0.0282,0,,2.6855,33.33,-0.8033,0,3.886,1.0,3,0,0,0,3,4,2024-02-23 12:45:00+05:30,2024-02-23 12:50:00+05:30,2024-02-23 15:00:00+05:30,256.35,254.9303571428572,258.9053571428572,0.0,EOD-
S233,WIPRO,2024-02-23 13:05:00+05:30,-0.038,-0.1385,2,2.0,0.0971,12.5,5.3158,0,0.6394,,0,0,0,1,0,1,2024-02-23 13:05:00+05:30,2024-02-23 13:10:00+05:30,2024-02-23 15:00:00+05:30,256.5,255.2767857142857,258.7017857142857,-0.15,EOD-
S234,WIPRO,2024-02-23 13:15:00+05:30,-0.0615,-0.0507,0,,0.5113,30.0,0.165,0,1.7631,,0,0,0,1,0,1,2024-02-23 13:15:00+05:30,2024-02-23 13:20:00+05:30,2024-02-23 15:00:00+05:30,256.35,255.09107142857147,258.61607142857144,0.0,EOD-
S235,WIPRO,2024-02-23 13:25:00+05:30,-0.081,-0.0429,1,1.0,1.4705,0.0,0.3419,0,2.0102,,0,0,0,1,0,1,2024-02-23 13:25:00+05:30,2024-02-23 13:30:00+05:30,2024-02-23 15:00:00+05:30,256.3,254.96964285714287,258.69464285714287,0.05,EOD+
S236,WIPRO,2024-02-23 13:35:00+05:30,-0.0371,-0.0713,0,,0.4455,28.57,0.0204,0,0.2917,,0,0,1,1,0,1,2024-02-23 13:35:00+05:30,2024-02-23 13:40:00+05:30,2024-02-23 15:00:00+05:30,256.2,254.825,258.675,0.15,EOD+
S237,WIPRO,2024-02-23 13:45:00+05:30,-0.0078,-0.0635,0,,0.2,14.29,-0.0476,0,0.263,,0,1,1,1,0,1,2024-02-23 13:45:00+05:30,2024-02-23 13:50:00+05:30,2024-02-23 15:00:00+05:30,256.2,254.8875,258.5625,0.15,EOD+
S238,WIPRO,2024-02-23 13:55:00+05:30,0.0293,-0.0215,0,,0.5314,28.57,-0.2308,0,0.4851,0.0,1,0,0,0,1,2,2024-02-23 14:00:00+05:30,2024-02-23 14:05:00+05:30,2024-02-23 15:00:00+05:30,256.45,255.2267857142857,258.6517857142857,-0.1,EOD-
S239,WIPRO,2024-02-23 14:10:00+05:30,0.0673,0.0293,0,,0.6023,71.43,-0.8198,0,0.9645,1.0,3,0,0,0,3,4,2024-02-23 14:25:00+05:30,2024-02-23 14:30:00+05:30,2024-02-23 15:00:00+05:30,256.35,255.1982142857143,258.4232142857143,0.0,EOD-
S240,WIPRO,2024-02-26 10:55:00+05:30,-0.3828,-0.4017,0,,1.5954,75.0,-0.9555,0,1.4752,1.0,3,1,0,0,3,4,2024-02-26 11:10:00+05:30,2024-02-26 11:15:00+05:30,2024-02-26 15:00:00+05:30,253.0,251.24107142857144,256.16607142857146,0.5,EOD+
S241,WIPRO,2024-02-26 11:35:00+05:30,-0.0307,-0.1089,4,4.0,0.1738,0.0,0.6216,0,0.5235,,0,0,1,1,0,1,2024-02-26 11:35:00+05:30,2024-02-26 11:40:00+05:30,2024-02-26 13:50:00+05:30,252.55,251.21964285714287,254.94464285714287,2.3946,W
S242,WIPRO,2024-02-26 12:10:00+05:30,0.0198,0.0257,5,4.0,0.047,0.0,11.0,0,0.5707,,0,0,0,1,0,1,2024-02-26 12:10:00+05:30,2024-02-26 12:15:00+05:30,2024-02-26 14:00:00+05:30,252.8,251.46964285714287,255.19464285714287,2.3946,W
S243,WIPRO,2024-02-27 09:55:00+05:30,0.0598,0.0952,8,6.0,0.0781,28.57,4.9259,0,0.6484,,0,1,0,1,0,1,2024-02-27 09:55:00+05:30,2024-02-27 10:00:00+05:30,2024-02-27 12:05:00+05:30,255.5,253.3392857142857,259.38928571428573,-2.1607,L
S244,WIPRO,2024-02-27 11:10:00+05:30,-0.0863,0.0225,0,,0.7888,28.57,-1.0,0,0.4814,1.0,3,0,0,0,3,4,2024-02-27 11:25:00+05:30,2024-02-27 11:30:00+05:30,2024-02-27 11:55:00+05:30,254.9,253.70357142857145,257.05357142857144,-1.1964,L
S245,WIPRO,2024-02-27 12:25:00+05:30,-0.0924,-0.1042,0,,1.3889,50.0,-0.84,0,1.3616,1.0,3,0,0,0,3,4,2024-02-27 12:40:00+05:30,2024-02-27 12:45:00+05:30,2024-02-27 13:40:00+05:30,254.15,253.025,256.175,-1.125,L
S246,WIPRO,2024-02-27 12:50:00+05:30,-0.0748,-0.0905,0,,0.1874,100.0,-1.0,0,4.0061,,0,0,0,1,0,1,2024-02-27 12:50:00+05:30,2024-02-27 12:55:00+05:30,2024-02-27 13:40:00+05:30,254.45,253.3160714285714,256.49107142857144,-1.1339,L
S247,WIPRO,2024-02-27 13:05:00+05:30,-0.0256,-0.0748,2,2.0,0.1339,66.67,0.8182,0,0.643,,0,1,0,1,0,1,2024-02-27 13:05:00+05:30,2024-02-27 13:10:00+05:30,2024-02-27 13:40:00+05:30,254.25,253.22321428571428,256.0982142857143,-1.0268,L
S248,WIPRO,2024-02-27 14:10:00+05:30,-0.1065,-0.0759,0,,1.9908,40.0,-0.8005,0,1.0158,1.0,3,0,1,0,3,4,2024-02-27 14:25:00+05:30,2024-02-27 14:30:00+05:30,2024-02-27 15:00:00+05:30,253.7,252.4410714285714,255.96607142857144,-0.3,EOD-
S249,WIPRO,2024-02-28 12:05:00+05:30,-0.3559,-0.3403,0,,2.5667,33.33,-0.9226,0,0.7957,1.0,3,1,1,0,3,4,2024-02-28 12:20:00+05:30,2024-02-28 12:25:00+05:30,2024-02-28 13:00:00+05:30,249.95,248.6910714285714,252.21607142857144,-1.2589,L
S250,WIPRO,2024-02-28 12:35:00+05:30,-0.1262,-0.2854,2,2.0,0.2649,16.67,1.8571,0,0.5098,,0,1,1,1,0,1,2024-02-28 12:35:00+05:30,2024-02-28 12:40:00+05:30,2024-02-28 13:00:00+05:30,250.05,248.72857142857143,252.42857142857147,-1.3214,L
S251,WIPRO,2024-02-28 12:45:00+05:30,-0.027,-0.1933,1,1.0,0.2791,40.0,0.6949,0,0.6319,,0,1,0,1,0,1,2024-02-28 12:45:00+05:30,2024-02-28 12:50:00+05:30,2024-02-28 13:05:00+05:30,249.8,248.47857142857143,252.17857142857144,-1.3214,L
S252,WIPRO,2024-02-28 13:55:00+05:30,-0.0452,-0.007,0,,1.2241,88.89,-1.0,0,1.5518,1.0,3,1,1,0,3,4,2024-02-28 14:10:00+05:30,2024-02-28 14:15:00+05:30,2024-02-28 15:00:00+05:30,249.25,247.58035714285717,252.25535714285715,-0.4,EOD-
S253,WIPRO,2024-02-28 14:20:00+05:30,-0.1135,-0.0853,0,,0.3408,33.33,-0.1892,0,0.5207,1.0,1,0,1,0,1,2,2024-02-28 14:25:00+05:30,2024-02-28 14:30:00+05:30,2024-02-28 15:00:00+05:30,249.35,247.99285714285716,251.79285714285712,-0.5,EOD-
S254,WIPRO,2024-02-29 09:15:00+05:30,,,0,,3.6063,2.5,-0.3776,0,0.7612,0.0,3,0,0,0,3,4,2024-02-29 09:30:00+05:30,2024-02-29 09:35:00+05:30,2024-02-29 10:50:00+05:30,248.65,246.5339285714286,252.45892857142852,-2.1161,L
S255,WIPRO,2024-02-29 09:40:00+05:30,-0.0544,,0,,0.0178,16.0,19.0,0,1.1174,,0,1,0,1,0,1,2024-02-29 09:40:00+05:30,2024-02-29 09:45:00+05:30,2024-02-29 10:50:00+05:30,248.9,246.4446428571429,253.31964285714284,-2.4554,L
S256,WIPRO,2024-02-29 10:55:00+05:30,-0.0373,-0.1281,0,,2.2711,53.33,-0.9452,0,0.8776,0.0,3,1,1,0,3,4,2024-02-29 11:10:00+05:30,2024-02-29 11:15:00+05:30,2024-02-29 14:05:00+05:30,248.55,246.54107142857143,252.1660714285714,-2.0089,L
S257,WIPRO,2024-02-29 11:25:00+05:30,-0.0727,-0.0484,2,2.0,0.7935,40.0,-0.3496,0,0.7189,0.0,1,1,1,0,1,2,2024-02-29 11:30:00+05:30,2024-02-29 11:35:00+05:30,2024-02-29 14:30:00+05:30,248.05,246.1125,251.5375,-1.9375,L
S258,WIPRO,2024-02-29 11:50:00+05:30,-0.1203,-0.1121,3,3.0,0.3636,36.36,0.3084,0,0.4521,,0,0,0,1,0,1,2024-02-29 11:50:00+05:30,2024-02-29 11:55:00+05:30,2024-02-29 14:35:00+05:30,247.45,245.61071428571427,250.7607142857143,-1.8393,L
S259,WIPRO,2024-02-29 12:00:00+05:30,-0.0677,-0.1405,0,,0.0955,75.0,-0.2593,0,0.518,,0,0,1,1,0,1,2024-02-29 12:00:00+05:30,2024-02-29 12:05:00+05:30,2024-02-29 14:30:00+05:30,247.65,245.88214285714287,250.83214285714288,-1.7679,L
S260,WIPRO,2024-02-29 12:15:00+05:30,0.0344,-0.0677,1,1.0,0.004,0.0,79.0,0,0.5656,,0,0,1,1,0,1,2024-02-29 12:15:00+05:30,2024-02-29 12:20:00+05:30,2024-02-29 14:30:00+05:30,247.65,246.07857142857145,250.47857142857143,-1.5714,L
S261,WIPRO,2024-02-29 12:30:00+05:30,0.0929,0.0344,2,2.0,0.5272,28.57,0.1765,0,0.5203,,0,0,0,1,0,1,2024-02-29 12:30:00+05:30,2024-02-29 12:35:00+05:30,2024-02-29 14:05:00+05:30,247.85,246.4392857142857,250.3892857142857,-1.4107,L
S262,WIPRO,2024-02-29 12:40:00+05:30,0.1171,0.0667,0,,0.0804,22.22,4.8824,0,0.662,,0,0,0,1,0,1,2024-02-29 12:40:00+05:30,2024-02-29 12:45:00+05:30,2024-02-29 14:00:00+05:30,248.05,246.72857142857143,250.42857142857144,-1.3214,L
S263,WIPRO,2024-02-29 13:15:00+05:30,-0.0283,0.0283,0,,1.1442,42.86,-0.6863,0,1.4128,1.0,3,0,0,0,3,4,2024-02-29 13:30:00+05:30,2024-02-29 13:35:00+05:30,2024-02-29 14:05:00+05:30,247.95,246.5571428571428,250.45714285714288,-1.3929,L
S264,WIPRO,2024-03-01 11:20:00+05:30,-0.1407,-0.1185,0,,1.2584,66.67,-0.7428,0,3.3225,1.0,3,0,0,0,3,4,2024-03-01 11:35:00+05:30,2024-03-01 11:40:00+05:30,2024-03-01 15:00:00+05:30,248.55,247.00535714285715,251.33035714285717,-1.1,EOD-
S265,WIPRO,2024-03-01 12:20:00+05:30,-0.0937,-0.1017,0,,0.8826,25.0,-0.7241,0,2.2655,1.0,3,0,0,0,3,4,2024-03-01 12:35:00+05:30,2024-03-01 12:40:00+05:30,2024-03-01 14:40:00+05:30,248.55,247.5232142857143,250.3982142857143,-1.0268,L
S266,WIPRO,2024-03-01 12:45:00+05:30,-0.0222,-0.0847,1,1.0,0.0184,0.0,25.6667,0,0.4332,,0,0,0,1,0,1,2024-03-01 12:45:00+05:30,2024-03-01 12:50:00+05:30,2024-03-01 15:00:00+05:30,248.25,247.2321428571429,250.08214285714283,-0.8,EOD-
S267,WIPRO,2024-03-01 12:55:00+05:30,-0.0091,-0.0282,1,1.0,0.1413,30.0,0.8182,0,0.9006,,0,0,0,1,0,1,2024-03-01 12:55:00+05:30,2024-03-01 13:00:00+05:30,2024-03-01 15:00:00+05:30,248.2,247.2267857142857,249.95178571428568,-0.75,EOD-
S268,WIPRO,2024-03-01 14:00:00+05:30,0.0916,0.1137,12,8.0,0.3,50.0,0.5686,0,0.7712,,0,0,0,1,0,1,2024-03-01 14:00:00+05:30,2024-03-01 14:05:00+05:30,2024-03-01 14:40:00+05:30,248.55,247.4875,250.4625,-1.0625,L
S269,WIPRO,2024-03-01 14:10:00+05:30,0.0764,0.1006,0,,0.3875,20.0,-0.0323,0,0.5799,,0,1,1,1,0,1,2024-03-01 14:10:00+05:30,2024-03-01 14:15:00+05:30,2024-03-01 14:30:00+05:30,248.65,247.65,250.45,-1.0,L
S270,WIPRO,2024-03-02 12:10:00+05:30,0.1892,0.2054,17,17.0,0.0415,20.0,10.4286,0,0.4335,,0,0,1,1,0,1,2024-03-02 12:10:00+05:30,2024-03-02 12:15:00+05:30,2024-03-04 09:15:00+05:30,250.0,248.94642857142856,251.89642857142857,-1.0536,L
S271,WIPRO,2024-03-04 09:40:00+05:30,-0.0551,,0,,1.378,85.71,-0.8722,0,0.8881,0.0,3,0,1,0,3,4,2024-03-04 09:55:00+05:30,2024-03-04 10:00:00+05:30,2024-03-04 12:50:00+05:30,249.75,248.33035714285717,252.3053571428572,-1.4196,L
S272,WIPRO,2024-03-04 13:50:00+05:30,-0.0814,-0.1014,0,,1.3733,62.5,-0.8058,0,0.7354,0.0,3,0,0,0,3,4,2024-03-04 14:05:00+05:30,2024-03-04 14:10:00+05:30,2024-03-04 15:00:00+05:30,248.9,247.9625,250.5875,-0.1,EOD-
S273,WIPRO,2024-03-04 14:30:00+05:30,0.005,-0.0633,4,3.0,0.0854,71.43,3.0,0,0.5124,,0,1,1,1,0,1,2024-03-04 14:30:00+05:30,2024-03-04 14:35:00+05:30,2024-03-04 15:00:00+05:30,248.9,248.16785714285717,250.21785714285716,-0.1,EOD-
S274,WIPRO,2024-03-05 11:35:00+05:30,-0.146,-0.1681,0,,0.7875,25.0,-1.0,0,0.8393,1.0,3,1,0,0,3,4,2024-03-05 11:50:00+05:30,2024-03-05 11:55:00+05:30,2024-03-05 12:25:00+05:30,246.8,245.37142857142857,249.37142857142865,-1.4286,L
S275,WIPRO,2024-03-05 12:00:00+05:30,-0.0527,-0.1105,0,,0.4,66.67,-0.5455,0,0.4384,1.0,1,1,1,0,1,2,2024-03-05 12:05:00+05:30,2024-03-05 12:10:00+05:30,2024-03-05 12:25:00+05:30,246.55,245.175,249.02500000000003,-1.375,L
S276,WIPRO,2024-03-06 12:05:00+05:30,-0.1208,-0.1124,0,,1.8579,16.67,-0.83,0,0.9833,1.0,3,0,1,0,3,4,2024-03-06 12:20:00+05:30,2024-03-06 12:25:00+05:30,2024-03-06 13:50:00+05:30,240.35,239.1625,242.4875,2.1375,W
S277,WIPRO,2024-03-06 13:30:00+05:30,0.134,0.1154,13,10.0,0.595,30.77,0.3235,0,1.0089,,0,0,0,1,0,1,2024-03-06 13:30:00+05:30,2024-03-06 13:35:00+05:30,2024-03-06 14:15:00+05:30,240.9,239.47142857142856,243.4714285714286,2.5714,W
S278,WIPRO,2024-03-07 09:30:00+05:30,,,3,3.0,0.3396,77.78,0.0526,0,0.9084,,0,1,0,1,0,1,2024-03-07 09:30:00+05:30,2024-03-07 09:35:00+05:30,2024-03-07 11:00:00+05:30,244.75,242.6517857142857,248.5267857142857,3.7768,W
S279,WIPRO,2024-03-07 09:45:00+05:30,0.1797,,0,,0.454,10.0,-0.2258,0,0.468,1.0,3,1,1,0,3,4,2024-03-07 10:00:00+05:30,2024-03-07 10:05:00+05:30,2024-03-07 15:00:00+05:30,245.0,242.86607142857144,248.8410714285714,1.6,EOD+
S280,WIPRO,2024-03-07 10:15:00+05:30,0.1,0.0725,2,1.0,0.3338,0.0,0.3592,0,0.3003,,0,0,0,1,0,1,2024-03-07 10:15:00+05:30,2024-03-07 10:20:00+05:30,2024-03-07 11:00:00+05:30,245.15,243.2214285714286,248.62142857142857,3.4714,W
S281,WIPRO,2024-03-07 10:25:00+05:30,0.1101,0.0816,0,,0.4679,47.06,0.0687,0,1.0655,,0,0,0,1,0,1,2024-03-07 10:25:00+05:30,2024-03-07 10:30:00+05:30,2024-03-07 11:00:00+05:30,245.45,243.7,248.6,3.15,W
S282,WIPRO,2024-03-07 11:50:00+05:30,0.246,0.3011,16,10.0,0.0309,66.67,9.0,0,0.7845,,0,0,0,1,0,1,2024-03-07 11:50:00+05:30,2024-03-07 11:55:00+05:30,2024-03-07 15:00:00+05:30,247.5,245.88392857142856,250.40892857142856,-0.9,EOD-
S283,WIPRO,2024-03-07 12:00:00+05:30,0.2043,0.2522,1,1.0,0.1365,62.5,-0.3548,0,0.7286,1.0,3,0,0,0,3,4,2024-03-07 12:15:00+05:30,2024-03-07 12:20:00+05:30,2024-03-07 14:40:00+05:30,247.55,246.1303571428572,250.10535714285717,-1.4196,L
S284,WIPRO,2024-03-07 12:50:00+05:30,-0.0849,0.0546,0,,0.8167,57.14,-0.5489,0,0.6687,0.0,3,0,0,0,3,4,2024-03-07 13:05:00+05:30,2024-03-07 13:10:00+05:30,2024-03-07 14:40:00+05:30,247.15,246.13214285714287,248.9821428571429,-1.0179,L
S285,WIPRO,2024-03-07 13:20:00+05:30,-0.0374,-0.0749,0,,0.7808,33.33,-0.8276,0,0.7628,0.0,3,0,1,0,3,4,2024-03-07 13:35:00+05:30,2024-03-07 13:40:00+05:30,2024-03-07 14:40:00+05:30,247.05,246.1214285714286,248.72142857142856,-0.9286,L
S286,WIPRO,2024-03-11 09:15:00+05:30,,,0,,0.1446,39.29,1.6316,0,2.8973,,0,0,0,1,0,1,2024-03-11 09:15:00+05:30,2024-03-11 09:20:00+05:30,2024-03-11 11:10:00+05:30,246.7,245.05714285714285,249.65714285714284,-1.6429,L
S287,WIPRO,2024-03-11 09:30:00+05:30,,,1,1.0,0.121,55.56,0.0811,0,0.5138,,0,0,1,1,0,1,2024-03-11 09:30:00+05:30,2024-03-11 09:35:00+05:30,2024-03-11 15:00:00+05:30,246.55,244.63928571428573,249.98928571428573,1.0,EOD+
S288,WIPRO,2024-03-11 09:40:00+05:30,-0.0264,,0,,0.7703,89.47,-1.0,0,0.6681,,0,0,0,1,0,1,2024-03-11 09:40:00+05:30,2024-03-11 09:45:00+05:30,2024-03-11 15:00:00+05:30,246.7,244.65535714285716,250.38035714285715,0.85,EOD+
S289,WIPRO,2024-03-11 09:50:00+05:30,-0.0406,,0,,0.3651,16.67,0.3223,0,0.2749,,0,0,1,1,0,1,2024-03-11 09:50:00+05:30,2024-03-11 09:55:00+05:30,2024-03-11 15:00:00+05:30,246.65,244.57857142857145,250.37857142857143,0.9,EOD+
S290,WIPRO,2024-03-11 10:05:00+05:30,-0.0294,-0.0406,0,,0.8949,10.0,-0.67,0,0.6893,1.0,3,0,0,0,3,4,2024-03-11 10:20:00+05:30,2024-03-11 10:25:00+05:30,2024-03-11 15:00:00+05:30,246.55,244.43392857142857,250.3589285714286,1.0,EOD+
S291,WIPRO,2024-03-11 10:30:00+05:30,-0.0274,-0.0284,0,,0.3023,54.55,0.0526,0,1.3819,,0,0,0,1,0,1,2024-03-11 10:30:00+05:30,2024-03-11 10:35:00+05:30,2024-03-11 15:00:00+05:30,246.35,244.7785714285714,249.17857142857144,1.2,EOD+
S292,WIPRO,2024-03-11 11:15:00+05:30,-0.128,-0.0508,0,,1.7479,0.0,-1.0,0,1.6947,1.0,3,0,0,0,3,4,2024-03-11 11:30:00+05:30,2024-03-11 11:35:00+05:30,2024-03-11 15:00:00+05:30,246.7,245.2267857142857,249.3517857142857,0.85,EOD+
S293,WIPRO,2024-03-11 12:05:00+05:30,0.0213,0.0295,6,6.0,0.069,75.0,3.2857,0,0.3829,,0,0,1,1,0,1,2024-03-11 12:05:00+05:30,2024-03-11 12:10:00+05:30,2024-03-11 15:00:00+05:30,246.05,244.78214285714287,248.33214285714288,1.5,EOD+
S294,WIPRO,2024-03-11 12:15:00+05:30,-0.0102,0.0376,0,,0.0101,61.54,39.0,0,0.8242,,0,0,1,1,0,1,2024-03-11 12:15:00+05:30,2024-03-11 12:20:00+05:30,2024-03-11 15:00:00+05:30,246.55,245.30892857142857,248.7839285714286,1.0,EOD+
S295,WIPRO,2024-03-11 12:50:00+05:30,0.1501,0.0954,6,5.0,0.0048,12.5,139.0,0,0.9632,,0,0,0,1,0,1,2024-03-11 12:50:00+05:30,2024-03-11 12:55:00+05:30,2024-03-11 15:00:00+05:30,246.85,245.54642857142852,249.19642857142856,0.7,EOD+
S296,WIPRO,2024-03-11 13:10:00+05:30,0.1368,0.1622,3,1.0,0.271,33.33,0.3333,0,1.6098,,0,0,1,1,0,1,2024-03-11 13:10:00+05:30,2024-03-11 13:15:00+05:30,2024-03-11 15:00:00+05:30,246.95,245.5660714285714,249.44107142857143,0.6,EOD+
S297,WIPRO,2024-03-11 14:05:00+05:30,0.088,0.1173,10,7.0,0.252,42.86,0.3333,0,0.561,,0,1,0,1,0,1,2024-03-11 14:05:00+05:30,2024-03-11 14:10:00+05:30,2024-03-11 15:00:00+05:30,247.35,246.23392857142852,249.35892857142855,0.2,EOD+
S298,WIPRO,2024-03-11 14:15:00+05:30,0.0313,0.0991,1,1.0,0.5294,28.57,-0.3333,0,0.9146,1.0,2,0,0,0,2,3,2024-03-11 14:25:00+05:30,2024-03-11 14:30:00+05:30,2024-03-11 15:00:00+05:30,247.55,246.4875,249.4625,0.0,EOD-
S299,WIPRO,2024-03-12 09:15:00+05:30,,,0,,2.4027,93.33,-1.0,0,2.5376,,0,0,1,1,0,1,2024-03-12 09:15:00+05:30,2024-03-12 09:20:00+05:30,2024-03-12 09:30:00+05:30,248.55,246.56785714285715,252.1178571428572,-1.9821,L
S300,WIPRO,2024-03-12 09:30:00+05:30,,,2,1.0,0.7202,27.91,0.1838,0,1.8753,,0,0,0,1,0,1,2024-03-12 09:30:00+05:30,2024-03-12 09:35:00+05:30,2024-03-12 10:45:00+05:30,247.1,244.3142857142857,252.11428571428573,-2.7857,L
S301,WIPRO,2024-03-12 10:20:00+05:30,-0.1421,-0.1399,0,,0.4596,80.0,-1.0,0,0.5261,1.0,3,0,0,0,3,4,2024-03-12 10:35:00+05:30,2024-03-12 10:40:00+05:30,2024-03-12 11:45:00+05:30,246.35,243.1,252.2,-3.25,L
S302,WIPRO,2024-03-12 12:10:00+05:30,-0.269,-0.2686,0,,1.4615,0.0,-0.8947,0,1.0563,1.0,3,0,1,0,3,4,2024-03-12 12:25:00+05:30,2024-03-12 12:30:00+05:30,2024-03-12 15:00:00+05:30,244.3,242.675,247.225,-0.55,EOD-
S303,WIPRO,2024-03-12 12:40:00+05:30,-0.0696,-0.2048,1,1.0,0.0116,63.64,25.6667,0,0.5271,,0,0,0,1,0,1,2024-03-12 12:40:00+05:30,2024-03-12 12:45:00+05:30,2024-03-12 15:00:00+05:30,244.3,242.68392857142857,247.2089285714286,-0.55,EOD-
S304,WIPRO,2024-03-12 12:55:00+05:30,-0.0686,-0.0696,2,1.0,0.7288,78.95,-0.661,0,0.4822,0.0,3,0,1,0,3,4,2024-03-12 13:10:00+05:30,2024-03-12 13:15:00+05:30,2024-03-12 15:00:00+05:30,244.05,242.53214285714284,246.7821428571429,-0.3,EOD-
S305,WIPRO,2024-03-12 14:05:00+05:30,0.0716,0.13,10,6.0,0.1167,28.57,2.0,0,0.9155,,0,1,1,1,0,1,2024-03-12 14:05:00+05:30,2024-03-12 14:10:00+05:30,2024-03-12 14:30:00+05:30,244.5,243.42857142857144,246.42857142857144,-1.0714,L
S306,WIPRO,2024-03-13 09:50:00+05:30,0.1726,,7,5.0,0.2167,61.29,0.6,0,1.6315,,0,0,0,1,0,1,2024-03-13 09:50:00+05:30,2024-03-13 09:55:00+05:30,2024-03-13 11:30:00+05:30,244.9,242.01607142857145,250.09107142857144,-2.8839,L
S307,WIPRO,2024-03-13 10:00:00+05:30,0.1348,0.1859,0,,1.0208,65.38,-0.6735,0,0.8098,0.0,2,0,0,0,2,3,2024-03-13 10:10:00+05:30,2024-03-13 10:15:00+05:30,2024-03-13 11:30:00+05:30,245.15,242.15,250.55,-3.0,L
S308,WIPRO,2024-03-13 10:25:00+05:30,0.0969,0.098,0,,0.5984,33.33,-0.7736,0,0.3625,1.0,3,1,1,0,3,4,2024-03-13 10:40:00+05:30,2024-03-13 10:45:00+05:30,2024-03-13 11:20:00+05:30,245.6,242.83214285714288,250.58214285714288,-2.7679,L
S309,WIPRO,2024-03-13 12:40:00+05:30,-0.2905,-0.3169,0,,0.9038,30.0,-0.7386,0,0.7085,1.0,3,0,0,0,3,4,2024-03-13 12:55:00+05:30,2024-03-13 13:00:00+05:30,2024-03-13 13:50:00+05:30,242.9,240.78392857142856,246.7089285714286,-2.1161,L
S310,WIPRO,2024-03-13 13:15:00+05:30,0.001,-0.1021,3,2.0,0.2841,60.0,-0.0476,0,0.556,1.0,2,0,1,0,2,3,2024-03-13 13:25:00+05:30,2024-03-13 13:30:00+05:30,2024-03-13 14:10:00+05:30,242.35,240.5017857142857,245.67678571428573,-1.8482,L
S311,WIPRO,2024-03-13 13:45:00+05:30,-0.1353,-0.0505,0,,1.9011,78.57,-0.8793,0,1.4496,1.0,3,0,0,0,3,4,2024-03-13 14:00:00+05:30,2024-03-13 14:05:00+05:30,2024-03-13 14:10:00+05:30,242.25,240.61607142857144,245.19107142857143,-1.6339,L
S312,WIPRO,2024-03-14 09:15:00+05:30,,,0,,2.6018,15.62,-0.3686,0,1.411,0.0,1,0,0,0,1,2,2024-03-14 09:20:00+05:30,2024-03-14 09:25:00+05:30,2024-03-14 14:25:00+05:30,240.3,236.8,246.6,6.3,W
S313,WIPRO,2024-03-14 09:30:00+05:30,,,0,,0.3887,11.54,0.8644,0,0.6967,,0,0,1,1,0,1,2024-03-14 09:30:00+05:30,2024-03-14 09:35:00+05:30,2024-03-14 14:40:00+05:30,240.8,237.00535714285715,247.63035714285715,6.8304,W
S314,WIPRO,2024-03-14 09:40:00+05:30,-0.0739,,1,1.0,0.0461,24.0,6.6923,0,0.5257,,0,0,0,1,0,1,2024-03-14 09:40:00+05:30,2024-03-14 09:45:00+05:30,2024-03-14 14:25:00+05:30,240.6,237.07321428571427,246.94821428571427,6.3482,W
S315,WIPRO,2024-03-14 09:50:00+05:30,0.0083,,0,,0.2109,22.22,0.3115,0,0.3466,,0,0,1,1,0,1,2024-03-14 09:50:00+05:30,2024-03-14 09:55:00+05:30,2024-03-14 14:25:00+05:30,240.3,236.68392857142857,246.8089285714286,6.5089,W
S316,WIPRO,2024-03-14 10:15:00+05:30,0.2139,0.131,3,3.0,0.1765,20.0,-0.0909,0,0.4859,1.0,3,1,0,0,3,4,2024-03-14 10:30:00+05:30,2024-03-14 10:35:00+05:30,2024-03-14 14:25:00+05:30,241.45,238.33392857142857,247.05892857142857,5.6089,W
S317,WIPRO,2024-03-14 12:45:00+05:30,0.2219,0.3234,0,,1.9819,62.5,-0.9117,0,0.4432,0.0,3,0,0,0,3,4,2024-03-14 13:00:00+05:30,2024-03-14 13:05:00+05:30,2024-03-14 14:25:00+05:30,244.8,243.37142857142857,247.3714285714286,2.5714,W
S318,WIPRO,2024-03-14 13:10:00+05:30,0.0215,0.1043,0,,0.4778,0.0,-0.4737,0,0.4472,1.0,1,0,0,0,1,2,2024-03-14 13:15:00+05:30,2024-03-14 13:20:00+05:30,2024-03-14 14:25:00+05:30,244.6,243.10892857142852,247.28392857142856,2.6839,W
S319,WIPRO,2024-03-14 13:30:00+05:30,-0.0307,0.0235,0,,0.6813,57.14,-0.589,0,1.8437,1.0,3,0,0,0,3,4,2024-03-14 13:45:00+05:30,2024-03-14 13:50:00+05:30,2024-03-14 14:25:00+05:30,244.7,243.36071428571427,247.1107142857143,2.4107,W
S320,WIPRO,2024-03-14 13:55:00+05:30,-0.0215,-0.0716,0,,0.3719,52.94,0.1765,0,1.5491,,0,0,0,1,0,1,2024-03-14 13:55:00+05:30,2024-03-14 14:00:00+05:30,2024-03-14 14:25:00+05:30,244.9,243.47142857142856,247.4714285714286,2.5714,W
S321,WIPRO,2024-03-15 11:15:00+05:30,-0.2906,-0.3413,0,,0.6443,77.78,-1.0,0,0.3898,0.0,3,0,0,0,3,4,2024-03-15 11:30:00+05:30,2024-03-15 11:35:00+05:30,2024-03-15 13:45:00+05:30,243.2,241.40535714285716,246.43035714285716,3.2304,W
S322,WIPRO,2024-03-15 11:40:00+05:30,-0.1296,-0.2713,0,,0.1625,44.44,1.0513,0,0.7519,,0,0,1,1,0,1,2024-03-15 11:40:00+05:30,2024-03-15 11:45:00+05:30,2024-03-15 13:25:00+05:30,243.35,241.85,246.05,2.7,W
S323,WIPRO,2024-03-15 12:10:00+05:30,0.0431,0.0298,5,4.0,0.2836,31.25,1.2785,0,1.337,,0,0,0,1,0,1,2024-03-15 12:10:00+05:30,2024-03-15 12:15:00+05:30,2024-03-15 14:40:00+05:30,243.6,241.85892857142855,246.73392857142852,3.1339,W
S324,WIPRO,2024-03-15 12:55:00+05:30,0.1005,0.078,8,5.0,0.1507,37.5,-1.0,0,1.4184,1.0,1,0,0,0,1,2,2024-03-15 13:00:00+05:30,2024-03-15 13:05:00+05:30,2024-03-15 13:25:00+05:30,243.75,242.4642857142857,246.0642857142857,2.3143,W
S325,WIPRO,2024-03-15 14:30:00+05:30,0.1812,0.1906,16,8.0,0.3794,9.09,0.1905,0,0.9557,,0,0,1,1,0,1,2024-03-15 14:30:00+05:30,2024-03-15 14:35:00+05:30,2024-03-15 15:00:00+05:30,245.6,244.2160714285714,248.09107142857144,0.95,EOD+
S326,WIPRO,2024-03-18 09:15:00+05:30,,,0,,0.8387,79.07,-0.7638,0,0.5751,0.0,1,0,0,0,1,2,2024-03-18 09:20:00+05:30,2024-03-18 09:25:00+05:30,2024-03-18 09:35:00+05:30,246.4,244.50714285714287,249.80714285714288,-1.8929,L
S327,WIPRO,2024-03-18 09:45:00+05:30,-0.0792,,0,,1.6972,35.71,-0.8363,0,0.2621,1.0,3,0,0,0,3,4,2024-03-18 10:00:00+05:30,2024-03-18 10:05:00+05:30,2024-03-18 11:10:00+05:30,246.45,244.2,250.5,-2.25,L
S328,WIPRO,2024-03-18 10:10:00+05:30,-0.0457,-0.0508,0,,0.9969,33.33,-0.7814,0,0.123,1.0,3,0,1,0,3,4,2024-03-18 10:25:00+05:30,2024-03-18 10:30:00+05:30,2024-03-18 15:00:00+05:30,245.9,243.60535714285717,250.0303571428572,-1.35,EOD-
S329,WIPRO,2024-03-18 11:25:00+05:30,-0.0275,-0.0876,0,,1.0401,40.0,-0.8104,0,0.3785,0.0,3,0,1,0,3,4,2024-03-18 11:40:00+05:30,2024-03-18 11:45:00+05:30,2024-03-18 15:00:00+05:30,245.25,243.9821428571429,247.53214285714287,-1.2679,L
S330,WIPRO,2024-03-18 11:50:00+05:30,-0.0449,-0.0214,0,,0.1454,50.0,0.4815,0,0.6058,,0,0,1,1,0,1,2024-03-18 11:50:00+05:30,2024-03-18 11:55:00+05:30,2024-03-18 13:55:00+05:30,245.45,244.2892857142857,247.5392857142857,-1.1607,L
S331,WIPRO,2024-03-18 12:00:00+05:30,-0.0581,-0.05,0,,0.6797,36.36,-0.7015,0,1.0215,0.0,3,0,1,0,3,4,2024-03-18 12:15:00+05:30,2024-03-18 12:20:00+05:30,2024-03-18 15:00:00+05:30,245.15,243.91785714285717,247.36785714285716,-1.2321,L
S332,WIPRO,2024-03-18 12:25:00+05:30,-0.0214,-0.0602,0,,0.2044,28.57,0.8182,0,2.1353,,0,0,0,1,0,1,2024-03-18 12:25:00+05:30,2024-03-18 12:30:00+05:30,2024-03-18 15:00:00+05:30,245.15,244.14107142857145,246.96607142857144,-1.0089,L
S333,WIPRO,2024-03-18 13:05:00+05:30,0.0041,0.0153,0,,1.2844,20.0,-0.4,0,1.1587,1.0,3,0,0,0,3,4,2024-03-18 13:20:00+05:30,2024-03-18 13:25:00+05:30,2024-03-18 15:00:00+05:30,245.15,244.17678571428573,246.9017857142857,-0.9732,L
S334,WIPRO,2024-03-18 13:30:00+05:30,-0.0184,-0.0143,0,,0.0143,33.33,19.0,0,1.0153,,0,0,0,1,0,1,2024-03-18 13:30:00+05:30,2024-03-18 13:35:00+05:30,2024-03-18 13:55:00+05:30,245.15,244.275,246.725,-0.875,L
S335,WIPRO,2024-03-18 14:05:00+05:30,-0.0643,-0.0286,0,,2.0062,42.86,-0.7122,0,2.3322,1.0,3,0,0,0,3,4,2024-03-18 14:20:00+05:30,2024-03-18 14:25:00+05:30,2024-03-18 15:00:00+05:30,245.0,244.13392857142856,246.55892857142857,-0.8661,L
S336,WIPRO,2024-03-19 11:00:00+05:30,-0.2904,-0.4085,0,,1.0276,44.44,-0.7987,0,0.8877,1.0,3,0,0,0,3,4,2024-03-19 11:15:00+05:30,2024-03-19 11:20:00+05:30,2024-03-19 14:00:00+05:30,240.15,238.3375,243.4125,-1.8125,L
S337,WIPRO,2024-03-19 11:35:00+05:30,-0.0896,-0.123,3,3.0,0.4304,88.89,-1.0,0,0.9384,0.0,3,0,0,0,3,4,2024-03-19 11:50:00+05:30,2024-03-19 11:55:00+05:30,2024-03-19 14:00:00+05:30,239.8,238.47857142857143,242.17857142857144,-1.3214,L
S338,WIPRO,2024-03-19 12:00:00+05:30,-0.0177,-0.0553,0,,0.97,33.33,-0.3814,0,0.7326,1.0,2,0,0,0,2,3,2024-03-19 12:10:00+05:30,2024-03-19 12:15:00+05:30,2024-03-19 14:00:00+05:30,239.8,238.55,242.05,-1.25,L
S339,WIPRO,2024-03-19 13:15:00+05:30,0.0365,0.0365,11,2.0,0.0845,50.0,3.2857,0,0.8879,,0,0,1,1,0,1,2024-03-19 13:15:00+05:30,2024-03-19 13:20:00+05:30,2024-03-19 14:00:00+05:30,240.1,239.0642857142857,241.9642857142857,-1.0357,L
S340,WIPRO,2024-03-19 13:30:00+05:30,0.0812,0.0365,1,1.0,0.4733,25.0,0.6901,0,1.1863,,0,0,1,1,0,1,2024-03-19 13:30:00+05:30,2024-03-19 13:35:00+05:30,2024-03-19 13:55:00+05:30,240.4,239.4625,242.08750000000003,-0.9375,L
S341,WIPRO,2024-03-19 13:40:00+05:30,0.0905,0.0791,0,,0.0068,20.0,59.0,0,1.1412,,0,0,0,1,0,1,2024-03-19 13:40:00+05:30,2024-03-19 13:45:00+05:30,2024-03-19 13:55:00+05:30,240.45,239.53035714285716,242.10535714285717,-0.9196,L
S342,WIPRO,2024-03-20 09:15:00+05:30,,,0,,0.644,79.59,-1.0,0,2.2868,,0,0,0,1,0,1,2024-03-20 09:15:00+05:30,2024-03-20 09:20:00+05:30,2024-03-20 09:50:00+05:30,238.9,236.89107142857145,242.51607142857145,-2.0089,L
S343,WIPRO,2024-03-20 09:25:00+05:30,,,1,1.0,0.3634,55.56,1.0588,0,1.207,,0,0,0,1,0,1,2024-03-20 09:25:00+05:30,2024-03-20 09:30:00+05:30,2024-03-20 09:55:00+05:30,237.8,235.4607142857143,242.0107142857143,-2.3393,L
S344,WIPRO,2024-03-20 09:35:00+05:30,,,0,,0.2575,36.36,0.0417,0,0.5286,,0,0,0,1,0,1,2024-03-20 09:35:00+05:30,2024-03-20 09:40:00+05:30,2024-03-20 10:00:00+05:30,237.4,235.06964285714287,241.59464285714287,-2.3304,L
S345,WIPRO,2024-03-20 09:45:00+05:30,-0.0337,,0,,0.2426,42.86,-0.3103,0,0.3068,,0,0,1,1,0,1,2024-03-20 09:45:00+05:30,2024-03-20 09:50:00+05:30,2024-03-20 10:00:00+05:30,237.5,235.25892857142856,241.5339285714286,-2.2411,L
S346,WIPRO,2024-03-20 10:55:00+05:30,-0.2142,-0.2244,0,,1.2299,69.23,-1.0,0,0.6005,0.0,3,0,0,0,3,4,2024-03-20 11:10:00+05:30,2024-03-20 11:15:00+05:30,2024-03-20 15:00:00+05:30,235.4,232.86428571428573,239.9642857142857,0.65,EOD+
S347,WIPRO,2024-03-20 11:20:00+05:30,-0.2913,-0.2952,0,,0.2177,33.33,-0.3846,0,0.205,,0,0,1,1,0,1,2024-03-20 11:20:00+05:30,2024-03-20 11:25:00+05:30,2024-03-20 15:00:00+05:30,235.2,233.33392857142852,238.55892857142857,0.85,EOD+
S348,WIPRO,2024-03-20 12:55:00+05:30,0.209,0.2822,18,6.0,0.4467,68.75,-0.5876,0,0.7198,0.0,2,0,1,0,2,3,2024-03-20 13:05:00+05:30,2024-03-20 13:10:00+05:30,2024-03-20 14:55:00+05:30,237.05,235.69285714285715,239.4928571428572,-1.3571,L
S349,WIPRO,2024-03-20 13:20:00+05:30,0.1097,0.1814,1,1.0,0.0048,12.5,79.0,0,0.5422,,0,0,1,1,0,1,2024-03-20 13:20:00+05:30,2024-03-20 13:25:00+05:30,2024-03-20 13:50:00+05:30,237.3,235.9875,239.6625,-1.3125,L
S350,WIPRO,2024-03-20 14:00:00+05:30,-0.0464,-0.0295,0,,1.6221,0.0,-0.7619,0,1.4671,1.0,3,0,1,0,3,4,2024-03-20 14:15:00+05:30,2024-03-20 14:20:00+05:30,2024-03-20 15:00:00+05:30,236.8,235.50535714285715,239.13035714285715,-0.75,EOD-
S351,WIPRO,2024-03-21 11:35:00+05:30,0.0914,0.1018,28,7.0,0.825,92.86,-1.0,0,2.0524,1.0,1,0,0,0,1,2,2024-03-21 11:40:00+05:30,2024-03-21 11:45:00+05:30,2024-03-21 12:05:00+05:30,240.9,239.65,243.15,-1.25,L
S352,WIPRO,2024-03-21 13:00:00+05:30,-0.1615,-0.1781,0,,0.6494,16.67,-1.0,0,0.4759,0.0,3,0,1,0,3,4,2024-03-21 13:15:00+05:30,2024-03-21 13:20:00+05:30,2024-03-21 14:55:00+05:30,239.7,238.21785714285716,242.3678571428572,-1.4821,L
S353,WIPRO,2024-03-21 13:25:00+05:30,-0.1336,-0.1617,0,,0.1379,50.0,-1.0,0,0.6692,,0,1,1,1,0,1,2024-03-21 13:25:00+05:30,2024-03-21 13:30:00+05:30,2024-03-21 14:55:00+05:30,239.85,238.67142857142852,241.9714285714286,-1.1786,L
S354,WIPRO,2024-03-21 13:50:00+05:30,-0.0136,-0.0783,4,4.0,0.3144,40.0,-1.0,0,0.9037,0.0,2,0,1,0,2,3,2024-03-21 14:00:00+05:30,2024-03-21 14:05:00+05:30,2024-03-21 14:55:00+05:30,239.6,238.54642857142852,241.49642857142857,-1.0536,L
S355,WIPRO,2024-03-22 10:15:00+05:30,-0.7872,-0.84,0,,1.5808,16.67,-0.7089,0,0.4881,0.0,3,0,0,0,3,4,2024-03-22 10:30:00+05:30,2024-03-22 10:35:00+05:30,2024-03-22 15:00:00+05:30,233.25,229.44642857142856,240.0964285714286,-0.1,EOD-
S356,WIPRO,2024-03-22 10:40:00+05:30,-0.6602,-0.6981,0,,0.2125,73.33,-1.0,0,0.3227,0.0,1,0,0,0,1,2,2024-03-22 10:45:00+05:30,2024-03-22 10:50:00+05:30,2024-03-22 15:00:00+05:30,232.6,230.6,236.2,0.55,EOD+
S357,WIPRO,2024-03-22 11:45:00+05:30,0.2145,0.2566,12,3.0,0.0153,16.67,65.6667,0,0.6583,,0,0,0,1,0,1,2024-03-22 11:45:00+05:30,2024-03-22 11:50:00+05:30,2024-03-22 15:00:00+05:30,233.6,232.3767857142857,235.8017857142857,-0.45,EOD-
S358,WIPRO,2024-03-22 12:05:00+05:30,0.0932,0.1855,3,2.0,0.446,33.33,0.2658,0,0.9265,,0,0,1,1,0,1,2024-03-22 12:05:00+05:30,2024-03-22 12:10:00+05:30,2024-03-22 15:00:00+05:30,233.3,232.19285714285715,235.29285714285717,-0.15,EOD-
S359,WIPRO,2024-03-22 12:30:00+05:30,0.0107,0.0257,0,,1.0601,25.0,-0.4258,0,0.5746,0.0,3,0,0,0,3,4,2024-03-22 12:45:00+05:30,2024-03-22 12:50:00+05:30,2024-03-22 15:00:00+05:30,233.35,232.11785714285716,235.56785714285715,-0.2,EOD-
S360,WIPRO,2024-03-22 13:15:00+05:30,-0.0386,0.0225,0,,0.677,37.5,-0.661,0,0.8468,1.0,3,0,0,0,3,4,2024-03-22 13:30:00+05:30,2024-03-22 13:35:00+05:30,2024-03-22 15:00:00+05:30,233.2,232.11071428571427,235.16071428571428,-0.05,EOD-
S361,WIPRO,2024-03-22 13:50:00+05:30,-0.044,-0.0568,0,,1.505,66.67,-0.814,0,0.9218,0.0,3,0,1,0,3,4,2024-03-22 14:05:00+05:30,2024-03-22 14:10:00+05:30,2024-03-22 15:00:00+05:30,233.25,232.3571428571429,234.8571428571429,-0.1,EOD-
S362,WIPRO,2024-03-22 14:15:00+05:30,0.0032,-0.0182,0,,0.6533,42.86,-1.0,0,2.1359,1.0,1,0,1,0,1,2,2024-03-22 14:20:00+05:30,2024-03-22 14:25:00+05:30,2024-03-22 15:00:00+05:30,233.5,232.5625,235.1875,-0.35,EOD-
S363,WIPRO,2024-03-26 09:15:00+05:30,,,0,,2.1792,67.74,-0.593,0,2.3899,,0,0,0,1,0,1,2024-03-26 09:15:00+05:30,2024-03-26 09:20:00+05:30,2024-03-26 09:35:00+05:30,234.35,232.3767857142857,237.9017857142857,-1.9732,L
S364,WIPRO,2024-03-26 09:25:00+05:30,,,1,1.0,0.3853,12.5,0.5267,0,0.6964,,0,1,0,1,0,1,2024-03-26 09:25:00+05:30,2024-03-26 09:30:00+05:30,2024-03-26 09:35:00+05:30,233.65,231.525,237.475,-2.125,L
S365,WIPRO,2024-03-26 10:45:00+05:30,-0.1931,-0.2813,0,,1.8636,0.0,-0.7512,0,0.5986,1.0,3,0,1,0,3,4,2024-03-26 11:00:00+05:30,2024-03-26 11:05:00+05:30,2024-03-26 12:05:00+05:30,231.4,230.0517857142857,233.82678571428573,-1.3482,L
S366,WIPRO,2024-03-26 11:25:00+05:30,-0.1483,-0.2618,0,,0.7761,28.57,-0.3464,0,0.8567,1.0,3,0,1,0,3,4,2024-03-26 11:40:00+05:30,2024-03-26 11:45:00+05:30,2024-03-26 12:05:00+05:30,230.85,229.61785714285716,233.06785714285715,-1.2321,L
S367,WIPRO,2024-03-26 12:35:00+05:30,-0.1106,-0.1138,0,,1.3667,75.0,-1.0,0,0.4373,0.0,3,0,1,0,3,4,2024-03-26 12:50:00+05:30,2024-03-26 12:55:00+05:30,2024-03-26 13:40:00+05:30,230.55,229.425,232.575,-1.125,L
S368,WIPRO,2024-03-26 13:00:00+05:30,-0.0662,-0.1096,0,,0.6025,66.67,-0.619,0,0.4294,0.0,1,0,1,0,1,2,2024-03-26 13:05:00+05:30,2024-03-26 13:10:00+05:30,2024-03-26 15:00:00+05:30,230.3,229.2107142857143,232.2607142857143,-0.8,EOD-
S369,WIPRO,2024-03-26 13:15:00+05:30,-0.0619,-0.0662,0,,0.1897,0.0,0.3793,0,0.4054,,0,0,1,1,0,1,2024-03-26 13:15:00+05:30,2024-03-26 13:20:00+05:30,2024-03-26 13:45:00+05:30,230.25,229.2946428571429,231.96964285714287,-0.9554,L
S370,WIPRO,2024-03-27 10:15:00+05:30,-0.118,-0.1813,0,,0.6751,50.0,-0.7546,0,0.3528,1.0,3,0,0,0,3,4,2024-03-27 10:30:00+05:30,2024-03-27 10:35:00+05:30,2024-03-27 13:55:00+05:30,228.65,227.14107142857145,231.36607142857144,-1.5089,L
S371,WIPRO,2024-03-27 10:40:00+05:30,-0.1028,-0.1148,0,,0.1664,20.0,1.069,0,0.3293,,0,0,0,1,0,1,2024-03-27 10:40:00+05:30,2024-03-27 10:45:00+05:30,2024-03-27 13:35:00+05:30,228.65,227.5607142857143,230.61071428571427,-1.0893,L
S372,WIPRO,2024-03-27 10:50:00+05:30,-0.0854,-0.1105,1,1.0,0.4812,37.5,-0.4805,0,0.3691,0.0,2,0,1,0,2,3,2024-03-27 11:00:00+05:30,2024-03-27 11:05:00+05:30,2024-03-27 13:50:00+05:30,228.45,227.45,230.25,-1.0,L
S373,WIPRO,2024-03-27 11:10:00+05:30,-0.0504,-0.0722,0,,0.9972,36.36,-0.3377,0,0.8811,,0,0,0,1,0,1,2024-03-27 11:10:00+05:30,2024-03-27 11:15:00+05:30,2024-03-27 13:50:00+05:30,228.35,227.40357142857144,230.05357142857144,-0.9464,L
S374,WIPRO,2024-03-27 12:00:00+05:30,-0.0427,-0.0164,0,,1.6333,14.29,-0.5238,0,1.1218,0.0,3,1,0,0,3,4,2024-03-27 12:15:00+05:30,2024-03-27 12:20:00+05:30,2024-03-27 13:50:00+05:30,228.35,227.38571428571427,230.08571428571423,-0.9643,L
S375,WIPRO,2024-03-27 12:25:00+05:30,-0.046,-0.0438,0,,0.5052,16.67,-0.1429,0,0.5666,1.0,1,0,0,0,1,2,2024-03-27 12:30:00+05:30,2024-03-27 12:35:00+05:30,2024-03-27 13:50:00+05:30,228.25,227.38392857142856,229.80892857142857,-0.8661,L
S376,WIPRO,2024-03-27 12:40:00+05:30,-0.0296,-0.046,0,,0.6239,37.5,-0.2683,0,0.5467,0.0,3,0,1,0,3,4,2024-03-27 12:55:00+05:30,2024-03-27 13:00:00+05:30,2024-03-27 13:50:00+05:30,228.25,227.42857142857144,229.72857142857143,-0.8214,L
S377,WIPRO,2024-03-27 13:05:00+05:30,-0.0142,-0.0274,0,,0.5819,25.0,-0.1304,0,0.7192,0.0,1,0,0,0,1,2,2024-03-27 13:10:00+05:30,2024-03-27 13:15:00+05:30,2024-03-27 13:50:00+05:30,228.15,227.40892857142856,229.4839285714286,-0.7411,L
S378,WIPRO,2024-03-28 11:30:00+05:30,0.1081,0.1574,27,6.0,0.0433,66.67,5.6667,0,1.5165,,0,0,0,1,0,1,2024-03-28 11:30:00+05:30,2024-03-28 11:35:00+05:30,2024-03-28 14:15:00+05:30,228.95,228.08392857142857,230.50892857142853,1.5589,W
S379,WIPRO,2024-03-28 11:40:00+05:30,0.047,0.1376,0,,0.5663,40.0,-0.7222,0,0.5374,1.0,1,0,1,0,1,2,2024-03-28 11:45:00+05:30,2024-03-28 11:50:00+05:30,2024-03-28 14:15:00+05:30,229.0,228.20535714285717,230.43035714285716,1.4304,W
S380,WIPRO,2024-03-28 12:05:00+05:30,0.0524,0.036,0,,0.7609,25.0,-1.0,0,0.6614,1.0,3,1,1,0,3,4,2024-03-28 12:20:00+05:30,2024-03-28 12:25:00+05:30,2024-03-28 14:35:00+05:30,229.2,228.3785714285714,230.67857142857144,1.4786,W
S381,WIPRO,2024-03-28 12:55:00+05:30,0.0229,0.0175,6,4.0,0.3739,50.0,0.7021,0,0.8624,,0,0,0,1,0,1,2024-03-28 12:55:00+05:30,2024-03-28 13:00:00+05:30,2024-03-28 14:30:00+05:30,229.15,228.36428571428573,230.5642857142857,1.4143,W
S382,WIPRO,2024-03-28 13:10:00+05:30,0.0164,0.0229,1,1.0,0.484,12.5,0.7857,0,0.8474,,0,0,0,1,0,1,2024-03-28 13:10:00+05:30,2024-03-28 13:15:00+05:30,2024-03-28 14:15:00+05:30,229.2,228.4767857142857,230.5017857142857,1.3018,W
S383,WIPRO,2024-03-28 13:40:00+05:30,0.0556,0.0349,5,4.0,0.3267,50.0,0.7143,0,1.9573,,0,0,0,1,0,1,2024-03-28 13:40:00+05:30,2024-03-28 13:45:00+05:30,2024-03-28 14:35:00+05:30,229.55,228.88035714285715,230.7553571428572,1.2054,W
S384,WIPRO,2024-04-01 10:05:00+05:30,0.0423,0.0998,10,10.0,0.1282,44.44,0.6216,0,0.2243,,0,0,0,1,0,1,2024-04-01 10:05:00+05:30,2024-04-01 10:10:00+05:30,2024-04-01 15:00:00+05:30,230.45,228.64642857142857,233.69642857142853,1.5,EOD+
S385,WIPRO,2024-04-01 10:25:00+05:30,0.0347,0.0293,2,1.0,0.1571,66.67,0.2121,0,0.2115,,0,1,0,1,0,1,2024-04-01 10:25:00+05:30,2024-04-01 10:30:00+05:30,2024-04-01 15:00:00+05:30,230.65,229.3375,233.0125,1.3,EOD+
S386,WIPRO,2024-04-01 10:55:00+05:30,0.1137,0.1505,0,,1.1,66.67,-0.7403,0,0.9753,1.0,3,0,0,0,3,4,2024-04-01 11:10:00+05:30,2024-04-01 11:15:00+05:30,2024-04-01 14:30:00+05:30,230.85,229.975,232.42499999999995,1.575,W
S387,WIPRO,2024-04-01 11:35:00+05:30,-0.0162,-0.0498,0,,0.4,16.67,-0.6154,0,2.1412,1.0,3,0,1,0,3,4,2024-04-01 11:50:00+05:30,2024-04-01 11:55:00+05:30,2024-04-01 14:30:00+05:30,230.8,229.9875,232.2625,1.4625,W
S388,WIPRO,2024-04-01 12:45:00+05:30,0.0552,0.0476,9,5.0,1.0308,66.67,-0.5522,0,0.5875,0.0,2,0,1,0,2,3,2024-04-01 12:55:00+05:30,2024-04-01 13:00:00+05:30,2024-04-01 15:00:00+05:30,231.25,230.4375,232.7125,0.7,EOD+
S389,WIPRO,2024-04-01 13:15:00+05:30,0.026,0.0292,0,,0.4614,0.0,-0.3103,0,0.5776,1.0,3,0,0,0,3,4,2024-04-01 13:30:00+05:30,2024-04-01 13:35:00+05:30,2024-04-01 15:00:00+05:30,231.15,230.3642857142857,232.56428571428572,0.8,EOD+
S390,WIPRO,2024-04-01 13:40:00+05:30,0.0292,0.0324,0,,0.2083,0.0,1.4,0,0.6782,,0,0,1,1,0,1,2024-04-01 13:40:00+05:30,2024-04-01 13:45:00+05:30,2024-04-01 15:00:00+05:30,231.2,230.45,232.55,0.75,EOD+
S391,WIPRO,2024-04-01 13:50:00+05:30,0.0141,0.0335,0,,0.5391,0.0,-0.1045,0,0.7681,1.0,1,0,1,0,1,2,2024-04-01 13:55:00+05:30,2024-04-01 14:00:00+05:30,2024-04-01 15:00:00+05:30,231.3,230.5232142857143,232.69821428571436,0.65,EOD+
S392,WIPRO,2024-04-02 10:15:00+05:30,-0.2582,-0.2394,0,,1.6955,100.0,-1.0,0,0.2622,0.0,3,0,1,0,3,4,2024-04-02 10:30:00+05:30,2024-04-02 10:35:00+05:30,2024-04-02 15:00:00+05:30,230.3,228.925,232.775,-0.45,EOD-
S393,WIPRO,2024-04-02 10:50:00+05:30,-0.2056,-0.1804,0,,0.5519,50.0,-0.7561,0,0.674,1.0,3,0,0,0,3,4,2024-04-02 11:05:00+05:30,2024-04-02 11:10:00+05:30,2024-04-02 15:00:00+05:30,230.2,229.27142857142857,231.87142857142857,-0.35,EOD-
S394,WIPRO,2024-04-02 11:30:00+05:30,0.0391,0.0076,4,3.0,0.7472,12.5,0.2632,0,1.2015,,0,1,0,1,0,1,2024-04-02 11:30:00+05:30,2024-04-02 11:35:00+05:30,2024-04-02 15:00:00+05:30,230.05,229.2553571428572,231.48035714285717,-0.2,EOD-
S395,WIPRO,2024-04-02 11:55:00+05:30,0.0294,0.0522,0,,1.1541,0.0,-0.6721,0,0.6043,1.0,3,0,1,0,3,4,2024-04-02 12:10:00+05:30,2024-04-02 12:15:00+05:30,2024-04-02 15:00:00+05:30,229.95,229.2892857142857,231.13928571428568,-0.1,EOD-
S396,WIPRO,2024-04-02 12:20:00+05:30,-0.0239,-0.0141,1,1.0,0.2373,25.0,1.0,0,0.6259,,0,0,1,1,0,1,2024-04-02 12:20:00+05:30,2024-04-02 12:25:00+05:30,2024-04-02 13:15:00+05:30,229.95,229.42321428571427,230.89821428571423,-0.5268,L
S397,WIPRO,2024-04-02 12:35:00+05:30,0.0304,-0.0239,1,1.0,0.0483,0.0,19.0,0,0.6571,,0,0,0,1,0,1,2024-04-02 12:35:00+05:30,2024-04-02 12:40:00+05:30,2024-04-02 13:15:00+05:30,230.15,229.63214285714287,231.08214285714288,-0.5179,L
S398,WIPRO,2024-04-02 12:45:00+05:30,0.0294,0.0087,0,,0.6093,25.0,0.2766,0,1.0837,,0,0,0,1,0,1,2024-04-02 12:45:00+05:30,2024-04-02 12:50:00+05:30,2024-04-02 13:15:00+05:30,230.05,229.56785714285715,230.9178571428572,-0.4821,L
S399,WIPRO,2024-04-02 12:55:00+05:30,0.0109,0.0348,0,,0.2962,60.0,0.8182,0,0.6777,,0,0,0,1,0,1,2024-04-02 12:55:00+05:30,2024-04-02 13:00:00+05:30,2024-04-02 13:15:00+05:30,230.0,229.53571428571428,230.83571428571432,-0.4643,L
S400,WIPRO,2024-04-02 13:05:00+05:30,-0.013,0.025,0,,0.4926,0.0,0.0526,0,0.4236,,0,0,1,1,0,1,2024-04-02 13:05:00+05:30,2024-04-02 13:10:00+05:30,2024-04-02 13:15:00+05:30,229.95,229.4678571428571,230.8178571428572,-0.4821,L
S401,WIPRO,2024-04-02 14:00:00+05:30,-0.0152,0.0022,0,,1.0684,0.0,-0.5402,0,1.9435,1.0,3,1,0,0,3,4,2024-04-02 14:15:00+05:30,2024-04-02 14:20:00+05:30,2024-04-02 15:00:00+05:30,230.05,229.54107142857143,230.96607142857144,-0.2,EOD-
S402,WIPRO,2024-04-02 14:25:00+05:30,-0.0207,-0.0228,1,1.0,0.3564,50.0,0.4286,0,1.1757,,0,0,0,1,0,1,2024-04-02 14:25:00+05:30,2024-04-02 14:30:00+05:30,2024-04-02 15:00:00+05:30,229.85,229.35892857142855,230.73392857142855,0.0,EOD-
S403,WIPRO,2024-04-03 09:45:00+05:30,-0.1416,,0,,1.943,11.11,-0.869,0,1.5828,1.0,3,0,1,0,3,4,2024-04-03 10:00:00+05:30,2024-04-03 10:05:00+05:30,2024-04-03 11:15:00+05:30,229.85,228.3767857142857,232.5017857142857,2.6518,W
S404,WIPRO,2024-04-03 11:55:00+05:30,0.2134,0.3518,22,8.0,0.2579,25.0,1.0408,0,0.2244,,0,0,1,1,0,1,2024-04-03 11:55:00+05:30,2024-04-03 12:00:00+05:30,2024-04-03 14:00:00+05:30,232.15,230.96250000000003,234.2875,-1.1875,L
S405,WIPRO,2024-04-03 12:05:00+05:30,0.1153,0.2609,1,1.0,0.2158,33.33,0.4634,0,0.2427,,0,1,0,1,0,1,2024-04-03 12:05:00+05:30,2024-04-03 12:10:00+05:30,2024-04-03 14:00:00+05:30,232.15,230.96250000000003,234.2875,-1.1875,L
S406,WIPRO,2024-04-03 12:50:00+05:30,0.0119,0.0323,0,,0.9532,0.0,-0.6875,0,0.385,1.0,3,0,0,0,3,4,2024-04-03 13:05:00+05:30,2024-04-03 13:10:00+05:30,2024-04-03 14:00:00+05:30,231.95,231.11071428571427,233.46071428571423,-0.8393,L
S407,WIPRO,2024-04-03 13:15:00+05:30,-0.0496,-0.042,0,,0.1791,16.67,-0.0909,0,0.6081,,0,0,0,1,0,1,2024-04-03 13:15:00+05:30,2024-04-03 13:20:00+05:30,2024-04-03 13:55:00+05:30,231.95,231.18214285714285,233.33214285714288,-0.7679,L
S408,WIPRO,2024-04-03 13:30:00+05:30,-0.0302,-0.0496,0,,0.7378,66.67,-0.7436,0,0.7092,1.0,3,0,0,0,3,4,2024-04-03 13:45:00+05:30,2024-04-03 13:50:00+05:30,2024-04-03 14:00:00+05:30,231.8,231.1392857142857,232.98928571428573,-0.6607,L
S409,WIPRO,2024-04-03 13:55:00+05:30,-0.0432,-0.0421,0,,2.3465,69.23,-0.6639,0,1.2508,0.0,3,0,0,0,3,4,2024-04-03 14:10:00+05:30,2024-04-03 14:15:00+05:30,2024-04-03 14:30:00+05:30,231.7,231.06607142857135,232.84107142857147,-0.6339,L
S410,WIPRO,2024-04-04 09:20:00+05:30,,,1,1.0,1.0842,23.53,0.165,0,2.2124,,0,0,0,1,0,1,2024-04-04 09:20:00+05:30,2024-04-04 09:25:00+05:30,2024-04-04 09:50:00+05:30,231.3,230.1125,233.4375,-1.1875,L
S411,WIPRO,2024-04-04 10:05:00+05:30,-0.0931,-0.1061,0,,0.9625,0.0,-0.8347,0,0.4386,0.0,3,1,0,0,3,4,2024-04-04 10:20:00+05:30,2024-04-04 10:25:00+05:30,2024-04-04 10:50:00+05:30,231.1,229.52857142857144,233.92857142857144,-1.5714,L
S412,WIPRO,2024-04-04 10:30:00+05:30,-0.0618,-0.0943,1,1.0,0.1017,55.56,-0.2,0,0.2732,0.0,1,0,1,0,1,2,2024-04-04 10:35:00+05:30,2024-04-04 10:40:00+05:30,2024-04-04 10:50:00+05:30,230.85,229.3142857142857,233.6142857142857,-1.5357,L
S413,WIPRO,2024-04-04 10:55:00+05:30,-0.0824,-0.0173,0,,2.0715,80.0,-0.9214,0,0.8015,1.0,3,0,0,0,3,4,2024-04-04 11:10:00+05:30,2024-04-04 11:15:00+05:30,2024-04-04 14:25:00+05:30,230.65,229.11428571428573,233.4142857142857,2.7643,W
S414,WIPRO,2024-04-04 11:20:00+05:30,-0.0434,-0.1324,0,,0.1201,50.0,3.1379,0,1.1485,,0,0,1,1,0,1,2024-04-04 11:20:00+05:30,2024-04-04 11:25:00+05:30,2024-04-04 14:25:00+05:30,231.05,229.54107142857143,233.76607142857145,2.7161,W
S415,WIPRO,2024-04-04 12:15:00+05:30,0.0444,0.1202,10,5.0,0.2971,8.33,1.1918,0,0.985,,0,0,0,1,0,1,2024-04-04 12:15:00+05:30,2024-04-04 12:20:00+05:30,2024-04-04 14:25:00+05:30,231.1,229.5642857142857,233.86428571428573,2.7643,W
S416,WIPRO,2024-04-04 12:25:00+05:30,0.0422,0.078,0,,0.1341,100.0,-1.0,0,0.4399,,0,0,1,1,0,1,2024-04-04 12:25:00+05:30,2024-04-04 12:30:00+05:30,2024-04-04 14:25:00+05:30,231.45,229.95892857142852,234.13392857142856,2.6839,W
S417,WIPRO,2024-04-04 14:10:00+05:30,0.1217,0.1251,20,6.0,0.1069,50.0,1.7273,0,0.5357,,0,0,1,1,0,1,2024-04-04 14:10:00+05:30,2024-04-04 14:15:00+05:30,2024-04-04 14:25:00+05:30,232.15,230.86428571428573,234.4642857142857,2.3143,W
S418,WIPRO,2024-04-05 10:05:00+05:30,-0.2086,-0.1063,0,,0.6247,25.0,-0.799,0,0.4978,1.0,3,0,0,0,3,4,2024-04-05 10:20:00+05:30,2024-04-05 10:25:00+05:30,2024-04-05 15:00:00+05:30,232.6,230.60892857142855,236.18392857142857,-0.8,EOD-
S419,WIPRO,2024-04-05 10:30:00+05:30,-0.099,-0.1905,0,,0.3006,0.0,-0.403,0,0.255,1.0,3,0,0,0,3,4,2024-04-05 10:45:00+05:30,2024-04-05 10:50:00+05:30,2024-04-05 15:00:00+05:30,232.1,230.70714285714288,234.60714285714283,-0.3,EOD-
S420,WIPRO,2024-04-05 11:00:00+05:30,-0.0312,-0.0819,1,1.0,0.1658,100.0,-1.0,0,0.4016,0.0,1,1,1,0,1,2,2024-04-05 11:05:00+05:30,2024-04-05 11:10:00+05:30,2024-04-05 15:00:00+05:30,232.35,231.33214285714288,234.18214285714285,-0.55,EOD-
S421,WIPRO,2024-04-05 13:15:00+05:30,-0.0345,-0.0518,0,,1.6639,40.0,-0.8621,0,1.2926,1.0,3,0,0,0,3,4,2024-04-05 13:30:00+05:30,2024-04-05 13:35:00+05:30,2024-04-05 15:00:00+05:30,231.8,231.25535714285712,232.7803571428572,0.0,EOD-
S422,WIPRO,2024-04-05 13:40:00+05:30,-0.0227,-0.041,0,,0.2667,37.5,1.5,0,1.6009,,0,0,0,1,0,1,2024-04-05 13:40:00+05:30,2024-04-05 13:45:00+05:30,2024-04-05 15:00:00+05:30,231.95,231.3875,232.96250000000003,-0.15,EOD-
S423,WIPRO,2024-04-05 14:25:00+05:30,0.0183,0.014,8,7.0,0.7212,71.43,-0.4118,0,0.8145,0.0,1,0,1,0,1,2,2024-04-05 14:30:00+05:30,2024-04-05 14:35:00+05:30,2024-04-05 15:00:00+05:30,231.8,231.2107142857143,232.8607142857143,0.0,EOD-
S424,WIPRO,2024-04-08 10:45:00+05:30,-0.285,-0.2661,0,,2.2867,78.57,-0.8639,0,1.6813,1.0,3,1,0,0,3,4,2024-04-08 11:00:00+05:30,2024-04-08 11:05:00+05:30,2024-04-08 12:25:00+05:30,229.65,228.44464285714287,231.81964285714287,2.1696,W
S425,WIPRO,2024-04-08 11:10:00+05:30,-0.1296,-0.2515,0,,0.0121,33.33,9.0,0,0.3161,,0,1,1,1,0,1,2024-04-08 11:10:00+05:30,2024-04-08 11:15:00+05:30,2024-04-08 12:25:00+05:30,229.65,228.6142857142857,231.51428571428573,1.8643,W
S426,WIPRO,2024-04-08 12:50:00+05:30,0.1646,0.2308,19,4.0,0.1008,0.0,0.0526,0,0.3419,,0,0,1,1,0,1,2024-04-08 12:50:00+05:30,2024-04-08 12:55:00+05:30,2024-04-08 13:30:00+05:30,230.9,229.72142857142856,233.02142857142857,-1.1786,L
S427,WIPRO,2024-04-09 09:15:00+05:30,,,0,,2.0283,42.86,0.7391,0,4.6542,,0,0,0,1,0,1,2024-04-09 09:15:00+05:30,2024-04-09 09:20:00+05:30,2024-04-09 12:15:00+05:30,230.15,229.01607142857145,232.19107142857143,-1.1339,L
S428,WIPRO,2024-04-09 10:25:00+05:30,0.0369,0.0576,0,,0.9402,83.33,-1.0,0,0.5905,1.0,3,0,0,0,3,4,2024-04-09 10:40:00+05:30,2024-04-09 10:45:00+05:30,2024-04-09 12:20:00+05:30,230.15,228.64107142857145,232.86607142857144,-1.5089,L
S429,WIPRO,2024-04-09 10:50:00+05:30,0.0576,0.0337,0,,0.6306,12.5,-0.4,0,1.404,1.0,1,0,0,0,1,2,2024-04-09 10:55:00+05:30,2024-04-09 11:00:00+05:30,2024-04-09 11:40:00+05:30,230.6,229.60892857142855,232.38392857142856,-0.9911,L
S430,WIPRO,2024-04-09 11:20:00+05:30,-0.0489,0.0326,4,3.0,0.0243,61.54,4.0,0,0.878,,0,0,0,1,0,1,2024-04-09 11:20:00+05:30,2024-04-09 11:25:00+05:30,2024-04-09 12:15:00+05:30,230.15,229.12321428571428,231.9982142857143,-1.0268,L
S431,WIPRO,2024-04-09 14:05:00+05:30,-0.1513,-0.1951,0,,1.0933,42.86,-0.878,0,1.8991,1.0,3,0,1,0,3,4,2024-04-09 14:20:00+05:30,2024-04-09 14:25:00+05:30,2024-04-09 15:00:00+05:30,228.05,227.1125,229.7375,-0.5,EOD-
S432,WIPRO,2024-04-10 09:20:00+05:30,,,1,1.0,0.4351,44.44,1.6087,0,1.6408,,0,0,0,1,0,1,2024-04-10 09:20:00+05:30,2024-04-10 09:25:00+05:30,2024-04-10 09:40:00+05:30,227.85,226.85892857142855,229.63392857142856,-0.9911,L
S433,WIPRO,2024-04-10 10:35:00+05:30,-0.0925,-0.1112,0,,1.3216,71.43,-1.0,0,1.0161,1.0,3,0,0,0,3,4,2024-04-10 10:50:00+05:30,2024-04-10 10:55:00+05:30,2024-04-10 13:40:00+05:30,227.05,226.0142857142857,228.9142857142857,1.8643,W
S434,WIPRO,2024-04-10 11:50:00+05:30,0.0859,0.0364,11,10.0,0.0845,83.33,0.4286,0,0.2208,,0,0,0,1,0,1,2024-04-10 11:50:00+05:30,2024-04-10 11:55:00+05:30,2024-04-10 13:40:00+05:30,227.25,226.2142857142857,229.11428571428573,1.8643,W
S435,WIPRO,2024-04-10 13:05:00+05:30,0.0626,0.0659,14,5.0,0.3457,57.14,-0.5,0,1.1678,1.0,1,0,0,0,1,2,2024-04-10 13:10:00+05:30,2024-04-10 13:15:00+05:30,2024-04-10 13:40:00+05:30,227.8,227.0767857142857,229.1017857142857,1.3018,W
S436,WIPRO,2024-04-10 13:20:00+05:30,0.0637,0.0626,0,,0.048,64.29,1.8571,0,0.982,,0,1,1,1,0,1,2024-04-10 13:20:00+05:30,2024-04-10 13:25:00+05:30,2024-04-10 15:00:00+05:30,228.25,227.3392857142857,229.88928571428573,0.1,EOD+
S437,WIPRO,2024-04-10 13:50:00+05:30,0.1217,0.1009,5,2.0,0.1273,40.0,4.0,0,0.6358,,0,0,1,1,0,1,2024-04-10 13:50:00+05:30,2024-04-10 13:55:00+05:30,2024-04-10 15:00:00+05:30,228.45,227.27142857142857,230.57142857142856,-0.1,EOD-
S438,WIPRO,2024-04-12 09:15:00+05:30,,,0,,4.5796,23.53,-0.634,0,1.3454,0.0,2,0,1,0,2,3,2024-04-12 09:25:00+05:30,2024-04-12 09:30:00+05:30,2024-04-12 10:00:00+05:30,228.3,227.03214285714287,230.58214285714288,-1.2679,L
S439,WIPRO,2024-04-12 10:10:00+05:30,-0.1734,-0.1436,0,,1.1773,45.45,-0.8378,0,0.4058,1.0,3,0,1,0,3,4,2024-04-12 10:25:00+05:30,2024-04-12 10:30:00+05:30,2024-04-12 12:40:00+05:30,228.05,226.0857142857143,231.5857142857143,-1.9643,L
S440,WIPRO,2024-04-12 11:05:00+05:30,0.0296,0.0625,7,5.0,0.2901,44.44,-0.3651,0,0.306,0.0,3,1,0,0,3,4,2024-04-12 11:20:00+05:30,2024-04-12 11:25:00+05:30,2024-04-12 12:15:00+05:30,227.95,226.59285714285716,230.3928571428571,-1.3571,L
S441,WIPRO,2024-04-12 13:30:00+05:30,-0.1212,-0.1145,0,,0.5188,25.0,-0.2771,0,0.3292,0.0,3,0,1,0,3,4,2024-04-12 13:45:00+05:30,2024-04-12 13:50:00+05:30,2024-04-12 14:50:00+05:30,226.8,225.8,228.6,-1.0,L
S442,WIPRO,2024-04-12 13:55:00+05:30,-0.0618,-0.1125,1,1.0,0.2054,16.67,1.963,0,0.4729,,0,0,1,1,0,1,2024-04-12 13:55:00+05:30,2024-04-12 14:00:00+05:30,2024-04-12 14:50:00+05:30,226.85,226.0285714285714,228.32857142857145,-0.8214,L
S443,WIPRO,2024-04-15 10:30:00+05:30,-0.3571,-0.4348,0,,1.0298,90.0,-0.9288,0,0.2134,0.0,3,1,1,0,3,4,2024-04-15 10:45:00+05:30,2024-04-15 10:50:00+05:30,2024-04-15 13:00:00+05:30,222.7,220.99464285714285,225.76964285714288,-1.7054,L
S444,WIPRO,2024-04-15 11:00:00+05:30,-0.1384,-0.2834,3,2.0,0.0327,33.33,4.7143,0,0.5454,,0,0,1,1,0,1,2024-04-15 11:00:00+05:30,2024-04-15 11:05:00+05:30,2024-04-15 13:00:00+05:30,222.25,220.91071428571428,224.66071428571436,-1.3393,L
S445,WIPRO,2024-04-15 11:55:00+05:30,-0.0461,-0.0011,0,,0.9414,60.0,-0.7436,0,0.6085,1.0,3,0,0,0,3,4,2024-04-15 12:10:00+05:30,2024-04-15 12:15:00+05:30,2024-04-15 13:00:00+05:30,222.15,221.11428571428573,224.0142857142857,-1.0357,L
S446,WIPRO,2024-04-15 12:20:00+05:30,-0.0383,-0.0642,0,,0.3379,33.33,-0.5238,0,0.4166,0.0,2,0,1,0,2,3,2024-04-15 12:30:00+05:30,2024-04-15 12:35:00+05:30,2024-04-15 13:00:00+05:30,222.0,221.22321428571428,223.3982142857143,-0.7768,L
S447,WIPRO,2024-04-15 12:40:00+05:30,-0.0586,-0.0383,0,,0.8469,16.67,-0.1837,0,0.8823,,0,0,1,1,0,1,2024-04-15 12:40:00+05:30,2024-04-15 12:45:00+05:30,2024-04-15 13:00:00+05:30,221.95,221.2267857142857,223.2517857142857,-0.7232,L
S448,WIPRO,2024-04-15 13:10:00+05:30,-0.0631,-0.0361,0,,1.9586,16.67,-0.9278,0,1.2161,1.0,3,0,1,0,3,4,2024-04-15 13:25:00+05:30,2024-04-15 13:30:00+05:30,2024-04-15 13:45:00+05:30,221.75,220.86607142857144,223.3410714285714,-0.8839,L
S449,WIPRO,2024-04-16 10:30:00+05:30,-0.2062,-0.2369,0,,0.4341,20.0,-0.8198,0,0.3643,1.0,3,0,1,0,3,4,2024-04-16 10:45:00+05:30,2024-04-16 10:50:00+05:30,2024-04-16 12:25:00+05:30,218.4,216.80178571428573,221.2767857142857,-1.5982,L
S450,WIPRO,2024-04-16 11:25:00+05:30,0.0584,0.0287,7,7.0,0.3675,63.64,0.2698,0,0.5572,,0,0,0,1,0,1,2024-04-16 11:25:00+05:30,2024-04-16 11:30:00+05:30,2024-04-16 12:20:00+05:30,218.2,217.1285714285714,220.12857142857143,-1.0714,L
S451,WIPRO,2024-04-18 09:15:00+05:30,,,0,,0.101,51.02,15.4286,0,2.9642,,0,1,0,1,0,1,2024-04-18 09:15:00+05:30,2024-04-18 09:20:00+05:30,2024-04-18 13:35:00+05:30,215.05,213.31785714285715,218.16785714285717,-1.7321,L
S452,WIPRO,2024-04-18 09:30:00+05:30,,,2,2.0,0.273,89.47,-0.4872,0,0.7175,0.0,1,0,1,0,1,2,2024-04-18 09:35:00+05:30,2024-04-18 09:40:00+05:30,2024-04-18 12:25:00+05:30,214.25,212.4642857142857,217.4642857142857,3.2143,W
S453,WIPRO,2024-04-18 10:05:00+05:30,0.211,0.1272,5,3.0,0.5305,44.83,0.4433,0,1.2148,,0,0,0,1,0,1,2024-04-18 10:05:00+05:30,2024-04-18 10:10:00+05:30,2024-04-18 14:55:00+05:30,214.65,212.3642857142857,218.76428571428573,-2.2857,L
S454,WIPRO,2024-04-18 10:15:00+05:30,0.1689,0.2122,0,,0.6085,26.67,-0.3805,0,0.4408,0.0,1,0,0,0,1,2,2024-04-18 10:20:00+05:30,2024-04-18 10:25:00+05:30,2024-04-18 15:00:00+05:30,214.65,212.32857142857145,218.82857142857145,-2.3214,L
S455,WIPRO,2024-04-18 10:30:00+05:30,0.142,0.1689,0,,0.5525,30.77,-0.2045,0,0.3251,,0,0,1,1,0,1,2024-04-18 10:30:00+05:30,2024-04-18 10:35:00+05:30,2024-04-18 14:55:00+05:30,214.85,212.85892857142852,218.4339285714286,-1.9911,L
S456,WIPRO,2024-04-18 10:50:00+05:30,0.0431,0.1373,0,,0.5571,37.5,-0.7436,0,0.7511,1.0,3,1,1,0,3,4,2024-04-18 11:05:00+05:30,2024-04-18 11:10:00+05:30,2024-04-18 13:35:00+05:30,215.15,213.4,218.30000000000004,-1.75,L
S457,WIPRO,2024-04-18 11:40:00+05:30,-0.0023,0.071,6,2.0,0.1053,30.77,7.0,0,1.5019,,0,0,0,1,0,1,2024-04-18 11:40:00+05:30,2024-04-18 11:45:00+05:30,2024-04-18 12:25:00+05:30,215.15,213.9625,217.2875,2.1375,W
S458,WIPRO,2024-04-18 11:50:00+05:30,0.0244,0.0256,1,1.0,0.0455,25.0,9.0,0,0.6113,,0,0,1,1,0,1,2024-04-18 11:50:00+05:30,2024-04-18 11:55:00+05:30,2024-04-18 12:25:00+05:30,215.15,214.05178571428573,217.1267857142857,1.9768,W
S459,WIPRO,2024-04-18 12:05:00+05:30,0.0593,0.0244,2,2.0,1.1539,86.67,-0.8104,0,2.1788,1.0,1,0,1,0,1,2,2024-04-18 12:10:00+05:30,2024-04-18 12:15:00+05:30,2024-04-18 12:25:00+05:30,215.4,214.25714285714287,217.45714285714283,2.0571,W
S460,WIPRO,2024-04-19 10:00:00+05:30,-0.4326,-0.4492,0,,1.1732,88.89,-0.9584,0,1.1833,1.0,3,0,0,0,3,4,2024-04-19 10:15:00+05:30,2024-04-19 10:20:00+05:30,2024-04-19 13:55:00+05:30,211.65,209.0875,216.2625,4.6125,W
S461,WIPRO,2024-04-19 11:45:00+05:30,0.2462,0.2937,17,4.0,0.2272,72.73,-0.5918,0,0.5639,0.0,2,1,1,0,2,3,2024-04-19 11:55:00+05:30,2024-04-19 12:00:00+05:30,2024-04-19 13:45:00+05:30,212.45,211.10178571428568,214.8767857142857,2.4268,W
S462,WIPRO,2024-04-19 12:05:00+05:30,0.0918,0.1979,0,,0.4239,0.0,-0.7674,0,0.3578,1.0,2,0,1,0,2,3,2024-04-19 12:15:00+05:30,2024-04-19 12:20:00+05:30,2024-04-19 13:40:00+05:30,212.45,211.1821428571428,214.7321428571429,2.2821,W
S463,WIPRO,2024-04-22 09:15:00+05:30,,,0,,1.1229,24.58,0.1688,0,3.6638,,0,0,0,1,0,1,2024-04-22 09:15:00+05:30,2024-04-22 09:20:00+05:30,2024-04-22 10:35:00+05:30,217.85,215.2785714285714,222.47857142857143,4.6286,W
S464,WIPRO,2024-04-22 11:15:00+05:30,0.3635,0.5665,23,1.0,0.1344,71.43,0.3793,0,0.5922,,0,0,0,1,0,1,2024-04-22 11:15:00+05:30,2024-04-22 11:20:00+05:30,2024-04-22 13:20:00+05:30,221.4,220.0517857142857,223.82678571428573,-1.3482,L
S465,WIPRO,2024-04-22 11:25:00+05:30,0.2245,0.472,0,,0.491,100.0,-1.0,0,0.2793,,0,0,1,1,0,1,2024-04-22 11:25:00+05:30,2024-04-22 11:30:00+05:30,2024-04-22 12:20:00+05:30,221.95,220.7535714285714,224.10357142857143,-1.1964,L
S466,WIPRO,2024-04-22 11:35:00+05:30,0.1128,0.2731,1,1.0,0.5428,33.33,0.1215,0,0.2976,,0,0,0,1,0,1,2024-04-22 11:35:00+05:30,2024-04-22 11:40:00+05:30,2024-04-22 12:50:00+05:30,221.65,220.41785714285717,223.8678571428572,-1.2321,L
S467,WIPRO,2024-04-23 10:20:00+05:30,0.1343,0.1942,13,13.0,0.0739,71.43,-1.0,0,0.4829,,0,0,1,1,0,1,2024-04-23 10:20:00+05:30,2024-04-23 10:25:00+05:30,2024-04-23 10:40:00+05:30,221.75,220.31250000000003,224.3375,-1.4375,L
S468,WIPRO,2024-04-23 11:45:00+05:30,-0.1529,-0.1267,0,,2.2029,37.5,-0.8754,0,1.2212,1.0,3,0,0,0,3,4,2024-04-23 12:00:00+05:30,2024-04-23 12:05:00+05:30,2024-04-23 15:00:00+05:30,220.9,219.98928571428573,222.5392857142857,0.4,EOD+
S469,WIPRO,2024-04-23 13:15:00+05:30,0.1221,0.112,14,1.0,0.2137,71.43,1.7586,0,0.3264,,0,0,1,1,0,1,2024-04-23 13:15:00+05:30,2024-04-23 13:20:00+05:30,2024-04-23 15:00:00+05:30,221.2,220.3517857142857,222.72678571428568,0.1,EOD+
S470,WIPRO,2024-04-23 13:35:00+05:30,0.1277,0.1266,2,2.0,0.0154,50.0,-1.0,0,0.2619,0.0,1,0,1,0,1,2,2024-04-23 13:40:00+05:30,2024-04-23 13:45:00+05:30,2024-04-23 15:00:00+05:30,221.35,220.5375,222.8125,-0.05,EOD-
S471,WIPRO,2024-04-23 13:50:00+05:30,0.0723,0.1277,0,,0.2148,62.5,0.4815,0,0.7906,,0,0,1,1,0,1,2024-04-23 13:50:00+05:30,2024-04-23 13:55:00+05:30,2024-04-23 15:00:00+05:30,221.65,220.86428571428573,223.0642857142857,-0.7857,L
S472,WIPRO,2024-04-23 14:00:00+05:30,0.0463,0.0881,1,1.0,0.0259,75.0,-1.0,0,1.604,,0,0,0,1,0,1,2024-04-23 14:00:00+05:30,2024-04-23 14:05:00+05:30,2024-04-23 15:00:00+05:30,221.7,220.9767857142857,223.0017857142857,-0.7232,L
S473,WIPRO,2024-04-23 14:10:00+05:30,0.0429,0.0576,1,1.0,0.4756,33.33,-0.2453,0,0.5412,0.0,1,0,1,0,1,2,2024-04-23 14:15:00+05:30,2024-04-23 14:20:00+05:30,2024-04-23 15:00:00+05:30,221.65,220.95357142857145,222.9035714285714,-0.6964,L
S474,WIPRO,2024-04-24 09:15:00+05:30,,,0,,0.0189,46.67,19.0,0,1.9461,,0,0,0,1,0,1,2024-04-24 09:15:00+05:30,2024-04-24 09:20:00+05:30,2024-04-24 13:30:00+05:30,221.4,220.4089285714286,223.18392857142857,-0.9911,L
S475,WIPRO,2024-04-24 09:40:00+05:30,-0.0124,,4,2.0,0.4,55.56,-0.7222,0,0.8672,1.0,1,0,0,0,1,2,2024-04-24 09:45:00+05:30,2024-04-24 09:50:00+05:30,2024-04-24 13:30:00+05:30,221.5,220.375,223.525,-1.125,L
S476,WIPRO,2024-04-24 10:10:00+05:30,0.0124,0.0056,4,4.0,0.3392,50.0,-0.3651,0,0.9109,1.0,1,0,0,0,1,2,2024-04-24 10:15:00+05:30,2024-04-24 10:20:00+05:30,2024-04-24 13:45:00+05:30,221.3,220.13928571428573,223.38928571428568,-1.1607,L
S477,WIPRO,2024-04-24 10:25:00+05:30,0.0079,0.0124,1,1.0,0.0858,0.0,0.5385,0,0.2549,,0,1,0,1,0,1,2024-04-24 10:25:00+05:30,2024-04-24 10:30:00+05:30,2024-04-24 13:30:00+05:30,221.4,220.45357142857145,223.1035714285714,-0.9464,L
S478,WIPRO,2024-04-24 10:35:00+05:30,0.0158,0.0,0,,0.6929,20.0,-0.5876,0,1.0119,1.0,1,1,0,0,1,2,2024-04-24 10:40:00+05:30,2024-04-24 10:45:00+05:30,2024-04-24 12:20:00+05:30,221.55,220.67500000000004,223.125,-0.875,L
S479,WIPRO,2024-04-24 12:55:00+05:30,-0.0452,-0.0509,0,,1.4897,40.0,-0.759,0,0.7602,1.0,3,0,0,0,3,4,2024-04-24 13:10:00+05:30,2024-04-24 13:15:00+05:30,2024-04-24 13:45:00+05:30,220.9,220.20357142857145,222.1535714285714,-0.6964,L
S480,WIPRO,2024-04-25 09:15:00+05:30,,,0,,4.0774,23.08,-0.2481,0,0.9658,0.0,1,0,1,0,1,2,2024-04-25 09:20:00+05:30,2024-04-25 09:25:00+05:30,2024-04-25 15:00:00+05:30,219.8,218.57678571428573,222.0017857142857,1.0,EOD+
S481,WIPRO,2024-04-25 09:30:00+05:30,,,0,,0.2819,45.45,0.0345,0,1.0896,,0,0,0,1,0,1,2024-04-25 09:30:00+05:30,2024-04-25 09:35:00+05:30,2024-04-25 15:00:00+05:30,219.8,218.51428571428573,222.1142857142857,1.0,EOD+
S482,WIPRO,2024-04-25 09:45:00+05:30,-0.0239,,1,1.0,0.0366,71.43,-1.0,0,0.7431,1.0,2,0,1,0,2,3,2024-04-25 09:55:00+05:30,2024-04-25 10:00:00+05:30,2024-04-25 12:45:00+05:30,220.15,218.7839285714286,222.60892857142852,-1.3661,L
S483,WIPRO,2024-04-25 10:05:00+05:30,0.0409,-0.0193,1,1.0,0.2651,37.5,0.25,0,1.6022,,0,0,1,1,0,1,2024-04-25 10:05:00+05:30,2024-04-25 10:10:00+05:30,2024-04-25 15:00:00+05:30,219.8,218.29107142857143,222.51607142857145,1.0,EOD+
S484,WIPRO,2024-04-25 10:30:00+05:30,0.0807,0.0682,3,3.0,0.0808,33.33,4.3333,0,0.5277,,0,0,1,1,0,1,2024-04-25 10:30:00+05:30,2024-04-25 10:35:00+05:30,2024-04-25 12:40:00+05:30,220.2,219.0392857142857,222.28928571428568,-1.1607,L
S485,WIPRO,2024-04-25 10:55:00+05:30,-0.0352,0.0613,0,,1.6369,57.14,-0.9342,0,0.5733,0.0,3,0,0,0,3,4,2024-04-25 11:10:00+05:30,2024-04-25 11:15:00+05:30,2024-04-25 12:40:00+05:30,220.1,218.9392857142857,222.1892857142857,-1.1607,L
S486,WIPRO,2024-04-25 11:30:00+05:30,-0.0045,-0.0148,0,,0.8915,20.0,-0.4631,0,0.5749,1.0,3,0,0,0,3,4,2024-04-25 11:45:00+05:30,2024-04-25 11:50:00+05:30,2024-04-25 12:45:00+05:30,219.9,218.85535714285717,221.7803571428572,-1.0446,L
S487,WIPRO,2024-04-25 12:45:00+05:30,-0.0262,-0.0285,0,,2.8557,50.0,-0.8886,0,1.4806,0.0,3,0,0,0,3,4,2024-04-25 13:00:00+05:30,2024-04-25 13:05:00+05:30,2024-04-25 14:30:00+05:30,219.65,218.8642857142857,221.06428571428572,1.4143,W
S488,WIPRO,2024-04-25 13:10:00+05:30,-0.0558,-0.0706,0,,0.8667,50.0,-0.5385,0,1.2045,0.0,1,0,0,0,1,2,2024-04-25 13:15:00+05:30,2024-04-25 13:20:00+05:30,2024-04-25 15:00:00+05:30,219.5,218.5625,221.18750000000003,1.3,EOD+
S489,WIPRO,2024-04-25 13:25:00+05:30,-0.0456,-0.0558,0,,0.6457,70.0,-0.8131,0,1.0527,0.0,2,0,1,0,2,3,2024-04-25 13:35:00+05:30,2024-04-25 13:40:00+05:30,2024-04-25 15:00:00+05:30,219.4,218.3642857142857,221.26428571428573,1.4,EOD+
S490,WIPRO,2024-04-26 12:15:00+05:30,0.2043,0.2344,36,15.0,0.4585,20.0,-0.1398,0,0.4454,,0,0,0,1,0,1,2024-04-26 12:15:00+05:30,2024-04-26 12:20:00+05:30,2024-04-26 12:40:00+05:30,226.45,225.18214285714285,228.73214285714283,-1.2679,L
S491,WIPRO,2024-04-29 09:15:00+05:30,,,0,,0.1065,66.67,1.8571,0,1.7831,,0,0,0,1,0,1,2024-04-29 09:15:00+05:30,2024-04-29 09:20:00+05:30,2024-04-29 09:50:00+05:30,222.7,221.0571428571428,225.65714285714287,-1.6429,L
S492,WIPRO,2024-04-29 09:25:00+05:30,,,0,,0.84,42.11,-0.4595,0,0.7747,1.0,1,0,0,0,1,2,2024-04-29 09:30:00+05:30,2024-04-29 09:35:00+05:30,2024-04-29 10:00:00+05:30,222.6,220.94821428571427,225.5732142857143,-1.6518,L
S493,WIPRO,2024-04-29 10:45:00+05:30,-0.088,-0.124,0,,1.0662,33.33,-0.596,0,0.2233,1.0,3,0,1,0,3,4,2024-04-29 11:00:00+05:30,2024-04-29 11:05:00+05:30,2024-04-29 15:00:00+05:30,221.6,220.4392857142857,223.6892857142857,-0.7,EOD-
S494,WIPRO,2024-04-29 11:25:00+05:30,-0.0621,-0.1028,4,4.0,0.5687,54.55,-0.2308,0,0.3217,0.0,3,0,1,0,3,4,2024-04-29 11:40:00+05:30,2024-04-29 11:45:00+05:30,2024-04-29 15:00:00+05:30,221.4,220.54285714285717,222.9428571428572,-0.5,EOD-
S495,WIPRO,2024-04-29 11:50:00+05:30,0.0395,-0.035,0,,0.2852,25.0,0.8182,0,0.2799,,0,0,1,1,0,1,2024-04-29 11:50:00+05:30,2024-04-29 11:55:00+05:30,2024-04-29 13:45:00+05:30,221.5,220.7767857142857,222.80178571428573,-0.7232,L
S496,WIPRO,2024-04-29 12:40:00+05:30,-0.0294,-0.0158,0,,1.5963,40.0,-0.893,0,0.6926,0.0,3,1,1,0,3,4,2024-04-29 12:55:00+05:30,2024-04-29 13:00:00+05:30,2024-04-29 13:45:00+05:30,221.4,220.66785714285717,222.7178571428572,-0.7321,L
S497,WIPRO,2024-04-29 13:05:00+05:30,-0.035,-0.0531,0,,1.19,25.0,-0.1176,0,4.0141,,0,0,0,1,0,1,2024-04-29 13:05:00+05:30,2024-04-29 13:10:00+05:30,2024-04-29 15:00:00+05:30,221.3,220.5857142857143,222.58571428571432,-0.4,EOD-
S498,WIPRO,2024-04-29 13:15:00+05:30,-0.0068,-0.052,0,,0.8974,33.33,-0.2,0,0.4423,,0,0,1,1,0,1,2024-04-29 13:15:00+05:30,2024-04-29 13:20:00+05:30,2024-04-29 13:45:00+05:30,221.3,220.60357142857143,222.55357142857147,-0.6964,L
S499,WIPRO,2024-04-29 13:25:00+05:30,0.0023,-0.0203,0,,0.3364,25.0,0.6216,0,2.3816,,0,0,0,1,0,1,2024-04-29 13:25:00+05:30,2024-04-29 13:30:00+05:30,2024-04-29 13:45:00+05:30,221.3,220.6125,222.5375,-0.6875,L
S500,WIPRO,2024-04-29 13:40:00+05:30,-0.0215,0.0023,0,,1.1,33.33,-0.6694,0,1.0949,1.0,3,0,1,0,3,4,2024-04-29 13:55:00+05:30,2024-04-29 14:00:00+05:30,2024-04-29 15:00:00+05:30,221.2,220.5125,222.4375,-0.3,EOD-
S501,WIPRO,2024-04-29 14:05:00+05:30,-0.0113,-0.0316,0,,0.2646,50.0,0.2903,0,1.0366,,0,0,1,1,0,1,2024-04-29 14:05:00+05:30,2024-04-29 14:10:00+05:30,2024-04-29 15:00:00+05:30,221.2,220.46785714285716,222.5178571428572,-0.3,EOD-
S502,WIPRO,2024-04-29 14:15:00+05:30,0.009,-0.0136,0,,0.5115,40.0,0.0526,0,1.5623,,0,0,0,1,0,1,2024-04-29 14:15:00+05:30,2024-04-29 14:20:00+05:30,2024-04-29 15:00:00+05:30,221.3,220.60357142857143,222.55357142857147,-0.4,EOD-
S503,WIPRO,2024-04-30 09:15:00+05:30,,,0,,0.3133,29.63,1.1277,0,3.5601,,0,1,0,1,0,1,2024-04-30 09:15:00+05:30,2024-04-30 09:20:00+05:30,2024-04-30 11:05:00+05:30,221.75,220.8125,223.4375,-0.9375,L
S504,WIPRO,2024-04-30 10:05:00+05:30,0.124,0.1613,9,6.0,0.0915,30.0,2.0,0,0.6917,,0,0,0,1,0,1,2024-04-30 10:05:00+05:30,2024-04-30 10:10:00+05:30,2024-04-30 15:00:00+05:30,221.85,220.48392857142855,224.30892857142857,-0.35,EOD-
S505,WIPRO,2024-04-30 10:15:00+05:30,0.1194,0.1297,0,,0.3987,33.33,-0.0698,0,0.3925,,0,0,1,1,0,1,2024-04-30 10:15:00+05:30,2024-04-30 10:20:00+05:30,2024-04-30 11:15:00+05:30,221.95,220.6017857142857,224.3767857142857,-1.3482,L
S506,WIPRO,2024-04-30 11:15:00+05:30,-0.1433,-0.0394,0,,2.849,73.33,-0.9509,0,0.6382,0.0,3,0,1,0,3,4,2024-04-30 11:30:00+05:30,2024-04-30 11:35:00+05:30,2024-04-30 15:00:00+05:30,221.6,220.70714285714288,223.20714285714283,-0.1,EOD-
S507,WIPRO,2024-04-30 11:40:00+05:30,-0.0971,-0.1557,0,,0.5614,57.14,-0.5062,0,0.4848,0.0,2,0,0,0,2,3,2024-04-30 11:50:00+05:30,2024-04-30 11:55:00+05:30,2024-04-30 15:00:00+05:30,221.4,220.4982142857143,223.02321428571423,0.1,EOD+
S508,WIPRO,2024-04-30 12:00:00+05:30,-0.052,-0.0836,0,,0.063,88.89,-1.0,0,2.5377,,0,0,0,1,0,1,2024-04-30 12:00:00+05:30,2024-04-30 12:05:00+05:30,2024-04-30 15:00:00+05:30,221.7,220.80714285714285,223.3071428571428,-0.2,EOD-
S509,WIPRO,2024-04-30 14:15:00+05:30,0.0191,0.0462,0,,0.6883,50.0,-0.661,0,6.7788,1.0,3,1,0,0,3,4,2024-04-30 14:30:00+05:30,2024-04-30 14:35:00+05:30,2024-04-30 14:40:00+05:30,222.2,221.66428571428568,223.1642857142857,-0.5357,L
S510,WIPRO,2024-05-02 10:25:00+05:30,-0.3339,-0.4164,0,,1.6388,14.29,-0.6985,0,0.4592,0.0,3,1,1,0,3,4,2024-05-02 10:40:00+05:30,2024-05-02 10:45:00+05:30,2024-05-02 15:00:00+05:30,219.15,217.63214285714287,221.88214285714287,-0.45,EOD-
S511,WIPRO,2024-05-02 11:15:00+05:30,-0.1316,-0.1966,0,,1.9613,57.14,-0.8714,0,1.063,0.0,3,1,0,0,3,4,2024-05-02 11:30:00+05:30,2024-05-02 11:35:00+05:30,2024-05-02 14:35:00+05:30,218.9,217.9089285714286,220.68392857142857,-0.9911,L
S512,WIPRO,2024-05-02 11:40:00+05:30,0.0023,-0.1041,1,1.0,0.2081,50.0,0.8182,0,0.3186,,0,0,1,1,0,1,2024-05-02 11:40:00+05:30,2024-05-02 11:45:00+05:30,2024-05-02 15:00:00+05:30,218.55,217.5589285714286,220.33392857142857,0.15,EOD+
S513,WIPRO,2024-05-02 11:50:00+05:30,0.048,-0.0378,0,,0.3973,75.0,-0.3651,0,0.7834,1.0,1,1,0,0,1,2,2024-05-02 11:55:00+05:30,2024-05-02 12:00:00+05:30,2024-05-02 15:00:00+05:30,218.7,217.70892857142852,220.48392857142855,0.0,EOD-
S514,WIPRO,2024-05-02 12:05:00+05:30,0.0103,0.048,0,,0.0135,57.14,29.0,0,0.333,,0,0,1,1,0,1,2024-05-02 12:05:00+05:30,2024-05-02 12:10:00+05:30,2024-05-02 15:00:00+05:30,218.8,217.8714285714286,220.4714285714286,-0.1,EOD-
S515,WIPRO,2024-05-02 13:00:00+05:30,0.1142,0.0743,10,4.0,0.1901,40.0,0.8182,0,1.0551,,0,0,0,1,0,1,2024-05-02 13:00:00+05:30,2024-05-02 13:05:00+05:30,2024-05-02 14:15:00+05:30,219.0,218.2767857142857,220.3017857142857,-0.7232,L
S516,WIPRO,2024-05-02 13:10:00+05:30,0.0845,0.1028,0,,0.3182,50.0,0.1429,0,0.7305,,0,0,1,1,0,1,2024-05-02 13:10:00+05:30,2024-05-02 13:15:00+05:30,2024-05-02 14:15:00+05:30,218.9,218.2125,220.1375,-0.6875,L
S517,WIPRO,2024-05-02 14:00:00+05:30,0.0923,0.1152,8,7.0,0.166,50.0,1.6087,0,1.9308,,0,1,0,1,0,1,2024-05-02 14:00:00+05:30,2024-05-02 14:05:00+05:30,2024-05-02 14:15:00+05:30,219.5,218.63392857142856,221.0589285714286,-0.8661,L
S518,WIPRO,2024-05-03 10:05:00+05:30,0.2312,0.2098,10,10.0,0.0,50.0,,1,0.7196,,0,0,0,1,0,1,2024-05-03 10:05:00+05:30,2024-05-03 10:10:00+05:30,2024-05-03 11:20:00+05:30,219.85,218.2875,222.6625,-1.5625,L
S519,WIPRO,2024-05-03 12:25:00+05:30,-0.2144,-0.2462,0,,1.3085,42.86,-0.9301,0,0.9081,1.0,3,0,0,0,3,4,2024-05-03 12:40:00+05:30,2024-05-03 12:45:00+05:30,2024-05-03 12:50:00+05:30,218.1,216.73392857142855,220.5589285714285,-1.3661,L
S520,WIPRO,2024-05-03 12:55:00+05:30,-0.1896,-0.1722,0,,1.8532,75.0,-0.8913,0,0.4965,0.0,3,0,0,0,3,4,2024-05-03 13:10:00+05:30,2024-05-03 13:15:00+05:30,2024-05-03 15:00:00+05:30,217.45,216.20892857142852,219.68392857142857,0.55,EOD+
S521,WIPRO,2024-05-03 13:20:00+05:30,-0.0817,-0.1886,0,,0.5346,42.86,-0.3814,0,0.37,,0,0,1,1,0,1,2024-05-03 13:20:00+05:30,2024-05-03 13:25:00+05:30,2024-05-03 15:00:00+05:30,217.4,216.26607142857145,219.44107142857143,0.6,EOD+
S522,WIPRO,2024-05-03 13:35:00+05:30,0.0115,-0.0817,1,1.0,0.9971,60.0,-0.596,0,0.5523,0.0,2,0,1,0,2,3,2024-05-03 13:45:00+05:30,2024-05-03 13:50:00+05:30,2024-05-03 15:00:00+05:30,217.4,216.15892857142856,219.6339285714286,0.6,EOD+
S523,WIPRO,2024-05-03 13:55:00+05:30,-0.0035,0.0161,0,,0.3785,16.67,-0.726,0,0.7369,1.0,3,0,1,0,3,4,2024-05-03 14:10:00+05:30,2024-05-03 14:15:00+05:30,2024-05-03 15:00:00+05:30,217.55,216.34464285714284,219.7196428571429,0.45,EOD+
S524,WIPRO,2024-05-03 14:25:00+05:30,-0.0138,-0.0046,2,2.0,0.2136,20.0,2.3333,0,0.6165,,0,0,1,1,0,1,2024-05-03 14:25:00+05:30,2024-05-03 14:30:00+05:30,2024-05-03 15:00:00+05:30,217.65,216.59642857142856,219.54642857142855,0.35,EOD+
S525,WIPRO,2024-05-06 09:15:00+05:30,,,0,,0.2201,22.86,5.5574,0,1.3672,,0,0,0,1,0,1,2024-05-06 09:15:00+05:30,2024-05-06 09:20:00+05:30,2024-05-06 15:00:00+05:30,218.9,217.1678571428572,222.01785714285717,0.9,EOD+
S526,WIPRO,2024-05-06 10:10:00+05:30,0.22,0.2989,10,7.0,0.1736,41.67,1.1875,0,0.6856,,0,0,0,1,0,1,2024-05-06 10:10:00+05:30,2024-05-06 10:15:00+05:30,2024-05-06 15:00:00+05:30,219.4,217.0964285714286,223.54642857142855,0.4,EOD+
S527,WIPRO,2024-05-06 10:20:00+05:30,0.172,0.2554,0,,0.2996,50.0,-0.802,0,0.4784,1.0,1,0,1,0,1,2,2024-05-06 10:25:00+05:30,2024-05-06 10:30:00+05:30,2024-05-06 15:00:00+05:30,219.8,217.69285714285715,223.5928571428572,0.0,EOD-
S528,WIPRO,2024-05-06 10:35:00+05:30,0.1184,0.172,0,,0.3385,20.0,-0.3182,0,0.4019,1.0,1,0,0,0,1,2,2024-05-06 10:40:00+05:30,2024-05-06 10:45:00+05:30,2024-05-06 15:00:00+05:30,219.8,218.175,222.725,0.0,EOD-
S529,WIPRO,2024-05-06 10:55:00+05:30,0.1319,0.1013,1,1.0,0.3757,70.0,-1.0,0,0.3308,1.0,1,0,0,0,1,2,2024-05-06 11:00:00+05:30,2024-05-06 11:05:00+05:30,2024-05-06 15:00:00+05:30,219.9,218.68571428571428,222.08571428571432,-0.1,EOD-
S530,WIPRO,2024-05-06 11:25:00+05:30,-0.091,0.0478,0,,1.387,25.0,-0.4393,0,0.4542,0.0,3,0,1,0,3,4,2024-05-06 11:40:00+05:30,2024-05-06 11:45:00+05:30,2024-05-06 15:00:00+05:30,219.75,218.78571428571428,221.4857142857143,0.05,EOD+
S531,WIPRO,2024-05-06 11:50:00+05:30,-0.0193,-0.0751,0,,0.1227,28.57,1.3529,0,1.0334,,0,1,1,1,0,1,2024-05-06 11:50:00+05:30,2024-05-06 11:55:00+05:30,2024-05-06 15:00:00+05:30,219.9,219.03392857142856,221.45892857142857,-0.1,EOD-
S532,WIPRO,2024-05-06 12:30:00+05:30,0.0455,0.0819,7,7.0,0.0,83.33,,1,0.6516,,0,1,1,1,0,1,2024-05-06 12:30:00+05:30,2024-05-06 12:35:00+05:30,2024-05-06 13:25:00+05:30,220.05,219.1839285714286,221.60892857142855,-0.8661,L
S533,WIPRO,2024-05-06 12:40:00+05:30,0.0296,0.0568,0,,0.2526,0.0,3.0,0,0.6854,,0,0,0,1,0,1,2024-05-06 12:40:00+05:30,2024-05-06 12:45:00+05:30,2024-05-06 13:25:00+05:30,220.2,219.33392857142857,221.75892857142856,-0.8661,L
S534,WIPRO,2024-05-06 13:25:00+05:30,-0.0114,0.025,0,,2.7276,88.89,-0.941,0,1.1672,1.0,3,0,0,0,3,4,2024-05-06 13:40:00+05:30,2024-05-06 13:45:00+05:30,2024-05-06 15:00:00+05:30,219.9,219.1232142857143,221.29821428571427,-0.1,EOD-
S535,WIPRO,2024-05-06 13:50:00+05:30,-0.0432,-0.0375,0,,0.3376,66.67,-0.5122,0,1.0475,1.0,3,0,1,0,3,4,2024-05-06 14:05:00+05:30,2024-05-06 14:10:00+05:30,2024-05-06 15:00:00+05:30,219.8,219.04107142857143,221.16607142857143,0.0,EOD-
S536,WIPRO,2024-05-07 11:30:00+05:30,-0.331,-0.2709,0,,2.0469,33.33,-1.0,0,0.765,1.0,3,0,1,0,3,4,2024-05-07 11:45:00+05:30,2024-05-07 11:50:00+05:30,2024-05-07 13:45:00+05:30,218.1,216.80535714285716,220.43035714285716,2.3304,W
S537,WIPRO,2024-05-07 12:45:00+05:30,0.0768,0.1157,11,5.0,0.4075,0.0,0.5385,0,0.4948,,0,1,0,1,0,1,2024-05-07 12:45:00+05:30,2024-05-07 12:50:00+05:30,2024-05-07 13:55:00+05:30,218.45,217.2535714285714,220.60357142857143,2.1536,W
S538,WIPRO,2024-05-07 13:10:00+05:30,0.0389,0.0263,0,,1.7033,85.71,-1.0,0,0.9359,1.0,3,0,0,0,3,4,2024-05-07 13:25:00+05:30,2024-05-07 13:30:00+05:30,2024-05-07 13:45:00+05:30,218.4,217.32857142857145,220.32857142857145,1.9286,W
S539,WIPRO,2024-05-07 13:35:00+05:30,0.0412,0.0527,0,,0.141,86.36,0.4286,0,2.2566,,0,0,1,1,0,1,2024-05-07 13:35:00+05:30,2024-05-07 13:40:00+05:30,2024-05-07 14:00:00+05:30,219.35,218.10892857142852,221.5839285714286,2.2339,W
S540,WIPRO,2024-05-08 09:15:00+05:30,,,0,,1.4108,44.44,-0.2366,0,1.064,0.0,1,0,1,0,1,2,2024-05-08 09:20:00+05:30,2024-05-08 09:25:00+05:30,2024-05-08 15:00:00+05:30,221.9,220.1589285714286,225.03392857142856,-0.7,EOD-
S541,WIPRO,2024-05-08 09:30:00+05:30,,,1,1.0,0.4396,43.75,0.2308,0,0.6165,,0,0,0,1,0,1,2024-05-08 09:30:00+05:30,2024-05-08 09:35:00+05:30,2024-05-08 15:00:00+05:30,221.95,220.1017857142857,225.2767857142857,-0.75,EOD-
S542,WIPRO,2024-05-08 09:40:00+05:30,0.0327,,1,1.0,0.5155,66.67,-0.5062,0,2.7182,1.0,3,0,0,0,3,4,2024-05-08 09:55:00+05:30,2024-05-08 10:00:00+05:30,2024-05-08 15:00:00+05:30,222.2,220.23571428571427,225.73571428571427,-1.0,EOD-
S543,WIPRO,2024-05-08 10:05:00+05:30,0.0541,0.0113,1,1.0,0.1316,22.73,3.0,0,0.5215,,0,1,0,1,0,1,2024-05-08 10:05:00+05:30,2024-05-08 10:10:00+05:30,2024-05-08 15:00:00+05:30,222.3,219.925,226.575,-1.1,EOD-
S544,WIPRO,2024-05-08 10:20:00+05:30,0.0868,0.0541,2,2.0,0.3801,25.0,0.7266,0,0.599,,0,0,0,1,0,1,2024-05-08 10:20:00+05:30,2024-05-08 10:25:00+05:30,2024-05-08 15:00:00+05:30,222.0,219.7142857142857,226.11428571428573,-0.8,EOD-
S545,WIPRO,2024-05-08 10:45:00+05:30,-0.0158,0.0586,0,,0.5286,0.0,-0.5862,0,0.2682,0.0,3,1,1,0,3,4,2024-05-08 11:00:00+05:30,2024-05-08 11:05:00+05:30,2024-05-08 15:00:00+05:30,222.0,220.28571428571428,225.0857142857143,-0.8,EOD-
S546,WIPRO,2024-05-08 11:25:00+05:30,0.0552,0.0113,4,4.0,0.2227,55.56,0.1429,0,0.6972,,0,0,0,1,0,1,2024-05-08 11:25:00+05:30,2024-05-08 11:30:00+05:30,2024-05-08 13:35:00+05:30,221.85,220.86785714285716,223.61785714285716,-0.9821,L
S547,WIPRO,2024-05-08 11:35:00+05:30,0.0507,0.0327,0,,0.3182,80.0,-1.0,0,0.6012,,0,0,0,1,0,1,2024-05-08 11:35:00+05:30,2024-05-08 11:40:00+05:30,2024-05-08 13:35:00+05:30,221.95,221.1642857142857,223.3642857142857,-0.7857,L
S548,WIPRO,2024-05-08 12:35:00+05:30,0.0574,0.0653,0,,0.9545,66.67,-0.8095,0,0.5693,0.0,3,1,1,0,3,4,2024-05-08 12:50:00+05:30,2024-05-08 12:55:00+05:30,2024-05-08 13:35:00+05:30,222.2,221.5125,223.4375,-0.6875,L
S549,WIPRO,2024-05-09 09:15:00+05:30,,,0,,1.6978,58.33,-0.7538,0,2.0579,,0,0,0,1,0,1,2024-05-09 09:15:00+05:30,2024-05-09 09:20:00+05:30,2024-05-09 09:35:00+05:30,221.4,220.20357142857145,223.55357142857144,-1.1964,L
S550,WIPRO,2024-05-09 09:25:00+05:30,,,0,,1.1681,42.86,-0.6324,0,1.2652,,0,0,0,1,0,1,2024-05-09 09:25:00+05:30,2024-05-09 09:30:00+05:30,2024-05-09 09:55:00+05:30,221.3,219.84464285714287,223.9196428571429,-1.4554,L
S551,WIPRO,2024-05-09 10:50:00+05:30,-0.2821,-0.2987,0,,2.0804,70.0,-0.9059,0,1.1833,1.0,3,0,0,0,3,4,2024-05-09 11:05:00+05:30,2024-05-09 11:10:00+05:30,2024-05-09 14:35:00+05:30,219.8,218.5232142857143,222.0982142857143,-1.2768,L
S552,WIPRO,2024-05-09 12:35:00+05:30,0.2526,0.2858,17,4.0,0.0769,85.71,1.1053,0,0.5886,,0,0,1,1,0,1,2024-05-09 12:35:00+05:30,2024-05-09 12:40:00+05:30,2024-05-09 13:00:00+05:30,220.8,219.25535714285715,223.5803571428572,-1.5446,L
S553,WIPRO,2024-05-10 09:35:00+05:30,,,0,,1.3247,58.82,-0.8578,0,0.4131,0.0,3,0,1,0,3,4,2024-05-10 09:50:00+05:30,2024-05-10 09:55:00+05:30,2024-05-10 11:35:00+05:30,218.2,216.20892857142857,221.78392857142856,-1.9911,L
S554,WIPRO,2024-05-10 10:20:00+05:30,0.0069,-0.0447,5,3.0,0.2074,33.33,0.7857,0,0.386,,0,0,0,1,0,1,2024-05-10 10:20:00+05:30,2024-05-10 10:25:00+05:30,2024-05-10 11:35:00+05:30,218.0,216.3125,221.0375,-1.6875,L
S555,WIPRO,2024-05-10 10:35:00+05:30,-0.0241,0.0069,2,2.0,0.0588,83.33,0.8182,0,0.4565,,0,0,0,1,0,1,2024-05-10 10:35:00+05:30,2024-05-10 10:40:00+05:30,2024-05-10 11:30:00+05:30,217.85,216.68035714285716,219.9553571428572,-1.1696,L
S556,WIPRO,2024-05-10 12:45:00+05:30,-0.1862,-0.2102,0,,1.489,44.44,-0.6813,0,0.6353,0.0,3,0,0,0,3,4,2024-05-10 13:00:00+05:30,2024-05-10 13:05:00+05:30,2024-05-10 15:00:00+05:30,216.1,215.04642857142852,217.99642857142857,-0.2,EOD-
S557,WIPRO,2024-05-10 13:15:00+05:30,-0.1274,-0.1841,0,,1.2267,30.0,-0.5652,0,0.6767,0.0,3,0,1,0,3,4,2024-05-10 13:30:00+05:30,2024-05-10 13:35:00+05:30,2024-05-10 15:00:00+05:30,215.95,215.0125,217.6375,-0.05,EOD-
S558,WIPRO,2024-05-10 14:00:00+05:30,0.0104,0.0336,4,1.0,0.4417,71.43,-0.2453,0,0.8157,1.0,1,0,0,0,1,2,2024-05-10 14:05:00+05:30,2024-05-10 14:10:00+05:30,2024-05-10 15:00:00+05:30,215.95,215.2,217.3,-0.05,EOD-
S559,WIPRO,2024-05-10 14:15:00+05:30,0.0012,0.0104,0,,1.4854,60.0,-0.5402,0,0.9902,0.0,2,1,1,0,2,3,2024-05-10 14:25:00+05:30,2024-05-10 14:30:00+05:30,2024-05-10 15:00:00+05:30,215.95,215.21785714285716,217.2678571428571,-0.05,EOD-
S560,WIPRO,2024-05-13 10:35:00+05:30,-0.2429,-0.2461,0,,0.6041,0.0,-0.6825,0,0.3566,1.0,3,0,1,0,3,4,2024-05-13 10:50:00+05:30,2024-05-13 10:55:00+05:30,2024-05-13 15:00:00+05:30,214.0,212.69642857142856,216.34642857142856,2.0,EOD+
S561,WIPRO,2024-05-13 11:45:00+05:30,0.1273,0.1297,10,2.0,0.0785,60.0,2.3333,0,0.4195,,0,0,0,1,0,1,2024-05-13 11:45:00+05:30,2024-05-13 11:50:00+05:30,2024-05-13 14:50:00+05:30,214.15,213.19464285714287,215.86964285714285,1.7196,W
S562,WIPRO,2024-05-13 13:30:00+05:30,0.0396,0.071,0,,0.9231,100.0,-1.0,0,5.0814,1.0,3,1,0,0,3,4,2024-05-13 13:45:00+05:30,2024-05-13 13:50:00+05:30,2024-05-13 15:00:00+05:30,214.95,214.1375,216.4125,1.05,EOD+
S563,WIPRO,2024-05-13 14:00:00+05:30,0.043,0.0163,1,1.0,0.1212,53.85,2.3333,0,1.4628,,0,0,0,1,0,1,2024-05-13 14:00:00+05:30,2024-05-13 14:05:00+05:30,2024-05-13 15:00:00+05:30,215.0,214.07142857142856,216.67142857142855,1.0,EOD+
S564,WIPRO,2024-05-13 14:10:00+05:30,0.0582,0.0326,0,,0.2164,60.0,0.7647,0,0.9738,,0,0,0,1,0,1,2024-05-13 14:10:00+05:30,2024-05-13 14:15:00+05:30,2024-05-13 15:00:00+05:30,215.3,214.31785714285715,217.06785714285715,0.7,EOD+
S565,WIPRO,2024-05-14 10:00:00+05:30,0.1559,0.2254,9,9.0,0.6351,66.67,-0.562,0,0.5161,0.0,2,0,0,0,2,3,2024-05-14 10:10:00+05:30,2024-05-14 10:15:00+05:30,2024-05-14 13:50:00+05:30,216.8,215.45178571428573,219.2267857142857,2.4268,W
S566,WIPRO,2024-05-14 10:30:00+05:30,0.1384,0.1246,3,2.0,0.3842,12.5,0.3699,0,0.1928,,0,1,1,1,0,1,2024-05-14 10:30:00+05:30,2024-05-14 10:35:00+05:30,2024-05-14 13:50:00+05:30,216.9,215.7125,219.0375,2.1375,W
S567,WIPRO,2024-05-14 10:40:00+05:30,0.1118,0.1327,0,,0.6017,57.14,-0.6154,0,0.1834,,0,0,1,1,0,1,2024-05-14 10:40:00+05:30,2024-05-14 10:45:00+05:30,2024-05-14 13:45:00+05:30,216.9,215.81964285714287,218.84464285714284,1.9446,W
S568,WIPRO,2024-05-14 10:50:00+05:30,0.0738,0.1234,0,,0.9496,25.0,-0.7436,0,1.3633,1.0,1,0,0,0,1,2,2024-05-14 10:55:00+05:30,2024-05-14 11:00:00+05:30,2024-05-14 13:45:00+05:30,216.85,215.82321428571427,218.69821428571427,1.8482,W
S569,WIPRO,2024-05-14 13:00:00+05:30,0.093,0.1378,23,4.0,0.3101,33.33,0.1429,0,0.8816,,0,0,0,1,0,1,2024-05-14 13:00:00+05:30,2024-05-14 13:05:00+05:30,2024-05-14 13:50:00+05:30,217.85,217.14464285714288,219.11964285714285,1.2696,W
S570,WIPRO,2024-05-14 13:15:00+05:30,0.0528,0.093,0,,1.2205,75.0,-0.8529,0,3.5589,1.0,3,0,0,0,3,4,2024-05-14 13:30:00+05:30,2024-05-14 13:35:00+05:30,2024-05-14 14:00:00+05:30,218.35,217.65357142857144,219.6035714285714,1.2536,W
S571,WIPRO,2024-05-15 09:15:00+05:30,,,0,,2.0326,20.69,-0.6939,0,0.8002,0.0,2,0,1,0,2,3,2024-05-15 09:25:00+05:30,2024-05-15 09:30:00+05:30,2024-05-15 10:15:00+05:30,218.75,217.5446428571429,220.9196428571429,-1.2054,L
S572,WIPRO,2024-05-15 09:35:00+05:30,,,0,,0.15,27.27,0.8182,0,0.4749,,0,0,1,1,0,1,2024-05-15 09:35:00+05:30,2024-05-15 09:40:00+05:30,2024-05-15 10:30:00+05:30,218.85,217.475,221.325,-1.375,L
S573,WIPRO,2024-05-15 10:35:00+05:30,-0.0859,-0.0778,0,,1.8905,20.0,-1.0,0,0.7124,1.0,3,1,1,0,3,4,2024-05-15 10:50:00+05:30,2024-05-15 10:55:00+05:30,2024-05-15 15:00:00+05:30,218.5,217.1875,220.8625,0.8,EOD+
S574,WIPRO,2024-05-15 11:25:00+05:30,0.0103,0.0458,5,4.0,0.2158,88.89,0.0811,0,0.9387,,0,0,0,1,0,1,2024-05-15 11:25:00+05:30,2024-05-15 11:30:00+05:30,2024-05-15 15:00:00+05:30,218.4,217.32857142857145,220.32857142857145,0.9,EOD+
S575,WIPRO,2024-05-15 12:20:00+05:30,0.1702,0.1304,9,1.0,0.4989,66.67,-0.403,0,0.5066,0.0,3,0,1,0,3,4,2024-05-15 12:35:00+05:30,2024-05-15 12:40:00+05:30,2024-05-15 15:00:00+05:30,219.0,218.1607142857143,220.51071428571427,0.3,EOD+
S576,WIPRO,2024-05-15 12:45:00+05:30,0.032,0.137,0,,0.1296,25.0,1.6667,0,0.236,,0,0,1,1,0,1,2024-05-15 12:45:00+05:30,2024-05-15 12:50:00+05:30,2024-05-15 15:00:00+05:30,219.0,218.2767857142857,220.3017857142857,0.3,EOD+
S577,WIPRO,2024-05-15 13:05:00+05:30,-0.024,0.008,0,,0.98,20.0,-0.6639,0,0.4255,0.0,3,0,1,0,3,4,2024-05-15 13:20:00+05:30,2024-05-15 13:25:00+05:30,2024-05-15 15:00:00+05:30,219.1,218.3410714285714,220.46607142857144,0.2,EOD+
S578,WIPRO,2024-05-15 13:40:00+05:30,-0.0034,0.0297,0,,0.9108,40.0,-0.4444,0,0.8685,1.0,3,0,0,0,3,4,2024-05-15 13:55:00+05:30,2024-05-15 14:00:00+05:30,2024-05-15 15:00:00+05:30,218.9,218.15892857142856,220.2339285714286,0.4,EOD+
S579,WIPRO,2024-05-15 14:05:00+05:30,-0.0217,-0.0251,0,,0.7506,40.0,-0.3258,0,2.1205,,0,0,0,1,0,1,2024-05-15 14:05:00+05:30,2024-05-15 14:10:00+05:30,2024-05-15 15:00:00+05:30,218.9,218.15892857142856,220.2339285714286,0.4,EOD+
S580,WIPRO,2024-05-15 14:15:00+05:30,-0.0137,-0.024,0,,0.8384,40.0,-0.6117,0,1.0646,0.0,3,0,0,0,3,4,2024-05-15 14:30:00+05:30,2024-05-15 14:35:00+05:30,2024-05-15 15:00:00+05:30,218.95,218.1821428571428,220.33214285714288,0.35,EOD+
S581,WIPRO,2024-05-16 10:20:00+05:30,0.2187,0.2677,13,12.0,0.3643,42.86,-0.1429,0,0.3997,0.0,2,0,0,0,2,3,2024-05-16 10:30:00+05:30,2024-05-16 10:35:00+05:30,2024-05-16 13:35:00+05:30,220.9,218.49821428571428,225.22321428571428,-2.4018,L
S582,WIPRO,2024-05-16 10:40:00+05:30,0.2104,0.2118,0,,0.411,50.0,-0.604,0,0.3695,,0,0,1,1,0,1,2024-05-16 10:40:00+05:30,2024-05-16 10:45:00+05:30,2024-05-16 11:15:00+05:30,221.15,219.61428571428573,223.9142857142857,-1.5357,L
S583,WIPRO,2024-05-16 11:50:00+05:30,-0.1464,-0.1519,0,,0.9514,25.0,-0.4819,0,0.8282,1.0,3,0,1,0,3,4,2024-05-16 12:05:00+05:30,2024-05-16 12:10:00+05:30,2024-05-16 13:00:00+05:30,220.5,219.2321428571429,222.78214285714284,-1.2679,L
S584,WIPRO,2024-05-16 13:40:00+05:30,-0.1695,-0.0773,0,,3.5962,23.08,-0.9108,0,2.1244,1.0,3,0,0,0,3,4,2024-05-16 13:55:00+05:30,2024-05-16 14:00:00+05:30,2024-05-16 15:00:00+05:30,219.65,218.48035714285717,221.75535714285715,2.1054,W
S585,WIPRO,2024-05-16 14:05:00+05:30,-0.2132,-0.2118,1,1.0,0.7891,100.0,-1.0,0,0.7311,0.0,2,0,0,0,2,3,2024-05-16 14:15:00+05:30,2024-05-16 14:20:00+05:30,2024-05-16 15:00:00+05:30,219.4,217.9267857142857,222.05178571428573,2.1,EOD+
S586,WIPRO,2024-05-17 10:15:00+05:30,0.0124,0.0916,0,,1.4124,0.0,-0.8834,0,0.6874,1.0,3,0,1,0,3,4,2024-05-17 10:30:00+05:30,2024-05-17 10:35:00+05:30,2024-05-17 15:00:00+05:30,220.8,219.28214285714287,223.53214285714287,-0.6,EOD-
S587,WIPRO,2024-05-17 10:45:00+05:30,-0.1348,-0.1132,1,1.0,0.6028,85.71,-0.6774,0,0.3964,0.0,2,0,1,0,2,3,2024-05-17 10:55:00+05:30,2024-05-17 11:00:00+05:30,2024-05-17 15:00:00+05:30,220.75,219.4642857142857,223.06428571428572,-0.55,EOD-
S588,WIPRO,2024-05-17 11:10:00+05:30,-0.0431,-0.1178,2,2.0,0.035,0.0,19.0,0,0.3762,,0,0,1,1,0,1,2024-05-17 11:10:00+05:30,2024-05-17 11:15:00+05:30,2024-05-17 13:30:00+05:30,220.9,219.82857142857145,222.82857142857148,-1.0714,L
S589,WIPRO,2024-05-17 11:20:00+05:30,0.0023,-0.0748,0,,0.35,50.0,-1.0,0,0.2182,0.0,2,0,0,0,2,3,2024-05-17 11:30:00+05:30,2024-05-17 11:35:00+05:30,2024-05-17 15:00:00+05:30,220.7,219.7535714285714,222.40357142857144,-0.5,EOD-
S590,WIPRO,2024-05-17 11:40:00+05:30,0.0261,0.017,0,,0.2579,25.0,0.1429,0,1.5975,,0,0,0,1,0,1,2024-05-17 11:40:00+05:30,2024-05-17 11:45:00+05:30,2024-05-17 13:30:00+05:30,220.65,219.80178571428573,222.17678571428573,-0.8482,L
S591,WIPRO,2024-05-17 12:15:00+05:30,-0.0034,0.0193,0,,1.0667,66.67,-0.7917,0,0.9784,1.0,3,0,1,0,3,4,2024-05-17 12:30:00+05:30,2024-05-17 12:35:00+05:30,2024-05-17 13:00:00+05:30,220.7,220.1375,221.7125,-0.5625,L
S592,WIPRO,2024-05-17 13:40:00+05:30,-0.0624,-0.0567,0,,1.3478,60.0,-1.0,0,1.3784,1.0,3,0,1,0,3,4,2024-05-17 13:55:00+05:30,2024-05-17 14:00:00+05:30,2024-05-17 14:40:00+05:30,220.5,219.9017857142857,221.57678571428573,-0.5982,L
S593,WIPRO,2024-05-17 14:15:00+05:30,-0.0091,-0.0284,3,1.0,0.071,50.0,7.5714,0,2.0132,,0,1,0,1,0,1,2024-05-17 14:15:00+05:30,2024-05-17 14:20:00+05:30,2024-05-17 15:00:00+05:30,220.5,219.88392857142856,221.60892857142855,-0.3,EOD-
S594,WIPRO,2024-05-17 14:30:00+05:30,-0.0204,-0.0091,2,2.0,0.4092,0.0,1.1053,0,1.9912,,0,0,1,1,0,1,2024-05-17 14:30:00+05:30,2024-05-17 14:35:00+05:30,2024-05-17 15:00:00+05:30,220.4,219.81964285714287,221.44464285714287,-0.2,EOD-
S595,WIPRO,2024-05-18 09:15:00+05:30,,,0,,2.331,28.57,-0.2192,0,0.5699,,0,0,0,1,0,1,2024-05-18 09:15:00+05:30,2024-05-18 09:20:00+05:30,2024-05-18 12:25:00+05:30,220.55,219.65714285714284,222.1571428571429,0.65,EOD+
S596,WIPRO,2024-05-18 11:45:00+05:30,0.0918,0.068,11,3.0,0.2116,37.5,1.0513,0,0.3557,,0,0,0,1,0,1,2024-05-18 11:45:00+05:30,2024-05-18 11:50:00+05:30,2024-05-18 12:25:00+05:30,220.8,219.6482142857143,222.8732142857143,0.4,EOD+
S597,WIPRO,2024-05-18 12:05:00+05:30,0.0928,0.1076,2,1.0,0.0429,25.0,9.0,0,0.2933,,0,0,1,1,0,1,2024-05-18 12:05:00+05:30,2024-05-18 12:10:00+05:30,2024-05-18 12:25:00+05:30,221.0,220.125,222.575,0.2,EOD+
S598,WIPRO,2024-05-18 12:20:00+05:30,0.086,0.0928,2,1.0,0.2284,71.43,0.2903,0,1.2725,,0,0,1,1,0,1,2024-05-18 12:20:00+05:30,2024-05-18 12:25:00+05:30,2024-05-18 12:25:00+05:30,221.0,220.1517857142857,222.5267857142857,0.2,EOD+
S599,WIPRO,2024-05-21 09:15:00+05:30,,,0,,1.0965,0.0,0.5819,0,8.5037,,0,0,0,1,0,1,2024-05-21 09:15:00+05:30,2024-05-21 09:20:00+05:30,2024-05-21 09:50:00+05:30,221.3,220.29107142857143,223.11607142857144,-1.0089,L
S600,WIPRO,2024-05-21 09:25:00+05:30,,,0,,0.6889,33.33,-0.1935,0,2.1329,,0,1,0,1,0,1,2024-05-21 09:25:00+05:30,2024-05-21 09:30:00+05:30,2024-05-21 09:55:00+05:30,221.3,220.17500000000004,223.325,-1.125,L
S601,WIPRO,2024-05-21 10:40:00+05:30,-0.0589,-0.0566,0,,0.8491,83.33,-0.8473,0,0.6988,1.0,3,0,1,0,3,4,2024-05-21 10:55:00+05:30,2024-05-21 11:00:00+05:30,2024-05-21 15:00:00+05:30,220.75,219.78571428571428,222.4857142857143,-0.9643,L
S602,WIPRO,2024-05-21 11:20:00+05:30,-0.0193,-0.0533,4,3.0,0.506,62.5,-0.3333,0,0.4385,0.0,1,0,1,0,1,2,2024-05-21 11:25:00+05:30,2024-05-21 11:30:00+05:30,2024-05-21 12:50:00+05:30,220.65,219.90892857142856,221.9839285714286,1.3339,W
S603,WIPRO,2024-05-21 11:35:00+05:30,0.0181,-0.0193,0,,0.1636,33.33,1.2222,0,0.6071,,0,0,0,1,0,1,2024-05-21 11:35:00+05:30,2024-05-21 11:40:00+05:30,2024-05-21 12:50:00+05:30,220.65,219.9625,221.8875,1.2375,W
S604,WIPRO,2024-05-21 11:50:00+05:30,0.0351,0.0181,2,2.0,0.7194,100.0,-1.0,0,0.7523,0.0,1,0,0,0,1,2,2024-05-21 11:55:00+05:30,2024-05-21 12:00:00+05:30,2024-05-21 12:50:00+05:30,220.8,220.15714285714287,221.95714285714288,1.1571,W
S605,WIPRO,2024-05-21 12:05:00+05:30,0.0215,0.0351,0,,0.83,20.0,-0.0361,0,0.5907,0.0,2,1,1,0,2,3,2024-05-21 12:15:00+05:30,2024-05-21 12:20:00+05:30,2024-05-21 12:50:00+05:30,220.75,220.125,221.875,1.125,W
S606,WIPRO,2024-05-21 12:25:00+05:30,0.0079,0.0091,0,,0.51,60.0,-1.0,0,3.0899,1.0,1,0,0,0,1,2,2024-05-21 12:30:00+05:30,2024-05-21 12:35:00+05:30,2024-05-21 14:40:00+05:30,221.4,220.775,222.525,-0.625,L
S607,WIPRO,2024-05-21 13:20:00+05:30,0.1153,0.1402,9,5.0,0.5077,80.0,-0.697,0,0.4994,0.0,1,0,1,0,1,2,2024-05-21 13:25:00+05:30,2024-05-21 13:30:00+05:30,2024-05-21 14:40:00+05:30,221.3,220.4875,222.7625,-0.8125,L
S608,WIPRO,2024-05-22 09:15:00+05:30,,,0,,0.728,25.0,1.1538,0,1.8681,,0,0,0,1,0,1,2024-05-22 09:15:00+05:30,2024-05-22 09:20:00+05:30,2024-05-22 09:40:00+05:30,221.0,219.88392857142856,223.00892857142856,-1.1161,L
S609,WIPRO,2024-05-22 09:40:00+05:30,-0.0136,,4,4.0,1.6642,70.37,-0.5767,0,0.6528,0.0,3,0,0,0,3,4,2024-05-22 09:55:00+05:30,2024-05-22 10:00:00+05:30,2024-05-22 15:00:00+05:30,220.8,219.38035714285715,223.35535714285717,-0.9,EOD-
S610,WIPRO,2024-05-22 10:05:00+05:30,-0.0533,-0.0658,0,,0.8251,30.77,-0.3365,0,0.4303,0.0,1,0,0,0,1,2,2024-05-22 10:10:00+05:30,2024-05-22 10:15:00+05:30,2024-05-22 15:00:00+05:30,220.75,219.1517857142857,223.6267857142857,-0.85,EOD-
S611,WIPRO,2024-05-22 10:35:00+05:30,0.0091,0.0227,0,,1.19,66.67,-0.8616,0,0.4383,1.0,3,0,1,0,3,4,2024-05-22 10:50:00+05:30,2024-05-22 10:55:00+05:30,2024-05-22 15:00:00+05:30,220.6,219.08214285714288,223.33214285714288,-0.7,EOD-
S612,WIPRO,2024-05-22 11:10:00+05:30,-0.0817,-0.0125,0,,0.5577,40.0,-0.5918,0,0.9953,1.0,3,0,0,0,3,4,2024-05-22 11:25:00+05:30,2024-05-22 11:30:00+05:30,2024-05-22 15:00:00+05:30,220.5,219.4017857142857,222.4767857142857,-0.6,EOD-
S613,WIPRO,2024-05-22 12:15:00+05:30,-0.0148,-0.034,0,,1.08,66.67,-1.0,0,0.9046,0.0,3,0,0,0,3,4,2024-05-22 12:30:00+05:30,2024-05-22 12:35:00+05:30,2024-05-22 15:00:00+05:30,220.25,219.625,221.375,-0.35,EOD-
S614,WIPRO,2024-05-22 12:45:00+05:30,-0.0125,-0.0136,0,,0.5621,50.0,-0.6226,0,1.5212,1.0,3,0,0,0,3,4,2024-05-22 13:00:00+05:30,2024-05-22 13:05:00+05:30,2024-05-22 13:25:00+05:30,220.35,219.76071428571427,221.41071428571428,-0.5893,L
S615,WIPRO,2024-05-22 13:10:00+05:30,-0.0125,-0.0045,1,1.0,0.0255,33.33,19.0,0,0.8698,,0,0,1,1,0,1,2024-05-22 13:10:00+05:30,2024-05-22 13:15:00+05:30,2024-05-22 13:25:00+05:30,220.3,219.8089285714286,221.1839285714286,-0.4911,L
S616,WIPRO,2024-05-23 10:40:00+05:30,0.2968,0.3175,17,4.0,0.4184,68.75,-0.4393,0,0.4505,0.0,1,0,1,0,1,2,2024-05-23 10:45:00+05:30,2024-05-23 10:50:00+05:30,2024-05-23 15:00:00+05:30,222.8,221.2017857142857,225.67678571428573,-0.6,EOD-
S617,WIPRO,2024-05-23 10:55:00+05:30,0.2268,0.2968,1,1.0,0.3138,40.0,0.8462,0,0.6223,,0,0,0,1,0,1,2024-05-23 10:55:00+05:30,2024-05-23 11:00:00+05:30,2024-05-23 15:00:00+05:30,222.8,221.50535714285715,225.1303571428572,-0.6,EOD-
S618,WIPRO,2024-05-23 11:15:00+05:30,0.1335,0.2144,0,,0.3622,25.0,-1.0,0,0.7902,1.0,3,1,1,0,3,4,2024-05-23 11:30:00+05:30,2024-05-23 11:35:00+05:30,2024-05-23 14:50:00+05:30,223.0,221.72321428571428,225.2982142857143,-1.2768,L
S619,WIPRO,2024-05-23 11:55:00+05:30,0.0538,-0.0,4,3.0,0.4577,22.22,0.7647,0,0.7832,,0,0,1,1,0,1,2024-05-23 11:55:00+05:30,2024-05-23 12:00:00+05:30,2024-05-23 13:15:00+05:30,223.2,222.27142857142857,224.87142857142857,-0.9286,L
S620,WIPRO,2024-05-23 12:05:00+05:30,0.0303,0.0415,1,1.0,0.0069,88.89,19.0,0,0.3871,,0,0,1,1,0,1,2024-05-23 12:05:00+05:30,2024-05-23 12:10:00+05:30,2024-05-23 14:45:00+05:30,223.0,222.09821428571428,224.62321428571428,-0.9018,L
S621,WIPRO,2024-05-23 12:15:00+05:30,0.009,0.0426,0,,0.2022,20.0,-0.2308,0,0.6169,,0,0,0,1,0,1,2024-05-23 12:15:00+05:30,2024-05-23 12:20:00+05:30,2024-05-23 13:20:00+05:30,223.0,222.19642857142856,224.44642857142856,-0.8036,L
S622,WIPRO,2024-05-23 12:25:00+05:30,0.028,0.0146,0,,0.3769,50.0,0.2245,0,0.768,,0,0,1,1,0,1,2024-05-23 12:25:00+05:30,2024-05-23 12:30:00+05:30,2024-05-23 13:15:00+05:30,223.15,222.3375,224.6125,-0.8125,L
S623,WIPRO,2024-05-23 12:35:00+05:30,0.046,0.0146,0,,0.1697,11.11,2.3333,0,1.37,,0,0,0,1,0,1,2024-05-23 12:35:00+05:30,2024-05-23 12:40:00+05:30,2024-05-23 13:15:00+05:30,223.25,222.36607142857144,224.8410714285714,-0.8839,L
S624,WIPRO,2024-05-23 14:00:00+05:30,-0.0819,-0.0763,0,,1.2722,66.67,-1.0,0,0.9296,1.0,3,0,1,0,3,4,2024-05-23 14:15:00+05:30,2024-05-23 14:20:00+05:30,2024-05-23 14:50:00+05:30,222.65,221.62321428571428,224.4982142857143,-1.0268,L
S625,WIPRO,2024-05-23 14:30:00+05:30,-0.0562,-0.0809,1,1.0,0.5748,33.33,0.1881,0,1.0772,,0,0,1,1,0,1,2024-05-23 14:30:00+05:30,2024-05-23 14:35:00+05:30,2024-05-23 15:00:00+05:30,222.5,221.4017857142857,224.4767857142857,-0.3,EOD-
S626,WIPRO,2024-05-27 11:55:00+05:30,-0.0563,-0.0287,0,,1.8438,40.0,-0.8644,0,2.9931,0.0,3,0,1,0,3,4,2024-05-27 12:10:00+05:30,2024-05-27 12:15:00+05:30,2024-05-27 14:50:00+05:30,217.45,216.45,219.25,-1.0,L
S627,WIPRO,2024-05-27 12:20:00+05:30,-0.1174,-0.1219,0,,0.2484,14.29,-0.3939,0,0.3268,0.0,3,0,1,0,3,4,2024-05-27 12:35:00+05:30,2024-05-27 12:40:00+05:30,2024-05-27 14:55:00+05:30,217.1,216.26964285714288,218.5946428571428,-0.8304,L
S628,WIPRO,2024-05-27 12:45:00+05:30,-0.0599,-0.1117,0,,0.8067,62.5,-0.8347,0,0.5425,0.0,1,0,0,0,1,2,2024-05-27 12:50:00+05:30,2024-05-27 12:55:00+05:30,2024-05-27 15:00:00+05:30,217.1,216.1625,218.7875,-0.9375,L
S629,WIPRO,2024-05-27 13:00:00+05:30,-0.0046,-0.0599,1,1.0,0.1189,25.0,1.2222,0,0.2749,,0,0,1,1,0,1,2024-05-27 13:00:00+05:30,2024-05-27 13:05:00+05:30,2024-05-27 14:55:00+05:30,217.15,216.20357142857145,218.85357142857143,-0.9464,L
S630,WIPRO,2024-05-27 13:10:00+05:30,-0.0012,-0.0161,1,1.0,0.4615,60.0,-0.3333,0,0.3993,0.0,1,0,1,0,1,2,2024-05-27 13:15:00+05:30,2024-05-27 13:20:00+05:30,2024-05-27 14:50:00+05:30,217.15,216.3375,218.6125,-0.8125,L
S631,WIPRO,2024-05-27 13:30:00+05:30,0.0104,0.0035,2,2.0,0.257,60.0,0.3793,0,0.8665,,0,0,0,1,0,1,2024-05-27 13:30:00+05:30,2024-05-27 13:35:00+05:30,2024-05-27 14:50:00+05:30,217.1,216.39464285714288,218.36964285714285,-0.7054,L
S632,WIPRO,2024-05-27 13:40:00+05:30,0.0219,0.0127,0,,0.8319,0.0,-0.0244,0,0.3693,0.0,2,0,0,0,2,3,2024-05-27 13:50:00+05:30,2024-05-27 13:55:00+05:30,2024-05-27 14:50:00+05:30,217.1,216.48392857142855,218.20892857142852,-0.6161,L
S633,WIPRO,2024-05-27 14:00:00+05:30,0.0,0.0196,0,,0.4153,33.33,0.1429,0,0.6028,,0,0,0,1,0,1,2024-05-27 14:00:00+05:30,2024-05-27 14:05:00+05:30,2024-05-27 14:35:00+05:30,217.15,216.6232142857143,218.09821428571428,-0.5268,L
S634,WIPRO,2024-05-27 14:10:00+05:30,0.0012,0.0069,0,,0.7226,50.0,-0.375,0,1.0447,0.0,1,0,1,0,1,2,2024-05-27 14:15:00+05:30,2024-05-27 14:20:00+05:30,2024-05-27 14:35:00+05:30,217.15,216.5964285714286,218.14642857142857,-0.5536,L
S635,WIPRO,2024-05-27 14:25:00+05:30,0.0207,0.0012,0,,0.3122,0.0,0.2121,0,3.7429,,0,0,0,1,0,1,2024-05-27 14:25:00+05:30,2024-05-27 14:30:00+05:30,2024-05-27 14:50:00+05:30,217.15,216.48928571428573,218.3392857142857,-0.6607,L
S636,WIPRO,2024-05-28 09:15:00+05:30,,,0,,0.2391,48.65,1.5455,0,0.9143,,0,0,0,1,0,1,2024-05-28 09:15:00+05:30,2024-05-28 09:20:00+05:30,2024-05-28 15:00:00+05:30,217.9,216.4625,220.4875,-0.05,EOD-
S637,WIPRO,2024-05-28 10:00:00+05:30,0.0518,0.0668,8,7.0,0.059,55.56,4.7143,0,0.1204,,0,0,1,1,0,1,2024-05-28 10:00:00+05:30,2024-05-28 10:05:00+05:30,2024-05-28 15:00:00+05:30,217.2,215.71785714285716,219.86785714285716,0.65,EOD+
S638,WIPRO,2024-05-28 10:10:00+05:30,0.0449,0.053,0,,0.5219,91.67,-0.8413,0,0.1778,,0,0,0,1,0,1,2024-05-28 10:10:00+05:30,2024-05-28 10:15:00+05:30,2024-05-28 15:00:00+05:30,217.35,215.8410714285714,220.06607142857143,0.5,EOD+
S639,WIPRO,2024-05-28 11:05:00+05:30,0.054,0.178,10,5.0,0.2281,0.0,1.7586,0,0.5375,,0,0,0,1,0,1,2024-05-28 11:05:00+05:30,2024-05-28 11:10:00+05:30,2024-05-28 12:20:00+05:30,217.75,216.95535714285717,219.18035714285716,-0.7946,L
S640,WIPRO,2024-05-28 11:50:00+05:30,0.0057,0.0103,0,,2.3782,57.14,-0.7736,0,0.9184,0.0,3,0,0,0,3,4,2024-05-28 12:05:00+05:30,2024-05-28 12:10:00+05:30,2024-05-28 12:20:00+05:30,217.7,217.00357142857143,218.9535714285714,-0.6964,L
S641,WIPRO,2024-05-28 12:40:00+05:30,-0.1104,-0.0701,0,,1.9721,91.67,-1.0,0,0.4746,0.0,3,0,1,0,3,4,2024-05-28 12:55:00+05:30,2024-05-28 13:00:00+05:30,2024-05-28 15:00:00+05:30,217.25,216.32142857142856,218.92142857142852,0.6,EOD+
S642,WIPRO,2024-05-28 13:10:00+05:30,-0.0483,-0.0909,1,1.0,0.2267,57.14,0.7647,0,0.3053,,0,0,1,1,0,1,2024-05-28 13:10:00+05:30,2024-05-28 13:15:00+05:30,2024-05-28 15:00:00+05:30,217.25,216.3125,218.9375,0.6,EOD+
S643,WIPRO,2024-05-28 14:05:00+05:30,0.0598,0.0506,10,5.0,0.0083,87.5,19.0,0,0.9327,,0,0,1,1,0,1,2024-05-28 14:05:00+05:30,2024-05-28 14:10:00+05:30,2024-05-28 15:00:00+05:30,217.85,217.1,219.2,0.0,EOD-
S644,WIPRO,2024-05-28 14:25:00+05:30,0.1137,0.0828,3,3.0,0.1901,16.67,2.6364,0,1.0144,,0,1,0,1,0,1,2024-05-28 14:25:00+05:30,2024-05-28 14:30:00+05:30,2024-05-28 15:00:00+05:30,217.85,217.1267857142857,219.1517857142857,0.0,EOD-
S645,WIPRO,2024-05-29 12:30:00+05:30,-0.0996,-0.1053,0,,0.672,25.0,-0.5833,0,0.8618,1.0,3,0,0,0,3,4,2024-05-29 12:45:00+05:30,2024-05-29 12:50:00+05:30,2024-05-29 14:35:00+05:30,216.2,215.30714285714285,217.80714285714285,-0.8929,L
S646,WIPRO,2024-05-29 12:55:00+05:30,-0.0324,-0.1101,1,1.0,0.8217,25.0,0.1111,0,1.7842,,0,0,0,1,0,1,2024-05-29 12:55:00+05:30,2024-05-29 13:00:00+05:30,2024-05-29 15:00:00+05:30,215.95,215.12857142857143,217.4285714285714,-0.5,EOD-
S647,WIPRO,2024-05-29 13:05:00+05:30,0.0023,-0.0626,0,,0.2397,0.0,2.2,0,0.3912,,0,0,0,1,0,1,2024-05-29 13:05:00+05:30,2024-05-29 13:10:00+05:30,2024-05-29 14:40:00+05:30,215.95,215.2982142857143,217.12321428571423,-0.6518,L
S648,WIPRO,2024-05-29 13:20:00+05:30,-0.0093,0.0023,2,1.0,0.1918,80.0,-1.0,0,0.3922,1.0,1,0,1,0,1,2,2024-05-29 13:25:00+05:30,2024-05-29 13:30:00+05:30,2024-05-29 14:40:00+05:30,215.9,215.2482142857143,217.07321428571427,-0.6518,L
S649,WIPRO,2024-05-30 10:35:00+05:30,-0.3045,-0.277,0,,2.0611,38.46,-0.8742,0,0.7146,0.0,3,0,0,0,3,4,2024-05-30 10:50:00+05:30,2024-05-30 10:55:00+05:30,2024-05-30 11:35:00+05:30,213.5,212.53571428571428,215.2357142857143,-0.9643,L
S650,WIPRO,2024-05-31 09:15:00+05:30,,,0,,0.9016,38.24,-0.187,0,1.3694,,0,1,0,1,0,1,2024-05-31 09:15:00+05:30,2024-05-31 09:20:00+05:30,2024-05-31 15:00:00+05:30,209.9,208.19464285714287,212.96964285714287,-1.15,EOD-
S651,WIPRO,2024-05-31 10:00:00+05:30,0.0155,0.0239,8,7.0,0.4458,21.43,0.5625,0,0.4325,,0,0,0,1,0,1,2024-05-31 10:00:00+05:30,2024-05-31 10:05:00+05:30,2024-05-31 15:00:00+05:30,209.55,207.75535714285715,212.78035714285716,-0.8,EOD-
S652,WIPRO,2024-05-31 10:10:00+05:30,0.0406,0.006,0,,0.4228,20.0,-0.6721,0,0.4161,1.0,1,1,0,0,1,2,2024-05-31 10:15:00+05:30,2024-05-31 10:20:00+05:30,2024-05-31 15:00:00+05:30,209.7,207.89642857142857,212.94642857142856,-0.95,EOD-
S653,WIPRO,2024-05-31 10:45:00+05:30,0.0763,0.0799,0,,0.5848,7.69,-0.3939,0,0.3091,0.0,3,0,1,0,3,4,2024-05-31 11:00:00+05:30,2024-05-31 11:05:00+05:30,2024-05-31 14:55:00+05:30,209.95,208.53928571428568,212.48928571428573,-1.4107,L
S654,WIPRO,2024-05-31 12:10:00+05:30,0.113,0.1203,13,6.0,0.5745,28.57,0.1494,0,0.6552,,0,0,1,1,0,1,2024-05-31 12:10:00+05:30,2024-05-31 12:15:00+05:30,2024-05-31 14:45:00+05:30,210.15,209.20357142857145,211.85357142857143,-0.9464,L
S655,WIPRO,2024-05-31 12:40:00+05:30,0.1224,0.1248,4,2.0,0.4165,60.0,-0.4444,0,0.3041,0.0,1,0,1,0,1,2,2024-05-31 12:45:00+05:30,2024-05-31 12:50:00+05:30,2024-05-31 14:45:00+05:30,210.45,209.36964285714285,212.39464285714283,-1.0804,L
S656,WIPRO,2024-05-31 12:55:00+05:30,0.0535,0.1224,0,,0.3163,66.67,-1.0,0,1.129,1.0,2,0,0,0,2,3,2024-05-31 13:05:00+05:30,2024-05-31 13:10:00+05:30,2024-05-31 14:35:00+05:30,210.55,209.6214285714286,212.22142857142856,-0.9286,L
S657,WIPRO,2024-05-31 13:25:00+05:30,-0.0143,0.0178,0,,0.8071,25.0,-0.469,0,1.5039,1.0,3,0,1,0,3,4,2024-05-31 13:40:00+05:30,2024-05-31 13:45:00+05:30,2024-05-31 14:30:00+05:30,210.6,209.725,212.175,-0.875,L
S658,WIPRO,2024-05-31 13:55:00+05:30,0.0297,-0.0059,1,1.0,0.1482,33.33,2.3333,0,1.9267,,0,0,0,1,0,1,2024-05-31 13:55:00+05:30,2024-05-31 14:00:00+05:30,2024-05-31 14:30:00+05:30,210.6,209.8410714285714,211.9660714285714,-0.7589,L
S659,WIPRO,2024-06-03 11:05:00+05:30,0.1414,0.3654,22,22.0,0.1474,80.0,0.4286,0,0.5384,,0,0,1,1,0,1,2024-06-03 11:05:00+05:30,2024-06-03 11:10:00+05:30,2024-06-03 15:00:00+05:30,212.55,211.3625,214.6875,-0.5,EOD-
S660,WIPRO,2024-06-03 12:00:00+05:30,0.0964,0.0953,10,1.0,0.4436,60.0,0.25,0,0.9747,,0,1,0,1,0,1,2024-06-03 12:00:00+05:30,2024-06-03 12:05:00+05:30,2024-06-03 15:00:00+05:30,212.65,211.7482142857143,214.27321428571423,-0.9018,L
S661,WIPRO,2024-06-03 13:30:00+05:30,-0.0813,-0.0706,0,,0.6279,40.0,-0.6721,0,1.1649,1.0,3,0,0,0,3,4,2024-06-03 13:45:00+05:30,2024-06-03 13:50:00+05:30,2024-06-03 15:00:00+05:30,212.25,211.6428571428572,213.3428571428571,-0.6071,L
S662,WIPRO,2024-06-03 14:10:00+05:30,0.0118,-0.0365,4,3.0,0.1566,75.0,1.3529,0,0.9613,,0,0,1,1,0,1,2024-06-03 14:10:00+05:30,2024-06-03 14:15:00+05:30,2024-06-03 15:00:00+05:30,212.25,211.57142857142856,213.47142857142856,-0.6786,L
S663,WIPRO,2024-06-03 14:20:00+05:30,0.0118,0.0024,0,,0.1795,20.0,1.0,0,1.0221,,0,1,1,1,0,1,2024-06-03 14:20:00+05:30,2024-06-03 14:25:00+05:30,2024-06-03 15:00:00+05:30,212.3,211.60357142857143,213.55357142857144,-0.6964,L
S664,WIPRO,2024-06-04 09:35:00+05:30,,,0,,3.5351,64.1,-0.9205,0,0.8231,0.0,3,0,1,0,3,4,2024-06-04 09:50:00+05:30,2024-06-04 09:55:00+05:30,2024-06-04 10:55:00+05:30,211.35,208.6803571428572,216.15535714285716,-2.6696,L
S665,WIPRO,2024-06-04 10:00:00+05:30,-0.1861,-0.4146,1,1.0,0.4506,95.65,-1.0,0,0.5988,0.0,1,0,0,0,1,2,2024-06-04 10:05:00+05:30,2024-06-04 10:10:00+05:30,2024-06-04 12:05:00+05:30,210.85,207.34107142857144,217.16607142857143,-3.5089,L
S666,WIPRO,2024-06-04 10:20:00+05:30,-0.1246,-0.147,1,1.0,0.2312,50.0,0.931,0,0.7709,,0,0,0,1,0,1,2024-06-04 10:20:00+05:30,2024-06-04 10:25:00+05:30,2024-06-04 11:05:00+05:30,211.75,207.83035714285717,218.80535714285716,-3.9196,L
S667,WIPRO,2024-06-04 10:30:00+05:30,-0.0866,-0.1305,1,1.0,0.0283,95.24,0.4286,0,0.6555,,0,1,0,1,0,1,2024-06-04 10:30:00+05:30,2024-06-04 10:35:00+05:30,2024-06-04 12:05:00+05:30,210.75,207.66071428571428,216.3107142857143,-3.0893,L
S668,WIPRO,2024-06-04 11:15:00+05:30,0.025,-0.1736,0,,1.829,61.54,-1.0,0,0.8909,0.0,3,0,0,0,3,4,2024-06-04 11:30:00+05:30,2024-06-04 11:35:00+05:30,2024-06-04 12:05:00+05:30,210.25,207.4821428571429,215.2321428571429,-2.7679,L
S669,WIPRO,2024-06-04 11:40:00+05:30,-0.0535,0.0321,0,,0.7177,36.84,-0.3231,0,0.5051,0.0,1,0,1,0,1,2,2024-06-04 11:45:00+05:30,2024-06-04 11:50:00+05:30,2024-06-04 12:05:00+05:30,210.35,207.51964285714288,215.44464285714284,-2.8304,L
S670,WIPRO,2024-06-04 12:30:00+05:30,-0.6244,-0.4843,0,,2.9912,49.18,-0.8989,0,0.7536,0.0,3,0,1,0,3,4,2024-06-04 12:45:00+05:30,2024-06-04 12:50:00+05:30,2024-06-04 15:00:00+05:30,207.9,203.3553571428572,216.08035714285717,-0.05,EOD-
S671,WIPRO,2024-06-04 14:05:00+05:30,0.4776,0.2306,14,9.0,0.5508,53.85,-0.1667,0,0.5265,0.0,1,0,0,0,1,2,2024-06-04 14:10:00+05:30,2024-06-04 14:15:00+05:30,2024-06-04 15:00:00+05:30,209.3,206.57678571428573,214.20178571428573,-1.45,EOD-
S672,WIPRO,2024-06-05 11:20:00+05:30,0.4906,0.674,25,7.0,0.3344,26.32,0.5827,0,0.6087,,0,0,0,1,0,1,2024-06-05 11:20:00+05:30,2024-06-05 11:25:00+05:30,2024-06-05 15:00:00+05:30,214.75,212.1517857142857,219.42678571428573,1.15,EOD+
S673,WIPRO,2024-06-05 11:30:00+05:30,0.4176,0.5643,0,,0.0733,57.14,1.7586,0,0.2145,,0,1,1,1,0,1,2024-06-05 11:30:00+05:30,2024-06-05 11:35:00+05:30,2024-06-05 15:00:00+05:30,215.15,212.6767857142857,219.6017857142857,0.75,EOD+
S674,WIPRO,2024-06-05 11:40:00+05:30,0.3729,0.4273,0,,0.545,10.0,-0.7059,0,0.4995,1.0,3,0,0,0,3,4,2024-06-05 11:55:00+05:30,2024-06-05 12:00:00+05:30,2024-06-05 15:00:00+05:30,215.95,213.61071428571427,220.16071428571428,-0.05,EOD-
S675,WIPRO,2024-06-05 12:50:00+05:30,-0.0916,-0.0417,0,,1.144,64.71,-0.7902,0,0.4625,0.0,3,0,1,0,3,4,2024-06-05 13:05:00+05:30,2024-06-05 13:10:00+05:30,2024-06-05 15:00:00+05:30,215.65,214.0875,218.4625,0.25,EOD+
S676,WIPRO,2024-06-05 13:15:00+05:30,0.0811,-0.0267,0,,0.1669,55.56,1.2222,0,0.779,,0,0,1,1,0,1,2024-06-05 13:15:00+05:30,2024-06-05 13:20:00+05:30,2024-06-05 15:00:00+05:30,216.0,214.6517857142857,218.4267857142857,-0.1,EOD-
S677,WIPRO,2024-06-05 13:25:00+05:30,0.1031,0.0498,0,,0.5507,22.22,-0.322,0,0.4215,,0,0,1,1,0,1,2024-06-05 13:25:00+05:30,2024-06-05 13:30:00+05:30,2024-06-05 15:00:00+05:30,215.85,214.5107142857143,218.26071428571427,0.05,EOD+
S678,WIPRO,2024-06-05 13:40:00+05:30,0.0429,0.1031,0,,0.9437,54.55,-0.7183,0,0.9008,1.0,3,0,1,0,3,4,2024-06-05 13:55:00+05:30,2024-06-05 14:00:00+05:30,2024-06-05 15:00:00+05:30,215.9,214.48928571428573,218.4392857142857,0.0,EOD-
S679,WIPRO,2024-06-05 14:10:00+05:30,-0.0556,-0.0777,2,1.0,0.5082,94.74,-1.0,0,1.0311,0.0,2,0,1,0,2,3,2024-06-05 14:20:00+05:30,2024-06-05 14:25:00+05:30,2024-06-05 15:00:00+05:30,215.7,214.39642857142857,218.04642857142852,0.2,EOD+
S680,WIPRO,2024-06-06 10:15:00+05:30,0.1969,0.2386,12,12.0,0.0722,25.0,3.3478,0,0.7055,,0,0,0,1,0,1,2024-06-06 10:15:00+05:30,2024-06-06 10:20:00+05:30,2024-06-06 15:00:00+05:30,217.45,215.45892857142857,221.03392857142853,2.35,EOD+
S681,WIPRO,2024-06-06 10:45:00+05:30,0.1826,0.184,0,,0.6403,25.0,-0.661,0,0.9575,1.0,3,1,0,0,3,4,2024-06-06 11:00:00+05:30,2024-06-06 11:05:00+05:30,2024-06-06 11:45:00+05:30,217.8,216.6482142857143,219.87321428571428,-1.1518,L
S682,WIPRO,2024-06-06 12:10:00+05:30,-0.0437,-0.0379,0,,1.1359,11.11,-0.9262,0,1.754,1.0,3,0,1,0,3,4,2024-06-06 12:25:00+05:30,2024-06-06 12:30:00+05:30,2024-06-06 15:00:00+05:30,218.1,216.60892857142855,220.78392857142853,1.7,EOD+
S683,WIPRO,2024-06-06 13:55:00+05:30,0.2802,0.3148,0,,0.894,20.0,-0.6596,0,0.7601,1.0,3,0,1,0,3,4,2024-06-06 14:10:00+05:30,2024-06-06 14:15:00+05:30,2024-06-06 15:00:00+05:30,219.8,218.15714285714287,222.75714285714287,0.0,EOD-
S684,WIPRO,2024-06-06 14:20:00+05:30,0.0967,0.2185,0,,0.3394,30.0,0.25,0,0.6795,,0,0,1,1,0,1,2024-06-06 14:20:00+05:30,2024-06-06 14:25:00+05:30,2024-06-06 15:00:00+05:30,219.75,218.2767857142857,222.4017857142857,0.05,EOD+
S685,WIPRO,2024-06-07 11:25:00+05:30,0.2604,0.4738,26,2.0,0.0312,84.21,1.8571,0,0.765,,0,1,0,1,0,1,2024-06-07 11:25:00+05:30,2024-06-07 11:30:00+05:30,2024-06-07 13:20:00+05:30,231.5,230.09821428571428,234.0232142857143,-1.4018,L
S686,WIPRO,2024-06-07 11:35:00+05:30,0.1437,0.2842,0,,0.2077,60.0,-0.1304,0,0.473,,0,0,0,1,0,1,2024-06-07 11:35:00+05:30,2024-06-07 11:40:00+05:30,2024-06-07 12:55:00+05:30,231.8,230.41607142857143,234.29107142857143,-1.3839,L
S687,WIPRO,2024-06-07 11:45:00+05:30,0.0497,0.1912,1,1.0,0.1027,23.08,2.6364,0,0.8423,,0,0,1,1,0,1,2024-06-07 11:45:00+05:30,2024-06-07 11:50:00+05:30,2024-06-07 12:50:00+05:30,231.8,230.4607142857143,234.21071428571432,-1.3393,L
S688,WIPRO,2024-06-07 11:55:00+05:30,0.0594,0.0853,1,1.0,0.2172,57.14,0.3333,0,0.4019,,0,0,1,1,0,1,2024-06-07 11:55:00+05:30,2024-06-07 12:00:00+05:30,2024-06-07 12:55:00+05:30,231.6,230.30535714285716,233.9303571428572,-1.2946,L
S689,WIPRO,2024-06-07 14:15:00+05:30,-0.127,-0.1475,0,,0.5774,12.5,-0.646,0,1.6774,1.0,3,0,1,0,3,4,2024-06-07 14:30:00+05:30,2024-06-07 14:35:00+05:30,2024-06-07 15:00:00+05:30,230.45,229.22678571428568,232.6517857142857,1.25,EOD+
S690,WIPRO,2024-06-10 10:30:00+05:30,-0.3817,-0.3951,0,,1.2945,57.14,-0.8519,0,0.3602,1.0,3,0,0,0,3,4,2024-06-10 10:45:00+05:30,2024-06-10 10:50:00+05:30,2024-06-10 15:00:00+05:30,228.0,226.0446428571429,231.51964285714288,-1.1,EOD-
S691,WIPRO,2024-06-10 11:40:00+05:30,0.1523,0.0998,10,4.0,0.4533,50.0,0.0127,0,0.4273,,0,0,1,1,0,1,2024-06-10 11:40:00+05:30,2024-06-10 11:45:00+05:30,2024-06-10 14:25:00+05:30,228.15,227.0607142857143,230.11071428571427,-1.0893,L
S692,WIPRO,2024-06-10 11:50:00+05:30,0.1424,0.1589,0,,0.0905,33.33,4.3333,0,0.3749,,0,0,1,1,0,1,2024-06-10 11:50:00+05:30,2024-06-10 11:55:00+05:30,2024-06-10 12:50:00+05:30,228.35,227.3142857142857,230.2142857142857,-1.0357,L
S693,WIPRO,2024-06-10 12:55:00+05:30,-0.0866,-0.0449,0,,1.2783,60.0,-0.881,0,2.5828,1.0,3,0,0,0,3,4,2024-06-10 13:10:00+05:30,2024-06-10 13:15:00+05:30,2024-06-10 14:25:00+05:30,227.95,227.12857142857143,229.4285714285714,-0.8214,L
S694,WIPRO,2024-06-10 13:45:00+05:30,-0.089,-0.0911,0,,0.7677,20.0,-0.8039,0,1.949,1.0,3,0,0,0,3,4,2024-06-10 14:00:00+05:30,2024-06-10 14:05:00+05:30,2024-06-10 14:25:00+05:30,227.55,226.71964285714287,229.0446428571429,-0.8304,L
S695,WIPRO,2024-06-10 14:10:00+05:30,-0.0165,-0.0439,0,,0.4113,66.67,-0.5745,0,0.862,,0,0,0,1,0,1,2024-06-10 14:10:00+05:30,2024-06-10 14:15:00+05:30,2024-06-10 14:25:00+05:30,227.6,226.88571428571427,228.88571428571427,-0.7143,L
S696,WIPRO,2024-06-11 09:15:00+05:30,,,0,,0.4333,65.85,2.0769,0,2.4226,,0,1,0,1,0,1,2024-06-11 09:15:00+05:30,2024-06-11 09:20:00+05:30,2024-06-11 15:00:00+05:30,227.75,226.4375,230.1125,0.6,EOD+
S697,WIPRO,2024-06-11 09:35:00+05:30,,,3,2.0,0.8497,83.33,-0.6891,0,0.3678,0.0,1,1,1,0,1,2,2024-06-11 09:40:00+05:30,2024-06-11 09:45:00+05:30,2024-06-11 15:00:00+05:30,227.65,226.23035714285717,230.2053571428572,0.7,EOD+
S698,WIPRO,2024-06-11 09:50:00+05:30,0.0066,,1,1.0,0.0486,30.0,4.0,0,0.433,,0,1,0,1,0,1,2024-06-11 09:50:00+05:30,2024-06-11 09:55:00+05:30,2024-06-11 15:00:00+05:30,227.5,225.95535714285717,230.2803571428572,0.85,EOD+
S699,WIPRO,2024-06-11 10:00:00+05:30,0.044,0.0,0,,0.2145,28.57,0.5094,0,0.3253,,0,0,0,1,0,1,2024-06-11 10:00:00+05:30,2024-06-11 10:05:00+05:30,2024-06-11 15:00:00+05:30,227.4,225.85535714285717,230.1803571428572,0.95,EOD+
S700,WIPRO,2024-06-11 10:10:00+05:30,0.0561,0.0176,0,,0.3665,33.33,0.1236,0,0.4456,,0,0,0,1,0,1,2024-06-11 10:10:00+05:30,2024-06-11 10:15:00+05:30,2024-06-11 15:00:00+05:30,227.55,226.03214285714287,230.28214285714287,0.8,EOD+
S701,WIPRO,2024-06-11 10:20:00+05:30,0.0484,0.0517,1,1.0,0.2,20.0,-0.5833,0,0.2315,0.0,3,0,1,0,3,4,2024-06-11 10:35:00+05:30,2024-06-11 10:40:00+05:30,2024-06-11 15:00:00+05:30,227.6,226.1,230.3,0.75,EOD+
S702,WIPRO,2024-06-11 10:45:00+05:30,0.0253,0.0297,0,,0.8817,0.0,-0.2366,0,0.6815,1.0,3,0,1,0,3,4,2024-06-11 11:00:00+05:30,2024-06-11 11:05:00+05:30,2024-06-11 15:00:00+05:30,227.6,226.67142857142855,229.27142857142857,0.75,EOD+
S703,WIPRO,2024-06-11 11:25:00+05:30,0.0275,-0.0165,4,2.0,0.6607,81.82,-0.5238,0,0.6764,0.0,1,0,0,0,1,2,2024-06-11 11:30:00+05:30,2024-06-11 11:35:00+05:30,2024-06-11 15:00:00+05:30,227.65,226.85535714285717,229.08035714285717,0.7,EOD+
S704,WIPRO,2024-06-11 11:45:00+05:30,0.0176,0.0385,2,1.0,0.1872,0.0,1.6087,0,0.6504,,0,0,1,1,0,1,2024-06-11 11:45:00+05:30,2024-06-11 11:50:00+05:30,2024-06-11 15:00:00+05:30,227.65,226.88214285714287,229.03214285714284,0.7,EOD+
S705,WIPRO,2024-06-11 11:55:00+05:30,0.0176,0.0176,0,,0.5549,66.67,-0.6923,0,0.5862,0.0,1,0,1,0,1,2,2024-06-11 12:00:00+05:30,2024-06-11 12:05:00+05:30,2024-06-11 13:55:00+05:30,227.55,226.8178571428572,228.86785714285716,1.3179,W
S706,WIPRO,2024-06-11 12:20:00+05:30,0.0538,0.0286,2,2.0,0.5453,11.11,0.8919,0,1.8234,,0,0,0,1,0,1,2024-06-11 12:20:00+05:30,2024-06-11 12:25:00+05:30,2024-06-11 15:00:00+05:30,227.9,227.05178571428576,229.42678571428567,0.45,EOD+
S707,WIPRO,2024-06-11 12:30:00+05:30,0.0494,0.0406,0,,0.2253,0.0,0.4286,0,0.7555,,0,0,0,1,0,1,2024-06-11 12:30:00+05:30,2024-06-11 12:35:00+05:30,2024-06-11 15:00:00+05:30,227.65,226.8732142857143,229.04821428571424,0.7,EOD+
S708,WIPRO,2024-06-11 12:40:00+05:30,0.0461,0.056,0,,0.3949,66.67,-0.0909,0,0.7035,,0,0,0,1,0,1,2024-06-11 12:40:00+05:30,2024-06-11 12:45:00+05:30,2024-06-11 12:55:00+05:30,227.95,227.25357142857143,229.20357142857137,-0.6964,L
S709,WIPRO,2024-06-11 13:10:00+05:30,-0.0274,-0.0077,0,,0.6087,0.0,-0.5,0,3.1119,1.0,3,0,0,0,3,4,2024-06-11 13:25:00+05:30,2024-06-11 13:30:00+05:30,2024-06-11 15:00:00+05:30,227.95,227.12857142857143,229.4285714285714,0.4,EOD+
S710,WIPRO,2024-06-11 14:10:00+05:30,0.0702,0.0866,8,3.0,0.2528,60.0,1.0513,0,1.4056,,0,0,0,1,0,1,2024-06-11 14:10:00+05:30,2024-06-11 14:15:00+05:30,2024-06-11 15:00:00+05:30,228.15,227.18571428571428,229.8857142857143,0.2,EOD+
S711,WIPRO,2024-06-11 14:20:00+05:30,0.0581,0.0767,0,,0.2256,54.55,1.5641,0,0.9054,,0,0,0,1,0,1,2024-06-11 14:20:00+05:30,2024-06-11 14:25:00+05:30,2024-06-11 15:00:00+05:30,228.5,227.4196428571429,230.44464285714287,-0.15,EOD-
S712,WIPRO,2024-06-12 09:15:00+05:30,,,0,,0.3246,84.06,0.9277,0,6.1574,,0,0,0,1,0,1,2024-06-12 09:15:00+05:30,2024-06-12 09:20:00+05:30,2024-06-12 09:25:00+05:30,231.35,229.7517857142857,234.2267857142857,-1.5982,L
S713,WIPRO,2024-06-12 10:20:00+05:30,0.1189,0.1583,12,12.0,0.2949,88.89,-1.0,0,0.479,1.0,1,0,0,0,1,2,2024-06-12 10:25:00+05:30,2024-06-12 10:30:00+05:30,2024-06-12 15:00:00+05:30,229.35,227.2517857142857,233.1267857142857,-0.5,EOD-
S714,WIPRO,2024-06-12 10:35:00+05:30,0.1536,0.1189,0,,0.2526,87.5,-0.5833,0,0.3202,,0,0,1,1,0,1,2024-06-12 10:35:00+05:30,2024-06-12 10:40:00+05:30,2024-06-12 12:50:00+05:30,229.7,228.5125,231.8375,-1.1875,L
S715,WIPRO,2024-06-12 10:45:00+05:30,0.2307,0.1352,0,,0.4863,75.0,-0.7802,0,0.2804,0.0,1,0,1,0,1,2,2024-06-12 10:50:00+05:30,2024-06-12 10:55:00+05:30,2024-06-12 12:50:00+05:30,229.9,228.73035714285717,232.0053571428572,-1.1696,L
S716,WIPRO,2024-06-12 11:00:00+05:30,0.1251,0.2307,1,1.0,0.2333,0.0,0.8605,0,0.4124,,0,0,1,1,0,1,2024-06-12 11:00:00+05:30,2024-06-12 11:05:00+05:30,2024-06-12 12:50:00+05:30,229.85,228.69821428571427,231.9232142857143,-1.1518,L
S717,WIPRO,2024-06-12 11:10:00+05:30,0.0044,0.185,0,,0.2042,0.0,0.1429,0,0.5767,,0,0,0,1,0,1,2024-06-12 11:10:00+05:30,2024-06-12 11:15:00+05:30,2024-06-12 12:50:00+05:30,229.75,228.67857142857144,231.67857142857144,-1.0714,L
S718,WIPRO,2024-06-12 11:20:00+05:30,-0.0327,0.062,1,1.0,0.1388,37.5,1.6087,0,0.6175,,0,0,1,1,0,1,2024-06-12 11:20:00+05:30,2024-06-12 11:25:00+05:30,2024-06-12 12:35:00+05:30,229.95,228.9142857142857,231.8142857142857,-1.0357,L
S719,WIPRO,2024-06-12 11:30:00+05:30,-0.0414,-0.062,0,,0.9471,37.5,-0.5031,0,0.477,0.0,1,0,1,0,1,2,2024-06-12 11:35:00+05:30,2024-06-12 11:40:00+05:30,2024-06-12 12:50:00+05:30,229.65,228.5875,231.5625,-1.0625,L
S720,WIPRO,2024-06-12 12:00:00+05:30,0.0533,-0.0131,3,3.0,0.3312,0.0,1.7273,0,1.209,,0,0,0,1,0,1,2024-06-12 12:00:00+05:30,2024-06-12 12:05:00+05:30,2024-06-12 12:35:00+05:30,229.95,229.11964285714285,231.44464285714284,-0.8304,L
S721,WIPRO,2024-06-12 12:10:00+05:30,0.0577,0.025,1,1.0,0.1888,0.0,1.5,0,0.5934,,0,0,1,1,0,1,2024-06-12 12:10:00+05:30,2024-06-12 12:15:00+05:30,2024-06-12 12:35:00+05:30,229.9,229.10535714285717,231.33035714285717,-0.7946,L
S722,WIPRO,2024-06-12 13:20:00+05:30,-0.061,-0.0839,0,,0.9311,25.0,-0.7163,0,0.9447,1.0,3,0,1,0,3,4,2024-06-12 13:35:00+05:30,2024-06-12 13:40:00+05:30,2024-06-12 14:05:00+05:30,229.35,228.40357142857144,231.0535714285714,-0.9464,L
S723,WIPRO,2024-06-13 10:40:00+05:30,0.3002,0.2476,17,15.0,0.4958,54.55,-0.4118,0,0.8116,1.0,3,0,0,0,3,4,2024-06-13 10:55:00+05:30,2024-06-13 11:00:00+05:30,2024-06-13 14:15:00+05:30,231.15,229.86428571428573,233.4642857142857,-1.2857,L
S724,WIPRO,2024-06-13 11:05:00+05:30,0.1212,0.3129,0,,0.2,85.71,-1.0,0,0.7624,1.0,1,0,1,0,1,2,2024-06-13 11:10:00+05:30,2024-06-13 11:15:00+05:30,2024-06-13 14:15:00+05:30,231.1,230.0375,233.0125,-1.0625,L
S725,WIPRO,2024-06-13 12:10:00+05:30,-0.0726,-0.065,0,,1.2641,87.5,-1.0,0,0.8064,1.0,3,0,1,0,3,4,2024-06-13 12:25:00+05:30,2024-06-13 12:30:00+05:30,2024-06-13 14:15:00+05:30,230.85,229.93035714285716,232.50535714285715,-0.9196,L
S726,WIPRO,2024-06-13 12:35:00+05:30,-0.0184,-0.0596,1,1.0,0.4235,37.5,0.6327,0,0.7051,,0,0,1,1,0,1,2024-06-13 12:35:00+05:30,2024-06-13 12:40:00+05:30,2024-06-13 14:15:00+05:30,230.6,229.8767857142857,231.9017857142857,-0.7232,L
S727,WIPRO,2024-06-13 12:45:00+05:30,-0.0206,-0.0152,0,,0.3111,25.0,1.2222,0,0.817,,0,1,1,1,0,1,2024-06-13 12:45:00+05:30,2024-06-13 12:50:00+05:30,2024-06-13 14:05:00+05:30,230.8,230.07678571428573,232.1017857142857,-0.7232,L
S728,WIPRO,2024-06-14 11:55:00+05:30,-0.0601,-0.0262,0,,0.6222,0.0,-1.0,0,1.1339,1.0,3,0,1,0,3,4,2024-06-14 12:10:00+05:30,2024-06-14 12:15:00+05:30,2024-06-14 15:00:00+05:30,228.75,228.1875,229.7625,0.05,EOD+
S729,WIPRO,2024-06-14 12:40:00+05:30,0.0197,-0.0077,5,5.0,0.0103,0.0,19.0,0,0.5881,,0,0,1,1,0,1,2024-06-14 12:40:00+05:30,2024-06-14 12:45:00+05:30,2024-06-14 15:00:00+05:30,228.65,228.04285714285717,229.7428571428572,0.15,EOD+
S730,WIPRO,2024-06-14 13:00:00+05:30,0.0284,0.0208,2,2.0,0.0169,20.0,19.0,0,0.7302,,0,0,0,1,0,1,2024-06-14 13:00:00+05:30,2024-06-14 13:05:00+05:30,2024-06-14 15:00:00+05:30,228.75,228.00892857142856,230.08392857142857,0.05,EOD+
S731,WIPRO,2024-06-14 13:20:00+05:30,0.0251,0.0273,2,2.0,0.0189,50.0,-1.0,0,0.5892,,0,0,1,1,0,1,2024-06-14 13:20:00+05:30,2024-06-14 13:25:00+05:30,2024-06-14 15:00:00+05:30,228.8,228.13928571428573,229.98928571428573,0.0,EOD-
S732,WIPRO,2024-06-18 10:45:00+05:30,0.5991,0.5541,18,17.0,0.1238,0.0,2.0769,0,0.1947,,0,0,1,1,0,1,2024-06-18 10:45:00+05:30,2024-06-18 10:50:00+05:30,2024-06-18 15:00:00+05:30,233.75,232.4375,236.1125,1.2,EOD+
S733,WIPRO,2024-06-18 11:20:00+05:30,-0.1112,0.2095,0,,0.7171,66.67,-1.0,0,0.7358,1.0,3,1,1,0,3,4,2024-06-18 11:35:00+05:30,2024-06-18 11:40:00+05:30,2024-06-18 15:00:00+05:30,233.9,232.80178571428573,235.8767857142857,1.05,EOD+
S734,WIPRO,2024-06-18 13:30:00+05:30,0.115,0.1704,22,7.0,0.182,40.0,1.3077,0,0.514,,0,0,0,1,0,1,2024-06-18 13:30:00+05:30,2024-06-18 13:35:00+05:30,2024-06-18 15:00:00+05:30,234.85,233.95714285714288,236.45714285714288,0.1,EOD+
S735,WIPRO,2024-06-18 13:40:00+05:30,0.0809,0.1299,0,,0.5268,37.5,-0.4521,0,0.4682,1.0,1,0,1,0,1,2,2024-06-18 13:45:00+05:30,2024-06-18 13:50:00+05:30,2024-06-18 15:00:00+05:30,234.95,234.08392857142857,236.50892857142856,0.0,EOD-
S736,WIPRO,2024-06-19 09:15:00+05:30,,,0,,1.4534,40.48,0.4694,0,3.8875,,0,0,0,1,0,1,2024-06-19 09:15:00+05:30,2024-06-19 09:20:00+05:30,2024-06-19 09:25:00+05:30,236.1,235.04642857142852,237.99642857142857,-1.0536,L
S737,WIPRO,2024-06-19 09:25:00+05:30,,,1,1.0,0.2657,85.71,-1.0,0,1.3625,1.0,1,0,0,0,1,2,2024-06-19 09:30:00+05:30,2024-06-19 09:35:00+05:30,2024-06-19 09:40:00+05:30,235.25,234.0267857142857,237.45178571428573,-1.2232,L
S738,WIPRO,2024-06-19 10:35:00+05:30,-0.2038,-0.1673,0,,2.0,28.57,-0.8889,0,0.7398,1.0,3,0,1,0,3,4,2024-06-19 10:50:00+05:30,2024-06-19 10:55:00+05:30,2024-06-19 14:45:00+05:30,234.15,232.4625,237.1875,3.0375,W
S739,WIPRO,2024-06-19 11:05:00+05:30,-0.1422,-0.173,1,1.0,0.428,53.85,0.25,0,0.4843,,0,0,1,1,0,1,2024-06-19 11:05:00+05:30,2024-06-19 11:10:00+05:30,2024-06-19 14:40:00+05:30,233.9,232.49821428571428,236.4232142857143,2.5232,W
S740,WIPRO,2024-06-19 13:05:00+05:30,0.1021,0.151,22,11.0,0.1709,70.0,0.2903,0,0.75,,0,0,1,1,0,1,2024-06-19 13:05:00+05:30,2024-06-19 13:10:00+05:30,2024-06-19 14:45:00+05:30,235.2,234.0660714285714,237.24107142857144,2.0411,W
S741,WIPRO,2024-06-19 13:15:00+05:30,0.0882,0.1169,0,,0.3066,50.0,-0.2453,0,1.7366,1.0,2,0,0,0,2,3,2024-06-19 13:25:00+05:30,2024-06-19 13:30:00+05:30,2024-06-19 14:25:00+05:30,235.85,234.76964285714288,237.79464285714283,-1.0804,L
S742,WIPRO,2024-06-19 13:45:00+05:30,0.1189,0.0977,3,3.0,0.1446,10.0,3.8,0,0.8589,,0,0,0,1,0,1,2024-06-19 13:45:00+05:30,2024-06-19 13:50:00+05:30,2024-06-19 15:00:00+05:30,235.7,234.61964285714285,237.64464285714283,0.9,EOD+
S743,WIPRO,2024-06-19 14:00:00+05:30,0.0488,0.1189,1,1.0,0.1991,66.67,0.2121,0,1.3969,,0,0,0,1,0,1,2024-06-19 14:00:00+05:30,2024-06-19 14:05:00+05:30,2024-06-19 14:45:00+05:30,235.6,234.5642857142857,237.4642857142857,1.8643,W
S744,WIPRO,2024-06-19 14:15:00+05:30,0.0106,0.0488,1,1.0,0.0972,0.0,3.0,0,1.0571,,0,0,1,1,0,1,2024-06-19 14:15:00+05:30,2024-06-19 14:20:00+05:30,2024-06-19 14:45:00+05:30,235.7,234.73571428571427,237.43571428571428,1.7357,W
S745,WIPRO,2024-06-19 14:25:00+05:30,-0.0117,0.0106,0,,1.9772,27.27,-0.5031,0,2.6113,0.0,1,0,0,0,1,2,2024-06-19 14:30:00+05:30,2024-06-19 14:35:00+05:30,2024-06-19 14:45:00+05:30,235.7,234.68214285714285,237.53214285714287,1.8321,W
S746,WIPRO,2024-06-20 10:10:00+05:30,-0.0381,0.0465,0,,1.7083,64.71,-0.8496,0,0.4899,0.0,3,1,0,0,3,4,2024-06-20 10:25:00+05:30,2024-06-20 10:30:00+05:30,2024-06-20 14:10:00+05:30,236.3,234.35357142857143,239.80357142857144,-1.9464,L
S747,WIPRO,2024-06-20 10:35:00+05:30,-0.1346,-0.1143,0,,0.8702,25.0,-0.7333,0,0.3855,1.0,3,0,0,0,3,4,2024-06-20 10:50:00+05:30,2024-06-20 10:55:00+05:30,2024-06-20 14:10:00+05:30,236.05,234.43392857142857,238.9589285714286,-1.6161,L
S748,WIPRO,2024-06-20 11:00:00+05:30,-0.0668,-0.1357,0,,0.0089,80.0,-1.0,0,0.2645,,0,0,1,1,0,1,2024-06-20 11:00:00+05:30,2024-06-20 11:05:00+05:30,2024-06-20 14:10:00+05:30,236.0,234.59821428571428,238.5232142857143,-1.4018,L
S749,WIPRO,2024-06-20 11:10:00+05:30,-0.0286,-0.1039,0,,0.2993,100.0,-1.0,0,0.5579,1.0,2,0,1,0,2,3,2024-06-20 11:20:00+05:30,2024-06-20 11:25:00+05:30,2024-06-20 14:10:00+05:30,235.8,234.50535714285715,238.1303571428572,-1.2946,L
S750,WIPRO,2024-06-20 12:25:00+05:30,-0.0382,-0.0382,0,,0.9755,100.0,-1.0,0,1.7889,1.0,3,0,0,0,3,4,2024-06-20 12:40:00+05:30,2024-06-20 12:45:00+05:30,2024-06-20 14:10:00+05:30,235.5,234.6607142857143,237.01071428571427,-0.8393,L
S751,WIPRO,2024-06-20 12:55:00+05:30,-0.0329,-0.0499,2,2.0,0.2427,25.0,0.5385,0,0.7302,,0,0,1,1,0,1,2024-06-20 12:55:00+05:30,2024-06-20 13:00:00+05:30,2024-06-20 14:10:00+05:30,235.4,234.73035714285717,236.60535714285717,-0.6696,L
S752,WIPRO,2024-06-20 13:20:00+05:30,0.0202,-0.0117,3,3.0,0.0437,50.0,15.0,0,2.1933,,0,0,0,1,0,1,2024-06-20 13:20:00+05:30,2024-06-20 13:25:00+05:30,2024-06-20 13:50:00+05:30,235.85,235.13571428571427,237.13571428571427,-0.7143,L
S753,WIPRO,2024-06-20 13:45:00+05:30,0.0647,0.0435,4,4.0,0.2092,25.0,2.0769,0,1.1954,,0,1,1,1,0,1,2024-06-20 13:45:00+05:30,2024-06-20 13:50:00+05:30,2024-06-20 14:10:00+05:30,235.8,235.0232142857143,237.1982142857143,-0.7768,L
S754,WIPRO,2024-06-21 10:25:00+05:30,0.3735,0.3585,14,13.0,0.1,27.27,2.4286,0,0.2094,,0,0,1,1,0,1,2024-06-21 10:25:00+05:30,2024-06-21 10:30:00+05:30,2024-06-21 12:35:00+05:30,237.15,234.9625,241.0875,-2.1875,L
S755,WIPRO,2024-06-21 10:45:00+05:30,0.2486,0.3512,0,,2.2969,46.15,-0.7778,0,0.802,1.0,3,0,1,0,3,4,2024-06-21 11:00:00+05:30,2024-06-21 11:05:00+05:30,2024-06-21 12:35:00+05:30,237.4,235.6857142857143,240.48571428571427,-1.7143,L
S756,WIPRO,2024-06-21 11:45:00+05:30,0.0579,-0.04,7,6.0,0.0046,20.0,119.0,0,0.4822,,0,1,0,1,0,1,2024-06-21 11:45:00+05:30,2024-06-21 11:50:00+05:30,2024-06-21 12:20:00+05:30,237.9,236.5339285714286,240.35892857142855,-1.3661,L
S757,WIPRO,2024-06-21 13:35:00+05:30,-0.2513,-0.2477,0,,1.3468,37.5,-0.8684,0,1.205,1.0,3,0,1,0,3,4,2024-06-21 13:50:00+05:30,2024-06-21 13:55:00+05:30,2024-06-21 14:25:00+05:30,236.05,234.63928571428573,238.5892857142857,-1.4107,L
S758,WIPRO,2024-06-21 14:15:00+05:30,0.0,-0.1157,4,2.0,0.168,9.09,0.6667,0,0.7674,,0,1,1,1,0,1,2024-06-21 14:15:00+05:30,2024-06-21 14:20:00+05:30,2024-06-21 14:25:00+05:30,235.7,234.36071428571427,238.11071428571427,-1.3393,L
S759,WIPRO,2024-06-24 09:15:00+05:30,,,0,,1.29,52.94,-0.7089,0,0.284,,0,0,0,1,0,1,2024-06-24 09:15:00+05:30,2024-06-24 09:20:00+05:30,2024-06-24 15:00:00+05:30,235.6,233.26964285714288,239.79464285714283,-1.35,EOD-
S760,WIPRO,2024-06-24 09:25:00+05:30,,,0,,0.2469,18.18,0.6495,0,0.0422,,0,0,1,1,0,1,2024-06-24 09:25:00+05:30,2024-06-24 09:30:00+05:30,2024-06-24 15:00:00+05:30,235.15,232.69464285714287,239.56964285714287,-0.9,EOD-
S761,WIPRO,2024-06-24 09:35:00+05:30,,,0,,0.0428,40.0,-1.0,0,0.0611,1.0,1,1,1,0,1,2,2024-06-24 09:40:00+05:30,2024-06-24 09:45:00+05:30,2024-06-24 15:00:00+05:30,235.8,233.31785714285715,240.26785714285717,-1.55,EOD-
S762,WIPRO,2024-06-24 10:20:00+05:30,0.0776,0.152,7,5.0,0.2494,43.75,0.9277,0,0.061,,0,0,0,1,0,1,2024-06-24 10:20:00+05:30,2024-06-24 10:25:00+05:30,2024-06-24 15:00:00+05:30,235.5,233.41964285714283,239.24464285714288,-1.25,EOD-
S763,WIPRO,2024-06-24 12:10:00+05:30,-0.0607,-0.1383,0,,0.77,33.33,-0.6694,0,0.7484,0.0,3,0,0,0,3,4,2024-06-24 12:25:00+05:30,2024-06-24 12:30:00+05:30,2024-06-24 15:00:00+05:30,234.95,233.96785714285716,236.71785714285716,-0.7,EOD-
S764,WIPRO,2024-06-24 12:55:00+05:30,-0.065,-0.0373,0,,1.5167,50.0,-0.7949,0,1.4568,1.0,3,0,0,0,3,4,2024-06-24 13:10:00+05:30,2024-06-24 13:15:00+05:30,2024-06-24 15:00:00+05:30,234.85,234.04642857142855,236.29642857142852,-0.6,EOD-
S765,WIPRO,2024-06-24 13:40:00+05:30,-0.0234,-0.0138,0,,0.7933,50.0,-1.0,0,2.3407,1.0,3,0,0,0,3,4,2024-06-24 13:55:00+05:30,2024-06-24 14:00:00+05:30,2024-06-24 15:00:00+05:30,234.65,233.8464285714286,236.09642857142856,-0.4,EOD-
S766,WIPRO,2024-06-25 09:15:00+05:30,,,0,,0.9714,13.33,-0.2647,0,1.534,0.0,1,0,0,0,1,2,2024-06-25 09:20:00+05:30,2024-06-25 09:25:00+05:30,2024-06-25 10:45:00+05:30,234.45,233.575,236.025,1.575,W
S767,WIPRO,2024-06-25 09:30:00+05:30,,,0,,0.4748,33.33,-1.0,0,0.7444,1.0,2,0,0,0,2,3,2024-06-25 09:40:00+05:30,2024-06-25 09:45:00+05:30,2024-06-25 14:30:00+05:30,234.75,233.72321428571428,236.5982142857143,1.8482,W
S768,WIPRO,2024-06-25 09:50:00+05:30,0.0096,,0,,0.1623,100.0,-1.0,0,0.4582,1.0,1,0,0,0,1,2,2024-06-25 09:55:00+05:30,2024-06-25 10:00:00+05:30,2024-06-25 14:30:00+05:30,234.35,233.11785714285716,236.56785714285715,2.2179,W
S769,WIPRO,2024-06-25 10:05:00+05:30,0.0181,0.0096,0,,0.525,0.0,-0.3939,0,0.3391,1.0,1,1,0,0,1,2,2024-06-25 10:10:00+05:30,2024-06-25 10:15:00+05:30,2024-06-25 15:00:00+05:30,234.65,233.4714285714286,236.77142857142857,2.1214,W
S770,WIPRO,2024-06-25 10:20:00+05:30,0.0224,0.0181,1,1.0,0.2934,33.33,0.4035,0,0.2669,,0,0,1,1,0,1,2024-06-25 10:20:00+05:30,2024-06-25 10:25:00+05:30,2024-06-25 14:30:00+05:30,234.4,233.18571428571428,236.5857142857143,2.1857,W
S771,WIPRO,2024-06-25 12:00:00+05:30,0.1401,0.1327,18,15.0,0.2553,40.0,0.9355,0,0.7358,,0,0,1,1,0,1,2024-06-25 12:00:00+05:30,2024-06-25 12:05:00+05:30,2024-06-25 15:00:00+05:30,235.6,234.84107142857144,236.9660714285714,1.3661,W
S772,WIPRO,2024-06-25 12:10:00+05:30,0.1177,0.1369,0,,0.2392,85.71,-0.2593,0,0.6142,1.0,3,0,1,0,3,4,2024-06-25 12:25:00+05:30,2024-06-25 12:30:00+05:30,2024-06-25 13:25:00+05:30,235.7,234.99464285714285,236.96964285714284,-0.7054,L
S773,WIPRO,2024-06-25 12:35:00+05:30,-0.0244,0.0647,0,,0.9455,100.0,-1.0,0,0.8298,,0,0,1,1,0,1,2024-06-25 12:35:00+05:30,2024-06-25 12:40:00+05:30,2024-06-25 13:25:00+05:30,235.8,235.1125,237.0375,-0.6875,L
S774,WIPRO,2024-06-25 12:45:00+05:30,-0.0244,-0.0085,0,,0.7,57.14,-0.7619,0,0.5935,0.0,2,0,1,0,2,3,2024-06-25 12:55:00+05:30,2024-06-25 13:00:00+05:30,2024-06-25 13:55:00+05:30,235.7,234.95,237.05,-0.75,L
S775,WIPRO,2024-06-25 13:50:00+05:30,-0.0775,-0.0563,0,,1.7364,50.0,-1.0,0,0.9513,1.0,3,1,1,0,3,4,2024-06-25 14:05:00+05:30,2024-06-25 14:10:00+05:30,2024-06-25 14:30:00+05:30,235.5,234.8125,236.73750000000004,1.2375,W
S776,WIPRO,2024-06-26 09:30:00+05:30,,,3,3.0,0.6238,37.93,0.0,0,1.1795,,0,0,0,1,0,1,2024-06-26 09:30:00+05:30,2024-06-26 09:35:00+05:30,2024-06-26 15:00:00+05:30,237.25,235.44642857142856,240.49642857142857,-0.65,EOD-
S777,WIPRO,2024-06-26 10:00:00+05:30,0.1434,0.1636,5,2.0,0.1368,11.11,1.3256,0,0.6311,,0,0,0,1,0,1,2024-06-26 10:00:00+05:30,2024-06-26 10:05:00+05:30,2024-06-26 15:00:00+05:30,237.3,235.3357142857143,240.8357142857143,-0.7,EOD-
S778,WIPRO,2024-06-26 10:10:00+05:30,0.1075,0.1487,0,,0.4488,25.0,-1.0,0,0.3766,0.0,1,0,1,0,1,2,2024-06-26 10:15:00+05:30,2024-06-26 10:20:00+05:30,2024-06-26 15:00:00+05:30,237.3,235.4339285714286,240.6589285714286,-0.7,EOD-
S779,WIPRO,2024-06-26 10:25:00+05:30,0.0853,0.1075,0,,0.2409,36.36,-1.0,0,0.3027,,0,0,1,1,0,1,2024-06-26 10:25:00+05:30,2024-06-26 10:30:00+05:30,2024-06-26 15:00:00+05:30,237.35,235.6892857142857,240.3392857142857,-0.75,EOD-
S780,WIPRO,2024-06-26 10:35:00+05:30,0.0306,0.1011,0,,1.2701,53.33,-0.736,0,0.4925,0.0,3,0,1,0,3,4,2024-06-26 10:50:00+05:30,2024-06-26 10:55:00+05:30,2024-06-26 15:00:00+05:30,237.35,235.85892857142855,240.03392857142856,-0.75,EOD-
S781,WIPRO,2024-06-26 11:00:00+05:30,-0.0601,-0.0474,0,,0.6533,0.0,-0.3651,0,0.9648,1.0,3,0,1,0,3,4,2024-06-26 11:15:00+05:30,2024-06-26 11:20:00+05:30,2024-06-26 14:45:00+05:30,237.5,236.2946428571429,239.66964285714283,-1.2054,L
S782,WIPRO,2024-06-26 11:35:00+05:30,0.0137,0.0295,3,3.0,0.591,64.29,-0.8058,0,0.9346,0.0,1,0,0,0,1,2,2024-06-26 11:40:00+05:30,2024-06-26 11:45:00+05:30,2024-06-26 14:35:00+05:30,237.5,236.41071428571428,239.4607142857143,-1.0893,L
S783,WIPRO,2024-06-26 12:50:00+05:30,-0.0327,-0.0179,0,,1.4328,0.0,-0.8473,0,0.6523,0.0,3,0,1,0,3,4,2024-06-26 13:05:00+05:30,2024-06-26 13:10:00+05:30,2024-06-26 14:35:00+05:30,237.0,236.42857142857144,238.02857142857144,-0.5714,L
S784,WIPRO,2024-06-26 13:15:00+05:30,-0.0559,-0.0496,0,,0.4508,0.0,0.0526,0,1.3388,,0,0,0,1,0,1,2024-06-26 13:15:00+05:30,2024-06-26 13:20:00+05:30,2024-06-26 14:35:00+05:30,236.95,236.42321428571427,237.8982142857143,-0.5268,L
S785,WIPRO,2024-06-26 13:45:00+05:30,-0.0243,-0.0317,0,,0.644,50.0,-0.5652,0,0.5646,0.0,3,0,0,0,3,4,2024-06-26 14:00:00+05:30,2024-06-26 14:05:00+05:30,2024-06-26 14:35:00+05:30,236.95,236.50357142857143,237.7535714285714,-0.4464,L
S786,WIPRO,2024-06-26 14:10:00+05:30,0.0106,-0.0116,0,,0.4582,66.67,-0.4444,0,1.1204,1.0,1,0,0,0,1,2,2024-06-26 14:15:00+05:30,2024-06-26 14:20:00+05:30,2024-06-26 14:35:00+05:30,237.05,236.5589285714286,237.93392857142857,-0.4911,L
S787,WIPRO,2024-06-27 09:50:00+05:30,-0.264,,0,,2.787,28.57,-0.9064,0,0.8882,1.0,3,0,0,0,3,4,2024-06-27 10:05:00+05:30,2024-06-27 10:10:00+05:30,2024-06-27 11:25:00+05:30,236.0,234.5625,238.5875,2.5875,W
S788,WIPRO,2024-06-27 10:30:00+05:30,-0.0573,-0.0785,4,3.0,0.0181,68.75,7.0,0,1.4292,,0,0,0,1,0,1,2024-06-27 10:30:00+05:30,2024-06-27 10:35:00+05:30,2024-06-27 11:25:00+05:30,235.6,233.8767857142857,238.7017857142857,3.1018,W
S789,WIPRO,2024-06-27 13:30:00+05:30,0.2068,0.4172,0,,1.3414,31.25,-0.7087,0,0.8905,1.0,3,1,1,0,3,4,2024-06-27 13:45:00+05:30,2024-06-27 13:50:00+05:30,2024-06-27 14:30:00+05:30,243.55,241.6303571428572,247.00535714285712,-1.9196,L
S790,WIPRO,2024-06-27 14:05:00+05:30,0.1233,0.1305,3,1.0,0.7,93.94,-0.9038,0,1.0505,0.0,1,1,0,0,1,2,2024-06-27 14:10:00+05:30,2024-06-27 14:15:00+05:30,2024-06-27 15:00:00+05:30,243.35,241.4928571428572,246.6928571428571,0.5,EOD+
S791,WIPRO,2024-06-28 09:55:00+05:30,0.0216,-0.0473,0,,1.4278,30.77,-0.9136,0,0.4338,1.0,3,0,1,0,3,4,2024-06-28 10:10:00+05:30,2024-06-28 10:15:00+05:30,2024-06-28 15:00:00+05:30,243.65,241.6232142857143,247.29821428571427,2.6,EOD+
S792,WIPRO,2024-06-28 10:20:00+05:30,-0.037,0.0041,0,,0.5552,52.38,-0.3237,0,0.3668,,0,0,0,1,0,1,2024-06-28 10:20:00+05:30,2024-06-28 10:25:00+05:30,2024-06-28 15:00:00+05:30,243.7,241.36964285714285,247.89464285714283,2.55,EOD+
S793,WIPRO,2024-06-28 10:35:00+05:30,-0.0401,-0.037,2,2.0,0.0816,70.0,1.5,0,0.2287,,0,1,0,1,0,1,2024-06-28 10:35:00+05:30,2024-06-28 10:40:00+05:30,2024-06-28 15:00:00+05:30,243.55,241.7107142857143,246.8607142857143,2.7,EOD+
S794,WIPRO,2024-06-28 10:50:00+05:30,-0.0617,-0.0401,2,2.0,0.2108,62.5,-1.0,0,0.2665,0.0,1,1,1,0,1,2,2024-06-28 10:55:00+05:30,2024-06-28 11:00:00+05:30,2024-06-28 14:45:00+05:30,243.55,241.88928571428573,246.5392857142857,2.9893,W
S795,WIPRO,2024-06-28 11:55:00+05:30,0.1374,0.1549,11,8.0,0.2315,28.57,0.9048,0,0.5747,,0,0,1,1,0,1,2024-06-28 11:55:00+05:30,2024-06-28 12:00:00+05:30,2024-06-28 13:25:00+05:30,244.0,242.86607142857144,246.0410714285714,2.0411,W
S796,WIPRO,2024-06-28 12:20:00+05:30,0.0963,0.1076,4,3.0,0.4571,45.45,0.0417,0,1.1042,,0,0,0,1,0,1,2024-06-28 12:20:00+05:30,2024-06-28 12:25:00+05:30,2024-06-28 14:45:00+05:30,244.35,243.0375,246.7125,2.3625,W
S797,WIPRO,2024-06-28 12:35:00+05:30,0.1034,0.0963,2,2.0,0.2974,80.0,-1.0,0,0.6709,0.0,1,1,0,0,1,2,2024-06-28 12:40:00+05:30,2024-06-28 12:45:00+05:30,2024-06-28 15:00:00+05:30,244.55,243.18392857142857,247.00892857142856,1.7,EOD+
S798,WIPRO,2024-06-28 12:50:00+05:30,0.0634,0.1034,0,,0.2114,20.0,0.3333,0,0.6036,,0,0,1,1,0,1,2024-06-28 12:50:00+05:30,2024-06-28 12:55:00+05:30,2024-06-28 15:00:00+05:30,244.4,243.06964285714287,246.7946428571429,1.85,EOD+
S799,WIPRO,2024-06-28 14:05:00+05:30,0.0877,0.0929,14,8.0,0.3472,54.55,-0.0164,0,0.6831,0.0,2,1,0,0,2,3,2024-06-28 14:15:00+05:30,2024-06-28 14:20:00+05:30,2024-06-28 15:00:00+05:30,245.4,244.30178571428573,247.3767857142857,0.85,EOD+
S800,WIPRO,2024-07-01 09:15:00+05:30,,,0,,0.137,86.11,1.7778,0,1.4802,,0,0,0,1,0,1,2024-07-01 09:15:00+05:30,2024-07-01 09:20:00+05:30,2024-07-01 09:55:00+05:30,245.95,244.30714285714285,248.90714285714284,2.9571,W
S801,WIPRO,2024-07-01 12:35:00+05:30,0.1815,0.2662,38,2.0,0.3169,33.33,0.5385,0,0.9293,,0,0,1,1,0,1,2024-07-01 12:35:00+05:30,2024-07-01 12:40:00+05:30,2024-07-01 14:25:00+05:30,254.9,253.10535714285717,258.1303571428572,-1.7946,L
S802,WIPRO,2024-07-02 09:15:00+05:30,,,0,,0.6238,72.88,0.0465,0,5.3208,,0,1,1,1,0,1,2024-07-02 09:15:00+05:30,2024-07-02 09:20:00+05:30,2024-07-02 09:20:00+05:30,255.15,253.42678571428573,258.25178571428575,3.1018,W
S803,WIPRO,2024-07-02 10:35:00+05:30,0.2915,0.2301,15,15.0,0.1595,58.82,-0.661,0,0.1723,0.0,1,0,1,0,1,2,2024-07-02 10:40:00+05:30,2024-07-02 10:45:00+05:30,2024-07-02 11:55:00+05:30,255.0,252.6875,259.1625,4.1625,W
S804,WIPRO,2024-07-02 10:50:00+05:30,0.2871,0.2915,0,,0.3733,66.67,-0.8333,0,1.1503,1.0,1,0,0,0,1,2,2024-07-02 10:55:00+05:30,2024-07-02 11:00:00+05:30,2024-07-02 11:55:00+05:30,255.8,253.79107142857143,259.41607142857146,3.6161,W
S805,WIPRO,2024-07-02 12:35:00+05:30,0.4198,0.4431,19,2.0,0.1771,82.14,0.2903,0,1.9479,,0,0,0,1,0,1,2024-07-02 12:35:00+05:30,2024-07-02 12:40:00+05:30,2024-07-02 15:00:00+05:30,258.45,256.26250000000005,262.38749999999993,0.15,EOD+
S806,WIPRO,2024-07-02 14:10:00+05:30,-0.1987,-0.1645,0,,0.7958,0.0,-0.7906,0,0.5512,1.0,3,0,1,0,3,4,2024-07-02 14:25:00+05:30,2024-07-02 14:30:00+05:30,2024-07-02 15:00:00+05:30,257.9,256.4,260.6,0.7,EOD+
S807,WIPRO,2024-07-03 09:25:00+05:30,,,0,,2.4808,57.14,-0.9415,0,1.1097,0.0,3,1,0,0,3,4,2024-07-03 09:40:00+05:30,2024-07-03 09:45:00+05:30,2024-07-03 15:00:00+05:30,257.8,256.07678571428573,260.9017857142858,-0.75,EOD-
S808,WIPRO,2024-07-03 09:55:00+05:30,0.0019,-0.0874,1,1.0,0.5415,40.0,0.2155,0,0.6895,,0,0,0,1,0,1,2024-07-03 09:55:00+05:30,2024-07-03 10:00:00+05:30,2024-07-03 15:00:00+05:30,258.2,256.11071428571427,261.96071428571423,-1.15,EOD-
S809,WIPRO,2024-07-03 10:10:00+05:30,-0.0379,0.0019,2,2.0,0.1153,93.33,-1.0,0,0.2496,1.0,1,0,1,0,1,2,2024-07-03 10:15:00+05:30,2024-07-03 10:20:00+05:30,2024-07-03 15:00:00+05:30,257.75,255.5267857142857,261.7517857142857,-0.7,EOD-
S810,WIPRO,2024-07-03 10:25:00+05:30,-0.0884,-0.0379,0,,0.0403,42.86,0.5385,0,0.3315,,0,1,1,1,0,1,2024-07-03 10:25:00+05:30,2024-07-03 10:30:00+05:30,2024-07-03 15:00:00+05:30,257.45,255.43214285714285,261.08214285714286,-0.4,EOD-
S811,WIPRO,2024-07-03 10:35:00+05:30,-0.0505,-0.0777,0,,0.7912,65.62,-0.777,0,0.9223,,0,0,0,1,0,1,2024-07-03 10:35:00+05:30,2024-07-03 10:40:00+05:30,2024-07-03 15:00:00+05:30,257.8,255.675,261.625,-0.75,EOD-
S812,WIPRO,2024-07-03 11:00:00+05:30,0.1329,0.0447,4,2.0,0.0202,20.0,25.6667,0,0.3243,,0,0,1,1,0,1,2024-07-03 11:00:00+05:30,2024-07-03 11:05:00+05:30,2024-07-03 15:00:00+05:30,258.2,256.3428571428571,261.54285714285714,-1.15,EOD-
S813,WIPRO,2024-07-03 12:10:00+05:30,0.167,0.1314,0,,0.2573,40.0,-1.0,0,0.3727,1.0,3,0,1,0,3,4,2024-07-03 12:25:00+05:30,2024-07-03 12:30:00+05:30,2024-07-03 14:40:00+05:30,259.1,257.4482142857144,262.07321428571424,-1.6518,L
S814,WIPRO,2024-07-03 13:15:00+05:30,-0.0579,-0.0039,0,,0.5133,20.0,-1.0,0,1.1381,1.0,3,0,1,0,3,4,2024-07-03 13:30:00+05:30,2024-07-03 13:35:00+05:30,2024-07-03 14:25:00+05:30,259.2,258.2625,260.8875,-0.9375,L
S815,WIPRO,2024-07-03 13:45:00+05:30,-0.001,-0.0405,2,2.0,0.0347,16.67,11.0,0,0.7835,,0,0,0,1,0,1,2024-07-03 13:45:00+05:30,2024-07-03 13:50:00+05:30,2024-07-03 14:25:00+05:30,259.1,258.1982142857143,260.72321428571433,-0.9018,L
S816,WIPRO,2024-07-04 09:15:00+05:30,,,0,,0.827,25.0,1.0714,0,6.999,,0,0,0,1,0,1,2024-07-04 09:15:00+05:30,2024-07-04 09:20:00+05:30,2024-07-04 09:50:00+05:30,259.9,257.78392857142853,263.70892857142854,-2.1161,L
S817,WIPRO,2024-07-04 09:50:00+05:30,-0.0078,,6,4.0,0.35,61.11,-0.3865,0,1.2153,1.0,3,1,0,0,3,4,2024-07-04 10:05:00+05:30,2024-07-04 10:10:00+05:30,2024-07-04 11:35:00+05:30,258.35,255.43928571428572,263.5892857142857,-2.9107,L
S818,WIPRO,2024-07-04 10:15:00+05:30,0.0591,0.0068,0,,0.4839,12.5,-0.6721,0,0.6867,1.0,1,0,0,0,1,2,2024-07-04 10:20:00+05:30,2024-07-04 10:25:00+05:30,2024-07-04 11:35:00+05:30,258.8,255.64821428571432,264.4732142857143,-3.1518,L
S819,WIPRO,2024-07-04 11:00:00+05:30,-0.0881,0.0,0,,0.5348,30.77,-0.8876,0,0.5833,0.0,3,0,0,0,3,4,2024-07-04 11:15:00+05:30,2024-07-04 11:20:00+05:30,2024-07-04 11:35:00+05:30,258.0,255.9196428571429,261.7446428571428,-2.0804,L
S820,WIPRO,2024-07-04 13:15:00+05:30,-0.296,-0.3201,0,,2.4855,55.56,-0.9184,0,1.6297,1.0,3,0,0,0,3,4,2024-07-04 13:30:00+05:30,2024-07-04 13:35:00+05:30,2024-07-04 13:55:00+05:30,255.15,253.91785714285717,257.36785714285713,-1.2321,L
S821,WIPRO,2024-07-04 14:00:00+05:30,-0.108,-0.0785,0,,1.7644,8.33,-0.6739,0,0.8776,0.0,3,0,0,0,3,4,2024-07-04 14:15:00+05:30,2024-07-04 14:20:00+05:30,2024-07-04 14:55:00+05:30,254.65,253.3464285714286,256.99642857142857,-1.3036,L
S822,WIPRO,2024-07-05 09:15:00+05:30,,,0,,0.3538,67.57,-0.3617,0,2.3583,,0,1,0,1,0,1,2024-07-05 09:15:00+05:30,2024-07-05 09:20:00+05:30,2024-07-05 10:10:00+05:30,255.3,253.63928571428573,258.2892857142857,-1.6607,L
S823,WIPRO,2024-07-05 09:45:00+05:30,0.0492,,5,5.0,0.2189,7.69,0.9718,0,0.6969,,0,0,0,1,0,1,2024-07-05 09:45:00+05:30,2024-07-05 09:50:00+05:30,2024-07-05 15:00:00+05:30,254.4,252.3732142857143,258.04821428571427,-0.05,EOD-
S824,WIPRO,2024-07-05 09:55:00+05:30,0.0197,0.0747,1,1.0,0.2418,25.0,0.0526,0,0.2467,,0,0,1,1,0,1,2024-07-05 09:55:00+05:30,2024-07-05 10:00:00+05:30,2024-07-05 15:00:00+05:30,254.25,252.2857142857143,257.7857142857143,0.1,EOD+
S825,WIPRO,2024-07-05 10:05:00+05:30,-0.003,0.0374,0,,0.7391,75.0,-0.9119,0,0.5147,1.0,2,0,0,0,2,3,2024-07-05 10:15:00+05:30,2024-07-05 10:20:00+05:30,2024-07-05 15:00:00+05:30,254.55,252.6303571428572,258.0053571428571,-0.2,EOD-
S826,WIPRO,2024-07-05 10:25:00+05:30,0.0344,-0.0098,0,,0.6533,54.55,-0.6429,0,0.2175,0.0,1,0,0,0,1,2,2024-07-05 10:30:00+05:30,2024-07-05 10:35:00+05:30,2024-07-05 15:00:00+05:30,254.45,252.8428571428572,257.3428571428571,-0.1,EOD-
S827,WIPRO,2024-07-05 11:15:00+05:30,-0.1831,-0.0797,0,,1.8167,0.0,-0.8777,0,1.8767,1.0,3,0,0,0,3,4,2024-07-05 11:30:00+05:30,2024-07-05 11:35:00+05:30,2024-07-05 13:30:00+05:30,254.15,253.025,256.175,2.025,W
S828,WIPRO,2024-07-05 12:45:00+05:30,0.1825,0.1365,14,12.0,0.0755,63.64,4.3333,0,0.5672,,0,0,0,1,0,1,2024-07-05 12:45:00+05:30,2024-07-05 12:50:00+05:30,2024-07-05 15:00:00+05:30,255.0,253.75892857142856,257.2339285714286,-0.65,EOD-
S829,WIPRO,2024-07-05 13:00:00+05:30,0.2028,0.1825,2,2.0,0.3847,12.5,0.9672,0,0.4084,,0,1,1,1,0,1,2024-07-05 13:00:00+05:30,2024-07-05 13:05:00+05:30,2024-07-05 14:50:00+05:30,255.4,254.4089285714286,257.18392857142857,-0.9911,L
S830,WIPRO,2024-07-05 13:30:00+05:30,0.0695,0.1625,5,5.0,0.1909,66.67,1.0,0,3.3843,,0,0,0,1,0,1,2024-07-05 13:30:00+05:30,2024-07-05 13:35:00+05:30,2024-07-05 14:35:00+05:30,256.2,255.21785714285716,257.9678571428571,-0.9821,L
S831,WIPRO,2024-07-08 10:10:00+05:30,0.1316,0.1278,11,9.0,0.0991,80.0,-1.0,0,0.4648,,0,0,0,1,0,1,2024-07-08 10:10:00+05:30,2024-07-08 10:15:00+05:30,2024-07-08 15:00:00+05:30,256.55,254.46964285714284,260.2946428571429,2.1,EOD+
S832,WIPRO,2024-07-08 10:20:00+05:30,0.1821,0.1229,0,,0.4542,100.0,-1.0,0,0.3573,,0,0,1,1,0,1,2024-07-08 10:20:00+05:30,2024-07-08 10:25:00+05:30,2024-07-08 15:00:00+05:30,256.8,254.79107142857143,260.41607142857146,1.85,EOD+
S833,WIPRO,2024-07-08 10:30:00+05:30,0.1918,0.1579,0,,0.3597,42.86,-0.1398,0,1.1135,1.0,1,0,0,0,1,2,2024-07-08 10:35:00+05:30,2024-07-08 10:40:00+05:30,2024-07-08 15:00:00+05:30,257.15,255.53392857142853,260.05892857142857,1.5,EOD+
S834,WIPRO,2024-07-08 10:50:00+05:30,0.1517,0.1839,2,1.0,0.0847,70.0,0.0526,0,0.538,,0,0,0,1,0,1,2024-07-08 10:50:00+05:30,2024-07-08 10:55:00+05:30,2024-07-08 15:00:00+05:30,257.15,255.74821428571423,259.6732142857143,1.5,EOD+
S835,WIPRO,2024-07-08 11:00:00+05:30,0.0933,0.1585,0,,0.69,30.0,0.0145,0,0.9122,,0,0,0,1,0,1,2024-07-08 11:00:00+05:30,2024-07-08 11:05:00+05:30,2024-07-08 15:00:00+05:30,257.3,256.05,259.55,1.35,EOD+
S836,WIPRO,2024-07-08 11:10:00+05:30,-0.0243,0.1332,1,1.0,0.8028,60.0,-0.5122,0,0.9397,1.0,1,0,1,0,1,2,2024-07-08 11:15:00+05:30,2024-07-08 11:20:00+05:30,2024-07-08 15:00:00+05:30,257.4,256.12321428571425,259.69821428571424,1.25,EOD+
S837,WIPRO,2024-07-08 12:00:00+05:30,0.1727,0.1631,8,2.0,0.0285,71.43,4.7143,0,0.7839,,0,0,0,1,0,1,2024-07-08 12:00:00+05:30,2024-07-08 12:05:00+05:30,2024-07-08 15:00:00+05:30,257.8,256.26428571428573,260.5642857142857,0.85,EOD+
S838,WIPRO,2024-07-08 12:10:00+05:30,0.1212,0.1853,0,,0.4429,20.0,-0.6429,0,0.834,1.0,1,0,0,0,1,2,2024-07-08 12:15:00+05:30,2024-07-08 12:20:00+05:30,2024-07-08 15:00:00+05:30,258.1,256.5196428571429,260.94464285714287,0.55,EOD+
S839,WIPRO,2024-07-08 12:25:00+05:30,0.0591,0.1212,1,1.0,0.1114,72.73,-0.2857,0,0.7587,1.0,3,0,1,0,3,4,2024-07-08 12:40:00+05:30,2024-07-08 12:45:00+05:30,2024-07-08 15:00:00+05:30,258.0,256.42857142857144,260.8285714285714,0.65,EOD+
S840,WIPRO,2024-07-08 13:00:00+05:30,0.0959,0.0698,2,2.0,0.5226,53.85,0.1009,0,0.8696,,0,0,1,1,0,1,2024-07-08 13:00:00+05:30,2024-07-08 13:05:00+05:30,2024-07-08 15:00:00+05:30,258.2,256.89642857142854,260.5464285714286,0.45,EOD+
S841,WIPRO,2024-07-08 13:25:00+05:30,0.0126,0.0581,4,2.0,0.0112,45.45,39.0,0,0.7232,,0,1,1,1,0,1,2024-07-08 13:25:00+05:30,2024-07-08 13:30:00+05:30,2024-07-08 15:00:00+05:30,258.5,257.38392857142856,260.5089285714286,0.15,EOD+
S842,WIPRO,2024-07-08 13:35:00+05:30,0.0087,0.0203,1,1.0,0.241,44.44,0.9048,0,1.4304,,0,0,1,1,0,1,2024-07-08 13:35:00+05:30,2024-07-08 13:40:00+05:30,2024-07-08 15:00:00+05:30,258.3,257.2107142857143,260.2607142857143,0.35,EOD+
S843,WIPRO,2024-07-08 13:50:00+05:30,0.0503,0.0087,2,1.0,0.2106,12.5,1.9412,0,0.8283,,0,0,1,1,0,1,2024-07-08 13:50:00+05:30,2024-07-08 13:55:00+05:30,2024-07-08 15:00:00+05:30,258.5,257.49107142857144,260.31607142857143,0.15,EOD+
S844,WIPRO,2024-07-08 14:00:00+05:30,0.0629,0.0281,0,,0.1817,20.0,1.963,0,0.8109,,0,0,1,1,0,1,2024-07-08 14:00:00+05:30,2024-07-08 14:05:00+05:30,2024-07-08 15:00:00+05:30,258.55,257.62142857142857,260.2214285714286,0.1,EOD+
S845,WIPRO,2024-07-08 14:10:00+05:30,0.0435,0.0581,0,,0.7283,0.0,-0.6117,0,0.9188,0.0,2,0,0,0,2,3,2024-07-08 14:20:00+05:30,2024-07-08 14:25:00+05:30,2024-07-08 15:00:00+05:30,258.5,257.61607142857144,260.0910714285714,0.15,EOD+
S846,WIPRO,2024-07-08 14:30:00+05:30,0.0213,0.0377,0,,0.546,33.33,-0.4872,0,0.9712,,0,1,0,1,0,1,2024-07-08 14:30:00+05:30,2024-07-08 14:35:00+05:30,2024-07-08 15:00:00+05:30,258.55,257.65714285714284,260.1571428571429,0.1,EOD+
S847,WIPRO,2024-07-09 09:35:00+05:30,,,0,,1.7928,62.5,-0.7397,0,0.7864,1.0,3,0,0,0,3,4,2024-07-09 09:50:00+05:30,2024-07-09 09:55:00+05:30,2024-07-09 15:00:00+05:30,258.5,256.8928571428572,261.3928571428571,0.15,EOD+
S848,WIPRO,2024-07-09 10:00:00+05:30,-0.0184,-0.0426,0,,0.5452,20.0,-0.2593,0,0.5773,0.0,2,0,0,0,2,3,2024-07-09 10:10:00+05:30,2024-07-09 10:15:00+05:30,2024-07-09 15:00:00+05:30,258.4,256.54285714285714,261.7428571428571,0.25,EOD+
S849,WIPRO,2024-07-09 11:00:00+05:30,-0.1057,-0.1435,0,,0.8595,20.0,-0.4845,0,0.9045,1.0,3,0,0,0,3,4,2024-07-09 11:15:00+05:30,2024-07-09 11:20:00+05:30,2024-07-09 15:00:00+05:30,258.25,256.8392857142857,260.7892857142857,0.4,EOD+
S850,WIPRO,2024-07-09 12:15:00+05:30,0.1027,0.0233,10,3.0,0.0778,0.0,10.4286,0,0.7868,,0,0,0,1,0,1,2024-07-09 12:15:00+05:30,2024-07-09 12:20:00+05:30,2024-07-09 15:00:00+05:30,258.35,257.225,260.37500000000006,0.3,EOD+
S851,WIPRO,2024-07-09 12:25:00+05:30,0.1355,0.0785,1,1.0,0.0724,33.33,9.0,0,0.8298,,0,0,0,1,0,1,2024-07-09 12:25:00+05:30,2024-07-09 12:30:00+05:30,2024-07-09 15:00:00+05:30,258.65,257.61428571428564,260.51428571428573,0.0,EOD-
S852,WIPRO,2024-07-09 12:45:00+05:30,0.1035,0.1249,3,3.0,0.0264,20.0,9.0,0,0.75,,0,0,0,1,0,1,2024-07-09 12:45:00+05:30,2024-07-09 12:50:00+05:30,2024-07-09 15:00:00+05:30,258.5,257.5535714285714,260.2035714285715,0.15,EOD+
S853,WIPRO,2024-07-09 12:55:00+05:30,0.0735,0.1113,0,,0.4267,100.0,-1.0,0,0.7874,,0,0,1,1,0,1,2024-07-09 12:55:00+05:30,2024-07-09 13:00:00+05:30,2024-07-09 15:00:00+05:30,258.65,257.7125,260.33750000000003,0.0,EOD-
S854,WIPRO,2024-07-09 13:50:00+05:30,0.0406,0.0512,9,6.0,0.7545,14.29,0.4458,0,1.5828,,0,0,0,1,0,1,2024-07-09 13:50:00+05:30,2024-07-09 13:55:00+05:30,2024-07-09 15:00:00+05:30,258.8,258.1125,260.0375,-0.15,EOD-
S855,WIPRO,2024-07-09 14:00:00+05:30,0.0357,0.0425,1,1.0,0.0273,0.0,32.3333,0,1.259,,0,0,0,1,0,1,2024-07-09 14:00:00+05:30,2024-07-09 14:05:00+05:30,2024-07-09 15:00:00+05:30,259.0,258.3125,260.2375,-0.35,EOD-
S856,WIPRO,2024-07-09 14:15:00+05:30,0.0502,0.0357,2,1.0,0.3141,66.67,0.7143,0,1.0176,,0,0,1,1,0,1,2024-07-09 14:15:00+05:30,2024-07-09 14:20:00+05:30,2024-07-09 15:00:00+05:30,258.9,258.2035714285714,260.1535714285714,-0.25,EOD-
S857,WIPRO,2024-07-10 09:15:00+05:30,,,0,,3.0207,60.0,-0.8992,0,1.9405,0.0,1,0,0,0,1,2,2024-07-10 09:20:00+05:30,2024-07-10 09:25:00+05:30,2024-07-10 09:40:00+05:30,259.2,258.3785714285714,260.67857142857144,-0.8214,L
S858,WIPRO,2024-07-10 09:30:00+05:30,,,1,1.0,0.3628,25.0,0.4085,0,0.911,,0,0,0,1,0,1,2024-07-10 09:30:00+05:30,2024-07-10 09:35:00+05:30,2024-07-10 09:55:00+05:30,258.75,257.5267857142857,260.9517857142857,-1.2232,L
S859,WIPRO,2024-07-10 11:25:00+05:30,-0.2849,-0.2708,0,,1.2911,40.0,-0.8072,0,0.4353,1.0,3,0,0,0,3,4,2024-07-10 11:40:00+05:30,2024-07-10 11:45:00+05:30,2024-07-10 15:00:00+05:30,256.0,253.99107142857144,259.61607142857144,-0.5,EOD-
S860,WIPRO,2024-07-10 12:10:00+05:30,-0.0293,-0.1153,4,1.0,0.1627,56.25,2.6364,0,0.5671,,0,0,1,1,0,1,2024-07-10 12:10:00+05:30,2024-07-10 12:15:00+05:30,2024-07-10 13:45:00+05:30,256.05,254.78214285714287,258.3321428571429,-1.2679,L
S861,WIPRO,2024-07-10 12:20:00+05:30,0.0381,-0.0557,0,,0.8126,58.33,-0.3976,0,0.6563,,0,0,1,1,0,1,2024-07-10 12:20:00+05:30,2024-07-10 12:25:00+05:30,2024-07-10 13:45:00+05:30,256.0,254.72321428571428,258.2982142857143,-1.2768,L
S862,WIPRO,2024-07-10 12:30:00+05:30,0.0508,0.002,0,,0.9675,62.5,-0.9078,0,0.8341,,0,0,0,1,0,1,2024-07-10 12:30:00+05:30,2024-07-10 12:35:00+05:30,2024-07-10 14:00:00+05:30,255.95,254.54821428571427,258.4732142857143,-1.4018,L
S863,WIPRO,2024-07-10 12:40:00+05:30,0.0283,0.0391,0,,0.0987,33.33,0.9048,0,0.4985,,0,0,0,1,0,1,2024-07-10 12:40:00+05:30,2024-07-10 12:45:00+05:30,2024-07-10 13:50:00+05:30,256.0,254.6696428571429,258.39464285714286,-1.3304,L
S864,WIPRO,2024-07-10 12:50:00+05:30,0.0195,0.0508,0,,0.0298,81.82,-1.0,0,1.0515,,0,0,0,1,0,1,2024-07-10 12:50:00+05:30,2024-07-10 12:55:00+05:30,2024-07-10 13:40:00+05:30,256.4,255.14107142857145,258.6660714285714,-1.2589,L
S865,WIPRO,2024-07-10 13:00:00+05:30,0.0127,0.0137,0,,0.3792,20.0,0.0256,0,0.6458,,0,0,0,1,0,1,2024-07-10 13:00:00+05:30,2024-07-10 13:05:00+05:30,2024-07-10 13:45:00+05:30,256.1,254.81428571428572,258.4142857142857,-1.2857,L
S866,WIPRO,2024-07-10 13:10:00+05:30,0.0459,0.0107,0,,0.3326,37.5,-0.403,0,0.5534,0.0,1,0,1,0,1,2,2024-07-10 13:15:00+05:30,2024-07-10 13:20:00+05:30,2024-07-10 13:40:00+05:30,256.15,254.89107142857145,258.4160714285714,-1.2589,L
S867,WIPRO,2024-07-10 14:15:00+05:30,-0.1086,-0.1261,0,,2.5036,57.14,-0.7959,0,0.8229,0.0,3,0,1,0,3,4,2024-07-10 14:30:00+05:30,2024-07-10 14:35:00+05:30,2024-07-10 15:00:00+05:30,255.4,254.17678571428573,257.6017857142857,0.1,EOD+
S868,WIPRO,2024-07-11 09:20:00+05:30,,,1,1.0,0.3517,60.71,-0.0196,0,3.4776,1.0,1,0,0,0,1,2,2024-07-11 09:25:00+05:30,2024-07-11 09:30:00+05:30,2024-07-11 10:15:00+05:30,257.15,255.3375,260.4125,-1.8125,L
S869,WIPRO,2024-07-11 10:00:00+05:30,0.1541,0.2402,6,5.0,0.1045,35.71,2.0,0,0.4988,,0,0,0,1,0,1,2024-07-11 10:00:00+05:30,2024-07-11 10:05:00+05:30,2024-07-11 10:35:00+05:30,256.7,254.3071428571428,261.00714285714287,-2.3929,L
S870,WIPRO,2024-07-11 12:00:00+05:30,-0.1731,-0.225,0,,2.0323,70.59,-0.8889,0,1.3667,0.0,3,0,0,0,3,4,2024-07-11 12:15:00+05:30,2024-07-11 12:20:00+05:30,2024-07-11 15:00:00+05:30,254.8,253.69285714285715,256.79285714285714,0.2,EOD+
S871,WIPRO,2024-07-11 12:30:00+05:30,-0.0098,-0.0866,2,2.0,0.4585,40.0,-0.3548,0,0.5964,0.0,2,0,0,0,2,3,2024-07-11 12:40:00+05:30,2024-07-11 12:45:00+05:30,2024-07-11 15:00:00+05:30,254.35,253.08214285714288,256.6321428571428,0.65,EOD+
S872,WIPRO,2024-07-11 13:05:00+05:30,0.0305,0.0334,4,1.0,0.0109,66.67,-1.0,0,0.588,0.0,2,0,1,0,2,3,2024-07-11 13:15:00+05:30,2024-07-11 13:20:00+05:30,2024-07-11 15:00:00+05:30,254.35,253.19821428571427,256.42321428571427,0.65,EOD+
S873,WIPRO,2024-07-11 13:50:00+05:30,0.0118,-0.002,0,,1.0341,30.0,-0.5385,0,1.4386,1.0,3,0,0,0,3,4,2024-07-11 14:05:00+05:30,2024-07-11 14:10:00+05:30,2024-07-11 15:00:00+05:30,254.25,253.4642857142857,255.66428571428568,0.75,EOD+
S874,WIPRO,2024-07-11 14:15:00+05:30,-0.0226,-0.0059,0,,0.9769,0.0,-0.5276,0,0.9089,0.0,2,0,1,0,2,3,2024-07-11 14:25:00+05:30,2024-07-11 14:30:00+05:30,2024-07-11 15:00:00+05:30,254.25,253.43750000000003,255.7125,0.75,EOD+
S875,WIPRO,2024-07-12 13:05:00+05:30,0.1955,0.3052,0,,1.745,7.14,-0.7313,0,0.76,0.0,3,0,1,0,3,4,2024-07-12 13:20:00+05:30,2024-07-12 13:25:00+05:30,2024-07-12 15:00:00+05:30,267.85,265.9839285714286,271.2089285714286,-0.35,EOD-
S876,WIPRO,2024-07-15 09:15:00+05:30,,,0,,0.1861,18.37,10.9403,0,2.826,,0,0,0,1,0,1,2024-07-15 09:15:00+05:30,2024-07-15 09:20:00+05:30,2024-07-15 09:20:00+05:30,270.4,268.15,274.45000000000005,-2.25,L
S877,WIPRO,2024-07-15 09:35:00+05:30,,,0,,0.8425,15.79,-0.403,0,0.328,0.0,3,1,0,0,3,4,2024-07-15 09:50:00+05:30,2024-07-15 09:55:00+05:30,2024-07-15 15:00:00+05:30,268.45,265.4678571428571,273.8178571428572,-1.85,EOD-
S878,WIPRO,2024-07-15 10:00:00+05:30,-0.1184,-0.1295,0,,0.5934,21.43,-0.2542,0,0.2445,0.0,1,0,1,0,1,2,2024-07-15 10:05:00+05:30,2024-07-15 10:10:00+05:30,2024-07-15 15:00:00+05:30,268.6,265.49285714285713,274.1928571428572,-2.0,EOD-
S879,WIPRO,2024-07-15 10:15:00+05:30,-0.0886,-0.1184,0,,0.4285,33.33,-0.457,0,0.1477,0.0,3,0,1,0,3,4,2024-07-15 10:30:00+05:30,2024-07-15 10:35:00+05:30,2024-07-15 15:00:00+05:30,268.05,264.8267857142857,273.85178571428577,-1.45,EOD-
S880,WIPRO,2024-07-15 11:25:00+05:30,-0.0065,-0.0373,0,,0.7347,33.33,-0.685,0,3.118,1.0,3,1,0,0,3,4,2024-07-15 11:40:00+05:30,2024-07-15 11:45:00+05:30,2024-07-15 13:40:00+05:30,268.4,267.3196428571428,270.3446428571429,-1.0804,L
S881,WIPRO,2024-07-15 11:55:00+05:30,0.0233,-0.0149,2,2.0,0.1125,0.0,9.0,0,1.2068,,0,0,0,1,0,1,2024-07-15 11:55:00+05:30,2024-07-15 12:00:00+05:30,2024-07-15 13:40:00+05:30,268.4,267.4,270.20000000000005,-1.0,L
S882,WIPRO,2024-07-15 12:25:00+05:30,0.0093,0.0401,5,5.0,0.5557,100.0,-1.0,0,0.6267,0.0,1,1,1,0,1,2,2024-07-15 12:30:00+05:30,2024-07-15 12:35:00+05:30,2024-07-15 13:40:00+05:30,268.25,267.38392857142856,269.8089285714286,-0.8661,L
S883,WIPRO,2024-07-15 12:40:00+05:30,0.0242,0.0093,0,,0.1462,0.0,2.1579,0,0.4681,,0,0,0,1,0,1,2024-07-15 12:40:00+05:30,2024-07-15 12:45:00+05:30,2024-07-15 13:40:00+05:30,268.2,267.3875,269.6625,-0.8125,L
S884,WIPRO,2024-07-16 09:30:00+05:30,,,0,,1.3082,12.5,-0.2982,0,1.2753,1.0,3,0,1,0,3,4,2024-07-16 09:45:00+05:30,2024-07-16 09:50:00+05:30,2024-07-16 10:10:00+05:30,268.2,266.56607142857143,271.1410714285714,-1.6339,L
S885,WIPRO,2024-07-16 09:55:00+05:30,0.0749,-0.0056,0,,0.1722,50.0,-1.0,0,0.3854,0.0,1,0,1,0,1,2,2024-07-16 10:00:00+05:30,2024-07-16 10:05:00+05:30,2024-07-16 15:00:00+05:30,267.6,265.35,271.65000000000003,0.05,EOD+
S886,WIPRO,2024-07-16 11:45:00+05:30,-0.0854,-0.0619,0,,0.6927,80.0,-0.7895,0,0.5649,1.0,3,0,0,0,3,4,2024-07-16 12:00:00+05:30,2024-07-16 12:05:00+05:30,2024-07-16 15:00:00+05:30,266.65,265.79285714285714,268.19285714285706,1.0,EOD+
S887,WIPRO,2024-07-16 12:10:00+05:30,-0.0235,-0.0432,0,,0.4375,40.0,-0.6,0,0.4161,,0,0,1,1,0,1,2024-07-16 12:10:00+05:30,2024-07-16 12:15:00+05:30,2024-07-16 12:50:00+05:30,266.5,265.7857142857143,267.7857142857143,1.2857,W
S888,WIPRO,2024-07-16 12:20:00+05:30,-0.0169,-0.0216,0,,0.616,60.0,-0.3939,0,0.5554,,0,0,0,1,0,1,2024-07-16 12:20:00+05:30,2024-07-16 12:25:00+05:30,2024-07-16 12:50:00+05:30,266.55,265.8803571428572,267.7553571428571,1.2054,W
S889,WIPRO,2024-07-16 12:30:00+05:30,-0.0084,-0.0225,0,,0.2985,40.0,-0.3103,0,0.9444,1.0,1,0,1,0,1,2,2024-07-16 12:35:00+05:30,2024-07-16 12:40:00+05:30,2024-07-16 12:55:00+05:30,266.9,266.29285714285714,267.99285714285713,1.0929,W
S890,WIPRO,2024-07-16 13:35:00+05:30,0.0899,0.088,11,8.0,0.35,81.82,-0.3333,0,0.9198,1.0,1,0,0,0,1,2,2024-07-16 13:40:00+05:30,2024-07-16 13:45:00+05:30,2024-07-16 15:00:00+05:30,267.35,266.27857142857147,269.27857142857147,0.3,EOD+
S891,WIPRO,2024-07-16 13:50:00+05:30,0.0758,0.0899,0,,0.6457,75.0,-0.4393,0,0.5579,,0,1,1,1,0,1,2024-07-16 13:50:00+05:30,2024-07-16 13:55:00+05:30,2024-07-16 15:00:00+05:30,267.65,266.6142857142857,269.51428571428573,0.0,EOD-
S892,WIPRO,2024-07-16 14:05:00+05:30,0.0842,0.0758,2,1.0,0.7891,75.0,-0.6774,0,0.4851,0.0,1,0,0,0,1,2,2024-07-16 14:10:00+05:30,2024-07-16 14:15:00+05:30,2024-07-16 15:00:00+05:30,267.55,266.5678571428572,269.3178571428572,0.1,EOD+
S893,WIPRO,2024-07-18 09:15:00+05:30,,,0,,2.3982,65.75,-1.0,0,3.604,,0,0,0,1,0,1,2024-07-18 09:15:00+05:30,2024-07-18 09:20:00+05:30,2024-07-18 09:30:00+05:30,268.4,266.8910714285714,271.1160714285714,-1.5089,L
S894,WIPRO,2024-07-18 09:30:00+05:30,,,1,1.0,1.1005,93.33,-0.9388,0,0.5944,0.0,3,0,1,0,3,4,2024-07-18 09:45:00+05:30,2024-07-18 09:50:00+05:30,2024-07-18 12:55:00+05:30,267.65,265.79285714285714,270.9928571428571,3.3429,W
S895,WIPRO,2024-07-18 09:55:00+05:30,-0.0037,-0.0196,0,,0.2287,36.36,-0.2771,0,0.4068,,0,0,0,1,0,1,2024-07-18 09:55:00+05:30,2024-07-18 10:00:00+05:30,2024-07-18 13:00:00+05:30,267.65,265.38214285714287,271.7321428571428,4.0821,W
S896,WIPRO,2024-07-18 10:05:00+05:30,0.0346,-0.0224,0,,0.3132,25.0,-0.3043,0,0.2038,,0,0,1,1,0,1,2024-07-18 10:05:00+05:30,2024-07-18 10:10:00+05:30,2024-07-18 13:00:00+05:30,267.55,265.2553571428572,271.68035714285713,4.1304,W
S897,WIPRO,2024-07-18 10:20:00+05:30,0.0047,0.0346,1,1.0,0.3674,88.24,-0.7297,0,0.6136,1.0,1,0,0,0,1,2,2024-07-18 10:25:00+05:30,2024-07-18 10:30:00+05:30,2024-07-18 13:05:00+05:30,267.45,264.9321428571428,271.98214285714283,4.5321,W
S898,WIPRO,2024-07-18 10:35:00+05:30,-0.0168,0.0047,0,,0.7166,64.29,-0.537,0,1.2077,1.0,1,0,0,0,1,2,2024-07-18 10:40:00+05:30,2024-07-18 10:45:00+05:30,2024-07-18 13:00:00+05:30,268.15,266.2660714285714,271.5410714285714,3.3911,W
S899,WIPRO,2024-07-18 10:50:00+05:30,0.0252,-0.0168,0,,0.0929,63.64,-0.2308,0,0.8276,,0,0,1,1,0,1,2024-07-18 10:50:00+05:30,2024-07-18 10:55:00+05:30,2024-07-18 12:55:00+05:30,267.9,266.15,271.05,3.15,W
S900,WIPRO,2024-07-18 11:20:00+05:30,-0.0075,-0.0243,0,,1.0825,58.33,-0.9333,0,1.5679,1.0,3,0,0,0,3,4,2024-07-18 11:35:00+05:30,2024-07-18 11:40:00+05:30,2024-07-18 12:55:00+05:30,268.05,266.3178571428571,271.16785714285714,3.1179,W
S901,WIPRO,2024-07-19 09:40:00+05:30,-0.2097,,0,,1.4212,95.65,-1.0,0,0.4906,1.0,3,0,1,0,3,4,2024-07-19 09:55:00+05:30,2024-07-19 10:00:00+05:30,2024-07-19 10:20:00+05:30,273.4,270.15892857142853,279.2339285714286,-3.2411,L
S902,WIPRO,2024-07-19 11:45:00+05:30,-0.3838,-0.37,0,,1.6754,66.67,-0.9078,0,0.4788,0.0,3,0,1,0,3,4,2024-07-19 12:00:00+05:30,2024-07-19 12:05:00+05:30,2024-07-19 14:50:00+05:30,268.75,266.32142857142856,273.1214285714286,-2.4286,L
S903,WIPRO,2024-07-19 12:15:00+05:30,-0.1826,-0.282,1,1.0,0.271,13.64,1.9167,0,0.8819,,0,0,1,1,0,1,2024-07-19 12:15:00+05:30,2024-07-19 12:20:00+05:30,2024-07-19 14:30:00+05:30,269.0,266.7857142857143,272.9857142857143,-2.2143,L
S904,WIPRO,2024-07-19 12:25:00+05:30,-0.1146,-0.2086,0,,0.1475,18.18,2.5294,0,0.4138,,0,0,0,1,0,1,2024-07-19 12:25:00+05:30,2024-07-19 12:30:00+05:30,2024-07-19 14:30:00+05:30,268.75,266.5892857142857,272.63928571428573,-2.1607,L
S905,WIPRO,2024-07-19 12:35:00+05:30,-0.0447,-0.1575,0,,0.0596,50.0,1.1053,0,0.3755,,0,0,0,1,0,1,2024-07-19 12:35:00+05:30,2024-07-19 12:40:00+05:30,2024-07-19 14:30:00+05:30,268.55,266.55892857142857,272.1339285714286,-1.9911,L
S906,WIPRO,2024-07-19 12:45:00+05:30,0.0233,-0.0848,0,,0.3616,10.0,0.4679,0,0.863,,0,0,0,1,0,1,2024-07-19 12:45:00+05:30,2024-07-19 12:50:00+05:30,2024-07-19 14:30:00+05:30,268.5,266.6160714285714,271.8910714285715,-1.8839,L
S907,WIPRO,2024-07-19 13:15:00+05:30,0.1302,0.0875,5,3.0,0.1145,50.0,1.2222,0,0.5026,,0,0,0,1,0,1,2024-07-19 13:15:00+05:30,2024-07-19 13:20:00+05:30,2024-07-19 14:30:00+05:30,268.85,266.8857142857143,272.3857142857144,-1.9643,L
S908,WIPRO,2024-07-19 13:25:00+05:30,0.1116,0.1349,1,1.0,0.1173,46.67,2.6364,0,0.5673,,0,0,1,1,0,1,2024-07-19 13:25:00+05:30,2024-07-19 13:30:00+05:30,2024-07-19 14:10:00+05:30,269.45,267.6910714285714,272.61607142857144,-1.7589,L
S909,WIPRO,2024-07-19 13:35:00+05:30,0.1143,0.1135,1,1.0,0.3631,46.67,0.6495,0,0.4373,,0,1,1,1,0,1,2024-07-19 13:35:00+05:30,2024-07-19 13:40:00+05:30,2024-07-19 14:10:00+05:30,269.25,267.5803571428571,272.2553571428572,-1.6696,L
S910,WIPRO,2024-07-22 10:50:00+05:30,-2.2495,-2.227,0,,0.5298,77.27,-0.4819,0,0.4522,0.0,3,0,1,0,3,4,2024-07-22 11:05:00+05:30,2024-07-22 11:10:00+05:30,2024-07-22 12:05:00+05:30,244.65,242.37321428571428,248.74821428571428,-2.2768,L
S911,WIPRO,2024-07-22 13:25:00+05:30,-0.2677,-0.3128,0,,0.8806,75.0,-0.707,0,0.2439,0.0,3,1,1,0,3,4,2024-07-22 13:40:00+05:30,2024-07-22 13:45:00+05:30,2024-07-22 15:00:00+05:30,241.7,239.7625,245.1875,0.35,EOD+
S912,WIPRO,2024-07-22 14:15:00+05:30,-0.0321,-0.1129,5,3.0,0.272,0.0,0.4706,0,0.6433,,0,0,0,1,0,1,2024-07-22 14:15:00+05:30,2024-07-22 14:20:00+05:30,2024-07-22 15:00:00+05:30,241.45,239.8875,244.2625,0.6,EOD+
S913,WIPRO,2024-07-23 10:40:00+05:30,-0.2417,-0.2945,0,,0.884,20.0,-0.819,0,0.2403,1.0,3,0,1,0,3,4,2024-07-23 10:55:00+05:30,2024-07-23 11:00:00+05:30,2024-07-23 12:15:00+05:30,239.65,238.0875,242.4625,-1.5625,L
S914,WIPRO,2024-07-23 11:15:00+05:30,-0.0365,-0.1951,2,2.0,0.5864,54.55,0.2403,0,1.1055,,0,0,0,1,0,1,2024-07-23 11:15:00+05:30,2024-07-23 11:20:00+05:30,2024-07-23 12:15:00+05:30,239.65,238.275,242.12500000000003,-1.375,L
S915,WIPRO,2024-07-23 12:35:00+05:30,-0.268,-0.1348,0,,2.1025,70.0,-0.9281,0,0.7145,0.0,3,1,1,0,3,4,2024-07-23 12:50:00+05:30,2024-07-23 12:55:00+05:30,2024-07-23 15:00:00+05:30,238.7,236.21785714285716,243.16785714285712,0.7,EOD+
S916,WIPRO,2024-07-23 13:15:00+05:30,-0.1901,-0.2046,0,,0.8951,42.86,-0.9618,0,0.7147,1.0,3,0,1,0,3,4,2024-07-23 13:30:00+05:30,2024-07-23 13:35:00+05:30,2024-07-23 15:00:00+05:30,238.0,234.34821428571428,244.57321428571427,1.4,EOD+
S917,WIPRO,2024-07-23 14:25:00+05:30,0.2408,0.3521,10,6.0,0.14,61.54,0.9231,0,0.8307,,0,0,1,1,0,1,2024-07-23 14:25:00+05:30,2024-07-23 14:30:00+05:30,2024-07-23 15:00:00+05:30,238.9,236.57857142857145,243.07857142857145,0.5,EOD+
S918,WIPRO,2024-07-24 09:45:00+05:30,0.0688,,6,5.0,0.1942,42.86,0.5094,0,0.8521,,0,1,0,1,0,1,2024-07-24 09:45:00+05:30,2024-07-24 09:50:00+05:30,2024-07-24 15:00:00+05:30,240.0,238.2946428571429,243.06964285714287,-0.5,EOD-
S919,WIPRO,2024-07-24 10:10:00+05:30,0.0885,0.0948,3,3.0,0.0615,50.0,0.1111,0,0.323,,0,0,1,1,0,1,2024-07-24 10:10:00+05:30,2024-07-24 10:15:00+05:30,2024-07-24 15:00:00+05:30,240.0,238.1696428571429,243.2946428571429,-0.5,EOD-
S920,WIPRO,2024-07-24 10:20:00+05:30,0.0822,0.0906,0,,0.0639,40.0,5.0,0,0.4325,,0,0,0,1,0,1,2024-07-24 10:20:00+05:30,2024-07-24 10:25:00+05:30,2024-07-24 15:00:00+05:30,240.4,238.44464285714287,243.9196428571429,-0.9,EOD-
S921,WIPRO,2024-07-24 10:30:00+05:30,0.0968,0.0823,0,,0.3115,92.31,-0.7531,0,0.2622,,0,0,1,1,0,1,2024-07-24 10:30:00+05:30,2024-07-24 10:35:00+05:30,2024-07-24 12:45:00+05:30,240.7,239.075,243.625,-1.625,L
S922,WIPRO,2024-07-24 10:40:00+05:30,0.1175,0.0833,1,1.0,0.1383,0.0,1.4242,0,0.2906,,0,0,0,1,0,1,2024-07-24 10:40:00+05:30,2024-07-24 10:45:00+05:30,2024-07-24 15:00:00+05:30,240.4,238.9089285714286,243.08392857142857,-0.9,EOD-
S923,WIPRO,2024-07-24 10:50:00+05:30,0.1497,0.1113,0,,0.2503,33.33,0.8519,0,0.4641,,0,1,0,1,0,1,2024-07-24 10:50:00+05:30,2024-07-24 10:55:00+05:30,2024-07-24 12:30:00+05:30,240.85,239.5017857142857,243.2767857142857,-1.3482,L
S924,WIPRO,2024-07-24 11:20:00+05:30,0.0145,0.0603,5,2.0,0.5303,68.75,-0.4,0,0.5797,0.0,3,0,1,0,3,4,2024-07-24 11:35:00+05:30,2024-07-24 11:40:00+05:30,2024-07-24 12:15:00+05:30,241.0,239.82142857142856,243.1214285714285,-1.1786,L
S925,WIPRO,2024-07-24 11:50:00+05:30,0.0675,0.0447,1,1.0,0.0766,50.0,4.3333,0,0.6063,,0,0,0,1,0,1,2024-07-24 11:50:00+05:30,2024-07-24 11:55:00+05:30,2024-07-24 12:30:00+05:30,240.9,239.67678571428573,243.1017857142857,-1.2232,L
S926,WIPRO,2024-07-24 12:00:00+05:30,0.0571,0.0602,0,,0.3396,85.71,-1.0,0,0.4282,,0,0,1,1,0,1,2024-07-24 12:00:00+05:30,2024-07-24 12:05:00+05:30,2024-07-24 12:30:00+05:30,240.8,239.60357142857143,242.95357142857145,-1.1964,L
S927,WIPRO,2024-07-25 09:45:00+05:30,-0.2379,,0,,1.7233,58.33,-0.9613,0,0.7864,1.0,3,0,1,0,3,4,2024-07-25 10:00:00+05:30,2024-07-25 10:05:00+05:30,2024-07-25 13:20:00+05:30,238.45,236.575,241.825,3.375,W
S928,WIPRO,2024-07-25 10:10:00+05:30,-0.1585,-0.1856,0,,0.2488,85.71,-1.0,0,0.456,,0,0,1,1,0,1,2024-07-25 10:10:00+05:30,2024-07-25 10:15:00+05:30,2024-07-25 13:20:00+05:30,238.25,236.0892857142857,242.1392857142857,3.8893,W
S929,WIPRO,2024-07-25 11:30:00+05:30,0.2341,0.3191,14,4.0,0.1222,14.29,0.2121,0,0.4453,,0,0,1,1,0,1,2024-07-25 11:30:00+05:30,2024-07-25 11:35:00+05:30,2024-07-25 15:00:00+05:30,239.3,237.6125,242.3375,2.3,EOD+
S930,WIPRO,2024-07-25 11:40:00+05:30,0.1431,0.2781,0,,0.7261,45.45,-0.4012,0,1.0262,,0,0,1,1,0,1,2024-07-25 11:40:00+05:30,2024-07-25 11:45:00+05:30,2024-07-25 13:20:00+05:30,239.4,237.9625,241.9875,2.5875,W
S931,WIPRO,2024-07-25 13:45:00+05:30,0.1067,0.1939,23,5.0,1.9437,5.88,0.049,0,1.8059,,0,0,0,1,0,1,2024-07-25 13:45:00+05:30,2024-07-25 13:50:00+05:30,2024-07-25 15:00:00+05:30,241.25,240.33035714285717,242.90535714285716,0.35,EOD+
S932,WIPRO,2024-07-25 13:55:00+05:30,0.0829,0.1358,0,,0.2644,0.0,0.1765,0,0.372,,0,0,1,1,0,1,2024-07-25 13:55:00+05:30,2024-07-25 14:00:00+05:30,2024-07-25 15:00:00+05:30,241.3,240.4964285714286,242.74642857142857,0.3,EOD+
S933,WIPRO,2024-07-25 14:15:00+05:30,0.0683,0.0777,2,1.0,0.3392,77.78,-0.1489,0,1.5314,1.0,1,0,0,0,1,2,2024-07-25 14:20:00+05:30,2024-07-25 14:25:00+05:30,2024-07-25 15:00:00+05:30,241.7,240.83392857142852,243.25892857142856,-0.1,EOD-
S934,WIPRO,2024-07-26 13:40:00+05:30,0.1404,0.1806,53,13.0,0.3675,75.0,-0.6825,0,3.2512,1.0,2,0,0,0,2,3,2024-07-26 13:50:00+05:30,2024-07-26 13:55:00+05:30,2024-07-26 14:25:00+05:30,250.25,249.17857142857144,252.17857142857144,1.9286,W
S935,WIPRO,2024-07-29 09:30:00+05:30,,,3,3.0,0.1368,38.89,1.7907,0,0.9928,,0,0,0,1,0,1,2024-07-29 09:30:00+05:30,2024-07-29 09:35:00+05:30,2024-07-29 15:00:00+05:30,251.75,249.7857142857143,255.28571428571428,-1.4,EOD-
S936,WIPRO,2024-07-29 11:00:00+05:30,-0.0447,0.006,0,,1.0302,46.67,-0.8291,0,0.5419,0.0,3,0,1,0,3,4,2024-07-29 11:15:00+05:30,2024-07-29 11:20:00+05:30,2024-07-29 12:50:00+05:30,251.65,250.2303571428572,254.20535714285717,-1.4196,L
S937,WIPRO,2024-07-29 13:10:00+05:30,-0.0926,-0.0727,0,,0.7408,45.45,-1.0,0,2.2306,1.0,3,0,0,0,3,4,2024-07-29 13:25:00+05:30,2024-07-29 13:30:00+05:30,2024-07-29 14:15:00+05:30,251.3,250.22857142857143,253.22857142857143,-1.0714,L
S938,WIPRO,2024-07-29 13:50:00+05:30,-0.007,-0.0698,4,2.0,0.0111,33.33,29.0,0,0.6373,,0,1,0,1,0,1,2024-07-29 13:50:00+05:30,2024-07-29 13:55:00+05:30,2024-07-29 14:20:00+05:30,251.1,249.975,253.125,-1.125,L
S939,WIPRO,2024-07-29 14:15:00+05:30,-0.0199,0.003,0,,1.9102,70.59,-0.8758,0,0.7652,0.0,3,0,0,0,3,4,2024-07-29 14:30:00+05:30,2024-07-29 14:35:00+05:30,2024-07-29 15:00:00+05:30,251.0,249.94642857142856,252.89642857142857,-0.65,EOD-
S940,WIPRO,2024-07-30 09:15:00+05:30,,,0,,3.298,17.14,-0.1738,0,0.7033,0.0,3,0,1,0,3,4,2024-07-30 09:30:00+05:30,2024-07-30 09:35:00+05:30,2024-07-30 10:05:00+05:30,250.65,249.31964285714287,253.0446428571429,-1.3304,L
S941,WIPRO,2024-07-30 10:30:00+05:30,-0.075,-0.1199,0,,0.9832,80.0,-1.0,0,0.4166,1.0,3,1,0,0,3,4,2024-07-30 10:45:00+05:30,2024-07-30 10:50:00+05:30,2024-07-30 13:25:00+05:30,250.2,249.03035714285716,252.30535714285716,-1.1696,L
S942,WIPRO,2024-07-30 11:50:00+05:30,0.1417,0.1238,12,5.0,0.1111,50.0,3.0,0,1.2297,,0,0,0,1,0,1,2024-07-30 11:50:00+05:30,2024-07-30 11:55:00+05:30,2024-07-30 13:00:00+05:30,250.75,249.625,252.775,-1.125,L
S943,WIPRO,2024-07-30 12:00:00+05:30,0.1296,0.1487,0,,0.3307,60.0,-0.3333,0,0.6348,,0,0,0,1,0,1,2024-07-30 12:00:00+05:30,2024-07-30 12:05:00+05:30,2024-07-30 12:55:00+05:30,250.8,249.66607142857143,252.84107142857144,-1.1339,L
S944,WIPRO,2024-07-30 12:10:00+05:30,0.1017,0.1386,0,,0.0952,33.33,0.1765,0,0.6604,,0,0,0,1,0,1,2024-07-30 12:10:00+05:30,2024-07-30 12:15:00+05:30,2024-07-30 12:55:00+05:30,250.8,249.68392857142857,252.8089285714286,-1.1161,L
S945,WIPRO,2024-07-30 14:00:00+05:30,-0.1953,-0.1791,0,,2.3981,62.5,-0.8378,0,0.9907,0.0,3,0,0,0,3,4,2024-07-30 14:15:00+05:30,2024-07-30 14:20:00+05:30,2024-07-30 15:00:00+05:30,249.45,248.48571428571427,251.18571428571428,0.4,EOD+
S946,WIPRO,2024-07-30 14:25:00+05:30,-0.1334,-0.1814,0,,0.4113,25.0,-0.2982,0,0.8889,,0,0,0,1,0,1,2024-07-30 14:25:00+05:30,2024-07-30 14:30:00+05:30,2024-07-30 15:00:00+05:30,249.35,248.48392857142852,250.90892857142856,0.5,EOD+
S947,WIPRO,2024-07-31 09:15:00+05:30,,,0,,0.1035,53.33,-1.0,0,0.919,,0,0,0,1,0,1,2024-07-31 09:15:00+05:30,2024-07-31 09:20:00+05:30,2024-07-31 09:30:00+05:30,250.15,248.88214285714287,252.43214285714285,-1.2679,L
S948,WIPRO,2024-07-31 09:45:00+05:30,-0.013,,0,,0.5665,50.0,-1.0,0,0.332,0.0,3,0,1,0,3,4,2024-07-31 10:00:00+05:30,2024-07-31 10:05:00+05:30,2024-07-31 15:00:00+05:30,249.75,248.2053571428572,252.53035714285716,-0.2,EOD-
S949,WIPRO,2024-07-31 12:55:00+05:30,-0.0452,-0.0813,0,,1.5622,80.0,-0.8907,0,0.9097,1.0,3,0,1,0,3,4,2024-07-31 13:10:00+05:30,2024-07-31 13:15:00+05:30,2024-07-31 15:00:00+05:30,249.25,248.51785714285717,250.56785714285715,0.3,EOD+
S950,WIPRO,2024-07-31 13:20:00+05:30,-0.0311,-0.0361,0,,0.7667,62.5,-0.7826,0,0.9663,,0,0,1,1,0,1,2024-07-31 13:20:00+05:30,2024-07-31 13:25:00+05:30,2024-07-31 15:00:00+05:30,249.15,248.4,250.5,0.4,EOD+
S951,WIPRO,2024-07-31 13:30:00+05:30,-0.0271,-0.0301,0,,0.3671,0.0,-0.0698,0,1.0901,1.0,1,0,0,0,1,2,2024-07-31 13:35:00+05:30,2024-07-31 13:40:00+05:30,2024-07-31 15:00:00+05:30,249.05,248.31785714285715,250.3678571428572,0.5,EOD+
S952,WIPRO,2024-07-31 13:45:00+05:30,-0.0201,-0.0271,0,,0.3068,33.33,0.25,0,0.3696,,0,0,1,1,0,1,2024-07-31 13:45:00+05:30,2024-07-31 13:50:00+05:30,2024-07-31 15:00:00+05:30,249.05,248.3982142857143,250.2232142857143,0.5,EOD+
S953,WIPRO,2024-07-31 13:55:00+05:30,-0.0161,-0.0251,0,,0.4569,66.67,-0.5745,0,0.5819,,0,0,0,1,0,1,2024-07-31 13:55:00+05:30,2024-07-31 14:00:00+05:30,2024-07-31 15:00:00+05:30,249.05,248.40714285714287,250.20714285714288,0.5,EOD+
S954,WIPRO,2024-08-01 09:15:00+05:30,,,0,,0.1522,65.52,5.6667,0,3.0554,,0,0,0,1,0,1,2024-08-01 09:15:00+05:30,2024-08-01 09:20:00+05:30,2024-08-01 12:40:00+05:30,250.65,249.41785714285717,252.8678571428572,-1.2321,L
S955,WIPRO,2024-08-01 10:35:00+05:30,0.1526,0.1467,15,15.0,0.0512,94.12,-1.0,0,0.5102,,0,1,0,1,0,1,2024-08-01 10:35:00+05:30,2024-08-01 10:40:00+05:30,2024-08-01 12:00:00+05:30,251.5,250.03571428571428,254.13571428571427,-1.4643,L
S956,WIPRO,2024-08-01 10:45:00+05:30,0.1495,0.1327,1,1.0,0.4575,40.0,-0.2,0,0.9034,1.0,1,1,1,0,1,2,2024-08-01 10:50:00+05:30,2024-08-01 10:55:00+05:30,2024-08-01 12:00:00+05:30,251.35,249.98392857142855,253.80892857142857,-1.3661,L
S957,WIPRO,2024-08-01 11:00:00+05:30,0.1066,0.1495,1,1.0,0.2647,37.5,0.0169,0,0.6391,,0,0,1,1,0,1,2024-08-01 11:00:00+05:30,2024-08-01 11:05:00+05:30,2024-08-01 12:25:00+05:30,250.95,249.55714285714285,253.45714285714283,-1.3929,L
S958,WIPRO,2024-08-02 10:20:00+05:30,-0.2642,-0.275,0,,1.214,46.15,-0.7177,0,0.5302,0.0,3,0,0,0,3,4,2024-08-02 10:35:00+05:30,2024-08-02 10:40:00+05:30,2024-08-02 11:55:00+05:30,246.7,244.14642857142852,251.29642857142855,-2.5536,L
S959,WIPRO,2024-08-02 11:05:00+05:30,-0.1189,-0.2895,4,1.0,0.0976,44.44,-0.1304,0,1.9251,1.0,1,0,1,0,1,2,2024-08-02 11:10:00+05:30,2024-08-02 11:15:00+05:30,2024-08-02 11:40:00+05:30,246.15,244.67678571428573,248.80178571428573,-1.4732,L
S960,WIPRO,2024-08-05 12:10:00+05:30,-0.484,-0.5773,0,,0.929,20.0,-0.6639,0,0.7383,1.0,3,0,1,0,3,4,2024-08-05 12:25:00+05:30,2024-08-05 12:30:00+05:30,2024-08-05 15:00:00+05:30,231.8,229.39821428571432,236.12321428571428,0.45,EOD+
S961,WIPRO,2024-08-05 13:10:00+05:30,-0.0715,-0.248,0,,0.9675,33.33,-0.697,0,1.5388,1.0,3,0,0,0,3,4,2024-08-05 13:25:00+05:30,2024-08-05 13:30:00+05:30,2024-08-05 15:00:00+05:30,231.7,229.99464285714285,234.76964285714283,0.55,EOD+
S962,WIPRO,2024-08-05 14:25:00+05:30,0.1017,0.0444,11,2.0,0.0565,42.86,9.7692,0,1.2245,,0,1,0,1,0,1,2024-08-05 14:25:00+05:30,2024-08-05 14:30:00+05:30,2024-08-05 15:00:00+05:30,231.6,230.1625,234.1875,0.65,EOD+
S963,WIPRO,2024-08-06 10:35:00+05:30,0.5271,0.5925,16,7.0,0.2506,13.33,1.268,0,0.8117,,0,0,0,1,0,1,2024-08-06 10:35:00+05:30,2024-08-06 10:40:00+05:30,2024-08-06 14:15:00+05:30,236.4,233.98035714285717,240.75535714285715,-2.4196,L
S964,WIPRO,2024-08-06 10:45:00+05:30,0.4976,0.5393,0,,0.5735,60.0,-0.8122,0,1.028,1.0,2,0,0,0,2,3,2024-08-06 10:55:00+05:30,2024-08-06 11:00:00+05:30,2024-08-06 13:15:00+05:30,236.95,234.62857142857143,241.1285714285714,-2.3214,L
S965,WIPRO,2024-08-06 13:40:00+05:30,-0.151,-0.1392,0,,1.5885,33.33,-0.8305,0,1.4517,1.0,3,0,0,0,3,4,2024-08-06 13:55:00+05:30,2024-08-06 14:00:00+05:30,2024-08-06 14:45:00+05:30,235.15,233.75714285714284,237.65714285714287,-1.3929,L
S966,WIPRO,2024-08-06 14:10:00+05:30,-0.0926,-0.1607,0,,1.1216,30.0,-0.562,0,1.0783,1.0,3,1,0,0,3,4,2024-08-06 14:25:00+05:30,2024-08-06 14:30:00+05:30,2024-08-06 15:00:00+05:30,234.9,233.37321428571428,237.64821428571432,-0.65,EOD-
S967,WIPRO,2024-08-07 10:50:00+05:30,0.3894,0.3565,19,19.0,0.2968,80.0,-0.403,0,0.2651,1.0,1,0,1,0,1,2,2024-08-07 10:55:00+05:30,2024-08-07 11:00:00+05:30,2024-08-07 13:20:00+05:30,237.6,236.1892857142857,240.1392857142857,-1.4107,L
S968,WIPRO,2024-08-07 11:25:00+05:30,-0.0622,-0.0158,0,,0.9644,12.5,-0.7849,0,0.6225,1.0,3,1,0,0,3,4,2024-08-07 11:40:00+05:30,2024-08-07 11:45:00+05:30,2024-08-07 13:20:00+05:30,237.45,236.24464285714285,239.61964285714285,-1.2054,L
S969,WIPRO,2024-08-07 12:00:00+05:30,0.0021,0.0,0,,0.8355,85.71,-1.0,0,1.0275,1.0,3,0,1,0,3,4,2024-08-07 12:15:00+05:30,2024-08-07 12:20:00+05:30,2024-08-07 13:20:00+05:30,237.3,236.19285714285715,239.2928571428572,-1.1071,L
S970,WIPRO,2024-08-07 13:40:00+05:30,-0.1384,-0.0887,0,,2.0882,0.0,-0.8873,0,1.1605,1.0,3,0,1,0,3,4,2024-08-07 13:55:00+05:30,2024-08-07 14:00:00+05:30,2024-08-07 15:00:00+05:30,236.55,235.4875,238.4625,0.7,EOD+
S971,WIPRO,2024-08-07 14:05:00+05:30,-0.0856,-0.1088,1,1.0,0.2034,71.43,0.1765,0,0.6112,,0,0,1,1,0,1,2024-08-07 14:05:00+05:30,2024-08-07 14:10:00+05:30,2024-08-07 15:00:00+05:30,236.5,235.45535714285717,238.38035714285712,0.75,EOD+
S972,WIPRO,2024-08-07 14:15:00+05:30,-0.0719,-0.0846,0,,0.196,66.67,0.7143,0,1.2426,,0,0,0,1,0,1,2024-08-07 14:15:00+05:30,2024-08-07 14:20:00+05:30,2024-08-07 15:00:00+05:30,236.9,235.7839285714286,238.90892857142856,0.35,EOD+
S973,WIPRO,2024-08-08 11:55:00+05:30,-0.1546,-0.1715,0,,1.625,33.33,-0.8769,0,1.6564,1.0,3,0,0,0,3,4,2024-08-08 12:10:00+05:30,2024-08-08 12:15:00+05:30,2024-08-08 13:00:00+05:30,235.05,233.8,237.3,-1.25,L
S974,WIPRO,2024-08-08 13:55:00+05:30,-0.0994,-0.0427,0,,1.5,75.0,-0.9259,0,3.2528,1.0,3,0,0,0,3,4,2024-08-08 14:10:00+05:30,2024-08-08 14:15:00+05:30,2024-08-08 14:25:00+05:30,233.8,232.675,235.825,-1.125,L
S975,WIPRO,2024-08-09 11:25:00+05:30,-0.1875,-0.1309,0,,0.8948,75.0,-1.0,0,0.5653,1.0,3,0,1,0,3,4,2024-08-09 11:40:00+05:30,2024-08-09 11:45:00+05:30,2024-08-09 15:00:00+05:30,234.75,233.72321428571428,236.5982142857143,0.2,EOD+
S976,WIPRO,2024-08-09 11:50:00+05:30,-0.0575,-0.1556,1,1.0,0.091,16.67,6.6923,0,0.5634,,0,0,1,1,0,1,2024-08-09 11:50:00+05:30,2024-08-09 11:55:00+05:30,2024-08-09 15:00:00+05:30,234.85,233.95714285714288,236.45714285714288,0.1,EOD+
S977,WIPRO,2024-08-09 12:00:00+05:30,-0.0213,-0.0821,0,,0.2218,63.64,0.25,0,0.7235,,0,0,1,1,0,1,2024-08-09 12:00:00+05:30,2024-08-09 12:05:00+05:30,2024-08-09 15:00:00+05:30,234.6,233.69821428571427,236.22321428571428,0.35,EOD+
S978,WIPRO,2024-08-09 12:10:00+05:30,-0.0011,-0.0373,0,,0.28,0.0,0.5789,0,0.7978,,0,0,0,1,0,1,2024-08-09 12:10:00+05:30,2024-08-09 12:15:00+05:30,2024-08-09 15:00:00+05:30,234.65,233.80178571428573,236.17678571428573,0.3,EOD+
S979,WIPRO,2024-08-09 12:20:00+05:30,0.0139,-0.0064,0,,0.6206,28.57,-0.5349,0,0.6964,0.0,3,0,0,0,3,4,2024-08-09 12:35:00+05:30,2024-08-09 12:40:00+05:30,2024-08-09 15:00:00+05:30,234.55,233.68392857142857,236.10892857142855,0.4,EOD+
S980,WIPRO,2024-08-09 13:00:00+05:30,-0.0203,-0.0128,0,,1.3846,20.0,-0.7778,0,1.6165,1.0,3,0,0,0,3,4,2024-08-09 13:15:00+05:30,2024-08-09 13:20:00+05:30,2024-08-09 15:00:00+05:30,234.45,233.6375,235.9125,0.5,EOD+
S981,WIPRO,2024-08-09 13:25:00+05:30,-0.0181,-0.0298,0,,0.0244,16.67,12.3333,0,1.4294,,0,1,0,1,0,1,2024-08-09 13:25:00+05:30,2024-08-09 13:30:00+05:30,2024-08-09 15:00:00+05:30,234.75,233.9821428571429,236.13214285714287,0.2,EOD+
S982,WIPRO,2024-08-09 13:35:00+05:30,-0.0192,-0.0171,0,,0.3818,33.33,-0.1667,0,1.503,1.0,2,0,0,0,2,3,2024-08-09 13:45:00+05:30,2024-08-09 13:50:00+05:30,2024-08-09 15:00:00+05:30,234.65,233.8642857142857,236.06428571428572,0.3,EOD+
S983,WIPRO,2024-08-12 10:25:00+05:30,-0.1313,-0.1291,0,,1.3194,66.67,-0.8071,0,0.9239,1.0,3,0,0,0,3,4,2024-08-12 10:40:00+05:30,2024-08-12 10:45:00+05:30,2024-08-12 15:00:00+05:30,234.05,232.5767857142857,236.70178571428576,-0.55,EOD-
S984,WIPRO,2024-08-12 10:50:00+05:30,-0.1112,-0.125,0,,0.7196,12.5,-0.3197,0,0.6027,0.0,1,0,1,0,1,2,2024-08-12 10:55:00+05:30,2024-08-12 11:00:00+05:30,2024-08-12 15:00:00+05:30,234.2,232.92321428571427,236.49821428571428,-0.7,EOD-
S985,WIPRO,2024-08-12 11:50:00+05:30,0.1376,0.1451,10,6.0,0.2059,62.5,0.5,0,0.5466,,0,1,0,1,0,1,2024-08-12 11:50:00+05:30,2024-08-12 11:55:00+05:30,2024-08-12 15:00:00+05:30,234.55,233.3357142857143,236.73571428571432,-1.2143,L
S986,WIPRO,2024-08-12 12:25:00+05:30,0.1458,0.1193,5,2.0,0.3176,58.33,0.4815,0,0.6978,,0,0,0,1,0,1,2024-08-12 12:25:00+05:30,2024-08-12 12:30:00+05:30,2024-08-12 14:50:00+05:30,234.9,233.8375,236.8125,-1.0625,L
S987,WIPRO,2024-08-12 12:35:00+05:30,0.1277,0.1395,0,,0.3291,50.0,-0.2727,0,0.58,,0,0,1,1,0,1,2024-08-12 12:35:00+05:30,2024-08-12 12:40:00+05:30,2024-08-12 14:20:00+05:30,235.15,234.10535714285717,237.0303571428572,-1.0446,L
S988,WIPRO,2024-08-12 12:45:00+05:30,0.1053,0.1415,1,1.0,0.3111,28.57,1.0833,0,0.959,,0,0,0,1,0,1,2024-08-12 12:45:00+05:30,2024-08-12 12:50:00+05:30,2024-08-12 14:20:00+05:30,235.2,234.23571428571427,236.93571428571428,-0.9643,L
S989,WIPRO,2024-08-12 12:55:00+05:30,0.0447,0.1202,0,,1.0027,70.0,-0.6226,0,1.7051,1.0,1,0,0,0,1,2,2024-08-12 13:00:00+05:30,2024-08-12 13:05:00+05:30,2024-08-12 14:20:00+05:30,235.2,234.20892857142852,236.98392857142855,-0.9911,L
S990,WIPRO,2024-08-12 13:10:00+05:30,-0.0255,0.0447,0,,0.1474,37.5,1.5,0,0.4592,,0,0,1,1,0,1,2024-08-12 13:10:00+05:30,2024-08-12 13:15:00+05:30,2024-08-12 14:20:00+05:30,235.1,234.08214285714283,236.93214285714288,-1.0179,L
S991,WIPRO,2024-08-12 13:20:00+05:30,-0.0021,-0.0074,0,,0.2292,42.86,1.1622,0,0.7478,,0,0,1,1,0,1,2024-08-12 13:20:00+05:30,2024-08-12 13:25:00+05:30,2024-08-12 14:20:00+05:30,235.2,234.1910714285714,237.01607142857145,-1.0089,L
S992,WIPRO,2024-08-12 13:45:00+05:30,0.0638,0.0404,4,4.0,0.124,20.0,1.3529,0,0.7575,,0,0,1,1,0,1,2024-08-12 13:45:00+05:30,2024-08-12 13:50:00+05:30,2024-08-12 14:20:00+05:30,235.3,234.44285714285712,236.8428571428572,-0.8571,L
S993,WIPRO,2024-08-13 09:15:00+05:30,,,0,,2.7321,19.05,-0.5029,0,1.303,0.0,3,0,0,0,3,4,2024-08-13 09:30:00+05:30,2024-08-13 09:35:00+05:30,2024-08-13 15:00:00+05:30,234.1,232.9035714285714,236.25357142857143,0.05,EOD+
S994,WIPRO,2024-08-13 09:40:00+05:30,-0.1411,,0,,0.7168,33.33,-0.7661,0,0.5775,1.0,1,0,0,0,1,2,2024-08-13 09:45:00+05:30,2024-08-13 09:50:00+05:30,2024-08-13 15:00:00+05:30,234.1,232.60892857142855,236.78392857142856,0.05,EOD+
S995,WIPRO,2024-08-13 09:55:00+05:30,-0.0791,-0.1411,0,,0.7043,66.67,-0.6364,0,0.3863,,0,0,1,1,0,1,2024-08-13 09:55:00+05:30,2024-08-13 10:00:00+05:30,2024-08-13 15:00:00+05:30,233.8,232.3357142857143,236.43571428571428,0.35,EOD+
S996,WIPRO,2024-08-13 11:35:00+05:30,0.131,0.1386,18,9.0,0.1197,50.0,3.0,0,0.6135,,0,0,0,1,0,1,2024-08-13 11:35:00+05:30,2024-08-13 11:40:00+05:30,2024-08-13 14:00:00+05:30,234.85,233.80535714285716,236.73035714285717,-1.0446,L
S997,WIPRO,2024-08-13 11:45:00+05:30,0.1097,0.131,0,,0.8207,25.0,-0.1176,0,0.6407,,0,0,1,1,0,1,2024-08-13 11:45:00+05:30,2024-08-13 11:50:00+05:30,2024-08-13 13:55:00+05:30,234.9,233.8642857142857,236.76428571428573,-1.0357,L
S998,WIPRO,2024-08-13 12:00:00+05:30,0.066,0.1097,1,1.0,0.1387,44.44,0.8182,0,0.5436,,0,0,1,1,0,1,2024-08-13 12:00:00+05:30,2024-08-13 12:05:00+05:30,2024-08-13 13:55:00+05:30,234.9,233.9089285714286,236.68392857142857,-0.9911,L
S999,WIPRO,2024-08-13 12:10:00+05:30,0.0532,0.0767,0,,0.6625,33.33,-0.6226,0,0.8481,1.0,3,0,1,0,3,4,2024-08-13 12:25:00+05:30,2024-08-13 12:30:00+05:30,2024-08-13 13:55:00+05:30,234.95,233.95,236.75,-1.0,L
S1000,WIPRO,2024-08-13 13:10:00+05:30,-0.0426,-0.0128,0,,0.6288,50.0,-0.6226,0,0.8806,0.0,3,0,1,0,3,4,2024-08-13 13:25:00+05:30,2024-08-13 13:30:00+05:30,2024-08-13 14:00:00+05:30,234.75,233.69642857142856,236.64642857142852,-1.0536,L
S1001,WIPRO,2024-08-13 13:35:00+05:30,-0.0138,-0.0277,0,,0.3118,37.5,0.8868,0,1.515,,0,0,0,1,0,1,2024-08-13 13:35:00+05:30,2024-08-13 13:40:00+05:30,2024-08-13 14:00:00+05:30,234.9,233.8375,236.8125,-1.0625,L
S1002,WIPRO,2024-08-13 14:10:00+05:30,-0.1088,-0.0586,0,,2.465,53.85,-0.8544,0,1.158,0.0,3,1,1,0,3,4,2024-08-13 14:25:00+05:30,2024-08-13 14:30:00+05:30,2024-08-13 15:00:00+05:30,234.6,233.55535714285716,236.48035714285717,-0.45,EOD-
S1003,WIPRO,2024-08-14 12:00:00+05:30,-0.1052,-0.035,0,,1.4509,14.29,-0.8246,0,5.7523,1.0,3,0,0,0,3,4,2024-08-14 12:15:00+05:30,2024-08-14 12:20:00+05:30,2024-08-14 15:00:00+05:30,235.7,234.71785714285716,237.46785714285716,0.4,EOD+
S1004,WIPRO,2024-08-14 12:35:00+05:30,0.034,-0.0648,3,3.0,0.7224,43.48,0.6149,0,4.8055,,0,0,0,1,0,1,2024-08-14 12:35:00+05:30,2024-08-14 12:40:00+05:30,2024-08-14 15:00:00+05:30,235.5,234.1071428571429,238.00714285714284,0.6,EOD+
S1005,WIPRO,2024-08-14 12:45:00+05:30,0.0287,0.0096,0,,0.0185,50.0,4.0,0,0.2697,,0,0,1,1,0,1,2024-08-14 12:45:00+05:30,2024-08-14 12:50:00+05:30,2024-08-14 15:00:00+05:30,235.3,233.95178571428573,237.7267857142857,0.8,EOD+
S1006,WIPRO,2024-08-14 13:25:00+05:30,0.0446,0.0669,0,,0.9876,33.33,-0.6703,0,0.5361,1.0,3,0,0,0,3,4,2024-08-14 13:40:00+05:30,2024-08-14 13:45:00+05:30,2024-08-14 15:00:00+05:30,235.85,234.69821428571427,237.92321428571427,0.25,EOD+
S1007,WIPRO,2024-08-14 13:55:00+05:30,0.0753,0.0594,1,1.0,0.6574,37.5,-0.0741,0,0.4982,0.0,1,0,1,0,1,2,2024-08-14 14:00:00+05:30,2024-08-14 14:05:00+05:30,2024-08-14 15:00:00+05:30,235.8,234.7732142857143,237.6482142857143,0.3,EOD+
S1008,WIPRO,2024-08-14 14:15:00+05:30,0.0042,0.0583,1,1.0,0.2221,33.33,0.8182,0,0.7008,,0,1,1,1,0,1,2024-08-14 14:15:00+05:30,2024-08-14 14:20:00+05:30,2024-08-14 15:00:00+05:30,235.9,234.97142857142856,237.57142857142856,0.2,EOD+
S1009,WIPRO,2024-08-14 14:25:00+05:30,0.0361,0.0202,1,1.0,0.375,40.0,1.0,0,1.9962,,0,0,0,1,0,1,2024-08-14 14:25:00+05:30,2024-08-14 14:30:00+05:30,2024-08-14 15:00:00+05:30,235.9,234.9,237.7,0.2,EOD+
S1010,WIPRO,2024-08-16 11:30:00+05:30,0.1615,0.2831,27,15.0,0.15,57.14,-0.1667,0,1.3932,1.0,2,0,0,0,2,3,2024-08-16 11:40:00+05:30,2024-08-16 11:45:00+05:30,2024-08-16 12:45:00+05:30,243.25,242.25000000000003,245.05,1.8,W
S1011,WIPRO,2024-08-16 14:20:00+05:30,0.1528,0.1478,31,1.0,0.0186,0.0,52.3333,0,0.6737,,0,0,0,1,0,1,2024-08-16 14:20:00+05:30,2024-08-16 14:25:00+05:30,2024-08-16 15:00:00+05:30,245.85,244.8410714285714,247.66607142857143,-0.1,EOD-
S1012,WIPRO,2024-08-19 09:15:00+05:30,,,0,,0.8957,9.76,1.1359,0,1.4256,,0,0,0,1,0,1,2024-08-19 09:15:00+05:30,2024-08-19 09:20:00+05:30,2024-08-19 10:35:00+05:30,246.8,245.3625,249.3875,2.5875,W
S1013,WIPRO,2024-08-19 11:00:00+05:30,0.2643,0.2436,20,3.0,0.2266,73.68,0.7857,0,0.5531,,0,0,1,1,0,1,2024-08-19 11:00:00+05:30,2024-08-19 11:05:00+05:30,2024-08-19 15:00:00+05:30,248.85,247.30535714285716,251.63035714285712,-0.1,EOD-
S1014,WIPRO,2024-08-19 11:40:00+05:30,0.0151,0.0131,0,,0.8918,62.5,-0.8925,0,0.4866,0.0,3,0,1,0,3,4,2024-08-19 11:55:00+05:30,2024-08-19 12:00:00+05:30,2024-08-19 15:00:00+05:30,248.85,247.54642857142855,251.19642857142856,-0.1,EOD-
S1015,WIPRO,2024-08-19 12:20:00+05:30,-0.0302,0.008,0,,1.02,25.0,-0.8693,0,0.6072,1.0,3,1,0,0,3,4,2024-08-19 12:35:00+05:30,2024-08-19 12:40:00+05:30,2024-08-19 15:00:00+05:30,248.75,247.8125,250.43750000000003,0.0,EOD-
S1016,WIPRO,2024-08-19 12:50:00+05:30,-0.0282,-0.1046,2,1.0,0.1094,25.0,4.3333,0,1.3899,,0,0,0,1,0,1,2024-08-19 12:50:00+05:30,2024-08-19 12:55:00+05:30,2024-08-19 15:00:00+05:30,248.75,247.89285714285717,250.2928571428572,0.0,EOD-
S1017,WIPRO,2024-08-19 13:35:00+05:30,-0.005,0.0121,0,,1.1908,77.78,-1.0,0,0.751,0.0,3,1,1,0,3,4,2024-08-19 13:50:00+05:30,2024-08-19 13:55:00+05:30,2024-08-19 15:00:00+05:30,248.65,247.8732142857143,250.04821428571427,0.1,EOD+
S1018,WIPRO,2024-08-19 14:00:00+05:30,0.001,-0.0261,0,,0.0692,80.0,1.2222,0,1.101,,0,0,0,1,0,1,2024-08-19 14:00:00+05:30,2024-08-19 14:05:00+05:30,2024-08-19 15:00:00+05:30,248.85,248.0375,250.3125,-0.1,EOD-
S1019,WIPRO,2024-08-19 14:10:00+05:30,0.0332,-0.0191,0,,0.3281,50.0,0.7778,0,1.6969,,0,0,0,1,0,1,2024-08-19 14:10:00+05:30,2024-08-19 14:15:00+05:30,2024-08-19 15:00:00+05:30,248.95,248.09285714285716,250.4928571428571,-0.2,EOD-
S1020,WIPRO,2024-08-19 14:30:00+05:30,0.0211,0.0362,3,3.0,0.1155,40.0,2.75,0,1.317,,0,0,0,1,0,1,2024-08-19 14:30:00+05:30,2024-08-19 14:35:00+05:30,2024-08-19 15:00:00+05:30,248.9,248.0339285714286,250.45892857142857,-0.15,EOD-
S1021,WIPRO,2024-08-20 09:15:00+05:30,,,0,,0.9983,87.18,-0.6341,0,3.681,,0,0,0,1,0,1,2024-08-20 09:15:00+05:30,2024-08-20 09:20:00+05:30,2024-08-20 09:30:00+05:30,250.15,249.12321428571428,251.9982142857143,1.8482,W
S1022,WIPRO,2024-08-20 12:50:00+05:30,-0.125,-0.167,0,,0.8024,16.67,-0.7163,0,0.7654,1.0,3,0,1,0,3,4,2024-08-20 13:05:00+05:30,2024-08-20 13:10:00+05:30,2024-08-20 15:00:00+05:30,249.9,248.80178571428573,251.8767857142857,0.25,EOD+
S1023,WIPRO,2024-08-20 13:15:00+05:30,-0.046,-0.075,0,,0.0833,33.33,1.6667,0,1.0737,,0,0,0,1,0,1,2024-08-20 13:15:00+05:30,2024-08-20 13:20:00+05:30,2024-08-20 15:00:00+05:30,249.85,248.725,251.875,0.3,EOD+
S1024,WIPRO,2024-08-20 13:25:00+05:30,-0.0601,-0.052,0,,0.5692,50.0,-0.7701,0,0.8483,1.0,1,1,0,0,1,2,2024-08-20 13:30:00+05:30,2024-08-20 13:35:00+05:30,2024-08-20 15:00:00+05:30,249.85,248.89464285714288,251.56964285714284,0.3,EOD+
S1025,WIPRO,2024-08-20 13:40:00+05:30,-0.0541,-0.0601,0,,0.54,28.57,-0.0123,0,0.9706,,0,0,1,1,0,1,2024-08-20 13:40:00+05:30,2024-08-20 13:45:00+05:30,2024-08-20 15:00:00+05:30,249.75,248.8125,251.4375,0.4,EOD+
S1026,WIPRO,2024-08-20 14:20:00+05:30,0.08,0.037,7,6.0,0.1114,66.67,1.8571,0,1.462,,0,0,0,1,0,1,2024-08-20 14:20:00+05:30,2024-08-20 14:25:00+05:30,2024-08-20 15:00:00+05:30,250.15,249.3642857142857,251.56428571428572,0.0,EOD-
S1027,WIPRO,2024-08-20 14:30:00+05:30,0.069,0.059,1,1.0,0.0598,50.0,1.8571,0,0.6972,,0,0,1,1,0,1,2024-08-20 14:30:00+05:30,2024-08-20 14:35:00+05:30,2024-08-20 15:00:00+05:30,249.95,249.21785714285716,251.26785714285717,0.2,EOD+
S1028,WIPRO,2024-08-21 09:15:00+05:30,,,0,,2.6677,12.12,-0.1322,0,1.7466,,0,0,0,1,0,1,2024-08-21 09:15:00+05:30,2024-08-21 09:20:00+05:30,2024-08-21 12:45:00+05:30,250.35,249.2160714285714,252.39107142857145,-1.1339,L
S1029,WIPRO,2024-08-21 09:25:00+05:30,,,0,,1.2709,91.67,-1.0,0,0.4943,0.0,1,0,1,0,1,2,2024-08-21 09:30:00+05:30,2024-08-21 09:35:00+05:30,2024-08-21 12:50:00+05:30,250.35,249.0910714285714,252.61607142857144,-1.2589,L
S1030,WIPRO,2024-08-21 09:40:00+05:30,0.007,,0,,0.2112,0.0,0.1765,0,0.3184,,0,0,1,1,0,1,2024-08-21 09:40:00+05:30,2024-08-21 09:45:00+05:30,2024-08-21 15:00:00+05:30,250.25,248.74107142857144,252.96607142857144,0.55,EOD+
S1031,WIPRO,2024-08-21 10:05:00+05:30,0.0798,0.0439,3,3.0,0.124,0.0,3.5161,0,0.2579,,0,0,1,1,0,1,2024-08-21 10:05:00+05:30,2024-08-21 10:10:00+05:30,2024-08-21 12:45:00+05:30,250.8,249.2375,253.6125,-1.5625,L
S1032,WIPRO,2024-08-21 10:15:00+05:30,0.0639,0.0709,0,,0.4412,85.71,-0.8077,0,0.3547,1.0,1,0,0,0,1,2,2024-08-21 10:20:00+05:30,2024-08-21 10:25:00+05:30,2024-08-21 12:40:00+05:30,250.8,249.32678571428573,253.45178571428573,-1.4732,L
S1033,WIPRO,2024-08-21 10:30:00+05:30,0.02,0.0639,1,1.0,0.2644,25.0,-0.2157,0,0.406,1.0,3,0,0,0,3,4,2024-08-21 10:45:00+05:30,2024-08-21 10:50:00+05:30,2024-08-21 12:40:00+05:30,250.65,249.44464285714287,252.81964285714287,-1.2054,L
S1034,WIPRO,2024-08-21 10:55:00+05:30,-0.023,-0.01,0,,0.4533,0.0,0.1765,0,0.5079,,0,0,1,1,0,1,2024-08-21 10:55:00+05:30,2024-08-21 11:00:00+05:30,2024-08-21 12:20:00+05:30,250.45,249.5125,252.1375,-0.9375,L
S1035,WIPRO,2024-08-21 11:20:00+05:30,0.007,0.013,0,,1.6127,100.0,-1.0,0,0.4802,0.0,3,0,1,0,3,4,2024-08-21 11:35:00+05:30,2024-08-21 11:40:00+05:30,2024-08-21 12:10:00+05:30,250.55,249.63928571428573,252.18928571428572,-0.9107,L
S1036,WIPRO,2024-08-21 13:10:00+05:30,-0.0921,-0.1131,0,,1.3267,0.0,-0.6319,0,1.2663,1.0,3,1,0,0,3,4,2024-08-21 13:25:00+05:30,2024-08-21 13:30:00+05:30,2024-08-21 14:55:00+05:30,249.75,248.9821428571429,251.13214285714284,1.3821,W
S1037,WIPRO,2024-08-21 13:35:00+05:30,-0.0782,-0.0901,0,,0.523,25.0,-0.0769,0,0.6449,,0,0,0,1,0,1,2024-08-21 13:35:00+05:30,2024-08-21 13:40:00+05:30,2024-08-21 14:55:00+05:30,249.55,248.7732142857143,250.9482142857143,1.3982,W
S1038,WIPRO,2024-08-21 13:45:00+05:30,-0.0561,-0.0892,0,,0.7,42.86,-0.2857,0,1.5016,1.0,3,0,0,0,3,4,2024-08-21 14:00:00+05:30,2024-08-21 14:05:00+05:30,2024-08-21 14:50:00+05:30,249.55,248.8,250.9,1.35,W
S1039,WIPRO,2024-08-22 13:50:00+05:30,-0.114,-0.116,0,,1.5585,57.14,-1.0,0,1.05,1.0,3,0,0,0,3,4,2024-08-22 14:05:00+05:30,2024-08-22 14:10:00+05:30,2024-08-22 14:25:00+05:30,249.95,249.00357142857143,251.6535714285714,-0.9464,L
S1040,WIPRO,2024-08-23 10:30:00+05:30,-0.2283,-0.2503,0,,1.1934,0.0,-0.6466,0,1.0576,1.0,3,0,0,0,3,4,2024-08-23 10:45:00+05:30,2024-08-23 10:50:00+05:30,2024-08-23 11:00:00+05:30,246.15,244.66785714285717,248.81785714285715,-1.4821,L
S1041,WIPRO,2024-08-23 11:00:00+05:30,-0.1973,-0.2072,0,,2.6262,46.15,-0.5841,0,0.3639,0.0,3,0,1,0,3,4,2024-08-23 11:15:00+05:30,2024-08-23 11:20:00+05:30,2024-08-23 14:50:00+05:30,245.75,244.49107142857144,248.01607142857145,-1.2589,L
S1042,WIPRO,2024-08-23 11:55:00+05:30,0.0823,0.0945,6,3.0,0.0824,37.5,2.3333,0,0.4322,,0,1,0,1,0,1,2024-08-23 11:55:00+05:30,2024-08-23 12:00:00+05:30,2024-08-23 12:55:00+05:30,246.55,245.18392857142857,249.00892857142856,-1.3661,L
S1043,WIPRO,2024-08-26 10:35:00+05:30,0.4887,0.5464,16,9.0,0.1034,12.5,2.8462,0,0.3294,,0,0,1,1,0,1,2024-08-26 10:35:00+05:30,2024-08-26 10:40:00+05:30,2024-08-26 15:00:00+05:30,249.3,247.72857142857143,252.12857142857143,-0.45,EOD-
S1044,WIPRO,2024-08-26 10:45:00+05:30,0.4588,0.5113,0,,0.3618,11.11,0.087,0,0.9011,,0,0,0,1,0,1,2024-08-26 10:45:00+05:30,2024-08-26 10:50:00+05:30,2024-08-26 15:00:00+05:30,249.55,247.9607142857143,252.41071428571428,-0.7,EOD-
S1045,WIPRO,2024-08-26 12:00:00+05:30,-0.0792,-0.0902,0,,0.6929,0.0,-0.5918,0,0.416,0.0,3,0,0,0,3,4,2024-08-26 12:15:00+05:30,2024-08-26 12:20:00+05:30,2024-08-26 15:00:00+05:30,249.45,248.5660714285714,251.04107142857143,-0.8839,L
S1046,WIPRO,2024-08-26 12:25:00+05:30,-0.012,-0.0581,0,,0.5191,12.5,-0.0909,0,3.3066,,0,0,0,1,0,1,2024-08-26 12:25:00+05:30,2024-08-26 12:30:00+05:30,2024-08-26 14:25:00+05:30,249.45,248.65535714285716,250.88035714285712,-0.7946,L
S1047,WIPRO,2024-08-26 12:35:00+05:30,0.0,-0.019,1,1.0,0.2309,42.86,1.5,0,3.4372,,0,0,0,1,0,1,2024-08-26 12:35:00+05:30,2024-08-26 12:40:00+05:30,2024-08-26 14:25:00+05:30,249.55,248.6839285714286,251.10892857142855,-0.8661,L
S1048,WIPRO,2024-08-26 13:05:00+05:30,0.0341,0.0351,5,4.0,0.4875,66.67,-0.4872,0,1.3613,1.0,1,0,0,0,1,2,2024-08-26 13:10:00+05:30,2024-08-26 13:15:00+05:30,2024-08-26 14:25:00+05:30,249.75,248.75,251.55,-1.0,L
S1049,WIPRO,2024-08-26 13:20:00+05:30,0.024,0.0341,0,,0.0882,66.67,1.6667,0,0.4786,,0,0,1,1,0,1,2024-08-26 13:20:00+05:30,2024-08-26 13:25:00+05:30,2024-08-26 14:25:00+05:30,249.75,248.6875,251.6625,-1.0625,L
S1050,WIPRO,2024-08-26 13:35:00+05:30,0.0451,0.024,2,1.0,0.5235,40.0,0.3483,0,1.2325,,0,0,0,1,0,1,2024-08-26 13:35:00+05:30,2024-08-26 13:40:00+05:30,2024-08-26 15:00:00+05:30,249.7,248.6375,251.6125,-1.0625,L
S1051,WIPRO,2024-08-26 13:45:00+05:30,0.0501,0.0421,0,,0.6682,62.5,-0.4286,0,0.7336,,0,0,0,1,0,1,2024-08-26 13:45:00+05:30,2024-08-26 13:50:00+05:30,2024-08-26 14:25:00+05:30,249.85,248.86785714285716,251.61785714285716,-0.9821,L
S1052,WIPRO,2024-08-27 09:15:00+05:30,,,0,,2.2267,23.08,-0.458,0,1.3166,1.0,1,0,0,0,1,2,2024-08-27 09:20:00+05:30,2024-08-27 09:25:00+05:30,2024-08-27 09:30:00+05:30,249.9,248.8642857142857,251.76428571428573,-1.0357,L
S1053,WIPRO,2024-08-27 09:30:00+05:30,,,0,,0.7238,18.18,-0.0789,0,0.2767,0.0,1,0,1,0,1,2,2024-08-27 09:35:00+05:30,2024-08-27 09:40:00+05:30,2024-08-27 10:25:00+05:30,248.95,247.6375,251.3125,-1.3125,L
S1054,WIPRO,2024-08-27 10:40:00+05:30,-0.0604,-0.1147,0,,0.9756,0.0,-0.548,0,2.4114,1.0,3,0,0,0,3,4,2024-08-27 10:55:00+05:30,2024-08-27 11:00:00+05:30,2024-08-27 11:35:00+05:30,248.55,247.41607142857143,250.5910714285714,-1.1339,L
S1055,WIPRO,2024-08-27 12:00:00+05:30,-0.0333,-0.0706,0,,1.4,0.0,-0.6639,0,2.3298,1.0,3,0,0,0,3,4,2024-08-27 12:15:00+05:30,2024-08-27 12:20:00+05:30,2024-08-27 15:00:00+05:30,247.85,246.7875,249.7625,-0.7,EOD-
S1056,WIPRO,2024-08-27 13:15:00+05:30,-0.0535,-0.0454,0,,0.8687,80.0,-0.8058,0,0.8953,1.0,3,0,1,0,3,4,2024-08-27 13:30:00+05:30,2024-08-27 13:35:00+05:30,2024-08-27 15:00:00+05:30,247.55,246.8089285714286,248.88392857142856,-0.4,EOD-
S1057,WIPRO,2024-08-28 09:35:00+05:30,,,4,4.0,0.097,10.0,2.4783,0,0.6257,,0,0,1,1,0,1,2024-08-28 09:35:00+05:30,2024-08-28 09:40:00+05:30,2024-08-28 10:20:00+05:30,247.65,246.16785714285717,250.31785714285715,2.6679,W
S1058,WIPRO,2024-08-28 12:10:00+05:30,0.5578,0.7223,30,3.0,0.195,80.0,0.4286,0,0.8043,,0,0,0,1,0,1,2024-08-28 12:10:00+05:30,2024-08-28 12:15:00+05:30,2024-08-28 15:00:00+05:30,255.05,253.25535714285715,258.2803571428572,0.95,EOD+
S1059,WIPRO,2024-08-28 12:30:00+05:30,0.143,0.4273,2,2.0,0.1444,75.0,-1.0,0,0.5366,1.0,1,0,0,0,1,2,2024-08-28 12:35:00+05:30,2024-08-28 12:40:00+05:30,2024-08-28 15:00:00+05:30,256.0,254.3125,259.0375,0.0,EOD-
S1060,WIPRO,2024-08-28 13:05:00+05:30,0.171,0.134,5,2.0,0.2458,22.22,1.0339,0,0.4827,,0,0,1,1,0,1,2024-08-28 13:05:00+05:30,2024-08-28 13:10:00+05:30,2024-08-28 15:00:00+05:30,256.1,254.6,258.80000000000007,-0.1,EOD-
S1061,WIPRO,2024-08-28 14:10:00+05:30,0.0946,0.0683,0,,1.943,61.54,-0.798,0,0.7891,0.0,3,1,1,0,3,4,2024-08-28 14:25:00+05:30,2024-08-28 14:30:00+05:30,2024-08-28 15:00:00+05:30,256.4,255.44464285714284,258.1196428571428,-0.9554,L
S1062,WIPRO,2024-08-29 09:15:00+05:30,,,0,,0.9254,23.08,-0.4096,0,4.1819,,0,0,0,1,0,1,2024-08-29 09:15:00+05:30,2024-08-29 09:20:00+05:30,2024-08-29 15:00:00+05:30,256.35,254.51964285714288,259.6446428571429,1.35,EOD+
S1063,WIPRO,2024-08-29 09:25:00+05:30,,,0,,0.5804,63.16,-0.799,0,0.7135,,0,0,0,1,0,1,2024-08-29 09:25:00+05:30,2024-08-29 09:30:00+05:30,2024-08-29 15:00:00+05:30,256.1,253.95714285714288,259.9571428571429,1.6,EOD+
S1064,WIPRO,2024-08-29 10:15:00+05:30,0.1034,0.12,8,5.0,0.0424,26.67,6.7778,0,0.9478,,0,0,0,1,0,1,2024-08-29 10:15:00+05:30,2024-08-29 10:20:00+05:30,2024-08-29 15:00:00+05:30,256.7,254.04821428571427,261.47321428571433,1.0,EOD+
S1065,WIPRO,2024-08-29 10:55:00+05:30,0.21,0.1801,7,2.0,0.0848,86.21,1.8571,0,1.0349,,0,1,0,1,0,1,2024-08-29 10:55:00+05:30,2024-08-29 11:00:00+05:30,2024-08-29 15:00:00+05:30,257.45,255.3875,261.1625,0.25,EOD+
S1066,WIPRO,2024-08-29 11:30:00+05:30,-0.0856,0.0564,0,,1.9862,71.43,-0.9306,0,1.5451,1.0,3,0,0,0,3,4,2024-08-29 11:45:00+05:30,2024-08-29 11:50:00+05:30,2024-08-29 14:05:00+05:30,257.25,255.4375,260.51250000000005,-1.8125,L
S1067,WIPRO,2024-08-29 11:55:00+05:30,-0.0516,-0.1508,0,,0.269,57.69,-0.759,0,1.743,,0,0,0,1,0,1,2024-08-29 11:55:00+05:30,2024-08-29 12:00:00+05:30,2024-08-29 14:00:00+05:30,257.5,255.57142857142856,260.9714285714286,-1.9286,L
S1068,WIPRO,2024-08-29 12:15:00+05:30,0.0146,-0.0214,2,2.0,0.2226,46.67,-0.6774,0,0.5893,0.0,2,1,1,0,2,3,2024-08-29 12:25:00+05:30,2024-08-29 12:30:00+05:30,2024-08-29 14:05:00+05:30,257.2,255.45892857142857,260.33392857142854,-1.7411,L
S1069,WIPRO,2024-08-29 13:15:00+05:30,0.1205,0.0798,9,9.0,0.1588,0.0,0.4815,0,0.3116,,0,0,1,1,0,1,2024-08-29 13:15:00+05:30,2024-08-29 13:20:00+05:30,2024-08-29 14:00:00+05:30,257.2,256.1375,259.11249999999995,-1.0625,L
S1070,WIPRO,2024-08-29 13:25:00+05:30,0.1127,0.1099,0,,0.2376,60.0,0.0811,0,0.3894,,0,0,1,1,0,1,2024-08-29 13:25:00+05:30,2024-08-29 13:30:00+05:30,2024-08-29 14:00:00+05:30,257.4,256.4267857142857,259.15178571428567,-0.9732,L
S1071,WIPRO,2024-08-29 13:35:00+05:30,0.0583,0.139,0,,0.4255,83.33,-1.0,0,0.5569,,0,0,1,1,0,1,2024-08-29 13:35:00+05:30,2024-08-29 13:40:00+05:30,2024-08-29 14:00:00+05:30,257.25,256.3392857142857,258.8892857142857,-0.9107,L
S1072,WIPRO,2024-08-30 09:15:00+05:30,,,0,,0.5444,83.02,-0.2857,0,1.1869,0.0,1,0,0,0,1,2,2024-08-30 09:20:00+05:30,2024-08-30 09:25:00+05:30,2024-08-30 15:00:00+05:30,256.8,254.87142857142857,260.2714285714286,0.3,EOD+
S1073,WIPRO,2024-08-30 09:30:00+05:30,,,0,,0.3652,44.44,-0.6667,0,0.3736,0.0,1,1,1,0,1,2,2024-08-30 09:35:00+05:30,2024-08-30 09:40:00+05:30,2024-08-30 15:00:00+05:30,257.3,255.24642857142857,260.9964285714286,-0.2,EOD-
S1074,WIPRO,2024-08-30 09:55:00+05:30,0.0515,0.0866,0,,0.697,0.0,-1.0,0,0.4053,1.0,3,0,0,0,3,4,2024-08-30 10:10:00+05:30,2024-08-30 10:15:00+05:30,2024-08-30 15:00:00+05:30,257.65,255.56071428571423,261.4107142857143,-0.55,EOD-
S1075,WIPRO,2024-08-30 12:40:00+05:30,-0.0485,-0.0437,0,,1.6736,57.14,-0.7719,0,0.5655,0.0,3,0,1,0,3,4,2024-08-30 12:55:00+05:30,2024-08-30 13:00:00+05:30,2024-08-30 15:00:00+05:30,257.5,256.5178571428572,259.2678571428571,-0.4,EOD-
S1076,WIPRO,2024-08-30 13:50:00+05:30,0.0146,0.0301,10,5.0,0.1902,50.0,0.6,0,0.8691,,0,0,1,1,0,1,2024-08-30 13:50:00+05:30,2024-08-30 13:55:00+05:30,2024-08-30 14:25:00+05:30,257.5,256.6785714285714,258.9785714285715,-0.8214,L
S1077,WIPRO,2024-09-02 09:20:00+05:30,,,1,1.0,0.0715,70.0,2.1579,0,0.4409,,0,0,0,1,0,1,2024-09-02 09:20:00+05:30,2024-09-02 09:25:00+05:30,2024-09-02 10:10:00+05:30,257.3,255.6392857142857,260.28928571428577,-1.6607,L
S1078,WIPRO,2024-09-02 09:30:00+05:30,,,0,,0.305,50.0,-0.5455,0,0.4842,1.0,1,0,1,0,1,2,2024-09-02 09:35:00+05:30,2024-09-02 09:40:00+05:30,2024-09-02 10:00:00+05:30,258.0,256.19642857142856,261.2464285714286,-1.8036,L
S1079,WIPRO,2024-09-02 11:30:00+05:30,-0.2395,-0.2323,0,,2.313,0.0,-0.9561,0,1.3044,1.0,3,0,0,0,3,4,2024-09-02 11:45:00+05:30,2024-09-02 11:50:00+05:30,2024-09-02 14:30:00+05:30,256.0,254.76785714285717,258.2178571428572,-1.2321,L
S1080,WIPRO,2024-09-02 12:45:00+05:30,0.0332,0.0137,11,8.0,0.3648,27.27,-0.1892,0,0.7421,,0,0,0,1,0,1,2024-09-02 12:45:00+05:30,2024-09-02 12:50:00+05:30,2024-09-02 14:30:00+05:30,255.95,254.6821428571428,258.2321428571429,-1.2679,L
S1081,WIPRO,2024-09-02 13:45:00+05:30,-0.1329,0.0254,0,,2.5175,0.0,-0.7073,0,1.248,1.0,3,0,1,0,3,4,2024-09-02 14:00:00+05:30,2024-09-02 14:05:00+05:30,2024-09-02 14:30:00+05:30,255.8,254.78214285714287,257.63214285714287,-1.0179,L
S1082,WIPRO,2024-09-02 14:10:00+05:30,-0.0831,-0.1407,0,,1.1033,100.0,-1.0,0,1.717,0.0,1,0,0,0,1,2,2024-09-02 14:15:00+05:30,2024-09-02 14:20:00+05:30,2024-09-02 14:30:00+05:30,255.75,254.92857142857144,257.22857142857146,-0.8214,L
S1083,WIPRO,2024-09-03 09:15:00+05:30,,,0,,2.7377,48.0,-0.9299,0,1.2017,1.0,3,1,0,0,3,4,2024-09-03 09:30:00+05:30,2024-09-03 09:35:00+05:30,2024-09-03 10:00:00+05:30,255.3,253.9964285714286,257.64642857142854,2.3464,W
S1084,WIPRO,2024-09-03 10:45:00+05:30,0.1583,0.1898,14,9.0,0.1706,40.0,-0.1667,0,0.3774,,0,0,1,1,0,1,2024-09-03 10:45:00+05:30,2024-09-03 10:50:00+05:30,2024-09-03 15:00:00+05:30,256.0,254.24107142857144,259.1660714285714,0.6,EOD+
S1085,WIPRO,2024-09-03 11:25:00+05:30,0.0819,0.1649,0,,1.0444,25.0,-0.4681,0,0.5421,1.0,3,0,1,0,3,4,2024-09-03 11:40:00+05:30,2024-09-03 11:45:00+05:30,2024-09-03 15:00:00+05:30,256.3,255.175,258.325,0.3,EOD+
S1086,WIPRO,2024-09-03 12:20:00+05:30,0.0527,0.0361,7,5.0,0.0167,25.0,12.3333,0,0.2966,,0,0,0,1,0,1,2024-09-03 12:20:00+05:30,2024-09-03 12:25:00+05:30,2024-09-03 15:00:00+05:30,256.45,255.325,258.475,0.15,EOD+
S1087,WIPRO,2024-09-03 12:35:00+05:30,0.0546,0.0527,1,1.0,0.3784,33.33,0.0,0,0.2878,1.0,2,0,0,0,2,3,2024-09-03 12:45:00+05:30,2024-09-03 12:50:00+05:30,2024-09-03 15:00:00+05:30,256.6,255.60892857142855,258.3839285714286,0.0,EOD-
S1088,WIPRO,2024-09-03 13:00:00+05:30,0.0487,0.0526,0,,0.3271,25.0,-1.0,0,1.66,1.0,3,0,0,0,3,4,2024-09-03 13:15:00+05:30,2024-09-03 13:20:00+05:30,2024-09-03 15:00:00+05:30,256.65,255.69464285714284,258.3696428571428,-0.05,EOD-
S1089,WIPRO,2024-09-03 13:45:00+05:30,-0.0575,0.0088,0,,1.1123,0.0,-0.4828,0,1.6349,1.0,3,0,1,0,3,4,2024-09-03 14:00:00+05:30,2024-09-03 14:05:00+05:30,2024-09-03 14:25:00+05:30,256.55,255.89821428571432,257.7232142857143,1.1732,W
S1090,WIPRO,2024-09-04 12:05:00+05:30,-0.3133,-0.3449,0,,1.225,20.0,-1.0,0,0.3218,0.0,3,0,0,0,3,4,2024-09-04 12:20:00+05:30,2024-09-04 12:25:00+05:30,2024-09-04 15:00:00+05:30,247.95,246.52142857142852,250.5214285714286,-0.5,EOD-
S1091,WIPRO,2024-09-04 12:30:00+05:30,-0.1524,-0.2561,0,,0.155,27.27,-1.0,0,0.8451,,0,0,1,1,0,1,2024-09-04 12:30:00+05:30,2024-09-04 12:35:00+05:30,2024-09-04 15:00:00+05:30,247.8,246.63035714285715,249.9053571428572,-0.35,EOD-
S1092,WIPRO,2024-09-05 11:00:00+05:30,0.0872,0.1454,21,8.0,0.3101,100.0,-1.0,0,0.172,0.0,1,0,1,0,1,2,2024-09-05 11:05:00+05:30,2024-09-05 11:10:00+05:30,2024-09-05 15:00:00+05:30,249.45,248.11964285714285,251.84464285714284,1.3,EOD+
S1093,WIPRO,2024-09-05 11:15:00+05:30,0.005,0.0872,0,,0.6276,90.0,-0.8462,0,2.8495,1.0,1,0,0,0,1,2,2024-09-05 11:20:00+05:30,2024-09-05 11:25:00+05:30,2024-09-05 15:00:00+05:30,249.55,248.25535714285715,251.88035714285715,1.2,EOD+
S1094,WIPRO,2024-09-05 11:40:00+05:30,0.0451,0.0381,0,,1.5779,9.09,-0.8545,0,0.8988,0.0,3,0,0,0,3,4,2024-09-05 11:55:00+05:30,2024-09-05 12:00:00+05:30,2024-09-05 15:00:00+05:30,249.45,248.36071428571427,251.41071428571428,1.3,EOD+
S1095,WIPRO,2024-09-05 12:20:00+05:30,-0.015,-0.0421,4,2.0,0.1941,60.0,0.4286,0,0.6615,,0,1,0,1,0,1,2024-09-05 12:20:00+05:30,2024-09-05 12:25:00+05:30,2024-09-05 13:20:00+05:30,249.45,248.54821428571427,251.0732142857143,1.6232,W
S1096,WIPRO,2024-09-05 12:30:00+05:30,-0.012,-0.0221,0,,0.1633,0.0,1.8571,0,1.2341,,0,0,0,1,0,1,2024-09-05 12:30:00+05:30,2024-09-05 12:35:00+05:30,2024-09-05 13:15:00+05:30,249.4,248.59642857142856,250.84642857142865,1.4464,W
S1097,WIPRO,2024-09-05 14:20:00+05:30,0.1326,0.1517,20,7.0,0.305,25.0,1.2727,0,1.8815,,0,0,0,1,0,1,2024-09-05 14:20:00+05:30,2024-09-05 14:25:00+05:30,2024-09-05 15:00:00+05:30,250.8,249.89821428571432,252.4232142857143,-0.05,EOD-
S1098,WIPRO,2024-09-06 09:15:00+05:30,,,0,,1.1585,32.43,-0.0638,0,1.3304,,0,1,1,1,0,1,2024-09-06 09:15:00+05:30,2024-09-06 09:20:00+05:30,2024-09-06 10:05:00+05:30,251.45,250.1821428571428,253.7321428571429,-1.2679,L
S1099,WIPRO,2024-09-06 11:00:00+05:30,-0.1287,-0.1036,0,,1.2332,63.64,-0.8551,0,0.6079,1.0,3,0,1,0,3,4,2024-09-06 11:15:00+05:30,2024-09-06 11:20:00+05:30,2024-09-06 14:15:00+05:30,250.3,248.20178571428573,254.0767857142857,-2.0982,L
S1100,WIPRO,2024-09-09 10:15:00+05:30,-0.0888,-0.0837,0,,0.741,25.0,-0.6838,0,1.6392,1.0,3,0,1,0,3,4,2024-09-09 10:30:00+05:30,2024-09-09 10:35:00+05:30,2024-09-09 15:00:00+05:30,247.9,245.76607142857145,251.74107142857144,-1.4,EOD-
S1101,WIPRO,2024-09-09 11:40:00+05:30,0.1108,0.1653,13,5.0,0.3545,25.0,0.519,0,0.4137,,0,0,0,1,0,1,2024-09-09 11:40:00+05:30,2024-09-09 11:45:00+05:30,2024-09-09 12:30:00+05:30,248.35,246.95714285714283,250.8571428571429,-1.3929,L
S1102,WIPRO,2024-09-09 12:25:00+05:30,-0.0705,0.0503,0,,2.3713,50.0,-1.0,0,1.0116,1.0,3,0,1,0,3,4,2024-09-09 12:40:00+05:30,2024-09-09 12:45:00+05:30,2024-09-09 14:30:00+05:30,248.05,246.8982142857143,250.1232142857143,-1.1518,L
S1103,WIPRO,2024-09-09 13:00:00+05:30,-0.0676,-0.0978,0,,1.0659,0.0,-0.403,0,1.1111,0.0,3,0,1,0,3,4,2024-09-09 13:15:00+05:30,2024-09-09 13:20:00+05:30,2024-09-09 14:35:00+05:30,247.85,246.67142857142852,249.97142857142856,-1.1786,L
S1104,WIPRO,2024-09-09 13:25:00+05:30,-0.0575,-0.0777,0,,0.2333,22.22,0.3636,0,1.0531,,0,0,1,1,0,1,2024-09-09 13:25:00+05:30,2024-09-09 13:30:00+05:30,2024-09-09 14:35:00+05:30,247.85,246.67142857142852,249.97142857142856,-1.1786,L
S1105,WIPRO,2024-09-09 13:40:00+05:30,-0.0343,-0.0575,2,2.0,0.0711,12.5,3.6154,0,1.0553,,0,0,0,1,0,1,2024-09-09 13:40:00+05:30,2024-09-09 13:45:00+05:30,2024-09-09 14:30:00+05:30,247.85,246.70714285714288,249.90714285714287,-1.1429,L
S1106,WIPRO,2024-09-09 13:55:00+05:30,0.003,-0.0343,1,1.0,0.1438,37.5,1.6087,0,1.0444,,0,0,0,1,0,1,2024-09-09 13:55:00+05:30,2024-09-09 14:00:00+05:30,2024-09-09 14:30:00+05:30,247.8,246.8,249.6,-1.0,L
S1107,WIPRO,2024-09-10 09:15:00+05:30,,,0,,0.2333,0.0,1.0339,0,2.3751,,0,0,0,1,0,1,2024-09-10 09:15:00+05:30,2024-09-10 09:20:00+05:30,2024-09-10 12:50:00+05:30,246.9,245.31964285714287,249.74464285714285,2.8446,W
S1108,WIPRO,2024-09-10 09:30:00+05:30,,,2,1.0,0.0107,9.09,45.6667,0,0.6171,,0,0,0,1,0,1,2024-09-10 09:30:00+05:30,2024-09-10 09:35:00+05:30,2024-09-10 13:15:00+05:30,247.05,245.3,250.2,3.15,W
S1109,WIPRO,2024-09-10 09:40:00+05:30,-0.0497,,0,,0.293,25.0,0.1111,0,0.6131,,0,0,0,1,0,1,2024-09-10 09:40:00+05:30,2024-09-10 09:45:00+05:30,2024-09-10 13:20:00+05:30,246.9,244.98035714285717,250.35535714285717,3.4554,W
S1110,WIPRO,2024-09-10 10:25:00+05:30,-0.0396,-0.0598,0,,0.569,25.0,-1.0,0,0.5518,1.0,3,0,1,0,3,4,2024-09-10 10:40:00+05:30,2024-09-10 10:45:00+05:30,2024-09-10 12:50:00+05:30,246.9,245.51607142857145,249.39107142857145,2.4911,W
S1111,WIPRO,2024-09-11 10:45:00+05:30,-0.2293,-0.207,0,,1.5029,100.0,-1.0,0,1.0342,1.0,3,0,1,0,3,4,2024-09-11 11:00:00+05:30,2024-09-11 11:05:00+05:30,2024-09-11 14:00:00+05:30,249.45,248.23571428571427,251.63571428571427,-1.2143,L
S1112,WIPRO,2024-09-11 11:20:00+05:30,-0.0592,-0.1534,3,2.0,0.2154,12.5,1.0,0,0.3978,,0,0,1,1,0,1,2024-09-11 11:20:00+05:30,2024-09-11 11:25:00+05:30,2024-09-11 14:00:00+05:30,249.45,248.28928571428568,251.5392857142857,-1.1607,L
S1113,WIPRO,2024-09-11 13:00:00+05:30,0.1198,0.1937,18,5.0,0.5523,45.45,-0.0099,0,1.0502,,0,0,0,1,0,1,2024-09-11 13:00:00+05:30,2024-09-11 13:05:00+05:30,2024-09-11 13:40:00+05:30,250.65,249.50714285714284,252.70714285714288,-1.1429,L
S1114,WIPRO,2024-09-11 13:25:00+05:30,0.0917,0.1087,3,3.0,0.0843,0.0,0.5385,0,0.4034,,0,0,1,1,0,1,2024-09-11 13:25:00+05:30,2024-09-11 13:30:00+05:30,2024-09-11 13:40:00+05:30,250.75,249.78571428571428,252.4857142857143,-0.9643,L
S1115,WIPRO,2024-09-12 10:20:00+05:30,0.206,0.1395,13,13.0,0.0,29.41,9675702324428.0,0,0.6577,,0,0,1,1,0,1,2024-09-12 10:20:00+05:30,2024-09-12 10:25:00+05:30,2024-09-12 14:10:00+05:30,248.4,246.36428571428573,252.0642857142857,3.6643,W
S1116,WIPRO,2024-09-12 11:25:00+05:30,0.0713,0.1176,12,10.0,0.1269,71.43,0.9355,0,1.416,,0,0,0,1,0,1,2024-09-12 11:25:00+05:30,2024-09-12 11:30:00+05:30,2024-09-12 14:10:00+05:30,248.95,247.4232142857143,251.69821428571424,2.7482,W
S1117,WIPRO,2024-09-12 11:35:00+05:30,0.1044,0.0753,1,1.0,0.102,50.0,2.6364,0,0.3262,,0,0,1,1,0,1,2024-09-12 11:35:00+05:30,2024-09-12 11:40:00+05:30,2024-09-12 14:10:00+05:30,249.35,248.0017857142857,251.7767857142857,2.4268,W
S1118,WIPRO,2024-09-12 12:05:00+05:30,0.1133,0.1084,5,1.0,0.0371,12.5,7.5714,0,0.67,,0,0,0,1,0,1,2024-09-12 12:05:00+05:30,2024-09-12 12:10:00+05:30,2024-09-12 14:10:00+05:30,249.5,248.32142857142856,251.6214285714285,2.1214,W
S1119,WIPRO,2024-09-12 12:15:00+05:30,0.0682,0.1123,0,,0.3608,33.33,-0.403,0,0.8624,,0,0,1,1,0,1,2024-09-12 12:15:00+05:30,2024-09-12 12:20:00+05:30,2024-09-12 14:10:00+05:30,249.35,248.1892857142857,251.4392857142857,2.0893,W
S1120,WIPRO,2024-09-12 12:25:00+05:30,0.0321,0.1023,0,,0.0309,41.67,5.6667,0,1.4065,,0,0,0,1,0,1,2024-09-12 12:25:00+05:30,2024-09-12 12:30:00+05:30,2024-09-12 14:10:00+05:30,249.7,248.4857142857143,251.88571428571424,2.1857,W
S1121,WIPRO,2024-09-12 13:10:00+05:30,0.0961,0.0811,8,3.0,0.0237,0.0,4.0,0,0.7718,,0,0,1,1,0,1,2024-09-12 13:10:00+05:30,2024-09-12 13:15:00+05:30,2024-09-12 14:10:00+05:30,249.75,248.69642857142856,251.64642857142852,1.8964,W
S1122,WIPRO,2024-09-12 13:20:00+05:30,0.0621,0.0921,0,,0.8273,100.0,-1.0,0,1.3941,,0,0,1,1,0,1,2024-09-12 13:20:00+05:30,2024-09-12 13:25:00+05:30,2024-09-12 14:10:00+05:30,250.15,248.9714285714286,252.27142857142857,2.1214,W
S1123,WIPRO,2024-09-12 13:30:00+05:30,0.041,0.0751,1,1.0,0.2737,41.67,0.1538,0,0.7186,,0,1,0,1,0,1,2024-09-12 13:30:00+05:30,2024-09-12 13:35:00+05:30,2024-09-12 14:10:00+05:30,249.85,248.6625,251.9875,2.1375,W
S1124,WIPRO,2024-09-12 13:45:00+05:30,0.02,0.041,0,,1.0803,0.0,-0.2857,0,4.5039,1.0,3,1,0,0,3,4,2024-09-12 14:00:00+05:30,2024-09-12 14:05:00+05:30,2024-09-12 14:45:00+05:30,250.85,249.71607142857144,252.89107142857145,2.0411,W
S1125,WIPRO,2024-09-13 11:15:00+05:30,0.644,0.8366,24,5.0,0.2202,75.0,-0.4872,0,1.512,1.0,2,0,0,0,2,3,2024-09-13 11:25:00+05:30,2024-09-13 11:30:00+05:30,2024-09-13 15:00:00+05:30,262.3,260.0857142857143,266.28571428571433,0.85,EOD+
S1126,WIPRO,2024-09-13 11:40:00+05:30,0.1891,0.478,2,2.0,0.0463,33.33,4.0,0,0.4065,,0,0,0,1,0,1,2024-09-13 11:40:00+05:30,2024-09-13 11:45:00+05:30,2024-09-13 15:00:00+05:30,261.9,259.7392857142857,265.7892857142857,1.25,EOD+
S1127,WIPRO,2024-09-13 12:50:00+05:30,-0.0822,-0.0822,0,,0.7632,50.0,-0.7241,0,0.561,1.0,3,0,1,0,3,4,2024-09-13 13:05:00+05:30,2024-09-13 13:10:00+05:30,2024-09-13 15:00:00+05:30,261.8,260.6125,263.93750000000006,1.35,EOD+
S1128,WIPRO,2024-09-16 09:15:00+05:30,,,0,,0.8881,60.87,-0.0148,0,1.414,0.0,1,0,0,0,1,2,2024-09-16 09:20:00+05:30,2024-09-16 09:25:00+05:30,2024-09-16 15:00:00+05:30,263.8,262.37142857142857,266.37142857142857,0.3,EOD+
S1129,WIPRO,2024-09-16 10:00:00+05:30,0.1603,0.1775,7,4.0,0.0178,83.33,4.7143,0,0.2424,,0,0,1,1,0,1,2024-09-16 10:00:00+05:30,2024-09-16 10:05:00+05:30,2024-09-16 15:00:00+05:30,263.7,261.2446428571429,268.1196428571428,0.4,EOD+
S1130,WIPRO,2024-09-16 10:15:00+05:30,0.1099,0.1603,1,1.0,0.2366,90.0,-0.7938,0,0.387,1.0,3,0,1,0,3,4,2024-09-16 10:30:00+05:30,2024-09-16 10:35:00+05:30,2024-09-16 15:00:00+05:30,264.1,261.5375,268.71250000000003,0.0,EOD-
S1131,WIPRO,2024-09-16 10:40:00+05:30,0.0805,0.0862,0,,0.1349,75.0,-0.0476,0,0.5756,1.0,1,0,1,0,1,2,2024-09-16 10:45:00+05:30,2024-09-16 10:50:00+05:30,2024-09-16 15:00:00+05:30,264.75,262.80357142857144,268.25357142857143,-0.65,EOD-
S1132,WIPRO,2024-09-16 11:45:00+05:30,0.0746,0.0321,11,10.0,0.0735,57.14,2.5294,0,0.6279,,0,0,0,1,0,1,2024-09-16 11:45:00+05:30,2024-09-16 11:50:00+05:30,2024-09-16 15:00:00+05:30,264.75,263.3035714285714,267.35357142857146,-0.65,EOD-
S1133,WIPRO,2024-09-16 11:55:00+05:30,0.0812,0.0567,0,,0.7972,40.0,-0.6341,0,0.5679,0.0,2,0,0,0,2,3,2024-09-16 12:05:00+05:30,2024-09-16 12:10:00+05:30,2024-09-16 14:40:00+05:30,265.05,263.76428571428573,267.36428571428576,-1.2857,L
S1134,WIPRO,2024-09-16 12:15:00+05:30,0.0821,0.0859,0,,0.8488,0.0,-0.4805,0,0.6695,1.0,3,1,0,0,3,4,2024-09-16 12:30:00+05:30,2024-09-16 12:35:00+05:30,2024-09-16 14:35:00+05:30,265.15,264.0160714285714,267.19107142857143,-1.1339,L
S1135,WIPRO,2024-09-16 12:45:00+05:30,0.0057,0.0311,2,1.0,0.2286,37.5,2.125,0,0.9935,,0,0,1,1,0,1,2024-09-16 12:45:00+05:30,2024-09-16 12:50:00+05:30,2024-09-16 14:30:00+05:30,265.25,264.375,266.82499999999993,-0.875,L
S1136,WIPRO,2024-09-16 13:50:00+05:30,0.0707,0.0613,12,9.0,0.0346,20.0,9.0,0,0.6317,,0,0,1,1,0,1,2024-09-16 13:50:00+05:30,2024-09-16 13:55:00+05:30,2024-09-16 14:20:00+05:30,265.35,264.62678571428575,266.6517857142857,-0.7232,L
S1137,WIPRO,2024-09-16 14:00:00+05:30,0.0547,0.0698,0,,0.9187,50.0,-0.619,0,0.6846,0.0,1,0,0,0,1,2,2024-09-16 14:05:00+05:30,2024-09-16 14:10:00+05:30,2024-09-16 14:20:00+05:30,265.45,264.73571428571427,266.73571428571427,-0.7143,L
S1138,WIPRO,2024-09-17 09:20:00+05:30,,,0,,3.9735,46.67,-0.8756,0,1.475,1.0,3,0,0,0,3,4,2024-09-17 09:35:00+05:30,2024-09-17 09:40:00+05:30,2024-09-17 09:55:00+05:30,264.5,262.9821428571429,267.23214285714283,-1.5179,L
S1139,WIPRO,2024-09-17 09:45:00+05:30,-0.1413,,0,,0.2934,90.91,-1.0,0,0.3466,0.0,3,0,1,0,3,4,2024-09-17 10:00:00+05:30,2024-09-17 10:05:00+05:30,2024-09-17 15:00:00+05:30,263.55,261.5053571428572,267.23035714285714,-0.1,EOD-
S1140,WIPRO,2024-09-17 10:15:00+05:30,-0.056,-0.1024,0,,0.6071,72.73,-0.8086,0,0.5303,1.0,3,0,0,0,3,4,2024-09-17 10:30:00+05:30,2024-09-17 10:35:00+05:30,2024-09-17 15:00:00+05:30,263.55,261.3982142857143,267.4232142857143,-0.1,EOD-
S1141,WIPRO,2024-09-17 11:00:00+05:30,0.074,-0.0114,4,1.0,0.2423,0.0,0.4815,0,0.5663,,0,0,1,1,0,1,2024-09-17 11:00:00+05:30,2024-09-17 11:05:00+05:30,2024-09-17 15:00:00+05:30,263.65,262.2571428571428,266.15714285714284,-0.2,EOD-
S1142,WIPRO,2024-09-17 12:15:00+05:30,0.1182,0.1212,13,10.0,0.1667,37.5,1.6667,0,1.1347,,0,0,0,1,0,1,2024-09-17 12:15:00+05:30,2024-09-17 12:20:00+05:30,2024-09-17 14:10:00+05:30,264.35,263.225,266.375,-1.125,L
S1143,WIPRO,2024-09-17 13:25:00+05:30,-0.0312,-0.0009,0,,1.4811,66.67,-0.7015,0,1.0812,0.0,3,0,0,0,3,4,2024-09-17 13:40:00+05:30,2024-09-17 13:45:00+05:30,2024-09-17 14:10:00+05:30,264.35,263.5017857142857,265.8767857142858,-0.8482,L
S1144,WIPRO,2024-09-17 13:50:00+05:30,-0.0397,-0.0492,0,,0.325,100.0,-1.0,0,0.444,,0,0,1,1,0,1,2024-09-17 13:50:00+05:30,2024-09-17 13:55:00+05:30,2024-09-17 14:10:00+05:30,264.3,263.55,265.65000000000003,-0.75,L
S1145,WIPRO,2024-09-17 14:00:00+05:30,-0.0246,-0.0473,0,,0.2917,28.57,0.1429,0,1.2366,,0,0,0,1,0,1,2024-09-17 14:00:00+05:30,2024-09-17 14:05:00+05:30,2024-09-17 14:10:00+05:30,264.3,263.55,265.65000000000003,-0.75,L
S1146,WIPRO,2024-09-18 10:40:00+05:30,-0.7547,-0.6718,0,,2.6441,57.14,-1.0,0,1.0624,1.0,3,0,1,0,3,4,2024-09-18 10:55:00+05:30,2024-09-18 11:00:00+05:30,2024-09-18 13:40:00+05:30,257.1,254.89464285714288,261.06964285714287,-2.2054,L
S1147,WIPRO,2024-09-18 11:10:00+05:30,-0.2718,-0.6461,1,1.0,0.639,31.25,0.236,0,0.3488,,0,0,1,1,0,1,2024-09-18 11:10:00+05:30,2024-09-18 11:15:00+05:30,2024-09-18 13:35:00+05:30,256.75,255.00892857142856,259.88392857142856,-1.7411,L
S1148,WIPRO,2024-09-18 11:20:00+05:30,-0.1813,-0.4091,0,,0.6487,9.09,-0.209,0,0.1461,0.0,1,0,1,0,1,2,2024-09-18 11:25:00+05:30,2024-09-18 11:30:00+05:30,2024-09-18 13:40:00+05:30,256.35,254.64464285714288,259.4196428571429,-1.7054,L
S1149,WIPRO,2024-09-18 11:35:00+05:30,-0.1248,-0.1813,0,,0.4973,0.0,-0.5385,0,0.3383,1.0,1,0,0,0,1,2,2024-09-18 11:40:00+05:30,2024-09-18 11:45:00+05:30,2024-09-18 13:40:00+05:30,256.35,254.7160714285714,259.2910714285715,-1.6339,L
S1150,WIPRO,2024-09-18 11:55:00+05:30,-0.002,-0.0888,2,2.0,0.025,20.0,15.0,0,0.4421,,0,0,1,1,0,1,2024-09-18 11:55:00+05:30,2024-09-18 12:00:00+05:30,2024-09-18 13:35:00+05:30,256.55,255.3,258.80000000000007,-1.25,L
S1151,WIPRO,2024-09-18 12:55:00+05:30,0.0516,0.0925,10,3.0,0.1828,45.45,0.1429,0,1.0329,,0,0,1,1,0,1,2024-09-18 12:55:00+05:30,2024-09-18 13:00:00+05:30,2024-09-18 13:35:00+05:30,256.9,255.7035714285714,259.05357142857144,-1.1964,L
S1152,WIPRO,2024-09-18 13:05:00+05:30,0.0506,0.0545,0,,0.8684,80.0,-0.6939,0,1.2153,,0,0,1,1,0,1,2024-09-18 13:05:00+05:30,2024-09-18 13:10:00+05:30,2024-09-18 13:35:00+05:30,257.1,255.68928571428572,259.63928571428573,-1.4107,L
S1153,WIPRO,2024-09-18 14:05:00+05:30,-0.1307,-0.1052,0,,1.3497,0.0,-0.9468,0,0.9539,1.0,3,0,0,0,3,4,2024-09-18 14:20:00+05:30,2024-09-18 14:25:00+05:30,2024-09-18 15:00:00+05:30,256.2,254.45892857142852,259.33392857142854,0.4,EOD+
S1154,WIPRO,2024-09-18 14:30:00+05:30,-0.1377,-0.1434,0,,0.5462,66.67,-0.5556,0,0.6224,,0,0,1,1,0,1,2024-09-18 14:30:00+05:30,2024-09-18 14:35:00+05:30,2024-09-18 15:00:00+05:30,256.2,254.65535714285716,258.9803571428571,0.4,EOD+
S1155,WIPRO,2024-09-19 09:40:00+05:30,0.4402,,5,4.0,0.5972,34.21,0.0929,0,2.1309,,0,0,0,1,0,1,2024-09-19 09:40:00+05:30,2024-09-19 09:45:00+05:30,2024-09-19 13:15:00+05:30,257.9,254.0696428571428,264.79464285714283,-3.8304,L
S1156,WIPRO,2024-09-19 10:50:00+05:30,-0.0854,-0.1145,0,,1.1545,42.11,-0.7244,0,0.5377,1.0,3,0,1,0,3,4,2024-09-19 11:05:00+05:30,2024-09-19 11:10:00+05:30,2024-09-19 11:55:00+05:30,257.3,254.55,262.25,-2.75,L
S1157,WIPRO,2024-09-19 11:15:00+05:30,-0.4171,-0.2616,1,1.0,0.1138,57.14,2.5,0,0.7548,,0,0,1,1,0,1,2024-09-19 11:15:00+05:30,2024-09-19 11:20:00+05:30,2024-09-19 11:55:00+05:30,256.8,254.60357142857143,260.75357142857143,-2.1964,L
S1158,WIPRO,2024-09-19 12:00:00+05:30,-0.0429,-0.0663,0,,2.4922,54.55,-0.8305,0,0.6194,0.0,3,0,1,0,3,4,2024-09-19 12:15:00+05:30,2024-09-19 12:20:00+05:30,2024-09-19 13:10:00+05:30,256.3,254.22857142857143,260.02857142857147,-2.0714,L
S1159,WIPRO,2024-09-19 12:25:00+05:30,-0.0166,-0.0439,0,,0.852,92.31,-1.0,0,0.542,0.0,2,0,1,0,2,3,2024-09-19 12:35:00+05:30,2024-09-19 12:40:00+05:30,2024-09-19 13:10:00+05:30,256.3,254.3267857142857,259.85178571428577,-1.9732,L
S1160,WIPRO,2024-09-19 12:45:00+05:30,-0.0654,-0.04,1,1.0,0.0771,70.83,4.3846,0,1.1344,,0,0,0,1,0,1,2024-09-19 12:45:00+05:30,2024-09-19 12:50:00+05:30,2024-09-19 13:05:00+05:30,257.2,255.09285714285716,260.99285714285713,-2.1071,L
S1161,WIPRO,2024-09-19 12:55:00+05:30,-0.0508,-0.0586,1,1.0,0.0788,36.36,0.4815,0,0.7301,,0,0,1,1,0,1,2024-09-19 12:55:00+05:30,2024-09-19 13:00:00+05:30,2024-09-19 13:30:00+05:30,256.0,253.85714285714283,259.8571428571429,-2.1429,L
S1162,WIPRO,2024-09-19 14:10:00+05:30,-0.216,-0.203,0,,0.8826,42.86,-1.0,0,0.4047,0.0,3,0,0,0,3,4,2024-09-19 14:25:00+05:30,2024-09-19 14:30:00+05:30,2024-09-19 15:00:00+05:30,254.35,252.5017857142857,257.6767857142857,0.0,EOD-
S1163,WIPRO,2024-09-20 09:35:00+05:30,,,4,4.0,0.5229,64.71,-0.5628,0,0.3893,0.0,2,0,1,0,2,3,2024-09-20 09:45:00+05:30,2024-09-20 09:50:00+05:30,2024-09-20 15:00:00+05:30,254.9,252.7125,258.8375,1.6,EOD+
S1164,WIPRO,2024-09-20 10:20:00+05:30,0.0431,0.0824,0,,0.7728,66.67,-0.8551,0,0.6032,1.0,3,0,0,0,3,4,2024-09-20 10:35:00+05:30,2024-09-20 10:40:00+05:30,2024-09-20 15:00:00+05:30,255.3,253.06785714285715,259.3178571428572,1.2,EOD+
S1165,WIPRO,2024-09-20 10:50:00+05:30,-0.0177,0.0118,0,,0.5011,0.0,-0.7059,0,0.2851,0.0,3,0,1,0,3,4,2024-09-20 11:05:00+05:30,2024-09-20 11:10:00+05:30,2024-09-20 15:00:00+05:30,254.9,253.20357142857145,257.9535714285714,1.6,EOD+
S1166,WIPRO,2024-09-20 11:35:00+05:30,0.0157,0.0157,5,5.0,0.3302,70.0,-0.4667,0,0.2916,0.0,1,0,1,0,1,2,2024-09-20 11:40:00+05:30,2024-09-20 11:45:00+05:30,2024-09-20 15:00:00+05:30,255.0,253.58035714285717,257.55535714285713,1.5,EOD+
S1167,WIPRO,2024-09-20 12:30:00+05:30,0.0725,0.0813,9,3.0,0.444,88.24,-0.5294,0,1.4326,0.0,1,0,0,0,1,2,2024-09-20 12:35:00+05:30,2024-09-20 12:40:00+05:30,2024-09-20 13:35:00+05:30,255.65,254.45357142857145,257.80357142857144,-1.1964,L
S1168,WIPRO,2024-09-23 09:15:00+05:30,,,0,,0.0536,58.33,10.7647,0,1.092,,0,0,0,1,0,1,2024-09-23 09:15:00+05:30,2024-09-23 09:20:00+05:30,2024-09-23 10:50:00+05:30,256.6,254.6178571428572,260.1678571428572,-1.9821,L
S1169,WIPRO,2024-09-23 11:30:00+05:30,-0.192,-0.2447,0,,1.5531,25.0,-0.5775,0,1.4247,1.0,3,1,0,0,3,4,2024-09-23 11:45:00+05:30,2024-09-23 11:50:00+05:30,2024-09-23 15:00:00+05:30,255.35,254.20714285714288,257.40714285714284,0.15,EOD+
S1170,WIPRO,2024-09-23 12:15:00+05:30,-0.0314,-0.0608,0,,1.075,0.0,-0.8837,0,0.3438,0.0,3,0,1,0,3,4,2024-09-23 12:30:00+05:30,2024-09-23 12:35:00+05:30,2024-09-23 15:00:00+05:30,254.9,253.9,256.7,0.6,EOD+
S1171,WIPRO,2024-09-23 13:35:00+05:30,-0.05,-0.0147,0,,0.7512,50.0,-1.0,0,1.5027,1.0,3,0,0,0,3,4,2024-09-23 13:50:00+05:30,2024-09-23 13:55:00+05:30,2024-09-23 14:25:00+05:30,254.8,254.4339285714286,255.45892857142852,0.6589,W
S1172,WIPRO,2024-09-23 14:00:00+05:30,-0.0118,-0.0687,0,,0.5333,33.33,0.25,0,1.124,,0,0,1,1,0,1,2024-09-23 14:00:00+05:30,2024-09-23 14:05:00+05:30,2024-09-23 14:25:00+05:30,254.8,254.42500000000004,255.475,0.675,W
S1173,WIPRO,2024-09-24 10:05:00+05:30,-0.161,-0.1589,0,,1.5672,100.0,-1.0,0,0.8763,1.0,3,0,1,0,3,4,2024-09-24 10:20:00+05:30,2024-09-24 10:25:00+05:30,2024-09-24 14:15:00+05:30,254.55,252.94285714285715,257.4428571428572,2.8929,W
S1174,WIPRO,2024-09-24 11:25:00+05:30,0.1951,0.163,12,2.0,0.0728,40.0,3.4444,0,0.6516,,0,0,0,1,0,1,2024-09-24 11:25:00+05:30,2024-09-24 11:30:00+05:30,2024-09-24 14:15:00+05:30,255.1,253.55535714285716,257.8803571428571,2.7804,W
S1175,WIPRO,2024-09-24 11:50:00+05:30,0.1097,0.1588,0,,0.6522,0.0,-0.8667,0,1.2364,1.0,3,0,1,0,3,4,2024-09-24 12:05:00+05:30,2024-09-24 12:10:00+05:30,2024-09-24 14:15:00+05:30,255.7,254.2625,258.2875,2.5875,W
S1176,WIPRO,2024-09-24 13:05:00+05:30,0.0391,0.0323,11,10.0,0.0297,76.92,-1.0,0,0.9891,0.0,1,0,1,0,1,2,2024-09-24 13:10:00+05:30,2024-09-24 13:15:00+05:30,2024-09-24 14:15:00+05:30,256.0,254.94642857142856,257.8964285714286,1.8964,W
S1177,WIPRO,2024-09-24 13:30:00+05:30,0.1133,0.0752,3,3.0,0.0086,75.0,-1.0,0,0.7208,,0,1,1,1,0,1,2024-09-24 13:30:00+05:30,2024-09-24 13:35:00+05:30,2024-09-24 14:15:00+05:30,256.3,255.5767857142857,257.60178571428577,1.3018,W
S1178,WIPRO,2024-09-24 13:55:00+05:30,0.0732,0.1288,4,2.0,0.4667,60.0,-1.0,0,0.9376,0.0,1,0,0,0,1,2,2024-09-24 14:00:00+05:30,2024-09-24 14:05:00+05:30,2024-09-24 14:15:00+05:30,256.3,255.55,257.65000000000003,1.35,W
S1179,WIPRO,2024-09-25 09:40:00+05:30,-0.0553,,0,,3.0142,78.26,-0.894,0,0.3873,0.0,3,1,1,0,3,4,2024-09-25 09:55:00+05:30,2024-09-25 10:00:00+05:30,2024-09-25 10:15:00+05:30,257.5,255.5446428571429,261.01964285714286,-1.9554,L
S1180,WIPRO,2024-09-25 10:45:00+05:30,-0.2987,-0.2748,0,,1.5873,40.0,-0.9226,0,0.7113,1.0,3,0,0,0,3,4,2024-09-25 11:00:00+05:30,2024-09-25 11:05:00+05:30,2024-09-25 12:45:00+05:30,255.95,253.9142857142857,259.6142857142857,-2.0357,L
S1181,WIPRO,2024-09-25 13:00:00+05:30,-0.1523,-0.1247,0,,1.1829,66.67,-0.9083,0,1.2108,1.0,3,0,0,0,3,4,2024-09-25 13:15:00+05:30,2024-09-25 13:20:00+05:30,2024-09-25 15:00:00+05:30,254.55,253.3982142857143,256.6232142857143,0.4,EOD+
S1182,WIPRO,2024-09-25 14:30:00+05:30,0.1001,0.1031,14,5.0,0.1699,37.5,3.0,0,0.7923,,0,0,0,1,0,1,2024-09-25 14:30:00+05:30,2024-09-25 14:35:00+05:30,2024-09-25 15:00:00+05:30,255.2,254.28035714285716,256.85535714285714,-0.25,EOD-
S1183,WIPRO,2024-09-26 10:40:00+05:30,0.2238,0.322,17,14.0,0.3101,76.92,-0.4286,0,0.31,,0,0,1,1,0,1,2024-09-26 10:40:00+05:30,2024-09-26 10:45:00+05:30,2024-09-26 15:00:00+05:30,258.4,256.9892857142857,260.9392857142857,0.5,EOD+
S1184,WIPRO,2024-09-26 10:50:00+05:30,0.1849,0.2549,0,,0.3352,0.0,-0.4118,0,0.23,0.0,1,0,1,0,1,2,2024-09-26 10:55:00+05:30,2024-09-26 11:00:00+05:30,2024-09-26 15:00:00+05:30,258.3,257.03214285714284,260.58214285714286,0.6,EOD+
S1185,WIPRO,2024-09-26 11:10:00+05:30,0.029,0.152,0,,1.8266,78.57,-0.9401,0,0.5572,0.0,3,1,1,0,3,4,2024-09-26 11:25:00+05:30,2024-09-26 11:30:00+05:30,2024-09-26 14:05:00+05:30,258.55,257.40714285714284,260.6071428571429,-1.1429,L
S1186,WIPRO,2024-09-26 11:35:00+05:30,0.0184,-0.0261,0,,0.1941,33.33,0.2121,0,0.8359,,0,0,0,1,0,1,2024-09-26 11:35:00+05:30,2024-09-26 11:40:00+05:30,2024-09-26 14:05:00+05:30,258.4,257.3375,260.3125,-1.0625,L
S1187,WIPRO,2024-09-26 12:30:00+05:30,0.0367,0.0484,9,7.0,0.6853,58.33,-0.1398,0,0.7669,0.0,1,0,0,0,1,2,2024-09-26 12:35:00+05:30,2024-09-26 12:40:00+05:30,2024-09-26 13:50:00+05:30,258.55,257.70178571428573,260.07678571428573,-0.8482,L
S1188,WIPRO,2024-09-26 12:45:00+05:30,0.0561,0.0367,0,,0.3914,16.67,-0.2308,0,0.8562,,0,1,1,1,0,1,2024-09-26 12:45:00+05:30,2024-09-26 12:50:00+05:30,2024-09-26 13:30:00+05:30,258.7,257.8696428571428,260.19464285714287,-0.8304,L
S1189,WIPRO,2024-09-26 12:55:00+05:30,0.0657,0.0367,0,,0.4744,0.0,0.3115,0,1.0669,,0,0,0,1,0,1,2024-09-26 12:55:00+05:30,2024-09-26 13:00:00+05:30,2024-09-26 13:30:00+05:30,258.7,257.89642857142854,260.1464285714286,-0.8036,L
S1190,WIPRO,2024-09-26 14:05:00+05:30,-0.0852,-0.089,0,,2.7394,44.44,-0.6781,0,1.1824,0.0,3,0,0,0,3,4,2024-09-26 14:20:00+05:30,2024-09-26 14:25:00+05:30,2024-09-26 15:00:00+05:30,258.3,257.16607142857146,260.34107142857147,0.6,EOD+
S1191,WIPRO,2024-09-26 14:30:00+05:30,-0.0329,-0.0774,0,,0.3,27.27,1.5397,0,2.4585,,0,0,0,1,0,1,2024-09-26 14:30:00+05:30,2024-09-26 14:35:00+05:30,2024-09-26 15:00:00+05:30,258.65,257.3375,261.0125,0.25,EOD+
S1192,WIPRO,2024-09-27 10:15:00+05:30,0.3991,0.5471,12,9.0,0.2678,0.0,-0.0909,0,0.2814,1.0,1,0,1,0,1,2,2024-09-27 10:20:00+05:30,2024-09-27 10:25:00+05:30,2024-09-27 13:05:00+05:30,263.35,259.2428571428572,270.74285714285713,-4.1071,L
S1193,WIPRO,2024-09-27 13:35:00+05:30,-0.1884,-0.2747,0,,1.8209,60.0,-0.9057,0,0.4576,1.0,3,0,1,0,3,4,2024-09-27 13:50:00+05:30,2024-09-27 13:55:00+05:30,2024-09-27 15:00:00+05:30,260.1,258.6446428571429,262.71964285714284,-1.4554,L
S1194,WIPRO,2024-09-27 14:00:00+05:30,-0.1184,-0.1491,1,1.0,0.0795,43.75,4.7143,0,0.6444,,0,0,0,1,0,1,2024-09-27 14:00:00+05:30,2024-09-27 14:05:00+05:30,2024-09-27 15:00:00+05:30,260.0,258.34821428571433,262.9732142857142,-0.7,EOD-
S1195,WIPRO,2024-09-27 14:10:00+05:30,-0.1117,-0.1164,0,,0.7798,40.0,-0.2558,0,0.3333,,0,0,0,1,0,1,2024-09-27 14:10:00+05:30,2024-09-27 14:15:00+05:30,2024-09-27 15:00:00+05:30,259.8,258.07678571428573,262.9017857142857,-0.5,EOD-
S1196,WIPRO,2024-09-30 09:30:00+05:30,,,0,,1.7753,66.67,-0.7901,0,1.0023,1.0,3,0,0,0,3,4,2024-09-30 09:45:00+05:30,2024-09-30 09:50:00+05:30,2024-09-30 15:00:00+05:30,259.05,256.70178571428573,263.2767857142857,-0.25,EOD-
S1197,WIPRO,2024-09-30 10:00:00+05:30,-0.0908,-0.1255,1,1.0,0.0775,76.92,-0.4286,0,0.1507,0.0,1,0,0,0,1,2,2024-09-30 10:05:00+05:30,2024-09-30 10:10:00+05:30,2024-09-30 15:00:00+05:30,258.8,255.97857142857143,263.8785714285715,0.0,EOD-
S1198,WIPRO,2024-09-30 10:20:00+05:30,-0.0831,-0.085,2,1.0,0.2061,33.33,0.6667,0,0.33,,0,1,0,1,0,1,2024-09-30 10:20:00+05:30,2024-09-30 10:25:00+05:30,2024-09-30 15:00:00+05:30,258.9,255.98928571428567,264.13928571428573,-0.1,EOD-
S1199,WIPRO,2024-09-30 11:35:00+05:30,-0.0154,0.0839,0,,0.7814,28.57,-0.4444,0,0.5092,1.0,3,0,1,0,3,4,2024-09-30 11:50:00+05:30,2024-09-30 11:55:00+05:30,2024-09-30 14:40:00+05:30,259.1,257.9482142857143,261.1732142857143,-1.1518,L
S1200,WIPRO,2024-09-30 12:10:00+05:30,-0.0019,0.0068,0,,1.5734,33.33,-0.6735,0,0.4398,0.0,3,0,1,0,3,4,2024-09-30 12:25:00+05:30,2024-09-30 12:30:00+05:30,2024-09-30 14:40:00+05:30,259.1,258.12678571428575,260.8517857142857,-0.9732,L
S1201,WIPRO,2024-09-30 12:35:00+05:30,-0.0531,-0.0338,0,,1.0714,28.57,-0.7333,0,2.655,1.0,3,0,0,0,3,4,2024-09-30 12:50:00+05:30,2024-09-30 12:55:00+05:30,2024-09-30 14:05:00+05:30,259.45,258.575,261.025,-0.875,L
S1202,WIPRO,2024-09-30 13:25:00+05:30,0.0396,0.056,6,5.0,0.2283,45.45,0.3333,0,1.3606,,0,0,0,1,0,1,2024-09-30 13:25:00+05:30,2024-09-30 13:30:00+05:30,2024-09-30 14:40:00+05:30,259.1,257.86785714285713,261.3178571428572,-1.2321,L
S1203,WIPRO,2024-10-01 09:15:00+05:30,,,0,,0.8454,71.62,-1.0,0,2.0413,,0,0,0,1,0,1,2024-10-01 09:15:00+05:30,2024-10-01 09:20:00+05:30,2024-10-01 15:00:00+05:30,260.75,258.9017857142857,264.0767857142857,0.35,EOD+
S1204,WIPRO,2024-10-01 10:35:00+05:30,0.236,0.2814,15,6.0,0.2107,40.0,1.3729,0,0.7108,,0,0,0,1,0,1,2024-10-01 10:35:00+05:30,2024-10-01 10:40:00+05:30,2024-10-01 15:00:00+05:30,261.15,259.4,264.29999999999995,-0.05,EOD-
S1205,WIPRO,2024-10-01 10:45:00+05:30,0.2319,0.2552,1,1.0,0.4156,16.67,-0.1579,0,0.3263,,0,0,0,1,0,1,2024-10-01 10:45:00+05:30,2024-10-01 10:50:00+05:30,2024-10-01 15:00:00+05:30,260.85,259.4214285714286,263.4214285714286,0.25,EOD+
S1206,WIPRO,2024-10-01 10:55:00+05:30,0.2001,0.2301,0,,0.6291,62.5,-0.1549,0,0.8032,,0,0,0,1,0,1,2024-10-01 10:55:00+05:30,2024-10-01 11:00:00+05:30,2024-10-01 15:00:00+05:30,261.5,260.0892857142857,264.0392857142857,-0.4,EOD-
S1207,WIPRO,2024-10-01 11:05:00+05:30,0.1331,0.2318,0,,0.2893,50.0,-0.6774,0,0.2075,,0,0,1,1,0,1,2024-10-01 11:05:00+05:30,2024-10-01 11:10:00+05:30,2024-10-01 15:00:00+05:30,261.15,259.81071428571425,263.56071428571425,-0.05,EOD-
S1208,WIPRO,2024-10-01 11:15:00+05:30,0.0421,0.1551,0,,1.0212,69.23,-0.7183,0,2.1435,,0,0,1,1,0,1,2024-10-01 11:15:00+05:30,2024-10-01 11:20:00+05:30,2024-10-01 15:00:00+05:30,261.2,259.89642857142854,263.5464285714285,-0.1,EOD-
S1209,WIPRO,2024-10-01 11:25:00+05:30,0.0603,0.0919,0,,0.0184,75.0,9.0,0,2.4002,,0,0,0,1,0,1,2024-10-01 11:25:00+05:30,2024-10-01 11:30:00+05:30,2024-10-01 15:00:00+05:30,261.3,259.9428571428572,263.74285714285713,-0.2,EOD-
S1210,WIPRO,2024-10-01 12:30:00+05:30,0.0994,0.0746,11,2.0,1.0048,21.05,0.4218,0,1.2618,,0,0,0,1,0,1,2024-10-01 12:30:00+05:30,2024-10-01 12:35:00+05:30,2024-10-01 15:00:00+05:30,261.8,260.4875,264.1625,-0.7,EOD-
S1211,WIPRO,2024-10-01 13:15:00+05:30,-0.0134,0.0086,0,,0.9281,44.44,-0.7765,0,0.778,1.0,3,0,0,0,3,4,2024-10-01 13:30:00+05:30,2024-10-01 13:35:00+05:30,2024-10-01 15:00:00+05:30,261.7,260.4946428571428,263.8696428571428,-0.6,EOD-
S1212,WIPRO,2024-10-01 13:50:00+05:30,-0.0402,-0.0105,0,,0.8957,0.0,-0.8319,0,1.291,1.0,3,0,0,0,3,4,2024-10-01 14:05:00+05:30,2024-10-01 14:10:00+05:30,2024-10-01 15:00:00+05:30,261.5,260.6696428571429,262.9946428571428,-0.4,EOD-
S1213,WIPRO,2024-10-03 12:20:00+05:30,-0.3006,-0.301,0,,1.1446,62.5,-0.8898,0,1.2414,1.0,3,0,0,0,3,4,2024-10-03 12:35:00+05:30,2024-10-03 12:40:00+05:30,2024-10-03 13:20:00+05:30,254.8,252.81785714285715,258.36785714285713,-1.9821,L
S1214,WIPRO,2024-10-03 13:00:00+05:30,-0.062,-0.1811,4,4.0,0.2244,27.27,1.0,0,0.7346,,0,0,1,1,0,1,2024-10-03 13:00:00+05:30,2024-10-03 13:05:00+05:30,2024-10-03 13:20:00+05:30,254.3,252.90714285714287,256.8071428571429,-1.3929,L
S1215,WIPRO,2024-10-04 09:15:00+05:30,,,0,,0.8307,65.67,-1.0,0,1.8275,,0,1,0,1,0,1,2024-10-04 09:15:00+05:30,2024-10-04 09:20:00+05:30,2024-10-04 10:30:00+05:30,254.7,252.6910714285714,258.31607142857143,3.6161,W
S1216,WIPRO,2024-10-04 11:30:00+05:30,0.2313,0.3464,26,4.0,0.168,68.75,-0.2593,0,1.916,1.0,1,0,0,0,1,2,2024-10-04 11:35:00+05:30,2024-10-04 11:40:00+05:30,2024-10-04 13:15:00+05:30,258.1,256.09107142857147,261.7160714285713,-2.0089,L
S1217,WIPRO,2024-10-04 12:05:00+05:30,0.1803,0.165,5,2.0,0.332,63.64,-1.0,0,0.4231,1.0,1,0,0,0,1,2,2024-10-04 12:10:00+05:30,2024-10-04 12:15:00+05:30,2024-10-04 12:40:00+05:30,257.8,256.23750000000007,260.61249999999995,-1.5625,L
S1218,WIPRO,2024-10-04 12:20:00+05:30,0.063,0.1803,0,,0.2348,14.29,0.5094,0,0.2846,,0,0,1,1,0,1,2024-10-04 12:20:00+05:30,2024-10-04 12:25:00+05:30,2024-10-04 12:40:00+05:30,258.0,256.5892857142857,260.5392857142857,-1.4107,L
S1219,WIPRO,2024-10-07 10:05:00+05:30,0.168,0.1515,10,10.0,0.202,0.0,0.3953,0,0.7818,,0,0,0,1,0,1,2024-10-07 10:05:00+05:30,2024-10-07 10:10:00+05:30,2024-10-07 10:45:00+05:30,256.1,253.43928571428572,260.88928571428573,-2.6607,L
S1220,WIPRO,2024-10-07 10:15:00+05:30,0.1737,0.1719,0,,0.3317,13.33,-0.0345,0,0.4331,,0,0,0,1,0,1,2024-10-07 10:15:00+05:30,2024-10-07 10:20:00+05:30,2024-10-07 10:45:00+05:30,256.3,253.56785714285715,261.2178571428572,-2.7321,L
S1221,WIPRO,2024-10-07 11:25:00+05:30,-0.3847,-0.3652,0,,1.4521,9.52,-0.9064,0,0.697,1.0,3,0,0,0,3,4,2024-10-07 11:40:00+05:30,2024-10-07 11:45:00+05:30,2024-10-07 15:00:00+05:30,254.35,251.5910714285714,259.31607142857143,-0.7,EOD-
S1222,WIPRO,2024-10-07 11:50:00+05:30,-0.2617,-0.3813,0,,0.2564,35.29,0.2174,0,0.3516,,0,1,0,1,0,1,2024-10-07 11:50:00+05:30,2024-10-07 11:55:00+05:30,2024-10-07 15:00:00+05:30,254.25,251.44642857142856,259.2964285714286,-0.6,EOD-
S1223,WIPRO,2024-10-07 12:00:00+05:30,-0.1979,-0.2833,0,,0.0579,25.0,1.5,0,0.1868,,0,0,0,1,0,1,2024-10-07 12:00:00+05:30,2024-10-07 12:05:00+05:30,2024-10-07 15:00:00+05:30,253.95,251.36071428571427,258.61071428571427,-0.3,EOD-
S1224,WIPRO,2024-10-07 13:50:00+05:30,-0.1104,-0.0601,0,,0.9676,8.33,-1.0,0,0.7979,1.0,3,0,0,0,3,4,2024-10-07 14:05:00+05:30,2024-10-07 14:10:00+05:30,2024-10-07 14:25:00+05:30,254.0,252.17857142857144,257.2785714285714,-1.8214,L
S1225,WIPRO,2024-10-08 10:20:00+05:30,-0.2624,-0.2005,0,,0.6959,20.0,-0.8813,0,0.586,1.0,3,0,1,0,3,4,2024-10-08 10:35:00+05:30,2024-10-08 10:40:00+05:30,2024-10-08 15:00:00+05:30,251.15,248.12321428571428,256.59821428571433,-0.25,EOD-
S1226,WIPRO,2024-10-08 12:50:00+05:30,-0.1719,-0.1387,0,,2.53,44.44,-0.8419,0,0.7891,1.0,3,0,1,0,3,4,2024-10-08 13:05:00+05:30,2024-10-08 13:10:00+05:30,2024-10-08 15:00:00+05:30,250.15,248.9,252.4,0.75,EOD+
S1227,WIPRO,2024-10-08 13:15:00+05:30,-0.1571,-0.205,0,,0.6862,20.0,-0.4631,0,0.6304,1.0,2,0,1,0,2,3,2024-10-08 13:25:00+05:30,2024-10-08 13:30:00+05:30,2024-10-08 15:00:00+05:30,249.95,248.59285714285716,252.39285714285717,0.95,EOD+
S1228,WIPRO,2024-10-09 10:55:00+05:30,0.3197,0.4613,20,5.0,0.4264,64.29,-0.3333,0,0.7535,0.0,2,0,0,0,2,3,2024-10-09 11:05:00+05:30,2024-10-09 11:10:00+05:30,2024-10-09 13:05:00+05:30,256.0,254.24107142857144,259.16607142857146,-1.7589,L
S1229,WIPRO,2024-10-09 13:35:00+05:30,-0.0932,-0.1206,0,,1.6922,62.5,-0.9281,0,0.7773,1.0,3,1,1,0,3,4,2024-10-09 13:50:00+05:30,2024-10-09 13:55:00+05:30,2024-10-09 15:00:00+05:30,255.0,253.97321428571428,256.8482142857143,-1.0268,L
S1230,WIPRO,2024-10-10 09:20:00+05:30,,,0,,0.761,0.0,-0.434,0,0.4719,0.0,3,0,1,0,3,4,2024-10-10 09:35:00+05:30,2024-10-10 09:40:00+05:30,2024-10-10 12:50:00+05:30,254.4,252.6589285714286,257.5339285714286,-1.7411,L
S1231,WIPRO,2024-10-10 09:45:00+05:30,-0.0639,,0,,0.4193,84.62,-1.0,0,0.3705,0.0,1,0,1,0,1,2,2024-10-10 09:50:00+05:30,2024-10-10 09:55:00+05:30,2024-10-10 12:50:00+05:30,254.65,252.75714285714287,258.0571428571429,-1.8929,L
S1232,WIPRO,2024-10-10 11:05:00+05:30,0.1439,0.191,14,7.0,0.3191,50.0,0.2903,0,0.4977,,0,0,1,1,0,1,2024-10-10 11:05:00+05:30,2024-10-10 11:10:00+05:30,2024-10-10 12:45:00+05:30,255.5,254.28571428571428,257.6857142857143,-1.2143,L
S1233,WIPRO,2024-10-10 12:20:00+05:30,-0.1166,-0.0852,0,,0.6731,50.0,-0.6,0,0.4771,1.0,3,0,1,0,3,4,2024-10-10 12:35:00+05:30,2024-10-10 12:40:00+05:30,2024-10-10 12:45:00+05:30,255.15,254.2214285714286,256.82142857142856,-0.9286,L
S1234,WIPRO,2024-10-11 09:15:00+05:30,,,0,,2.9383,72.53,-1.0,0,2.0825,,0,0,0,1,0,1,2024-10-11 09:15:00+05:30,2024-10-11 09:20:00+05:30,2024-10-11 15:00:00+05:30,251.85,249.5910714285714,255.91607142857143,-0.15,EOD-
S1235,WIPRO,2024-10-11 12:30:00+05:30,-0.1651,-0.1709,0,,1.5279,0.0,-0.5595,0,1.2171,1.0,3,0,0,0,3,4,2024-10-11 12:45:00+05:30,2024-10-11 12:50:00+05:30,2024-10-11 15:00:00+05:30,251.65,250.7214285714286,253.32142857142856,0.05,EOD+
S1236,WIPRO,2024-10-11 13:00:00+05:30,-0.0468,-0.1254,2,2.0,0.3698,0.0,1.8571,0,2.3398,,0,0,0,1,0,1,2024-10-11 13:00:00+05:30,2024-10-11 13:05:00+05:30,2024-10-11 15:00:00+05:30,251.4,250.45357142857145,253.10357142857143,0.3,EOD+
S1237,WIPRO,2024-10-11 14:20:00+05:30,0.1161,0.1033,15,11.0,0.0187,55.56,25.6667,0,0.5951,,0,0,1,1,0,1,2024-10-11 14:20:00+05:30,2024-10-11 14:25:00+05:30,2024-10-11 15:00:00+05:30,252.25,251.25,254.05,-0.55,EOD-
S1238,WIPRO,2024-10-14 10:45:00+05:30,0.5082,0.5476,18,18.0,0.1416,30.0,0.5094,0,0.2996,,0,0,0,1,0,1,2024-10-14 10:45:00+05:30,2024-10-14 10:50:00+05:30,2024-10-14 12:40:00+05:30,257.5,255.16071428571428,261.7107142857143,4.2107,W
S1239,WIPRO,2024-10-14 10:55:00+05:30,0.3563,0.5262,0,,0.4107,18.18,-0.5455,0,0.2681,0.0,1,0,1,0,1,2,2024-10-14 11:00:00+05:30,2024-10-14 11:05:00+05:30,2024-10-14 12:20:00+05:30,257.5,255.49107142857144,261.11607142857144,3.6161,W
S1240,WIPRO,2024-10-14 11:10:00+05:30,0.0466,0.3563,0,,0.7731,10.0,-0.204,0,0.4235,0.0,1,0,1,0,1,2,2024-10-14 11:15:00+05:30,2024-10-14 11:20:00+05:30,2024-10-14 12:20:00+05:30,257.6,255.975,260.52500000000003,2.925,W
S1241,WIPRO,2024-10-14 11:25:00+05:30,0.034,0.0466,0,,0.0183,12.5,-1.0,0,0.268,0.0,1,0,1,0,1,2,2024-10-14 11:30:00+05:30,2024-10-14 11:35:00+05:30,2024-10-14 12:05:00+05:30,257.6,256.2339285714286,260.0589285714286,2.4589,W
S1242,WIPRO,2024-10-15 09:15:00+05:30,,,0,,2.03,57.41,-0.1188,0,1.4457,0.0,1,1,0,0,1,2,2024-10-15 09:20:00+05:30,2024-10-15 09:25:00+05:30,2024-10-15 09:45:00+05:30,263.15,261.54285714285714,266.0428571428571,-1.6071,L
S1243,WIPRO,2024-10-15 09:30:00+05:30,,,0,,0.8156,84.62,-0.9213,0,0.5199,0.0,1,0,0,0,1,2,2024-10-15 09:35:00+05:30,2024-10-15 09:40:00+05:30,2024-10-15 09:45:00+05:30,262.85,260.90357142857147,266.3535714285714,-1.9464,L
S1244,WIPRO,2024-10-15 13:20:00+05:30,-0.2345,-0.2968,0,,1.0458,33.33,-0.6774,0,1.0132,1.0,3,0,1,0,3,4,2024-10-15 13:35:00+05:30,2024-10-15 13:40:00+05:30,2024-10-15 14:20:00+05:30,256.0,254.51785714285717,258.6678571428572,-1.4821,L
S1245,WIPRO,2024-10-15 13:45:00+05:30,-0.0401,-0.1437,1,1.0,0.383,94.44,-1.0,0,1.1521,1.0,1,0,0,0,1,2,2024-10-15 13:50:00+05:30,2024-10-15 13:55:00+05:30,2024-10-15 14:20:00+05:30,255.7,254.28035714285716,258.2553571428571,-1.4196,L
S1246,WIPRO,2024-10-16 09:15:00+05:30,,,0,,0.8942,35.48,-0.0909,0,1.8715,,0,1,0,1,0,1,2024-10-16 09:15:00+05:30,2024-10-16 09:20:00+05:30,2024-10-16 11:25:00+05:30,255.3,253.91607142857143,257.79107142857146,-1.3839,L
S1247,WIPRO,2024-10-16 12:40:00+05:30,-0.1191,-0.1711,0,,0.8167,20.0,-0.6104,0,0.7985,1.0,3,0,1,0,3,4,2024-10-16 12:55:00+05:30,2024-10-16 13:00:00+05:30,2024-10-16 15:00:00+05:30,253.7,252.52142857142852,255.82142857142856,1.5,EOD+
S1248,WIPRO,2024-10-16 13:05:00+05:30,-0.1291,-0.1695,0,,0.6629,75.0,-0.8601,0,1.1291,,0,0,0,1,0,1,2024-10-16 13:05:00+05:30,2024-10-16 13:10:00+05:30,2024-10-16 15:00:00+05:30,253.9,252.5517857142857,256.32678571428573,1.3,EOD+
S1249,WIPRO,2024-10-16 13:55:00+05:30,0.1112,0.123,9,2.0,0.0086,37.5,49.0,0,0.7414,,0,0,1,1,0,1,2024-10-16 13:55:00+05:30,2024-10-16 14:00:00+05:30,2024-10-16 15:00:00+05:30,254.4,252.95357142857145,257.00357142857143,0.8,EOD+
S1250,WIPRO,2024-10-17 09:40:00+05:30,0.1166,,5,4.0,0.0605,33.33,0.9048,0,0.8712,,0,0,0,1,0,1,2024-10-17 09:40:00+05:30,2024-10-17 09:45:00+05:30,2024-10-17 12:10:00+05:30,255.6,253.43035714285716,259.5053571428572,-2.1696,L
S1251,WIPRO,2024-10-17 09:50:00+05:30,0.0353,,0,,0.2739,14.29,-0.798,0,0.804,0.0,1,1,0,0,1,2,2024-10-17 09:55:00+05:30,2024-10-17 10:00:00+05:30,2024-10-17 12:10:00+05:30,255.9,253.64107142857145,259.96607142857147,-2.2589,L
S1252,WIPRO,2024-10-17 10:20:00+05:30,-0.0382,-0.0265,0,,0.8061,38.46,-0.5322,0,0.6171,1.0,3,0,0,0,3,4,2024-10-17 10:35:00+05:30,2024-10-17 10:40:00+05:30,2024-10-17 15:00:00+05:30,255.2,252.54821428571427,259.9732142857143,-2.6518,L
S1253,WIPRO,2024-10-17 11:15:00+05:30,-0.0382,0.091,6,5.0,0.0077,62.5,9.0,0,0.9636,,0,0,1,1,0,1,2024-10-17 11:15:00+05:30,2024-10-17 11:20:00+05:30,2024-10-17 12:00:00+05:30,255.65,254.03392857142856,258.5589285714286,-1.6161,L
S1254,WIPRO,2024-10-17 11:35:00+05:30,0.0294,-0.0206,3,3.0,0.6917,42.86,-0.2771,0,1.2295,1.0,2,0,1,0,2,3,2024-10-17 11:45:00+05:30,2024-10-17 11:50:00+05:30,2024-10-17 11:55:00+05:30,256.2,254.7,258.90000000000003,-1.5,L
S1255,WIPRO,2024-10-17 13:05:00+05:30,-0.1375,-0.1452,0,,0.7229,31.25,-0.507,0,1.1562,1.0,3,0,1,0,3,4,2024-10-17 13:20:00+05:30,2024-10-17 13:25:00+05:30,2024-10-17 15:00:00+05:30,254.5,252.0446428571429,258.91964285714283,0.35,EOD+
S1256,WIPRO,2024-10-17 13:30:00+05:30,-0.1298,-0.1504,0,,0.7647,27.78,-0.1912,0,0.9932,,0,0,0,1,0,1,2024-10-17 13:30:00+05:30,2024-10-17 13:35:00+05:30,2024-10-17 15:00:00+05:30,254.25,252.0267857142857,258.2517857142857,0.6,EOD+
S1257,WIPRO,2024-10-17 13:45:00+05:30,-0.0728,-0.1298,1,1.0,0.3043,42.86,-0.8,0,3.6616,1.0,1,0,0,0,1,2,2024-10-17 13:50:00+05:30,2024-10-17 13:55:00+05:30,2024-10-17 15:00:00+05:30,254.35,252.29642857142855,258.0464285714286,-2.0536,L
S1258,WIPRO,2024-10-17 14:00:00+05:30,0.0334,-0.0728,0,,0.7841,40.0,-0.3103,0,2.4889,,0,0,0,1,0,1,2024-10-17 14:00:00+05:30,2024-10-17 14:05:00+05:30,2024-10-17 15:00:00+05:30,254.35,252.26964285714288,258.09464285714284,-2.0804,L
S1259,WIPRO,2024-10-17 14:10:00+05:30,0.06,0.0177,0,,0.2675,21.43,0.4815,0,1.7341,,0,0,0,1,0,1,2024-10-17 14:10:00+05:30,2024-10-17 14:15:00+05:30,2024-10-17 15:00:00+05:30,254.4,252.50714285714287,257.8071428571428,-1.8929,L
S1260,WIPRO,2024-10-17 14:20:00+05:30,0.0403,0.0433,0,,0.108,76.92,0.9355,0,0.9149,,0,0,1,1,0,1,2024-10-17 14:20:00+05:30,2024-10-17 14:25:00+05:30,2024-10-17 15:00:00+05:30,254.8,253.00535714285715,258.0303571428572,-1.7946,L
S1261,WIPRO,2024-10-18 09:15:00+05:30,,,0,,2.1041,61.42,-0.098,0,6.3158,,0,0,0,1,0,1,2024-10-18 09:15:00+05:30,2024-10-18 09:20:00+05:30,2024-10-18 15:00:00+05:30,260.3,255.75535714285715,268.48035714285714,3.45,EOD+
S1262,WIPRO,2024-10-18 10:25:00+05:30,0.7535,0.8146,13,6.0,0.0,18.75,,1,0.6913,,0,0,1,1,0,1,2024-10-18 10:25:00+05:30,2024-10-18 10:30:00+05:30,2024-10-18 15:00:00+05:30,261.9,256.91785714285714,270.8678571428571,1.85,EOD+
S1263,WIPRO,2024-10-18 10:35:00+05:30,0.8137,0.7356,0,,0.6741,42.5,-0.6154,0,0.7405,,0,0,0,1,0,1,2024-10-18 10:35:00+05:30,2024-10-18 10:40:00+05:30,2024-10-18 15:00:00+05:30,261.9,257.56071428571425,269.71071428571423,1.85,EOD+
S1264,WIPRO,2024-10-18 11:25:00+05:30,-0.4439,-0.0133,0,,2.3139,33.33,-0.9641,0,0.9806,1.0,3,0,0,0,3,4,2024-10-18 11:40:00+05:30,2024-10-18 11:45:00+05:30,2024-10-18 15:00:00+05:30,261.6,258.59107142857147,267.0160714285714,2.15,EOD+
S1265,WIPRO,2024-10-18 12:00:00+05:30,-0.1839,-0.3743,3,1.0,0.2477,61.11,0.3043,0,0.7981,,0,1,0,1,0,1,2024-10-18 12:00:00+05:30,2024-10-18 12:05:00+05:30,2024-10-18 15:00:00+05:30,261.1,258.77857142857147,265.27857142857147,2.65,EOD+
S1266,WIPRO,2024-10-18 14:00:00+05:30,0.0988,0.1578,0,,0.8812,20.0,-0.6262,0,2.355,1.0,3,0,0,0,3,4,2024-10-18 14:15:00+05:30,2024-10-18 14:20:00+05:30,2024-10-18 15:00:00+05:30,263.45,261.9321428571429,266.1821428571428,0.3,EOD+
S1267,WIPRO,2024-10-21 10:45:00+05:30,0.4298,0.3187,18,8.0,0.0801,70.83,2.4286,0,0.9225,,0,0,0,1,0,1,2024-10-21 10:45:00+05:30,2024-10-21 10:50:00+05:30,2024-10-21 12:10:00+05:30,266.05,263.3178571428572,270.9678571428571,-2.7321,L
S1268,WIPRO,2024-10-21 13:00:00+05:30,-0.1792,-0.2188,0,,2.8927,20.0,-0.7436,0,1.5244,1.0,3,0,0,0,3,4,2024-10-21 13:15:00+05:30,2024-10-21 13:20:00+05:30,2024-10-21 14:45:00+05:30,263.5,262.1517857142857,265.92678571428576,-1.3482,L
S1269,WIPRO,2024-10-21 13:35:00+05:30,-0.134,-0.1547,0,,0.9053,14.29,-0.5876,0,0.7916,1.0,3,0,1,0,3,4,2024-10-21 13:50:00+05:30,2024-10-21 13:55:00+05:30,2024-10-21 15:00:00+05:30,263.25,261.9107142857143,265.66071428571433,-0.8,EOD-
S1270,WIPRO,2024-10-21 14:15:00+05:30,-0.0276,-0.038,0,,0.5368,0.0,-0.04,0,0.502,0.0,3,0,1,0,3,4,2024-10-21 14:30:00+05:30,2024-10-21 14:35:00+05:30,2024-10-21 15:00:00+05:30,263.0,261.54464285714283,265.61964285714294,-0.55,EOD-
S1271,WIPRO,2024-10-22 09:15:00+05:30,,,0,,0.2266,55.88,1.0896,0,2.1977,,0,1,0,1,0,1,2024-10-22 09:15:00+05:30,2024-10-22 09:20:00+05:30,2024-10-22 09:20:00+05:30,263.8,261.95178571428573,267.12678571428575,-1.8482,L
S1272,WIPRO,2024-10-22 09:25:00+05:30,,,0,,0.0056,13.04,59.0,0,0.8876,,0,0,1,1,0,1,2024-10-22 09:25:00+05:30,2024-10-22 09:30:00+05:30,2024-10-22 15:00:00+05:30,262.75,260.5267857142857,266.7517857142857,-1.85,EOD-
S1273,WIPRO,2024-10-22 10:10:00+05:30,0.171,0.1398,7,2.0,0.0185,84.85,6.5,0,1.7264,,0,0,0,1,0,1,2024-10-22 10:10:00+05:30,2024-10-22 10:15:00+05:30,2024-10-22 15:00:00+05:30,263.25,260.54464285714283,268.1196428571429,-2.35,EOD-
S1274,WIPRO,2024-10-22 12:40:00+05:30,-0.1126,-0.0448,0,,1.4623,87.5,-0.9344,0,1.4256,1.0,3,1,0,0,3,4,2024-10-22 12:55:00+05:30,2024-10-22 13:00:00+05:30,2024-10-22 15:00:00+05:30,262.05,260.74642857142857,264.39642857142854,-1.3036,L
S1275,WIPRO,2024-10-22 13:05:00+05:30,-0.1194,-0.1451,0,,1.1351,30.77,-0.5833,0,1.1216,0.0,1,1,0,0,1,2,2024-10-22 13:10:00+05:30,2024-10-22 13:15:00+05:30,2024-10-22 15:00:00+05:30,262.1,260.77857142857147,264.47857142857146,-1.3214,L
S1276,WIPRO,2024-10-22 13:20:00+05:30,-0.0764,-0.1194,0,,0.6174,33.33,-1.0,0,1.0579,0.0,2,0,1,0,2,3,2024-10-22 13:30:00+05:30,2024-10-22 13:35:00+05:30,2024-10-22 15:00:00+05:30,262.0,260.5625,264.5875,-1.1,EOD-
S1277,WIPRO,2024-10-22 14:00:00+05:30,0.0076,0.0048,4,2.0,0.286,12.5,0.791,0,1.0406,,0,0,0,1,0,1,2024-10-22 14:00:00+05:30,2024-10-22 14:05:00+05:30,2024-10-22 15:00:00+05:30,261.7,260.23571428571427,264.3357142857143,-0.8,EOD-
S1278,WIPRO,2024-10-23 09:15:00+05:30,,,0,,0.7467,31.03,0.5909,0,1.4157,,0,0,0,1,0,1,2024-10-23 09:15:00+05:30,2024-10-23 09:20:00+05:30,2024-10-23 09:20:00+05:30,262.1,260.62678571428575,264.75178571428575,-1.4732,L
S1279,WIPRO,2024-10-23 09:30:00+05:30,,,0,,2.275,26.67,-0.7483,0,0.8263,1.0,3,0,0,0,3,4,2024-10-23 09:45:00+05:30,2024-10-23 09:50:00+05:30,2024-10-23 10:20:00+05:30,260.85,258.8857142857143,264.3857142857143,3.5357,W
S1280,WIPRO,2024-10-23 11:25:00+05:30,0.3108,0.2619,18,13.0,0.5531,21.43,-0.096,0,0.5079,,0,0,0,1,0,1,2024-10-23 11:25:00+05:30,2024-10-23 11:30:00+05:30,2024-10-23 15:00:00+05:30,263.1,261.1,266.70000000000005,-1.1,EOD-
S1281,WIPRO,2024-10-23 11:35:00+05:30,0.2498,0.3224,0,,0.4179,50.0,-0.1667,0,0.1899,,0,1,1,1,0,1,2024-10-23 11:35:00+05:30,2024-10-23 11:40:00+05:30,2024-10-23 14:35:00+05:30,263.6,261.80535714285713,266.8303571428572,-1.7946,L
S1282,WIPRO,2024-10-23 12:45:00+05:30,-0.0133,0.0019,0,,0.8358,50.0,-0.8985,0,0.5368,1.0,3,0,1,0,3,4,2024-10-23 13:00:00+05:30,2024-10-23 13:05:00+05:30,2024-10-23 14:20:00+05:30,263.7,262.2267857142857,266.3517857142857,-1.4732,L
S1283,WIPRO,2024-10-23 13:10:00+05:30,0.0408,-0.019,1,1.0,0.0,63.64,,1,0.5684,,0,1,1,1,0,1,2024-10-23 13:10:00+05:30,2024-10-23 13:15:00+05:30,2024-10-23 14:10:00+05:30,264.2,262.8517857142857,266.62678571428575,-1.3482,L
S1284,WIPRO,2024-10-24 09:15:00+05:30,,,0,,2.5849,14.29,-0.5432,0,1.3985,0.0,1,0,0,0,1,2,2024-10-24 09:20:00+05:30,2024-10-24 09:25:00+05:30,2024-10-24 15:00:00+05:30,262.15,260.6678571428571,264.8178571428572,-0.75,EOD-
S1285,WIPRO,2024-10-24 09:30:00+05:30,,,0,,1.2511,13.33,-0.2857,0,0.8524,1.0,1,0,1,0,1,2,2024-10-24 09:35:00+05:30,2024-10-24 09:40:00+05:30,2024-10-24 15:00:00+05:30,261.95,260.27142857142854,264.9714285714286,-0.55,EOD-
S1286,WIPRO,2024-10-24 09:55:00+05:30,-0.0793,-0.106,0,,0.7185,10.0,-0.7425,0,0.3464,0.0,3,0,1,0,3,4,2024-10-24 10:10:00+05:30,2024-10-24 10:15:00+05:30,2024-10-24 15:00:00+05:30,261.75,259.7232142857143,265.39821428571435,-0.35,EOD-
S1287,WIPRO,2024-10-24 10:20:00+05:30,-0.0315,-0.0812,0,,0.1795,25.0,-1.0,0,0.4981,1.0,1,0,1,0,1,2,2024-10-24 10:25:00+05:30,2024-10-24 10:30:00+05:30,2024-10-24 15:00:00+05:30,261.6,259.5107142857143,265.3607142857143,-0.2,EOD-
S1288,WIPRO,2024-10-24 11:25:00+05:30,-0.0641,-0.0411,0,,1.0231,50.0,-1.0,0,1.5144,1.0,3,0,0,0,3,4,2024-10-24 11:40:00+05:30,2024-10-24 11:45:00+05:30,2024-10-24 15:00:00+05:30,261.3,260.2553571428572,263.18035714285713,0.1,EOD+
S1289,WIPRO,2024-10-24 11:50:00+05:30,-0.023,-0.0574,0,,0.5486,0.0,-0.7701,0,1.5441,1.0,1,0,1,0,1,2,2024-10-24 11:55:00+05:30,2024-10-24 12:00:00+05:30,2024-10-24 15:00:00+05:30,261.8,260.8089285714286,263.5839285714285,-0.4,EOD-
S1290,WIPRO,2024-10-24 12:35:00+05:30,0.0249,0.0048,7,7.0,0.16,60.0,-1.0,0,0.7211,1.0,2,0,0,0,2,3,2024-10-24 12:45:00+05:30,2024-10-24 12:50:00+05:30,2024-10-24 15:00:00+05:30,261.25,260.3125,262.93749999999994,0.15,EOD+
S1291,WIPRO,2024-10-24 12:55:00+05:30,0.0153,0.0249,0,,0.114,100.0,-1.0,0,1.6279,,0,1,0,1,0,1,2024-10-24 12:55:00+05:30,2024-10-24 13:00:00+05:30,2024-10-24 15:00:00+05:30,261.75,260.9821428571429,263.13214285714287,-0.35,EOD-
S1292,WIPRO,2024-10-24 13:05:00+05:30,0.0287,0.0096,0,,0.4696,100.0,-1.0,0,0.953,,0,0,0,1,0,1,2024-10-24 13:05:00+05:30,2024-10-24 13:10:00+05:30,2024-10-24 15:00:00+05:30,261.4,260.6946428571428,262.66964285714283,0.0,EOD-
S1293,WIPRO,2024-10-24 13:15:00+05:30,0.0383,0.0191,0,,0.4348,0.0,-0.0244,0,0.8561,1.0,1,0,1,0,1,2,2024-10-24 13:20:00+05:30,2024-10-24 13:25:00+05:30,2024-10-24 15:00:00+05:30,261.65,261.06071428571425,262.71071428571423,-0.25,EOD-
S1294,WIPRO,2024-10-24 13:35:00+05:30,0.0172,0.0325,0,,0.9333,25.0,-0.5652,0,1.3905,1.0,3,0,1,0,3,4,2024-10-24 13:50:00+05:30,2024-10-24 13:55:00+05:30,2024-10-24 15:00:00+05:30,261.65,261.0339285714286,262.7589285714285,-0.25,EOD-
S1295,WIPRO,2024-10-24 14:10:00+05:30,0.0373,-0.0124,3,3.0,0.325,0.0,4.1282,0,2.6086,,0,0,0,1,0,1,2024-10-24 14:10:00+05:30,2024-10-24 14:15:00+05:30,2024-10-24 15:00:00+05:30,261.9,261.15000000000003,263.2499999999999,-0.5,EOD-
S1296,WIPRO,2024-10-25 09:15:00+05:30,,,0,,0.6144,35.42,0.6393,0,2.0962,,0,0,0,1,0,1,2024-10-25 09:15:00+05:30,2024-10-25 09:20:00+05:30,2024-10-25 09:50:00+05:30,261.8,260.5589285714286,264.03392857142853,-1.2411,L
S1297,WIPRO,2024-10-25 09:25:00+05:30,,,0,,0.3684,81.82,-0.3333,0,0.7076,,0,0,1,1,0,1,2024-10-25 09:25:00+05:30,2024-10-25 09:30:00+05:30,2024-10-25 09:50:00+05:30,262.5,260.9732142857143,265.24821428571425,-1.5268,L
S1298,WIPRO,2024-10-25 09:35:00+05:30,,,1,1.0,0.7152,35.29,-0.0426,0,0.3941,0.0,1,1,1,0,1,2,2024-10-25 09:40:00+05:30,2024-10-25 09:45:00+05:30,2024-10-25 10:45:00+05:30,262.05,260.40714285714284,265.00714285714287,-1.6429,L
S1299,WIPRO,2024-10-25 09:50:00+05:30,-0.0468,,0,,1.4985,55.56,-0.7732,0,0.4971,0.0,1,0,0,0,1,2,2024-10-25 09:55:00+05:30,2024-10-25 10:00:00+05:30,2024-10-25 10:45:00+05:30,261.7,259.86071428571427,265.01071428571424,-1.8393,L
S1300,WIPRO,2024-10-25 10:05:00+05:30,-0.0564,-0.0468,0,,0.6888,45.45,-0.8367,0,0.4981,1.0,3,0,0,0,3,4,2024-10-25 10:20:00+05:30,2024-10-25 10:25:00+05:30,2024-10-25 10:55:00+05:30,261.6,259.37678571428575,265.60178571428577,-2.2232,L
S1301,WIPRO,2024-10-25 11:45:00+05:30,-0.1586,-0.169,0,,1.196,33.33,-0.9412,0,0.9455,1.0,3,1,0,0,3,4,2024-10-25 12:00:00+05:30,2024-10-25 12:05:00+05:30,2024-10-25 15:00:00+05:30,260.1,258.3232142857143,263.2982142857143,-0.6,EOD-
S1302,WIPRO,2024-10-25 12:10:00+05:30,-0.1251,-0.1635,1,1.0,0.049,100.0,-1.0,0,0.5671,,0,0,0,1,0,1,2024-10-25 12:10:00+05:30,2024-10-25 12:15:00+05:30,2024-10-25 12:25:00+05:30,260.0,258.7232142857143,262.29821428571427,-1.2768,L
S1303,WIPRO,2024-10-25 12:25:00+05:30,-0.1078,-0.1251,0,,2.2964,27.78,-0.4737,0,1.4793,1.0,3,1,0,0,3,4,2024-10-25 12:40:00+05:30,2024-10-25 12:45:00+05:30,2024-10-25 14:20:00+05:30,259.7,258.4589285714286,261.9339285714285,-1.2411,L
S1304,WIPRO,2024-10-25 12:50:00+05:30,0.0,-0.0876,0,,0.0818,25.0,2.75,0,0.6183,,0,0,1,1,0,1,2024-10-25 12:50:00+05:30,2024-10-25 12:55:00+05:30,2024-10-25 14:20:00+05:30,259.8,258.57678571428573,262.00178571428575,-1.2232,L
S1305,WIPRO,2024-10-25 13:00:00+05:30,0.0154,-0.0135,1,1.0,0.0784,12.5,8.3333,0,0.6198,,0,0,1,1,0,1,2024-10-25 13:00:00+05:30,2024-10-25 13:05:00+05:30,2024-10-25 14:15:00+05:30,259.9,258.7035714285714,262.0535714285714,-1.1964,L
S1306,WIPRO,2024-10-28 09:25:00+05:30,,,2,2.0,0.0636,26.67,9.5882,0,0.6449,,0,0,1,1,0,1,2024-10-28 09:25:00+05:30,2024-10-28 09:30:00+05:30,2024-10-28 10:25:00+05:30,259.8,258.1303571428571,262.8053571428572,3.0054,W
S1307,WIPRO,2024-10-28 12:45:00+05:30,0.1438,0.1467,38,1.0,0.8734,44.44,-0.1176,0,0.8386,0.0,1,0,0,0,1,2,2024-10-28 12:50:00+05:30,2024-10-28 12:55:00+05:30,2024-10-28 15:00:00+05:30,266.05,265.07678571428573,267.8017857142857,1.1,EOD+
S1308,WIPRO,2024-10-28 13:00:00+05:30,0.0939,0.1438,0,,1.0949,14.29,-0.3443,0,0.3803,0.0,1,0,1,0,1,2,2024-10-28 13:05:00+05:30,2024-10-28 13:10:00+05:30,2024-10-28 15:00:00+05:30,266.15,265.10535714285714,268.0303571428571,1.0,EOD+
S1309,WIPRO,2024-10-28 13:15:00+05:30,0.0272,0.0939,0,,0.1625,16.67,-1.0,0,0.4903,1.0,1,0,1,0,1,2,2024-10-28 13:20:00+05:30,2024-10-28 13:25:00+05:30,2024-10-28 15:00:00+05:30,266.55,265.55,268.35,0.6,EOD+
S1310,WIPRO,2024-10-28 13:40:00+05:30,0.0479,0.0188,3,2.0,0.2106,80.0,0.0811,0,2.5899,,0,0,0,1,0,1,2024-10-28 13:40:00+05:30,2024-10-28 13:45:00+05:30,2024-10-28 15:00:00+05:30,266.25,265.1517857142857,268.22678571428577,0.9,EOD+
S1311,WIPRO,2024-10-29 09:15:00+05:30,,,0,,2.4357,22.06,0.2903,0,3.7348,,0,0,0,1,0,1,2024-10-29 09:15:00+05:30,2024-10-29 09:20:00+05:30,2024-10-29 09:45:00+05:30,268.3,266.55,271.45,-1.75,L
S1312,WIPRO,2024-10-29 10:55:00+05:30,-0.2011,-0.1736,0,,1.0182,75.0,-0.8529,0,0.5204,0.0,3,0,1,0,3,4,2024-10-29 11:10:00+05:30,2024-10-29 11:15:00+05:30,2024-10-29 14:45:00+05:30,265.75,264.0803571428571,268.7553571428572,3.0054,W
S1313,WIPRO,2024-10-29 11:25:00+05:30,-0.1638,-0.2306,1,1.0,0.0838,9.09,8.0,0,0.7047,,0,0,0,1,0,1,2024-10-29 11:25:00+05:30,2024-10-29 11:30:00+05:30,2024-10-29 14:40:00+05:30,265.95,264.4589285714286,268.6339285714285,2.6839,W
S1314,WIPRO,2024-10-29 13:10:00+05:30,-0.015,-0.0122,0,,1.3581,62.5,-0.7357,0,2.9453,1.0,3,0,0,0,3,4,2024-10-29 13:25:00+05:30,2024-10-29 13:30:00+05:30,2024-10-29 14:40:00+05:30,266.65,265.6053571428571,268.5303571428572,1.8804,W
S1315,WIPRO,2024-10-30 09:15:00+05:30,,,0,,0.2885,19.57,2.5294,0,3.7896,,0,0,0,1,0,1,2024-10-30 09:15:00+05:30,2024-10-30 09:20:00+05:30,2024-10-30 09:30:00+05:30,269.25,267.7767857142857,271.9017857142857,2.6518,W
S1316,WIPRO,2024-10-30 12:05:00+05:30,0.1908,0.2428,33,11.0,0.1844,33.33,-0.5918,0,1.1653,,0,1,0,1,0,1,2024-10-30 12:05:00+05:30,2024-10-30 12:10:00+05:30,2024-10-30 13:10:00+05:30,275.4,273.7392857142857,278.3892857142857,-1.6607,L
S1317,WIPRO,2024-10-31 11:35:00+05:30,-0.3412,-0.4476,0,,1.2227,90.0,-0.9,0,0.4125,0.0,3,0,1,0,3,4,2024-10-31 11:50:00+05:30,2024-10-31 11:55:00+05:30,2024-10-31 15:00:00+05:30,263.55,261.5053571428571,267.23035714285714,-1.0,EOD-
S1318,WIPRO,2024-10-31 12:15:00+05:30,-0.1482,-0.1595,0,,0.5899,45.45,-0.7333,0,1.3277,1.0,3,0,0,0,3,4,2024-10-31 12:30:00+05:30,2024-10-31 12:35:00+05:30,2024-10-31 15:00:00+05:30,263.55,261.9607142857143,266.41071428571433,-1.0,EOD-
S1319,WIPRO,2024-10-31 13:30:00+05:30,0.0256,0.0598,11,3.0,0.452,88.89,-0.7561,0,0.5025,0.0,1,0,0,0,1,2,2024-10-31 13:35:00+05:30,2024-10-31 13:40:00+05:30,2024-10-31 14:55:00+05:30,263.65,262.5160714285714,265.69107142857143,-1.1339,L
S1320,WIPRO,2024-10-31 14:00:00+05:30,0.0863,0.036,3,2.0,0.1053,80.0,0.1765,0,1.0397,,0,0,1,1,0,1,2024-10-31 14:00:00+05:30,2024-10-31 14:05:00+05:30,2024-10-31 14:35:00+05:30,263.7,262.69107142857143,265.5160714285714,-1.0089,L
S1321,WIPRO,2024-11-04 11:45:00+05:30,-0.3482,-0.4999,0,,2.2579,10.0,-0.7774,0,1.5213,1.0,3,0,0,0,3,4,2024-11-04 12:00:00+05:30,2024-11-04 12:05:00+05:30,2024-11-04 15:00:00+05:30,257.6,255.8589285714286,260.7339285714286,-0.05,EOD-
S1322,WIPRO,2024-11-04 14:15:00+05:30,-0.0924,-0.1157,0,,0.7449,62.5,-1.0,0,1.3185,1.0,3,0,1,0,3,4,2024-11-04 14:30:00+05:30,2024-11-04 14:35:00+05:30,2024-11-04 15:00:00+05:30,257.35,255.95714285714288,259.8571428571429,0.2,EOD+
S1323,WIPRO,2024-11-05 09:50:00+05:30,0.2551,,7,4.0,0.0854,44.44,1.4,0,0.5379,,0,0,1,1,0,1,2024-11-05 09:50:00+05:30,2024-11-05 09:55:00+05:30,2024-11-05 15:00:00+05:30,258.8,256.96964285714284,262.0946428571429,1.1,EOD+
S1324,WIPRO,2024-11-05 10:00:00+05:30,0.2057,0.2784,0,,0.0617,58.82,4.0,0,0.378,,0,0,1,1,0,1,2024-11-05 10:00:00+05:30,2024-11-05 10:05:00+05:30,2024-11-05 15:00:00+05:30,259.1,257.0732142857143,262.7482142857143,0.8,EOD+
S1325,WIPRO,2024-11-05 10:10:00+05:30,0.1525,0.2337,0,,0.5498,81.82,-1.0,0,0.6276,0.0,3,0,0,0,3,4,2024-11-05 10:25:00+05:30,2024-11-05 10:30:00+05:30,2024-11-05 15:00:00+05:30,259.1,257.01964285714286,262.8446428571429,0.8,EOD+
S1326,WIPRO,2024-11-05 10:35:00+05:30,0.082,0.1023,0,,0.9571,50.0,-0.7015,0,0.8362,1.0,1,0,0,0,1,2,2024-11-05 10:40:00+05:30,2024-11-05 10:45:00+05:30,2024-11-05 15:00:00+05:30,259.6,257.85,262.75,0.3,EOD+
S1327,WIPRO,2024-11-05 11:20:00+05:30,-0.0183,0.0048,7,4.0,0.2773,37.5,-0.3443,0,1.4138,1.0,1,0,0,0,1,2,2024-11-05 11:25:00+05:30,2024-11-05 11:30:00+05:30,2024-11-05 15:00:00+05:30,259.3,257.925,261.775,0.6,EOD+
S1328,WIPRO,2024-11-05 11:35:00+05:30,-0.0029,-0.0183,0,,0.5225,33.33,-0.6226,0,0.8861,0.0,2,0,0,0,2,3,2024-11-05 11:45:00+05:30,2024-11-05 11:50:00+05:30,2024-11-05 15:00:00+05:30,259.3,258.0321428571429,261.58214285714286,0.6,EOD+
S1329,WIPRO,2024-11-05 11:55:00+05:30,0.0222,0.0067,0,,0.8432,22.22,-0.6226,0,0.7399,0.0,1,0,1,0,1,2,2024-11-05 12:00:00+05:30,2024-11-05 12:05:00+05:30,2024-11-05 15:00:00+05:30,259.4,258.2214285714286,261.5214285714285,0.5,EOD+
S1330,WIPRO,2024-11-05 12:30:00+05:30,-0.0289,0.0511,0,,1.744,75.0,-1.0,0,0.5654,1.0,3,0,0,0,3,4,2024-11-05 12:45:00+05:30,2024-11-05 12:50:00+05:30,2024-11-05 15:00:00+05:30,259.3,258.26428571428573,261.1642857142857,0.6,EOD+
S1331,WIPRO,2024-11-05 12:55:00+05:30,-0.0637,-0.0791,0,,0.1331,12.5,-0.1304,0,0.6796,,0,0,1,1,0,1,2024-11-05 12:55:00+05:30,2024-11-05 13:00:00+05:30,2024-11-05 15:00:00+05:30,259.2,258.1196428571429,261.1446428571428,0.7,EOD+
S1332,WIPRO,2024-11-05 13:05:00+05:30,-0.0231,-0.0733,0,,0.2779,56.25,0.5385,0,0.8014,,0,0,0,1,0,1,2024-11-05 13:05:00+05:30,2024-11-05 13:10:00+05:30,2024-11-05 15:00:00+05:30,259.25,258.0803571428572,261.3553571428571,0.65,EOD+
S1333,WIPRO,2024-11-05 13:15:00+05:30,-0.0039,-0.0376,0,,0.7463,40.0,-0.7241,0,1.1358,1.0,2,1,1,0,2,3,2024-11-05 13:25:00+05:30,2024-11-05 13:30:00+05:30,2024-11-05 15:00:00+05:30,259.4,258.1857142857143,261.58571428571423,0.5,EOD+
S1334,WIPRO,2024-11-05 13:35:00+05:30,-0.0087,-0.0058,0,,0.0972,12.5,1.0,0,0.8183,,0,0,1,1,0,1,2024-11-05 13:35:00+05:30,2024-11-05 13:40:00+05:30,2024-11-05 15:00:00+05:30,259.25,257.9642857142858,261.56428571428563,0.65,EOD+
S1335,WIPRO,2024-11-05 13:45:00+05:30,-0.0048,-0.0125,0,,0.1545,0.0,0.875,0,0.7538,,0,0,1,1,0,1,2024-11-05 13:45:00+05:30,2024-11-05 13:50:00+05:30,2024-11-05 15:00:00+05:30,259.2,257.9053571428572,261.53035714285704,0.7,EOD+
S1336,WIPRO,2024-11-05 13:55:00+05:30,-0.0154,-0.0096,0,,0.1993,37.5,-0.5349,0,0.9051,,0,0,1,1,0,1,2024-11-05 13:55:00+05:30,2024-11-05 14:00:00+05:30,2024-11-05 15:00:00+05:30,259.2,257.85178571428577,261.62678571428563,0.7,EOD+
S1337,WIPRO,2024-11-05 14:10:00+05:30,0.0309,-0.0154,1,1.0,0.0187,41.67,9.0,0,1.1847,,0,0,1,1,0,1,2024-11-05 14:10:00+05:30,2024-11-05 14:15:00+05:30,2024-11-05 15:00:00+05:30,259.55,258.2107142857143,261.9607142857143,0.35,EOD+
S1338,WIPRO,2024-11-06 09:15:00+05:30,,,0,,0.0262,33.33,12.3333,0,6.8007,,0,0,0,1,0,1,2024-11-06 09:15:00+05:30,2024-11-06 09:20:00+05:30,2024-11-06 09:40:00+05:30,260.1,257.9571428571429,263.95714285714286,3.8571,W
S1339,WIPRO,2024-11-06 09:25:00+05:30,,,0,,1.2312,88.71,-0.7806,0,1.6068,,0,0,1,1,0,1,2024-11-06 09:25:00+05:30,2024-11-06 09:30:00+05:30,2024-11-06 10:00:00+05:30,261.6,258.8232142857143,266.5982142857143,4.9982,W
S1340,WIPRO,2024-11-06 11:25:00+05:30,0.4021,0.6835,23,4.0,0.0675,50.0,1.963,0,0.4325,,0,0,1,1,0,1,2024-11-06 11:25:00+05:30,2024-11-06 11:30:00+05:30,2024-11-06 15:00:00+05:30,266.85,264.35,271.35,1.65,EOD+
S1341,WIPRO,2024-11-06 11:55:00+05:30,0.1207,0.1947,4,3.0,0.3304,30.0,0.3861,0,1.8943,,0,0,0,1,0,1,2024-11-06 11:55:00+05:30,2024-11-06 12:00:00+05:30,2024-11-06 15:00:00+05:30,267.2,265.2892857142857,270.6392857142857,1.3,EOD+
S1342,WIPRO,2024-11-06 12:10:00+05:30,0.0907,0.1207,1,1.0,0.124,12.5,0.2903,0,0.4232,,0,0,1,1,0,1,2024-11-06 12:10:00+05:30,2024-11-06 12:15:00+05:30,2024-11-06 15:00:00+05:30,267.35,265.7875,270.1625,1.15,EOD+
S1343,WIPRO,2024-11-06 12:30:00+05:30,0.0851,0.0851,0,,0.9268,11.11,-0.3617,0,1.0294,1.0,3,0,0,0,3,4,2024-11-06 12:45:00+05:30,2024-11-06 12:50:00+05:30,2024-11-06 15:00:00+05:30,267.55,266.28214285714284,269.8321428571429,0.95,EOD+
S1344,WIPRO,2024-11-06 14:30:00+05:30,0.1248,0.1295,19,2.0,0.0122,66.67,-1.0,0,1.481,,0,0,0,1,0,1,2024-11-06 14:30:00+05:30,2024-11-06 14:35:00+05:30,2024-11-06 15:00:00+05:30,268.6,267.5732142857143,270.4482142857143,-0.1,EOD-
S1345,WIPRO,2024-11-07 10:50:00+05:30,-0.3539,-0.2435,0,,2.9107,94.12,-0.9669,0,0.3942,0.0,3,0,1,0,3,4,2024-11-07 11:05:00+05:30,2024-11-07 11:10:00+05:30,2024-11-07 15:00:00+05:30,268.05,265.45178571428573,272.72678571428577,1.65,EOD+
S1346,WIPRO,2024-11-07 11:20:00+05:30,-0.2682,-0.3303,1,1.0,0.1997,10.53,2.1461,0,0.5745,,0,0,0,1,0,1,2024-11-07 11:20:00+05:30,2024-11-07 11:25:00+05:30,2024-11-07 15:00:00+05:30,268.05,265.26428571428573,273.06428571428575,1.65,EOD+
S1347,WIPRO,2024-11-07 11:40:00+05:30,-0.1365,-0.2196,3,3.0,0.3812,90.0,-1.0,0,0.2144,0.0,2,0,0,0,2,3,2024-11-07 11:50:00+05:30,2024-11-07 11:55:00+05:30,2024-11-07 15:00:00+05:30,267.25,264.6428571428572,271.9428571428571,2.45,EOD+
S1348,WIPRO,2024-11-07 12:05:00+05:30,-0.0196,-0.1113,1,1.0,0.3132,33.33,-0.5918,0,0.1829,0.0,1,1,1,0,1,2,2024-11-07 12:10:00+05:30,2024-11-07 12:15:00+05:30,2024-11-07 15:00:00+05:30,267.5,265.54464285714283,271.01964285714286,2.2,EOD+
S1349,WIPRO,2024-11-07 12:20:00+05:30,0.1346,-0.0196,0,,0.8687,89.47,-0.8347,0,0.2144,,0,0,0,1,0,1,2024-11-07 12:20:00+05:30,2024-11-07 12:25:00+05:30,2024-11-07 15:00:00+05:30,267.9,266.15892857142853,271.03392857142853,1.8,EOD+
S1350,WIPRO,2024-11-08 11:20:00+05:30,0.2428,0.4543,25,11.0,0.9478,81.82,-1.0,0,0.5495,0.0,2,0,0,0,2,3,2024-11-08 11:30:00+05:30,2024-11-08 11:35:00+05:30,2024-11-08 13:20:00+05:30,275.25,273.38392857142856,278.6089285714286,-1.8661,L
S1351,WIPRO,2024-11-08 12:25:00+05:30,-0.1019,-0.0727,0,,1.8284,41.67,-0.8326,0,1.1657,0.0,3,0,0,0,3,4,2024-11-08 12:40:00+05:30,2024-11-08 12:45:00+05:30,2024-11-08 13:10:00+05:30,275.25,273.6160714285714,278.19107142857143,-1.6339,L
S1352,WIPRO,2024-11-08 12:50:00+05:30,-0.0746,-0.1092,1,1.0,0.0663,78.57,2.75,0,0.8176,,0,1,1,1,0,1,2024-11-08 12:50:00+05:30,2024-11-08 12:55:00+05:30,2024-11-08 13:20:00+05:30,274.8,273.29107142857146,277.5160714285715,-1.5089,L
S1353,WIPRO,2024-11-08 14:10:00+05:30,-0.0977,-0.1123,0,,1.9427,100.0,-1.0,0,0.6011,1.0,3,0,0,0,3,4,2024-11-08 14:25:00+05:30,2024-11-08 14:30:00+05:30,2024-11-08 15:00:00+05:30,273.5,271.9107142857143,276.3607142857143,-0.2,EOD-
S1354,WIPRO,2024-11-11 09:15:00+05:30,,,0,,3.3538,50.0,-0.8165,0,1.3982,0.0,3,0,0,0,3,4,2024-11-11 09:30:00+05:30,2024-11-11 09:35:00+05:30,2024-11-11 10:55:00+05:30,273.3,271.675,276.225,2.925,W
S1355,WIPRO,2024-11-11 09:40:00+05:30,-0.0202,,1,1.0,0.3273,44.83,1.4615,0,0.8764,,0,0,1,1,0,1,2024-11-11 09:40:00+05:30,2024-11-11 09:45:00+05:30,2024-11-11 11:05:00+05:30,273.75,271.2678571428572,278.2178571428571,4.4679,W
S1356,WIPRO,2024-11-11 12:00:00+05:30,0.2565,0.3328,27,6.0,0.2114,21.43,0.6393,0,0.6503,,0,1,0,1,0,1,2024-11-11 12:00:00+05:30,2024-11-11 12:05:00+05:30,2024-11-11 13:40:00+05:30,277.0,275.19642857142856,280.2464285714286,-1.8036,L
S1357,WIPRO,2024-11-12 09:20:00+05:30,,,1,1.0,0.568,14.29,1.5946,0,0.8276,,0,0,0,1,0,1,2024-11-12 09:20:00+05:30,2024-11-12 09:25:00+05:30,2024-11-12 13:30:00+05:30,275.3,273.26428571428573,278.9642857142857,-2.0357,L
S1358,WIPRO,2024-11-12 09:30:00+05:30,,,0,,0.0842,80.0,0.3793,0,0.44,,0,0,1,1,0,1,2024-11-12 09:30:00+05:30,2024-11-12 09:35:00+05:30,2024-11-12 13:30:00+05:30,275.15,272.99821428571425,279.02321428571423,-2.1518,L
S1359,WIPRO,2024-11-12 10:35:00+05:30,0.1397,0.1207,12,8.0,0.374,94.74,-0.8165,0,1.3534,1.0,2,0,0,0,2,3,2024-11-12 10:45:00+05:30,2024-11-12 10:50:00+05:30,2024-11-12 12:45:00+05:30,275.95,274.12857142857143,279.22857142857146,-1.8214,L
S1360,WIPRO,2024-11-12 10:55:00+05:30,0.1241,0.136,0,,0.2646,25.0,-0.4937,0,1.0238,,0,0,0,1,0,1,2024-11-12 10:55:00+05:30,2024-11-12 11:00:00+05:30,2024-11-12 12:45:00+05:30,275.85,273.9839285714286,279.2089285714286,-1.8661,L
S1361,WIPRO,2024-11-12 13:35:00+05:30,-0.1886,-0.1283,0,,3.325,20.0,-0.8009,0,0.7433,0.0,3,0,1,0,3,4,2024-11-12 13:50:00+05:30,2024-11-12 13:55:00+05:30,2024-11-12 15:00:00+05:30,274.5,273.17857142857144,276.8785714285714,-0.8,EOD-
S1362,WIPRO,2024-11-12 14:05:00+05:30,-0.1414,-0.1787,0,,0.6887,21.43,-0.5628,0,1.5838,0.0,3,1,0,0,3,4,2024-11-12 14:20:00+05:30,2024-11-12 14:25:00+05:30,2024-11-12 15:00:00+05:30,273.85,272.18928571428575,276.8392857142857,-0.15,EOD-
S1363,WIPRO,2024-11-13 09:15:00+05:30,,,0,,4.6604,36.67,-0.6169,0,1.1361,0.0,1,0,0,0,1,2,2024-11-13 09:20:00+05:30,2024-11-13 09:25:00+05:30,2024-11-13 09:35:00+05:30,273.75,272.41964285714283,276.14464285714286,-1.3304,L
S1364,WIPRO,2024-11-13 10:25:00+05:30,-0.2389,-0.2221,0,,0.7198,82.35,-1.0,0,0.4883,1.0,3,0,1,0,3,4,2024-11-13 10:40:00+05:30,2024-11-13 10:45:00+05:30,2024-11-13 15:00:00+05:30,272.2,269.36071428571427,277.3107142857143,-0.55,EOD-
S1365,WIPRO,2024-11-13 11:45:00+05:30,0.0964,0.0891,12,11.0,0.1549,26.32,-0.6,0,0.9439,0.0,2,0,1,0,2,3,2024-11-13 11:55:00+05:30,2024-11-13 12:00:00+05:30,2024-11-13 15:00:00+05:30,272.65,270.6321428571428,276.2821428571429,-1.0,EOD-
S1366,WIPRO,2024-11-13 12:55:00+05:30,-0.1011,-0.1304,0,,1.3057,42.86,-0.6958,0,2.4017,1.0,3,0,0,0,3,4,2024-11-13 13:10:00+05:30,2024-11-13 13:15:00+05:30,2024-11-13 15:00:00+05:30,272.2,270.94107142857143,274.4660714285713,-1.2589,L
S1367,WIPRO,2024-11-13 13:20:00+05:30,-0.103,-0.0975,0,,0.5511,46.67,-0.2793,0,1.5011,1.0,3,0,0,0,3,4,2024-11-13 13:35:00+05:30,2024-11-13 13:40:00+05:30,2024-11-13 15:00:00+05:30,271.7,270.44107142857143,273.9660714285713,-0.05,EOD-
S1368,WIPRO,2024-11-13 14:10:00+05:30,0.0598,0.0129,6,2.0,0.0951,42.86,2.6364,0,0.6005,,0,0,0,1,0,1,2024-11-13 14:10:00+05:30,2024-11-13 14:15:00+05:30,2024-11-13 15:00:00+05:30,271.95,270.50357142857143,274.55357142857144,-0.3,EOD-
S1369,WIPRO,2024-11-14 09:15:00+05:30,,,0,,0.9922,75.0,-0.0411,0,1.6934,,0,1,0,1,0,1,2024-11-14 09:15:00+05:30,2024-11-14 09:20:00+05:30,2024-11-14 10:25:00+05:30,274.3,272.4607142857143,277.6107142857143,-1.8393,L
S1370,WIPRO,2024-11-14 10:10:00+05:30,0.1703,0.1934,10,10.0,0.0838,85.71,-1.0,0,0.5523,1.0,1,0,0,0,1,2,2024-11-14 10:15:00+05:30,2024-11-14 10:20:00+05:30,2024-11-14 11:20:00+05:30,273.2,270.8875,277.3625,-2.3125,L
S1371,WIPRO,2024-11-14 12:30:00+05:30,-0.143,-0.1392,0,,1.4273,50.0,-0.8467,0,0.3604,1.0,3,0,1,0,3,4,2024-11-14 12:45:00+05:30,2024-11-14 12:50:00+05:30,2024-11-14 15:00:00+05:30,270.8,269.65714285714284,272.8571428571429,-0.6,EOD-
S1372,WIPRO,2024-11-14 12:55:00+05:30,-0.1053,-0.1542,0,,0.2886,60.0,0.2766,0,0.4694,,0,0,0,1,0,1,2024-11-14 12:55:00+05:30,2024-11-14 13:00:00+05:30,2024-11-14 15:00:00+05:30,270.7,269.6821428571429,272.53214285714284,-0.5,EOD-
S1373,WIPRO,2024-11-14 13:05:00+05:30,-0.0517,-0.1219,0,,0.4667,50.0,-0.3939,0,0.5686,,0,0,0,1,0,1,2024-11-14 13:05:00+05:30,2024-11-14 13:10:00+05:30,2024-11-14 15:00:00+05:30,270.75,269.86607142857144,272.3410714285714,-0.55,EOD-
S1374,WIPRO,2024-11-14 13:15:00+05:30,0.0083,-0.0896,0,,0.6108,50.0,-0.5506,0,0.5196,,0,0,1,1,0,1,2024-11-14 13:15:00+05:30,2024-11-14 13:20:00+05:30,2024-11-14 15:00:00+05:30,270.7,269.7892857142857,272.3392857142857,-0.5,EOD-
S1375,WIPRO,2024-11-14 13:25:00+05:30,0.048,-0.0175,0,,0.7318,80.0,-0.6522,0,0.9868,,0,0,0,1,0,1,2024-11-14 13:25:00+05:30,2024-11-14 13:30:00+05:30,2024-11-14 14:55:00+05:30,271.0,270.0178571428572,272.7678571428572,-0.9821,L
S1376,WIPRO,2024-11-14 13:35:00+05:30,0.0314,0.0305,0,,0.2067,33.33,-0.3548,0,1.0218,0.0,1,0,1,0,1,2,2024-11-14 13:40:00+05:30,2024-11-14 13:45:00+05:30,2024-11-14 15:00:00+05:30,270.8,269.8625,272.4875,-0.6,EOD-
S1377,WIPRO,2024-11-14 13:55:00+05:30,-0.0397,0.0166,0,,0.9702,25.0,-0.4937,0,0.9394,0.0,3,0,1,0,3,4,2024-11-14 14:10:00+05:30,2024-11-14 14:15:00+05:30,2024-11-14 15:00:00+05:30,270.75,269.73214285714283,272.58214285714286,-0.55,EOD-
S1378,WIPRO,2024-11-14 14:20:00+05:30,0.0148,-0.0175,0,,0.7231,0.0,-0.1489,0,3.2511,1.0,2,0,1,0,2,3,2024-11-14 14:30:00+05:30,2024-11-14 14:35:00+05:30,2024-11-14 14:50:00+05:30,270.9,270.0875,272.36249999999995,-0.8125,L
S1379,WIPRO,2024-11-18 10:55:00+05:30,-0.8437,-0.8425,0,,0.7928,20.83,-0.734,0,0.8238,0.0,3,0,1,0,3,4,2024-11-18 11:10:00+05:30,2024-11-18 11:15:00+05:30,2024-11-18 15:00:00+05:30,261.1,258.1357142857143,266.4357142857143,3.2,EOD+
S1380,WIPRO,2024-11-18 11:35:00+05:30,0.044,-0.1857,0,,0.8816,50.0,-0.7004,0,0.3685,1.0,3,0,1,0,3,4,2024-11-18 11:50:00+05:30,2024-11-18 11:55:00+05:30,2024-11-18 15:00:00+05:30,261.25,259.3571428571429,264.65714285714284,3.05,EOD+
S1381,WIPRO,2024-11-18 12:00:00+05:30,-0.0785,0.0354,0,,0.6525,0.0,-0.1515,0,1.2535,1.0,1,0,0,0,1,2,2024-11-18 12:05:00+05:30,2024-11-18 12:10:00+05:30,2024-11-18 15:00:00+05:30,261.9,260.31964285714287,264.7446428571428,2.4,EOD+
S1382,WIPRO,2024-11-19 11:05:00+05:30,0.2722,0.4687,22,5.0,0.0605,25.0,7.5714,0,0.3504,,0,0,0,1,0,1,2024-11-19 11:05:00+05:30,2024-11-19 11:10:00+05:30,2024-11-19 13:50:00+05:30,269.35,267.9035714285714,271.9535714285715,2.6036,W
S1383,WIPRO,2024-11-19 11:15:00+05:30,0.1514,0.342,1,1.0,0.1264,70.0,1.3077,0,1.5477,,0,0,0,1,0,1,2024-11-19 11:15:00+05:30,2024-11-19 11:20:00+05:30,2024-11-19 13:50:00+05:30,269.65,268.3642857142857,271.9642857142857,2.3143,W
S1384,WIPRO,2024-11-19 11:55:00+05:30,0.1269,0.1724,7,3.0,0.1638,53.33,0.8182,0,1.2695,,0,1,1,1,0,1,2024-11-19 11:55:00+05:30,2024-11-19 12:00:00+05:30,2024-11-19 13:50:00+05:30,269.95,268.69107142857143,272.2160714285714,2.2661,W
S1385,WIPRO,2024-11-19 12:05:00+05:30,0.0843,0.1473,1,1.0,0.2213,36.36,0.3953,0,0.5366,,0,0,0,1,0,1,2024-11-19 12:05:00+05:30,2024-11-19 12:10:00+05:30,2024-11-19 13:50:00+05:30,269.95,268.73571428571427,272.13571428571424,2.1857,W
S1386,WIPRO,2024-11-19 12:35:00+05:30,0.0222,0.0482,0,,1.2577,42.86,-0.819,0,0.7209,1.0,3,0,0,0,3,4,2024-11-19 12:50:00+05:30,2024-11-19 12:55:00+05:30,2024-11-19 14:55:00+05:30,270.4,269.3017857142857,272.37678571428575,-1.0982,L
S1387,WIPRO,2024-11-21 09:15:00+05:30,,,0,,3.1327,55.93,-0.5792,0,3.5959,,0,0,0,1,0,1,2024-11-21 09:15:00+05:30,2024-11-21 09:20:00+05:30,2024-11-21 10:05:00+05:30,270.2,268.20892857142854,273.7839285714286,-1.9911,L
S1388,WIPRO,2024-11-21 09:25:00+05:30,,,0,,0.3943,48.15,0.4493,0,0.8872,,0,1,1,1,0,1,2024-11-21 09:25:00+05:30,2024-11-21 09:30:00+05:30,2024-11-21 09:40:00+05:30,270.8,268.6125,274.7375,-2.1875,L
S1389,WIPRO,2024-11-21 10:20:00+05:30,-0.2027,-0.2025,0,,1.4239,37.04,-0.6648,0,0.5181,1.0,3,0,0,0,3,4,2024-11-21 10:35:00+05:30,2024-11-21 10:40:00+05:30,2024-11-21 12:05:00+05:30,269.05,265.9071428571429,274.7071428571428,-3.1429,L
S1390,WIPRO,2024-11-21 13:35:00+05:30,-0.1212,-0.1699,0,,1.8009,92.31,-0.9336,0,0.6823,1.0,3,0,1,0,3,4,2024-11-21 13:50:00+05:30,2024-11-21 13:55:00+05:30,2024-11-21 15:00:00+05:30,266.2,265.1553571428571,268.0803571428572,0.45,EOD+
S1391,WIPRO,2024-11-21 14:00:00+05:30,-0.0085,-0.0695,0,,0.1982,55.56,0.875,0,0.9115,,0,0,1,1,0,1,2024-11-21 14:00:00+05:30,2024-11-21 14:05:00+05:30,2024-11-21 15:00:00+05:30,266.45,265.4410714285714,268.2660714285715,0.2,EOD+
S1392,WIPRO,2024-11-21 14:10:00+05:30,0.0,-0.0432,0,,0.4351,60.0,-0.7101,0,0.8697,,0,0,0,1,0,1,2024-11-21 14:10:00+05:30,2024-11-21 14:15:00+05:30,2024-11-21 15:00:00+05:30,266.1,265.1089285714286,267.8839285714286,0.55,EOD+
S1393,WIPRO,2024-11-21 14:20:00+05:30,0.0075,0.0056,0,,0.5037,20.0,0.039,0,2.0843,,0,0,0,1,0,1,2024-11-21 14:20:00+05:30,2024-11-21 14:25:00+05:30,2024-11-21 15:00:00+05:30,266.15,265.1946428571428,267.8696428571428,0.5,EOD+
S1394,WIPRO,2024-11-21 14:30:00+05:30,-0.0056,0.0,0,,0.42,0.0,0.2698,0,0.7169,,0,1,1,1,0,1,2024-11-21 14:30:00+05:30,2024-11-21 14:35:00+05:30,2024-11-21 15:00:00+05:30,266.2,265.2625,267.8875,0.45,EOD+
S1395,WIPRO,2024-11-22 11:10:00+05:30,0.3748,0.5932,23,7.0,0.2668,8.33,0.1765,0,0.5093,,0,0,0,1,0,1,2024-11-22 11:10:00+05:30,2024-11-22 11:15:00+05:30,2024-11-22 15:00:00+05:30,271.5,269.50892857142856,275.08392857142854,1.9,EOD+
S1396,WIPRO,2024-11-22 11:35:00+05:30,0.1793,0.2622,0,,1.0145,30.77,-0.5333,0,0.3613,0.0,3,0,1,0,3,4,2024-11-22 11:50:00+05:30,2024-11-22 11:55:00+05:30,2024-11-22 12:25:00+05:30,272.2,270.3517857142857,275.52678571428567,-1.8482,L
S1397,WIPRO,2024-11-22 12:55:00+05:30,-0.0673,-0.1659,0,,0.8476,33.33,-0.403,0,0.8433,1.0,3,0,1,0,3,4,2024-11-22 13:10:00+05:30,2024-11-22 13:15:00+05:30,2024-11-22 15:00:00+05:30,271.45,269.9678571428572,274.11785714285713,1.95,EOD+
S1398,WIPRO,2024-11-22 13:30:00+05:30,-0.0203,-0.0111,3,3.0,0.2443,33.33,0.9231,0,0.5878,,0,0,0,1,0,1,2024-11-22 13:30:00+05:30,2024-11-22 13:35:00+05:30,2024-11-22 14:10:00+05:30,271.4,270.0696428571428,273.79464285714283,2.3946,W
S1399,WIPRO,2024-11-22 13:40:00+05:30,-0.0415,-0.0083,0,,0.0526,0.0,3.0,0,0.4673,,0,0,1,1,0,1,2024-11-22 13:40:00+05:30,2024-11-22 13:45:00+05:30,2024-11-22 14:05:00+05:30,271.15,269.9625,273.2875,2.1375,W
S1400,WIPRO,2024-11-25 11:40:00+05:30,0.1516,0.214,29,2.0,0.4,50.0,-0.5652,0,0.8477,1.0,3,0,0,0,3,4,2024-11-25 11:55:00+05:30,2024-11-25 12:00:00+05:30,2024-11-25 12:30:00+05:30,277.4,275.9625,279.98749999999995,2.5875,W
S1401,WIPRO,2024-11-25 14:00:00+05:30,-0.0197,0.0224,0,,1.6885,63.64,-0.8995,0,0.5603,0.0,3,0,1,0,3,4,2024-11-25 14:15:00+05:30,2024-11-25 14:20:00+05:30,2024-11-25 15:00:00+05:30,278.4,276.9267857142857,281.0517857142857,0.3,EOD+
S1402,WIPRO,2024-11-26 12:55:00+05:30,-0.1347,-0.1364,0,,1.8395,0.0,-0.882,0,0.9679,1.0,3,0,1,0,3,4,2024-11-26 13:10:00+05:30,2024-11-26 13:15:00+05:30,2024-11-26 14:00:00+05:30,278.1,276.9482142857143,280.1732142857143,2.0732,W
S1403,WIPRO,2024-11-26 13:20:00+05:30,-0.1439,-0.1591,0,,0.4714,15.38,-0.3939,0,1.7083,,0,0,0,1,0,1,2024-11-26 13:20:00+05:30,2024-11-26 13:25:00+05:30,2024-11-26 14:00:00+05:30,277.95,276.6375,280.3125,2.3625,W
S1404,WIPRO,2024-11-26 13:30:00+05:30,-0.1179,-0.1493,0,,0.4181,50.0,-0.5349,0,1.183,1.0,2,0,1,0,2,3,2024-11-26 13:40:00+05:30,2024-11-26 13:45:00+05:30,2024-11-26 14:20:00+05:30,278.5,277.2142857142857,280.81428571428575,2.3143,W
S1405,WIPRO,2024-11-27 09:40:00+05:30,0.1953,,5,5.0,0.1561,31.58,2.0,0,0.6278,,0,0,1,1,0,1,2024-11-27 09:40:00+05:30,2024-11-27 09:45:00+05:30,2024-11-27 11:45:00+05:30,281.95,279.54821428571427,286.2732142857143,-2.4018,L
S1406,WIPRO,2024-11-27 09:50:00+05:30,0.1411,,0,,0.0451,85.71,0.0526,0,0.6091,,0,0,0,1,0,1,2024-11-27 09:50:00+05:30,2024-11-27 09:55:00+05:30,2024-11-27 10:50:00+05:30,282.85,280.21607142857147,287.59107142857147,-2.6339,L
S1407,WIPRO,2024-11-27 12:05:00+05:30,-0.1927,-0.2121,0,,2.2904,60.0,-0.9022,0,3.1691,1.0,3,0,0,0,3,4,2024-11-27 12:20:00+05:30,2024-11-27 12:25:00+05:30,2024-11-27 14:35:00+05:30,280.35,279.2339285714286,282.3589285714286,-1.1161,L
S1408,WIPRO,2024-11-27 12:30:00+05:30,-0.0965,-0.1759,0,,0.114,85.71,0.9048,0,1.4609,,0,0,1,1,0,1,2024-11-27 12:30:00+05:30,2024-11-27 12:35:00+05:30,2024-11-27 14:35:00+05:30,280.55,279.3982142857143,282.6232142857143,-1.1518,L
S1409,WIPRO,2024-11-27 13:05:00+05:30,0.0107,-0.034,6,6.0,0.01,35.71,39.0,0,1.4209,,0,0,0,1,0,1,2024-11-27 13:05:00+05:30,2024-11-27 13:10:00+05:30,2024-11-27 14:45:00+05:30,280.05,278.8,282.29999999999995,-1.25,L
S1410,WIPRO,2024-11-27 13:30:00+05:30,0.0473,0.0268,3,1.0,0.0802,58.33,1.6667,0,0.9348,,0,0,0,1,0,1,2024-11-27 13:30:00+05:30,2024-11-27 13:35:00+05:30,2024-11-27 14:45:00+05:30,280.05,278.8803571428572,282.1553571428572,-1.1696,L
S1411,WIPRO,2024-11-27 13:40:00+05:30,0.0669,0.0375,0,,0.0356,66.67,-1.0,0,0.7145,,0,0,0,1,0,1,2024-11-27 13:40:00+05:30,2024-11-27 13:45:00+05:30,2024-11-27 14:35:00+05:30,280.25,279.19642857142856,282.14642857142854,-1.0536,L
S1412,WIPRO,2024-11-27 13:50:00+05:30,0.0759,0.0554,1,1.0,0.2882,20.0,0.9048,0,0.7382,,0,1,1,1,0,1,2024-11-27 13:50:00+05:30,2024-11-27 13:55:00+05:30,2024-11-27 14:35:00+05:30,280.35,279.43928571428575,281.98928571428576,-0.9107,L
S1413,WIPRO,2024-11-28 10:00:00+05:30,-0.1987,-0.2578,0,,0.6657,72.73,-0.7619,0,0.5186,1.0,3,0,0,0,3,4,2024-11-28 10:15:00+05:30,2024-11-28 10:20:00+05:30,2024-11-28 10:35:00+05:30,278.3,275.93392857142857,282.5589285714286,-2.3661,L
S1414,WIPRO,2024-11-28 10:25:00+05:30,-0.1017,-0.1511,1,1.0,0.0547,75.0,2.1579,0,0.2961,,0,0,1,1,0,1,2024-11-28 10:25:00+05:30,2024-11-28 10:30:00+05:30,2024-11-28 10:35:00+05:30,277.85,275.68035714285713,281.7553571428572,-2.1696,L
S1415,WIPRO,2024-11-28 12:10:00+05:30,-0.3666,-0.3449,0,,0.7464,20.0,-0.6273,0,1.1669,1.0,3,0,0,0,3,4,2024-11-28 12:25:00+05:30,2024-11-28 12:30:00+05:30,2024-11-28 15:00:00+05:30,274.2,272.8517857142857,276.6267857142857,-1.0,EOD-
S1416,WIPRO,2024-11-28 12:35:00+05:30,-0.0684,-0.2719,0,,1.1806,60.0,-0.7345,0,1.5662,1.0,1,0,0,0,1,2,2024-11-28 12:40:00+05:30,2024-11-28 12:45:00+05:30,2024-11-28 14:10:00+05:30,274.4,273.2035714285714,276.5535714285714,-1.1964,L
S1417,WIPRO,2024-11-28 13:10:00+05:30,-0.0082,0.0091,0,,0.8029,40.0,-0.8718,0,0.8842,1.0,3,0,0,0,3,4,2024-11-28 13:25:00+05:30,2024-11-28 13:30:00+05:30,2024-11-28 14:10:00+05:30,274.5,273.2857142857143,276.68571428571425,-1.2143,L
S1418,WIPRO,2024-11-28 13:40:00+05:30,0.0438,-0.0164,1,1.0,0.0432,23.53,9.0,0,1.0738,,0,0,0,1,0,1,2024-11-28 13:40:00+05:30,2024-11-28 13:45:00+05:30,2024-11-28 14:55:00+05:30,274.5,273.05357142857144,277.10357142857146,-1.4464,L
S1419,WIPRO,2024-11-28 14:10:00+05:30,0.133,0.093,4,1.0,1.6963,43.14,0.1132,0,2.4173,,0,1,0,1,0,1,2024-11-28 14:10:00+05:30,2024-11-28 14:15:00+05:30,2024-11-28 15:00:00+05:30,274.7,272.7803571428571,278.1553571428572,-1.5,EOD-
S1420,WIPRO,2024-11-28 14:20:00+05:30,0.0774,0.1239,0,,0.7524,0.0,-0.6721,0,0.9953,1.0,1,0,0,0,1,2,2024-11-28 14:25:00+05:30,2024-11-28 14:30:00+05:30,2024-11-28 15:00:00+05:30,274.95,272.92321428571427,278.5982142857143,-1.75,EOD-
S1421,WIPRO,2024-11-29 09:15:00+05:30,,,0,,1.4956,0.0,0.4612,0,2.0586,,0,0,0,1,0,1,2024-11-29 09:15:00+05:30,2024-11-29 09:20:00+05:30,2024-11-29 15:00:00+05:30,274.6,272.7696428571429,277.89464285714286,2.0,EOD+
S1422,WIPRO,2024-11-29 11:15:00+05:30,0.1177,0.1803,23,9.0,0.1635,50.0,0.0256,0,0.5429,,0,0,1,1,0,1,2024-11-29 11:15:00+05:30,2024-11-29 11:20:00+05:30,2024-11-29 15:00:00+05:30,276.1,274.60892857142863,278.7839285714286,0.5,EOD+
S1423,WIPRO,2024-11-29 11:45:00+05:30,0.0018,0.0697,0,,1.4966,12.5,-0.9194,0,0.8462,1.0,3,1,0,0,3,4,2024-11-29 12:00:00+05:30,2024-11-29 12:05:00+05:30,2024-11-29 15:00:00+05:30,276.4,275.3642857142857,278.2642857142857,0.2,EOD+
S1424,WIPRO,2024-11-29 12:10:00+05:30,-0.0036,0.0118,0,,0.7208,33.33,0.1538,0,1.3003,,0,0,0,1,0,1,2024-11-29 12:10:00+05:30,2024-11-29 12:15:00+05:30,2024-11-29 15:00:00+05:30,276.1,275.1982142857143,277.7232142857143,0.5,EOD+
S1425,WIPRO,2024-11-29 12:40:00+05:30,-0.0471,-0.0462,0,,0.8267,40.0,-0.6774,0,1.2291,1.0,3,0,0,0,3,4,2024-11-29 12:55:00+05:30,2024-11-29 13:00:00+05:30,2024-11-29 15:00:00+05:30,276.2,275.2625,277.8875,0.4,EOD+
S1426,WIPRO,2024-11-29 13:10:00+05:30,0.0091,-0.0435,2,2.0,0.1989,14.29,2.7037,0,3.0441,,0,0,0,1,0,1,2024-11-29 13:10:00+05:30,2024-11-29 13:15:00+05:30,2024-11-29 15:00:00+05:30,276.25,275.4017857142857,277.7767857142857,0.35,EOD+
S1427,WIPRO,2024-11-29 13:45:00+05:30,0.0525,0.0697,6,3.0,0.1204,75.0,1.5,0,0.853,,0,0,0,1,0,1,2024-11-29 13:45:00+05:30,2024-11-29 13:50:00+05:30,2024-11-29 15:00:00+05:30,276.3,275.4696428571429,277.79464285714283,0.3,EOD+
S1428,WIPRO,2024-11-29 13:55:00+05:30,0.0244,0.0715,0,,0.0295,28.57,14.0,0,0.7558,,0,0,1,1,0,1,2024-11-29 13:55:00+05:30,2024-11-29 14:00:00+05:30,2024-11-29 15:00:00+05:30,276.25,275.4017857142857,277.7767857142857,0.35,EOD+
S1429,WIPRO,2024-11-29 14:05:00+05:30,0.019,0.0398,0,,0.9077,25.0,0.0169,0,1.3412,,0,0,0,1,0,1,2024-11-29 14:05:00+05:30,2024-11-29 14:10:00+05:30,2024-11-29 15:00:00+05:30,276.3,275.4875,277.7625,0.3,EOD+
S1430,WIPRO,2024-11-29 14:15:00+05:30,0.0217,0.019,0,,2.0429,0.0,-0.5105,0,1.9024,0.0,2,0,1,0,2,3,2024-11-29 14:25:00+05:30,2024-11-29 14:30:00+05:30,2024-11-29 15:00:00+05:30,276.85,275.975,278.425,-0.875,L
S1431,WIPRO,2024-12-02 09:15:00+05:30,,,0,,0.2404,33.93,5.4706,0,4.0807,,0,1,0,1,0,1,2024-12-02 09:15:00+05:30,2024-12-02 09:20:00+05:30,2024-12-02 15:00:00+05:30,277.45,275.6821428571428,280.63214285714287,1.4,EOD+
S1432,WIPRO,2024-12-02 10:05:00+05:30,0.0974,0.1876,9,4.0,0.4696,63.16,-0.7484,0,0.6374,0.0,2,0,0,0,2,3,2024-12-02 10:15:00+05:30,2024-12-02 10:20:00+05:30,2024-12-02 15:00:00+05:30,277.5,275.38392857142856,281.30892857142857,1.35,EOD+
S1433,WIPRO,2024-12-02 10:25:00+05:30,0.0559,0.0586,0,,0.4893,30.0,-0.1667,0,0.257,,0,0,1,1,0,1,2024-12-02 10:25:00+05:30,2024-12-02 10:30:00+05:30,2024-12-02 15:00:00+05:30,277.4,275.56071428571425,280.7107142857143,1.45,EOD+
S1434,WIPRO,2024-12-02 10:35:00+05:30,0.0982,0.0424,0,,0.8824,41.67,-0.4093,0,0.4496,,0,0,0,1,0,1,2024-12-02 10:35:00+05:30,2024-12-02 10:40:00+05:30,2024-12-02 15:00:00+05:30,277.5,275.82142857142856,280.5214285714286,1.35,EOD+
S1435,WIPRO,2024-12-02 11:05:00+05:30,0.0063,0.1035,0,,0.7858,71.43,-0.8851,0,0.5004,1.0,3,0,1,0,3,4,2024-12-02 11:20:00+05:30,2024-12-02 11:25:00+05:30,2024-12-02 15:00:00+05:30,277.5,276.11607142857144,279.99107142857144,1.35,EOD+
S1436,WIPRO,2024-12-02 11:30:00+05:30,-0.0829,-0.0441,0,,0.3647,40.0,-0.3548,0,0.4541,,0,0,1,1,0,1,2024-12-02 11:30:00+05:30,2024-12-02 11:35:00+05:30,2024-12-02 14:05:00+05:30,277.4,276.3375,279.3125,1.9125,W
S1437,WIPRO,2024-12-02 11:40:00+05:30,-0.0676,-0.0721,0,,0.0937,66.67,1.6667,0,0.5008,,0,0,1,1,0,1,2024-12-02 11:40:00+05:30,2024-12-02 11:45:00+05:30,2024-12-02 14:05:00+05:30,277.6,276.6,279.40000000000003,1.8,W
S1438,WIPRO,2024-12-02 11:50:00+05:30,-0.0063,-0.082,0,,0.6215,22.22,0.0526,0,0.6418,,0,0,1,1,0,1,2024-12-02 11:50:00+05:30,2024-12-02 11:55:00+05:30,2024-12-02 14:05:00+05:30,277.5,276.54464285714283,279.2196428571429,1.7196,W
S1439,WIPRO,2024-12-02 12:05:00+05:30,0.0297,-0.0063,1,1.0,0.0538,40.0,4.0,0,0.5225,,0,0,1,1,0,1,2024-12-02 12:05:00+05:30,2024-12-02 12:10:00+05:30,2024-12-02 14:05:00+05:30,277.6,276.6714285714286,279.2714285714286,1.6714,W
S1440,WIPRO,2024-12-02 13:50:00+05:30,0.0898,0.0881,20,2.0,0.1588,70.0,1.7273,0,2.6165,,0,0,0,1,0,1,2024-12-02 13:50:00+05:30,2024-12-02 13:55:00+05:30,2024-12-02 15:00:00+05:30,278.4,277.53392857142853,279.9589285714286,0.45,EOD+
S1441,WIPRO,2024-12-03 09:30:00+05:30,,,0,,1.0793,40.0,-0.6899,0,0.6006,0.0,3,0,1,0,3,4,2024-12-03 09:45:00+05:30,2024-12-03 09:50:00+05:30,2024-12-03 12:50:00+05:30,279.25,277.00892857142856,283.2839285714286,-2.2411,L
S1442,WIPRO,2024-12-03 09:55:00+05:30,-0.0323,-0.0529,0,,0.3632,56.25,-0.0728,0,0.5431,,0,0,1,1,0,1,2024-12-03 09:55:00+05:30,2024-12-03 10:00:00+05:30,2024-12-03 12:50:00+05:30,279.4,276.8017857142857,284.0767857142857,-2.5982,L
S1443,WIPRO,2024-12-03 10:20:00+05:30,-0.0296,0.0072,0,,1.1623,100.0,-1.0,0,0.4828,1.0,3,0,0,0,3,4,2024-12-03 10:35:00+05:30,2024-12-03 10:40:00+05:30,2024-12-03 15:00:00+05:30,278.9,276.0071428571428,284.10714285714283,-0.3,EOD-
S1444,WIPRO,2024-12-03 10:45:00+05:30,-0.0565,-0.0681,0,,0.1269,57.14,0.1429,0,0.3756,,0,0,1,1,0,1,2024-12-03 10:45:00+05:30,2024-12-03 10:50:00+05:30,2024-12-03 12:50:00+05:30,278.8,277.07678571428573,281.9017857142857,-1.7232,L
S1445,WIPRO,2024-12-03 10:55:00+05:30,-0.035,-0.0628,0,,0.2387,25.0,0.6949,0,0.4785,,0,0,1,1,0,1,2024-12-03 10:55:00+05:30,2024-12-03 11:00:00+05:30,2024-12-03 12:50:00+05:30,278.95,277.4053571428572,281.73035714285714,-1.5446,L
S1446,WIPRO,2024-12-03 11:05:00+05:30,-0.0143,-0.0529,1,1.0,0.0262,12.5,15.6667,0,0.6139,,0,0,1,1,0,1,2024-12-03 11:05:00+05:30,2024-12-03 11:10:00+05:30,2024-12-03 12:50:00+05:30,279.05,277.62142857142857,281.62142857142857,-1.4286,L
S1447,WIPRO,2024-12-03 11:50:00+05:30,0.0278,0.0278,7,3.0,0.3147,72.73,-0.1837,0,1.1097,1.0,1,0,0,0,1,2,2024-12-03 11:55:00+05:30,2024-12-03 12:00:00+05:30,2024-12-03 12:25:00+05:30,279.25,278.2767857142857,281.00178571428575,-0.9732,L
S1448,WIPRO,2024-12-03 12:05:00+05:30,0.0779,0.0278,0,,0.3254,40.0,0.1321,0,0.5559,,0,0,1,1,0,1,2024-12-03 12:05:00+05:30,2024-12-03 12:10:00+05:30,2024-12-03 12:25:00+05:30,279.2,278.1821428571428,281.0321428571429,-1.0179,L
S1449,WIPRO,2024-12-03 13:30:00+05:30,-0.2015,-0.2013,0,,1.8569,78.57,-1.0,0,0.6865,0.0,3,0,0,0,3,4,2024-12-03 13:45:00+05:30,2024-12-03 13:50:00+05:30,2024-12-03 15:00:00+05:30,277.7,276.41428571428565,280.01428571428573,0.9,EOD+
S1450,WIPRO,2024-12-04 10:40:00+05:30,0.3579,0.3835,17,9.0,0.05,22.22,5.25,0,0.446,,0,0,1,1,0,1,2024-12-04 10:40:00+05:30,2024-12-04 10:45:00+05:30,2024-12-04 11:55:00+05:30,282.35,280.35,285.95000000000005,-2.0,L
S1451,WIPRO,2024-12-04 13:15:00+05:30,-0.0917,-0.0774,0,,0.5886,33.33,-0.6396,0,1.1539,1.0,3,1,0,0,3,4,2024-12-04 13:30:00+05:30,2024-12-04 13:35:00+05:30,2024-12-04 15:00:00+05:30,280.85,279.6714285714286,282.9714285714286,-0.45,EOD-
S1452,WIPRO,2024-12-04 13:45:00+05:30,0.0018,-0.0899,1,1.0,0.3693,20.0,0.194,0,0.8257,,0,0,1,1,0,1,2024-12-04 13:45:00+05:30,2024-12-04 13:50:00+05:30,2024-12-04 15:00:00+05:30,280.9,279.76607142857137,282.94107142857143,-0.5,EOD-
S1453,WIPRO,2024-12-04 13:55:00+05:30,0.0338,-0.0294,0,,0.4308,60.0,-0.1667,0,0.7127,,0,0,1,1,0,1,2024-12-04 13:55:00+05:30,2024-12-04 14:00:00+05:30,2024-12-04 14:20:00+05:30,281.05,280.0053571428571,282.9303571428572,-1.0446,L
S1454,WIPRO,2024-12-04 14:05:00+05:30,0.0125,0.0142,1,1.0,0.175,44.44,2.125,0,2.3277,,0,0,0,1,0,1,2024-12-04 14:05:00+05:30,2024-12-04 14:10:00+05:30,2024-12-04 15:00:00+05:30,281.05,279.90714285714284,283.1071428571429,-0.65,EOD-
S1455,WIPRO,2024-12-05 10:10:00+05:30,0.1499,0.1456,11,10.0,0.2711,76.92,-0.2405,0,0.6422,0.0,1,1,0,0,1,2,2024-12-05 10:15:00+05:30,2024-12-05 10:20:00+05:30,2024-12-05 13:10:00+05:30,282.05,280.22857142857146,285.3285714285714,3.2786,W
S1456,WIPRO,2024-12-05 10:25:00+05:30,0.1046,0.1499,0,,0.1916,0.0,-0.1837,0,0.2676,0.0,1,0,0,0,1,2,2024-12-05 10:30:00+05:30,2024-12-05 10:35:00+05:30,2024-12-05 13:10:00+05:30,282.05,280.45178571428573,284.9267857142857,2.8768,W
S1457,WIPRO,2024-12-05 11:45:00+05:30,-0.087,-0.0638,0,,1.3725,25.0,-0.6667,0,0.7419,1.0,3,0,1,0,3,4,2024-12-05 12:00:00+05:30,2024-12-05 12:05:00+05:30,2024-12-05 12:35:00+05:30,281.7,280.33392857142854,284.15892857142853,2.4589,W
S1458,WIPRO,2024-12-05 14:05:00+05:30,0.1544,0.2968,23,5.0,0.0488,0.0,16.7778,0,0.785,,0,0,1,1,0,1,2024-12-05 14:05:00+05:30,2024-12-05 14:10:00+05:30,2024-12-05 14:30:00+05:30,285.3,284.1482142857143,287.3732142857144,2.0732,W
S1459,WIPRO,2024-12-06 11:00:00+05:30,-0.0984,-0.1545,0,,0.7488,23.08,-0.7826,0,0.627,0.0,3,0,1,0,3,4,2024-12-06 11:15:00+05:30,2024-12-06 11:20:00+05:30,2024-12-06 15:00:00+05:30,284.65,283.11428571428564,287.4142857142857,-0.1,EOD-
S1460,WIPRO,2024-12-06 11:25:00+05:30,-0.0228,-0.0097,0,,0.5986,20.0,0.3559,0,1.2027,,0,0,0,1,0,1,2024-12-06 11:25:00+05:30,2024-12-06 11:30:00+05:30,2024-12-06 12:15:00+05:30,284.7,283.4678571428571,286.91785714285714,-1.2321,L
S1461,WIPRO,2024-12-06 11:40:00+05:30,-0.0184,-0.0228,2,1.0,0.1953,54.55,1.7778,0,0.7545,,0,1,1,1,0,1,2024-12-06 11:40:00+05:30,2024-12-06 11:45:00+05:30,2024-12-06 12:15:00+05:30,284.8,283.6482142857143,286.8732142857143,-1.1518,L
S1462,WIPRO,2024-12-06 11:50:00+05:30,-0.0088,-0.0334,0,,0.74,50.0,-0.7297,0,0.6199,1.0,2,0,0,0,2,3,2024-12-06 12:00:00+05:30,2024-12-06 12:05:00+05:30,2024-12-06 12:15:00+05:30,284.65,283.4,286.9,-1.25,L
S1463,WIPRO,2024-12-06 13:10:00+05:30,-0.088,-0.0572,0,,1.526,66.67,-0.8165,0,0.9991,1.0,3,1,1,0,3,4,2024-12-06 13:25:00+05:30,2024-12-06 13:30:00+05:30,2024-12-06 15:00:00+05:30,284.05,283.15714285714284,285.6571428571429,0.5,EOD+
S1464,WIPRO,2024-12-06 14:15:00+05:30,0.0264,0.0009,9,9.0,0.4853,71.43,-0.2308,0,0.8924,0.0,1,0,1,0,1,2,2024-12-06 14:20:00+05:30,2024-12-06 14:25:00+05:30,2024-12-06 15:00:00+05:30,284.15,283.4803571428571,285.35535714285714,0.4,EOD+
S1465,WIPRO,2024-12-06 14:30:00+05:30,0.022,0.0264,0,,0.4407,20.0,0.5686,0,1.1283,,0,0,1,1,0,1,2024-12-06 14:30:00+05:30,2024-12-06 14:35:00+05:30,2024-12-06 15:00:00+05:30,284.05,283.32678571428573,285.3517857142857,0.5,EOD+
S1466,WIPRO,2024-12-09 09:15:00+05:30,,,0,,5.3486,65.43,-0.6674,0,3.831,,0,0,0,1,0,1,2024-12-09 09:15:00+05:30,2024-12-09 09:20:00+05:30,2024-12-09 14:40:00+05:30,284.3,282.68392857142857,287.2089285714286,2.9089,W
S1467,WIPRO,2024-12-09 09:50:00+05:30,0.1203,,5,1.0,0.0248,68.75,3.4444,0,0.9883,,0,0,0,1,0,1,2024-12-09 09:50:00+05:30,2024-12-09 09:55:00+05:30,2024-12-09 14:45:00+05:30,284.8,282.53214285714284,288.8821428571429,4.0821,W
S1468,WIPRO,2024-12-09 11:20:00+05:30,-0.1832,-0.1082,0,,0.9824,80.0,-0.8802,0,0.9444,1.0,3,0,1,0,3,4,2024-12-09 11:35:00+05:30,2024-12-09 11:40:00+05:30,2024-12-09 13:15:00+05:30,284.0,282.9375,285.9125,1.9125,W
S1469,WIPRO,2024-12-09 14:05:00+05:30,0.0813,0.1041,29,8.0,0.2175,75.0,0.875,0,1.146,,0,0,0,1,0,1,2024-12-09 14:05:00+05:30,2024-12-09 14:10:00+05:30,2024-12-09 14:45:00+05:30,286.4,285.48035714285714,288.0553571428571,1.6554,W
S1470,WIPRO,2024-12-09 14:15:00+05:30,0.0708,0.0822,0,,0.1767,16.67,2.0769,0,0.6549,,0,1,1,1,0,1,2024-12-09 14:15:00+05:30,2024-12-09 14:20:00+05:30,2024-12-09 14:45:00+05:30,286.2,285.2803571428572,287.8553571428571,1.6554,W
S1471,WIPRO,2024-12-09 14:30:00+05:30,0.0856,0.0708,2,1.0,0.0707,69.23,5.0,0,1.759,,0,1,0,1,0,1,2024-12-09 14:30:00+05:30,2024-12-09 14:35:00+05:30,2024-12-09 14:45:00+05:30,286.75,285.86607142857144,288.3410714285713,1.5911,W
S1472,WIPRO,2024-12-11 11:15:00+05:30,0.0537,0.1397,24,24.0,0.1059,78.95,0.7391,0,1.261,,0,1,1,1,0,1,2024-12-11 11:15:00+05:30,2024-12-11 11:20:00+05:30,2024-12-11 15:00:00+05:30,294.4,293.0428571428571,296.8428571428572,-0.05,EOD-
S1473,WIPRO,2024-12-11 12:35:00+05:30,0.1162,0.0891,15,3.0,0.2565,69.23,0.6667,0,1.0285,,0,0,0,1,0,1,2024-12-11 12:35:00+05:30,2024-12-11 12:40:00+05:30,2024-12-11 15:00:00+05:30,294.55,293.3803571428572,296.6553571428572,-0.2,EOD-
S1474,WIPRO,2024-12-11 12:50:00+05:30,0.0949,0.1162,1,1.0,0.2353,45.45,0.5,0,0.9042,,0,0,1,1,0,1,2024-12-11 12:50:00+05:30,2024-12-11 12:55:00+05:30,2024-12-11 15:00:00+05:30,294.9,293.8375,296.8125,-0.55,EOD-
S1475,WIPRO,2024-12-11 13:35:00+05:30,0.0745,0.0881,7,7.0,0.023,62.5,9.0,0,0.8237,,0,0,1,1,0,1,2024-12-11 13:35:00+05:30,2024-12-11 13:40:00+05:30,2024-12-11 14:55:00+05:30,295.45,294.36071428571427,297.4107142857143,-1.0893,L
S1476,WIPRO,2024-12-11 13:45:00+05:30,0.0584,0.0821,0,,0.5045,25.0,-0.5,0,1.0566,1.0,2,0,1,0,2,3,2024-12-11 13:55:00+05:30,2024-12-11 14:00:00+05:30,2024-12-11 14:25:00+05:30,295.6,294.6089285714286,297.3839285714286,-0.9911,L
S1477,WIPRO,2024-12-11 14:05:00+05:30,0.0228,0.0457,1,1.0,0.2643,58.33,1.1622,0,0.9179,,0,0,1,1,0,1,2024-12-11 14:05:00+05:30,2024-12-11 14:10:00+05:30,2024-12-11 14:25:00+05:30,295.55,294.675,297.125,-0.875,L
S1478,WIPRO,2024-12-12 09:15:00+05:30,,,0,,1.7357,80.26,-0.5985,0,2.972,,0,1,0,1,0,1,2024-12-12 09:15:00+05:30,2024-12-12 09:20:00+05:30,2024-12-12 14:45:00+05:30,297.5,295.52678571428567,301.05178571428576,-1.9732,L
S1479,WIPRO,2024-12-12 10:30:00+05:30,0.2754,0.3616,14,8.0,0.3591,46.15,-0.1597,0,0.4727,0.0,1,0,1,0,1,2,2024-12-12 10:35:00+05:30,2024-12-12 10:40:00+05:30,2024-12-12 14:15:00+05:30,297.85,295.7785714285714,301.5785714285715,-2.0714,L
S1480,WIPRO,2024-12-12 11:30:00+05:30,-0.089,-0.0034,0,,1.4532,0.0,-0.8171,0,1.1259,1.0,3,1,0,0,3,4,2024-12-12 11:45:00+05:30,2024-12-12 11:50:00+05:30,2024-12-12 12:50:00+05:30,298.35,296.93928571428575,300.88928571428573,-1.4107,L
S1481,WIPRO,2024-12-12 12:00:00+05:30,-0.0596,-0.1217,2,2.0,0.2828,70.0,-0.0164,0,1.0298,1.0,3,0,0,0,3,4,2024-12-12 12:15:00+05:30,2024-12-12 12:20:00+05:30,2024-12-12 14:05:00+05:30,297.75,296.4017857142857,300.1767857142857,-1.3482,L
S1482,WIPRO,2024-12-12 12:25:00+05:30,-0.0084,-0.0454,0,,0.2364,33.33,1.3529,0,0.5863,,0,0,1,1,0,1,2024-12-12 12:25:00+05:30,2024-12-12 12:30:00+05:30,2024-12-12 14:05:00+05:30,297.9,296.5517857142857,300.3267857142857,-1.3482,L
S1483,WIPRO,2024-12-12 12:45:00+05:30,0.0277,0.0042,0,,0.8676,50.0,-1.0,0,1.0641,0.0,3,0,0,0,3,4,2024-12-12 13:00:00+05:30,2024-12-12 13:05:00+05:30,2024-12-12 14:05:00+05:30,297.8,296.5321428571429,300.08214285714286,-1.2679,L
S1484,WIPRO,2024-12-12 13:10:00+05:30,0.0143,0.0017,0,,0.2524,0.0,1.2642,0,0.7368,,0,0,1,1,0,1,2024-12-12 13:10:00+05:30,2024-12-12 13:15:00+05:30,2024-12-12 14:05:00+05:30,297.9,296.5875,300.26249999999993,-1.3125,L
S1485,WIPRO,2024-12-12 13:20:00+05:30,0.0302,0.0,0,,0.169,33.33,0.1429,0,0.7472,,0,0,0,1,0,1,2024-12-12 13:20:00+05:30,2024-12-12 13:25:00+05:30,2024-12-12 14:05:00+05:30,297.85,296.5553571428572,300.18035714285713,-1.2946,L
S1486,WIPRO,2024-12-13 11:15:00+05:30,-0.1581,-0.286,0,,0.6938,23.08,-0.3722,0,0.6392,0.0,3,1,1,0,3,4,2024-12-13 11:30:00+05:30,2024-12-13 11:35:00+05:30,2024-12-13 13:00:00+05:30,292.9,290.8910714285714,296.5160714285714,3.6161,W
S1487,WIPRO,2024-12-13 11:40:00+05:30,-0.1343,-0.1565,0,,0.2664,53.33,0.1628,0,0.5875,,0,0,0,1,0,1,2024-12-13 11:40:00+05:30,2024-12-13 11:45:00+05:30,2024-12-13 12:55:00+05:30,292.6,290.5821428571429,296.23214285714283,3.6321,W
S1488,WIPRO,2024-12-16 09:15:00+05:30,,,0,,0.2503,35.71,-0.6296,0,2.3357,,0,0,0,1,0,1,2024-12-16 09:15:00+05:30,2024-12-16 09:20:00+05:30,2024-12-16 09:30:00+05:30,296.7,295.3517857142857,299.12678571428563,-1.3482,L
S1489,WIPRO,2024-12-16 09:45:00+05:30,-0.1284,,0,,0.9513,10.0,-0.7736,0,1.247,1.0,3,0,0,0,3,4,2024-12-16 10:00:00+05:30,2024-12-16 10:05:00+05:30,2024-12-16 11:10:00+05:30,295.95,294.2089285714286,299.08392857142854,-1.7411,L
S1490,WIPRO,2024-12-16 10:20:00+05:30,0.0093,-0.0684,0,,0.5606,33.33,-0.6954,0,0.3027,0.0,3,0,1,0,3,4,2024-12-16 10:35:00+05:30,2024-12-16 10:40:00+05:30,2024-12-16 11:55:00+05:30,295.9,293.7035714285714,299.8535714285714,-2.1964,L
S1491,WIPRO,2024-12-16 11:30:00+05:30,-0.0559,-0.0956,0,,1.7562,22.22,-0.7642,0,1.2357,1.0,3,1,1,0,3,4,2024-12-16 11:45:00+05:30,2024-12-16 11:50:00+05:30,2024-12-16 11:55:00+05:30,295.2,293.69107142857143,297.91607142857146,-1.5089,L
S1492,WIPRO,2024-12-16 11:55:00+05:30,-0.1136,-0.0695,0,,1.9223,50.0,-0.6981,0,2.3329,0.0,3,1,0,0,3,4,2024-12-16 12:10:00+05:30,2024-12-16 12:15:00+05:30,2024-12-16 15:00:00+05:30,294.9,293.1767857142857,298.0017857142857,-0.05,EOD-
S1493,WIPRO,2024-12-16 12:20:00+05:30,-0.0797,-0.1272,0,,0.1306,30.77,2.3333,0,1.0677,,0,1,1,1,0,1,2024-12-16 12:20:00+05:30,2024-12-16 12:25:00+05:30,2024-12-16 15:00:00+05:30,294.95,293.2267857142857,298.0517857142857,-0.1,EOD-
S1494,WIPRO,2024-12-16 12:30:00+05:30,-0.0602,-0.0942,0,,0.9074,25.0,-0.2653,0,1.4693,0.0,3,0,0,0,3,4,2024-12-16 12:45:00+05:30,2024-12-16 12:50:00+05:30,2024-12-16 15:00:00+05:30,294.55,292.8625,297.58750000000003,0.3,EOD+
S1495,WIPRO,2024-12-16 12:55:00+05:30,-0.0204,-0.0603,0,,0.2259,40.0,-0.6721,0,1.7343,,0,0,0,1,0,1,2024-12-16 12:55:00+05:30,2024-12-16 13:00:00+05:30,2024-12-16 15:00:00+05:30,294.6,292.9125,297.63750000000005,0.25,EOD+
S1496,WIPRO,2024-12-16 13:35:00+05:30,-0.0391,-0.0323,0,,1.358,72.73,-0.7938,0,1.0216,1.0,3,0,1,0,3,4,2024-12-16 13:50:00+05:30,2024-12-16 13:55:00+05:30,2024-12-16 15:00:00+05:30,294.6,293.2607142857143,297.0107142857144,0.25,EOD+
S1497,WIPRO,2024-12-17 09:55:00+05:30,0.0761,0.1269,0,,0.4188,0.0,-0.7203,0,0.5166,0.0,3,0,0,0,3,4,2024-12-17 10:10:00+05:30,2024-12-17 10:15:00+05:30,2024-12-17 15:00:00+05:30,295.8,293.6660714285714,299.6410714285715,-0.75,EOD-
S1498,WIPRO,2024-12-17 11:00:00+05:30,-0.094,-0.0923,0,,1.0033,80.0,-0.9225,0,0.5073,1.0,3,0,1,0,3,4,2024-12-17 11:15:00+05:30,2024-12-17 11:20:00+05:30,2024-12-17 15:00:00+05:30,294.85,293.24285714285713,297.74285714285725,0.2,EOD+
S1499,WIPRO,2024-12-17 11:25:00+05:30,-0.0933,-0.1119,0,,0.3602,81.82,-1.0,0,0.7871,1.0,1,0,0,0,1,2,2024-12-17 11:30:00+05:30,2024-12-17 11:35:00+05:30,2024-12-17 15:00:00+05:30,295.0,293.4732142857143,297.7482142857143,0.05,EOD+
S1500,WIPRO,2024-12-17 11:45:00+05:30,-0.0365,-0.0822,0,,0.6698,22.22,-0.6129,0,2.4587,1.0,3,0,0,0,3,4,2024-12-17 12:00:00+05:30,2024-12-17 12:05:00+05:30,2024-12-17 15:00:00+05:30,295.2,293.75357142857143,297.80357142857144,-0.15,EOD-
S1501,WIPRO,2024-12-17 13:25:00+05:30,0.0322,0.0525,0,,1.7041,53.85,-0.798,0,0.7283,0.0,3,1,1,0,3,4,2024-12-17 13:40:00+05:30,2024-12-17 13:45:00+05:30,2024-12-17 14:25:00+05:30,295.55,294.4607142857143,297.5107142857143,-1.0893,L
S1502,WIPRO,2024-12-18 09:15:00+05:30,,,0,,0.4882,74.67,0.1765,0,3.7852,,0,0,0,1,0,1,2024-12-18 09:15:00+05:30,2024-12-18 09:20:00+05:30,2024-12-18 15:00:00+05:30,298.05,296.30892857142857,301.1839285714286,0.75,EOD+
S1503,WIPRO,2024-12-18 10:15:00+05:30,0.1356,0.2276,11,11.0,0.3642,41.67,-0.7163,0,0.3622,1.0,1,0,1,0,1,2,2024-12-18 10:20:00+05:30,2024-12-18 10:25:00+05:30,2024-12-18 15:00:00+05:30,297.25,294.8303571428571,301.6053571428572,1.55,EOD+
S1504,WIPRO,2024-12-18 10:40:00+05:30,0.1749,0.1389,3,2.0,0.2792,44.44,0.4493,0,0.2986,,0,0,1,1,0,1,2024-12-18 10:40:00+05:30,2024-12-18 10:45:00+05:30,2024-12-18 15:00:00+05:30,297.45,295.9053571428571,300.23035714285714,1.35,EOD+
S1505,WIPRO,2024-12-18 11:05:00+05:30,-0.0185,0.1723,0,,1.335,11.11,-0.9251,0,1.0427,1.0,3,0,0,0,3,4,2024-12-18 11:20:00+05:30,2024-12-18 11:25:00+05:30,2024-12-18 15:00:00+05:30,297.25,296.0,299.5,1.55,EOD+
S1506,WIPRO,2024-12-18 12:35:00+05:30,0.073,0.0789,14,6.0,0.9333,58.33,-0.6154,0,1.5536,1.0,3,0,0,0,3,4,2024-12-18 12:50:00+05:30,2024-12-18 12:55:00+05:30,2024-12-18 15:00:00+05:30,298.1,297.05535714285713,299.9803571428572,0.7,EOD+
S1507,WIPRO,2024-12-18 13:20:00+05:30,0.0654,0.0981,5,2.0,0.0593,70.0,3.0,0,0.9872,,0,0,1,1,0,1,2024-12-18 13:20:00+05:30,2024-12-18 13:25:00+05:30,2024-12-18 15:00:00+05:30,298.65,297.59642857142853,300.5464285714285,0.15,EOD+
S1508,WIPRO,2024-12-18 13:50:00+05:30,0.0318,0.0427,5,5.0,0.4449,9.09,1.1333,0,1.6617,,0,0,0,1,0,1,2024-12-18 13:50:00+05:30,2024-12-18 13:55:00+05:30,2024-12-18 15:00:00+05:30,298.6,297.54642857142863,300.49642857142857,0.2,EOD+
S1509,WIPRO,2024-12-19 10:00:00+05:30,-0.4109,-0.5476,0,,0.9548,56.25,-0.6442,0,0.6582,1.0,3,0,0,0,3,4,2024-12-19 10:15:00+05:30,2024-12-19 10:20:00+05:30,2024-12-19 15:00:00+05:30,295.1,289.9482142857143,304.3732142857143,3.6,EOD+
S1510,WIPRO,2024-12-19 11:55:00+05:30,0.0768,0.141,0,,1.266,0.0,-0.9317,0,0.8123,1.0,3,0,1,0,3,4,2024-12-19 12:10:00+05:30,2024-12-19 12:15:00+05:30,2024-12-19 13:55:00+05:30,296.5,295.0535714285715,299.10357142857134,2.6036,W
S1511,WIPRO,2024-12-19 12:35:00+05:30,0.0498,0.0143,4,3.0,0.1326,78.95,-0.4444,0,1.0716,0.0,3,0,1,0,3,4,2024-12-19 12:50:00+05:30,2024-12-19 12:55:00+05:30,2024-12-19 15:00:00+05:30,296.35,294.65357142857147,299.4035714285714,2.35,EOD+
S1512,WIPRO,2024-12-19 13:05:00+05:30,0.0067,-0.0152,1,1.0,0.342,36.36,0.3084,0,0.7931,,0,0,1,1,0,1,2024-12-19 13:05:00+05:30,2024-12-19 13:10:00+05:30,2024-12-19 15:00:00+05:30,296.6,294.64464285714286,300.1196428571429,2.1,EOD+
S1513,WIPRO,2024-12-20 09:25:00+05:30,,,2,2.0,0.1486,6.45,6.2464,0,1.4819,,0,0,0,1,0,1,2024-12-20 09:25:00+05:30,2024-12-20 09:30:00+05:30,2024-12-20 09:45:00+05:30,300.3,297.3982142857143,305.5232142857143,-2.9018,L
S1514,WIPRO,2024-12-20 09:35:00+05:30,,,0,,0.7037,82.05,-0.6859,0,1.0333,,0,0,0,1,0,1,2024-12-20 09:35:00+05:30,2024-12-20 09:40:00+05:30,2024-12-20 09:55:00+05:30,300.05,296.65714285714284,306.1571428571429,-3.3929,L
S1515,WIPRO,2024-12-20 10:55:00+05:30,-0.1148,-0.0703,0,,0.6161,71.43,-0.8122,0,0.3243,1.0,3,1,1,0,3,4,2024-12-20 11:10:00+05:30,2024-12-20 11:15:00+05:30,2024-12-20 12:05:00+05:30,298.35,296.18928571428575,302.23928571428576,-2.1607,L
S1516,WIPRO,2024-12-20 11:20:00+05:30,-0.1797,-0.1854,0,,0.486,46.15,-1.0,0,0.8482,1.0,2,0,0,0,2,3,2024-12-20 11:30:00+05:30,2024-12-20 11:35:00+05:30,2024-12-20 12:15:00+05:30,297.75,295.7053571428572,301.43035714285713,-2.0446,L
S1517,WIPRO,2024-12-20 14:05:00+05:30,-0.2203,-0.333,0,,0.4943,50.0,-1.0,0,1.2089,1.0,3,0,0,0,3,4,2024-12-20 14:20:00+05:30,2024-12-20 14:25:00+05:30,2024-12-20 14:55:00+05:30,294.3,292.26428571428573,297.9642857142858,-2.0357,L
S1518,WIPRO,2024-12-23 09:15:00+05:30,,,0,,0.0176,86.67,-1.0,0,0.9373,,0,0,0,1,0,1,2024-12-23 09:15:00+05:30,2024-12-23 09:20:00+05:30,2024-12-23 10:15:00+05:30,295.7,292.8517857142857,300.82678571428573,-2.8482,L
S1519,WIPRO,2024-12-23 09:40:00+05:30,0.1073,,4,4.0,0.199,36.0,1.6316,0,0.171,,0,1,0,1,0,1,2024-12-23 09:40:00+05:30,2024-12-23 09:45:00+05:30,2024-12-23 15:00:00+05:30,294.5,290.9196428571429,300.94464285714287,-0.6,EOD-
S1520,WIPRO,2024-12-23 09:55:00+05:30,0.0239,0.1073,2,2.0,0.2111,26.67,0.8018,0,0.1518,,0,0,0,1,0,1,2024-12-23 09:55:00+05:30,2024-12-23 10:00:00+05:30,2024-12-23 15:00:00+05:30,293.85,290.56428571428575,299.76428571428573,0.05,EOD+
S1521,WIPRO,2024-12-23 10:35:00+05:30,0.0315,-0.0196,0,,1.3638,20.0,-0.8485,0,0.9195,1.0,3,0,0,0,3,4,2024-12-23 10:50:00+05:30,2024-12-23 10:55:00+05:30,2024-12-23 15:00:00+05:30,293.95,291.5303571428572,298.30535714285713,-0.05,EOD-
S1522,WIPRO,2024-12-23 13:30:00+05:30,-0.3142,-0.2958,0,,1.0404,25.0,-0.8765,0,0.6756,0.0,3,1,0,0,3,4,2024-12-23 13:45:00+05:30,2024-12-23 13:50:00+05:30,2024-12-23 15:00:00+05:30,293.4,291.4535714285714,296.9035714285714,0.5,EOD+
S1523,WIPRO,2024-12-23 13:55:00+05:30,-0.145,-0.2454,0,,0.4156,40.0,-0.2982,0,0.8646,0.0,2,0,1,0,2,3,2024-12-23 14:05:00+05:30,2024-12-23 14:10:00+05:30,2024-12-23 15:00:00+05:30,293.35,291.6357142857143,296.43571428571425,0.55,EOD+
S1524,WIPRO,2024-12-24 09:45:00+05:30,-0.0264,,0,,0.9212,33.33,-0.5395,0,0.5492,0.0,3,1,0,0,3,4,2024-12-24 10:00:00+05:30,2024-12-24 10:05:00+05:30,2024-12-24 12:10:00+05:30,293.8,291.7375,297.5125,-2.0625,L
S1525,WIPRO,2024-12-24 10:10:00+05:30,-0.0017,-0.0485,0,,0.123,38.46,0.4286,0,0.3816,,0,0,1,1,0,1,2024-12-24 10:10:00+05:30,2024-12-24 10:15:00+05:30,2024-12-24 12:15:00+05:30,293.75,291.6160714285714,297.59107142857147,-2.1339,L
S1526,WIPRO,2024-12-24 10:50:00+05:30,0.0221,0.0527,6,4.0,0.5593,23.08,-0.0968,0,0.7182,0.0,1,0,1,0,1,2,2024-12-24 10:55:00+05:30,2024-12-24 11:00:00+05:30,2024-12-24 12:05:00+05:30,294.25,292.5178571428571,297.3678571428572,-1.7321,L
S1527,WIPRO,2024-12-24 11:05:00+05:30,0.0298,0.0221,0,,0.1208,33.33,1.3529,0,0.3692,,0,0,1,1,0,1,2024-12-24 11:05:00+05:30,2024-12-24 11:10:00+05:30,2024-12-24 12:05:00+05:30,294.1,292.3410714285714,297.2660714285715,-1.7589,L
S1528,WIPRO,2024-12-26 09:45:00+05:30,0.2119,,6,6.0,0.1172,25.81,8.7297,0,1.1079,,0,0,0,1,0,1,2024-12-26 09:45:00+05:30,2024-12-26 09:50:00+05:30,2024-12-26 15:00:00+05:30,292.65,290.67678571428576,296.2017857142856,-1.2,EOD-
S1529,WIPRO,2024-12-26 09:55:00+05:30,0.2228,0.1957,1,1.0,0.142,13.33,4.5814,0,0.3677,,0,0,0,1,0,1,2024-12-26 09:55:00+05:30,2024-12-26 10:00:00+05:30,2024-12-26 15:00:00+05:30,292.2,290.3071428571429,295.6071428571428,-0.75,EOD-
S1530,WIPRO,2024-12-26 10:15:00+05:30,0.1601,0.2219,0,,1.0835,76.92,-0.9438,0,2.7248,1.0,3,1,1,0,3,4,2024-12-26 10:30:00+05:30,2024-12-26 10:35:00+05:30,2024-12-26 15:00:00+05:30,292.55,290.4964285714286,296.2464285714285,-1.1,EOD-
S1531,WIPRO,2024-12-26 10:40:00+05:30,0.0428,0.0736,0,,0.0765,92.0,0.5385,0,0.6157,,0,0,0,1,0,1,2024-12-26 10:40:00+05:30,2024-12-26 10:45:00+05:30,2024-12-26 15:00:00+05:30,292.0,289.87500000000006,295.82499999999993,-0.55,EOD-
S1532,WIPRO,2024-12-26 10:50:00+05:30,0.03,0.0505,0,,0.8026,50.0,-0.7744,0,0.5136,0.0,1,0,1,0,1,2,2024-12-26 10:55:00+05:30,2024-12-26 11:00:00+05:30,2024-12-26 15:00:00+05:30,292.45,290.37857142857143,296.17857142857133,-1.0,EOD-
S1533,WIPRO,2024-12-26 11:05:00+05:30,-0.0274,0.03,0,,0.171,20.0,0.4815,0,0.2735,,0,0,0,1,0,1,2024-12-26 11:05:00+05:30,2024-12-26 11:10:00+05:30,2024-12-26 15:00:00+05:30,292.15,290.1767857142857,295.7017857142856,-0.7,EOD-
S1534,WIPRO,2024-12-26 11:20:00+05:30,-0.0231,-0.0274,1,1.0,0.3836,61.54,-0.6667,0,0.6072,0.0,1,0,0,0,1,2,2024-12-26 11:25:00+05:30,2024-12-26 11:30:00+05:30,2024-12-26 15:00:00+05:30,292.1,290.1446428571429,295.6196428571429,-0.65,EOD-
S1535,WIPRO,2024-12-26 12:10:00+05:30,-0.0231,-0.0188,0,,1.943,33.33,-0.8653,0,0.8678,1.0,3,0,1,0,3,4,2024-12-26 12:25:00+05:30,2024-12-26 12:30:00+05:30,2024-12-26 13:05:00+05:30,292.1,291.1446428571429,293.81964285714287,-0.9554,L
S1536,WIPRO,2024-12-26 12:50:00+05:30,-0.0574,-0.054,0,,1.3356,0.0,-0.3976,0,1.7148,1.0,3,0,0,0,3,4,2024-12-26 13:05:00+05:30,2024-12-26 13:10:00+05:30,2024-12-26 15:00:00+05:30,291.55,290.7732142857143,292.9482142857143,-0.7768,L
S1537,WIPRO,2024-12-26 13:20:00+05:30,-0.024,-0.0635,1,1.0,0.1439,16.67,1.7273,0,0.6757,,0,0,0,1,0,1,2024-12-26 13:20:00+05:30,2024-12-26 13:25:00+05:30,2024-12-26 15:00:00+05:30,291.65,290.69464285714287,293.3696428571428,-0.2,EOD-
S1538,WIPRO,2024-12-26 13:30:00+05:30,-0.0086,-0.0412,0,,1.0333,60.0,-0.871,0,0.8537,0.0,2,0,0,0,2,3,2024-12-26 13:40:00+05:30,2024-12-26 13:45:00+05:30,2024-12-26 15:00:00+05:30,291.6,290.6625,293.2875,-0.15,EOD-
S1539,WIPRO,2024-12-26 14:00:00+05:30,-0.0017,-0.0009,0,,1.3471,12.5,-0.476,0,0.5364,0.0,3,0,1,0,3,4,2024-12-26 14:15:00+05:30,2024-12-26 14:20:00+05:30,2024-12-26 15:00:00+05:30,291.45,290.3875,293.3625,0.0,EOD-
S1540,WIPRO,2024-12-26 14:25:00+05:30,-0.0129,-0.0275,1,1.0,0.2267,0.0,0.7647,0,1.4235,,0,0,0,1,0,1,2024-12-26 14:25:00+05:30,2024-12-26 14:30:00+05:30,2024-12-26 15:00:00+05:30,291.5,290.5625,293.1875,-0.05,EOD-
S1541,WIPRO,2024-12-27 09:25:00+05:30,,,2,2.0,0.3053,37.5,0.8182,0,0.6409,,0,0,1,1,0,1,2024-12-27 09:25:00+05:30,2024-12-27 09:30:00+05:30,2024-12-27 10:15:00+05:30,291.85,289.8232142857144,295.49821428571425,3.6482,W
S1542,WIPRO,2024-12-27 09:35:00+05:30,,,0,,0.2324,73.68,-0.75,0,0.6224,,0,1,1,1,0,1,2024-12-27 09:35:00+05:30,2024-12-27 09:40:00+05:30,2024-12-27 10:20:00+05:30,292.4,290.2482142857143,296.27321428571423,3.8732,W
S1543,WIPRO,2024-12-27 11:35:00+05:30,0.2614,0.3287,23,4.0,0.0563,76.92,1.5,0,0.2961,,0,0,1,1,0,1,2024-12-27 11:35:00+05:30,2024-12-27 11:40:00+05:30,2024-12-27 15:00:00+05:30,295.55,293.7732142857143,298.7482142857144,-0.55,EOD-
S1544,WIPRO,2024-12-27 11:50:00+05:30,0.1767,0.2614,0,,0.5091,16.67,-0.6875,0,0.3778,0.0,3,0,1,0,3,4,2024-12-27 12:05:00+05:30,2024-12-27 12:10:00+05:30,2024-12-27 15:00:00+05:30,295.6,294.0285714285714,298.4285714285715,-0.6,EOD-
S1545,WIPRO,2024-12-27 12:15:00+05:30,-0.0169,0.0812,0,,0.4638,33.33,-0.6296,0,0.7212,1.0,1,0,1,0,1,2,2024-12-27 12:20:00+05:30,2024-12-27 12:25:00+05:30,2024-12-27 15:00:00+05:30,296.2,294.7446428571428,298.8196428571429,-1.2,EOD-
S1546,WIPRO,2024-12-27 12:30:00+05:30,0.022,-0.0169,0,,0.5404,76.92,-0.4286,0,1.4756,,0,0,1,1,0,1,2024-12-27 12:30:00+05:30,2024-12-27 12:35:00+05:30,2024-12-27 14:55:00+05:30,296.15,294.93571428571425,298.3357142857143,-1.2143,L
S1547,WIPRO,2024-12-27 12:40:00+05:30,0.0591,0.0161,1,1.0,0.0875,61.54,3.4444,0,0.6226,,0,0,0,1,0,1,2024-12-27 12:40:00+05:30,2024-12-27 12:45:00+05:30,2024-12-27 14:50:00+05:30,296.3,295.01428571428573,298.61428571428576,-1.2857,L
S1548,WIPRO,2024-12-27 13:05:00+05:30,0.0321,0.0558,4,2.0,0.3523,52.94,1.1053,0,0.7671,,0,0,0,1,0,1,2024-12-27 13:05:00+05:30,2024-12-27 13:10:00+05:30,2024-12-27 15:00:00+05:30,296.2,294.8517857142857,298.6267857142857,-1.2,EOD-
S1549,WIPRO,2024-12-27 13:15:00+05:30,0.0296,0.0507,1,1.0,0.2411,16.67,0.5385,0,0.3484,,0,0,1,1,0,1,2024-12-27 13:15:00+05:30,2024-12-27 13:20:00+05:30,2024-12-27 15:00:00+05:30,296.0,294.6517857142857,298.4267857142857,-1.0,EOD-
S1550,WIPRO,2024-12-27 13:25:00+05:30,0.0279,0.0186,0,,0.2257,40.0,-0.1837,0,0.3488,,0,0,1,1,0,1,2024-12-27 13:25:00+05:30,2024-12-27 13:30:00+05:30,2024-12-27 15:00:00+05:30,296.1,294.7428571428572,298.54285714285714,-1.1,EOD-
S1551,WIPRO,2024-12-27 13:35:00+05:30,0.0346,0.0312,0,,0.705,0.0,-0.8592,0,0.4495,1.0,1,0,0,0,1,2,2024-12-27 13:40:00+05:30,2024-12-27 13:45:00+05:30,2024-12-27 15:00:00+05:30,296.0,294.74107142857144,298.2660714285714,-1.0,EOD-
S1552,WIPRO,2024-12-27 13:50:00+05:30,0.0371,0.0346,0,,0.5293,57.14,-0.7849,0,0.5195,,0,0,1,1,0,1,2024-12-27 13:50:00+05:30,2024-12-27 13:55:00+05:30,2024-12-27 14:50:00+05:30,296.2,295.1017857142857,298.1767857142857,-1.0982,L
S1553,WIPRO,2024-12-27 14:00:00+05:30,0.038,0.0363,0,,0.0426,50.0,-1.0,0,0.801,,0,0,0,1,0,1,2024-12-27 14:00:00+05:30,2024-12-27 14:05:00+05:30,2024-12-27 14:25:00+05:30,296.3,295.2732142857143,298.1482142857143,-1.0268,L
S1554,WIPRO,2024-12-30 11:05:00+05:30,-0.2422,-0.3035,0,,0.8966,25.0,-0.7692,0,0.6816,1.0,3,0,1,0,3,4,2024-12-30 11:20:00+05:30,2024-12-30 11:25:00+05:30,2024-12-30 12:25:00+05:30,292.05,290.2375,295.3125,-1.8125,L
S1555,WIPRO,2024-12-30 11:30:00+05:30,-0.0325,-0.1747,0,,0.7365,42.31,-0.3069,0,3.4688,,0,0,0,1,0,1,2024-12-30 11:30:00+05:30,2024-12-30 11:35:00+05:30,2024-12-30 12:20:00+05:30,292.4,290.68571428571425,295.4857142857142,-1.7143,L
S1556,WIPRO,2024-12-30 14:10:00+05:30,-0.0491,-0.0998,0,,1.7192,71.43,-0.8697,0,1.4941,1.0,3,1,1,0,3,4,2024-12-30 14:25:00+05:30,2024-12-30 14:30:00+05:30,2024-12-30 14:50:00+05:30,290.55,289.4339285714286,292.55892857142857,2.0089,W
S1557,WIPRO,2024-12-31 10:35:00+05:30,-0.5666,-0.7044,0,,0.7395,21.43,-0.7191,0,1.554,1.0,3,1,0,0,3,4,2024-12-31 10:50:00+05:30,2024-12-31 10:55:00+05:30,2024-12-31 15:00:00+05:30,285.35,282.34107142857147,290.7660714285715,3.6,EOD+
S1558,WIPRO,2024-12-31 11:00:00+05:30,-0.3501,-0.4677,0,,0.0849,25.0,-0.4595,0,0.3428,0.0,1,0,1,0,1,2,2024-12-31 11:05:00+05:30,2024-12-31 11:10:00+05:30,2024-12-31 15:00:00+05:30,285.6,282.87678571428575,290.50178571428575,3.35,EOD+
S1559,WIPRO,2024-12-31 14:30:00+05:30,0.1405,0.1935,40,4.0,0.149,63.64,1.4242,0,0.7124,,0,1,1,1,0,1,2024-12-31 14:30:00+05:30,2024-12-31 14:35:00+05:30,2024-12-31 15:00:00+05:30,288.5,287.11607142857144,290.99107142857144,0.45,EOD+
